datetime,timestamp,open,high,low,close,volume,open_interest,funding_rate
2025-01-01 00:00:00+00:00,1735700400000,702.13,710.93,701.44,705.54,80779.86,558758.07,0.0
2025-01-01 04:00:00+00:00,1735714800000,705.53,706.57,703.3,703.63,33142.39,559632.13,0.0
2025-01-01 08:00:00+00:00,1735729200000,703.64,709.0,700.02,707.32,81349.63,561592.68,0.0
2025-01-01 12:00:00+00:00,1735743600000,707.31,710.0,705.5,707.81,87045.37,555672.15,0.0
2025-01-01 16:00:00+00:00,1735758000000,707.8,708.08,702.83,707.2,61117.69,555667.69,-3.84e-06
2025-01-01 20:00:00+00:00,1735772400000,707.18,708.63,706.12,707.43,42594.69,554225.18,-0.00017095
2025-01-02 00:00:00+00:00,1735786800000,707.42,707.45,698.04,702.03,169952.18,557492.6,0.0
2025-01-02 04:00:00+00:00,1735801200000,702.03,709.61,701.52,706.68,111706.73999999999,557072.9,0.0
2025-01-02 08:00:00+00:00,1735815600000,706.68,715.99,706.44,713.0,135982.15,558401.56,0.0
2025-01-02 12:00:00+00:00,1735830000000,713.0,714.41,703.25,704.58,155743.05,558637.97,0.0
2025-01-02 16:00:00+00:00,1735844400000,704.58,708.88,701.53,704.63,119353.72,554749.0,0.0
2025-01-02 20:00:00+00:00,1735858800000,704.64,706.83,703.14,706.11,40452.19,551617.2,0.0
2025-01-03 00:00:00+00:00,1735873200000,706.11,706.75,701.01,705.08,83169.19,557746.27,0.0
2025-01-03 04:00:00+00:00,1735887600000,705.08,707.0,700.13,700.6,79159.63,555565.15,0.0
2025-01-03 08:00:00+00:00,1735902000000,700.61,705.4,696.46,705.21,119906.94,552017.83,0.0
2025-01-03 12:00:00+00:00,1735916400000,705.21,710.94,703.14,710.07,136174.25,555019.19,0.0
2025-01-03 16:00:00+00:00,1735930800000,710.08,716.32,708.61,713.55,166800.39,551187.31,0.0
2025-01-03 20:00:00+00:00,1735945200000,713.55,715.9,710.09,715.22,85668.17,556144.08,0.0
2025-01-04 00:00:00+00:00,1735959600000,715.23,721.97,714.21,719.66,133545.0,560456.45,0.0
2025-01-04 04:00:00+00:00,1735974000000,719.67,720.71,716.68,718.11,60838.27,556014.62,0.0
2025-01-04 08:00:00+00:00,1735988400000,718.12,718.42,713.04,714.35,67249.73,555355.67,0.0
2025-01-04 12:00:00+00:00,1736002800000,714.34,717.7,707.61,709.35,132393.13,540742.44,0.0
2025-01-04 16:00:00+00:00,1736017200000,709.35,713.2,709.23,711.85,56503.25,541177.01,0.0
2025-01-04 20:00:00+00:00,1736031600000,711.86,714.76,711.8,713.38,53177.590000000004,540493.12,0.0
2025-01-05 00:00:00+00:00,1736046000000,713.38,713.56,709.24,712.42,48635.86,540757.41,0.0
2025-01-05 04:00:00+00:00,1736060400000,712.43,714.0,710.5,712.54,32474.82,540804.63,0.0
2025-01-05 08:00:00+00:00,1736074800000,712.54,712.54,704.61,708.13,104785.40999999999,538017.41,0.0
2025-01-05 12:00:00+00:00,1736089200000,708.13,709.37,702.48,708.21,83665.6,541955.34,0.0
2025-01-05 16:00:00+00:00,1736103600000,708.21,708.9,703.14,705.97,47680.479999999996,546952.3,0.0
2025-01-05 20:00:00+00:00,1736118000000,705.97,710.14,705.53,709.28,42050.270000000004,544648.99,0.0
2025-01-06 00:00:00+00:00,1736132400000,709.28,716.53,706.06,712.61,104675.97,543792.82,0.0
2025-01-06 04:00:00+00:00,1736146800000,712.61,716.41,711.22,714.54,74184.98,543181.78,0.0
2025-01-06 08:00:00+00:00,1736161200000,714.54,719.92,710.83,718.74,127720.68000000001,548426.35,0.0
2025-01-06 12:00:00+00:00,1736175600000,718.74,725.93,713.48,725.93,192096.39,544237.97,0.0
2025-01-06 16:00:00+00:00,1736190000000,725.92,736.21,722.0,732.68,231281.03,558099.1,0.0
2025-01-06 20:00:00+00:00,1736204400000,732.68,746.0,728.73,729.81,312712.27,580289.31,9.183e-05
2025-01-07 00:00:00+00:00,1736218800000,729.82,732.0,725.59,728.96,123608.04,572635.86,0.0
2025-01-07 04:00:00+00:00,1736233200000,728.95,732.98,726.68,729.97,90274.02,577678.06,0.0
2025-01-07 08:00:00+00:00,1736247600000,729.97,731.2,721.6,726.11,117230.61,572913.28,-6.16e-06
2025-01-07 12:00:00+00:00,1736262000000,726.12,726.24,698.76,707.76,424283.42000000004,570050.61,-6.949e-05
2025-01-07 16:00:00+00:00,1736276400000,707.75,711.11,693.2,695.67,247628.16,591871.75,-0.00052225
2025-01-07 20:00:00+00:00,1736290800000,695.67,697.59,689.5,697.16,150735.26,586563.98,-0.00097361
2025-01-08 00:00:00+00:00,1736305200000,697.16,706.82,694.11,696.79,171183.5,573625.44,-0.00041179
2025-01-08 04:00:00+00:00,1736319600000,696.79,698.41,681.07,693.54,230044.4,556271.62,-0.00038843
2025-01-08 08:00:00+00:00,1736334000000,693.54,702.98,692.8,695.59,167771.56,550788.4,-0.00044079
2025-01-08 12:00:00+00:00,1736348400000,695.6,700.14,690.03,693.16,140044.98,552467.87,-5.489e-05
2025-01-08 16:00:00+00:00,1736362800000,693.16,695.35,673.76,689.0,281772.1,549293.05,-0.0002231
2025-01-08 20:00:00+00:00,1736377200000,689.01,696.83,686.01,695.49,76310.66,546141.47,-0.00020263
2025-01-09 00:00:00+00:00,1736391600000,695.49,700.79,693.3,695.81,103761.98999999999,546119.57,-9.725e-05
2025-01-09 04:00:00+00:00,1736406000000,695.8,700.55,689.07,690.29,94440.76000000001,549779.47,-2.644e-05
2025-01-09 08:00:00+00:00,1736420400000,690.28,701.32,688.2,699.52,137814.77000000002,547268.18,-1.132e-05
2025-01-09 12:00:00+00:00,1736434800000,699.52,701.24,680.52,696.58,285158.1,543037.94,-5.941e-05
2025-01-09 16:00:00+00:00,1736449200000,696.58,696.69,679.01,679.3,170906.18,544606.31,-0.00027829
2025-01-09 20:00:00+00:00,1736463600000,679.3,688.0,673.7,684.89,143517.72,541675.17,-0.00046477
2025-01-10 00:00:00+00:00,1736478000000,684.89,689.11,682.6,687.28,74493.47,540619.64,-0.00028322
2025-01-10 04:00:00+00:00,1736492400000,687.27,696.5,686.84,695.17,72810.70000000001,541097.41,-0.00028153
2025-01-10 08:00:00+00:00,1736506800000,695.17,698.31,694.28,696.63,80686.25,535862.12,-0.00010353
2025-01-10 12:00:00+00:00,1736521200000,696.63,696.82,685.2,692.88,236379.81,530576.11,0.0
2025-01-10 16:00:00+00:00,1736535600000,692.88,700.84,689.0,694.32,147540.83000000002,536436.09,0.0
2025-01-10 20:00:00+00:00,1736550000000,694.31,694.52,690.19,693.04,54695.770000000004,535541.27,0.0
2025-01-11 00:00:00+00:00,1736564400000,693.03,693.61,690.2,691.51,36164.59,536597.63,0.0
2025-01-11 04:00:00+00:00,1736578800000,691.52,695.04,690.5,695.0,38371.0,539665.85,0.0
2025-01-11 08:00:00+00:00,1736593200000,695.01,697.99,693.11,697.23,57970.06,543766.39,0.0
2025-01-11 12:00:00+00:00,1736607600000,697.22,697.72,694.36,695.15,38244.37,543789.1,0.0
2025-01-11 16:00:00+00:00,1736622000000,695.16,696.89,693.33,696.83,37683.34,543225.93,0.0
2025-01-11 20:00:00+00:00,1736636400000,696.82,701.28,696.3,696.42,59683.18,544184.66,0.0
2025-01-12 00:00:00+00:00,1736650800000,696.42,698.56,694.74,695.75,36272.7,544576.2,0.0
2025-01-12 04:00:00+00:00,1736665200000,695.75,696.85,692.26,693.9,31242.340000000004,543003.36,0.0
2025-01-12 08:00:00+00:00,1736679600000,693.89,694.41,689.46,690.74,54319.97,541297.45,-8.5e-06
2025-01-12 12:00:00+00:00,1736694000000,690.74,695.0,689.64,694.75,56007.97,538055.24,-5.644e-05
2025-01-12 16:00:00+00:00,1736708400000,694.75,696.6,693.06,695.85,40768.14,537361.72,0.0
2025-01-12 20:00:00+00:00,1736722800000,695.85,697.45,689.71,692.96,50987.68,538521.25,0.0
2025-01-13 00:00:00+00:00,1736737200000,692.96,700.0,683.44,685.28,131062.22,543045.1,-5.208e-05
2025-01-13 04:00:00+00:00,1736751600000,685.29,689.42,676.79,682.07,131887.68,542286.98,-0.00038994
2025-01-13 08:00:00+00:00,1736766000000,682.06,682.06,659.94,660.22,244828.6,538210.19,-0.00071641
2025-01-13 12:00:00+00:00,1736780400000,660.21,678.67,656.84,676.68,326047.1,537322.94,-0.00056407
2025-01-13 16:00:00+00:00,1736794800000,676.67,678.68,665.68,672.34,143852.18,537393.49,-0.00026621
2025-01-13 20:00:00+00:00,1736809200000,672.32,688.58,670.71,688.41,142623.78,534735.15,0.0
2025-01-14 00:00:00+00:00,1736823600000,688.4,692.35,686.0,691.82,80680.59,534184.95,0.0
2025-01-14 04:00:00+00:00,1736838000000,691.82,692.85,687.16,688.96,58884.11,534195.68,0.0
2025-01-14 08:00:00+00:00,1736852400000,688.96,697.56,688.95,694.4,105908.70999999999,534949.21,0.0
2025-01-14 12:00:00+00:00,1736866800000,694.4,698.8,691.2,694.91,115360.57,540168.69,0.0
2025-01-14 16:00:00+00:00,1736881200000,694.91,700.0,693.03,698.21,79078.28,543044.27,0.0
2025-01-14 20:00:00+00:00,1736895600000,698.2,700.19,696.0,698.84,45038.31,541494.5,0.0
2025-01-15 00:00:00+00:00,1736910000000,698.88,703.2,696.36,701.2,105426.58,542334.84,0.0
2025-01-15 04:00:00+00:00,1736924400000,701.21,702.71,698.46,699.75,49921.95,540373.3,0.0
2025-01-15 08:00:00+00:00,1736938800000,699.75,701.08,689.55,692.38,111858.58,531190.13,0.0
2025-01-15 12:00:00+00:00,1736953200000,692.38,706.74,688.43,703.95,252816.51,523058.26,0.0
2025-01-15 16:00:00+00:00,1736967600000,703.95,708.71,699.13,708.16,113396.01000000001,520518.9,0.0
2025-01-15 20:00:00+00:00,1736982000000,708.16,714.73,707.33,714.38,132718.65,527144.41,0.0
2025-01-16 00:00:00+00:00,1736996400000,714.37,715.26,706.42,709.0,110266.61,536204.69,0.0
2025-01-16 04:00:00+00:00,1737010800000,709.01,714.33,708.43,711.63,55627.880000000005,541284.94,0.0
2025-01-16 08:00:00+00:00,1737025200000,711.63,713.63,703.24,713.56,120229.57,538865.23,0.0
2025-01-16 12:00:00+00:00,1737039600000,713.55,717.75,700.62,709.71,226312.33,537570.3,0.0
2025-01-16 16:00:00+00:00,1737054000000,709.7,716.1,709.03,714.89,89572.88,539575.66,0.0
2025-01-16 20:00:00+00:00,1737068400000,714.88,716.2,706.92,708.05,74593.11,533667.55,0.0
2025-01-17 00:00:00+00:00,1737082800000,708.06,718.12,708.05,714.82,107162.91,540680.47,0.0
2025-01-17 04:00:00+00:00,1737097200000,714.82,719.0,713.72,714.87,65276.59,541216.47,3.508e-05
2025-01-17 08:00:00+00:00,1737111600000,714.87,726.01,714.8,725.36,116128.56,548293.75,0.0
2025-01-17 12:00:00+00:00,1737126000000,725.36,729.36,719.6,720.59,154460.28999999998,540314.17,0.0
2025-01-17 16:00:00+00:00,1737140400000,720.59,726.63,718.8,722.93,87206.44,539489.93,0.0
2025-01-17 20:00:00+00:00,1737154800000,722.92,730.61,720.27,722.09,119319.37,542470.59,0.0
2025-01-18 00:00:00+00:00,1737169200000,722.09,723.63,706.06,708.0,141741.29,544513.7,0.0
2025-01-18 04:00:00+00:00,1737183600000,708.0,709.42,696.67,700.17,196246.0,532734.53,0.0
2025-01-18 08:00:00+00:00,1737198000000,700.17,703.0,694.88,701.93,126695.61,530702.43,0.0
2025-01-18 12:00:00+00:00,1737212400000,701.93,707.19,699.86,703.83,106416.20999999999,524780.58,0.0
2025-01-18 16:00:00+00:00,1737226800000,703.82,706.17,695.79,705.93,117008.84,526840.56,0.0
2025-01-18 20:00:00+00:00,1737241200000,705.94,711.68,702.28,709.91,72699.15,521791.37,0.0
2025-01-19 00:00:00+00:00,1737255600000,709.91,715.26,709.25,710.67,91127.22,523217.92,0.00011379
2025-01-19 04:00:00+00:00,1737270000000,710.67,710.96,704.47,705.65,103924.53,522824.43,0.00013984
2025-01-19 08:00:00+00:00,1737284400000,705.65,705.65,681.66,683.51,341626.25,534163.65,9.033e-05
2025-01-19 12:00:00+00:00,1737298800000,683.52,701.31,682.5,698.21,232498.27,525550.26,7.851e-05
2025-01-19 16:00:00+00:00,1737313200000,698.22,707.98,696.19,707.89,119389.23000000001,520311.61,0.00017813
2025-01-19 20:00:00+00:00,1737327600000,707.89,708.51,676.01,683.39,449028.22000000003,524506.18,3.32e-05
2025-01-20 00:00:00+00:00,1737342000000,683.39,690.0,674.33,687.28,316306.27,527609.34,0.0
2025-01-20 04:00:00+00:00,1737356400000,687.28,709.99,685.14,699.13,305484.42,530978.94,0.00012033
2025-01-20 08:00:00+00:00,1737370800000,699.15,702.18,694.23,698.54,123052.97,522814.91,0.0001027
2025-01-20 12:00:00+00:00,1737385200000,698.55,698.75,686.24,688.75,231004.66999999998,523622.35,0.00010734
2025-01-20 16:00:00+00:00,1737399600000,688.76,692.51,670.0,686.24,332329.83,529877.1,3.023e-05
2025-01-20 20:00:00+00:00,1737414000000,686.25,686.34,676.65,682.84,101537.31,536422.49,8.49e-06
2025-01-21 00:00:00+00:00,1737428400000,682.83,685.41,675.31,682.95,139530.44,543262.81,9.66e-05
2025-01-21 04:00:00+00:00,1737442800000,682.95,684.18,677.81,682.73,78058.07,544983.23,5.412e-05
2025-01-21 08:00:00+00:00,1737457200000,682.73,691.93,680.92,689.79,91137.17,539383.06,5.658e-05
2025-01-21 12:00:00+00:00,1737471600000,689.8,692.54,683.5,687.69,145630.51,532774.7,9.61e-05
2025-01-21 16:00:00+00:00,1737486000000,687.68,697.66,687.0,695.33,142871.77,527073.58,6.711e-05
2025-01-21 20:00:00+00:00,1737500400000,695.33,696.22,689.95,692.54,68092.69,525949.78,0.00011414
2025-01-22 00:00:00+00:00,1737514800000,692.55,696.32,690.15,695.98,54251.09,526654.19,6.476e-05
2025-01-22 04:00:00+00:00,1737529200000,695.98,704.23,695.1,697.61,124407.15,520957.59,0.0
2025-01-22 08:00:00+00:00,1737543600000,697.62,701.25,694.73,700.21,69598.49,525069.46,0.0
2025-01-22 12:00:00+00:00,1737558000000,700.21,701.15,692.47,693.38,93654.81,521659.74,0.0
2025-01-22 16:00:00+00:00,1737572400000,693.37,697.36,690.81,696.37,73206.5,519613.34,5.803e-05
2025-01-22 20:00:00+00:00,1737586800000,696.37,699.78,693.19,695.95,56673.69,520797.96,7.196e-05
2025-01-23 00:00:00+00:00,1737601200000,695.96,698.11,687.95,688.97,91387.78,519804.1,1.006e-05
2025-01-23 04:00:00+00:00,1737615600000,688.98,689.37,683.37,687.83,84277.41,523429.09,3.72e-06
2025-01-23 08:00:00+00:00,1737630000000,687.83,688.29,683.09,685.92,63685.229999999996,524234.51,0.0
2025-01-23 12:00:00+00:00,1737644400000,685.92,692.4,681.15,688.7,188362.37,519576.78,0.0
2025-01-23 16:00:00+00:00,1737658800000,688.69,693.23,681.75,682.77,106375.86,515571.79,0.0
2025-01-23 20:00:00+00:00,1737673200000,682.76,691.99,680.2,690.12,157634.0,514929.4,0.0
2025-01-24 00:00:00+00:00,1737687600000,690.13,691.18,679.08,682.78,82032.20999999999,519071.46,0.0
2025-01-24 04:00:00+00:00,1737702000000,682.79,691.74,681.09,687.05,120775.08,525516.98,8.377e-05
2025-01-24 08:00:00+00:00,1737716400000,687.04,690.92,686.17,689.44,62429.63,528248.94,6.989e-05
2025-01-24 12:00:00+00:00,1737730800000,689.44,690.28,683.07,685.65,91850.07,523361.5,0.0
2025-01-24 16:00:00+00:00,1737745200000,685.65,687.86,683.44,684.18,57320.46,527217.63,0.0
2025-01-24 20:00:00+00:00,1737759600000,684.18,684.6,678.66,680.46,84770.01000000001,543445.64,0.0
2025-01-25 00:00:00+00:00,1737774000000,680.46,684.54,677.61,684.32,67868.84,543240.42,0.0
2025-01-25 04:00:00+00:00,1737788400000,684.33,685.1,682.0,682.22,46590.05,544097.88,0.0
2025-01-25 08:00:00+00:00,1737802800000,682.23,685.83,681.33,685.5,40866.0,542577.13,1.972e-05
2025-01-25 12:00:00+00:00,1737817200000,685.51,688.75,684.33,687.77,46977.92,541716.5,8.603e-05
2025-01-25 16:00:00+00:00,1737831600000,687.78,689.1,686.32,688.96,37129.72,539200.97,0.00010302
2025-01-25 20:00:00+00:00,1737846000000,688.96,690.08,686.24,686.74,43015.19,535373.51,7.465e-05
2025-01-26 00:00:00+00:00,1737860400000,686.74,690.98,686.7,690.14,42443.58,535581.9,9.147e-05
2025-01-26 04:00:00+00:00,1737874800000,690.14,691.36,688.77,689.91,31861.73,532166.94,0.0
2025-01-26 08:00:00+00:00,1737889200000,689.91,690.39,684.75,685.63,64110.73,532636.19,0.0
2025-01-26 12:00:00+00:00,1737903600000,685.64,686.52,683.7,685.15,35201.31,532749.83,0.0
2025-01-26 16:00:00+00:00,1737918000000,685.14,685.75,683.23,684.18,40228.88,526612.11,0.0
2025-01-26 20:00:00+00:00,1737932400000,684.19,684.69,664.14,666.64,208321.41999999998,558942.62,0.0
2025-01-27 00:00:00+00:00,1737946800000,666.64,669.7,654.0,661.49,239630.91999999998,562882.48,-0.00021376
2025-01-27 04:00:00+00:00,1737961200000,661.5,661.5,635.98,646.84,289250.27,569506.1,-0.00011759
2025-01-27 08:00:00+00:00,1737975600000,646.84,654.36,640.6,651.07,162591.23,573745.64,-8.185e-05
2025-01-27 12:00:00+00:00,1737990000000,651.07,667.82,651.06,664.54,186881.74,564304.53,0.0
2025-01-27 16:00:00+00:00,1738004400000,664.55,667.8,657.14,665.18,132060.24,558573.77,0.0
2025-01-27 20:00:00+00:00,1738018800000,665.18,680.96,665.15,680.16,174884.66999999998,543565.33,0.0
2025-01-28 00:00:00+00:00,1738033200000,680.17,682.16,676.15,679.63,75514.87,541697.64,0.0
2025-01-28 04:00:00+00:00,1738047600000,679.64,683.25,677.69,677.83,79988.63,536690.39,0.0
2025-01-28 08:00:00+00:00,1738062000000,677.82,678.17,673.44,675.31,61597.729999999996,538818.1,0.0
2025-01-28 12:00:00+00:00,1738076400000,675.32,676.88,669.13,673.1,161120.18,528116.7,0.0
2025-01-28 16:00:00+00:00,1738090800000,673.09,674.55,666.71,670.04,80687.79000000001,523683.19,0.0
2025-01-28 20:00:00+00:00,1738105200000,670.06,670.39,659.13,661.08,113975.34,528478.89,0.0
2025-01-29 00:00:00+00:00,1738119600000,661.07,675.43,661.0,674.54,75935.42,521383.91,0.0
2025-01-29 04:00:00+00:00,1738134000000,674.54,679.35,673.89,674.63,142236.41999999998,501787.44,0.0
2025-01-29 08:00:00+00:00,1738148400000,674.61,675.92,668.91,670.43,74194.33,499957.06,0.0
2025-01-29 12:00:00+00:00,1738162800000,670.43,671.07,663.15,664.53,72487.92,505892.54,0.0
2025-01-29 16:00:00+00:00,1738177200000,664.54,671.5,659.22,668.38,133848.03999999998,505608.25,0.0
2025-01-29 20:00:00+00:00,1738191600000,668.38,674.58,664.4,667.94,94367.77,507568.23,0.0
2025-01-30 00:00:00+00:00,1738206000000,667.93,676.28,665.8,675.73,66771.47,502434.31,0.0
2025-01-30 04:00:00+00:00,1738220400000,675.71,679.93,674.29,677.13,97475.02,504691.52,0.0
2025-01-30 08:00:00+00:00,1738234800000,677.14,679.45,676.2,678.75,47319.06,507192.28,0.0
2025-01-30 12:00:00+00:00,1738249200000,678.75,683.21,677.09,680.69,107628.26000000001,497465.45,0.0
2025-01-30 16:00:00+00:00,1738263600000,680.69,682.28,678.81,680.59,41571.98,497616.15,0.0
2025-01-30 20:00:00+00:00,1738278000000,680.59,681.2,677.5,677.87,37072.96,497117.91,0.0
2025-01-31 00:00:00+00:00,1738292400000,677.88,679.24,673.71,676.03,49985.47,495520.98,0.0
2025-01-31 04:00:00+00:00,1738306800000,676.03,681.1,674.19,677.78,49746.05,495784.98,0.0
2025-01-31 08:00:00+00:00,1738321200000,677.79,683.64,676.89,683.57,58399.11,499054.5,2.257e-05
2025-01-31 12:00:00+00:00,1738335600000,683.58,689.1,682.09,688.97,94820.9,491231.42,0.0
2025-01-31 16:00:00+00:00,1738350000000,688.98,689.53,677.39,679.39,101682.45999999999,491811.01,0.0
2025-01-31 20:00:00+00:00,1738364400000,679.38,679.55,674.0,677.79,76155.42,487808.61,0.0
2025-02-01 00:00:00+00:00,1738378800000,677.79,681.86,676.83,677.64,41777.92,488951.68,0.0
2025-02-01 04:00:00+00:00,1738393200000,677.65,679.26,674.17,674.53,37392.770000000004,491394.68,6.065e-05
2025-02-01 08:00:00+00:00,1738407600000,674.52,675.25,668.73,671.79,67763.87,495466.43,0.0
2025-02-01 12:00:00+00:00,1738422000000,671.8,673.33,666.12,668.46,55220.06,497854.96,0.0
2025-02-01 16:00:00+00:00,1738436400000,668.46,669.75,659.97,661.23,78183.25,496538.77,0.0
2025-02-01 20:00:00+00:00,1738450800000,661.23,662.33,650.43,652.83,119140.36,503362.94,0.0
2025-02-02 00:00:00+00:00,1738465200000,652.83,663.05,648.83,649.69,139073.32,505100.63,0.0
2025-02-02 04:00:00+00:00,1738479600000,649.69,659.33,649.13,653.55,123678.18,516701.22,0.0
2025-02-02 08:00:00+00:00,1738494000000,653.55,658.3,645.95,646.9,93916.49,520405.33,0.0
2025-02-02 12:00:00+00:00,1738508400000,646.9,651.73,640.0,645.72,117092.98,520732.49,0.0
2025-02-02 16:00:00+00:00,1738522800000,645.71,645.83,609.19,624.2,502299.27,514595.07,0.0
2025-02-02 20:00:00+00:00,1738537200000,624.21,629.76,598.71,617.69,289825.3,507484.42,0.0
2025-02-03 00:00:00+00:00,1738551600000,617.69,618.74,499.04,552.83,1246667.14,491381.06,0.0
2025-02-03 04:00:00+00:00,1738566000000,552.87,578.34,541.33,577.56,320823.58,499002.49,0.0
2025-02-03 08:00:00+00:00,1738580400000,577.56,582.2,566.12,575.91,229254.6,500701.18,0.0
2025-02-03 12:00:00+00:00,1738594800000,575.92,592.68,557.29,588.39,446184.37,494948.03,0.0
2025-02-03 16:00:00+00:00,1738609200000,588.38,611.32,586.04,610.78,303381.98,503437.77,0.0
2025-02-03 20:00:00+00:00,1738623600000,610.79,618.66,597.96,616.76,185693.36,490234.15,0.0
2025-02-04 00:00:00+00:00,1738638000000,616.76,618.74,600.16,601.67,163811.68,491717.47,0.0
2025-02-04 04:00:00+00:00,1738652400000,601.68,605.52,567.92,568.94,373658.53,498284.69,0.0
2025-02-04 08:00:00+00:00,1738666800000,568.93,586.92,564.24,582.99,202897.24,504334.97,0.0
2025-02-04 12:00:00+00:00,1738681200000,583.0,591.08,574.56,582.27,234716.97,507414.79,0.0
2025-02-04 16:00:00+00:00,1738695600000,582.27,588.07,575.32,575.45,132256.51,508009.37,0.0
2025-02-04 20:00:00+00:00,1738710000000,575.45,578.37,558.05,572.81,291325.25,511300.54,0.0
2025-02-05 00:00:00+00:00,1738724400000,572.81,577.21,567.52,574.83,101866.69,512746.26,0.0
2025-02-05 04:00:00+00:00,1738738800000,574.82,579.9,570.51,573.63,93370.67,525714.79,0.0
2025-02-05 08:00:00+00:00,1738753200000,573.63,575.73,568.12,574.8,77138.53,527074.61,0.0
2025-02-05 12:00:00+00:00,1738767600000,574.8,578.4,569.28,570.16,115415.68,522177.99,0.0
2025-02-05 16:00:00+00:00,1738782000000,570.15,571.61,560.93,570.29,160069.24,521339.41,0.0
2025-02-05 20:00:00+00:00,1738796400000,570.29,572.16,565.0,569.42,73755.8,518138.28,0.0
2025-02-06 00:00:00+00:00,1738810800000,569.42,578.38,568.76,576.1,84489.19,520730.14,0.0
2025-02-06 04:00:00+00:00,1738825200000,576.1,581.83,575.61,578.98,62847.91,522240.12,0.0
2025-02-06 08:00:00+00:00,1738839600000,578.98,581.25,575.14,578.64,79733.32,515806.7,0.0
2025-02-06 12:00:00+00:00,1738854000000,578.64,589.27,568.98,571.92,312919.28,499425.21,-1.062e-05
2025-02-06 16:00:00+00:00,1738868400000,571.92,579.62,571.14,574.55,146643.9,502892.87,-0.00010579
2025-02-06 20:00:00+00:00,1738882800000,574.56,581.77,570.29,571.47,95321.61,498896.49,-7.629e-05
2025-02-07 00:00:00+00:00,1738897200000,571.5,582.36,570.92,579.22,77739.03,499100.71,-5.93e-05
2025-02-07 04:00:00+00:00,1738911600000,579.23,582.97,572.93,581.27,77875.2,497009.54,-9.634e-05
2025-02-07 08:00:00+00:00,1738926000000,581.28,587.96,579.81,584.09,89431.11,494930.08,-3.141e-05
2025-02-07 12:00:00+00:00,1738940400000,584.08,589.76,579.23,582.61,166615.31,487771.97,0.0
2025-02-07 16:00:00+00:00,1738954800000,582.62,586.45,579.31,581.23,93771.51,492262.03,0.0
2025-02-07 20:00:00+00:00,1738969200000,581.22,581.39,570.06,577.42,96682.1,492197.1,0.0
2025-02-08 00:00:00+00:00,1738983600000,577.42,580.08,573.36,576.59,61395.88,489144.16,0.0
2025-02-08 04:00:00+00:00,1738998000000,576.6,580.85,576.25,579.69,47578.520000000004,492077.32,0.0
2025-02-08 08:00:00+00:00,1739012400000,579.7,582.78,577.33,582.58,40863.16,494944.74,0.0
2025-02-08 12:00:00+00:00,1739026800000,582.58,606.43,582.19,596.36,349968.92,497460.78,0.0
2025-02-08 16:00:00+00:00,1739041200000,596.36,631.8,595.69,624.74,427973.81,501427.04,-0.00030366
2025-02-08 20:00:00+00:00,1739055600000,624.74,633.0,612.0,612.27,186043.88,496538.56,-5.13e-05
2025-02-09 00:00:00+00:00,1739070000000,612.27,617.77,610.01,615.74,132480.44,495977.33,-2.69e-05
2025-02-09 04:00:00+00:00,1739084400000,615.74,637.0,610.36,636.1,349300.3,509107.76,-0.00034436
2025-02-09 08:00:00+00:00,1739098800000,636.09,646.87,627.62,629.46,578497.47,511736.28,-0.00055094
2025-02-09 12:00:00+00:00,1739113200000,629.48,631.0,617.91,623.86,356621.54000000004,493744.44,-4.202e-05
2025-02-09 16:00:00+00:00,1739127600000,623.86,627.92,615.04,617.32,134632.2,487627.35,-4.676e-05
2025-02-09 20:00:00+00:00,1739142000000,617.31,620.55,602.25,615.36,197990.2,482697.07,0.0
2025-02-10 00:00:00+00:00,1739156400000,615.36,622.28,596.0,606.43,348399.65,477730.32,0.0
2025-02-10 04:00:00+00:00,1739170800000,606.43,613.02,605.02,607.84,129911.43,482164.02,0.0
2025-02-10 08:00:00+00:00,1739185200000,607.84,610.19,600.31,606.06,144803.5,472793.41,0.0
2025-02-10 12:00:00+00:00,1739199600000,606.05,609.8,601.46,602.95,141856.57,469415.93,0.0
2025-02-10 16:00:00+00:00,1739214000000,602.96,615.8,602.59,611.92,207430.11,472016.95,0.0
2025-02-10 20:00:00+00:00,1739228400000,611.93,618.81,609.7,618.38,75716.35,474678.54,0.0
2025-02-11 00:00:00+00:00,1739242800000,618.39,626.4,614.79,621.87,155302.77,471038.22,0.0
2025-02-11 04:00:00+00:00,1739257200000,621.86,644.76,620.0,636.61,378531.61,484919.54,0.0
2025-02-11 08:00:00+00:00,1739271600000,636.65,646.55,636.61,643.32,199208.23,484547.31,0.0
2025-02-11 12:00:00+00:00,1739286000000,643.32,643.78,628.93,637.54,272791.19,479369.17,0.0
2025-02-11 16:00:00+00:00,1739300400000,637.52,637.54,625.32,627.97,179862.27000000002,483949.08,0.0
2025-02-11 20:00:00+00:00,1739314800000,627.96,646.43,627.14,641.58,184844.94,486840.95,-0.00014794
2025-02-12 00:00:00+00:00,1739329200000,641.57,647.23,631.03,631.61,147990.01,491983.35,-0.00011102
2025-02-12 04:00:00+00:00,1739343600000,631.6,639.49,626.29,636.77,147821.03,480836.39,0.0
2025-02-12 08:00:00+00:00,1739358000000,636.77,653.5,636.31,645.97,273131.84,497960.96,0.0
2025-02-12 12:00:00+00:00,1739372400000,645.96,663.2,632.41,658.53,574520.98,522340.07,0.0
2025-02-12 16:00:00+00:00,1739386800000,658.54,692.44,654.5,691.82,620891.1799999999,548662.57,-0.00021613
2025-02-12 20:00:00+00:00,1739401200000,691.83,706.0,691.39,696.76,439119.83999999997,580052.6,0.0
2025-02-13 00:00:00+00:00,1739415600000,696.77,724.54,694.75,716.68,524538.2,600379.21,0.0
2025-02-13 04:00:00+00:00,1739430000000,716.76,721.53,700.0,705.66,370500.02,604841.63,0.0
2025-02-13 08:00:00+00:00,1739444400000,705.66,711.5,694.52,710.07,345490.02,619465.37,-1.459e-05
2025-02-13 12:00:00+00:00,1739458800000,710.09,730.95,683.96,703.78,1678756.44,621762.5,-0.00054322
2025-02-13 16:00:00+00:00,1739473200000,703.77,707.19,659.3,667.23,1220069.04,562306.48,-8.961e-05
2025-02-13 20:00:00+00:00,1739487600000,667.24,679.59,664.19,664.35,185804.94,543710.48,0.0
2025-02-14 00:00:00+00:00,1739502000000,664.35,684.25,660.27,682.59,248338.97999999998,539643.63,-3.185e-05
2025-02-14 04:00:00+00:00,1739516400000,682.56,684.37,665.6,668.4,212052.96,544918.5,0.0
2025-02-14 08:00:00+00:00,1739530800000,668.41,678.47,661.38,663.75,344443.4,541181.65,0.0
2025-02-14 12:00:00+00:00,1739545200000,663.75,669.48,659.27,664.63,237213.63,537352.73,-5.231e-05
2025-02-14 16:00:00+00:00,1739559600000,664.64,673.8,661.46,668.42,271649.91000000003,535305.72,-4.748e-05
2025-02-14 20:00:00+00:00,1739574000000,668.42,669.58,651.05,659.42,220740.66999999998,531772.3,-0.00010645
2025-02-15 00:00:00+00:00,1739588400000,659.41,663.84,653.24,660.79,101652.61,530963.01,0.0
2025-02-15 04:00:00+00:00,1739602800000,660.78,661.97,655.38,657.28,127264.40000000001,530942.3,0.0
2025-02-15 08:00:00+00:00,1739617200000,657.27,660.13,653.35,657.92,109547.41,531552.67,0.0
2025-02-15 12:00:00+00:00,1739631600000,657.91,666.19,656.2,665.95,155672.91,530990.31,-8.37e-05
2025-02-15 16:00:00+00:00,1739646000000,665.95,671.23,661.31,661.68,171317.66999999998,525959.96,0.0
2025-02-15 20:00:00+00:00,1739660400000,661.69,663.74,656.59,661.76,88576.73,524153.3,0.0
2025-02-16 00:00:00+00:00,1739674800000,661.77,665.32,655.2,659.68,90940.88,523873.49,-3.415e-05
2025-02-16 04:00:00+00:00,1739689200000,659.69,661.93,653.58,654.17,93669.73,526343.7,-4.157e-05
2025-02-16 08:00:00+00:00,1739703600000,654.16,670.24,653.01,668.7,225209.65000000002,532533.41,-0.00016878
2025-02-16 12:00:00+00:00,1739718000000,668.71,684.5,662.13,680.67,355966.92000000004,537128.83,-0.00035334
2025-02-16 16:00:00+00:00,1739732400000,680.7,680.74,669.41,675.52,169384.07,526657.86,-0.00020541
2025-02-16 20:00:00+00:00,1739746800000,675.52,680.52,672.56,672.65,118459.62,521819.84,-0.00014489
2025-02-17 00:00:00+00:00,1739761200000,672.65,678.01,668.5,672.16,115141.69,520309.15,-4.834e-05
2025-02-17 04:00:00+00:00,1739775600000,672.15,677.5,665.1,669.81,165877.25,519587.44,0.0
2025-02-17 08:00:00+00:00,1739790000000,669.82,673.65,665.43,672.22,187980.77000000002,517461.13,-2.045e-05
2025-02-17 12:00:00+00:00,1739804400000,672.19,681.85,667.9,669.85,233429.6,510488.09,-0.00017994
2025-02-17 16:00:00+00:00,1739818800000,669.79,672.76,657.04,662.07,207119.33,499123.71,-0.00021119
2025-02-17 20:00:00+00:00,1739833200000,662.06,670.64,661.57,667.12,85330.13,498366.54,-4.785e-05
2025-02-18 00:00:00+00:00,1739847600000,667.12,667.91,662.04,665.23,68967.52,501024.08,0.0
2025-02-18 04:00:00+00:00,1739862000000,665.22,666.13,644.2,650.95,239521.57,507604.87,-7.162e-05
2025-02-18 08:00:00+00:00,1739876400000,650.95,656.22,642.53,655.07,184588.42,508405.0,-6.548e-05
2025-02-18 12:00:00+00:00,1739890800000,655.07,662.2,646.0,647.83,241048.43,511596.42,-7.663e-05
2025-02-18 16:00:00+00:00,1739905200000,647.83,651.6,629.74,640.86,305818.89,513016.98,0.0
2025-02-18 20:00:00+00:00,1739919600000,640.86,648.15,639.0,648.04,90305.63,510603.02,0.0
2025-02-19 00:00:00+00:00,1739934000000,648.06,650.5,637.28,649.91,159666.75,522756.79,0.0
2025-02-19 04:00:00+00:00,1739948400000,649.9,656.62,645.85,654.48,144329.43,517957.05,0.0
2025-02-19 08:00:00+00:00,1739962800000,654.47,659.64,648.35,658.68,192790.84,505195.54,-0.0002442
2025-02-19 12:00:00+00:00,1739977200000,658.68,664.41,648.5,652.04,215745.38,505188.56,-0.00018511
2025-02-19 16:00:00+00:00,1739991600000,652.04,657.14,647.49,650.63,142878.76,505565.81,-5.073e-05
2025-02-19 20:00:00+00:00,1740006000000,650.63,654.8,649.0,653.11,113081.03,508000.68,0.0
2025-02-20 00:00:00+00:00,1740020400000,653.11,654.96,648.12,653.45,156108.16999999998,509191.18,0.0
2025-02-20 04:00:00+00:00,1740034800000,653.46,655.11,646.0,648.46,106549.14,513799.65,-2.058e-05
2025-02-20 08:00:00+00:00,1740049200000,648.46,650.74,646.73,647.97,68521.2,509229.47,-5.25e-05
2025-02-20 12:00:00+00:00,1740063600000,647.97,653.8,645.37,647.59,138882.09,500566.12,-0.00010898
2025-02-20 16:00:00+00:00,1740078000000,647.59,657.52,647.18,656.1,108063.23000000001,493358.38,0.0
2025-02-20 20:00:00+00:00,1740092400000,656.1,658.94,653.31,655.94,84895.48000000001,490921.67,0.0
2025-02-21 00:00:00+00:00,1740106800000,655.95,657.06,650.52,650.97,70739.87,487671.45,-1.824e-05
2025-02-21 04:00:00+00:00,1740121200000,650.97,655.26,650.19,655.19,61914.630000000005,488568.1,-0.00011692
2025-02-21 08:00:00+00:00,1740135600000,655.18,664.77,654.42,661.44,162914.88,488941.62,-0.00021847
2025-02-21 12:00:00+00:00,1740150000000,661.45,667.71,648.14,657.27,289660.95999999996,480311.74,-0.00040529
2025-02-21 16:00:00+00:00,1740164400000,657.26,662.33,633.95,638.63,309266.92,494123.27,-0.00058098
2025-02-21 20:00:00+00:00,1740178800000,638.62,647.18,638.05,647.11,113836.61,493089.68,-0.00036429
2025-02-22 00:00:00+00:00,1740193200000,647.1,651.43,644.75,649.8,77621.27,489240.44,-0.0002518
2025-02-22 04:00:00+00:00,1740207600000,649.81,659.74,649.12,654.5,97989.86,485033.25,-9.293e-05
2025-02-22 08:00:00+00:00,1740222000000,654.5,658.5,652.97,655.79,59579.57,481845.03,-5.252e-05
2025-02-22 12:00:00+00:00,1740236400000,655.79,658.9,654.01,657.96,59957.03,481439.12,-8.452e-05
2025-02-22 16:00:00+00:00,1740250800000,657.94,679.72,657.67,675.2,569633.27,500096.92,0.0
2025-02-22 20:00:00+00:00,1740265200000,675.2,678.04,666.67,668.13,123039.11,495802.18,-7.341e-05
2025-02-23 00:00:00+00:00,1740279600000,668.13,670.72,665.04,665.44,73582.01,495283.83,-9.606e-05
2025-02-23 04:00:00+00:00,1740294000000,665.44,668.13,664.0,666.4,70289.16,489863.35,-0.00020698
2025-02-23 08:00:00+00:00,1740308400000,666.39,666.73,658.25,658.8,87596.93,490576.81,-0.00027844
2025-02-23 12:00:00+00:00,1740322800000,658.81,658.85,648.03,648.26,135595.28,490679.58,-8.488e-05
2025-02-23 16:00:00+00:00,1740337200000,648.26,654.07,648.07,653.65,79859.29000000001,487228.79,-0.0004245
2025-02-23 20:00:00+00:00,1740351600000,653.64,658.65,651.71,657.65,61985.15,484051.62,-0.00052406
2025-02-24 00:00:00+00:00,1740366000000,657.65,658.79,642.79,644.41,112920.67,485232.55,-0.00028641
2025-02-24 04:00:00+00:00,1740380400000,644.42,646.21,636.72,644.21,134418.4,482937.81,-0.0001076
2025-02-24 08:00:00+00:00,1740394800000,644.21,644.49,635.51,639.96,134094.73,487458.33,-4.234e-05
2025-02-24 12:00:00+00:00,1740409200000,639.95,643.65,630.23,635.09,171423.7,492889.04,0.0
2025-02-24 16:00:00+00:00,1740423600000,635.1,639.64,621.75,627.94,148520.71999999997,488843.16,-6.977e-05
2025-02-24 20:00:00+00:00,1740438000000,627.94,634.53,610.0,614.06,303477.47000000003,490725.79,-1.622e-05
2025-02-25 00:00:00+00:00,1740452400000,614.06,621.26,604.04,606.64,299024.6,493420.87,0.0
2025-02-25 04:00:00+00:00,1740466800000,606.64,612.71,585.71,599.15,413028.35,496625.62,0.0
2025-02-25 08:00:00+00:00,1740481200000,599.16,613.89,593.76,610.87,346865.74,494976.18,0.0
2025-02-25 12:00:00+00:00,1740495600000,610.87,616.42,600.33,608.65,248091.09999999998,494333.32,-2.882e-05
2025-02-25 16:00:00+00:00,1740510000000,608.68,619.81,604.3,619.3,168482.04,489302.23,-0.00010906
2025-02-25 20:00:00+00:00,1740524400000,619.3,627.6,617.35,622.87,143447.6,488361.76,-0.00033841
2025-02-26 00:00:00+00:00,1740538800000,622.87,631.47,622.19,629.76,109379.91,490932.99,-0.00047652
2025-02-26 04:00:00+00:00,1740553200000,629.76,630.44,620.81,623.14,100539.51,489410.2,-0.00017811
2025-02-26 08:00:00+00:00,1740567600000,623.15,630.32,619.04,623.86,87373.13,491885.13,-0.000339
2025-02-26 12:00:00+00:00,1740582000000,623.87,625.67,609.01,623.54,247823.86,492369.39,-3.69e-05
2025-02-26 16:00:00+00:00,1740596400000,623.54,625.01,595.28,601.6,296246.69,500063.09,0.0
2025-02-26 20:00:00+00:00,1740610800000,601.61,617.96,593.79,611.5,235044.29,492226.17,0.0
2025-02-27 00:00:00+00:00,1740625200000,611.51,616.14,605.93,613.07,106100.23,496529.83,0.0
2025-02-27 04:00:00+00:00,1740639600000,613.05,619.46,608.33,617.46,172213.9,502221.46,0.0
2025-02-27 08:00:00+00:00,1740654000000,617.45,618.15,610.52,611.61,114241.03,503747.13,0.0
2025-02-27 12:00:00+00:00,1740668400000,611.62,612.46,600.01,606.18,173591.38,508647.83,0.0
2025-02-27 16:00:00+00:00,1740682800000,606.18,609.31,602.0,604.83,102269.88,507611.66,-5.916e-05
2025-02-27 20:00:00+00:00,1740697200000,604.84,606.76,595.3,605.19,111166.34,508858.37,-4.567e-05
2025-02-28 00:00:00+00:00,1740711600000,605.19,606.23,571.63,572.81,466016.55,501374.88,-6.606e-05
2025-02-28 04:00:00+00:00,1740726000000,572.82,578.1,564.01,566.81,319029.72,500992.17,-6.51e-06
2025-02-28 08:00:00+00:00,1740740400000,566.81,578.85,559.56,570.88,231967.95,499641.5,-1.239e-05
2025-02-28 12:00:00+00:00,1740754800000,570.88,593.41,567.52,588.18,218629.11,489555.04,-0.00010603
2025-02-28 16:00:00+00:00,1740769200000,588.18,592.47,584.31,587.39,131722.69,486020.26,-0.00013178
2025-02-28 20:00:00+00:00,1740783600000,587.38,588.69,583.56,587.82,89722.75,488150.07,0.0
2025-03-01 00:00:00+00:00,1740798000000,587.83,598.22,586.13,591.74,143538.12,492771.52,0.0
2025-03-01 04:00:00+00:00,1740812400000,591.74,596.78,591.48,595.44,103458.23,489336.0,-0.00018016
2025-03-01 08:00:00+00:00,1740826800000,595.45,596.3,590.64,591.02,104832.25,487625.79,-0.00029553
2025-03-01 12:00:00+00:00,1740841200000,591.03,604.68,590.4,603.86,151326.94,488804.59,-0.00036417
2025-03-01 16:00:00+00:00,1740855600000,603.86,608.51,602.17,604.56,129173.19,491027.96,-0.0003829
2025-03-01 20:00:00+00:00,1740870000000,604.55,608.99,603.46,607.28,57103.04,485995.86,-0.00025444
2025-03-02 00:00:00+00:00,1740884400000,607.27,610.79,605.4,606.77,73207.78,484777.46,-0.00020418
2025-03-02 04:00:00+00:00,1740898800000,606.78,611.49,606.77,610.2,56061.6,487587.69,-1.869e-05
2025-03-02 08:00:00+00:00,1740913200000,610.21,611.0,606.6,607.86,62707.42,487203.25,0.0
2025-03-02 12:00:00+00:00,1740927600000,607.87,618.68,601.41,613.03,206947.21999999997,485810.13,0.0
2025-03-02 16:00:00+00:00,1740942000000,613.05,634.5,612.04,625.33,450497.08,480058.72,0.0
2025-03-02 20:00:00+00:00,1740956400000,625.33,627.09,615.26,623.53,163499.82,488937.34,0.0
2025-03-03 00:00:00+00:00,1740970800000,623.54,623.89,607.38,611.05,202565.34,485110.55,0.0
2025-03-03 04:00:00+00:00,1740985200000,611.04,613.62,597.14,607.1,148202.93,483512.83,0.0
2025-03-03 08:00:00+00:00,1740999600000,607.1,607.13,595.22,602.78,144090.3,482097.24,-0.00024092
2025-03-03 12:00:00+00:00,1741014000000,602.78,607.34,586.0,591.4,233675.87,480798.9,-0.00027563
2025-03-03 16:00:00+00:00,1741028400000,591.4,597.51,571.0,572.64,257584.93,485010.05,-0.00023904
2025-03-03 20:00:00+00:00,1741042800000,572.65,579.53,567.0,575.72,162405.82,483915.57,-0.00018927
2025-03-04 00:00:00+00:00,1741057200000,575.73,579.88,545.51,560.24,372105.96,498232.2,-0.00024678
2025-03-04 04:00:00+00:00,1741071600000,560.24,567.59,558.57,564.77,119781.15,496817.23,-5.688e-05
2025-03-04 08:00:00+00:00,1741086000000,564.78,571.98,563.25,570.83,128424.89,494224.94,-1.72e-05
2025-03-04 12:00:00+00:00,1741100400000,570.83,579.5,561.75,570.64,268075.37,486988.39,0.0
2025-03-04 16:00:00+00:00,1741114800000,570.64,583.49,554.8,583.35,247620.22999999998,478403.67,0.0
2025-03-04 20:00:00+00:00,1741129200000,583.35,588.28,578.14,583.8,122449.78,473021.3,0.0
2025-03-05 00:00:00+00:00,1741143600000,583.8,591.48,580.4,585.48,110309.56,465759.54,-2.795e-05
2025-03-05 04:00:00+00:00,1741158000000,585.5,593.58,585.29,592.83,72676.71,463063.35,-9.91e-05
2025-03-05 08:00:00+00:00,1741172400000,592.83,605.48,592.64,598.38,171325.31,463994.54,-0.00021472
2025-03-05 12:00:00+00:00,1741186800000,598.39,599.5,589.31,590.91,127578.15,464174.66,0.0
2025-03-05 16:00:00+00:00,1741201200000,590.92,597.16,587.42,594.72,98265.7,467295.73,0.0
2025-03-05 20:00:00+00:00,1741215600000,594.73,598.87,594.22,597.93,45915.86,469399.54,0.0
2025-03-06 00:00:00+00:00,1741230000000,597.92,605.72,596.54,601.63,88156.67,471917.03,0.0
2025-03-06 04:00:00+00:00,1741244400000,601.62,611.82,601.62,604.71,180754.51,475077.39,0.0
2025-03-06 08:00:00+00:00,1741258800000,604.72,605.76,599.51,603.6,68946.57,474318.82,0.0
2025-03-06 12:00:00+00:00,1741273200000,603.61,604.0,594.0,600.11,118416.06,471850.75,0.0
2025-03-06 16:00:00+00:00,1741287600000,600.11,601.02,589.09,593.4,97690.08,472737.85,0.0
2025-03-06 20:00:00+00:00,1741302000000,593.4,601.13,593.0,596.27,67349.5,474923.44,0.0
2025-03-07 00:00:00+00:00,1741316400000,596.28,600.09,577.04,593.84,247456.87,478530.94,0.0
2025-03-07 04:00:00+00:00,1741330800000,593.83,603.26,593.43,599.35,120206.94,480755.89,0.0
2025-03-07 08:00:00+00:00,1741345200000,599.36,602.64,597.97,599.76,64835.59,482364.24,0.0
2025-03-07 12:00:00+00:00,1741359600000,599.76,610.36,597.55,604.08,186000.44,483658.93,0.0
2025-03-07 16:00:00+00:00,1741374000000,604.08,606.0,596.73,599.97,123212.91,487108.42,0.0
2025-03-07 20:00:00+00:00,1741388400000,599.98,601.62,589.79,594.53,113723.78,485693.49,0.0
2025-03-08 00:00:00+00:00,1741402800000,594.53,596.96,589.89,596.24,62265.22,490421.28,0.0
2025-03-08 04:00:00+00:00,1741417200000,596.24,599.91,595.43,596.85,77844.79000000001,492988.35,0.0
2025-03-08 08:00:00+00:00,1741431600000,596.86,598.5,592.44,594.07,41591.509999999995,492243.76,0.0
2025-03-08 12:00:00+00:00,1741446000000,594.06,599.7,593.08,599.57,56823.22,495673.61,0.0
2025-03-08 16:00:00+00:00,1741460400000,599.57,602.48,595.36,598.11,63116.770000000004,493391.97,0.0
2025-03-08 20:00:00+00:00,1741474800000,598.1,598.7,592.78,592.8,42283.91,492196.93,0.0
2025-03-09 00:00:00+00:00,1741489200000,592.8,592.81,586.23,588.14,68653.92,486770.26,-3.789e-05
2025-03-09 04:00:00+00:00,1741503600000,588.13,588.45,583.44,585.72,56165.23,487119.46,-0.00010029
2025-03-09 08:00:00+00:00,1741518000000,585.71,586.18,575.02,578.0,101631.25,492044.33,-5.042e-05
2025-03-09 12:00:00+00:00,1741532400000,578.0,578.7,565.71,566.47,153674.32,495146.73,-3.136e-05
2025-03-09 16:00:00+00:00,1741546800000,566.47,570.36,549.67,560.15,277827.96,494517.69,-0.00011213
2025-03-09 20:00:00+00:00,1741561200000,560.15,563.01,549.84,554.4,105912.6,490531.18,-0.00010788
2025-03-10 00:00:00+00:00,1741575600000,554.41,562.94,549.55,560.46,147799.37,498017.95,0.0
2025-03-10 04:00:00+00:00,1741590000000,560.47,566.69,560.12,564.38,60948.57000000001,495773.64,0.0
2025-03-10 08:00:00+00:00,1741604400000,564.39,573.33,558.62,567.22,159257.12,489755.96,0.0
2025-03-10 12:00:00+00:00,1741618800000,567.23,569.76,541.33,550.07,267321.1,494192.64,0.0
2025-03-10 16:00:00+00:00,1741633200000,550.08,550.89,522.71,537.53,360657.37,498864.8,0.0
2025-03-10 20:00:00+00:00,1741647600000,537.53,541.07,530.56,531.25,107599.82,504366.4,-6.362e-05
2025-03-11 00:00:00+00:00,1741662000000,531.29,538.42,506.47,532.97,365055.75,501350.45,-4.928e-05
2025-03-11 04:00:00+00:00,1741676400000,532.98,557.82,532.32,557.42,184314.98,504621.92,-5.77e-05
2025-03-11 08:00:00+00:00,1741690800000,557.41,565.24,546.48,548.13,500034.31,512829.52,-0.00058325
2025-03-11 12:00:00+00:00,1741705200000,548.14,554.87,537.1,548.96,307487.94,510489.46,0.0
2025-03-11 16:00:00+00:00,1741719600000,548.93,561.14,545.04,555.76,161031.11000000002,499007.07,0.0
2025-03-11 20:00:00+00:00,1741734000000,555.76,557.31,550.89,551.47,63484.23,496532.82,0.0
2025-03-12 00:00:00+00:00,1741748400000,551.48,556.85,546.02,546.61,94490.29000000001,499859.04,0.0
2025-03-12 04:00:00+00:00,1741762800000,546.62,555.94,544.0,555.43,123770.93,495746.97,-1.423e-05
2025-03-12 08:00:00+00:00,1741777200000,555.44,560.32,553.98,558.82,103344.19,493924.18,0.0
2025-03-12 12:00:00+00:00,1741791600000,558.83,575.0,548.08,552.33,572005.56,513989.1,0.0
2025-03-12 16:00:00+00:00,1741806000000,552.33,567.6,551.4,566.42,130659.28,503660.15,0.0
2025-03-12 20:00:00+00:00,1741820400000,566.41,574.84,566.04,569.75,103701.95999999999,511301.21,0.0
2025-03-13 00:00:00+00:00,1741834800000,569.76,577.57,567.72,577.15,109496.1,516294.57,0.0
2025-03-13 04:00:00+00:00,1741849200000,577.16,582.08,573.66,578.03,146318.39,526451.17,0.0
2025-03-13 08:00:00+00:00,1741863600000,578.04,582.99,572.85,578.52,141929.13,528128.49,0.0
2025-03-13 12:00:00+00:00,1741878000000,578.52,620.0,575.61,581.08,1372433.3499999999,531311.61,0.0
2025-03-13 16:00:00+00:00,1741892400000,581.08,583.29,571.46,577.02,159811.13,536731.69,0.0
2025-03-13 20:00:00+00:00,1741906800000,577.05,579.5,571.04,579.45,85144.06999999999,533596.61,0.0
2025-03-14 00:00:00+00:00,1741921200000,579.45,584.42,577.33,582.47,107535.15,529679.52,-0.00013737
2025-03-14 04:00:00+00:00,1741935600000,582.48,586.78,576.32,576.41,87920.76,529998.31,-4.749e-05
2025-03-14 08:00:00+00:00,1741950000000,576.4,580.74,576.4,578.25,80619.98,526587.42,-9.317e-05
2025-03-14 12:00:00+00:00,1741964400000,578.25,588.65,577.29,584.31,170909.62,517261.17,-1.536e-05
2025-03-14 16:00:00+00:00,1741978800000,584.31,589.16,581.5,587.84,83844.67,513008.61,-4.9e-05
2025-03-14 20:00:00+00:00,1741993200000,587.83,589.44,584.65,587.56,51682.3,510530.25,-2.952e-05
2025-03-15 00:00:00+00:00,1742007600000,587.55,594.24,587.41,592.81,89760.65,512797.6,-1.154e-05
2025-03-15 04:00:00+00:00,1742022000000,592.82,595.0,589.24,590.56,63041.64,510276.86,-8.47e-06
2025-03-15 08:00:00+00:00,1742036400000,590.56,597.87,590.56,595.66,66359.11,515673.83,0.0
2025-03-15 12:00:00+00:00,1742050800000,595.67,603.48,595.1,603.11,102208.22,525333.75,0.0
2025-03-15 16:00:00+00:00,1742065200000,603.12,616.46,602.06,611.38,225375.47999999998,532508.14,0.0
2025-03-15 20:00:00+00:00,1742079600000,611.39,619.65,611.37,619.62,99139.91,534803.4,0.0
2025-03-16 00:00:00+00:00,1742094000000,619.61,622.93,606.9,609.56,170862.57,538107.19,0.0
2025-03-16 04:00:00+00:00,1742108400000,609.57,609.78,604.32,604.78,82744.84,531451.8,0.0
2025-03-16 08:00:00+00:00,1742122800000,604.78,608.11,592.9,595.03,184577.69,539837.9,0.0
2025-03-16 12:00:00+00:00,1742137200000,595.03,603.26,594.19,600.47,181432.22,534175.41,0.0
2025-03-16 16:00:00+00:00,1742151600000,600.47,607.08,595.21,598.6,141978.19,524390.93,0.0
2025-03-16 20:00:00+00:00,1742166000000,598.6,603.39,597.06,602.14,64559.82000000001,523043.63,0.0
2025-03-17 00:00:00+00:00,1742180400000,602.14,629.58,602.01,625.68,306880.33999999997,554218.16,0.0
2025-03-17 04:00:00+00:00,1742194800000,625.67,633.99,621.43,629.57,337628.5,584947.77,0.0
2025-03-17 08:00:00+00:00,1742209200000,629.57,643.59,628.42,630.94,407303.83999999997,610378.97,0.0
2025-03-17 12:00:00+00:00,1742223600000,630.93,635.49,624.53,630.0,334282.18,606531.01,0.0
2025-03-17 16:00:00+00:00,1742238000000,629.99,631.57,624.64,627.81,156334.35,596094.24,0.0
2025-03-17 20:00:00+00:00,1742252400000,627.81,632.62,621.69,631.39,148949.49,588453.33,-3.764e-05
2025-03-18 00:00:00+00:00,1742266800000,631.38,636.8,619.94,628.13,247170.96000000002,585496.38,0.0
2025-03-18 04:00:00+00:00,1742281200000,628.12,637.38,627.91,633.16,214879.37,600316.77,0.0
2025-03-18 08:00:00+00:00,1742295600000,633.16,643.37,629.0,630.93,324603.14,593323.43,0.0
2025-03-18 12:00:00+00:00,1742310000000,630.93,634.01,621.74,627.08,267330.88,584202.8,0.0
2025-03-18 16:00:00+00:00,1742324400000,627.08,635.39,626.62,631.84,144466.48,576122.8,0.0
2025-03-18 20:00:00+00:00,1742338800000,631.82,632.84,626.28,627.42,97273.85,563017.38,-0.00010585
2025-03-19 00:00:00+00:00,1742353200000,627.41,627.8,612.38,618.26,223760.1,552776.5,-0.00010232
2025-03-19 04:00:00+00:00,1742367600000,618.26,619.58,615.0,615.24,97269.12,548594.17,-0.00010292
2025-03-19 08:00:00+00:00,1742382000000,615.24,621.7,612.31,616.88,224044.16999999998,534282.84,-0.00016618
2025-03-19 12:00:00+00:00,1742396400000,616.87,617.44,604.28,609.5,333831.98,530333.64,-0.00015182
2025-03-19 16:00:00+00:00,1742410800000,609.51,622.22,606.96,615.05,349005.94,520066.83,-0.00028705
2025-03-19 20:00:00+00:00,1742425200000,615.05,620.64,612.0,618.02,115701.47,526660.41,-0.0004731
2025-03-20 00:00:00+00:00,1742439600000,618.02,628.0,616.7,624.42,237924.24,532328.58,-0.00029565
2025-03-20 04:00:00+00:00,1742454000000,624.42,629.4,623.12,623.82,128642.67,534681.3,-5.86e-06
2025-03-20 08:00:00+00:00,1742468400000,623.82,637.3,620.1,625.07,672570.3400000001,585690.25,-0.00077367
2025-03-20 12:00:00+00:00,1742482800000,625.08,629.63,621.06,624.04,276623.66000000003,540431.69,-0.00012553
2025-03-20 16:00:00+00:00,1742497200000,624.03,627.98,616.02,626.67,165427.24,534246.8,-6.44e-05
2025-03-20 20:00:00+00:00,1742511600000,626.67,632.18,624.61,629.92,106479.62,542586.47,-0.00031228
2025-03-21 00:00:00+00:00,1742526000000,629.91,631.28,626.0,629.14,109933.78,543543.83,-0.00048514
2025-03-21 04:00:00+00:00,1742540400000,629.14,633.83,628.11,628.95,120611.01,549772.94,-0.0005532
2025-03-21 08:00:00+00:00,1742554800000,628.95,635.55,624.09,634.7,172906.24,565529.16,-0.0003295
2025-03-21 12:00:00+00:00,1742569200000,634.7,637.01,629.91,633.77,157895.39,575609.74,-0.00034252
2025-03-21 16:00:00+00:00,1742583600000,633.78,636.86,630.95,634.66,102304.07999999999,570565.04,-0.00025458
2025-03-21 20:00:00+00:00,1742598000000,634.66,635.72,631.06,634.64,62840.020000000004,566250.02,-0.00033621
2025-03-22 00:00:00+00:00,1742612400000,634.63,635.5,628.28,629.88,88546.09,560916.66,-0.00039142
2025-03-22 04:00:00+00:00,1742626800000,629.87,632.96,627.21,630.59,89171.66,557965.46,-0.00033117
2025-03-22 08:00:00+00:00,1742641200000,630.58,632.45,624.97,627.06,95507.34999999999,557235.29,-0.00043785
2025-03-22 12:00:00+00:00,1742655600000,627.06,628.46,623.22,625.22,86934.72,552707.75,-0.00037541
2025-03-22 16:00:00+00:00,1742670000000,625.21,626.5,623.35,625.54,44188.75,552493.33,-0.00035782
2025-03-22 20:00:00+00:00,1742684400000,625.55,628.59,624.03,626.5,62512.41,553670.12,-0.00030003
2025-03-23 00:00:00+00:00,1742698800000,626.5,628.7,622.25,623.39,86822.13,551548.08,-0.0003401
2025-03-23 04:00:00+00:00,1742713200000,623.38,623.87,621.5,622.51,52319.2,549711.41,-0.00032589
2025-03-23 08:00:00+00:00,1742727600000,622.51,623.67,618.31,620.99,89403.28,554706.56,-0.00044469
2025-03-23 12:00:00+00:00,1742742000000,620.99,623.96,620.01,620.99,76083.93000000001,553240.75,-0.00048738
2025-03-23 16:00:00+00:00,1742756400000,620.99,623.5,618.79,622.65,69040.45999999999,554931.78,-0.00037965
2025-03-23 20:00:00+00:00,1742770800000,622.65,623.94,620.0,623.25,42905.83,550933.5,-0.00019082
2025-03-24 00:00:00+00:00,1742785200000,623.25,627.04,617.0,622.74,175711.57,533358.74,-0.00018377
2025-03-24 04:00:00+00:00,1742799600000,622.74,625.5,620.19,622.41,104459.03,531876.33,-0.00027576
2025-03-24 08:00:00+00:00,1742814000000,622.41,631.73,621.64,630.32,160785.77,529441.45,-0.00029788
2025-03-24 12:00:00+00:00,1742828400000,630.33,632.17,624.08,630.61,198937.89,527585.09,-0.00018687
2025-03-24 16:00:00+00:00,1742842800000,630.61,639.23,629.26,635.8,248310.09,533222.87,-0.00010712
2025-03-24 20:00:00+00:00,1742857200000,635.8,638.22,631.68,636.58,87259.91,528041.14,-0.00013999
2025-03-25 00:00:00+00:00,1742871600000,636.58,642.0,632.34,639.74,157307.67,543055.07,-6.414e-05
2025-03-25 04:00:00+00:00,1742886000000,639.73,644.67,638.0,640.68,169381.94,567875.81,-0.0003232
2025-03-25 08:00:00+00:00,1742900400000,640.67,642.45,633.38,634.87,454268.5,597976.2,-0.00090879
2025-03-25 12:00:00+00:00,1742914800000,634.87,635.72,631.0,633.66,224190.66999999998,564122.35,0.0
2025-03-25 16:00:00+00:00,1742929200000,633.66,633.72,629.56,630.97,78378.74,554405.58,0.0
2025-03-25 20:00:00+00:00,1742943600000,630.98,632.32,626.75,629.53,72366.84,549480.2,0.0
2025-03-26 00:00:00+00:00,1742958000000,629.53,631.87,627.42,627.92,76795.4,548615.25,0.0
2025-03-26 04:00:00+00:00,1742972400000,627.91,633.86,627.79,633.19,69653.76,549807.27,0.0
2025-03-26 08:00:00+00:00,1742986800000,633.2,633.6,629.67,631.08,79705.83,551243.37,0.0
2025-03-26 12:00:00+00:00,1743001200000,631.07,631.11,622.6,624.36,175516.33000000002,546235.68,0.0
2025-03-26 16:00:00+00:00,1743015600000,624.35,624.79,615.0,618.12,121603.67000000001,541182.03,0.0
2025-03-26 20:00:00+00:00,1743030000000,618.12,620.59,615.47,617.72,95943.78,549863.34,0.0
2025-03-27 00:00:00+00:00,1743044400000,617.73,626.41,616.73,626.26,95569.87,554005.38,-7.944e-05
2025-03-27 04:00:00+00:00,1743058800000,626.26,637.0,624.6,635.11,192416.88,543475.9,0.0
2025-03-27 08:00:00+00:00,1743073200000,635.11,642.0,631.38,631.77,517852.06,642709.2,-0.00120855
2025-03-27 12:00:00+00:00,1743087600000,631.77,639.85,626.33,636.91,515001.24,580378.92,-2.714e-05
2025-03-27 16:00:00+00:00,1743102000000,636.91,641.0,634.98,639.39,176399.63,579891.08,0.0
2025-03-27 20:00:00+00:00,1743116400000,639.39,640.25,635.8,636.66,93655.67,579363.62,-0.00022929
2025-03-28 00:00:00+00:00,1743130800000,636.66,636.81,631.84,633.06,113272.15000000001,569830.53,-0.00026217
2025-03-28 04:00:00+00:00,1743145200000,633.05,634.7,627.3,628.01,199729.37,545266.24,-0.0001936
2025-03-28 08:00:00+00:00,1743159600000,628.0,634.03,626.22,633.58,135535.65,549397.91,-0.00013089
2025-03-28 12:00:00+00:00,1743174000000,633.58,633.9,623.37,625.09,156332.22999999998,544774.47,-3.693e-05
2025-03-28 16:00:00+00:00,1743188400000,625.08,626.5,618.46,618.62,114015.81,535507.89,-6.39e-05
2025-03-28 20:00:00+00:00,1743202800000,618.62,620.21,615.31,619.24,86920.67,532463.23,-0.00026077
2025-03-29 00:00:00+00:00,1743217200000,619.23,623.21,608.34,612.51,171471.1,531210.09,-0.00036267
2025-03-29 04:00:00+00:00,1743231600000,612.51,613.73,602.47,607.46,159298.69,537428.2,-0.00022179
2025-03-29 08:00:00+00:00,1743246000000,607.45,610.29,598.7,600.65,158449.88,536464.31,-0.00023852
2025-03-29 12:00:00+00:00,1743260400000,600.65,608.0,599.29,604.24,140236.08000000002,529843.15,-0.00026951
2025-03-29 16:00:00+00:00,1743274800000,604.24,606.78,596.39,605.23,145054.6,522483.19,-0.00032828
2025-03-29 20:00:00+00:00,1743289200000,605.24,605.47,600.27,602.59,52930.270000000004,521613.74,-0.00025844
2025-03-30 00:00:00+00:00,1743303600000,602.6,612.8,599.8,608.46,113204.91,523623.83,-0.00033058
2025-03-30 04:00:00+00:00,1743318000000,608.47,611.84,605.84,606.15,76686.41,521740.41,-0.00045082
2025-03-30 08:00:00+00:00,1743332400000,606.14,609.88,603.26,604.5,77171.8,528514.08,-0.00048239
2025-03-30 12:00:00+00:00,1743346800000,604.5,606.54,600.6,601.8,96494.28,522593.3,-0.00033423
2025-03-30 16:00:00+00:00,1743361200000,601.8,605.54,597.43,603.45,97448.44,521089.98,-0.00029357
2025-03-30 20:00:00+00:00,1743375600000,603.44,603.66,593.01,601.95,102378.71,526561.52,-0.00022995
2025-03-31 00:00:00+00:00,1743390000000,601.96,606.57,595.0,598.77,137089.02,522633.51,0.0
2025-03-31 04:00:00+00:00,1743404400000,598.78,604.37,593.82,595.5,114513.41,520123.26,-4.927e-05
2025-03-31 08:00:00+00:00,1743418800000,595.49,597.57,586.48,595.36,194444.34,527477.33,-0.00028308
2025-03-31 12:00:00+00:00,1743433200000,595.35,606.54,593.44,604.01,223701.32,523740.56,-4.453e-05
2025-03-31 16:00:00+00:00,1743447600000,604.01,609.0,602.61,605.06,132239.97,523244.56,0.0
2025-03-31 20:00:00+00:00,1743462000000,605.08,607.23,602.94,604.63,52280.76,526231.25,0.0
2025-04-01 00:00:00+00:00,1743476400000,604.62,609.88,604.23,608.87,78634.98999999999,521335.16,0.0
2025-04-01 04:00:00+00:00,1743490800000,608.88,611.22,606.5,610.1,72580.11,518402.04,0.0
2025-04-01 08:00:00+00:00,1743505200000,610.11,618.05,605.87,607.12,304793.92,521933.17,-0.00011454
2025-04-01 12:00:00+00:00,1743519600000,607.12,616.0,607.08,614.05,488781.59,587389.49,-0.00079191
2025-04-01 16:00:00+00:00,1743534000000,614.04,614.88,606.66,608.56,359137.45,522758.61,-0.00025892
2025-04-01 20:00:00+00:00,1743548400000,608.56,615.36,607.57,610.93,104917.65,517892.4,0.0
2025-04-02 00:00:00+00:00,1743562800000,610.94,611.54,600.5,601.26,136329.91,521092.49,0.0
2025-04-02 04:00:00+00:00,1743577200000,601.26,602.2,596.36,600.84,133714.05,520989.83,0.0
2025-04-02 08:00:00+00:00,1743591600000,600.85,606.49,599.17,599.57,155909.13,519827.22,0.0
2025-04-02 12:00:00+00:00,1743606000000,599.57,610.0,597.6,604.15,337604.38,516741.79,-8.386e-05
2025-04-02 16:00:00+00:00,1743620400000,604.14,607.73,601.2,605.28,175442.85,516012.83,-0.00012799
2025-04-02 20:00:00+00:00,1743634800000,605.29,612.04,583.98,590.08,322895.94999999995,510435.69,-0.0002478
2025-04-03 00:00:00+00:00,1743649200000,590.09,609.72,587.52,601.29,231534.46,501301.44,-2.868e-05
2025-04-03 04:00:00+00:00,1743663600000,601.3,608.83,597.82,599.02,368214.36,554696.42,-0.00044535
2025-04-03 08:00:00+00:00,1743678000000,599.02,601.31,592.43,593.07,337018.25,520536.69,-2.427e-05
2025-04-03 12:00:00+00:00,1743692400000,593.06,594.36,578.24,586.15,316272.0,526090.67,0.0
2025-04-03 16:00:00+00:00,1743706800000,586.16,589.94,585.62,588.38,123610.24,520050.67,0.0
2025-04-03 20:00:00+00:00,1743721200000,588.39,593.0,587.54,592.43,82562.4,517978.53,0.0
2025-04-04 00:00:00+00:00,1743735600000,592.42,594.18,588.5,593.1,86319.93,512168.03,0.0
2025-04-04 04:00:00+00:00,1743750000000,593.1,598.91,591.02,598.12,104448.97,505645.5,0.0
2025-04-04 08:00:00+00:00,1743764400000,598.12,599.72,584.8,588.63,183488.71,507717.51,0.0
2025-04-04 12:00:00+00:00,1743778800000,588.63,597.59,585.37,593.69,223074.83000000002,499374.73,0.0
2025-04-04 16:00:00+00:00,1743793200000,593.7,599.66,592.02,597.31,99994.03,502904.73,0.0
2025-04-04 20:00:00+00:00,1743807600000,597.3,600.45,596.26,597.84,48539.46,504445.42,0.0
2025-04-05 00:00:00+00:00,1743822000000,597.85,599.25,595.08,596.0,45350.51,503721.11,0.0
2025-04-05 04:00:00+00:00,1743836400000,595.99,597.2,593.32,595.85,38706.11,506361.04,0.0
2025-04-05 08:00:00+00:00,1743850800000,595.85,598.75,595.5,597.13,49412.43,509055.05,0.0
2025-04-05 12:00:00+00:00,1743865200000,597.13,597.54,590.89,592.0,73676.56,508886.14,0.0
2025-04-05 16:00:00+00:00,1743879600000,592.0,593.96,590.81,591.09,36683.57,509457.6,0.0
2025-04-05 20:00:00+00:00,1743894000000,591.09,594.24,588.88,593.11,42004.16,505049.17,0.0
2025-04-06 00:00:00+00:00,1743908400000,593.11,593.93,590.12,591.81,42165.54,503680.83,0.0
2025-04-06 04:00:00+00:00,1743922800000,591.8,593.47,590.15,590.25,46913.68,501078.63,0.0
2025-04-06 08:00:00+00:00,1743937200000,590.25,590.7,587.1,588.93,62949.0,506873.83,0.0
2025-04-06 12:00:00+00:00,1743951600000,588.93,588.98,579.02,581.01,155116.68,509929.62,0.0
2025-04-06 16:00:00+00:00,1743966000000,581.0,581.0,551.83,558.56,432369.52,510209.81,0.0
2025-04-06 20:00:00+00:00,1743980400000,558.56,560.16,544.0,555.35,277780.46,516880.88,0.0
2025-04-07 00:00:00+00:00,1743994800000,555.35,565.53,546.02,550.08,261843.18999999997,508402.26,0.0
2025-04-07 04:00:00+00:00,1744009200000,550.09,553.75,509.59,529.87,560716.73,495839.58,0.0
2025-04-07 08:00:00+00:00,1744023600000,529.86,548.61,528.86,539.98,274117.91000000003,486272.79,0.0
2025-04-07 12:00:00+00:00,1744038000000,539.98,567.97,539.65,552.03,648074.73,465609.35,0.0
2025-04-07 16:00:00+00:00,1744052400000,552.02,557.21,546.46,553.73,143920.73,465405.69,0.0
2025-04-07 20:00:00+00:00,1744066800000,553.75,559.88,553.68,554.63,65776.17,466610.56,0.0
2025-04-08 00:00:00+00:00,1744081200000,554.63,565.31,552.97,561.6,111193.7,468008.16,0.0
2025-04-08 04:00:00+00:00,1744095600000,561.61,565.4,556.18,559.9,99356.67,473828.6,0.0
2025-04-08 08:00:00+00:00,1744110000000,559.89,563.84,555.14,563.59,96389.36,477995.34,0.0
2025-04-08 12:00:00+00:00,1744124400000,563.58,565.68,556.15,559.55,164448.9,479176.06,0.0
2025-04-08 16:00:00+00:00,1744138800000,559.55,561.45,547.43,552.98,252645.99,481327.26,0.0
2025-04-08 20:00:00+00:00,1744153200000,552.98,558.5,551.63,553.72,96227.45999999999,491273.71,0.0
2025-04-09 00:00:00+00:00,1744167600000,553.73,554.75,534.4,542.76,254781.08000000002,495525.43,0.0
2025-04-09 04:00:00+00:00,1744182000000,542.75,557.73,541.71,556.58,155538.47,492734.64,0.0
2025-04-09 08:00:00+00:00,1744196400000,556.58,559.52,548.87,550.4,169142.7,495883.31,0.0
2025-04-09 12:00:00+00:00,1744210800000,550.4,563.6,548.73,561.16,196946.88,494493.81,0.0
2025-04-09 16:00:00+00:00,1744225200000,561.15,585.86,560.76,579.72,423639.21,481683.09,0.0
2025-04-09 20:00:00+00:00,1744239600000,579.74,584.6,579.1,582.12,95551.75,478348.73,0.0
2025-04-10 00:00:00+00:00,1744254000000,582.13,582.26,571.69,575.05,129805.18,480336.25,0.0
2025-04-10 04:00:00+00:00,1744268400000,575.05,580.0,574.21,579.25,97862.62,483054.7,0.0
2025-04-10 08:00:00+00:00,1744282800000,579.26,583.44,573.51,574.96,318509.07,528290.35,-0.00052067
2025-04-10 12:00:00+00:00,1744297200000,574.96,581.0,566.5,567.87,340861.36,487346.62,0.0
2025-04-10 16:00:00+00:00,1744311600000,567.86,576.61,565.98,574.69,132768.1,483046.4,0.0
2025-04-10 20:00:00+00:00,1744326000000,574.65,578.37,573.9,577.79,60109.0,482598.99,0.0
2025-04-11 00:00:00+00:00,1744340400000,577.8,580.5,575.53,580.14,102043.45,494767.2,0.0
2025-04-11 04:00:00+00:00,1744354800000,580.15,582.2,578.18,581.33,59450.310000000005,494467.76,0.0
2025-04-11 08:00:00+00:00,1744369200000,581.33,584.82,579.12,582.99,97583.21,495644.85,0.0
2025-04-11 12:00:00+00:00,1744383600000,582.99,585.99,580.29,584.91,131780.41999999998,502697.48,0.0
2025-04-11 16:00:00+00:00,1744398000000,584.92,589.9,583.36,587.9,80282.92,497425.28,-0.00010959
2025-04-11 20:00:00+00:00,1744412400000,587.88,589.45,585.54,585.84,45811.26,497520.7,0.0
2025-04-12 00:00:00+00:00,1744426800000,585.84,590.0,584.02,584.65,96285.33,498889.92,0.0
2025-04-12 04:00:00+00:00,1744441200000,584.65,588.76,583.56,588.42,48913.82,498985.02,-0.00015552
2025-04-12 08:00:00+00:00,1744455600000,588.42,591.39,588.13,590.01,69060.61,503385.74,-0.00034502
2025-04-12 12:00:00+00:00,1744470000000,590.0,599.99,589.22,598.85,146474.37,505668.81,-0.00018116
2025-04-12 16:00:00+00:00,1744484400000,598.84,599.77,594.5,596.08,63320.1,501838.63,0.0
2025-04-12 20:00:00+00:00,1744498800000,596.08,599.55,595.98,597.11,40629.92,501363.87,0.0
2025-04-13 00:00:00+00:00,1744513200000,597.11,598.46,592.79,595.51,59509.0,496130.3,0.0
2025-04-13 04:00:00+00:00,1744527600000,595.5,595.6,590.55,593.03,48819.3,495694.84,0.0
2025-04-13 08:00:00+00:00,1744542000000,593.03,594.39,587.11,588.25,65150.05,496326.42,0.0
2025-04-13 12:00:00+00:00,1744556400000,588.25,588.94,582.97,583.82,104601.40000000001,490568.37,-5.726e-05
2025-04-13 16:00:00+00:00,1744570800000,583.82,589.2,579.17,582.33,99005.45999999999,490553.91,-0.00014851
2025-04-13 20:00:00+00:00,1744585200000,582.34,585.05,580.26,584.06,65443.92,486031.98,-4.86e-05
2025-04-14 00:00:00+00:00,1744599600000,584.06,591.0,583.5,588.05,95305.26999999999,490609.23,0.0
2025-04-14 04:00:00+00:00,1744614000000,588.05,590.57,586.61,590.5,49499.5,490535.91,0.0
2025-04-14 08:00:00+00:00,1744628400000,590.51,592.59,588.19,592.25,64004.11,488385.94,-1.386e-05
2025-04-14 12:00:00+00:00,1744642800000,592.25,592.8,585.0,585.36,88898.23999999999,483562.36,-0.00013697
2025-04-14 16:00:00+00:00,1744657200000,585.36,587.8,582.83,587.13,93717.22,491659.08,-6.921e-05
2025-04-14 20:00:00+00:00,1744671600000,587.14,587.28,583.76,584.09,63306.78,497781.32,-8.929e-05
2025-04-15 00:00:00+00:00,1744686000000,584.09,587.42,582.2,587.32,64632.07,495715.32,-2.832e-05
2025-04-15 04:00:00+00:00,1744700400000,587.31,590.13,585.81,589.45,47944.73,495553.37,0.0
2025-04-15 08:00:00+00:00,1744714800000,589.46,591.11,587.3,588.51,65691.56,498336.63,0.0
2025-04-15 12:00:00+00:00,1744729200000,588.51,590.26,583.54,584.3,119448.91,495002.22,0.0
2025-04-15 16:00:00+00:00,1744743600000,584.29,585.21,581.5,583.24,56527.31,494302.9,-9.293e-05
2025-04-15 20:00:00+00:00,1744758000000,583.24,583.33,578.95,579.11,59883.31,492314.86,-0.00022809
2025-04-16 00:00:00+00:00,1744772400000,579.11,583.65,575.62,582.98,86313.79,495450.45,-0.00013512
2025-04-16 04:00:00+00:00,1744786800000,582.99,584.08,577.4,577.96,60424.17,495256.76,0.0
2025-04-16 08:00:00+00:00,1744801200000,577.96,582.22,576.69,581.83,76194.62,495642.01,0.0
2025-04-16 12:00:00+00:00,1744815600000,581.84,585.5,578.74,583.33,86194.74,495681.91,0.0
2025-04-16 16:00:00+00:00,1744830000000,583.33,586.53,576.15,584.79,105792.55,495858.01,0.0
2025-04-16 20:00:00+00:00,1744844400000,584.79,585.7,582.46,582.68,46485.45,496019.24,0.0
2025-04-17 00:00:00+00:00,1744858800000,582.68,584.64,580.62,581.67,39177.869999999995,496288.87,0.0
2025-04-17 04:00:00+00:00,1744873200000,581.67,584.74,581.28,583.25,48210.950000000004,492306.14,0.0
2025-04-17 08:00:00+00:00,1744887600000,583.26,586.77,582.05,586.02,83121.64,502482.91,0.0
2025-04-17 12:00:00+00:00,1744902000000,586.01,590.39,583.6,589.79,102123.02,504366.47,0.0
2025-04-17 16:00:00+00:00,1744916400000,589.79,593.0,588.42,590.56,84958.48999999999,502522.41,0.0
2025-04-17 20:00:00+00:00,1744930800000,590.57,592.67,588.87,590.36,48403.04,498365.52,0.0
2025-04-18 00:00:00+00:00,1744945200000,590.36,590.58,587.57,590.19,54977.009999999995,499468.99,-3.61e-06
2025-04-18 04:00:00+00:00,1744959600000,590.19,590.25,586.63,588.15,67739.78,503638.25,-0.00022216
2025-04-18 08:00:00+00:00,1744974000000,588.14,591.6,586.14,591.51,125208.67,519412.52,-0.00041683
2025-04-18 12:00:00+00:00,1744988400000,591.5,593.98,590.55,593.52,73871.18,519651.18,-5.807e-05
2025-04-18 16:00:00+00:00,1745002800000,593.52,595.5,591.6,592.19,95777.31,518497.53,0.0
2025-04-18 20:00:00+00:00,1745017200000,592.18,594.5,591.42,591.53,36004.81,517426.28,0.0
2025-04-19 00:00:00+00:00,1745031600000,591.52,592.99,590.85,592.98,42680.99,511509.21,0.0
2025-04-19 04:00:00+00:00,1745046000000,592.98,593.97,591.25,592.57,50656.5,511191.81,-0.000347
2025-04-19 08:00:00+00:00,1745060400000,592.57,592.9,589.26,590.38,51632.83,513749.03,-0.00052882
2025-04-19 12:00:00+00:00,1745074800000,590.39,590.68,587.45,588.87,76387.92,517509.0,-0.00041281
2025-04-19 16:00:00+00:00,1745089200000,588.87,591.16,587.15,590.73,59580.27,510224.31,-0.00013457
2025-04-19 20:00:00+00:00,1745103600000,590.74,593.53,590.38,591.56,34326.83,505641.33,0.0
2025-04-20 00:00:00+00:00,1745118000000,591.57,593.56,591.55,592.34,37769.93,501941.21,0.0
2025-04-20 04:00:00+00:00,1745132400000,592.33,594.85,591.51,593.72,56709.96,507318.93,0.0
2025-04-20 08:00:00+00:00,1745146800000,593.72,595.0,589.12,589.87,83068.65,502426.6,0.0
2025-04-20 12:00:00+00:00,1745161200000,589.87,592.13,587.31,587.79,78406.42,497062.01,0.0
2025-04-20 16:00:00+00:00,1745175600000,587.78,589.5,587.0,589.42,43536.14,504110.53,-0.00032049
2025-04-20 20:00:00+00:00,1745190000000,589.41,592.98,589.08,592.42,44384.39,498997.22,-0.00021758
2025-04-21 00:00:00+00:00,1745204400000,592.43,603.0,592.28,601.94,171398.67,494768.74,0.0
2025-04-21 04:00:00+00:00,1745218800000,601.93,608.49,601.93,604.31,90422.1,501519.5,0.0
2025-04-21 08:00:00+00:00,1745233200000,604.31,606.37,600.03,600.76,48819.26,502371.27,0.0
2025-04-21 12:00:00+00:00,1745247600000,600.76,605.62,600.3,603.94,95123.9,503301.16,0.0
2025-04-21 16:00:00+00:00,1745262000000,603.94,604.46,594.06,597.45,124628.28,493412.92,0.0
2025-04-21 20:00:00+00:00,1745276400000,597.44,597.45,594.62,596.88,48720.97,498133.77,-0.00023365
2025-04-22 00:00:00+00:00,1745290800000,596.88,602.45,594.34,599.41,86072.73,504504.31,-0.00025546
2025-04-22 04:00:00+00:00,1745305200000,599.4,605.04,598.58,603.97,86486.54000000001,498251.85,-0.00010548
2025-04-22 08:00:00+00:00,1745319600000,603.97,606.81,603.9,605.79,130402.57,514682.14,-8.568e-05
2025-04-22 12:00:00+00:00,1745334000000,605.8,611.98,605.06,609.65,162712.34,511742.55,0.0
2025-04-22 16:00:00+00:00,1745348400000,609.65,611.1,606.16,607.83,57543.03,512192.63,0.0
2025-04-22 20:00:00+00:00,1745362800000,607.82,620.26,606.59,618.27,128054.0,499375.02,0.0
2025-04-23 00:00:00+00:00,1745377200000,618.27,619.77,612.24,615.15,115716.57999999999,499629.52,0.0
2025-04-23 04:00:00+00:00,1745391600000,615.16,619.94,612.94,617.54,113046.31999999999,501284.37,0.0
2025-04-23 08:00:00+00:00,1745406000000,617.54,617.55,609.12,611.06,148892.91,504214.32,0.0
2025-04-23 12:00:00+00:00,1745420400000,611.06,613.96,602.68,606.68,242994.42,507572.22,0.0
2025-04-23 16:00:00+00:00,1745434800000,606.66,608.68,602.05,602.24,130359.38,494217.63,0.0
2025-04-23 20:00:00+00:00,1745449200000,602.24,607.0,601.12,605.45,72587.17,499620.49,0.0
2025-04-24 00:00:00+00:00,1745463600000,605.45,606.74,601.42,603.9,80864.58,495853.62,0.0
2025-04-24 04:00:00+00:00,1745478000000,603.91,606.79,601.68,602.95,83275.86,498293.04,0.0
2025-04-24 08:00:00+00:00,1745492400000,602.95,604.88,592.52,597.7,156201.88999999998,492703.6,0.0
2025-04-24 12:00:00+00:00,1745506800000,597.69,600.76,595.86,598.26,103311.56,493508.83,0.0
2025-04-24 16:00:00+00:00,1745521200000,598.27,600.6,595.14,598.69,83390.70999999999,488171.65,0.0
2025-04-24 20:00:00+00:00,1745535600000,598.7,602.49,597.51,601.26,49474.67,484932.04,0.0
2025-04-25 00:00:00+00:00,1745550000000,601.26,604.0,596.67,600.5,72881.34999999999,486105.99,-1.95e-06
2025-04-25 04:00:00+00:00,1745564400000,600.5,609.61,600.49,605.96,119172.87,489347.22,0.0
2025-04-25 08:00:00+00:00,1745578800000,605.97,609.91,603.72,605.73,139905.28,481513.87,0.0
2025-04-25 12:00:00+00:00,1745593200000,605.74,608.66,601.46,605.53,126477.76000000001,481579.06,0.0
2025-04-25 16:00:00+00:00,1745607600000,605.53,606.74,602.04,604.54,61826.53,478932.72,0.0
2025-04-25 20:00:00+00:00,1745622000000,604.53,604.56,598.23,599.57,62513.86,473870.81,0.0
2025-04-26 00:00:00+00:00,1745636400000,599.56,606.0,598.93,601.86,74469.34,481012.51,-0.00010717
2025-04-26 04:00:00+00:00,1745650800000,601.87,604.9,599.6,602.1,42594.59,480727.57,-5.234e-05
2025-04-26 08:00:00+00:00,1745665200000,602.11,606.14,600.59,602.25,88176.56,478563.71,0.0
2025-04-26 12:00:00+00:00,1745679600000,602.26,609.33,601.71,608.22,84136.19,488042.68,0.0
2025-04-26 16:00:00+00:00,1745694000000,608.22,609.56,606.81,608.21,38550.8,488937.02,0.0
2025-04-26 20:00:00+00:00,1745708400000,608.21,609.17,606.39,607.18,32472.41,483786.36,0.0
2025-04-27 00:00:00+00:00,1745722800000,607.17,608.68,599.62,602.45,99778.1,475960.07,0.0
2025-04-27 04:00:00+00:00,1745737200000,602.45,602.45,595.86,599.56,72808.94,480440.53,-7.246e-05
2025-04-27 08:00:00+00:00,1745751600000,599.57,600.83,598.35,600.09,43285.770000000004,482307.36,-0.00012415
2025-04-27 12:00:00+00:00,1745766000000,600.09,601.12,596.88,599.15,62523.97,482114.74,-8.618e-05
2025-04-27 16:00:00+00:00,1745780400000,599.16,606.28,597.09,605.53,74232.14,481819.45,0.0
2025-04-27 20:00:00+00:00,1745794800000,605.53,607.26,602.81,603.63,60090.96,481689.68,0.0
2025-04-28 00:00:00+00:00,1745809200000,603.62,605.96,598.01,603.87,87977.93,479244.43,0.0
2025-04-28 04:00:00+00:00,1745823600000,603.87,607.03,603.28,605.31,58504.18,477948.35,0.0
2025-04-28 08:00:00+00:00,1745838000000,605.3,608.16,602.8,607.29,94103.41,478952.09,0.0
2025-04-28 12:00:00+00:00,1745852400000,607.29,607.76,598.4,600.58,114074.83,470685.24,0.0
2025-04-28 16:00:00+00:00,1745866800000,600.58,605.32,598.09,604.64,72625.34,470831.5,-0.00016776
2025-04-28 20:00:00+00:00,1745881200000,604.64,606.35,603.08,605.99,45989.69,466561.04,0.0
2025-04-29 00:00:00+00:00,1745895600000,605.98,607.08,603.01,606.27,57963.55,473364.61,-2.967e-05
2025-04-29 04:00:00+00:00,1745910000000,606.27,610.8,605.18,609.6,94763.59,484364.78,0.0
2025-04-29 08:00:00+00:00,1745924400000,609.6,610.24,602.34,603.52,145984.22999999998,475684.53,0.0
2025-04-29 12:00:00+00:00,1745938800000,603.52,604.11,600.6,601.18,92187.95,472404.83,-4.247e-05
2025-04-29 16:00:00+00:00,1745953200000,601.17,603.84,600.12,602.31,77213.09,478355.97,-0.00034533
2025-04-29 20:00:00+00:00,1745967600000,602.31,602.36,597.53,600.67,74113.70999999999,480115.14,-0.00022628
2025-04-30 00:00:00+00:00,1745982000000,600.67,603.73,599.71,603.69,59909.63,472200.79,0.0
2025-04-30 04:00:00+00:00,1745996400000,603.69,604.42,601.73,602.73,53260.59,469990.3,0.0
2025-04-30 08:00:00+00:00,1746010800000,602.74,602.9,599.72,602.41,90952.33,470126.43,0.0
2025-04-30 12:00:00+00:00,1746025200000,602.42,602.59,591.0,596.5,177500.96,467339.47,-1.315e-05
2025-04-30 16:00:00+00:00,1746039600000,596.5,598.73,593.89,597.79,70463.95999999999,471085.0,-0.00035432
2025-04-30 20:00:00+00:00,1746054000000,597.8,599.7,597.6,599.21,48367.14,470471.51,-0.00049785
2025-05-01 00:00:00+00:00,1746068400000,599.21,602.25,598.88,599.06,70946.13,465638.54,-8.155e-05
2025-05-01 04:00:00+00:00,1746082800000,599.07,601.33,598.53,599.64,51395.3,462022.94,0.0
2025-05-01 08:00:00+00:00,1746097200000,599.64,605.5,599.63,603.81,105649.11,469398.58,0.0
2025-05-01 12:00:00+00:00,1746111600000,603.81,605.18,601.0,602.55,94260.67,468410.32,0.0
2025-05-01 16:00:00+00:00,1746126000000,602.54,603.81,599.62,600.05,62827.770000000004,469325.41,0.0
2025-05-01 20:00:00+00:00,1746140400000,600.05,600.37,597.64,599.14,58099.25,474394.83,-0.00020007
2025-05-02 00:00:00+00:00,1746154800000,599.14,603.5,598.33,601.2,73044.19,473137.96,-0.00010652
2025-05-02 04:00:00+00:00,1746169200000,601.21,601.99,595.03,595.22,79139.14,472845.65,0.0
2025-05-02 08:00:00+00:00,1746183600000,595.21,600.37,595.0,597.7,77928.86,465302.01,-7.022e-05
2025-05-02 12:00:00+00:00,1746198000000,597.7,600.59,596.29,599.41,79356.82,466508.18,0.0
2025-05-02 16:00:00+00:00,1746212400000,599.4,601.55,597.88,598.58,54591.14,461318.99,-6.141e-05
2025-05-02 20:00:00+00:00,1746226800000,598.58,601.48,597.86,600.6,44436.49,461397.21,-7.91e-06
2025-05-03 00:00:00+00:00,1746241200000,600.61,601.11,598.02,599.29,43637.4,461445.84,0.0
2025-05-03 04:00:00+00:00,1746255600000,599.28,600.19,597.25,597.26,42044.23,464051.02,0.0
2025-05-03 08:00:00+00:00,1746270000000,597.25,597.37,595.0,596.05,73148.32,467286.06,0.0
2025-05-03 12:00:00+00:00,1746284400000,596.04,598.85,596.04,598.35,47903.229999999996,462818.02,-3.547e-05
2025-05-03 16:00:00+00:00,1746298800000,598.36,599.67,595.83,599.65,63326.18,458074.64,-9.532e-05
2025-05-03 20:00:00+00:00,1746313200000,599.65,599.73,598.06,599.07,31025.69,457590.68,-1.776e-05
2025-05-04 00:00:00+00:00,1746327600000,599.07,600.25,597.86,599.35,54184.58,459849.28,0.0
2025-05-04 04:00:00+00:00,1746342000000,599.35,599.91,596.0,596.66,56687.4,456970.08,-3.025e-05
2025-05-04 08:00:00+00:00,1746356400000,596.66,596.67,592.2,593.56,89057.76,476346.28,-0.00043724
2025-05-04 12:00:00+00:00,1746370800000,593.57,593.68,587.44,588.8,132735.98,498159.53,-0.00049739
2025-05-04 16:00:00+00:00,1746385200000,588.8,589.27,585.13,587.98,74624.92,504563.16,-0.00037931
2025-05-04 20:00:00+00:00,1746399600000,587.98,589.6,584.16,585.65,66586.36,501371.75,-0.00030375
2025-05-05 00:00:00+00:00,1746414000000,585.65,588.62,583.02,588.11,86253.84999999999,494330.6,-3.647e-05
2025-05-05 04:00:00+00:00,1746428400000,588.12,592.16,588.0,591.83,80117.91,483001.99,0.0
2025-05-05 08:00:00+00:00,1746442800000,591.84,597.25,590.25,593.52,166124.49,470179.74,0.0
2025-05-05 12:00:00+00:00,1746457200000,593.52,597.12,592.68,597.07,115635.26000000001,467953.87,0.0
2025-05-05 16:00:00+00:00,1746471600000,597.07,599.63,596.65,598.96,74408.03,458253.34,0.0
2025-05-05 20:00:00+00:00,1746486000000,598.96,599.78,596.25,597.19,59925.14,455911.49,-1.764e-05
2025-05-06 00:00:00+00:00,1746500400000,597.18,599.88,595.75,598.67,77298.86,463049.41,-0.00034331
2025-05-06 04:00:00+00:00,1746514800000,598.67,599.2,597.32,598.36,57523.130000000005,468835.22,-0.00046111
2025-05-06 08:00:00+00:00,1746529200000,598.36,598.36,592.95,594.24,121758.32999999999,466825.67,-0.00030557
2025-05-06 12:00:00+00:00,1746543600000,594.25,598.89,593.45,598.36,92748.16,467438.88,0.0
2025-05-06 16:00:00+00:00,1746558000000,598.35,602.61,596.47,599.43,92913.94,468789.06,0.0
2025-05-06 20:00:00+00:00,1746572400000,599.43,603.27,596.65,602.56,81699.1,470535.24,0.0
2025-05-07 00:00:00+00:00,1746586800000,602.56,607.22,601.5,602.0,111950.56,472215.39,0.0
2025-05-07 04:00:00+00:00,1746601200000,601.99,606.62,601.87,606.61,96712.05,483387.56,0.0
2025-05-07 08:00:00+00:00,1746615600000,606.61,607.18,603.98,606.38,64232.61,485052.85,0.0
2025-05-07 12:00:00+00:00,1746630000000,606.39,609.29,600.76,600.92,135162.66,481610.06,0.0
2025-05-07 16:00:00+00:00,1746644400000,600.92,601.95,597.0,598.71,113392.48,478724.42,0.0
2025-05-07 20:00:00+00:00,1746658800000,598.7,603.9,597.5,602.51,58207.9,479161.25,-6.306e-05
2025-05-08 00:00:00+00:00,1746673200000,602.51,611.47,600.66,611.27,141693.83000000002,494157.85,0.0
2025-05-08 04:00:00+00:00,1746687600000,611.28,614.99,608.62,613.08,135762.93,497403.29,0.0
2025-05-08 08:00:00+00:00,1746702000000,613.07,618.48,612.9,614.07,162939.04,509173.99,0.0
2025-05-08 12:00:00+00:00,1746716400000,614.06,623.75,613.6,621.27,190716.40000000002,518247.85,0.0
2025-05-08 16:00:00+00:00,1746730800000,621.27,623.35,615.0,619.52,173588.85,512363.99,0.0
2025-05-08 20:00:00+00:00,1746745200000,619.52,629.55,619.21,629.29,177443.72999999998,512065.23,0.0
2025-05-09 00:00:00+00:00,1746759600000,629.29,629.55,622.78,624.52,150881.8,498921.76,0.0
2025-05-09 04:00:00+00:00,1746774000000,624.51,636.21,624.23,631.78,145134.41,498504.83,0.0
2025-05-09 08:00:00+00:00,1746788400000,631.78,641.58,628.87,636.76,293020.74,504248.53,0.0
2025-05-09 12:00:00+00:00,1746802800000,636.76,644.26,631.66,636.07,222119.88,516757.43,0.0
2025-05-09 16:00:00+00:00,1746817200000,636.08,637.0,631.28,635.47,76362.5,509298.02,0.0
2025-05-09 20:00:00+00:00,1746831600000,635.48,671.3,635.19,666.72,252266.5,513720.03,0.0
2025-05-10 00:00:00+00:00,1746846000000,666.72,679.29,659.62,662.18,360717.68,511881.69,6.121e-05
2025-05-10 04:00:00+00:00,1746860400000,662.17,664.3,655.38,661.91,159866.94,506244.42,0.0
2025-05-10 08:00:00+00:00,1746874800000,661.91,663.78,648.67,649.31,209511.95,519230.25,0.0
2025-05-10 12:00:00+00:00,1746889200000,649.31,655.59,648.76,651.96,110755.18,515101.55,0.0
2025-05-10 16:00:00+00:00,1746903600000,651.96,658.77,651.0,652.41,119595.33,512235.84,0.0
2025-05-10 20:00:00+00:00,1746918000000,652.41,664.28,649.29,664.1,136559.72,519638.52,0.0
2025-05-11 00:00:00+00:00,1746932400000,664.1,668.7,656.05,662.77,218054.61,509039.65,0.0
2025-05-11 04:00:00+00:00,1746946800000,662.75,667.99,655.0,656.0,141489.07,518146.19,2.799e-05
2025-05-11 08:00:00+00:00,1746961200000,655.99,660.1,655.02,659.41,86959.15,511611.32,7.5e-06
2025-05-11 12:00:00+00:00,1746975600000,659.41,660.1,650.1,651.93,137676.35,510573.41,6.49e-06
2025-05-11 16:00:00+00:00,1746990000000,651.92,655.62,648.22,653.78,72837.66,508597.18,2.11e-06
2025-05-11 20:00:00+00:00,1747004400000,653.78,653.98,648.97,651.36,65025.95,505246.47,0.0
2025-05-12 00:00:00+00:00,1747018800000,651.37,657.67,647.13,655.94,122775.35,501533.72,0.0
2025-05-12 04:00:00+00:00,1747033200000,655.95,668.5,652.52,661.34,191492.8,495368.85,0.0
2025-05-12 08:00:00+00:00,1747047600000,661.33,693.55,657.72,678.71,467702.18,530840.23,3.165e-05
2025-05-12 12:00:00+00:00,1747062000000,678.72,692.42,660.67,664.15,400780.64,522245.69,6.111e-05
2025-05-12 16:00:00+00:00,1747076400000,664.15,671.16,650.0,660.27,209445.17,523163.99,2.589e-05
2025-05-12 20:00:00+00:00,1747090800000,660.26,664.2,658.35,660.5,80885.1,511891.89,0.0
2025-05-13 00:00:00+00:00,1747105200000,660.5,660.61,640.88,642.11,211001.96999999997,516410.73,0.0
2025-05-13 04:00:00+00:00,1747119600000,642.1,653.14,640.88,649.83,113051.57,519786.67,0.0
2025-05-13 08:00:00+00:00,1747134000000,649.83,654.65,648.18,653.24,102448.19,516927.15,0.0
2025-05-13 12:00:00+00:00,1747148400000,653.25,658.74,650.25,656.03,192066.23,518035.09,0.0
2025-05-13 16:00:00+00:00,1747162800000,656.04,671.84,655.81,667.02,194274.9,519750.2,3.303e-05
2025-05-13 20:00:00+00:00,1747177200000,667.0,667.5,662.72,664.62,89712.51999999999,513945.97,5.112e-05
2025-05-14 00:00:00+00:00,1747191600000,664.62,666.87,658.03,662.08,121780.4,505896.1,0.0
2025-05-14 04:00:00+00:00,1747206000000,662.07,664.72,656.74,658.57,84460.37,503281.19,0.0
2025-05-14 08:00:00+00:00,1747220400000,658.57,661.08,650.8,659.74,151352.93,507665.68,0.0
2025-05-14 12:00:00+00:00,1747234800000,659.73,659.92,650.1,652.41,154917.4,507798.22,0.0
2025-05-14 16:00:00+00:00,1747249200000,652.42,655.16,647.2,653.17,82619.70999999999,507790.01,4.077e-05
2025-05-14 20:00:00+00:00,1747263600000,653.18,653.82,649.8,652.8,37577.94,505500.12,0.0
2025-05-15 00:00:00+00:00,1747278000000,652.79,655.22,645.01,648.05,77074.14,506690.61,0.0
2025-05-15 04:00:00+00:00,1747292400000,648.04,652.75,642.39,644.68,107058.20000000001,508480.46,0.0
2025-05-15 08:00:00+00:00,1747306800000,644.67,654.93,644.59,653.81,131919.07,510325.17,0.0
2025-05-15 12:00:00+00:00,1747321200000,653.82,656.69,643.5,655.86,187819.18,519046.58,0.0
2025-05-15 16:00:00+00:00,1747335600000,655.86,661.57,648.8,652.38,166376.66999999998,513928.31,6.644e-05
2025-05-15 20:00:00+00:00,1747350000000,652.38,655.3,645.71,652.17,81282.79,511999.25,0.0
2025-05-16 00:00:00+00:00,1747364400000,652.17,660.19,646.62,658.18,138529.09999999998,513117.54,0.0
2025-05-16 04:00:00+00:00,1747378800000,658.19,659.68,655.2,655.45,79662.8,512880.39,0.0
2025-05-16 08:00:00+00:00,1747393200000,655.46,657.59,651.49,654.6,95948.77,508859.49,0.0
2025-05-16 12:00:00+00:00,1747407600000,654.61,655.35,650.08,652.1,74391.69,512694.46,0.0
2025-05-16 16:00:00+00:00,1747422000000,652.09,654.5,648.0,649.77,73984.42,511753.37,0.0
2025-05-16 20:00:00+00:00,1747436400000,649.76,650.42,643.57,646.39,71318.72,513156.56,0.0
2025-05-17 00:00:00+00:00,1747450800000,646.39,646.61,634.32,643.1,139318.35,514832.24,0.0
2025-05-17 04:00:00+00:00,1747465200000,643.1,645.56,642.11,643.02,56578.07,514234.02,0.0
2025-05-17 08:00:00+00:00,1747479600000,643.02,644.34,639.52,641.4,67786.45999999999,510109.1,0.0
2025-05-17 12:00:00+00:00,1747494000000,641.41,642.87,636.28,640.44,68795.89,508816.06,0.0
2025-05-17 16:00:00+00:00,1747508400000,640.45,642.68,635.86,640.32,58024.61,507559.76,0.0
2025-05-17 20:00:00+00:00,1747522800000,640.32,642.73,637.71,639.42,54841.55,502599.23,0.0
2025-05-18 00:00:00+00:00,1747537200000,639.42,643.2,638.92,642.25,44261.17,502786.84,0.0
2025-05-18 04:00:00+00:00,1747551600000,642.26,646.15,642.22,645.46,50698.31,504338.69,0.0
2025-05-18 08:00:00+00:00,1747566000000,645.46,648.26,644.7,644.98,57595.79,503713.55,0.0
2025-05-18 12:00:00+00:00,1747580400000,644.98,654.85,643.6,653.97,90812.11,506145.12,0.0
2025-05-18 16:00:00+00:00,1747594800000,653.98,654.97,637.88,637.89,150130.36,504223.49,0.0
2025-05-18 20:00:00+00:00,1747609200000,637.89,652.34,633.82,651.32,126032.25,501320.0,0.0
2025-05-19 00:00:00+00:00,1747623600000,651.32,653.47,637.86,638.42,110174.31999999999,501271.55,0.0
2025-05-19 04:00:00+00:00,1747638000000,638.43,640.6,633.16,638.35,106745.93,498381.3,0.0
2025-05-19 08:00:00+00:00,1747652400000,638.35,640.98,636.68,639.87,57941.34,495446.1,0.0
2025-05-19 12:00:00+00:00,1747666800000,639.87,647.49,635.66,645.28,99711.01000000001,495121.46,0.0
2025-05-19 16:00:00+00:00,1747681200000,645.28,649.7,644.48,648.5,89905.5,495907.83,0.0
2025-05-19 20:00:00+00:00,1747695600000,648.48,652.18,647.45,649.96,57846.3,499895.97,0.0
2025-05-20 00:00:00+00:00,1747710000000,649.96,654.14,648.29,650.67,74512.17,501912.42,0.0
2025-05-20 04:00:00+00:00,1747724400000,650.67,652.61,646.49,647.61,74103.55,502942.09,0.0
2025-05-20 08:00:00+00:00,1747738800000,647.61,648.5,641.65,643.83,68706.17,507270.81,0.0
2025-05-20 12:00:00+00:00,1747753200000,643.83,645.67,640.22,644.66,81883.29999999999,504345.57,0.0
2025-05-20 16:00:00+00:00,1747767600000,644.66,649.17,642.78,648.1,64063.69,501387.44,0.0
2025-05-20 20:00:00+00:00,1747782000000,648.1,652.97,647.19,650.37,57784.16,498930.01,0.0
2025-05-21 00:00:00+00:00,1747796400000,650.37,658.57,648.85,657.0,104752.57,508035.52,0.0
2025-05-21 04:00:00+00:00,1747810800000,657.01,669.71,652.69,653.19,226573.09000000003,509577.62,0.0
2025-05-21 08:00:00+00:00,1747825200000,653.2,655.41,650.25,654.94,118412.5,511391.39,0.0
2025-05-21 12:00:00+00:00,1747839600000,654.94,664.95,652.16,663.57,167562.87,502365.05,0.0
2025-05-21 16:00:00+00:00,1747854000000,663.57,672.8,660.24,671.08,295652.97,512730.68,0.0
2025-05-21 20:00:00+00:00,1747868400000,671.09,678.38,668.48,673.58,118809.44,520347.99,0.0
2025-05-22 00:00:00+00:00,1747882800000,673.59,689.99,673.35,685.43,197216.78999999998,534902.76,0.0
2025-05-22 04:00:00+00:00,1747897200000,685.45,687.74,678.99,683.0,127376.76,532410.52,0.0
2025-05-22 08:00:00+00:00,1747911600000,683.0,688.07,681.59,687.21,129802.91,532902.8,0.0
2025-05-22 12:00:00+00:00,1747926000000,687.22,688.12,681.44,682.2,143226.95,526276.91,0.0
2025-05-22 16:00:00+00:00,1747940400000,682.21,685.49,679.24,681.06,88000.59,529375.13,0.0
2025-05-22 20:00:00+00:00,1747954800000,681.08,686.69,679.02,686.49,70061.58,528154.29,0.0
2025-05-23 00:00:00+00:00,1747969200000,686.49,691.66,683.77,688.11,104265.39,530350.82,0.0
2025-05-23 04:00:00+00:00,1747983600000,688.1,690.15,682.34,682.67,116023.83,531319.84,0.0
2025-05-23 08:00:00+00:00,1747998000000,682.67,687.37,670.31,672.37,154950.09,525829.43,0.0
2025-05-23 12:00:00+00:00,1748012400000,672.37,675.26,660.59,670.78,308279.94,529340.9,0.0
2025-05-23 16:00:00+00:00,1748026800000,670.78,671.29,665.16,665.63,85275.21,525991.84,0.0
2025-05-23 20:00:00+00:00,1748041200000,665.63,665.66,653.6,656.85,104844.12,530895.35,0.0
2025-05-24 00:00:00+00:00,1748055600000,656.85,666.5,655.31,664.63,78293.26000000001,530891.99,0.0
2025-05-24 04:00:00+00:00,1748070000000,664.62,671.72,664.4,668.34,95531.88,534004.37,0.0
2025-05-24 08:00:00+00:00,1748084400000,668.35,677.27,668.34,674.66,106068.69,542781.18,0.0
2025-05-24 12:00:00+00:00,1748098800000,674.67,676.13,671.5,674.16,54902.83,543841.15,0.0
2025-05-24 16:00:00+00:00,1748113200000,674.15,676.85,672.79,676.74,36456.42,545210.64,0.0
2025-05-24 20:00:00+00:00,1748127600000,676.73,676.94,666.0,667.89,80572.75,543494.85,0.0
2025-05-25 00:00:00+00:00,1748142000000,667.89,668.33,659.78,665.61,101196.48999999999,549267.84,0.0
2025-05-25 04:00:00+00:00,1748156400000,665.62,666.2,659.79,661.65,55840.119999999995,549520.47,0.0
2025-05-25 08:00:00+00:00,1748170800000,661.66,662.5,656.49,661.52,96726.48999999999,535062.98,-6.319e-05
2025-05-25 12:00:00+00:00,1748185200000,661.52,667.95,660.7,663.03,91585.06,535787.91,0.0
2025-05-25 16:00:00+00:00,1748199600000,663.03,668.28,661.62,667.2,42998.41,539327.22,0.0
2025-05-25 20:00:00+00:00,1748214000000,667.21,671.54,665.5,669.13,56377.27,534303.96,0.0
2025-05-26 00:00:00+00:00,1748228400000,669.12,675.48,667.98,674.05,77837.16,530699.55,0.0
2025-05-26 04:00:00+00:00,1748242800000,674.05,675.42,671.52,674.43,52359.1,530091.67,0.0
2025-05-26 08:00:00+00:00,1748257200000,674.43,675.26,671.94,673.88,52791.36,532863.4,0.0
2025-05-26 12:00:00+00:00,1748271600000,673.88,676.1,670.82,675.09,64597.56,534789.75,0.0
2025-05-26 16:00:00+00:00,1748286000000,675.1,677.5,670.31,672.03,68749.85,535668.41,0.0
2025-05-26 20:00:00+00:00,1748300400000,672.04,674.89,671.06,673.91,26813.71,536518.37,0.0
2025-05-27 00:00:00+00:00,1748314800000,673.92,674.63,666.12,673.91,81964.38,536857.73,0.0
2025-05-27 04:00:00+00:00,1748329200000,673.92,681.8,672.65,680.67,112039.26000000001,545248.74,0.0
2025-05-27 08:00:00+00:00,1748343600000,680.69,684.28,679.56,681.91,127210.58,549658.74,0.0
2025-05-27 12:00:00+00:00,1748358000000,681.92,698.0,681.85,690.76,277183.21,558084.82,0.0
2025-05-27 16:00:00+00:00,1748372400000,690.77,694.35,688.0,689.57,86409.61,551183.87,0.0
2025-05-27 20:00:00+00:00,1748386800000,689.56,689.88,686.0,687.14,51829.14,549175.68,0.0
2025-05-28 00:00:00+00:00,1748401200000,687.14,687.36,681.17,684.15,94229.85,535202.57,0.0
2025-05-28 04:00:00+00:00,1748415600000,684.15,684.64,679.71,681.71,85711.13,538466.01,0.0
2025-05-28 08:00:00+00:00,1748430000000,681.72,686.96,680.73,686.94,68695.17,539414.07,-4.419e-05
2025-05-28 12:00:00+00:00,1748444400000,686.95,688.88,680.87,681.69,136040.09,530290.28,0.0
2025-05-28 16:00:00+00:00,1748458800000,681.7,689.05,681.68,683.32,114586.19,529292.88,0.0
2025-05-28 20:00:00+00:00,1748473200000,683.32,688.75,683.24,686.8,56499.69,528093.74,0.0
2025-05-29 00:00:00+00:00,1748487600000,686.79,691.21,685.51,685.98,85685.43000000001,524194.01,0.0
2025-05-29 04:00:00+00:00,1748502000000,685.99,687.3,680.0,684.94,93462.3,514977.47,0.0
2025-05-29 08:00:00+00:00,1748516400000,684.94,689.58,683.91,685.63,106435.08,517467.51,0.0
2025-05-29 12:00:00+00:00,1748530800000,685.63,685.9,678.64,680.89,101247.11,518184.89,0.0
2025-05-29 16:00:00+00:00,1748545200000,680.89,681.07,673.1,674.69,85499.98,514498.75,0.0
2025-05-29 20:00:00+00:00,1748559600000,674.69,685.6,673.23,674.7,211337.65,507445.17,0.0
2025-05-30 00:00:00+00:00,1748574000000,674.7,678.28,665.0,673.02,126657.61,506362.18,0.0
2025-05-30 04:00:00+00:00,1748588400000,673.02,674.62,667.07,667.11,84393.38,507546.48,0.0
2025-05-30 08:00:00+00:00,1748602800000,667.11,671.69,666.0,671.14,68264.84,506238.47,0.0
2025-05-30 12:00:00+00:00,1748617200000,671.15,672.35,666.52,668.55,78908.35,502885.72,0.0
2025-05-30 16:00:00+00:00,1748631600000,668.55,669.62,660.01,666.08,128791.18,502177.94,0.0
2025-05-30 20:00:00+00:00,1748646000000,666.08,666.64,652.74,655.0,110281.27,508785.42,0.0
2025-05-31 00:00:00+00:00,1748660400000,655.0,655.61,645.11,650.29,137565.63,509770.36,0.0
2025-05-31 04:00:00+00:00,1748674800000,650.3,655.07,647.14,653.5,65120.57,511467.53,-3.519e-05
2025-05-31 08:00:00+00:00,1748689200000,653.5,656.3,651.67,653.8,44040.16,510196.25,0.0
2025-05-31 12:00:00+00:00,1748703600000,653.81,659.46,653.65,656.28,78687.77,506143.28,0.0
2025-05-31 16:00:00+00:00,1748718000000,656.28,660.41,655.49,658.54,43297.78,507044.41,0.0
2025-05-31 20:00:00+00:00,1748732400000,658.54,661.46,657.66,657.92,40324.76,511676.61,0.0
2025-06-01 00:00:00+00:00,1748746800000,657.92,657.93,652.31,655.31,66584.44,504358.1,0.0
2025-06-01 04:00:00+00:00,1748761200000,655.3,656.79,651.77,653.14,53748.200000000004,509129.04,-2.338e-05
2025-06-01 08:00:00+00:00,1748775600000,653.14,653.15,647.79,650.11,68058.57,511295.55,-5.535e-05
2025-06-01 12:00:00+00:00,1748790000000,650.1,654.22,647.12,654.19,51300.42999999999,511684.46,-1.641e-05
2025-06-01 16:00:00+00:00,1748804400000,654.19,657.49,650.4,654.7,54816.07,509427.98,-4.203e-05
2025-06-01 20:00:00+00:00,1748818800000,654.7,662.44,654.63,660.66,66904.4,504473.37,0.0
2025-06-02 00:00:00+00:00,1748833200000,660.65,664.3,656.36,656.72,70491.8,511053.63,0.0
2025-06-02 04:00:00+00:00,1748847600000,656.72,659.25,654.78,657.99,56751.57,508222.65,0.0
2025-06-02 08:00:00+00:00,1748862000000,657.99,658.46,650.1,651.03,85168.43,509214.2,0.0
2025-06-02 12:00:00+00:00,1748876400000,651.03,657.93,649.61,656.93,93508.26,510679.81,0.0
2025-06-02 16:00:00+00:00,1748890800000,656.93,661.92,655.41,661.01,56994.1,512955.55,0.0
2025-06-02 20:00:00+00:00,1748905200000,661.01,667.24,660.24,665.93,71712.64,512113.31,0.0
2025-06-03 00:00:00+00:00,1748919600000,665.93,673.76,665.79,667.82,123868.59999999999,517273.52,0.0
2025-06-03 04:00:00+00:00,1748934000000,667.82,668.66,665.1,665.28,38577.78,516179.1,0.0
2025-06-03 08:00:00+00:00,1748948400000,665.28,667.9,663.8,664.92,68209.94,509637.79,0.0
2025-06-03 12:00:00+00:00,1748962800000,664.93,668.31,661.63,666.85,107904.06,512337.07,0.0
2025-06-03 16:00:00+00:00,1748977200000,666.85,667.64,662.79,664.91,44294.79,515261.42,0.0
2025-06-03 20:00:00+00:00,1748991600000,664.92,665.0,656.66,661.33,66631.0,509592.79,0.0
2025-06-04 00:00:00+00:00,1749006000000,661.33,669.99,660.64,668.41,77528.54000000001,509579.74,0.0
2025-06-04 04:00:00+00:00,1749020400000,668.4,670.99,668.1,670.8,62039.899999999994,514920.3,0.0
2025-06-04 08:00:00+00:00,1749034800000,670.81,671.83,667.5,667.86,52870.8,512102.1,0.0
2025-06-04 12:00:00+00:00,1749049200000,667.86,670.5,665.13,669.42,79334.38,507199.37,0.0
2025-06-04 16:00:00+00:00,1749063600000,669.43,670.0,666.13,667.36,50955.78,505860.93,0.0
2025-06-04 20:00:00+00:00,1749078000000,667.35,667.47,661.52,662.93,73279.08,507428.06,0.0
2025-06-05 00:00:00+00:00,1749092400000,662.93,666.43,662.64,665.59,40195.09,506256.82,0.0
2025-06-05 04:00:00+00:00,1749106800000,665.59,668.5,664.96,668.37,57022.43,502239.48,0.0
2025-06-05 08:00:00+00:00,1749121200000,668.37,670.74,661.94,662.1,118753.15,505460.5,0.0
2025-06-05 12:00:00+00:00,1749135600000,662.11,665.5,656.42,659.04,163991.28,513275.1,0.0
2025-06-05 16:00:00+00:00,1749150000000,659.04,659.04,640.5,644.04,194452.87,508640.12,-3.318e-05
2025-06-05 20:00:00+00:00,1749164400000,644.04,644.04,622.05,632.9,305869.54,501846.33,-0.00017895
2025-06-06 00:00:00+00:00,1749178800000,632.9,641.27,628.56,640.88,101666.38,493684.69,-0.00018311
2025-06-06 04:00:00+00:00,1749193200000,640.87,642.0,634.6,640.97,84374.92,490099.04,-0.00016454
2025-06-06 08:00:00+00:00,1749207600000,640.97,646.66,640.36,646.09,88551.38,477674.36,-0.00012288
2025-06-06 12:00:00+00:00,1749222000000,646.09,651.12,645.51,647.49,123186.20000000001,479033.66,0.0
2025-06-06 16:00:00+00:00,1749236400000,647.46,648.49,643.76,644.95,52588.06,482182.75,0.0
2025-06-06 20:00:00+00:00,1749250800000,644.96,646.56,640.79,642.25,68270.70999999999,475395.89,0.0
2025-06-07 00:00:00+00:00,1749265200000,642.26,646.98,639.13,646.78,69971.24,477503.47,-3.697e-05
2025-06-07 04:00:00+00:00,1749279600000,646.78,649.58,645.15,648.34,38566.05,477248.16,-2.95e-05
2025-06-07 08:00:00+00:00,1749294000000,648.34,648.87,646.01,648.05,34131.51,477641.04,-5.914e-05
2025-06-07 12:00:00+00:00,1749308400000,648.04,650.97,647.87,650.4,49596.46,475624.11,-3.353e-05
2025-06-07 16:00:00+00:00,1749322800000,650.39,652.53,649.12,651.73,57972.39,476369.17,0.0
2025-06-07 20:00:00+00:00,1749337200000,651.73,653.54,650.08,650.41,37948.880000000005,474844.8,0.0
2025-06-08 00:00:00+00:00,1749351600000,650.41,650.48,648.19,648.98,36823.35,472999.37,-7.434e-05
2025-06-08 04:00:00+00:00,1749366000000,648.98,650.34,648.5,648.99,28765.61,474663.49,-5.168e-05
2025-06-08 08:00:00+00:00,1749380400000,649.0,650.13,646.21,650.11,40908.719999999994,477281.28,-3.785e-05
2025-06-08 12:00:00+00:00,1749394800000,650.11,651.87,649.15,651.58,41896.46,476193.7,0.0
2025-06-08 16:00:00+00:00,1749409200000,651.59,654.74,651.58,654.33,46576.32,475289.96,0.0
2025-06-08 20:00:00+00:00,1749423600000,654.34,656.19,651.21,651.64,47078.59,475499.6,0.0
2025-06-09 00:00:00+00:00,1749438000000,651.65,653.19,648.03,651.25,48370.12,470641.78,0.0
2025-06-09 04:00:00+00:00,1749452400000,651.24,651.24,647.52,648.96,38730.24,471953.31,-0.00013999
2025-06-09 08:00:00+00:00,1749466800000,648.97,656.14,647.85,655.23,70154.92,474025.64,-9.3e-05
2025-06-09 12:00:00+00:00,1749481200000,655.23,656.74,652.39,656.16,64947.44,477639.64,-2.762e-05
2025-06-09 16:00:00+00:00,1749495600000,656.17,660.76,656.17,659.49,71184.26000000001,474930.51,0.0
2025-06-09 20:00:00+00:00,1749510000000,659.5,667.76,659.5,665.61,107758.1,476967.92,0.0
2025-06-10 00:00:00+00:00,1749524400000,665.61,668.01,663.42,664.02,63582.71,477735.34,0.0
2025-06-10 04:00:00+00:00,1749538800000,664.03,664.37,659.82,660.61,58005.79,473833.51,0.0
2025-06-10 08:00:00+00:00,1749553200000,660.61,665.46,656.77,664.92,126980.4,476973.98,0.0
2025-06-10 12:00:00+00:00,1749567600000,664.91,667.45,657.88,660.96,126473.93,477649.87,-2.863e-05
2025-06-10 16:00:00+00:00,1749582000000,660.97,669.09,660.81,667.34,72064.6,481335.28,0.0
2025-06-10 20:00:00+00:00,1749596400000,667.34,674.59,667.25,673.66,149795.93,482956.4,0.0
2025-06-11 00:00:00+00:00,1749610800000,673.67,674.43,667.95,670.72,83372.05,480088.08,0.0
2025-06-11 04:00:00+00:00,1749625200000,670.73,672.38,668.57,670.08,63457.72,473961.22,0.0
2025-06-11 08:00:00+00:00,1749639600000,670.07,672.36,666.02,667.39,93535.8,470937.47,0.0
2025-06-11 12:00:00+00:00,1749654000000,667.39,672.36,665.71,669.59,103509.34,468185.39,0.0
2025-06-11 16:00:00+00:00,1749668400000,669.59,669.79,665.17,667.16,68332.42,468894.47,0.0
2025-06-11 20:00:00+00:00,1749682800000,667.16,669.15,662.06,667.58,67293.88,471266.28,0.0
2025-06-12 00:00:00+00:00,1749697200000,667.59,670.24,664.13,665.88,65203.33,473365.38,0.0
2025-06-12 04:00:00+00:00,1749711600000,665.89,668.72,664.15,667.29,47951.67,474402.35,0.0
2025-06-12 08:00:00+00:00,1749726000000,667.29,669.17,663.4,663.54,67035.08,476652.35,0.0
2025-06-12 12:00:00+00:00,1749740400000,663.54,665.13,659.53,659.81,97197.37,476430.12,0.0
2025-06-12 16:00:00+00:00,1749754800000,659.81,666.8,657.3,658.0,98006.29,477019.07,0.0
2025-06-12 20:00:00+00:00,1749769200000,658.0,658.97,651.42,654.41,97035.08,470225.62,-8.626e-05
2025-06-13 00:00:00+00:00,1749783600000,654.41,654.44,637.55,649.04,254783.25,463149.31,-8.411e-05
2025-06-13 04:00:00+00:00,1749798000000,649.05,654.9,645.61,654.83,81374.7,462850.15,0.0
2025-06-13 08:00:00+00:00,1749812400000,654.83,659.7,652.16,654.6,145055.38,464380.25,0.0
2025-06-13 12:00:00+00:00,1749826800000,654.6,654.83,649.18,653.47,89159.53,459257.38,0.0
2025-06-13 16:00:00+00:00,1749841200000,653.48,655.34,649.3,650.96,52821.46,456979.42,0.0
2025-06-13 20:00:00+00:00,1749855600000,650.96,655.04,650.04,655.04,33673.520000000004,454962.09,0.0
2025-06-14 00:00:00+00:00,1749870000000,655.03,655.05,650.0,650.87,40034.67,457671.08,-5.257e-05
2025-06-14 04:00:00+00:00,1749884400000,650.87,652.17,649.69,651.43,31602.16,459082.66,-9.688e-05
2025-06-14 08:00:00+00:00,1749898800000,651.42,651.43,648.69,650.16,40928.11,456472.24,-0.00011546
2025-06-14 12:00:00+00:00,1749913200000,650.17,650.32,643.88,644.94,55145.159999999996,454879.04,-0.0001502
2025-06-14 16:00:00+00:00,1749927600000,644.94,645.72,638.52,640.28,90356.19,455840.47,-0.00018591
2025-06-14 20:00:00+00:00,1749942000000,640.27,645.99,638.37,645.23,36927.82,454571.98,-0.00015388
2025-06-15 00:00:00+00:00,1749956400000,645.23,647.66,644.56,647.24,29604.059999999998,453376.76,-6.016e-05
2025-06-15 04:00:00+00:00,1749970800000,647.24,651.76,647.23,648.82,58176.78,450997.73,0.0
2025-06-15 08:00:00+00:00,1749985200000,648.82,649.22,645.66,648.08,40424.05,451664.72,0.0
2025-06-15 12:00:00+00:00,1749999600000,648.07,650.94,646.63,647.51,47663.5,451364.56,0.0
2025-06-15 16:00:00+00:00,1750014000000,647.51,648.85,645.37,646.44,28550.379999999997,453695.84,0.0
2025-06-15 20:00:00+00:00,1750028400000,646.44,648.29,642.36,647.92,43064.04,455326.7,0.0
2025-06-16 00:00:00+00:00,1750042800000,647.93,652.54,646.0,651.49,56206.68,456628.13,0.0
2025-06-16 04:00:00+00:00,1750057200000,651.49,656.92,651.05,655.96,60360.5,458718.11,0.0
2025-06-16 08:00:00+00:00,1750071600000,655.96,656.77,653.12,654.6,45757.45,459159.13,0.0
2025-06-16 12:00:00+00:00,1750086000000,654.61,659.62,653.76,657.58,65444.23,461255.66,0.0
2025-06-16 16:00:00+00:00,1750100400000,657.57,659.25,655.73,659.24,42977.13,460766.87,0.0
2025-06-16 20:00:00+00:00,1750114800000,659.24,659.25,650.06,650.74,74006.08,454489.6,0.0
2025-06-17 00:00:00+00:00,1750129200000,650.74,656.74,647.02,656.58,82385.73000000001,450564.66,0.0
2025-06-17 04:00:00+00:00,1750143600000,656.58,659.25,655.15,657.88,72086.33,459103.34,0.0
2025-06-17 08:00:00+00:00,1750158000000,657.88,658.75,652.56,653.68,148526.95,458423.43,0.0
2025-06-17 12:00:00+00:00,1750172400000,653.69,656.32,645.0,646.36,95939.89,450917.9,0.0
2025-06-17 16:00:00+00:00,1750186800000,646.35,649.8,640.0,648.32,101738.76000000001,452991.01,0.0
2025-06-17 20:00:00+00:00,1750201200000,648.31,648.97,645.42,648.04,47606.17,456175.4,0.0
2025-06-18 00:00:00+00:00,1750215600000,648.04,654.19,647.86,652.14,69445.63,462890.65,0.0
2025-06-18 04:00:00+00:00,1750230000000,652.14,653.9,650.5,651.45,48894.32,467749.61,0.0
2025-06-18 08:00:00+00:00,1750244400000,651.44,652.46,641.22,644.78,122908.64,463893.83,0.0
2025-06-18 12:00:00+00:00,1750258800000,644.78,644.82,636.69,641.64,133079.82,463642.46,-0.00017374
2025-06-18 16:00:00+00:00,1750273200000,641.63,642.62,637.02,639.06,73915.76000000001,464483.81,-0.00030497
2025-06-18 20:00:00+00:00,1750287600000,639.06,645.18,638.17,644.33,50032.090000000004,461844.17,-6.917e-05
2025-06-19 00:00:00+00:00,1750302000000,644.33,645.63,641.0,645.16,44414.0,461683.08,0.0
2025-06-19 04:00:00+00:00,1750316400000,645.16,646.43,643.7,644.55,41916.229999999996,462888.43,0.0
2025-06-19 08:00:00+00:00,1750330800000,644.55,645.9,642.27,642.37,34533.58,463720.98,0.0
2025-06-19 12:00:00+00:00,1750345200000,642.38,642.89,639.16,639.48,64087.38,467764.41,0.0
2025-06-19 16:00:00+00:00,1750359600000,639.47,642.68,638.24,642.27,49236.11,465717.19,0.0
2025-06-19 20:00:00+00:00,1750374000000,642.26,644.88,641.55,644.51,33263.65,466793.31,0.0
2025-06-20 00:00:00+00:00,1750388400000,644.52,645.52,643.46,644.67,35902.2,469835.74,0.0
2025-06-20 04:00:00+00:00,1750402800000,644.68,647.46,641.27,647.46,63168.770000000004,466806.96,0.0
2025-06-20 08:00:00+00:00,1750417200000,647.46,649.33,646.12,647.28,84987.39,469828.48,0.0
2025-06-20 12:00:00+00:00,1750431600000,647.28,654.0,642.98,645.5,112329.11,473307.86,0.0
2025-06-20 16:00:00+00:00,1750446000000,645.5,645.71,637.88,642.85,110017.06,467365.6,0.0
2025-06-20 20:00:00+00:00,1750460400000,642.85,645.4,639.83,641.68,52896.71,464605.13,0.0
2025-06-21 00:00:00+00:00,1750474800000,641.69,644.96,640.93,644.34,38052.81,464280.68,0.0
2025-06-21 04:00:00+00:00,1750489200000,644.33,644.5,636.7,641.27,64492.55,460182.49,0.0
2025-06-21 08:00:00+00:00,1750503600000,641.26,642.38,638.9,642.28,44022.270000000004,460034.7,0.0
2025-06-21 12:00:00+00:00,1750518000000,642.27,642.69,633.85,636.11,110257.93,467171.49,-0.00014758
2025-06-21 16:00:00+00:00,1750532400000,636.1,636.63,630.2,630.59,70429.0,476167.02,-0.00038618
2025-06-21 20:00:00+00:00,1750546800000,630.59,632.95,620.91,628.75,135926.65,469806.83,-0.00012744
2025-06-22 00:00:00+00:00,1750561200000,628.75,633.06,626.5,629.26,89543.38,471904.59,0.0
2025-06-22 04:00:00+00:00,1750575600000,629.27,635.41,629.2,632.7,68939.23000000001,460573.35,0.0
2025-06-22 08:00:00+00:00,1750590000000,632.7,633.15,627.33,630.42,51119.899999999994,459718.82,0.0
2025-06-22 12:00:00+00:00,1750604400000,630.43,631.14,606.42,607.45,314158.01,468997.06,0.0
2025-06-22 16:00:00+00:00,1750618800000,607.45,612.4,604.0,605.16,125125.25,469144.23,0.0
2025-06-22 20:00:00+00:00,1750633200000,605.16,616.75,600.91,615.72,122916.54,462059.43,0.0
2025-06-23 00:00:00+00:00,1750647600000,615.72,621.09,614.86,620.0,73954.48000000001,459989.41,0.0
2025-06-23 04:00:00+00:00,1750662000000,620.0,624.54,620.0,623.88,59889.57,457073.2,0.0
2025-06-23 08:00:00+00:00,1750676400000,623.87,624.89,615.95,617.21,83069.15,463504.85,0.0
2025-06-23 12:00:00+00:00,1750690800000,617.21,628.0,615.6,622.4,164176.46,461053.76,0.0
2025-06-23 16:00:00+00:00,1750705200000,622.39,630.86,616.54,629.63,181538.99,456971.01,0.0
2025-06-23 20:00:00+00:00,1750719600000,629.63,642.56,628.3,640.02,140266.93,453423.91,-6.2e-06
2025-06-24 00:00:00+00:00,1750734000000,640.02,640.89,635.8,639.19,71406.41,449064.82,-0.00023116
2025-06-24 04:00:00+00:00,1750748400000,639.19,642.39,638.12,638.79,65278.88,449146.4,-0.000165
2025-06-24 08:00:00+00:00,1750762800000,638.79,641.25,635.75,638.07,75617.51999999999,450118.13,-9.509e-05
2025-06-24 12:00:00+00:00,1750777200000,638.08,641.25,637.4,639.07,61267.84,451663.42,-0.00012043
2025-06-24 16:00:00+00:00,1750791600000,639.07,643.7,639.07,642.0,65023.4,451714.69,-9.49e-06
2025-06-24 20:00:00+00:00,1750806000000,642.01,643.9,641.73,643.3,28238.93,450690.97,0.0
2025-06-25 00:00:00+00:00,1750820400000,643.29,650.75,642.24,648.19,182383.13999999998,467474.17,0.0
2025-06-25 04:00:00+00:00,1750834800000,648.19,653.09,642.88,644.97,132956.91,451694.27,0.0
2025-06-25 08:00:00+00:00,1750849200000,644.97,648.01,641.41,646.83,67485.42,456634.63,0.0
2025-06-25 12:00:00+00:00,1750863600000,646.83,647.96,642.03,642.37,104473.1,455753.44,0.0
2025-06-25 16:00:00+00:00,1750878000000,642.36,647.77,641.85,647.56,38375.69,455955.95,0.0
2025-06-25 20:00:00+00:00,1750892400000,647.56,648.28,643.89,646.1,30833.079999999998,456424.64,0.0
2025-06-26 00:00:00+00:00,1750906800000,646.1,649.94,645.36,648.38,54414.66,459710.75,0.0
2025-06-26 04:00:00+00:00,1750921200000,648.38,649.28,644.38,647.27,54856.18,455041.54,0.0
2025-06-26 08:00:00+00:00,1750935600000,647.27,648.31,644.45,644.5,38099.259999999995,455785.48,0.0
2025-06-26 12:00:00+00:00,1750950000000,644.49,645.78,640.73,644.84,79225.85,447487.31,0.0
2025-06-26 16:00:00+00:00,1750964400000,644.84,647.49,644.13,645.05,48736.909999999996,451294.39,0.0
2025-06-26 20:00:00+00:00,1750978800000,645.05,646.43,641.06,642.05,37028.11,449347.76,0.0
2025-06-27 00:00:00+00:00,1750993200000,642.05,645.9,638.58,645.76,51509.229999999996,450029.98,0.0
2025-06-27 04:00:00+00:00,1751007600000,645.75,646.67,642.45,643.44,36239.59,449583.74,0.0
2025-06-27 08:00:00+00:00,1751022000000,643.43,645.5,643.0,645.33,31757.37,448656.33,0.0
2025-06-27 12:00:00+00:00,1751036400000,645.32,647.88,643.36,646.56,68269.64,452858.34,0.0
2025-06-27 16:00:00+00:00,1751050800000,646.56,648.45,642.14,645.07,48610.06,449607.46,0.0
2025-06-27 20:00:00+00:00,1751065200000,645.07,646.88,644.78,645.56,24417.65,451272.71,0.0
2025-06-28 00:00:00+00:00,1751079600000,645.57,645.84,644.0,644.18,18197.88,450388.1,0.0
2025-06-28 04:00:00+00:00,1751094000000,644.18,646.98,644.06,646.91,26707.75,452827.42,0.0
2025-06-28 08:00:00+00:00,1751108400000,646.91,647.0,645.08,646.21,17224.920000000002,452800.75,0.0
2025-06-28 12:00:00+00:00,1751122800000,646.2,646.76,645.19,646.38,23911.75,451420.98,0.0
2025-06-28 16:00:00+00:00,1751137200000,646.39,647.5,645.3,647.18,23347.14,449811.78,0.0
2025-06-28 20:00:00+00:00,1751151600000,647.18,648.99,647.05,648.38,20610.87,452261.67,0.0
2025-06-29 00:00:00+00:00,1751166000000,648.37,648.64,646.68,648.41,20757.3,452613.89,0.0
2025-06-29 04:00:00+00:00,1751180400000,648.41,650.23,648.3,649.09,35157.31,456721.43,0.0
2025-06-29 08:00:00+00:00,1751194800000,649.1,651.0,648.96,650.97,32278.96,457893.8,0.0
2025-06-29 12:00:00+00:00,1751209200000,650.97,651.03,648.0,648.79,34321.4,451961.26,0.0
2025-06-29 16:00:00+00:00,1751223600000,648.79,649.15,647.74,648.37,19794.0,449594.26,0.0
2025-06-29 20:00:00+00:00,1751238000000,648.37,656.06,646.46,654.96,61875.469999999994,450827.84,0.0
2025-06-30 00:00:00+00:00,1751252400000,654.96,657.26,653.22,655.41,52878.78,452879.85,0.0
2025-06-30 04:00:00+00:00,1751266800000,655.4,656.72,652.36,654.52,43432.520000000004,454863.62,0.0
2025-06-30 08:00:00+00:00,1751281200000,654.49,655.12,651.6,654.2,63577.84,457639.73,0.0
2025-06-30 12:00:00+00:00,1751295600000,654.21,656.83,651.19,656.6,59457.0,460706.27,0.0
2025-06-30 16:00:00+00:00,1751310000000,656.6,659.47,655.18,659.34,52692.84,461723.09,0.0
2025-06-30 20:00:00+00:00,1751324400000,659.33,660.0,656.63,656.99,39363.7,465156.74,0.0
2025-07-01 00:00:00+00:00,1751338800000,656.99,659.2,655.4,655.9,36878.16,467330.52,0.0
2025-07-01 04:00:00+00:00,1751353200000,655.9,655.92,651.56,653.98,55631.270000000004,462068.65,0.0
2025-07-01 08:00:00+00:00,1751367600000,653.98,653.98,651.5,652.24,35754.490000000005,462836.0,0.0
2025-07-01 12:00:00+00:00,1751382000000,652.24,652.58,645.3,645.74,99153.58,460448.32,0.0
2025-07-01 16:00:00+00:00,1751396400000,645.74,646.81,644.12,645.52,34807.92,459189.77,0.0
2025-07-01 20:00:00+00:00,1751410800000,645.52,647.29,643.65,646.11,29498.74,458719.49,0.0
2025-07-02 00:00:00+00:00,1751425200000,646.12,650.08,643.5,649.59,38467.869999999995,458789.76,0.0
2025-07-02 04:00:00+00:00,1751439600000,649.6,657.82,649.51,657.66,77584.1,459984.14,0.0
2025-07-02 08:00:00+00:00,1751454000000,657.65,659.96,657.06,657.38,60370.380000000005,465368.23,0.0
2025-07-02 12:00:00+00:00,1751468400000,657.38,662.31,655.54,661.75,69815.5,469040.9,0.0
2025-07-02 16:00:00+00:00,1751482800000,661.75,664.71,661.6,663.8,83878.0,471141.96,0.0
2025-07-02 20:00:00+00:00,1751497200000,663.8,664.88,659.43,659.97,52764.14,470960.22,0.0
2025-07-03 00:00:00+00:00,1751511600000,659.96,661.35,658.32,659.46,40712.92,468693.11,0.0
2025-07-03 04:00:00+00:00,1751526000000,659.46,662.89,659.12,662.75,47516.4,466265.53,0.0
2025-07-03 08:00:00+00:00,1751540400000,662.76,664.68,661.08,662.03,48898.1,469124.78,0.0
2025-07-03 12:00:00+00:00,1751554800000,662.03,664.39,656.56,656.96,92243.41,464383.29,0.0
2025-07-03 16:00:00+00:00,1751569200000,656.95,662.02,656.95,661.67,35052.66,465847.14,0.0
2025-07-03 20:00:00+00:00,1751583600000,661.67,665.0,661.67,663.9,42925.56,473524.63,0.0
2025-07-04 00:00:00+00:00,1751598000000,663.9,664.4,660.21,662.08,43717.89,473904.33,0.0
2025-07-04 04:00:00+00:00,1751612400000,662.07,662.08,656.03,656.03,42301.869999999995,468908.75,0.0
2025-07-04 08:00:00+00:00,1751626800000,656.04,659.9,654.6,659.66,45613.71,466524.92,0.0
2025-07-04 12:00:00+00:00,1751641200000,659.66,660.17,652.1,652.77,74732.36,463573.87,0.0
2025-07-04 16:00:00+00:00,1751655600000,652.76,653.28,650.08,651.46,52616.090000000004,461222.86,0.0
2025-07-04 20:00:00+00:00,1751670000000,651.45,653.88,650.35,653.39,28106.22,459795.8,0.0
2025-07-05 00:00:00+00:00,1751684400000,653.38,655.98,652.54,655.82,28067.39,458951.75,0.0
2025-07-05 04:00:00+00:00,1751698800000,655.81,656.76,654.12,654.42,29600.94,459116.91,0.0
2025-07-05 08:00:00+00:00,1751713200000,654.41,655.94,653.72,655.32,26133.31,461930.32,0.0
2025-07-05 12:00:00+00:00,1751727600000,655.33,655.54,653.91,654.14,20575.28,461503.2,0.0
2025-07-05 16:00:00+00:00,1751742000000,654.13,654.66,651.72,653.79,27785.519999999997,460211.78,0.0
2025-07-05 20:00:00+00:00,1751756400000,653.79,656.3,653.56,655.99,18996.67,459756.7,0.0
2025-07-06 00:00:00+00:00,1751770800000,656.0,656.62,654.27,654.7,19930.72,460294.58,0.0
2025-07-06 04:00:00+00:00,1751785200000,654.69,655.82,653.41,654.55,20723.47,459496.03,0.0
2025-07-06 08:00:00+00:00,1751799600000,654.54,656.26,653.22,656.26,21658.27,459431.87,0.0
2025-07-06 12:00:00+00:00,1751814000000,656.26,663.88,655.41,662.96,110481.57,465413.13,0.0
2025-07-06 16:00:00+00:00,1751828400000,662.96,663.74,661.36,663.24,46393.2,472484.96,0.0
2025-07-06 20:00:00+00:00,1751842800000,663.24,664.89,660.49,663.12,66133.69,470677.68,0.0
2025-07-07 00:00:00+00:00,1751857200000,663.12,663.2,660.26,660.71,33146.31,467581.37,0.0
2025-07-07 04:00:00+00:00,1751871600000,660.71,662.5,660.48,662.5,29601.190000000002,468229.08,0.0
2025-07-07 08:00:00+00:00,1751886000000,662.49,663.1,661.24,662.17,44088.58,468720.76,0.0
2025-07-07 12:00:00+00:00,1751900400000,662.17,662.64,658.73,658.81,47028.11,466398.75,0.0
2025-07-07 16:00:00+00:00,1751914800000,658.81,661.82,656.5,661.4,58531.53,466436.42,0.0
2025-07-07 20:00:00+00:00,1751929200000,661.4,661.4,657.8,661.04,27747.35,463715.14,0.0
2025-07-08 00:00:00+00:00,1751943600000,661.05,662.64,657.47,659.92,42068.17,465002.82,0.0
2025-07-08 04:00:00+00:00,1751958000000,659.92,660.5,658.7,659.84,31468.61,466465.37,0.0
2025-07-08 08:00:00+00:00,1751972400000,659.83,661.62,659.18,661.2,50556.9,464844.22,0.0
2025-07-08 12:00:00+00:00,1751986800000,661.21,661.9,657.5,658.04,44857.87,463002.5,0.0
2025-07-08 16:00:00+00:00,1752001200000,658.05,662.07,657.24,660.97,57647.31,465118.09,0.0
2025-07-08 20:00:00+00:00,1752015600000,660.97,660.98,657.54,660.52,35528.42,462724.4,0.0
2025-07-09 00:00:00+00:00,1752030000000,660.52,662.53,659.88,661.78,41019.33,467915.88,0.0
2025-07-09 04:00:00+00:00,1752044400000,661.78,664.6,661.44,662.56,49507.5,469716.49,0.0
2025-07-09 08:00:00+00:00,1752058800000,662.55,662.89,658.41,661.24,53709.45,460918.37,0.0
2025-07-09 12:00:00+00:00,1752073200000,661.23,663.45,660.04,662.53,62547.990000000005,462084.83,0.0
2025-07-09 16:00:00+00:00,1752087600000,662.54,670.27,662.12,669.51,85221.03,462708.25,0.0
2025-07-09 20:00:00+00:00,1752102000000,669.51,671.94,666.28,668.88,77367.31,470941.23,0.0
2025-07-10 00:00:00+00:00,1752116400000,668.89,671.61,668.4,670.49,45153.91,473362.83,0.0
2025-07-10 04:00:00+00:00,1752130800000,670.49,673.37,669.73,671.4,56554.2,476007.31,0.0
2025-07-10 08:00:00+00:00,1752145200000,671.39,673.9,669.33,669.95,80337.89,474629.09,0.0
2025-07-10 12:00:00+00:00,1752159600000,669.95,671.8,667.12,668.14,51857.770000000004,472100.15,0.0
2025-07-10 16:00:00+00:00,1752174000000,668.14,679.24,667.73,676.08,123251.35,479840.32,0.0
2025-07-10 20:00:00+00:00,1752188400000,676.08,688.13,675.68,686.3,166029.76,477893.93,0.0
2025-07-11 00:00:00+00:00,1752202800000,686.3,691.87,684.32,689.65,119064.79000000001,487161.76,3.342e-05
2025-07-11 04:00:00+00:00,1752217200000,689.66,695.4,685.01,685.29,135064.61,482979.69,0.0
2025-07-11 08:00:00+00:00,1752231600000,685.29,690.95,684.44,688.59,97013.11,474845.81,0.0
2025-07-11 12:00:00+00:00,1752246000000,688.58,694.66,686.53,687.7,107028.48999999999,480500.1,0.0
2025-07-11 16:00:00+00:00,1752260400000,687.69,697.78,686.3,694.26,139893.84,496647.42,7.8e-07
2025-07-11 20:00:00+00:00,1752274800000,694.26,694.5,683.01,690.4,88919.2,491578.9,0.0
2025-07-12 00:00:00+00:00,1752289200000,690.4,695.72,688.29,695.63,62380.6,494236.31,1.872e-05
2025-07-12 04:00:00+00:00,1752303600000,695.64,697.38,690.52,694.71,63546.29,499440.59,2.057e-05
2025-07-12 08:00:00+00:00,1752318000000,694.7,695.0,691.46,692.19,47977.74,500102.59,3.425e-05
2025-07-12 12:00:00+00:00,1752332400000,692.19,692.4,679.47,681.29,122249.45000000001,497777.64,0.0
2025-07-12 16:00:00+00:00,1752346800000,681.3,686.78,680.04,684.83,46170.19,494644.47,0.0
2025-07-12 20:00:00+00:00,1752361200000,684.82,686.52,680.4,686.1,31197.14,492656.83,0.0
2025-07-13 00:00:00+00:00,1752375600000,686.1,688.06,685.3,687.08,26328.23,494024.54,0.0
2025-07-13 04:00:00+00:00,1752390000000,687.08,690.44,686.99,690.43,30664.309999999998,493705.63,0.0
2025-07-13 08:00:00+00:00,1752404400000,690.44,691.62,688.32,691.47,38576.88,496768.2,0.0
2025-07-13 12:00:00+00:00,1752418800000,691.47,694.47,690.07,691.56,82243.43,496830.1,0.0
2025-07-13 16:00:00+00:00,1752433200000,691.57,693.86,688.33,691.97,41967.630000000005,494578.52,0.0
2025-07-13 20:00:00+00:00,1752447600000,691.96,693.53,688.29,692.33,36389.29,496151.23,0.0
2025-07-14 00:00:00+00:00,1752462000000,692.33,700.0,690.2,697.61,96557.11,503274.37,0.0
2025-07-14 04:00:00+00:00,1752476400000,697.62,708.0,692.9,706.86,212513.46,526835.42,9.445e-05
2025-07-14 08:00:00+00:00,1752490800000,706.87,707.19,701.0,704.88,120003.95999999999,530940.74,7.406e-05
2025-07-14 12:00:00+00:00,1752505200000,704.87,705.67,690.43,692.9,134033.68,521174.65,0.0
2025-07-14 16:00:00+00:00,1752519600000,692.91,694.51,687.84,690.11,81836.4,515564.48,0.0
2025-07-14 20:00:00+00:00,1752534000000,690.11,692.33,686.01,689.11,52557.53,514290.59,0.0
2025-07-15 00:00:00+00:00,1752548400000,689.1,691.04,675.0,679.85,149602.68,506412.63,0.0
2025-07-15 04:00:00+00:00,1752562800000,679.85,683.72,676.01,679.16,72816.05,504691.2,0.0
2025-07-15 08:00:00+00:00,1752577200000,679.17,681.05,676.39,680.55,51548.73,502587.69,0.0
2025-07-15 12:00:00+00:00,1752591600000,680.55,687.77,676.8,683.15,134814.05,499565.12,0.0
2025-07-15 16:00:00+00:00,1752606000000,683.15,688.98,682.67,684.91,81693.54000000001,501559.3,0.0
2025-07-15 20:00:00+00:00,1752620400000,684.91,693.54,683.6,690.37,53118.92,505168.11,0.0
2025-07-16 00:00:00+00:00,1752634800000,690.37,693.97,686.28,688.2,49061.92,504008.8,1.553e-05
2025-07-16 04:00:00+00:00,1752649200000,688.21,693.88,685.43,692.16,44845.5,501896.07,0.0
2025-07-16 08:00:00+00:00,1752663600000,692.17,695.76,690.95,694.7,64669.11,504767.31,0.0
2025-07-16 12:00:00+00:00,1752678000000,694.69,707.08,691.03,700.68,182872.48,506513.6,0.0
2025-07-16 16:00:00+00:00,1752692400000,700.68,711.47,699.17,706.97,161949.39,519387.21,4.044e-05
2025-07-16 20:00:00+00:00,1752706800000,706.96,715.99,706.91,709.13,133291.3,525552.51,0.0
2025-07-17 00:00:00+00:00,1752721200000,709.13,724.2,708.08,709.75,271949.38,535033.13,0.0
2025-07-17 04:00:00+00:00,1752735600000,709.74,723.84,707.08,721.19,170679.58000000002,534112.95,0.0
2025-07-17 08:00:00+00:00,1752750000000,721.19,722.19,714.4,718.04,173804.03,540248.7,0.0
2025-07-17 12:00:00+00:00,1752764400000,718.05,728.4,712.03,721.69,208252.32,554846.4,4.719e-05
2025-07-17 16:00:00+00:00,1752778800000,721.69,722.4,713.77,715.84,112652.8,551021.64,0.0
2025-07-17 20:00:00+00:00,1752793200000,715.83,726.24,711.0,721.11,125578.65,552391.17,5.505e-05
2025-07-18 00:00:00+00:00,1752807600000,721.1,737.16,720.1,737.05,159480.76,558566.22,0.00025679
2025-07-18 04:00:00+00:00,1752822000000,737.06,748.74,734.05,740.42,264967.83,559577.43,0.00013265
2025-07-18 08:00:00+00:00,1752836400000,740.43,743.09,733.18,737.25,176748.61,545294.45,0.00013118
2025-07-18 12:00:00+00:00,1752850800000,737.25,766.26,731.36,737.93,451394.81,553970.97,4.356e-05
2025-07-18 16:00:00+00:00,1752865200000,737.92,748.81,729.03,732.15,166162.03999999998,557442.61,0.0
2025-07-18 20:00:00+00:00,1752879600000,732.14,735.79,718.91,730.39,194455.15,560804.23,0.0
2025-07-19 00:00:00+00:00,1752894000000,730.39,735.39,718.95,735.25,119801.91,563257.28,0.0
2025-07-19 04:00:00+00:00,1752908400000,735.25,739.76,731.93,732.66,92044.98000000001,564520.79,0.0
2025-07-19 08:00:00+00:00,1752922800000,732.66,738.84,728.28,737.17,97826.82,566418.31,0.0
2025-07-19 12:00:00+00:00,1752937200000,737.17,742.94,727.78,731.15,131839.86,564916.11,0.0
2025-07-19 16:00:00+00:00,1752951600000,731.16,735.63,728.16,734.82,53884.78,563963.89,0.0
2025-07-19 20:00:00+00:00,1752966000000,734.82,736.27,725.15,733.43,70307.18000000001,555276.76,0.0
2025-07-20 00:00:00+00:00,1752980400000,733.43,746.74,731.67,743.4,106022.86,558834.58,0.0
2025-07-20 04:00:00+00:00,1752994800000,743.4,746.0,739.73,744.99,59346.69,558325.06,1.236e-05
2025-07-20 08:00:00+00:00,1753009200000,744.98,751.36,744.98,749.2,114080.93,564794.48,1.816e-05
2025-07-20 12:00:00+00:00,1753023600000,749.2,752.27,745.55,751.41,93855.07,567861.76,0.0
2025-07-20 16:00:00+00:00,1753038000000,751.41,756.9,746.16,753.48,139735.21,564624.64,0.0
2025-07-20 20:00:00+00:00,1753052400000,753.47,762.04,745.25,757.31,185595.31,570041.67,3.139e-05
2025-07-21 00:00:00+00:00,1753066800000,757.32,764.85,746.29,763.71,169871.97,580378.86,5.843e-05
2025-07-21 04:00:00+00:00,1753081200000,763.7,767.53,759.65,760.87,116355.54,577054.19,1.157e-05
2025-07-21 08:00:00+00:00,1753095600000,760.88,780.3,760.34,769.59,197989.31,597832.45,0.00016562
2025-07-21 12:00:00+00:00,1753110000000,769.6,782.76,766.42,774.62,191648.05,591894.27,0.00012206
2025-07-21 16:00:00+00:00,1753124400000,774.61,775.65,755.76,757.59,203571.91,582761.82,0.0
2025-07-21 20:00:00+00:00,1753138800000,757.56,767.83,755.0,766.51,72736.92,582418.19,0.0
2025-07-22 00:00:00+00:00,1753153200000,766.52,772.54,753.08,760.49,206554.40000000002,579487.06,0.0
2025-07-22 04:00:00+00:00,1753167600000,760.49,764.55,745.0,758.49,190207.62,579398.33,0.0
2025-07-22 08:00:00+00:00,1753182000000,758.49,766.19,749.5,766.17,180302.1,576277.81,0.0
2025-07-22 12:00:00+00:00,1753196400000,766.18,768.1,755.89,764.44,152322.84,581707.32,0.00010551
2025-07-22 16:00:00+00:00,1753210800000,764.43,776.67,764.1,772.68,126205.07,584486.04,0.0003576
2025-07-22 20:00:00+00:00,1753225200000,772.68,789.48,771.81,787.6,149704.53999999998,595764.56,0.00024297
2025-07-23 00:00:00+00:00,1753239600000,787.6,806.19,785.43,798.04,449636.75,634699.78,0.00056451
2025-07-23 04:00:00+00:00,1753254000000,798.05,802.42,791.91,794.88,184134.37,635770.34,0.00024276
2025-07-23 08:00:00+00:00,1753268400000,794.87,809.24,788.2,809.02,306445.3,666621.6,4.536e-05
2025-07-23 12:00:00+00:00,1753282800000,809.01,810.55,775.44,784.9,617365.34,626566.51,3.203e-05
2025-07-23 16:00:00+00:00,1753297200000,784.89,785.01,760.94,771.01,359051.68,614765.85,0.0
2025-07-23 20:00:00+00:00,1753311600000,771.01,777.61,752.5,776.92,258113.83,603374.72,0.0
2025-07-24 00:00:00+00:00,1753326000000,776.88,786.93,773.11,779.76,159222.33,605931.74,0.0
2025-07-24 04:00:00+00:00,1753340400000,779.77,780.43,742.61,759.33,383533.39,595982.63,0.0
2025-07-24 08:00:00+00:00,1753354800000,759.32,772.91,755.8,770.57,178836.05,598012.28,0.0
2025-07-24 12:00:00+00:00,1753369200000,770.57,781.68,761.59,778.83,210646.57,601584.59,3.758e-05
2025-07-24 16:00:00+00:00,1753383600000,778.84,786.24,770.31,779.4,135802.08000000002,605232.41,5.035e-05
2025-07-24 20:00:00+00:00,1753398000000,779.4,782.17,770.0,771.15,85889.01000000001,603177.19,0.0
2025-07-25 00:00:00+00:00,1753412400000,771.16,771.77,753.18,756.99,185036.51,593607.31,0.0
2025-07-25 04:00:00+00:00,1753426800000,756.98,767.24,752.26,761.72,190126.88,592675.32,0.0
2025-07-25 08:00:00+00:00,1753441200000,761.72,773.77,761.56,772.11,127472.11,600941.39,0.0
2025-07-25 12:00:00+00:00,1753455600000,772.11,777.36,761.02,766.22,161581.09,593203.38,1.794e-05
2025-07-25 16:00:00+00:00,1753470000000,766.22,777.93,763.72,774.63,114148.06999999999,605685.81,0.0001151
2025-07-25 20:00:00+00:00,1753484400000,774.64,786.5,773.93,785.98,83713.23999999999,608309.48,0.00013733
2025-07-26 00:00:00+00:00,1753498800000,785.98,786.18,778.81,783.92,70374.62,609118.63,9.795e-05
2025-07-26 04:00:00+00:00,1753513200000,783.93,784.55,780.85,782.96,42322.22,609776.52,6.29e-06
2025-07-26 08:00:00+00:00,1753527600000,782.97,785.99,780.59,782.28,58868.84,610361.4,0.0
2025-07-26 12:00:00+00:00,1753542000000,782.29,783.73,779.68,781.73,37647.869999999995,611479.18,1.57e-06
2025-07-26 16:00:00+00:00,1753556400000,781.74,785.55,778.83,785.45,36357.130000000005,612554.59,5.351e-05
2025-07-26 20:00:00+00:00,1753570800000,785.44,799.0,784.04,793.61,158076.94,611435.18,0.00012703
2025-07-27 00:00:00+00:00,1753585200000,793.57,799.69,791.16,794.78,86810.06,613297.03,1.007e-05
2025-07-27 04:00:00+00:00,1753599600000,794.78,799.28,794.33,796.83,63799.92999999999,618660.38,0.0
2025-07-27 08:00:00+00:00,1753614000000,796.84,799.99,793.25,797.23,69951.3,618806.54,4.066e-05
2025-07-27 12:00:00+00:00,1753628400000,797.23,817.56,793.99,815.97,180968.4,638943.29,9.469e-05
2025-07-27 16:00:00+00:00,1753642800000,815.87,831.93,813.06,830.96,410473.66000000003,680997.32,0.00013675
2025-07-27 20:00:00+00:00,1753657200000,830.96,848.0,827.84,844.8,281026.08,712374.18,0.00013302
2025-07-28 00:00:00+00:00,1753671600000,844.71,856.21,840.17,842.24,301074.56,723858.4,0.00010745
2025-07-28 04:00:00+00:00,1753686000000,842.25,861.48,840.4,856.25,293607.27,756616.62,0.00010719
2025-07-28 08:00:00+00:00,1753700400000,856.21,861.76,845.62,851.15,251034.1,749636.91,0.00011279
2025-07-28 12:00:00+00:00,1753714800000,851.16,858.12,831.84,836.75,424414.37,731294.26,0.00011022
2025-07-28 16:00:00+00:00,1753729200000,836.74,841.62,826.29,832.27,223857.84,732061.3,0.00010325
2025-07-28 20:00:00+00:00,1753743600000,832.32,833.03,821.0,824.48,185590.96,714923.2,5.822e-05
2025-07-29 00:00:00+00:00,1753758000000,824.48,835.67,813.68,829.61,267954.97,702418.32,1.806e-05
2025-07-29 04:00:00+00:00,1753772400000,829.6,834.59,825.57,825.96,170047.66,698186.88,6.93e-06
2025-07-29 08:00:00+00:00,1753786800000,825.97,834.44,821.41,826.9,197885.63,692149.66,7.285e-05
2025-07-29 12:00:00+00:00,1753801200000,826.9,831.02,802.42,805.73,343199.49,668493.53,7.183e-05
2025-07-29 16:00:00+00:00,1753815600000,805.71,816.08,800.96,804.1,223799.96000000002,645203.77,3.565e-05
2025-07-29 20:00:00+00:00,1753830000000,804.11,809.92,800.61,805.82,109986.61,651201.62,0.00010428
2025-07-30 00:00:00+00:00,1753844400000,805.82,812.28,796.0,805.15,152118.16999999998,650944.25,7.123e-05
2025-07-30 04:00:00+00:00,1753858800000,805.14,807.24,796.02,800.94,134862.56,656182.76,3.355e-05
2025-07-30 08:00:00+00:00,1753873200000,800.93,806.2,787.12,789.29,199009.13999999998,651200.05,3.983e-05
2025-07-30 12:00:00+00:00,1753887600000,789.29,796.36,779.55,791.19,302048.48,639596.64,3.062e-05
2025-07-30 16:00:00+00:00,1753902000000,791.2,795.27,765.79,785.75,281605.73,624213.79,0.0
2025-07-30 20:00:00+00:00,1753916400000,785.75,794.23,783.51,794.07,93901.04999999999,631257.03,7.918e-05
2025-07-31 00:00:00+00:00,1753930800000,794.08,800.0,791.38,799.33,99633.70999999999,632043.36,1.287e-05
2025-07-31 04:00:00+00:00,1753945200000,799.33,805.8,797.3,804.03,92437.82,630785.67,0.0
2025-07-31 08:00:00+00:00,1753959600000,804.03,815.0,799.32,800.91,162141.05,629204.33,0.0
2025-07-31 12:00:00+00:00,1753974000000,800.91,801.65,787.91,800.03,220220.53,628004.61,0.0
2025-07-31 16:00:00+00:00,1753988400000,800.01,813.91,794.1,796.48,305948.54,621621.37,0.0
2025-07-31 20:00:00+00:00,1754002800000,796.49,799.18,782.01,783.68,163550.52000000002,618296.93,0.0
2025-08-01 00:00:00+00:00,1754017200000,783.67,795.88,775.04,784.51,231427.12,626100.36,5.52e-06
2025-08-01 04:00:00+00:00,1754031600000,784.5,784.85,770.67,773.8,186144.21,631046.82,2.694e-05
2025-08-01 08:00:00+00:00,1754046000000,773.8,773.8,763.49,772.03,208560.96000000002,634282.43,2.666e-05
2025-08-01 12:00:00+00:00,1754060400000,772.03,776.42,757.55,764.46,296674.39,629000.45,3.03e-05
2025-08-01 16:00:00+00:00,1754074800000,764.46,768.39,754.01,761.88,170858.9,626369.47,5.387e-05
2025-08-01 20:00:00+00:00,1754089200000,761.89,763.32,745.0,757.64,177919.74,623625.35,9.39e-06
2025-08-02 00:00:00+00:00,1754103600000,757.64,769.15,755.89,764.64,96186.39,625552.69,1.83e-05
2025-08-02 04:00:00+00:00,1754118000000,764.64,770.47,750.4,759.34,138135.49,620224.4,0.0
2025-08-02 08:00:00+00:00,1754132400000,759.33,759.71,751.0,756.68,81953.35,624110.41,0.0
2025-08-02 12:00:00+00:00,1754146800000,756.67,756.72,741.55,743.43,123559.69,625128.62,0.0
2025-08-02 16:00:00+00:00,1754161200000,743.44,750.27,734.38,737.75,191182.59,618912.16,0.0
2025-08-02 20:00:00+00:00,1754175600000,737.74,745.65,732.82,736.97,95153.99,623074.53,3.6e-05
2025-08-03 00:00:00+00:00,1754190000000,736.97,745.0,730.43,744.31,112423.79000000001,629328.5,0.0
2025-08-03 04:00:00+00:00,1754204400000,744.31,749.22,741.58,748.36,53363.049999999996,630939.45,0.0
2025-08-03 08:00:00+00:00,1754218800000,748.36,753.6,746.64,748.69,78148.26000000001,625276.92,0.0
2025-08-03 12:00:00+00:00,1754233200000,748.68,751.57,745.78,748.86,61605.1,621941.22,0.0
2025-08-03 16:00:00+00:00,1754247600000,748.88,755.68,747.35,753.04,59309.21,620583.62,0.0
2025-08-03 20:00:00+00:00,1754262000000,753.04,754.95,750.6,751.41,43344.3,616953.41,0.0
2025-08-04 00:00:00+00:00,1754276400000,751.4,759.31,750.56,754.25,85701.26,616463.97,0.0
2025-08-04 04:00:00+00:00,1754290800000,754.26,758.3,752.25,757.31,42976.12,615716.45,0.0
2025-08-04 08:00:00+00:00,1754305200000,757.31,760.5,754.74,755.61,63243.520000000004,613478.37,0.0
2025-08-04 12:00:00+00:00,1754319600000,755.61,766.0,755.2,760.76,123680.5,605743.24,0.0
2025-08-04 16:00:00+00:00,1754334000000,760.76,769.96,759.94,761.22,99885.31,603652.87,0.0
2025-08-04 20:00:00+00:00,1754348400000,761.21,770.0,760.36,768.89,68560.49,598488.63,0.0
2025-08-05 00:00:00+00:00,1754362800000,768.89,770.04,760.49,760.96,52960.869999999995,594422.78,0.0
2025-08-05 04:00:00+00:00,1754377200000,760.95,767.35,755.0,757.67,79005.44,589593.08,0.0
2025-08-05 08:00:00+00:00,1754391600000,757.6,766.52,755.84,765.44,68302.11,587533.93,0.0
2025-08-05 12:00:00+00:00,1754406000000,765.45,765.88,746.41,749.39,182439.76,583008.7,0.0
2025-08-05 16:00:00+00:00,1754420400000,749.39,754.72,747.64,748.84,77416.39,583617.08,2.262e-05
2025-08-05 20:00:00+00:00,1754434800000,748.84,756.66,745.41,755.57,63742.89,580966.79,0.0
2025-08-06 00:00:00+00:00,1754449200000,755.56,756.4,746.39,748.98,64019.21,575480.26,0.0
2025-08-06 04:00:00+00:00,1754463600000,749.0,763.67,747.53,763.49,106164.13,578971.03,0.0
2025-08-06 08:00:00+00:00,1754478000000,763.5,765.46,759.12,762.6,75589.35,583655.23,0.0
2025-08-06 12:00:00+00:00,1754492400000,762.6,770.39,758.16,769.71,126416.45000000001,589772.24,3.202e-05
2025-08-06 16:00:00+00:00,1754506800000,769.71,775.39,766.22,773.57,80171.79,588544.17,3.358e-05
2025-08-06 20:00:00+00:00,1754521200000,773.57,773.76,768.34,769.94,40007.24,588611.1,4.245e-05
2025-08-07 00:00:00+00:00,1754535600000,769.94,775.09,765.67,766.81,66639.13,587131.13,0.0
2025-08-07 04:00:00+00:00,1754550000000,766.8,770.0,765.26,768.61,57564.45,585368.32,0.0
2025-08-07 08:00:00+00:00,1754564400000,768.62,780.0,764.78,777.35,130699.11,582197.3,0.0
2025-08-07 12:00:00+00:00,1754578800000,777.36,778.36,771.0,775.95,114743.40000000001,579831.73,0.0
2025-08-07 16:00:00+00:00,1754593200000,775.95,781.0,768.23,780.96,90266.65,579073.34,0.0
2025-08-07 20:00:00+00:00,1754607600000,780.96,788.99,780.47,788.99,92627.20999999999,577440.36,0.0
2025-08-08 00:00:00+00:00,1754622000000,788.99,793.39,781.1,786.76,145679.95,577542.99,0.0
2025-08-08 04:00:00+00:00,1754636400000,786.75,792.16,784.27,790.07,67683.54000000001,579946.67,0.0
2025-08-08 08:00:00+00:00,1754650800000,790.07,791.2,784.4,789.65,57767.0,583142.43,1.961e-05
2025-08-08 12:00:00+00:00,1754665200000,789.64,797.2,782.0,785.21,143642.28999999998,581613.51,0.0
2025-08-08 16:00:00+00:00,1754679600000,785.21,797.0,784.82,795.89,76905.94,585940.12,3.85e-06
2025-08-08 20:00:00+00:00,1754694000000,795.89,799.0,793.1,793.71,65039.64,586675.02,0.0
2025-08-09 00:00:00+00:00,1754708400000,793.72,797.95,792.89,797.39,42235.31,586196.76,0.0
2025-08-09 04:00:00+00:00,1754722800000,797.39,810.66,797.0,810.06,155590.68,592115.87,0.0
2025-08-09 08:00:00+00:00,1754737200000,810.05,819.86,806.37,812.15,155738.67,598562.13,7.435e-05
2025-08-09 12:00:00+00:00,1754751600000,812.15,816.07,805.24,806.89,98279.87,595195.74,5.583e-05
2025-08-09 16:00:00+00:00,1754766000000,806.89,809.37,803.19,805.07,84309.08,590502.15,0.0
2025-08-09 20:00:00+00:00,1754780400000,805.08,808.15,798.27,799.16,78567.05,588717.55,0.0
2025-08-10 00:00:00+00:00,1754794800000,799.17,813.7,799.16,811.74,97363.34,595047.91,2.172e-05
2025-08-10 04:00:00+00:00,1754809200000,811.75,816.04,798.69,799.82,128745.56,590246.56,3.278e-05
2025-08-10 08:00:00+00:00,1754823600000,799.82,805.17,794.02,799.42,89546.62,589411.69,8.024e-05
2025-08-10 12:00:00+00:00,1754838000000,799.41,804.18,796.05,802.36,69143.56999999999,583591.91,0.0
2025-08-10 16:00:00+00:00,1754852400000,802.37,804.99,800.42,803.28,31628.78,582432.74,0.0
2025-08-10 20:00:00+00:00,1754866800000,803.28,807.75,799.22,807.65,50791.79,580262.76,0.0
2025-08-11 00:00:00+00:00,1754881200000,807.65,828.22,806.55,821.73,223971.69,599559.17,7.605e-05
2025-08-11 04:00:00+00:00,1754895600000,821.74,825.16,809.5,812.13,135577.67,595107.53,0.00014374
2025-08-11 08:00:00+00:00,1754910000000,812.12,816.94,791.1,796.42,188852.53,576183.27,0.0
2025-08-11 12:00:00+00:00,1754924400000,796.42,807.82,792.51,807.59,180920.69,574606.65,0.0
2025-08-11 16:00:00+00:00,1754938800000,807.6,812.45,801.18,806.51,127030.2,569046.68,0.0
2025-08-11 20:00:00+00:00,1754953200000,806.51,811.0,796.48,805.26,94063.34,566281.27,0.0
2025-08-12 00:00:00+00:00,1754967600000,805.25,815.53,803.79,808.56,98893.51999999999,565818.71,0.0
2025-08-12 04:00:00+00:00,1754982000000,808.55,813.67,803.2,808.21,80586.11,562319.36,0.0
2025-08-12 08:00:00+00:00,1754996400000,808.21,809.32,797.7,803.32,83942.35,559664.89,0.0
2025-08-12 12:00:00+00:00,1755010800000,803.31,821.2,800.52,821.15,211539.6,562896.02,0.0
2025-08-12 16:00:00+00:00,1755025200000,821.15,833.38,821.15,832.34,174816.97,578328.99,3.451e-05
2025-08-12 20:00:00+00:00,1755039600000,832.34,840.66,831.12,833.05,140223.51,578324.88,0.00014488
2025-08-13 00:00:00+00:00,1755054000000,833.05,841.6,828.83,836.73,126129.78,577456.0,6.562e-05
2025-08-13 04:00:00+00:00,1755068400000,836.74,855.44,833.31,847.31,286874.57,599188.67,7.427e-05
2025-08-13 08:00:00+00:00,1755082800000,847.31,859.16,844.96,855.45,229279.59999999998,609466.89,0.00019347
2025-08-13 12:00:00+00:00,1755097200000,855.45,860.0,839.36,842.28,256339.25,608755.12,0.00022725
2025-08-13 16:00:00+00:00,1755111600000,842.27,849.15,838.01,845.67,103597.51000000001,599239.96,0.00016538
2025-08-13 20:00:00+00:00,1755126000000,845.66,850.45,839.05,848.3,94737.82,593627.52,2.459e-05
2025-08-14 00:00:00+00:00,1755140400000,848.29,857.5,844.31,855.64,120453.91,596206.8,0.00010455
2025-08-14 04:00:00+00:00,1755154800000,855.65,867.49,850.31,858.28,308703.01,616973.05,0.00019652
2025-08-14 08:00:00+00:00,1755169200000,858.29,870.15,855.83,862.67,245697.32,624516.15,0.00011385
2025-08-14 12:00:00+00:00,1755183600000,862.67,866.0,821.0,847.37,630188.17,614063.14,8.701e-05
2025-08-14 16:00:00+00:00,1755198000000,847.38,848.52,828.21,838.54,229407.12,616813.36,4.778e-05
2025-08-14 20:00:00+00:00,1755212400000,838.53,843.45,825.18,840.8,131065.04,613569.12,0.0
2025-08-15 00:00:00+00:00,1755226800000,840.77,849.84,834.09,849.08,108731.81,613441.52,0.0
2025-08-15 04:00:00+00:00,1755241200000,849.08,853.99,845.7,848.59,99917.38,615784.04,0.0
2025-08-15 08:00:00+00:00,1755255600000,848.56,853.19,841.0,844.05,118356.7,609487.53,0.0
2025-08-15 12:00:00+00:00,1755270000000,844.04,847.79,815.8,818.9,283765.56999999995,599349.55,0.0
2025-08-15 16:00:00+00:00,1755284400000,818.9,826.31,812.8,821.0,150119.79,598719.15,0.0
2025-08-15 20:00:00+00:00,1755298800000,820.99,832.28,819.4,828.0,75116.53,598023.75,0.0
2025-08-16 00:00:00+00:00,1755313200000,828.0,837.0,826.21,832.18,80834.06,596415.54,0.0
2025-08-16 04:00:00+00:00,1755327600000,832.17,837.41,830.49,835.86,58874.729999999996,597859.76,0.0
2025-08-16 08:00:00+00:00,1755342000000,835.85,836.7,826.72,826.98,71165.78,599284.11,0.0
2025-08-16 12:00:00+00:00,1755356400000,826.99,835.96,825.4,832.13,74360.55,600265.58,0.0
2025-08-16 16:00:00+00:00,1755370800000,832.12,836.81,831.61,834.73,36037.78,600682.06,0.0
2025-08-16 20:00:00+00:00,1755385200000,834.74,839.7,833.74,838.97,42295.99,602601.77,0.0
2025-08-17 00:00:00+00:00,1755399600000,838.98,852.25,838.36,845.17,142230.62,614794.31,3.44e-05
2025-08-17 04:00:00+00:00,1755414000000,845.18,856.48,845.17,854.61,90330.95999999999,617432.87,3.58e-06
2025-08-17 08:00:00+00:00,1755428400000,854.62,864.48,852.04,861.92,147092.44999999998,625390.68,0.0
2025-08-17 12:00:00+00:00,1755442800000,861.93,862.6,855.66,860.44,87294.9,627753.69,0.0
2025-08-17 16:00:00+00:00,1755457200000,860.43,861.86,849.16,851.58,89540.35,627569.84,4.821e-05
2025-08-17 20:00:00+00:00,1755471600000,851.58,859.49,850.92,855.96,60186.95,624357.68,3.272e-05
2025-08-18 00:00:00+00:00,1755486000000,855.95,859.1,831.83,836.03,230777.29,622316.82,0.0
2025-08-18 04:00:00+00:00,1755500400000,836.03,840.04,825.19,830.45,147018.91,614652.01,0.0
2025-08-18 08:00:00+00:00,1755514800000,830.44,837.77,828.6,831.73,120669.56,612848.52,0.0
2025-08-18 12:00:00+00:00,1755529200000,831.72,842.67,830.85,842.12,134345.87,622592.28,0.0
2025-08-18 16:00:00+00:00,1755543600000,842.11,848.57,838.7,845.22,91558.83,623672.21,0.0
2025-08-18 20:00:00+00:00,1755558000000,845.22,856.53,842.97,847.56,106049.34999999999,627543.96,0.0
2025-08-19 00:00:00+00:00,1755572400000,847.56,852.6,840.44,842.37,182054.23,642853.52,1.474e-05
2025-08-19 04:00:00+00:00,1755586800000,842.37,850.44,835.67,838.75,147429.69,646709.16,0.0
2025-08-19 08:00:00+00:00,1755601200000,838.74,848.8,836.13,846.75,96458.9,649136.32,0.0
2025-08-19 12:00:00+00:00,1755615600000,846.76,848.3,830.0,832.59,174872.52,639789.92,0.0
2025-08-19 16:00:00+00:00,1755630000000,832.59,835.52,825.18,833.19,121482.85,634100.05,0.0
2025-08-19 20:00:00+00:00,1755644400000,833.19,837.61,823.25,824.44,78126.48,632287.99,0.0
2025-08-20 00:00:00+00:00,1755658800000,824.45,837.59,818.54,836.82,173353.53999999998,617311.59,0.0
2025-08-20 04:00:00+00:00,1755673200000,836.83,837.87,832.73,834.71,59288.33,616541.58,0.0
2025-08-20 08:00:00+00:00,1755687600000,834.72,835.34,826.37,831.49,108826.22,617358.62,0.0
2025-08-20 12:00:00+00:00,1755702000000,831.49,838.28,819.06,833.53,200546.72,624060.04,0.0
2025-08-20 16:00:00+00:00,1755716400000,833.55,870.99,833.55,869.66,378849.11,665134.41,0.00010351
2025-08-20 20:00:00+00:00,1755730800000,869.65,882.0,867.14,869.71,254860.90999999997,696707.39,9.016e-05
2025-08-21 00:00:00+00:00,1755745200000,869.72,884.54,866.7,866.77,252000.12,708965.1,6.11e-05
2025-08-21 04:00:00+00:00,1755759600000,866.77,867.19,858.16,862.94,200661.71000000002,704512.64,3.812e-05
2025-08-21 08:00:00+00:00,1755774000000,862.94,864.98,850.0,851.75,209259.91,704563.15,9.104e-05
2025-08-21 12:00:00+00:00,1755788400000,851.75,856.85,841.52,842.46,225012.72,691470.08,0.0
2025-08-21 16:00:00+00:00,1755802800000,842.46,845.16,835.32,836.73,130867.44,675023.17,0.0
2025-08-21 20:00:00+00:00,1755817200000,836.73,843.26,833.72,839.78,81914.62,668631.33,0.0
2025-08-22 00:00:00+00:00,1755831600000,839.79,853.86,839.52,846.02,135344.84,667555.14,0.0
2025-08-22 04:00:00+00:00,1755846000000,846.03,854.94,846.02,851.49,106816.12,670117.7,0.0
2025-08-22 08:00:00+00:00,1755860400000,851.49,855.68,844.57,849.48,106282.55,672521.61,0.0
2025-08-22 12:00:00+00:00,1755874800000,849.48,882.81,843.07,876.99,502580.61,689676.94,4.734e-05
2025-08-22 16:00:00+00:00,1755889200000,877.0,899.33,877.0,895.5,319922.58,732376.63,0.00022835
2025-08-22 20:00:00+00:00,1755903600000,895.5,901.76,893.4,901.0,146629.74,756031.31,0.00032837
2025-08-23 00:00:00+00:00,1755918000000,901.01,901.08,876.42,883.52,234769.43,758306.25,0.00033155
2025-08-23 04:00:00+00:00,1755932400000,883.51,893.83,883.11,888.02,127411.57,749741.35,0.00018069
2025-08-23 08:00:00+00:00,1755946800000,888.03,900.0,884.68,889.05,161448.55,742553.28,0.00011815
2025-08-23 12:00:00+00:00,1755961200000,889.05,894.72,886.01,889.17,108971.94999999998,742742.28,0.00012132
2025-08-23 16:00:00+00:00,1755975600000,889.17,890.49,879.57,883.91,112172.36,741027.61,0.00012422
2025-08-23 20:00:00+00:00,1755990000000,883.9,884.45,876.98,880.86,77589.52,732943.27,0.00011059
2025-08-24 00:00:00+00:00,1756004400000,880.87,887.01,875.07,879.18,146950.3,721314.99,0.00010482
2025-08-24 04:00:00+00:00,1756018800000,879.17,882.91,870.79,870.87,121916.29999999999,719221.56,0.00011761
2025-08-24 08:00:00+00:00,1756033200000,870.87,872.72,860.93,861.99,158389.06,711577.42,0.00011553
2025-08-24 12:00:00+00:00,1756047600000,861.99,872.72,860.25,867.73,146818.06,703662.8,0.0
2025-08-24 16:00:00+00:00,1756062000000,867.73,883.89,860.0,870.13,279230.24,686803.01,0.0
2025-08-24 20:00:00+00:00,1756076400000,870.13,880.72,860.68,876.9,186270.72,690904.34,0.0
2025-08-25 00:00:00+00:00,1756090800000,876.91,881.3,866.21,876.69,147462.86,703197.96,0.00010566
2025-08-25 04:00:00+00:00,1756105200000,876.7,880.0,855.82,858.93,196331.33000000002,697836.38,6.813e-05
2025-08-25 08:00:00+00:00,1756119600000,858.93,864.69,850.85,854.96,148043.2,689805.8,2.16e-06
2025-08-25 12:00:00+00:00,1756134000000,854.91,872.0,854.18,863.79,203123.02,694183.48,0.0
2025-08-25 16:00:00+00:00,1756148400000,863.8,870.68,853.68,854.19,142800.18,690803.36,0.0
2025-08-25 20:00:00+00:00,1756162800000,854.19,857.96,832.58,839.63,315749.58,668674.54,0.0
2025-08-26 00:00:00+00:00,1756177200000,839.63,850.37,830.08,844.97,155128.41999999998,681195.61,9.26e-06
2025-08-26 04:00:00+00:00,1756191600000,844.97,848.2,839.63,843.03,71136.83,680465.62,3.67e-06
2025-08-26 08:00:00+00:00,1756206000000,843.03,845.5,839.84,842.09,68203.17,681591.8,0.0
2025-08-26 12:00:00+00:00,1756220400000,842.1,854.4,839.39,850.05,181268.33000000002,682888.76,0.0
2025-08-26 16:00:00+00:00,1756234800000,850.05,861.57,849.72,861.14,80224.51000000001,683186.64,3.774e-05
2025-08-26 20:00:00+00:00,1756249200000,861.14,868.33,860.23,864.16,77729.94,681229.86,4.937e-05
2025-08-27 00:00:00+00:00,1756263600000,864.17,864.92,857.06,862.55,92600.18,679029.77,4.124e-05
2025-08-27 04:00:00+00:00,1756278000000,862.56,867.24,856.75,857.79,69169.70999999999,678320.0,0.0
2025-08-27 08:00:00+00:00,1756292400000,857.8,860.64,853.41,859.69,60471.67,676992.09,0.0
2025-08-27 12:00:00+00:00,1756306800000,859.69,866.49,856.41,865.2,100837.64,677602.4,0.0
2025-08-27 16:00:00+00:00,1756321200000,865.2,867.5,858.87,861.02,59720.63,675982.39,0.0
2025-08-27 20:00:00+00:00,1756335600000,861.03,866.45,854.61,855.74,107323.19,673328.67,2.704e-05
2025-08-28 00:00:00+00:00,1756350000000,855.75,864.98,851.54,864.85,89535.39,672391.67,9.243e-05
2025-08-28 04:00:00+00:00,1756364400000,864.84,873.52,863.51,869.8,108694.92,679624.17,9.142e-05
2025-08-28 08:00:00+00:00,1756378800000,869.79,874.8,865.76,874.68,71126.17,684633.83,8.358e-05
2025-08-28 12:00:00+00:00,1756393200000,874.68,879.72,867.2,870.23,192018.59999999998,685534.96,6.867e-05
2025-08-28 16:00:00+00:00,1756407600000,870.23,882.21,863.91,869.16,318432.64,685500.58,8.942e-05
2025-08-28 20:00:00+00:00,1756422000000,869.2,877.63,868.29,873.92,53714.96,685480.98,3.288e-05
2025-08-29 00:00:00+00:00,1756436400000,873.92,878.53,872.4,873.69,68212.62,686000.84,2.385e-05
2025-08-29 04:00:00+00:00,1756450800000,873.69,874.23,856.21,857.57,129353.67,684904.23,1.057e-05
2025-08-29 08:00:00+00:00,1756465200000,857.56,861.4,850.56,854.97,148729.23,676361.93,0.0
2025-08-29 12:00:00+00:00,1756479600000,854.97,865.99,852.55,858.61,178780.67,675885.97,2.557e-05
2025-08-29 16:00:00+00:00,1756494000000,858.61,861.3,853.21,858.64,83640.82,673759.27,3.416e-05
2025-08-29 20:00:00+00:00,1756508400000,858.65,864.55,853.6,862.84,65015.08,675731.11,1.16e-05
2025-08-30 00:00:00+00:00,1756522800000,862.85,862.92,852.57,860.95,72286.14,676213.39,4.222e-05
2025-08-30 04:00:00+00:00,1756537200000,860.95,862.44,857.55,861.01,37627.74,675590.03,4.451e-05
2025-08-30 08:00:00+00:00,1756551600000,861.01,861.8,858.85,860.74,26787.09,676747.6,3.059e-05
2025-08-30 12:00:00+00:00,1756566000000,860.74,860.74,851.8,859.49,75611.65,671348.36,0.0
2025-08-30 16:00:00+00:00,1756580400000,859.49,859.62,856.5,859.27,29514.03,671251.25,0.0
2025-08-30 20:00:00+00:00,1756594800000,859.27,864.6,857.37,862.6,35209.81,669072.47,3.889e-05
2025-08-31 00:00:00+00:00,1756609200000,862.6,865.16,859.92,863.62,75063.94,668252.81,5.901e-05
2025-08-31 04:00:00+00:00,1756623600000,863.61,863.72,858.28,859.01,39386.409999999996,665121.59,0.0
2025-08-31 08:00:00+00:00,1756638000000,859.0,861.84,857.32,860.47,36313.07,665231.61,0.0
2025-08-31 12:00:00+00:00,1756652400000,860.47,862.59,859.48,862.34,40429.82,667648.48,0.0
2025-08-31 16:00:00+00:00,1756666800000,862.34,867.75,861.44,865.1,73436.72,666216.67,7e-08
2025-08-31 20:00:00+00:00,1756681200000,865.1,868.27,857.55,858.08,51671.17,665079.85,0.0
2025-09-01 00:00:00+00:00,1756695600000,858.09,866.0,854.08,856.84,134829.96,669014.29,0.0
2025-09-01 04:00:00+00:00,1756710000000,856.84,867.89,849.36,865.94,143321.44,658334.38,0.0
2025-09-01 08:00:00+00:00,1756724400000,865.93,869.72,851.23,852.48,215091.28,634459.03,0.0
2025-09-01 12:00:00+00:00,1756738800000,852.48,855.41,844.32,847.52,104389.18,642892.69,0.0
2025-09-01 16:00:00+00:00,1756753200000,847.53,849.77,844.19,849.74,64706.08,642395.1,0.0
2025-09-01 20:00:00+00:00,1756767600000,849.74,849.82,840.01,846.19,119203.15,639702.41,0.0
2025-09-02 00:00:00+00:00,1756782000000,846.18,854.76,843.85,852.86,74874.41,636320.72,0.0
2025-09-02 04:00:00+00:00,1756796400000,852.87,856.16,851.17,855.37,55849.33,632291.45,0.0
2025-09-02 08:00:00+00:00,1756810800000,855.37,857.0,847.34,848.34,94318.87,631325.54,0.0
2025-09-02 12:00:00+00:00,1756825200000,848.34,853.0,841.2,847.25,136108.75,625576.62,2.108e-05
2025-09-02 16:00:00+00:00,1756839600000,847.25,851.82,846.09,850.44,44321.99,627284.13,0.0
2025-09-02 20:00:00+00:00,1756854000000,850.44,854.6,849.88,852.22,41370.89,626088.9,0.0
2025-09-03 00:00:00+00:00,1756868400000,852.22,854.46,849.16,851.84,44102.19,625486.9,0.0
2025-09-03 04:00:00+00:00,1756882800000,851.83,855.0,849.68,854.88,35580.03,624172.42,0.0
2025-09-03 08:00:00+00:00,1756897200000,854.87,855.65,852.49,854.33,35004.479999999996,622404.91,0.0
2025-09-03 12:00:00+00:00,1756911600000,854.34,864.43,852.24,860.63,93959.6,620300.08,0.0
2025-09-03 16:00:00+00:00,1756926000000,860.62,862.77,857.24,857.58,52485.96,624946.18,1.154e-05
2025-09-03 20:00:00+00:00,1756940400000,857.58,857.81,852.83,855.21,48814.340000000004,625802.78,2.745e-05
2025-09-04 00:00:00+00:00,1756954800000,855.21,857.17,848.55,849.08,50460.259999999995,622789.99,4.01e-06
2025-09-04 04:00:00+00:00,1756969200000,849.08,849.97,844.56,847.95,76410.86,622158.01,0.0
2025-09-04 08:00:00+00:00,1756983600000,847.95,850.08,847.12,848.02,45001.270000000004,624361.63,0.0
2025-09-04 12:00:00+00:00,1756998000000,848.02,849.98,843.04,844.57,68924.94,623409.36,0.0
2025-09-04 16:00:00+00:00,1757012400000,844.56,846.91,841.08,843.7,51499.21,624677.19,0.0
2025-09-04 20:00:00+00:00,1757026800000,843.7,850.0,843.25,843.8,39081.37,621277.44,0.0
2025-09-05 00:00:00+00:00,1757041200000,843.8,847.98,842.33,845.93,42597.18,616703.34,0.0
2025-09-05 04:00:00+00:00,1757055600000,845.94,851.35,843.58,850.72,49703.66,615706.88,0.0
2025-09-05 08:00:00+00:00,1757070000000,850.71,851.19,847.73,851.04,43098.63,617127.86,0.0
2025-09-05 12:00:00+00:00,1757084400000,851.04,857.99,845.11,849.07,159346.49,615973.28,0.0
2025-09-05 16:00:00+00:00,1757098800000,849.08,851.98,848.55,851.19,30901.29,615594.18,0.0
2025-09-05 20:00:00+00:00,1757113200000,851.19,852.67,848.7,850.28,31465.58,615133.33,0.0
2025-09-06 00:00:00+00:00,1757127600000,850.28,860.31,849.75,858.68,78353.22,624767.11,0.0
2025-09-06 04:00:00+00:00,1757142000000,858.68,860.58,856.39,859.78,66715.07,626319.7,0.0
2025-09-06 08:00:00+00:00,1757156400000,859.79,862.92,856.94,861.63,91421.70999999999,637209.27,0.0
2025-09-06 12:00:00+00:00,1757170800000,861.62,865.77,859.3,860.01,90925.45000000001,637992.18,1.388e-05
2025-09-06 16:00:00+00:00,1757185200000,860.01,862.25,857.86,858.23,47487.229999999996,638659.04,9.9e-07
2025-09-06 20:00:00+00:00,1757199600000,858.22,863.78,857.0,861.47,38132.32,637573.84,0.0
2025-09-07 00:00:00+00:00,1757214000000,861.47,868.97,861.12,866.65,71791.94,643678.01,2.494e-05
2025-09-07 04:00:00+00:00,1757228400000,866.64,868.5,865.04,868.18,48694.56,649879.54,0.0
2025-09-07 08:00:00+00:00,1757242800000,868.18,874.85,867.78,874.11,88735.86,662447.62,4.202e-05
2025-09-07 12:00:00+00:00,1757257200000,874.11,875.99,870.01,875.12,65345.229999999996,667892.19,5.222e-05
2025-09-07 16:00:00+00:00,1757271600000,875.12,877.4,872.84,875.9,51114.490000000005,673534.43,6.846e-05
2025-09-07 20:00:00+00:00,1757286000000,875.91,884.97,873.69,880.67,82724.71,684442.83,7.389e-05
2025-09-08 00:00:00+00:00,1757300400000,880.68,886.59,878.25,882.5,116156.08,689951.05,0.00010703
2025-09-08 04:00:00+00:00,1757314800000,882.51,882.92,871.39,874.54,100093.42,681027.62,0.0
2025-09-08 08:00:00+00:00,1757329200000,874.54,879.75,870.01,879.19,105771.22,671579.33,0.0
2025-09-08 12:00:00+00:00,1757343600000,879.18,883.44,877.56,880.58,79088.39,674329.49,0.0
2025-09-08 16:00:00+00:00,1757358000000,880.58,882.5,876.52,878.12,51465.479999999996,673031.09,0.0
2025-09-08 20:00:00+00:00,1757372400000,878.13,882.97,877.6,878.55,42743.11,670491.9,0.00012454
2025-09-09 00:00:00+00:00,1757386800000,878.54,880.38,872.01,875.55,66128.85,666314.6,7.132e-05
2025-09-09 04:00:00+00:00,1757401200000,875.55,884.92,874.51,881.75,80005.89,669334.49,9.626e-05
2025-09-09 08:00:00+00:00,1757415600000,881.74,885.42,880.6,880.68,60845.509999999995,669212.94,0.0001103
2025-09-09 12:00:00+00:00,1757430000000,880.69,882.73,871.72,873.72,128222.36,661956.29,0.0
2025-09-09 16:00:00+00:00,1757444400000,873.72,877.87,873.08,877.43,36567.37,660743.23,0.0
2025-09-09 20:00:00+00:00,1757458800000,877.44,884.0,874.83,880.3,63321.57,661109.23,0.0
2025-09-10 00:00:00+00:00,1757473200000,880.29,883.1,877.51,881.01,49109.97,663616.5,0.0
2025-09-10 04:00:00+00:00,1757487600000,881.02,886.38,879.15,884.03,68009.20999999999,672310.3,5.312e-05
2025-09-10 08:00:00+00:00,1757502000000,884.04,885.92,881.79,885.15,62245.14,679845.98,5.927e-05
2025-09-10 12:00:00+00:00,1757516400000,885.14,908.1,884.76,896.04,458819.60000000003,730169.45,0.00010856
2025-09-10 16:00:00+00:00,1757530800000,896.04,899.96,888.8,891.21,108468.14,717023.16,4.663e-05
2025-09-10 20:00:00+00:00,1757545200000,891.2,895.77,888.57,894.14,76409.89000000001,705130.45,0.0
2025-09-11 00:00:00+00:00,1757559600000,894.14,895.67,888.82,895.0,69281.03,705922.92,2.54e-06
2025-09-11 04:00:00+00:00,1757574000000,895.01,899.08,892.88,896.92,73585.75,703583.55,0.0
2025-09-11 08:00:00+00:00,1757588400000,896.93,902.96,895.2,899.65,83085.62,712452.25,0.0
2025-09-11 12:00:00+00:00,1757602800000,899.66,905.45,884.04,893.57,202014.65,706517.22,2.308e-05
2025-09-11 16:00:00+00:00,1757617200000,893.57,898.32,893.52,897.21,54331.04,707990.45,0.0
2025-09-11 20:00:00+00:00,1757631600000,897.22,903.96,895.67,903.13,56023.03,708110.39,0.0
2025-09-12 00:00:00+00:00,1757646000000,903.13,909.59,902.0,905.25,108420.59,713003.76,4.015e-05
2025-09-12 04:00:00+00:00,1757660400000,905.25,910.3,903.6,903.93,108229.93,719276.53,3.159e-05
2025-09-12 08:00:00+00:00,1757674800000,903.96,909.88,902.86,906.0,84825.0,720786.27,7.306e-05
2025-09-12 12:00:00+00:00,1757689200000,906.0,910.85,904.51,907.44,84419.94,727168.87,0.0001089
2025-09-12 16:00:00+00:00,1757703600000,907.43,926.7,907.4,924.76,189830.47,727907.49,0.00014058
2025-09-12 20:00:00+00:00,1757718000000,924.75,930.6,922.65,925.5,93475.46,730519.95,0.00016042
2025-09-13 00:00:00+00:00,1757732400000,925.5,930.0,924.21,928.33,81208.43000000001,734940.9,0.00017422
2025-09-13 04:00:00+00:00,1757746800000,928.33,928.55,924.61,925.65,59933.409999999996,730893.03,0.00012178
2025-09-13 08:00:00+00:00,1757761200000,925.65,944.1,924.9,941.84,212703.15,741353.81,0.00015775
2025-09-13 12:00:00+00:00,1757775600000,941.84,944.5,932.2,937.17,173208.85,738392.9,0.00012215
2025-09-13 16:00:00+00:00,1757790000000,937.16,938.56,922.45,930.57,160797.37,724104.09,2.568e-05
2025-09-13 20:00:00+00:00,1757804400000,930.58,934.61,929.02,934.21,49169.520000000004,721160.01,0.0
2025-09-14 00:00:00+00:00,1757818800000,934.22,938.77,929.68,931.68,91456.31,721765.12,3.16e-06
2025-09-14 04:00:00+00:00,1757833200000,931.68,945.98,928.18,938.2,118199.06,725714.92,0.00010431
2025-09-14 08:00:00+00:00,1757847600000,938.2,941.94,931.48,932.21,71913.72,723458.93,7.877e-05
2025-09-14 12:00:00+00:00,1757862000000,932.2,937.16,923.15,924.87,132577.81,717118.76,0.0
2025-09-14 16:00:00+00:00,1757876400000,924.86,929.61,923.92,928.09,69288.88,718719.6,0.0
2025-09-14 20:00:00+00:00,1757890800000,928.08,934.78,925.56,926.82,67299.52,717513.72,0.0
2025-09-15 00:00:00+00:00,1757905200000,926.82,933.51,922.5,932.74,74349.56,717154.93,0.0
2025-09-15 04:00:00+00:00,1757919600000,932.75,936.13,922.73,923.84,97557.1,713491.81,0.0
2025-09-15 08:00:00+00:00,1757934000000,923.84,923.84,911.0,920.46,209695.59,697620.42,0.0
2025-09-15 12:00:00+00:00,1757948400000,920.45,923.59,912.8,916.95,105538.84,696954.38,0.0
2025-09-15 16:00:00+00:00,1757962800000,916.94,922.56,913.17,919.94,52547.590000000004,697353.22,4.96e-06
2025-09-15 20:00:00+00:00,1757977200000,919.95,922.94,918.66,920.12,26370.59,696304.17,2.28e-06
2025-09-16 00:00:00+00:00,1757991600000,920.11,923.34,917.05,921.76,49919.159999999996,699924.89,0.0
2025-09-16 04:00:00+00:00,1758006000000,921.76,932.99,917.22,931.46,114494.58,698333.56,0.0
2025-09-16 08:00:00+00:00,1758020400000,931.47,934.0,925.1,927.82,73885.28,696264.27,0.0
2025-09-16 12:00:00+00:00,1758034800000,927.83,938.52,922.18,938.0,169335.99,695734.26,0.0
2025-09-16 16:00:00+00:00,1758049200000,938.0,957.94,932.73,955.42,383559.05,740911.89,4.608e-05
2025-09-16 20:00:00+00:00,1758063600000,955.42,960.03,954.32,956.26,113611.22,744389.1,0.00015512
2025-09-17 00:00:00+00:00,1758078000000,956.26,963.7,954.9,957.6,163708.88,749536.23,0.00012114
2025-09-17 04:00:00+00:00,1758092400000,957.6,959.83,947.35,955.4,188917.28,738658.1,5.798e-05
2025-09-17 08:00:00+00:00,1758106800000,955.39,957.81,951.8,954.0,97499.71,738215.2,0.00011074
2025-09-17 12:00:00+00:00,1758121200000,954.0,955.01,947.97,951.78,107472.53,728778.7,6.234e-05
2025-09-17 16:00:00+00:00,1758135600000,951.78,963.5,946.48,957.0,295375.33999999997,740309.04,0.0
2025-09-17 20:00:00+00:00,1758150000000,956.97,996.6,952.59,990.81,505408.78,764658.46,0.00011087
2025-09-18 00:00:00+00:00,1758164400000,990.81,997.75,979.66,996.32,240965.46999999997,772095.74,0.00016587
2025-09-18 04:00:00+00:00,1758178800000,996.31,1001.48,987.56,998.82,253425.16,798040.03,0.00014943
2025-09-18 08:00:00+00:00,1758193200000,998.81,1008.19,991.24,992.41,372184.62,793060.64,0.00011096
2025-09-18 12:00:00+00:00,1758207600000,992.42,999.5,991.45,994.02,139525.77,791008.23,7.826e-05
2025-09-18 16:00:00+00:00,1758222000000,994.01,995.95,986.22,988.56,140009.96,768923.87,3.515e-05
2025-09-18 20:00:00+00:00,1758236400000,988.56,989.7,980.01,981.78,125481.68,753978.59,3.442e-05
2025-09-19 00:00:00+00:00,1758250800000,981.78,989.2,981.0,985.31,129073.8,740982.29,0.0
2025-09-19 04:00:00+00:00,1758265200000,985.3,998.0,982.43,995.17,241967.37,753067.85,0.0
2025-09-19 08:00:00+00:00,1758279600000,995.17,1004.0,985.45,986.43,304819.53,765156.93,5.061e-05
2025-09-19 12:00:00+00:00,1758294000000,986.43,993.07,974.37,983.23,269164.89,754237.53,8.365e-05
2025-09-19 16:00:00+00:00,1758308400000,983.23,985.26,975.27,978.78,111761.56,748986.81,5.984e-05
2025-09-19 20:00:00+00:00,1758322800000,978.77,985.84,977.63,984.48,89603.81,747659.55,0.0
2025-09-20 00:00:00+00:00,1758337200000,984.48,993.59,983.2,991.99,121524.56,740640.54,0.0
2025-09-20 04:00:00+00:00,1758351600000,991.99,1002.58,991.09,999.86,188229.07,755210.15,0.0
2025-09-20 08:00:00+00:00,1758366000000,999.87,1006.19,994.0,1002.21,262604.65,770273.55,0.0
2025-09-20 12:00:00+00:00,1758380400000,1002.21,1028.45,998.92,1021.67,440635.26,805708.06,0.0
2025-09-20 16:00:00+00:00,1758394800000,1021.63,1029.81,1015.5,1019.53,293165.61,814216.06,0.0
2025-09-20 20:00:00+00:00,1758409200000,1019.53,1050.0,1018.76,1044.27,304267.39,803862.53,0.0
2025-09-21 00:00:00+00:00,1758423600000,1044.28,1084.28,1039.75,1069.99,640981.63,799716.0,0.0
2025-09-21 04:00:00+00:00,1758438000000,1069.99,1082.0,1059.2,1074.57,312530.71,809882.87,0.0
2025-09-21 08:00:00+00:00,1758452400000,1074.57,1075.91,1051.0,1051.64,340037.17,804751.59,5.67e-06
2025-09-21 12:00:00+00:00,1758466800000,1051.65,1058.27,1044.15,1056.73,271419.2,793395.09,0.0
2025-09-21 16:00:00+00:00,1758481200000,1056.73,1058.4,1040.02,1048.2,216840.0,780577.99,0.0
2025-09-21 20:00:00+00:00,1758495600000,1048.2,1054.62,1041.67,1048.25,113084.18000000001,773532.8,0.0
2025-09-22 00:00:00+00:00,1758510000000,1048.25,1051.06,1025.03,1030.58,439923.75,753633.58,0.0
2025-09-22 04:00:00+00:00,1758524400000,1030.57,1038.81,993.0,1024.43,539465.96,745342.17,4.139e-05
2025-09-22 08:00:00+00:00,1758538800000,1024.42,1036.75,1012.99,1019.05,284898.7,738903.09,4.862e-05
2025-09-22 12:00:00+00:00,1758553200000,1019.05,1028.6,994.86,998.33,386092.48,742889.78,7.543e-05
2025-09-22 16:00:00+00:00,1758567600000,998.34,999.17,976.88,981.59,377157.95999999996,722582.21,0.00012273
2025-09-22 20:00:00+00:00,1758582000000,981.55,994.98,979.29,993.51,160904.63999999998,710568.77,4.293e-05
2025-09-23 00:00:00+00:00,1758596400000,993.51,998.0,963.12,983.11,333288.06000000006,706279.25,6.32e-06
2025-09-23 04:00:00+00:00,1758610800000,983.1,1006.58,976.99,1002.16,328131.24,695971.61,0.0
2025-09-23 08:00:00+00:00,1758625200000,1002.16,1014.57,997.07,1011.08,274244.45,684723.78,0.0
2025-09-23 12:00:00+00:00,1758639600000,1011.07,1027.0,1009.45,1023.1,392856.39,682763.44,0.0
2025-09-23 16:00:00+00:00,1758654000000,1023.11,1028.14,1006.95,1009.82,272569.58,699721.29,0.0
2025-09-23 20:00:00+00:00,1758668400000,1009.8,1021.68,1008.84,1016.87,101424.51000000001,698565.16,6.217e-05
2025-09-24 00:00:00+00:00,1758682800000,1016.86,1027.38,1002.54,1002.96,257174.67,685549.79,0.0
2025-09-24 04:00:00+00:00,1758697200000,1002.96,1019.53,991.18,1018.4,286574.56,692326.14,0.0
2025-09-24 08:00:00+00:00,1758711600000,1018.4,1034.96,1013.1,1016.63,332378.88,684388.75,3.315e-05
2025-09-24 12:00:00+00:00,1758726000000,1016.63,1021.85,1008.0,1009.86,217865.32,675683.96,9.76e-06
2025-09-24 16:00:00+00:00,1758740400000,1009.86,1019.99,1008.26,1016.2,100692.23,673887.88,0.0
2025-09-24 20:00:00+00:00,1758754800000,1016.2,1020.0,1012.54,1018.81,75103.97,672526.74,0.0
2025-09-25 00:00:00+00:00,1758769200000,1018.81,1020.33,996.0,1000.12,250040.13,679137.38,2.364e-05
2025-09-25 04:00:00+00:00,1758783600000,1000.11,1001.0,986.0,992.4,269580.79,669231.58,0.00011254
2025-09-25 08:00:00+00:00,1758798000000,992.4,996.87,981.57,986.56,176644.53,674373.78,2.88e-05
2025-09-25 12:00:00+00:00,1758812400000,986.55,1001.09,980.0,995.75,298329.63,673592.59,4.5e-06
2025-09-25 16:00:00+00:00,1758826800000,995.75,997.8,950.84,959.34,602814.25,702731.56,7.743e-05
2025-09-25 20:00:00+00:00,1758841200000,959.35,961.67,940.0,946.49,231838.09,689252.5,5.135e-05
2025-09-26 00:00:00+00:00,1758855600000,946.49,960.0,941.38,946.12,195765.35,690997.35,2.807e-05
2025-09-26 04:00:00+00:00,1758870000000,946.11,950.53,936.6,949.99,195288.4,690963.73,9.24e-06
2025-09-26 08:00:00+00:00,1758884400000,950.0,951.4,932.67,937.83,198382.66999999998,684289.65,4.069e-05
2025-09-26 12:00:00+00:00,1758898800000,937.82,952.4,932.8,942.68,252557.87,671156.16,2e-08
2025-09-26 16:00:00+00:00,1758913200000,942.69,966.66,941.71,955.01,237575.39,664386.72,2e-08
2025-09-26 20:00:00+00:00,1758927600000,955.02,961.28,951.76,961.28,70514.25,662373.41,2e-08
2025-09-27 00:00:00+00:00,1758942000000,961.27,967.87,955.82,966.82,106732.09,659195.75,2e-08
2025-09-27 04:00:00+00:00,1758956400000,966.82,974.24,965.05,972.56,127052.43,653736.06,2e-08
2025-09-27 08:00:00+00:00,1758970800000,972.56,975.7,965.55,970.75,117856.55,652224.45,2e-08
2025-09-27 12:00:00+00:00,1758985200000,970.76,986.55,968.88,976.75,172326.99,655664.16,2e-08
2025-09-27 16:00:00+00:00,1758999600000,976.75,977.55,965.01,969.99,123803.64,647453.68,2.5e-07
2025-09-27 20:00:00+00:00,1759014000000,969.99,978.14,967.59,968.71,72998.22,639255.39,2.5e-07
2025-09-28 00:00:00+00:00,1759028400000,968.71,975.31,965.62,974.47,96009.26000000001,645336.14,2.5e-07
2025-09-28 04:00:00+00:00,1759042800000,974.46,975.64,968.73,969.86,59847.46,644731.9,2.5e-07
2025-09-28 08:00:00+00:00,1759057200000,969.86,973.51,963.06,973.42,114573.72,646277.24,2.5e-07
2025-09-28 12:00:00+00:00,1759071600000,973.42,979.72,966.44,976.43,114726.45999999999,650977.31,2.5e-07
2025-09-28 16:00:00+00:00,1759086000000,976.44,981.04,975.53,978.3,84259.59999999999,648906.5,2.5e-07
2025-09-28 20:00:00+00:00,1759100400000,978.3,993.58,977.8,993.09,125936.32,642883.68,2.5e-07
2025-09-29 00:00:00+00:00,1759114800000,993.1,1012.0,991.41,1010.96,216534.78,653446.29,2.5e-07
2025-09-29 04:00:00+00:00,1759129200000,1010.96,1014.55,1006.11,1010.49,153295.83000000002,659419.3,0.00016081
2025-09-29 08:00:00+00:00,1759143600000,1010.5,1013.57,1002.82,1005.64,135922.65,655295.57,0.00018121
2025-09-29 12:00:00+00:00,1759158000000,1005.64,1023.67,1000.29,1011.15,276213.9,646254.36,1.49e-06
2025-09-29 16:00:00+00:00,1759172400000,1011.16,1021.87,1004.0,1020.56,150420.05,653365.71,1.49e-06
2025-09-29 20:00:00+00:00,1759186800000,1020.57,1036.78,1019.36,1030.43,197137.33000000002,656415.14,1.49e-06
2025-09-30 00:00:00+00:00,1759201200000,1030.43,1034.5,1022.0,1023.96,132123.03,660644.31,3.094e-05
2025-09-30 04:00:00+00:00,1759215600000,1023.97,1028.64,1017.23,1020.63,118265.95999999999,669765.15,3.817e-05
2025-09-30 08:00:00+00:00,1759230000000,1020.63,1022.09,1007.16,1015.07,205628.53,672118.28,0.00010911
2025-09-30 12:00:00+00:00,1759244400000,1015.07,1015.36,993.2,998.71,234742.53,669218.62,7.416e-05
2025-09-30 16:00:00+00:00,1759258800000,998.7,1009.89,996.93,1007.55,141089.27000000002,662135.24,3.8e-07
2025-09-30 20:00:00+00:00,1759273200000,1007.55,1010.81,1001.47,1008.77,99977.03,661506.86,3.8e-07
2025-10-01 00:00:00+00:00,1759287600000,1008.77,1016.18,1003.44,1005.09,127199.35,653200.95,3.8e-07
2025-10-01 04:00:00+00:00,1759302000000,1005.1,1013.65,1004.82,1010.23,72247.45999999999,654819.75,3.8e-07
2025-10-01 08:00:00+00:00,1759316400000,1010.22,1036.56,1009.68,1023.43,277729.69,643280.13,3.8e-07
2025-10-01 12:00:00+00:00,1759330800000,1023.42,1028.82,1016.29,1019.35,173361.28,650976.46,3.8e-07
2025-10-01 16:00:00+00:00,1759345200000,1019.36,1025.62,1018.02,1019.97,101277.31,651198.24,3.8e-07
2025-10-01 20:00:00+00:00,1759359600000,1019.97,1026.94,1017.61,1026.85,64962.25,652077.52,3.8e-07
2025-10-02 00:00:00+00:00,1759374000000,1026.85,1038.19,1023.08,1031.25,203701.76,649772.69,3.8e-07
2025-10-02 04:00:00+00:00,1759388400000,1031.25,1041.92,1027.53,1036.43,126898.39,657434.83,3.8e-07
2025-10-02 08:00:00+00:00,1759402800000,1036.44,1050.26,1033.76,1047.96,142762.62,669030.71,3.8e-07
2025-10-02 12:00:00+00:00,1759417200000,1047.97,1064.29,1042.0,1056.12,323394.01,662863.97,3.8e-07
2025-10-02 16:00:00+00:00,1759431600000,1056.12,1077.74,1055.88,1074.62,199245.44,664046.87,2.132e-05
2025-10-02 20:00:00+00:00,1759446000000,1074.63,1100.34,1073.79,1090.91,314432.91000000003,690447.26,0.00021092
2025-10-03 00:00:00+00:00,1759460400000,1090.91,1113.36,1084.78,1108.64,273077.99,714188.01,0.00016889
2025-10-03 04:00:00+00:00,1759474800000,1108.63,1113.47,1085.31,1087.01,289802.32,704998.9,9.948e-05
2025-10-03 08:00:00+00:00,1759489200000,1087.01,1115.61,1084.5,1107.05,247711.9,716685.62,8.143e-05
2025-10-03 12:00:00+00:00,1759503600000,1107.06,1169.28,1103.05,1165.84,716579.8400000001,753231.65,2.968e-05
2025-10-03 16:00:00+00:00,1759518000000,1165.97,1180.0,1093.78,1171.34,758656.99,755106.83,0.00013715
2025-10-03 20:00:00+00:00,1759532400000,1171.34,1193.39,1165.52,1190.39,319568.91000000003,769655.38,9.545e-05
2025-10-04 00:00:00+00:00,1759546800000,1190.39,1191.11,1164.49,1170.98,292526.22,778855.17,0.00016966
2025-10-04 04:00:00+00:00,1759561200000,1170.98,1183.45,1166.0,1167.41,188539.61,776125.45,3.489e-05
2025-10-04 08:00:00+00:00,1759575600000,1167.41,1169.76,1145.68,1152.42,273059.72,777699.83,0.00012557
2025-10-04 12:00:00+00:00,1759590000000,1152.42,1154.78,1140.5,1145.35,236969.66999999998,768183.11,3.987e-05
2025-10-04 16:00:00+00:00,1759604400000,1145.37,1159.47,1138.0,1147.69,190705.54,764828.49,0.0001077
2025-10-04 20:00:00+00:00,1759618800000,1147.7,1157.36,1145.32,1151.46,101305.20999999999,756986.28,4.643e-05
2025-10-05 00:00:00+00:00,1759633200000,1151.45,1169.95,1144.0,1163.63,241081.15999999997,742145.08,1.02e-06
2025-10-05 04:00:00+00:00,1759647600000,1163.63,1189.9,1163.51,1178.35,321219.57,744872.84,1.02e-06
2025-10-05 08:00:00+00:00,1759662000000,1178.35,1180.63,1154.3,1168.14,268134.53,742086.64,1.02e-06
2025-10-05 12:00:00+00:00,1759676400000,1168.14,1171.77,1157.11,1158.99,152412.41999999998,740650.27,1.02e-06
2025-10-05 16:00:00+00:00,1759690800000,1159.0,1170.5,1148.68,1150.51,165894.31,743644.82,1.02e-06
2025-10-05 20:00:00+00:00,1759705200000,1150.5,1167.99,1148.34,1167.98,90241.7,739994.25,1.02e-06
2025-10-06 00:00:00+00:00,1759719600000,1167.99,1184.86,1162.27,1183.14,261911.09000000003,750384.17,1.02e-06
2025-10-06 04:00:00+00:00,1759734000000,1183.13,1225.0,1179.12,1199.08,728187.96,786464.86,6.815e-05
2025-10-06 08:00:00+00:00,1759748400000,1199.08,1223.8,1199.0,1223.18,344105.82999999996,802363.02,4.197e-05
2025-10-06 12:00:00+00:00,1759762800000,1223.19,1240.26,1210.24,1222.1,592447.56,798107.15,3.86e-05
2025-10-06 16:00:00+00:00,1759777200000,1222.1,1228.56,1214.29,1225.86,247358.84,795008.47,6.6e-07
2025-10-06 20:00:00+00:00,1759791600000,1225.85,1231.4,1218.49,1223.97,149748.78,799462.15,6.6e-07
2025-10-07 00:00:00+00:00,1759806000000,1223.95,1230.58,1203.33,1223.8,255584.65,802445.72,6.6e-07
2025-10-07 04:00:00+00:00,1759820400000,1223.8,1265.0,1220.83,1250.54,621681.34,803145.41,6.6e-07
2025-10-07 08:00:00+00:00,1759834800000,1250.54,1318.6,1231.36,1314.02,1039849.76,864130.48,6.6e-07
2025-10-07 12:00:00+00:00,1759849200000,1314.01,1362.91,1261.45,1281.57,1806106.5699999998,858228.7,6.251e-05
2025-10-07 16:00:00+00:00,1759863600000,1281.57,1303.06,1266.38,1297.77,654022.52,835774.48,9.2e-07
2025-10-07 20:00:00+00:00,1759878000000,1297.78,1328.9,1296.36,1305.33,490237.09,818121.52,9.2e-07
2025-10-08 00:00:00+00:00,1759892400000,1305.32,1335.32,1271.39,1276.29,723493.61,798242.84,9.2e-07
2025-10-08 04:00:00+00:00,1759906800000,1276.29,1314.04,1264.28,1312.29,484740.29000000004,792724.68,9.2e-07
2025-10-08 08:00:00+00:00,1759921200000,1312.28,1327.95,1302.01,1313.5,476116.22000000003,809548.51,9.2e-07
2025-10-08 12:00:00+00:00,1759935600000,1313.51,1321.0,1280.0,1293.47,609545.72,780374.32,9.2e-07
2025-10-08 16:00:00+00:00,1759950000000,1293.48,1323.33,1288.61,1316.0,366444.56,797397.66,9.2e-07
2025-10-08 20:00:00+00:00,1759964400000,1316.0,1325.2,1294.57,1306.84,214795.77000000002,778954.92,9.2e-07
2025-10-09 00:00:00+00:00,1759978800000,1306.84,1317.49,1254.03,1279.14,576135.87,785613.12,9.2e-07
2025-10-09 04:00:00+00:00,1759993200000,1279.14,1319.99,1272.0,1308.86,553045.6699999999,782993.65,9.2e-07
2025-10-09 08:00:00+00:00,1760007600000,1308.85,1309.51,1268.0,1281.67,585875.47,777325.68,9.2e-07
2025-10-09 12:00:00+00:00,1760022000000,1281.67,1291.68,1228.15,1240.65,867934.23,773955.92,9.2e-07
2025-10-09 16:00:00+00:00,1760036400000,1240.65,1248.27,1225.55,1242.36,369025.24,779346.01,5.681e-05
2025-10-09 20:00:00+00:00,1760050800000,1242.4,1261.49,1240.62,1256.16,156894.33,770582.94,3.4e-07
2025-10-10 00:00:00+00:00,1760065200000,1256.16,1270.0,1245.0,1260.32,252843.5,761957.1,3.625e-05
2025-10-10 04:00:00+00:00,1760079600000,1260.32,1279.14,1258.61,1264.22,277642.73,747384.78,2.2e-07
2025-10-10 08:00:00+00:00,1760094000000,1264.23,1274.36,1246.12,1271.2,304564.43,760374.38,2.2e-07
2025-10-10 12:00:00+00:00,1760108400000,1271.19,1274.83,1205.96,1216.5,745909.46,741948.53,2.2e-07
2025-10-10 16:00:00+00:00,1760122800000,1216.49,1248.24,1211.0,1236.67,627352.0800000001,752214.52,6.76e-06
2025-10-10 20:00:00+00:00,1760137200000,1236.53,1244.32,823.6,1102.85,2408855.5199999996,575887.38,5.15e-06
2025-10-11 00:00:00+00:00,1760151600000,1102.99,1143.87,1075.01,1127.82,706277.39,567156.79,7.6e-07
2025-10-11 04:00:00+00:00,1760166000000,1127.8,1140.25,1085.0,1094.94,414195.25,549175.93,7.6e-07
2025-10-11 08:00:00+00:00,1760180400000,1094.89,1140.94,1090.75,1130.39,316868.57,558938.35,7.6e-07
2025-10-11 12:00:00+00:00,1760194800000,1130.39,1159.2,1109.86,1143.33,286506.98,561511.84,7.6e-07
2025-10-11 16:00:00+00:00,1760209200000,1143.32,1183.13,1135.0,1140.91,375301.89,555121.44,7.6e-07
2025-10-11 20:00:00+00:00,1760223600000,1140.9,1147.25,1106.02,1134.93,340260.42,567068.98,7.6e-07
2025-10-12 00:00:00+00:00,1760238000000,1134.95,1137.64,1107.1,1121.01,304511.33999999997,563401.79,7.6e-07
2025-10-12 04:00:00+00:00,1760252400000,1121.08,1168.25,1117.11,1160.54,316990.45,574577.4,7.6e-07
2025-10-12 08:00:00+00:00,1760266800000,1160.46,1229.7,1154.06,1228.82,630184.64,593248.23,-0.00021888
2025-10-12 12:00:00+00:00,1760281200000,1228.82,1307.51,1219.66,1301.48,1153126.4,607767.26,-5.479e-05
2025-10-12 16:00:00+00:00,1760295600000,1301.47,1312.87,1274.3,1296.57,577950.95,597657.55,-1.62e-06
2025-10-12 20:00:00+00:00,1760310000000,1296.57,1320.97,1275.61,1302.92,402284.5,591784.96,-1.62e-06
2025-10-13 00:00:00+00:00,1760324400000,1302.92,1323.0,1290.89,1295.99,419469.07,588175.42,-1.62e-06
2025-10-13 04:00:00+00:00,1760338800000,1295.99,1354.0,1282.32,1342.39,764481.8,624257.42,-0.00030245
2025-10-13 08:00:00+00:00,1760353200000,1342.39,1374.61,1266.0,1294.62,1453427.49,618990.67,-0.00018021
2025-10-13 12:00:00+00:00,1760367600000,1294.63,1304.88,1250.01,1273.24,903079.27,577933.51,-2.93e-06
2025-10-13 16:00:00+00:00,1760382000000,1273.24,1288.0,1260.4,1270.86,407020.97,571835.97,-0.00011926
2025-10-13 20:00:00+00:00,1760396400000,1270.88,1298.17,1270.5,1293.71,234226.78,580487.1,-0.00027719
2025-10-14 00:00:00+00:00,1760410800000,1293.7,1317.02,1270.76,1277.77,394038.89999999997,580011.71,-9.107e-05
2025-10-14 04:00:00+00:00,1760425200000,1277.78,1279.92,1179.57,1194.74,1062306.23,571124.41,-1.83e-06
2025-10-14 08:00:00+00:00,1760439600000,1194.74,1212.07,1163.61,1170.43,694601.37,563619.19,0.0
2025-10-14 12:00:00+00:00,1760454000000,1170.42,1214.0,1142.79,1211.78,978037.26,552221.42,-0.00016416
2025-10-14 16:00:00+00:00,1760468400000,1211.78,1248.81,1190.27,1205.69,793819.83,556292.2,-0.00050317
2025-10-14 20:00:00+00:00,1760482800000,1205.64,1221.69,1202.43,1208.03,180417.0,551393.95,-0.00020586
2025-10-15 00:00:00+00:00,1760497200000,1208.03,1223.09,1199.1,1206.21,219756.92,554696.31,-1.9e-07
2025-10-15 04:00:00+00:00,1760511600000,1206.21,1216.38,1176.27,1189.68,294627.49,567821.48,-1.9e-07
2025-10-15 08:00:00+00:00,1760526000000,1189.67,1215.27,1176.19,1184.7,349928.75,562977.0,0.0
2025-10-15 12:00:00+00:00,1760540400000,1184.7,1191.28,1164.11,1168.49,421688.12999999995,564461.97,0.0
2025-10-15 16:00:00+00:00,1760554800000,1168.5,1188.0,1156.0,1164.37,348433.82,564768.87,0.0
2025-10-15 20:00:00+00:00,1760569200000,1164.37,1170.72,1148.53,1163.09,191323.25,567355.57,0.0
2025-10-16 00:00:00+00:00,1760583600000,1163.09,1195.59,1158.89,1183.98,258432.13,561759.23,0.0
2025-10-16 04:00:00+00:00,1760598000000,1183.98,1192.46,1173.54,1183.56,225519.47,554781.6,0.0
2025-10-16 08:00:00+00:00,1760612400000,1183.56,1194.28,1169.0,1181.39,388232.73,553481.9,0.0
2025-10-16 12:00:00+00:00,1760626800000,1181.4,1190.78,1131.4,1134.97,438526.73,553266.02,0.0
2025-10-16 16:00:00+00:00,1760641200000,1134.97,1157.29,1121.82,1145.52,487528.37,565220.19,0.0
2025-10-16 20:00:00+00:00,1760655600000,1145.54,1164.96,1140.91,1144.65,171729.32,562591.13,0.0
2025-10-17 00:00:00+00:00,1760670000000,1144.65,1156.69,1137.04,1150.56,145682.0,563329.58,0.0
2025-10-17 04:00:00+00:00,1760684400000,1150.56,1154.24,1059.37,1062.76,632932.27,578804.7,0.0
2025-10-17 08:00:00+00:00,1760698800000,1062.77,1079.1,1021.0,1071.21,1122059.04,546572.27,-9.421e-05
2025-10-17 12:00:00+00:00,1760713200000,1071.22,1076.34,1046.61,1073.8,492074.52999999997,545190.61,-0.00017113
2025-10-17 16:00:00+00:00,1760727600000,1073.76,1092.85,1062.5,1066.38,362618.83999999997,546494.09,-2.8e-07
2025-10-17 20:00:00+00:00,1760742000000,1066.39,1090.18,1063.92,1070.3,143487.15,547358.24,-2.8e-07
2025-10-18 00:00:00+00:00,1760756400000,1070.3,1094.21,1068.43,1089.47,173014.63,555911.28,-0.00018782
2025-10-18 04:00:00+00:00,1760770800000,1089.46,1130.98,1079.01,1118.03,361237.12,563355.24,-0.00012809
2025-10-18 08:00:00+00:00,1760785200000,1118.02,1124.32,1095.01,1102.76,283949.08,558682.19,-0.00032818
2025-10-18 12:00:00+00:00,1760799600000,1102.76,1104.88,1082.17,1090.7,242790.89,553214.49,-8.672e-05
2025-10-18 16:00:00+00:00,1760814000000,1090.71,1103.16,1080.8,1102.35,131917.33000000002,554241.89,-7.674e-05
2025-10-18 20:00:00+00:00,1760828400000,1102.34,1104.79,1083.7,1092.0,96615.14,555418.43,-1.193e-05
2025-10-19 00:00:00+00:00,1760842800000,1092.0,1093.8,1075.61,1091.27,129935.09,557455.2,-3.3e-07
2025-10-19 04:00:00+00:00,1760857200000,1091.27,1096.93,1081.67,1083.92,115709.93,561245.96,-4e-08
2025-10-19 08:00:00+00:00,1760871600000,1083.92,1109.65,1067.7,1099.88,409938.82999999996,549791.39,0.0
2025-10-19 12:00:00+00:00,1760886000000,1099.88,1121.98,1091.45,1117.95,295411.27,543016.14,-8.065e-05
2025-10-19 16:00:00+00:00,1760900400000,1117.96,1133.0,1114.34,1116.19,188241.68,550594.28,-0.00030381
2025-10-19 20:00:00+00:00,1760914800000,1116.19,1121.28,1106.7,1109.08,87033.87,547635.98,-0.00021841
2025-10-20 00:00:00+00:00,1760929200000,1109.07,1130.42,1086.87,1127.94,243120.76,552692.34,-0.00012366
2025-10-20 04:00:00+00:00,1760943600000,1127.94,1142.74,1120.11,1124.13,273255.65,553068.99,-3.382e-05
2025-10-20 08:00:00+00:00,1760958000000,1124.13,1129.2,1109.5,1114.51,230902.4,549260.11,-0.0002196
2025-10-20 12:00:00+00:00,1760972400000,1114.5,1116.57,1098.32,1109.88,268761.23,566874.85,-0.00035241
2025-10-20 16:00:00+00:00,1760986800000,1109.88,1110.02,1087.0,1100.3,278825.97,564086.1,-0.0001468
2025-10-20 20:00:00+00:00,1761001200000,1100.3,1104.19,1091.85,1099.72,71897.62,563587.59,-2.888e-05
2025-10-21 00:00:00+00:00,1761015600000,1099.73,1101.76,1077.17,1081.32,176837.25,579032.38,-6.8e-07
2025-10-21 04:00:00+00:00,1761030000000,1081.32,1081.7,1061.35,1071.97,279651.05,581542.66,-6.8e-07
2025-10-21 08:00:00+00:00,1761044400000,1071.98,1079.71,1065.38,1076.4,153322.22,580186.62,0.0
2025-10-21 12:00:00+00:00,1761058800000,1076.4,1114.65,1068.3,1111.91,433598.83999999997,565800.52,0.0
2025-10-21 16:00:00+00:00,1761073200000,1111.9,1113.3,1080.55,1089.77,318159.32,558027.14,0.0
2025-10-21 20:00:00+00:00,1761087600000,1089.77,1091.11,1051.01,1056.56,249785.13,560007.35,0.0
2025-10-22 00:00:00+00:00,1761102000000,1056.56,1070.34,1052.77,1067.22,179605.98,564287.25,-0.00012831
2025-10-22 04:00:00+00:00,1761116400000,1067.22,1074.04,1060.44,1070.74,114008.68,564341.26,-0.00014985
2025-10-22 08:00:00+00:00,1761130800000,1070.74,1073.83,1057.46,1068.69,162465.62,562201.62,-0.00011198
2025-10-22 12:00:00+00:00,1761145200000,1068.7,1083.64,1064.51,1080.49,345985.12,570937.47,-7.842e-05
2025-10-22 16:00:00+00:00,1761159600000,1080.5,1081.73,1062.51,1069.32,155510.72,562268.14,-1.8e-07
2025-10-22 20:00:00+00:00,1761174000000,1069.33,1073.52,1052.03,1071.37,172528.57,557981.1,-6.968e-05
2025-10-23 00:00:00+00:00,1761188400000,1071.38,1091.54,1071.34,1086.72,157531.46000000002,558044.75,-1.64e-06
2025-10-23 04:00:00+00:00,1761202800000,1086.73,1110.5,1082.72,1108.8,264425.95999999996,559333.16,-1.64e-06
2025-10-23 08:00:00+00:00,1761217200000,1108.79,1122.0,1092.56,1094.27,437620.92,553341.54,-0.00020746
2025-10-23 12:00:00+00:00,1761231600000,1094.27,1159.84,1076.37,1130.0,1030994.73,586950.99,-1.56e-06
2025-10-23 16:00:00+00:00,1761246000000,1130.0,1139.94,1104.41,1116.78,424028.45999999996,558321.82,-4.208e-05
2025-10-23 20:00:00+00:00,1761260400000,1116.77,1128.85,1110.0,1125.61,135274.12,557000.16,-0.0002008
2025-10-24 00:00:00+00:00,1761274800000,1125.61,1139.51,1125.36,1134.78,221265.66,554712.46,-0.00037613
2025-10-24 04:00:00+00:00,1761289200000,1134.78,1143.92,1122.0,1124.88,206728.3,550069.78,-3.656e-05
2025-10-24 08:00:00+00:00,1761303600000,1124.87,1134.72,1119.46,1124.77,162755.69,547863.41,-3.39e-05
2025-10-24 12:00:00+00:00,1761318000000,1124.76,1137.53,1101.93,1103.58,314598.89,552169.57,-0.00021636
2025-10-24 16:00:00+00:00,1761332400000,1103.58,1113.61,1096.32,1108.97,145213.13,554932.4,-0.000239
2025-10-24 20:00:00+00:00,1761346800000,1108.97,1112.91,1106.05,1108.16,61136.35,555782.28,-0.00015562
2025-10-25 00:00:00+00:00,1761361200000,1108.16,1117.65,1100.0,1116.37,115906.79000000001,556767.05,-0.00013336
2025-10-25 04:00:00+00:00,1761375600000,1116.37,1118.42,1110.0,1111.92,95019.84,554631.34,-9.142e-05
2025-10-25 08:00:00+00:00,1761390000000,1111.92,1117.69,1108.93,1114.92,87719.94,555142.68,-0.00010964
2025-10-25 12:00:00+00:00,1761404400000,1114.91,1117.5,1105.01,1108.14,99315.93,554015.43,-2.425e-05
2025-10-25 16:00:00+00:00,1761418800000,1108.14,1116.83,1107.04,1115.91,60415.89,554872.26,-7.56e-06
2025-10-25 20:00:00+00:00,1761433200000,1115.94,1120.9,1112.3,1116.35,51016.1,552455.77,-1.1e-07
2025-10-26 00:00:00+00:00,1761447600000,1116.35,1124.22,1114.23,1116.59,97964.78,552890.91,0.0
2025-10-26 04:00:00+00:00,1761462000000,1116.59,1122.22,1115.48,1120.17,50763.05,556641.31,0.0
2025-10-26 08:00:00+00:00,1761476400000,1120.17,1135.8,1120.0,1134.79,194434.8,552888.96,0.0
2025-10-26 12:00:00+00:00,1761490800000,1134.79,1138.74,1126.33,1132.89,189684.8,559403.18,0.0
2025-10-26 16:00:00+00:00,1761505200000,1132.89,1133.42,1122.62,1126.37,81469.98000000001,554436.48,0.0
2025-10-26 20:00:00+00:00,1761519600000,1126.36,1142.99,1122.35,1137.87,130118.54000000001,551727.91,0.0
2025-10-27 00:00:00+00:00,1761534000000,1137.87,1163.61,1136.81,1151.06,240950.90000000002,559080.85,0.0
2025-10-27 04:00:00+00:00,1761548400000,1151.07,1161.7,1140.0,1157.01,255366.31,577124.13,0.0
2025-10-27 08:00:00+00:00,1761562800000,1157.01,1180.23,1147.2,1180.04,319220.25,600364.66,0.0
2025-10-27 12:00:00+00:00,1761577200000,1180.05,1182.76,1129.0,1143.0,488166.93,566297.82,0.0
2025-10-27 16:00:00+00:00,1761591600000,1143.0,1153.0,1141.28,1144.75,142794.8,564901.91,-0.00010036
2025-10-27 20:00:00+00:00,1761606000000,1144.75,1147.09,1132.01,1138.38,119479.06999999999,566116.35,-7.2e-07
2025-10-28 00:00:00+00:00,1761620400000,1138.37,1147.33,1130.4,1137.94,122713.55,565806.74,0.0
2025-10-28 04:00:00+00:00,1761634800000,1137.93,1143.24,1120.1,1131.62,165627.87,562540.2,-0.00011334
2025-10-28 08:00:00+00:00,1761649200000,1131.63,1138.44,1129.03,1131.63,84093.0,564655.17,-0.00018858
2025-10-28 12:00:00+00:00,1761663600000,1131.62,1147.17,1126.49,1135.2,207038.43,561053.1,-8.1e-07
2025-10-28 16:00:00+00:00,1761678000000,1135.21,1148.9,1125.59,1128.22,152525.72,556757.09,0.0
2025-10-28 20:00:00+00:00,1761692400000,1128.23,1128.77,1070.95,1102.35,420323.69,540578.4,-0.00029663
2025-10-29 00:00:00+00:00,1761706800000,1102.34,1108.13,1098.05,1103.82,123741.5,550317.23,-0.00027776
2025-10-29 04:00:00+00:00,1761721200000,1103.81,1120.24,1103.0,1115.71,156105.49,558547.27,-0.00023289
2025-10-29 08:00:00+00:00,1761735600000,1115.72,1119.5,1110.45,1113.66,282961.48,547453.14,-0.00019842
2025-10-29 12:00:00+00:00,1761750000000,1113.67,1118.54,1096.2,1099.36,173055.93,537835.5,-1.55e-06
2025-10-29 16:00:00+00:00,1761764400000,1099.36,1114.13,1081.82,1107.28,350146.03,534317.68,0.0
2025-10-29 20:00:00+00:00,1761778800000,1107.3,1119.57,1103.19,1107.7,96120.34,531032.83,0.0
2025-10-30 00:00:00+00:00,1761793200000,1107.69,1119.61,1104.62,1117.92,93712.67,528880.75,0.0
2025-10-30 04:00:00+00:00,1761807600000,1117.92,1118.46,1088.54,1117.98,222913.96,534863.34,-1.63e-06
2025-10-30 08:00:00+00:00,1761822000000,1117.98,1129.87,1107.08,1111.4,230367.16,539446.18,0.0
2025-10-30 12:00:00+00:00,1761836400000,1111.39,1113.99,1073.82,1076.36,377885.95,545549.36,-9.328e-05
2025-10-30 16:00:00+00:00,1761850800000,1076.35,1083.5,1058.0,1061.0,210958.07,541576.35,-6.841e-05
2025-10-30 20:00:00+00:00,1761865200000,1060.99,1078.74,1040.37,1078.15,292276.27,517954.34,-0.00030398
2025-10-31 00:00:00+00:00,1761879600000,1078.15,1087.95,1074.19,1085.39,166407.66,522348.97,-0.00021436
2025-10-31 04:00:00+00:00,1761894000000,1085.4,1103.46,1084.51,1097.97,203273.63,529409.83,-0.00010132
2025-10-31 08:00:00+00:00,1761908400000,1097.97,1104.34,1077.63,1088.43,572946.79,534346.88,-0.00056482
2025-10-31 12:00:00+00:00,1761922800000,1088.42,1093.1,1077.08,1084.05,248344.47,513210.82,-2e-06
2025-10-31 16:00:00+00:00,1761937200000,1084.04,1091.38,1071.1,1089.35,142501.9,507441.68,0.0
2025-10-31 20:00:00+00:00,1761951600000,1089.34,1090.0,1083.2,1088.13,49578.26,507117.64,-9.019e-05
2025-11-01 00:00:00+00:00,1761966000000,1088.12,1093.53,1081.46,1089.36,107037.68,506915.93,-0.0001955
2025-11-01 04:00:00+00:00,1761980400000,1089.36,1090.92,1084.0,1086.03,54738.59,507665.66,-8.92e-06
2025-11-01 08:00:00+00:00,1761994800000,1086.02,1088.88,1085.1,1088.48,43116.05,506829.58,-6.112e-05
2025-11-01 12:00:00+00:00,1762009200000,1088.48,1094.84,1081.1,1091.91,98781.38,506461.6,-0.00014682
2025-11-01 16:00:00+00:00,1762023600000,1091.91,1096.0,1089.5,1094.24,65918.56,506463.82,-9.338e-05
2025-11-01 20:00:00+00:00,1762038000000,1094.23,1096.75,1089.62,1094.22,32987.81,503807.55,-9.1e-07
2025-11-02 00:00:00+00:00,1762052400000,1094.23,1094.59,1087.48,1089.22,49179.54,500111.33,0.0
2025-11-02 04:00:00+00:00,1762066800000,1089.22,1094.64,1087.42,1093.01,55051.479999999996,495598.14,0.0
2025-11-02 08:00:00+00:00,1762081200000,1093.01,1094.0,1079.5,1087.49,78214.72,496858.79,-9.626e-05
2025-11-02 12:00:00+00:00,1762095600000,1087.5,1087.67,1078.0,1080.11,85989.93,496852.16,-6.4e-07
2025-11-02 16:00:00+00:00,1762110000000,1080.11,1080.17,1071.2,1078.35,74730.61,498340.34,0.0
2025-11-02 20:00:00+00:00,1762124400000,1078.34,1085.75,1076.12,1082.98,59276.01,499901.55,0.0
2025-11-03 00:00:00+00:00,1762138800000,1082.98,1087.29,1040.13,1043.1,261855.71999999997,520054.33,0.0
2025-11-03 04:00:00+00:00,1762153200000,1043.1,1048.68,1023.6,1029.02,251043.86,526731.1,0.0
2025-11-03 08:00:00+00:00,1762167600000,1029.02,1031.6,1007.58,1015.96,287588.95,532663.92,0.0
2025-11-03 12:00:00+00:00,1762182000000,1015.97,1024.71,951.0,979.82,579441.8,507197.49,0.0
2025-11-03 16:00:00+00:00,1762196400000,979.83,1010.0,976.18,995.83,301696.80000000005,510268.33,-6.21e-05
2025-11-03 20:00:00+00:00,1762210800000,995.84,997.31,980.56,993.15,172926.2,510348.1,-2.7e-07
2025-11-04 00:00:00+00:00,1762225200000,993.15,1000.7,981.81,998.81,144341.22999999998,513129.59,0.0
2025-11-04 04:00:00+00:00,1762239600000,998.82,1001.92,940.21,945.08,503462.14,521729.62,0.0
2025-11-04 08:00:00+00:00,1762254000000,945.07,963.61,940.01,958.24,306776.89,521178.96,0.0
2025-11-04 12:00:00+00:00,1762268400000,958.24,967.81,934.94,950.24,353710.70999999996,526620.84,0.0
2025-11-04 16:00:00+00:00,1762282800000,950.23,953.67,908.44,920.16,624680.22,543060.56,0.0
2025-11-04 20:00:00+00:00,1762297200000,920.15,942.29,878.96,937.16,719610.64,539878.17,0.0
2025-11-05 00:00:00+00:00,1762311600000,937.17,955.79,900.6,949.45,393017.66000000003,543827.97,0.0
2025-11-05 04:00:00+00:00,1762326000000,949.46,957.5,941.11,953.86,131549.78999999998,542862.94,0.0
2025-11-05 08:00:00+00:00,1762340400000,953.86,954.06,936.82,945.44,145506.58,541104.05,0.0
2025-11-05 12:00:00+00:00,1762354800000,945.43,965.31,944.2,965.23,222460.22,539702.37,0.0
2025-11-05 16:00:00+00:00,1762369200000,965.24,967.38,956.66,958.88,163530.32,540492.38,-7.065e-05
2025-11-05 20:00:00+00:00,1762383600000,958.87,963.98,951.03,958.81,100615.5,538794.53,-5e-08
2025-11-06 00:00:00+00:00,1762398000000,958.81,963.73,943.5,962.85,132503.05,533209.54,0.0
2025-11-06 04:00:00+00:00,1762412400000,962.85,965.0,946.31,951.4,107265.26,534947.81,0.0
2025-11-06 08:00:00+00:00,1762426800000,951.39,958.72,948.26,955.22,95082.35,534810.5,0.0
2025-11-06 12:00:00+00:00,1762441200000,955.22,955.52,927.35,933.85,260626.43,534122.02,0.0
2025-11-06 16:00:00+00:00,1762455600000,933.88,955.69,925.29,948.38,212735.5,532016.08,0.0
2025-11-06 20:00:00+00:00,1762470000000,948.39,954.92,944.2,950.75,93831.14,533273.84,0.0
2025-11-07 00:00:00+00:00,1762484400000,950.75,977.0,945.14,967.47,212364.15,538374.13,0.0
2025-11-07 04:00:00+00:00,1762498800000,967.46,972.25,958.1,970.62,115915.32,538872.25,0.0
2025-11-07 08:00:00+00:00,1762513200000,970.62,971.29,936.95,943.01,182406.08,539610.16,0.0
2025-11-07 12:00:00+00:00,1762527600000,943.01,951.0,925.82,945.08,273305.68,544128.65,0.0
2025-11-07 16:00:00+00:00,1762542000000,945.09,986.0,940.11,982.23,321406.71,523971.77,0.0
2025-11-07 20:00:00+00:00,1762556400000,982.22,996.0,974.71,991.21,154033.05,515916.83,0.0
2025-11-08 00:00:00+00:00,1762570800000,991.22,1007.49,980.24,996.36,216509.69,512266.4,0.0
2025-11-08 04:00:00+00:00,1762585200000,996.36,1002.04,985.1,995.49,141835.59,510372.75,0.0
2025-11-08 08:00:00+00:00,1762599600000,995.48,1003.39,986.59,989.28,132494.41,509381.58,0.0
2025-11-08 12:00:00+00:00,1762614000000,989.28,998.36,982.87,990.78,128593.83,509281.36,0.0
2025-11-08 16:00:00+00:00,1762628400000,990.77,1005.99,984.74,996.06,141816.8,508964.69,0.0
2025-11-08 20:00:00+00:00,1762642800000,996.05,999.66,989.23,990.5,55479.45,507596.94,0.0
2025-11-09 00:00:00+00:00,1762657200000,990.5,993.65,975.23,980.74,104311.75,510182.71,0.0
2025-11-09 04:00:00+00:00,1762671600000,980.73,993.27,980.36,989.4,72695.78,508999.76,0.0
2025-11-09 08:00:00+00:00,1762686000000,989.4,995.65,981.81,990.16,102256.23,507158.07,0.0
2025-11-09 12:00:00+00:00,1762700400000,990.16,998.25,975.26,993.75,235249.21000000002,496725.24,0.0
2025-11-09 16:00:00+00:00,1762714800000,993.76,1004.97,990.37,1004.52,144029.64,497822.18,-6.124e-05
2025-11-09 20:00:00+00:00,1762729200000,1004.52,1006.99,990.01,996.12,107572.61,497050.41,-7.8e-07
2025-11-10 00:00:00+00:00,1762743600000,996.11,1019.15,990.78,1012.53,188708.41999999998,494061.69,-4.543e-05
2025-11-10 04:00:00+00:00,1762758000000,1012.54,1014.04,1003.0,1005.38,107905.7,492759.56,-1.9e-07
2025-11-10 08:00:00+00:00,1762772400000,1005.38,1005.68,994.69,998.64,109143.31,497171.63,-0.00020789
2025-11-10 12:00:00+00:00,1762786800000,998.64,1003.53,975.5,979.17,195780.53,501159.27,-0.00021867
2025-11-10 16:00:00+00:00,1762801200000,979.17,988.85,975.01,987.1,104967.16,501311.32,-0.00020646
2025-11-10 20:00:00+00:00,1762815600000,987.1,995.86,982.57,991.55,72010.39,495904.57,-0.00015473
2025-11-11 00:00:00+00:00,1762830000000,991.55,1008.84,986.2,1000.92,179151.47999999998,493450.62,-1.39e-06
2025-11-11 04:00:00+00:00,1762844400000,1000.92,1003.66,971.0,973.72,181222.6,501780.15,-1.39e-06
2025-11-11 08:00:00+00:00,1762858800000,973.71,982.78,972.38,979.98,79242.20999999999,506089.79,-0.00017221
2025-11-11 12:00:00+00:00,1762873200000,979.98,984.65,970.89,975.62,130495.66,501231.36,-7.8e-07
2025-11-11 16:00:00+00:00,1762887600000,975.61,977.6,960.5,961.13,144681.86,506580.07,0.0
2025-11-11 20:00:00+00:00,1762902000000,961.13,965.59,955.72,957.89,99951.54000000001,513872.96,0.0
2025-11-12 00:00:00+00:00,1762916400000,957.88,965.57,955.0,960.98,90026.76,516800.2,0.0
2025-11-12 04:00:00+00:00,1762930800000,960.99,962.42,951.16,952.77,70653.75,517322.79,0.0
2025-11-12 08:00:00+00:00,1762945200000,952.77,975.0,952.77,971.12,137440.93,513294.63,0.0
2025-11-12 12:00:00+00:00,1762959600000,971.13,978.79,945.55,948.86,224606.21999999997,518482.47,0.0
2025-11-12 16:00:00+00:00,1762974000000,948.86,954.52,937.2,948.11,178301.68,518005.53,0.0
2025-11-12 20:00:00+00:00,1762988400000,948.11,957.42,946.18,952.51,53770.26,518752.23,-2.88e-05
2025-11-13 00:00:00+00:00,1763002800000,952.51,963.68,945.62,959.05,105998.10999999999,521851.8,-4.995e-05
2025-11-13 04:00:00+00:00,1763017200000,959.05,970.88,956.76,964.66,110887.49,520722.38,-7.5e-07
2025-11-13 08:00:00+00:00,1763031600000,964.66,967.95,959.61,966.98,76649.06,517529.47,0.0
2025-11-13 12:00:00+00:00,1763046000000,966.98,968.09,952.25,957.36,160911.53,518945.2,0.0
2025-11-13 16:00:00+00:00,1763060400000,957.35,959.44,911.02,913.74,331143.75,526485.8,0.0
2025-11-13 20:00:00+00:00,1763074800000,913.75,932.42,906.14,926.67,192986.82,533162.86,0.0
2025-11-14 00:00:00+00:00,1763089200000,926.68,933.3,918.48,923.68,168782.44,528639.99,0.0
2025-11-14 04:00:00+00:00,1763103600000,923.69,926.96,898.0,922.98,262021.09,533704.75,0.0
2025-11-14 08:00:00+00:00,1763118000000,922.95,923.08,904.9,909.51,145678.63,540872.92,0.0
2025-11-14 12:00:00+00:00,1763132400000,909.51,931.97,888.07,926.12,458189.13,533794.89,0.0
2025-11-14 16:00:00+00:00,1763146800000,926.16,933.99,919.03,932.27,155234.09,528895.77,0.0
2025-11-14 20:00:00+00:00,1763161200000,932.28,934.0,908.25,915.69,132518.39,525983.65,2.3e-07
2025-11-15 00:00:00+00:00,1763175600000,915.7,936.64,915.42,932.36,121951.66,529034.63,0.0
2025-11-15 04:00:00+00:00,1763190000000,932.36,937.68,927.55,936.81,70435.47,528285.19,0.0
2025-11-15 08:00:00+00:00,1763204400000,936.82,939.6,929.18,931.0,105982.90000000001,528555.59,0.0
2025-11-15 12:00:00+00:00,1763218800000,931.0,938.56,929.33,936.83,61083.5,531071.99,0.0
2025-11-15 16:00:00+00:00,1763233200000,936.83,945.74,931.2,941.83,72341.7,533561.33,0.0
2025-11-15 20:00:00+00:00,1763247600000,941.82,942.04,926.14,932.79,80269.06,532677.81,0.0
2025-11-16 00:00:00+00:00,1763262000000,932.8,942.1,921.8,941.57,104737.35,534730.8,0.0
2025-11-16 04:00:00+00:00,1763276400000,941.56,948.98,938.18,943.93,76546.2,529699.03,4.982e-05
2025-11-16 08:00:00+00:00,1763290800000,943.94,950.58,930.51,932.13,101716.12000000001,525282.5,1.8e-07
2025-11-16 12:00:00+00:00,1763305200000,932.13,939.62,922.05,923.73,137374.31,525998.04,1.8e-07
2025-11-16 16:00:00+00:00,1763319600000,923.74,930.61,908.57,920.19,288917.58,522836.31,0.0
2025-11-16 20:00:00+00:00,1763334000000,920.19,932.23,910.05,927.15,127529.94,525588.76,0.0
2025-11-17 00:00:00+00:00,1763348400000,927.15,940.54,920.2,935.2,149603.16,522603.7,0.0
2025-11-17 04:00:00+00:00,1763362800000,935.19,938.44,930.71,935.89,58138.740000000005,521076.1,6.82e-05
2025-11-17 08:00:00+00:00,1763377200000,935.89,939.48,931.6,933.88,72732.95999999999,517617.31,4.618e-05
2025-11-17 12:00:00+00:00,1763391600000,933.88,935.18,901.09,911.92,426744.89,519378.97,4.5e-07
2025-11-17 16:00:00+00:00,1763406000000,911.92,922.55,893.02,897.36,318172.7,535347.46,0.0
2025-11-17 20:00:00+00:00,1763420400000,897.37,911.4,891.2,907.32,172138.34,536525.88,0.0
2025-11-18 00:00:00+00:00,1763434800000,907.32,919.3,884.07,903.68,390024.63,536622.94,0.0
2025-11-18 04:00:00+00:00,1763449200000,903.7,914.29,893.22,910.97,206197.85,550742.65,4.928e-05
2025-11-18 08:00:00+00:00,1763463600000,910.96,926.37,910.5,916.1,152616.25,536267.06,0.00014147
2025-11-18 12:00:00+00:00,1763478000000,916.11,928.2,911.06,926.84,196486.85,539314.84,6.524e-05
2025-11-18 16:00:00+00:00,1763492400000,926.84,939.87,924.75,936.43,160765.8,529733.96,6.748e-05
2025-11-18 20:00:00+00:00,1763506800000,936.43,937.86,929.01,933.35,60019.869999999995,531729.27,9.957e-05
2025-11-19 00:00:00+00:00,1763521200000,933.35,941.85,925.31,932.83,138029.55,536510.2,9.724e-05
2025-11-19 04:00:00+00:00,1763535600000,932.83,933.56,913.45,931.62,180940.03,529524.37,8.977e-05
2025-11-19 08:00:00+00:00,1763550000000,931.62,934.87,919.62,922.07,112224.33,532485.98,6.192e-05
2025-11-19 12:00:00+00:00,1763564400000,922.07,926.0,892.96,894.96,249826.43,524481.35,6.13e-06
2025-11-19 16:00:00+00:00,1763578800000,894.97,899.94,872.03,878.68,322072.74,540708.1,6.3e-07
2025-11-19 20:00:00+00:00,1763593200000,878.69,901.28,876.08,897.66,182125.94999999998,535966.82,6.3e-07
2025-11-20 00:00:00+00:00,1763607600000,897.65,916.0,893.65,910.56,179584.04,530323.16,0.0
2025-11-20 04:00:00+00:00,1763622000000,910.55,915.34,900.09,908.43,125721.84000000001,527267.78,8.689e-05
2025-11-20 08:00:00+00:00,1763636400000,908.43,909.55,897.3,902.94,98310.71,530931.23,0.00016629
2025-11-20 12:00:00+00:00,1763650800000,902.93,910.38,889.08,890.59,206154.62,528590.05,5.937e-05
2025-11-20 16:00:00+00:00,1763665200000,890.69,891.32,868.5,880.76,391834.71,552498.78,2.7e-07
2025-11-20 20:00:00+00:00,1763679600000,880.76,884.27,865.78,866.91,151939.96,554031.23,2.7e-07
2025-11-21 00:00:00+00:00,1763694000000,866.91,878.06,856.26,863.91,217523.12,548025.17,0.0
2025-11-21 04:00:00+00:00,1763708400000,863.9,867.75,800.0,832.29,421790.61,545670.24,2.824e-05
2025-11-21 08:00:00+00:00,1763722800000,832.3,840.74,805.77,809.72,443617.35,565019.73,3.533e-05
2025-11-21 12:00:00+00:00,1763737200000,809.72,832.08,790.92,814.2,509149.88,562328.6,1.027e-05
2025-11-21 16:00:00+00:00,1763751600000,814.2,837.0,808.35,826.13,296203.63,560788.68,3.392e-05
2025-11-21 20:00:00+00:00,1763766000000,826.12,837.0,814.37,831.16,185529.62,555740.53,5.07e-05
2025-11-22 00:00:00+00:00,1763780400000,831.16,843.42,830.66,837.04,151140.81,568224.55,8.589e-05
2025-11-22 04:00:00+00:00,1763794800000,837.03,838.12,820.13,832.36,122026.4,573052.62,6.614e-05
2025-11-22 08:00:00+00:00,1763809200000,832.36,833.65,814.17,826.16,194366.78,565786.31,3.668e-05
2025-11-22 12:00:00+00:00,1763823600000,826.15,829.5,815.68,823.74,107832.9,562023.26,1.562e-05
2025-11-22 16:00:00+00:00,1763838000000,823.73,834.99,823.24,833.47,77346.34,563844.21,0.00010994
2025-11-22 20:00:00+00:00,1763852400000,833.48,842.62,826.43,834.28,69958.49,569284.27,7.793e-05
2025-11-23 00:00:00+00:00,1763866800000,834.29,850.59,833.72,847.33,121518.7,561896.67,6.81e-06
2025-11-23 04:00:00+00:00,1763881200000,847.33,855.0,837.2,841.66,127642.63,552987.14,2.8e-07
2025-11-23 08:00:00+00:00,1763895600000,841.67,847.38,839.08,842.99,60739.15,552642.96,2.3e-07
2025-11-23 12:00:00+00:00,1763910000000,842.99,852.45,842.74,850.48,87884.48000000001,551500.75,2.3e-07
2025-11-23 16:00:00+00:00,1763924400000,850.47,853.7,843.66,850.25,73170.01,552759.67,0.0
2025-11-23 20:00:00+00:00,1763938800000,850.24,855.85,842.69,844.05,71575.23999999999,552604.51,0.0
2025-11-24 00:00:00+00:00,1763953200000,844.05,853.71,836.46,850.05,185368.61,537113.78,0.0
2025-11-24 04:00:00+00:00,1763967600000,850.06,859.37,839.04,854.47,184548.36,541050.11,0.00011431
2025-11-24 08:00:00+00:00,1763982000000,854.47,857.27,841.03,843.12,116003.73000000001,541782.87,7.603e-05
2025-11-24 12:00:00+00:00,1763996400000,843.12,848.99,830.0,844.88,193497.37,534626.56,9.58e-06
2025-11-24 16:00:00+00:00,1764010800000,844.88,871.95,844.6,869.35,205962.29,533886.42,5.785e-05
2025-11-24 20:00:00+00:00,1764025200000,869.35,877.0,863.8,865.26,96711.03,532765.47,0.00014378
2025-11-25 00:00:00+00:00,1764039600000,865.25,867.58,857.01,861.21,91305.69,527866.62,6.241e-05
2025-11-25 04:00:00+00:00,1764054000000,861.22,865.4,856.02,856.42,82705.09,530022.07,5.6e-07
2025-11-25 08:00:00+00:00,1764068400000,856.41,860.17,847.0,850.91,117625.66,524655.76,0.0
2025-11-25 12:00:00+00:00,1764082800000,850.91,856.19,837.5,846.39,157010.36,522805.99,0.0
2025-11-25 16:00:00+00:00,1764097200000,846.39,862.2,845.51,855.53,118285.14,519000.91,0.0
2025-11-25 20:00:00+00:00,1764111600000,855.52,868.1,851.37,863.11,83237.90000000001,514141.01,0.0
2025-11-26 00:00:00+00:00,1764126000000,863.1,870.34,859.33,860.56,77290.65,510914.83,0.0
2025-11-26 04:00:00+00:00,1764140400000,860.56,863.5,857.79,860.96,62912.659999999996,509990.07,8.49e-06
2025-11-26 08:00:00+00:00,1764154800000,860.96,861.41,853.0,858.15,96478.01000000001,510141.76,1.7e-07
2025-11-26 12:00:00+00:00,1764169200000,858.14,869.07,852.12,865.64,133445.35,513575.13,1.7e-07
2025-11-26 16:00:00+00:00,1764183600000,865.63,897.85,865.49,897.2,217676.07,520052.77,0.00012052
2025-11-26 20:00:00+00:00,1764198000000,897.19,897.78,889.57,892.08,82768.49,514625.58,5.775e-05
2025-11-27 00:00:00+00:00,1764212400000,892.07,905.12,889.81,895.95,124378.11,514327.3,3.5e-07
2025-11-27 04:00:00+00:00,1764226800000,895.95,899.5,891.05,894.07,57031.64,513024.2,3.5e-07
2025-11-27 08:00:00+00:00,1764241200000,894.06,896.24,890.04,892.78,73482.17,511727.26,0.0
2025-11-27 12:00:00+00:00,1764255600000,892.77,894.68,884.21,893.55,107292.46,506843.21,0.0
2025-11-27 16:00:00+00:00,1764270000000,893.56,899.12,890.5,896.85,49907.93,505965.84,0.0
2025-11-27 20:00:00+00:00,1764284400000,896.85,899.03,891.43,896.12,36350.62,506234.67,0.0
2025-11-28 00:00:00+00:00,1764298800000,896.1,900.41,889.58,893.09,89866.73999999999,508569.9,3.1e-06
2025-11-28 04:00:00+00:00,1764313200000,893.1,898.6,882.0,882.79,74178.54999999999,502861.94,4.3e-07
2025-11-28 08:00:00+00:00,1764327600000,882.78,898.99,882.78,892.19,113806.27,504557.66,0.0
2025-11-28 12:00:00+00:00,1764342000000,892.18,906.99,887.06,902.27,145968.79,505298.33,0.0
2025-11-28 16:00:00+00:00,1764356400000,902.28,902.46,876.16,886.37,183821.08,502844.09,0.0
2025-11-28 20:00:00+00:00,1764370800000,886.36,890.69,883.16,887.54,50323.04,501692.08,0.0
2025-11-29 00:00:00+00:00,1764385200000,887.55,889.41,883.68,884.43,38983.43,500655.46,0.0
2025-11-29 04:00:00+00:00,1764399600000,884.44,885.18,876.34,879.47,65653.9,502348.22,0.0
2025-11-29 08:00:00+00:00,1764414000000,879.48,882.75,877.91,878.91,42824.36,503718.55,0.0
2025-11-29 12:00:00+00:00,1764428400000,878.91,882.16,875.28,881.25,56198.35,503441.22,0.0
2025-11-29 16:00:00+00:00,1764442800000,881.25,882.13,868.55,873.42,74282.96,499170.28,0.0
2025-11-29 20:00:00+00:00,1764457200000,873.43,876.12,870.9,873.26,26318.489999999998,498961.39,0.0
2025-11-30 00:00:00+00:00,1764471600000,873.27,879.14,869.65,875.93,43664.270000000004,500373.11,0.0
2025-11-30 04:00:00+00:00,1764486000000,875.94,877.18,870.51,875.01,42783.11,500264.69,0.0
2025-11-30 08:00:00+00:00,1764500400000,875.0,879.94,874.57,877.01,51338.07,503548.49,0.0
2025-11-30 12:00:00+00:00,1764514800000,877.02,898.43,876.09,894.37,141927.96,506968.47,0.0
2025-11-30 16:00:00+00:00,1764529200000,894.36,900.35,893.21,895.35,66774.72,506044.15,0.0
2025-11-30 20:00:00+00:00,1764543600000,895.36,897.45,874.16,875.21,103214.6,505540.27,0.0
2025-12-01 00:00:00+00:00,1764558000000,875.21,877.23,827.08,829.16,368789.91000000003,512079.75,0.0
2025-12-01 04:00:00+00:00,1764572400000,829.15,832.78,820.66,832.1,143775.47999999998,513356.05,0.0
2025-12-01 08:00:00+00:00,1764586800000,832.1,833.0,822.91,824.48,106817.09,518526.32,0.0
2025-12-01 12:00:00+00:00,1764601200000,824.49,826.01,801.4,811.88,284074.9,517451.62,0.0
2025-12-01 16:00:00+00:00,1764615600000,811.9,818.83,808.46,814.72,125141.22,521733.69,0.0
2025-12-01 20:00:00+00:00,1764630000000,814.72,832.47,814.56,826.47,115751.84,520773.96,0.0
2025-12-02 00:00:00+00:00,1764644400000,826.46,833.95,820.2,828.12,115044.07,520332.38,0.0
2025-12-02 04:00:00+00:00,1764658800000,828.11,832.86,827.75,830.57,64599.47,521621.96,0.0
2025-12-02 08:00:00+00:00,1764673200000,830.56,845.2,824.98,843.2,129560.64,521055.23,0.0
2025-12-02 12:00:00+00:00,1764687600000,843.21,875.0,839.36,871.19,303488.3,512224.5,0.0
2025-12-02 16:00:00+00:00,1764702000000,871.2,885.5,865.69,882.88,200503.97,515577.43,0.0
2025-12-02 20:00:00+00:00,1764716400000,882.88,883.21,873.09,877.18,95707.47,512184.54,0.0
2025-12-03 00:00:00+00:00,1764730800000,877.18,889.92,874.0,888.12,104210.02,513036.34,0.0
2025-12-03 04:00:00+00:00,1764745200000,888.11,911.39,887.67,897.19,196607.62,522473.37,0.0
2025-12-03 08:00:00+00:00,1764759600000,897.18,902.11,894.13,899.44,84852.79000000001,523164.39,0.0
2025-12-03 12:00:00+00:00,1764774000000,899.44,906.7,888.42,897.72,211908.22,522168.99,0.0
2025-12-03 16:00:00+00:00,1764788400000,897.72,908.74,893.38,907.64,110440.6,515976.78,3.295e-05
2025-12-03 20:00:00+00:00,1764802800000,907.63,923.12,905.52,921.19,125908.18,516487.35,3.513e-05
2025-12-04 00:00:00+00:00,1764817200000,921.19,928.88,915.41,917.27,155791.48,513762.0,4e-07
2025-12-04 04:00:00+00:00,1764831600000,917.26,919.7,907.05,911.26,101616.93,511846.65,5.53e-05
2025-12-04 08:00:00+00:00,1764846000000,911.27,913.59,907.5,909.37,57785.770000000004,512652.99,3.928e-05
2025-12-04 12:00:00+00:00,1764860400000,909.37,916.7,902.32,911.43,135079.91,511599.29,5.791e-05
2025-12-04 16:00:00+00:00,1764874800000,911.43,912.93,887.06,899.04,152347.28,512251.91,1.662e-05
2025-12-04 20:00:00+00:00,1764889200000,899.04,904.76,896.44,900.48,65870.66,511913.46,2.223e-05
2025-12-05 00:00:00+00:00,1764903600000,900.47,907.62,899.86,902.32,63156.26,512275.07,1.69e-06
2025-12-05 04:00:00+00:00,1764918000000,902.32,908.68,899.0,902.33,64517.61,512657.46,1.496e-05
2025-12-05 08:00:00+00:00,1764932400000,902.33,902.94,890.01,894.58,96921.57,515165.52,4.97e-05
2025-12-05 12:00:00+00:00,1764946800000,894.58,900.97,885.19,889.3,150237.84,515193.89,2.314e-05
2025-12-05 16:00:00+00:00,1764961200000,889.3,890.03,870.52,884.18,209974.81,518795.14,4.999e-05
2025-12-05 20:00:00+00:00,1764975600000,884.18,885.75,878.78,883.97,48906.84,516229.87,5e-08
2025-12-06 00:00:00+00:00,1764990000000,883.98,888.73,881.59,887.91,42996.04,515657.51,0.0
2025-12-06 04:00:00+00:00,1765004400000,887.91,888.47,882.2,885.05,37510.520000000004,516889.46,0.0
2025-12-06 08:00:00+00:00,1765018800000,885.05,885.48,878.22,883.84,51206.03,515065.62,0.0
2025-12-06 12:00:00+00:00,1765033200000,883.84,897.68,883.43,890.59,100315.61,518814.99,0.0
2025-12-06 16:00:00+00:00,1765047600000,890.6,898.28,888.19,889.67,66189.73,511749.7,0.0
2025-12-06 20:00:00+00:00,1765062000000,889.67,896.12,889.52,890.62,38923.87,510301.05,0.0
2025-12-07 00:00:00+00:00,1765076400000,890.61,898.43,890.15,898.24,35805.22,511618.51,0.0
2025-12-07 04:00:00+00:00,1765090800000,898.24,898.35,891.28,891.77,36519.71,513369.53,0.0
2025-12-07 08:00:00+00:00,1765105200000,891.77,893.7,887.13,888.26,53204.89,512029.5,0.0
2025-12-07 12:00:00+00:00,1765119600000,888.26,894.35,870.56,890.71,194138.83000000002,518730.95,0.0
2025-12-07 16:00:00+00:00,1765134000000,890.72,906.38,887.09,904.38,145337.8,515003.64,0.0
2025-12-07 20:00:00+00:00,1765148400000,904.37,905.75,881.29,894.8,113890.57,520433.26,0.0
2025-12-08 00:00:00+00:00,1765162800000,894.81,910.5,891.66,902.64,89411.57,524310.83,4.287e-05
2025-12-08 04:00:00+00:00,1765177200000,902.64,906.44,900.95,903.56,50750.76,525491.44,2.87e-05
2025-12-08 08:00:00+00:00,1765191600000,903.56,913.25,903.05,906.48,67326.05,525759.38,3.348e-05
2025-12-08 12:00:00+00:00,1765206000000,906.48,913.79,896.67,897.13,145733.61,522170.73,3.338e-05
2025-12-08 16:00:00+00:00,1765220400000,897.12,901.22,889.13,895.13,99377.99,519275.31,4.7e-07
2025-12-08 20:00:00+00:00,1765234800000,895.12,905.42,895.08,897.35,61950.69,516253.22,4.7e-07
2025-12-09 00:00:00+00:00,1765249200000,897.36,900.0,888.23,894.45,64700.42,517544.98,0.0
2025-12-09 04:00:00+00:00,1765263600000,894.46,896.12,884.75,889.51,62700.45,518015.24,0.0
2025-12-09 08:00:00+00:00,1765278000000,889.51,889.57,884.0,887.4,55181.0,517614.11,0.0
2025-12-09 12:00:00+00:00,1765292400000,887.4,909.43,881.82,907.98,161292.15000000002,511875.88,0.0
2025-12-09 16:00:00+00:00,1765306800000,907.98,928.55,907.92,914.89,245951.72,526678.94,6.116e-05
2025-12-09 20:00:00+00:00,1765321200000,914.88,915.08,894.29,897.62,146843.9,511512.81,1.106e-05
2025-12-10 00:00:00+00:00,1765335600000,897.62,899.23,887.54,890.56,107656.6,509410.17,1.47e-06
2025-12-10 04:00:00+00:00,1765350000000,890.56,896.58,889.25,894.28,75874.4,513694.38,1.47e-06
2025-12-10 08:00:00+00:00,1765364400000,894.27,896.18,884.26,886.55,91296.05,516929.96,0.0
2025-12-10 12:00:00+00:00,1765378800000,886.56,892.58,884.16,891.48,76230.97,516414.14,0.0
2025-12-10 16:00:00+00:00,1765393200000,891.48,905.67,889.81,902.54,156557.31,510434.15,0.0
2025-12-10 20:00:00+00:00,1765407600000,902.53,915.73,890.82,893.88,149761.97,506804.34,3.882e-05
2025-12-11 00:00:00+00:00,1765422000000,893.88,895.21,861.69,868.29,214725.43,505874.89,1.9e-07
2025-12-11 04:00:00+00:00,1765436400000,868.29,873.77,864.93,866.92,81314.97,510230.83,1.9e-07
2025-12-11 08:00:00+00:00,1765450800000,866.92,868.88,862.26,866.39,53358.62,511699.29,0.0
2025-12-11 12:00:00+00:00,1765465200000,866.39,871.0,859.2,865.73,105641.98999999999,513651.57,0.0
2025-12-11 16:00:00+00:00,1765479600000,865.72,881.51,860.97,876.08,99924.02,508003.05,0.0
2025-12-11 20:00:00+00:00,1765494000000,876.08,891.84,875.88,886.29,123170.62,498817.18,0.0
2025-12-12 00:00:00+00:00,1765508400000,886.29,896.51,880.33,892.78,77184.79000000001,496928.61,0.0
2025-12-12 04:00:00+00:00,1765522800000,892.78,894.44,886.57,889.58,53320.28,495777.16,0.0
2025-12-12 08:00:00+00:00,1765537200000,889.57,889.63,883.92,886.29,52972.71,495831.88,0.0
2025-12-12 12:00:00+00:00,1765551600000,886.29,892.54,872.29,874.44,139700.25,503705.5,0.0
2025-12-12 16:00:00+00:00,1765566000000,874.44,882.35,870.73,877.47,113015.96,513090.47,0.0
2025-12-12 20:00:00+00:00,1765580400000,877.47,882.92,875.4,881.86,30109.45,513174.12,0.0
2025-12-13 00:00:00+00:00,1765594800000,881.87,887.96,880.61,887.9,44015.19,510156.33,0.0
2025-12-13 04:00:00+00:00,1765609200000,887.9,889.79,884.25,886.78,39808.119999999995,512562.83,0.0
2025-12-13 08:00:00+00:00,1765623600000,886.78,894.6,886.25,892.7,54222.740000000005,513654.95,1.401e-05
2025-12-13 12:00:00+00:00,1765638000000,892.7,900.66,887.21,899.61,115134.88,510249.23,6.194e-05
2025-12-13 16:00:00+00:00,1765652400000,899.6,904.92,891.64,894.11,88101.1,511569.52,5.339e-05
2025-12-13 20:00:00+00:00,1765666800000,894.11,897.97,889.84,897.49,38830.65,509386.95,3.611e-05
2025-12-14 00:00:00+00:00,1765681200000,897.49,900.21,894.6,896.08,46078.67,508232.34,1.351e-05
2025-12-14 04:00:00+00:00,1765695600000,896.08,897.2,892.62,896.64,31713.129999999997,508097.72,1.5e-07
2025-12-14 08:00:00+00:00,1765710000000,896.64,899.01,884.45,889.24,83469.3,503586.34,1.7e-07
2025-12-14 12:00:00+00:00,1765724400000,889.24,895.46,883.56,887.12,86506.34,506080.37,1.563e-05
2025-12-14 16:00:00+00:00,1765738800000,887.1,889.16,881.13,883.61,53002.53999999999,504459.16,9e-08
2025-12-14 20:00:00+00:00,1765753200000,883.61,885.32,870.21,877.61,83633.2,496580.82,9e-08
2025-12-15 00:00:00+00:00,1765767600000,877.6,896.05,876.55,889.62,104660.88,496348.85,0.0
2025-12-15 04:00:00+00:00,1765782000000,889.61,892.2,887.3,889.87,38240.67999999999,496506.57,0.0
2025-12-15 08:00:00+00:00,1765796400000,889.88,893.92,887.57,888.23,41431.54,499366.4,4.316e-05
2025-12-15 12:00:00+00:00,1765810800000,888.24,890.87,851.7,859.2,244314.0,511616.68,1.93e-06
2025-12-15 16:00:00+00:00,1765825200000,859.19,860.0,840.76,850.03,181289.06,520730.32,0.0
2025-12-15 20:00:00+00:00,1765839600000,850.04,859.26,844.63,858.51,64954.26,521903.4,0.0
2025-12-16 00:00:00+00:00,1765854000000,858.51,858.7,850.54,855.57,66475.94,523498.81,0.0
2025-12-16 04:00:00+00:00,1765868400000,855.57,866.34,846.54,860.01,99579.41,518203.93,0.0
2025-12-16 08:00:00+00:00,1765882800000,860.01,866.54,857.44,866.09,75712.09,514358.27,0.0
2025-12-16 12:00:00+00:00,1765897200000,866.09,878.97,858.7,877.07,194860.2,507161.9,0.0
2025-12-16 16:00:00+00:00,1765911600000,877.08,877.2,866.66,870.77,68983.67,507023.99,0.0
2025-12-16 20:00:00+00:00,1765926000000,870.76,876.18,869.5,876.09,35762.29,510900.92,0.0
2025-12-17 00:00:00+00:00,1765940400000,876.09,876.34,862.34,863.81,63090.119999999995,518208.91,2.548e-05
2025-12-17 04:00:00+00:00,1765954800000,863.81,871.44,855.53,868.25,108689.2,520250.31,9e-07
2025-12-17 08:00:00+00:00,1765969200000,868.25,868.25,855.71,860.18,128825.41,513864.72,0.0
2025-12-17 12:00:00+00:00,1765983600000,860.19,876.96,853.07,854.17,242274.02000000002,508808.02,0.0
2025-12-17 16:00:00+00:00,1765998000000,854.15,858.32,833.4,840.93,217128.13,516611.26,0.0
2025-12-17 20:00:00+00:00,1766012400000,840.93,845.08,836.72,843.0,48487.75,517175.25,0.0
2025-12-18 00:00:00+00:00,1766026800000,843.0,846.77,833.08,836.76,94296.86,508371.74,0.0
2025-12-18 04:00:00+00:00,1766041200000,836.75,839.51,830.0,833.63,73945.88,508577.79,0.0
2025-12-18 08:00:00+00:00,1766055600000,833.62,841.72,832.66,839.64,63553.369999999995,510236.07,0.0
2025-12-18 12:00:00+00:00,1766070000000,839.64,853.66,837.14,848.28,211909.71,498654.69,0.0
2025-12-18 16:00:00+00:00,1766084400000,848.28,848.95,818.27,820.43,220196.96000000002,496503.39,0.0
2025-12-18 20:00:00+00:00,1766098800000,820.42,832.01,820.06,830.25,74303.04000000001,496663.59,0.0
2025-12-19 00:00:00+00:00,1766113200000,830.25,842.07,822.42,837.77,118421.06,492905.56,0.0
2025-12-19 04:00:00+00:00,1766127600000,837.77,850.37,835.6,843.29,102972.06,488134.1,0.0
2025-12-19 08:00:00+00:00,1766142000000,843.28,849.76,842.33,849.34,62777.17,486652.4,0.0
2025-12-19 12:00:00+00:00,1766156400000,849.35,855.59,843.91,846.89,117538.15,485518.81,0.0
2025-12-19 16:00:00+00:00,1766170800000,846.89,858.36,843.86,856.64,99164.33,483496.85,0.0
2025-12-19 20:00:00+00:00,1766185200000,856.64,862.94,854.79,856.54,67900.56,486226.03,6.564e-05
2025-12-20 00:00:00+00:00,1766199600000,856.54,860.08,852.78,858.76,35252.229999999996,486613.79,2.499e-05
2025-12-20 04:00:00+00:00,1766214000000,858.75,859.0,852.71,854.27,38028.14,484719.87,4.864e-05
2025-12-20 08:00:00+00:00,1766228400000,854.28,856.88,851.42,854.02,31803.39,483431.01,5.745e-05
2025-12-20 12:00:00+00:00,1766242800000,854.01,854.51,851.27,854.4,26883.809999999998,482666.9,5.884e-05
2025-12-20 16:00:00+00:00,1766257200000,854.41,855.09,852.98,853.42,17850.55,481018.77,4.395e-05
2025-12-20 20:00:00+00:00,1766271600000,853.43,855.64,851.33,854.56,22819.879999999997,482242.58,1.112e-05
2025-12-21 00:00:00+00:00,1766286000000,854.55,855.72,847.11,850.71,44311.71,481966.11,1.8e-07
2025-12-21 04:00:00+00:00,1766300400000,850.71,851.22,848.64,850.31,17772.64,482977.28,1.8e-07
2025-12-21 08:00:00+00:00,1766314800000,850.31,860.29,849.4,857.36,69752.37,483506.48,1.623e-05
2025-12-21 12:00:00+00:00,1766329200000,857.35,860.1,845.86,848.99,104096.94,478747.92,5.45e-06
2025-12-21 16:00:00+00:00,1766343600000,848.99,857.14,846.71,856.17,48349.03,478980.74,1.7e-07
2025-12-21 20:00:00+00:00,1766358000000,856.16,860.32,851.51,859.13,32274.34,480095.72,1.529e-05
2025-12-22 00:00:00+00:00,1766372400000,859.13,868.61,851.16,856.41,95964.56,476752.78,8.58e-06
2025-12-22 04:00:00+00:00,1766386800000,856.41,861.5,855.5,859.07,57330.07,484177.79,4.3e-07
2025-12-22 08:00:00+00:00,1766401200000,859.08,868.78,858.86,866.01,136752.64,486845.5,4.838e-05
2025-12-22 12:00:00+00:00,1766415600000,866.01,871.7,862.22,868.36,99008.73,490621.86,8.112e-05
2025-12-22 16:00:00+00:00,1766430000000,868.37,869.77,857.38,858.04,72704.20999999999,490719.92,0.0001265
2025-12-22 20:00:00+00:00,1766444400000,858.04,861.44,853.89,859.12,58164.51,492704.04,1.937e-05
2025-12-23 00:00:00+00:00,1766458800000,859.13,861.86,852.6,857.48,48041.43,495560.12,2.7e-07
2025-12-23 04:00:00+00:00,1766473200000,857.48,858.12,847.29,849.0,66048.45999999999,496427.86,2.7e-07
2025-12-23 08:00:00+00:00,1766487600000,848.99,853.52,848.2,853.22,35372.759999999995,496281.46,0.0
2025-12-23 12:00:00+00:00,1766502000000,853.22,853.23,837.93,844.2,126152.4,494176.75,0.0
2025-12-23 16:00:00+00:00,1766516400000,844.2,850.44,839.02,841.48,81859.23,488802.55,0.0
2025-12-23 20:00:00+00:00,1766530800000,841.47,847.73,840.26,844.29,34480.770000000004,488076.59,0.0
2025-12-24 00:00:00+00:00,1766545200000,844.29,847.75,836.32,840.95,53320.69,491251.61,0.0
2025-12-24 04:00:00+00:00,1766559600000,840.95,842.68,836.24,838.1,47019.22,492689.8,0.0
2025-12-24 08:00:00+00:00,1766574000000,838.11,839.67,835.35,838.08,38323.41,493867.99,0.0
2025-12-24 12:00:00+00:00,1766588400000,838.09,843.34,835.69,841.2,62170.21,491738.83,0.0
2025-12-24 16:00:00+00:00,1766602800000,841.2,849.68,840.12,848.11,66135.4,488455.18,0.0
2025-12-24 20:00:00+00:00,1766617200000,848.11,850.34,846.76,846.9,29750.61,486777.9,0.0
2025-12-25 00:00:00+00:00,1766631600000,846.89,848.31,844.25,845.35,31104.09,485383.52,0.0
2025-12-25 04:00:00+00:00,1766646000000,845.35,845.66,842.33,843.52,25922.6,484791.62,0.0
2025-12-25 08:00:00+00:00,1766660400000,843.52,844.8,835.35,837.73,59205.729999999996,488827.81,0.0
2025-12-25 12:00:00+00:00,1766674800000,837.73,844.97,835.23,842.56,64019.31999999999,489237.98,0.0
2025-12-25 16:00:00+00:00,1766689200000,842.56,843.17,839.84,841.53,34148.520000000004,491239.78,0.0
2025-12-25 20:00:00+00:00,1766703600000,841.53,843.78,826.56,829.46,89200.24,489798.18,0.0
2025-12-26 00:00:00+00:00,1766718000000,829.46,844.97,828.1,840.99,115835.01,485973.8,0.0
2025-12-26 04:00:00+00:00,1766732400000,840.99,847.5,837.51,841.24,67471.04000000001,483398.68,0.0
2025-12-26 08:00:00+00:00,1766746800000,841.23,843.69,839.05,839.5,37371.3,483780.61,0.0
2025-12-26 12:00:00+00:00,1766761200000,839.51,843.82,821.01,828.94,188039.34,490807.14,0.0
2025-12-26 16:00:00+00:00,1766775600000,828.95,834.81,827.97,832.95,58929.37,490498.23,0.0
2025-12-26 20:00:00+00:00,1766790000000,832.96,838.37,832.56,834.85,42209.950000000004,481747.43,0.0
2025-12-27 00:00:00+00:00,1766804400000,834.86,836.75,834.41,836.49,28231.15,481600.02,0.0
2025-12-27 04:00:00+00:00,1766818800000,836.48,843.51,834.42,840.78,63422.44,477228.73,0.0
2025-12-27 08:00:00+00:00,1766833200000,840.78,844.0,837.48,841.47,110222.06,478333.88,0.0
2025-12-27 12:00:00+00:00,1766847600000,841.48,842.17,838.95,841.54,34707.77,475592.57,4.83e-05
2025-12-27 16:00:00+00:00,1766862000000,841.54,842.33,839.88,841.37,22988.190000000002,475876.9,7.718e-05
2025-12-27 20:00:00+00:00,1766876400000,841.37,847.2,840.1,845.71,39318.93,475928.55,4.513e-05
2025-12-28 00:00:00+00:00,1766890800000,845.7,846.32,838.92,842.02,35675.85,474786.6,4.039e-05
2025-12-28 04:00:00+00:00,1766905200000,842.02,844.66,841.81,844.35,32306.98,477241.68,1.979e-05
2025-12-28 08:00:00+00:00,1766919600000,844.35,857.69,844.35,855.21,99749.85,484248.02,6.483e-05
2025-12-28 12:00:00+00:00,1766934000000,855.21,864.24,855.21,861.09,98291.94,494411.83,0.00010976
2025-12-28 16:00:00+00:00,1766948400000,861.08,867.84,859.39,860.27,102256.70999999999,501604.93,0.00012798
2025-12-28 20:00:00+00:00,1766962800000,860.27,862.95,857.3,859.92,45633.61,500974.75,0.00011598
2025-12-29 00:00:00+00:00,1766977200000,859.92,872.75,859.25,869.52,111253.27,503814.67,4.284e-05
2025-12-29 04:00:00+00:00,1766991600000,869.52,872.05,859.28,861.06,79900.48,496876.05,4.5e-07
2025-12-29 08:00:00+00:00,1767006000000,861.05,862.4,847.72,853.38,125003.82,489990.95,1.3e-07
2025-12-29 12:00:00+00:00,1767020400000,853.38,855.85,846.22,853.87,114915.01000000001,485557.78,1.3e-07
2025-12-29 16:00:00+00:00,1767034800000,853.87,855.81,850.2,853.47,67931.22,482696.51,0.0
2025-12-29 20:00:00+00:00,1767049200000,853.47,855.47,851.82,852.85,27410.66,482625.53,0.0
2025-12-30 00:00:00+00:00,1767063600000,852.85,853.96,849.17,853.05,44861.8,480117.12,0.0
2025-12-30 04:00:00+00:00,1767078000000,853.05,855.39,850.83,854.24,28569.440000000002,480081.19,2.2e-07
2025-12-30 08:00:00+00:00,1767092400000,854.25,860.32,854.24,855.38,58244.200000000004,478160.15,0.0
2025-12-30 12:00:00+00:00,1767106800000,855.39,864.67,855.12,863.24,101193.26999999999,479609.22,2.055e-05
2025-12-30 16:00:00+00:00,1767121200000,863.25,863.64,858.0,860.44,45905.57,480839.36,0.00012401
2025-12-30 20:00:00+00:00,1767135600000,860.43,863.58,858.93,862.14,28918.420000000002,482980.49,7.063e-05
2025-12-31 00:00:00+00:00,1767150000000,862.14,863.63,858.1,859.66,38963.16,481960.06,1.634e-05
2025-12-31 04:00:00+00:00,1767164400000,859.67,868.45,859.33,868.45,65497.979999999996,491976.09,7e-08
2025-12-31 08:00:00+00:00,1767178800000,868.45,869.85,865.53,869.58,65561.65,500730.84,9.757e-05
2025-12-31 12:00:00+00:00,1767193200000,869.58,878.29,860.72,863.85,196137.91,494288.3,7.346e-05
2025-12-31 16:00:00+00:00,1767207600000,863.84,865.18,858.0,864.68,73725.86,490480.66,9.53e-06
2025-12-31 20:00:00+00:00,1767222000000,864.68,867.04,861.3,864.71,37926.979999999996,491379.71,6.521e-05
2026-01-01 00:00:00+00:00,1767236400000,864.71,875.0,864.23,869.67,84950.45999999999,502342.59,0.00010168
2026-01-01 04:00:00+00:00,1767250800000,869.67,869.75,859.65,859.91,70145.11,497654.53,7.173e-05
2026-01-01 08:00:00+00:00,1767265200000,859.91,862.49,859.18,861.89,41226.19,498653.48,3e-07
2026-01-01 12:00:00+00:00,1767279600000,861.89,861.89,856.24,859.71,69371.69,499741.61,3e-07
2026-01-01 16:00:00+00:00,1767294000000,859.71,861.81,857.41,861.81,43219.7,497496.39,0.0
2026-01-01 20:00:00+00:00,1767308400000,861.81,864.96,860.39,864.62,35830.55,494076.63,0.0
2026-01-02 00:00:00+00:00,1767322800000,864.62,867.64,859.78,866.2,69040.76,494435.13,0.0
2026-01-02 04:00:00+00:00,1767337200000,866.2,868.16,863.26,865.19,53004.159999999996,493096.54,0.0
2026-01-02 08:00:00+00:00,1767351600000,865.19,874.94,865.18,869.94,95491.55,494713.28,0.0
2026-01-02 12:00:00+00:00,1767366000000,869.94,883.14,865.59,878.75,151857.75,508293.28,5.323e-05
2026-01-02 16:00:00+00:00,1767380400000,878.76,891.8,878.16,881.2,138560.45,508457.8,0.00018245
2026-01-02 20:00:00+00:00,1767394800000,881.21,886.22,879.07,881.8,42318.36,507781.75,0.00010055
2026-01-03 00:00:00+00:00,1767409200000,881.79,884.91,875.5,879.67,72707.61,498153.86,6.621e-05
2026-01-03 04:00:00+00:00,1767423600000,879.67,880.52,869.05,873.57,81515.98,495448.81,3.998e-05
2026-01-03 08:00:00+00:00,1767438000000,873.57,876.2,872.15,874.62,40706.83,494338.24,4.925e-05
2026-01-03 12:00:00+00:00,1767452400000,874.62,877.94,872.28,873.89,55496.11,497873.46,1e-06
2026-01-03 16:00:00+00:00,1767466800000,873.88,877.73,873.8,876.89,30695.0,498248.72,0.0
2026-01-03 20:00:00+00:00,1767481200000,876.88,880.5,875.93,879.07,25589.34,497979.68,2.164e-05
2026-01-04 00:00:00+00:00,1767495600000,879.08,884.3,878.92,883.63,63574.4,502470.5,5.426e-05
2026-01-04 04:00:00+00:00,1767510000000,883.62,891.58,883.26,885.11,78038.62,507019.66,4.64e-05
2026-01-04 08:00:00+00:00,1767524400000,885.11,888.11,882.84,885.39,39477.55,505614.78,6.168e-05
2026-01-04 12:00:00+00:00,1767538800000,885.36,890.66,884.43,889.79,55095.880000000005,503571.86,0.00010035
2026-01-04 16:00:00+00:00,1767553200000,889.79,903.77,889.78,893.26,146392.41999999998,521542.61,0.00017981
2026-01-04 20:00:00+00:00,1767567600000,893.26,898.42,892.85,895.99,57984.86,519497.11,0.00010532
2026-01-05 00:00:00+00:00,1767582000000,895.98,907.65,895.2,900.49,110014.09,521550.68,8.444e-05
2026-01-05 04:00:00+00:00,1767596400000,900.5,901.18,890.74,899.74,96163.22,513626.56,9.19e-06
2026-01-05 08:00:00+00:00,1767610800000,899.74,909.8,896.05,909.59,75375.88,523666.84,4.758e-05
2026-01-05 12:00:00+00:00,1767625200000,909.6,909.65,900.83,906.82,108374.57,524004.39,5.987e-05
2026-01-05 16:00:00+00:00,1767639600000,906.81,914.86,901.7,911.64,99234.17,527477.62,5.46e-05
2026-01-05 20:00:00+00:00,1767654000000,911.65,917.53,909.46,910.9,58565.97,526295.99,0.00010224
2026-01-06 00:00:00+00:00,1767668400000,910.9,912.2,905.23,908.57,65993.73,523805.31,8.502e-05
2026-01-06 04:00:00+00:00,1767682800000,908.56,910.72,903.31,905.26,70086.57,520267.78,7.8e-07
2026-01-06 08:00:00+00:00,1767697200000,905.27,915.65,904.9,913.66,69056.45,527146.54,0.0
2026-01-06 12:00:00+00:00,1767711600000,913.66,924.84,912.0,919.8,172904.57,533277.23,5.142e-05
2026-01-06 16:00:00+00:00,1767726000000,919.8,921.44,892.03,901.58,205412.76,508535.99,5e-08
2026-01-06 20:00:00+00:00,1767740400000,901.58,920.85,901.3,918.4,87790.01,512923.57,4.058e-05
2026-01-07 00:00:00+00:00,1767754800000,918.4,919.78,905.06,910.32,83457.75,510558.02,9.433e-05
2026-01-07 04:00:00+00:00,1767769200000,910.32,919.42,909.43,919.2,63189.44,521030.49,6.57e-05
2026-01-07 08:00:00+00:00,1767783600000,919.2,920.97,908.71,911.05,172606.00999999998,519604.34,6.718e-05
2026-01-07 12:00:00+00:00,1767798000000,911.04,911.61,895.42,899.88,126386.03,514841.42,3.93e-06
2026-01-07 16:00:00+00:00,1767812400000,899.89,902.48,892.72,897.61,69599.37,514182.13,4.4e-07
2026-01-07 20:00:00+00:00,1767826800000,897.6,901.78,894.36,900.86,37774.05,512081.85,4.515e-05
2026-01-08 00:00:00+00:00,1767841200000,900.85,905.36,892.81,894.02,77723.93,519474.33,2.6e-07
2026-01-08 04:00:00+00:00,1767855600000,894.03,897.99,875.0,885.02,187941.83,512594.75,2.6e-07
2026-01-08 08:00:00+00:00,1767870000000,885.03,888.0,879.24,886.74,94130.45999999999,516636.53,0.0
2026-01-08 12:00:00+00:00,1767884400000,886.74,889.51,877.74,889.04,97022.84999999999,513368.96,0.0
2026-01-08 16:00:00+00:00,1767898800000,889.04,891.93,885.84,888.54,56991.65,508057.59,0.0
2026-01-08 20:00:00+00:00,1767913200000,888.55,894.8,885.38,892.58,47062.619999999995,505555.08,0.0
2026-01-09 00:00:00+00:00,1767927600000,892.58,896.8,888.12,896.01,58464.310000000005,508093.21,0.0
2026-01-09 04:00:00+00:00,1767942000000,896.01,899.3,894.0,894.01,43394.799999999996,505010.16,0.0
2026-01-09 08:00:00+00:00,1767956400000,894.01,894.8,886.28,889.83,73799.35,498875.07,0.0
2026-01-09 12:00:00+00:00,1767970800000,889.83,900.8,885.35,895.18,110957.62,499539.66,0.0
2026-01-09 16:00:00+00:00,1767985200000,895.17,901.6,891.33,893.78,82636.01,503149.54,0.0
2026-01-09 20:00:00+00:00,1767999600000,893.77,898.79,892.36,897.36,29581.52,504766.66,1.099e-05
2026-01-10 00:00:00+00:00,1768014000000,897.35,908.8,897.22,907.96,93272.91,524973.1,6.55e-06
2026-01-10 04:00:00+00:00,1768028400000,907.96,911.23,903.76,905.97,81405.37,534658.73,0.00012643
2026-01-10 08:00:00+00:00,1768042800000,905.97,907.04,899.33,900.94,83702.96,522201.89,7.926e-05
2026-01-10 12:00:00+00:00,1768057200000,900.95,911.42,899.5,909.27,85446.32,528398.17,5.42e-06
2026-01-10 16:00:00+00:00,1768071600000,909.27,916.41,907.31,914.66,91321.43,537649.12,0.00012824
2026-01-10 20:00:00+00:00,1768086000000,914.66,916.7,902.76,908.44,89974.56,530361.14,0.00013474
2026-01-11 00:00:00+00:00,1768100400000,908.45,914.6,904.79,913.87,61142.149999999994,533895.32,9.463e-05
2026-01-11 04:00:00+00:00,1768114800000,913.87,917.01,911.15,914.1,74406.99,542712.25,9.446e-05
2026-01-11 08:00:00+00:00,1768129200000,914.11,918.0,912.2,912.64,56163.7,541605.91,7.612e-05
2026-01-11 12:00:00+00:00,1768143600000,912.65,916.0,906.54,909.22,106172.17000000001,536645.89,3.344e-05
2026-01-11 16:00:00+00:00,1768158000000,909.21,911.72,903.71,904.9,72617.52,534213.0,1.174e-05
2026-01-11 20:00:00+00:00,1768172400000,904.9,905.84,899.03,904.75,75496.94,530438.93,4e-07
2026-01-12 00:00:00+00:00,1768186800000,904.75,910.93,897.06,905.5,150328.97,528688.5,1.8e-07
2026-01-12 04:00:00+00:00,1768201200000,905.51,910.48,904.15,905.1,62064.79,529922.36,1.8e-07
2026-01-12 08:00:00+00:00,1768215600000,905.1,908.75,898.66,901.75,87122.47,536442.68,0.0
2026-01-12 12:00:00+00:00,1768230000000,901.75,905.8,894.06,904.75,108424.12,538808.13,7.6e-07
2026-01-12 16:00:00+00:00,1768244400000,904.75,909.78,900.41,908.32,108087.48999999999,536618.95,0.00010977
2026-01-12 20:00:00+00:00,1768258800000,908.32,908.98,901.59,906.32,48195.55,536431.05,8.825e-05
2026-01-13 00:00:00+00:00,1768273200000,906.32,908.48,902.69,906.99,63672.22,536439.3,7.741e-05
2026-01-13 04:00:00+00:00,1768287600000,907.0,915.68,906.99,910.16,143034.43,545159.73,4.761e-05
2026-01-13 08:00:00+00:00,1768302000000,910.17,912.14,907.94,908.41,223691.27,534651.56,8.6e-07
2026-01-13 12:00:00+00:00,1768316400000,908.41,917.29,906.79,917.08,122558.54000000001,531325.61,0.0001387
2026-01-13 16:00:00+00:00,1768330800000,917.08,946.42,917.02,942.27,291523.88,600306.43,0.0002018
2026-01-13 20:00:00+00:00,1768345200000,942.27,955.0,940.71,944.24,141899.04,594863.9,0.00014648
2026-01-14 00:00:00+00:00,1768359600000,944.25,955.65,944.04,950.77,92371.87,600733.25,0.00011989
2026-01-14 04:00:00+00:00,1768374000000,950.77,953.07,935.8,937.91,129682.89,585197.67,0.00011357
2026-01-14 08:00:00+00:00,1768388400000,937.92,939.47,928.88,929.37,90533.67,571065.29,5.248e-05
2026-01-14 12:00:00+00:00,1768402800000,929.36,946.75,928.97,942.65,134522.86,566263.83,5.183e-05
2026-01-14 16:00:00+00:00,1768417200000,942.64,948.28,938.57,944.51,102599.83,566006.16,7.961e-05
2026-01-14 20:00:00+00:00,1768431600000,944.51,950.8,943.79,949.06,63915.3,571419.91,0.00011011
2026-01-15 00:00:00+00:00,1768446000000,949.06,949.46,929.47,932.41,119486.94,564089.09,9.358e-05
2026-01-15 04:00:00+00:00,1768460400000,932.41,940.59,931.88,939.59,58972.72,564455.48,4.85e-06
2026-01-15 08:00:00+00:00,1768474800000,939.6,943.67,938.2,938.74,58074.03,565022.51,3.228e-05
2026-01-15 12:00:00+00:00,1768489200000,938.74,946.22,930.65,938.12,143824.52000000002,560068.68,4.633e-05
2026-01-15 16:00:00+00:00,1768503600000,938.11,943.14,925.27,928.47,116057.3,550139.13,4e-08
2026-01-15 20:00:00+00:00,1768518000000,928.47,933.92,923.95,931.53,45479.07,549875.18,4e-08
2026-01-16 00:00:00+00:00,1768532400000,931.53,934.21,929.53,929.8,42095.21,551974.41,0.0
2026-01-16 04:00:00+00:00,1768546800000,929.8,936.54,927.38,934.51,52845.1,554159.91,0.0
2026-01-16 08:00:00+00:00,1768561200000,934.51,938.96,932.39,935.74,41008.97,554922.18,0.0
2026-01-16 12:00:00+00:00,1768575600000,935.74,938.0,923.82,927.28,100702.77,549690.48,0.0
2026-01-16 16:00:00+00:00,1768590000000,927.27,932.75,926.7,931.7,45969.590000000004,552586.39,0.0
2026-01-16 20:00:00+00:00,1768604400000,931.69,939.86,929.06,938.52,39994.85,556126.59,0.0
2026-01-17 00:00:00+00:00,1768618800000,938.54,939.53,935.84,938.07,32737.769999999997,556733.38,0.0
2026-01-17 04:00:00+00:00,1768633200000,938.06,939.5,935.88,936.28,23627.010000000002,557658.48,0.0
2026-01-17 08:00:00+00:00,1768647600000,936.27,945.14,936.05,943.28,52603.46000000001,568610.01,0.0
2026-01-17 12:00:00+00:00,1768662000000,943.28,960.5,942.0,956.03,103365.78,582314.24,0.0
2026-01-17 16:00:00+00:00,1768676400000,956.02,956.79,949.6,953.07,68043.53,585720.5,8.646e-05
2026-01-17 20:00:00+00:00,1768690800000,953.07,954.74,945.46,947.57,53472.54,582499.09,4.874e-05
2026-01-18 00:00:00+00:00,1768705200000,947.57,951.56,943.5,950.97,58530.99,583240.35,1.5e-07
2026-01-18 04:00:00+00:00,1768719600000,950.97,950.97,945.11,945.11,28097.29,581536.92,1.5e-07
2026-01-18 08:00:00+00:00,1768734000000,945.11,947.75,944.11,947.11,39497.770000000004,579428.02,0.0
2026-01-18 12:00:00+00:00,1768748400000,947.12,951.29,944.65,950.47,51381.3,580701.86,0.0
2026-01-18 16:00:00+00:00,1768762800000,950.47,953.83,949.06,950.08,37612.63,580912.27,0.0
2026-01-18 20:00:00+00:00,1768777200000,950.08,953.68,931.76,932.72,97535.28,571162.11,0.0
2026-01-19 00:00:00+00:00,1768791600000,932.73,932.73,900.67,925.17,327664.72,548613.98,0.0
2026-01-19 04:00:00+00:00,1768806000000,925.18,928.0,922.83,927.33,80742.67,545762.82,0.0
2026-01-19 08:00:00+00:00,1768820400000,927.34,929.98,924.44,928.15,73163.85,547305.58,0.0
2026-01-19 12:00:00+00:00,1768834800000,928.15,929.85,923.57,925.79,116416.35999999999,540450.43,0.0
2026-01-19 16:00:00+00:00,1768849200000,925.78,929.62,925.38,927.1,33077.68,538260.86,0.0
2026-01-19 20:00:00+00:00,1768863600000,927.1,928.25,919.72,924.13,49929.68,538358.31,1.319e-05
2026-01-20 00:00:00+00:00,1768878000000,924.12,933.6,923.88,927.88,93780.69,539217.52,1.16e-06
2026-01-20 04:00:00+00:00,1768892400000,927.88,928.92,914.44,918.13,107633.45999999999,539372.56,1.16e-06
2026-01-20 08:00:00+00:00,1768906800000,918.13,918.23,909.02,913.19,86566.22,540970.12,0.0
2026-01-20 12:00:00+00:00,1768921200000,913.19,916.49,896.94,905.84,166417.65,542850.25,0.0
2026-01-20 16:00:00+00:00,1768935600000,905.84,908.92,887.01,896.11,141911.22,534648.94,0.0
2026-01-20 20:00:00+00:00,1768950000000,896.11,898.5,884.44,884.71,94900.17,528061.79,0.0
2026-01-21 00:00:00+00:00,1768964400000,884.71,884.71,867.57,881.99,169197.83000000002,532956.81,7.475e-05
2026-01-21 04:00:00+00:00,1768978800000,881.99,886.63,874.71,875.67,88623.37,528414.79,3.4e-07
2026-01-21 08:00:00+00:00,1768993200000,875.66,876.36,870.0,870.81,92922.62,524973.01,0.0
2026-01-21 12:00:00+00:00,1769007600000,870.81,894.06,864.5,892.78,184601.81,520649.04,0.0
2026-01-21 16:00:00+00:00,1769022000000,892.78,893.04,865.86,890.07,189052.63,510698.31,0.0
2026-01-21 20:00:00+00:00,1769036400000,890.08,892.78,882.57,883.68,73832.73999999999,511751.59,0.0
2026-01-22 00:00:00+00:00,1769050800000,883.69,894.63,883.68,891.6,56180.89,514023.63,0.0
2026-01-22 04:00:00+00:00,1769065200000,891.59,893.38,887.89,888.96,40385.36,515754.71,0.0
2026-01-22 08:00:00+00:00,1769079600000,888.96,897.78,888.96,893.16,59672.04,518408.58,0.0
2026-01-22 12:00:00+00:00,1769094000000,893.16,895.49,878.52,883.32,95903.95,513591.19,0.0
2026-01-22 16:00:00+00:00,1769108400000,883.32,889.32,882.19,888.73,47723.31,513954.89,0.0
2026-01-22 20:00:00+00:00,1769122800000,888.73,892.5,885.74,888.45,38494.33,514233.12,0.0
2026-01-23 00:00:00+00:00,1769137200000,888.45,892.67,888.0,891.97,36825.8,512431.61,0.0
2026-01-23 04:00:00+00:00,1769151600000,891.98,893.82,889.5,891.7,32008.81,513331.95,0.0
2026-01-23 08:00:00+00:00,1769166000000,891.71,892.17,886.1,887.89,42707.85,512559.43,0.0
2026-01-23 12:00:00+00:00,1769180400000,887.88,893.08,883.47,892.58,74034.56,510512.35,1.437e-05
2026-01-23 16:00:00+00:00,1769194800000,892.58,905.78,891.0,894.42,117628.48999999999,513455.41,9.433e-05
2026-01-23 20:00:00+00:00,1769209200000,894.44,895.67,889.09,892.1,33120.13,511626.84,4.718e-05
2026-01-24 00:00:00+00:00,1769223600000,892.09,894.68,889.78,893.36,36615.03,511364.0,3.445e-05
2026-01-24 04:00:00+00:00,1769238000000,893.35,894.66,891.85,892.52,18425.73,513062.1,3.6e-07
2026-01-24 08:00:00+00:00,1769252400000,892.52,894.46,891.69,893.11,20957.559999999998,511410.81,2.2e-07
2026-01-24 12:00:00+00:00,1769266800000,893.1,893.27,889.17,889.21,28097.8,510446.69,6.5e-07
2026-01-24 16:00:00+00:00,1769281200000,889.2,890.84,886.91,888.58,26876.48,510429.83,9.4e-07
2026-01-24 20:00:00+00:00,1769295600000,888.59,890.11,887.37,887.65,12244.52,510289.04,5.1e-07
2026-01-25 00:00:00+00:00,1769310000000,887.65,888.08,880.35,881.63,39135.979999999996,511172.18,7.98e-06
2026-01-25 04:00:00+00:00,1769324400000,881.63,884.08,879.76,880.0,27192.07,512677.81,3.694e-05
2026-01-25 08:00:00+00:00,1769338800000,880.0,883.78,877.54,880.93,36692.55,509382.79,1.715e-05
2026-01-25 12:00:00+00:00,1769353200000,880.93,882.0,877.02,878.05,35135.49,508059.38,1e-08
2026-01-25 16:00:00+00:00,1769367600000,878.05,878.11,856.03,859.28,161830.19,506885.1,0.0
2026-01-25 20:00:00+00:00,1769382000000,859.28,867.25,856.14,866.63,74983.43,504708.37,0.0
2026-01-26 00:00:00+00:00,1769396400000,866.64,876.52,865.45,868.7,77024.44,504301.54,5.505e-05
2026-01-26 04:00:00+00:00,1769410800000,868.7,875.31,868.49,875.08,34850.28,504680.56,1.338e-05
2026-01-26 08:00:00+00:00,1769425200000,875.09,878.5,869.78,873.51,46176.240000000005,502936.26,5.71e-05
2026-01-26 12:00:00+00:00,1769439600000,873.51,878.88,870.01,872.52,76817.16,501118.32,5.324e-05
2026-01-26 16:00:00+00:00,1769454000000,872.53,879.74,869.0,874.85,68022.62,501627.58,5.456e-05
2026-01-26 20:00:00+00:00,1769468400000,874.85,882.0,872.14,879.94,40661.9,500274.13,4.9e-05
2026-01-27 00:00:00+00:00,1769482800000,879.94,886.39,876.69,885.17,49955.990000000005,502851.33,1e-08
2026-01-27 04:00:00+00:00,1769497200000,885.18,888.55,882.63,884.01,41414.990000000005,504813.61,1e-08
2026-01-27 08:00:00+00:00,1769511600000,884.01,885.64,877.23,880.8,48647.11,506625.41,2.001e-05
2026-01-27 12:00:00+00:00,1769526000000,880.79,886.69,879.79,886.19,63594.22,508338.73,6.31e-05
2026-01-27 16:00:00+00:00,1769540400000,886.19,898.44,885.2,892.51,125759.34999999999,511036.75,5.598e-05
2026-01-27 20:00:00+00:00,1769554800000,892.51,901.8,892.11,898.86,58361.63,514826.32,7.224e-05
2026-01-28 00:00:00+00:00,1769569200000,898.85,901.58,895.0,897.41,42938.41,514798.41,8.708e-05
2026-01-28 04:00:00+00:00,1769583600000,897.4,905.3,895.8,903.78,52513.049999999996,516613.24,2.537e-05
2026-01-28 08:00:00+00:00,1769598000000,903.78,909.98,902.79,908.17,60777.65,519124.09,1e-08
2026-01-28 12:00:00+00:00,1769612400000,908.17,908.75,897.45,903.25,69676.15,516042.92,1e-08
2026-01-28 16:00:00+00:00,1769626800000,903.25,907.72,898.35,904.57,61903.21,517117.99,2.83e-06
2026-01-28 20:00:00+00:00,1769641200000,904.57,908.1,900.33,903.46,37911.32,518013.34,3.327e-05
2026-01-29 00:00:00+00:00,1769655600000,903.46,905.37,893.71,897.09,76168.83,522358.61,6.886e-05
2026-01-29 04:00:00+00:00,1769670000000,897.09,907.11,895.73,905.14,66569.98999999999,526859.45,3.783e-05
2026-01-29 08:00:00+00:00,1769684400000,905.13,905.95,893.75,894.73,170184.62,521552.84,1.09e-06
2026-01-29 12:00:00+00:00,1769698800000,894.73,895.05,857.01,864.34,256177.49,504940.62,2.444e-05
2026-01-29 16:00:00+00:00,1769713200000,864.35,870.65,853.11,860.52,200280.01,514932.84,2.1e-07
2026-01-29 20:00:00+00:00,1769727600000,860.53,869.62,859.7,868.9,64096.5,518224.99,2.1e-07
2026-01-30 00:00:00+00:00,1769742000000,868.91,869.98,835.26,845.79,228077.32,512343.3,0.0
2026-01-30 04:00:00+00:00,1769756400000,845.78,854.59,836.25,847.49,110671.18,515619.89,0.0
2026-01-30 08:00:00+00:00,1769770800000,847.5,848.18,833.01,842.84,116007.65,518908.44,0.0
2026-01-30 12:00:00+00:00,1769785200000,842.83,856.24,836.3,850.18,174250.75,507952.73,0.0
2026-01-30 16:00:00+00:00,1769799600000,850.17,856.19,832.0,854.52,155821.67,501047.49,0.0
2026-01-30 20:00:00+00:00,1769814000000,854.53,862.57,846.57,859.11,116399.15,502229.34,0.0
2026-01-31 00:00:00+00:00,1769828400000,859.11,861.11,852.05,853.32,63046.399999999994,505714.91,0.0
2026-01-31 04:00:00+00:00,1769842800000,853.32,854.8,845.99,847.97,48835.5,508500.54,0.0
2026-01-31 08:00:00+00:00,1769857200000,847.98,848.0,832.8,837.04,94033.84999999999,511039.89,0.0
2026-01-31 12:00:00+00:00,1769871600000,837.03,837.69,801.72,803.19,279222.47,519048.21,0.0
2026-01-31 16:00:00+00:00,1769886000000,803.2,810.38,749.21,771.15,593609.11,518742.88,0.0
2026-01-31 20:00:00+00:00,1769900400000,771.15,785.89,766.01,781.33,166515.69,519400.9,0.0
2026-02-01 00:00:00+00:00,1769914800000,781.33,789.67,779.01,783.64,112972.66,519222.29,0.0
2026-02-01 04:00:00+00:00,1769929200000,783.64,785.18,774.0,778.32,93249.87,520519.09,0.0
2026-02-01 08:00:00+00:00,1769943600000,778.31,782.94,768.4,774.23,115627.73999999999,524531.6,0.0
2026-02-01 12:00:00+00:00,1769958000000,774.23,774.29,742.53,749.99,306049.04000000004,530480.83,0.0
2026-02-01 16:00:00+00:00,1769972400000,749.98,766.83,745.76,757.15,219850.61,528860.59,0.0
2026-02-01 20:00:00+00:00,1769986800000,757.15,766.45,739.63,758.69,226827.02,523911.82,0.0
2026-02-02 00:00:00+00:00,1770001200000,758.7,770.75,728.54,751.93,329780.52,522289.22,0.0
2026-02-02 04:00:00+00:00,1770015600000,751.97,760.83,728.53,752.72,330813.89999999997,525102.24,0.0
2026-02-02 08:00:00+00:00,1770030000000,752.71,767.72,752.67,762.76,132416.74,523569.99,0.0
2026-02-02 12:00:00+00:00,1770044400000,762.76,781.22,761.7,777.83,191797.89,516591.63,0.0
2026-02-02 16:00:00+00:00,1770058800000,777.83,781.69,769.88,770.41,102083.11,517080.84,0.0
2026-02-02 20:00:00+00:00,1770073200000,770.4,777.12,767.57,774.22,69591.77,513674.09,0.0
2026-02-03 00:00:00+00:00,1770087600000,774.22,775.37,762.69,772.47,99603.20999999999,514651.44,0.0
2026-02-03 04:00:00+00:00,1770102000000,772.47,783.78,770.92,782.2,90636.95,517242.8,0.0
2026-02-03 08:00:00+00:00,1770116400000,782.2,782.96,765.29,768.84,127966.44,515918.18,0.0
2026-02-03 12:00:00+00:00,1770130800000,768.85,778.56,764.0,776.96,142208.74,516906.98,0.0
2026-02-03 16:00:00+00:00,1770145200000,776.96,777.0,736.28,758.19,362443.08,517700.98,0.0
2026-02-03 20:00:00+00:00,1770159600000,758.18,775.97,752.44,755.16,186123.2,521902.89,0.0
2026-02-04 00:00:00+00:00,1770174000000,755.16,764.71,751.86,762.13,91327.95999999999,523716.05,0.0
2026-02-04 04:00:00+00:00,1770188400000,762.13,765.9,754.56,764.66,63716.899999999994,525987.43,0.0
2026-02-04 08:00:00+00:00,1770202800000,764.65,764.68,747.52,750.75,97388.15,527474.46,0.0
2026-02-04 12:00:00+00:00,1770217200000,750.76,752.78,727.16,733.94,353251.68,521955.69,0.0
2026-02-04 16:00:00+00:00,1770231600000,733.95,736.59,707.06,718.28,405455.05,522797.24,0.0
2026-02-04 20:00:00+00:00,1770246000000,718.28,719.23,687.21,697.49,266260.76,520398.8,0.0
2026-02-05 00:00:00+00:00,1770260400000,697.48,703.25,691.1,694.27,232031.24,526658.07,0.0
2026-02-05 04:00:00+00:00,1770274800000,694.27,700.4,685.82,691.54,244865.2,520590.68,0.0
2026-02-05 08:00:00+00:00,1770289200000,691.55,700.49,674.51,683.61,250709.15,518560.89,0.0
2026-02-05 12:00:00+00:00,1770303600000,683.62,688.8,646.58,658.72,606828.21,526300.6,0.0
2026-02-05 16:00:00+00:00,1770318000000,658.73,674.35,634.04,641.62,495975.64,523704.57,0.0
2026-02-05 20:00:00+00:00,1770332400000,641.63,645.55,602.3,608.55,807632.46,539601.96,1.795e-05
2026-02-06 00:00:00+00:00,1770346800000,608.54,636.08,572.0,615.58,867561.5299999999,509106.25,4.774e-05
2026-02-06 04:00:00+00:00,1770361200000,615.58,642.72,613.52,623.14,323671.75,488190.63,1.91e-06
2026-02-06 08:00:00+00:00,1770375600000,623.13,638.69,616.86,636.1,217414.65,479519.96,0.0
2026-02-06 12:00:00+00:00,1770390000000,636.1,654.79,632.38,651.32,295709.66,480131.89,0.0
2026-02-06 16:00:00+00:00,1770404400000,651.28,669.51,648.7,658.63,329317.34,470918.23,0.0
2026-02-06 20:00:00+00:00,1770418800000,658.62,668.49,654.85,657.0,149026.61,469503.17,0.0
2026-02-07 00:00:00+00:00,1770433200000,656.99,661.75,650.0,659.12,110659.39,471029.06,0.0
2026-02-07 04:00:00+00:00,1770447600000,659.12,663.91,632.15,638.58,215657.90999999997,464330.28,0.0
2026-02-07 08:00:00+00:00,1770462000000,638.57,641.61,631.0,635.74,116484.88,462899.23,0.0
2026-02-07 12:00:00+00:00,1770476400000,635.74,647.11,633.82,642.29,155169.53999999998,465768.8,0.0
2026-02-07 16:00:00+00:00,1770490800000,642.3,655.53,639.1,650.37,283305.63,469282.33,0.0
2026-02-07 20:00:00+00:00,1770505200000,650.38,654.1,644.0,647.07,51705.19,467883.21,0.0
2026-02-08 00:00:00+00:00,1770519600000,647.08,651.34,642.46,642.83,67636.36,471318.23,0.0
2026-02-08 04:00:00+00:00,1770534000000,642.83,644.91,639.0,643.04,66654.6,473758.15,0.0
2026-02-08 08:00:00+00:00,1770548400000,643.04,650.91,637.27,645.52,149974.51,477837.4,0.0
2026-02-08 12:00:00+00:00,1770562800000,645.52,648.23,640.82,643.59,119870.07,479091.31,0.0
2026-02-08 16:00:00+00:00,1770577200000,643.58,649.67,631.95,648.51,108239.81,477705.6,0.0
2026-02-08 20:00:00+00:00,1770591600000,648.52,653.13,636.17,639.86,96500.89,477062.73,0.0
2026-02-09 00:00:00+00:00,1770606000000,639.85,646.31,633.54,645.0,116334.95999999999,482530.77,0.0
2026-02-09 04:00:00+00:00,1770620400000,644.99,645.39,630.85,631.85,96325.97,486171.08,0.0
2026-02-09 08:00:00+00:00,1770634800000,631.85,633.51,615.97,621.78,183581.19,494922.16,0.0
2026-02-09 12:00:00+00:00,1770649200000,621.78,632.57,621.56,630.96,164159.59,490154.4,0.0
2026-02-09 16:00:00+00:00,1770663600000,630.95,643.5,627.02,642.57,139970.91,487480.39,0.0
2026-02-09 20:00:00+00:00,1770678000000,642.56,644.13,633.3,636.42,76376.82,488507.26,0.0
2026-02-10 00:00:00+00:00,1770692400000,636.43,641.89,630.0,633.18,81589.72,490245.76,0.0
2026-02-10 04:00:00+00:00,1770706800000,633.18,639.63,628.03,631.64,107861.7,489865.17,0.0
2026-02-10 08:00:00+00:00,1770721200000,631.64,635.24,625.0,626.11,110557.53,490503.83,0.0
2026-02-10 12:00:00+00:00,1770735600000,626.11,628.65,613.35,619.0,188957.76,483206.67,0.0
2026-02-10 16:00:00+00:00,1770750000000,619.0,625.33,613.5,616.81,121795.63999999998,482224.1,0.0
2026-02-10 20:00:00+00:00,1770764400000,616.81,620.25,614.0,619.48,52535.74,485950.57,-6.5e-07
2026-02-11 00:00:00+00:00,1770778800000,619.47,624.0,615.12,617.36,73752.99,491547.66,0.0
2026-02-11 04:00:00+00:00,1770793200000,617.35,618.49,597.21,600.42,222198.44,503161.42,0.0
2026-02-11 08:00:00+00:00,1770807600000,600.43,601.9,587.03,592.59,191365.01,514610.21,0.0
2026-02-11 12:00:00+00:00,1770822000000,592.58,611.68,588.35,593.48,350509.44999999995,502165.83,0.0
2026-02-11 16:00:00+00:00,1770836400000,593.48,613.65,591.86,610.5,221566.26,511003.48,0.0
2026-02-11 20:00:00+00:00,1770850800000,610.49,618.12,604.37,608.19,112390.59,503398.26,0.0
2026-02-12 00:00:00+00:00,1770865200000,608.19,617.35,608.19,616.66,77969.88,505836.35,0.0
2026-02-12 04:00:00+00:00,1770879600000,616.67,618.32,611.38,615.29,79532.01999999999,505544.06,0.0
2026-02-12 08:00:00+00:00,1770894000000,615.3,620.79,610.53,617.59,103403.5,501647.12,0.0
2026-02-12 12:00:00+00:00,1770908400000,617.6,618.2,607.46,608.93,151169.59,496764.81,0.0
2026-02-12 16:00:00+00:00,1770922800000,608.94,612.32,600.42,608.04,161558.42,493671.66,0.0
2026-02-12 20:00:00+00:00,1770937200000,608.04,615.71,603.72,614.36,74691.37,497486.36,0.0
2026-02-13 00:00:00+00:00,1770951600000,614.36,616.67,607.64,609.01,105712.11,501966.45,0.0
2026-02-13 04:00:00+00:00,1770966000000,609.01,609.67,592.3,598.09,148961.88,518216.39,0.0
2026-02-13 08:00:00+00:00,1770980400000,598.09,604.3,597.6,601.48,102722.63,519598.9,0.0
2026-02-13 12:00:00+00:00,1770994800000,601.48,615.49,595.23,610.16,306020.72,517461.17,0.0
2026-02-13 16:00:00+00:00,1771009200000,610.15,621.31,608.95,618.08,168414.52,516049.6,0.0
2026-02-13 20:00:00+00:00,1771023600000,618.08,622.99,615.56,618.99,89643.38,516736.42,0.0
2026-02-14 00:00:00+00:00,1771038000000,619.0,625.66,616.91,617.8,90180.13,519823.1,0.0
2026-02-14 04:00:00+00:00,1771052400000,617.8,622.57,615.76,622.37,60394.51,521242.89,0.0
2026-02-14 08:00:00+00:00,1771066800000,622.38,633.82,622.15,633.45,117906.59,519482.42,0.0
2026-02-14 12:00:00+00:00,1771081200000,633.45,637.56,626.75,634.84,141010.58000000002,525359.72,0.0
2026-02-14 16:00:00+00:00,1771095600000,634.83,634.84,629.33,633.04,75598.41,522522.53,0.0
2026-02-14 20:00:00+00:00,1771110000000,633.03,634.83,628.5,632.88,76512.75,523360.5,0.0
2026-02-15 00:00:00+00:00,1771124400000,632.88,634.14,627.14,633.73,104692.17,525854.2,0.0
2026-02-15 04:00:00+00:00,1771138800000,633.72,642.7,633.72,639.95,100538.18,524281.98,0.0
2026-02-15 08:00:00+00:00,1771153200000,639.96,641.34,626.07,629.28,131484.91999999998,520580.86,0.0
2026-02-15 12:00:00+00:00,1771167600000,629.29,630.05,615.51,621.57,185305.85,516051.04,0.0
2026-02-15 16:00:00+00:00,1771182000000,621.57,621.57,608.77,611.76,139915.5,514769.96,0.0
2026-02-15 20:00:00+00:00,1771196400000,611.75,617.41,609.85,615.16,64867.12,512941.29,0.0
2026-02-16 00:00:00+00:00,1771210800000,615.17,618.31,611.18,613.29,58569.38,513555.97,0.0
2026-02-16 04:00:00+00:00,1771225200000,613.29,618.75,610.05,613.16,63351.41,513382.82,0.0
2026-02-16 08:00:00+00:00,1771239600000,613.17,619.87,612.49,618.52,79890.12,513001.7,0.0
2026-02-16 12:00:00+00:00,1771254000000,618.51,631.29,604.2,607.31,295301.07999999996,501112.46,0.0
2026-02-16 16:00:00+00:00,1771268400000,607.31,618.27,607.0,616.6,88910.04,499315.38,0.0
2026-02-16 20:00:00+00:00,1771282800000,616.6,628.38,615.81,627.15,90354.99,500844.72,0.0
2026-02-17 00:00:00+00:00,1771297200000,627.16,632.0,621.31,627.13,104985.31,506237.17,0.0
2026-02-17 04:00:00+00:00,1771311600000,627.13,628.44,620.38,622.99,73377.75,501359.13,0.0
2026-02-17 08:00:00+00:00,1771326000000,622.99,624.1,615.23,618.41,69945.29000000001,500852.65,0.0
2026-02-17 12:00:00+00:00,1771340400000,618.41,626.31,609.21,615.27,168734.85,495040.29,0.0
2026-02-17 16:00:00+00:00,1771354800000,615.26,624.37,612.16,620.2,124382.70000000001,496083.86,0.0
2026-02-17 20:00:00+00:00,1771369200000,620.19,620.96,615.88,617.73,41713.5,495639.45,0.0
2026-02-18 00:00:00+00:00,1771383600000,617.74,619.64,613.18,618.84,55720.28,495425.83,0.0
2026-02-18 04:00:00+00:00,1771398000000,618.84,621.38,614.72,620.9,59683.08,499244.75,0.0
2026-02-18 08:00:00+00:00,1771412400000,620.9,626.88,613.5,614.17,115047.75,498427.64,0.0
2026-02-18 12:00:00+00:00,1771426800000,614.17,623.2,607.53,618.16,169196.38,496587.22,0.0
2026-02-18 16:00:00+00:00,1771441200000,618.17,620.58,600.88,602.84,177171.52000000002,502196.09,0.0
2026-02-18 20:00:00+00:00,1771455600000,602.85,606.18,601.54,604.43,73162.64,507227.01,0.0
2026-02-19 00:00:00+00:00,1771470000000,604.43,607.87,602.46,607.54,65634.32,509954.5,0.0
2026-02-19 04:00:00+00:00,1771484400000,607.55,614.62,606.3,610.59,74671.64,503508.06,0.0
2026-02-19 08:00:00+00:00,1771498800000,610.59,610.68,603.29,603.87,85706.74,504877.99,0.0
2026-02-19 12:00:00+00:00,1771513200000,603.86,606.12,595.26,600.0,178937.64,508964.02,-7.139e-05
2026-02-19 16:00:00+00:00,1771527600000,600.0,606.7,595.79,604.36,128959.18,506659.63,-1.18e-06
2026-02-19 20:00:00+00:00,1771542000000,604.37,609.18,602.8,607.56,59379.45,502677.6,-1.18e-06
2026-02-20 00:00:00+00:00,1771556400000,607.57,610.45,606.0,607.75,60047.229999999996,501091.84,0.0
2026-02-20 04:00:00+00:00,1771570800000,607.75,613.85,605.05,611.95,70330.06,499200.32,0.0
2026-02-20 08:00:00+00:00,1771585200000,611.96,615.35,607.62,608.5,83343.96,499198.0,0.0
2026-02-20 12:00:00+00:00,1771599600000,608.51,618.37,601.0,616.93,200897.45,495851.46,0.0
2026-02-20 16:00:00+00:00,1771614000000,616.93,628.52,616.08,626.39,177423.57,505341.87,0.0
2026-02-20 20:00:00+00:00,1771628400000,626.39,629.95,625.07,626.09,70559.99,503227.93,0.0
2026-02-21 00:00:00+00:00,1771642800000,626.08,628.96,624.26,625.5,65741.93,502978.55,0.0
2026-02-21 04:00:00+00:00,1771657200000,625.49,628.29,625.0,626.12,47887.729999999996,507671.84,0.0
2026-02-21 08:00:00+00:00,1771671600000,626.12,631.82,625.94,630.42,69136.39,505335.77,0.0
2026-02-21 12:00:00+00:00,1771686000000,630.42,635.12,627.63,627.95,101390.25,504555.2,0.0
2026-02-21 16:00:00+00:00,1771700400000,627.95,629.81,624.28,627.22,73026.73999999999,502944.08,0.0
2026-02-21 20:00:00+00:00,1771714800000,627.21,627.89,624.38,625.82,44673.29,504695.95,0.0
2026-02-22 00:00:00+00:00,1771729200000,625.83,627.2,621.0,621.57,62755.53,500973.13,0.0
2026-02-22 04:00:00+00:00,1771743600000,621.57,623.87,618.85,622.6,61837.64,504679.72,0.0
2026-02-22 08:00:00+00:00,1771758000000,622.61,625.0,621.28,624.67,38528.71,502734.77,0.0
2026-02-22 12:00:00+00:00,1771772400000,624.68,624.74,613.66,616.06,110357.85,499317.94,0.0
2026-02-22 16:00:00+00:00,1771786800000,616.06,616.34,610.1,612.62,70239.15,497964.31,0.0
2026-02-22 20:00:00+00:00,1771801200000,612.62,616.36,611.03,614.97,45398.33,499808.64,0.0
2026-02-23 00:00:00+00:00,1771815600000,614.97,616.16,582.77,589.77,359949.82,513197.71,0.0
2026-02-23 04:00:00+00:00,1771830000000,589.77,599.56,585.76,598.91,138343.62,517404.01,0.0
2026-02-23 08:00:00+00:00,1771844400000,598.9,610.5,596.13,606.44,147431.88,506462.31,0.0
2026-02-23 12:00:00+00:00,1771858800000,606.45,612.45,604.37,604.7,152703.1,498207.41,0.0
2026-02-23 16:00:00+00:00,1771873200000,604.69,606.34,591.45,592.19,190287.97,486958.99,0.0
2026-02-23 20:00:00+00:00,1771887600000,592.18,598.61,590.09,596.22,97943.79,493992.03,0.0
2026-02-24 00:00:00+00:00,1771902000000,596.22,602.75,589.53,593.15,204595.16,498766.91,0.0
2026-02-24 04:00:00+00:00,1771916400000,593.15,594.0,585.86,589.47,138311.54,499577.42,0.0
2026-02-24 08:00:00+00:00,1771930800000,589.48,592.71,585.65,586.79,78400.55,500898.47,0.0
2026-02-24 12:00:00+00:00,1771945200000,586.79,588.18,576.61,585.8,229269.52000000002,497282.12,0.0
2026-02-24 16:00:00+00:00,1771959600000,585.79,590.0,583.51,588.37,120897.73999999999,497599.83,0.0
2026-02-24 20:00:00+00:00,1771974000000,588.38,590.21,582.18,583.4,70605.06,496533.79,0.0
2026-02-25 00:00:00+00:00,1771988400000,583.41,601.99,581.2,593.88,212944.03999999998,490678.98,0.0
2026-02-25 04:00:00+00:00,1772002800000,593.89,596.44,589.55,595.9,108593.52,487991.87,0.0
2026-02-25 08:00:00+00:00,1772017200000,595.91,605.35,595.55,604.94,109536.68,491135.37,0.0
2026-02-25 12:00:00+00:00,1772031600000,604.93,623.48,604.51,621.54,229999.08000000002,502866.28,0.0
2026-02-25 16:00:00+00:00,1772046000000,621.54,634.53,621.14,632.45,209105.71000000002,505922.3,0.0
2026-02-25 20:00:00+00:00,1772060400000,632.45,641.12,624.57,629.81,187253.68,509285.6,0.0
2026-02-26 00:00:00+00:00,1772074800000,629.81,634.27,625.77,628.25,120992.01,506680.92,2.119e-05
2026-02-26 04:00:00+00:00,1772089200000,628.25,632.86,625.63,625.98,72411.54,503124.63,4.6e-07
2026-02-26 08:00:00+00:00,1772103600000,625.99,630.66,623.08,623.21,92726.57,500390.44,0.0
2026-02-26 12:00:00+00:00,1772118000000,623.21,628.82,618.91,623.57,153611.78,500068.05,0.0
2026-02-26 16:00:00+00:00,1772132400000,623.56,625.65,614.43,624.75,158383.72,498157.99,0.0
2026-02-26 20:00:00+00:00,1772146800000,624.74,627.19,621.05,626.03,49751.6,500540.91,0.0
2026-02-27 00:00:00+00:00,1772161200000,626.02,630.59,622.68,629.43,83087.11,502336.07,0.0
2026-02-27 04:00:00+00:00,1772175600000,629.44,634.0,625.11,627.35,105245.04000000001,501440.86,0.0
2026-02-27 08:00:00+00:00,1772190000000,627.35,630.21,613.18,614.86,132528.43,495164.95,0.0
2026-02-27 12:00:00+00:00,1772204400000,614.86,617.06,609.45,614.39,139961.96,495074.05,0.0
2026-02-27 16:00:00+00:00,1772218800000,614.39,614.73,606.71,609.78,98511.17,492596.66,0.0
2026-02-27 20:00:00+00:00,1772233200000,609.78,614.4,605.34,614.03,62569.3,493859.28,0.0
2026-02-28 00:00:00+00:00,1772247600000,614.03,615.66,612.18,614.89,48569.600000000006,494313.86,0.0
2026-02-28 04:00:00+00:00,1772262000000,614.89,615.35,590.51,597.29,233236.28,496916.56,0.0
2026-02-28 08:00:00+00:00,1772276400000,597.29,598.36,588.39,594.38,172673.25,487978.62,0.0
2026-02-28 12:00:00+00:00,1772290800000,594.39,605.67,593.84,603.86,200086.5,489684.38,0.0
2026-02-28 16:00:00+00:00,1772305200000,603.86,614.68,601.0,613.06,135433.78999999998,486505.05,0.0
2026-02-28 20:00:00+00:00,1772319600000,613.06,621.6,611.85,617.14,116763.12,487030.97,0.0
2026-03-01 00:00:00+00:00,1772334000000,617.13,632.34,614.56,628.76,178494.79,490940.63,0.0
2026-03-01 04:00:00+00:00,1772348400000,628.77,631.61,623.28,625.68,109151.92,488217.34,0.0
2026-03-01 08:00:00+00:00,1772362800000,625.67,626.72,619.05,623.16,94818.58,488924.36,0.0
2026-03-01 12:00:00+00:00,1772377200000,623.15,630.2,620.08,626.96,120093.95999999999,495153.2,0.0
2026-03-01 16:00:00+00:00,1772391600000,626.98,629.93,617.5,619.99,142641.61,489483.25,0.0
2026-03-01 20:00:00+00:00,1772406000000,619.98,621.18,611.13,618.2,182692.51,491999.37,0.0
2026-03-02 00:00:00+00:00,1772420400000,618.2,625.97,614.65,624.74,119002.82,493852.4,0.0
2026-03-02 04:00:00+00:00,1772434800000,624.74,625.95,613.18,616.75,76945.2,490329.56,0.0
2026-03-02 08:00:00+00:00,1772449200000,616.76,623.25,613.02,622.27,89955.95,492047.0,0.0
2026-03-02 12:00:00+00:00,1772463600000,622.27,650.09,619.0,646.65,318334.52,536338.09,0.0
2026-03-02 16:00:00+00:00,1772478000000,646.65,653.44,636.31,636.77,201643.22,527841.41,0.0
2026-03-02 20:00:00+00:00,1772492400000,636.77,640.86,632.61,637.81,120246.23,517094.34,0.0
2026-03-03 00:00:00+00:00,1772506800000,637.8,642.41,633.38,635.49,98910.44,515997.4,0.0
2026-03-03 04:00:00+00:00,1772521200000,635.49,638.32,628.6,633.39,116988.34,509553.15,0.0
2026-03-03 08:00:00+00:00,1772535600000,633.39,634.22,620.66,626.21,180801.59,504656.05,0.0
2026-03-03 12:00:00+00:00,1772550000000,626.21,631.65,620.6,630.2,147249.98,502833.0,0.0
2026-03-03 16:00:00+00:00,1772564400000,630.2,638.71,628.4,632.86,142089.86,503192.06,0.0
2026-03-03 20:00:00+00:00,1772578800000,632.86,636.85,628.2,633.45,71995.17,508806.01,0.0
2026-03-04 00:00:00+00:00,1772593200000,633.45,636.62,626.0,629.14,92817.12,511787.51,0.0
2026-03-04 04:00:00+00:00,1772607600000,629.14,641.0,627.08,640.02,89713.09,514779.61,0.0
2026-03-04 08:00:00+00:00,1772622000000,640.02,655.0,638.86,650.51,251810.58,516893.34,0.0
2026-03-04 12:00:00+00:00,1772636400000,650.5,662.42,646.12,661.38,234812.46,516083.67,0.0
2026-03-04 16:00:00+00:00,1772650800000,661.38,666.43,655.31,662.69,146139.27000000002,514093.34,0.0
2026-03-04 20:00:00+00:00,1772665200000,662.7,663.2,656.75,658.08,84870.89,517553.74,0.0
2026-03-05 00:00:00+00:00,1772679600000,658.09,661.14,652.34,654.4,87755.43,509312.72,0.0
2026-03-05 04:00:00+00:00,1772694000000,654.41,657.63,648.69,650.45,87954.56,502886.43,0.0
2026-03-05 08:00:00+00:00,1772708400000,650.45,665.64,649.68,659.3,112585.96,506398.17,0.0
2026-03-05 12:00:00+00:00,1772722800000,659.31,661.04,648.26,653.08,163438.56,501101.39,0.0
2026-03-05 16:00:00+00:00,1772737200000,653.07,654.68,646.27,648.7,116705.95,499095.19,0.0
2026-03-05 20:00:00+00:00,1772751600000,648.7,652.44,646.49,648.01,53205.84,497336.46,0.0
2026-03-06 00:00:00+00:00,1772766000000,648.01,651.78,645.53,649.81,64369.649999999994,495488.63,0.0
2026-03-06 04:00:00+00:00,1772780400000,649.81,650.0,641.12,646.78,84577.09,497751.9,0.0
2026-03-06 08:00:00+00:00,1772794800000,646.79,646.99,637.06,637.31,79013.56,499289.23,0.0
2026-03-06 12:00:00+00:00,1772809200000,637.3,640.69,624.51,627.7,197337.14,494275.86,0.0
2026-03-06 16:00:00+00:00,1772823600000,627.69,632.83,625.8,630.55,83837.56,497945.09,0.0
2026-03-06 20:00:00+00:00,1772838000000,630.56,631.4,626.85,627.24,63809.130000000005,505942.35,0.0
2026-03-07 00:00:00+00:00,1772852400000,627.24,629.65,626.21,626.95,33042.79,506603.14,0.0
2026-03-07 04:00:00+00:00,1772866800000,626.94,628.46,624.55,627.6,38517.0,507983.47,0.0
2026-03-07 08:00:00+00:00,1772881200000,627.6,629.97,626.25,627.68,38447.64,507207.77,0.0
2026-03-07 12:00:00+00:00,1772895600000,627.68,628.1,623.43,625.02,74390.63,508166.52,0.0
2026-03-07 16:00:00+00:00,1772910000000,625.03,625.05,618.11,619.68,62681.25,508384.19,0.0
2026-03-07 20:00:00+00:00,1772924400000,619.68,622.41,617.6,620.24,38921.81,510769.45,0.0
2026-03-08 00:00:00+00:00,1772938800000,620.25,621.96,615.2,616.83,53842.33,508101.91,0.0
2026-03-08 04:00:00+00:00,1772953200000,616.84,622.23,614.04,619.77,47541.64,508481.0,0.0
2026-03-08 08:00:00+00:00,1772967600000,619.77,624.07,617.75,620.13,61352.119999999995,510111.03,0.0
2026-03-08 12:00:00+00:00,1772982000000,620.13,621.05,612.81,615.9,87252.98000000001,507475.74,0.0
2026-03-08 16:00:00+00:00,1772996400000,615.89,619.73,611.49,618.87,64325.68,507074.92,0.0
2026-03-08 20:00:00+00:00,1773010800000,618.87,619.93,607.56,611.7,103700.63,502693.33,0.0
2026-03-09 00:00:00+00:00,1773025200000,611.71,628.27,610.76,623.34,136837.94,500349.8,0.0
2026-03-09 04:00:00+00:00,1773039600000,623.35,630.07,618.2,621.78,129918.29,500124.12,0.0
2026-03-09 08:00:00+00:00,1773054000000,621.8,630.43,621.58,627.42,95671.91,497198.94,0.0
2026-03-09 12:00:00+00:00,1773068400000,627.42,640.4,627.42,639.3,160847.18,502515.87,0.0
2026-03-09 16:00:00+00:00,1773082800000,639.3,643.4,634.17,638.26,132486.11,506665.86,0.0
2026-03-09 20:00:00+00:00,1773097200000,638.26,640.83,633.6,634.52,58869.51,507169.31,0.0
2026-03-10 00:00:00+00:00,1773111600000,634.51,646.0,634.36,639.69,107763.09,505997.47,0.0
2026-03-10 04:00:00+00:00,1773126000000,639.7,646.94,639.35,644.41,71043.71,501939.79,0.0
2026-03-10 08:00:00+00:00,1773140400000,644.41,648.93,643.96,645.39,85244.24,504177.52,0.0
2026-03-10 12:00:00+00:00,1773154800000,645.39,652.24,638.11,649.27,163260.2,505915.17,0.0
2026-03-10 16:00:00+00:00,1773169200000,649.27,652.44,639.85,641.7,102866.78,503232.79,0.0
2026-03-10 20:00:00+00:00,1773183600000,641.69,645.21,639.41,641.89,59423.259999999995,505600.3,0.0
2026-03-11 00:00:00+00:00,1773198000000,641.89,644.29,638.58,639.73,66722.38,505819.94,0.0
2026-03-11 04:00:00+00:00,1773212400000,639.74,644.84,637.56,640.43,81221.05,508108.6,0.0
2026-03-11 08:00:00+00:00,1773226800000,640.43,643.95,634.2,638.1,175345.69999999998,513649.24,0.0
2026-03-11 12:00:00+00:00,1773241200000,638.1,652.29,636.71,645.93,176492.77000000002,521024.61,0.0
2026-03-11 16:00:00+00:00,1773255600000,645.93,655.91,645.29,653.23,120305.94,523085.69,0.0
2026-03-11 20:00:00+00:00,1773270000000,653.23,656.66,650.45,651.73,52090.61,525736.86,0.0
2026-03-12 00:00:00+00:00,1773284400000,651.73,652.47,642.09,643.3,89844.42,521961.29,0.0
2026-03-12 04:00:00+00:00,1773298800000,643.31,646.92,641.69,645.7,56501.98,519833.97,0.0
2026-03-12 08:00:00+00:00,1773313200000,645.69,654.09,645.51,652.34,78149.16,522245.64,0.0
2026-03-12 12:00:00+00:00,1773327600000,652.33,657.93,645.56,650.3,165009.36,524640.64,0.0
2026-03-12 16:00:00+00:00,1773342000000,650.3,652.74,646.57,651.17,71157.27,520057.55,0.0
2026-03-12 20:00:00+00:00,1773356400000,651.17,655.22,649.16,651.97,50323.85,520641.08,0.0
2026-03-13 00:00:00+00:00,1773370800000,651.96,664.07,650.62,661.73,142393.22,525006.73,0.0
2026-03-13 04:00:00+00:00,1773385200000,661.73,664.56,658.81,661.38,78242.0,526912.07,0.0
2026-03-13 08:00:00+00:00,1773399600000,661.38,668.75,660.71,666.76,153655.51,533033.08,0.0
2026-03-13 12:00:00+00:00,1773414000000,666.77,679.59,661.44,662.39,278655.25,524988.06,0.0
2026-03-13 16:00:00+00:00,1773428400000,662.39,664.7,652.91,657.34,176959.21,517249.62,0.0
2026-03-13 20:00:00+00:00,1773442800000,657.35,658.85,653.63,655.75,63090.25,517332.3,0.0
2026-03-14 00:00:00+00:00,1773457200000,655.74,657.22,652.55,656.88,51201.93,517520.77,0.0
2026-03-14 04:00:00+00:00,1773471600000,656.88,658.39,650.89,652.22,49932.34,516359.2,0.0
2026-03-14 08:00:00+00:00,1773486000000,652.23,653.89,649.97,653.46,39067.62,515770.89,0.0
2026-03-14 12:00:00+00:00,1773500400000,653.46,654.9,651.75,653.3,39134.5,514387.16,0.0
2026-03-14 16:00:00+00:00,1773514800000,653.3,654.52,652.13,653.57,25071.48,513944.62,0.0
2026-03-14 20:00:00+00:00,1773529200000,653.58,657.95,652.98,657.61,31270.82,515136.55,0.0
2026-03-15 00:00:00+00:00,1773543600000,657.61,661.24,654.32,658.9,50117.61,517003.77,0.0
2026-03-15 04:00:00+00:00,1773558000000,658.91,660.98,657.63,659.94,40229.77,516734.57,0.0
2026-03-15 08:00:00+00:00,1773572400000,659.94,666.63,659.66,661.63,73352.84,515734.69,0.0
2026-03-15 12:00:00+00:00,1773586800000,661.64,662.57,656.64,659.68,79597.73999999999,515200.39,0.0
2026-03-15 16:00:00+00:00,1773601200000,659.67,663.18,658.03,660.38,42456.479999999996,514805.9,0.0
2026-03-15 20:00:00+00:00,1773615600000,660.37,679.55,659.62,674.12,172418.22,513708.67,0.0
2026-03-16 00:00:00+00:00,1773630000000,674.12,686.42,670.5,680.74,128713.6,514698.87,0.0
2026-03-16 04:00:00+00:00,1773644400000,680.75,687.86,677.33,678.48,133676.72,515980.86,0.0
2026-03-16 08:00:00+00:00,1773658800000,678.49,681.36,674.0,677.37,95062.99,512823.42,0.0
2026-03-16 12:00:00+00:00,1773673200000,677.37,683.7,670.17,671.72,193153.46,513212.14,0.0
2026-03-16 16:00:00+00:00,1773687600000,671.72,681.51,671.32,678.51,97172.39,510941.96,0.0
2026-03-16 20:00:00+00:00,1773702000000,678.5,684.78,673.71,679.7,105136.9,507480.19,0.0
2026-03-17 00:00:00+00:00,1773716400000,679.7,686.6,675.05,676.13,141034.51,508594.35,0.0
2026-03-17 04:00:00+00:00,1773730800000,676.13,677.46,671.9,674.19,86288.7,505634.95,0.0
2026-03-17 08:00:00+00:00,1773745200000,674.19,677.04,667.3,667.57,130361.23999999999,496885.08,0.0
2026-03-17 12:00:00+00:00,1773759600000,667.58,673.17,663.2,668.35,140509.97999999998,490871.8,0.0
2026-03-17 16:00:00+00:00,1773774000000,668.35,674.64,667.57,671.71,53508.41,490154.03,0.0
2026-03-17 20:00:00+00:00,1773788400000,671.71,674.29,667.81,668.51,39530.2,492028.22,0.0
2026-03-18 00:00:00+00:00,1773802800000,668.51,675.13,665.45,673.18,61577.479999999996,493401.96,0.0
2026-03-18 04:00:00+00:00,1773817200000,673.18,674.87,669.77,673.73,66056.43000000001,492109.12,0.0
2026-03-18 08:00:00+00:00,1773831600000,673.72,676.28,661.25,662.67,115300.79000000001,489917.17,0.0
2026-03-18 12:00:00+00:00,1773846000000,662.66,662.66,644.46,648.21,212728.95,484000.08,0.0
2026-03-18 16:00:00+00:00,1773860400000,648.2,652.62,644.9,647.66,118658.84,485300.93,-0.00010222
2026-03-18 20:00:00+00:00,1773874800000,647.67,652.61,643.78,651.87,65913.05,482513.16,-5.21e-05
2026-03-19 00:00:00+00:00,1773889200000,651.86,656.18,648.56,652.23,68591.5,482156.88,-8.9e-07
2026-03-19 04:00:00+00:00,1773903600000,652.22,652.43,640.39,644.91,99207.51,478710.25,-4.944e-05
2026-03-19 08:00:00+00:00,1773918000000,644.9,648.63,643.33,643.83,65165.25,478529.87,-4.574e-05
2026-03-19 12:00:00+00:00,1773932400000,643.82,643.82,634.17,637.6,133669.9,478152.9,-1.5e-07
2026-03-19 16:00:00+00:00,1773946800000,637.61,642.14,633.0,639.79,126101.01000000001,486153.61,0.0
2026-03-19 20:00:00+00:00,1773961200000,639.79,643.67,637.91,638.82,54320.08,483323.68,0.0
2026-03-20 00:00:00+00:00,1773975600000,638.83,644.68,638.14,643.92,60657.03,482272.96,-0.00010293
2026-03-20 04:00:00+00:00,1773990000000,643.91,645.59,639.31,643.69,62472.35,485799.96,-0.00012728
2026-03-20 08:00:00+00:00,1774004400000,643.68,647.33,640.01,641.32,70544.82,489306.01,-4.935e-05
2026-03-20 12:00:00+00:00,1774018800000,641.33,643.02,636.31,640.17,137364.26,492428.59,-3.7e-07
2026-03-20 16:00:00+00:00,1774033200000,640.16,641.68,636.1,640.08,62280.12,491927.19,0.0
2026-03-20 20:00:00+00:00,1774047600000,640.08,644.41,637.46,642.0,45279.770000000004,486979.03,0.0
2026-03-21 00:00:00+00:00,1774062000000,642.0,643.09,640.02,642.15,26519.49,486806.23,0.0
2026-03-21 04:00:00+00:00,1774076400000,642.15,644.21,641.66,642.98,26275.71,486148.66,0.0
2026-03-21 08:00:00+00:00,1774090800000,642.97,644.27,641.99,643.65,27256.61,485235.48,0.0
2026-03-21 12:00:00+00:00,1774105200000,643.65,646.35,641.23,642.79,46275.07000000001,484720.38,0.0
2026-03-21 16:00:00+00:00,1774119600000,642.78,643.32,640.53,641.43,25941.64,486610.16,0.0
2026-03-21 20:00:00+00:00,1774134000000,641.43,642.61,627.32,630.29,80860.89,478756.01,0.0
2026-03-22 00:00:00+00:00,1774148400000,630.29,637.51,622.0,634.52,133058.63999999998,481909.8,0.0
2026-03-22 04:00:00+00:00,1774162800000,634.52,636.31,631.55,631.77,96785.42,484993.13,0.0
2026-03-22 08:00:00+00:00,1774177200000,631.78,631.84,627.13,627.5,56204.83,484631.93,-4.386e-05
2026-03-22 12:00:00+00:00,1774191600000,627.5,631.41,627.49,629.4,47161.96,487434.66,-7.345e-05
2026-03-22 16:00:00+00:00,1774206000000,629.39,631.89,626.1,627.14,72713.78,493345.82,-8e-08
2026-03-22 20:00:00+00:00,1774220400000,627.14,631.01,621.56,626.08,81394.09,493319.96,-4.358e-05
2026-03-23 00:00:00+00:00,1774234800000,626.08,630.54,621.75,626.24,72995.06,491083.64,-2e-08
2026-03-23 04:00:00+00:00,1774249200000,626.25,631.79,620.0,623.95,91904.59,495195.76,-2e-08
2026-03-23 08:00:00+00:00,1774263600000,623.96,650.68,621.07,638.17,342816.60000000003,482169.85,-9.84e-06
2026-03-23 12:00:00+00:00,1774278000000,638.16,649.43,635.52,637.35,219024.55000000002,489135.33,-1.13e-06
2026-03-23 16:00:00+00:00,1774292400000,637.35,640.93,632.84,637.86,141953.58000000002,498708.48,0.0
2026-03-23 20:00:00+00:00,1774306800000,637.85,641.42,636.4,639.3,45818.06,498944.61,0.0
2026-03-24 00:00:00+00:00,1774321200000,639.3,640.39,632.01,632.7,71751.4,502011.18,0.0
2026-03-24 04:00:00+00:00,1774335600000,632.7,638.57,627.13,637.92,83112.32,506054.16,0.0
2026-03-24 08:00:00+00:00,1774350000000,637.9,639.93,633.92,638.87,67672.4,505335.7,0.0
2026-03-24 12:00:00+00:00,1774364400000,638.86,639.35,627.1,630.86,137746.16,512139.32,0.0
2026-03-24 16:00:00+00:00,1774378800000,630.85,632.38,626.66,630.11,78295.06999999999,508797.48,0.0
2026-03-24 20:00:00+00:00,1774393200000,630.1,639.87,629.63,638.31,69410.21,504720.75,0.0
2026-03-25 00:00:00+00:00,1774407600000,638.31,643.02,637.39,642.21,67195.46,504099.08,0.0
2026-03-25 04:00:00+00:00,1774422000000,642.2,647.2,641.5,643.7,67387.33,505210.33,0.0
2026-03-25 08:00:00+00:00,1774436400000,643.7,651.24,643.61,648.57,116978.36,506643.22,0.0
2026-03-25 12:00:00+00:00,1774450800000,648.57,653.18,642.0,645.79,120999.54,507530.89,0.0
2026-03-25 16:00:00+00:00,1774465200000,645.79,651.36,644.26,646.27,77211.81,509225.37,0.0
2026-03-25 20:00:00+00:00,1774479600000,646.28,650.44,644.28,647.85,39497.369999999995,508981.31,0.0
2026-03-26 00:00:00+00:00,1774494000000,647.84,648.75,641.43,643.08,47457.94,507317.65,0.0
2026-03-26 04:00:00+00:00,1774508400000,643.1,643.43,633.37,635.39,97127.17,507768.11,0.0
2026-03-26 08:00:00+00:00,1774522800000,635.39,635.44,628.0,629.09,95056.06999999999,508698.93,0.0
2026-03-26 12:00:00+00:00,1774537200000,629.09,632.58,625.0,626.79,87122.58,511083.02,0.0
2026-03-26 16:00:00+00:00,1774551600000,626.78,628.76,622.63,625.35,73682.51000000001,511416.64,0.0
2026-03-26 20:00:00+00:00,1774566000000,625.35,631.34,625.0,628.75,65982.07,509880.13,0.0
2026-03-27 00:00:00+00:00,1774580400000,628.75,631.85,627.26,628.29,40487.2,509055.21,0.0
2026-03-27 04:00:00+00:00,1774594800000,628.28,629.88,624.73,628.32,53568.75,511311.07,0.0
2026-03-27 08:00:00+00:00,1774609200000,628.33,628.96,606.69,610.66,230427.36000000002,523996.55,0.0
2026-03-27 12:00:00+00:00,1774623600000,610.66,613.78,605.48,610.33,131107.22,525201.15,-2.719e-05
2026-03-27 16:00:00+00:00,1774638000000,610.33,611.67,606.37,609.8,70697.79000000001,530305.67,-2.7e-07
2026-03-27 20:00:00+00:00,1774652400000,609.8,614.16,608.42,613.72,42491.8,527671.11,-2.7e-07
2026-03-28 00:00:00+00:00,1774666800000,613.72,613.91,609.73,611.06,43321.91,526547.12,0.0
2026-03-28 04:00:00+00:00,1774681200000,611.06,614.28,610.33,613.81,34077.369999999995,524838.03,0.0
2026-03-28 08:00:00+00:00,1774695600000,613.82,614.12,610.3,612.67,35780.6,525851.56,0.0
2026-03-28 12:00:00+00:00,1774710000000,612.66,618.8,611.39,617.04,86400.76000000001,523556.13,0.0
2026-03-28 16:00:00+00:00,1774724400000,617.04,617.45,615.23,616.49,27819.95,523083.27,0.0
2026-03-28 20:00:00+00:00,1774738800000,616.49,617.99,610.27,610.9,56078.67,516641.04,0.0
2026-03-29 00:00:00+00:00,1774753200000,610.9,615.1,609.63,613.79,41516.63,515967.95,0.0
2026-03-29 04:00:00+00:00,1774767600000,613.8,614.49,611.68,613.35,28400.92,516576.63,0.0
2026-03-29 08:00:00+00:00,1774782000000,613.35,614.46,610.88,613.37,38312.14,517807.48,0.0
2026-03-29 12:00:00+00:00,1774796400000,613.37,613.51,607.28,609.4,60675.01,521010.04,0.0
2026-03-29 16:00:00+00:00,1774810800000,609.41,610.94,607.42,609.02,28482.77,520366.65,0.0
2026-03-29 20:00:00+00:00,1774825200000,609.01,612.11,596.01,605.86,130217.54,516747.47,0.0
2026-03-30 00:00:00+00:00,1774839600000,605.88,619.08,604.81,615.62,119293.43000000001,509357.33,0.0
2026-03-30 04:00:00+00:00,1774854000000,615.63,619.16,615.25,618.24,66459.98999999999,508408.69,0.0
2026-03-30 08:00:00+00:00,1774868400000,618.23,621.75,616.43,618.03,102342.01999999999,505095.49,0.0
2026-03-30 12:00:00+00:00,1774882800000,618.03,621.21,613.62,618.72,102248.41,509004.83,0.0
2026-03-30 16:00:00+00:00,1774897200000,618.72,618.95,608.26,610.74,77170.84,509484.77,0.0
2026-03-30 20:00:00+00:00,1774911600000,610.74,613.9,607.22,609.42,71828.79000000001,518602.19,0.0
2026-03-31 00:00:00+00:00,1774926000000,609.42,619.9,608.34,613.69,97991.42,512836.63,0.0
2026-03-31 04:00:00+00:00,1774940400000,613.69,614.67,609.31,611.14,55763.91,515172.79,0.0
2026-03-31 08:00:00+00:00,1774954800000,611.14,611.32,598.6,605.14,154403.36,531862.42,0.0
2026-03-31 12:00:00+00:00,1774969200000,605.15,616.04,604.11,608.02,176398.21,523438.21,0.0
2026-03-31 16:00:00+00:00,1774983600000,608.02,620.0,607.94,616.03,134394.77,521034.96,0.0
2026-03-31 20:00:00+00:00,1774998000000,616.03,620.03,615.28,617.64,64419.18,517525.96,0.0
2026-04-01 00:00:00+00:00,1775012400000,617.64,620.2,614.07,617.14,65043.44,518843.54,0.0
2026-04-01 04:00:00+00:00,1775026800000,617.15,622.66,615.3,616.71,121233.51999999999,530406.73,4.761e-05
2026-04-01 08:00:00+00:00,1775041200000,616.7,618.04,614.14,615.76,66653.70999999999,529692.5,5.494e-05
2026-04-01 12:00:00+00:00,1775055600000,615.76,618.48,610.21,615.25,100363.45999999999,529862.88,3.684e-05
2026-04-01 16:00:00+00:00,1775070000000,615.26,619.98,611.82,614.23,87926.14,524410.64,4.838e-05
2026-04-01 20:00:00+00:00,1775084400000,614.22,616.4,609.62,611.18,64247.03,529889.63,7.43e-06
2026-04-02 00:00:00+00:00,1775098800000,611.18,613.98,591.99,592.3,190501.84,536838.44,3.2e-07
2026-04-02 04:00:00+00:00,1775113200000,592.3,592.88,587.56,592.06,132567.78,551459.85,3.2e-07
2026-04-02 08:00:00+00:00,1775127600000,592.07,592.07,577.4,581.44,167878.36,566695.05,0.0
2026-04-02 12:00:00+00:00,1775142000000,581.44,581.67,570.71,574.35,275064.35,579863.2,0.0
2026-04-02 16:00:00+00:00,1775156400000,574.35,583.98,574.01,583.67,143202.63,564807.81,0.0
2026-04-02 20:00:00+00:00,1775170800000,583.67,585.25,581.54,583.8,68447.77,558610.33,0.0
2026-04-03 00:00:00+00:00,1775185200000,583.81,587.43,582.07,586.11,80093.09,554838.04,0.0
2026-04-03 04:00:00+00:00,1775199600000,586.12,589.27,585.08,586.64,63343.57,554947.94,0.0
2026-04-03 08:00:00+00:00,1775214000000,586.64,588.52,583.24,587.42,77818.63,554056.72,0.0
2026-04-03 12:00:00+00:00,1775228400000,587.42,590.47,584.1,587.16,88024.47,552048.51,0.0
2026-04-03 16:00:00+00:00,1775242800000,587.17,589.42,586.69,588.74,36500.770000000004,551145.58,0.0
2026-04-03 20:00:00+00:00,1775257200000,588.74,589.41,587.05,588.4,32760.2,545613.3,0.0
2026-04-04 00:00:00+00:00,1775271600000,588.4,589.38,587.31,589.25,28984.63,545333.45,0.0
2026-04-04 04:00:00+00:00,1775286000000,589.25,592.39,588.37,590.27,44927.009999999995,545374.32,0.0
2026-04-04 08:00:00+00:00,1775300400000,590.27,591.88,589.22,589.65,41200.61,544936.69,0.0
2026-04-04 12:00:00+00:00,1775314800000,589.65,592.17,588.1,591.37,56446.47,541604.0,0.0
2026-04-04 16:00:00+00:00,1775329200000,591.37,596.89,590.68,593.68,64219.98,535895.35,0.0
2026-04-04 20:00:00+00:00,1775343600000,593.67,595.41,592.87,593.62,28576.75,534853.78,0.0
2026-04-05 00:00:00+00:00,1775358000000,593.62,594.27,591.46,593.75,40557.869999999995,534082.68,0.0
2026-04-05 04:00:00+00:00,1775372400000,593.75,594.29,587.83,590.61,73821.62,531090.41,0.0
2026-04-05 08:00:00+00:00,1775386800000,590.61,595.54,590.28,594.24,53191.31,533717.88,0.0
2026-04-05 12:00:00+00:00,1775401200000,594.24,596.69,587.27,593.38,105713.99,530793.32,0.0
2026-04-05 16:00:00+00:00,1775415600000,593.38,593.93,591.8,592.65,38213.54,530672.29,0.0
2026-04-05 20:00:00+00:00,1775430000000,592.64,604.29,590.7,601.81,125184.02000000002,519692.19,0.0
2026-04-06 00:00:00+00:00,1775444400000,601.82,608.14,600.39,600.9,121747.66,521597.95,0.0
2026-04-06 04:00:00+00:00,1775458800000,600.91,604.69,598.86,604.04,92597.83,526112.92,0.0
2026-04-06 08:00:00+00:00,1775473200000,604.04,610.8,604.03,605.81,84253.31,522176.06,2.952e-05
2026-04-06 12:00:00+00:00,1775487600000,605.82,609.13,604.54,608.8,71153.66,521044.03,3.249e-05
2026-04-06 16:00:00+00:00,1775502000000,608.8,609.37,603.27,607.13,60956.12,517626.22,1.502e-05
2026-04-06 20:00:00+00:00,1775516400000,607.14,608.39,596.33,600.45,79191.69,508591.96,5.09e-06
2026-04-07 00:00:00+00:00,1775530800000,600.45,601.69,596.69,599.27,58767.19,508850.15,9.5e-07
2026-04-07 04:00:00+00:00,1775545200000,599.28,602.11,596.93,599.38,41319.26,511902.3,9.5e-07
2026-04-07 08:00:00+00:00,1775559600000,599.37,606.69,596.53,597.23,136637.76,517934.3,0.0
2026-04-07 12:00:00+00:00,1775574000000,597.24,600.27,592.22,598.74,126319.31,517228.79,0.0
2026-04-07 16:00:00+00:00,1775588400000,598.74,609.34,598.72,608.77,91993.73999999999,517791.52,6.94e-06
2026-04-07 20:00:00+00:00,1775602800000,608.78,625.38,607.59,620.61,220956.19,516933.46,0.00010317
2026-04-08 00:00:00+00:00,1775617200000,620.61,622.0,613.24,613.77,101345.20000000001,525330.49,0.00018279
2026-04-08 04:00:00+00:00,1775631600000,613.77,617.78,612.43,613.72,76474.53,526164.8,5.182e-05
2026-04-08 08:00:00+00:00,1775646000000,613.71,614.89,611.21,613.19,63381.02,533006.73,7.344e-05
2026-04-08 12:00:00+00:00,1775660400000,613.19,616.26,601.46,605.63,182352.64,529322.55,4.222e-05
2026-04-08 16:00:00+00:00,1775674800000,605.64,608.09,603.12,604.63,56476.17,529940.87,4.611e-05
2026-04-08 20:00:00+00:00,1775689200000,604.63,607.76,600.02,601.41,59450.869999999995,533576.53,2.6e-05
2026-04-09 00:00:00+00:00,1775703600000,601.45,603.37,597.14,600.47,85305.03,537749.0,5.415e-05
2026-04-09 04:00:00+00:00,1775718000000,600.47,601.54,599.0,600.34,39941.64,538015.79,6.9e-07
2026-04-09 08:00:00+00:00,1775732400000,600.35,603.49,599.59,602.84,59922.82,541129.78,1.1e-07
2026-04-09 12:00:00+00:00,1775746800000,602.84,607.8,598.6,606.49,109692.86,532282.91,3.313e-05
2026-04-09 16:00:00+00:00,1775761200000,606.49,609.83,603.97,609.0,93463.33,528298.38,3.419e-05
2026-04-09 20:00:00+00:00,1775775600000,609.01,612.65,602.33,603.39,77153.56,528010.86,5.586e-05
2026-04-10 00:00:00+00:00,1775790000000,603.39,605.77,600.1,601.51,56290.11,531338.28,3.125e-05
2026-04-10 04:00:00+00:00,1775804400000,601.51,603.0,599.35,599.61,45683.83,536324.66,3.9e-07
2026-04-10 08:00:00+00:00,1775818800000,599.62,603.7,597.78,602.77,56488.89,534160.34,0.0
2026-04-10 12:00:00+00:00,1775833200000,602.77,609.2,601.37,603.82,108329.75,539754.03,0.0
2026-04-10 16:00:00+00:00,1775847600000,603.83,610.42,603.75,609.98,51946.27,537760.79,9.787e-05
2026-04-10 20:00:00+00:00,1775862000000,609.98,610.75,605.7,605.95,43497.98,540373.88,9.157e-05
2026-04-11 00:00:00+00:00,1775876400000,605.95,608.17,603.72,607.15,50087.47,540225.03,8.3e-05
2026-04-11 04:00:00+00:00,1775890800000,607.14,607.95,604.68,606.37,33832.01,540884.35,6.9e-07
2026-04-11 08:00:00+00:00,1775905200000,606.38,607.63,604.74,605.76,41402.41,538942.96,0.0
2026-04-11 12:00:00+00:00,1775919600000,605.76,607.28,604.1,606.0,37625.45,535973.46,1.84e-06
2026-04-11 16:00:00+00:00,1775934000000,606.01,614.57,605.96,613.36,84937.2,538316.8,6.365e-05
2026-04-11 20:00:00+00:00,1775948400000,613.36,613.44,606.19,607.52,56858.34,534496.26,6.566e-05
2026-04-12 00:00:00+00:00,1775962800000,607.52,607.89,590.23,595.76,160231.47,530544.91,1.6e-06
2026-04-12 04:00:00+00:00,1775977200000,595.76,596.2,593.09,594.31,48194.270000000004,535671.87,1.6e-06
2026-04-12 08:00:00+00:00,1775991600000,594.31,595.73,593.0,595.49,43690.67,539801.1,0.0
2026-04-12 12:00:00+00:00,1776006000000,595.49,596.0,589.17,591.81,79033.92,543664.1,0.0
2026-04-12 16:00:00+00:00,1776020400000,591.8,593.6,591.08,592.57,36453.61,543342.24,0.0
2026-04-12 20:00:00+00:00,1776034800000,592.57,597.28,591.18,592.42,81599.79000000001,536298.6,0.0
2026-04-13 00:00:00+00:00,1776049200000,592.41,598.28,591.75,594.99,54144.579999999994,535025.3,0.0
2026-04-13 04:00:00+00:00,1776063600000,595.0,600.15,594.88,597.58,62659.270000000004,532031.14,0.0
2026-04-13 08:00:00+00:00,1776078000000,597.57,598.99,595.42,597.34,48282.58,532137.88,0.0
2026-04-13 12:00:00+00:00,1776092400000,597.34,605.41,595.78,603.8,140216.26,528084.23,0.0
2026-04-13 16:00:00+00:00,1776106800000,603.8,609.63,602.48,608.96,121023.92,523598.0,9.395e-05
2026-04-13 20:00:00+00:00,1776121200000,608.96,618.4,607.55,615.19,145313.06,528541.16,0.0001541
2026-04-14 00:00:00+00:00,1776135600000,615.19,616.5,610.81,616.44,87821.72,524833.29,0.00010952
2026-04-14 04:00:00+00:00,1776150000000,616.45,616.5,612.17,613.98,56696.54,526040.91,5.824e-05
2026-04-14 08:00:00+00:00,1776164400000,613.99,619.8,613.81,616.85,88118.57,530047.94,6.383e-05
2026-04-14 12:00:00+00:00,1776178800000,616.84,625.74,615.51,623.9,186107.21,552912.27,2.996e-05
2026-04-14 16:00:00+00:00,1776193200000,623.9,625.67,612.13,614.37,130243.05,548145.49,9.128e-05
2026-04-14 20:00:00+00:00,1776207600000,614.38,617.58,613.48,614.16,46111.32,548819.5,3.81e-05
2026-04-15 00:00:00+00:00,1776222000000,614.17,620.36,614.16,616.5,71275.78,551565.56,5.64e-06
2026-04-15 04:00:00+00:00,1776236400000,616.5,617.58,611.02,611.92,70364.84,553302.97,4.9e-07
2026-04-15 08:00:00+00:00,1776250800000,611.93,621.21,610.84,620.15,82311.67,551026.5,2.923e-05
2026-04-15 12:00:00+00:00,1776265200000,620.16,620.84,616.26,619.45,74176.61,552422.5,4.407e-05
2026-04-15 16:00:00+00:00,1776279600000,619.44,628.19,618.95,625.85,85319.98000000001,559778.33,4.086e-05
2026-04-15 20:00:00+00:00,1776294000000,625.84,627.33,621.82,623.08,61809.34,560037.94,0.00010918
2026-04-16 00:00:00+00:00,1776308400000,623.08,626.68,621.02,624.61,51691.97,561581.84,0.00011895
2026-04-16 04:00:00+00:00,1776322800000,624.6,626.44,622.14,622.98,57648.31,558245.65,2.7e-07
2026-04-16 08:00:00+00:00,1776337200000,622.98,624.17,619.09,621.23,81598.49,553801.18,0.0
2026-04-16 12:00:00+00:00,1776351600000,621.23,626.83,615.09,625.13,146405.12,549056.02,0.0
2026-04-16 16:00:00+00:00,1776366000000,625.14,638.02,623.86,636.92,191101.85,558599.81,4.096e-05
2026-04-16 20:00:00+00:00,1776380400000,636.93,637.89,632.19,636.15,63939.77,559312.6,9.785e-05
2026-04-17 00:00:00+00:00,1776394800000,636.15,636.94,628.61,629.64,72713.27,554129.39,7.611e-05
2026-04-17 04:00:00+00:00,1776409200000,629.65,630.56,627.02,627.65,60014.16,551643.02,1.83e-06
2026-04-17 08:00:00+00:00,1776423600000,627.65,635.36,627.18,632.79,97529.42,552918.48,1.9e-07
2026-04-17 12:00:00+00:00,1776438000000,632.79,646.0,632.0,643.69,189831.58,548904.59,1.9e-07
2026-04-17 16:00:00+00:00,1776452400000,643.7,645.98,639.03,641.83,74439.14,546796.82,3.009e-05
2026-04-17 20:00:00+00:00,1776466800000,641.84,645.19,639.63,643.52,54536.479999999996,551976.77,1.53e-05
2026-04-18 00:00:00+00:00,1776481200000,643.52,647.4,640.5,640.63,83648.77,552203.3,1.882e-05
2026-04-18 04:00:00+00:00,1776495600000,640.63,649.19,640.44,643.75,79319.23,557152.67,1.38e-06
2026-04-18 08:00:00+00:00,1776510000000,643.76,643.99,631.69,633.63,114763.4,547628.77,5.8e-07
2026-04-18 12:00:00+00:00,1776524400000,633.63,635.21,631.43,633.63,52740.399999999994,548776.28,5.8e-07
2026-04-18 16:00:00+00:00,1776538800000,633.62,634.64,628.46,630.7,71791.29000000001,545321.15,4.5e-07
2026-04-18 20:00:00+00:00,1776553200000,630.7,632.23,630.0,630.22,31892.73,546496.89,1.261e-05
2026-04-19 00:00:00+00:00,1776567600000,630.23,630.72,621.34,623.52,91882.56,540119.03,2.104e-05
2026-04-19 04:00:00+00:00,1776582000000,623.53,624.94,618.28,620.59,85436.67,541334.81,1.9e-07
2026-04-19 08:00:00+00:00,1776596400000,620.59,623.53,618.19,622.6,70249.20999999999,544495.48,0.0
2026-04-19 12:00:00+00:00,1776610800000,622.61,628.62,622.27,626.27,82680.87,543490.04,0.0
2026-04-19 16:00:00+00:00,1776625200000,626.28,626.92,619.54,623.19,61946.06,541190.27,0.0
2026-04-19 20:00:00+00:00,1776639600000,623.18,623.54,615.14,616.38,73735.54000000001,537418.55,0.0
2026-04-20 00:00:00+00:00,1776654000000,616.39,623.16,616.24,622.1,47813.16,537742.28,0.0
2026-04-20 04:00:00+00:00,1776668400000,622.1,629.87,617.3,625.03,83087.12,539068.49,3.601e-05
2026-04-20 08:00:00+00:00,1776682800000,625.04,628.58,622.96,625.84,60987.53,539088.15,2.774e-05
2026-04-20 12:00:00+00:00,1776697200000,625.83,628.71,621.16,628.69,99412.12,542080.79,1.888e-05
2026-04-20 16:00:00+00:00,1776711600000,628.7,632.2,627.04,630.91,59242.380000000005,545019.91,4.947e-05
2026-04-20 20:00:00+00:00,1776726000000,630.92,632.46,628.29,629.56,34941.05,546276.6,5.534e-05
2026-04-21 00:00:00+00:00,1776740400000,629.57,632.99,628.32,630.29,43290.89,546159.94,1.039e-05
2026-04-21 04:00:00+00:00,1776754800000,630.29,634.17,629.16,633.08,45822.869999999995,545183.59,6.6e-07
2026-04-21 08:00:00+00:00,1776769200000,633.07,640.78,632.48,634.53,141448.48,548909.78,0.0
2026-04-21 12:00:00+00:00,1776783600000,634.53,635.55,629.65,632.11,81638.56,547199.61,0.0
2026-04-21 16:00:00+00:00,1776798000000,632.12,634.0,625.12,626.98,76525.70000000001,540232.84,0.0
2026-04-21 20:00:00+00:00,1776812400000,626.97,632.75,625.79,631.97,54695.18,536419.45,0.0
2026-04-22 00:00:00+00:00,1776826800000,631.97,641.85,631.45,640.01,96222.20000000001,535330.53,2.305e-05
2026-04-22 04:00:00+00:00,1776841200000,640.01,645.32,639.01,642.41,102463.9,536725.35,5.716e-05
2026-04-22 08:00:00+00:00,1776855600000,642.41,644.24,641.41,643.12,40032.630000000005,535878.99,4.376e-05
2026-04-22 12:00:00+00:00,1776870000000,643.12,654.89,642.42,649.49,148189.1,554508.25,7.678e-05
2026-04-22 16:00:00+00:00,1776884400000,649.49,651.51,643.26,644.4,68771.28,549477.46,9.917e-05
2026-04-22 20:00:00+00:00,1776898800000,644.4,644.56,637.61,637.81,67951.75,536076.2,1.259e-05
2026-04-23 00:00:00+00:00,1776913200000,637.81,639.81,633.54,635.81,84081.09,533319.13,2.8e-07
2026-04-23 04:00:00+00:00,1776927600000,635.81,638.96,635.21,635.86,61379.560000000005,535589.52,2.8e-07
2026-04-23 08:00:00+00:00,1776942000000,635.86,636.45,631.22,633.71,65948.27,537131.49,0.0
2026-04-23 12:00:00+00:00,1776956400000,633.71,640.35,632.28,639.96,81726.17,538264.68,0.0
2026-04-23 16:00:00+00:00,1776970800000,639.94,640.7,631.3,636.22,99661.86,538668.87,0.0
2026-04-23 20:00:00+00:00,1776985200000,636.21,640.2,635.92,638.84,33774.86,539064.37,3.356e-05
2026-04-24 00:00:00+00:00,1776999600000,638.84,640.68,633.82,634.88,47358.81,539259.9,2e-08
2026-04-24 04:00:00+00:00,1777014000000,634.89,637.42,632.26,635.38,60040.71,544398.17,2e-08
2026-04-24 08:00:00+00:00,1777028400000,635.38,639.14,633.66,638.46,55578.18,542805.35,4.708e-05
2026-04-24 12:00:00+00:00,1777042800000,638.47,640.88,636.23,639.93,59011.32,544058.66,7.37e-05
2026-04-24 16:00:00+00:00,1777057200000,639.93,640.35,635.6,638.68,38805.91,543054.27,1.408e-05
2026-04-24 20:00:00+00:00,1777071600000,638.67,638.81,635.76,636.49,24381.78,542878.15,3.157e-05
2026-04-25 00:00:00+00:00,1777086000000,636.49,638.03,635.76,637.84,23614.47,542820.7,4.531e-05
2026-04-25 04:00:00+00:00,1777100400000,637.83,638.5,636.5,637.15,19865.28,542264.73,4.6e-07
2026-04-25 08:00:00+00:00,1777114800000,637.15,638.79,634.51,635.07,32820.96,542321.31,0.0
2026-04-25 12:00:00+00:00,1777129200000,635.07,635.5,629.3,630.19,84370.42000000001,550483.68,0.0
2026-04-25 16:00:00+00:00,1777143600000,630.19,630.81,627.32,629.01,48891.86,547184.53,3.825e-05
2026-04-25 20:00:00+00:00,1777158000000,629.02,630.78,628.67,628.9,22468.73,547140.27,3.8e-07
2026-04-26 00:00:00+00:00,1777172400000,628.9,630.75,627.15,628.95,40470.45,547944.19,2.552e-05
2026-04-26 04:00:00+00:00,1777186800000,628.96,633.18,628.58,632.86,43161.18,544517.41,3.256e-05
2026-04-26 08:00:00+00:00,1777201200000,632.85,633.09,630.35,632.8,27613.94,543665.08,1.15e-06
2026-04-26 12:00:00+00:00,1777215600000,632.8,633.42,630.83,632.6,34818.55,542036.94,5.94e-06
2026-04-26 16:00:00+00:00,1777230000000,632.59,637.17,630.82,636.19,48785.43,539196.21,1.462e-05
2026-04-26 20:00:00+00:00,1777244400000,636.2,638.5,633.4,636.18,48874.55,538502.78,2.096e-05
2026-04-27 00:00:00+00:00,1777258800000,636.18,640.38,634.22,638.74,74238.03,538835.32,4.68e-05
2026-04-27 04:00:00+00:00,1777273200000,638.75,639.09,625.33,626.14,131675.73,537908.91,1.6e-07
2026-04-27 08:00:00+00:00,1777287600000,626.12,629.19,625.62,627.66,48965.43,543080.42,0.0
2026-04-27 12:00:00+00:00,1777302000000,627.65,628.97,618.76,621.22,119380.77,546276.37,0.0
2026-04-27 16:00:00+00:00,1777316400000,621.22,624.34,620.62,623.79,45832.47,550090.2,0.0
2026-04-27 20:00:00+00:00,1777330800000,623.8,627.72,623.39,627.18,31206.33,546589.9,0.0
2026-04-28 00:00:00+00:00,1777345200000,627.17,627.98,623.62,624.87,37306.909999999996,547135.97,3.819e-05
2026-04-28 04:00:00+00:00,1777359600000,624.87,626.95,622.0,624.57,50813.39,548191.37,3.5e-07
2026-04-28 08:00:00+00:00,1777374000000,624.56,625.72,621.52,622.2,27211.22,547879.47,3.913e-05
2026-04-28 12:00:00+00:00,1777388400000,622.2,623.98,619.3,623.15,72534.85,547015.01,4.163e-05
2026-04-28 16:00:00+00:00,1777402800000,623.15,624.7,622.13,624.56,30304.8,548455.92,3.378e-05
2026-04-28 20:00:00+00:00,1777417200000,624.56,625.12,623.02,624.88,21178.03,547603.83,4.604e-05
2026-04-29 00:00:00+00:00,1777431600000,624.88,627.2,622.84,626.37,52911.26,542711.5,4.79e-06
2026-04-29 04:00:00+00:00,1777446000000,626.38,628.81,625.16,625.29,54298.79,539611.5,2e-08
2026-04-29 08:00:00+00:00,1777460400000,625.29,629.9,624.65,626.34,58544.5,537775.0,0.0
2026-04-29 12:00:00+00:00,1777474800000,626.34,626.36,615.65,616.74,113164.83,546870.26,0.0
2026-04-29 16:00:00+00:00,1777489200000,616.75,620.55,610.29,613.57,122502.93,551227.64,0.0
2026-04-29 20:00:00+00:00,1777503600000,613.58,618.92,613.3,617.63,42271.66,548442.57,0.0
2026-04-30 00:00:00+00:00,1777518000000,617.64,620.9,616.23,618.19,53374.78,545983.3,0.0
2026-04-30 04:00:00+00:00,1777532400000,618.19,618.59,613.69,617.9,42928.42,547472.78,0.0
2026-04-30 08:00:00+00:00,1777546800000,617.89,619.17,614.79,616.02,35741.1,549104.3,6.273e-05
2026-04-30 12:00:00+00:00,1777561200000,616.03,618.48,613.78,617.3,50211.53,552806.54,6.97e-06
2026-04-30 16:00:00+00:00,1777575600000,617.3,619.29,616.06,618.86,30875.079999999998,554254.64,6.8e-07
2026-04-30 20:00:00+00:00,1777590000000,618.85,619.0,615.01,615.61,21705.5,554959.36,1.465e-05
2026-05-01 00:00:00+00:00,1777604400000,615.61,621.74,615.52,618.79,50989.16,554287.26,4e-08
2026-05-01 04:00:00+00:00,1777618800000,618.8,619.41,616.33,617.69,32473.739999999998,554133.89,4e-08
2026-05-01 08:00:00+00:00,1777633200000,617.7,619.87,616.27,619.18,42058.35,554484.9,0.0
2026-05-01 12:00:00+00:00,1777647600000,619.19,623.17,618.85,621.21,100498.32,547077.83,1.905e-05
2026-05-01 16:00:00+00:00,1777662000000,621.2,622.17,619.26,619.57,30936.0,547714.86,6.134e-05
2026-05-01 20:00:00+00:00,1777676400000,619.58,619.79,614.0,615.72,46545.09,553124.01,6.706e-05
2026-05-02 00:00:00+00:00,1777690800000,615.71,617.56,615.13,616.46,32824.31,551791.9,8.4e-07
2026-05-02 04:00:00+00:00,1777705200000,616.47,616.7,614.39,616.13,36556.79,552762.28,8.4e-07
2026-05-02 08:00:00+00:00,1777719600000,616.13,616.5,615.0,615.97,22542.489999999998,554689.07,0.0
2026-05-02 12:00:00+00:00,1777734000000,615.98,618.61,615.7,618.61,30251.82,552173.34,3.98e-06
2026-05-02 16:00:00+00:00,1777748400000,618.61,619.77,618.02,619.25,32007.85,548104.72,8.195e-05
2026-05-02 20:00:00+00:00,1777762800000,619.25,622.21,618.01,618.33,37498.479999999996,547132.19,2.314e-05
2026-05-03 00:00:00+00:00,1777777200000,618.33,618.88,615.32,616.48,40460.25,548318.32,1.2e-07
2026-05-03 04:00:00+00:00,1777791600000,616.48,618.65,615.7,617.36,33976.1,548701.9,1.2e-07
2026-05-03 08:00:00+00:00,1777806000000,617.37,620.0,617.11,619.29,42753.65,547896.62,1.023e-05
2026-05-03 12:00:00+00:00,1777820400000,619.29,620.98,618.49,620.3,31921.61,547909.8,5.308e-05
2026-05-03 16:00:00+00:00,1777834800000,620.29,621.17,619.2,619.76,21327.73,548147.23,7.849e-05
2026-05-03 20:00:00+00:00,1777849200000,619.76,622.74,617.2,617.58,62917.72,544841.25,1.732e-05
2026-05-04 00:00:00+00:00,1777863600000,617.59,627.1,615.81,627.0,142971.68,545657.44,8.2e-07
2026-05-04 04:00:00+00:00,1777878000000,627.0,639.56,627.0,628.85,258023.02,565815.66,0.00011345
2026-05-04 08:00:00+00:00,1777892400000,628.84,631.44,620.28,623.25,123876.09,568705.31,9.038e-05
2026-05-04 12:00:00+00:00,1777906800000,623.24,628.84,621.52,625.8,109193.59,567846.78,2.752e-05
2026-05-04 16:00:00+00:00,1777921200000,625.81,629.27,623.91,625.32,54134.98,566601.78,5.806e-05
2026-05-04 20:00:00+00:00,1777935600000,625.33,626.34,622.92,623.03,31126.97,568533.95,5.378e-05
2026-05-05 00:00:00+00:00,1777950000000,623.04,628.67,622.88,628.06,64084.14,566084.24,1.615e-05
2026-05-05 04:00:00+00:00,1777964400000,628.06,629.28,626.0,627.89,55908.32,567788.92,3.102e-05
2026-05-05 08:00:00+00:00,1777978800000,627.89,629.68,626.34,629.1,43976.41,571231.87,0.00012205
2026-05-05 12:00:00+00:00,1777993200000,629.1,634.39,628.51,631.37,101409.26000000001,578587.52,0.00010769
2026-05-05 16:00:00+00:00,1778007600000,631.38,632.84,628.12,632.11,45148.270000000004,581483.01,0.00011308
2026-05-05 20:00:00+00:00,1778022000000,632.1,635.48,630.04,630.75,66957.79,582049.66,0.00011317
2026-05-06 00:00:00+00:00,1778036400000,630.75,636.19,629.02,635.57,77052.39,574304.7,8.115e-05
2026-05-06 04:00:00+00:00,1778050800000,635.57,640.99,633.2,638.43,82451.05,575183.73,1.467e-05
2026-05-06 08:00:00+00:00,1778065200000,638.42,653.07,638.38,652.84,184157.56,580861.52,5.45e-05
2026-05-06 12:00:00+00:00,1778079600000,652.85,664.72,643.92,648.9,276247.5,585662.7,9.359e-05
2026-05-06 16:00:00+00:00,1778094000000,648.9,651.42,646.68,650.93,53975.7,590702.13,0.00016479
2026-05-06 20:00:00+00:00,1778108400000,650.92,651.98,644.66,648.12,51104.62,589996.64,9.984e-05
2026-05-07 00:00:00+00:00,1778122800000,648.12,650.3,641.9,642.91,91258.73,590185.89,5.996e-05
2026-05-07 04:00:00+00:00,1778137200000,642.92,653.95,642.44,652.43,71319.26999999999,593044.02,4.522e-05
2026-05-07 08:00:00+00:00,1778151600000,652.43,653.62,646.53,648.33,61582.689999999995,592502.46,4.843e-05
2026-05-07 12:00:00+00:00,1778166000000,648.33,651.48,639.66,642.87,103216.81,585984.54,5.946e-05
2026-05-07 16:00:00+00:00,1778180400000,642.86,645.19,639.5,644.08,67630.36,588512.02,0.00010508
2026-05-07 20:00:00+00:00,1778194800000,644.08,645.58,633.79,637.31,135196.14,569011.98,8.91e-06
2026-05-08 00:00:00+00:00,1778209200000,637.32,640.88,635.7,639.79,56166.73,564949.81,8e-08
2026-05-08 04:00:00+00:00,1778223600000,639.78,641.32,634.8,637.03,83470.39,561770.03,8e-08
2026-05-08 08:00:00+00:00,1778238000000,637.04,641.7,636.09,641.3,55512.66,562161.63,0.0
2026-05-08 12:00:00+00:00,1778252400000,641.31,644.46,637.7,644.36,58340.57,560246.87,0.0
2026-05-08 16:00:00+00:00,1778266800000,644.35,650.04,642.8,648.48,84491.48,560354.32,0.0
2026-05-08 20:00:00+00:00,1778281200000,648.5,652.0,646.32,649.78,48890.38,560042.02,2.196e-05
2026-05-09 00:00:00+00:00,1778295600000,649.77,656.35,649.44,654.03,68195.84,563966.14,3.705e-05
2026-05-09 04:00:00+00:00,1778310000000,654.04,656.63,649.32,650.18,71994.2,554699.56,0.00010651
2026-05-09 08:00:00+00:00,1778324400000,650.19,651.46,648.81,650.37,38887.270000000004,554654.73,8.76e-05
2026-05-09 12:00:00+00:00,1778338800000,650.37,651.07,646.66,648.04,46144.8,551897.02,7.473e-05
2026-05-09 16:00:00+00:00,1778353200000,648.05,652.3,647.4,651.42,42298.51,553345.17,0.00010986
2026-05-09 20:00:00+00:00,1778367600000,651.43,652.71,649.93,650.08,24946.35,552425.41,2.289e-05
2026-05-10 00:00:00+00:00,1778382000000,650.07,650.88,645.2,648.02,46986.23,551484.68,3.417e-05
2026-05-10 04:00:00+00:00,1778396400000,648.01,649.67,647.64,648.69,19502.21,552334.71,3.11e-06
2026-05-10 08:00:00+00:00,1778410800000,648.7,652.21,647.88,649.95,44419.91,553054.89,4.663e-05
2026-05-10 12:00:00+00:00,1778425200000,649.95,656.7,648.66,655.92,54204.74,555117.25,7.96e-05
2026-05-10 16:00:00+00:00,1778439600000,655.93,662.94,654.63,661.62,82688.09,562079.63,0.000123
2026-05-10 20:00:00+00:00,1778454000000,661.61,667.26,648.87,664.13,187127.02,574810.35,9.23e-05
2026-05-11 00:00:00+00:00,1778468400000,664.13,665.34,650.32,651.98,122019.66,568829.76,3.302e-05
2026-05-11 04:00:00+00:00,1778482800000,651.98,654.46,650.32,651.0,52039.44,568532.42,7.77e-06
2026-05-11 08:00:00+00:00,1778497200000,651.0,656.16,649.69,656.14,56544.880000000005,569778.86,1.3e-07
2026-05-11 12:00:00+00:00,1778511600000,656.14,661.96,651.77,661.95,99672.85,577583.8,1.3e-07
2026-05-11 16:00:00+00:00,1778526000000,661.94,664.0,659.75,663.7,71705.6,575166.37,7.955e-05
2026-05-11 20:00:00+00:00,1778540400000,663.69,673.59,661.38,670.98,121702.10999999999,600492.5,6.625e-05
2026-05-12 00:00:00+00:00,1778554800000,670.96,671.89,659.25,662.37,128031.98,593514.54,2.226e-05
2026-05-12 04:00:00+00:00,1778569200000,662.38,664.87,658.13,658.86,69572.78,593188.34,8.5e-07
2026-05-12 08:00:00+00:00,1778583600000,658.87,663.91,657.68,663.87,109389.89,613690.33,0.00010384
2026-05-12 12:00:00+00:00,1778598000000,663.87,665.28,650.39,652.61,207265.04,617683.38,0.00015726
2026-05-12 16:00:00+00:00,1778612400000,652.62,663.8,650.99,663.48,114818.06,630401.83,0.00018595
2026-05-12 20:00:00+00:00,1778626800000,663.47,668.5,663.47,665.23,73423.79000000001,635594.12,0.00013064
2026-05-13 00:00:00+00:00,1778641200000,665.24,683.45,664.74,681.65,218578.11,671369.67,9.208e-05
2026-05-13 04:00:00+00:00,1778655600000,681.65,682.64,676.27,679.37,112454.38,675689.26,6.61e-05
2026-05-13 08:00:00+00:00,1778670000000,679.37,686.14,677.67,678.77,126402.22,676679.98,2.132e-05
2026-05-13 12:00:00+00:00,1778684400000,678.77,680.75,664.11,664.58,270489.14,650381.93,4.1e-07
2026-05-13 16:00:00+00:00,1778698800000,664.58,674.97,664.54,671.58,87591.55,651373.28,0.0
2026-05-13 20:00:00+00:00,1778713200000,671.59,674.15,668.37,671.9,37002.95,650783.61,0.0
2026-05-14 00:00:00+00:00,1778727600000,671.89,677.76,665.62,666.18,98996.17,645618.51,0.0
2026-05-14 04:00:00+00:00,1778742000000,666.17,672.49,665.7,669.56,73451.51,642539.03,0.0
2026-05-14 08:00:00+00:00,1778756400000,669.57,674.43,668.89,671.16,63645.73,642116.45,0.0
2026-05-14 12:00:00+00:00,1778770800000,671.16,680.95,670.96,680.19,182763.9,632544.53,0.0
2026-05-14 16:00:00+00:00,1778785200000,680.2,688.4,678.69,680.71,182798.95,650537.2,2.05e-06
2026-05-14 20:00:00+00:00,1778799600000,680.72,682.4,677.36,678.76,51260.869999999995,653938.86,0.00012366
2026-05-15 00:00:00+00:00,1778814000000,678.76,686.4,677.54,682.24,113098.84,656565.98,1.22e-06
2026-05-15 04:00:00+00:00,1778828400000,682.25,689.72,674.0,684.87,158288.51,665735.09,1.22e-06
2026-05-15 08:00:00+00:00,1778842800000,684.88,690.55,682.07,686.78,130481.75,678873.87,6.56e-05
2026-05-15 12:00:00+00:00,1778857200000,686.77,687.08,669.42,671.91,264499.32,648697.98,2.7e-07
2026-05-15 16:00:00+00:00,1778871600000,671.91,677.08,671.38,674.31,56627.05,646070.61,0.0
2026-05-15 20:00:00+00:00,1778886000000,674.31,674.88,671.5,672.63,34707.1,644474.85,0.0
2026-05-16 00:00:00+00:00,1778900400000,672.62,675.2,665.25,665.5,83951.94,637341.36,0.0
2026-05-16 04:00:00+00:00,1778914800000,665.5,665.5,656.33,660.95,154442.74,621801.8,0.0
2026-05-16 08:00:00+00:00,1778929200000,660.96,662.38,651.01,654.59,176722.03999999998,610030.62,0.0
2026-05-16 12:00:00+00:00,1778943600000,654.59,660.58,651.39,655.48,91557.98,619609.11,0.0
2026-05-16 16:00:00+00:00,1778958000000,655.48,658.84,655.19,656.48,45553.44,612075.53,0.0
2026-05-16 20:00:00+00:00,1778972400000,656.49,657.97,656.04,656.52,17662.61,610655.36,0.0
2026-05-17 00:00:00+00:00,1778986800000,656.52,657.62,650.28,653.0,100462.86,616266.53,7.329e-05
2026-05-17 04:00:00+00:00,1779001200000,653.0,656.66,652.62,655.58,36181.12,615257.75,3.291e-05
2026-05-17 08:00:00+00:00,1779015600000,655.59,655.85,650.66,655.37,56777.2,615953.79,3.531e-05
2026-05-17 12:00:00+00:00,1779030000000,655.37,657.83,650.79,652.63,80117.59,612109.1,4e-08
2026-05-17 16:00:00+00:00,1779044400000,652.63,656.65,650.4,656.35,43181.729999999996,607400.15,0.0
2026-05-17 20:00:00+00:00,1779058800000,656.36,657.89,640.0,649.75,124103.18,600410.4,0.0
2026-05-18 00:00:00+00:00,1779073200000,649.76,649.98,642.46,643.83,105130.61,597052.58,7.214e-05
2026-05-18 04:00:00+00:00,1779087600000,643.83,644.93,637.13,642.16,100875.98000000001,596462.31,4.347e-05
2026-05-18 08:00:00+00:00,1779102000000,642.17,644.0,637.59,642.03,63799.2,596700.58,6e-08
2026-05-18 12:00:00+00:00,1779116400000,642.03,645.76,634.43,637.24,129351.89,595707.56,6e-08
2026-05-18 16:00:00+00:00,1779130800000,637.24,645.23,635.97,645.14,80399.25,592864.08,0.0
2026-05-18 20:00:00+00:00,1779145200000,645.15,646.75,642.14,643.85,56392.94,591209.69,0.0
2026-05-19 00:00:00+00:00,1779159600000,643.85,647.47,641.26,643.24,69759.6,588510.35,0.0
2026-05-19 04:00:00+00:00,1779174000000,643.23,646.65,641.09,646.1,44255.5,589971.58,0.0
2026-05-19 08:00:00+00:00,1779188400000,646.11,646.23,638.26,640.14,65269.09,593171.33,0.0
2026-05-19 12:00:00+00:00,1779202800000,640.14,642.49,636.46,639.12,77798.8,593548.74,1.483e-05
2026-05-19 16:00:00+00:00,1779217200000,639.12,642.3,638.26,640.35,29241.18,594072.39,9.152e-05
2026-05-19 20:00:00+00:00,1779231600000,640.35,642.15,638.24,640.35,24905.28,593601.05,7.67e-05
2026-05-20 00:00:00+00:00,1779246000000,640.34,641.25,637.85,640.49,44588.31,590966.22,3.485e-05
2026-05-20 04:00:00+00:00,1779260400000,640.49,645.48,638.8,643.72,52507.21,587236.98,8.89e-06
2026-05-20 08:00:00+00:00,1779274800000,643.72,645.74,642.67,643.7,34189.03,587602.61,3.146e-05
2026-05-20 12:00:00+00:00,1779289200000,643.7,650.36,641.62,649.15,106455.68,590087.57,6.235e-05
2026-05-20 16:00:00+00:00,1779303600000,649.16,651.69,646.29,650.95,47241.2,590394.97,8.434e-05
2026-05-20 20:00:00+00:00,1779318000000,650.95,652.24,647.4,649.8,30376.1,589692.8,2.375e-05
2026-05-21 00:00:00+00:00,1779332400000,649.8,655.9,649.52,655.11,63630.4,588301.67,9.8e-06
2026-05-21 04:00:00+00:00,1779346800000,655.11,655.75,650.53,653.26,46421.81,590734.49,8.131e-05
2026-05-21 08:00:00+00:00,1779361200000,653.26,656.47,647.31,648.05,70634.95,589629.05,7.182e-05
2026-05-21 12:00:00+00:00,1779375600000,648.06,653.54,646.64,652.75,80885.15,595920.93,5.624e-05
2026-05-21 16:00:00+00:00,1779390000000,652.76,660.0,650.65,658.34,98005.29000000001,598342.04,0.00010234
2026-05-21 20:00:00+00:00,1779404400000,658.34,659.35,656.43,658.82,34187.770000000004,597731.33,4.038e-05
2026-05-22 00:00:00+00:00,1779418800000,658.82,661.81,656.27,659.98,70905.84,599446.79,6.65e-06
2026-05-22 04:00:00+00:00,1779433200000,659.98,660.92,655.74,659.87,54865.630000000005,601449.04,2.096e-05
2026-05-22 08:00:00+00:00,1779447600000,659.86,661.45,655.18,658.34,65411.63,600658.96,3.549e-05
2026-05-22 12:00:00+00:00,1779462000000,658.33,664.95,656.58,658.67,127885.58,601756.82,5.3e-07
2026-05-22 16:00:00+00:00,1779476400000,658.68,661.96,648.71,652.8,122504.07,598848.45,0.0
2026-05-22 20:00:00+00:00,1779490800000,652.81,654.48,649.04,650.84,48244.84,598449.69,1.28e-06
2026-05-23 00:00:00+00:00,1779505200000,650.84,653.45,648.5,652.74,50834.58,600158.1,3.832e-05
2026-05-23 04:00:00+00:00,1779519600000,652.74,653.31,635.0,636.97,131423.94,586540.07,1.06e-06
2026-05-23 08:00:00+00:00,1779534000000,636.99,641.59,635.85,640.46,80472.56,590082.53,0.0
2026-05-23 12:00:00+00:00,1779548400000,640.47,649.2,639.57,647.87,83075.98000000001,583547.18,0.0
2026-05-23 16:00:00+00:00,1779562800000,647.87,653.48,646.7,652.75,55390.34,578811.47,6.405e-05
2026-05-23 20:00:00+00:00,1779577200000,652.76,664.4,652.11,656.62,110183.87,579253.53,5.06e-05
2026-05-24 00:00:00+00:00,1779591600000,656.63,659.41,655.79,657.6,44170.44,579175.26,5.391e-05
2026-05-24 04:00:00+00:00,1779606000000,657.61,658.59,654.3,656.99,39789.020000000004,579470.87,4.424e-05
2026-05-24 08:00:00+00:00,1779620400000,657.0,663.26,656.53,661.77,64966.0,584219.86,9.2e-07
2026-05-24 12:00:00+00:00,1779634800000,661.78,661.78,652.48,655.9,83813.18000000001,582368.05,9.4e-05
2026-05-24 16:00:00+00:00,1779649200000,655.91,658.2,655.09,656.45,39595.32,584966.73,4.286e-05
2026-05-24 20:00:00+00:00,1779663600000,656.45,658.1,650.0,656.87,74722.04000000001,585376.25,5e-08
2026-05-25 00:00:00+00:00,1779678000000,656.88,660.3,656.06,657.38,42198.96,588366.25,0.0
2026-05-25 04:00:00+00:00,1779692400000,657.39,662.5,656.77,662.32,56549.57,587794.53,6.671e-05
2026-05-25 08:00:00+00:00,1779706800000,662.33,663.84,660.95,662.69,50235.21,589978.14,0.00011366
2026-05-25 12:00:00+00:00,1779721200000,662.7,673.51,662.52,668.08,200364.84999999998,599031.53,4.691e-05
2026-05-25 16:00:00+00:00,1779735600000,668.09,668.67,661.26,662.78,100270.83,598279.71,3.531e-05
2026-05-25 20:00:00+00:00,1779750000000,662.78,663.74,660.64,663.47,52941.83,595106.19,5.348e-05
2026-05-26 00:00:00+00:00,1779764400000,663.47,664.22,656.34,658.3,87041.98,592648.3,3e-07
2026-05-26 04:00:00+00:00,1779778800000,658.3,660.23,655.6,658.0,57986.55,591900.57,3e-07
2026-05-26 08:00:00+00:00,1779793200000,658.0,664.98,656.59,662.82,74271.08,587680.54,0.0
2026-05-26 12:00:00+00:00,1779807600000,662.81,668.5,657.63,660.59,129907.88,588221.72,2.772e-05
2026-05-26 16:00:00+00:00,1779822000000,660.59,661.42,653.76,657.55,83199.27,589141.75,8.54e-06
2026-05-26 20:00:00+00:00,1779836400000,657.56,658.3,655.47,656.78,29723.59,588649.96,3.134e-05
2026-05-27 00:00:00+00:00,1779850800000,656.79,659.68,654.01,654.76,44810.0,588382.09,3.765e-05
2026-05-27 04:00:00+00:00,1779865200000,654.76,655.15,650.97,653.78,52787.36,590237.5,7.432e-05
2026-05-27 08:00:00+00:00,1779879600000,653.78,656.13,652.67,654.29,43913.96,590095.4,4.104e-05
2026-05-27 12:00:00+00:00,1779894000000,654.29,658.81,650.5,658.2,99797.75,587251.06,6.759e-05
2026-05-27 16:00:00+00:00,1779908400000,658.2,660.44,650.61,653.85,69661.15,589581.39,9.964e-05
2026-05-27 20:00:00+00:00,1779922800000,653.86,655.42,646.86,649.1,69815.59,587592.66,5.788e-05
2026-05-28 00:00:00+00:00,1779937200000,649.09,649.87,637.01,638.01,135751.99,587600.46,9e-08
2026-05-28 04:00:00+00:00,1779951600000,638.01,638.15,631.52,635.12,151039.3,592974.48,9e-08
2026-05-28 08:00:00+00:00,1779966000000,635.13,635.51,631.69,633.05,76618.03,599244.16,0.0
2026-05-28 12:00:00+00:00,1779980400000,633.05,636.94,628.42,635.01,124649.04999999999,596385.16,0.0
2026-05-28 16:00:00+00:00,1779994800000,635.01,642.96,633.67,640.08,71318.27,585793.62,0.0
2026-05-28 20:00:00+00:00,1780009200000,640.08,642.99,638.04,638.66,42435.259999999995,581264.82,7.032e-05
2026-05-29 00:00:00+00:00,1780023600000,638.65,640.0,634.15,635.9,55636.39,581731.21,8.391e-05
2026-05-29 04:00:00+00:00,1780038000000,635.89,639.79,634.8,637.23,38813.27,582336.17,1.4e-07
2026-05-29 08:00:00+00:00,1780052400000,637.23,641.5,635.35,637.41,55397.08,585053.45,0.0
2026-05-29 12:00:00+00:00,1780066800000,637.41,643.63,631.15,640.22,130129.18,588204.52,9.1e-06
2026-05-29 16:00:00+00:00,1780081200000,640.22,645.34,637.71,641.78,96029.22,590882.2,6.224e-05
2026-05-29 20:00:00+00:00,1780095600000,641.77,644.18,641.74,643.5,33112.130000000005,592684.2,3.823e-05
2026-05-30 00:00:00+00:00,1780110000000,643.51,661.5,643.02,658.61,192839.97,621073.76,8.443e-05
2026-05-30 04:00:00+00:00,1780124400000,658.61,674.77,656.8,673.45,219859.47999999998,638733.18,0.00010904
2026-05-30 08:00:00+00:00,1780138800000,673.45,677.68,669.76,674.19,175017.64,658924.67,0.00013784
2026-05-30 12:00:00+00:00,1780153200000,674.2,695.73,671.2,694.99,359708.31999999995,697605.74,0.00011921
2026-05-30 16:00:00+00:00,1780167600000,694.99,726.0,694.82,721.56,867012.18,770522.4,0.00013424
2026-05-30 20:00:00+00:00,1780182000000,721.56,729.99,706.17,719.01,473179.67,761085.41,1.96e-06
2026-05-31 00:00:00+00:00,1780196400000,719.01,746.59,719.01,740.2,596341.48,793129.96,0.0
2026-05-31 04:00:00+00:00,1780210800000,740.2,742.51,717.04,720.2,501923.77,780569.83,0.0
2026-05-31 08:00:00+00:00,1780225200000,720.2,725.94,717.53,723.35,258945.35,777108.97,2.971e-05
2026-05-31 12:00:00+00:00,1780239600000,723.34,734.33,717.23,721.25,382231.66,765218.27,1.73e-06
2026-05-31 16:00:00+00:00,1780254000000,721.26,722.52,702.1,709.01,414667.95,723955.23,6e-08
2026-05-31 20:00:00+00:00,1780268400000,709.02,715.21,706.65,710.91,146136.87,720105.32,6e-08
2026-06-01 00:00:00+00:00,1780282800000,710.91,717.41,693.2,704.11,400503.58,698816.68,0.0
2026-06-01 04:00:00+00:00,1780297200000,704.11,706.05,685.21,686.58,328359.49,688787.82,9.172e-05
2026-06-01 08:00:00+00:00,1780311600000,686.58,731.4,685.72,697.5,1065633.5,728649.5,7.545e-05
2026-06-01 12:00:00+00:00,1780326000000,697.5,698.94,674.61,677.91,525362.37,693396.01,1.9e-07
2026-06-01 16:00:00+00:00,1780340400000,677.92,696.53,674.15,696.38,245612.18,685614.47,0.0
2026-06-01 20:00:00+00:00,1780354800000,696.38,702.0,688.67,693.45,167930.95,682481.35,0.0
2026-06-02 00:00:00+00:00,1780369200000,693.46,696.0,681.55,694.1,211034.32,675737.81,7.17e-06
2026-06-02 04:00:00+00:00,1780383600000,694.1,694.69,680.72,682.34,167165.89,671180.79,3.771e-05
2026-06-02 08:00:00+00:00,1780398000000,682.33,685.49,675.87,678.56,156569.56,672928.71,8.415e-05
2026-06-02 12:00:00+00:00,1780412400000,678.55,680.64,658.53,663.67,442792.05000000005,649724.54,0.0001285
2026-06-02 16:00:00+00:00,1780426800000,663.68,672.0,652.16,660.62,258867.33,648160.41,0.00010454
2026-06-02 20:00:00+00:00,1780441200000,660.61,663.73,642.49,651.07,240542.97,633489.36,3.437e-05
2026-06-03 00:00:00+00:00,1780455600000,651.08,657.9,631.01,634.29,241166.52000000002,639080.75,8.642e-05
2026-06-03 04:00:00+00:00,1780470000000,634.29,647.15,633.21,644.33,229283.62,635151.48,6.17e-05
2026-06-03 08:00:00+00:00,1780484400000,644.33,646.5,637.44,637.73,125207.98000000001,628110.5,1.25e-05
2026-06-03 12:00:00+00:00,1780498800000,637.74,639.67,630.3,633.4,209316.64,639346.57,3.568e-05
2026-06-03 16:00:00+00:00,1780513200000,633.4,633.98,620.27,623.06,261460.09,621153.87,2.837e-05
2026-06-03 20:00:00+00:00,1780527600000,623.06,630.42,616.33,620.98,177766.98,613993.62,1.08e-06
2026-06-04 00:00:00+00:00,1780542000000,620.97,624.94,590.26,619.28,492554.88,604520.15,0.0
2026-06-04 04:00:00+00:00,1780556400000,619.29,621.73,599.44,600.48,286873.62,619294.06,5.166e-05
2026-06-04 08:00:00+00:00,1780570800000,600.49,604.04,588.33,595.61,246833.55,614233.59,1.767e-05
2026-06-04 12:00:00+00:00,1780585200000,595.6,609.97,594.19,606.68,200013.01,602654.19,5.1e-07
2026-06-04 16:00:00+00:00,1780599600000,606.69,610.84,599.56,606.75,116494.05,602657.22,2.536e-05
2026-06-04 20:00:00+00:00,1780614000000,606.75,607.98,598.09,604.85,107853.75,603043.4,4.5e-07
2026-06-05 00:00:00+00:00,1780628400000,604.84,608.35,591.61,595.98,202825.44,604506.11,0.0
2026-06-05 04:00:00+00:00,1780642800000,595.99,603.25,570.32,593.4,492855.13,581537.74,0.0
2026-06-05 08:00:00+00:00,1780646400000,593.4,593.44,585.72,587.15,49876.2,581701.96,0.0
