datetime,timestamp,open,high,low,close,volume,open_interest,funding_rate
2025-01-01 00:00:00+00:00,1735700400000,3336.58,3368.02,3334.76,3354.34,174527.965,1583720.728,0.0001
2025-01-01 04:00:00+00:00,1735714800000,3354.35,3355.77,3335.46,3345.84,142619.663,1592949.527,0.0001
2025-01-01 08:00:00+00:00,1735729200000,3345.83,3348.0,3312.62,3340.06,283676.06200000003,1607527.198,0.0001
2025-01-01 12:00:00+00:00,1735743600000,3340.06,3359.09,3327.0,3352.07,258804.255,1618481.163,0.0001
2025-01-01 16:00:00+00:00,1735758000000,3352.06,3364.3,3321.11,3356.23,219892.77899999998,1626621.581,0.0001
2025-01-01 20:00:00+00:00,1735772400000,3356.21,3374.14,3351.0,3359.36,191759.116,1613218.516,0.0001
2025-01-02 00:00:00+00:00,1735786800000,3359.35,3405.0,3353.5,3388.0,298784.114,1606860.891,0.0001
2025-01-02 04:00:00+00:00,1735801200000,3388.01,3427.7,3387.4,3419.69,300874.409,1623001.712,0.0001
2025-01-02 08:00:00+00:00,1735815600000,3419.7,3476.17,3414.18,3470.57,402906.95499999996,1640181.192,0.0001
2025-01-02 12:00:00+00:00,1735830000000,3470.58,3511.14,3439.57,3462.76,744897.9110000001,1616940.646,0.0001
2025-01-02 16:00:00+00:00,1735844400000,3462.75,3488.87,3428.0,3462.32,452605.787,1615382.311,0.0001
2025-01-02 20:00:00+00:00,1735858800000,3462.32,3474.9,3420.0,3454.83,210011.10499999998,1605674.646,0.0001
2025-01-03 00:00:00+00:00,1735873200000,3454.83,3476.48,3442.1,3469.33,237589.606,1616815.592,0.0001
2025-01-03 04:00:00+00:00,1735887600000,3469.33,3470.1,3431.01,3432.62,224937.145,1605310.168,0.0001
2025-01-03 08:00:00+00:00,1735902000000,3432.62,3466.54,3421.56,3464.73,235019.049,1598420.289,0.0001
2025-01-03 12:00:00+00:00,1735916400000,3464.74,3578.19,3460.0,3564.32,826976.603,1628577.989,0.0001
2025-01-03 16:00:00+00:00,1735930800000,3564.32,3630.0,3564.31,3621.91,690547.8189999999,1635820.907,0.0001
2025-01-03 20:00:00+00:00,1735945200000,3621.9,3623.21,3594.22,3607.89,275757.552,1647344.291,0.0001
2025-01-04 00:00:00+00:00,1735959600000,3607.9,3619.9,3581.44,3597.19,202783.463,1644055.34,0.0001
2025-01-04 04:00:00+00:00,1735974000000,3597.19,3609.83,3583.11,3593.04,158721.532,1632124.463,0.0001
2025-01-04 08:00:00+00:00,1735988400000,3593.05,3609.54,3570.66,3601.16,262095.459,1619176.778,0.0001
2025-01-04 12:00:00+00:00,1736002800000,3601.17,3664.0,3589.54,3606.44,649965.775,1628440.882,0.0001
2025-01-04 16:00:00+00:00,1736017200000,3606.44,3643.73,3600.3,3629.91,219313.517,1628645.763,0.0001
2025-01-04 20:00:00+00:00,1736031600000,3629.92,3670.0,3629.91,3655.99,236302.85700000002,1631169.005,0.0001
2025-01-05 00:00:00+00:00,1736046000000,3655.98,3674.71,3627.77,3636.61,178497.371,1624060.668,0.0001
2025-01-05 04:00:00+00:00,1736060400000,3636.61,3648.09,3626.83,3630.38,109673.22600000001,1626014.42,0.0001
2025-01-05 08:00:00+00:00,1736074800000,3630.37,3632.1,3602.08,3612.56,259595.339,1624370.929,0.0001
2025-01-05 12:00:00+00:00,1736089200000,3612.56,3637.79,3592.14,3628.45,343813.853,1640729.41,0.0001
2025-01-05 16:00:00+00:00,1736103600000,3628.45,3647.42,3611.25,3636.92,212145.933,1633100.082,0.0001
2025-01-05 20:00:00+00:00,1736118000000,3636.91,3656.29,3627.33,3634.96,166347.983,1631573.763,0.0001
2025-01-06 00:00:00+00:00,1736132400000,3634.96,3684.25,3609.0,3663.93,439461.924,1624231.245,0.0001
2025-01-06 04:00:00+00:00,1736146800000,3663.93,3698.0,3640.84,3649.39,340687.514,1629348.702,0.0001
2025-01-06 08:00:00+00:00,1736161200000,3649.39,3663.08,3631.34,3653.71,246668.53100000002,1632404.986,0.0001
2025-01-06 12:00:00+00:00,1736175600000,3653.71,3714.0,3620.74,3712.99,809441.74,1631859.27,0.0001
2025-01-06 16:00:00+00:00,1736190000000,3712.99,3744.28,3653.88,3686.47,648021.032,1607212.189,0.0001
2025-01-06 20:00:00+00:00,1736204400000,3686.46,3702.99,3665.38,3685.72,201781.217,1604855.099,0.0001
2025-01-07 00:00:00+00:00,1736218800000,3685.72,3700.31,3661.97,3681.49,200582.524,1605966.666,0.0001
2025-01-07 04:00:00+00:00,1736233200000,3681.49,3685.53,3657.4,3666.61,147741.475,1616498.383,0.0001
2025-01-07 08:00:00+00:00,1736247600000,3666.61,3678.52,3625.0,3638.55,322768.19,1620148.033,0.0001
2025-01-07 12:00:00+00:00,1736262000000,3638.55,3644.9,3409.0,3461.21,1785243.892,1621611.731,0.0001
2025-01-07 16:00:00+00:00,1736276400000,3461.21,3490.89,3363.0,3384.36,1071232.0729999999,1622559.689,0.0001
2025-01-07 20:00:00+00:00,1736290800000,3384.36,3412.82,3353.59,3379.38,535089.353,1635488.027,9.658e-05
2025-01-08 00:00:00+00:00,1736305200000,3379.37,3413.55,3340.01,3359.32,460814.225,1640683.292,8.147e-05
2025-01-08 04:00:00+00:00,1736319600000,3359.33,3372.62,3306.01,3353.19,663845.618,1656055.068,0.0001
2025-01-08 08:00:00+00:00,1736334000000,3353.19,3376.54,3321.6,3348.5,475095.283,1642097.243,0.0001
2025-01-08 12:00:00+00:00,1736348400000,3348.5,3384.9,3331.0,3346.0,620307.9010000001,1656941.835,0.0001
2025-01-08 16:00:00+00:00,1736362800000,3346.0,3347.07,3206.54,3279.47,1432501.97,1632497.078,0.0001
2025-01-08 20:00:00+00:00,1736377200000,3279.46,3333.65,3265.0,3325.38,306693.7,1635671.271,6.675e-05
2025-01-09 00:00:00+00:00,1736391600000,3325.38,3355.85,3305.52,3323.6,410830.923,1623410.117,7.538e-05
2025-01-09 04:00:00+00:00,1736406000000,3323.6,3342.4,3280.64,3288.18,347192.79,1631805.799,0.0001
2025-01-09 08:00:00+00:00,1736420400000,3288.17,3326.88,3264.77,3300.35,509098.417,1641324.512,0.0001
2025-01-09 12:00:00+00:00,1736434800000,3300.34,3337.64,3208.34,3318.79,960677.736,1653518.782,0.0001
2025-01-09 16:00:00+00:00,1736449200000,3318.8,3326.39,3180.8,3193.65,796218.361,1657776.9,8.046e-05
2025-01-09 20:00:00+00:00,1736463600000,3193.66,3238.44,3156.0,3218.24,615844.42,1637456.167,7.566e-05
2025-01-10 00:00:00+00:00,1736478000000,3218.24,3259.24,3212.62,3253.05,268734.137,1640579.669,6.571e-05
2025-01-10 04:00:00+00:00,1736492400000,3253.05,3312.55,3241.12,3294.65,376479.56999999995,1622577.188,6.112e-05
2025-01-10 08:00:00+00:00,1736506800000,3294.65,3320.0,3286.36,3309.74,281295.657,1608614.192,8.409e-05
2025-01-10 12:00:00+00:00,1736521200000,3309.75,3315.96,3193.43,3243.7,1260730.298,1613214.199,0.0001
2025-01-10 16:00:00+00:00,1736535600000,3243.69,3323.0,3230.18,3293.8,597122.705,1611282.845,6.777e-05
2025-01-10 20:00:00+00:00,1736550000000,3293.8,3293.8,3255.19,3265.52,176432.21300000002,1616074.688,6.574e-05
2025-01-11 00:00:00+00:00,1736564400000,3265.51,3268.98,3230.01,3235.98,180637.121,1640238.391,8.575e-05
2025-01-11 04:00:00+00:00,1736578800000,3235.98,3249.5,3223.56,3234.66,152866.022,1636499.683,5.626e-05
2025-01-11 08:00:00+00:00,1736593200000,3234.66,3279.68,3217.36,3272.7,317779.465,1663943.96,0.0001
2025-01-11 12:00:00+00:00,1736607600000,3272.69,3282.5,3256.97,3270.07,187501.19,1658621.226,0.0001
2025-01-11 16:00:00+00:00,1736622000000,3270.06,3283.17,3257.54,3277.47,141999.883,1651618.15,0.0001
2025-01-11 20:00:00+00:00,1736636400000,3277.46,3319.3,3274.61,3281.84,202024.15000000002,1641430.86,0.0001
2025-01-12 00:00:00+00:00,1736650800000,3281.85,3290.35,3273.0,3285.27,98733.386,1649052.314,0.0001
2025-01-12 04:00:00+00:00,1736665200000,3285.27,3288.61,3262.0,3265.74,119890.329,1660649.867,0.0001
2025-01-12 08:00:00+00:00,1736679600000,3265.73,3270.6,3222.4,3251.78,372994.428,1668538.346,6.778e-05
2025-01-12 12:00:00+00:00,1736694000000,3251.78,3294.91,3246.51,3284.39,322335.734,1640520.267,8.061e-05
2025-01-12 16:00:00+00:00,1736708400000,3284.39,3299.0,3267.23,3279.12,189826.451,1628026.483,0.0001
2025-01-12 20:00:00+00:00,1736722800000,3279.11,3288.57,3232.58,3265.7,245076.152,1624155.263,0.0001
2025-01-13 00:00:00+00:00,1736737200000,3265.7,3338.32,3234.01,3241.14,753425.3420000001,1636203.888,0.0001
2025-01-13 04:00:00+00:00,1736751600000,3241.14,3259.77,3179.49,3200.53,526464.971,1662981.662,9.353e-05
2025-01-13 08:00:00+00:00,1736766000000,3200.54,3205.0,3055.0,3056.82,1253297.471,1679065.478,-0.00016102
2025-01-13 12:00:00+00:00,1736780400000,3056.81,3090.3,2900.0,3047.37,2183311.581,1604033.996,3.402e-05
2025-01-13 16:00:00+00:00,1736794800000,3047.38,3058.8,2985.0,3023.97,803120.658,1600889.668,5.899e-05
2025-01-13 20:00:00+00:00,1736809200000,3023.96,3142.28,3010.27,3136.14,587100.307,1573123.277,5.423e-05
2025-01-14 00:00:00+00:00,1736823600000,3136.13,3174.23,3123.47,3157.58,360723.86,1561717.202,5.905e-05
2025-01-14 04:00:00+00:00,1736838000000,3157.58,3189.0,3156.0,3170.39,309052.91599999997,1538179.776,7.452e-05
2025-01-14 08:00:00+00:00,1736852400000,3170.39,3255.84,3168.02,3216.22,611908.825,1534569.031,9.745e-05
2025-01-14 12:00:00+00:00,1736866800000,3216.21,3232.99,3177.23,3197.87,773056.996,1534324.93,7.652e-05
2025-01-14 16:00:00+00:00,1736881200000,3197.87,3235.0,3171.02,3212.8,431259.957,1518860.54,6.432e-05
2025-01-14 20:00:00+00:00,1736895600000,3212.79,3239.46,3193.02,3223.99,228402.81,1516985.69,4.563e-05
2025-01-15 00:00:00+00:00,1736910000000,3223.99,3244.15,3203.4,3239.99,295811.449,1520841.182,4.773e-05
2025-01-15 04:00:00+00:00,1736924400000,3239.99,3251.69,3213.55,3231.3,282172.228,1512710.498,5.973e-05
2025-01-15 08:00:00+00:00,1736938800000,3231.3,3247.64,3185.33,3198.4,371300.983,1517655.965,7.505e-05
2025-01-15 12:00:00+00:00,1736953200000,3198.41,3353.0,3185.09,3332.95,1142496.701,1535511.713,5.443e-05
2025-01-15 16:00:00+00:00,1736967600000,3332.96,3442.08,3322.83,3433.76,715985.66,1536263.396,8.884e-05
2025-01-15 20:00:00+00:00,1736982000000,3433.76,3472.93,3416.75,3449.8,484145.747,1530411.147,0.0001
2025-01-16 00:00:00+00:00,1736996400000,3449.81,3458.99,3343.76,3362.1,514376.981,1505083.02,0.0001
2025-01-16 04:00:00+00:00,1737010800000,3362.1,3389.89,3360.22,3382.42,227268.453,1500959.57,8.365e-05
2025-01-16 08:00:00+00:00,1737025200000,3382.42,3384.0,3297.7,3349.75,693450.315,1523260.739,3.216e-05
2025-01-16 12:00:00+00:00,1737039600000,3349.75,3364.06,3263.06,3332.0,967866.6410000001,1518628.975,5.161e-05
2025-01-16 16:00:00+00:00,1737054000000,3331.99,3365.0,3308.33,3343.36,472465.913,1524386.574,0.0001
2025-01-16 20:00:00+00:00,1737068400000,3343.35,3352.77,3266.3,3306.94,383329.44399999996,1513702.205,0.0001
2025-01-17 00:00:00+00:00,1737082800000,3306.93,3396.65,3306.41,3360.0,554376.405,1505038.449,0.0001
2025-01-17 04:00:00+00:00,1737097200000,3359.99,3389.11,3346.44,3371.36,273122.05,1518993.822,0.0001
2025-01-17 08:00:00+00:00,1737111600000,3371.37,3438.23,3370.83,3422.11,436415.184,1533372.077,0.0001
2025-01-17 12:00:00+00:00,1737126000000,3422.11,3450.0,3390.0,3420.44,661244.494,1541045.596,0.0001
2025-01-17 16:00:00+00:00,1737140400000,3420.44,3447.99,3406.0,3431.12,437664.723,1542722.48,0.0001
2025-01-17 20:00:00+00:00,1737154800000,3431.12,3524.85,3424.14,3472.38,665873.616,1564753.324,0.0001
2025-01-18 00:00:00+00:00,1737169200000,3472.38,3492.95,3366.34,3382.79,489900.418,1562893.192,7.834e-05
2025-01-18 04:00:00+00:00,1737183600000,3382.79,3394.62,3280.0,3286.42,931828.8829999999,1589997.921,0.0001
2025-01-18 08:00:00+00:00,1737198000000,3286.42,3323.74,3225.65,3310.54,1041662.209,1616152.076,0.0001
2025-01-18 12:00:00+00:00,1737212400000,3310.54,3346.99,3272.72,3305.99,766603.486,1604476.484,0.0001
2025-01-18 16:00:00+00:00,1737226800000,3305.99,3316.19,3246.72,3289.09,600054.463,1607097.918,0.0001
2025-01-18 20:00:00+00:00,1737241200000,3289.09,3320.97,3256.64,3306.7,260627.044,1604662.006,0.0001
2025-01-19 00:00:00+00:00,1737255600000,3306.71,3377.7,3297.7,3334.96,499968.097,1588342.322,0.0001
2025-01-19 04:00:00+00:00,1737270000000,3334.96,3337.31,3258.17,3275.02,552398.945,1586155.415,0.0001
2025-01-19 08:00:00+00:00,1737284400000,3275.02,3277.15,3129.63,3149.69,1233719.333,1628447.039,0.0001
2025-01-19 12:00:00+00:00,1737298800000,3149.7,3425.99,3144.07,3383.66,2009905.192,1641127.598,0.0001
2025-01-19 16:00:00+00:00,1737313200000,3383.66,3449.77,3377.56,3419.84,656060.0,1645988.057,0.0001
2025-01-19 20:00:00+00:00,1737327600000,3419.84,3432.98,3155.0,3214.15,1975076.538,1605419.371,0.0001
2025-01-20 00:00:00+00:00,1737342000000,3214.16,3280.0,3141.25,3271.38,1213420.668,1610352.245,0.0001
2025-01-20 04:00:00+00:00,1737356400000,3271.38,3455.76,3249.33,3383.33,1230989.383,1600029.693,0.0001
2025-01-20 08:00:00+00:00,1737370800000,3383.33,3412.9,3333.99,3375.67,763237.745,1583472.616,0.0001
2025-01-20 12:00:00+00:00,1737385200000,3375.68,3379.75,3255.0,3335.93,1212001.007,1566147.361,0.0001
2025-01-20 16:00:00+00:00,1737399600000,3335.95,3391.39,3200.0,3342.93,1742868.973,1569737.213,0.0001
2025-01-20 20:00:00+00:00,1737414000000,3342.95,3344.32,3255.01,3283.2,447017.078,1557117.413,0.0001
2025-01-21 00:00:00+00:00,1737428400000,3283.21,3289.47,3203.5,3262.23,632698.994,1557545.243,0.0001
2025-01-21 04:00:00+00:00,1737442800000,3262.24,3266.04,3210.09,3254.01,416201.919,1551359.063,0.0001
2025-01-21 08:00:00+00:00,1737457200000,3254.01,3313.29,3233.34,3304.39,425362.90599999996,1549780.506,0.0001
2025-01-21 12:00:00+00:00,1737471600000,3304.4,3334.98,3263.55,3294.15,681178.837,1554671.363,0.0001
2025-01-21 16:00:00+00:00,1737486000000,3294.15,3367.95,3289.18,3331.74,583369.502,1552903.643,0.0001
2025-01-21 20:00:00+00:00,1737500400000,3331.74,3346.66,3301.0,3326.72,294744.23699999996,1556514.132,0.0001
2025-01-22 00:00:00+00:00,1737514800000,3326.71,3365.97,3320.0,3330.48,283691.57300000003,1560054.063,0.0001
2025-01-22 04:00:00+00:00,1737529200000,3330.48,3339.4,3285.82,3286.9,236504.831,1560212.92,0.0001
2025-01-22 08:00:00+00:00,1737543600000,3286.91,3329.52,3272.5,3325.53,275117.85199999996,1569377.195,0.0001
2025-01-22 12:00:00+00:00,1737558000000,3325.52,3331.72,3266.01,3277.48,533789.749,1575860.7,0.0001
2025-01-22 16:00:00+00:00,1737572400000,3277.47,3291.39,3237.01,3261.51,393415.01399999997,1574830.126,0.0001
2025-01-22 20:00:00+00:00,1737586800000,3261.51,3276.25,3220.82,3242.0,301551.844,1577326.117,0.0001
2025-01-23 00:00:00+00:00,1737601200000,3241.99,3261.1,3202.62,3225.99,341233.19,1593879.789,0.0001
2025-01-23 04:00:00+00:00,1737615600000,3226.06,3232.43,3177.0,3232.07,325135.37600000005,1598094.798,0.0001
2025-01-23 08:00:00+00:00,1737630000000,3232.08,3232.43,3187.2,3212.79,275126.134,1606366.172,0.0001
2025-01-23 12:00:00+00:00,1737644400000,3212.79,3286.0,3188.53,3258.5,893550.014,1585147.576,0.0001
2025-01-23 16:00:00+00:00,1737658800000,3258.51,3296.99,3192.63,3203.48,656087.372,1585630.903,0.0001
2025-01-23 20:00:00+00:00,1737673200000,3203.48,3347.7,3195.51,3337.88,1044575.104,1627153.277,0.0001
2025-01-24 00:00:00+00:00,1737687600000,3337.87,3349.75,3273.94,3301.2,456796.456,1628991.868,0.0001
2025-01-24 04:00:00+00:00,1737702000000,3301.2,3420.74,3291.14,3380.58,668059.392,1656385.666,0.0001
2025-01-24 08:00:00+00:00,1737716400000,3380.59,3416.0,3374.61,3398.68,334090.503,1668092.638,0.0001
2025-01-24 12:00:00+00:00,1737730800000,3398.67,3429.99,3353.54,3382.62,619533.812,1639289.514,0.0001
2025-01-24 16:00:00+00:00,1737745200000,3382.61,3408.51,3362.94,3367.25,390516.55700000003,1628056.444,0.0001
2025-01-24 20:00:00+00:00,1737759600000,3367.26,3377.56,3302.01,3308.62,444001.208,1588408.306,6.881e-05
2025-01-25 00:00:00+00:00,1737774000000,3308.61,3324.18,3266.53,3318.0,353236.079,1578533.39,6.968e-05
2025-01-25 04:00:00+00:00,1737788400000,3318.01,3318.59,3281.7,3289.78,195084.834,1584504.093,7.096e-05
2025-01-25 08:00:00+00:00,1737802800000,3289.79,3310.6,3270.0,3305.5,233267.50900000002,1583911.871,8.638e-05
2025-01-25 12:00:00+00:00,1737817200000,3305.51,3343.83,3292.36,3332.87,286347.313,1582710.302,8.469e-05
2025-01-25 16:00:00+00:00,1737831600000,3332.88,3348.84,3328.7,3338.72,197427.132,1584052.914,6.403e-05
2025-01-25 20:00:00+00:00,1737846000000,3338.71,3349.8,3313.11,3317.91,148362.778,1573472.873,9.556e-05
2025-01-26 00:00:00+00:00,1737860400000,3317.91,3349.38,3312.37,3337.47,161804.423,1575640.73,0.0001
2025-01-26 04:00:00+00:00,1737874800000,3337.46,3363.0,3328.41,3337.52,169148.27,1575567.308,9.682e-05
2025-01-26 08:00:00+00:00,1737889200000,3337.52,3342.41,3290.68,3310.45,293992.118,1573500.779,6.085e-05
2025-01-26 12:00:00+00:00,1737903600000,3310.45,3319.94,3295.48,3313.61,180972.317,1572729.95,3.839e-05
2025-01-26 16:00:00+00:00,1737918000000,3313.61,3344.26,3305.65,3337.51,237997.087,1569738.032,5.804e-05
2025-01-26 20:00:00+00:00,1737932400000,3337.51,3341.34,3226.57,3230.5,550724.677,1530640.154,-1.93e-06
2025-01-27 00:00:00+00:00,1737946800000,3230.5,3253.19,3158.87,3182.11,774992.104,1553815.194,-9.9e-06
2025-01-27 04:00:00+00:00,1737961200000,3182.11,3182.11,3020.17,3069.13,1248919.676,1593382.219,3.975e-05
2025-01-27 08:00:00+00:00,1737975600000,3069.12,3089.0,3032.4,3057.48,609488.084,1604680.727,2.586e-05
2025-01-27 12:00:00+00:00,1737990000000,3057.49,3150.81,3051.96,3132.04,958372.1410000001,1588490.82,3.094e-05
2025-01-27 16:00:00+00:00,1738004400000,3132.04,3132.04,3043.53,3074.88,627107.5,1593228.478,0.0001
2025-01-27 20:00:00+00:00,1738018800000,3074.87,3238.0,3071.78,3180.99,720115.775,1534122.135,0.0001
2025-01-28 00:00:00+00:00,1738033200000,3181.0,3217.0,3150.26,3201.47,380872.154,1542493.869,8.125e-05
2025-01-28 04:00:00+00:00,1738047600000,3201.47,3221.98,3187.51,3194.62,282992.631,1547075.176,4.071e-05
2025-01-28 08:00:00+00:00,1738062000000,3194.63,3206.71,3175.0,3185.21,247037.68899999998,1534410.062,5.851e-05
2025-01-28 12:00:00+00:00,1738076400000,3185.21,3215.79,3154.28,3180.15,460464.952,1534560.939,5.829e-05
2025-01-28 16:00:00+00:00,1738090800000,3180.15,3181.81,3120.1,3146.55,517181.364,1535676.289,0.0001
2025-01-28 20:00:00+00:00,1738105200000,3146.54,3154.34,3038.0,3075.96,703024.7490000001,1565680.957,0.0001
2025-01-29 00:00:00+00:00,1738119600000,3075.96,3131.71,3075.18,3129.1,302685.52499999997,1563327.059,9.112e-05
2025-01-29 04:00:00+00:00,1738134000000,3129.1,3158.79,3115.0,3155.64,264201.74100000004,1558366.778,6.567e-05
2025-01-29 08:00:00+00:00,1738148400000,3155.65,3163.39,3117.53,3133.63,251892.396,1546150.742,0.0001
2025-01-29 12:00:00+00:00,1738162800000,3133.64,3138.95,3078.93,3099.69,506099.96599999996,1546559.485,8.692e-05
2025-01-29 16:00:00+00:00,1738177200000,3099.68,3153.92,3052.88,3125.08,884382.592,1552292.65,0.0001
2025-01-29 20:00:00+00:00,1738191600000,3125.08,3180.93,3088.74,3112.55,654204.389,1532032.709,2.258e-05
2025-01-30 00:00:00+00:00,1738206000000,3112.54,3202.68,3089.0,3200.3,432169.163,1538649.096,6.218e-05
2025-01-30 04:00:00+00:00,1738220400000,3200.29,3214.85,3177.0,3189.54,339248.953,1526428.09,0.0001
2025-01-30 08:00:00+00:00,1738234800000,3189.55,3228.99,3180.0,3221.16,304385.435,1537953.346,9.826e-05
2025-01-30 12:00:00+00:00,1738249200000,3221.16,3279.99,3207.86,3254.39,720323.171,1529110.777,7.152e-05
2025-01-30 16:00:00+00:00,1738263600000,3254.4,3282.6,3246.04,3270.07,340497.132,1534552.465,7.552e-05
2025-01-30 20:00:00+00:00,1738278000000,3270.08,3271.83,3225.25,3245.86,338753.72,1519167.279,9.412e-05
2025-01-31 00:00:00+00:00,1738292400000,3245.86,3279.72,3219.75,3229.54,343126.64999999997,1519063.022,9.174e-05
2025-01-31 04:00:00+00:00,1738306800000,3229.54,3276.65,3212.31,3239.99,356318.684,1525642.171,7.998e-05
2025-01-31 08:00:00+00:00,1738321200000,3240.0,3337.77,3232.05,3334.22,608633.085,1590402.94,0.0001
2025-01-31 12:00:00+00:00,1738335600000,3334.22,3427.8,3324.0,3426.21,1036268.5279999999,1622218.243,0.0001
2025-01-31 16:00:00+00:00,1738350000000,3426.21,3436.39,3292.16,3337.3,1178257.863,1587275.135,0.0001
2025-01-31 20:00:00+00:00,1738364400000,3337.31,3337.31,3277.01,3299.5,607680.104,1556912.321,8.42e-05
2025-02-01 00:00:00+00:00,1738378800000,3299.5,3330.82,3281.82,3291.01,310073.857,1558755.834,0.0001
2025-02-01 04:00:00+00:00,1738393200000,3291.02,3305.87,3271.0,3278.99,233707.755,1565392.647,9.742e-05
2025-02-01 08:00:00+00:00,1738407600000,3279.0,3285.48,3222.31,3250.54,525352.596,1562047.926,7.547e-05
2025-02-01 12:00:00+00:00,1738422000000,3250.54,3272.0,3227.0,3249.4,357170.055,1554180.551,3.584e-05
2025-02-01 16:00:00+00:00,1738436400000,3249.4,3266.0,3177.07,3195.18,491784.016,1541971.215,3.691e-05
2025-02-01 20:00:00+00:00,1738450800000,3195.18,3196.06,3100.67,3116.22,715520.433,1560245.311,7.576e-05
2025-02-02 00:00:00+00:00,1738465200000,3116.23,3161.86,3066.83,3076.48,617731.577,1588634.995,0.0001
2025-02-02 04:00:00+00:00,1738479600000,3076.48,3138.2,3072.84,3099.88,487613.54799999995,1604380.156,0.0001
2025-02-02 08:00:00+00:00,1738494000000,3099.87,3122.99,3050.0,3063.49,565024.8640000001,1600113.881,0.0001
2025-02-02 12:00:00+00:00,1738508400000,3063.5,3100.36,3049.01,3079.48,585822.041,1598182.28,2.626e-05
2025-02-02 16:00:00+00:00,1738522800000,3079.48,3080.38,2889.97,2957.76,2183867.866,1606128.44,3.954e-05
2025-02-02 20:00:00+00:00,1738537200000,2957.76,2987.32,2736.01,2868.05,1948736.206,1584991.506,3.31e-05
2025-02-03 00:00:00+00:00,1738551600000,2868.06,2871.8,2080.19,2525.33,5243093.308,1628043.054,1.807e-05
2025-02-03 04:00:00+00:00,1738566000000,2525.36,2629.91,2445.31,2619.27,1475372.405,1538439.363,-0.00016402
2025-02-03 08:00:00+00:00,1738580400000,2619.27,2619.58,2523.56,2579.43,1468837.515,1478602.322,-0.00019566
2025-02-03 12:00:00+00:00,1738594800000,2579.43,2725.8,2526.68,2698.75,2625991.935,1400577.173,-0.00025061
2025-02-03 16:00:00+00:00,1738609200000,2698.75,2768.87,2665.06,2762.26,1277480.193,1390364.682,-0.000244
2025-02-03 20:00:00+00:00,1738623600000,2762.39,2919.34,2693.62,2878.69,1512965.2820000001,1402354.085,-0.00010796
2025-02-04 00:00:00+00:00,1738638000000,2878.68,2888.8,2791.03,2809.42,644590.3489999999,1392171.907,4.909e-05
2025-02-04 04:00:00+00:00,1738652400000,2809.42,2835.75,2661.22,2702.36,1415418.108,1403570.018,1.07e-05
2025-02-04 08:00:00+00:00,1738666800000,2702.36,2787.83,2675.28,2756.95,821336.139,1426692.74,-4.792e-05
2025-02-04 12:00:00+00:00,1738681200000,2756.95,2844.68,2727.04,2775.6,1382312.4449999998,1422008.92,-8.104e-05
2025-02-04 16:00:00+00:00,1738695600000,2775.61,2868.3,2762.17,2768.85,938987.688,1401096.688,-9.247e-05
2025-02-04 20:00:00+00:00,1738710000000,2769.01,2792.93,2630.5,2730.03,1391126.31,1371413.583,-8.329e-05
2025-02-05 00:00:00+00:00,1738724400000,2730.06,2771.58,2697.95,2718.95,567330.3659999999,1347380.193,8e-06
2025-02-05 04:00:00+00:00,1738738800000,2718.93,2787.23,2707.14,2758.17,639824.53,1352552.908,5.752e-05
2025-02-05 08:00:00+00:00,1738753200000,2758.17,2817.98,2745.04,2798.58,613566.253,1349060.136,-3.928e-05
2025-02-05 12:00:00+00:00,1738767600000,2798.59,2827.98,2756.07,2772.12,751510.47,1343393.654,-2.452e-05
2025-02-05 16:00:00+00:00,1738782000000,2772.11,2787.34,2713.05,2774.5,912187.088,1322072.921,3.907e-05
2025-02-05 20:00:00+00:00,1738796400000,2774.5,2802.64,2736.29,2787.0,580471.841,1322046.12,4.904e-05
2025-02-06 00:00:00+00:00,1738810800000,2787.0,2818.45,2753.65,2805.17,430202.488,1325771.63,1.178e-05
2025-02-06 04:00:00+00:00,1738825200000,2805.18,2854.95,2804.76,2830.41,374849.38800000004,1333858.877,-5.33e-06
2025-02-06 08:00:00+00:00,1738839600000,2830.4,2857.43,2790.72,2802.02,554419.0900000001,1332809.764,-2.307e-05
2025-02-06 12:00:00+00:00,1738854000000,2802.02,2805.84,2680.32,2704.25,1060374.119,1323965.275,-7.747e-05
2025-02-06 16:00:00+00:00,1738868400000,2704.26,2726.09,2668.03,2689.0,788662.933,1309210.963,-1.327e-05
2025-02-06 20:00:00+00:00,1738882800000,2688.91,2724.48,2650.0,2685.25,469014.336,1297339.286,2.477e-05
2025-02-07 00:00:00+00:00,1738897200000,2685.26,2738.99,2678.0,2714.46,398087.059,1300382.563,-3.8e-06
2025-02-07 04:00:00+00:00,1738911600000,2714.47,2730.56,2666.7,2711.63,422940.897,1286919.167,2.918e-05
2025-02-07 08:00:00+00:00,1738926000000,2711.63,2763.88,2703.69,2761.34,367396.576,1290471.666,4.925e-05
2025-02-07 12:00:00+00:00,1738940400000,2761.34,2796.12,2707.66,2720.33,1224803.892,1282375.981,-1.204e-05
2025-02-07 16:00:00+00:00,1738954800000,2720.34,2728.83,2654.17,2657.82,755885.5029999999,1285662.966,-3.781e-05
2025-02-07 20:00:00+00:00,1738969200000,2657.81,2660.79,2560.68,2620.66,900566.348,1281085.336,-1.887e-05
2025-02-08 00:00:00+00:00,1738983600000,2620.66,2667.15,2614.22,2640.62,441432.361,1267383.255,3.965e-05
2025-02-08 04:00:00+00:00,1738998000000,2640.62,2647.9,2592.72,2628.33,415632.69299999997,1274831.861,9.632e-05
2025-02-08 08:00:00+00:00,1739012400000,2628.33,2631.68,2600.33,2612.09,271229.988,1271747.469,8.217e-05
2025-02-08 12:00:00+00:00,1739026800000,2612.1,2635.68,2587.05,2604.06,371087.348,1282804.111,6.849e-05
2025-02-08 16:00:00+00:00,1739041200000,2604.06,2648.83,2588.43,2636.16,305316.541,1266665.388,5.205e-05
2025-02-08 20:00:00+00:00,1739055600000,2636.16,2644.33,2621.98,2630.99,137861.995,1256836.365,-2.65e-06
2025-02-09 00:00:00+00:00,1739070000000,2630.99,2698.0,2625.35,2677.16,354609.46699999995,1292485.307,2.13e-06
2025-02-09 04:00:00+00:00,1739084400000,2677.12,2677.88,2648.0,2661.3,187350.75,1298423.668,5.436e-05
2025-02-09 08:00:00+00:00,1739098800000,2661.3,2672.41,2650.11,2653.88,184436.25699999998,1296561.644,8.831e-05
2025-02-09 12:00:00+00:00,1739113200000,2653.88,2660.9,2610.0,2651.91,487954.855,1282659.545,5.04e-05
2025-02-09 16:00:00+00:00,1739127600000,2651.92,2665.78,2615.41,2622.71,268252.294,1285437.103,4.119e-05
2025-02-09 20:00:00+00:00,1739142000000,2622.7,2649.8,2518.12,2626.07,999519.554,1257925.356,9.49e-06
2025-02-10 00:00:00+00:00,1739156400000,2626.07,2657.73,2556.91,2624.72,760481.765,1249104.831,2.52e-06
2025-02-10 04:00:00+00:00,1739170800000,2624.72,2659.92,2617.19,2636.0,309901.96400000004,1253407.732,7.129e-05
2025-02-10 08:00:00+00:00,1739185200000,2636.0,2661.12,2633.42,2652.25,321598.039,1273647.393,5.905e-05
2025-02-10 12:00:00+00:00,1739199600000,2652.24,2685.65,2630.0,2657.31,659874.3960000001,1272059.303,5.396e-05
2025-02-10 16:00:00+00:00,1739214000000,2657.31,2692.99,2648.66,2670.87,465184.993,1281797.683,3.477e-05
2025-02-10 20:00:00+00:00,1739228400000,2670.87,2685.44,2650.1,2659.99,193602.296,1280053.43,-6.29e-06
2025-02-11 00:00:00+00:00,1739242800000,2659.99,2724.49,2659.36,2677.71,502164.189,1265330.929,9.82e-06
2025-02-11 04:00:00+00:00,1739257200000,2677.71,2723.99,2675.0,2710.68,411348.141,1285060.491,4.273e-05
2025-02-11 08:00:00+00:00,1739271600000,2710.67,2720.54,2690.0,2707.32,353774.378,1283389.987,4.058e-05
2025-02-11 12:00:00+00:00,1739286000000,2707.31,2709.05,2624.11,2661.16,793420.929,1275772.482,-1.202e-05
2025-02-11 16:00:00+00:00,1739300400000,2661.16,2669.69,2580.83,2588.46,697247.97,1272120.69,5.153e-05
2025-02-11 20:00:00+00:00,1739314800000,2588.45,2630.69,2552.88,2601.03,588378.347,1273225.225,6.17e-05
2025-02-12 00:00:00+00:00,1739329200000,2601.03,2623.4,2566.9,2586.01,371405.566,1273559.474,3.096e-05
2025-02-12 04:00:00+00:00,1739343600000,2586.0,2622.69,2575.97,2617.27,299794.613,1270301.796,3.36e-05
2025-02-12 08:00:00+00:00,1739358000000,2617.26,2638.86,2609.07,2625.94,436799.67500000005,1267996.585,6.957e-05
2025-02-12 12:00:00+00:00,1739372400000,2625.95,2664.68,2542.21,2605.99,1508857.466,1279588.31,8.407e-05
2025-02-12 16:00:00+00:00,1739386800000,2606.0,2682.87,2582.0,2677.17,787210.757,1263117.904,8.954e-05
2025-02-12 20:00:00+00:00,1739401200000,2677.17,2794.99,2668.28,2737.14,895653.816,1262314.813,9.557e-05
2025-02-13 00:00:00+00:00,1739415600000,2737.14,2756.51,2714.83,2743.54,341314.086,1275806.518,0.0001
2025-02-13 04:00:00+00:00,1739430000000,2743.54,2745.02,2670.5,2680.13,472519.965,1279301.816,0.0001
2025-02-13 08:00:00+00:00,1739444400000,2680.12,2687.6,2649.4,2654.7,476981.002,1280602.139,6.317e-05
2025-02-13 12:00:00+00:00,1739458800000,2654.7,2677.83,2612.08,2646.27,823485.526,1259067.928,1.093e-05
2025-02-13 16:00:00+00:00,1739473200000,2646.28,2661.23,2610.72,2639.75,500471.287,1252031.548,1.834e-05
2025-02-13 20:00:00+00:00,1739487600000,2639.75,2678.92,2639.15,2674.52,249732.351,1251967.551,2.42e-06
2025-02-14 00:00:00+00:00,1739502000000,2674.52,2720.7,2662.97,2714.0,334566.337,1239943.86,4.711e-05
2025-02-14 04:00:00+00:00,1739516400000,2713.99,2715.31,2688.02,2698.0,218681.226,1247387.808,8.246e-05
2025-02-14 08:00:00+00:00,1739530800000,2698.01,2715.76,2681.08,2684.0,331889.30799999996,1263108.948,0.0001
2025-02-14 12:00:00+00:00,1739545200000,2684.0,2746.6,2676.33,2733.34,666728.627,1285423.132,7.814e-05
2025-02-14 16:00:00+00:00,1739559600000,2733.35,2791.0,2708.25,2736.68,737787.4,1276825.663,7.556e-05
2025-02-14 20:00:00+00:00,1739574000000,2736.69,2750.0,2704.23,2724.74,423033.093,1258571.219,4.412e-05
2025-02-15 00:00:00+00:00,1739588400000,2724.75,2738.0,2702.45,2723.21,210787.647,1262079.931,2.975e-05
2025-02-15 04:00:00+00:00,1739602800000,2723.2,2732.73,2692.2,2696.37,219093.998,1268037.5,3.786e-05
2025-02-15 08:00:00+00:00,1739617200000,2696.36,2713.82,2694.12,2706.91,187621.713,1270051.905,4.77e-06
2025-02-15 12:00:00+00:00,1739631600000,2706.91,2712.99,2655.31,2689.86,340735.238,1264375.09,8.02e-06
2025-02-15 16:00:00+00:00,1739646000000,2689.85,2707.49,2677.35,2690.4,197199.114,1256537.594,3.521e-05
2025-02-15 20:00:00+00:00,1739660400000,2690.41,2703.4,2677.48,2691.73,131141.803,1251745.0,3.859e-05
2025-02-16 00:00:00+00:00,1739674800000,2691.74,2705.0,2686.0,2697.89,130959.091,1256064.156,2.617e-05
2025-02-16 04:00:00+00:00,1739689200000,2697.9,2726.27,2689.12,2694.39,244267.196,1270520.122,5.945e-05
2025-02-16 08:00:00+00:00,1739703600000,2694.39,2711.87,2688.0,2709.75,211456.532,1265901.79,4.741e-05
2025-02-16 12:00:00+00:00,1739718000000,2709.75,2711.45,2674.61,2692.96,310708.62799999997,1259643.606,3.758e-05
2025-02-16 16:00:00+00:00,1739732400000,2692.96,2702.7,2658.0,2682.28,297187.35,1251355.114,2.796e-05
2025-02-16 20:00:00+00:00,1739746800000,2682.28,2688.53,2643.75,2660.0,300164.793,1257228.074,3.661e-05
2025-02-17 00:00:00+00:00,1739761200000,2660.01,2683.2,2655.91,2670.83,202667.845,1263210.241,4.076e-05
2025-02-17 04:00:00+00:00,1739775600000,2670.83,2694.76,2632.81,2680.47,431187.175,1257274.08,5.626e-05
2025-02-17 08:00:00+00:00,1739790000000,2680.48,2773.93,2675.39,2753.93,839651.3219999999,1333600.061,0.0001
2025-02-17 12:00:00+00:00,1739804400000,2753.94,2848.76,2745.0,2754.74,1310627.917,1400879.259,0.0001
2025-02-17 16:00:00+00:00,1739818800000,2754.73,2764.28,2685.48,2716.38,966284.75,1308137.417,2.723e-05
2025-02-17 20:00:00+00:00,1739833200000,2716.37,2777.2,2714.95,2743.0,364073.16000000003,1300194.92,4.7e-05
2025-02-18 00:00:00+00:00,1739847600000,2742.99,2755.85,2706.09,2710.75,360308.454,1302250.503,4.03e-05
2025-02-18 04:00:00+00:00,1739862000000,2710.75,2716.86,2650.31,2671.01,638482.338,1301784.052,-1.595e-05
2025-02-18 08:00:00+00:00,1739876400000,2671.0,2705.45,2651.42,2678.14,473428.864,1308335.646,1.89e-06
2025-02-18 12:00:00+00:00,1739890800000,2678.13,2731.74,2656.84,2672.38,768086.902,1298096.644,5.532e-05
2025-02-18 16:00:00+00:00,1739905200000,2672.38,2683.82,2604.18,2628.8,953451.105,1315411.697,3.951e-05
2025-02-18 20:00:00+00:00,1739919600000,2628.87,2671.0,2616.88,2670.57,385829.81899999996,1323539.09,4.964e-05
2025-02-19 00:00:00+00:00,1739934000000,2670.56,2699.12,2654.82,2692.94,332333.658,1304814.674,6.525e-05
2025-02-19 04:00:00+00:00,1739948400000,2692.95,2716.62,2663.0,2707.0,411993.917,1300159.192,7.336e-05
2025-02-19 08:00:00+00:00,1739962800000,2707.0,2736.12,2703.2,2725.99,434409.489,1316119.461,4.326e-05
2025-02-19 12:00:00+00:00,1739977200000,2726.0,2730.62,2675.79,2695.59,608006.541,1304879.814,3.163e-05
2025-02-19 16:00:00+00:00,1739991600000,2695.59,2723.49,2693.19,2710.81,351325.94299999997,1298767.307,1.893e-05
2025-02-19 20:00:00+00:00,1740006000000,2710.81,2735.0,2704.66,2714.06,266494.933,1300016.842,-2.07e-06
2025-02-20 00:00:00+00:00,1740020400000,2714.06,2750.0,2708.21,2740.22,345072.582,1316799.459,3.459e-05
2025-02-20 04:00:00+00:00,1740034800000,2740.36,2758.53,2721.0,2728.88,295516.074,1329441.279,5.629e-05
2025-02-20 08:00:00+00:00,1740049200000,2728.87,2746.0,2723.72,2739.35,210223.414,1323355.1,5.612e-05
2025-02-20 12:00:00+00:00,1740063600000,2739.36,2770.5,2706.0,2711.25,747277.331,1324811.636,6.425e-05
2025-02-20 16:00:00+00:00,1740078000000,2711.24,2767.57,2705.64,2746.43,538281.0,1320269.359,9.02e-05
2025-02-20 20:00:00+00:00,1740092400000,2746.43,2759.96,2720.71,2736.87,227283.90099999998,1318439.617,3.658e-05
2025-02-21 00:00:00+00:00,1740106800000,2736.86,2748.76,2724.15,2743.15,211134.832,1325808.499,3.97e-05
2025-02-21 04:00:00+00:00,1740121200000,2743.16,2768.93,2743.15,2754.99,241653.963,1352904.429,6.62e-05
2025-02-21 08:00:00+00:00,1740135600000,2754.99,2830.88,2746.55,2787.2,791277.9789999999,1364034.412,4.353e-05
2025-02-21 12:00:00+00:00,1740150000000,2787.2,2845.0,2666.15,2722.25,2090338.6090000002,1342537.199,4.228e-05
2025-02-21 16:00:00+00:00,1740164400000,2722.25,2768.24,2624.24,2638.47,1959737.591,1349796.822,0.0001
2025-02-21 20:00:00+00:00,1740178800000,2638.48,2662.13,2614.76,2660.85,708165.039,1378562.888,3.254e-05
2025-02-22 00:00:00+00:00,1740193200000,2660.86,2687.44,2651.24,2673.91,404571.336,1389280.929,-5.765e-05
2025-02-22 04:00:00+00:00,1740207600000,2673.91,2696.29,2671.37,2682.8,234189.08,1386738.094,-1.427e-05
2025-02-22 08:00:00+00:00,1740222000000,2682.81,2753.06,2675.16,2731.91,646805.563,1378525.274,-1.108e-05
2025-02-22 12:00:00+00:00,1740236400000,2731.91,2785.0,2720.76,2774.62,501060.788,1393349.24,3.41e-05
2025-02-22 16:00:00+00:00,1740250800000,2774.61,2797.21,2755.55,2769.12,549846.7760000001,1406543.075,0.0001
2025-02-22 20:00:00+00:00,1740265200000,2769.13,2777.3,2758.0,2762.01,169198.152,1407450.559,9.72e-05
2025-02-23 00:00:00+00:00,1740279600000,2762.0,2774.6,2743.62,2751.68,268591.647,1409270.421,8.573e-05
2025-02-23 04:00:00+00:00,1740294000000,2751.68,2828.5,2745.11,2823.64,614485.451,1473336.28,3.83e-05
2025-02-23 08:00:00+00:00,1740308400000,2823.64,2831.0,2781.18,2796.42,557163.56,1476066.059,5.747e-05
2025-02-23 12:00:00+00:00,1740322800000,2796.42,2826.11,2771.85,2781.75,733998.49,1476478.096,2.15e-06
2025-02-23 16:00:00+00:00,1740337200000,2781.76,2823.24,2781.04,2806.77,407157.96599999996,1499301.181,4.341e-05
2025-02-23 20:00:00+00:00,1740351600000,2806.76,2860.9,2783.74,2818.54,523608.593,1483148.757,7.156e-05
2025-02-24 00:00:00+00:00,1740366000000,2818.54,2839.0,2710.0,2716.56,876127.6259999999,1430410.958,-8.83e-06
2025-02-24 04:00:00+00:00,1740380400000,2716.57,2734.68,2691.07,2720.41,724480.767,1425856.453,9.52e-06
2025-02-24 08:00:00+00:00,1740394800000,2720.42,2721.01,2662.0,2688.69,913050.519,1420070.51,2.764e-05
2025-02-24 12:00:00+00:00,1740409200000,2688.69,2695.75,2633.51,2657.59,1041831.8759999999,1437769.786,3.055e-05
2025-02-24 16:00:00+00:00,1740423600000,2657.59,2681.61,2621.0,2640.21,667869.312,1444459.768,4.143e-05
2025-02-24 20:00:00+00:00,1740438000000,2640.21,2662.71,2466.34,2512.27,1667804.361,1418963.934,-3.62e-05
2025-02-25 00:00:00+00:00,1740452400000,2512.26,2529.4,2456.75,2493.83,1265913.627,1440219.773,-3.23e-05
2025-02-25 04:00:00+00:00,1740466800000,2493.84,2511.85,2287.13,2366.83,2062087.137,1417355.303,4.71e-06
2025-02-25 08:00:00+00:00,1740481200000,2366.83,2438.25,2355.36,2432.39,1661065.4749999999,1411839.213,8.56e-06
2025-02-25 12:00:00+00:00,1740495600000,2432.38,2448.0,2360.65,2408.99,1513088.709,1404357.48,2.864e-05
2025-02-25 16:00:00+00:00,1740510000000,2409.0,2472.47,2382.39,2470.47,996057.215,1406862.453,8.225e-05
2025-02-25 20:00:00+00:00,1740524400000,2470.46,2532.89,2456.15,2494.45,708371.505,1381037.054,1.883e-05
2025-02-26 00:00:00+00:00,1740538800000,2494.46,2506.45,2470.33,2489.78,440793.245,1383771.177,2.413e-05
2025-02-26 04:00:00+00:00,1740553200000,2489.78,2505.76,2473.99,2482.67,385082.22900000005,1402231.334,6.162e-05
2025-02-26 08:00:00+00:00,1740567600000,2482.66,2494.62,2456.66,2463.71,492758.787,1395732.911,9.76e-06
2025-02-26 12:00:00+00:00,1740582000000,2463.71,2465.93,2368.29,2427.7,1600654.67,1420846.261,3.368e-05
2025-02-26 16:00:00+00:00,1740596400000,2427.7,2433.5,2264.0,2295.46,2309818.829,1399546.63,2.16e-05
2025-02-26 20:00:00+00:00,1740610800000,2295.45,2382.77,2252.78,2335.33,1367061.7179999999,1387311.499,8.449e-05
2025-02-27 00:00:00+00:00,1740625200000,2335.34,2370.36,2314.66,2331.01,588327.1020000001,1403058.719,9.568e-05
2025-02-27 04:00:00+00:00,1740639600000,2331.0,2373.16,2302.01,2355.38,653206.2860000001,1418670.491,0.0001
2025-02-27 08:00:00+00:00,1740654000000,2355.38,2381.44,2342.2,2352.76,572537.5109999999,1410433.846,7.898e-05
2025-02-27 12:00:00+00:00,1740668400000,2352.77,2361.53,2289.67,2322.32,1062078.129,1411817.99,4.957e-05
2025-02-27 16:00:00+00:00,1740682800000,2322.32,2336.96,2277.0,2291.2,752813.632,1397272.634,6.144e-05
2025-02-27 20:00:00+00:00,1740697200000,2291.2,2310.97,2229.0,2306.66,945125.104,1429677.743,4.097e-05
2025-02-28 00:00:00+00:00,1740711600000,2306.65,2313.24,2122.18,2146.41,2628166.5640000002,1391736.017,-1.423e-05
2025-02-28 04:00:00+00:00,1740726000000,2146.42,2155.86,2070.0,2104.89,2150017.597,1402411.841,1.118e-05
2025-02-28 08:00:00+00:00,1740740400000,2104.88,2151.06,2074.61,2124.47,1268381.598,1404979.292,1.311e-05
2025-02-28 12:00:00+00:00,1740754800000,2124.44,2227.77,2103.8,2221.64,1829509.223,1378255.524,1.249e-05
2025-02-28 16:00:00+00:00,1740769200000,2221.64,2255.4,2192.56,2229.34,995160.674,1356619.216,5.824e-05
2025-02-28 20:00:00+00:00,1740783600000,2229.41,2238.66,2197.35,2236.59,440740.088,1361520.025,4.853e-05
2025-03-01 00:00:00+00:00,1740798000000,2236.59,2274.34,2211.79,2261.69,551747.784,1359277.621,6.64e-06
2025-03-01 04:00:00+00:00,1740812400000,2261.6,2279.75,2223.2,2228.15,503160.301,1350479.479,-1.061e-05
2025-03-01 08:00:00+00:00,1740826800000,2228.15,2238.77,2170.2,2183.28,657196.417,1367399.631,9.47e-06
2025-03-01 12:00:00+00:00,1740841200000,2183.28,2186.6,2141.17,2172.34,765659.699,1395021.271,-9.01e-06
2025-03-01 16:00:00+00:00,1740855600000,2172.34,2233.69,2168.17,2222.13,571970.677,1393572.256,-9.59e-06
2025-03-01 20:00:00+00:00,1740870000000,2222.12,2234.99,2190.0,2216.6,423229.17100000003,1380612.511,3.185e-05
2025-03-02 00:00:00+00:00,1740884400000,2216.59,2230.34,2200.11,2219.4,407301.301,1380131.585,6.669e-05
2025-03-02 04:00:00+00:00,1740898800000,2219.39,2234.77,2217.1,2220.24,345510.503,1399452.821,6.221e-05
2025-03-02 08:00:00+00:00,1740913200000,2220.23,2260.61,2206.65,2237.75,593418.306,1387086.714,5.844e-05
2025-03-02 12:00:00+00:00,1740927600000,2237.76,2290.63,2170.09,2229.02,1794409.963,1393066.388,6.102e-05
2025-03-02 16:00:00+00:00,1740942000000,2229.02,2519.99,2211.68,2485.01,4096799.268,1411777.937,7.659e-05
2025-03-02 20:00:00+00:00,1740956400000,2485.0,2550.0,2478.76,2517.12,947758.141,1378874.637,-7.88e-06
2025-03-03 00:00:00+00:00,1740970800000,2517.12,2522.84,2417.6,2440.19,892611.631,1380876.416,4.534e-05
2025-03-03 04:00:00+00:00,1740985200000,2440.19,2457.08,2351.67,2385.85,887675.086,1374877.229,3.109e-05
2025-03-03 08:00:00+00:00,1740999600000,2385.85,2386.99,2321.0,2355.23,839464.496,1377195.175,4.36e-06
2025-03-03 12:00:00+00:00,1741014000000,2355.22,2388.44,2265.84,2286.33,1683642.5219999999,1374556.041,7.07e-06
2025-03-03 16:00:00+00:00,1741028400000,2286.32,2295.88,2094.76,2108.27,2251411.477,1359293.56,-4.21e-06
2025-03-03 20:00:00+00:00,1741042800000,2108.28,2172.71,2095.12,2148.22,1211305.911,1367510.231,-4.482e-05
2025-03-04 00:00:00+00:00,1741057200000,2148.21,2166.21,2001.09,2073.55,2168558.257,1404951.937,-5.311e-05
2025-03-04 04:00:00+00:00,1741071600000,2073.55,2121.32,2067.28,2079.67,848604.318,1407474.447,-3.784e-05
2025-03-04 08:00:00+00:00,1741086000000,2079.67,2117.44,2069.43,2100.37,666827.865,1412646.82,-2.293e-05
2025-03-04 12:00:00+00:00,1741100400000,2100.37,2158.19,2024.5,2073.79,2297228.441,1375257.405,2.03e-06
2025-03-04 16:00:00+00:00,1741114800000,2073.78,2174.0,1979.99,2171.68,2048958.98,1332960.954,1.173e-05
2025-03-04 20:00:00+00:00,1741129200000,2171.67,2221.77,2125.6,2170.51,1120998.341,1315780.64,6.403e-05
2025-03-05 00:00:00+00:00,1741143600000,2170.51,2192.0,2153.7,2159.7,531658.427,1307303.809,2.953e-05
2025-03-05 04:00:00+00:00,1741158000000,2159.72,2212.29,2156.93,2206.02,447278.913,1358040.754,7.064e-05
2025-03-05 08:00:00+00:00,1741172400000,2206.02,2272.94,2203.5,2216.6,1185649.613,1358758.708,3.165e-05
2025-03-05 12:00:00+00:00,1741186800000,2216.6,2232.0,2165.3,2185.61,1168834.9849999999,1375702.018,2.567e-05
2025-03-05 16:00:00+00:00,1741201200000,2185.61,2221.89,2160.47,2217.28,882382.1020000001,1360552.956,-1.51e-05
2025-03-05 20:00:00+00:00,1741215600000,2217.27,2252.2,2212.67,2240.45,411150.94200000004,1355634.474,-1.048e-05
2025-03-06 00:00:00+00:00,1741230000000,2240.44,2295.42,2232.16,2288.79,724542.535,1367233.046,2.29e-06
2025-03-06 04:00:00+00:00,1741244400000,2288.79,2318.99,2274.04,2285.21,562450.777,1379125.604,1.027e-05
2025-03-06 08:00:00+00:00,1741258800000,2285.2,2304.93,2275.37,2296.74,460802.03,1392513.472,2.182e-05
2025-03-06 12:00:00+00:00,1741273200000,2296.73,2297.81,2206.32,2256.41,1267404.932,1376474.886,2.685e-05
2025-03-06 16:00:00+00:00,1741287600000,2256.42,2264.58,2175.5,2197.12,984967.948,1362170.08,-2.301e-05
2025-03-06 20:00:00+00:00,1741302000000,2197.12,2229.29,2190.2,2201.34,574262.7,1367988.254,-2.539e-05
2025-03-07 00:00:00+00:00,1741316400000,2201.33,2226.45,2100.75,2147.21,1636759.5219999999,1390084.77,8.98e-06
2025-03-07 04:00:00+00:00,1741330800000,2147.2,2192.84,2143.41,2191.52,423307.92000000004,1386139.248,2.835e-05
2025-03-07 08:00:00+00:00,1741345200000,2191.51,2209.94,2176.05,2196.69,449966.19200000004,1385449.126,7.018e-05
2025-03-07 12:00:00+00:00,1741359600000,2196.7,2259.34,2164.37,2208.94,1570428.712,1371512.02,5.578e-05
2025-03-07 16:00:00+00:00,1741374000000,2208.95,2214.85,2139.83,2177.47,1126569.666,1367521.991,8.486e-05
2025-03-07 20:00:00+00:00,1741388400000,2177.45,2186.21,2113.1,2140.72,918643.527,1373050.197,3.072e-05
2025-03-08 00:00:00+00:00,1741402800000,2140.72,2155.37,2103.07,2137.07,462918.836,1386088.435,5.915e-05
2025-03-08 04:00:00+00:00,1741417200000,2137.07,2152.03,2130.42,2136.65,223761.421,1382468.29,3.743e-05
2025-03-08 08:00:00+00:00,1741431600000,2136.65,2142.5,2125.4,2140.89,267587.24600000004,1384092.525,2.59e-05
2025-03-08 12:00:00+00:00,1741446000000,2140.89,2198.0,2136.84,2180.41,708942.492,1403995.021,6.874e-05
2025-03-08 16:00:00+00:00,1741460400000,2180.41,2234.4,2160.2,2223.73,719441.763,1412163.284,9.523e-05
2025-03-08 20:00:00+00:00,1741474800000,2223.73,2225.15,2192.41,2202.84,284414.377,1416864.668,6.876e-05
2025-03-09 00:00:00+00:00,1741489200000,2202.83,2211.27,2175.01,2184.82,290717.702,1419550.752,6.552e-05
2025-03-09 04:00:00+00:00,1741503600000,2184.83,2196.28,2170.83,2184.07,245984.608,1423701.684,3.597e-05
2025-03-09 08:00:00+00:00,1741518000000,2184.07,2187.0,2127.02,2145.63,559864.638,1419551.605,1.92e-06
2025-03-09 12:00:00+00:00,1741532400000,2145.62,2146.06,2082.0,2095.86,908028.7880000001,1438135.474,-1.3e-07
2025-03-09 16:00:00+00:00,1741546800000,2095.85,2108.3,1995.83,2039.34,1900789.828,1413852.805,-7.877e-05
2025-03-09 20:00:00+00:00,1741561200000,2039.34,2055.64,1986.8,2019.2,887774.385,1412722.941,-4.247e-05
2025-03-10 00:00:00+00:00,1741575600000,2019.34,2069.81,1993.54,2056.82,803400.818,1414829.761,-9.9e-06
2025-03-10 04:00:00+00:00,1741590000000,2056.82,2078.55,2053.18,2074.2,361538.902,1420645.361,2.546e-05
2025-03-10 08:00:00+00:00,1741604400000,2074.2,2152.99,2046.75,2127.13,1466697.783,1381208.003,4.422e-05
2025-03-10 12:00:00+00:00,1741618800000,2127.13,2134.93,1995.47,2016.99,1987585.2880000002,1415840.579,3.433e-05
2025-03-10 16:00:00+00:00,1741633200000,2016.99,2024.29,1807.75,1868.66,3576857.634,1423002.057,3.822e-05
2025-03-10 20:00:00+00:00,1741647600000,1868.67,1903.0,1842.21,1864.51,1079099.741,1410222.596,-4.045e-05
2025-03-11 00:00:00+00:00,1741662000000,1864.52,1889.49,1752.5,1848.96,2458688.579,1404695.683,-6.65e-06
2025-03-11 04:00:00+00:00,1741676400000,1848.96,1913.49,1844.89,1903.11,989892.424,1411655.228,2.17e-05
2025-03-11 08:00:00+00:00,1741690800000,1903.07,1928.84,1898.7,1913.41,836386.218,1406870.263,-1.38e-06
2025-03-11 12:00:00+00:00,1741705200000,1913.4,1969.77,1839.41,1913.58,2978075.6720000003,1406840.61,7.635e-05
2025-03-11 16:00:00+00:00,1741719600000,1913.58,1962.45,1885.37,1950.66,1397086.418,1380153.988,4.567e-05
2025-03-11 20:00:00+00:00,1741734000000,1950.65,1954.6,1916.22,1922.61,475877.08499999996,1373388.518,1.698e-05
2025-03-12 00:00:00+00:00,1741748400000,1922.6,1932.0,1865.67,1867.95,825412.827,1374207.298,-1.347e-05
2025-03-12 04:00:00+00:00,1741762800000,1867.94,1915.99,1851.33,1910.47,1265101.841,1438571.755,1.107e-05
2025-03-12 08:00:00+00:00,1741777200000,1910.47,1955.9,1870.0,1915.83,2215768.611,1423324.118,5.816e-05
2025-03-12 12:00:00+00:00,1741791600000,1915.82,1946.0,1828.87,1868.55,2072651.0219999999,1451383.63,-3.413e-05
2025-03-12 16:00:00+00:00,1741806000000,1868.51,1893.5,1861.78,1877.19,741187.723,1419132.586,-1.144e-05
2025-03-12 20:00:00+00:00,1741820400000,1877.2,1914.72,1872.69,1907.24,383654.807,1413931.771,2.971e-05
2025-03-13 00:00:00+00:00,1741834800000,1907.23,1916.54,1880.99,1886.02,543679.65,1420664.672,4.552e-05
2025-03-13 04:00:00+00:00,1741849200000,1886.02,1890.76,1856.93,1871.21,644513.41,1462573.84,1.41e-06
2025-03-13 08:00:00+00:00,1741863600000,1871.2,1904.7,1852.18,1899.63,1046943.081,1487764.309,1.583e-05
2025-03-13 12:00:00+00:00,1741878000000,1899.62,1922.0,1863.0,1874.72,1414705.701,1459829.289,4.164e-05
2025-03-13 16:00:00+00:00,1741892400000,1874.72,1877.34,1820.2,1850.95,1064255.869,1462167.822,2.402e-05
2025-03-13 20:00:00+00:00,1741906800000,1850.94,1882.9,1838.03,1863.76,591786.0889999999,1435439.822,2.704e-05
2025-03-14 00:00:00+00:00,1741921200000,1863.75,1894.08,1860.41,1888.6,398077.30700000003,1415368.968,4.819e-05
2025-03-14 04:00:00+00:00,1741935600000,1888.59,1904.94,1886.8,1892.33,344211.224,1435415.655,7.733e-05
2025-03-14 08:00:00+00:00,1741950000000,1892.34,1908.2,1888.45,1901.51,412275.854,1441841.831,6.202e-05
2025-03-14 12:00:00+00:00,1741964400000,1901.51,1941.81,1873.0,1921.2,1362619.196,1460258.593,5.576e-05
2025-03-14 16:00:00+00:00,1741978800000,1921.2,1945.62,1913.12,1933.29,633844.235,1461154.895,3.589e-05
2025-03-14 20:00:00+00:00,1741993200000,1933.29,1934.01,1907.39,1910.79,343445.113,1453466.793,2.884e-05
2025-03-15 00:00:00+00:00,1742007600000,1910.78,1922.49,1902.47,1919.79,303992.931,1462881.697,4.146e-05
2025-03-15 04:00:00+00:00,1742022000000,1919.79,1934.77,1913.56,1916.86,325475.069,1477030.639,5.41e-05
2025-03-15 08:00:00+00:00,1742036400000,1916.85,1930.86,1911.4,1927.99,253953.46600000001,1491925.01,4.045e-05
2025-03-15 12:00:00+00:00,1742050800000,1928.0,1938.88,1921.6,1936.81,286966.475,1497542.6,1.248e-05
2025-03-15 16:00:00+00:00,1742065200000,1936.81,1948.0,1927.28,1936.0,408391.95499999996,1468573.913,-1.2e-05
2025-03-15 20:00:00+00:00,1742079600000,1936.0,1957.68,1935.1,1936.27,298934.454,1461386.745,-3.042e-05
2025-03-16 00:00:00+00:00,1742094000000,1936.26,1940.0,1915.22,1926.6,348656.47,1450994.151,-3.013e-05
2025-03-16 04:00:00+00:00,1742108400000,1926.6,1933.22,1920.49,1925.21,204431.59100000001,1452468.906,-2.386e-05
2025-03-16 08:00:00+00:00,1742122800000,1925.2,1926.18,1865.49,1872.61,831690.715,1444412.659,-2.195e-05
2025-03-16 12:00:00+00:00,1742137200000,1872.61,1897.72,1872.21,1894.22,567475.403,1441755.255,-2.942e-05
2025-03-16 16:00:00+00:00,1742151600000,1894.21,1923.9,1857.08,1881.77,845640.8659999999,1421338.699,1.014e-05
2025-03-16 20:00:00+00:00,1742166000000,1881.78,1897.64,1869.11,1885.97,369840.351,1417324.077,2.062e-05
2025-03-17 00:00:00+00:00,1742180400000,1885.96,1914.88,1885.41,1908.08,408471.728,1439614.38,7.433e-05
2025-03-17 04:00:00+00:00,1742194800000,1908.08,1912.38,1878.66,1900.13,393308.89300000004,1452778.038,5.631e-05
2025-03-17 08:00:00+00:00,1742209200000,1900.13,1918.0,1892.06,1909.71,358142.961,1475443.453,5.721e-05
2025-03-17 12:00:00+00:00,1742223600000,1909.72,1947.0,1886.29,1918.49,1007296.584,1472421.982,3.701e-05
2025-03-17 16:00:00+00:00,1742238000000,1918.5,1951.76,1906.44,1941.24,676889.798,1497249.002,4.591e-05
2025-03-17 20:00:00+00:00,1742252400000,1941.24,1949.2,1921.08,1925.37,363663.08900000004,1491656.143,5.327e-05
2025-03-18 00:00:00+00:00,1742266800000,1925.36,1929.57,1896.3,1900.27,527389.866,1463215.487,2.983e-05
2025-03-18 04:00:00+00:00,1742281200000,1900.26,1909.88,1892.9,1903.99,413808.556,1477279.84,4.096e-05
2025-03-18 08:00:00+00:00,1742295600000,1903.99,1912.3,1884.25,1891.54,465126.512,1506965.452,3.747e-05
2025-03-18 12:00:00+00:00,1742310000000,1891.54,1902.59,1871.14,1879.97,865397.803,1504703.386,1.499e-05
2025-03-18 16:00:00+00:00,1742324400000,1879.97,1907.8,1872.35,1903.53,552241.646,1507582.722,1.992e-05
2025-03-18 20:00:00+00:00,1742338800000,1903.53,1935.44,1897.73,1930.64,410522.554,1505396.742,5.978e-05
2025-03-19 00:00:00+00:00,1742353200000,1930.63,1948.5,1927.12,1937.73,570009.533,1532568.398,0.0001
2025-03-19 04:00:00+00:00,1742367600000,1937.73,1942.46,1929.39,1931.21,314671.141,1556093.116,9.037e-05
2025-03-19 08:00:00+00:00,1742382000000,1931.21,2032.73,1930.73,2026.99,1689486.816,1642527.361,0.0001
2025-03-19 12:00:00+00:00,1742396400000,2026.98,2056.48,1994.06,2047.87,1588823.025,1640242.027,6.807e-05
2025-03-19 16:00:00+00:00,1742410800000,2047.88,2065.9,1994.16,2029.91,1658908.3229999999,1598136.962,-3.1e-05
2025-03-19 20:00:00+00:00,1742425200000,2029.91,2069.69,2027.5,2055.21,562401.162,1608613.226,-1.71e-05
2025-03-20 00:00:00+00:00,1742439600000,2055.22,2067.15,2018.82,2021.85,544443.994,1606886.348,3.036e-05
2025-03-20 04:00:00+00:00,1742454000000,2021.85,2024.64,2003.7,2006.45,424949.911,1578594.036,1.631e-05
2025-03-20 08:00:00+00:00,1742468400000,2006.46,2020.57,1970.31,1988.4,961234.6989999999,1555930.262,4.75e-06
2025-03-20 12:00:00+00:00,1742482800000,1988.39,2009.74,1964.95,1971.06,1082975.701,1542125.337,-8.57e-06
2025-03-20 16:00:00+00:00,1742497200000,1971.03,1979.46,1951.15,1974.1,785249.134,1503345.242,4.444e-05
2025-03-20 20:00:00+00:00,1742511600000,1974.09,1984.2,1970.39,1982.72,234930.098,1503721.479,5.215e-05
2025-03-21 00:00:00+00:00,1742526000000,1982.72,1995.8,1971.6,1977.25,370621.437,1518485.987,5.867e-05
2025-03-21 04:00:00+00:00,1742540400000,1977.26,1989.02,1965.44,1976.0,360694.846,1532202.258,6.763e-05
2025-03-21 08:00:00+00:00,1742554800000,1976.0,1981.87,1955.79,1966.11,454693.405,1535306.087,6.34e-05
2025-03-21 12:00:00+00:00,1742569200000,1966.11,1973.0,1932.0,1949.63,889389.96,1557808.768,2.646e-05
2025-03-21 16:00:00+00:00,1742583600000,1949.58,1977.41,1945.0,1972.72,509532.12899999996,1541653.217,-1.049e-05
2025-03-21 20:00:00+00:00,1742598000000,1972.71,1982.42,1961.24,1964.81,247348.67,1531000.926,-1.467e-05
2025-03-22 00:00:00+00:00,1742612400000,1964.81,1986.72,1963.41,1985.0,342194.378,1533021.542,1.22e-06
2025-03-22 04:00:00+00:00,1742626800000,1985.0,1992.3,1982.08,1983.16,227786.565,1538776.768,-2.585e-05
2025-03-22 08:00:00+00:00,1742641200000,1983.15,2006.0,1980.4,1989.36,440844.143,1537695.763,-2.635e-05
2025-03-22 12:00:00+00:00,1742655600000,1989.35,1996.97,1980.3,1985.27,244659.968,1527976.724,2.608e-05
2025-03-22 16:00:00+00:00,1742670000000,1985.27,1999.55,1981.49,1994.99,204859.715,1533113.96,5.63e-05
2025-03-22 20:00:00+00:00,1742684400000,1994.98,2003.31,1973.13,1979.56,258571.258,1531678.183,1.559e-05
2025-03-23 00:00:00+00:00,1742698800000,1979.55,2008.92,1975.51,2007.53,309761.903,1561469.155,5.191e-05
2025-03-23 04:00:00+00:00,1742713200000,2007.53,2020.0,1990.94,2007.2,362109.684,1567596.917,6.128e-05
2025-03-23 08:00:00+00:00,1742727600000,2007.2,2019.87,2001.46,2006.97,377182.631,1572096.351,1.992e-05
2025-03-23 12:00:00+00:00,1742742000000,2006.97,2019.61,2001.2,2006.21,393245.383,1564018.599,-3.62e-06
2025-03-23 16:00:00+00:00,1742756400000,2006.22,2007.08,1985.71,1995.39,330836.537,1553448.277,-1.68e-05
2025-03-23 20:00:00+00:00,1742770800000,1995.4,2006.0,1978.78,2005.0,385312.338,1526350.987,-1.29e-05
2025-03-24 00:00:00+00:00,1742785200000,2005.0,2020.96,1976.46,2013.49,756911.747,1531520.672,-1.203e-05
2025-03-24 04:00:00+00:00,1742799600000,2013.48,2079.23,2013.48,2068.47,1089312.025,1587805.481,9.386e-05
2025-03-24 08:00:00+00:00,1742814000000,2068.48,2104.24,2067.93,2091.67,832640.706,1621575.385,9.957e-05
2025-03-24 12:00:00+00:00,1742828400000,2091.68,2101.9,2072.2,2088.8,933778.402,1614205.671,3.052e-05
2025-03-24 16:00:00+00:00,1742842800000,2088.79,2101.3,2066.38,2087.71,741455.857,1620351.206,4.609e-05
2025-03-24 20:00:00+00:00,1742857200000,2087.71,2094.44,2066.87,2080.41,313845.789,1623134.296,6.688e-05
2025-03-25 00:00:00+00:00,1742871600000,2080.4,2097.21,2040.4,2042.26,794386.9299999999,1602332.569,8.399e-05
2025-03-25 04:00:00+00:00,1742886000000,2042.26,2066.16,2036.0,2054.8,502510.26399999997,1607856.597,1.462e-05
2025-03-25 08:00:00+00:00,1742900400000,2054.8,2074.53,2052.33,2067.36,375092.262,1612167.701,2.37e-06
2025-03-25 12:00:00+00:00,1742914800000,2067.36,2079.16,2050.7,2066.46,764435.343,1582893.767,-4.81e-06
2025-03-25 16:00:00+00:00,1742929200000,2066.45,2083.21,2055.19,2074.65,468622.216,1558425.633,3.437e-05
2025-03-25 20:00:00+00:00,1742943600000,2074.65,2082.99,2052.2,2065.22,337106.253,1555380.804,2.982e-05
2025-03-26 00:00:00+00:00,1742958000000,2065.22,2077.7,2040.9,2048.08,497914.751,1547041.085,1.65e-06
2025-03-26 04:00:00+00:00,1742972400000,2048.07,2070.88,2046.46,2068.34,384951.288,1546759.693,1.074e-05
2025-03-26 08:00:00+00:00,1742986800000,2068.34,2074.85,2056.6,2067.44,378221.549,1549027.999,5.644e-05
2025-03-26 12:00:00+00:00,1743001200000,2067.43,2069.51,2005.0,2011.21,1256071.102,1593316.81,-2.29e-05
2025-03-26 16:00:00+00:00,1743015600000,2011.2,2021.48,1980.41,1998.9,898704.164,1590128.47,8.97e-06
2025-03-26 20:00:00+00:00,1743030000000,1998.9,2017.69,1990.01,2008.69,464182.087,1599498.191,4.48e-05
2025-03-27 00:00:00+00:00,1743044400000,2008.69,2036.88,2006.07,2030.5,498122.393,1555898.094,4.26e-05
2025-03-27 04:00:00+00:00,1743058800000,2030.5,2032.0,2020.21,2025.44,222635.209,1566475.075,7.434e-05
2025-03-27 08:00:00+00:00,1743073200000,2025.43,2035.0,2011.0,2015.3,518015.59400000004,1563309.079,8.051e-05
2025-03-27 12:00:00+00:00,1743087600000,2015.29,2025.43,1985.71,2004.57,1258185.4949999999,1532712.901,3.153e-05
2025-03-27 16:00:00+00:00,1743102000000,2004.58,2014.2,1992.48,2003.48,457851.76399999997,1522670.741,4.991e-05
2025-03-27 20:00:00+00:00,1743116400000,2003.48,2020.83,1998.27,2002.8,309737.998,1535246.952,6.547e-05
2025-03-28 00:00:00+00:00,1743130800000,2002.8,2015.09,1990.72,1999.02,468146.336,1554448.431,6.619e-05
2025-03-28 04:00:00+00:00,1743145200000,1999.02,2003.88,1896.7,1909.04,1820054.9810000001,1578069.761,-2.897e-05
2025-03-28 08:00:00+00:00,1743159600000,1909.04,1924.0,1854.2,1899.41,1172025.1639999999,1568941.785,-1.936e-05
2025-03-28 12:00:00+00:00,1743174000000,1899.41,1907.26,1870.51,1871.45,1204765.18,1563307.401,-1.163e-05
2025-03-28 16:00:00+00:00,1743188400000,1871.45,1886.76,1861.07,1873.34,667018.346,1565379.584,4.47e-05
2025-03-28 20:00:00+00:00,1743202800000,1873.34,1901.41,1872.6,1896.02,360194.677,1568299.146,3.76e-06
2025-03-29 00:00:00+00:00,1743217200000,1896.03,1912.94,1885.1,1898.95,527912.24,1558663.665,2.23e-05
2025-03-29 04:00:00+00:00,1743231600000,1898.94,1904.28,1874.16,1879.37,379071.315,1558254.192,4.472e-05
2025-03-29 08:00:00+00:00,1743246000000,1879.37,1886.58,1832.29,1843.71,1090356.163,1572910.652,7.079e-05
2025-03-29 12:00:00+00:00,1743260400000,1843.72,1862.76,1832.32,1839.22,662106.215,1585486.489,3.552e-05
2025-03-29 16:00:00+00:00,1743274800000,1839.28,1847.0,1796.13,1826.77,1336288.716,1543033.392,-1.511e-05
2025-03-29 20:00:00+00:00,1743289200000,1826.76,1829.57,1810.13,1827.32,389113.53599999996,1557063.118,-1.081e-05
2025-03-30 00:00:00+00:00,1743303600000,1827.31,1843.61,1811.35,1833.32,517641.308,1570709.152,-4.084e-05
2025-03-30 04:00:00+00:00,1743318000000,1833.31,1846.24,1831.55,1836.7,276141.074,1567378.992,-1.946e-05
2025-03-30 08:00:00+00:00,1743332400000,1836.69,1848.08,1824.78,1832.49,397027.426,1573219.216,-1.635e-05
2025-03-30 12:00:00+00:00,1743346800000,1832.49,1839.48,1782.0,1812.81,808086.885,1563166.293,1.191e-05
2025-03-30 16:00:00+00:00,1743361200000,1812.81,1834.57,1784.15,1813.38,967580.801,1564295.518,1.817e-05
2025-03-30 20:00:00+00:00,1743375600000,1813.38,1820.91,1766.04,1806.99,892084.586,1550820.845,-3.25e-06
2025-03-31 00:00:00+00:00,1743390000000,1806.99,1823.01,1775.92,1797.72,962829.575,1566905.925,4.408e-05
2025-03-31 04:00:00+00:00,1743404400000,1797.73,1813.0,1788.13,1797.91,574601.289,1563602.944,2.596e-05
2025-03-31 08:00:00+00:00,1743418800000,1797.9,1819.0,1776.56,1812.52,967438.186,1584685.109,2.265e-05
2025-03-31 12:00:00+00:00,1743433200000,1812.51,1853.34,1792.6,1841.37,1556360.743,1573709.425,2.047e-05
2025-03-31 16:00:00+00:00,1743447600000,1841.37,1846.4,1815.76,1826.89,731114.1,1577358.083,2.13e-05
2025-03-31 20:00:00+00:00,1743462000000,1826.9,1834.09,1815.22,1821.59,420186.82,1563438.02,-6.49e-06
2025-04-01 00:00:00+00:00,1743476400000,1821.59,1842.57,1816.64,1834.25,473423.689,1549703.637,1.907e-05
2025-04-01 04:00:00+00:00,1743490800000,1834.25,1866.98,1831.23,1853.34,525037.726,1563661.573,2.877e-05
2025-04-01 08:00:00+00:00,1743505200000,1853.34,1891.42,1853.02,1861.48,903063.677,1541703.683,3.161e-05
2025-04-01 12:00:00+00:00,1743519600000,1861.49,1927.79,1841.2,1917.89,1789332.277,1568730.05,3.266e-05
2025-04-01 16:00:00+00:00,1743534000000,1917.89,1923.63,1900.53,1909.12,585488.092,1572887.674,6.484e-05
2025-04-01 20:00:00+00:00,1743548400000,1909.11,1921.98,1895.9,1904.21,395399.142,1551514.709,3.676e-05
2025-04-02 00:00:00+00:00,1743562800000,1904.21,1908.01,1871.31,1875.41,577615.724,1548032.62,3.499e-05
2025-04-02 04:00:00+00:00,1743577200000,1875.4,1882.31,1850.69,1864.07,756780.281,1544337.589,-9e-08
2025-04-02 08:00:00+00:00,1743591600000,1864.06,1887.23,1861.61,1868.05,576873.633,1527399.516,1.843e-05
2025-04-02 12:00:00+00:00,1743606000000,1868.08,1918.0,1853.12,1900.09,1773371.715,1526281.306,4.262e-05
2025-04-02 16:00:00+00:00,1743620400000,1900.1,1915.28,1881.09,1910.56,760001.6799999999,1519782.924,2.343e-05
2025-04-02 20:00:00+00:00,1743634800000,1910.59,1957.97,1780.52,1794.1,2635212.17,1551425.473,-6.39e-06
2025-04-03 00:00:00+00:00,1743649200000,1794.11,1834.12,1787.9,1823.75,784321.875,1552614.948,2.75e-05
2025-04-03 04:00:00+00:00,1743663600000,1823.75,1844.97,1805.56,1814.52,569594.176,1585151.21,6.411e-05
2025-04-03 08:00:00+00:00,1743678000000,1814.51,1823.49,1786.14,1794.39,702746.642,1610562.414,1.534e-05
2025-04-03 12:00:00+00:00,1743692400000,1794.39,1799.82,1747.47,1781.42,1901206.21,1652514.68,-6.21e-06
2025-04-03 16:00:00+00:00,1743706800000,1781.42,1798.57,1766.29,1786.53,737214.928,1648910.69,3.543e-05
2025-04-03 20:00:00+00:00,1743721200000,1786.5,1821.5,1778.64,1816.48,491284.518,1637701.321,6.701e-05
2025-04-04 00:00:00+00:00,1743735600000,1816.48,1822.69,1770.0,1792.13,745536.338,1595155.051,6.092e-05
2025-04-04 04:00:00+00:00,1743750000000,1792.13,1821.4,1783.08,1816.88,531862.172,1579307.736,-2.033e-05
2025-04-04 08:00:00+00:00,1743764400000,1816.87,1834.7,1757.52,1783.16,1469835.729,1582385.029,-3.303e-05
2025-04-04 12:00:00+00:00,1743778800000,1783.15,1820.18,1768.57,1794.47,1965960.639,1564323.469,3.78e-05
2025-04-04 16:00:00+00:00,1743793200000,1794.48,1828.71,1782.15,1809.02,1169114.734,1610300.407,1.544e-05
2025-04-04 20:00:00+00:00,1743807600000,1809.03,1827.99,1806.43,1815.97,338804.89,1600644.705,2.162e-05
2025-04-05 00:00:00+00:00,1743822000000,1815.97,1826.63,1808.27,1809.01,307874.561,1601321.304,4.777e-05
2025-04-05 04:00:00+00:00,1743836400000,1809.0,1815.0,1803.04,1812.4,223423.979,1598789.549,5.919e-05
2025-04-05 08:00:00+00:00,1743850800000,1812.39,1821.26,1805.55,1806.6,293918.17,1598653.672,4.516e-05
2025-04-05 12:00:00+00:00,1743865200000,1806.6,1807.61,1776.34,1781.1,708383.1799999999,1606495.356,-7.47e-06
2025-04-05 16:00:00+00:00,1743879600000,1781.1,1794.86,1778.66,1781.33,270821.538,1600995.903,-1.923e-05
2025-04-05 20:00:00+00:00,1743894000000,1781.32,1809.3,1761.18,1805.15,554505.687,1548857.625,2.381e-05
2025-04-06 00:00:00+00:00,1743908400000,1805.14,1816.38,1800.87,1809.11,342406.912,1532047.224,5.934e-05
2025-04-06 04:00:00+00:00,1743922800000,1809.1,1812.6,1790.08,1796.84,281144.712,1535757.876,5.428e-05
2025-04-06 08:00:00+00:00,1743937200000,1796.85,1797.28,1782.01,1788.22,398400.869,1554896.282,3.8e-07
2025-04-06 12:00:00+00:00,1743951600000,1788.22,1791.1,1735.01,1758.8,1345342.037,1593714.442,-2.401e-05
2025-04-06 16:00:00+00:00,1743966000000,1758.8,1759.21,1601.0,1625.22,3706815.32,1550206.766,-1.127e-05
2025-04-06 20:00:00+00:00,1743980400000,1625.21,1630.45,1535.27,1579.98,3313932.915,1515088.447,-3.797e-05
2025-04-07 00:00:00+00:00,1743994800000,1579.98,1613.51,1520.0,1542.79,2240648.744,1514277.229,-6.891e-05
2025-04-07 04:00:00+00:00,1744009200000,1542.78,1561.0,1410.0,1459.52,4128035.462,1517704.618,-9.52e-06
2025-04-07 08:00:00+00:00,1744023600000,1459.51,1520.75,1454.8,1482.34,2926446.072,1477709.224,-1.854e-05
2025-04-07 12:00:00+00:00,1744038000000,1482.34,1638.47,1477.17,1555.54,5572723.272,1460576.478,-3.461e-05
2025-04-07 16:00:00+00:00,1744052400000,1555.54,1572.11,1525.21,1544.56,1948786.181,1467396.082,2.3e-07
2025-04-07 20:00:00+00:00,1744066800000,1544.56,1584.58,1544.19,1552.44,815431.621,1472165.694,-4.48e-06
2025-04-08 00:00:00+00:00,1744081200000,1552.44,1618.0,1540.19,1583.96,1181229.7380000001,1453653.373,1.974e-05
2025-04-08 04:00:00+00:00,1744095600000,1583.95,1602.29,1560.86,1569.98,762719.837,1460693.96,1.226e-05
2025-04-08 08:00:00+00:00,1744110000000,1569.97,1589.48,1553.48,1587.56,798487.224,1488088.968,1.937e-05
2025-04-08 12:00:00+00:00,1744124400000,1587.57,1592.79,1517.12,1530.75,2315902.959,1495998.06,-1.429e-05
2025-04-08 16:00:00+00:00,1744138800000,1530.75,1532.24,1453.46,1466.03,3023004.864,1538876.87,-7.301e-05
2025-04-08 20:00:00+00:00,1744153200000,1466.07,1485.6,1441.62,1472.67,1116522.2079999999,1524602.383,-4.82e-05
2025-04-09 00:00:00+00:00,1744167600000,1472.68,1481.69,1384.0,1417.96,2791527.731,1598992.691,-7.786e-05
2025-04-09 04:00:00+00:00,1744182000000,1417.96,1491.68,1414.0,1482.9,1853602.262,1570181.667,-6.638e-05
2025-04-09 08:00:00+00:00,1744196400000,1482.89,1496.0,1444.0,1454.64,2120377.739,1583127.493,2.238e-05
2025-04-09 12:00:00+00:00,1744210800000,1454.64,1501.03,1439.03,1484.8,2591270.906,1562449.919,1.576e-05
2025-04-09 16:00:00+00:00,1744225200000,1484.79,1672.8,1481.15,1639.73,5455621.134,1503178.291,7.193e-05
2025-04-09 20:00:00+00:00,1744239600000,1639.73,1688.0,1639.73,1668.69,1304170.851,1508299.659,0.0001
2025-04-10 00:00:00+00:00,1744254000000,1668.7,1669.19,1601.0,1616.39,1273973.227,1527594.139,8.798e-05
2025-04-10 04:00:00+00:00,1744268400000,1616.39,1625.48,1582.5,1595.03,1060130.383,1508529.123,3.066e-05
2025-04-10 08:00:00+00:00,1744282800000,1595.03,1606.02,1580.5,1593.92,855212.6410000001,1509603.018,-2.06e-06
2025-04-10 12:00:00+00:00,1744297200000,1593.91,1627.61,1482.56,1495.0,3723353.846,1517879.479,-1.1e-07
2025-04-10 16:00:00+00:00,1744311600000,1494.99,1531.74,1470.84,1513.67,2460720.447,1455870.242,-6.472e-05
2025-04-10 20:00:00+00:00,1744326000000,1513.67,1533.0,1513.05,1521.57,571802.497,1452367.513,-9.18e-06
2025-04-11 00:00:00+00:00,1744340400000,1521.56,1550.0,1503.63,1543.63,1189406.95,1486272.36,-6.472e-05
2025-04-11 04:00:00+00:00,1744354800000,1543.63,1561.95,1540.1,1551.99,728688.675,1503360.653,-5.794e-05
2025-04-11 08:00:00+00:00,1744369200000,1551.99,1585.18,1536.47,1557.93,1521498.39,1506661.945,-5.553e-05
2025-04-11 12:00:00+00:00,1744383600000,1557.94,1580.78,1540.36,1564.79,1593556.3360000001,1522677.192,-4.37e-06
2025-04-11 16:00:00+00:00,1744398000000,1564.8,1590.88,1554.9,1564.84,917672.153,1512855.808,-2.62e-06
2025-04-11 20:00:00+00:00,1744412400000,1564.83,1586.31,1556.4,1565.96,517260.182,1509930.166,2.543e-05
2025-04-12 00:00:00+00:00,1744426800000,1565.97,1569.16,1545.06,1553.61,539836.974,1523333.192,2.592e-05
2025-04-12 04:00:00+00:00,1744441200000,1553.61,1584.53,1549.51,1581.24,654101.941,1539054.827,-6e-06
2025-04-12 08:00:00+00:00,1744455600000,1581.23,1605.71,1580.01,1593.21,736582.051,1540133.139,-1.279e-05
2025-04-12 12:00:00+00:00,1744470000000,1593.22,1669.85,1589.79,1655.1,2130308.934,1558306.828,2.341e-05
2025-04-12 16:00:00+00:00,1744484400000,1655.09,1661.57,1627.42,1641.89,1037868.529,1534792.022,6.549e-05
2025-04-12 20:00:00+00:00,1744498800000,1641.9,1659.68,1640.35,1643.6,505815.558,1531615.529,7.639e-05
2025-04-13 00:00:00+00:00,1744513200000,1643.6,1649.2,1605.68,1623.6,841518.836,1532941.355,6.798e-05
2025-04-13 04:00:00+00:00,1744527600000,1623.6,1623.91,1596.21,1612.77,744463.53,1535687.478,5.182e-05
2025-04-13 08:00:00+00:00,1744542000000,1612.78,1627.45,1590.71,1603.62,789948.467,1532030.532,1.35e-06
2025-04-13 12:00:00+00:00,1744556400000,1603.61,1608.5,1565.11,1585.92,1257579.8939999999,1550178.582,5.299e-05
2025-04-13 16:00:00+00:00,1744570800000,1585.92,1648.73,1559.4,1589.42,1825478.701,1513721.051,6.6e-05
2025-04-13 20:00:00+00:00,1744585200000,1589.42,1616.29,1571.03,1596.92,1036373.064,1511265.613,7.387e-05
2025-04-14 00:00:00+00:00,1744599600000,1596.93,1659.81,1594.73,1629.01,1227511.284,1475892.427,5.781e-05
2025-04-14 04:00:00+00:00,1744614000000,1629.01,1641.85,1611.51,1634.92,668501.508,1500484.193,5.872e-05
2025-04-14 08:00:00+00:00,1744628400000,1634.92,1691.57,1628.64,1674.63,1463883.1020000002,1589434.52,0.0001
2025-04-14 12:00:00+00:00,1744642800000,1674.63,1689.27,1618.29,1626.96,1932797.4849999999,1549350.771,5.501e-05
2025-04-14 16:00:00+00:00,1744657200000,1626.97,1650.8,1613.37,1635.92,1110666.16,1500006.46,2.306e-05
2025-04-14 20:00:00+00:00,1744671600000,1635.95,1637.35,1603.0,1623.02,568816.391,1500849.94,2.59e-05
2025-04-15 00:00:00+00:00,1744686000000,1623.02,1643.21,1613.65,1637.15,788829.2509999999,1504999.943,2.144e-05
2025-04-15 04:00:00+00:00,1744700400000,1637.15,1648.0,1631.45,1644.18,482653.824,1510521.503,1.812e-05
2025-04-15 08:00:00+00:00,1744714800000,1644.18,1651.79,1621.32,1631.18,754097.451,1519785.666,-4.34e-06
2025-04-15 12:00:00+00:00,1744729200000,1631.17,1660.68,1600.01,1620.12,1803551.9039999999,1519183.198,3.1e-06
2025-04-15 16:00:00+00:00,1744743600000,1620.11,1627.19,1594.21,1606.17,783964.399,1521813.799,2.627e-05
2025-04-15 20:00:00+00:00,1744758000000,1606.17,1614.35,1582.14,1588.0,717000.749,1503109.519,4.284e-05
2025-04-16 00:00:00+00:00,1744772400000,1588.0,1603.81,1575.04,1590.02,764456.657,1507500.976,-1.831e-05
2025-04-16 04:00:00+00:00,1744786800000,1590.03,1592.76,1550.0,1563.45,1185857.635,1497661.07,-2.96e-05
2025-04-16 08:00:00+00:00,1744801200000,1563.44,1585.0,1555.72,1583.25,795586.966,1473531.304,-4.636e-05
2025-04-16 12:00:00+00:00,1744815600000,1583.26,1614.95,1565.02,1589.91,1517926.075,1456823.137,-2.522e-05
2025-04-16 16:00:00+00:00,1744830000000,1589.91,1612.36,1537.56,1588.16,2336959.978,1481858.197,2.133e-05
2025-04-16 20:00:00+00:00,1744844400000,1588.13,1598.01,1569.24,1576.58,621308.471,1494910.15,4.376e-05
2025-04-17 00:00:00+00:00,1744858800000,1576.57,1594.9,1574.0,1584.04,533161.53,1480889.17,5.593e-05
2025-04-17 04:00:00+00:00,1744873200000,1584.04,1609.9,1580.14,1600.99,576222.253,1522455.034,5.186e-05
2025-04-17 08:00:00+00:00,1744887600000,1600.99,1603.5,1587.69,1592.5,482812.69299999997,1523388.829,1.514e-05
2025-04-17 12:00:00+00:00,1744902000000,1592.51,1602.76,1562.26,1582.42,1222967.991,1538323.954,-1.781e-05
2025-04-17 16:00:00+00:00,1744916400000,1582.43,1616.81,1575.36,1580.4,1722278.691,1471091.505,2.727e-05
2025-04-17 20:00:00+00:00,1744930800000,1580.4,1591.0,1578.0,1582.84,405071.384,1452666.234,-3.125e-05
2025-04-18 00:00:00+00:00,1744945200000,1582.84,1588.69,1576.21,1583.4,344118.38,1460850.082,-2.356e-05
2025-04-18 04:00:00+00:00,1744959600000,1583.4,1584.49,1572.65,1583.45,379764.077,1474255.77,2.723e-05
2025-04-18 08:00:00+00:00,1744974000000,1583.46,1592.4,1581.34,1589.89,384028.046,1485133.83,1.153e-05
2025-04-18 12:00:00+00:00,1744988400000,1589.9,1596.63,1577.56,1582.27,560886.162,1485255.632,-1.492e-05
2025-04-18 16:00:00+00:00,1745002800000,1582.28,1594.45,1580.95,1592.38,423029.653,1486822.817,-1.73e-05
2025-04-18 20:00:00+00:00,1745017200000,1592.38,1600.0,1586.27,1587.91,308637.419,1468857.192,-2.41e-05
2025-04-19 00:00:00+00:00,1745031600000,1587.91,1599.72,1584.01,1597.2,343811.216,1460667.984,5.13e-05
2025-04-19 04:00:00+00:00,1745046000000,1597.2,1613.0,1594.32,1600.27,488347.419,1474815.758,8.846e-05
2025-04-19 08:00:00+00:00,1745060400000,1600.28,1606.02,1593.23,1596.29,306148.028,1490662.179,8.395e-05
2025-04-19 12:00:00+00:00,1745074800000,1596.29,1612.0,1594.38,1606.59,462593.576,1498147.341,7.17e-05
2025-04-19 16:00:00+00:00,1745089200000,1606.6,1632.29,1597.76,1613.99,673583.7949999999,1500351.444,6.185e-05
2025-04-19 20:00:00+00:00,1745103600000,1613.99,1622.11,1610.21,1612.44,229487.075,1507426.345,5.764e-05
2025-04-20 00:00:00+00:00,1745118000000,1612.45,1618.46,1607.2,1611.14,312363.415,1504795.011,6.483e-05
2025-04-20 04:00:00+00:00,1745132400000,1611.15,1617.0,1580.0,1596.62,585042.664,1499243.78,7.75e-05
2025-04-20 08:00:00+00:00,1745146800000,1596.63,1596.88,1564.69,1571.78,848913.21,1487381.241,1.274e-05
2025-04-20 12:00:00+00:00,1745161200000,1571.78,1583.39,1570.19,1572.8,516047.816,1514258.976,-5.363e-05
2025-04-20 16:00:00+00:00,1745175600000,1572.8,1587.13,1570.45,1585.34,285611.444,1513703.029,-4.659e-05
2025-04-20 20:00:00+00:00,1745190000000,1585.34,1600.0,1573.36,1586.56,552942.438,1510308.572,-1.24e-06
2025-04-21 00:00:00+00:00,1745204400000,1586.57,1645.34,1585.28,1634.06,1670017.8,1587743.224,0.0001
2025-04-21 04:00:00+00:00,1745218800000,1634.06,1658.0,1630.4,1645.1,884262.679,1662939.045,0.0001
2025-04-21 08:00:00+00:00,1745233200000,1645.11,1654.64,1617.04,1625.66,858321.394,1660655.301,0.0001
2025-04-21 12:00:00+00:00,1745247600000,1625.66,1641.39,1607.63,1622.5,1516623.6949999998,1638433.057,8.017e-05
2025-04-21 16:00:00+00:00,1745262000000,1622.5,1625.41,1560.62,1572.86,2068484.332,1562549.515,1.127e-05
2025-04-21 20:00:00+00:00,1745276400000,1572.86,1579.97,1570.01,1578.64,472368.454,1586528.297,-3.6e-05
2025-04-22 00:00:00+00:00,1745290800000,1578.63,1593.23,1535.0,1578.21,1503216.179,1566100.808,-5.059e-05
2025-04-22 04:00:00+00:00,1745305200000,1578.21,1623.5,1573.07,1618.6,1108463.74,1548990.227,-1.08e-06
2025-04-22 08:00:00+00:00,1745319600000,1618.6,1638.0,1612.41,1630.14,1156134.6979999999,1532897.7,5.106e-05
2025-04-22 12:00:00+00:00,1745334000000,1630.14,1725.93,1626.0,1702.41,3399957.543,1773854.585,8.047e-05
2025-04-22 16:00:00+00:00,1745348400000,1702.41,1710.0,1681.42,1697.54,1201729.974,1800118.182,0.0001
2025-04-22 20:00:00+00:00,1745362800000,1697.53,1779.02,1691.49,1755.57,1938167.321,1762795.91,6.679e-05
2025-04-23 00:00:00+00:00,1745377200000,1755.58,1807.36,1744.3,1794.51,1748752.815,1793114.387,7.896e-05
2025-04-23 04:00:00+00:00,1745391600000,1794.51,1817.98,1773.1,1791.27,1424392.821,1777379.213,9.588e-05
2025-04-23 08:00:00+00:00,1745406000000,1791.28,1812.04,1778.29,1796.74,1057307.676,1798585.923,0.0001
2025-04-23 12:00:00+00:00,1745420400000,1796.74,1838.0,1761.0,1793.7,2699639.526,1813179.291,0.0001
2025-04-23 16:00:00+00:00,1745434800000,1793.71,1809.6,1773.43,1785.44,1026256.5549999999,1772756.586,0.0001
2025-04-23 20:00:00+00:00,1745449200000,1785.44,1806.28,1784.78,1794.46,353173.727,1770409.274,0.0001
2025-04-24 00:00:00+00:00,1745463600000,1794.45,1802.27,1765.52,1767.3,773066.615,1773111.791,6.294e-05
2025-04-24 04:00:00+00:00,1745478000000,1767.29,1775.71,1750.8,1755.61,758688.419,1808337.469,7.173e-05
2025-04-24 08:00:00+00:00,1745492400000,1755.6,1759.88,1721.22,1754.05,1321170.5659999999,1755638.096,4.211e-05
2025-04-24 12:00:00+00:00,1745506800000,1754.04,1777.33,1743.12,1763.83,1152418.662,1744381.835,6.43e-06
2025-04-24 16:00:00+00:00,1745521200000,1763.83,1776.85,1745.09,1762.21,881755.193,1735842.303,2.758e-05
2025-04-24 20:00:00+00:00,1745535600000,1762.21,1774.17,1747.81,1768.8,360233.91599999997,1738461.847,5.891e-05
2025-04-25 00:00:00+00:00,1745550000000,1768.79,1789.88,1737.4,1760.0,908000.423,1693265.086,2.684e-05
2025-04-25 04:00:00+00:00,1745564400000,1760.0,1781.23,1757.25,1776.38,577613.878,1709207.468,7.791e-05
2025-04-25 08:00:00+00:00,1745578800000,1776.39,1792.72,1763.08,1789.47,923294.946,1751685.691,4.003e-05
2025-04-25 12:00:00+00:00,1745593200000,1789.47,1826.91,1755.81,1805.7,2239999.361,1723938.345,-9.65e-06
2025-04-25 16:00:00+00:00,1745607600000,1805.69,1809.81,1781.32,1801.45,909113.932,1709901.466,1.088e-05
2025-04-25 20:00:00+00:00,1745622000000,1801.45,1808.87,1783.0,1783.77,431087.63600000006,1708318.743,8.3e-06
2025-04-26 00:00:00+00:00,1745636400000,1783.76,1815.05,1783.76,1796.51,709519.382,1706002.307,1.52e-05
2025-04-26 04:00:00+00:00,1745650800000,1796.5,1809.94,1788.01,1799.54,456016.896,1715620.246,-2.883e-05
2025-04-26 08:00:00+00:00,1745665200000,1799.54,1841.49,1777.31,1784.73,1377154.3190000001,1704927.178,-5.328e-05
2025-04-26 12:00:00+00:00,1745679600000,1784.73,1803.94,1778.88,1799.39,671756.802,1705646.971,7.28e-06
2025-04-26 16:00:00+00:00,1745694000000,1799.38,1814.95,1795.0,1812.21,316852.466,1714908.128,0.0001
2025-04-26 20:00:00+00:00,1745708400000,1812.22,1830.78,1804.52,1820.0,434287.984,1706217.421,5.731e-05
2025-04-27 00:00:00+00:00,1745722800000,1819.99,1857.0,1800.0,1808.74,1269737.641,1694739.949,-2.192e-05
2025-04-27 04:00:00+00:00,1745737200000,1808.74,1810.77,1788.88,1802.98,524391.024,1693269.531,-6.779e-05
2025-04-27 08:00:00+00:00,1745751600000,1802.98,1814.99,1800.58,1805.04,363311.245,1685424.67,-3.011e-05
2025-04-27 12:00:00+00:00,1745766000000,1805.03,1807.96,1780.25,1792.88,784329.9670000001,1700825.342,-3.852e-05
2025-04-27 16:00:00+00:00,1745780400000,1792.88,1807.77,1786.18,1806.95,307003.137,1686848.296,1.634e-05
2025-04-27 20:00:00+00:00,1745794800000,1806.95,1807.25,1783.1,1790.21,370782.592,1671333.002,1.32e-06
2025-04-28 00:00:00+00:00,1745809200000,1790.22,1793.25,1750.99,1783.25,1164418.072,1627411.259,-2.59e-05
2025-04-28 04:00:00+00:00,1745823600000,1783.24,1811.82,1783.24,1803.95,667932.8859999999,1627314.355,-4.769e-05
2025-04-28 08:00:00+00:00,1745838000000,1803.95,1826.71,1787.1,1815.0,1060796.867,1654590.624,-1.36e-05
2025-04-28 12:00:00+00:00,1745852400000,1815.0,1816.48,1751.42,1762.08,1529659.66,1694704.833,-8.693e-05
2025-04-28 16:00:00+00:00,1745866800000,1762.08,1805.0,1742.15,1796.36,1306542.1579999998,1609758.6,-3.998e-05
2025-04-28 20:00:00+00:00,1745881200000,1796.35,1806.87,1780.24,1799.22,623379.044,1654690.146,8.215e-05
2025-04-29 00:00:00+00:00,1745895600000,1799.21,1810.92,1786.68,1801.26,627213.054,1631910.077,8.344e-05
2025-04-29 04:00:00+00:00,1745910000000,1801.26,1824.24,1787.37,1820.77,792123.184,1677990.392,5.755e-05
2025-04-29 08:00:00+00:00,1745924400000,1820.77,1842.82,1815.76,1828.9,1042093.467,1761549.505,5.181e-05
2025-04-29 12:00:00+00:00,1745938800000,1828.89,1832.58,1801.0,1814.21,1241440.926,1662176.501,-1.393e-05
2025-04-29 16:00:00+00:00,1745953200000,1814.2,1831.49,1806.0,1820.92,717932.308,1647122.455,-3.247e-05
2025-04-29 20:00:00+00:00,1745967600000,1820.92,1824.87,1779.36,1796.57,894515.506,1602372.674,-7.383e-05
2025-04-30 00:00:00+00:00,1745982000000,1796.57,1812.48,1787.72,1808.19,573242.097,1622128.5,-4.247e-05
2025-04-30 04:00:00+00:00,1745996400000,1808.18,1812.22,1790.0,1795.55,424863.45499999996,1624120.637,9.37e-06
2025-04-30 08:00:00+00:00,1746010800000,1795.54,1816.0,1791.61,1814.79,544629.985,1633485.779,1.616e-05
2025-04-30 12:00:00+00:00,1746025200000,1814.79,1815.48,1730.6,1763.72,2614074.383,1706692.63,-6.127e-05
2025-04-30 16:00:00+00:00,1746039600000,1763.72,1792.39,1755.02,1785.96,837128.774,1662433.405,8e-08
2025-04-30 20:00:00+00:00,1746054000000,1786.08,1809.19,1784.0,1792.71,632604.794,1637211.817,5.408e-05
2025-05-01 00:00:00+00:00,1746068400000,1792.71,1818.18,1791.55,1807.28,587418.818,1624310.872,6.99e-05
2025-05-01 04:00:00+00:00,1746082800000,1807.28,1816.77,1801.24,1809.74,400734.586,1670141.59,4.508e-05
2025-05-01 08:00:00+00:00,1746097200000,1809.74,1858.73,1807.74,1844.79,1437470.389,1798409.257,9.948e-05
2025-05-01 12:00:00+00:00,1746111600000,1844.79,1872.71,1823.47,1851.99,1789376.969,1750729.091,7.23e-06
2025-05-01 16:00:00+00:00,1746126000000,1852.0,1869.4,1838.08,1842.12,735528.169,1727123.402,-4.999e-05
2025-05-01 20:00:00+00:00,1746140400000,1842.11,1850.45,1831.8,1837.19,410179.107,1721693.598,-6.22e-06
2025-05-02 00:00:00+00:00,1746154800000,1837.18,1850.49,1834.06,1846.66,472225.233,1709150.628,-3.829e-05
2025-05-02 04:00:00+00:00,1746169200000,1846.66,1850.86,1815.0,1815.3,775261.172,1676007.838,-5.758e-05
2025-05-02 08:00:00+00:00,1746183600000,1815.29,1834.92,1812.0,1832.39,738231.8389999999,1708322.708,-4.207e-05
2025-05-02 12:00:00+00:00,1746198000000,1832.39,1853.58,1822.13,1840.21,1066632.348,1713810.17,-5.88e-06
2025-05-02 16:00:00+00:00,1746212400000,1840.21,1871.06,1830.79,1838.78,1002260.9310000001,1697954.72,3.567e-05
2025-05-02 20:00:00+00:00,1746226800000,1838.78,1847.23,1832.1,1841.22,275358.821,1689483.02,4.915e-05
2025-05-03 00:00:00+00:00,1746241200000,1841.22,1842.44,1825.52,1834.08,325492.804,1677143.425,4.272e-05
2025-05-03 04:00:00+00:00,1746255600000,1834.07,1838.55,1823.39,1825.58,317792.13,1651986.143,1.551e-05
2025-05-03 08:00:00+00:00,1746270000000,1825.58,1829.99,1816.23,1823.35,571769.933,1645153.74,4.144e-05
2025-05-03 12:00:00+00:00,1746284400000,1823.34,1839.27,1823.1,1833.51,429242.931,1651161.614,2.041e-05
2025-05-03 16:00:00+00:00,1746298800000,1833.51,1838.56,1807.75,1837.61,700161.6209999999,1627707.397,5.85e-05
2025-05-03 20:00:00+00:00,1746313200000,1837.62,1848.0,1827.79,1832.55,457184.141,1604409.902,6.696e-05
2025-05-04 00:00:00+00:00,1746327600000,1832.55,1848.84,1825.28,1831.24,497884.745,1602598.414,1.619e-05
2025-05-04 04:00:00+00:00,1746342000000,1831.24,1849.53,1828.43,1840.24,489368.721,1623841.71,3.177e-05
2025-05-04 08:00:00+00:00,1746356400000,1840.24,1840.73,1820.75,1826.69,612670.7069999999,1606619.092,5.96e-06
2025-05-04 12:00:00+00:00,1746370800000,1826.68,1833.07,1817.03,1829.63,405676.694,1607539.142,-2.643e-05
2025-05-04 16:00:00+00:00,1746385200000,1829.64,1832.28,1821.06,1827.58,339285.093,1611920.318,1.1e-05
2025-05-04 20:00:00+00:00,1746399600000,1827.59,1841.76,1801.71,1807.87,710871.3960000001,1581254.044,1.82e-06
2025-05-05 00:00:00+00:00,1746414000000,1807.87,1817.6,1780.02,1793.86,986733.2060000001,1593057.796,-1.031e-05
2025-05-05 04:00:00+00:00,1746428400000,1793.85,1829.07,1792.0,1825.74,627690.591,1581585.216,1.977e-05
2025-05-05 08:00:00+00:00,1746442800000,1825.73,1830.72,1797.0,1803.81,868144.459,1593132.065,3.337e-05
2025-05-05 12:00:00+00:00,1746457200000,1803.81,1814.86,1793.29,1800.14,844857.5920000001,1615934.34,1.194e-05
2025-05-05 16:00:00+00:00,1746471600000,1800.14,1828.0,1799.86,1815.65,671849.243,1589899.846,4.611e-05
2025-05-05 20:00:00+00:00,1746486000000,1815.64,1832.98,1797.79,1819.43,642080.274,1582050.898,6.878e-05
2025-05-06 00:00:00+00:00,1746500400000,1819.43,1820.3,1791.57,1805.5,698535.993,1581538.353,-5.57e-06
2025-05-06 04:00:00+00:00,1746514800000,1805.49,1808.55,1797.26,1805.0,302865.771,1585556.71,-1.814e-05
2025-05-06 08:00:00+00:00,1746529200000,1804.99,1805.17,1755.71,1769.1,1150386.634,1636478.097,-3.262e-05
2025-05-06 12:00:00+00:00,1746543600000,1769.09,1779.08,1750.0,1769.31,1198817.219,1653183.708,-3.612e-05
2025-05-06 16:00:00+00:00,1746558000000,1769.31,1798.41,1761.0,1784.05,827534.324,1591515.614,-7.05e-06
2025-05-06 20:00:00+00:00,1746572400000,1784.06,1818.62,1764.39,1816.22,1166051.619,1527928.885,3.265e-05
2025-05-07 00:00:00+00:00,1746586800000,1816.23,1850.0,1813.47,1825.6,1484206.2349999999,1578083.68,8.67e-05
2025-05-07 04:00:00+00:00,1746601200000,1825.6,1837.85,1823.69,1837.26,407889.918,1606862.89,8.548e-05
2025-05-07 08:00:00+00:00,1746615600000,1837.27,1846.5,1829.47,1835.48,697828.821,1587609.284,5.836e-05
2025-05-07 12:00:00+00:00,1746630000000,1835.48,1836.2,1813.36,1816.73,864908.101,1570712.996,-6.31e-06
2025-05-07 16:00:00+00:00,1746644400000,1816.72,1817.33,1786.0,1795.08,1577954.6179999998,1543382.258,-2.57e-06
2025-05-07 20:00:00+00:00,1746658800000,1795.07,1824.73,1788.0,1810.14,736420.27,1609788.215,4.544e-05
2025-05-08 00:00:00+00:00,1746673200000,1810.13,1907.45,1807.72,1900.5,1786283.565,1689149.474,0.0001
2025-05-08 04:00:00+00:00,1746687600000,1900.51,1944.0,1891.36,1927.8,1533788.488,1738562.952,0.0001
2025-05-08 08:00:00+00:00,1746702000000,1927.81,1968.29,1925.0,1956.65,1369546.365,1726551.456,9.864e-05
2025-05-08 12:00:00+00:00,1746716400000,1956.65,2075.1,1952.57,2050.56,3473067.062,1779046.23,8.631e-05
2025-05-08 16:00:00+00:00,1746730800000,2050.56,2140.21,2035.79,2117.59,2278690.005,1805368.527,0.0001
2025-05-08 20:00:00+00:00,1746745200000,2117.59,2227.0,2111.0,2206.54,2848796.2380000004,1772100.9,0.0001
2025-05-09 00:00:00+00:00,1746759600000,2206.53,2244.9,2183.59,2204.56,1883887.846,1779177.286,0.0001
2025-05-09 04:00:00+00:00,1746774000000,2204.56,2393.67,2201.98,2363.81,2727001.302,1846181.145,0.0001
2025-05-09 08:00:00+00:00,1746788400000,2363.71,2490.75,2291.46,2350.76,5113067.854,1758470.048,0.0001
2025-05-09 12:00:00+00:00,1746802800000,2350.75,2388.12,2270.0,2300.55,2541569.629,1739707.982,0.0001
2025-05-09 16:00:00+00:00,1746817200000,2300.55,2355.0,2273.63,2330.69,1243862.334,1726438.777,0.0001
2025-05-09 20:00:00+00:00,1746831600000,2330.69,2351.16,2321.48,2344.3,415028.972,1733452.291,0.0001
2025-05-10 00:00:00+00:00,1746846000000,2344.31,2379.99,2315.09,2338.81,775367.2609999999,1730601.281,0.0001
2025-05-10 04:00:00+00:00,1746860400000,2338.81,2416.5,2325.31,2399.17,1014233.591,1739625.713,9.892e-05
2025-05-10 08:00:00+00:00,1746874800000,2399.2,2435.0,2360.0,2383.75,1972913.7289999998,1753890.801,0.0001
2025-05-10 12:00:00+00:00,1746889200000,2383.75,2449.99,2383.75,2432.38,1469863.634,1785016.289,9.114e-05
2025-05-10 16:00:00+00:00,1746903600000,2432.38,2512.0,2427.65,2498.35,2129419.275,1772647.141,6.509e-05
2025-05-10 20:00:00+00:00,1746918000000,2498.35,2600.76,2465.6,2581.91,1975957.257,1815026.777,0.0001
2025-05-11 00:00:00+00:00,1746932400000,2581.9,2608.0,2498.79,2536.31,1842655.844,1772795.367,0.0001
2025-05-11 04:00:00+00:00,1746946800000,2536.31,2561.68,2452.61,2472.61,1538673.347,1756572.459,7.332e-05
2025-05-11 08:00:00+00:00,1746961200000,2472.61,2534.8,2471.5,2529.36,1023280.318,1761866.473,0.0001
2025-05-11 12:00:00+00:00,1746975600000,2529.36,2530.92,2434.89,2461.22,1374239.317,1718925.938,2.438e-05
2025-05-11 16:00:00+00:00,1746990000000,2461.22,2524.38,2439.08,2506.99,1105701.773,1699045.901,9.488e-05
2025-05-11 20:00:00+00:00,1747004400000,2507.0,2527.71,2481.95,2513.48,609193.962,1706704.771,7.088e-05
2025-05-12 00:00:00+00:00,1747018800000,2513.48,2548.0,2490.0,2519.01,941674.729,1713568.938,8.097e-05
2025-05-12 04:00:00+00:00,1747033200000,2519.0,2624.84,2484.02,2553.44,2242797.017,1739996.044,0.0001
2025-05-12 08:00:00+00:00,1747047600000,2553.45,2585.05,2520.0,2529.34,1268458.744,1755857.238,8.829e-05
2025-05-12 12:00:00+00:00,1747062000000,2529.32,2575.6,2478.0,2485.94,2294695.3449999997,1756053.995,5.677e-05
2025-05-12 16:00:00+00:00,1747076400000,2485.95,2511.94,2406.55,2459.29,1853110.156,1742647.857,9.026e-05
2025-05-12 20:00:00+00:00,1747090800000,2459.28,2499.34,2450.88,2494.16,596324.8740000001,1728104.046,6.249e-05
2025-05-13 00:00:00+00:00,1747105200000,2494.16,2494.9,2414.36,2424.07,1055040.451,1710105.922,9.728e-05
2025-05-13 04:00:00+00:00,1747119600000,2424.06,2479.45,2418.84,2459.9,776859.755,1735604.475,0.0001
2025-05-13 08:00:00+00:00,1747134000000,2459.89,2524.97,2450.57,2512.26,965762.294,1712449.289,9.151e-05
2025-05-13 12:00:00+00:00,1747148400000,2512.25,2573.0,2490.13,2564.89,1893092.8599999999,1755504.286,0.0001
2025-05-13 16:00:00+00:00,1747162800000,2564.88,2738.62,2558.61,2690.02,2769262.522,1815615.909,0.0001
2025-05-13 20:00:00+00:00,1747177200000,2690.02,2706.98,2653.0,2678.59,1236161.125,1818054.791,0.0001
2025-05-14 00:00:00+00:00,1747191600000,2678.58,2724.96,2620.8,2645.78,1641253.983,1806714.691,8.816e-05
2025-05-14 04:00:00+00:00,1747206000000,2645.79,2686.61,2635.06,2639.14,807221.596,1785742.504,5.538e-05
2025-05-14 08:00:00+00:00,1747220400000,2639.15,2644.71,2575.0,2624.16,1507824.9849999999,1785160.514,2.918e-05
2025-05-14 12:00:00+00:00,1747234800000,2624.16,2634.52,2557.0,2596.28,1495860.917,1745470.226,4.703e-05
2025-05-14 16:00:00+00:00,1747249200000,2596.28,2616.82,2545.0,2603.85,1049260.687,1732552.325,9.873e-05
2025-05-14 20:00:00+00:00,1747263600000,2603.86,2612.88,2582.31,2608.74,412855.983,1717397.603,0.0001
2025-05-15 00:00:00+00:00,1747278000000,2608.75,2646.1,2565.9,2573.77,939751.872,1731492.28,0.0001
2025-05-15 04:00:00+00:00,1747292400000,2573.77,2595.73,2513.8,2529.6,1197722.104,1736066.829,0.0001
2025-05-15 08:00:00+00:00,1747306800000,2529.59,2566.39,2515.68,2553.81,1225654.523,1786308.271,7.911e-05
2025-05-15 12:00:00+00:00,1747321200000,2553.81,2578.99,2475.61,2562.9,2328139.242,1775236.13,5.603e-05
2025-05-15 16:00:00+00:00,1747335600000,2562.91,2603.52,2510.59,2529.77,1705724.372,1760810.972,0.0001
2025-05-15 20:00:00+00:00,1747350000000,2529.77,2563.61,2510.49,2547.75,718685.5090000001,1733437.625,6.737e-05
2025-05-16 00:00:00+00:00,1747364400000,2547.76,2584.08,2533.15,2580.43,686310.721,1777002.186,0.0001
2025-05-16 04:00:00+00:00,1747378800000,2580.43,2619.39,2562.92,2600.5,817685.147,1804445.83,0.0001
2025-05-16 08:00:00+00:00,1747393200000,2600.51,2648.68,2556.65,2620.0,1458062.58,1858074.302,0.0001
2025-05-16 12:00:00+00:00,1747407600000,2620.0,2622.39,2572.3,2593.94,1187310.629,1820978.898,7.202e-05
2025-05-16 16:00:00+00:00,1747422000000,2593.93,2600.96,2568.27,2591.0,563810.618,1814838.278,6.081e-05
2025-05-16 20:00:00+00:00,1747436400000,2591.0,2591.88,2527.14,2535.72,801645.427,1766528.711,2.543e-05
2025-05-17 00:00:00+00:00,1747450800000,2535.71,2537.63,2450.62,2495.93,1792000.979,1712224.106,-4.611e-05
2025-05-17 04:00:00+00:00,1747465200000,2495.92,2512.33,2473.53,2491.49,713657.089,1705280.867,-1.979e-05
2025-05-17 08:00:00+00:00,1747479600000,2491.49,2495.06,2463.71,2480.54,625120.761,1699820.578,2.456e-05
2025-05-17 12:00:00+00:00,1747494000000,2480.55,2485.76,2442.65,2473.22,822248.107,1702822.02,2.356e-05
2025-05-17 16:00:00+00:00,1747508400000,2473.22,2488.0,2446.7,2468.9,654559.246,1692657.976,2.297e-05
2025-05-17 20:00:00+00:00,1747522800000,2468.9,2495.55,2451.28,2474.09,481277.838,1679984.311,5.393e-05
2025-05-18 00:00:00+00:00,1747537200000,2474.09,2486.78,2466.74,2476.19,331411.088,1678258.845,6.366e-05
2025-05-18 04:00:00+00:00,1747551600000,2476.18,2514.77,2476.18,2508.35,562307.567,1699985.832,4.909e-05
2025-05-18 08:00:00+00:00,1747566000000,2508.35,2527.85,2496.0,2500.49,557580.444,1698170.318,-9.25e-06
2025-05-18 12:00:00+00:00,1747580400000,2500.49,2587.52,2486.65,2578.06,1379138.6409999998,1648252.017,7.8e-07
2025-05-18 16:00:00+00:00,1747594800000,2578.07,2582.92,2402.0,2406.78,2642398.498,1585675.671,-9.524e-05
2025-05-18 20:00:00+00:00,1747609200000,2406.78,2510.2,2312.62,2496.98,2606228.026,1536451.611,-4.923e-05
2025-05-19 00:00:00+00:00,1747623600000,2496.98,2513.38,2378.02,2384.46,1799075.262,1551232.759,3.851e-05
2025-05-19 04:00:00+00:00,1747638000000,2384.46,2412.27,2346.99,2402.54,1602633.825,1589611.271,6.531e-05
2025-05-19 08:00:00+00:00,1747652400000,2402.53,2422.11,2389.0,2416.34,937674.513,1595277.853,9.729e-05
2025-05-19 12:00:00+00:00,1747666800000,2416.33,2473.0,2383.0,2465.59,1658874.5659999999,1607878.529,9.166e-05
2025-05-19 16:00:00+00:00,1747681200000,2465.59,2546.97,2449.82,2517.67,2048794.518,1630795.585,9.968e-05
2025-05-19 20:00:00+00:00,1747695600000,2517.68,2534.09,2491.39,2526.87,825841.907,1648828.027,8.038e-05
2025-05-20 00:00:00+00:00,1747710000000,2526.87,2588.0,2509.52,2552.08,1477473.617,1694905.216,0.0001
2025-05-20 04:00:00+00:00,1747724400000,2552.08,2577.54,2520.66,2531.2,913343.3319999999,1689467.137,6.778e-05
2025-05-20 08:00:00+00:00,1747738800000,2531.21,2539.0,2491.0,2513.32,887639.522,1668769.095,8.979e-05
2025-05-20 12:00:00+00:00,1747753200000,2513.32,2514.31,2463.0,2481.52,1339869.1739999999,1622090.241,1.26e-05
2025-05-20 16:00:00+00:00,1747767600000,2481.52,2511.05,2438.39,2500.25,1342709.473,1590051.188,-2.619e-05
2025-05-20 20:00:00+00:00,1747782000000,2500.25,2540.47,2483.5,2523.09,984928.514,1571126.185,3.628e-05
2025-05-21 00:00:00+00:00,1747796400000,2523.08,2553.5,2506.31,2543.77,780479.959,1572279.123,6.225e-05
2025-05-21 04:00:00+00:00,1747810800000,2543.76,2615.46,2533.03,2550.72,1630181.452,1601046.586,9.338e-05
2025-05-21 08:00:00+00:00,1747825200000,2550.72,2561.48,2513.21,2535.67,1087132.338,1562325.735,2.045e-05
2025-05-21 12:00:00+00:00,1747839600000,2535.67,2581.96,2520.49,2566.01,1596059.5580000002,1537896.867,6.33e-06
2025-05-21 16:00:00+00:00,1747854000000,2566.01,2614.99,2450.72,2511.11,4283127.922,1541951.916,-2.837e-05
2025-05-21 20:00:00+00:00,1747868400000,2511.1,2598.53,2482.45,2550.26,1223065.547,1577669.658,1.028e-05
2025-05-22 00:00:00+00:00,1747882800000,2550.26,2647.25,2543.37,2628.6,1480317.9100000001,1671607.185,0.0001
2025-05-22 04:00:00+00:00,1747897200000,2628.59,2646.82,2601.65,2634.41,1239074.054,1671449.958,0.0001
2025-05-22 08:00:00+00:00,1747911600000,2634.41,2692.61,2626.41,2649.71,1589788.0520000001,1721005.696,0.0001
2025-05-22 12:00:00+00:00,1747926000000,2649.72,2679.3,2618.59,2663.53,1316940.7449999999,1696835.958,0.0001
2025-05-22 16:00:00+00:00,1747940400000,2663.54,2675.34,2625.28,2634.02,876865.881,1688744.972,0.0001
2025-05-22 20:00:00+00:00,1747954800000,2634.03,2665.0,2627.18,2663.72,482068.043,1684601.649,0.0001
2025-05-23 00:00:00+00:00,1747969200000,2663.72,2734.3,2643.76,2720.93,1570361.036,1773164.447,0.0001
2025-05-23 04:00:00+00:00,1747983600000,2720.93,2725.39,2650.01,2654.69,1300283.032,1706679.185,0.0001
2025-05-23 08:00:00+00:00,1747998000000,2654.69,2687.8,2550.0,2565.32,1833415.438,1643472.63,8.512e-05
2025-05-23 12:00:00+00:00,1748012400000,2565.32,2591.19,2497.0,2567.38,2423745.03,1650899.287,-7.28e-06
2025-05-23 16:00:00+00:00,1748026800000,2567.37,2585.94,2545.12,2559.76,959181.098,1627816.418,4.324e-05
2025-05-23 20:00:00+00:00,1748041200000,2559.77,2561.62,2502.1,2525.39,974559.196,1615483.227,0.0001
2025-05-24 00:00:00+00:00,1748055600000,2525.38,2555.05,2513.97,2548.98,533556.3570000001,1638290.638,9.213e-05
2025-05-24 04:00:00+00:00,1748070000000,2548.98,2562.33,2534.1,2545.79,469613.397,1639144.093,4.045e-05
2025-05-24 08:00:00+00:00,1748084400000,2545.78,2574.5,2543.81,2562.14,502514.348,1662477.347,5.49e-06
2025-05-24 12:00:00+00:00,1748098800000,2562.15,2564.37,2542.34,2554.32,470406.445,1654755.465,2.097e-05
2025-05-24 16:00:00+00:00,1748113200000,2554.32,2566.4,2542.23,2553.33,309487.14,1644528.851,6.749e-05
2025-05-24 20:00:00+00:00,1748127600000,2553.34,2555.47,2511.13,2529.27,466950.26099999994,1620565.683,6.041e-05
2025-05-25 00:00:00+00:00,1748142000000,2529.27,2538.38,2473.36,2511.79,973247.946,1629321.069,1.86e-06
2025-05-25 04:00:00+00:00,1748156400000,2511.78,2517.66,2486.3,2493.38,384054.29,1635106.491,3.75e-05
2025-05-25 08:00:00+00:00,1748170800000,2493.38,2501.74,2457.6,2496.58,796703.684,1618879.094,8.138e-05
2025-05-25 12:00:00+00:00,1748185200000,2496.58,2524.99,2478.0,2510.47,838094.896,1598179.941,8.491e-05
2025-05-25 16:00:00+00:00,1748199600000,2510.47,2537.0,2495.0,2525.21,415021.708,1586788.534,1.481e-05
2025-05-25 20:00:00+00:00,1748214000000,2525.2,2553.0,2506.08,2550.03,629624.009,1589103.858,3.85e-06
2025-05-26 00:00:00+00:00,1748228400000,2550.03,2576.0,2535.0,2559.33,697788.792,1582150.849,5.207e-05
2025-05-26 04:00:00+00:00,1748242800000,2559.34,2598.6,2556.16,2579.71,683033.265,1596470.977,8.067e-05
2025-05-26 08:00:00+00:00,1748257200000,2579.7,2581.8,2552.47,2566.75,545725.204,1600501.75,5.635e-05
2025-05-26 12:00:00+00:00,1748271600000,2566.74,2573.62,2537.68,2565.0,697779.257,1602242.838,4.711e-05
2025-05-26 16:00:00+00:00,1748286000000,2565.0,2572.8,2521.29,2539.97,642992.323,1581769.203,5.3e-05
2025-05-26 20:00:00+00:00,1748300400000,2539.97,2584.74,2535.19,2562.43,483515.497,1580495.983,4e-05
2025-05-27 00:00:00+00:00,1748314800000,2562.42,2572.5,2508.0,2548.42,836329.354,1590608.308,6.084e-05
2025-05-27 04:00:00+00:00,1748329200000,2548.42,2619.61,2547.83,2606.95,1343275.09,1681564.914,0.0001
2025-05-27 08:00:00+00:00,1748343600000,2606.97,2654.1,2606.7,2651.98,1387295.484,1897594.405,0.0001
2025-05-27 12:00:00+00:00,1748358000000,2651.97,2683.76,2632.42,2667.46,1566938.64,1924405.435,0.0001
2025-05-27 16:00:00+00:00,1748372400000,2667.47,2711.8,2657.2,2686.84,1253647.962,1945748.29,0.0001
2025-05-27 20:00:00+00:00,1748386800000,2686.84,2693.63,2651.0,2659.84,553686.383,1945765.935,0.0001
2025-05-28 00:00:00+00:00,1748401200000,2659.83,2660.85,2617.0,2644.51,734773.316,1941656.566,0.0001
2025-05-28 04:00:00+00:00,1748415600000,2644.51,2651.87,2622.36,2635.35,463076.132,1942873.505,0.0001
2025-05-28 08:00:00+00:00,1748430000000,2635.36,2658.94,2606.0,2655.99,750489.8200000001,1946956.066,0.0001
2025-05-28 12:00:00+00:00,1748444400000,2655.99,2689.13,2612.0,2626.17,1681717.068,1949002.397,0.0001
2025-05-28 16:00:00+00:00,1748458800000,2626.2,2664.0,2615.23,2616.61,785142.616,1951328.494,0.0001
2025-05-28 20:00:00+00:00,1748473200000,2616.61,2686.0,2610.01,2680.4,740934.4550000001,1970547.991,0.0001
2025-05-29 00:00:00+00:00,1748487600000,2680.4,2788.88,2669.43,2762.05,1934120.835,2176405.565,0.0001
2025-05-29 04:00:00+00:00,1748502000000,2762.04,2766.66,2700.01,2730.0,1163696.032,2073309.365,0.0001
2025-05-29 08:00:00+00:00,1748516400000,2730.0,2744.0,2705.82,2714.84,866640.236,2059323.529,9.326e-05
2025-05-29 12:00:00+00:00,1748530800000,2714.84,2718.09,2620.26,2642.46,2061443.262,1933582.569,8.419e-05
2025-05-29 16:00:00+00:00,1748545200000,2642.46,2672.85,2627.34,2649.35,990275.507,1926795.545,0.0001
2025-05-29 20:00:00+00:00,1748559600000,2649.35,2667.97,2617.11,2630.3,572182.083,1937228.029,7.477e-05
2025-05-30 00:00:00+00:00,1748574000000,2630.3,2644.12,2556.0,2630.39,1473970.879,1914637.352,6.438e-05
2025-05-30 04:00:00+00:00,1748588400000,2630.39,2648.42,2605.83,2617.55,912386.829,1908879.251,0.0001
2025-05-30 08:00:00+00:00,1748602800000,2617.55,2627.09,2586.55,2620.69,833611.471,1889350.185,9.75e-05
2025-05-30 12:00:00+00:00,1748617200000,2620.7,2625.28,2571.17,2597.01,1368556.609,1873837.627,5.744e-05
2025-05-30 16:00:00+00:00,1748631600000,2597.01,2603.0,2530.0,2573.3,1392383.191,1830901.028,1.812e-05
2025-05-30 20:00:00+00:00,1748646000000,2573.3,2589.45,2503.37,2529.63,1003938.363,1800934.236,3.403e-05
2025-05-31 00:00:00+00:00,1748660400000,2529.62,2538.39,2474.0,2512.88,1322167.486,1808676.612,5.308e-05
2025-05-31 04:00:00+00:00,1748674800000,2512.88,2526.0,2503.4,2520.0,394921.322,1827008.005,8.054e-05
2025-05-31 08:00:00+00:00,1748689200000,2520.0,2537.97,2506.27,2518.6,477940.903,1827943.649,8.657e-05
2025-05-31 12:00:00+00:00,1748703600000,2518.6,2550.0,2515.34,2534.85,645857.1869999999,1834376.811,2.785e-05
2025-05-31 16:00:00+00:00,1748718000000,2534.85,2546.49,2521.05,2536.48,304612.221,1823784.683,3.602e-05
2025-05-31 20:00:00+00:00,1748732400000,2536.47,2550.0,2523.32,2527.08,301330.216,1843018.772,7.499e-05
2025-06-01 00:00:00+00:00,1748746800000,2527.08,2529.67,2488.52,2512.14,597182.554,1837681.083,0.0001
2025-06-01 04:00:00+00:00,1748761200000,2512.13,2526.46,2504.58,2507.62,260989.816,1844848.157,4.016e-05
2025-06-01 08:00:00+00:00,1748775600000,2507.62,2509.7,2476.01,2496.32,578632.561,1856699.95,3.891e-05
2025-06-01 12:00:00+00:00,1748790000000,2496.32,2524.47,2465.0,2522.0,730401.961,1840886.681,3.395e-05
2025-06-01 16:00:00+00:00,1748804400000,2522.0,2547.0,2491.56,2525.11,884380.1109999999,1823100.781,5.273e-05
2025-06-01 20:00:00+00:00,1748818800000,2525.1,2546.35,2518.19,2537.89,433284.726,1811516.894,1.586e-05
2025-06-02 00:00:00+00:00,1748833200000,2537.89,2540.89,2484.05,2495.12,661312.367,1818187.085,3.846e-05
2025-06-02 04:00:00+00:00,1748847600000,2495.11,2512.74,2482.0,2505.78,579570.941,1865038.779,5.359e-05
2025-06-02 08:00:00+00:00,1748862000000,2505.79,2515.0,2472.74,2480.03,763797.294,1884537.936,2.512e-05
2025-06-02 12:00:00+00:00,1748876400000,2480.02,2556.34,2477.0,2543.24,1458642.261,1879445.944,8.593e-05
2025-06-02 16:00:00+00:00,1748890800000,2543.25,2565.4,2522.88,2531.21,837300.8200000001,1877357.444,5.448e-05
2025-06-02 20:00:00+00:00,1748905200000,2531.22,2614.2,2530.7,2606.48,974822.701,1900131.364,3.34e-05
2025-06-03 00:00:00+00:00,1748919600000,2606.49,2649.0,2588.05,2602.38,1386420.609,1893816.282,8.254e-05
2025-06-03 04:00:00+00:00,1748934000000,2602.38,2619.44,2588.88,2608.68,569501.463,1902164.809,6.111e-05
2025-06-03 08:00:00+00:00,1748948400000,2608.69,2619.52,2593.47,2600.21,505288.9,1898959.227,4.861e-05
2025-06-03 12:00:00+00:00,1748962800000,2600.21,2654.98,2596.36,2622.56,1348476.143,1911479.782,5.411e-05
2025-06-03 16:00:00+00:00,1748977200000,2622.55,2627.77,2601.76,2624.16,648206.7320000001,1918955.689,3.959e-05
2025-06-03 20:00:00+00:00,1748991600000,2624.17,2624.46,2563.0,2592.16,734013.333,1873651.693,4.39e-05
2025-06-04 00:00:00+00:00,1749006000000,2592.16,2639.84,2582.41,2626.78,649446.7420000001,1914493.068,5.752e-05
2025-06-04 04:00:00+00:00,1749020400000,2626.77,2644.17,2618.33,2626.31,578432.8770000001,1938892.475,7.621e-05
2025-06-04 08:00:00+00:00,1749034800000,2626.32,2649.38,2623.0,2623.71,662755.204,1968602.169,5.762e-05
2025-06-04 12:00:00+00:00,1749049200000,2623.71,2679.64,2593.2,2666.91,1877192.48,2009285.041,7.897e-05
2025-06-04 16:00:00+00:00,1749063600000,2666.92,2668.29,2620.73,2622.36,811795.325,1961829.96,6.322e-05
2025-06-04 20:00:00+00:00,1749078000000,2622.36,2623.79,2596.95,2606.62,704964.905,1914905.609,2.319e-05
2025-06-05 00:00:00+00:00,1749092400000,2606.62,2631.68,2600.11,2624.0,465813.604,1945234.572,6.944e-05
2025-06-05 04:00:00+00:00,1749106800000,2624.01,2633.76,2600.0,2603.21,580779.233,1955197.726,8.535e-05
2025-06-05 08:00:00+00:00,1749121200000,2603.22,2612.68,2579.14,2606.64,660454.477,1961170.824,9.682e-05
2025-06-05 12:00:00+00:00,1749135600000,2606.63,2640.0,2560.01,2588.34,2165012.477,1945733.066,6.396e-05
2025-06-05 16:00:00+00:00,1749150000000,2588.35,2590.7,2506.0,2528.08,1793921.2689999999,1894655.891,0.0001
2025-06-05 20:00:00+00:00,1749164400000,2528.08,2534.79,2390.0,2412.9,2826419.66,1797488.216,-1.07e-05
2025-06-06 00:00:00+00:00,1749178800000,2412.9,2455.83,2379.62,2454.51,1153684.026,1860478.217,2.207e-05
2025-06-06 04:00:00+00:00,1749193200000,2454.5,2468.43,2445.49,2454.18,745714.121,1856393.565,2.653e-05
2025-06-06 08:00:00+00:00,1749207600000,2454.19,2492.03,2452.71,2474.93,815093.429,1851226.256,1.016e-05
2025-06-06 12:00:00+00:00,1749222000000,2474.93,2529.67,2465.66,2508.29,1649226.869,1852629.879,2.658e-05
2025-06-06 16:00:00+00:00,1749236400000,2508.28,2517.39,2482.21,2483.04,681493.984,1855174.145,7.827e-05
2025-06-06 20:00:00+00:00,1749250800000,2483.04,2506.44,2471.51,2475.38,373807.114,1838152.821,8.751e-05
2025-06-07 00:00:00+00:00,1749265200000,2475.38,2492.79,2455.85,2487.99,562304.031,1835404.467,7.085e-05
2025-06-07 04:00:00+00:00,1749279600000,2487.99,2501.15,2478.75,2490.21,436170.86,1847982.112,5.495e-05
2025-06-07 08:00:00+00:00,1749294000000,2490.21,2500.88,2480.25,2494.22,295912.887,1861877.997,3.974e-05
2025-06-07 12:00:00+00:00,1749308400000,2494.23,2522.91,2491.28,2518.5,616927.623,1895191.977,6.69e-05
2025-06-07 16:00:00+00:00,1749322800000,2518.5,2524.9,2505.61,2515.78,397391.702,1880940.246,9.885e-05
2025-06-07 20:00:00+00:00,1749337200000,2515.78,2545.0,2515.78,2523.4,384207.658,1883717.854,0.0001
2025-06-08 00:00:00+00:00,1749351600000,2523.41,2525.0,2507.25,2510.66,304361.554,1885517.013,0.0001
2025-06-08 04:00:00+00:00,1749366000000,2510.66,2519.03,2507.25,2513.45,195997.002,1900178.663,9.526e-05
2025-06-08 08:00:00+00:00,1749380400000,2513.46,2520.19,2483.28,2512.29,585488.919,1914661.207,7.977e-05
2025-06-08 12:00:00+00:00,1749394800000,2512.29,2527.26,2498.68,2513.39,475955.891,1916100.46,4.695e-05
2025-06-08 16:00:00+00:00,1749409200000,2513.38,2539.68,2511.48,2531.53,417830.619,1923196.904,7.198e-05
2025-06-08 20:00:00+00:00,1749423600000,2531.54,2548.02,2497.41,2508.32,653318.554,1850130.858,2.237e-05
2025-06-09 00:00:00+00:00,1749438000000,2508.31,2510.64,2480.4,2495.55,592287.74,1818300.149,-4.9e-06
2025-06-09 04:00:00+00:00,1749452400000,2495.55,2495.74,2475.83,2490.67,395793.047,1821179.924,1.95e-05
2025-06-09 08:00:00+00:00,1749466800000,2490.67,2546.98,2483.03,2540.74,1177500.4840000002,1867688.771,8.902e-05
2025-06-09 12:00:00+00:00,1749481200000,2540.75,2547.97,2507.98,2532.98,970683.284,1881218.825,8.748e-05
2025-06-09 16:00:00+00:00,1749495600000,2532.98,2589.33,2532.66,2579.45,1032215.72,1902728.644,6.242e-05
2025-06-09 20:00:00+00:00,1749510000000,2579.46,2693.2,2574.54,2679.12,1404063.031,1940534.909,0.0001
2025-06-10 00:00:00+00:00,1749524400000,2679.13,2726.83,2674.44,2688.26,1363440.8050000002,2045281.971,0.0001
2025-06-10 04:00:00+00:00,1749538800000,2688.26,2699.0,2655.0,2676.67,941983.6449999999,2102298.974,0.0001
2025-06-10 08:00:00+00:00,1749553200000,2676.67,2798.72,2669.01,2772.99,1670367.3539999998,2149947.27,0.0001
2025-06-10 12:00:00+00:00,1749567600000,2772.99,2778.5,2688.53,2731.83,2220486.109,2155879.768,0.0001
2025-06-10 16:00:00+00:00,1749582000000,2731.84,2807.0,2727.05,2772.87,1329132.3499999999,2145657.379,0.0001
2025-06-10 20:00:00+00:00,1749596400000,2772.87,2827.0,2731.02,2815.74,1304747.252,2240658.626,0.0001
2025-06-11 00:00:00+00:00,1749610800000,2815.74,2834.23,2771.14,2790.21,938015.8,2242484.856,0.0001
2025-06-11 04:00:00+00:00,1749625200000,2790.21,2803.61,2778.8,2790.86,470951.583,2262471.048,0.0001
2025-06-11 08:00:00+00:00,1749639600000,2790.86,2792.84,2753.01,2771.82,737858.849,2257544.578,0.0001
2025-06-11 12:00:00+00:00,1749654000000,2771.82,2879.0,2762.88,2864.01,2768039.315,2326062.561,0.0001
2025-06-11 16:00:00+00:00,1749668400000,2864.0,2874.98,2800.59,2811.94,1796803.452,2251244.316,0.0001
2025-06-11 20:00:00+00:00,1749682800000,2811.93,2830.0,2742.57,2770.34,1202209.57,2180210.346,6.082e-05
2025-06-12 00:00:00+00:00,1749697200000,2770.35,2783.9,2745.01,2763.99,870750.517,2204988.535,8.58e-05
2025-06-12 04:00:00+00:00,1749711600000,2764.0,2775.75,2729.13,2739.45,769350.6799999999,2221538.093,0.0001
2025-06-12 08:00:00+00:00,1749726000000,2739.45,2760.94,2718.46,2728.76,908970.378,2209236.495,0.0001
2025-06-12 12:00:00+00:00,1749740400000,2728.76,2772.52,2710.78,2718.25,1597660.237,2190398.068,5.35e-05
2025-06-12 16:00:00+00:00,1749754800000,2718.24,2769.97,2690.01,2693.13,1386161.237,2140001.662,-6.6e-06
2025-06-12 20:00:00+00:00,1749769200000,2693.12,2702.38,2614.24,2641.38,1873001.2179999999,2084618.582,-1.266e-05
2025-06-13 00:00:00+00:00,1749783600000,2641.38,2644.32,2433.8,2513.0,4910049.085999999,1937475.365,-5.049e-05
2025-06-13 04:00:00+00:00,1749798000000,2513.0,2541.11,2490.78,2525.13,1278994.741,1896927.003,-1.013e-05
2025-06-13 08:00:00+00:00,1749812400000,2525.14,2544.87,2505.35,2543.93,1188597.489,1940579.758,5.45e-06
2025-06-13 12:00:00+00:00,1749826800000,2543.93,2562.57,2502.65,2550.26,1939511.167,1893532.386,2.018e-05
2025-06-13 16:00:00+00:00,1749841200000,2550.26,2585.0,2508.7,2526.33,1349970.638,1859139.268,4.326e-05
2025-06-13 20:00:00+00:00,1749855600000,2526.33,2582.16,2523.08,2578.09,498759.875,1853230.357,4.589e-05
2025-06-14 00:00:00+00:00,1749870000000,2578.1,2578.18,2545.83,2547.74,488953.08200000005,1860277.664,4.84e-05
2025-06-14 04:00:00+00:00,1749884400000,2547.73,2555.45,2524.08,2535.82,434102.98600000003,1883828.226,2.039e-05
2025-06-14 08:00:00+00:00,1749898800000,2535.82,2538.7,2517.33,2537.0,485412.365,1880090.472,-3.291e-05
2025-06-14 12:00:00+00:00,1749913200000,2537.01,2545.4,2503.3,2518.22,639512.902,1857673.151,3.81e-06
2025-06-14 16:00:00+00:00,1749927600000,2518.21,2525.07,2486.68,2506.31,999816.853,1869482.752,2.764e-05
2025-06-14 20:00:00+00:00,1749942000000,2506.36,2539.16,2495.4,2529.66,517526.19499999995,1847988.216,1.787e-05
2025-06-15 00:00:00+00:00,1749956400000,2529.66,2539.9,2523.78,2529.05,289312.42,1856893.624,7.054e-05
2025-06-15 04:00:00+00:00,1749970800000,2529.04,2552.23,2521.01,2527.33,636118.28,1865275.412,8.518e-05
2025-06-15 08:00:00+00:00,1749985200000,2527.32,2528.96,2507.38,2515.19,456376.615,1878190.56,5.028e-05
2025-06-15 12:00:00+00:00,1749999600000,2515.19,2555.0,2514.79,2540.79,789067.656,1912267.912,7.119e-05
2025-06-15 16:00:00+00:00,1750014000000,2540.8,2559.76,2528.54,2535.94,490790.656,1924781.993,0.0001
2025-06-15 20:00:00+00:00,1750028400000,2535.94,2549.42,2490.38,2546.32,836516.063,1905781.125,4.573e-05
2025-06-16 00:00:00+00:00,1750042800000,2546.32,2578.0,2513.38,2567.6,931639.038,1923351.007,6.944e-05
2025-06-16 04:00:00+00:00,1750057200000,2567.6,2637.7,2565.37,2627.71,1245019.081,1996176.471,9.04e-05
2025-06-16 08:00:00+00:00,1750071600000,2627.72,2633.15,2591.62,2615.81,831117.7559999999,1980828.455,0.0001
2025-06-16 12:00:00+00:00,1750086000000,2615.8,2656.51,2603.34,2630.86,1211839.078,2010350.147,3.963e-05
2025-06-16 16:00:00+00:00,1750100400000,2630.86,2668.9,2626.26,2659.2,771364.382,2005784.164,2.418e-05
2025-06-16 20:00:00+00:00,1750114800000,2659.22,2680.0,2533.1,2543.12,2110670.661,1932387.685,-8.95e-06
2025-06-17 00:00:00+00:00,1750129200000,2543.11,2617.74,2524.0,2606.39,1643928.047,1928846.795,9.884e-05
2025-06-17 04:00:00+00:00,1750143600000,2606.39,2609.69,2569.0,2581.13,692237.7220000001,1940025.629,0.0001
2025-06-17 08:00:00+00:00,1750158000000,2581.13,2584.37,2540.65,2551.25,780338.905,1970522.062,0.0001
2025-06-17 12:00:00+00:00,1750172400000,2551.26,2567.39,2480.0,2497.75,1936684.116,1938592.518,5.627e-05
2025-06-17 16:00:00+00:00,1750186800000,2497.76,2542.71,2451.97,2527.09,2072872.872,1936747.655,-3.623e-05
2025-06-17 20:00:00+00:00,1750201200000,2527.09,2533.83,2491.0,2508.99,878059.326,1925463.67,5.82e-05
2025-06-18 00:00:00+00:00,1750215600000,2508.99,2535.31,2505.0,2526.87,561438.504,1923003.512,7.482e-05
2025-06-18 04:00:00+00:00,1750230000000,2526.88,2545.1,2516.4,2532.33,525376.414,1926708.186,6.782e-05
2025-06-18 08:00:00+00:00,1750244400000,2532.33,2547.35,2487.45,2512.59,1052630.2349999999,1936114.008,5.787e-05
2025-06-18 12:00:00+00:00,1750258800000,2512.6,2537.99,2465.0,2507.84,2115706.575,1925134.272,2.406e-05
2025-06-18 16:00:00+00:00,1750273200000,2507.84,2520.09,2465.0,2491.24,1679946.7880000002,1938624.012,1.399e-05
2025-06-18 20:00:00+00:00,1750287600000,2491.25,2536.75,2481.5,2523.49,758607.152,1908323.047,5.385e-05
2025-06-19 00:00:00+00:00,1750302000000,2523.5,2546.29,2505.52,2524.36,624508.847,1905063.278,5.094e-05
2025-06-19 04:00:00+00:00,1750316400000,2524.35,2530.17,2513.01,2517.56,345035.78500000003,1919445.533,4.793e-05
2025-06-19 08:00:00+00:00,1750330800000,2517.56,2544.0,2517.55,2530.62,538241.7289999999,1980597.068,0.0001
2025-06-19 12:00:00+00:00,1750345200000,2530.61,2536.38,2488.76,2491.89,921652.562,1978530.071,4.928e-05
2025-06-19 16:00:00+00:00,1750359600000,2491.88,2523.48,2483.58,2503.76,729587.211,1970932.155,3.778e-05
2025-06-19 20:00:00+00:00,1750374000000,2503.77,2531.85,2501.59,2520.18,507720.547,1991248.15,8.113e-05
2025-06-20 00:00:00+00:00,1750388400000,2520.17,2530.58,2511.18,2516.16,386590.064,1994227.82,0.0001
2025-06-20 04:00:00+00:00,1750402800000,2516.16,2552.0,2502.44,2548.6,790265.848,2047538.845,8.995e-05
2025-06-20 08:00:00+00:00,1750417200000,2548.6,2568.56,2540.0,2548.68,1012530.739,2060307.61,9.772e-05
2025-06-20 12:00:00+00:00,1750431600000,2548.68,2558.63,2486.0,2492.46,1685818.916,2045905.264,2.645e-05
2025-06-20 16:00:00+00:00,1750446000000,2492.47,2495.1,2363.88,2413.62,2960595.651,2022769.672,-8.034e-05
2025-06-20 20:00:00+00:00,1750460400000,2413.62,2437.2,2380.0,2405.42,888370.5689999999,2025581.815,-5.035e-05
2025-06-21 00:00:00+00:00,1750474800000,2405.43,2431.44,2394.66,2424.33,529288.672,2051084.376,-2.368e-05
2025-06-21 04:00:00+00:00,1750489200000,2424.34,2427.25,2417.59,2425.63,274576.529,2046153.136,-1.379e-05
2025-06-21 08:00:00+00:00,1750503600000,2425.63,2447.96,2422.08,2441.43,587247.643,2009942.733,-8.16e-06
2025-06-21 12:00:00+00:00,1750518000000,2441.43,2444.1,2410.89,2422.37,787741.5149999999,1984996.821,4.981e-05
2025-06-21 16:00:00+00:00,1750532400000,2422.36,2427.39,2381.0,2384.02,855670.816,2004287.105,9.702e-05
2025-06-21 20:00:00+00:00,1750546800000,2384.02,2408.1,2213.07,2294.63,3313256.274,1921312.759,-7.34e-06
2025-06-22 00:00:00+00:00,1750561200000,2294.64,2312.96,2243.19,2263.49,2193010.09,1891614.669,-7.571e-05
2025-06-22 04:00:00+00:00,1750575600000,2263.5,2297.4,2260.59,2269.74,745492.225,1901074.231,-1.761e-05
2025-06-22 08:00:00+00:00,1750590000000,2269.74,2279.08,2233.34,2272.0,1138897.715,1911428.878,-3.099e-05
2025-06-22 12:00:00+00:00,1750604400000,2272.0,2286.64,2155.1,2173.91,3824236.2709999997,1932005.288,4.688e-05
2025-06-22 16:00:00+00:00,1750618800000,2173.9,2219.11,2169.42,2182.96,1163775.32,1923117.972,7.701e-05
2025-06-22 20:00:00+00:00,1750633200000,2182.97,2236.0,2111.0,2226.33,1911014.757,1876053.579,2.293e-05
2025-06-23 00:00:00+00:00,1750647600000,2226.33,2259.37,2221.0,2233.89,780063.519,1887739.725,-2.974e-05
2025-06-23 04:00:00+00:00,1750662000000,2233.9,2277.77,2226.76,2257.5,914424.114,1910085.26,-1.456e-05
2025-06-23 08:00:00+00:00,1750676400000,2257.51,2273.47,2237.34,2252.16,657693.554,1917254.14,-8e-07
2025-06-23 12:00:00+00:00,1750690800000,2252.17,2317.0,2231.02,2247.17,2217435.9129999997,1925377.353,2.37e-06
2025-06-23 16:00:00+00:00,1750705200000,2247.16,2325.38,2187.01,2311.57,3035881.317,1855374.591,3.934e-05
2025-06-23 20:00:00+00:00,1750719600000,2311.61,2440.0,2302.27,2410.39,2514103.62,1857185.003,2.334e-05
2025-06-24 00:00:00+00:00,1750734000000,2410.4,2416.83,2388.05,2397.66,940167.1740000001,1880451.52,4.587e-05
2025-06-24 04:00:00+00:00,1750748400000,2397.66,2434.1,2390.0,2391.79,971566.814,1907462.071,1.266e-05
2025-06-24 08:00:00+00:00,1750762800000,2391.78,2450.0,2374.9,2408.3,1457561.5320000001,1884971.843,6.93e-06
2025-06-24 12:00:00+00:00,1750777200000,2408.3,2455.98,2401.46,2437.0,1354130.236,1932455.52,4.35e-06
2025-06-24 16:00:00+00:00,1750791600000,2437.0,2481.28,2416.0,2432.91,1553818.8860000002,1909535.288,-7.57e-06
2025-06-24 20:00:00+00:00,1750806000000,2432.9,2448.82,2428.94,2447.58,395365.33,1913067.803,-9.15e-06
2025-06-25 00:00:00+00:00,1750820400000,2447.58,2467.84,2435.29,2442.85,618629.814,1920159.362,3.45e-06
2025-06-25 04:00:00+00:00,1750834800000,2442.85,2449.93,2422.77,2443.45,561567.204,1917781.949,-5.1e-07
2025-06-25 08:00:00+00:00,1750849200000,2443.44,2447.61,2405.06,2427.96,963725.948,1915062.813,-4.191e-05
2025-06-25 12:00:00+00:00,1750863600000,2427.93,2445.87,2388.23,2404.48,1704481.503,1887993.86,1.143e-05
2025-06-25 16:00:00+00:00,1750878000000,2404.48,2438.75,2400.22,2431.8,664699.186,1885947.013,8.666e-05
2025-06-25 20:00:00+00:00,1750892400000,2431.79,2455.27,2406.69,2417.28,487021.558,1859805.928,2.82e-05
2025-06-26 00:00:00+00:00,1750906800000,2417.28,2520.0,2415.68,2487.95,1384813.557,1913679.573,4.055e-05
2025-06-26 04:00:00+00:00,1750921200000,2487.95,2499.85,2465.74,2489.0,648672.753,1937155.462,8.057e-05
2025-06-26 08:00:00+00:00,1750935600000,2489.01,2499.65,2438.0,2449.23,888554.8030000001,1909188.591,5.707e-05
2025-06-26 12:00:00+00:00,1750950000000,2449.23,2458.93,2408.01,2432.0,1525301.187,1849896.395,9.85e-06
2025-06-26 16:00:00+00:00,1750964400000,2432.0,2443.09,2416.63,2434.52,549742.962,1841548.606,4.25e-06
2025-06-26 20:00:00+00:00,1750978800000,2434.51,2456.58,2392.12,2414.54,707909.25,1825098.117,3.52e-06
2025-06-27 00:00:00+00:00,1750993200000,2414.59,2447.89,2377.0,2445.83,785672.789,1856225.094,1.502e-05
2025-06-27 04:00:00+00:00,1751007600000,2445.84,2458.88,2433.33,2441.19,623010.328,1850174.792,4.57e-06
2025-06-27 08:00:00+00:00,1751022000000,2441.2,2463.38,2433.99,2446.26,612862.63,1864649.28,3.009e-05
2025-06-27 12:00:00+00:00,1751036400000,2446.27,2456.33,2412.5,2437.61,1017373.5210000001,1860060.488,5.506e-05
2025-06-27 16:00:00+00:00,1751050800000,2437.61,2448.69,2387.01,2411.72,985773.8589999999,1874899.308,4.474e-05
2025-06-27 20:00:00+00:00,1751065200000,2411.72,2429.0,2410.5,2422.06,350789.367,1872450.294,8.444e-05
2025-06-28 00:00:00+00:00,1751079600000,2422.07,2423.06,2404.75,2419.7,281932.45900000003,1883630.552,7.943e-05
2025-06-28 04:00:00+00:00,1751094000000,2419.7,2433.0,2416.52,2430.55,249389.72400000002,1870940.647,6.58e-06
2025-06-28 08:00:00+00:00,1751108400000,2430.55,2431.25,2418.29,2426.26,224421.488,1864954.185,3.93e-06
2025-06-28 12:00:00+00:00,1751122800000,2426.26,2443.99,2418.75,2435.08,250438.725,1862042.099,4.011e-05
2025-06-28 16:00:00+00:00,1751137200000,2435.09,2447.42,2430.5,2432.38,359274.969,1868945.698,8.059e-05
2025-06-28 20:00:00+00:00,1751151600000,2432.38,2441.37,2425.8,2434.8,168454.394,1866410.402,6.192e-05
2025-06-29 00:00:00+00:00,1751166000000,2434.8,2441.68,2423.12,2426.85,199560.09100000001,1872025.122,6.151e-05
2025-06-29 04:00:00+00:00,1751180400000,2426.84,2439.6,2425.57,2439.58,173700.524,1884563.446,8.727e-05
2025-06-29 08:00:00+00:00,1751194800000,2439.58,2463.96,2437.05,2460.82,587466.365,1898416.544,5.888e-05
2025-06-29 12:00:00+00:00,1751209200000,2460.81,2462.14,2431.7,2435.36,497284.17000000004,1865004.923,4.2e-07
2025-06-29 16:00:00+00:00,1751223600000,2435.36,2441.71,2428.0,2436.81,283148.046,1847674.697,-8.63e-06
2025-06-29 20:00:00+00:00,1751238000000,2436.8,2524.41,2406.45,2499.25,1325636.0040000002,1833662.686,5.102e-05
2025-06-30 00:00:00+00:00,1751252400000,2499.25,2523.43,2494.18,2498.42,660423.78,1868914.619,0.0001
2025-06-30 04:00:00+00:00,1751266800000,2498.43,2504.81,2453.94,2479.63,882527.3420000001,1913405.081,9.152e-05
2025-06-30 08:00:00+00:00,1751281200000,2479.63,2485.84,2445.2,2457.19,783903.0160000001,1933697.835,3.176e-05
2025-06-30 12:00:00+00:00,1751295600000,2457.19,2488.12,2431.87,2473.54,1355948.5860000001,1874589.141,3.96e-06
2025-06-30 16:00:00+00:00,1751310000000,2473.54,2517.49,2460.05,2514.78,980605.854,1889560.508,8.635e-05
2025-06-30 20:00:00+00:00,1751324400000,2514.78,2521.59,2481.15,2484.3,509078.127,1893587.067,8.191e-05
2025-07-01 00:00:00+00:00,1751338800000,2484.3,2499.6,2476.24,2484.36,416594.462,1894635.037,3.544e-05
2025-07-01 04:00:00+00:00,1751353200000,2484.37,2484.7,2443.88,2464.02,834084.799,1908581.366,1.553e-05
2025-07-01 08:00:00+00:00,1751367600000,2464.02,2464.02,2441.14,2448.14,465079.976,1905385.529,4.166e-05
2025-07-01 12:00:00+00:00,1751382000000,2448.13,2455.3,2405.05,2422.49,1442880.685,1939343.799,-1.486e-05
2025-07-01 16:00:00+00:00,1751396400000,2422.49,2433.24,2400.0,2401.45,670882.473,1939506.736,-1.887e-05
2025-07-01 20:00:00+00:00,1751410800000,2401.45,2417.43,2383.33,2403.65,676653.635,1943146.143,1.967e-05
2025-07-02 00:00:00+00:00,1751425200000,2403.66,2431.51,2367.53,2429.23,755580.925,1953210.841,4.28e-06
2025-07-02 04:00:00+00:00,1751439600000,2429.22,2453.53,2424.13,2445.75,667585.557,1966801.587,4.864e-05
2025-07-02 08:00:00+00:00,1751454000000,2445.76,2460.0,2440.32,2444.53,570139.7509999999,1938010.897,5.05e-05
2025-07-02 12:00:00+00:00,1751468400000,2444.53,2502.97,2430.42,2497.74,1332986.591,1974492.861,5.209e-05
2025-07-02 16:00:00+00:00,1751482800000,2497.73,2607.36,2494.04,2603.65,2430964.502,2032283.02,0.0001
2025-07-02 20:00:00+00:00,1751497200000,2603.64,2618.2,2568.09,2569.37,851809.443,2061980.323,0.0001
2025-07-03 00:00:00+00:00,1751511600000,2569.37,2586.15,2555.25,2560.22,604326.811,2079121.676,0.0001
2025-07-03 04:00:00+00:00,1751526000000,2560.21,2604.84,2558.27,2599.24,706792.152,2079871.697,9.875e-05
2025-07-03 08:00:00+00:00,1751540400000,2599.24,2616.0,2580.24,2596.25,836532.8470000001,2067319.23,2.402e-05
2025-07-03 12:00:00+00:00,1751554800000,2596.25,2635.0,2563.77,2569.14,2209363.396,2072224.617,4.388e-05
2025-07-03 16:00:00+00:00,1751569200000,2569.14,2591.31,2563.75,2584.63,600760.674,2039156.238,-1.571e-05
2025-07-03 20:00:00+00:00,1751583600000,2584.63,2602.76,2584.1,2590.17,310981.364,2034471.328,1.353e-05
2025-07-04 00:00:00+00:00,1751598000000,2590.18,2601.96,2570.07,2576.66,432892.13800000004,2039599.922,7.464e-05
2025-07-04 04:00:00+00:00,1751612400000,2576.67,2584.01,2528.0,2533.85,1036995.1669999999,1986338.212,6.656e-05
2025-07-04 08:00:00+00:00,1751626800000,2533.85,2558.0,2525.77,2548.01,709906.3319999999,2000688.008,7.056e-05
2025-07-04 12:00:00+00:00,1751641200000,2548.01,2554.84,2494.42,2499.61,1434107.509,2003924.263,2.671e-05
2025-07-04 16:00:00+00:00,1751655600000,2499.61,2502.66,2473.07,2481.59,952063.317,1977031.142,5.114e-05
2025-07-04 20:00:00+00:00,1751670000000,2481.59,2519.6,2480.2,2506.86,467707.257,1958900.284,1.385e-05
2025-07-05 00:00:00+00:00,1751684400000,2506.87,2523.94,2496.79,2517.3,337655.931,1958857.081,1.196e-05
2025-07-05 04:00:00+00:00,1751698800000,2517.3,2528.86,2511.32,2520.35,300295.253,1970750.112,3.958e-05
2025-07-05 08:00:00+00:00,1751713200000,2520.36,2524.73,2507.65,2516.82,309522.531,1979105.036,7.082e-05
2025-07-05 12:00:00+00:00,1751727600000,2516.82,2520.96,2503.71,2506.88,319743.532,1971371.41,5.542e-05
2025-07-05 16:00:00+00:00,1751742000000,2506.88,2512.29,2486.31,2504.41,504716.31,1961200.631,5.036e-05
2025-07-05 20:00:00+00:00,1751756400000,2504.4,2521.74,2497.0,2515.25,239879.454,1962723.493,3.944e-05
2025-07-06 00:00:00+00:00,1751770800000,2515.25,2519.82,2508.06,2513.77,180837.776,1974864.528,3.613e-05
2025-07-06 04:00:00+00:00,1751785200000,2513.77,2526.09,2507.45,2516.9,280595.588,1989981.298,6.593e-05
2025-07-06 08:00:00+00:00,1751799600000,2516.91,2517.64,2502.25,2514.73,338116.30100000004,1978970.606,2.318e-05
2025-07-06 12:00:00+00:00,1751814000000,2514.72,2569.4,2510.56,2557.69,1242565.0650000002,2035109.516,8.083e-05
2025-07-06 16:00:00+00:00,1751828400000,2557.69,2559.97,2522.69,2540.0,580072.484,2018155.316,0.0001
2025-07-06 20:00:00+00:00,1751842800000,2540.01,2607.08,2539.0,2569.14,977977.949,2022489.524,0.0001
2025-07-07 00:00:00+00:00,1751857200000,2569.14,2589.88,2549.03,2576.34,587935.204,2041317.982,0.0001
2025-07-07 04:00:00+00:00,1751871600000,2576.34,2579.78,2558.62,2577.28,397485.01300000004,2061384.308,0.0001
2025-07-07 08:00:00+00:00,1751886000000,2577.28,2587.73,2551.23,2561.83,647745.617,2056499.446,5.851e-05
2025-07-07 12:00:00+00:00,1751900400000,2561.83,2568.0,2525.88,2532.56,1344005.975,1985451.701,-2.985e-05
2025-07-07 16:00:00+00:00,1751914800000,2532.56,2557.0,2505.37,2542.86,1254256.481,2020377.366,3.85e-05
2025-07-07 20:00:00+00:00,1751929200000,2542.85,2544.59,2522.04,2541.37,336429.483,2019792.815,7.585e-05
2025-07-08 00:00:00+00:00,1751943600000,2541.36,2553.82,2522.07,2536.82,492351.796,2017215.679,4.166e-05
2025-07-08 04:00:00+00:00,1751958000000,2536.82,2563.0,2530.72,2552.16,547321.503,2035094.29,2.827e-05
2025-07-08 08:00:00+00:00,1751972400000,2552.16,2584.99,2542.0,2573.88,646689.423,2061931.014,3.248e-05
2025-07-08 12:00:00+00:00,1751986800000,2573.88,2600.0,2556.36,2563.83,1079021.8769999999,2066014.228,6.466e-05
2025-07-08 16:00:00+00:00,1752001200000,2563.83,2627.83,2558.43,2609.23,1368277.075,2156022.838,0.0001
2025-07-08 20:00:00+00:00,1752015600000,2609.22,2616.69,2595.31,2613.97,340794.57,2148503.175,4.956e-05
2025-07-09 00:00:00+00:00,1752030000000,2613.97,2626.0,2588.49,2590.42,538893.869,2138173.689,4.138e-05
2025-07-09 04:00:00+00:00,1752044400000,2590.42,2649.0,2589.43,2623.74,909680.335,2169149.005,6.771e-05
2025-07-09 08:00:00+00:00,1752058800000,2623.75,2629.26,2602.54,2624.94,687417.658,2153614.597,1.698e-05
2025-07-09 12:00:00+00:00,1752073200000,2624.95,2674.5,2622.63,2655.41,1802367.9100000001,2179180.99,6.27e-05
2025-07-09 16:00:00+00:00,1752087600000,2655.41,2795.73,2650.88,2763.56,2075027.197,2161687.718,5.965e-05
2025-07-09 20:00:00+00:00,1752102000000,2763.56,2783.3,2730.2,2767.7,1255792.826,2238579.699,0.0001
2025-07-10 00:00:00+00:00,1752116400000,2767.69,2798.0,2754.08,2774.51,712640.2119999999,2278667.733,0.0001
2025-07-10 04:00:00+00:00,1752130800000,2774.51,2822.23,2764.43,2789.54,1097323.676,2276515.172,2.84e-05
2025-07-10 08:00:00+00:00,1752145200000,2789.54,2795.87,2771.08,2777.38,607880.478,2290033.712,5.959e-05
2025-07-10 12:00:00+00:00,1752159600000,2777.38,2794.0,2756.72,2768.49,1221382.384,2229317.509,3.174e-05
2025-07-10 16:00:00+00:00,1752174000000,2768.5,2839.29,2767.49,2814.61,2003963.745,2161516.026,-3.598e-05
2025-07-10 20:00:00+00:00,1752188400000,2814.61,3010.44,2811.2,2950.62,2933181.587,2142478.381,0.0001
2025-07-11 00:00:00+00:00,1752202800000,2950.61,2974.06,2913.72,2968.51,971211.378,2131159.418,0.0001
2025-07-11 04:00:00+00:00,1752217200000,2968.5,3028.48,2945.32,2967.8,1941649.453,2126780.548,0.0001
2025-07-11 08:00:00+00:00,1752231600000,2967.79,3040.95,2960.51,2983.22,1598636.988,2105024.959,0.0001
2025-07-11 12:00:00+00:00,1752246000000,2983.22,3008.9,2935.05,2950.45,1674438.458,2062833.722,0.0001
2025-07-11 16:00:00+00:00,1752260400000,2950.46,3009.55,2936.0,3006.64,1089326.287,2062337.53,0.0001
2025-07-11 20:00:00+00:00,1752274800000,3006.64,3008.76,2921.98,2956.93,881056.117,2011584.25,8.071e-05
2025-07-12 00:00:00+00:00,1752289200000,2956.94,2969.96,2929.13,2964.89,386505.314,2009684.942,0.0001
2025-07-12 04:00:00+00:00,1752303600000,2964.89,2978.0,2940.0,2961.7,500429.86699999997,2017765.115,7.648e-05
2025-07-12 08:00:00+00:00,1752318000000,2961.69,2979.0,2956.09,2962.54,339753.88899999997,2028985.545,0.0001
2025-07-12 12:00:00+00:00,1752332400000,2962.55,2967.08,2902.8,2914.83,1322574.9139999999,1986862.663,6.111e-05
2025-07-12 16:00:00+00:00,1752346800000,2914.83,2944.86,2909.38,2939.72,427432.585,1982112.327,7.259e-05
2025-07-12 20:00:00+00:00,1752361200000,2939.71,2947.0,2913.54,2941.87,302326.081,1968270.931,4.179e-05
2025-07-13 00:00:00+00:00,1752375600000,2941.88,2960.0,2934.88,2953.77,363850.858,1991965.111,1.917e-05
2025-07-13 04:00:00+00:00,1752390000000,2953.77,2967.89,2948.11,2961.46,345341.22500000003,2009963.886,4.441e-05
2025-07-13 08:00:00+00:00,1752404400000,2961.47,2965.0,2943.05,2963.32,336609.103,2016671.955,9.645e-05
2025-07-13 12:00:00+00:00,1752418800000,2963.32,3019.52,2957.87,2990.98,1180738.216,2034266.185,7.217e-05
2025-07-13 16:00:00+00:00,1752433200000,2990.98,3009.78,2960.58,2987.92,578057.302,2025193.026,5.845e-05
2025-07-13 20:00:00+00:00,1752447600000,2987.93,2997.48,2930.0,2970.37,698519.2220000001,1977356.273,1.051e-05
2025-07-14 00:00:00+00:00,1752462000000,2970.37,3051.91,2961.44,3036.37,1103831.107,1996868.385,4.675e-05
2025-07-14 04:00:00+00:00,1752476400000,3036.37,3066.0,3015.88,3043.65,1320109.2850000001,2032140.799,0.0001
2025-07-14 08:00:00+00:00,1752490800000,3043.65,3083.0,3022.22,3051.1,1481138.068,2095490.398,0.0001
2025-07-14 12:00:00+00:00,1752505200000,3051.1,3067.61,2990.69,3011.0,1552526.825,2078130.778,0.0001
2025-07-14 16:00:00+00:00,1752519600000,3011.0,3029.0,2981.0,2999.12,833211.877,2073829.431,6.075e-05
2025-07-14 20:00:00+00:00,1752534000000,2999.11,3017.75,2980.0,3012.26,365951.47699999996,2049844.976,6.13e-05
2025-07-15 00:00:00+00:00,1752548400000,3012.26,3022.5,2930.99,2950.9,1440427.666,1996901.961,0.0001
2025-07-15 04:00:00+00:00,1752562800000,2950.9,2994.34,2933.22,2976.35,912885.254,2070909.295,0.0001
2025-07-15 08:00:00+00:00,1752577200000,2976.36,2988.4,2958.0,2980.17,529162.8470000001,2065478.512,0.0001
2025-07-15 12:00:00+00:00,1752591600000,2980.16,3066.6,2965.78,3039.0,2861753.192,2093846.818,0.0001
2025-07-15 16:00:00+00:00,1752606000000,3038.99,3098.0,3033.03,3040.87,1944393.473,2099043.918,0.0001
2025-07-15 20:00:00+00:00,1752620400000,3040.86,3144.48,3029.37,3137.62,1007040.105,2113576.803,0.0001
2025-07-16 00:00:00+00:00,1752634800000,3137.62,3153.84,3102.58,3115.08,908028.6429999999,2164378.751,0.0001
2025-07-16 04:00:00+00:00,1752649200000,3115.07,3174.0,3099.6,3160.55,1030192.393,2193296.037,0.0001
2025-07-16 08:00:00+00:00,1752663600000,3160.55,3172.96,3143.0,3149.9,638200.399,2169981.584,0.0001
2025-07-16 12:00:00+00:00,1752678000000,3149.9,3265.88,3146.26,3243.4,2667111.815,2206177.199,0.0001
2025-07-16 16:00:00+00:00,1752692400000,3243.41,3384.9,3233.58,3382.52,2513097.0640000002,2161298.438,0.0001
2025-07-16 20:00:00+00:00,1752706800000,3382.5,3423.47,3342.24,3370.55,1647655.353,2102126.084,0.0001
2025-07-17 00:00:00+00:00,1752721200000,3370.54,3398.56,3311.0,3330.04,1130486.0729999999,2085432.931,0.0001
2025-07-17 04:00:00+00:00,1752735600000,3330.03,3472.2,3320.03,3448.37,1608602.777,2058097.689,0.0001
2025-07-17 08:00:00+00:00,1752750000000,3448.37,3482.62,3425.57,3434.69,1333952.4610000001,2062495.023,0.0001
2025-07-17 12:00:00+00:00,1752764400000,3434.68,3441.21,3362.0,3420.07,1708165.38,2047520.085,0.0001
2025-07-17 16:00:00+00:00,1752778800000,3420.06,3454.0,3365.01,3410.77,1314457.8560000001,2014349.678,0.0001
2025-07-17 20:00:00+00:00,1752793200000,3410.77,3524.0,3370.66,3476.65,1735851.752,1993174.149,0.0001
2025-07-18 00:00:00+00:00,1752807600000,3476.66,3628.99,3458.0,3596.83,1956613.6889999998,2051245.208,0.0001
2025-07-18 04:00:00+00:00,1752822000000,3596.82,3674.43,3576.0,3607.1,1765240.4530000002,2027335.722,0.0001
2025-07-18 08:00:00+00:00,1752836400000,3607.11,3631.0,3584.0,3612.0,999653.5650000001,2021410.135,0.0001
2025-07-18 12:00:00+00:00,1752850800000,3612.01,3673.72,3530.55,3564.7,2558559.704,2028535.977,0.0001
2025-07-18 16:00:00+00:00,1752865200000,3564.7,3624.71,3536.23,3551.21,1238581.375,2015477.337,0.0001
2025-07-18 20:00:00+00:00,1752879600000,3551.21,3578.0,3476.1,3546.36,1421561.075,1977758.913,0.0001
2025-07-19 00:00:00+00:00,1752894000000,3546.36,3598.0,3505.0,3591.74,708758.825,1987373.246,0.0001
2025-07-19 04:00:00+00:00,1752908400000,3591.74,3608.0,3566.0,3570.54,485878.925,2006035.192,0.0001
2025-07-19 08:00:00+00:00,1752922800000,3570.54,3577.77,3536.78,3551.9,575881.175,1995186.536,0.0001
2025-07-19 12:00:00+00:00,1752937200000,3551.89,3572.0,3525.72,3551.36,633517.0109999999,2006455.162,0.0001
2025-07-19 16:00:00+00:00,1752951600000,3551.36,3582.6,3531.53,3577.13,549586.865,1999181.132,0.0001
2025-07-19 20:00:00+00:00,1752966000000,3577.13,3598.0,3536.08,3591.31,497921.61600000004,1992338.39,0.0001
2025-07-20 00:00:00+00:00,1752980400000,3591.32,3695.0,3578.05,3657.11,1025090.465,2033394.083,0.0001
2025-07-20 04:00:00+00:00,1752994800000,3657.12,3689.0,3632.05,3667.38,826509.973,2062234.357,0.0001
2025-07-20 08:00:00+00:00,1753009200000,3667.37,3770.0,3667.37,3755.7,1401004.139,2123066.011,0.0001
2025-07-20 12:00:00+00:00,1753023600000,3755.7,3790.0,3724.0,3785.39,1122468.134,2119760.541,0.0001
2025-07-20 16:00:00+00:00,1753038000000,3785.39,3826.0,3729.57,3748.85,1679795.569,2184233.292,0.0001
2025-07-20 20:00:00+00:00,1753052400000,3748.85,3771.75,3680.0,3755.67,1180474.072,2151232.701,0.0001
2025-07-21 00:00:00+00:00,1753066800000,3755.68,3765.86,3700.19,3756.86,814007.961,2175762.79,0.0001
2025-07-21 04:00:00+00:00,1753081200000,3756.86,3812.0,3745.96,3786.97,856066.905,2197280.425,0.0001
2025-07-21 08:00:00+00:00,1753095600000,3786.96,3838.0,3755.06,3808.8,1149982.544,2211513.085,0.0001
2025-07-21 12:00:00+00:00,1753110000000,3808.88,3857.82,3773.63,3808.9,1578381.1419999998,2251564.659,0.0001
2025-07-21 16:00:00+00:00,1753124400000,3808.89,3815.86,3718.0,3734.9,1773107.943,2243663.194,0.0001
2025-07-21 20:00:00+00:00,1753138800000,3734.9,3778.81,3716.35,3760.96,501032.816,2232305.336,0.0001
2025-07-22 00:00:00+00:00,1753153200000,3760.95,3798.58,3693.22,3730.38,1346316.73,2224179.131,0.0001
2025-07-22 04:00:00+00:00,1753167600000,3730.38,3733.28,3651.0,3676.44,1428363.598,2190316.251,0.0001
2025-07-22 08:00:00+00:00,1753182000000,3676.44,3719.38,3616.53,3704.39,1583825.799,2218230.46,0.0001
2025-07-22 12:00:00+00:00,1753196400000,3704.4,3728.97,3626.0,3717.74,1743770.5520000001,2135997.17,0.0001
2025-07-22 16:00:00+00:00,1753210800000,3717.74,3750.0,3654.54,3668.91,1206318.524,2096393.753,0.0001
2025-07-22 20:00:00+00:00,1753225200000,3668.9,3751.61,3660.84,3746.01,623191.003,2082956.31,0.0001
2025-07-23 00:00:00+00:00,1753239600000,3746.02,3764.08,3712.0,3728.0,896152.493,2164635.009,0.0001
2025-07-23 04:00:00+00:00,1753254000000,3728.0,3737.2,3663.0,3672.27,730780.764,2144229.705,0.0001
2025-07-23 08:00:00+00:00,1753268400000,3672.27,3698.49,3638.77,3670.91,870532.357,2142080.943,0.0001
2025-07-23 12:00:00+00:00,1753282800000,3670.9,3680.03,3580.0,3643.55,2034729.704,2073790.467,0.0001
2025-07-23 16:00:00+00:00,1753297200000,3643.55,3643.55,3553.0,3587.06,1276174.247,2100096.588,0.0001
2025-07-23 20:00:00+00:00,1753311600000,3587.06,3634.98,3526.5,3627.49,1153814.812,2075405.662,0.0001
2025-07-24 00:00:00+00:00,1753326000000,3627.5,3664.87,3610.78,3640.31,627378.065,2094612.897,0.0001
2025-07-24 04:00:00+00:00,1753340400000,3640.31,3657.25,3505.0,3589.94,1797935.278,2074900.687,0.0001
2025-07-24 08:00:00+00:00,1753354800000,3589.94,3660.0,3579.12,3654.32,1380823.592,2100987.244,0.0001
2025-07-24 12:00:00+00:00,1753369200000,3654.33,3772.63,3611.11,3730.46,2058258.449,2072996.482,0.0001
2025-07-24 16:00:00+00:00,1753383600000,3730.47,3753.65,3665.8,3730.81,1285702.463,2092443.54,0.0001
2025-07-24 20:00:00+00:00,1753398000000,3730.8,3741.95,3693.71,3706.2,635771.768,2057671.835,0.0001
2025-07-25 00:00:00+00:00,1753412400000,3706.22,3707.46,3570.13,3594.25,1632653.72,2037864.69,0.0001
2025-07-25 04:00:00+00:00,1753426800000,3594.25,3666.81,3576.84,3630.68,1486432.7540000002,2028093.757,0.0001
2025-07-25 08:00:00+00:00,1753441200000,3630.68,3746.42,3627.41,3720.0,1461051.957,2069991.103,0.0001
2025-07-25 12:00:00+00:00,1753455600000,3720.01,3734.43,3600.0,3631.91,1593107.5690000001,2016907.7,0.0001
2025-07-25 16:00:00+00:00,1753470000000,3631.91,3658.5,3615.11,3639.56,578003.791,2007627.929,1.341e-05
2025-07-25 20:00:00+00:00,1753484400000,3639.55,3729.53,3637.42,3724.17,662107.414,2020553.433,0.0001
2025-07-26 00:00:00+00:00,1753498800000,3724.18,3766.83,3694.56,3738.01,690149.936,2048888.946,0.0001
2025-07-26 04:00:00+00:00,1753513200000,3738.0,3756.4,3729.32,3741.03,280468.172,2068699.232,0.0001
2025-07-26 08:00:00+00:00,1753527600000,3741.04,3783.62,3725.0,3738.44,835767.667,2060635.846,0.0001
2025-07-26 12:00:00+00:00,1753542000000,3738.43,3753.0,3714.14,3734.51,553003.537,2042019.666,0.0001
2025-07-26 16:00:00+00:00,1753556400000,3734.52,3756.38,3705.92,3749.33,449837.559,2033554.032,0.0001
2025-07-26 20:00:00+00:00,1753570800000,3749.32,3795.2,3731.11,3740.0,518603.19700000004,2009284.81,9.322e-05
2025-07-27 00:00:00+00:00,1753585200000,3740.0,3787.22,3728.36,3772.92,379033.623,2023706.913,0.0001
2025-07-27 04:00:00+00:00,1753599600000,3772.91,3810.28,3761.01,3766.5,595842.82,2055235.921,8.921e-05
2025-07-27 08:00:00+00:00,1753614000000,3766.5,3840.0,3747.32,3814.16,969625.625,2085003.983,0.0001
2025-07-27 12:00:00+00:00,1753628400000,3814.17,3836.0,3790.61,3817.66,663321.3640000001,2101841.659,0.0001
2025-07-27 16:00:00+00:00,1753642800000,3817.67,3868.97,3807.83,3827.35,875077.825,2101612.387,0.0001
2025-07-27 20:00:00+00:00,1753657200000,3827.35,3878.53,3814.49,3871.47,578434.501,2086568.017,0.0001
2025-07-28 00:00:00+00:00,1753671600000,3871.48,3907.88,3841.69,3878.47,969320.576,2110011.136,0.0001
2025-07-28 04:00:00+00:00,1753686000000,3878.46,3940.81,3867.0,3892.01,1252691.757,2240828.097,0.0001
2025-07-28 08:00:00+00:00,1753700400000,3892.0,3903.2,3856.61,3878.59,589540.124,2251123.016,0.0001
2025-07-28 12:00:00+00:00,1753714800000,3878.59,3888.8,3770.01,3806.09,1934388.261,2131007.464,0.0001
2025-07-28 16:00:00+00:00,1753729200000,3806.09,3821.0,3751.03,3796.02,986275.679,2095841.946,7.699e-05
2025-07-28 20:00:00+00:00,1753743600000,3796.01,3802.92,3763.47,3796.0,558574.529,2073364.135,4.494e-05
2025-07-29 00:00:00+00:00,1753758000000,3795.99,3819.99,3727.21,3790.46,1082309.264,2102926.418,2.136e-05
2025-07-29 04:00:00+00:00,1753772400000,3790.46,3879.57,3773.86,3876.56,948623.913,2089636.456,0.0001
2025-07-29 08:00:00+00:00,1753786800000,3876.56,3885.43,3810.15,3824.65,952121.388,2087688.988,0.0001
2025-07-29 12:00:00+00:00,1753801200000,3824.64,3874.97,3745.01,3759.52,1685108.273,2110364.691,0.0001
2025-07-29 16:00:00+00:00,1753815600000,3759.52,3795.0,3712.24,3763.78,1278988.996,2090558.695,4.294e-05
2025-07-29 20:00:00+00:00,1753830000000,3763.78,3799.78,3740.0,3791.55,599092.325,2090721.957,2.488e-05
2025-07-30 00:00:00+00:00,1753844400000,3791.55,3827.99,3753.69,3815.62,630457.661,2092684.61,3.584e-05
2025-07-30 04:00:00+00:00,1753858800000,3815.62,3832.61,3785.1,3809.13,563397.753,2099758.93,5.07e-05
2025-07-30 08:00:00+00:00,1753873200000,3809.12,3824.26,3742.0,3756.61,866405.174,2080654.068,1.45e-05
2025-07-30 12:00:00+00:00,1753887600000,3756.61,3830.94,3747.47,3795.76,1171205.043,2072599.934,1.54e-05
2025-07-30 16:00:00+00:00,1753902000000,3795.77,3821.36,3670.0,3758.7,1849502.383,2063331.724,3.046e-05
2025-07-30 20:00:00+00:00,1753916400000,3758.69,3811.13,3739.62,3808.67,677820.7239999999,2046228.259,5.133e-05
2025-07-31 00:00:00+00:00,1753930800000,3808.67,3867.0,3799.78,3861.97,762213.047,2078674.699,0.0001
2025-07-31 04:00:00+00:00,1753945200000,3861.97,3878.0,3853.18,3862.16,434581.65499999997,2119872.397,0.0001
2025-07-31 08:00:00+00:00,1753959600000,3862.15,3872.98,3824.05,3836.87,475804.23199999996,2126545.337,0.0001
2025-07-31 12:00:00+00:00,1753974000000,3836.87,3844.01,3760.16,3786.01,1492245.741,2075318.918,-1.18e-05
2025-07-31 16:00:00+00:00,1753988400000,3786.01,3816.99,3733.0,3736.19,1141794.881,2059340.248,-4.23e-05
2025-07-31 20:00:00+00:00,1754002800000,3736.2,3757.15,3682.23,3696.58,1090695.2000000002,2062331.687,-3.768e-05
2025-08-01 00:00:00+00:00,1754017200000,3696.57,3722.9,3613.67,3703.49,1649037.303,2110636.834,-2.95e-05
2025-08-01 04:00:00+00:00,1754031600000,3703.49,3703.49,3622.22,3648.67,1060678.646,2081229.022,1.11e-05
2025-08-01 08:00:00+00:00,1754046000000,3648.66,3648.66,3583.44,3641.04,1101742.019,2077502.188,7.135e-05
2025-08-01 12:00:00+00:00,1754060400000,3641.04,3674.84,3562.05,3614.49,2072546.15,2077785.591,4.87e-05
2025-08-01 16:00:00+00:00,1754074800000,3614.5,3632.74,3514.0,3517.57,1728308.014,2080575.68,5.321e-05
2025-08-01 20:00:00+00:00,1754089200000,3517.57,3551.89,3428.86,3486.42,1581260.135,2018235.319,5.787e-05
2025-08-02 00:00:00+00:00,1754103600000,3486.41,3531.27,3476.57,3527.15,577008.703,2020080.932,4.251e-05
2025-08-02 04:00:00+00:00,1754118000000,3527.15,3536.48,3453.14,3517.68,874769.2559999999,2034452.262,6.94e-06
2025-08-02 08:00:00+00:00,1754132400000,3517.67,3523.0,3472.01,3506.93,669038.801,2021265.235,2.989e-05
2025-08-02 12:00:00+00:00,1754146800000,3506.93,3516.48,3449.42,3457.5,818419.0560000001,2018644.171,7.965e-05
2025-08-02 16:00:00+00:00,1754161200000,3457.5,3479.6,3371.13,3381.35,1684732.822,2014815.119,8.291e-05
2025-08-02 20:00:00+00:00,1754175600000,3381.34,3442.49,3366.5,3392.42,800097.852,1994363.858,6.76e-05
2025-08-03 00:00:00+00:00,1754190000000,3392.42,3450.84,3353.51,3441.97,833279.1510000001,1995480.037,3.769e-05
2025-08-03 04:00:00+00:00,1754204400000,3441.98,3458.67,3432.1,3454.23,380442.783,2020206.792,5.796e-05
2025-08-03 08:00:00+00:00,1754218800000,3454.23,3514.0,3451.82,3483.4,693244.5109999999,2002532.327,-1.7e-06
2025-08-03 12:00:00+00:00,1754233200000,3483.41,3502.68,3452.79,3474.65,689136.36,1989503.639,3.77e-05
2025-08-03 16:00:00+00:00,1754247600000,3474.66,3513.64,3465.97,3495.32,425377.371,1981126.458,4.844e-05
2025-08-03 20:00:00+00:00,1754262000000,3495.33,3520.97,3481.58,3495.0,406051.051,1987536.714,1.729e-05
2025-08-04 00:00:00+00:00,1754276400000,3495.01,3575.0,3489.28,3555.0,821270.164,1997357.396,3.49e-06
2025-08-04 04:00:00+00:00,1754290800000,3555.0,3564.43,3518.36,3550.66,569671.566,1988174.068,1.08e-05
2025-08-04 08:00:00+00:00,1754305200000,3550.67,3573.63,3539.79,3554.0,498385.286,1979616.25,5.435e-05
2025-08-04 12:00:00+00:00,1754319600000,3554.01,3663.88,3549.16,3646.59,1579128.882,2018473.69,3.688e-05
2025-08-04 16:00:00+00:00,1754334000000,3646.6,3716.93,3646.41,3668.14,1138525.156,1983317.129,-2.113e-05
2025-08-04 20:00:00+00:00,1754348400000,3668.14,3735.0,3658.9,3719.42,709531.339,1982553.961,4.4e-07
2025-08-05 00:00:00+00:00,1754362800000,3719.41,3720.1,3646.72,3650.4,645083.762,1981589.394,2.661e-05
2025-08-05 04:00:00+00:00,1754377200000,3650.4,3678.35,3598.74,3611.76,978562.665,1958337.306,3.133e-05
2025-08-05 08:00:00+00:00,1754391600000,3611.76,3692.3,3606.65,3672.58,842260.219,1957460.032,9.79e-06
2025-08-05 12:00:00+00:00,1754406000000,3672.58,3678.89,3555.0,3568.46,2020149.308,1942529.872,1.263e-05
2025-08-05 16:00:00+00:00,1754420400000,3568.46,3611.0,3558.0,3570.18,753786.648,1928811.649,2.563e-05
2025-08-05 20:00:00+00:00,1754434800000,3570.18,3623.98,3542.58,3610.19,575325.544,1907677.199,2.392e-05
2025-08-06 00:00:00+00:00,1754449200000,3610.19,3612.48,3562.34,3582.02,550941.608,1906001.238,5.427e-05
2025-08-06 04:00:00+00:00,1754463600000,3582.03,3661.4,3568.0,3638.4,795083.238,1908037.207,8.244e-05
2025-08-06 08:00:00+00:00,1754478000000,3638.39,3644.0,3608.0,3618.16,558189.693,1915904.62,9.431e-05
2025-08-06 12:00:00+00:00,1754492400000,3618.15,3668.0,3571.05,3662.65,1208790.532,1909235.152,6.236e-05
2025-08-06 16:00:00+00:00,1754506800000,3662.66,3697.39,3636.78,3682.13,773389.743,1922054.064,5.216e-05
2025-08-06 20:00:00+00:00,1754521200000,3682.13,3684.92,3648.19,3681.21,312642.372,1932373.196,6.237e-05
2025-08-07 00:00:00+00:00,1754535600000,3681.21,3716.38,3645.78,3655.06,597181.105,1919368.196,7.363e-05
2025-08-07 04:00:00+00:00,1754550000000,3655.06,3710.0,3653.45,3701.0,453497.08900000004,1946232.136,4.285e-05
2025-08-07 08:00:00+00:00,1754564400000,3701.0,3841.45,3700.88,3825.66,1663381.778,2054507.411,0.0001
2025-08-07 12:00:00+00:00,1754578800000,3825.67,3864.54,3802.57,3835.15,1353895.586,2073833.405,0.0001
2025-08-07 16:00:00+00:00,1754593200000,3835.15,3875.0,3777.14,3865.48,1002993.494,2034505.038,6.312e-05
2025-08-07 20:00:00+00:00,1754607600000,3865.47,3926.38,3849.0,3908.4,866153.1740000001,2042448.602,4.194e-05
2025-08-08 00:00:00+00:00,1754622000000,3908.4,3968.81,3876.7,3938.05,1235680.482,2042791.615,8.071e-05
2025-08-08 04:00:00+00:00,1754636400000,3938.05,3938.4,3892.96,3914.88,544729.004,2068083.966,0.0001
2025-08-08 08:00:00+00:00,1754650800000,3914.87,3926.89,3883.11,3916.29,490087.246,2065470.167,0.0001
2025-08-08 12:00:00+00:00,1754665200000,3916.28,4011.09,3890.06,3953.0,2029847.2519999999,2124427.748,0.0001
2025-08-08 16:00:00+00:00,1754679600000,3953.0,4066.0,3949.41,4059.99,1324961.66,2210127.151,0.0001
2025-08-08 20:00:00+00:00,1754694000000,4060.0,4070.0,4005.52,4009.05,520037.213,2188993.522,0.0001
2025-08-09 00:00:00+00:00,1754708400000,4009.04,4050.91,4005.02,4049.33,462895.387,2196735.225,0.0001
2025-08-09 04:00:00+00:00,1754722800000,4049.34,4220.0,4043.26,4169.7,1918245.883,2233585.886,0.0001
2025-08-09 08:00:00+00:00,1754737200000,4169.71,4248.87,4164.38,4189.39,1186053.8159999999,2233498.895,0.0001
2025-08-09 12:00:00+00:00,1754751600000,4189.39,4225.5,4152.57,4207.51,1038277.884,2225390.334,0.0001
2025-08-09 16:00:00+00:00,1754766000000,4207.52,4271.1,4191.0,4256.64,719998.496,2225591.353,0.0001
2025-08-09 20:00:00+00:00,1754780400000,4256.64,4325.24,4238.74,4259.1,1222561.264,2203836.674,9.962e-05
2025-08-10 00:00:00+00:00,1754794800000,4259.11,4331.99,4205.0,4241.14,1287012.134,2183366.425,9.259e-05
2025-08-10 04:00:00+00:00,1754809200000,4241.14,4263.35,4175.51,4184.36,871237.224,2177738.379,0.0001
2025-08-10 08:00:00+00:00,1754823600000,4184.36,4232.0,4161.02,4179.11,813548.341,2168973.042,0.0001
2025-08-10 12:00:00+00:00,1754838000000,4179.11,4237.87,4160.0,4216.12,770699.165,2169013.561,0.0001
2025-08-10 16:00:00+00:00,1754852400000,4216.11,4257.96,4212.75,4247.2,385785.208,2154600.906,0.0001
2025-08-10 20:00:00+00:00,1754866800000,4247.2,4252.82,4184.05,4248.77,616842.579,2151072.844,8.873e-05
2025-08-11 00:00:00+00:00,1754881200000,4248.77,4346.0,4236.36,4307.77,1214417.77,2194086.587,6.408e-05
2025-08-11 04:00:00+00:00,1754895600000,4307.78,4349.67,4263.92,4272.93,738160.346,2169710.993,9.284e-05
2025-08-11 08:00:00+00:00,1754910000000,4272.93,4284.3,4168.03,4183.51,1093842.092,2140505.177,0.0001
2025-08-11 12:00:00+00:00,1754924400000,4183.51,4331.5,4164.23,4328.88,2138971.772,2190678.095,0.0001
2025-08-11 16:00:00+00:00,1754938800000,4328.88,4370.0,4232.0,4257.53,1375427.055,2158012.933,0.0001
2025-08-11 20:00:00+00:00,1754953200000,4257.53,4257.53,4185.6,4221.31,719819.3099999999,2127157.392,3.659e-05
2025-08-12 00:00:00+00:00,1754967600000,4221.31,4309.82,4216.61,4284.2,735084.532,2149601.329,9.89e-05
2025-08-12 04:00:00+00:00,1754982000000,4284.2,4320.63,4266.0,4314.23,709116.225,2185866.939,0.0001
2025-08-12 08:00:00+00:00,1754996400000,4314.23,4332.74,4255.56,4289.35,765692.65,2190421.915,0.0001
2025-08-12 12:00:00+00:00,1755010800000,4289.35,4482.3,4276.1,4470.98,3031824.495,2303619.9,0.0001
2025-08-12 16:00:00+00:00,1755025200000,4470.98,4519.0,4438.0,4515.17,1596330.126,2278877.481,0.0001
2025-08-12 20:00:00+00:00,1755039600000,4515.18,4640.0,4501.45,4589.31,1640669.135,2294227.905,0.0001
2025-08-13 00:00:00+00:00,1755054000000,4589.31,4656.62,4562.59,4645.39,1089244.545,2301446.071,0.0001
2025-08-13 04:00:00+00:00,1755068400000,4645.4,4682.0,4605.9,4624.29,976286.879,2299830.824,0.0001
2025-08-13 08:00:00+00:00,1755082800000,4624.29,4716.0,4607.0,4689.37,1115915.83,2358550.295,0.0001
2025-08-13 12:00:00+00:00,1755097200000,4689.38,4736.76,4613.11,4664.79,2254710.224,2332657.32,0.0001
2025-08-13 16:00:00+00:00,1755111600000,4664.79,4752.54,4660.82,4738.72,1420236.562,2317490.082,0.0001
2025-08-13 20:00:00+00:00,1755126000000,4738.73,4783.62,4694.55,4748.37,1103638.4449999998,2283785.235,0.0001
2025-08-14 00:00:00+00:00,1755140400000,4748.36,4781.6,4706.0,4774.86,929258.273,2292047.177,0.0001
2025-08-14 04:00:00+00:00,1755154800000,4774.85,4794.0,4717.0,4748.99,1108244.428,2308148.655,0.0001
2025-08-14 08:00:00+00:00,1755169200000,4748.99,4767.0,4669.0,4719.0,1112084.956,2306778.31,0.0001
2025-08-14 12:00:00+00:00,1755183600000,4718.99,4736.99,4455.0,4617.61,4641081.618,2269346.85,0.0001
2025-08-14 16:00:00+00:00,1755198000000,4617.61,4623.22,4478.8,4536.06,1693634.716,2235032.67,0.0001
2025-08-14 20:00:00+00:00,1755212400000,4536.07,4570.79,4451.0,4545.26,958255.679,2193882.386,0.0001
2025-08-15 00:00:00+00:00,1755226800000,4545.26,4647.99,4535.27,4632.63,858558.937,2185899.872,8.261e-05
2025-08-15 04:00:00+00:00,1755241200000,4632.63,4661.63,4603.45,4639.46,602739.481,2206265.464,9.642e-05
2025-08-15 08:00:00+00:00,1755255600000,4639.46,4666.0,4610.65,4632.4,549094.173,2223832.516,0.0001
2025-08-15 12:00:00+00:00,1755270000000,4632.41,4670.23,4392.53,4428.72,2890571.367,2152906.533,6.495e-05
2025-08-15 16:00:00+00:00,1755284400000,4428.72,4463.09,4371.0,4381.05,1715307.96,2135871.162,2.916e-05
2025-08-15 20:00:00+00:00,1755298800000,4381.05,4489.3,4364.0,4437.16,804061.223,2116079.708,5.967e-05
2025-08-16 00:00:00+00:00,1755313200000,4437.15,4488.33,4422.16,4430.97,669792.581,2124729.112,4.565e-05
2025-08-16 04:00:00+00:00,1755327600000,4430.97,4462.24,4407.0,4449.48,431151.45,2120652.087,9.077e-05
2025-08-16 08:00:00+00:00,1755342000000,4449.48,4457.44,4370.0,4385.89,878657.108,2217271.839,3.896e-05
2025-08-16 12:00:00+00:00,1755356400000,4385.9,4426.74,4373.0,4398.0,640184.123,2213639.722,1.968e-05
2025-08-16 16:00:00+00:00,1755370800000,4398.0,4440.0,4388.0,4416.3,334266.974,2210308.673,1.854e-05
2025-08-16 20:00:00+00:00,1755385200000,4416.3,4436.24,4400.0,4420.22,232902.612,2206943.205,4.669e-05
2025-08-17 00:00:00+00:00,1755399600000,4420.22,4456.72,4392.45,4450.43,435325.778,2218033.753,2.331e-05
2025-08-17 04:00:00+00:00,1755414000000,4450.44,4488.82,4441.41,4465.0,577950.305,2194199.082,-6.43e-06
2025-08-17 08:00:00+00:00,1755428400000,4464.99,4574.95,4456.63,4549.58,998341.027,2192606.582,2.144e-05
2025-08-17 12:00:00+00:00,1755442800000,4549.59,4563.66,4516.0,4559.58,544157.161,2201792.098,5.335e-05
2025-08-17 16:00:00+00:00,1755457200000,4559.58,4564.59,4417.17,4457.55,1023946.125,2196939.175,1.428e-05
2025-08-17 20:00:00+00:00,1755471600000,4457.55,4532.15,4454.44,4470.66,566408.78,2183478.536,6.2e-06
2025-08-18 00:00:00+00:00,1755486000000,4470.66,4480.0,4277.0,4318.43,2083009.95,2117045.529,7.243e-05
2025-08-18 04:00:00+00:00,1755500400000,4318.43,4346.0,4228.0,4255.03,1552120.94,2119459.125,9.214e-05
2025-08-18 08:00:00+00:00,1755514800000,4255.03,4322.0,4224.1,4272.91,1382313.528,2144327.874,9.492e-05
2025-08-18 12:00:00+00:00,1755529200000,4272.9,4368.01,4269.14,4343.22,1663804.296,2142249.818,8.958e-05
2025-08-18 16:00:00+00:00,1755543600000,4343.23,4383.67,4297.59,4353.36,927703.662,2128108.9,0.0001
2025-08-18 20:00:00+00:00,1755558000000,4353.37,4386.21,4302.36,4311.73,624033.383,2139111.174,0.0001
2025-08-19 00:00:00+00:00,1755572400000,4311.72,4354.22,4210.71,4217.43,1244051.85,2161676.869,0.0001
2025-08-19 04:00:00+00:00,1755586800000,4217.43,4248.93,4192.01,4232.61,892311.0109999999,2204807.84,0.0001
2025-08-19 08:00:00+00:00,1755601200000,4232.61,4315.71,4216.31,4307.3,801053.225,2236077.045,0.0001
2025-08-19 12:00:00+00:00,1755615600000,4307.29,4340.0,4167.0,4190.32,2151654.298,2274624.033,0.0001
2025-08-19 16:00:00+00:00,1755630000000,4190.33,4205.29,4112.36,4141.29,1573791.565,2282818.417,0.0001
2025-08-19 20:00:00+00:00,1755644400000,4141.28,4164.03,4064.96,4073.94,978250.237,2252124.653,0.0001
2025-08-20 00:00:00+00:00,1755658800000,4073.93,4156.29,4060.0,4139.0,1106408.7850000001,2215258.861,2.659e-05
2025-08-20 04:00:00+00:00,1755673200000,4138.99,4209.83,4137.3,4183.66,702800.6969999999,2204302.924,3.18e-06
2025-08-20 08:00:00+00:00,1755687600000,4183.66,4240.0,4146.24,4193.49,1115301.026,2199672.92,9.533e-05
2025-08-20 12:00:00+00:00,1755702000000,4193.48,4306.55,4104.33,4253.47,2502508.9179999996,2217609.454,9.124e-05
2025-08-20 16:00:00+00:00,1755716400000,4253.46,4363.0,4252.72,4344.33,1607244.173,2199752.242,4.391e-05
2025-08-20 20:00:00+00:00,1755730800000,4344.32,4376.13,4318.82,4334.5,635745.911,2194561.319,6.18e-05
2025-08-21 00:00:00+00:00,1755745200000,4334.5,4338.94,4275.64,4293.49,708674.818,2200194.349,8.998e-05
2025-08-21 04:00:00+00:00,1755759600000,4293.48,4319.71,4268.33,4309.16,504232.265,2204407.477,5.839e-05
2025-08-21 08:00:00+00:00,1755774000000,4309.16,4313.53,4254.35,4277.01,729102.7390000001,2207686.97,6.788e-05
2025-08-21 12:00:00+00:00,1755788400000,4277.0,4327.46,4224.5,4240.91,1616510.013,2188119.756,2.689e-05
2025-08-21 16:00:00+00:00,1755802800000,4240.91,4273.17,4206.0,4222.03,856649.089,2163348.958,1.633e-05
2025-08-21 20:00:00+00:00,1755817200000,4222.02,4260.0,4202.0,4223.7,522200.378,2146322.493,6.357e-05
2025-08-22 00:00:00+00:00,1755831600000,4223.69,4313.51,4220.08,4276.98,686192.115,2163535.548,8.23e-05
2025-08-22 04:00:00+00:00,1755846000000,4276.98,4344.0,4270.37,4325.99,761860.091,2201998.186,6.687e-05
2025-08-22 08:00:00+00:00,1755860400000,4326.0,4352.97,4271.1,4272.72,818505.596,2175968.413,6.409e-05
2025-08-22 12:00:00+00:00,1755874800000,4272.71,4666.0,4206.0,4613.93,5114968.127,2298043.132,6.054e-05
2025-08-22 16:00:00+00:00,1755889200000,4613.93,4858.0,4613.93,4832.06,3296103.971,2309300.353,0.0001
2025-08-22 20:00:00+00:00,1755903600000,4832.06,4888.49,4795.32,4830.37,1306653.733,2324982.91,0.0001
2025-08-23 00:00:00+00:00,1755918000000,4830.36,4830.37,4662.25,4694.47,1369739.122,2358734.97,0.0001
2025-08-23 04:00:00+00:00,1755932400000,4694.46,4765.05,4693.62,4712.85,714003.405,2333341.013,0.0001
2025-08-23 08:00:00+00:00,1755946800000,4712.86,4744.97,4688.95,4703.6,531872.3049999999,2332852.159,0.0001
2025-08-23 12:00:00+00:00,1755961200000,4703.61,4769.0,4691.36,4749.17,750582.436,2331676.63,0.0001
2025-08-23 16:00:00+00:00,1755975600000,4749.17,4760.45,4725.31,4756.75,298385.887,2338873.62,0.0001
2025-08-23 20:00:00+00:00,1755990000000,4756.76,4797.24,4736.0,4777.26,332696.506,2331755.187,0.0001
2025-08-24 00:00:00+00:00,1756004400000,4777.25,4816.55,4752.13,4787.76,525510.539,2327916.555,0.0001
2025-08-24 04:00:00+00:00,1756018800000,4787.76,4799.53,4755.4,4757.66,362935.26800000004,2332068.478,0.0001
2025-08-24 08:00:00+00:00,1756033200000,4757.66,4785.71,4717.68,4745.95,606341.511,2321261.487,0.0001
2025-08-24 12:00:00+00:00,1756047600000,4745.95,4829.66,4736.85,4796.28,768608.561,2349454.617,0.0001
2025-08-24 16:00:00+00:00,1756062000000,4796.28,4957.67,4740.72,4811.25,2588947.531,2308699.292,0.0001
2025-08-24 20:00:00+00:00,1756076400000,4811.25,4823.0,4702.47,4778.32,1509052.441,2269926.844,4.96e-05
2025-08-25 00:00:00+00:00,1756090800000,4778.33,4796.8,4667.24,4725.46,1072975.043,2257470.336,7.992e-05
2025-08-25 04:00:00+00:00,1756105200000,4725.46,4737.74,4580.82,4589.6,1273479.594,2242627.067,4.558e-05
2025-08-25 08:00:00+00:00,1756119600000,4589.6,4613.64,4518.0,4598.0,1485265.184,2234457.683,4.311e-05
2025-08-25 12:00:00+00:00,1756134000000,4597.99,4683.26,4583.27,4610.31,1699711.678,2181973.544,1.674e-05
2025-08-25 16:00:00+00:00,1756148400000,4610.31,4644.71,4413.03,4418.75,1634992.441,2176968.665,6.752e-05
2025-08-25 20:00:00+00:00,1756162800000,4418.77,4444.2,4331.15,4374.25,1938052.9849999999,2121697.224,-7.22e-06
2025-08-26 00:00:00+00:00,1756177200000,4374.25,4449.55,4310.0,4400.5,1354094.883,2119456.588,2.567e-05
2025-08-26 04:00:00+00:00,1756191600000,4400.52,4453.78,4391.61,4427.16,752770.9310000001,2112187.908,1.118e-05
2025-08-26 08:00:00+00:00,1756206000000,4427.15,4465.0,4403.0,4425.57,648548.45,2113627.771,2.739e-05
2025-08-26 12:00:00+00:00,1756220400000,4425.57,4576.31,4403.01,4516.17,2385362.668,2108461.128,1.074e-05
2025-08-26 16:00:00+00:00,1756234800000,4516.16,4595.73,4494.19,4593.84,992246.486,2068747.185,-4.782e-05
2025-08-26 20:00:00+00:00,1756249200000,4593.82,4632.92,4559.5,4598.49,700100.297,2052789.071,-8.19e-06
2025-08-27 00:00:00+00:00,1756263600000,4598.5,4625.0,4538.0,4601.07,758967.128,2049860.946,6.842e-05
2025-08-27 04:00:00+00:00,1756278000000,4601.08,4643.93,4557.06,4578.59,776015.0789999999,2078055.124,1.916e-05
2025-08-27 08:00:00+00:00,1756292400000,4578.59,4618.76,4553.0,4606.37,651846.5160000001,2088694.975,3.067e-05
2025-08-27 12:00:00+00:00,1756306800000,4606.37,4662.5,4572.9,4655.31,1494647.6130000001,2075262.109,4.152e-05
2025-08-27 16:00:00+00:00,1756321200000,4655.31,4655.92,4530.01,4563.23,910005.376,2037098.988,1.468e-05
2025-08-27 20:00:00+00:00,1756335600000,4563.23,4612.85,4479.01,4504.84,1175137.002,2013046.3,5.936e-05
2025-08-28 00:00:00+00:00,1756350000000,4504.86,4547.11,4465.0,4539.38,595929.0970000001,2012375.612,6.992e-05
2025-08-28 04:00:00+00:00,1756364400000,4539.39,4600.0,4532.28,4594.81,578779.3640000001,2017364.513,2.598e-05
2025-08-28 08:00:00+00:00,1756378800000,4594.81,4633.12,4580.0,4592.72,592179.043,2038277.975,7.237e-05
2025-08-28 12:00:00+00:00,1756393200000,4592.72,4612.93,4482.01,4502.04,1222990.323,2011120.363,2.211e-05
2025-08-28 16:00:00+00:00,1756407600000,4502.04,4528.77,4432.5,4436.18,969948.233,2010606.693,-1.27e-06
2025-08-28 20:00:00+00:00,1756422000000,4436.18,4513.71,4425.0,4509.1,466611.859,2007312.249,1.663e-05
2025-08-29 00:00:00+00:00,1756436400000,4509.1,4514.66,4432.09,4487.57,630198.345,2007815.046,4.544e-05
2025-08-29 04:00:00+00:00,1756450800000,4487.56,4495.7,4365.1,4379.03,824561.042,1991201.156,5.025e-05
2025-08-29 08:00:00+00:00,1756465200000,4379.03,4396.55,4316.2,4344.43,1008368.224,2023724.818,-6.04e-06
2025-08-29 12:00:00+00:00,1756479600000,4344.43,4456.24,4264.29,4313.87,2409219.53,2026334.39,1.562e-05
2025-08-29 16:00:00+00:00,1756494000000,4313.88,4365.27,4293.6,4338.78,811655.251,2014522.675,8.69e-06
2025-08-29 20:00:00+00:00,1756508400000,4338.79,4378.5,4302.9,4358.65,525651.719,2011196.612,4.18e-05
2025-08-30 00:00:00+00:00,1756522800000,4358.65,4381.97,4254.97,4350.85,1019490.6630000001,2010067.482,5.403e-05
2025-08-30 04:00:00+00:00,1756537200000,4350.86,4414.45,4345.07,4399.8,551427.643,2011309.959,-1.038e-05
2025-08-30 08:00:00+00:00,1756551600000,4399.8,4406.03,4376.24,4389.93,303635.18799999997,2013716.301,2.231e-05
2025-08-30 12:00:00+00:00,1756566000000,4389.93,4391.87,4329.45,4373.71,601987.777,2008911.89,4.089e-05
2025-08-30 16:00:00+00:00,1756580400000,4373.71,4373.71,4333.0,4352.33,266145.726,2005602.544,-4.41e-06
2025-08-30 20:00:00+00:00,1756594800000,4352.32,4376.6,4332.0,4372.0,200027.995,2001559.668,-1.331e-05
2025-08-31 00:00:00+00:00,1756609200000,4372.0,4488.36,4370.33,4485.72,758814.852,2003549.811,6.613e-05
2025-08-31 04:00:00+00:00,1756623600000,4485.75,4489.85,4431.08,4448.77,424412.51,1990724.259,5.543e-05
2025-08-31 08:00:00+00:00,1756638000000,4448.77,4482.46,4438.0,4474.53,464540.55799999996,2012494.393,4.059e-05
2025-08-31 12:00:00+00:00,1756652400000,4474.54,4498.0,4448.0,4482.47,560073.905,2025460.942,-1.111e-05
2025-08-31 16:00:00+00:00,1756666800000,4482.48,4489.0,4451.42,4453.25,346401.925,2033145.518,-2.962e-05
2025-08-31 20:00:00+00:00,1756681200000,4453.24,4475.91,4374.66,4389.58,601783.784,1991158.169,-2.118e-05
2025-09-01 00:00:00+00:00,1756695600000,4389.58,4429.91,4356.61,4401.34,861437.054,1993934.554,-7.441e-05
2025-09-01 04:00:00+00:00,1756710000000,4401.35,4462.47,4356.79,4461.11,741183.275,2009624.311,-1.347e-05
2025-09-01 08:00:00+00:00,1756724400000,4461.1,4490.0,4380.01,4390.87,978001.962,1990910.819,1.513e-05
2025-09-01 12:00:00+00:00,1756738800000,4390.88,4422.17,4342.03,4359.69,773215.7339999999,2019297.804,8.7e-07
2025-09-01 16:00:00+00:00,1756753200000,4359.68,4369.78,4307.25,4366.18,683853.0449999999,2031875.595,-2.64e-06
2025-09-01 20:00:00+00:00,1756767600000,4366.17,4366.56,4205.49,4313.0,1409802.813,2014539.456,3.37e-06
2025-09-02 00:00:00+00:00,1756782000000,4313.0,4393.96,4289.12,4365.22,699295.208,2008141.806,8.826e-05
2025-09-02 04:00:00+00:00,1756796400000,4365.23,4414.73,4358.97,4375.44,562670.491,2006598.663,5.513e-05
2025-09-02 08:00:00+00:00,1756810800000,4375.44,4407.06,4339.31,4346.05,511092.35599999997,2014814.003,6.814e-05
2025-09-02 12:00:00+00:00,1756825200000,4346.05,4395.2,4268.87,4293.12,1964096.223,1989441.495,3.016e-05
2025-09-02 16:00:00+00:00,1756839600000,4293.12,4329.96,4254.33,4272.47,929161.863,2003679.081,-4.46e-06
2025-09-02 20:00:00+00:00,1756854000000,4272.47,4336.08,4264.03,4324.59,456291.353,1994845.429,1.759e-05
2025-09-03 00:00:00+00:00,1756868400000,4324.58,4354.0,4281.0,4332.55,546933.921,2000146.502,2.718e-05
2025-09-03 04:00:00+00:00,1756882800000,4332.55,4340.9,4285.0,4307.83,464559.321,1980466.032,-1.14e-06
2025-09-03 08:00:00+00:00,1756897200000,4307.84,4383.93,4300.31,4369.58,611975.505,1979825.639,-2.73e-06
2025-09-03 12:00:00+00:00,1756911600000,4369.58,4484.26,4339.56,4477.0,1417869.852,1987073.734,3.211e-05
2025-09-03 16:00:00+00:00,1756926000000,4476.99,4488.36,4452.08,4472.82,559318.2930000001,1988058.625,-2.643e-05
2025-09-03 20:00:00+00:00,1756940400000,4472.83,4480.0,4437.1,4448.22,279734.269,1986575.697,2.274e-05
2025-09-04 00:00:00+00:00,1756954800000,4448.22,4480.99,4386.72,4396.12,734298.085,1961769.802,4.471e-05
2025-09-04 04:00:00+00:00,1756969200000,4396.12,4413.22,4353.36,4368.8,685948.506,1951401.208,-1.94e-05
2025-09-04 08:00:00+00:00,1756983600000,4368.8,4432.0,4362.13,4404.4,629798.247,1952617.801,-9.824e-05
2025-09-04 12:00:00+00:00,1756998000000,4404.4,4426.86,4291.0,4302.61,1553749.131,1953774.542,-2.527e-05
2025-09-04 16:00:00+00:00,1757012400000,4302.62,4320.99,4263.0,4273.83,802520.7350000001,1986745.56,-1.431e-05
2025-09-04 20:00:00+00:00,1757026800000,4273.83,4351.23,4270.41,4295.68,487801.982,1980206.555,-5.54e-05
2025-09-05 00:00:00+00:00,1757041200000,4295.68,4333.43,4287.16,4326.5,484060.08900000004,1980482.115,-5.63e-05
2025-09-05 04:00:00+00:00,1757055600000,4326.51,4426.77,4314.05,4415.0,755564.431,1963985.723,-3.456e-05
2025-09-05 08:00:00+00:00,1757070000000,4415.0,4425.0,4370.5,4415.57,817838.363,1925277.316,5.151e-05
2025-09-05 12:00:00+00:00,1757084400000,4415.56,4494.45,4252.47,4280.44,3213979.354,1968148.752,2.984e-05
2025-09-05 16:00:00+00:00,1757098800000,4280.45,4329.53,4270.0,4328.97,613184.113,1967301.212,-7.908e-05
2025-09-05 20:00:00+00:00,1757113200000,4328.96,4340.88,4285.0,4305.71,441731.135,1944100.923,-2.104e-05
2025-09-06 00:00:00+00:00,1757127600000,4305.71,4327.0,4300.67,4318.36,205969.662,1944548.171,4.463e-05
2025-09-06 04:00:00+00:00,1757142000000,4318.36,4318.36,4288.4,4310.35,215082.98,1949792.509,3.992e-05
2025-09-06 08:00:00+00:00,1757156400000,4310.35,4313.36,4283.55,4298.08,228351.068,1955204.055,4.706e-05
2025-09-06 12:00:00+00:00,1757170800000,4298.08,4307.1,4260.11,4267.68,412635.707,1953805.148,4.099e-05
2025-09-06 16:00:00+00:00,1757185200000,4267.69,4304.0,4220.0,4253.95,810187.765,1984540.772,1.466e-05
2025-09-06 20:00:00+00:00,1757199600000,4253.95,4286.57,4251.5,4271.69,275327.585,1977492.142,5.949e-05
2025-09-07 00:00:00+00:00,1757214000000,4271.68,4302.51,4269.0,4295.07,267630.918,1974354.846,7.663e-05
2025-09-07 04:00:00+00:00,1757228400000,4295.08,4305.88,4276.78,4293.0,220372.472,1982894.006,8.938e-05
2025-09-07 08:00:00+00:00,1757242800000,4293.0,4313.99,4290.0,4308.76,285883.549,1982802.746,6.612e-05
2025-09-07 12:00:00+00:00,1757257200000,4308.77,4309.89,4286.52,4297.16,265933.375,1994466.639,3.335e-05
2025-09-07 16:00:00+00:00,1757271600000,4297.17,4299.72,4267.44,4291.32,326459.939,1986292.71,1.426e-05
2025-09-07 20:00:00+00:00,1757286000000,4291.31,4336.05,4279.02,4303.84,345190.299,1975731.424,2.547e-05
2025-09-08 00:00:00+00:00,1757300400000,4303.83,4329.5,4276.21,4310.0,427800.138,1983478.787,2.816e-05
2025-09-08 04:00:00+00:00,1757314800000,4310.0,4312.37,4284.77,4289.82,311892.121,2004835.425,2.063e-05
2025-09-08 08:00:00+00:00,1757329200000,4289.82,4336.82,4285.78,4310.47,694843.659,2007011.427,8.74e-05
2025-09-08 12:00:00+00:00,1757343600000,4310.46,4382.75,4303.61,4369.82,1022507.995,1987808.49,9.082e-05
2025-09-08 16:00:00+00:00,1757358000000,4369.82,4371.88,4282.0,4291.27,708127.8740000001,1965375.156,4.995e-05
2025-09-08 20:00:00+00:00,1757372400000,4291.28,4331.0,4280.22,4303.98,381238.828,1977511.393,4.706e-05
2025-09-09 00:00:00+00:00,1757386800000,4303.97,4313.91,4275.0,4304.98,420675.437,2021078.897,4.503e-05
2025-09-09 04:00:00+00:00,1757401200000,4304.99,4380.77,4300.03,4360.43,763937.858,1995777.888,0.0001
2025-09-09 08:00:00+00:00,1757415600000,4360.42,4366.33,4340.0,4345.83,389579.378,1974060.621,0.0001
2025-09-09 12:00:00+00:00,1757430000000,4345.83,4366.43,4275.0,4282.64,1371314.625,2010533.864,6.645e-05
2025-09-09 16:00:00+00:00,1757444400000,4282.64,4297.99,4276.0,4292.55,342003.671,2043669.321,6.164e-05
2025-09-09 20:00:00+00:00,1757458800000,4292.55,4318.71,4279.0,4308.4,236048.646,2035192.236,6.114e-05
2025-09-10 00:00:00+00:00,1757473200000,4308.41,4325.53,4283.0,4318.84,374454.51,2031613.001,8.024e-05
2025-09-10 04:00:00+00:00,1757487600000,4318.83,4332.25,4292.66,4327.66,347615.99199999997,2028112.333,8.775e-05
2025-09-10 08:00:00+00:00,1757502000000,4327.67,4333.01,4305.57,4329.58,348608.498,2002064.75,8.107e-05
2025-09-10 12:00:00+00:00,1757516400000,4329.58,4453.56,4328.0,4403.5,1855990.1730000002,1987269.417,0.0001
2025-09-10 16:00:00+00:00,1757530800000,4403.49,4407.35,4297.01,4320.26,1151643.028,1955961.976,6.706e-05
2025-09-10 20:00:00+00:00,1757545200000,4320.26,4354.69,4318.33,4347.83,353911.273,1947769.057,1.286e-05
2025-09-11 00:00:00+00:00,1757559600000,4347.83,4407.0,4336.8,4402.0,429175.446,1954233.399,4.953e-05
2025-09-11 04:00:00+00:00,1757574000000,4402.01,4450.27,4393.66,4439.0,750583.54,2032844.701,0.0001
2025-09-11 08:00:00+00:00,1757588400000,4439.0,4441.67,4404.77,4428.06,472689.278,2020797.925,0.0001
2025-09-11 12:00:00+00:00,1757602800000,4428.06,4483.44,4328.88,4410.41,1844396.41,2020567.895,8.501e-05
2025-09-11 16:00:00+00:00,1757617200000,4410.4,4440.0,4405.0,4422.31,363195.627,2019981.562,4.032e-05
2025-09-11 20:00:00+00:00,1757631600000,4422.36,4467.85,4413.16,4456.86,375790.336,2022548.544,4.873e-05
2025-09-12 00:00:00+00:00,1757646000000,4456.87,4538.6,4448.35,4503.61,936935.846,2032402.229,0.0001
2025-09-12 04:00:00+00:00,1757660400000,4503.61,4562.0,4498.08,4524.39,584089.461,2050127.155,0.0001
2025-09-12 08:00:00+00:00,1757674800000,4524.39,4534.76,4502.3,4519.32,430740.169,2054989.613,0.0001
2025-09-12 12:00:00+00:00,1757689200000,4519.32,4570.0,4501.66,4540.16,784673.663,2068203.291,0.0001
2025-09-12 16:00:00+00:00,1757703600000,4540.15,4658.8,4531.76,4656.0,1003013.5650000001,2077736.028,7.588e-05
2025-09-12 20:00:00+00:00,1757718000000,4656.0,4750.0,4628.05,4710.83,1079748.5,2079839.073,0.0001
2025-09-13 00:00:00+00:00,1757732400000,4710.82,4768.0,4690.4,4754.75,587755.103,2097343.676,0.0001
2025-09-13 04:00:00+00:00,1757746800000,4754.76,4755.2,4699.03,4709.69,478672.279,2062485.696,9.822e-05
2025-09-13 08:00:00+00:00,1757761200000,4709.7,4738.33,4706.7,4717.86,274861.599,2059821.69,0.0001
2025-09-13 12:00:00+00:00,1757775600000,4717.86,4729.48,4635.0,4651.44,888975.18,2025465.364,0.0001
2025-09-13 16:00:00+00:00,1757790000000,4651.44,4665.02,4603.0,4635.85,715641.17,1994916.3,3.316e-05
2025-09-13 20:00:00+00:00,1757804400000,4635.84,4670.94,4634.87,4664.74,225782.484,1975451.867,3.52e-06
2025-09-14 00:00:00+00:00,1757818800000,4664.74,4691.3,4648.33,4661.0,301812.24,1977715.753,4.9e-05
2025-09-14 04:00:00+00:00,1757833200000,4661.01,4679.99,4630.82,4648.81,311832.22,1980344.183,8.319e-05
2025-09-14 08:00:00+00:00,1757847600000,4648.81,4672.61,4623.96,4632.87,329869.35,1980777.192,5.933e-05
2025-09-14 12:00:00+00:00,1757862000000,4632.88,4642.94,4575.0,4580.22,944498.034,2003504.385,5.553e-05
2025-09-14 16:00:00+00:00,1757876400000,4580.22,4628.0,4577.5,4613.96,339868.401,1993459.663,0.0001
2025-09-14 20:00:00+00:00,1757890800000,4613.95,4635.0,4596.32,4602.0,283379.66599999997,1988342.793,7.416e-05
2025-09-15 00:00:00+00:00,1757905200000,4602.0,4641.81,4578.01,4634.46,399031.27,2000306.875,9.386e-05
2025-09-15 04:00:00+00:00,1757919600000,4634.46,4668.0,4585.16,4594.94,717598.034,1989413.838,6.663e-05
2025-09-15 08:00:00+00:00,1757934000000,4594.94,4594.94,4495.72,4528.25,1306452.441,1987551.898,3.546e-05
2025-09-15 12:00:00+00:00,1757948400000,4528.25,4540.14,4463.0,4497.46,1103082.053,1977923.256,3.588e-05
2025-09-15 16:00:00+00:00,1757962800000,4497.46,4512.32,4472.49,4491.8,443560.925,1988545.938,7.233e-05
2025-09-15 20:00:00+00:00,1757977200000,4491.79,4528.0,4486.04,4521.54,206680.269,1985932.5,4.558e-05
2025-09-16 00:00:00+00:00,1757991600000,4521.54,4536.31,4502.4,4518.97,250669.631,1983159.785,4.731e-05
2025-09-16 04:00:00+00:00,1758006000000,4518.97,4534.87,4485.02,4510.65,410591.22199999995,1973109.551,4.562e-05
2025-09-16 08:00:00+00:00,1758020400000,4510.64,4529.9,4491.0,4499.39,311152.635,1973949.032,2.204e-05
2025-09-16 12:00:00+00:00,1758034800000,4499.4,4510.81,4421.01,4465.74,1162089.007,1968392.878,2.039e-05
2025-09-16 16:00:00+00:00,1758049200000,4465.73,4508.77,4444.49,4488.96,684554.469,1948968.953,1.758e-05
2025-09-16 20:00:00+00:00,1758063600000,4488.96,4523.19,4481.01,4499.41,290801.805,1943302.112,2.388e-05
2025-09-17 00:00:00+00:00,1758078000000,4499.41,4551.49,4490.5,4495.23,479210.709,1925073.553,2.594e-05
2025-09-17 04:00:00+00:00,1758092400000,4495.23,4554.09,4461.38,4542.33,670750.685,1931966.836,5.289e-05
2025-09-17 08:00:00+00:00,1758106800000,4542.33,4543.98,4477.0,4489.22,536198.737,1920427.379,4.799e-05
2025-09-17 12:00:00+00:00,1758121200000,4489.23,4512.17,4465.0,4487.65,511293.796,1924999.558,4.414e-05
2025-09-17 16:00:00+00:00,1758135600000,4487.64,4532.16,4404.08,4515.15,2113524.487,1947684.999,2.3e-05
2025-09-17 20:00:00+00:00,1758150000000,4515.14,4615.26,4483.92,4588.3,813528.7390000001,1942581.802,5.114e-05
2025-09-18 00:00:00+00:00,1758164400000,4588.31,4642.6,4577.69,4612.01,579309.002,1954216.902,3.474e-05
2025-09-18 04:00:00+00:00,1758178800000,4612.0,4618.0,4551.75,4573.1,506078.62399999995,1934037.275,4.281e-05
2025-09-18 08:00:00+00:00,1758193200000,4573.11,4606.49,4566.05,4573.99,380426.804,1938459.305,3.75e-05
2025-09-18 12:00:00+00:00,1758207600000,4573.99,4623.0,4555.17,4597.15,701875.855,1932722.011,1.971e-05
2025-09-18 16:00:00+00:00,1758222000000,4597.14,4634.84,4578.0,4586.53,538843.162,1908345.438,4.999e-05
2025-09-18 20:00:00+00:00,1758236400000,4586.54,4603.9,4568.4,4585.31,221860.244,1907717.429,5.745e-05
2025-09-19 00:00:00+00:00,1758250800000,4585.32,4619.5,4539.13,4547.46,607833.019,1991434.364,4.978e-05
2025-09-19 04:00:00+00:00,1758265200000,4547.45,4557.06,4515.65,4536.56,559003.686,1999460.405,-9.04e-06
2025-09-19 08:00:00+00:00,1758279600000,4536.55,4546.78,4505.23,4511.46,381266.81299999997,2011784.692,-2.162e-05
2025-09-19 12:00:00+00:00,1758294000000,4511.46,4542.0,4442.3,4472.29,1153084.724,2024214.652,-4.324e-05
2025-09-19 16:00:00+00:00,1758308400000,4472.29,4486.78,4433.0,4438.89,479282.892,2021624.334,-3.774e-05
2025-09-19 20:00:00+00:00,1758322800000,4438.9,4476.26,4436.21,4466.49,230867.39599999998,2031644.111,-4.366e-05
2025-09-20 00:00:00+00:00,1758337200000,4466.48,4474.0,4451.62,4463.6,162617.098,2038398.401,-2.627e-05
2025-09-20 04:00:00+00:00,1758351600000,4463.6,4484.59,4461.0,4480.72,164740.345,2030182.262,-5.57e-06
2025-09-20 08:00:00+00:00,1758366000000,4480.72,4480.72,4453.21,4468.0,168132.00400000002,2028997.533,-2.765e-05
2025-09-20 12:00:00+00:00,1758380400000,4467.99,4505.45,4461.5,4496.37,322835.674,2011998.627,4.167e-05
2025-09-20 16:00:00+00:00,1758394800000,4496.36,4506.75,4467.27,4477.86,281678.52,2011831.315,5.57e-06
2025-09-20 20:00:00+00:00,1758409200000,4477.86,4499.73,4475.89,4478.27,110093.33499999999,2011177.978,-2.388e-05
2025-09-21 00:00:00+00:00,1758423600000,4478.26,4487.68,4454.29,4476.11,196890.693,2032231.979,7.31e-06
2025-09-21 04:00:00+00:00,1758438000000,4476.12,4491.39,4464.34,4475.85,141713.27899999998,2024492.537,4.828e-05
2025-09-21 08:00:00+00:00,1758452400000,4475.85,4477.76,4440.07,4458.26,268404.53599999996,2033899.892,2.758e-05
2025-09-21 12:00:00+00:00,1758466800000,4458.25,4484.79,4458.01,4480.63,198896.927,2028062.326,3.039e-05
2025-09-21 16:00:00+00:00,1758481200000,4480.62,4497.01,4462.06,4492.21,297789.456,2037649.316,6.449e-05
2025-09-21 20:00:00+00:00,1758495600000,4492.21,4492.92,4440.01,4443.01,262560.681,2033095.054,-2.019e-05
2025-09-22 00:00:00+00:00,1758510000000,4443.0,4454.01,4254.29,4303.62,1548538.648,2059930.277,-6.241e-05
2025-09-22 04:00:00+00:00,1758524400000,4303.61,4308.77,4000.88,4191.45,1929372.3480000002,1988519.577,-5.47e-06
2025-09-22 08:00:00+00:00,1758538800000,4191.46,4205.82,4135.0,4179.53,820545.335,1978061.062,-3.39e-06
2025-09-22 12:00:00+00:00,1758553200000,4179.54,4217.49,4156.0,4165.82,802756.8400000001,1956873.722,5.68e-06
2025-09-22 16:00:00+00:00,1758567600000,4165.83,4181.17,4119.16,4133.39,635978.4269999999,1928536.012,-4.22e-06
2025-09-22 20:00:00+00:00,1758582000000,4133.39,4207.33,4132.27,4196.86,363194.48,1911469.376,-1.93e-06
2025-09-23 00:00:00+00:00,1758596400000,4196.87,4209.99,4112.43,4186.49,731432.821,1917890.969,5.208e-05
2025-09-23 04:00:00+00:00,1758610800000,4186.49,4215.0,4152.25,4203.23,510668.24199999997,1921022.142,5.639e-05
2025-09-23 08:00:00+00:00,1758625200000,4203.24,4230.06,4175.44,4189.68,444884.825,1900291.298,-2.13e-06
2025-09-23 12:00:00+00:00,1758639600000,4189.69,4209.73,4158.21,4178.8,705172.401,1890608.187,-2.199e-05
2025-09-23 16:00:00+00:00,1758654000000,4178.8,4205.96,4135.32,4151.37,785916.754,1904667.163,1.255e-05
2025-09-23 20:00:00+00:00,1758668400000,4151.36,4189.49,4137.08,4162.25,313114.539,1895387.679,9.78e-06
2025-09-24 00:00:00+00:00,1758682800000,4162.25,4193.0,4125.12,4145.4,537365.2,1911724.19,-4.49e-06
2025-09-24 04:00:00+00:00,1758697200000,4145.41,4182.72,4070.0,4173.43,900552.655,1932798.298,6.94e-06
2025-09-24 08:00:00+00:00,1758711600000,4173.43,4197.06,4162.0,4179.96,327823.707,1920178.761,-4.41e-06
2025-09-24 12:00:00+00:00,1758726000000,4179.96,4204.99,4145.0,4163.82,648792.074,1938383.408,-3.609e-05
2025-09-24 16:00:00+00:00,1758740400000,4163.82,4192.0,4152.22,4158.95,365217.08900000004,1943377.401,-7.401e-05
2025-09-24 20:00:00+00:00,1758754800000,4158.95,4169.6,4126.01,4150.51,267503.641,1944110.916,-8.658e-05
2025-09-25 00:00:00+00:00,1758769200000,4150.51,4158.95,4020.0,4059.76,1518593.26,2005901.005,-0.00011451
2025-09-25 04:00:00+00:00,1758783600000,4059.76,4069.2,3961.0,4006.94,1344447.764,2009066.51,-8.155e-05
2025-09-25 08:00:00+00:00,1758798000000,4006.94,4052.05,3988.35,4000.93,752545.973,1967526.108,4.61e-05
2025-09-25 12:00:00+00:00,1758812400000,4000.93,4021.75,3911.39,4001.0,1815525.237,1989630.176,0.0001
2025-09-25 16:00:00+00:00,1758826800000,4001.0,4004.77,3822.0,3910.36,2292787.412,1999467.834,7.38e-05
2025-09-25 20:00:00+00:00,1758841200000,3910.36,3936.0,3848.0,3873.1,728120.095,1995591.537,8.941e-05
2025-09-26 00:00:00+00:00,1758855600000,3873.1,3970.0,3866.0,3964.0,700234.116,2010296.79,0.0001
2025-09-26 04:00:00+00:00,1758870000000,3963.99,3975.99,3905.13,3936.6,753129.667,1939758.434,3.202e-05
2025-09-26 08:00:00+00:00,1758884400000,3936.61,3943.31,3871.0,3903.9,632807.746,1936029.349,2.46e-05
2025-09-26 12:00:00+00:00,1758898800000,3903.89,3985.0,3873.41,3944.42,1259960.37,1942826.562,4.775e-05
2025-09-26 16:00:00+00:00,1758913200000,3944.41,4066.39,3941.0,4021.4,1065741.1400000001,1944503.725,-2.572e-05
2025-09-26 20:00:00+00:00,1758927600000,4021.4,4038.0,4002.64,4030.17,329124.696,1909379.24,-1.588e-05
2025-09-27 00:00:00+00:00,1758942000000,4030.17,4031.2,4001.8,4017.2,214729.495,1892663.101,6.26e-05
2025-09-27 04:00:00+00:00,1758956400000,4017.21,4026.4,4004.01,4005.99,150313.655,1900201.554,4.387e-05
2025-09-27 08:00:00+00:00,1758970800000,4006.0,4017.0,3971.45,4000.86,491748.66,1916018.05,7.932e-05
2025-09-27 12:00:00+00:00,1758985200000,4000.87,4038.62,3992.95,4017.2,396112.015,1939860.517,0.0001
2025-09-27 16:00:00+00:00,1758999600000,4017.21,4018.27,3979.6,4000.66,321240.62,1917517.69,8.295e-05
2025-09-27 20:00:00+00:00,1759014000000,4000.66,4031.99,3998.62,4017.01,188945.69400000002,1914554.604,7.974e-05
2025-09-28 00:00:00+00:00,1759028400000,4017.01,4030.55,3992.09,4000.58,299320.145,1905160.651,4.567e-05
2025-09-28 04:00:00+00:00,1759042800000,4000.57,4018.5,3994.55,4013.0,211930.874,1904285.124,4.158e-05
2025-09-28 08:00:00+00:00,1759057200000,4013.01,4014.75,3982.45,3990.72,272642.477,1908066.878,4.87e-05
2025-09-28 12:00:00+00:00,1759071600000,3990.73,4027.87,3963.1,4019.91,579276.672,1943998.036,8.19e-05
2025-09-28 16:00:00+00:00,1759086000000,4019.92,4054.66,4019.91,4037.43,404968.54099999997,1933514.219,7.856e-05
2025-09-28 20:00:00+00:00,1759100400000,4037.44,4143.05,4033.76,4139.55,746691.59,1915738.967,3.52e-05
2025-09-29 00:00:00+00:00,1759114800000,4139.54,4143.99,4101.3,4119.68,450182.57200000004,1926743.137,2.227e-05
2025-09-29 04:00:00+00:00,1759129200000,4119.67,4122.0,4086.23,4106.6,287839.252,1931958.158,3.842e-05
2025-09-29 08:00:00+00:00,1759143600000,4106.6,4138.0,4091.8,4100.88,479754.05299999996,1936096.504,-1.34e-06
2025-09-29 12:00:00+00:00,1759158000000,4100.88,4202.69,4080.0,4162.72,1473438.882,1886040.148,-3.49e-05
2025-09-29 16:00:00+00:00,1759172400000,4162.71,4192.0,4125.21,4185.94,599749.834,1878022.399,-7.189e-05
2025-09-29 20:00:00+00:00,1759186800000,4185.94,4234.27,4179.41,4212.98,490432.093,1843070.304,9.16e-06
2025-09-30 00:00:00+00:00,1759201200000,4212.99,4246.87,4185.26,4196.16,560839.955,1873312.236,-5.781e-05
2025-09-30 04:00:00+00:00,1759215600000,4196.17,4206.17,4167.22,4180.99,415410.599,1851436.229,-1.353e-05
2025-09-30 08:00:00+00:00,1759230000000,4180.99,4182.0,4131.67,4162.78,585242.765,1848485.601,4.455e-05
2025-09-30 12:00:00+00:00,1759244400000,4162.78,4174.0,4091.51,4118.09,904953.914,1870534.944,4.42e-06
2025-09-30 16:00:00+00:00,1759258800000,4118.09,4170.0,4091.0,4158.48,590966.027,1842870.014,7.743e-05
2025-09-30 20:00:00+00:00,1759273200000,4158.48,4199.89,4113.04,4142.75,635479.682,1827739.418,-1.497e-05
2025-10-01 00:00:00+00:00,1759287600000,4142.75,4172.47,4120.61,4126.84,427123.985,1824418.623,-5.937e-05
2025-10-01 04:00:00+00:00,1759302000000,4126.84,4155.93,4121.33,4143.99,345656.634,1823872.864,2.543e-05
2025-10-01 08:00:00+00:00,1759316400000,4143.98,4329.0,4141.37,4295.88,1715516.477,1894952.886,4.676e-05
2025-10-01 12:00:00+00:00,1759330800000,4295.88,4343.29,4276.23,4325.01,911709.241,1906390.287,-6.87e-06
2025-10-01 16:00:00+00:00,1759345200000,4325.01,4338.04,4286.0,4332.24,577467.922,1880756.524,3.032e-05
2025-10-01 20:00:00+00:00,1759359600000,4332.23,4356.07,4284.55,4345.85,459031.098,1891946.015,1.487e-05
2025-10-02 00:00:00+00:00,1759374000000,4345.85,4397.73,4330.11,4374.99,850713.03,1915236.174,-1.446e-05
2025-10-02 04:00:00+00:00,1759388400000,4375.0,4422.3,4356.01,4373.65,642603.141,1939880.785,3.033e-05
2025-10-02 08:00:00+00:00,1759402800000,4373.65,4394.37,4366.34,4377.24,290541.412,1963813.447,1.656e-05
2025-10-02 12:00:00+00:00,1759417200000,4377.24,4441.67,4332.23,4435.49,1279649.524,1969889.949,3.662e-05
2025-10-02 16:00:00+00:00,1759431600000,4435.5,4516.65,4423.33,4493.06,1018203.628,1975922.24,4.876e-05
2025-10-02 20:00:00+00:00,1759446000000,4493.07,4495.36,4453.46,4481.7,389955.509,1975240.612,1.383e-05
2025-10-03 00:00:00+00:00,1759460400000,4481.7,4559.0,4459.01,4498.96,665310.02,1998200.621,1.886e-05
2025-10-03 04:00:00+00:00,1759474800000,4498.97,4509.25,4451.46,4460.84,472845.77300000004,1985263.157,7.889e-05
2025-10-03 08:00:00+00:00,1759489200000,4460.84,4493.08,4426.0,4476.2,530964.719,1983160.432,6.868e-05
2025-10-03 12:00:00+00:00,1759503600000,4476.2,4540.77,4433.64,4533.2,862066.385,1983504.854,5.593e-05
2025-10-03 16:00:00+00:00,1759518000000,4533.2,4590.83,4446.9,4517.65,1625533.44,1966579.936,1.438e-05
2025-10-03 20:00:00+00:00,1759532400000,4517.66,4541.21,4491.37,4511.11,264607.735,1956603.256,5.555e-05
2025-10-04 00:00:00+00:00,1759546800000,4511.12,4515.48,4460.0,4484.48,358523.766,1964678.74,6.27e-05
2025-10-04 04:00:00+00:00,1759561200000,4484.48,4515.8,4477.07,4496.23,271915.92,1968962.776,7.11e-06
2025-10-04 08:00:00+00:00,1759575600000,4496.24,4502.45,4478.01,4482.43,243258.865,1966610.737,3.154e-05
2025-10-04 12:00:00+00:00,1759590000000,4482.42,4509.89,4438.8,4453.13,566627.7660000001,1973971.192,4.8e-05
2025-10-04 16:00:00+00:00,1759604400000,4453.14,4475.04,4438.0,4465.39,281424.545,1971793.75,7.137e-05
2025-10-04 20:00:00+00:00,1759618800000,4465.4,4492.42,4465.4,4484.79,165790.506,1969171.519,5.793e-05
2025-10-05 00:00:00+00:00,1759633200000,4484.79,4575.14,4465.01,4530.11,804970.426,1962215.976,0.0001
2025-10-05 04:00:00+00:00,1759647600000,4530.1,4614.19,4526.7,4604.91,707637.396,1990581.124,0.0001
2025-10-05 08:00:00+00:00,1759662000000,4604.91,4618.44,4521.61,4549.08,867988.106,2011147.007,0.0001
2025-10-05 12:00:00+00:00,1759676400000,4549.09,4549.09,4525.0,4530.61,313742.16000000003,2003994.951,9.741e-05
2025-10-05 16:00:00+00:00,1759690800000,4530.6,4539.53,4480.0,4485.33,519161.766,1993914.504,9.95e-05
2025-10-05 20:00:00+00:00,1759705200000,4485.32,4522.22,4470.74,4512.34,262865.853,2003583.374,7.928e-05
2025-10-06 00:00:00+00:00,1759719600000,4512.35,4551.74,4486.05,4534.9,582297.837,1993009.628,0.0001
2025-10-06 04:00:00+00:00,1759734000000,4534.9,4576.58,4507.63,4530.98,476497.18700000003,1983201.609,0.0001
2025-10-06 08:00:00+00:00,1759748400000,4530.99,4593.25,4530.99,4569.54,439413.121,1983282.095,9.493e-05
2025-10-06 12:00:00+00:00,1759762800000,4569.54,4692.91,4568.0,4671.24,1327756.203,2040242.145,0.0001
2025-10-06 16:00:00+00:00,1759777200000,4671.24,4732.38,4657.56,4720.86,754145.844,2034058.316,0.0001
2025-10-06 20:00:00+00:00,1759791600000,4720.85,4734.99,4670.4,4682.43,408439.78099999996,2014982.098,0.0001
2025-10-07 00:00:00+00:00,1759806000000,4682.42,4697.99,4660.03,4688.73,309266.165,2020828.663,0.0001
2025-10-07 04:00:00+00:00,1759820400000,4688.74,4730.65,4662.01,4676.83,566683.653,2028900.949,0.0001
2025-10-07 08:00:00+00:00,1759834800000,4676.84,4712.12,4636.0,4706.44,568684.2679999999,2027161.727,0.0001
2025-10-07 12:00:00+00:00,1759849200000,4706.44,4754.0,4472.94,4510.3,2681971.018,1964128.538,0.0001
2025-10-07 16:00:00+00:00,1759863600000,4510.3,4522.33,4440.45,4477.54,1327491.656,1972736.091,6.475e-05
2025-10-07 20:00:00+00:00,1759878000000,4477.55,4514.66,4422.44,4445.76,492359.912,1943330.376,1.254e-05
2025-10-08 00:00:00+00:00,1759892400000,4445.77,4497.05,4430.54,4441.83,546776.816,1942056.742,6.42e-06
2025-10-08 04:00:00+00:00,1759906800000,4441.82,4464.17,4408.69,4461.08,519713.26,1947243.611,6.08e-05
2025-10-08 08:00:00+00:00,1759921200000,4461.08,4505.0,4455.7,4485.21,477548.509,1940374.61,-6.5e-07
2025-10-08 12:00:00+00:00,1759935600000,4485.2,4522.0,4434.59,4445.11,955336.4569999999,1940402.376,1.261e-05
2025-10-08 16:00:00+00:00,1759950000000,4445.1,4556.75,4436.55,4512.64,1003857.466,1914349.48,8.91e-05
2025-10-08 20:00:00+00:00,1759964400000,4512.65,4537.73,4497.3,4523.67,251850.94400000002,1911822.54,3.675e-05
2025-10-09 00:00:00+00:00,1759978800000,4523.66,4529.15,4400.0,4448.81,761732.356,1919332.673,2.129e-05
2025-10-09 04:00:00+00:00,1759993200000,4448.8,4458.83,4408.0,4424.43,434725.954,1944435.797,-1.97e-06
2025-10-09 08:00:00+00:00,1760007600000,4424.42,4425.17,4316.59,4371.0,1243220.127,1934018.287,-4.77e-06
2025-10-09 12:00:00+00:00,1760022000000,4370.99,4411.46,4290.0,4312.81,1400237.608,1934942.489,5.725e-05
2025-10-09 16:00:00+00:00,1760036400000,4312.81,4343.69,4262.55,4336.39,932137.019,1935958.712,8.397e-05
2025-10-09 20:00:00+00:00,1760050800000,4336.38,4381.42,4325.3,4365.83,330517.592,1917696.502,2.595e-05
2025-10-10 00:00:00+00:00,1760065200000,4365.83,4392.0,4340.61,4345.01,500514.547,1942079.568,4.416e-05
2025-10-10 04:00:00+00:00,1760079600000,4345.01,4376.0,4312.53,4321.06,542941.101,1936285.324,2.604e-05
2025-10-10 08:00:00+00:00,1760094000000,4321.05,4349.7,4311.0,4341.42,337216.146,1936376.775,4.28e-06
2025-10-10 12:00:00+00:00,1760108400000,4341.42,4388.43,4067.44,4100.48,2601692.512,1963152.853,-5.041e-05
2025-10-10 16:00:00+00:00,1760122800000,4100.49,4136.08,3947.77,3994.99,2179388.33,1984337.834,-9.155e-05
2025-10-10 20:00:00+00:00,1760137200000,3994.99,4022.18,3400.0,3819.99,5855366.410999999,1399203.659,0.0001
2025-10-11 00:00:00+00:00,1760151600000,3820.0,3874.28,3725.0,3789.56,1287049.749,1450511.219,-6.661e-05
2025-10-11 04:00:00+00:00,1760166000000,3789.55,3831.02,3731.2,3757.27,840351.006,1459941.787,-0.00013053
2025-10-11 08:00:00+00:00,1760180400000,3757.27,3856.0,3746.62,3838.68,784125.6460000001,1419334.367,-2.77e-05
2025-10-11 12:00:00+00:00,1760194800000,3838.67,3853.43,3783.07,3822.58,653794.584,1415045.854,-5.6e-07
2025-10-11 16:00:00+00:00,1760209200000,3822.58,3845.98,3728.32,3758.0,634300.346,1437089.158,-9.766e-05
2025-10-11 20:00:00+00:00,1760223600000,3758.0,3764.92,3640.0,3744.99,1015967.137,1407114.041,-6.987e-05
2025-10-12 00:00:00+00:00,1760238000000,3744.99,3819.33,3692.96,3779.99,952964.314,1407279.682,3.582e-05
2025-10-12 04:00:00+00:00,1760252400000,3779.99,3842.18,3774.08,3825.25,729853.0519999999,1416815.233,9.55e-06
2025-10-12 08:00:00+00:00,1760266800000,3825.26,3866.06,3803.22,3818.14,1122677.968,1412496.775,-9.974e-05
2025-10-12 12:00:00+00:00,1760281200000,3818.13,4077.96,3791.79,4032.38,3206919.153,1445199.787,-4.545e-05
2025-10-12 16:00:00+00:00,1760295600000,4032.37,4175.9,4032.37,4133.11,2029907.155,1461620.005,-8.394e-05
2025-10-12 20:00:00+00:00,1760310000000,4133.12,4200.0,4077.59,4149.99,1429945.748,1442370.94,-2.566e-05
2025-10-13 00:00:00+00:00,1760324400000,4150.0,4219.43,4121.55,4138.63,1277038.413,1434636.899,-2.296e-05
2025-10-13 04:00:00+00:00,1760338800000,4138.63,4196.55,4113.45,4176.29,914684.868,1429403.794,5.298e-05
2025-10-13 08:00:00+00:00,1760353200000,4176.28,4193.89,4034.12,4078.36,1352584.291,1428213.693,2.881e-05
2025-10-13 12:00:00+00:00,1760367600000,4078.35,4179.89,4054.26,4133.44,2175352.753,1422228.998,5.238e-05
2025-10-13 16:00:00+00:00,1760382000000,4133.45,4269.65,4126.81,4250.0,1548664.32,1435511.376,4.693e-05
2025-10-13 20:00:00+00:00,1760396400000,4250.0,4293.03,4232.98,4239.7,599091.895,1430219.678,5.557e-05
2025-10-14 00:00:00+00:00,1760410800000,4239.7,4262.0,4135.0,4151.29,930551.426,1442177.22,6.353e-05
2025-10-14 04:00:00+00:00,1760425200000,4151.29,4158.44,3964.4,3979.28,1932959.967,1449334.892,2.82e-06
2025-10-14 08:00:00+00:00,1760439600000,3979.29,4013.42,3885.09,3970.13,1600670.983,1456911.919,3.367e-05
2025-10-14 12:00:00+00:00,1760454000000,3970.13,4087.7,3890.13,4083.25,1885255.468,1437092.208,2.688e-05
2025-10-14 16:00:00+00:00,1760468400000,4083.25,4163.25,4042.83,4100.67,1754560.3059999999,1401413.423,1.041e-05
2025-10-14 20:00:00+00:00,1760482800000,4100.68,4142.99,4067.39,4123.05,366015.124,1393128.067,1.392e-05
2025-10-15 00:00:00+00:00,1760497200000,4123.06,4144.49,4059.0,4079.71,616022.316,1415797.251,5.804e-05
2025-10-15 04:00:00+00:00,1760511600000,4079.7,4128.17,4070.0,4120.0,516419.478,1439258.026,4.269e-05
2025-10-15 08:00:00+00:00,1760526000000,4120.0,4216.12,4085.0,4098.55,1016324.12,1429201.971,3.698e-05
2025-10-15 12:00:00+00:00,1760540400000,4098.55,4106.09,3957.47,3979.23,1621866.662,1466698.763,2.473e-05
2025-10-15 16:00:00+00:00,1760554800000,3979.23,4011.56,3926.81,3981.28,992516.148,1460174.005,-3.52e-06
2025-10-15 20:00:00+00:00,1760569200000,3981.27,3994.79,3925.0,3983.81,620095.286,1447697.303,-4.91e-06
2025-10-16 00:00:00+00:00,1760583600000,3983.8,4035.0,3973.76,4012.92,503570.116,1465750.346,-2.713e-05
2025-10-16 04:00:00+00:00,1760598000000,4012.93,4050.0,3976.96,4002.48,551058.431,1467598.363,7.22e-06
2025-10-16 08:00:00+00:00,1760612400000,4002.51,4077.54,3937.3,4060.5,946156.481,1472345.172,4.803e-05
2025-10-16 12:00:00+00:00,1760626800000,4060.51,4089.34,3890.0,3905.04,1582178.233,1474993.429,6.98e-06
2025-10-16 16:00:00+00:00,1760641200000,3905.03,3966.29,3850.0,3865.97,1611881.582,1461676.464,4.399e-05
2025-10-16 20:00:00+00:00,1760655600000,3865.97,3896.25,3822.5,3892.02,536855.936,1458833.595,3.415e-05
2025-10-17 00:00:00+00:00,1760670000000,3892.02,3948.06,3886.15,3931.44,461138.681,1448746.665,1.341e-05
2025-10-17 04:00:00+00:00,1760684400000,3931.45,3934.73,3751.0,3754.79,1224800.637,1459880.89,5.605e-05
2025-10-17 08:00:00+00:00,1760698800000,3754.78,3817.4,3671.0,3776.3,2181211.2180000003,1462954.206,4.336e-05
2025-10-17 12:00:00+00:00,1760713200000,3776.29,3809.66,3712.51,3796.02,1488017.9219999998,1460086.795,2.847e-05
2025-10-17 16:00:00+00:00,1760727600000,3796.03,3849.01,3777.0,3826.16,889393.7170000001,1469669.976,3.801e-05
2025-10-17 20:00:00+00:00,1760742000000,3826.15,3882.0,3816.0,3829.99,409153.689,1462715.413,1.423e-05
2025-10-18 00:00:00+00:00,1760756400000,3830.0,3880.63,3817.21,3869.0,365217.185,1468989.064,2.307e-05
2025-10-18 04:00:00+00:00,1760770800000,3868.99,3926.0,3838.81,3890.47,513129.647,1470055.211,1.593e-05
2025-10-18 08:00:00+00:00,1760785200000,3890.46,3903.8,3860.15,3880.78,312732.35500000004,1472083.156,2.988e-05
2025-10-18 12:00:00+00:00,1760799600000,3880.78,3892.5,3846.11,3875.99,297482.658,1472033.0,6.086e-05
2025-10-18 16:00:00+00:00,1760814000000,3876.0,3898.0,3851.95,3891.6,268002.402,1467336.991,9.684e-05
2025-10-18 20:00:00+00:00,1760828400000,3891.61,3907.92,3867.32,3887.01,182220.85100000002,1465391.625,6.239e-05
2025-10-19 00:00:00+00:00,1760842800000,3887.01,3905.73,3853.53,3904.7,272161.567,1476655.7,6.228e-05
2025-10-19 04:00:00+00:00,1760857200000,3904.7,3919.48,3871.5,3886.7,307487.323,1475877.22,2.08e-05
2025-10-19 08:00:00+00:00,1760871600000,3886.7,3960.0,3810.0,3922.2,1222156.25,1497477.992,3.49e-05
2025-10-19 12:00:00+00:00,1760886000000,3922.21,4001.0,3906.76,3977.55,679923.1290000001,1551540.282,3.459e-05
2025-10-19 16:00:00+00:00,1760900400000,3977.54,4026.31,3957.0,3984.63,550527.192,1535085.386,2.127e-05
2025-10-19 20:00:00+00:00,1760914800000,3984.63,4030.0,3967.0,3980.59,345912.71,1532620.315,2.491e-05
2025-10-20 00:00:00+00:00,1760929200000,3980.6,4040.0,3906.89,4025.88,773699.355,1529253.581,4.441e-05
2025-10-20 04:00:00+00:00,1760943600000,4025.87,4085.0,4021.42,4053.36,695359.214,1531079.01,5.335e-05
2025-10-20 08:00:00+00:00,1760958000000,4053.35,4069.89,4010.58,4032.83,588861.5819999999,1523015.728,4.063e-05
2025-10-20 12:00:00+00:00,1760972400000,4032.83,4048.96,4001.0,4002.73,649029.047,1507812.292,5.968e-05
2025-10-20 16:00:00+00:00,1760986800000,4002.73,4002.73,3920.3,3978.78,1020647.531,1473147.522,4.444e-05
2025-10-20 20:00:00+00:00,1761001200000,3978.76,4001.96,3968.74,3977.54,236596.977,1473829.613,3.544e-05
2025-10-21 00:00:00+00:00,1761015600000,3977.54,3984.68,3918.0,3921.41,409283.608,1487335.599,4.913e-05
2025-10-21 04:00:00+00:00,1761030000000,3921.42,3921.42,3838.21,3890.52,902262.126,1495862.75,1.28e-06
2025-10-21 08:00:00+00:00,1761044400000,3890.53,3896.0,3850.02,3888.33,470327.762,1495541.8,1.778e-05
2025-10-21 12:00:00+00:00,1761058800000,3888.34,4083.78,3850.2,4080.41,1846735.5389999999,1499155.183,7.666e-05
2025-10-21 16:00:00+00:00,1761073200000,4080.41,4108.41,3963.19,3994.04,1584984.955,1504921.864,5.818e-05
2025-10-21 20:00:00+00:00,1761087600000,3994.03,3999.31,3855.55,3871.11,851864.7609999999,1468628.222,-2.491e-05
2025-10-22 00:00:00+00:00,1761102000000,3871.11,3887.45,3815.37,3858.14,633334.643,1496529.456,-6.074e-05
2025-10-22 04:00:00+00:00,1761116400000,3858.13,3882.93,3835.69,3866.87,445126.857,1521564.459,2.154e-05
2025-10-22 08:00:00+00:00,1761130800000,3866.88,3867.47,3765.0,3827.02,841284.301,1534260.091,3.355e-05
2025-10-22 12:00:00+00:00,1761145200000,3827.03,3875.56,3777.03,3839.73,1438936.708,1486850.187,2.392e-05
2025-10-22 16:00:00+00:00,1761159600000,3839.72,3859.64,3780.0,3802.52,794262.29,1491663.109,3.707e-05
2025-10-22 20:00:00+00:00,1761174000000,3802.53,3816.71,3706.31,3803.93,861978.066,1504915.755,5.46e-06
2025-10-23 00:00:00+00:00,1761188400000,3803.94,3835.32,3794.89,3825.18,338265.345,1477042.588,1.387e-05
2025-10-23 04:00:00+00:00,1761202800000,3825.19,3896.0,3820.51,3879.76,540763.994,1464884.89,4.105e-05
2025-10-23 08:00:00+00:00,1761217200000,3879.76,3905.47,3857.14,3861.86,559918.481,1480888.697,4.878e-05
2025-10-23 12:00:00+00:00,1761231600000,3861.86,3885.88,3807.01,3874.87,1030968.0090000001,1474921.575,5.277e-05
2025-10-23 16:00:00+00:00,1761246000000,3874.87,3933.4,3842.81,3857.69,897229.475,1473488.538,-8.9e-07
2025-10-23 20:00:00+00:00,1761260400000,3857.69,3859.48,3816.88,3855.21,336791.612,1473113.944,8.26e-06
2025-10-24 00:00:00+00:00,1761274800000,3855.22,3895.19,3844.02,3889.43,325953.566,1480083.294,1.344e-05
2025-10-24 04:00:00+00:00,1761289200000,3889.44,3988.0,3884.32,3947.64,855887.8999999999,1468932.568,9.401e-05
2025-10-24 08:00:00+00:00,1761303600000,3947.65,3967.42,3924.0,3945.0,428318.821,1477118.577,7.342e-05
2025-10-24 12:00:00+00:00,1761318000000,3944.99,4026.48,3870.0,3887.09,1354435.386,1488611.175,3.012e-05
2025-10-24 16:00:00+00:00,1761332400000,3887.09,3936.89,3864.28,3924.66,514092.604,1489960.153,5.97e-06
2025-10-24 20:00:00+00:00,1761346800000,3924.66,3943.81,3922.19,3933.19,176743.178,1476953.869,1.282e-05
2025-10-25 00:00:00+00:00,1761361200000,3933.2,3938.03,3910.0,3919.43,202388.242,1474043.311,3.264e-05
2025-10-25 04:00:00+00:00,1761375600000,3919.42,3963.26,3918.37,3927.29,246363.913,1475994.138,1.517e-05
2025-10-25 08:00:00+00:00,1761390000000,3927.3,3955.0,3926.0,3938.66,243871.605,1490065.746,4.981e-05
2025-10-25 12:00:00+00:00,1761404400000,3938.66,3955.0,3922.83,3931.48,239435.84499999997,1497226.183,6.394e-05
2025-10-25 16:00:00+00:00,1761418800000,3931.47,3968.93,3926.6,3956.05,227049.447,1500950.483,0.0001
2025-10-25 20:00:00+00:00,1761433200000,3956.06,3963.47,3932.5,3952.25,135802.027,1491883.106,0.0001
2025-10-26 00:00:00+00:00,1761447600000,3952.24,3960.0,3914.3,3929.95,245596.34600000002,1508781.723,3.547e-05
2025-10-26 04:00:00+00:00,1761462000000,3929.95,3955.0,3927.01,3949.72,124334.092,1515296.869,2.079e-05
2025-10-26 08:00:00+00:00,1761476400000,3949.72,4054.0,3948.84,4043.08,832461.2949999999,1525107.209,6.503e-05
2025-10-26 12:00:00+00:00,1761490800000,4043.08,4098.0,4039.0,4073.45,780286.015,1571002.09,0.0001
2025-10-26 16:00:00+00:00,1761505200000,4073.45,4079.86,4043.43,4066.58,276999.489,1572483.665,0.0001
2025-10-26 20:00:00+00:00,1761519600000,4066.58,4179.27,4053.07,4156.37,669709.627,1563820.88,0.0001
2025-10-27 00:00:00+00:00,1761534000000,4156.36,4225.14,4145.27,4203.21,697542.552,1579376.183,7.762e-05
2025-10-27 04:00:00+00:00,1761548400000,4203.22,4253.0,4193.06,4200.0,622522.423,1596649.05,0.0001
2025-10-27 08:00:00+00:00,1761562800000,4199.99,4200.42,4130.0,4160.51,750426.514,1589533.702,0.0001
2025-10-27 12:00:00+00:00,1761577200000,4160.5,4186.77,4122.02,4171.25,805343.171,1608812.384,7.848e-05
2025-10-27 16:00:00+00:00,1761591600000,4171.25,4231.64,4171.24,4192.42,618224.534,1603723.927,3.736e-05
2025-10-27 20:00:00+00:00,1761606000000,4192.41,4194.07,4090.61,4118.47,683902.608,1591490.424,3.949e-05
2025-10-28 00:00:00+00:00,1761620400000,4118.46,4140.26,4066.88,4092.48,563439.569,1586876.882,4.902e-05
2025-10-28 04:00:00+00:00,1761634800000,4092.47,4125.95,4064.29,4115.36,446602.113,1578653.278,4.642e-05
2025-10-28 08:00:00+00:00,1761649200000,4115.36,4134.46,4102.35,4110.11,316396.683,1586705.977,2.163e-05
2025-10-28 12:00:00+00:00,1761663600000,4110.11,4174.08,4066.0,4095.35,1080510.623,1567131.482,1.754e-05
2025-10-28 16:00:00+00:00,1761678000000,4095.36,4149.87,4024.49,4037.26,829015.568,1550840.667,4.974e-05
2025-10-28 20:00:00+00:00,1761692400000,4037.22,4040.0,3925.01,3977.56,1056011.662,1536693.421,-5.131e-05
2025-10-29 00:00:00+00:00,1761706800000,3977.56,4006.0,3962.28,3996.0,390065.025,1540734.416,-1.572e-05
2025-10-29 04:00:00+00:00,1761721200000,3996.01,4034.99,3994.35,4022.83,338823.308,1538185.659,-9.75e-06
2025-10-29 08:00:00+00:00,1761735600000,4022.83,4024.83,3982.0,4009.14,457037.468,1533027.351,-2.26e-06
2025-10-29 12:00:00+00:00,1761750000000,4009.13,4028.01,3939.14,3950.23,756459.328,1532808.811,3.872e-05
2025-10-29 16:00:00+00:00,1761764400000,3950.23,4017.11,3836.0,3903.54,1980120.5089999998,1518015.609,9.23e-06
2025-10-29 20:00:00+00:00,1761778800000,3903.54,3962.55,3871.17,3900.38,535704.696,1545715.791,-3.319e-05
2025-10-30 00:00:00+00:00,1761793200000,3900.38,3947.0,3882.36,3932.54,401037.02,1547633.234,-4.068e-05
2025-10-30 04:00:00+00:00,1761807600000,3932.53,3943.0,3836.82,3938.18,1194320.361,1556372.303,-2.243e-05
2025-10-30 08:00:00+00:00,1761822000000,3938.19,3938.41,3875.11,3879.52,479034.49700000003,1554812.812,4.404e-05
2025-10-30 12:00:00+00:00,1761836400000,3879.52,3883.19,3755.81,3771.61,1691433.702,1636644.783,-6.33e-05
2025-10-30 16:00:00+00:00,1761850800000,3771.61,3800.45,3677.7,3685.25,1337529.8390000002,1614246.181,2.277e-05
2025-10-30 20:00:00+00:00,1761865200000,3685.25,3805.0,3678.33,3802.8,665818.522,1592214.836,3.267e-05
2025-10-31 00:00:00+00:00,1761879600000,3802.8,3860.0,3794.13,3827.6,682225.7220000001,1567495.61,3.754e-05
2025-10-31 04:00:00+00:00,1761894000000,3827.6,3872.0,3818.78,3829.43,596267.041,1602273.6,7.791e-05
2025-10-31 08:00:00+00:00,1761908400000,3829.43,3882.0,3816.29,3872.15,451684.233,1600927.476,0.0001
2025-10-31 12:00:00+00:00,1761922800000,3872.16,3887.02,3830.0,3858.58,925638.355,1574041.473,-1.205e-05
2025-10-31 16:00:00+00:00,1761937200000,3858.58,3904.9,3802.64,3884.91,922938.144,1559212.507,5.972e-05
2025-10-31 20:00:00+00:00,1761951600000,3884.91,3892.13,3838.68,3846.42,237214.027,1562242.049,6.035e-05
2025-11-01 00:00:00+00:00,1761966000000,3846.42,3863.27,3828.8,3860.0,197058.892,1570598.031,5.989e-05
2025-11-01 04:00:00+00:00,1761980400000,3860.0,3867.66,3851.3,3859.28,171174.285,1577452.737,7.748e-05
2025-11-01 08:00:00+00:00,1761994800000,3859.29,3882.0,3859.0,3876.08,209660.912,1580649.654,0.0001
2025-11-01 12:00:00+00:00,1762009200000,3876.08,3901.36,3855.66,3893.01,302448.75100000005,1584573.011,0.0001
2025-11-01 16:00:00+00:00,1762023600000,3893.02,3907.61,3860.44,3878.34,281895.016,1584134.211,6.295e-05
2025-11-01 20:00:00+00:00,1762038000000,3878.33,3890.0,3862.44,3872.14,108247.15000000001,1585220.727,6.688e-05
2025-11-02 00:00:00+00:00,1762052400000,3872.14,3885.83,3860.01,3879.25,132643.054,1593765.05,9.888e-05
2025-11-02 04:00:00+00:00,1762066800000,3879.25,3917.0,3874.08,3904.57,294026.052,1602599.673,9.288e-05
2025-11-02 08:00:00+00:00,1762081200000,3904.58,3909.34,3851.24,3888.92,482928.55000000005,1621430.511,3.08e-05
2025-11-02 12:00:00+00:00,1762095600000,3888.93,3892.98,3837.04,3851.63,411891.239,1620882.157,3.269e-05
2025-11-02 16:00:00+00:00,1762110000000,3851.63,3865.89,3838.23,3854.38,196824.276,1618170.998,7.418e-05
2025-11-02 20:00:00+00:00,1762124400000,3854.38,3915.0,3842.41,3904.8,298540.618,1637586.154,8.969e-05
2025-11-03 00:00:00+00:00,1762138800000,3904.79,3913.34,3726.0,3734.73,1240403.048,1670377.065,5.31e-05
2025-11-03 04:00:00+00:00,1762153200000,3734.74,3764.07,3682.0,3713.1,981182.62,1707772.473,2.393e-05
2025-11-03 08:00:00+00:00,1762167600000,3713.09,3739.98,3650.13,3710.0,922853.964,1720124.522,6.71e-05
2025-11-03 12:00:00+00:00,1762182000000,3710.01,3747.36,3578.4,3587.38,1564945.037,1698114.608,5.31e-06
2025-11-03 16:00:00+00:00,1762196400000,3587.38,3681.23,3562.27,3629.6,1136816.472,1713015.771,4.515e-05
2025-11-03 20:00:00+00:00,1762210800000,3629.61,3635.0,3556.0,3602.15,753273.356,1714994.664,7.896e-05
2025-11-04 00:00:00+00:00,1762225200000,3602.15,3653.65,3565.95,3640.9,638731.0480000001,1719918.161,0.0001
2025-11-04 04:00:00+00:00,1762239600000,3640.91,3646.8,3470.58,3492.79,1749278.841,1777092.95,9.009e-05
2025-11-04 08:00:00+00:00,1762254000000,3492.78,3534.14,3460.0,3527.78,882687.958,1806365.74,0.0001
2025-11-04 12:00:00+00:00,1762268400000,3527.78,3586.12,3471.38,3506.0,1412395.231,1763261.569,4.777e-05
2025-11-04 16:00:00+00:00,1762282800000,3505.99,3518.95,3225.0,3229.84,2977777.475,1701777.923,-4.69e-05
2025-11-04 20:00:00+00:00,1762297200000,3229.83,3305.75,3055.0,3285.28,3017400.443,1670287.273,1.147e-05
2025-11-05 00:00:00+00:00,1762311600000,3285.28,3347.75,3165.41,3333.44,1501621.62,1661526.043,3.681e-05
2025-11-05 04:00:00+00:00,1762326000000,3333.45,3353.8,3301.51,3329.1,589780.3659999999,1644424.718,6.56e-06
2025-11-05 08:00:00+00:00,1762340400000,3329.09,3329.19,3272.24,3320.97,723740.786,1641692.029,2e-08
2025-11-05 12:00:00+00:00,1762354800000,3320.98,3397.67,3311.26,3396.31,1210510.807,1666571.719,4.328e-05
2025-11-05 16:00:00+00:00,1762369200000,3396.32,3478.5,3368.05,3453.32,1006696.544,1653585.485,-1.208e-05
2025-11-05 20:00:00+00:00,1762383600000,3453.31,3479.0,3413.62,3423.06,497558.855,1648054.248,4.956e-05
2025-11-06 00:00:00+00:00,1762398000000,3423.06,3449.37,3373.7,3431.33,590443.7509999999,1647602.536,9.435e-05
2025-11-06 04:00:00+00:00,1762412400000,3431.34,3455.0,3357.94,3378.9,635825.88,1649950.295,5.023e-05
2025-11-06 08:00:00+00:00,1762426800000,3378.89,3414.3,3365.0,3397.85,513817.03,1656650.626,4.887e-05
2025-11-06 12:00:00+00:00,1762441200000,3397.84,3403.94,3275.19,3300.01,1471120.322,1694085.948,4.3e-07
2025-11-06 16:00:00+00:00,1762455600000,3300.01,3351.81,3245.0,3324.54,1280970.278,1709615.988,8.367e-05
2025-11-06 20:00:00+00:00,1762470000000,3324.56,3335.43,3285.97,3313.7,431242.135,1718588.809,7.613e-05
2025-11-07 00:00:00+00:00,1762484400000,3313.7,3364.0,3273.04,3343.67,638915.7949999999,1731082.23,8.182e-05
2025-11-07 04:00:00+00:00,1762498800000,3343.68,3370.0,3318.15,3356.32,427866.184,1711435.22,4.83e-05
2025-11-07 08:00:00+00:00,1762513200000,3356.31,3359.29,3224.05,3258.62,863505.306,1725357.98,3.135e-05
2025-11-07 12:00:00+00:00,1762527600000,3258.61,3317.1,3192.92,3295.99,1510659.915,1723751.243,8.341e-05
2025-11-07 16:00:00+00:00,1762542000000,3296.0,3449.0,3271.76,3441.94,1107472.219,1717289.806,6.176e-05
2025-11-07 20:00:00+00:00,1762556400000,3441.93,3472.23,3428.35,3434.36,455524.00899999996,1720513.528,7.722e-05
2025-11-08 00:00:00+00:00,1762570800000,3434.37,3465.77,3404.93,3452.5,439355.06,1725092.483,0.0001
2025-11-08 04:00:00+00:00,1762585200000,3452.51,3490.0,3414.49,3446.41,533189.95,1727049.468,8.414e-05
2025-11-08 08:00:00+00:00,1762599600000,3446.41,3468.43,3405.03,3411.53,398966.394,1732394.36,7.354e-05
2025-11-08 12:00:00+00:00,1762614000000,3411.54,3416.74,3367.81,3375.68,635781.052,1736723.604,6.487e-05
2025-11-08 16:00:00+00:00,1762628400000,3375.69,3406.46,3353.31,3387.61,494356.386,1707953.104,6.456e-05
2025-11-08 20:00:00+00:00,1762642800000,3387.62,3414.33,3378.4,3400.07,161737.377,1698511.093,1.209e-05
2025-11-09 00:00:00+00:00,1762657200000,3400.08,3403.0,3356.74,3374.82,307223.854,1705822.386,3.569e-05
2025-11-09 04:00:00+00:00,1762671600000,3374.82,3425.68,3368.62,3421.05,317545.207,1713447.49,6.598e-05
2025-11-09 08:00:00+00:00,1762686000000,3421.06,3434.0,3380.71,3426.99,423001.584,1718849.074,8.724e-05
2025-11-09 12:00:00+00:00,1762700400000,3427.0,3563.19,3423.22,3513.58,1121759.882,1703766.738,4.775e-05
2025-11-09 16:00:00+00:00,1762714800000,3513.58,3578.7,3500.0,3578.04,516123.921,1704530.484,1.634e-05
2025-11-09 20:00:00+00:00,1762729200000,3578.03,3624.4,3560.07,3581.31,556450.4010000001,1700822.685,3.686e-05
2025-11-10 00:00:00+00:00,1762743600000,3581.31,3658.0,3548.88,3626.45,783427.535,1760823.027,7.289e-05
2025-11-10 04:00:00+00:00,1762758000000,3626.44,3630.71,3587.56,3607.5,379718.644,1755451.333,9.063e-05
2025-11-10 08:00:00+00:00,1762772400000,3607.51,3630.3,3585.42,3608.9,431488.168,1769060.636,0.0001
2025-11-10 12:00:00+00:00,1762786800000,3608.89,3620.71,3506.66,3518.1,1086997.5750000002,1778909.523,7.795e-05
2025-11-10 16:00:00+00:00,1762801200000,3518.1,3574.73,3505.55,3556.83,659478.316,1749306.291,1.289e-05
2025-11-10 20:00:00+00:00,1762815600000,3556.83,3582.69,3527.06,3566.38,390982.471,1734143.841,2.915e-05
2025-11-11 00:00:00+00:00,1762830000000,3566.38,3647.54,3551.11,3604.2,860043.22,1721800.77,3.204e-05
2025-11-11 04:00:00+00:00,1762844400000,3604.21,3608.44,3528.8,3542.88,626103.617,1716304.889,-2.489e-05
2025-11-11 08:00:00+00:00,1762858800000,3542.88,3585.29,3541.22,3572.4,422845.052,1703844.142,-1.195e-05
2025-11-11 12:00:00+00:00,1762873200000,3572.4,3593.0,3466.0,3479.62,1281472.971,1681493.333,2.804e-05
2025-11-11 16:00:00+00:00,1762887600000,3479.62,3499.1,3443.04,3455.65,689194.752,1667884.59,8.15e-06
2025-11-11 20:00:00+00:00,1762902000000,3455.66,3460.66,3403.02,3416.32,630784.332,1668894.298,3.613e-05
2025-11-12 00:00:00+00:00,1762916400000,3416.33,3454.68,3408.14,3437.52,470503.66000000003,1650386.086,3.681e-05
2025-11-12 04:00:00+00:00,1762930800000,3437.52,3455.79,3422.17,3426.52,298330.33,1652063.82,-3.94e-05
2025-11-12 08:00:00+00:00,1762945200000,3426.51,3569.0,3426.33,3548.25,880204.916,1672331.908,-5.49e-06
2025-11-12 12:00:00+00:00,1762959600000,3548.24,3587.24,3416.27,3426.34,1451487.1889999998,1659695.458,7.005e-05
2025-11-12 16:00:00+00:00,1762974000000,3426.33,3455.0,3370.0,3406.58,1463495.946,1722772.865,9.599e-05
2025-11-12 20:00:00+00:00,1762988400000,3406.58,3438.82,3390.01,3413.46,321031.398,1712014.229,6.916e-05
2025-11-13 00:00:00+00:00,1763002800000,3413.45,3473.0,3375.09,3451.33,723428.986,1723077.46,6.476e-05
2025-11-13 04:00:00+00:00,1763017200000,3451.32,3565.0,3432.02,3537.15,1002337.159,1809712.425,0.0001
2025-11-13 08:00:00+00:00,1763031600000,3537.16,3549.0,3475.0,3499.98,720385.179,1783369.535,9.991e-05
2025-11-13 12:00:00+00:00,1763046000000,3499.97,3509.83,3365.0,3385.52,1747183.941,1746578.591,2.321e-05
2025-11-13 16:00:00+00:00,1763060400000,3385.52,3397.96,3173.38,3196.23,2324951.791,1807440.319,4.673e-05
2025-11-13 20:00:00+00:00,1763074800000,3196.22,3270.58,3152.49,3230.12,1234964.734,1809554.593,-3.74e-06
2025-11-14 00:00:00+00:00,1763089200000,3230.13,3250.0,3183.17,3226.5,954225.666,1768922.77,1.769e-05
2025-11-14 04:00:00+00:00,1763103600000,3226.49,3239.67,3104.0,3213.82,1716241.0119999999,1757582.259,3.573e-05
2025-11-14 08:00:00+00:00,1763118000000,3213.82,3217.8,3115.0,3142.93,1095573.456,1731182.766,7.5e-07
2025-11-14 12:00:00+00:00,1763132400000,3142.93,3233.66,3068.0,3195.73,2516469.366,1721063.894,7.962e-05
2025-11-14 16:00:00+00:00,1763146800000,3195.73,3255.95,3153.17,3206.37,1067797.327,1713456.149,0.0001
2025-11-14 20:00:00+00:00,1763161200000,3206.37,3212.04,3088.0,3111.2,757348.656,1703766.72,4.983e-05
2025-11-15 00:00:00+00:00,1763175600000,3111.2,3192.8,3109.16,3177.88,513671.665,1713655.763,6.703e-05
2025-11-15 04:00:00+00:00,1763190000000,3177.88,3190.88,3157.12,3174.98,261804.323,1711869.115,4.459e-05
2025-11-15 08:00:00+00:00,1763204400000,3174.99,3176.6,3132.66,3151.22,403576.471,1715626.53,3.642e-05
2025-11-15 12:00:00+00:00,1763218800000,3151.21,3197.5,3146.0,3184.5,351615.193,1729466.807,4.753e-05
2025-11-15 16:00:00+00:00,1763233200000,3184.5,3230.56,3160.71,3196.7,569661.618,1789381.772,0.0001
2025-11-15 20:00:00+00:00,1763247600000,3196.69,3199.4,3151.33,3166.55,282218.34500000003,1790226.069,0.0001
2025-11-16 00:00:00+00:00,1763262000000,3166.56,3209.51,3130.01,3201.56,545813.8300000001,1808259.907,0.0001
2025-11-16 04:00:00+00:00,1763276400000,3201.56,3219.75,3185.76,3218.21,301534.436,1821098.366,0.0001
2025-11-16 08:00:00+00:00,1763290800000,3218.22,3248.5,3158.35,3167.18,732667.561,1806198.301,0.0001
2025-11-16 12:00:00+00:00,1763305200000,3167.17,3181.32,3095.84,3103.52,985947.142,1827333.777,7.828e-05
2025-11-16 16:00:00+00:00,1763319600000,3103.52,3127.21,3025.0,3090.13,1999388.892,1830591.613,7.628e-05
2025-11-16 20:00:00+00:00,1763334000000,3090.13,3116.8,3001.01,3094.05,948699.931,1828411.915,0.0001
2025-11-17 00:00:00+00:00,1763348400000,3094.04,3179.79,3067.77,3175.65,861204.074,1882850.191,0.0001
2025-11-17 04:00:00+00:00,1763362800000,3175.67,3209.77,3165.3,3197.11,495128.346,1888329.275,0.0001
2025-11-17 08:00:00+00:00,1763377200000,3197.11,3223.22,3178.2,3202.57,488381.27800000005,1898333.763,0.0001
2025-11-17 12:00:00+00:00,1763391600000,3202.57,3210.22,3093.43,3119.46,1906834.501,1907612.35,5.992e-05
2025-11-17 16:00:00+00:00,1763406000000,3119.47,3142.1,2969.99,2981.0,1965453.3630000001,1901854.999,4.358e-05
2025-11-17 20:00:00+00:00,1763420400000,2980.99,3030.96,2958.0,3030.06,1003440.4169999999,1970610.769,9.067e-05
2025-11-18 00:00:00+00:00,1763434800000,3030.06,3049.0,2943.31,3022.93,1596140.417,1936844.874,0.0001
2025-11-18 04:00:00+00:00,1763449200000,3022.94,3033.5,2956.63,3022.93,1044019.804,1944826.337,0.0001
2025-11-18 08:00:00+00:00,1763463600000,3022.94,3073.71,3022.94,3056.44,846305.844,1940894.358,9.001e-05
2025-11-18 12:00:00+00:00,1763478000000,3056.45,3123.17,3020.01,3105.19,1399632.858,1960026.547,5.928e-05
2025-11-18 16:00:00+00:00,1763492400000,3105.19,3169.28,3097.88,3144.64,955321.084,1963350.391,0.0001
2025-11-18 20:00:00+00:00,1763506800000,3144.64,3149.46,3095.99,3122.2,377242.835,1956272.666,0.0001
2025-11-19 00:00:00+00:00,1763521200000,3122.2,3125.05,3068.19,3072.01,588294.059,1974509.106,0.0001
2025-11-19 04:00:00+00:00,1763535600000,3072.01,3086.68,2990.15,3083.69,1136865.3190000001,1973593.994,6.748e-05
2025-11-19 08:00:00+00:00,1763550000000,3083.69,3112.96,3051.38,3082.5,743367.167,1975236.992,0.0001
2025-11-19 12:00:00+00:00,1763564400000,3082.5,3107.49,2966.0,2971.58,1711161.1400000001,1972364.296,3.25e-05
2025-11-19 16:00:00+00:00,1763578800000,2971.57,2985.54,2873.0,2880.79,2191694.291,2037457.247,5.062e-05
2025-11-19 20:00:00+00:00,1763593200000,2880.79,3026.57,2873.63,3024.09,1384545.891,2022961.344,7.158e-05
2025-11-20 00:00:00+00:00,1763607600000,3024.08,3057.0,3003.41,3037.83,769227.673,1978238.242,5.692e-05
2025-11-20 04:00:00+00:00,1763622000000,3037.84,3063.0,3005.69,3038.09,708229.29,1985836.137,7.923e-05
2025-11-20 08:00:00+00:00,1763636400000,3038.1,3043.68,2990.47,3022.13,552190.89,2003254.275,9.845e-05
2025-11-20 12:00:00+00:00,1763650800000,3022.14,3048.0,2950.0,2954.53,1657861.629,2002120.59,6.788e-05
2025-11-20 16:00:00+00:00,1763665200000,2954.52,2960.11,2788.01,2846.39,3442646.933,2009620.593,3.32e-06
2025-11-20 20:00:00+00:00,1763679600000,2846.39,2904.83,2818.0,2832.97,879400.7000000001,2010648.998,3.335e-05
2025-11-21 00:00:00+00:00,1763694000000,2832.96,2885.84,2768.86,2807.76,1172462.928,1993065.389,0.0001
2025-11-21 04:00:00+00:00,1763708400000,2807.76,2831.85,2642.65,2718.66,2061788.2119999998,1911683.626,1.947e-05
2025-11-21 08:00:00+00:00,1763722800000,2718.67,2753.18,2661.92,2687.44,1808502.08,1955273.196,5.971e-05
2025-11-21 12:00:00+00:00,1763737200000,2687.44,2779.56,2620.0,2703.7,3224092.011,1913260.378,5.527e-05
2025-11-21 16:00:00+00:00,1763751600000,2703.69,2805.94,2673.58,2750.62,1794139.636,1883308.34,1.429e-05
2025-11-21 20:00:00+00:00,1763766000000,2750.62,2774.98,2707.0,2764.69,666188.237,1869799.942,1.858e-05
2025-11-22 00:00:00+00:00,1763780400000,2764.7,2783.34,2737.7,2751.17,372873.272,1868743.061,4.683e-05
2025-11-22 04:00:00+00:00,1763794800000,2751.16,2770.0,2725.24,2755.13,466456.065,1872366.882,7.133e-05
2025-11-22 08:00:00+00:00,1763809200000,2755.14,2755.36,2702.87,2734.0,670759.947,1872821.909,7.723e-05
2025-11-22 12:00:00+00:00,1763823600000,2734.01,2754.41,2709.25,2737.62,560648.417,1873745.053,4.511e-05
2025-11-22 16:00:00+00:00,1763838000000,2737.61,2758.0,2733.91,2749.26,288640.955,1894481.986,2.985e-05
2025-11-22 20:00:00+00:00,1763852400000,2749.26,2798.0,2732.34,2769.06,350442.23699999996,1900677.365,6.412e-05
2025-11-23 00:00:00+00:00,1763866800000,2769.06,2833.0,2766.87,2823.02,523399.414,1912226.509,3.169e-05
2025-11-23 04:00:00+00:00,1763881200000,2823.01,2850.94,2775.0,2792.16,709008.986,1886590.68,-2.501e-05
2025-11-23 08:00:00+00:00,1763895600000,2792.16,2823.14,2792.02,2814.41,341917.833,1891984.47,-1.993e-05
2025-11-23 12:00:00+00:00,1763910000000,2814.42,2857.0,2808.0,2835.01,725030.742,1870966.382,-5.86e-06
2025-11-23 16:00:00+00:00,1763924400000,2835.01,2845.53,2785.0,2821.52,591325.522,1859686.939,-2.34e-06
2025-11-23 20:00:00+00:00,1763938800000,2821.51,2843.99,2793.19,2800.73,398281.22,1854156.906,-8e-08
2025-11-24 00:00:00+00:00,1763953200000,2800.74,2866.34,2761.38,2855.52,1060327.372,1858584.243,6.865e-05
2025-11-24 04:00:00+00:00,1763967600000,2855.51,2884.8,2800.99,2828.77,1048069.625,1850132.415,7.672e-05
2025-11-24 08:00:00+00:00,1763982000000,2828.76,2841.92,2786.01,2802.07,601068.5149999999,1870623.245,2.358e-05
2025-11-24 12:00:00+00:00,1763996400000,2802.06,2859.5,2782.2,2845.16,1234237.44,1865428.554,4.931e-05
2025-11-24 16:00:00+00:00,1764010800000,2845.15,2978.99,2841.29,2957.8,1616752.639,1879727.687,4.368e-05
2025-11-24 20:00:00+00:00,1764025200000,2957.81,2986.98,2944.7,2952.19,597919.5599999999,1889491.6,4.005e-05
2025-11-25 00:00:00+00:00,1764039600000,2952.18,2952.51,2902.5,2910.29,598003.126,1864141.63,6.798e-05
2025-11-25 04:00:00+00:00,1764054000000,2910.29,2941.39,2900.01,2901.56,468098.788,1858558.817,3.668e-05
2025-11-25 08:00:00+00:00,1764068400000,2901.56,2907.67,2863.39,2889.53,728451.201,1856019.327,2.239e-05
2025-11-25 12:00:00+00:00,1764082800000,2889.54,2933.5,2855.0,2894.18,1380004.5,1853565.407,5.62e-06
2025-11-25 16:00:00+00:00,1764097200000,2894.19,2957.0,2870.03,2921.19,944022.264,1825756.173,3.4e-07
2025-11-25 20:00:00+00:00,1764111600000,2921.18,2979.31,2905.59,2958.24,655678.995,1820968.288,4.616e-05
2025-11-26 00:00:00+00:00,1764126000000,2958.24,2983.8,2920.26,2925.54,498665.682,1842856.847,6.684e-05
2025-11-26 04:00:00+00:00,1764140400000,2925.54,2953.81,2918.56,2943.04,403628.341,1846161.125,-9.65e-06
2025-11-26 08:00:00+00:00,1764154800000,2943.04,2949.25,2900.97,2912.82,504080.727,1861310.601,-1.379e-05
2025-11-26 12:00:00+00:00,1764169200000,2912.82,2948.54,2887.09,2926.63,1088079.698,1874162.872,1.809e-05
2025-11-26 16:00:00+00:00,1764183600000,2926.63,3044.46,2924.74,3031.08,1413290.0999999999,1905818.014,6.202e-05
2025-11-26 20:00:00+00:00,1764198000000,3031.08,3034.52,3006.66,3025.02,365683.236,1909328.381,2.486e-05
2025-11-27 00:00:00+00:00,1764212400000,3025.02,3070.0,3002.0,3032.32,791554.27,1920011.973,-2.895e-05
2025-11-27 04:00:00+00:00,1764226800000,3032.31,3052.73,3015.26,3032.12,378066.548,1907531.413,1.598e-05
2025-11-27 08:00:00+00:00,1764241200000,3032.12,3044.0,3016.06,3026.75,399698.969,1909520.783,7.42e-06
2025-11-27 12:00:00+00:00,1764255600000,3026.75,3028.75,2983.81,3009.68,747669.721,1889333.068,9.64e-06
2025-11-27 16:00:00+00:00,1764270000000,3009.68,3038.0,3003.01,3030.48,370407.361,1881401.579,-8.4e-06
2025-11-27 20:00:00+00:00,1764284400000,3030.49,3043.5,3002.0,3013.8,271626.668,1869315.367,-1.85e-06
2025-11-28 00:00:00+00:00,1764298800000,3013.81,3023.16,2992.1,3007.19,362739.782,1866716.701,-8.64e-06
2025-11-28 04:00:00+00:00,1764313200000,3007.19,3028.0,2998.4,3000.14,381469.101,1877694.461,2.638e-05
2025-11-28 08:00:00+00:00,1764327600000,3000.13,3080.0,2999.7,3032.44,843805.218,1904543.409,5.354e-05
2025-11-28 12:00:00+00:00,1764342000000,3032.44,3099.0,3024.34,3071.77,1102568.335,1888290.27,-7.85e-06
2025-11-28 16:00:00+00:00,1764356400000,3071.77,3072.53,3009.36,3048.5,900726.3600000001,1884337.557,-6.62e-06
2025-11-28 20:00:00+00:00,1764370800000,3048.5,3058.39,3018.2,3029.8,287664.811,1884817.445,2.59e-05
2025-11-29 00:00:00+00:00,1764385200000,3029.8,3051.46,3016.02,3021.51,228763.133,1897687.68,4.205e-05
2025-11-29 04:00:00+00:00,1764399600000,3021.51,3044.24,2989.12,3003.23,520378.66800000006,1926435.071,5.74e-06
2025-11-29 08:00:00+00:00,1764414000000,3003.22,3009.85,2982.3,2998.45,345544.09,1938272.786,-5.264e-05
2025-11-29 12:00:00+00:00,1764428400000,2998.45,3015.0,2985.4,3006.0,398196.566,1921387.23,-2.01e-06
2025-11-29 16:00:00+00:00,1764442800000,3006.0,3011.1,2960.01,2987.49,612883.94,1905343.452,6.91e-05
2025-11-29 20:00:00+00:00,1764457200000,2987.49,2997.87,2980.8,2987.96,152626.046,1905418.594,7.955e-05
2025-11-30 00:00:00+00:00,1764471600000,2987.96,3011.97,2974.0,3000.44,287796.517,1896119.365,6.174e-05
2025-11-30 04:00:00+00:00,1764486000000,3000.44,3007.5,2984.2,3003.54,208762.043,1892783.723,4.019e-05
2025-11-30 08:00:00+00:00,1764500400000,3003.54,3019.29,2996.69,3001.76,264927.371,1897474.406,-6.6e-07
2025-11-30 12:00:00+00:00,1764514800000,3001.77,3052.21,2998.38,3027.65,599869.2390000001,1902985.241,3.707e-05
2025-11-30 16:00:00+00:00,1764529200000,3027.65,3048.44,3027.05,3033.44,247953.521,1905948.648,9.58e-05
2025-11-30 20:00:00+00:00,1764543600000,3033.45,3040.0,2988.28,2990.02,369530.60899999994,1881519.473,5.351e-05
2025-12-01 00:00:00+00:00,1764558000000,2990.02,2998.84,2812.5,2824.8,2053666.2719999999,1935124.182,2.719e-05
2025-12-01 04:00:00+00:00,1764572400000,2824.81,2843.42,2805.55,2838.44,622768.997,1990209.713,7.88e-05
2025-12-01 08:00:00+00:00,1764586800000,2838.43,2854.56,2827.0,2836.48,524613.829,1961071.824,-8.497e-05
2025-12-01 12:00:00+00:00,1764601200000,2836.48,2838.98,2718.07,2745.01,1881933.859,1875222.122,-2.685e-05
2025-12-01 16:00:00+00:00,1764615600000,2745.01,2756.93,2718.63,2739.58,899601.554,1921547.763,8.859e-05
2025-12-01 20:00:00+00:00,1764630000000,2739.57,2818.0,2738.97,2797.47,759246.209,1944614.849,6.935e-05
2025-12-02 00:00:00+00:00,1764644400000,2797.48,2825.57,2781.38,2803.25,542831.186,1953725.575,4.122e-05
2025-12-02 04:00:00+00:00,1764658800000,2803.24,2814.8,2796.0,2804.2,267451.759,1961473.135,5.552e-05
2025-12-02 08:00:00+00:00,1764673200000,2804.2,2834.02,2780.6,2824.67,562633.298,1973934.422,5.187e-05
2025-12-02 12:00:00+00:00,1764687600000,2824.68,3026.04,2815.0,3005.55,2026748.482,2025450.0,4.119e-05
2025-12-02 16:00:00+00:00,1764702000000,3005.55,3034.94,2985.13,3014.61,1144080.992,1944736.258,6.334e-05
2025-12-02 20:00:00+00:00,1764716400000,3014.6,3020.0,2970.04,2994.63,537245.1359999999,1939279.608,4.698e-05
2025-12-03 00:00:00+00:00,1764730800000,2994.63,3048.0,2983.76,3029.08,577150.058,1954889.132,3.17e-05
2025-12-03 04:00:00+00:00,1764745200000,3029.07,3084.34,3028.05,3056.41,738112.0,1967632.861,1.085e-05
2025-12-03 08:00:00+00:00,1764759600000,3056.41,3079.15,3041.95,3071.95,477389.593,1992293.234,5.772e-05
2025-12-03 12:00:00+00:00,1764774000000,3071.94,3145.14,3030.0,3084.84,1889333.975,1959607.393,5.015e-05
2025-12-03 16:00:00+00:00,1764788400000,3084.84,3141.17,3062.72,3126.78,771694.628,1945274.657,-3.52e-06
2025-12-03 20:00:00+00:00,1764802800000,3126.79,3216.53,3115.6,3187.07,1007567.8,1976467.938,6.435e-05
2025-12-04 00:00:00+00:00,1764817200000,3187.08,3239.27,3172.75,3208.57,825984.923,2023824.633,2.993e-05
2025-12-04 04:00:00+00:00,1764831600000,3208.57,3219.33,3170.06,3189.02,701443.095,2058042.695,0.0001
2025-12-04 08:00:00+00:00,1764846000000,3189.01,3207.59,3173.45,3185.09,381408.972,2056095.234,0.0001
2025-12-04 12:00:00+00:00,1764860400000,3185.09,3227.66,3138.15,3206.56,1209102.527,2074557.643,9.685e-05
2025-12-04 16:00:00+00:00,1764874800000,3206.56,3225.0,3064.81,3117.66,1454644.99,2006935.569,1.117e-05
2025-12-04 20:00:00+00:00,1764889200000,3117.66,3150.47,3104.05,3132.01,428514.604,2000154.638,2.405e-05
2025-12-05 00:00:00+00:00,1764903600000,3132.01,3192.72,3131.05,3169.61,430469.141,2014991.565,6.443e-05
2025-12-05 04:00:00+00:00,1764918000000,3169.61,3181.64,3150.43,3172.47,436221.894,2048199.057,9.771e-05
2025-12-05 08:00:00+00:00,1764932400000,3172.47,3172.47,3106.01,3130.0,884381.1699999999,2033028.083,6.476e-05
2025-12-05 12:00:00+00:00,1764946800000,3129.99,3157.0,3081.09,3105.39,1377700.852,2066483.155,4.863e-05
2025-12-05 16:00:00+00:00,1764961200000,3105.39,3107.48,2978.0,3037.09,1911166.176,2074864.02,7.772e-05
2025-12-05 20:00:00+00:00,1764975600000,3037.09,3047.8,3005.12,3020.38,338788.777,2079174.613,4.481e-05
2025-12-06 00:00:00+00:00,1764990000000,3020.38,3044.8,3011.0,3038.64,243213.353,2082378.746,4.364e-05
2025-12-06 04:00:00+00:00,1765004400000,3038.64,3041.0,3022.98,3024.98,184902.551,2079995.419,4.55e-06
2025-12-06 08:00:00+00:00,1765018800000,3024.98,3040.7,3012.0,3037.46,273573.684,2086421.607,3.01e-05
2025-12-06 12:00:00+00:00,1765033200000,3037.46,3068.58,3025.0,3040.1,464854.56499999994,2059286.687,3.215e-05
2025-12-06 16:00:00+00:00,1765047600000,3040.1,3065.59,3023.0,3029.03,272725.712,2051608.236,6.83e-06
2025-12-06 20:00:00+00:00,1765062000000,3029.04,3053.99,3024.35,3036.53,179343.293,2045510.52,3.76e-05
2025-12-07 00:00:00+00:00,1765076400000,3036.53,3056.6,3030.65,3052.58,171146.475,2054987.057,4.396e-05
2025-12-07 04:00:00+00:00,1765090800000,3052.57,3056.78,3029.16,3035.91,177621.695,2056303.914,-1.008e-05
2025-12-07 08:00:00+00:00,1765105200000,3035.9,3042.9,3023.25,3034.52,216142.612,2060374.833,4.576e-05
2025-12-07 12:00:00+00:00,1765119600000,3034.52,3052.8,2903.75,3025.82,1587983.8560000001,2028556.287,1.445e-05
2025-12-07 16:00:00+00:00,1765134000000,3025.83,3150.0,2997.59,3136.77,1327649.316,1986203.475,7.267e-05
2025-12-07 20:00:00+00:00,1765148400000,3136.77,3145.91,3010.0,3058.14,835543.371,1957643.329,2.807e-05
2025-12-08 00:00:00+00:00,1765162800000,3058.14,3133.69,3038.76,3109.65,607913.624,1969237.168,3.46e-05
2025-12-08 04:00:00+00:00,1765177200000,3109.65,3140.15,3107.15,3132.62,425163.273,2005134.656,7.237e-05
2025-12-08 08:00:00+00:00,1765191600000,3132.61,3179.99,3123.81,3140.61,596650.888,2012144.588,7.055e-05
2025-12-08 12:00:00+00:00,1765206000000,3140.61,3178.0,3087.34,3099.69,1544347.4139999999,1964449.701,4.312e-05
2025-12-08 16:00:00+00:00,1765220400000,3099.69,3132.26,3066.17,3117.55,777794.824,1948947.253,7.56e-06
2025-12-08 20:00:00+00:00,1765234800000,3117.56,3152.0,3111.65,3123.14,346761.775,1942027.076,5.215e-05
2025-12-09 00:00:00+00:00,1765249200000,3123.15,3142.3,3089.01,3127.99,500964.431,1985343.606,9.074e-05
2025-12-09 04:00:00+00:00,1765263600000,3128.0,3130.0,3094.0,3121.57,381512.02,1990592.272,6.272e-05
2025-12-09 08:00:00+00:00,1765278000000,3121.58,3129.6,3090.0,3116.91,348112.505,1994832.93,3.081e-05
2025-12-09 12:00:00+00:00,1765292400000,3116.91,3256.0,3097.0,3244.91,1547794.2149999999,2029695.813,3.873e-05
2025-12-09 16:00:00+00:00,1765306800000,3244.92,3397.5,3244.3,3357.06,2089098.95,2090873.743,0.0001
2025-12-09 20:00:00+00:00,1765321200000,3357.05,3360.32,3283.51,3316.49,722290.244,2063336.891,0.0001
2025-12-10 00:00:00+00:00,1765335600000,3316.5,3327.43,3286.58,3308.0,354269.292,2058156.107,9.484e-05
2025-12-10 04:00:00+00:00,1765350000000,3308.01,3334.92,3305.22,3325.65,296314.73699999996,2057201.525,7.418e-05
2025-12-10 08:00:00+00:00,1765364400000,3325.64,3374.93,3295.56,3316.75,772820.147,2039904.16,5.21e-05
2025-12-10 12:00:00+00:00,1765378800000,3316.76,3337.91,3302.61,3326.63,641668.318,2056525.639,3.452e-05
2025-12-10 16:00:00+00:00,1765393200000,3326.63,3436.95,3319.48,3388.97,1685935.231,2056774.948,3.514e-05
2025-12-10 20:00:00+00:00,1765407600000,3388.98,3446.12,3316.9,3322.79,1061006.371,2048576.731,6.936e-05
2025-12-11 00:00:00+00:00,1765422000000,3322.8,3326.74,3165.0,3189.78,1307759.654,2061340.684,5.03e-05
2025-12-11 04:00:00+00:00,1765436400000,3189.77,3214.0,3179.0,3199.97,542279.018,2059664.729,1.67e-06
2025-12-11 08:00:00+00:00,1765450800000,3199.97,3212.0,3175.2,3191.29,415214.668,2050781.327,3.072e-05
2025-12-11 12:00:00+00:00,1765465200000,3191.29,3209.06,3142.92,3177.71,1134781.654,2076072.462,2.598e-05
2025-12-11 16:00:00+00:00,1765479600000,3177.71,3232.89,3153.78,3192.7,1022760.5970000001,2013444.495,3.846e-05
2025-12-11 20:00:00+00:00,1765494000000,3192.69,3272.43,3190.77,3235.77,760167.514,1956046.193,-2.74e-06
2025-12-12 00:00:00+00:00,1765508400000,3235.78,3264.78,3183.33,3244.03,547849.055,1970098.396,2.28e-05
2025-12-12 04:00:00+00:00,1765522800000,3244.03,3263.5,3230.53,3245.0,292460.99,1977387.025,3.202e-05
2025-12-12 08:00:00+00:00,1765537200000,3244.99,3254.74,3225.02,3241.17,339966.067,1981585.885,4.773e-05
2025-12-12 12:00:00+00:00,1765551600000,3241.17,3250.66,3050.0,3070.0,1715560.0,1983654.419,-7.3e-07
2025-12-12 16:00:00+00:00,1765566000000,3070.01,3098.28,3041.1,3071.94,1451516.493,2024292.123,-3.464e-05
2025-12-12 20:00:00+00:00,1765580400000,3071.94,3095.0,3065.79,3083.34,269365.036,2019360.376,2.5e-07
2025-12-13 00:00:00+00:00,1765594800000,3083.34,3094.07,3077.0,3088.46,151795.722,2017985.462,2.861e-05
2025-12-13 04:00:00+00:00,1765609200000,3088.46,3094.23,3082.18,3093.19,165652.931,2026502.665,-1.347e-05
2025-12-13 08:00:00+00:00,1765623600000,3093.2,3135.0,3090.91,3117.99,426725.822,2019272.307,2.5e-06
2025-12-13 12:00:00+00:00,1765638000000,3118.0,3125.99,3092.64,3108.1,346641.32499999995,2006974.919,3.277e-05
2025-12-13 16:00:00+00:00,1765652400000,3108.1,3115.25,3094.39,3107.12,161932.759,2008051.137,7.237e-05
2025-12-13 20:00:00+00:00,1765666800000,3107.13,3118.99,3075.0,3113.01,197550.962,2004470.973,8.286e-05
2025-12-14 00:00:00+00:00,1765681200000,3113.0,3128.65,3101.27,3117.4,184167.035,1998597.238,5.194e-05
2025-12-14 04:00:00+00:00,1765695600000,3117.4,3120.99,3103.01,3113.78,143691.956,2003352.161,4.879e-05
2025-12-14 08:00:00+00:00,1765710000000,3113.77,3118.72,3048.32,3083.45,526486.112,2030152.395,6.301e-05
2025-12-14 12:00:00+00:00,1765724400000,3083.46,3107.26,3068.85,3083.33,633184.714,2075337.367,8.237e-05
2025-12-14 16:00:00+00:00,1765738800000,3083.32,3107.0,3072.67,3091.88,501685.439,2048222.309,4.217e-05
2025-12-14 20:00:00+00:00,1765753200000,3091.88,3095.84,3022.51,3062.02,700779.052,2055263.558,6.154e-05
2025-12-15 00:00:00+00:00,1765767600000,3062.01,3150.0,3055.25,3107.48,825483.534,2057634.917,7.486e-05
2025-12-15 04:00:00+00:00,1765782000000,3107.49,3143.89,3102.08,3127.34,346841.73,2054848.183,3.462e-05
2025-12-15 08:00:00+00:00,1765796400000,3127.34,3177.0,3123.9,3155.69,579899.8130000001,2082548.331,7.462e-05
2025-12-15 12:00:00+00:00,1765810800000,3155.68,3157.9,2985.0,3009.48,1999664.779,2054676.646,1.943e-05
2025-12-15 16:00:00+00:00,1765825200000,3009.48,3016.55,2890.51,2938.68,1735769.43,2087958.344,-1.305e-05
2025-12-15 20:00:00+00:00,1765839600000,2938.68,2968.43,2915.18,2963.25,593033.686,2117747.06,-6.5e-06
2025-12-16 00:00:00+00:00,1765854000000,2963.25,2976.94,2920.91,2935.44,593744.8740000001,2085890.023,2.27e-05
2025-12-16 04:00:00+00:00,1765868400000,2935.44,2950.27,2870.0,2922.62,754956.471,2043139.409,2.281e-05
2025-12-16 08:00:00+00:00,1765882800000,2922.61,2962.99,2918.25,2956.57,473748.08900000004,2035595.694,-9.56e-06
2025-12-16 12:00:00+00:00,1765897200000,2956.57,2982.1,2885.46,2961.73,1558979.6579999998,1985581.024,-1.856e-05
2025-12-16 16:00:00+00:00,1765911600000,2961.73,2966.98,2910.01,2943.8,856984.505,1977503.905,2.26e-06
2025-12-16 20:00:00+00:00,1765926000000,2943.82,2964.45,2936.46,2960.84,263002.112,1973984.768,3.5e-06
2025-12-17 00:00:00+00:00,1765940400000,2960.83,2973.52,2936.52,2946.45,327521.359,1972117.938,2.148e-05
2025-12-17 04:00:00+00:00,1765954800000,2946.46,2953.12,2912.36,2946.59,466416.924,1975725.19,3.728e-05
2025-12-17 08:00:00+00:00,1765969200000,2946.59,2946.59,2905.29,2927.36,406035.085,1986955.128,2.802e-05
2025-12-17 12:00:00+00:00,1765983600000,2927.36,3030.0,2882.49,2903.23,2326773.8200000003,1909461.865,1.97e-06
2025-12-17 16:00:00+00:00,1765998000000,2903.23,2924.79,2789.52,2819.01,1908104.524,1993298.725,-3.13e-06
2025-12-17 20:00:00+00:00,1766012400000,2819.02,2836.61,2804.48,2832.0,451241.853,1987745.381,-1.807e-05
2025-12-18 00:00:00+00:00,1766026800000,2831.99,2846.81,2820.12,2830.57,368098.63,1974084.011,-2.263e-05
2025-12-18 04:00:00+00:00,1766041200000,2830.57,2840.0,2821.0,2834.98,287121.124,1967008.669,-3.186e-05
2025-12-18 08:00:00+00:00,1766055600000,2834.99,2863.18,2830.26,2857.65,386318.103,1960443.432,-1.754e-05
2025-12-18 12:00:00+00:00,1766070000000,2857.66,2997.05,2852.58,2963.89,2375644.948,1938738.161,5.843e-05
2025-12-18 16:00:00+00:00,1766084400000,2963.9,2966.28,2772.97,2780.4,2243634.15,1961857.443,1.678e-05
2025-12-18 20:00:00+00:00,1766098800000,2780.4,2837.8,2778.06,2827.3,695024.64,1978324.857,5.738e-05
2025-12-19 00:00:00+00:00,1766113200000,2827.32,2934.93,2806.15,2907.56,1069254.8429999999,2015911.85,9.716e-05
2025-12-19 04:00:00+00:00,1766127600000,2907.55,2984.0,2905.79,2950.4,910089.142,2015960.778,7.285e-05
2025-12-19 08:00:00+00:00,1766142000000,2950.39,2969.89,2936.64,2964.0,464072.342,2035171.775,0.0001
2025-12-19 12:00:00+00:00,1766156400000,2964.0,3017.99,2941.49,2963.48,1330756.676,2085871.33,9.212e-05
2025-12-19 16:00:00+00:00,1766170800000,2963.48,3006.76,2933.0,2983.61,989243.528,2081422.027,3.21e-05
2025-12-19 20:00:00+00:00,1766185200000,2983.62,3002.0,2973.33,2978.33,261025.011,2073835.469,1.938e-05
2025-12-20 00:00:00+00:00,1766199600000,2978.34,2992.81,2969.23,2987.97,165642.828,2076318.394,4.656e-05
2025-12-20 04:00:00+00:00,1766214000000,2987.98,2989.52,2973.12,2980.25,174843.339,2078547.118,1.909e-05
2025-12-20 08:00:00+00:00,1766228400000,2980.26,2989.4,2973.62,2985.98,189460.149,2093445.348,4.738e-05
2025-12-20 12:00:00+00:00,1766242800000,2985.99,2992.97,2965.28,2975.57,359534.003,2066603.593,9.5e-06
2025-12-20 16:00:00+00:00,1766257200000,2975.58,2979.99,2972.63,2976.57,78112.996,2060833.648,-1.498e-05
2025-12-20 20:00:00+00:00,1766271600000,2976.57,2984.75,2971.28,2976.54,70338.756,2056564.766,1.814e-05
2025-12-21 00:00:00+00:00,1766286000000,2976.55,2979.91,2960.13,2971.7,179679.766,2048277.291,5.189e-05
2025-12-21 04:00:00+00:00,1766300400000,2971.7,2981.68,2970.6,2979.83,75461.361,2050564.311,4.184e-05
2025-12-21 08:00:00+00:00,1766314800000,2979.83,3011.99,2976.27,2995.16,419949.82,2060962.043,2.743e-05
2025-12-21 12:00:00+00:00,1766329200000,2995.16,3004.0,2943.0,2973.23,684332.218,2024038.247,3.29e-06
2025-12-21 16:00:00+00:00,1766343600000,2973.23,2996.63,2965.93,2989.48,300762.838,2022723.964,-3.82e-06
2025-12-21 20:00:00+00:00,1766358000000,2989.48,3011.34,2969.45,3000.62,220752.474,2028122.617,-2.319e-05
2025-12-22 00:00:00+00:00,1766372400000,3000.61,3060.39,2966.0,3020.18,1009782.984,1988272.955,9.69e-06
2025-12-22 04:00:00+00:00,1766386800000,3020.18,3041.51,3018.4,3028.38,313620.918,2015647.927,5.23e-06
2025-12-22 08:00:00+00:00,1766401200000,3028.38,3057.0,3023.57,3047.61,498299.52499999997,2027371.876,7.1e-07
2025-12-22 12:00:00+00:00,1766415600000,3047.61,3077.99,3020.4,3051.22,999125.541,2032494.494,-5.86e-06
2025-12-22 16:00:00+00:00,1766430000000,3051.22,3058.61,2972.6,2979.15,679967.426,1996485.691,3.535e-05
2025-12-22 20:00:00+00:00,1766444400000,2979.16,3014.76,2961.0,3008.49,527209.373,1994358.585,3.835e-05
2025-12-23 00:00:00+00:00,1766458800000,3008.5,3035.0,2970.08,2990.48,524072.32300000003,1994282.389,9.705e-05
2025-12-23 04:00:00+00:00,1766473200000,2990.48,2999.0,2945.0,2963.58,562333.806,2017131.553,6.79e-05
2025-12-23 08:00:00+00:00,1766487600000,2963.57,2974.46,2951.19,2972.06,270312.717,2032663.698,2.777e-05
2025-12-23 12:00:00+00:00,1766502000000,2972.06,2973.0,2899.3,2927.39,1211030.215,2104762.968,2.554e-05
2025-12-23 16:00:00+00:00,1766516400000,2927.39,2965.81,2907.28,2942.71,961264.321,2144144.177,4.534e-05
2025-12-23 20:00:00+00:00,1766530800000,2942.71,2987.74,2939.19,2963.29,496922.772,2104062.862,2.667e-05
2025-12-24 00:00:00+00:00,1766545200000,2963.29,2976.48,2919.0,2944.47,446998.043,2104335.103,2.08e-06
2025-12-24 04:00:00+00:00,1766559600000,2944.47,2957.94,2916.11,2931.5,455900.813,2119868.926,6.182e-05
2025-12-24 08:00:00+00:00,1766574000000,2931.49,2938.71,2912.18,2923.96,393961.608,2118773.218,8.71e-05
2025-12-24 12:00:00+00:00,1766588400000,2923.96,2937.35,2886.75,2924.2,714936.129,2129354.053,5.629e-05
2025-12-24 16:00:00+00:00,1766602800000,2924.2,2954.79,2920.04,2944.78,432583.251,2109797.401,6.734e-05
2025-12-24 20:00:00+00:00,1766617200000,2944.78,2962.69,2939.86,2946.23,178272.086,2095848.52,6.527e-05
2025-12-25 00:00:00+00:00,1766631600000,2946.23,2955.92,2934.66,2945.9,161796.738,2097526.26,5.773e-05
2025-12-25 04:00:00+00:00,1766646000000,2945.89,2947.27,2936.55,2940.83,112785.062,2101016.927,6.688e-05
2025-12-25 08:00:00+00:00,1766660400000,2940.83,2946.0,2910.14,2923.51,342948.915,2099286.589,7.527e-05
2025-12-25 12:00:00+00:00,1766674800000,2923.51,2969.99,2918.52,2959.68,453553.349,2119019.022,5.029e-05
2025-12-25 16:00:00+00:00,1766689200000,2959.67,2966.49,2941.52,2955.15,296392.905,2113593.449,6.758e-05
2025-12-25 20:00:00+00:00,1766703600000,2955.15,2955.43,2888.88,2902.32,466418.873,2116245.078,5.119e-05
2025-12-26 00:00:00+00:00,1766718000000,2902.32,2994.0,2892.72,2963.76,1013287.4890000001,2111848.442,4.893e-05
2025-12-26 04:00:00+00:00,1766732400000,2963.76,2992.88,2950.79,2955.43,459938.641,2119213.804,6.501e-05
2025-12-26 08:00:00+00:00,1766746800000,2955.44,2975.48,2953.55,2963.66,260876.346,2128416.889,9.964e-05
2025-12-26 12:00:00+00:00,1766761200000,2963.65,2984.93,2893.0,2921.5,1235292.793,2162264.65,3.458e-05
2025-12-26 16:00:00+00:00,1766775600000,2921.51,2934.28,2905.5,2924.5,379803.329,2168910.644,1.71e-05
2025-12-26 20:00:00+00:00,1766790000000,2924.5,2938.0,2920.23,2926.82,162745.361,2154804.313,4.038e-05
2025-12-27 00:00:00+00:00,1766804400000,2926.83,2932.24,2920.0,2931.98,105457.968,2152956.638,5.443e-05
2025-12-27 04:00:00+00:00,1766818800000,2931.98,2936.66,2926.35,2931.47,97394.913,2149010.377,-4.65e-06
2025-12-27 08:00:00+00:00,1766833200000,2931.46,2939.82,2914.63,2929.58,238624.649,2120365.434,4.329e-05
2025-12-27 12:00:00+00:00,1766847600000,2929.59,2932.72,2924.0,2925.53,104305.95,2120441.787,8.176e-05
2025-12-27 16:00:00+00:00,1766862000000,2925.54,2929.7,2915.74,2929.6,112609.207,2122556.94,7.426e-05
2025-12-27 20:00:00+00:00,1766876400000,2929.6,2959.84,2927.06,2947.61,241120.00799999997,2117580.612,5.192e-05
2025-12-28 00:00:00+00:00,1766890800000,2947.61,2950.63,2939.5,2942.34,123844.508,2125323.273,5.417e-05
2025-12-28 04:00:00+00:00,1766905200000,2942.34,2946.29,2927.76,2937.96,165596.304,2131188.633,7.88e-05
2025-12-28 08:00:00+00:00,1766919600000,2937.96,2946.46,2930.01,2942.99,171967.02,2129206.8,7.947e-05
2025-12-28 12:00:00+00:00,1766934000000,2942.99,2959.99,2936.2,2948.0,227362.374,2131079.526,4.862e-05
2025-12-28 16:00:00+00:00,1766948400000,2948.0,2953.5,2922.84,2932.18,259924.848,2113817.824,8.607e-05
2025-12-28 20:00:00+00:00,1766962800000,2932.18,2954.5,2927.1,2949.6,207645.603,2115117.856,9.172e-05
2025-12-29 00:00:00+00:00,1766977200000,2949.6,3047.89,2943.1,3042.3,1083093.395,2171160.106,0.0001
2025-12-29 04:00:00+00:00,1766991600000,3042.3,3056.0,3001.0,3018.46,687977.921,2199945.259,8.473e-05
2025-12-29 08:00:00+00:00,1767006000000,3018.47,3025.0,2955.36,2958.52,950738.037,2130599.769,7.959e-05
2025-12-29 12:00:00+00:00,1767020400000,2958.52,2964.92,2908.58,2934.02,1464566.7140000002,2138358.727,1.885e-05
2025-12-29 16:00:00+00:00,1767034800000,2934.02,2944.79,2911.1,2930.88,572916.443,2128548.941,8.59e-06
2025-12-29 20:00:00+00:00,1767049200000,2930.88,2943.2,2924.5,2936.45,216168.17599999998,2132123.668,-1.544e-05
2025-12-30 00:00:00+00:00,1767063600000,2936.45,2955.01,2917.48,2950.6,352507.494,2145556.061,2.567e-05
2025-12-30 04:00:00+00:00,1767078000000,2950.61,2957.5,2935.88,2949.43,264122.904,2132052.006,3.92e-05
2025-12-30 08:00:00+00:00,1767092400000,2949.43,3003.0,2948.81,2977.85,745042.45,2126644.65,0.0001
2025-12-30 12:00:00+00:00,1767106800000,2977.85,3008.67,2956.79,2988.48,972475.51,2124220.454,0.0001
2025-12-30 16:00:00+00:00,1767121200000,2988.49,2993.6,2941.27,2970.32,632362.441,2110047.051,0.0001
2025-12-30 20:00:00+00:00,1767135600000,2970.32,2974.8,2953.0,2972.22,193967.276,2097181.666,5.185e-05
2025-12-31 00:00:00+00:00,1767150000000,2972.23,2983.97,2960.9,2969.18,288341.311,2095039.581,2.922e-05
2025-12-31 04:00:00+00:00,1767164400000,2969.19,2978.4,2967.13,2975.52,145372.109,2089241.508,1.185e-05
2025-12-31 08:00:00+00:00,1767178800000,2975.52,3002.01,2962.21,3000.48,376756.78099999996,2091174.679,2.008e-05
2025-12-31 12:00:00+00:00,1767193200000,3000.48,3027.73,2966.0,2984.3,933156.921,2110077.178,3.527e-05
2025-12-31 16:00:00+00:00,1767207600000,2984.3,2996.43,2957.59,2970.21,451563.289,2098620.58,7.97e-05
2025-12-31 20:00:00+00:00,1767222000000,2970.21,2984.05,2962.2,2970.4,216324.386,2091618.046,0.0001
2026-01-01 00:00:00+00:00,1767236400000,2970.4,2988.48,2970.0,2979.01,133067.175,2100015.3,7.369e-05
2026-01-01 04:00:00+00:00,1767250800000,2979.01,2982.78,2972.1,2977.18,122145.25,2100383.938,8.774e-05
2026-01-01 08:00:00+00:00,1767265200000,2977.18,2991.94,2976.57,2988.0,127641.61399999999,2099985.389,4.558e-05
2026-01-01 12:00:00+00:00,1767279600000,2988.0,2993.91,2976.0,2988.44,221631.06,2098702.022,-5.84e-06
2026-01-01 16:00:00+00:00,1767294000000,2988.45,3005.0,2979.47,2994.06,272023.009,2106611.575,7.494e-05
2026-01-01 20:00:00+00:00,1767308400000,2994.08,3008.56,2985.9,3002.49,201595.813,2111855.882,5.106e-05
2026-01-02 00:00:00+00:00,1767322800000,3002.5,3034.36,2990.67,3021.04,462507.608,2156971.029,3.48e-05
2026-01-02 04:00:00+00:00,1767337200000,3021.04,3038.42,3007.0,3017.0,385068.778,2183647.985,3.085e-05
2026-01-02 08:00:00+00:00,1767351600000,3017.0,3068.97,3014.27,3046.7,812443.7599999999,2292278.55,9.889e-05
2026-01-02 12:00:00+00:00,1767366000000,3046.69,3112.15,3017.64,3085.09,1450276.8709999998,2307325.333,0.0001
2026-01-02 16:00:00+00:00,1767380400000,3085.09,3149.0,3077.9,3122.46,1229567.483,2308315.633,7.52e-05
2026-01-02 20:00:00+00:00,1767394800000,3122.46,3144.0,3109.85,3123.89,292419.225,2301080.93,5.183e-05
2026-01-03 00:00:00+00:00,1767409200000,3123.88,3135.0,3117.09,3123.9,173512.584,2296368.693,-3.98e-06
2026-01-03 04:00:00+00:00,1767423600000,3123.91,3126.52,3074.52,3089.51,457906.646,2287112.84,3.421e-05
2026-01-03 08:00:00+00:00,1767438000000,3089.52,3109.6,3082.63,3097.0,287700.13800000004,2282993.69,7.737e-05
2026-01-03 12:00:00+00:00,1767452400000,3097.0,3114.11,3092.19,3099.92,238314.189,2275760.596,3.231e-05
2026-01-03 16:00:00+00:00,1767466800000,3099.91,3118.61,3096.75,3112.0,148425.481,2279560.952,8.419e-05
2026-01-03 20:00:00+00:00,1767481200000,3112.0,3129.7,3105.76,3125.47,160738.56199999998,2274428.199,7.652e-05
2026-01-04 00:00:00+00:00,1767495600000,3125.46,3165.99,3124.76,3145.73,512447.964,2280495.623,3.323e-05
2026-01-04 04:00:00+00:00,1767510000000,3145.73,3161.41,3132.24,3139.51,328217.711,2270819.692,2.12e-06
2026-01-04 08:00:00+00:00,1767524400000,3139.52,3147.37,3122.58,3138.32,289034.15,2268319.303,3.274e-05
2026-01-04 12:00:00+00:00,1767538800000,3138.32,3145.94,3115.0,3134.14,272959.04500000004,2261290.319,7.154e-05
2026-01-04 16:00:00+00:00,1767553200000,3134.14,3142.85,3117.0,3131.31,235732.448,2254969.316,7.523e-05
2026-01-04 20:00:00+00:00,1767567600000,3131.31,3155.0,3129.37,3143.32,249511.472,2253793.978,7.926e-05
2026-01-05 00:00:00+00:00,1767582000000,3143.33,3221.0,3141.5,3184.74,903116.848,2250882.799,9.049e-05
2026-01-05 04:00:00+00:00,1767596400000,3184.75,3186.89,3131.47,3156.0,726239.775,2247654.51,9.5e-06
2026-01-05 08:00:00+00:00,1767610800000,3156.0,3183.36,3151.78,3178.88,397059.116,2238714.832,4.073e-05
2026-01-05 12:00:00+00:00,1767625200000,3178.88,3205.0,3132.58,3194.49,1013321.9979999999,2204811.52,4.996e-05
2026-01-05 16:00:00+00:00,1767639600000,3194.48,3230.86,3157.01,3221.63,945405.7779999999,2208893.402,8.637e-05
2026-01-05 20:00:00+00:00,1767654000000,3221.64,3266.0,3218.55,3223.71,545811.985,2204580.24,8.035e-05
2026-01-06 00:00:00+00:00,1767668400000,3223.72,3246.0,3201.91,3223.88,402617.323,2206278.258,6.925e-05
2026-01-06 04:00:00+00:00,1767682800000,3223.88,3254.94,3210.02,3218.01,540058.226,2255363.032,6.905e-05
2026-01-06 08:00:00+00:00,1767697200000,3218.0,3241.76,3212.8,3236.36,283760.395,2256475.865,6.902e-05
2026-01-06 12:00:00+00:00,1767711600000,3236.36,3308.0,3228.19,3270.74,1555393.145,2224615.683,4.25e-05
2026-01-06 16:00:00+00:00,1767726000000,3270.74,3277.76,3180.71,3222.18,1176588.448,2150822.401,2.578e-05
2026-01-06 20:00:00+00:00,1767740400000,3222.19,3301.64,3221.91,3295.46,628617.944,2142055.317,7.672e-05
2026-01-07 00:00:00+00:00,1767754800000,3295.46,3295.79,3238.0,3265.57,579224.549,2147435.48,0.0001
2026-01-07 04:00:00+00:00,1767769200000,3265.57,3270.88,3245.72,3253.99,271044.849,2168028.987,7.268e-05
2026-01-07 08:00:00+00:00,1767783600000,3253.99,3262.0,3194.28,3218.75,945590.1520000001,2149568.993,1.516e-05
2026-01-07 12:00:00+00:00,1767798000000,3218.74,3228.0,3142.82,3163.53,1393902.1970000002,2154314.666,3.868e-05
2026-01-07 16:00:00+00:00,1767812400000,3163.53,3178.44,3123.01,3144.37,866529.1089999999,2189966.447,9.771e-05
2026-01-07 20:00:00+00:00,1767826800000,3144.38,3181.81,3126.55,3167.52,484035.292,2267835.46,7.088e-05
2026-01-08 00:00:00+00:00,1767841200000,3167.53,3183.68,3132.33,3141.35,388178.75800000003,2253700.976,8.566e-05
2026-01-08 04:00:00+00:00,1767855600000,3141.35,3160.29,3086.26,3126.41,778811.181,2271988.548,7.728e-05
2026-01-08 08:00:00+00:00,1767870000000,3126.41,3135.7,3095.16,3119.35,653716.2819999999,2271646.467,6.35e-05
2026-01-08 12:00:00+00:00,1767884400000,3119.35,3119.66,3052.43,3102.89,1402564.226,2225493.989,-1.29e-06
2026-01-08 16:00:00+00:00,1767898800000,3102.89,3138.44,3088.34,3110.13,691620.906,2194179.048,7.89e-06
2026-01-08 20:00:00+00:00,1767913200000,3110.12,3129.6,3087.35,3105.45,330084.08,2196145.151,6.634e-05
2026-01-09 00:00:00+00:00,1767927600000,3105.44,3148.0,3077.46,3118.38,579827.409,2263968.301,6.727e-05
2026-01-09 04:00:00+00:00,1767942000000,3118.38,3124.26,3109.22,3109.75,182825.737,2273523.049,3.757e-05
2026-01-09 08:00:00+00:00,1767956400000,3109.76,3114.32,3066.0,3088.99,580453.0700000001,2299079.427,5.155e-05
2026-01-09 12:00:00+00:00,1767970800000,3089.0,3142.0,3056.79,3111.39,1290277.425,2280163.378,5.432e-05
2026-01-09 16:00:00+00:00,1767985200000,3111.39,3144.99,3066.31,3079.0,775732.938,2264117.436,9.285e-05
2026-01-09 20:00:00+00:00,1767999600000,3079.0,3092.17,3064.0,3087.15,279840.206,2262498.721,8.951e-05
2026-01-10 00:00:00+00:00,1768014000000,3087.16,3093.53,3078.3,3085.52,121450.212,2267292.545,0.0001
2026-01-10 04:00:00+00:00,1768028400000,3085.52,3092.48,3077.22,3091.5,121216.256,2264970.548,0.0001
2026-01-10 08:00:00+00:00,1768042800000,3091.49,3102.68,3086.13,3095.64,138667.002,2276251.333,0.0001
2026-01-10 12:00:00+00:00,1768057200000,3095.63,3102.75,3087.25,3094.12,135440.912,2281155.446,5.313e-05
2026-01-10 16:00:00+00:00,1768071600000,3094.12,3097.56,3088.5,3090.79,70501.359,2279745.426,4.054e-05
2026-01-10 20:00:00+00:00,1768086000000,3090.78,3092.19,3077.08,3085.47,103200.57800000001,2270982.312,9.773e-05
2026-01-11 00:00:00+00:00,1768100400000,3085.47,3096.41,3083.23,3095.48,84779.25099999999,2275674.343,9.225e-05
2026-01-11 04:00:00+00:00,1768114800000,3095.49,3101.0,3088.31,3094.03,101214.22,2274661.732,6.573e-05
2026-01-11 08:00:00+00:00,1768129200000,3094.03,3108.45,3091.35,3103.8,145254.711,2289640.624,6.697e-05
2026-01-11 12:00:00+00:00,1768143600000,3103.8,3129.6,3103.46,3116.89,319133.86,2296480.411,5.876e-05
2026-01-11 16:00:00+00:00,1768158000000,3116.9,3147.0,3114.4,3123.47,454463.779,2284747.128,0.0001
2026-01-11 20:00:00+00:00,1768172400000,3123.46,3125.44,3090.7,3122.0,409265.762,2253638.3,0.0001
2026-01-12 00:00:00+00:00,1768186800000,3122.0,3170.88,3095.28,3151.18,786884.087,2251282.607,8.411e-05
2026-01-12 04:00:00+00:00,1768201200000,3151.17,3165.77,3131.58,3133.96,359559.534,2235052.473,3.472e-05
2026-01-12 08:00:00+00:00,1768215600000,3133.96,3146.13,3100.0,3114.12,617818.107,2245030.271,5.834e-05
2026-01-12 12:00:00+00:00,1768230000000,3114.12,3132.0,3061.35,3128.66,993733.656,2246941.085,6.663e-05
2026-01-12 16:00:00+00:00,1768244400000,3128.66,3145.93,3083.0,3120.33,804513.463,2242554.068,0.0001
2026-01-12 20:00:00+00:00,1768258800000,3120.33,3126.84,3083.0,3093.84,316837.892,2238887.569,4.731e-05
2026-01-13 00:00:00+00:00,1768273200000,3093.85,3118.0,3090.18,3114.98,301275.527,2241553.725,4.241e-05
2026-01-13 04:00:00+00:00,1768287600000,3114.98,3145.71,3110.71,3121.08,512413.44999999995,2248345.407,9.164e-05
2026-01-13 08:00:00+00:00,1768302000000,3121.08,3148.15,3121.05,3132.77,320235.80700000003,2238465.625,0.0001
2026-01-13 12:00:00+00:00,1768316400000,3132.77,3188.08,3127.94,3183.11,1233395.062,2255319.671,2.673e-05
2026-01-13 16:00:00+00:00,1768330800000,3183.11,3217.6,3170.23,3214.45,892316.216,2292735.936,6.351e-05
2026-01-13 20:00:00+00:00,1768345200000,3214.46,3383.63,3188.72,3324.69,1461919.755,2387432.209,0.0001
2026-01-14 00:00:00+00:00,1768359600000,3324.68,3360.0,3314.01,3351.04,651111.262,2348212.403,0.0001
2026-01-14 04:00:00+00:00,1768374000000,3351.03,3365.66,3321.12,3334.88,484874.124,2322193.421,0.0001
2026-01-14 08:00:00+00:00,1768388400000,3334.88,3342.0,3281.59,3285.2,568679.898,2313555.217,0.0001
2026-01-14 12:00:00+00:00,1768402800000,3285.19,3361.02,3280.0,3344.19,1286402.312,2241004.408,8.394e-05
2026-01-14 16:00:00+00:00,1768417200000,3344.19,3403.77,3313.94,3366.49,1453952.3369999998,2229172.817,5.444e-05
2026-01-14 20:00:00+00:00,1768431600000,3366.48,3392.0,3346.24,3353.27,439133.901,2240568.774,5.393e-05
2026-01-15 00:00:00+00:00,1768446000000,3353.28,3354.61,3275.36,3284.79,602166.195,2254087.224,5.703e-05
2026-01-15 04:00:00+00:00,1768460400000,3284.8,3333.93,3282.89,3328.63,379922.53,2239975.749,6.19e-06
2026-01-15 08:00:00+00:00,1768474800000,3328.64,3377.78,3318.66,3348.63,681515.065,2306035.85,0.0001
2026-01-15 12:00:00+00:00,1768489200000,3348.63,3383.07,3282.07,3328.93,1296442.029,2273173.121,9.722e-05
2026-01-15 16:00:00+00:00,1768503600000,3328.92,3336.22,3266.0,3294.01,860985.724,2211564.028,1.04e-06
2026-01-15 20:00:00+00:00,1768518000000,3294.01,3322.15,3275.0,3317.0,310951.281,2203132.8,3.269e-05
2026-01-16 00:00:00+00:00,1768532400000,3317.0,3325.34,3290.21,3293.9,278154.059,2214907.795,3.555e-05
2026-01-16 04:00:00+00:00,1768546800000,3293.91,3315.82,3274.05,3308.16,444154.888,2200374.967,3.512e-05
2026-01-16 08:00:00+00:00,1768561200000,3308.16,3319.43,3291.56,3300.69,260687.09100000001,2200880.404,7.74e-05
2026-01-16 12:00:00+00:00,1768575600000,3300.7,3317.17,3251.42,3263.04,816664.898,2206066.313,2.772e-05
2026-01-16 16:00:00+00:00,1768590000000,3263.04,3288.88,3258.0,3275.64,491661.737,2234285.655,7.612e-05
2026-01-16 20:00:00+00:00,1768604400000,3275.65,3298.86,3263.06,3294.77,258859.483,2207218.611,8.399e-05
2026-01-17 00:00:00+00:00,1768618800000,3294.77,3296.02,3282.39,3288.12,103107.133,2211646.672,8.506e-05
2026-01-17 04:00:00+00:00,1768633200000,3288.12,3292.99,3284.67,3290.09,83410.702,2212980.968,8.079e-05
2026-01-17 08:00:00+00:00,1768647600000,3290.08,3304.96,3288.0,3301.4,190867.386,2245449.005,0.0001
2026-01-17 12:00:00+00:00,1768662000000,3301.39,3328.21,3298.0,3328.13,390183.703,2255622.116,6.09e-05
2026-01-17 16:00:00+00:00,1768676400000,3328.13,3328.36,3310.0,3315.1,237302.859,2262381.975,2.462e-05
2026-01-17 20:00:00+00:00,1768690800000,3315.09,3318.53,3295.42,3308.87,143756.074,2247275.895,3.787e-05
2026-01-18 00:00:00+00:00,1768705200000,3308.86,3319.77,3294.52,3314.52,167361.245,2252766.325,6.064e-05
2026-01-18 04:00:00+00:00,1768719600000,3314.52,3316.69,3304.2,3305.66,115608.432,2251478.483,1.403e-05
2026-01-18 08:00:00+00:00,1768734000000,3305.67,3324.41,3301.56,3320.6,197684.73200000002,2255617.077,5.1e-07
2026-01-18 12:00:00+00:00,1768748400000,3320.61,3346.7,3312.71,3332.31,419804.502,2249842.432,2.457e-05
2026-01-18 16:00:00+00:00,1768762800000,3332.31,3367.98,3328.14,3345.36,367403.056,2265011.525,5.253e-05
2026-01-18 20:00:00+00:00,1768777200000,3345.36,3356.14,3277.42,3282.77,548656.503,2241471.166,5.154e-05
2026-01-19 00:00:00+00:00,1768791600000,3282.77,3283.2,3175.0,3210.36,1751682.0529999998,2240184.36,2.031e-05
2026-01-19 04:00:00+00:00,1768806000000,3210.35,3215.91,3184.15,3205.74,446291.955,2283150.864,-1.14e-05
2026-01-19 08:00:00+00:00,1768820400000,3205.74,3229.66,3196.0,3222.18,365703.184,2285712.523,-1.243e-05
2026-01-19 12:00:00+00:00,1768834800000,3222.18,3234.71,3200.01,3214.47,324701.382,2279972.32,1.428e-05
2026-01-19 16:00:00+00:00,1768849200000,3214.47,3226.19,3206.61,3218.34,181999.244,2278963.784,5.715e-05
2026-01-19 20:00:00+00:00,1768863600000,3218.34,3224.0,3165.0,3188.01,495509.882,2275941.396,8.59e-05
2026-01-20 00:00:00+00:00,1768878000000,3188.01,3199.73,3174.02,3187.41,365402.161,2295687.361,7.085e-05
2026-01-20 04:00:00+00:00,1768892400000,3187.41,3188.27,3106.66,3121.5,1107438.935,2357161.178,6.101e-05
2026-01-20 08:00:00+00:00,1768906800000,3121.49,3122.54,3083.49,3108.14,755840.179,2373595.998,4.6e-05
2026-01-20 12:00:00+00:00,1768921200000,3108.15,3113.52,2990.91,3031.06,1902768.3909999998,2367906.733,1.214e-05
2026-01-20 16:00:00+00:00,1768935600000,3031.06,3041.58,2977.92,2995.04,914651.463,2379595.136,3.103e-05
2026-01-20 20:00:00+00:00,1768950000000,2995.04,3006.61,2910.0,2938.24,817116.4890000001,2345214.547,6.02e-06
2026-01-21 00:00:00+00:00,1768964400000,2938.25,2983.7,2920.08,2980.27,629787.905,2330031.739,6.35e-06
2026-01-21 04:00:00+00:00,1768978800000,2980.26,3001.01,2964.45,2969.01,455591.03599999996,2335413.82,5.58e-06
2026-01-21 08:00:00+00:00,1768993200000,2969.02,2973.62,2935.0,2942.17,424450.579,2343864.687,-1.392e-05
2026-01-21 12:00:00+00:00,1769007600000,2942.17,3026.06,2900.31,3001.22,1889835.333,2358283.453,1.113e-05
2026-01-21 16:00:00+00:00,1769022000000,3001.23,3069.34,2864.29,3054.07,2388005.768,2286432.734,-1.333e-05
2026-01-21 20:00:00+00:00,1769036400000,3054.08,3056.41,2970.65,2980.66,742023.896,2254324.653,2.108e-05
2026-01-22 00:00:00+00:00,1769050800000,2980.67,3037.49,2979.28,3012.24,488832.813,2264786.161,3.176e-05
2026-01-22 04:00:00+00:00,1769065200000,3012.23,3027.0,2999.16,2999.71,243955.676,2278750.252,7.673e-05
2026-01-22 08:00:00+00:00,1769079600000,2999.72,3015.58,2976.07,2984.78,446006.982,2286466.27,3.91e-05
2026-01-22 12:00:00+00:00,1769094000000,2984.79,3009.0,2904.11,2940.72,1437927.557,2312965.96,-2.946e-05
2026-01-22 16:00:00+00:00,1769108400000,2940.73,2971.84,2922.12,2952.56,628336.811,2319384.403,-9.82e-06
2026-01-22 20:00:00+00:00,1769122800000,2952.56,2958.0,2928.9,2951.21,265976.384,2312373.309,1.674e-05
2026-01-23 00:00:00+00:00,1769137200000,2951.21,2971.1,2944.47,2963.17,197285.923,2314155.936,2.949e-05
2026-01-23 04:00:00+00:00,1769151600000,2963.18,2983.62,2933.56,2946.84,457590.402,2315811.375,2.957e-05
2026-01-23 08:00:00+00:00,1769166000000,2946.84,2949.81,2913.49,2939.52,461077.012,2323732.132,6.137e-05
2026-01-23 12:00:00+00:00,1769180400000,2939.53,2965.0,2890.2,2951.08,902366.41,2337669.81,5.047e-05
2026-01-23 16:00:00+00:00,1769194800000,2951.08,3020.45,2936.95,2958.24,1115451.398,2288994.811,4.92e-06
2026-01-23 20:00:00+00:00,1769209200000,2958.24,2962.64,2929.0,2955.08,287330.021,2283881.051,3.665e-05
2026-01-24 00:00:00+00:00,1769223600000,2955.08,2968.75,2947.72,2961.1,147297.03399999999,2287902.605,4.645e-05
2026-01-24 04:00:00+00:00,1769238000000,2961.11,2965.21,2953.03,2956.0,105707.52799999999,2292351.743,1.186e-05
2026-01-24 08:00:00+00:00,1769252400000,2956.01,2963.61,2953.72,2959.93,72614.98,2297256.406,6.501e-05
2026-01-24 12:00:00+00:00,1769266800000,2959.93,2966.93,2942.0,2955.55,218582.28600000002,2297713.618,1.292e-05
2026-01-24 16:00:00+00:00,1769281200000,2955.54,2967.3,2950.25,2952.77,147948.608,2289940.993,1.819e-05
2026-01-24 20:00:00+00:00,1769295600000,2952.77,2963.02,2947.0,2952.09,90434.841,2290036.22,4.065e-05
2026-01-25 00:00:00+00:00,1769310000000,2952.09,2959.27,2935.5,2941.54,163007.517,2300002.474,2.974e-05
2026-01-25 04:00:00+00:00,1769324400000,2941.54,2948.15,2933.05,2938.43,160391.705,2303686.955,6.745e-05
2026-01-25 08:00:00+00:00,1769338800000,2938.44,2947.0,2918.55,2936.16,282545.564,2314972.186,6.868e-05
2026-01-25 12:00:00+00:00,1769353200000,2936.15,2944.08,2920.33,2925.54,267548.624,2325367.54,4.075e-05
2026-01-25 16:00:00+00:00,1769367600000,2925.54,2926.35,2794.59,2810.9,1878474.872,2298268.128,-7.576e-05
2026-01-25 20:00:00+00:00,1769382000000,2810.91,2823.81,2784.15,2815.49,887300.925,2251284.842,-0.00013635
2026-01-26 00:00:00+00:00,1769396400000,2815.49,2898.02,2810.72,2849.69,1139380.033,2191054.052,-4.11e-06
2026-01-26 04:00:00+00:00,1769410800000,2849.7,2911.0,2848.47,2902.99,688870.4040000001,2232023.212,6.54e-05
2026-01-26 08:00:00+00:00,1769425200000,2903.0,2935.0,2879.62,2890.92,694583.759,2184779.135,4.301e-05
2026-01-26 12:00:00+00:00,1769439600000,2890.91,2950.0,2872.78,2898.12,1327264.385,2161725.412,1.342e-05
2026-01-26 16:00:00+00:00,1769454000000,2898.13,2935.1,2884.93,2921.94,847331.744,2205295.551,7.393e-05
2026-01-26 20:00:00+00:00,1769468400000,2921.94,2945.6,2893.9,2928.9,515194.245,2239362.581,7.271e-05
2026-01-27 00:00:00+00:00,1769482800000,2928.89,2948.0,2910.93,2939.68,329008.465,2245291.291,6.621e-05
2026-01-27 04:00:00+00:00,1769497200000,2939.69,2958.0,2923.21,2927.94,324529.667,2239421.318,8.681e-05
2026-01-27 08:00:00+00:00,1769511600000,2927.94,2931.46,2898.89,2915.89,371558.446,2243283.425,0.0001
2026-01-27 12:00:00+00:00,1769526000000,2915.88,2944.26,2904.15,2936.17,671479.544,2268170.926,9.511e-05
2026-01-27 16:00:00+00:00,1769540400000,2936.16,2997.64,2916.51,2979.46,1488670.514,2258711.034,9.311e-05
2026-01-27 20:00:00+00:00,1769554800000,2979.46,3034.99,2977.65,3024.92,707682.182,2283718.066,8.817e-05
2026-01-28 00:00:00+00:00,1769569200000,3024.92,3028.5,2995.78,3003.79,293114.311,2286970.28,8.533e-05
2026-01-28 04:00:00+00:00,1769583600000,3003.79,3018.09,2991.53,3004.06,270072.555,2298777.559,9.559e-05
2026-01-28 08:00:00+00:00,1769598000000,3004.07,3045.0,2985.33,3038.41,581524.0430000001,2293413.247,0.0001
2026-01-28 12:00:00+00:00,1769612400000,3038.4,3044.39,2981.7,3006.25,775894.585,2306518.899,4.588e-05
2026-01-28 16:00:00+00:00,1769626800000,3006.25,3030.78,2987.89,3015.25,696139.572,2290690.87,6.214e-05
2026-01-28 20:00:00+00:00,1769641200000,3015.26,3038.1,2995.01,3009.36,358505.681,2283803.975,4.731e-05
2026-01-29 00:00:00+00:00,1769655600000,3009.36,3012.04,2943.0,2951.4,683123.354,2268346.412,1.718e-05
2026-01-29 04:00:00+00:00,1769670000000,2951.4,2964.36,2936.39,2960.11,309089.595,2273086.461,4.162e-05
2026-01-29 08:00:00+00:00,1769684400000,2960.11,2969.0,2922.21,2928.08,509413.938,2257771.704,5.958e-05
2026-01-29 12:00:00+00:00,1769698800000,2928.09,2938.0,2795.03,2822.65,1786650.209,2263256.866,-1.039e-05
2026-01-29 16:00:00+00:00,1769713200000,2822.66,2858.88,2752.5,2796.53,2066454.83,2282725.124,-1.283e-05
2026-01-29 20:00:00+00:00,1769727600000,2796.53,2826.15,2788.0,2821.0,401774.081,2285812.235,5.09e-06
2026-01-30 00:00:00+00:00,1769742000000,2821.0,2827.27,2673.33,2739.74,1576123.926,2242014.944,-2.66e-06
2026-01-30 04:00:00+00:00,1769756400000,2739.74,2773.68,2695.03,2738.43,879040.657,2244569.447,-1.29e-06
2026-01-30 08:00:00+00:00,1769770800000,2738.43,2767.8,2708.0,2758.5,650734.827,2255289.37,5.31e-06
2026-01-30 12:00:00+00:00,1769785200000,2758.49,2765.5,2689.0,2727.63,1238295.679,2268909.443,-5.2e-07
2026-01-30 16:00:00+00:00,1769799600000,2727.63,2760.0,2634.63,2741.36,1792882.449,2295413.54,-1.225e-05
2026-01-30 20:00:00+00:00,1769814000000,2741.36,2741.89,2662.47,2705.66,946728.37,2343193.037,-7.003e-05
2026-01-31 00:00:00+00:00,1769828400000,2705.66,2713.43,2683.01,2694.79,279521.619,2355486.228,-5.195e-05
2026-01-31 04:00:00+00:00,1769842800000,2694.79,2703.87,2665.0,2678.86,350976.519,2349381.956,1.854e-05
2026-01-31 08:00:00+00:00,1769857200000,2678.86,2682.6,2605.41,2639.04,1040511.269,2355599.359,-2.864e-05
2026-01-31 12:00:00+00:00,1769871600000,2639.04,2643.21,2507.47,2532.61,2173192.215,2346320.043,-8.796e-05
2026-01-31 16:00:00+00:00,1769886000000,2532.61,2549.98,2202.4,2381.56,4601129.276000001,2036872.186,-0.0002789
2026-01-31 20:00:00+00:00,1769900400000,2381.57,2473.2,2352.36,2450.38,1152001.027,1986375.947,-0.00016427
2026-02-01 00:00:00+00:00,1769914800000,2450.38,2474.98,2428.14,2444.17,564633.344,1985270.078,-7.493e-05
2026-02-01 04:00:00+00:00,1769929200000,2444.18,2453.53,2392.04,2409.99,718983.987,1967826.285,1.452e-05
2026-02-01 08:00:00+00:00,1769943600000,2409.99,2437.95,2374.65,2410.65,969195.6980000001,1960857.354,-3.128e-05
2026-02-01 12:00:00+00:00,1769958000000,2410.65,2411.31,2284.68,2314.57,1954721.617,1960171.292,-7.123e-05
2026-02-01 16:00:00+00:00,1769972400000,2314.57,2378.09,2282.06,2319.29,1486227.652,1933946.412,-9.579e-05
2026-02-01 20:00:00+00:00,1769986800000,2319.29,2348.21,2218.0,2269.04,1790838.005,1932692.34,-0.00015266
2026-02-02 00:00:00+00:00,1770001200000,2269.03,2322.71,2163.21,2237.41,2352854.552,1939684.868,-0.00028977
2026-02-02 04:00:00+00:00,1770015600000,2237.4,2267.11,2156.0,2227.57,2255613.738,1960128.947,-8.237e-05
2026-02-02 08:00:00+00:00,1770030000000,2227.56,2317.49,2227.56,2281.21,1630482.567,1984621.554,-6.057e-05
2026-02-02 12:00:00+00:00,1770044400000,2281.2,2395.4,2280.78,2370.88,2034796.9640000002,1998522.169,-0.00010921
2026-02-02 16:00:00+00:00,1770058800000,2370.87,2385.56,2326.0,2329.75,950067.598,1980884.992,-0.00023337
2026-02-02 20:00:00+00:00,1770073200000,2329.75,2353.74,2311.47,2345.55,552729.165,1945104.693,-0.00015529
2026-02-03 00:00:00+00:00,1770087600000,2345.56,2358.6,2282.01,2343.1,972005.217,1953828.379,-0.00011342
2026-02-03 04:00:00+00:00,1770102000000,2343.1,2354.4,2296.45,2322.0,824892.202,1959072.477,9.84e-06
2026-02-03 08:00:00+00:00,1770116400000,2322.0,2331.86,2259.77,2275.63,1188299.957,1991007.031,-5.616e-05
2026-02-03 12:00:00+00:00,1770130800000,2275.63,2316.36,2250.66,2302.16,1521890.933,1983321.362,-3.97e-05
2026-02-03 16:00:00+00:00,1770145200000,2302.16,2302.7,2103.4,2204.33,4077074.319,2045419.127,-8.17e-05
2026-02-03 20:00:00+00:00,1770159600000,2204.33,2353.97,2186.69,2232.23,2264045.849,1969429.258,-2.411e-05
2026-02-04 00:00:00+00:00,1770174000000,2232.23,2295.0,2221.77,2282.23,833789.571,1958775.641,-9.025e-05
2026-02-04 04:00:00+00:00,1770188400000,2282.22,2294.38,2255.13,2282.93,620914.2390000001,1978663.499,2.029e-05
2026-02-04 08:00:00+00:00,1770202800000,2282.93,2285.29,2225.24,2253.73,902361.756,1992121.89,6.271e-05
2026-02-04 12:00:00+00:00,1770217200000,2253.73,2262.2,2135.0,2150.44,2746228.366,1963779.315,-6.057e-05
2026-02-04 16:00:00+00:00,1770231600000,2150.45,2195.0,2073.68,2187.77,4179835.855,2026793.245,-3.834e-05
2026-02-04 20:00:00+00:00,1770246000000,2187.76,2192.3,2086.0,2147.01,1302334.829,1988087.401,5.491e-05
2026-02-05 00:00:00+00:00,1770260400000,2147.01,2173.0,2096.82,2109.11,1408142.112,2017852.568,5.446e-05
2026-02-05 04:00:00+00:00,1770274800000,2109.12,2124.99,2061.22,2090.57,2232591.622,1985797.611,-3.3e-06
2026-02-05 08:00:00+00:00,1770289200000,2090.56,2149.38,2060.0,2078.74,1647624.6739999999,1999172.861,-6.789e-05
2026-02-05 12:00:00+00:00,1770303600000,2078.72,2107.34,1925.41,1959.21,4534175.206,1909339.002,-7.582e-05
2026-02-05 16:00:00+00:00,1770318000000,1959.21,2017.49,1912.54,1927.24,2896946.059,1909722.882,-0.00019968
2026-02-05 20:00:00+00:00,1770332400000,1927.24,1941.99,1813.44,1824.95,3935981.068,1912377.536,-0.0002751
2026-02-06 00:00:00+00:00,1770346800000,1824.94,1947.5,1736.02,1891.17,3804839.789,1853676.191,-0.00023285
2026-02-06 04:00:00+00:00,1770361200000,1891.18,1974.83,1885.02,1898.21,1624296.492,1827829.455,-8.445e-05
2026-02-06 08:00:00+00:00,1770375600000,1898.21,1939.8,1865.24,1931.76,1640251.691,1878163.503,-1.2e-06
2026-02-06 12:00:00+00:00,1770390000000,1931.75,2001.86,1914.0,1979.49,2192905.7,1900460.838,1.852e-05
2026-02-06 16:00:00+00:00,1770404400000,1979.49,2090.0,1969.99,2065.15,2616612.8000000003,1954943.374,5.835e-05
2026-02-06 20:00:00+00:00,1770418800000,2065.14,2095.1,2041.41,2062.54,1113235.456,2061285.634,0.0001
2026-02-07 00:00:00+00:00,1770433200000,2062.55,2085.52,2031.76,2079.62,758514.815,2092291.988,9.453e-05
2026-02-07 04:00:00+00:00,1770447600000,2079.61,2118.87,1993.34,2026.09,1758484.059,2029147.56,-1.7e-06
2026-02-07 08:00:00+00:00,1770462000000,2026.09,2031.53,1998.52,2017.52,733133.711,2030973.427,3.48e-05
2026-02-07 12:00:00+00:00,1770476400000,2017.53,2075.61,2008.18,2051.49,1371041.154,1995754.085,1.687e-05
2026-02-07 16:00:00+00:00,1770490800000,2051.49,2125.0,2009.0,2090.11,4183846.497,1986684.747,-3.02e-06
2026-02-07 20:00:00+00:00,1770505200000,2090.1,2116.79,2072.0,2085.93,437416.265,1982577.033,2.665e-05
2026-02-08 00:00:00+00:00,1770519600000,2085.94,2106.0,2075.55,2077.86,421678.326,1960201.874,-3.305e-05
2026-02-08 04:00:00+00:00,1770534000000,2077.87,2087.96,2065.28,2083.48,427919.391,1950833.447,-3.046e-05
2026-02-08 08:00:00+00:00,1770548400000,2083.49,2137.0,2077.01,2130.98,1103495.49,1965524.219,1.016e-05
2026-02-08 12:00:00+00:00,1770562800000,2130.98,2144.35,2096.0,2107.31,1012889.0149999999,1948551.309,-5.34e-05
2026-02-08 16:00:00+00:00,1770577200000,2107.3,2128.88,2070.91,2125.76,722103.433,1905422.64,-6.625e-05
2026-02-08 20:00:00+00:00,1770591600000,2125.78,2152.0,2070.46,2088.6,867093.624,1880266.553,-3.941e-05
2026-02-09 00:00:00+00:00,1770606000000,2088.59,2102.42,2052.92,2099.01,865704.995,1872825.059,-1.258e-05
2026-02-09 04:00:00+00:00,1770620400000,2099.01,2100.88,2063.28,2064.42,502383.79299999995,1888986.253,-4.76e-05
2026-02-09 08:00:00+00:00,1770634800000,2064.42,2069.2,2012.0,2027.43,1128847.314,1930663.292,-4.673e-05
2026-02-09 12:00:00+00:00,1770649200000,2027.44,2072.92,2008.0,2060.27,1417907.891,1904680.294,-3.28e-06
2026-02-09 16:00:00+00:00,1770663600000,2060.28,2142.82,2046.41,2130.56,1407421.872,1967507.748,7.78e-05
2026-02-09 20:00:00+00:00,1770678000000,2130.55,2148.0,2086.87,2103.96,790123.516,1963726.361,4.29e-05
2026-02-10 00:00:00+00:00,1770692400000,2103.96,2123.7,2049.64,2063.7,797206.4450000001,1940658.556,-5.64e-06
2026-02-10 04:00:00+00:00,1770706800000,2063.71,2073.32,1996.06,2006.05,1450177.016,1845665.776,-0.0001521
2026-02-10 08:00:00+00:00,1770721200000,2006.06,2029.0,1993.35,2001.87,854865.316,1832324.888,-0.00019625
2026-02-10 12:00:00+00:00,1770735600000,2001.87,2038.72,1983.77,2021.32,1397168.295,1801999.952,-0.00019437
2026-02-10 16:00:00+00:00,1770750000000,2021.32,2046.1,1994.11,2016.82,874683.3150000001,1775858.806,-0.00015955
2026-02-10 20:00:00+00:00,1770764400000,2016.82,2021.72,1995.57,2021.51,345439.339,1767449.678,-8.439e-05
2026-02-11 00:00:00+00:00,1770778800000,2021.51,2031.0,1996.0,2008.41,473216.263,1786368.379,-0.0001216
2026-02-11 04:00:00+00:00,1770793200000,2008.4,2010.28,1937.0,1949.56,1445212.3760000002,1802706.618,-0.00012875
2026-02-11 08:00:00+00:00,1770807600000,1949.55,1955.99,1930.39,1952.33,711117.542,1830151.079,-0.00015094
2026-02-11 12:00:00+00:00,1770822000000,1952.32,2015.43,1901.22,1928.05,2406242.823,1784932.628,-0.00012326
2026-02-11 16:00:00+00:00,1770836400000,1928.04,1959.0,1907.53,1951.26,1299726.407,1786925.882,-6.144e-05
2026-02-11 20:00:00+00:00,1770850800000,1951.26,1987.47,1929.62,1940.07,666201.196,1758778.489,-2.516e-05
2026-02-12 00:00:00+00:00,1770865200000,1940.07,1977.0,1940.07,1967.75,470702.468,1766082.893,-3.61e-05
2026-02-12 04:00:00+00:00,1770879600000,1967.74,1982.36,1952.24,1966.97,535174.869,1777283.06,2.247e-05
2026-02-12 08:00:00+00:00,1770894000000,1966.97,2000.9,1956.19,1987.88,781031.398,1773702.241,-7.3e-06
2026-02-12 12:00:00+00:00,1770908400000,1987.87,1995.53,1943.44,1947.47,1130783.176,1762838.029,-4.045e-05
2026-02-12 16:00:00+00:00,1770922800000,1947.47,1949.0,1893.77,1924.36,1842938.4330000002,1760170.572,-0.00015354
2026-02-12 20:00:00+00:00,1770937200000,1924.36,1952.27,1908.29,1947.15,488821.807,1769978.565,-0.00010716
2026-02-13 00:00:00+00:00,1770951600000,1947.15,1957.94,1926.72,1952.49,470157.88300000003,1773220.132,-7.94e-06
2026-02-13 04:00:00+00:00,1770966000000,1952.49,1954.76,1923.29,1934.88,524371.154,1790086.792,-2.871e-05
2026-02-13 08:00:00+00:00,1770980400000,1934.89,1968.49,1932.88,1959.25,623579.493,1793512.19,2.202e-05
2026-02-13 12:00:00+00:00,1770994800000,1959.26,2049.99,1951.59,2033.71,1815593.1039999998,1770001.699,4.245e-05
2026-02-13 16:00:00+00:00,1771009200000,2033.78,2073.0,2030.13,2056.82,982055.493,1773255.242,-4.9e-07
2026-02-13 20:00:00+00:00,1771023600000,2056.82,2058.79,2036.76,2047.6,341167.81299999997,1761084.486,-2.54e-06
2026-02-14 00:00:00+00:00,1771038000000,2047.6,2056.91,2041.0,2053.39,200953.713,1765218.151,2.525e-05
2026-02-14 04:00:00+00:00,1771052400000,2053.4,2059.99,2047.2,2056.1,190576.708,1774895.873,1.442e-05
2026-02-14 08:00:00+00:00,1771066800000,2056.09,2107.02,2055.9,2098.22,785363.19,1779624.223,-2.139e-05
2026-02-14 12:00:00+00:00,1771081200000,2098.22,2099.23,2063.16,2086.38,704562.146,1790328.423,-2.056e-05
2026-02-14 16:00:00+00:00,1771095600000,2086.38,2089.61,2066.48,2087.31,384786.232,1776003.621,-1.179e-05
2026-02-14 20:00:00+00:00,1771110000000,2087.31,2098.94,2077.29,2085.43,285567.82899999997,1767787.078,-6.367e-05
2026-02-15 00:00:00+00:00,1771124400000,2085.43,2089.0,2034.35,2058.09,839010.0650000001,1743404.765,-1.62e-05
2026-02-15 04:00:00+00:00,1771138800000,2058.08,2102.73,2058.08,2090.58,667010.966,1795866.243,6.204e-05
2026-02-15 08:00:00+00:00,1771153200000,2090.58,2096.0,2052.52,2060.97,550548.823,1782861.519,7.36e-06
2026-02-15 12:00:00+00:00,1771167600000,2060.98,2067.8,1992.0,2010.25,1304022.166,1805639.966,-7.55e-05
2026-02-15 16:00:00+00:00,1771182000000,2010.25,2010.33,1926.83,1941.17,1320124.509,1799314.209,-3.22e-05
2026-02-15 20:00:00+00:00,1771196400000,1941.18,1973.5,1933.29,1965.47,582372.1529999999,1781403.838,-5.31e-05
2026-02-16 00:00:00+00:00,1771210800000,1965.48,1980.64,1947.24,1957.72,497517.4,1808957.187,-7.001e-05
2026-02-16 04:00:00+00:00,1771225200000,1957.73,1977.66,1951.59,1970.12,398345.081,1816340.796,-5.958e-05
2026-02-16 08:00:00+00:00,1771239600000,1970.12,1992.23,1956.05,1975.15,633566.923,1794067.254,-7.84e-05
2026-02-16 12:00:00+00:00,1771254000000,1975.15,2023.3,1935.39,1955.63,1670293.349,1763619.487,-3.458e-05
2026-02-16 16:00:00+00:00,1771268400000,1955.63,1988.0,1955.13,1973.37,593967.786,1744964.762,1.551e-05
2026-02-16 20:00:00+00:00,1771282800000,1973.37,2003.29,1970.1,1997.35,428793.102,1753342.469,5.298e-05
2026-02-17 00:00:00+00:00,1771297200000,1997.36,2008.64,1977.31,1984.89,453396.188,1766562.633,4.379e-05
2026-02-17 04:00:00+00:00,1771311600000,1984.89,1997.99,1963.5,1984.85,428529.83499999996,1754178.252,8.64e-06
2026-02-17 08:00:00+00:00,1771326000000,1984.84,1989.92,1960.19,1967.58,416783.864,1770834.774,-6.417e-05
2026-02-17 12:00:00+00:00,1771340400000,1967.58,2003.43,1940.01,1967.63,1427331.851,1811384.144,-4.738e-05
2026-02-17 16:00:00+00:00,1771354800000,1967.64,2014.91,1952.61,1997.3,1383976.848,1799852.186,1.702e-05
2026-02-17 20:00:00+00:00,1771369200000,1997.31,2003.25,1985.59,1990.68,305245.076,1803219.174,1.16e-05
2026-02-18 00:00:00+00:00,1771383600000,1990.68,1999.64,1967.27,1995.85,418428.459,1810909.142,-4.55e-05
2026-02-18 04:00:00+00:00,1771398000000,1995.85,2022.0,1992.13,2017.19,463830.60099999997,1831200.016,-3.824e-05
2026-02-18 08:00:00+00:00,1771412400000,2017.2,2038.27,1975.2,1980.19,917334.76,1787087.063,-4.342e-05
2026-02-18 12:00:00+00:00,1771426800000,1980.19,2009.8,1953.2,1984.56,1412387.0450000002,1775407.888,-8.66e-06
2026-02-18 16:00:00+00:00,1771441200000,1984.56,1986.99,1921.64,1939.82,1322868.117,1788146.754,-1.903e-05
2026-02-18 20:00:00+00:00,1771455600000,1939.83,1955.59,1934.11,1954.77,412344.496,1785760.54,-0.00010561
2026-02-19 00:00:00+00:00,1771470000000,1954.77,1973.57,1949.1,1971.19,344313.744,1769009.849,-8.322e-05
2026-02-19 04:00:00+00:00,1771484400000,1971.2,1986.91,1963.0,1980.82,401087.352,1774862.979,-3.064e-05
2026-02-19 08:00:00+00:00,1771498800000,1980.82,1981.79,1946.11,1948.7,572180.725,1764965.423,-3.17e-06
2026-02-19 12:00:00+00:00,1771513200000,1948.71,1955.2,1910.0,1925.2,1623716.105,1846965.742,-7.865e-05
2026-02-19 16:00:00+00:00,1771527600000,1925.21,1946.75,1905.5,1940.14,922036.802,1831848.227,-9.793e-05
2026-02-19 20:00:00+00:00,1771542000000,1940.13,1953.0,1933.68,1948.15,305988.475,1815228.809,-4.67e-05
2026-02-20 00:00:00+00:00,1771556400000,1948.15,1963.56,1946.25,1954.06,372003.467,1805397.36,-1.486e-05
2026-02-20 04:00:00+00:00,1771570800000,1954.06,1967.96,1928.52,1959.65,722249.811,1760780.688,-3.179e-05
2026-02-20 08:00:00+00:00,1771585200000,1959.65,1972.99,1939.24,1942.76,582309.333,1764181.179,-9.486e-05
2026-02-20 12:00:00+00:00,1771599600000,1942.76,1980.27,1921.53,1963.05,1529310.05,1767922.254,-7.248e-05
2026-02-20 16:00:00+00:00,1771614000000,1963.05,1980.73,1937.6,1962.88,1156054.873,1769691.769,1.017e-05
2026-02-20 20:00:00+00:00,1771628400000,1962.89,1974.43,1960.71,1967.85,252769.819,1753213.482,3.039e-05
2026-02-21 00:00:00+00:00,1771642800000,1967.85,1969.99,1955.07,1958.29,195446.154,1742689.223,2.072e-05
2026-02-21 04:00:00+00:00,1771657200000,1958.3,1965.46,1955.17,1962.0,139261.061,1742114.555,4.53e-05
2026-02-21 08:00:00+00:00,1771671600000,1962.0,1988.2,1961.26,1976.25,480800.053,1757810.542,5.877e-05
2026-02-21 12:00:00+00:00,1771686000000,1976.24,1996.64,1968.31,1987.04,498494.571,1789201.6,6.624e-05
2026-02-21 16:00:00+00:00,1771700400000,1987.04,1994.59,1975.31,1987.48,341773.04299999995,1794004.573,3.541e-05
2026-02-21 20:00:00+00:00,1771714800000,1987.48,1989.66,1967.03,1972.54,296539.396,1776110.049,3.818e-05
2026-02-22 00:00:00+00:00,1771729200000,1972.54,1982.83,1966.1,1973.76,289539.225,1772656.232,3.436e-05
2026-02-22 04:00:00+00:00,1771743600000,1973.76,1978.59,1970.01,1975.01,144049.483,1774254.353,1.588e-05
2026-02-22 08:00:00+00:00,1771758000000,1975.01,1982.67,1969.04,1979.84,197552.989,1774757.624,2.258e-05
2026-02-22 12:00:00+00:00,1771772400000,1979.85,1980.6,1942.24,1952.81,892872.592,1773116.426,-4.325e-05
2026-02-22 16:00:00+00:00,1771786800000,1952.81,1954.67,1933.0,1942.81,376166.728,1774243.38,-3.24e-05
2026-02-22 20:00:00+00:00,1771801200000,1942.81,1960.0,1938.92,1957.01,281364.095,1751146.074,-3.369e-05
2026-02-23 00:00:00+00:00,1771815600000,1957.0,1957.58,1844.46,1860.94,1970983.1620000002,1864838.956,-0.00028182
2026-02-23 04:00:00+00:00,1771830000000,1860.93,1887.8,1852.0,1884.13,642382.309,1874707.389,-0.00036622
2026-02-23 08:00:00+00:00,1771844400000,1884.13,1927.73,1875.6,1914.41,975901.002,1801913.791,-0.00012435
2026-02-23 12:00:00+00:00,1771858800000,1914.4,1935.27,1891.42,1894.72,1241797.396,1797087.106,1.63e-05
2026-02-23 16:00:00+00:00,1771873200000,1894.73,1899.34,1836.06,1856.15,1331189.13,1802693.792,2.153e-05
2026-02-23 20:00:00+00:00,1771887600000,1856.16,1869.04,1846.0,1855.47,434570.28500000003,1798008.326,2.579e-05
2026-02-24 00:00:00+00:00,1771902000000,1855.47,1868.94,1810.46,1830.94,1181431.179,1815240.758,-2.021e-05
2026-02-24 04:00:00+00:00,1771916400000,1830.94,1839.85,1812.52,1824.63,847651.917,1827745.963,-4.446e-05
2026-02-24 08:00:00+00:00,1771930800000,1824.63,1835.55,1813.16,1825.74,539634.383,1857461.139,-1.457e-05
2026-02-24 12:00:00+00:00,1771945200000,1825.75,1849.59,1796.0,1846.37,1624730.5720000002,1870178.372,-3.031e-05
2026-02-24 16:00:00+00:00,1771959600000,1846.36,1864.58,1837.01,1851.56,950543.639,1846786.119,-5.93e-05
2026-02-24 20:00:00+00:00,1771974000000,1851.56,1863.5,1843.83,1851.09,307873.495,1846675.111,-2.478e-05
2026-02-25 00:00:00+00:00,1771988400000,1851.1,1945.7,1845.7,1905.37,1482719.102,1805080.524,3.353e-05
2026-02-25 04:00:00+00:00,1772002800000,1905.38,1913.82,1877.06,1892.35,783355.298,1779052.261,4.57e-05
2026-02-25 08:00:00+00:00,1772017200000,1892.36,1927.89,1889.24,1925.28,675208.004,1812302.313,3.856e-05
2026-02-25 12:00:00+00:00,1772031600000,1925.27,2027.93,1921.23,2012.86,2213958.559,1858307.979,5.807e-05
2026-02-25 16:00:00+00:00,1772046000000,2012.85,2084.93,2012.14,2070.32,1748491.161,1918653.232,0.0001
2026-02-25 20:00:00+00:00,1772060400000,2070.34,2149.95,2033.18,2056.5,1604674.188,1904159.75,7.84e-05
2026-02-26 00:00:00+00:00,1772074800000,2056.51,2076.0,2037.83,2053.15,649030.665,1899375.068,1.683e-05
2026-02-26 04:00:00+00:00,1772089200000,2053.15,2083.09,2050.5,2052.48,615673.329,1907908.363,-2.599e-05
2026-02-26 08:00:00+00:00,1772103600000,2052.49,2082.65,2043.47,2056.51,660311.571,1925111.238,1.063e-05
2026-02-26 12:00:00+00:00,1772118000000,2056.52,2077.4,2010.38,2032.33,1428516.201,1930254.705,3.923e-05
2026-02-26 16:00:00+00:00,1772132400000,2032.33,2036.79,1973.49,2029.0,1595749.576,1840968.561,2.373e-05
2026-02-26 20:00:00+00:00,1772146800000,2029.0,2042.6,2016.7,2026.71,368624.5,1828201.392,1.39e-05
2026-02-27 00:00:00+00:00,1772161200000,2026.7,2048.91,1999.2,2044.48,658703.297,1852146.486,1.837e-05
2026-02-27 04:00:00+00:00,1772175600000,2044.48,2063.71,2021.0,2031.54,672408.7930000001,1844587.668,4.13e-06
2026-02-27 08:00:00+00:00,1772190000000,2031.54,2045.59,1951.48,1960.79,1304918.6469999999,1831403.522,-7.247e-05
2026-02-27 12:00:00+00:00,1772204400000,1960.79,1968.0,1936.0,1947.39,1338894.611,1866147.534,-0.00011006
2026-02-27 16:00:00+00:00,1772218800000,1947.39,1947.75,1906.0,1920.02,1119096.818,1841991.488,-8.609e-05
2026-02-27 20:00:00+00:00,1772233200000,1920.02,1932.85,1885.0,1928.5,671256.074,1815002.44,-8.821e-05
2026-02-28 00:00:00+00:00,1772247600000,1928.51,1937.37,1916.77,1923.33,302531.18,1823678.071,-6.888e-05
2026-02-28 04:00:00+00:00,1772262000000,1923.33,1930.86,1834.06,1865.36,1816676.462,1840009.683,-9.398e-05
2026-02-28 08:00:00+00:00,1772276400000,1865.37,1880.39,1843.19,1862.27,927573.913,1829523.535,-0.00014113
2026-02-28 12:00:00+00:00,1772290800000,1862.28,1914.99,1861.01,1897.78,1401422.745,1820855.29,-7.186e-05
2026-02-28 16:00:00+00:00,1772305200000,1897.77,1954.0,1884.13,1945.78,1084450.295,1812003.099,-4.851e-05
2026-02-28 20:00:00+00:00,1772319600000,1945.78,1984.22,1936.69,1963.48,881332.903,1792494.531,-3.461e-05
2026-03-01 00:00:00+00:00,1772334000000,1963.48,2054.67,1942.42,2022.29,1578905.677,1804145.996,7.473e-05
2026-03-01 04:00:00+00:00,1772348400000,2022.29,2029.63,1988.21,2006.27,845620.562,1838190.883,4.933e-05
2026-03-01 08:00:00+00:00,1772362800000,2006.26,2009.3,1971.02,1982.3,709326.387,1837905.702,4.466e-05
2026-03-01 12:00:00+00:00,1772377200000,1982.3,2027.77,1967.34,1992.31,1090905.78,1859235.305,5.291e-05
2026-03-01 16:00:00+00:00,1772391600000,1992.3,2010.0,1942.65,1952.97,1310393.6809999999,1850316.614,7.22e-06
2026-03-01 20:00:00+00:00,1772406000000,1952.96,1974.9,1905.91,1938.57,1278132.709,1823431.295,-7.63e-05
2026-03-02 00:00:00+00:00,1772420400000,1938.58,1988.52,1936.33,1971.36,818897.586,1819477.954,-5.46e-05
2026-03-02 04:00:00+00:00,1772434800000,1971.36,1984.45,1924.14,1940.25,673715.063,1840410.739,-4.271e-05
2026-03-02 08:00:00+00:00,1772449200000,1940.27,1966.93,1916.0,1946.56,871799.5789999999,1869685.727,-9.485e-05
2026-03-02 12:00:00+00:00,1772463600000,1946.55,2064.79,1919.77,2046.39,2435783.612,1963843.971,-6.839e-05
2026-03-02 16:00:00+00:00,1772478000000,2046.39,2089.0,2014.46,2042.44,1650723.342,2000029.616,1.606e-05
2026-03-02 20:00:00+00:00,1772492400000,2042.44,2058.58,2023.26,2026.69,671758.274,2004101.147,4.904e-05
2026-03-03 00:00:00+00:00,1772506800000,2026.69,2041.22,1996.62,2007.69,709437.097,1988184.698,-7.83e-06
2026-03-03 04:00:00+00:00,1772521200000,2007.69,2019.26,1986.13,1995.27,686348.0249999999,1974254.003,-2.828e-05
2026-03-03 08:00:00+00:00,1772535600000,1995.27,1999.7,1938.01,1960.09,1498942.296,1927573.823,-7.993e-05
2026-03-03 12:00:00+00:00,1772550000000,1960.1,1989.18,1926.32,1968.09,1696814.46,1943185.507,-9.692e-05
2026-03-03 16:00:00+00:00,1772564400000,1968.09,2013.33,1957.42,1985.14,1652729.026,1929869.705,-8.11e-06
2026-03-03 20:00:00+00:00,1772578800000,1985.14,2000.98,1958.16,1981.85,492943.431,1927117.673,-3.88e-06
2026-03-04 00:00:00+00:00,1772593200000,1981.85,1997.99,1943.4,1959.59,754996.88,1942297.0,-5.089e-05
2026-03-04 04:00:00+00:00,1772607600000,1959.59,2010.0,1948.81,2005.72,723026.553,1979378.947,-7.107e-05
2026-03-04 08:00:00+00:00,1772622000000,2005.71,2093.0,1999.39,2054.18,2231214.795,2063689.565,8.248e-05
2026-03-04 12:00:00+00:00,1772636400000,2054.18,2165.5,2035.2,2149.3,2237549.448,2134839.818,6.652e-05
2026-03-04 16:00:00+00:00,1772650800000,2149.29,2199.47,2127.83,2176.46,1667261.257,2119707.01,2.956e-05
2026-03-04 20:00:00+00:00,1772665200000,2176.47,2178.69,2115.33,2125.98,662654.835,2141287.965,-1.372e-05
2026-03-05 00:00:00+00:00,1772679600000,2125.97,2141.57,2106.32,2119.11,678185.051,2145917.424,-1.736e-05
2026-03-05 04:00:00+00:00,1772694000000,2119.1,2144.37,2093.88,2104.3,779373.777,2131763.714,-9.58e-06
2026-03-05 08:00:00+00:00,1772708400000,2104.29,2163.0,2092.43,2136.76,974731.956,2115869.279,-1.33e-06
2026-03-05 12:00:00+00:00,1772722800000,2136.76,2142.38,2066.31,2086.09,1597768.847,2054570.211,-1.571e-05
2026-03-05 16:00:00+00:00,1772737200000,2086.1,2093.96,2053.3,2073.61,1190597.741,1993209.227,2.007e-05
2026-03-05 20:00:00+00:00,1772751600000,2073.6,2099.3,2066.77,2072.18,414779.632,1983592.406,4.376e-05
2026-03-06 00:00:00+00:00,1772766000000,2072.17,2092.39,2060.6,2082.88,444237.614,1989830.106,3.761e-05
2026-03-06 04:00:00+00:00,1772780400000,2082.88,2086.57,2058.0,2081.79,540710.4450000001,1980162.268,-2.383e-05
2026-03-06 08:00:00+00:00,1772794800000,2081.79,2081.79,2044.12,2050.02,687409.148,1988719.786,-6.981e-05
2026-03-06 12:00:00+00:00,1772809200000,2050.03,2062.0,1963.92,1976.43,2186301.207,1977910.76,-9.805e-05
2026-03-06 16:00:00+00:00,1772823600000,1976.42,1991.98,1954.25,1982.52,929400.898,1976171.272,-9.104e-05
2026-03-06 20:00:00+00:00,1772838000000,1982.53,1988.9,1968.3,1977.66,333948.24199999997,1966132.843,-4.995e-05
2026-03-07 00:00:00+00:00,1772852400000,1977.66,1995.74,1971.4,1979.14,341961.26,1976327.842,-5.729e-05
2026-03-07 04:00:00+00:00,1772866800000,1979.15,1983.89,1961.66,1982.19,386888.88399999996,1955343.222,-9.48e-06
2026-03-07 08:00:00+00:00,1772881200000,1982.18,1993.83,1973.84,1987.51,361120.213,1957971.286,-6.355e-05
2026-03-07 12:00:00+00:00,1772895600000,1987.52,1989.85,1969.2,1980.19,389099.281,1955416.792,-2.321e-05
2026-03-07 16:00:00+00:00,1772910000000,1980.19,1982.81,1946.87,1954.01,453331.453,1950861.572,-6.63e-06
2026-03-07 20:00:00+00:00,1772924400000,1954.01,1973.15,1953.64,1968.39,245261.99200000003,1948433.852,-4.689e-05
2026-03-08 00:00:00+00:00,1772938800000,1968.39,1976.33,1934.33,1946.4,549360.617,1995121.539,-6.165e-05
2026-03-08 04:00:00+00:00,1772953200000,1946.4,1959.04,1927.58,1953.97,442384.35,2005695.198,-8.711e-05
2026-03-08 08:00:00+00:00,1772967600000,1953.97,1979.03,1942.7,1950.29,604094.675,1999060.811,-7.22e-05
2026-03-08 12:00:00+00:00,1772982000000,1950.28,1953.75,1922.86,1942.0,799792.005,2021790.366,-7.519e-05
2026-03-08 16:00:00+00:00,1772996400000,1942.01,1969.19,1926.73,1963.2,583922.7479999999,2016315.949,-0.00011529
2026-03-08 20:00:00+00:00,1773010800000,1963.21,1970.16,1906.63,1935.97,1123967.06,2002529.966,-0.00022629
2026-03-09 00:00:00+00:00,1773025200000,1935.98,2004.84,1928.2,1976.6,1289281.919,1948474.566,-1.271e-05
2026-03-09 04:00:00+00:00,1773039600000,1976.6,2013.33,1962.27,1982.9,1052595.6400000001,2001073.976,2.604e-05
2026-03-09 08:00:00+00:00,1773054000000,1982.9,2021.88,1977.69,1991.49,889918.434,1997551.399,2.051e-05
2026-03-09 12:00:00+00:00,1773068400000,1991.49,2033.52,1991.42,2021.44,1283202.349,2007852.413,5.507e-05
2026-03-09 16:00:00+00:00,1773082800000,2021.45,2052.83,2004.17,2032.67,1150060.688,1999980.62,5.527e-05
2026-03-09 20:00:00+00:00,1773097200000,2032.66,2036.44,1988.18,1992.28,602907.876,1980097.695,4.253e-05
2026-03-10 00:00:00+00:00,1773111600000,1992.28,2053.93,1990.23,2025.61,937205.213,2034145.072,6.995e-05
2026-03-10 04:00:00+00:00,1773126000000,2025.61,2059.24,2025.32,2050.0,570428.123,2083138.305,5.066e-05
2026-03-10 08:00:00+00:00,1773140400000,2050.0,2074.0,2050.0,2060.77,751728.798,2112947.79,-3.201e-05
2026-03-10 12:00:00+00:00,1773154800000,2060.77,2085.0,2007.77,2078.42,1978267.618,2107275.499,2.664e-05
2026-03-10 16:00:00+00:00,1773169200000,2078.42,2088.0,2025.55,2035.84,1294369.856,2133781.953,5.78e-05
2026-03-10 20:00:00+00:00,1773183600000,2035.84,2048.0,2015.78,2035.39,471914.163,2076654.38,-3.4e-06
2026-03-11 00:00:00+00:00,1773198000000,2035.38,2041.0,2017.04,2020.28,443629.963,2082914.577,5.33e-06
2026-03-11 04:00:00+00:00,1773212400000,2020.28,2041.0,2005.9,2011.61,629945.279,2078681.917,-5.7e-07
2026-03-11 08:00:00+00:00,1773226800000,2011.59,2033.54,2008.5,2016.96,452516.088,2083842.047,-9.88e-06
2026-03-11 12:00:00+00:00,1773241200000,2016.97,2081.68,2011.51,2048.84,1836421.244,2100296.5,3.012e-05
2026-03-11 16:00:00+00:00,1773255600000,2048.85,2084.98,2045.14,2075.13,818058.4650000001,2127414.41,2.96e-05
2026-03-11 20:00:00+00:00,1773270000000,2075.13,2083.85,2044.12,2050.99,409491.771,2112933.678,8.68e-06
2026-03-12 00:00:00+00:00,1773284400000,2050.98,2057.37,2016.17,2022.07,671131.613,2067444.873,-4.364e-05
2026-03-12 04:00:00+00:00,1773298800000,2022.07,2041.92,2018.17,2039.71,436491.353,2058890.43,-6.811e-05
2026-03-12 08:00:00+00:00,1773313200000,2039.72,2075.65,2036.75,2061.77,908568.871,2061160.731,-1.608e-05
2026-03-12 12:00:00+00:00,1773327600000,2061.77,2094.57,2036.18,2071.4,1903869.744,2107107.415,-1.536e-05
2026-03-12 16:00:00+00:00,1773342000000,2071.39,2077.47,2044.0,2068.63,847229.193,2090463.158,-4.026e-05
2026-03-12 20:00:00+00:00,1773356400000,2068.61,2093.53,2054.4,2072.6,621938.675,2149906.949,2.204e-05
2026-03-13 00:00:00+00:00,1773370800000,2072.6,2148.0,2069.1,2117.77,1417550.252,2182287.673,4.853e-05
2026-03-13 04:00:00+00:00,1773385200000,2117.78,2119.2,2088.52,2098.45,573672.9380000001,2198390.124,-1.47e-06
2026-03-13 08:00:00+00:00,1773399600000,2098.44,2133.0,2090.09,2120.02,818371.257,2214832.782,3.238e-05
2026-03-13 12:00:00+00:00,1773414000000,2120.01,2209.49,2119.3,2127.0,2950677.425,2196674.588,2.041e-05
2026-03-13 16:00:00+00:00,1773428400000,2127.01,2142.83,2088.44,2101.72,1494951.1330000001,2143092.367,3.729e-05
2026-03-13 20:00:00+00:00,1773442800000,2101.73,2116.39,2077.03,2091.01,513889.84500000003,2097277.469,2.621e-05
2026-03-14 00:00:00+00:00,1773457200000,2091.0,2103.62,2080.06,2100.0,381765.967,2112785.859,4.78e-06
2026-03-14 04:00:00+00:00,1773471600000,2100.0,2105.75,2067.13,2076.3,555805.424,2077791.173,-2.356e-05
2026-03-14 08:00:00+00:00,1773486000000,2076.3,2080.22,2060.09,2072.65,421811.155,2079672.303,-3.458e-05
2026-03-14 12:00:00+00:00,1773500400000,2072.65,2079.55,2068.34,2073.55,294717.603,2090294.343,-4.122e-05
2026-03-14 16:00:00+00:00,1773514800000,2073.55,2078.44,2067.58,2076.25,159079.10499999998,2081391.87,-4.493e-05
2026-03-14 20:00:00+00:00,1773529200000,2076.25,2098.58,2074.79,2095.27,334646.47,2064394.826,-4.662e-05
2026-03-15 00:00:00+00:00,1773543600000,2095.28,2107.0,2081.59,2095.17,405853.319,2028936.246,-3.911e-05
2026-03-15 04:00:00+00:00,1773558000000,2095.17,2116.35,2095.0,2104.97,387110.713,2014941.883,1.355e-05
2026-03-15 08:00:00+00:00,1773572400000,2104.97,2123.25,2104.97,2118.6,349993.156,2019446.977,2.001e-05
2026-03-15 12:00:00+00:00,1773586800000,2118.61,2118.96,2085.1,2092.93,628325.52,2010375.784,3.446e-05
2026-03-15 16:00:00+00:00,1773601200000,2092.93,2117.62,2087.65,2112.33,475588.283,2002291.073,1.664e-05
2026-03-15 20:00:00+00:00,1773615600000,2112.32,2202.87,2108.91,2177.73,1650783.318,2165322.17,7.536e-05
2026-03-16 00:00:00+00:00,1773630000000,2177.73,2253.6,2163.32,2235.13,1512415.2310000001,2219912.775,0.0001
2026-03-16 04:00:00+00:00,1773644400000,2235.14,2288.0,2235.13,2248.43,1694173.977,2350761.749,0.0001
2026-03-16 08:00:00+00:00,1773658800000,2248.44,2279.68,2233.0,2268.81,984397.541,2395655.995,0.0001
2026-03-16 12:00:00+00:00,1773673200000,2268.82,2308.0,2253.51,2272.42,2371915.363,2495202.167,7.073e-05
2026-03-16 16:00:00+00:00,1773687600000,2272.41,2347.99,2268.62,2329.98,1530327.963,2472521.033,5.317e-05
2026-03-16 20:00:00+00:00,1773702000000,2329.98,2385.78,2322.37,2351.66,1137124.455,2478679.864,5.155e-05
2026-03-17 00:00:00+00:00,1773716400000,2351.66,2377.0,2306.87,2319.11,1509768.766,2515730.166,7.32e-06
2026-03-17 04:00:00+00:00,1773730800000,2319.12,2337.5,2292.57,2326.75,982963.688,2485094.077,1.928e-05
2026-03-17 08:00:00+00:00,1773745200000,2326.74,2334.73,2301.04,2325.75,785681.0819999999,2436595.843,8.03e-06
2026-03-17 12:00:00+00:00,1773759600000,2325.75,2356.66,2303.0,2314.69,1284193.165,2397904.811,-1.044e-05
2026-03-17 16:00:00+00:00,1773774000000,2314.68,2341.83,2311.07,2319.1,580016.787,2386108.694,-5.43e-06
2026-03-17 20:00:00+00:00,1773788400000,2319.09,2345.0,2315.51,2316.45,352327.903,2382236.742,1.478e-05
2026-03-18 00:00:00+00:00,1773802800000,2316.45,2349.99,2305.6,2339.6,565019.709,2419004.873,3.1e-07
2026-03-18 04:00:00+00:00,1773817200000,2339.61,2341.0,2310.07,2316.6,523841.759,2411503.983,1.301e-05
2026-03-18 08:00:00+00:00,1773831600000,2316.6,2332.98,2262.01,2268.1,1236648.585,2370916.035,1.432e-05
2026-03-18 12:00:00+00:00,1773846000000,2268.11,2269.74,2168.0,2186.25,2681320.4450000003,2275098.578,-1.399e-05
2026-03-18 16:00:00+00:00,1773860400000,2186.25,2219.0,2163.03,2184.91,1385996.537,2229758.245,-1.709e-05
2026-03-18 20:00:00+00:00,1773874800000,2184.9,2205.9,2150.7,2201.95,732175.39,2209583.886,-2.7e-06
2026-03-19 00:00:00+00:00,1773889200000,2201.96,2232.64,2186.12,2210.87,673478.899,2227890.921,-2.389e-05
2026-03-19 04:00:00+00:00,1773903600000,2210.86,2212.0,2141.79,2165.27,1130665.709,2211750.025,-7.82e-06
2026-03-19 08:00:00+00:00,1773918000000,2165.27,2191.99,2156.84,2166.0,768487.385,2243716.002,-1.003e-05
2026-03-19 12:00:00+00:00,1773932400000,2165.99,2166.58,2098.02,2117.62,2213589.948,2228954.004,1.19e-06
2026-03-19 16:00:00+00:00,1773946800000,2117.63,2155.9,2103.43,2139.99,1038312.017,2222907.898,-1.349e-05
2026-03-19 20:00:00+00:00,1773961200000,2139.99,2154.43,2129.37,2136.56,408174.95,2245330.323,-6.324e-05
2026-03-20 00:00:00+00:00,1773975600000,2136.56,2159.67,2131.07,2150.2,456100.43200000003,2252610.934,-8.212e-05
2026-03-20 04:00:00+00:00,1773990000000,2150.2,2158.53,2120.04,2149.3,622015.155,2240639.894,-5.947e-05
2026-03-20 08:00:00+00:00,1774004400000,2149.3,2175.64,2130.23,2140.37,928216.763,2227108.879,-6.295e-05
2026-03-20 12:00:00+00:00,1774018800000,2140.36,2152.0,2114.2,2133.09,1261450.708,2227738.552,-1.52e-06
2026-03-20 16:00:00+00:00,1774033200000,2133.09,2144.0,2116.28,2132.1,681814.709,2217156.945,5.373e-05
2026-03-20 20:00:00+00:00,1774047600000,2132.1,2167.53,2122.9,2145.08,515575.88399999996,2204134.274,2.353e-05
2026-03-21 00:00:00+00:00,1774062000000,2145.08,2159.0,2142.88,2152.41,214699.258,2220606.12,3.116e-05
2026-03-21 04:00:00+00:00,1774076400000,2152.4,2160.71,2149.06,2154.4,190753.418,2217799.603,1.181e-05
2026-03-21 08:00:00+00:00,1774090800000,2154.4,2158.16,2148.45,2156.53,200023.948,2226570.84,8.19e-06
2026-03-21 12:00:00+00:00,1774105200000,2156.54,2168.0,2145.0,2154.25,378455.24,2223480.149,2.063e-05
2026-03-21 16:00:00+00:00,1774119600000,2154.25,2154.66,2140.15,2151.19,207908.989,2217426.678,-6.98e-06
2026-03-21 20:00:00+00:00,1774134000000,2151.19,2156.12,2068.78,2083.37,696227.6930000001,2149510.904,-1.141e-05
2026-03-22 00:00:00+00:00,1774148400000,2083.37,2126.38,2045.57,2112.84,1126316.321,2157514.093,-0.00010243
2026-03-22 04:00:00+00:00,1774162800000,2112.83,2122.16,2091.39,2092.82,518142.776,2168753.326,1.104e-05
2026-03-22 08:00:00+00:00,1774177200000,2092.82,2096.73,2065.21,2068.97,704694.333,2207246.781,-5.775e-05
2026-03-22 12:00:00+00:00,1774191600000,2068.96,2092.6,2066.87,2081.96,545347.6140000001,2204381.175,-7.495e-05
2026-03-22 16:00:00+00:00,1774206000000,2081.97,2083.56,2053.01,2062.0,412619.666,2194170.515,-5.572e-05
2026-03-22 20:00:00+00:00,1774220400000,2062.0,2074.71,2024.11,2052.85,907245.588,2170115.463,-5.997e-05
2026-03-23 00:00:00+00:00,1774234800000,2052.86,2071.92,2034.38,2051.55,683057.7339999999,2168747.59,1.81e-05
2026-03-23 04:00:00+00:00,1774249200000,2051.55,2071.3,2021.58,2043.65,836723.914,2160191.983,-2.31e-06
2026-03-23 08:00:00+00:00,1774263600000,2043.65,2199.0,2027.57,2133.89,2839257.805,2211342.559,2.747e-05
2026-03-23 12:00:00+00:00,1774278000000,2133.9,2192.54,2105.39,2127.55,2431120.091,2207700.377,6.187e-05
2026-03-23 16:00:00+00:00,1774292400000,2127.54,2179.0,2116.0,2153.37,1219816.764,2123285.446,1.064e-05
2026-03-23 20:00:00+00:00,1774306800000,2153.36,2165.87,2139.06,2151.01,283532.99,2117967.789,2.835e-05
2026-03-24 00:00:00+00:00,1774321200000,2151.0,2155.36,2122.78,2140.4,535475.799,2124210.5,-9.61e-06
2026-03-24 04:00:00+00:00,1774335600000,2140.41,2169.9,2127.82,2164.33,666482.833,2129388.183,2.122e-05
2026-03-24 08:00:00+00:00,1774350000000,2164.34,2174.71,2146.01,2164.75,630545.487,2133785.778,-1.943e-05
2026-03-24 12:00:00+00:00,1774364400000,2164.74,2169.37,2117.71,2134.13,1243575.2650000001,2134264.737,-2.763e-05
2026-03-24 16:00:00+00:00,1774378800000,2134.13,2139.88,2102.0,2115.96,938888.63,2137286.336,4.717e-05
2026-03-24 20:00:00+00:00,1774393200000,2115.96,2162.9,2114.7,2155.29,696426.082,2132331.064,3.564e-05
2026-03-25 00:00:00+00:00,1774407600000,2155.3,2168.0,2142.66,2157.5,501705.778,2135627.771,-1.242e-05
2026-03-25 04:00:00+00:00,1774422000000,2157.49,2179.72,2155.57,2163.7,571355.2339999999,2167167.887,-4.168e-05
2026-03-25 08:00:00+00:00,1774436400000,2163.71,2200.11,2163.03,2185.01,905333.535,2201682.19,-5.887e-05
2026-03-25 12:00:00+00:00,1774450800000,2185.01,2197.3,2145.59,2161.67,1345442.349,2193564.261,5.03e-06
2026-03-25 16:00:00+00:00,1774465200000,2161.68,2187.63,2155.08,2171.73,648229.553,2154162.684,7.221e-05
2026-03-25 20:00:00+00:00,1774479600000,2171.73,2184.99,2158.01,2168.0,295427.605,2151907.423,4.453e-05
2026-03-26 00:00:00+00:00,1774494000000,2168.0,2171.32,2142.15,2152.15,471318.207,2162108.554,3.963e-05
2026-03-26 04:00:00+00:00,1774508400000,2152.15,2153.52,2110.72,2122.37,877179.932,2171616.763,7.66e-06
2026-03-26 08:00:00+00:00,1774522800000,2122.36,2126.24,2061.0,2067.33,1227552.831,2176650.422,-9.253e-05
2026-03-26 12:00:00+00:00,1774537200000,2067.34,2093.64,2050.54,2069.43,1213774.885,2203025.098,-8.206e-05
2026-03-26 16:00:00+00:00,1774551600000,2069.43,2070.0,2033.22,2047.86,838307.982,2189014.474,-9.45e-06
2026-03-26 20:00:00+00:00,1774566000000,2047.85,2080.25,2045.17,2059.17,817780.6140000001,2176493.659,-2.16e-06
2026-03-27 00:00:00+00:00,1774580400000,2059.18,2076.43,2055.5,2060.45,354929.755,2186021.939,-2.386e-05
2026-03-27 04:00:00+00:00,1774594800000,2060.44,2071.59,2041.32,2064.95,613100.519,2225094.865,-5.115e-05
2026-03-27 08:00:00+00:00,1774609200000,2064.94,2068.6,1980.28,1990.24,1655519.043,2201569.69,-0.00014009
2026-03-27 12:00:00+00:00,1774623600000,1990.24,2009.46,1966.2,1990.12,1438244.439,2223471.101,-0.00018104
2026-03-27 16:00:00+00:00,1774638000000,1990.11,1996.88,1973.37,1990.28,696955.142,2223729.493,-4.27e-05
2026-03-27 20:00:00+00:00,1774652400000,1990.28,1995.37,1977.9,1991.58,264573.419,2218813.95,-4.912e-05
2026-03-28 00:00:00+00:00,1774666800000,1991.57,1994.3,1981.52,1987.95,216122.294,2221618.613,-8.844e-05
2026-03-28 04:00:00+00:00,1774681200000,1987.95,2007.63,1986.0,2005.94,323528.935,2224400.226,-8.079e-05
2026-03-28 08:00:00+00:00,1774695600000,2005.95,2007.46,1991.2,1996.41,295192.03,2226146.034,-6.569e-05
2026-03-28 12:00:00+00:00,1774710000000,1996.41,2049.36,1991.23,2025.79,1022489.311,2225262.891,3.5e-07
2026-03-28 16:00:00+00:00,1774724400000,2025.8,2028.97,2014.57,2019.52,229088.16799999998,2231446.326,-1.848e-05
2026-03-28 20:00:00+00:00,1774738800000,2019.52,2025.42,1988.16,1993.48,390635.19,2190735.999,-1.122e-05
2026-03-29 00:00:00+00:00,1774753200000,1993.48,2019.0,1990.53,2010.14,359938.41099999996,2205846.975,-1.744e-05
2026-03-29 04:00:00+00:00,1774767600000,2010.14,2011.89,1996.26,2005.0,230760.21,2209140.727,-3.646e-05
2026-03-29 08:00:00+00:00,1774782000000,2005.0,2007.29,1990.4,2002.65,300757.836,2226021.415,-3.939e-05
2026-03-29 12:00:00+00:00,1774796400000,2002.65,2003.98,1982.21,1991.8,534021.634,2232292.246,-3.76e-05
2026-03-29 16:00:00+00:00,1774810800000,1991.8,2003.2,1986.5,1995.04,279883.999,2228611.125,2.06e-06
2026-03-29 20:00:00+00:00,1774825200000,1995.05,2008.99,1936.54,1983.44,1127151.125,2173250.672,-2.478e-05
2026-03-30 00:00:00+00:00,1774839600000,1983.45,2043.26,1978.7,2034.97,1131322.341,2168345.401,-1.72e-05
2026-03-30 04:00:00+00:00,1774854000000,2034.97,2067.78,2034.97,2058.7,792916.9820000001,2167500.909,1.124e-05
2026-03-30 08:00:00+00:00,1774868400000,2058.69,2086.99,2046.4,2070.4,769322.612,2182976.547,4.547e-05
2026-03-30 12:00:00+00:00,1774882800000,2070.4,2084.82,2042.88,2073.4,1123786.862,2229218.507,4.113e-05
2026-03-30 16:00:00+00:00,1774897200000,2073.39,2074.0,2012.14,2022.69,1018384.217,2172804.944,-2.165e-05
2026-03-30 20:00:00+00:00,1774911600000,2022.69,2049.21,2012.59,2025.69,622241.954,2147927.314,2.39e-06
2026-03-31 00:00:00+00:00,1774926000000,2025.69,2093.0,2015.25,2065.92,1039176.785,2164194.822,5.023e-05
2026-03-31 04:00:00+00:00,1774940400000,2065.91,2071.42,2040.88,2055.0,528667.355,2155976.579,1.749e-05
2026-03-31 08:00:00+00:00,1774954800000,2054.99,2058.66,2011.25,2040.23,966855.411,2160772.849,-4.946e-05
2026-03-31 12:00:00+00:00,1774969200000,2040.23,2091.49,2033.89,2053.66,1838047.822,2176164.518,-9.11e-06
2026-03-31 16:00:00+00:00,1774983600000,2053.66,2124.51,2053.31,2095.68,1645565.566,2294734.587,2.411e-05
2026-03-31 20:00:00+00:00,1774998000000,2095.68,2109.48,2087.0,2104.49,412473.38,2290219.144,-3.47e-06
2026-04-01 00:00:00+00:00,1775012400000,2104.48,2117.44,2081.19,2101.87,545500.487,2286483.063,1.546e-05
2026-04-01 04:00:00+00:00,1775026800000,2101.87,2157.99,2099.18,2130.13,1121226.102,2308499.457,4.765e-05
2026-04-01 08:00:00+00:00,1775041200000,2130.13,2142.76,2124.43,2134.18,546289.82,2326000.761,7.771e-05
2026-04-01 12:00:00+00:00,1775055600000,2134.18,2149.37,2107.53,2133.93,1101165.049,2315968.941,4.46e-05
2026-04-01 16:00:00+00:00,1775070000000,2133.93,2167.2,2122.23,2140.24,882497.895,2288750.843,-3.88e-06
2026-04-01 20:00:00+00:00,1775084400000,2140.25,2164.47,2129.2,2138.8,529434.453,2294888.539,-8.956e-05
2026-04-02 00:00:00+00:00,1775098800000,2138.8,2158.42,2044.0,2054.73,1951268.322,2233905.888,-0.00014471
2026-04-02 04:00:00+00:00,1775113200000,2054.73,2057.42,2037.23,2054.8,695759.093,2180457.157,-0.00013332
2026-04-02 08:00:00+00:00,1775127600000,2054.79,2054.79,2022.0,2032.04,535630.451,2162474.528,-0.00011736
2026-04-02 12:00:00+00:00,1775142000000,2032.03,2072.0,2015.55,2058.46,1505005.222,2159928.184,-7.373e-05
2026-04-02 16:00:00+00:00,1775156400000,2058.45,2076.0,2042.18,2064.39,648483.676,2146521.621,-5.998e-05
2026-04-02 20:00:00+00:00,1775170800000,2064.4,2073.41,2052.26,2055.96,428813.62899999996,2150107.207,-2.992e-05
2026-04-03 00:00:00+00:00,1775185200000,2055.97,2061.88,2038.35,2053.0,478521.465,2173072.113,-4.02e-06
2026-04-03 04:00:00+00:00,1775199600000,2053.01,2074.6,2046.16,2064.98,358149.385,2168686.039,6.46e-06
2026-04-03 08:00:00+00:00,1775214000000,2064.98,2071.14,2052.02,2061.87,275020.086,2174057.514,-2.799e-05
2026-04-03 12:00:00+00:00,1775228400000,2061.88,2084.02,2040.26,2050.31,650821.783,2188847.125,-9.62e-06
2026-04-03 16:00:00+00:00,1775242800000,2050.31,2055.9,2042.4,2051.43,215252.75900000002,2170016.648,-1.409e-05
2026-04-03 20:00:00+00:00,1775257200000,2051.42,2060.99,2048.37,2052.92,159944.31900000002,2158609.176,-7.2e-07
2026-04-04 00:00:00+00:00,1775271600000,2052.93,2053.0,2046.87,2049.21,97192.643,2153869.905,3.789e-05
2026-04-04 04:00:00+00:00,1775286000000,2049.21,2057.5,2047.51,2052.72,144502.407,2153392.357,4.969e-05
2026-04-04 08:00:00+00:00,1775300400000,2052.73,2054.5,2046.45,2051.06,167444.817,2153908.854,7.02e-06
2026-04-04 12:00:00+00:00,1775314800000,2051.06,2060.99,2043.0,2055.16,291860.72699999996,2156041.285,6.82e-06
2026-04-04 16:00:00+00:00,1775329200000,2055.16,2083.36,2051.74,2063.77,440548.065,2149262.676,1.42e-06
2026-04-04 20:00:00+00:00,1775343600000,2063.77,2071.46,2058.63,2064.43,164643.801,2149305.442,2.442e-05
2026-04-05 00:00:00+00:00,1775358000000,2064.43,2064.6,2052.65,2055.69,155903.682,2149854.101,3.34e-05
2026-04-05 04:00:00+00:00,1775372400000,2055.69,2057.19,2026.32,2036.0,514006.294,2129273.49,6.23e-06
2026-04-05 08:00:00+00:00,1775386800000,2036.0,2051.83,2034.57,2040.88,215639.762,2129848.473,-2.75e-05
2026-04-05 12:00:00+00:00,1775401200000,2040.88,2069.25,2020.61,2053.13,910656.558,2135819.7,-4.404e-05
2026-04-05 16:00:00+00:00,1775415600000,2053.12,2068.88,2047.04,2060.99,367934.36,2149011.277,-3.32e-06
2026-04-05 20:00:00+00:00,1775430000000,2061.0,2123.23,2048.66,2109.35,968936.8119999999,2155594.144,2.356e-05
2026-04-06 00:00:00+00:00,1775444400000,2109.36,2147.73,2109.36,2128.38,897583.043,2208214.098,8.634e-05
2026-04-06 04:00:00+00:00,1775458800000,2128.38,2140.5,2119.04,2134.05,478563.501,2242266.836,6.234e-05
2026-04-06 08:00:00+00:00,1775473200000,2134.05,2174.41,2132.52,2150.55,910874.502,2280793.526,3.431e-05
2026-04-06 12:00:00+00:00,1775487600000,2150.54,2169.11,2136.42,2163.43,1122283.44,2335002.881,2.033e-05
2026-04-06 16:00:00+00:00,1775502000000,2163.43,2167.52,2122.0,2143.29,803496.478,2299063.21,-1.395e-05
2026-04-06 20:00:00+00:00,1775516400000,2143.3,2154.42,2086.29,2106.14,928197.2949999999,2208201.716,-3.921e-05
2026-04-07 00:00:00+00:00,1775530800000,2106.14,2119.78,2091.93,2107.19,656492.285,2213399.479,-3.464e-05
2026-04-07 04:00:00+00:00,1775545200000,2107.2,2118.25,2095.35,2103.0,356137.967,2220612.479,-2.984e-05
2026-04-07 08:00:00+00:00,1775559600000,2102.99,2132.96,2080.57,2088.47,1033896.877,2210903.407,6.82e-06
2026-04-07 12:00:00+00:00,1775574000000,2088.48,2092.61,2058.01,2079.26,1236932.445,2190052.17,1.031e-05
2026-04-07 16:00:00+00:00,1775588400000,2079.26,2117.0,2076.41,2112.52,952245.6849999999,2150083.01,4.338e-05
2026-04-07 20:00:00+00:00,1775602800000,2112.52,2273.0,2109.43,2239.14,2645440.876,2249432.25,0.0001
2026-04-08 00:00:00+00:00,1775617200000,2239.14,2250.71,2226.28,2233.89,743736.136,2302421.145,0.0001
2026-04-08 04:00:00+00:00,1775631600000,2233.89,2259.72,2233.88,2252.75,639308.2779999999,2367704.049,5.797e-05
2026-04-08 08:00:00+00:00,1775646000000,2252.74,2262.75,2235.83,2246.53,556185.243,2388890.731,3.726e-05
2026-04-08 12:00:00+00:00,1775660400000,2246.53,2269.65,2186.03,2214.56,1781318.946,2337024.591,6.71e-05
2026-04-08 16:00:00+00:00,1775674800000,2214.56,2238.66,2196.26,2210.01,821555.618,2312209.219,5.995e-05
2026-04-08 20:00:00+00:00,1775689200000,2210.0,2221.64,2177.77,2188.87,524408.699,2285760.279,3.247e-05
2026-04-09 00:00:00+00:00,1775703600000,2188.87,2193.23,2160.0,2181.31,573555.041,2272797.542,1.623e-05
2026-04-09 04:00:00+00:00,1775718000000,2181.31,2188.57,2174.39,2179.96,297020.676,2262979.476,-1.399e-05
2026-04-09 08:00:00+00:00,1775732400000,2179.97,2196.53,2175.0,2179.02,440979.973,2257696.808,-5.426e-05
2026-04-09 12:00:00+00:00,1775746800000,2179.02,2224.99,2156.0,2217.0,1351872.805,2240798.668,1.995e-05
2026-04-09 16:00:00+00:00,1775761200000,2216.99,2230.0,2192.0,2215.36,1084333.513,2252690.234,2.408e-05
2026-04-09 20:00:00+00:00,1775775600000,2215.36,2246.15,2181.7,2188.92,717749.349,2210522.532,1.283e-05
2026-04-10 00:00:00+00:00,1775790000000,2188.92,2203.19,2173.81,2185.16,482254.301,2209904.93,-2.058e-05
2026-04-10 04:00:00+00:00,1775804400000,2185.16,2202.67,2175.25,2178.63,378270.952,2216261.85,2.62e-06
2026-04-10 08:00:00+00:00,1775818800000,2178.62,2223.0,2176.04,2214.72,612092.346,2251389.302,3.366e-05
2026-04-10 12:00:00+00:00,1775833200000,2214.71,2257.55,2206.77,2223.23,1395274.405,2311977.558,-4.48e-06
2026-04-10 16:00:00+00:00,1775847600000,2223.23,2254.67,2220.03,2251.8,527443.325,2325246.092,-7.726e-05
2026-04-10 20:00:00+00:00,1775862000000,2251.8,2255.89,2233.74,2243.9,368971.14900000003,2311155.476,-6.627e-05
2026-04-11 00:00:00+00:00,1775876400000,2243.91,2251.33,2233.33,2235.94,263841.199,2307088.11,-6.669e-05
2026-04-11 04:00:00+00:00,1775890800000,2235.94,2241.68,2227.03,2231.68,299460.051,2302281.843,-7.635e-05
2026-04-11 08:00:00+00:00,1775905200000,2231.68,2248.28,2230.69,2245.0,306621.595,2312914.406,-5.696e-05
2026-04-11 12:00:00+00:00,1775919600000,2245.0,2255.85,2232.2,2248.39,294725.417,2321316.104,-3.295e-05
2026-04-11 16:00:00+00:00,1775934000000,2248.39,2329.99,2245.22,2315.24,1179609.631,2370833.873,2.774e-05
2026-04-11 20:00:00+00:00,1775948400000,2315.25,2316.48,2275.2,2283.85,530900.213,2359346.537,8.315e-05
2026-04-12 00:00:00+00:00,1775962800000,2283.86,2288.12,2205.52,2212.71,1217614.173,2302302.005,-1.951e-05
2026-04-12 04:00:00+00:00,1775977200000,2212.71,2219.88,2207.0,2217.01,314769.248,2295695.931,-3.576e-05
2026-04-12 08:00:00+00:00,1775991600000,2217.01,2217.98,2192.42,2203.11,403018.463,2268224.708,-5.717e-05
2026-04-12 12:00:00+00:00,1776006000000,2203.11,2207.35,2173.0,2185.27,784291.4639999999,2251628.943,-5.409e-05
2026-04-12 16:00:00+00:00,1776020400000,2185.27,2206.0,2181.66,2197.24,383122.902,2223931.463,-4.835e-05
2026-04-12 20:00:00+00:00,1776034800000,2197.23,2217.7,2182.65,2190.62,602327.064,2181942.001,-1.033e-05
2026-04-13 00:00:00+00:00,1776049200000,2190.61,2207.9,2186.12,2193.27,315218.386,2182223.124,2.035e-05
2026-04-13 04:00:00+00:00,1776063600000,2193.27,2201.47,2181.02,2185.5,417733.422,2185773.63,3.105e-05
2026-04-13 08:00:00+00:00,1776078000000,2185.5,2194.62,2178.18,2186.3,370876.792,2186826.027,5.764e-05
2026-04-13 12:00:00+00:00,1776092400000,2186.29,2235.41,2174.48,2208.08,1478787.506,2179183.477,2.997e-05
2026-04-13 16:00:00+00:00,1776106800000,2208.08,2268.7,2198.57,2261.2,1172829.826,2168301.211,4.382e-05
2026-04-13 20:00:00+00:00,1776121200000,2261.2,2395.85,2246.39,2368.8,2045153.934,2258029.417,0.0001
2026-04-14 00:00:00+00:00,1776135600000,2368.8,2378.0,2353.87,2364.68,575697.429,2316120.261,0.0001
2026-04-14 04:00:00+00:00,1776150000000,2364.69,2389.0,2353.87,2376.85,526677.833,2359251.06,0.0001
2026-04-14 08:00:00+00:00,1776164400000,2376.85,2395.3,2366.62,2373.12,689338.8,2415990.829,0.0001
2026-04-14 12:00:00+00:00,1776178800000,2373.13,2416.4,2331.46,2363.24,2145638.387,2293594.034,3.611e-05
2026-04-14 16:00:00+00:00,1776193200000,2363.25,2370.29,2301.6,2312.54,1058703.8530000001,2291416.476,2.012e-05
2026-04-14 20:00:00+00:00,1776207600000,2312.56,2331.66,2307.42,2321.17,435561.38899999997,2261257.894,1.812e-05
2026-04-15 00:00:00+00:00,1776222000000,2321.16,2342.07,2316.43,2327.6,414500.406,2256084.949,1.695e-05
2026-04-15 04:00:00+00:00,1776236400000,2327.59,2337.19,2306.8,2315.53,436164.88300000003,2261272.091,1.648e-05
2026-04-15 08:00:00+00:00,1776250800000,2315.52,2340.0,2310.93,2336.2,501349.0,2274833.219,3.883e-05
2026-04-15 12:00:00+00:00,1776265200000,2336.21,2348.88,2316.17,2330.6,878951.457,2245473.051,2.61e-06
2026-04-15 16:00:00+00:00,1776279600000,2330.6,2384.67,2327.4,2373.7,856245.184,2234612.871,-1.419e-05
2026-04-15 20:00:00+00:00,1776294000000,2373.69,2379.9,2347.18,2358.87,568493.441,2236724.069,-1.664e-05
2026-04-16 00:00:00+00:00,1776308400000,2358.86,2368.45,2343.27,2356.52,345171.67699999997,2238229.495,-2.241e-05
2026-04-16 04:00:00+00:00,1776322800000,2356.51,2362.91,2334.0,2340.4,389074.202,2224864.996,-5.246e-05
2026-04-16 08:00:00+00:00,1776337200000,2340.39,2347.06,2327.11,2334.42,528827.802,2240190.857,-6.234e-05
2026-04-16 12:00:00+00:00,1776351600000,2334.43,2352.0,2282.7,2337.6,1819052.3460000001,2179154.952,-3.744e-05
2026-04-16 16:00:00+00:00,1776366000000,2337.59,2361.0,2307.94,2358.39,1006738.05,2107403.683,9.29e-06
2026-04-16 20:00:00+00:00,1776380400000,2358.39,2363.67,2333.45,2346.92,438571.26,2110585.495,8.21e-06
2026-04-17 00:00:00+00:00,1776394800000,2346.93,2349.85,2322.35,2324.46,361864.221,2101560.844,-2.78e-06
2026-04-17 04:00:00+00:00,1776409200000,2324.45,2340.88,2314.08,2333.24,342517.13800000004,2108384.785,7.34e-06
2026-04-17 08:00:00+00:00,1776423600000,2333.23,2376.96,2331.91,2353.63,893850.912,2145830.799,-1.17e-05
2026-04-17 12:00:00+00:00,1776438000000,2353.64,2456.32,2348.0,2440.71,2674338.5779999997,2390077.339,1.848e-05
2026-04-17 16:00:00+00:00,1776452400000,2440.71,2463.86,2414.12,2426.48,989444.645,2357912.261,1.08e-05
2026-04-17 20:00:00+00:00,1776466800000,2426.48,2441.65,2414.14,2417.66,415610.733,2329106.378,-2.305e-05
2026-04-18 00:00:00+00:00,1776481200000,2417.65,2426.62,2397.0,2404.0,348331.058,2286699.742,2.156e-05
2026-04-18 04:00:00+00:00,1776495600000,2404.0,2412.38,2398.0,2402.38,258226.851,2267119.615,-1.075e-05
2026-04-18 08:00:00+00:00,1776510000000,2402.38,2403.84,2341.52,2351.45,1197051.1379999998,2172671.988,-0.00010105
2026-04-18 12:00:00+00:00,1776524400000,2351.46,2368.97,2343.56,2361.99,487352.582,2154891.9,-0.00015053
2026-04-18 16:00:00+00:00,1776538800000,2361.98,2374.15,2337.0,2347.04,540869.706,2159892.291,-0.00015247
2026-04-18 20:00:00+00:00,1776553200000,2347.04,2358.57,2343.42,2348.99,182605.714,2155987.436,-0.00010377
2026-04-19 00:00:00+00:00,1776567600000,2348.99,2353.99,2330.15,2338.6,308236.29000000004,2164948.127,-4.973e-05
2026-04-19 04:00:00+00:00,1776582000000,2338.61,2344.88,2291.29,2314.27,762049.076,2167059.792,-0.00011333
2026-04-19 08:00:00+00:00,1776596400000,2314.27,2329.99,2304.23,2327.66,393208.733,2168443.761,-0.00018222
2026-04-19 12:00:00+00:00,1776610800000,2327.66,2348.92,2313.39,2329.47,693540.149,2163681.169,-0.00022976
2026-04-19 16:00:00+00:00,1776625200000,2329.46,2330.05,2286.3,2298.63,759169.984,2163732.517,-0.00011067
2026-04-19 20:00:00+00:00,1776639600000,2298.63,2299.04,2250.91,2262.2,818267.667,2167522.388,-9.27e-06
2026-04-20 00:00:00+00:00,1776654000000,2262.21,2292.91,2258.3,2285.07,506817.313,2166281.861,-5.418e-05
2026-04-20 04:00:00+00:00,1776668400000,2285.08,2331.88,2262.06,2296.82,854790.529,2148299.526,-1.408e-05
2026-04-20 08:00:00+00:00,1776682800000,2296.83,2319.19,2288.13,2306.94,539713.304,2164794.947,-4.531e-05
2026-04-20 12:00:00+00:00,1776697200000,2306.95,2326.0,2276.71,2312.71,1226425.6369999999,2155171.315,8.1e-06
2026-04-20 16:00:00+00:00,1776711600000,2312.72,2343.27,2296.51,2330.39,828126.892,2136390.426,-2.132e-05
2026-04-20 20:00:00+00:00,1776726000000,2330.39,2346.84,2306.01,2312.59,489269.532,2118807.467,-4.353e-05
2026-04-21 00:00:00+00:00,1776740400000,2312.59,2325.42,2297.51,2310.14,335385.187,2116774.359,-4.977e-05
2026-04-21 04:00:00+00:00,1776754800000,2310.13,2327.11,2302.9,2316.96,334405.418,2131663.258,-3.669e-05
2026-04-21 08:00:00+00:00,1776769200000,2316.95,2337.99,2312.61,2318.91,553026.781,2135156.968,-4.95e-05
2026-04-21 12:00:00+00:00,1776783600000,2318.91,2326.54,2288.79,2309.31,1033318.283,2129609.933,-3.676e-05
2026-04-21 16:00:00+00:00,1776798000000,2309.3,2330.0,2280.82,2297.04,1096579.469,2121183.314,-4.095e-05
2026-04-21 20:00:00+00:00,1776812400000,2297.04,2328.69,2293.5,2326.13,566275.322,2129191.854,-2.128e-05
2026-04-22 00:00:00+00:00,1776826800000,2326.12,2379.19,2311.41,2362.69,1034946.3150000002,2193623.23,3.934e-05
2026-04-22 04:00:00+00:00,1776841200000,2362.69,2414.35,2357.26,2389.24,1212805.629,2228987.349,0.0001
2026-04-22 08:00:00+00:00,1776855600000,2389.25,2399.84,2382.15,2397.59,349631.152,2238157.067,0.0001
2026-04-22 12:00:00+00:00,1776870000000,2397.59,2423.0,2388.76,2402.69,1216936.805,2317486.172,7.954e-05
2026-04-22 16:00:00+00:00,1776884400000,2402.69,2412.82,2383.29,2396.75,635247.102,2334633.872,0.0001
2026-04-22 20:00:00+00:00,1776898800000,2396.76,2405.2,2372.6,2373.04,409906.665,2337151.478,0.0001
2026-04-23 00:00:00+00:00,1776913200000,2373.05,2381.85,2330.0,2339.62,1018821.82,2265203.415,6.382e-05
2026-04-23 04:00:00+00:00,1776927600000,2339.62,2357.72,2336.0,2342.81,517607.57399999996,2209905.678,-1.984e-05
2026-04-23 08:00:00+00:00,1776942000000,2342.81,2343.72,2303.9,2327.93,1100317.196,2084055.321,-8.958e-05
2026-04-23 12:00:00+00:00,1776956400000,2327.92,2343.36,2314.08,2332.17,777540.257,2055499.718,-6.092e-05
2026-04-23 16:00:00+00:00,1776970800000,2332.17,2334.88,2283.31,2311.78,1000391.312,2043336.911,-4.868e-05
2026-04-23 20:00:00+00:00,1776985200000,2311.77,2337.76,2311.42,2328.94,362609.457,2018882.576,-3.607e-05
2026-04-24 00:00:00+00:00,1776999600000,2328.94,2336.46,2298.54,2307.14,471533.312,2021810.589,-3.294e-05
2026-04-24 04:00:00+00:00,1777014000000,2307.15,2316.19,2298.44,2310.49,355735.64,2044178.025,-6.978e-05
2026-04-24 08:00:00+00:00,1777028400000,2310.49,2331.0,2301.66,2326.7,568694.958,2054831.234,-9.713e-05
2026-04-24 12:00:00+00:00,1777042800000,2326.71,2330.36,2300.0,2322.72,873820.892,2051722.571,-0.00012211
2026-04-24 16:00:00+00:00,1777057200000,2322.73,2324.0,2307.27,2320.37,350485.138,2044673.711,-5.311e-05
2026-04-24 20:00:00+00:00,1777071600000,2320.36,2327.11,2305.2,2313.88,283316.991,2016860.815,-4.387e-05
2026-04-25 00:00:00+00:00,1777086000000,2313.87,2320.0,2310.0,2317.51,110807.341,2018648.281,-2.243e-05
2026-04-25 04:00:00+00:00,1777100400000,2317.52,2318.17,2312.05,2315.14,87377.875,2015822.074,-2.073e-05
2026-04-25 08:00:00+00:00,1777114800000,2315.13,2322.22,2309.51,2312.47,193718.549,2026630.374,-4.323e-05
2026-04-25 12:00:00+00:00,1777129200000,2312.47,2317.94,2298.98,2306.65,236761.36299999998,2034769.544,-4.431e-05
2026-04-25 16:00:00+00:00,1777143600000,2306.64,2312.95,2298.98,2308.88,258043.942,2041094.838,-1.236e-05
2026-04-25 20:00:00+00:00,1777158000000,2308.89,2319.59,2307.8,2318.21,117650.148,2045954.534,-1.135e-05
2026-04-26 00:00:00+00:00,1777172400000,2318.21,2318.58,2305.07,2308.64,152533.095,2054149.724,-5.243e-05
2026-04-26 04:00:00+00:00,1777186800000,2308.64,2336.63,2307.38,2330.23,427669.988,2071881.581,-1.961e-05
2026-04-26 08:00:00+00:00,1777201200000,2330.23,2336.99,2328.05,2334.78,210651.123,2078955.774,-8.44e-06
2026-04-26 12:00:00+00:00,1777215600000,2334.78,2351.6,2321.97,2347.0,479623.943,2099197.785,-2.862e-05
2026-04-26 16:00:00+00:00,1777230000000,2347.0,2376.51,2339.11,2366.18,526052.003,2078557.459,-6.284e-05
2026-04-26 20:00:00+00:00,1777244400000,2366.19,2379.99,2347.0,2368.32,587423.97,2061721.199,-6.636e-05
2026-04-27 00:00:00+00:00,1777258800000,2368.32,2403.99,2356.12,2393.68,702132.1830000001,2071038.582,-1.018e-05
2026-04-27 04:00:00+00:00,1777273200000,2393.68,2394.92,2310.09,2314.5,1314286.459,2029512.227,-7.707e-05
2026-04-27 08:00:00+00:00,1777287600000,2314.5,2324.29,2307.42,2318.77,374880.623,2037602.761,-0.00014495
2026-04-27 12:00:00+00:00,1777302000000,2318.76,2328.72,2263.88,2273.52,1328160.918,2009522.604,-7.574e-05
2026-04-27 16:00:00+00:00,1777316400000,2273.52,2291.0,2268.48,2287.76,491832.142,2020995.921,-0.0001484
2026-04-27 20:00:00+00:00,1777330800000,2287.77,2307.26,2283.05,2302.28,265145.454,2019992.206,-0.00016104
2026-04-28 00:00:00+00:00,1777345200000,2302.28,2309.73,2278.52,2289.47,381327.232,2021659.879,-0.00012684
2026-04-28 04:00:00+00:00,1777359600000,2289.47,2295.77,2266.54,2286.49,484141.213,2051070.553,-0.00011633
2026-04-28 08:00:00+00:00,1777374000000,2286.5,2290.32,2269.3,2274.39,392456.344,2024728.564,-3.543e-05
2026-04-28 12:00:00+00:00,1777388400000,2274.39,2284.97,2256.03,2278.52,786634.0349999999,2029051.209,8.8e-07
2026-04-28 16:00:00+00:00,1777402800000,2278.53,2304.93,2273.0,2300.87,470176.231,1999094.514,-2.923e-05
2026-04-28 20:00:00+00:00,1777417200000,2300.86,2304.83,2282.76,2288.37,201435.887,1974729.835,2.842e-05
2026-04-29 00:00:00+00:00,1777431600000,2288.36,2315.72,2278.02,2310.55,500663.29000000004,1976275.28,6.189e-05
2026-04-29 04:00:00+00:00,1777446000000,2310.54,2342.15,2308.04,2322.82,860205.678,2002013.349,4.614e-05
2026-04-29 08:00:00+00:00,1777460400000,2322.83,2346.48,2319.67,2330.57,579721.257,2001215.715,7.524e-05
2026-04-29 12:00:00+00:00,1777474800000,2330.56,2331.0,2261.88,2271.57,1265920.426,1980260.482,4.782e-05
2026-04-29 16:00:00+00:00,1777489200000,2271.57,2284.86,2218.83,2232.35,1590028.123,2038284.167,-2.132e-05
2026-04-29 20:00:00+00:00,1777503600000,2232.34,2263.75,2229.06,2251.52,513003.11,2010970.78,-6.094e-05
2026-04-30 00:00:00+00:00,1777518000000,2251.53,2277.92,2234.16,2251.81,631194.686,2001809.322,-6.996e-05
2026-04-30 04:00:00+00:00,1777532400000,2251.82,2261.41,2230.1,2258.99,506908.68299999996,2009636.211,-4.555e-05
2026-04-30 08:00:00+00:00,1777546800000,2259.0,2273.0,2250.87,2257.05,455315.802,2012288.032,-8.089e-05
2026-04-30 12:00:00+00:00,1777561200000,2257.05,2274.8,2244.96,2264.61,605852.791,2018387.867,-7.717e-05
2026-04-30 16:00:00+00:00,1777575600000,2264.6,2266.09,2250.05,2260.7,254758.052,2010297.045,-3.808e-05
2026-04-30 20:00:00+00:00,1777590000000,2260.71,2266.35,2250.98,2256.49,136452.164,2002449.537,-4.003e-05
2026-05-01 00:00:00+00:00,1777604400000,2256.5,2294.99,2256.03,2281.6,490385.77400000003,1989488.41,-4.931e-05
2026-05-01 04:00:00+00:00,1777618800000,2281.6,2285.86,2270.62,2278.54,314438.228,2002941.871,-1.929e-05
2026-05-01 08:00:00+00:00,1777633200000,2278.55,2292.33,2275.68,2285.32,289382.275,2004223.978,-2.274e-05
2026-05-01 12:00:00+00:00,1777647600000,2285.32,2324.64,2282.68,2306.86,1268967.9579999999,1997126.085,-2.211e-05
2026-05-01 16:00:00+00:00,1777662000000,2306.86,2313.33,2297.04,2303.88,364717.936,1987621.486,2.965e-05
2026-05-01 20:00:00+00:00,1777676400000,2303.89,2305.1,2278.0,2294.34,390279.221,1948179.155,-4.36e-06
2026-05-02 00:00:00+00:00,1777690800000,2294.34,2308.09,2291.41,2303.06,200164.25,1948267.972,-4.579e-05
2026-05-02 04:00:00+00:00,1777705200000,2303.06,2305.35,2295.13,2299.77,151536.228,1952919.306,-3.796e-05
2026-05-02 08:00:00+00:00,1777719600000,2299.78,2306.9,2297.51,2301.0,112545.292,1952833.016,-4.2e-06
2026-05-02 12:00:00+00:00,1777734000000,2300.99,2311.09,2299.84,2307.86,154509.02,1965860.841,-4.02e-06
2026-05-02 16:00:00+00:00,1777748400000,2307.86,2312.94,2302.32,2310.15,147103.281,1971187.202,-7.96e-06
2026-05-02 20:00:00+00:00,1777762800000,2310.15,2342.0,2308.41,2315.9,412838.967,1971533.062,3.472e-05
2026-05-03 00:00:00+00:00,1777777200000,2315.91,2316.62,2298.02,2300.65,320422.282,1978322.124,1.582e-05
2026-05-03 04:00:00+00:00,1777791600000,2300.65,2312.98,2296.01,2308.2,189102.745,1986886.027,-1.635e-05
2026-05-03 08:00:00+00:00,1777806000000,2308.2,2327.29,2306.25,2318.87,320954.533,2039450.218,4.53e-05
2026-05-03 12:00:00+00:00,1777820400000,2318.88,2333.0,2318.88,2327.23,304345.984,2059125.523,8.768e-05
2026-05-03 16:00:00+00:00,1777834800000,2327.23,2337.16,2321.24,2334.6,211465.351,2071865.909,4.128e-05
2026-05-03 20:00:00+00:00,1777849200000,2334.6,2356.75,2313.11,2321.67,737670.769,2081038.779,4.389e-05
2026-05-04 00:00:00+00:00,1777863600000,2321.67,2391.62,2308.1,2384.08,1299542.7449999999,2173764.406,7.402e-05
2026-05-04 04:00:00+00:00,1777878000000,2384.07,2398.88,2353.0,2361.79,750948.3099999999,2195122.608,8.669e-05
2026-05-04 08:00:00+00:00,1777892400000,2361.79,2369.82,2313.05,2336.2,1270038.8299999998,2133620.104,5.506e-05
2026-05-04 12:00:00+00:00,1777906800000,2336.2,2382.0,2324.2,2348.62,1350428.2619999999,2116334.276,-2.09e-06
2026-05-04 16:00:00+00:00,1777921200000,2348.63,2378.85,2334.99,2355.36,896650.093,2087691.245,-3.614e-05
2026-05-04 20:00:00+00:00,1777935600000,2355.36,2364.97,2343.61,2346.11,233126.564,2080116.768,-1.957e-05
2026-05-05 00:00:00+00:00,1777950000000,2346.12,2388.42,2344.0,2380.96,471741.628,2103237.217,-8.08e-06
2026-05-05 04:00:00+00:00,1777964400000,2380.96,2389.97,2365.77,2379.17,512817.543,2123563.807,-2.311e-05
2026-05-05 08:00:00+00:00,1777978800000,2379.16,2383.57,2365.14,2378.65,391248.882,2128613.725,-4.35e-05
2026-05-05 12:00:00+00:00,1777993200000,2378.65,2398.88,2366.96,2379.84,1055396.622,2120659.892,-6.485e-05
2026-05-05 16:00:00+00:00,1778007600000,2379.84,2381.98,2358.16,2370.58,608683.51,2094035.566,-5.962e-05
2026-05-05 20:00:00+00:00,1778022000000,2370.58,2387.88,2352.79,2359.47,644333.9720000001,2073555.375,-2.041e-05
2026-05-06 00:00:00+00:00,1778036400000,2359.47,2379.88,2352.42,2375.32,393589.233,2070063.093,-9.385e-05
2026-05-06 04:00:00+00:00,1778050800000,2375.33,2378.11,2352.5,2370.54,424278.19899999996,2052342.504,-9.546e-05
2026-05-06 08:00:00+00:00,1778065200000,2370.54,2422.52,2368.06,2408.99,1687902.017,2325406.546,-5.299e-05
2026-05-06 12:00:00+00:00,1778079600000,2408.99,2412.55,2343.27,2357.72,1734972.385,2265432.369,-5.102e-05
2026-05-06 16:00:00+00:00,1778094000000,2357.71,2368.58,2335.17,2347.14,720642.979,2228705.541,-3.631e-05
2026-05-06 20:00:00+00:00,1778108400000,2347.15,2356.03,2337.0,2349.7,369401.279,2197819.381,-6.601e-05
2026-05-07 00:00:00+00:00,1778122800000,2349.69,2351.29,2311.48,2320.86,824764.37,2301221.662,-0.00018008
2026-05-07 04:00:00+00:00,1778137200000,2320.86,2345.83,2316.0,2343.33,525923.036,2297490.377,-0.00012138
2026-05-07 08:00:00+00:00,1778151600000,2343.32,2345.6,2316.11,2329.02,494154.629,2316709.461,-3.608e-05
2026-05-07 12:00:00+00:00,1778166000000,2329.01,2335.88,2284.06,2293.46,1335321.3429999999,2336369.365,-4.306e-05
2026-05-07 16:00:00+00:00,1778180400000,2293.47,2303.2,2278.0,2294.93,645796.865,2330994.574,-2.091e-05
2026-05-07 20:00:00+00:00,1778194800000,2294.94,2301.55,2278.74,2289.91,506721.739,2296706.623,-9.68e-06
2026-05-08 00:00:00+00:00,1778209200000,2289.92,2293.28,2263.43,2277.71,556627.324,2308670.267,-1.82e-05
2026-05-08 04:00:00+00:00,1778223600000,2277.71,2283.6,2266.0,2279.88,365527.257,2306190.268,-2.849e-05
2026-05-08 08:00:00+00:00,1778238000000,2279.88,2297.14,2278.45,2293.85,484466.705,2302487.959,-4.806e-05
2026-05-08 12:00:00+00:00,1778252400000,2293.85,2301.85,2268.32,2292.39,799694.74,2300219.309,-3.382e-05
2026-05-08 16:00:00+00:00,1778266800000,2292.4,2320.66,2285.17,2315.2,772509.813,2249455.548,3.241e-05
2026-05-08 20:00:00+00:00,1778281200000,2315.21,2318.3,2302.3,2306.17,282845.168,2240249.82,6.199e-05
2026-05-09 00:00:00+00:00,1778295600000,2306.17,2319.72,2303.38,2314.24,238952.737,2246447.575,6.952e-05
2026-05-09 04:00:00+00:00,1778310000000,2314.24,2324.51,2309.9,2313.51,263272.771,2252730.117,4.35e-05
2026-05-09 08:00:00+00:00,1778324400000,2313.5,2319.38,2309.14,2313.68,181003.58000000002,2259364.627,6.976e-05
2026-05-09 12:00:00+00:00,1778338800000,2313.69,2317.5,2296.66,2316.52,444822.396,2223953.194,8.716e-05
2026-05-09 16:00:00+00:00,1778353200000,2316.52,2337.79,2314.06,2331.13,638420.014,2182772.711,0.0001
2026-05-09 20:00:00+00:00,1778367600000,2331.14,2332.61,2323.47,2325.22,124697.909,2170847.62,0.0001
2026-05-10 00:00:00+00:00,1778382000000,2325.23,2333.95,2317.02,2326.79,199906.767,2165197.784,0.0001
2026-05-10 04:00:00+00:00,1778396400000,2326.79,2331.12,2325.1,2326.31,107639.14499999999,2174993.491,8.268e-05
2026-05-10 08:00:00+00:00,1778410800000,2326.3,2333.1,2317.68,2321.5,209761.875,2181282.868,6.191e-05
2026-05-10 12:00:00+00:00,1778425200000,2321.51,2352.0,2319.7,2346.78,458231.658,2180391.882,6.648e-05
2026-05-10 16:00:00+00:00,1778439600000,2346.79,2367.66,2338.9,2364.58,884544.399,2114846.532,0.0001
2026-05-10 20:00:00+00:00,1778454000000,2364.59,2381.88,2310.01,2370.21,1487272.659,2071637.417,7.463e-05
2026-05-11 00:00:00+00:00,1778468400000,2370.21,2373.91,2318.39,2329.23,927376.3089999999,2050424.232,5.086e-05
2026-05-11 04:00:00+00:00,1778482800000,2329.24,2343.0,2325.34,2329.53,310764.875,2062071.873,1.941e-05
2026-05-11 08:00:00+00:00,1778497200000,2329.53,2339.0,2325.47,2334.72,229834.017,2075692.802,4.56e-05
2026-05-11 12:00:00+00:00,1778511600000,2334.72,2338.29,2302.51,2332.39,906098.693,2097527.719,3.344e-05
2026-05-11 16:00:00+00:00,1778526000000,2332.4,2343.31,2322.33,2339.38,518572.11699999997,2069888.303,4.753e-05
2026-05-11 20:00:00+00:00,1778540400000,2339.39,2344.88,2333.86,2338.61,193767.714,2068664.899,3.998e-05
2026-05-12 00:00:00+00:00,1778554800000,2338.62,2339.8,2292.94,2308.26,618172.963,2111888.801,1.372e-05
2026-05-12 04:00:00+00:00,1778569200000,2308.26,2313.48,2290.0,2294.01,404090.36100000003,2137553.084,8e-06
2026-05-12 08:00:00+00:00,1778583600000,2294.01,2295.5,2276.31,2285.91,652584.939,2194257.586,3.367e-05
2026-05-12 12:00:00+00:00,1778598000000,2285.91,2294.09,2255.22,2260.9,1020856.5719999999,2251555.202,3.948e-05
2026-05-12 16:00:00+00:00,1778612400000,2260.91,2286.64,2255.15,2284.11,497468.775,2253609.681,6.251e-05
2026-05-12 20:00:00+00:00,1778626800000,2284.12,2291.16,2272.59,2273.62,227670.126,2232992.861,1.315e-05
2026-05-13 00:00:00+00:00,1778641200000,2273.61,2302.8,2271.6,2300.48,407598.495,2219616.984,2.03e-05
2026-05-13 04:00:00+00:00,1778655600000,2300.47,2308.76,2294.34,2300.12,293863.225,2198461.918,4.996e-05
2026-05-13 08:00:00+00:00,1778670000000,2300.12,2322.68,2298.0,2300.74,610279.701,2146122.421,7.458e-05
2026-05-13 12:00:00+00:00,1778684400000,2300.74,2306.91,2233.0,2235.38,1605463.9309999999,2217717.553,6.44e-06
2026-05-13 16:00:00+00:00,1778698800000,2235.39,2267.98,2233.86,2255.6,529023.906,2250759.29,5.224e-05
2026-05-13 20:00:00+00:00,1778713200000,2255.61,2263.5,2249.63,2257.54,182508.437,2252171.199,5.977e-05
2026-05-14 00:00:00+00:00,1778727600000,2257.53,2268.75,2237.05,2241.03,465641.568,2251606.237,5.372e-05
2026-05-14 04:00:00+00:00,1778742000000,2241.03,2274.52,2238.17,2264.23,494728.776,2226605.054,5.632e-05
2026-05-14 08:00:00+00:00,1778756400000,2264.23,2269.99,2251.25,2252.81,405222.223,2216641.979,1.058e-05
2026-05-14 12:00:00+00:00,1778770800000,2252.8,2298.95,2245.01,2297.36,1273280.375,2184194.07,3.863e-05
2026-05-14 16:00:00+00:00,1778785200000,2297.37,2318.6,2292.52,2297.42,1173125.01,2116884.386,4.02e-05
2026-05-14 20:00:00+00:00,1778799600000,2297.43,2300.59,2278.87,2282.06,370485.31799999997,2092642.258,-6.82e-06
2026-05-15 00:00:00+00:00,1778814000000,2282.06,2299.36,2259.56,2272.36,696786.064,2105544.297,2.132e-05
2026-05-15 04:00:00+00:00,1778828400000,2272.36,2273.7,2236.25,2263.9,837879.971,2144376.545,4.41e-06
2026-05-15 08:00:00+00:00,1778842800000,2263.9,2264.21,2248.42,2256.32,364971.911,2171500.312,-3.661e-05
2026-05-15 12:00:00+00:00,1778857200000,2256.33,2259.67,2203.55,2221.91,1526549.037,2292831.527,1.273e-05
2026-05-15 16:00:00+00:00,1778871600000,2221.92,2232.0,2217.55,2222.31,388408.625,2291191.824,5.067e-05
2026-05-15 20:00:00+00:00,1778886000000,2222.3,2225.31,2213.09,2223.66,208069.39599999998,2278186.131,7.065e-05
2026-05-16 00:00:00+00:00,1778900400000,2223.65,2230.79,2222.37,2226.63,181655.026,2277411.447,7.109e-05
2026-05-16 04:00:00+00:00,1778914800000,2226.63,2227.9,2180.12,2193.52,782465.233,2269671.927,4.543e-05
2026-05-16 08:00:00+00:00,1778929200000,2193.51,2196.06,2160.5,2175.33,804602.273,2304914.331,4.01e-05
2026-05-16 12:00:00+00:00,1778943600000,2175.33,2187.42,2171.11,2178.95,317890.888,2315556.823,6.484e-05
2026-05-16 16:00:00+00:00,1778958000000,2178.94,2184.33,2169.0,2178.71,210048.535,2309872.878,8.052e-05
2026-05-16 20:00:00+00:00,1778972400000,2178.72,2182.77,2178.16,2179.66,86573.192,2301735.532,7.241e-05
2026-05-17 00:00:00+00:00,1778986800000,2179.67,2184.79,2166.66,2180.57,324900.46099999995,2321704.909,8.786e-05
2026-05-17 04:00:00+00:00,1779001200000,2180.57,2194.9,2180.0,2185.19,281299.821,2301822.169,4.911e-05
2026-05-17 08:00:00+00:00,1779015600000,2185.18,2197.63,2181.84,2191.13,251454.386,2298673.052,1.636e-05
2026-05-17 12:00:00+00:00,1779030000000,2191.13,2197.41,2176.09,2185.49,300790.868,2296535.536,5.323e-05
2026-05-17 16:00:00+00:00,1779044400000,2185.5,2192.87,2175.04,2191.4,210743.224,2295729.209,5.26e-05
2026-05-17 20:00:00+00:00,1779058800000,2191.4,2194.0,2085.0,2129.88,1115683.509,2230668.849,1.932e-05
2026-05-18 00:00:00+00:00,1779073200000,2129.88,2131.0,2102.93,2117.63,852894.698,2260121.788,3.309e-05
2026-05-18 04:00:00+00:00,1779087600000,2117.62,2124.8,2108.33,2119.46,397526.207,2260694.133,7.35e-06
2026-05-18 08:00:00+00:00,1779102000000,2119.46,2139.18,2109.4,2132.98,452875.09699999995,2248243.91,1.293e-05
2026-05-18 12:00:00+00:00,1779116400000,2132.98,2156.52,2092.6,2106.66,1572127.566,2250793.234,5.228e-05
2026-05-18 16:00:00+00:00,1779130800000,2106.66,2127.96,2074.26,2124.48,1229025.898,2188938.587,9.483e-05
2026-05-18 20:00:00+00:00,1779145200000,2124.5,2141.97,2113.52,2128.99,600228.416,2158364.662,0.0001
2026-05-19 00:00:00+00:00,1779159600000,2128.99,2146.99,2118.4,2130.46,493518.631,2172063.405,8.023e-05
2026-05-19 04:00:00+00:00,1779174000000,2130.46,2144.22,2122.27,2139.98,356924.056,2164987.956,5.678e-05
2026-05-19 08:00:00+00:00,1779188400000,2139.98,2140.45,2105.73,2109.74,697336.513,2191403.565,1.909e-05
2026-05-19 12:00:00+00:00,1779202800000,2109.73,2126.95,2093.16,2109.37,1032994.079,2230185.12,3.588e-05
2026-05-19 16:00:00+00:00,1779217200000,2109.38,2124.5,2106.27,2112.27,411171.511,2211134.894,6.938e-05
2026-05-19 20:00:00+00:00,1779231600000,2112.26,2119.79,2101.21,2111.0,209026.372,2207392.832,5.583e-05
2026-05-20 00:00:00+00:00,1779246000000,2110.99,2118.5,2101.79,2110.62,329419.479,2223028.718,5.688e-05
2026-05-20 04:00:00+00:00,1779260400000,2110.63,2135.54,2106.01,2128.79,463965.48600000003,2210989.298,3.051e-05
2026-05-20 08:00:00+00:00,1779274800000,2128.8,2138.0,2123.18,2127.38,347277.302,2239754.776,5.673e-05
2026-05-20 12:00:00+00:00,1779289200000,2127.38,2148.6,2112.5,2135.7,986301.764,2225342.541,5.236e-05
2026-05-20 16:00:00+00:00,1779303600000,2135.7,2147.92,2122.87,2138.17,464540.06,2214806.257,2.867e-05
2026-05-20 20:00:00+00:00,1779318000000,2138.16,2139.87,2117.41,2128.6,230755.58,2208151.234,5.861e-05
2026-05-21 00:00:00+00:00,1779332400000,2128.59,2157.0,2127.67,2144.77,459932.427,2206738.135,5.016e-05
2026-05-21 04:00:00+00:00,1779346800000,2144.77,2147.8,2123.33,2134.07,377690.113,2203737.393,2.532e-05
2026-05-21 08:00:00+00:00,1779361200000,2134.06,2147.51,2108.29,2114.08,703303.8300000001,2231429.94,5.072e-05
2026-05-21 12:00:00+00:00,1779375600000,2114.08,2137.44,2103.51,2131.38,803060.863,2236846.65,3.882e-05
2026-05-21 16:00:00+00:00,1779390000000,2131.38,2152.78,2120.03,2142.09,847974.042,2203274.254,5.265e-05
2026-05-21 20:00:00+00:00,1779404400000,2142.09,2142.56,2125.9,2132.78,158133.255,2198285.8,4.962e-05
2026-05-22 00:00:00+00:00,1779418800000,2132.78,2140.75,2124.05,2136.87,236466.648,2210333.141,6.431e-05
2026-05-22 04:00:00+00:00,1779433200000,2136.87,2140.45,2121.0,2127.49,302302.79099999997,2210837.748,3.166e-05
2026-05-22 08:00:00+00:00,1779447600000,2127.48,2132.67,2117.76,2129.65,297144.277,2230378.295,6.204e-05
2026-05-22 12:00:00+00:00,1779462000000,2129.64,2137.33,2111.0,2118.5,649427.513,2241957.68,5.943e-05
2026-05-22 16:00:00+00:00,1779476400000,2118.51,2129.39,2056.39,2064.6,1339102.9070000001,2258549.268,5.241e-05
2026-05-22 20:00:00+00:00,1779490800000,2064.6,2078.81,2056.05,2064.98,529654.385,2247364.048,5.711e-05
2026-05-23 00:00:00+00:00,1779505200000,2064.99,2071.1,2051.49,2069.87,358954.82,2265669.393,9.047e-05
2026-05-23 04:00:00+00:00,1779519600000,2069.88,2070.24,2007.0,2027.47,958646.327,2217653.178,4.455e-05
2026-05-23 08:00:00+00:00,1779534000000,2027.48,2035.0,2020.17,2030.46,510904.68600000005,2258954.339,4.001e-05
2026-05-23 12:00:00+00:00,1779548400000,2030.46,2067.84,2026.1,2059.43,860282.581,2214100.708,6.316e-05
2026-05-23 16:00:00+00:00,1779562800000,2059.43,2083.0,2056.4,2076.51,554209.821,2185240.714,7.005e-05
2026-05-23 20:00:00+00:00,1779577200000,2076.5,2149.86,2073.52,2116.82,1527163.882,2150390.85,8.068e-05
2026-05-24 00:00:00+00:00,1779591600000,2116.82,2126.73,2112.0,2118.09,285398.364,2145568.738,8.675e-05
2026-05-24 04:00:00+00:00,1779606000000,2118.09,2129.55,2112.8,2120.25,213984.77,2158766.321,7.979e-05
2026-05-24 08:00:00+00:00,1779620400000,2120.25,2131.1,2118.03,2125.07,268185.89,2183594.289,5.032e-05
2026-05-24 12:00:00+00:00,1779634800000,2125.08,2125.5,2075.6,2095.1,849498.6699999999,2157408.845,4.195e-05
2026-05-24 16:00:00+00:00,1779649200000,2095.11,2108.59,2094.11,2099.87,278112.843,2157777.137,8.171e-05
2026-05-24 20:00:00+00:00,1779663600000,2099.87,2107.49,2061.26,2098.99,701462.023,2122954.515,5.352e-05
2026-05-25 00:00:00+00:00,1779678000000,2098.99,2112.67,2090.84,2094.55,349899.065,2132239.882,8.575e-05
2026-05-25 04:00:00+00:00,1779692400000,2094.56,2117.6,2090.96,2115.38,478985.166,2152390.003,5.476e-05
2026-05-25 08:00:00+00:00,1779706800000,2115.38,2123.72,2110.85,2113.89,305726.357,2167759.05,5.756e-05
2026-05-25 12:00:00+00:00,1779721200000,2113.88,2137.99,2111.04,2126.0,455842.05799999996,2171621.078,3.29e-05
2026-05-25 16:00:00+00:00,1779735600000,2126.01,2141.6,2115.42,2120.41,366991.18200000003,2163176.587,7.253e-05
2026-05-25 20:00:00+00:00,1779750000000,2120.41,2122.45,2101.09,2111.64,372754.566,2135683.795,3.521e-05
2026-05-26 00:00:00+00:00,1779764400000,2111.64,2112.95,2083.39,2092.48,572221.542,2146116.34,1.36e-05
2026-05-26 04:00:00+00:00,1779778800000,2092.49,2103.9,2087.8,2094.4,387092.274,2159791.461,3.795e-05
2026-05-26 08:00:00+00:00,1779793200000,2094.4,2136.84,2092.94,2120.0,751574.117,2139357.052,4.162e-05
2026-05-26 12:00:00+00:00,1779807600000,2119.99,2139.66,2076.46,2086.14,1521307.273,2167902.809,3.411e-05
2026-05-26 16:00:00+00:00,1779822000000,2086.14,2089.0,2053.0,2073.65,1043494.1089999999,2221733.485,2.63e-05
2026-05-26 20:00:00+00:00,1779836400000,2073.65,2077.9,2064.59,2072.99,200762.851,2232670.305,7.351e-05
2026-05-27 00:00:00+00:00,1779850800000,2073.0,2083.54,2067.48,2068.8,292958.36699999997,2255937.099,6.248e-05
2026-05-27 04:00:00+00:00,1779865200000,2068.79,2083.34,2055.0,2082.66,361346.207,2256378.411,3.063e-05
2026-05-27 08:00:00+00:00,1779879600000,2082.67,2096.13,2077.1,2079.58,455392.449,2248426.835,7.57e-06
2026-05-27 12:00:00+00:00,1779894000000,2079.57,2096.61,2051.0,2070.86,1213836.418,2286904.863,6.097e-05
2026-05-27 16:00:00+00:00,1779908400000,2070.86,2073.79,2041.64,2056.84,648390.745,2290363.488,0.0001
2026-05-27 20:00:00+00:00,1779922800000,2056.85,2065.99,2013.98,2023.7,949391.153,2293891.772,2.421e-05
2026-05-28 00:00:00+00:00,1779937200000,2023.7,2028.47,1970.0,1980.66,1359729.619,2332532.356,1.894e-05
2026-05-28 04:00:00+00:00,1779951600000,1980.65,1995.59,1965.48,1994.24,910777.604,2379038.911,2.61e-05
2026-05-28 08:00:00+00:00,1779966000000,1994.24,1997.95,1983.6,1988.73,395881.131,2360506.973,-7.82e-06
2026-05-28 12:00:00+00:00,1779980400000,1988.73,2002.21,1966.15,1989.69,1213758.2619999999,2351391.229,2.977e-05
2026-05-28 16:00:00+00:00,1779994800000,1989.7,2029.5,1984.11,2013.86,836197.755,2292464.018,9.296e-05
2026-05-28 20:00:00+00:00,1780009200000,2013.87,2023.5,2004.43,2008.92,349333.934,2278603.325,8.553e-05
2026-05-29 00:00:00+00:00,1780023600000,2008.92,2016.29,1995.74,2002.06,339446.257,2293459.945,8.866e-05
2026-05-29 04:00:00+00:00,1780038000000,2002.05,2020.76,1997.53,2006.54,434951.451,2313669.44,7.083e-05
2026-05-29 08:00:00+00:00,1780052400000,2006.53,2015.4,2001.29,2006.62,292981.988,2312663.423,5.962e-05
2026-05-29 12:00:00+00:00,1780066800000,2006.63,2046.0,1975.37,2030.83,1961224.345,2253526.623,6.595e-05
2026-05-29 16:00:00+00:00,1780081200000,2030.83,2043.69,2003.0,2016.03,1001569.029,2192700.577,7.205e-05
2026-05-29 20:00:00+00:00,1780095600000,2016.02,2023.31,2005.79,2013.35,374781.033,2198725.017,4.622e-05
2026-05-30 00:00:00+00:00,1780110000000,2013.36,2022.69,2009.47,2015.9,222071.338,2210883.204,6.713e-05
2026-05-30 04:00:00+00:00,1780124400000,2015.9,2023.3,2000.83,2015.33,373719.31700000004,2203245.462,6.842e-05
2026-05-30 08:00:00+00:00,1780138800000,2015.33,2021.88,2012.88,2016.54,155372.29,2208276.756,7.173e-05
2026-05-30 12:00:00+00:00,1780153200000,2016.54,2031.51,2016.16,2025.95,315115.123,2215815.748,5.65e-05
2026-05-30 16:00:00+00:00,1780167600000,2025.95,2029.72,2018.13,2027.96,193804.707,2205172.59,9.49e-05
2026-05-30 20:00:00+00:00,1780182000000,2027.97,2030.79,2019.24,2021.58,152270.122,2203284.458,9.419e-05
2026-05-31 00:00:00+00:00,1780196400000,2021.59,2037.55,2019.85,2032.66,304812.48199999996,2218044.502,7.96e-05
2026-05-31 04:00:00+00:00,1780210800000,2032.66,2034.2,2021.53,2023.14,139993.825,2211043.671,7.226e-05
2026-05-31 08:00:00+00:00,1780225200000,2023.14,2028.4,2014.4,2022.23,281936.284,2211152.15,7.264e-05
2026-05-31 12:00:00+00:00,1780239600000,2022.22,2025.7,2004.53,2009.51,538545.481,2217451.079,1.711e-05
2026-05-31 16:00:00+00:00,1780254000000,2009.5,2011.5,1992.84,1998.76,474597.79500000004,2233773.936,3.859e-05
2026-05-31 20:00:00+00:00,1780268400000,1998.76,2022.27,1998.76,2006.31,377701.778,2230926.893,6.445e-05
2026-06-01 00:00:00+00:00,1780282800000,2006.3,2020.9,1990.09,2008.48,601089.919,2245017.844,0.0001
2026-06-01 04:00:00+00:00,1780297200000,2008.47,2011.38,1970.3,1975.46,754573.6980000001,2299090.864,5.339e-05
2026-06-01 08:00:00+00:00,1780311600000,1975.45,1989.46,1971.1,1980.73,504319.616,2319216.184,7.293e-05
2026-06-01 12:00:00+00:00,1780326000000,1980.73,1993.59,1954.42,1967.6,1633818.204,2340682.742,9.572e-05
2026-06-01 16:00:00+00:00,1780340400000,1967.61,2008.25,1957.47,2003.92,875431.092,2286703.735,0.0001
2026-06-01 20:00:00+00:00,1780354800000,2003.92,2009.42,1983.51,2006.0,567127.063,2285153.924,0.0001
2026-06-02 00:00:00+00:00,1780369200000,2006.01,2006.44,1961.31,2003.32,863973.806,2351523.98,0.0001
2026-06-02 04:00:00+00:00,1780383600000,2003.32,2005.92,1972.6,1980.9,727299.639,2335365.482,0.0001
2026-06-02 08:00:00+00:00,1780398000000,1980.89,1988.8,1965.52,1977.52,564295.854,2356743.579,8.303e-05
2026-06-02 12:00:00+00:00,1780412400000,1977.53,1982.07,1888.0,1914.11,2607625.852,2462319.077,5.699e-05
2026-06-02 16:00:00+00:00,1780426800000,1914.11,1944.65,1879.24,1911.4,1424413.797,2412917.695,9.415e-05
2026-06-02 20:00:00+00:00,1780441200000,1911.4,1918.0,1837.01,1858.96,1805277.5520000001,2308759.143,2.021e-05
2026-06-03 00:00:00+00:00,1780455600000,1858.96,1873.72,1816.0,1827.22,1227604.766,2330461.682,4.755e-05
2026-06-03 04:00:00+00:00,1780470000000,1827.22,1883.64,1826.85,1877.56,1327176.572,2355773.605,9.925e-05
2026-06-03 08:00:00+00:00,1780484400000,1877.55,1892.39,1869.21,1877.6,742168.925,2392171.763,0.0001
2026-06-03 12:00:00+00:00,1780498800000,1877.61,1879.62,1835.17,1835.99,1079725.324,2384700.667,7.483e-05
2026-06-03 16:00:00+00:00,1780513200000,1835.99,1843.26,1794.2,1802.41,1548961.021,2352507.454,5.555e-05
2026-06-03 20:00:00+00:00,1780527600000,1802.42,1851.58,1767.71,1812.46,1678408.375,2375568.047,7.651e-05
2026-06-04 00:00:00+00:00,1780542000000,1812.45,1819.9,1712.52,1808.5,2690276.653,2269146.563,6.883e-05
2026-06-04 04:00:00+00:00,1780556400000,1808.5,1817.3,1772.29,1776.45,1085594.733,2263650.905,4.482e-05
2026-06-04 08:00:00+00:00,1780570800000,1776.45,1782.63,1728.88,1750.67,1679186.257,2280939.465,2.036e-05
2026-06-04 12:00:00+00:00,1780585200000,1750.67,1793.66,1743.27,1775.9,1525964.135,2274200.909,3.946e-05
2026-06-04 16:00:00+00:00,1780599600000,1775.9,1787.38,1752.66,1776.24,804400.9029999999,2273734.476,5.739e-05
2026-06-04 20:00:00+00:00,1780614000000,1776.23,1782.29,1751.6,1769.86,618444.692,2257450.898,4.653e-05
2026-06-05 00:00:00+00:00,1780628400000,1769.85,1774.34,1721.26,1729.05,1080779.261,2275553.568,2.963e-05
2026-06-05 04:00:00+00:00,1780642800000,1729.05,1747.0,1622.31,1678.28,3696578.478,2255785.663,-3.169e-05
2026-06-05 08:00:00+00:00,1780657200000,1678.29,1689.23,1658.35,1662.39,1086223.6979999999,2289141.748,-3.721e-05
2026-06-05 12:00:00+00:00,1780668000000,1662.39,1677.0,1590.69,1599.0,2518888.666,2315739.53,-6.169e-05
