datetime,hmm_p_state_0,hmm_p_state_1,hmm_p_state_2,hmm_p_state_3,hmm_n_states,hmm_transition_prob,hmm_crisis_prob,vol_percentile,realized_vol,fwd_vol_ewma,trend_strength,hurst,changepoint_prob,run_length,cp_entropy,hilbert_period,hilbert_confidence,bid_ask_imbalance,depth_ratio,spread_bps,depth_decay_bid,depth_decay_ask,condition_scale
2025-01-01 00:00:00+00:00,0.5,0.5,0.0,0.0,2.0,0.5,0.0,,0.0,0.0,0.0,0.5,0.0,0.0,0.0,40.0,0.0,,,,,,0.0
2025-01-01 04:00:00+00:00,2.5998286894580293e-16,0.9999999998999998,0.0,0.0,2.0,0.8,0.0,,0.0,0.0025372466291884166,0.0,0.5,0.006666666666666668,1.0,0.04004863019043294,40.0,0.0,,,,,,0.0
2025-01-01 08:00:00+00:00,2.61137075770246e-06,0.9999973885292425,0.0,0.0,2.0,0.8,0.0,100.0,0.000571508023258555,0.0024961434709825426,0.0,0.5,0.004553852051079325,2.0,0.0580093423908857,40.0,0.0,,,,,,0.0
2025-01-01 12:00:00+00:00,2.5695420337229465e-06,0.9999974303579665,0.0,0.0,2.0,0.8,0.0,100.0,0.003328466535283618,0.002574853475311571,0.0,0.5,0.003650835990244703,3.0,0.06539233515673484,40.0,1.0,,,,,,0.0
2025-01-01 16:00:00+00:00,2.6131295938439e-06,0.9999973867704064,0.0,0.0,2.0,0.8,0.0,66.66666666666666,0.0028147851919451067,0.002514830433185912,0.0,0.5,0.0031258213758829125,4.0,0.06714992862446724,40.0,1.0,,,,,,0.0
2025-01-01 20:00:00+00:00,2.615936181630777e-06,0.9999973839638185,0.0,0.0,2.0,0.8,0.0,50.0,0.002463230509658047,0.0024488864922329154,0.14949374627754392,0.5,0.0027739767853746065,5.0,0.06589426924892941,40.0,1.0,,,,,,0.0
2025-01-02 00:00:00+00:00,0.999999999898106,1.8940763394544632e-12,0.0,0.0,2.0,1.0,0.0,100.0,0.004004237657894843,0.0031561546718780254,0.784810126582272,0.5,0.002517992766435523,6.0,0.06310353648733222,40.0,1.0,,,,,,0.0
2025-01-02 04:00:00+00:00,0.999999999899674,3.260230389054708e-13,0.0,0.0,2.0,1.0,0.0,100.0,0.004659744752406527,0.0038163256346088457,1.0,0.5,0.0023210072215644143,7.0,0.05962472423215932,40.0,1.0,,,,,,0.0
2025-01-02 08:00:00+00:00,0.9999999998829405,1.7059454236109286e-11,0.0,0.0,2.0,1.0,0.0,100.0,0.00605383730261774,0.005174725072091373,1.0,0.5,0.0021639557108127697,8.0,0.05595263593206448,40.0,0.9914302580179148,,,,,,0.0
2025-01-02 12:00:00+00:00,0.9999999998999554,4.465210304891096e-14,0.0,0.0,2.0,1.0,0.0,100.0,0.006064484915890274,0.005047340160249232,0.872124437167418,0.5,0.002034187896543706,9.0,0.05234494697058112,39.277213167527094,0.9784977161497517,,,,,,0.0
2025-01-02 16:00:00+00:00,0.9999999998997406,2.592425672964606e-13,0.0,0.0,2.0,1.0,0.0,77.77777777777779,0.005833719479356842,0.004893676839045437,0.861878453038674,0.5,0.0019252243231906345,10.0,0.04895484927907007,37.96944992071346,0.9680844365199337,,,,,,0.0
2025-01-02 20:00:00+00:00,0.9999999959078538,3.992146130744877e-09,0.0,0.0,2.0,1.0,0.0,70.0,0.0057632957013387205,0.0047741581991022726,0.6797884243718814,0.5,0.0018321435098080804,11.0,0.04584882127736084,36.32410321684928,0.9737482911245846,,,,,,0.0
2025-01-03 00:00:00+00:00,0.9999999997896141,1.1038599659015308e-10,0.0,0.0,2.0,1.0,0.0,63.63636363636363,0.005512229363254857,0.004741045503830246,0.6119329388560116,0.5,0.0017511322550185335,12.0,0.043043233449369486,35.68480657126603,0.9788096287508468,,,,,,0.0
2025-01-03 04:00:00+00:00,0.9999999998623468,3.765315517814964e-11,0.0,0.0,2.0,1.0,0.0,100.0,0.006462278728362695,0.005283792945599523,0.5668409260642288,0.5,0.0016809928855372666,13.0,0.04054398198003681,34.50753242927077,0.9682978079877287,,,,,,0.0
2025-01-03 08:00:00+00:00,0.9999999998985656,1.4344840322748762e-12,0.0,0.0,2.0,1.0,0.0,100.0,0.006527294602599173,0.005607576986267066,0.02158904109588811,0.5,0.0016173059692738774,14.0,0.03830824719836964,33.01924376038346,0.9611112146298375,,,,,,0.0
2025-01-03 12:00:00+00:00,0.9999999892133032,1.0686696738172843e-08,0.0,0.0,2.0,1.0,0.0,100.0,0.009204254417515486,0.008817184800594003,0.5357142857142841,0.5,0.0015642995319509123,15.0,0.036364505974645814,31.36874334806601,0.9561525887288812,,,,,,0.0
2025-01-03 16:00:00+00:00,0.999999999889766,1.023400282933191e-11,0.0,0.0,2.0,1.0,0.0,100.0,0.009383013304477092,0.009407040478241825,0.6947193347193344,0.5,0.0015105846812375956,16.0,0.03458873576230981,29.652681969925116,0.9526954571806237,,,,,,0.0
2025-01-03 20:00:00+00:00,0.9999999998212024,7.87975865426041e-11,0.0,0.0,2.0,1.0,0.0,93.75,0.00932551525110645,0.009169808272609053,0.5772852262311472,0.5,0.0014639655132822908,17.0,0.0330138810592754,27.93296966740714,0.9502658495323384,,,,,,0.0
2025-01-04 00:00:00+00:00,0.9999999987377566,1.1622434794972648e-09,0.0,0.0,2.0,1.0,0.0,88.23529411764706,0.009207333994609832,0.00892017716428104,0.768982757815057,0.5,0.0014215566999465795,18.0,0.031613411931519696,26.24842802338131,0.94854842074969,,,,,,0.0
2025-01-04 04:00:00+00:00,0.9999999998808251,1.9174963570218295e-11,0.0,0.0,2.0,1.0,0.0,77.77777777777779,0.009022245362816973,0.008653053660274298,0.6896533190002695,0.5,0.0013825644829325824,19.0,0.030361342609074058,24.622584791033585,0.9483038802004511,,,,,,0.0
2025-01-04 08:00:00+00:00,0.9999999962475066,3.6524933443220663e-09,0.0,0.0,2.0,1.0,0.0,73.68421052631578,0.008786878254311197,0.008407649010858474,0.3895115246352283,0.5,0.0013465924865457479,20.0,0.029237520151315477,23.12592960376349,0.9504015755032695,,,,,,0.0
2025-01-04 12:00:00+00:00,0.9999999998163231,8.367681496315215e-11,0.0,0.0,2.0,1.0,0.0,70.0,0.008576465739277998,0.008159414369051477,0.36598060089897816,0.5,0.0013134294576314018,21.0,0.028225984541259963,21.807655827451534,0.9542949576487668,,,,,,0.0
2025-01-04 16:00:00+00:00,0.9999999998999418,5.807411496425758e-14,0.0,0.0,2.0,1.0,0.0,66.66666666666666,0.008394764065240505,0.008068837041380037,0.42575406032482727,0.5,0.0012826138351503746,22.0,0.027311081209086582,20.67983744287002,0.9591429422295025,,,,,,0.0
2025-01-04 20:00:00+00:00,0.9999999988799642,1.0200358554256907e-09,0.0,0.0,2.0,1.0,0.0,63.63636363636363,0.008235472482053176,0.008017162526635582,0.8763040238450046,0.5,0.0012538701418310884,23.0,0.026479495119032682,19.734626980718467,0.9643910446595313,,,,,,0.0
2025-01-05 00:00:00+00:00,0.9999999981001053,1.7998946364897642e-09,0.0,0.0,2.0,1.0,0.0,65.21739130434783,0.008263992010362703,0.007881202191253201,0.5292117089760773,0.5,0.0012274664206778623,24.0,0.025724333977833407,18.9563480319283,0.9696913678166318,,,,,,0.0
2025-01-05 04:00:00+00:00,0.9999999998885656,1.1434352713855925e-11,0.0,0.0,2.0,1.0,0.0,58.333333333333336,0.008153570894560591,0.007652642609785229,0.3632521133764346,0.5,0.0012018271686214266,25.0,0.025025192604266458,18.326223462259364,0.9747783343184162,,,,,,0.0
2025-01-05 08:00:00+00:00,0.9999999726141896,2.728581041966559e-08,0.0,0.0,2.0,1.0,0.0,56.00000000000001,0.008144627929467378,0.007516777131925032,0.06582060658205979,0.5,0.0011783739757417514,26.0,0.02438582450365339,17.823919853009144,0.9794400462948128,,,,,,0.0
2025-01-05 12:00:00+00:00,0.9999999998994,5.998721077683465e-13,0.0,0.0,2.0,1.0,0.0,53.84615384615385,0.007991937227461873,0.007366652390582244,0.017096018735363497,0.5,0.0011555063251209945,27.0,0.02378910526319158,17.42892078410458,0.9835333139329754,,,,,,0.0
2025-01-05 16:00:00+00:00,0.999999978820032,2.1079968047847436e-08,0.0,0.0,2.0,1.0,0.0,51.85185185185185,0.007843301838109419,0.0071650329827722264,0.2813099277179484,0.5,0.0011343162129687121,28.0,0.0232378221160521,17.121566798319954,0.9870009079474973,,,,,,0.0
2025-01-05 20:00:00+00:00,0.9999999998816802,1.831984428513788e-11,0.0,0.0,2.0,1.0,0.0,50.0,0.007728226131955683,0.006948012025651579,0.03275759380583839,0.5,0.0011143547294234825,29.0,0.022725959372124318,16.884515368339983,0.9898729080467588,,,,,,0.0
2025-01-06 00:00:00+00:00,0.9999999998998761,1.238013692536265e-13,0.0,0.0,2.0,1.0,0.0,48.275862068965516,0.0076522009653557325,0.0070113702914048935,0.4588975516345188,0.5,0.0010954464716774117,30.0,0.022248823583426558,16.70351310878732,0.9922337494308552,,,,,,0.0
2025-01-06 04:00:00+00:00,0.9999999998999602,3.973027441868956e-14,0.0,0.0,2.0,1.0,0.0,46.666666666666664,0.007625522466835739,0.006867198682384014,0.5274237433767717,0.5,0.0010775539362660115,31.0,0.02180241816464337,16.567537262087672,0.9941823739809196,,,,,,0.0
2025-01-06 08:00:00+00:00,0.9999999823646505,1.753534952204879e-08,0.0,0.0,2.0,1.0,0.0,45.16129032258064,0.007506437483037331,0.006664299696854733,0.4335736354273966,0.5,0.0010599715153239667,32.0,0.0213784768399082,16.468196804568294,0.9957834820167557,,,,,,0.0
2025-01-06 12:00:00+00:00,0.9999999998998435,1.5652959100016844e-13,0.0,0.0,2.0,1.0,0.0,56.25,0.007748908959316283,0.007569008170628266,0.6974420097185285,0.5,0.0010450470827655957,33.0,0.020995312126432783,16.398192383574113,0.9970607663420439,,,,,,0.0
2025-01-06 16:00:00+00:00,0.9999999998999627,3.7305691022085663e-14,0.0,0.0,2.0,1.0,0.0,57.57575757575758,0.007830320329582696,0.007545555606839623,0.38546733517922543,0.5,0.0010288077702600676,34.0,0.020618475059108014,16.350805793116713,0.9980270549869436,,,,,,0.0
2025-01-06 20:00:00+00:00,0.9999999996628068,2.37193079560468e-10,0.0,0.0,2.0,1.0,0.0,52.94117647058824,0.007730740773371142,0.007315857351592155,0.20671663030073043,0.5,0.001013009537404641,35.0,0.020256668733216687,16.31970896257772,0.9987169622602708,,,,,,0.0
2025-01-07 00:00:00+00:00,0.9999999998998084,1.91514992405985e-13,0.0,0.0,2.0,1.0,0.0,45.714285714285715,0.007646333437851339,0.007098562009720047,0.3375394321766555,0.5,0.000998707054472099,36.0,0.01991951238534808,16.29992180807102,0.9992027551395928,,,,,,0.0
2025-01-07 04:00:00+00:00,0.9999999998998552,1.4485828475859915e-13,0.0,0.0,2.0,1.0,0.0,41.66666666666667,0.007617886949561755,0.006953443264832401,0.1220897217490078,0.5,0.0009852125234629918,37.0,0.019602254960171584,16.28821628623305,0.9995425247526352,,,,,,0.0
2025-01-07 08:00:00+00:00,0.9999999998492348,5.0765100334779256e-11,0.0,0.0,2.0,1.0,0.0,51.35135135135135,0.007690375409349542,0.0069993139179952415,1.0,0.5,0.0009725447838942603,38.0,0.019303556623793704,16.281938509307448,0.9997735809685855,,,,,,0.0
2025-01-07 12:00:00+00:00,0.9999999998955571,4.442884070083048e-12,0.0,0.0,2.0,1.0,0.0,100.0,0.011278529120092492,0.013994752845768359,1.0,0.5,0.0009842694815017541,39.0,0.019233020640495042,16.279455186301398,0.9999241026355465,,,,,,0.0
2025-01-07 16:00:00+00:00,0.999999999887889,1.2110925941478719e-11,0.0,0.0,2.0,1.0,0.0,100.0,0.011724608788413719,0.014640740574424813,1.0,0.5,0.0009524417370027406,40.0,0.018829421749608003,16.279455186301398,0.9999673290625317,,,,,,0.0
2025-01-07 20:00:00+00:00,0.9999999998997591,2.408761804214221e-13,0.0,0.0,2.0,1.0,0.0,97.5,0.01158015063816631,0.014199306785150623,1.0,0.5,0.0009357588361709652,41.0,0.018498914192549343,16.280432947506178,0.9998670708027934,,,,,,0.0
2025-01-08 00:00:00+00:00,0.9999999998995204,4.79565734784689e-13,0.0,0.0,2.0,1.0,0.0,95.1219512195122,0.0114771657031369,0.013843766776482774,1.0,0.5,0.0009247494221987819,42.0,0.01823456964114627,16.28428055506185,0.9997330218773401,,,,,,0.0
2025-01-08 04:00:00+00:00,0.9999999998999571,4.275703302985596e-14,0.0,0.0,2.0,1.0,0.0,92.85714285714286,0.011473803309166981,0.01342948394575508,1.0,0.5,0.0009134970528351871,43.0,0.01798568966540299,16.290956868474108,0.9994909526469232,,,,,,0.0
2025-01-08 08:00:00+00:00,0.9999999998720679,2.7932160287475937e-11,0.0,0.0,2.0,1.0,0.0,90.69767441860465,0.011472668674656824,0.013024880707345664,1.0,0.5,0.0009029277376239062,44.0,0.017750818829627656,16.304235758932244,0.9987284830072298,,,,,,0.0
2025-01-08 12:00:00+00:00,0.9999999998999496,5.037480525042917e-14,0.0,0.0,2.0,1.0,0.0,88.63636363636364,0.011459637987945253,0.012629415518536049,1.0,0.5,0.0008927165428377945,45.0,0.017526093163349864,16.340064450259945,0.9969956390963524,,,,,,0.0
2025-01-08 16:00:00+00:00,0.999999999850296,4.970410699544888e-11,0.0,0.0,2.0,1.0,0.0,100.0,0.011866542824885225,0.013195965213215715,1.0,0.5,0.0008868715045164391,46.0,0.017345661330465254,16.421660687446526,0.9938915147901178,,,,,,0.0
2025-01-08 20:00:00+00:00,0.9999999998983224,1.67758590426531e-12,0.0,0.0,2.0,1.0,0.0,100.0,0.012073042868503933,0.013239397267570199,0.2698791348600499,0.5,0.0008754983465071983,47.0,0.017128987768441593,16.581939807728393,0.9913861293345319,,,,,,0.0
2025-01-09 00:00:00+00:00,0.9999999975004406,2.3995595148633088e-09,0.0,0.0,2.0,1.0,0.0,97.87234042553192,0.011993904151942712,0.012836741880776006,0.24371962770776673,0.5,0.0008642058486585993,48.0,0.01690983082727666,16.771333755136432,0.9921216038412498,,,,,,0.0
2025-01-09 04:00:00+00:00,0.9999999998992712,7.288489143214846e-13,0.0,0.0,2.0,1.0,0.0,97.91666666666666,0.011994179921126316,0.012719387376771843,0.39647692914420835,0.5,0.000856394176628933,49.0,0.016723319812492605,16.903535213832633,0.993701295008051,,,,,,0.0
2025-01-09 08:00:00+00:00,0.9999999896542234,1.0245776475123342e-08,0.0,0.0,2.0,1.0,0.0,91.83673469387756,0.0117599978754954,0.012365060408618482,0.28212100611828594,0.5,0.0008467707383777203,50.0,0.016529808073424627,17.03210475384092,0.9909995047066273,,,,,,0.0
2025-01-09 12:00:00+00:00,0.9999999998942408,5.7592514036319e-12,0.0,0.0,2.0,1.0,0.0,92.0,0.01180476214527291,0.012065806635713192,0.34576151952163137,0.46239812769031857,0.0008385436933381519,51.0,0.016350258021771064,17.274125252212603,0.9848013938497637,,,,,,0.0
2025-01-09 16:00:00+00:00,0.9999999998870404,1.2959562778265086e-11,0.0,0.0,2.0,1.0,0.0,100.0,0.013139341552303077,0.015016234221480702,0.6827157294635907,0.46239812769031857,0.0008456943374705622,52.0,0.016310065553543737,17.670902343605498,0.980117425108817,,,,,,0.0
2025-01-09 20:00:00+00:00,0.9999999998988873,1.1125749616083987e-12,0.0,0.0,2.0,1.0,0.0,100.0,0.013222306172058178,0.01467950737465225,0.4883203559510578,0.46239812769031857,0.0008231743645923728,53.0,0.016039148204328692,18.134952756813153,0.9788161264237892,,,,,,0.0
2025-01-10 00:00:00+00:00,0.9999999998790507,2.09491753719597e-11,0.0,0.0,2.0,1.0,0.0,100.0,0.013331946431453981,0.014474226744488079,0.1632814315593755,0.46239812769031857,0.000816107175011924,54.0,0.015865580471177552,18.612115612594266,0.9774914111783477,,,,,,0.0
2025-01-10 04:00:00+00:00,0.9999999702060292,2.9693970883141344e-08,0.0,0.0,2.0,1.0,0.0,100.0,0.013429361697736895,0.01437431733798699,0.02330525799329389,0.46239812769031857,0.0008091118470254516,55.0,0.015709652310704175,19.161603879453484,0.974966098826828,,,,,,0.0
2025-01-10 08:00:00+00:00,0.9999999998970832,2.9167099213168147e-12,0.0,0.0,2.0,1.0,0.0,98.18181818181819,0.013360526328698061,0.01398129701133455,0.0375160635078564,0.5067797063246174,0.0008001774914322444,56.0,0.015542326672271895,19.787844654796345,0.9740419155096295,,,,,,0.0
2025-01-10 12:00:00+00:00,0.9999999995741,3.259000282382978e-10,0.0,0.0,2.0,1.0,0.0,91.07142857142857,0.012840604005751039,0.014426415573293544,0.27480371163454576,0.5067797063246174,0.0007972368032685673,57.0,0.015427230953399533,20.419914458950895,0.9740727688759508,,,,,,0.0
2025-01-10 16:00:00+00:00,0.9999999998337803,6.621968370982754e-11,0.0,0.0,2.0,1.0,0.0,89.47368421052632,0.012816708517668737,0.014482046543345466,0.36389905605856426,0.5067797063246174,0.0007888178028954328,58.0,0.015275666642192803,21.08524452074376,0.9748071151882247,,,,,,0.0
2025-01-10 20:00:00+00:00,0.9999999998999536,4.6300664481804645e-14,0.0,0.0,2.0,1.0,0.0,91.37931034482759,0.012852171752222972,0.014198843419454443,0.06200586743573065,0.5067797063246174,0.0007800499320790678,59.0,0.015116948382051167,21.720339763841423,0.9786174047871695,,,,,,0.0
2025-01-11 00:00:00+00:00,0.9999999998885181,1.1481837318792493e-11,0.0,0.0,2.0,1.0,0.0,91.52542372881356,0.012893686224437406,0.013945083482968107,0.3103411795821212,0.5067797063246174,0.000773556090447288,60.0,0.01497817403900676,22.21768456523043,0.9782237413808861,,,,,,0.0
2025-01-11 04:00:00+00:00,0.9999999998998679,1.3201531870727078e-13,0.0,0.0,2.0,1.0,0.0,91.66666666666666,0.012896127734927086,0.01352062941680625,0.4283432222729327,0.5067797063246174,0.0007663080976612317,61.0,0.014837650623585557,22.90379582939422,0.9650761193938491,,,,,,0.0
2025-01-11 08:00:00+00:00,0.9999999969529187,2.9470811966330028e-09,0.0,0.0,2.0,1.0,0.0,91.80327868852459,0.013062136097536143,0.013417915615187622,0.19690385659967322,0.5067797063246174,0.0007618106416638858,62.0,0.014722451557976213,24.165285093452944,0.9497292820233977,,,,,,0.0
2025-01-11 12:00:00+00:00,0.9999999998999931,6.859432495263628e-15,0.0,0.0,2.0,1.0,0.0,90.32258064516128,0.013050968103359569,0.013010642226477718,0.23775172828373942,0.5067797063246174,0.0007539806369101284,63.0,0.014583946527509137,25.886534522820526,0.9516706087325885,,,,,,0.0
2025-01-11 16:00:00+00:00,0.9999999998999987,1.3371862212667641e-15,0.0,0.0,2.0,1.0,0.0,88.88888888888889,0.012997504814287873,0.01262643119673518,0.15139997466109098,0.6039212642051303,0.0007481026985074164,64.0,0.014460214583941425,27.205018993210416,0.9745563701528414,,,,,,0.0
2025-01-11 20:00:00+00:00,0.9999999998059603,9.403956891497895e-11,0.0,0.0,2.0,1.0,0.0,87.5,0.012923524499275103,0.012246129406748525,0.8530505952381013,0.6039212642051303,0.0007422343627398229,65.0,0.014340112160257525,27.205018993210416,0.9932163444529236,,,,,,0.0
2025-01-12 00:00:00+00:00,0.9999999998999229,7.712013301348201e-14,0.0,0.0,2.0,1.0,0.0,87.6923076923077,0.012927840231586728,0.011875819787376419,0.9058528727403014,0.6039212642051303,0.0007365373814626677,66.0,0.014223465993156121,26.985513340264674,0.9800020104404109,,,,,,0.0
2025-01-12 04:00:00+00:00,0.9999999998921449,7.855135632165547e-12,0.0,0.0,2.0,1.0,0.0,87.87878787878788,0.012938805721320286,0.011606293272393684,0.18629550321199403,0.6039212642051303,0.0007313425006838848,67.0,0.01411296323766523,26.14168163646358,0.9738845121460615,,,,,,0.0
2025-01-12 08:00:00+00:00,0.9999999998145475,8.545258688608142e-11,0.0,0.0,2.0,1.0,0.0,86.56716417910447,0.012936297082914243,0.011301537964990437,0.37564181556788073,0.6039212642051303,0.0007257132015839674,68.0,0.014000955526466677,25.312940816473954,0.9744964676259381,,,,,,0.0
2025-01-12 12:00:00+00:00,0.9999999998998781,1.218682922582945e-13,0.0,0.0,2.0,1.0,0.0,89.70588235294117,0.013037306540879895,0.011226548305408424,0.09364005412720036,0.6039212642051303,0.0007215556789453556,69.0,0.013902736788732049,24.55939563950719,0.9772783479168853,,,,,,0.0
2025-01-12 16:00:00+00:00,0.9999999998970708,2.9291895900584116e-12,0.0,0.0,2.0,1.0,0.0,88.40579710144928,0.01301679930519714,0.01089164765287235,0.03636363636364012,0.6039212642051303,0.0007150597474756367,70.0,0.013787529174976571,23.94584191956251,0.980971458319132,,,,,,0.0
2025-01-12 20:00:00+00:00,0.9999999998778066,2.2193339297950258e-11,0.0,0.0,2.0,1.0,0.0,87.14285714285714,0.013015543468669323,0.010607515312112082,0.23080551951881445,0.6039212642051303,0.0007101274056506141,71.0,0.013684349649782455,23.443390486185645,0.9816225619148042,,,,,,0.0
2025-01-13 00:00:00+00:00,0.9999999998999998,3.182896315996087e-16,0.0,0.0,2.0,1.0,0.0,81.69014084507043,0.012930242306764341,0.010449281121188425,0.27388109552438333,0.6219828686972525,0.0007056157253477771,72.0,0.013587524630152512,22.891653095144044,0.977540240392077,,,,,,0.0
2025-01-13 04:00:00+00:00,0.9999999998999991,8.656865774494765e-16,0.0,0.0,2.0,1.0,0.0,87.5,0.013015778874097623,0.010591269250466235,0.4400274748862393,0.6219828686972525,0.0007019612640181832,73.0,0.013500125302829555,22.18975514197796,0.9728854730671812,,,,,,0.0
2025-01-13 08:00:00+00:00,0.9999999998999669,3.310393413187926e-14,0.0,0.0,2.0,1.0,0.0,100.0,0.01457331660059069,0.015234187013498384,1.0,0.6219828686972525,0.0007218945823461534,74.0,0.013618078241916872,21.419908615962196,0.972434939915023,,,,,,0.0
2025-01-13 12:00:00+00:00,0.9999999998999991,9.285910947536166e-16,0.0,0.0,2.0,1.0,0.0,98.64864864864865,0.0142164734538753,0.014789551294909204,1.0,0.6219828686972525,0.0006910765467825979,75.0,0.013332482563120444,20.742379076913547,0.9743661430466456,,,,,,0.0
2025-01-13 16:00:00+00:00,0.999999999899998,2.102814867268777e-15,0.0,0.0,2.0,1.0,0.0,98.66666666666667,0.014219001843163638,0.014462784332843873,1.0,0.6219828686972525,0.0006869578119996949,76.0,0.01321831863421095,20.1167554802348,0.9729154565012581,,,,,,0.0
2025-01-13 20:00:00+00:00,0.999999999899752,2.4792651285175027e-13,0.0,0.0,2.0,1.0,0.0,100.0,0.015562209844283878,0.01661976026726187,0.31881945709601006,0.6219828686972525,0.0007006841663494286,77.0,0.013280800718040131,19.41036882546475,0.9723625476169099,,,,,,0.0
2025-01-14 00:00:00+00:00,0.9999999998998046,1.9541033005773008e-13,0.0,0.0,2.0,1.0,0.0,100.0,0.015644126400341178,0.016199648150337677,0.1384724505916117,0.6219828686972525,0.0006785403122305819,78.0,0.013063052209577979,18.973608983482375,0.9865595003531955,,,,,,0.0
2025-01-14 04:00:00+00:00,0.999999999899055,9.450182049020025e-13,0.0,0.0,2.0,1.0,0.0,100.0,0.015688986512384744,0.015737420410230032,0.6335136944273968,0.6219828686972525,0.0006737434131470509,79.0,0.01295520622618149,18.973608983482375,0.9790491728804508,,,,,,0.0
2025-01-14 08:00:00+00:00,0.99999999989994,5.985764556964566e-14,0.0,0.0,2.0,1.0,0.0,100.0,0.01591126214795565,0.015657760587555834,0.7829816832830968,0.6162486137884141,0.0006721966830344768,80.0,0.01289005734717038,19.726417592636473,0.9594166417067754,,,,,,0.0
2025-01-14 12:00:00+00:00,0.9999999998999909,9.179667531807552e-15,0.0,0.0,2.0,1.0,0.0,91.25,0.014081013864067102,0.015245323022122602,0.8257359924026598,0.6162486137884141,0.0006654199273319121,81.0,0.01278714093193235,20.932209318140046,0.9592399697825278,,,,,,0.0
2025-01-14 16:00:00+00:00,0.9999999998999212,7.888548364979704e-14,0.0,0.0,2.0,1.0,0.0,90.12345679012346,0.013732171857232776,0.01482485836715624,0.6762526464361347,0.6162486137884141,0.0006613409602081859,82.0,0.012703136334233537,21.795488738935184,0.9803413428928871,,,,,,0.0
2025-01-14 20:00:00+00:00,0.9999999998999944,5.613270905869011e-15,0.0,0.0,2.0,1.0,0.0,90.2439024390244,0.013751339047616025,0.014398443203229515,0.6440694404034533,0.6162486137884141,0.0006571748962459235,83.0,0.0126215160225003,21.795488738935184,0.9917892356761806,,,,,,0.0
2025-01-15 00:00:00+00:00,0.999999999884865,1.5134994580757405e-11,0.0,0.0,2.0,1.0,0.0,90.36144578313254,0.013760800572238045,0.014012377237845576,0.6547507055503301,0.6162486137884141,0.0006534155060638816,84.0,0.01254449199439164,21.454502656085264,0.9886329989235078,,,,,,0.0
2025-01-15 04:00:00+00:00,0.9999999996298639,2.7013615538181436e-10,0.0,0.0,2.0,1.0,0.0,90.47619047619048,0.01376290931104495,0.013601422547116724,0.2180451127819623,0.6162486137884141,0.0006492163504347229,85.0,0.012464975279188769,21.276177066210057,0.995037347356001,,,,,,0.0
2025-01-15 08:00:00+00:00,0.999999999899853,1.4692551606911483e-13,0.0,0.0,2.0,1.0,0.0,90.58823529411765,0.013838319384551928,0.013423213945340635,0.006331382152672354,0.6162486137884141,0.0006466538730744738,86.0,0.012399803221527568,21.20260428214023,0.9924883857648119,,,,,,0.0
2025-01-15 12:00:00+00:00,0.9999999998935629,6.437087819294002e-12,0.0,0.0,2.0,1.0,0.0,95.34883720930233,0.015300761843595549,0.01646976872090794,0.5909113264151882,0.6162486137884141,0.0006660772489219385,87.0,0.012525860393814241,20.908790679056366,0.9834414083277015,,,,,,0.0
2025-01-15 16:00:00+00:00,0.9999999998983977,1.6023026617435404e-12,0.0,0.0,2.0,1.0,0.0,96.55172413793103,0.015643320322267174,0.017557152218098858,0.7160607612220535,0.604555567606148,0.0006506972421682199,88.0,0.01238254956537973,20.369800708300815,0.9758044888262967,,,,,,0.0
2025-01-15 20:00:00+00:00,0.9999999998999187,8.129988890399162e-14,0.0,0.0,2.0,1.0,0.0,94.31818181818183,0.015523311454864033,0.017060525524025757,0.7160995255810797,0.604555567606148,0.0006350124509674534,89.0,0.012200006242837312,19.706154894477464,0.9733155113374412,,,,,,0.0
2025-01-16 00:00:00+00:00,0.9999999998982898,1.710191205230008e-12,0.0,0.0,2.0,1.0,0.0,100.0,0.016057570735366764,0.017702628936914662,0.3516129032258053,0.604555567606148,0.0006407651036970082,90.0,0.012194622298432885,19.081091669032684,0.9768338911222734,,,,,,0.0
2025-01-16 04:00:00+00:00,0.9999999997859321,1.1406786520275961e-10,0.0,0.0,2.0,1.0,0.0,98.88888888888889,0.015985761761057312,0.017226682649972527,0.511991541928662,0.604555567606148,0.0006283029697251715,91.0,0.012057512973857468,18.62457625516662,0.9851451718370658,,,,,,0.0
2025-01-16 08:00:00+00:00,0.9999999998995448,4.552550717731189e-13,0.0,0.0,2.0,1.0,0.0,98.9010989010989,0.016057546135789195,0.016870243976629003,0.0652325852294794,0.604555567606148,0.000625716800355819,92.0,0.011988449478125522,18.562305780543902,0.9952726205737858,,,,,,0.0
2025-01-16 12:00:00+00:00,0.9999999997466389,1.5336111065706444e-10,0.0,0.0,2.0,1.0,0.0,100.0,0.016059113248105945,0.01640800100211509,0.5832187070151303,0.604555567606148,0.0006213873760213501,93.0,0.011913352560830256,18.562305780543902,0.984279650603746,,,,,,0.0
2025-01-16 16:00:00+00:00,0.9999999998994018,5.98197068813128e-13,0.0,0.0,2.0,1.0,0.0,88.17204301075269,0.014863919208222626,0.01592997810330043,0.6268551236749096,0.604555567606148,0.0006178350330238254,94.0,0.011844905786997916,19.099198697051378,0.969885494325154,,,,,,0.0
2025-01-16 20:00:00+00:00,0.9999999998874556,1.2544428216635418e-11,0.0,0.0,2.0,1.0,0.0,88.29787234042553,0.014940439224918082,0.015675982943617366,0.4654066824164669,0.604555567606148,0.0006161040120180359,95.0,0.01179332104466782,19.966392098110592,0.9633361741654247,,,,,,0.0
2025-01-17 00:00:00+00:00,0.9999999996127025,2.872974872243402e-10,0.0,0.0,2.0,1.0,0.0,88.42105263157895,0.015046433705228473,0.015690589969828046,0.14822160518312866,0.6732657180355349,0.0006149251126285079,96.0,0.011749442386322128,20.893799624268986,0.9695021410609312,,,,,,0.0
2025-01-17 04:00:00+00:00,0.9999999998905398,9.460112125169216e-12,0.0,0.0,2.0,1.0,0.0,86.45833333333334,0.014934351670845319,0.015235041039081316,0.1662947287418244,0.6732657180355349,0.0006082104112515657,97.0,0.011659736324539675,21.508974055604458,0.9815114744315772,,,,,,0.0
2025-01-17 08:00:00+00:00,0.9999999998998756,1.243094573791425e-13,0.0,0.0,2.0,1.0,0.0,88.65979381443299,0.015087432339591504,0.015217564460697754,0.5529917152500766,0.6732657180355349,0.0006081666349874237,98.0,0.01162171076920638,21.850839176545765,0.9885382813673491,,,,,,0.0
2025-01-17 12:00:00+00:00,0.9999999998997557,2.4420797001014844e-13,0.0,0.0,2.0,1.0,0.0,83.6734693877551,0.014722135988460233,0.014754460607601586,0.502936186871981,0.6732657180355349,0.000601883589298583,99.0,0.011537062431769995,22.120341221616986,0.991011358625013,,,,,,0.0
2025-01-17 16:00:00+00:00,0.9999999997949713,1.0502875318972984e-10,0.0,0.0,2.0,1.0,0.0,81.81818181818183,0.014557274800929595,0.014325348336451799,0.9738080301129223,0.8066006893698734,0.0005989687521135964,100.0,0.011475892872923808,22.300889256337662,0.9957474233529552,,,,,,0.0
2025-01-17 20:00:00+00:00,0.9999999998999323,6.780665546267898e-14,0.0,0.0,2.0,1.0,0.0,82.0,0.014572706203851041,0.014194218450738911,0.971137227791219,0.6257766792205337,0.0005979000551917672,101.0,0.011433757775061124,22.300889256337662,0.9916742958859707,,,,,,0.0
2025-01-18 00:00:00+00:00,0.9999999981096521,1.7903479657644324e-09,0.0,0.0,2.0,1.0,0.0,89.10891089108911,0.015101734853492805,0.015178387912242783,0.058932714617168445,0.5592713664859892,0.0006034793048507473,102.0,0.011451151401484286,21.928033687614317,0.981518764133458,,,,,,0.0
2025-01-18 04:00:00+00:00,0.999999999899976,2.3908878883326894e-14,0.0,0.0,2.0,1.0,0.0,95.09803921568627,0.015793320453481693,0.016330338055510672,0.5663897816921983,0.5944682045701063,0.0006028555675408309,103.0,0.0114242003792627,21.32103062339818,0.9748675520767845,,,,,,0.0
2025-01-18 08:00:00+00:00,0.9999999998999818,1.831581383033877e-14,0.0,0.0,2.0,1.0,0.0,94.1747572815534,0.015731142557793166,0.01593384751403621,0.41943363102053316,0.6276783663884656,0.0005882586047029049,104.0,0.01127295127403963,20.618592486511723,0.9721514879477061,,,,,,0.0
2025-01-18 12:00:00+00:00,0.9999999998590019,4.099817535337449e-11,0.0,0.0,2.0,1.0,0.0,94.23076923076923,0.015732344319882876,0.015452111214548292,0.48899917933487025,0.7398991800208059,0.0005846169913821582,105.0,0.01119967350200302,19.914576829184146,0.9712356390991004,,,,,,0.0
2025-01-18 16:00:00+00:00,0.9999999998986864,1.313570754692432e-12,0.0,0.0,2.0,1.0,0.0,94.28571428571428,0.0157507050004372,0.015033883097047916,0.7916468708158777,0.6967890549644703,0.0005821933579168371,106.0,0.011146011204333528,19.215341535708347,0.9696377243363273,,,,,,0.0
2025-01-18 20:00:00+00:00,0.9999999998999962,3.71051808028464e-15,0.0,0.0,2.0,1.0,0.0,94.33962264150944,0.015770575530855632,0.014634458620461926,0.47690379191476334,0.7306015440192,0.0005795476865352251,107.0,0.011093552025465189,18.48633338323045,0.9669805303196044,,,,,,0.0
2025-01-19 00:00:00+00:00,0.9999999992451833,6.548166364422504e-10,0.0,0.0,2.0,1.0,0.0,95.32710280373831,0.015822546370404447,0.014340938387871633,0.5308398950131253,0.7953789633783948,0.0005775331102720918,108.0,0.011047148662791216,17.72126826403141,0.9661229889937035,,,,,,0.0
2025-01-19 04:00:00+00:00,0.9999999998999312,6.878106289267856e-14,0.0,0.0,2.0,1.0,0.0,97.22222222222221,0.016051012539892398,0.014596546734938112,0.27911362564827946,0.6741103054980798,0.000578793085890197,109.0,0.011029707264550832,17.01456918281555,0.9717119590322982,,,,,,0.0
2025-01-19 08:00:00+00:00,0.9999999995414812,3.585187028028398e-10,0.0,0.0,2.0,1.0,0.0,100.0,0.017138748542443332,0.017077147655707635,0.6301402999516209,0.6178668653194266,0.0005949197760555242,110.0,0.011143165701395204,16.54475863719136,0.9816161169013091,,,,,,0.0
2025-01-19 12:00:00+00:00,0.9999999998826237,1.7376427448683093e-11,0.0,0.0,2.0,1.0,0.0,100.0,0.02041104258393599,0.024128579789250478,0.20332824493130608,0.5491006250025571,0.0006557743602929155,111.0,0.011653367364608352,16.275549058514326,0.9851287468802261,,,,,,0.0
2025-01-19 16:00:00+00:00,0.9999999386500475,6.124995249251212e-08,0.0,0.0,2.0,1.0,0.0,100.0,0.020464515654655645,0.023538145180537817,0.2339149851141256,0.5559149673763089,0.0005687323276526659,112.0,0.01095870912105925,15.953324717925385,0.9818116866145843,,,,,,0.0
2025-01-19 20:00:00+00:00,0.9999999998949907,5.009379949988348e-12,0.0,0.0,2.0,1.0,0.0,100.0,0.02265201651946413,0.027416619940151717,0.18273812224894484,0.5128968960610175,0.0006283160423542884,113.0,0.011364433886280306,15.566724928215319,0.9812849398235676,,,,,,0.0
2025-01-20 00:00:00+00:00,0.999999999886414,1.3585933950490115e-11,0.0,0.0,2.0,1.0,0.0,100.0,0.022790745362294095,0.026930651120253474,0.005528554070473682,0.510115400205469,0.0005676375450178889,114.0,0.010876851546804425,15.239626568908387,0.9871778253151791,,,,,,0.0
2025-01-20 04:00:00+00:00,0.9999999998982232,1.7768650852101517e-12,0.0,0.0,2.0,1.0,0.0,100.0,0.02326830895977611,0.02738024351288078,0.3622213264704969,0.6703383532322856,0.0005784495894863036,115.0,0.010893247734021854,15.132980193155117,0.9960312896574034,,,,,,0.0
2025-01-20 08:00:00+00:00,0.9999999998965667,3.4331698686140622e-12,0.0,0.0,2.0,1.0,0.0,97.3913043478261,0.022048498004632475,0.026551936305454875,0.019082419813235368,0.7361406650235373,0.0005578795120303616,116.0,0.010697986711720115,15.132980193155117,0.998798085115132,,,,,,0.0
2025-01-20 12:00:00+00:00,0.9999999998746973,2.5302626552458334e-11,0.0,0.0,2.0,1.0,0.0,97.41379310344827,0.022142411614828193,0.025905973014086824,0.19871172472588702,0.540445946752629,0.0005576410634092354,117.0,0.010652920113964124,15.132980193155117,0.998615959767679,,,,,,0.0
2025-01-20 16:00:00+00:00,0.9999999998993989,6.01127488188788e-13,0.0,0.0,2.0,1.0,0.0,96.58119658119658,0.02208751321267863,0.025122020350152076,0.5759906968422926,0.5462169770761142,0.0005531093073444758,118.0,0.010588386542213944,15.13310060722897,0.9986145278424853,,,,,,0.0
2025-01-20 20:00:00+00:00,0.9999999998999971,2.866030529198032e-15,0.0,0.0,2.0,1.0,0.0,94.91525423728814,0.02163447799705211,0.024753825634279414,0.05228237791931933,0.6540933775911968,0.0005559199994992078,119.0,0.010584935442589784,15.13310060722897,0.9980515379854491,,,,,,0.0
2025-01-21 00:00:00+00:00,0.9999999998999429,5.700118785152363e-14,0.0,0.0,2.0,1.0,0.0,94.9579831932773,0.021645368997475167,0.024050991023803616,0.8963730569948186,0.6574036833994702,0.000549059276928335,120.0,0.010506536482945132,15.13310060722897,0.9936841860266854,,,,,,0.0
2025-01-21 04:00:00+00:00,0.9999999998999984,1.4598147685941107e-15,0.0,0.0,2.0,1.0,0.0,94.16666666666667,0.021644889104416313,0.023326488574538236,0.8968008255933951,0.6599149351746899,0.0005462417458328673,121.0,0.010454351969089117,14.948485067522217,0.9845893464848725,,,,,,0.0
2025-01-21 08:00:00+00:00,0.9999999998999483,5.1649590630882766e-14,0.0,0.0,2.0,1.0,0.0,95.0413223140496,0.021661100376519773,0.022926847934962125,0.2155844155844164,0.6549227995897788,0.000547880929869253,122.0,0.010443285308083304,14.60640586922144,0.9810424118267458,,,,,,0.0
2025-01-21 12:00:00+00:00,0.9999999998999751,2.482189484773267e-14,0.0,0.0,2.0,1.0,0.0,94.26229508196722,0.021646096522167656,0.022241401019184665,0.3262003477330484,0.6964347162977234,0.0005418598241353749,123.0,0.010371874761644773,14.27013429410149,0.981402930809043,,,,,,0.0
2025-01-21 16:00:00+00:00,0.9999999998999984,1.6521562390402406e-15,0.0,0.0,2.0,1.0,0.0,95.1219512195122,0.021700414724203566,0.02174221096880898,0.3810047095761417,0.6960463184129098,0.0005416848792628592,124.0,0.010343895303176578,13.95614263788718,0.9819948201521854,,,,,,0.0
2025-01-21 20:00:00+00:00,0.9999999998995379,4.621533546103568e-13,0.0,0.0,2.0,1.0,0.0,94.35483870967742,0.021699415532487783,0.021083091125570157,0.5786451323463474,0.6013214787312744,0.0005373987274090904,125.0,0.010285721573774977,13.654479412697087,0.983561766565669,,,,,,0.0
2025-01-22 00:00:00+00:00,0.9997769657216986,0.0002230341783236723,0.0,0.0,2.0,1.0,0.0,93.60000000000001,0.02168936906939028,0.02044268788241299,0.7147396952986287,0.5870022173353816,0.0009915606085083635,125.0,0.6132698147153182,13.406493674774044,0.9874679764061045,,,,,,0.0
2025-01-22 04:00:00+00:00,0.9999999998998952,1.0484732429511856e-13,0.0,0.0,2.0,1.0,0.0,95.23809523809523,0.021788893841805924,0.02008080397503589,0.1745683201916344,0.6107833449433251,0.0009652547684330791,125.0,0.8007038481173713,13.245094376193155,0.9903883625607892,,,,,,0.0
2025-01-22 08:00:00+00:00,0.9999999998998366,1.6350955085196677e-13,0.0,0.0,2.0,1.0,0.0,95.2755905511811,0.02179031785914847,0.019678302333417146,0.24405039664022496,0.6585332913691677,0.0009422154750129871,125.0,0.9307056350084981,13.094634471719022,0.9890396333321175,,,,,,0.0
2025-01-22 12:00:00+00:00,0.9999999998970781,2.9219874116184237e-12,0.0,0.0,2.0,1.0,0.0,87.5,0.020959195623757726,0.019409043678526697,0.3902474108170282,0.6999482464894349,0.0009252554587722275,125.0,1.0333630679949257,12.895121720561148,0.9872802267180271,,,,,,0.0
2025-01-22 16:00:00+00:00,0.9999999998997047,2.953993214559496e-13,0.0,0.0,2.0,1.0,0.0,86.04651162790698,0.020416623299169292,0.01885576440303552,0.43476231748782906,0.6446155678615635,0.0009053857220207187,125.0,1.117887050591034,12.692893022099945,0.9883332230333001,,,,,,0.0
2025-01-22 20:00:00+00:00,0.99999999948386,4.161399316578837e-10,0.0,0.0,2.0,1.0,0.0,84.61538461538461,0.020407929227274503,0.018340320492228997,0.5338481959695903,0.7417844867543935,0.0008898871251122353,125.0,1.1899851236655798,12.532803145175345,0.9904796171572848,,,,,,0.0
2025-01-23 00:00:00+00:00,0.9999999998926479,7.352123884615194e-12,0.0,0.0,2.0,1.0,0.0,83.96946564885496,0.02005387886084526,0.017822900640101412,0.44083375551856463,0.6926811105298586,0.0008754415917458864,125.0,1.2533620502513332,12.400860045438964,0.9910986294337689,,,,,,0.0
2025-01-23 04:00:00+00:00,0.9999999998974389,2.561033211768966e-12,0.0,0.0,2.0,1.0,0.0,83.33333333333334,0.020028733116699095,0.01728609739128505,0.8848702897178501,0.5868961802328176,0.0008617527584099393,125.0,1.3076682944681122,12.262489264083547,0.9901140777997459,,,,,,0.0
2025-01-23 08:00:00+00:00,0.9999999781259623,2.177403757312846e-08,0.0,0.0,2.0,1.0,0.0,82.70676691729322,0.01999785520768685,0.01682344935637046,0.841769681197129,0.5190065842763975,0.0008512471985884882,125.0,1.360900155637925,12.104298827286566,0.9882978803062511,,,,,,0.0
2025-01-23 12:00:00+00:00,0.9999999998997677,2.3214992130952394e-13,0.0,0.0,2.0,1.0,0.0,84.32835820895522,0.020120055016646078,0.016673976429515663,0.028239046814899978,0.5894514437866296,0.0008451563294491799,125.0,1.4117586730033136,11.916243368687532,0.985873456051005,,,,,,0.0
2025-01-23 16:00:00+00:00,0.9999999998998852,1.1486340859307855e-13,0.0,0.0,2.0,1.0,0.0,84.44444444444444,0.020269073174494695,0.01669550590980024,0.27107670654468513,0.6362287655725305,0.0008379331127481681,125.0,1.4603579636983286,11.69287529383847,0.9853562573928818,,,,,,0.0
2025-01-23 20:00:00+00:00,0.9999999998999878,1.2133902870707165e-14,0.0,0.0,2.0,1.0,0.0,88.23529411764706,0.021215941964961547,0.01906197860163673,0.4295366424814773,0.6912070507333785,0.0008597926352755657,125.0,1.5157793938819202,11.4967929513377,0.9893974973591364,,,,,,0.0
2025-01-24 00:00:00+00:00,0.9999999998935938,6.406303728670514e-12,0.0,0.0,2.0,1.0,0.0,87.59124087591242,0.02113725971358585,0.018678421220802436,0.2374866879659195,0.6569162970786986,0.0008280163508532606,125.0,1.558052968945759,11.438768607277332,0.9964866336886187,,,,,,0.0
2025-01-24 04:00:00+00:00,0.999999999899748,2.51958256683431e-13,0.0,0.0,2.0,1.0,0.0,88.40579710144928,0.02145817389478439,0.019021730854556846,0.47777556308550845,0.6105294383409237,0.0008277196083540468,125.0,1.6007153743499158,11.438768607277332,0.9921395142582335,,,,,,0.0
2025-01-24 08:00:00+00:00,0.9999999997708329,1.2916709331912351e-10,0.0,0.0,2.0,1.0,0.0,87.76978417266187,0.021346681644675167,0.018488577450688517,0.43321589715062636,0.6006222480608313,0.0008089212785348875,125.0,1.6279018655237092,11.60711712029838,0.9842358821501269,,,,,,0.0
2025-01-24 12:00:00+00:00,0.999999999893125,6.874851557144908e-12,0.0,0.0,2.0,1.0,0.0,87.85714285714286,0.02135831970665581,0.017962849121872255,0.6294006043145234,0.5936033504713709,0.0008007172428283645,125.0,1.6614909786592718,11.883976719395758,0.9786863503339637,,,,,,0.0
2025-01-24 16:00:00+00:00,0.9999999998982507,1.749375644101197e-12,0.0,0.0,2.0,1.0,0.0,87.94326241134752,0.021361493096571246,0.017451319128808145,0.17736578295790728,0.5637263473124848,0.000793810679813617,125.0,1.6965241769915809,12.227517695217248,0.9785747880403278,,,,,,0.0
2025-01-24 20:00:00+00:00,0.9999999998999609,3.918179027397191e-14,0.0,0.0,2.0,1.0,0.0,88.02816901408451,0.021429031984397346,0.017458173139106612,0.03956489282286485,0.5943842135917344,0.000792226111245367,125.0,1.7319932534673317,12.524300287939282,0.9811137626106872,,,,,,0.0
2025-01-25 00:00:00+00:00,0.9999999998903772,9.622725931432828e-12,0.0,0.0,2.0,1.0,0.0,83.91608391608392,0.021068266759184873,0.016940525879799495,0.5324144971924447,0.6020331216195572,0.0007820909570558623,125.0,1.7651537633213825,12.806629427541516,0.9759432577225005,,,,,,0.0
2025-01-25 04:00:00+00:00,0.9999999998999671,3.278434643789547e-14,0.0,0.0,2.0,1.0,0.0,82.63888888888889,0.02062750844585273,0.016557172581243024,0.8530471565094764,0.48933462975895653,0.0007768320544798978,125.0,1.7976768232317542,13.274964071174029,0.9699785634664599,,,,,,0.0
2025-01-25 08:00:00+00:00,0.9999999998988598,1.140305168954781e-12,0.0,0.0,2.0,1.0,0.0,82.06896551724138,0.020609304174496454,0.01609518731166189,0.6057178762174055,0.5961843652405681,0.0007705170694688111,125.0,1.829247645148984,13.78354334079392,0.9740615478993988,,,,,,0.0
2025-01-25 12:00:00+00:00,0.9999999998999787,2.1233961593849998e-14,0.0,0.0,2.0,1.0,0.0,82.87671232876713,0.02064749429448261,0.01573504333211635,0.24677002583979457,0.6040193562161617,0.000765617423934061,125.0,1.8597890423338226,14.143324333537185,0.9824515974209795,,,,,,0.0
2025-01-25 16:00:00+00:00,0.9999999998999913,8.712095914488909e-15,0.0,0.0,2.0,1.0,0.0,82.31292517006803,0.020631558905091017,0.015261737197599755,0.34781603882597734,0.7066696933479123,0.0007590131814874708,125.0,1.8893112080537777,14.386031778700989,0.9877931377242539,,,,,,0.0
2025-01-25 20:00:00+00:00,0.999999999899996,4.0080621036590756e-15,0.0,0.0,2.0,1.0,0.0,82.43243243243244,0.020640805838717018,0.014875851583655984,0.0009186485658890081,0.6035227530127877,0.0007541790170480572,125.0,1.9189793727300613,14.571639148960788,0.9886972450336137,,,,,,0.0
2025-01-26 00:00:00+00:00,0.9999999998997848,2.1524669588312838e-13,0.0,0.0,2.0,1.0,0.0,80.53691275167785,0.02061857297524465,0.014494362124481614,0.5339827566901788,0.4962143129225461,0.0007493967692573508,125.0,1.9486703536459284,14.789332801168774,0.9868463779257014,,,,,,0.0
2025-01-26 04:00:00+00:00,0.9999999997877009,1.1229899588465072e-10,0.0,0.0,2.0,1.0,0.0,78.66666666666666,0.02041801718202964,0.014052805942523517,0.4348180336773498,0.5947500403611852,0.000743872713501673,125.0,1.9775441296766185,15.04799949866751,0.9881420698400778,,,,,,0.0
2025-01-26 08:00:00+00:00,0.999999999898048,1.952091327021852e-12,0.0,0.0,2.0,1.0,0.0,72.84768211920529,0.019497333646630106,0.013769961683372611,0.30569948186528534,0.7373846326235667,0.000740001537108455,125.0,2.0064170681446796,15.222916493439815,0.9943246514559947,,,,,,0.0
2025-01-26 12:00:00+00:00,0.9999999998999121,8.781924606187991e-14,0.0,0.0,2.0,1.0,0.0,69.07894736842105,0.016003957670881107,0.013352518572251231,0.3554140127388461,0.6800075867093308,0.0007345944230412225,125.0,2.0349554579651428,15.222916493439815,0.9975744907972074,,,,,,0.0
2025-01-26 16:00:00+00:00,0.9999999998855569,1.4443047636069696e-11,0.0,0.0,2.0,1.0,0.0,67.97385620915033,0.015954205584684487,0.013064890528153173,0.2657987523732056,0.6344265911693255,0.0007310063632146112,125.0,2.063589449989239,15.152983412835411,0.9949114597955127,,,,,,0.0
2025-01-26 20:00:00+00:00,0.9999999998999836,1.638586844478361e-14,0.0,0.0,2.0,1.0,0.0,47.4025974025974,0.0136718420669913,0.01497227178959913,0.6636267758545763,0.5822121735715934,0.0007424137551522491,125.0,2.0949655683885258,15.049013750034991,0.9940880424032924,,,,,,0.0
2025-01-27 00:00:00+00:00,0.9999999998999967,3.2795720624438183e-15,0.0,0.0,2.0,1.0,0.0,47.096774193548384,0.013581166945519738,0.01497950817534953,0.7417076313654339,0.5870101682866172,0.0007273225285264986,125.0,2.123856496919689,14.935176563740598,0.9929484941857403,,,,,,0.0
2025-01-27 04:00:00+00:00,0.9999999998999951,4.92712629441838e-15,0.0,0.0,2.0,1.0,0.0,46.794871794871796,0.01355120469974834,0.017009804774090306,0.816815597075546,0.6029538977072068,0.000740022847289401,125.0,2.155664080260675,14.791780232728922,0.9913383463490345,,,,,,0.0
2025-01-27 08:00:00+00:00,0.9999999998992357,7.643518374946118e-13,0.0,0.0,2.0,1.0,0.0,47.13375796178344,0.013553129117289604,0.01651790722166552,0.8427269437041419,0.5046884260966839,0.0007187953361617336,125.0,2.1812430250939476,14.621904872379197,0.9903193206381233,,,,,,0.0
2025-01-27 12:00:00+00:00,0.9999999998999862,1.3859470835214244e-14,0.0,0.0,2.0,1.0,0.0,51.89873417721519,0.014064403420146561,0.017067530409017,0.5794579655376637,0.5916408848754603,0.0007251023835959764,125.0,2.212404999228722,14.445132413437113,0.9909125663854463,,,,,,0.0
2025-01-27 16:00:00+00:00,0.9999999998999887,1.139353782754999e-14,0.0,0.0,2.0,1.0,0.0,54.088050314465406,0.014290819522746223,0.017151600807105916,0.5106648290345869,0.7174004270367931,0.0007165115596160004,125.0,2.2426730527113294,14.300663617191484,0.9930749901223721,,,,,,0.0
2025-01-27 20:00:00+00:00,0.9999999998718976,2.8102484619851344e-11,0.0,0.0,2.0,1.0,0.0,60.0,0.01509466882485318,0.018589986238435118,0.003089996137505785,0.7822764053202836,0.0007280535937923192,125.0,2.2754893402340146,14.300663617191484,0.9958228641912666,,,,,,0.0
2025-01-28 00:00:00+00:00,0.9999999998999345,6.54044872413879e-14,0.0,0.0,2.0,1.0,0.0,60.86956521739131,0.015107208437734812,0.018092083249514775,0.4902207734479178,0.7328712078362348,0.0007069782019818004,125.0,2.303046453037652,14.34707142087873,0.9784555562639918,,,,,,0.0
2025-01-28 04:00:00+00:00,0.9999999998999982,1.7679323949430792e-15,0.0,0.0,2.0,1.0,0.0,60.49382716049383,0.015106046256236233,0.017548770347492332,0.5171971639764678,0.6622653954530116,0.000700761264295564,125.0,2.325005041950807,14.926080419811974,0.9609418225138264,,,,,,0.0
2025-01-28 08:00:00+00:00,0.9999999998999893,1.0564899930290467e-14,0.0,0.0,2.0,1.0,0.0,56.44171779141104,0.014901713981612932,0.01702950097224379,0.26583670816459304,0.6781503676527613,0.0006943719328498908,125.0,2.3341641539607805,15.77521278649899,0.9619231937536123,,,,,,0.0
2025-01-28 12:00:00+00:00,0.9999999998999798,2.0140149153676527e-14,0.0,0.0,2.0,1.0,0.0,56.09756097560976,0.014898021105833287,0.01651530585784847,0.711716584409441,0.683199728710401,0.0006913872407946957,125.0,2.3652854463577966,16.383289487646387,0.9743530178524457,,,,,,0.0
2025-01-28 16:00:00+00:00,0.9999999998475821,5.2417858656994066e-11,0.0,0.0,2.0,1.0,0.0,55.15151515151515,0.014845329444333779,0.016222185534975946,0.45676392572943986,0.607509104652365,0.0006897213190177559,125.0,2.3951407791020527,16.79395425582285,0.9840487341251973,,,,,,0.0
2025-01-28 20:00:00+00:00,0.9999999988991055,1.0008945532330957e-09,0.0,0.0,2.0,1.0,0.0,62.048192771084345,0.015205834453938421,0.016681089053555014,1.0,0.6897564661670902,0.0006925041132547081,125.0,2.424816724908822,17.029306140713476,0.9900298188820648,,,,,,0.0
2025-01-29 00:00:00+00:00,0.9999999998946059,5.394022657877544e-12,0.0,0.0,2.0,1.0,0.0,62.874251497005986,0.015480617409665325,0.016708263918063106,0.3813736903376024,0.6995248293042521,0.000687556189260643,125.0,2.4545907190702505,17.208095536537368,0.9894437039189964,,,,,,0.0
2025-01-29 04:00:00+00:00,0.9999999996373685,2.626314640133234e-10,0.0,0.0,2.0,1.0,0.0,62.5,0.015441906603133451,0.01633083331024946,0.15651299423066845,0.7476973090414323,0.0006809661290993579,125.0,2.483852461682813,17.472266583219245,0.9887858206463487,,,,,,0.0
2025-01-29 08:00:00+00:00,0.9999999989661696,9.33830428768983e-10,0.0,0.0,2.0,1.0,0.0,62.1301775147929,0.015337226972749285,0.015925882095952828,0.2259568680784926,0.7003152703770049,0.0006770120389109947,125.0,2.5126600182358367,17.657930065021215,0.9946017346708169,,,,,,0.0
2025-01-29 12:00:00+00:00,0.9999999994871795,4.128204626634744e-10,0.0,0.0,2.0,1.0,0.0,61.1764705882353,0.015270942543561856,0.015669434729228476,0.22723305208030342,0.6299081036524771,0.0006745344407857476,125.0,2.540220337964989,17.657930065021215,0.9930913437462213,,,,,,0.0
2025-01-29 16:00:00+00:00,0.9999999998999265,7.35823946211858e-14,0.0,0.0,2.0,1.0,0.0,61.98830409356725,0.01532935006083018,0.015322932897054588,0.3050552726369397,0.6737447098686471,0.0006711425412178713,125.0,2.570780543820824,17.415794553962364,0.9862515077163072,,,,,,0.0
2025-01-29 20:00:00+00:00,0.9999999995479847,3.5201530927248336e-10,0.0,0.0,2.0,1.0,0.0,61.627906976744185,0.01531668179588655,0.014888693093769069,0.13744705589236617,0.6439082082372394,0.0006671283326690997,125.0,2.602198913071197,17.07528783242702,0.98368011984658,,,,,,0.0
2025-01-30 00:00:00+00:00,0.9999999998524738,4.7526233409169814e-11,0.0,0.0,2.0,1.0,0.0,71.09826589595376,0.015930564239715474,0.0159609094040273,0.24589802885145054,0.4984418451468901,0.0006761290184585893,125.0,2.6342064380602164,16.733224780389797,0.9834611565559531,,,,,,0.0
2025-01-30 04:00:00+00:00,0.9999999997770845,1.2291556053820072e-10,0.0,0.0,2.0,1.0,0.0,71.26436781609196,0.01593449963116183,0.015496649184098672,0.32816810471327046,0.5021001960911838,0.0006617655272772228,125.0,2.6647672585787676,16.39732213196773,0.982631977746925,,,,,,0.0
2025-01-30 08:00:00+00:00,0.9999999996027487,2.9725130157586404e-10,0.0,0.0,2.0,1.0,0.0,72.0,0.01598457610287659,0.015217630194764537,0.7228205891103838,0.5309792087843678,0.0006598040029305097,125.0,2.693338285995772,16.036147963715727,0.9814170871783509,,,,,,0.0
2025-01-30 12:00:00+00:00,0.9999999998968261,3.173926324810476e-12,0.0,0.0,2.0,1.0,0.0,69.88636363636364,0.01591260679899862,0.014966690540990273,0.7351753937119793,0.5726431486192652,0.0006563977647727677,125.0,2.717936280771822,15.6675043302507,0.981319116487723,,,,,,0.0
2025-01-30 16:00:00+00:00,0.9999999998999951,4.848050821064565e-15,0.0,0.0,2.0,1.0,0.0,65.5367231638418,0.015698936351204326,0.01455843000655589,0.8798033958891847,0.6364872113488385,0.0006528666121333054,125.0,2.7542288971021978,15.319011396259459,0.982174777284218,,,,,,0.0
2025-01-30 20:00:00+00:00,0.9999999998998417,1.5831542765112008e-13,0.0,0.0,2.0,1.0,0.0,48.87640449438202,0.014366588440300664,0.014231803973715589,0.39445887445887245,0.5665798494452023,0.0006505913462594226,125.0,2.78703199037752,14.998422734325185,0.9838534888381977,,,,,,0.0
2025-01-31 00:00:00+00:00,0.9999999998958211,4.178959992663585e-12,0.0,0.0,2.0,1.0,0.0,48.04469273743017,0.014290370466256523,0.01385337735961692,0.3304146704113652,0.6461505374810038,0.0006474907264411908,125.0,2.8201735041747913,14.725827170626983,0.9875772843204987,,,,,,0.0
2025-01-31 04:00:00+00:00,0.9999999993894497,5.105503640465349e-10,0.0,0.0,2.0,1.0,0.0,45.0,0.013781526605139585,0.013454637873301636,0.18850735809390196,0.6449472132476163,0.0006447038660753696,125.0,2.853912639982592,14.583661275433222,0.9948508453596204,,,,,,0.0
2025-01-31 08:00:00+00:00,0.9999999998991203,8.796536266608703e-13,0.0,0.0,2.0,1.0,0.0,49.72375690607735,0.01449537320570891,0.014814813701173627,0.4961775125862376,0.5209458780352682,0.0006544483779733019,125.0,2.8877178314084855,14.583661275433222,0.993975234068384,,,,,,0.0
2025-01-31 12:00:00+00:00,0.9999999998877487,1.2251397521238355e-11,0.0,0.0,2.0,1.0,0.0,56.59340659340659,0.015091467197905129,0.015835162684711135,0.658263069139965,0.563777562082113,0.0006513118860119036,125.0,2.923915339559794,14.753429606709151,0.9910030400500041,,,,,,0.0
2025-01-31 16:00:00+00:00,0.9999999998999534,4.670202953196555e-14,0.0,0.0,2.0,1.0,0.0,64.48087431693989,0.015625503570334546,0.01664888208065906,0.3028817489234847,0.5759604760595731,0.0006493334708229254,125.0,2.960583969609411,14.908579805277522,0.9908906982649469,,,,,,0.0
2025-01-31 20:00:00+00:00,0.9999999998995619,4.3820465713214693e-13,0.0,0.0,2.0,1.0,0.0,63.04347826086957,0.015486699237243365,0.016381076362433262,0.21633990970375414,0.6051250668631295,0.0006387404306433574,125.0,2.99636330490216,15.086003981651016,0.9860484997193487,,,,,,0.0
2025-02-01 00:00:00+00:00,0.9999999891869561,1.0713043806385782e-08,0.0,0.0,2.0,1.0,0.0,62.70270270270271,0.015484507152890698,0.015894576544710683,0.15873312177213747,0.5272979846016709,0.0006345588393636113,125.0,3.032435110119598,15.418123677630863,0.9724145605964906,,,,,,0.0
2025-02-01 04:00:00+00:00,0.9999999998844011,1.5598874881083817e-11,0.0,0.0,2.0,1.0,0.0,61.29032258064516,0.015438573282081888,0.015436406094158762,0.23088499644663646,0.3987342698025198,0.0006322805045964863,125.0,3.0681487523704067,16.114717934210173,0.955898624005012,,,,,,0.0
2025-02-01 08:00:00+00:00,0.9999999968957265,3.0042734707829376e-09,0.0,0.0,2.0,1.0,0.0,62.03208556149733,0.015475479756483692,0.01511760658591396,1.0,0.4606659940485235,0.0006309425765758242,125.0,3.1047142280721878,17.15989359313806,0.9435147904326985,,,,,,0.0
2025-02-01 12:00:00+00:00,0.9999999998999936,6.439631771505803e-15,0.0,0.0,2.0,1.0,0.0,60.63829787234043,0.015415079516534778,0.014657315225951817,1.0,0.588590836236222,0.0006275850858970166,125.0,3.140528096231364,18.49646454234147,0.9355025082511595,,,,,,0.0
2025-02-01 16:00:00+00:00,0.9999999998999896,1.0417976953675828e-14,0.0,0.0,2.0,1.0,0.0,65.07936507936508,0.015611144211133349,0.014796466812027604,1.0,0.6204255129884103,0.0006295246128395244,125.0,3.176139366733484,20.091900661801652,0.9336248600935663,,,,,,0.0
2025-02-01 20:00:00+00:00,0.9999999998414291,5.857089184359229e-11,0.0,0.0,2.0,1.0,0.0,75.26315789473685,0.016026956188409196,0.01560023786574926,1.0,0.6276308169290926,0.0006325254327749662,125.0,3.2112729639133315,21.76710975283365,0.9321750119474339,,,,,,0.0
2025-02-02 00:00:00+00:00,0.9999999998999913,8.697555224901114e-15,0.0,0.0,2.0,1.0,0.0,77.4869109947644,0.016077065454239477,0.015448270426636499,1.0,0.7069465426216105,0.0006237508176641457,125.0,3.2449312255101947,23.720053474767745,0.9300241240296258,,,,,,0.0
2025-02-02 04:00:00+00:00,0.9999999998999944,5.645113483690981e-15,0.0,0.0,2.0,1.0,0.0,77.60416666666666,0.016141697225887146,0.01509221844466474,0.7629899726526883,0.753138629661441,0.0006203517587539394,125.0,3.2774220935721154,25.841307780389748,0.9474509779374412,,,,,,0.0
2025-02-02 08:00:00+00:00,0.9999999996335309,2.664691608533926e-10,0.0,0.0,2.0,1.0,0.0,77.720207253886,0.016186896602220422,0.014915601005248176,0.7988913239654502,0.6857927799475477,0.0006190559695120507,125.0,3.308341559561101,26.9504517051547,0.9788150292803148,,,,,,0.0
2025-02-02 12:00:00+00:00,0.9999999998996538,3.462578386285927e-13,0.0,0.0,2.0,1.0,0.0,77.83505154639175,0.016218101254770693,0.014517326439744752,0.5949197860962543,0.5898778831929886,0.0006155531577349007,125.0,3.3378421213940253,26.9504517051547,0.9934986740137433,,,,,,0.0
2025-02-02 16:00:00+00:00,0.9999999998999929,7.142322768541595e-15,0.0,0.0,2.0,1.0,0.0,78.46153846153847,0.017206978319515495,0.017195668168735134,0.6679312089023749,0.6437186168784355,0.0006370331457255749,125.0,3.366036322330441,26.68571576350461,0.984825821670883,,,,,,0.0
2025-02-02 20:00:00+00:00,0.9999999998999829,1.7069901909809815e-14,0.0,0.0,2.0,1.0,0.0,77.55102040816327,0.017133722239537644,0.018299384100850396,0.7257059294592788,0.6681891433477744,0.0006250388566113465,125.0,3.3909876422338296,26.123078090655895,0.9865686594194343,,,,,,0.0
2025-02-03 00:00:00+00:00,0.9999999998991083,8.916426899969582e-13,0.0,0.0,2.0,1.0,0.0,100.0,0.025694459327858306,0.035867689755108276,0.9472738364136969,0.6803943418004988,0.0008969941771184883,73.0,3.418495231569301,25.94390800975497,0.9954730538188565,,,,,,0.0
2025-02-03 04:00:00+00:00,0.9999999998993023,6.977300421398124e-13,0.0,0.0,2.0,1.0,0.0,100.0,0.026025234135415486,0.03590740090412562,0.6689254306710029,0.6899879554968891,0.0006384025339788784,74.0,3.436070131457075,25.94390800975497,0.9975978540426074,,,,,,0.0
2025-02-03 08:00:00+00:00,0.9999999998996119,3.8813082691354286e-13,0.0,0.0,2.0,1.0,0.0,100.0,0.02608622861612899,0.035015373093912894,0.7268908173796752,0.7165343086592655,0.0006162523087312657,75.0,3.459049567022955,25.98637444360427,0.9969082908400314,,,,,,0.0
2025-02-03 12:00:00+00:00,0.999999999899388,6.11959650443322e-13,0.0,0.0,2.0,1.0,0.0,100.0,0.026835061211973505,0.035709999702551114,0.3778244569894825,0.6805413149408615,0.0006459188418385883,76.0,3.475578111887396,26.13178818532421,0.9812590204045529,,,,,,0.0
2025-02-03 16:00:00+00:00,0.9999999998724782,2.752166639331733e-11,0.0,0.0,2.0,1.0,0.0,100.0,0.02704147649387262,0.03508781606918937,0.16045076062062977,0.6727945178804089,0.0006193867072836315,77.0,3.4894601959490794,27.10130712308751,0.9647449056125587,,,,,,0.0
2025-02-03 20:00:00+00:00,0.9999998766387722,1.2326122782014009e-07,0.0,0.0,2.0,1.0,0.0,100.0,0.02730617570711457,0.035490256255140656,0.815998522076482,0.4310126039747296,0.0006361677243649789,78.0,3.5050982478223793,28.472283003604858,0.9613124779852762,,,,,,0.0
2025-02-04 00:00:00+00:00,0.9999999998999483,5.175166476002101e-14,0.0,0.0,2.0,1.0,0.0,100.0,0.027476783986798665,0.03492250559743216,0.46563165756544295,0.5596765922326223,0.0006144546909914458,79.0,3.516561231136834,29.79791473104453,0.9646207039761351,,,,,,0.0
2025-02-04 04:00:00+00:00,0.9999995931705722,4.0672942785409734e-07,0.0,0.0,2.0,1.0,0.0,100.0,0.028023686496216248,0.03517069722391102,0.2584789419457942,0.5746011169431958,0.0006256121229028295,80.0,3.5254344146285783,31.052217589138827,0.9669094482009347,,,,,,0.0
2025-02-04 08:00:00+00:00,0.9999999998980633,1.9366248789141826e-12,0.0,0.0,2.0,1.0,0.0,100.0,0.028267029722580318,0.03444935617454297,0.14165409141800095,0.6396577360969292,0.0006102057356756146,81.0,3.5322565274574877,32.315077560194204,0.9806814445915624,,,,,,0.0
2025-02-04 12:00:00+00:00,0.9999999998997926,2.0732071032081002e-13,0.0,0.0,2.0,1.0,0.0,100.0,0.02830951982822808,0.033440691990134074,0.03644808743169319,0.7179987299462464,0.0006020675920030462,82.0,3.5364041071986785,32.315077560194204,0.9926809960416605,,,,,,0.0
2025-02-04 16:00:00+00:00,0.999999999892401,7.599009646919854e-12,0.0,0.0,2.0,1.0,0.0,99.51690821256038,0.028285625213680443,0.032427439044885965,0.4285268414481908,0.7200814115134835,0.000598929971551296,83.0,3.5380499921505146,31.864105661163357,0.9915405017416585,,,,,,0.0
2025-02-04 20:00:00+00:00,0.9999999987261357,1.1738643963252113e-09,0.0,0.0,2.0,1.0,0.0,98.5576923076923,0.02817113219797127,0.0316292277263154,0.35148536768937916,0.658139575912799,0.000599187125454788,84.0,3.537080495578164,31.864105661163357,0.9961033096697175,,,,,,0.0
2025-02-05 00:00:00+00:00,0.9999999997876547,1.1234534969413355e-10,0.0,0.0,2.0,1.0,0.0,97.60765550239235,0.027993975200133515,0.03068184978342547,0.12772345831087617,0.7363042359396331,0.0005950041927771414,85.0,3.533475755983325,31.832945765132617,0.9959431313383087,,,,,,0.0
2025-02-05 04:00:00+00:00,0.9999999998999662,3.369352222642234e-14,0.0,0.0,2.0,1.0,0.0,98.09523809523809,0.028068919524112407,0.029953295545817625,0.010653161019911369,0.5999871237074698,0.0005969635962201964,86.0,3.527096812499684,31.832945765132617,0.9850409183980311,,,,,,0.0
2025-02-05 08:00:00+00:00,0.9999999998983684,1.6315596365993972e-12,0.0,0.0,2.0,1.0,0.0,98.5781990521327,0.02819447003815416,0.029258517876201838,0.16862342236571753,0.665666187372756,0.0005951368634804409,87.0,3.5181081214574363,30.980600371295935,0.9726084279976334,,,,,,0.0
2025-02-05 12:00:00+00:00,0.9999999998999805,1.9585584629456677e-14,0.0,0.0,2.0,1.0,0.0,98.11320754716981,0.028185426044248316,0.028462465810271967,0.020962882236040623,0.726782685279758,0.0005903244255592684,88.0,3.509716367167162,29.77246219465399,0.9640624488394379,,,,,,0.0
2025-02-05 16:00:00+00:00,0.9999999990869635,8.130364730423725e-10,0.0,0.0,2.0,1.0,0.0,97.1830985915493,0.028139566385601337,0.02759618507713738,0.3719782517774953,0.6645545640077589,0.0005878120824139161,89.0,3.498970836281457,28.36798925987543,0.960255547254295,,,,,,0.0
2025-02-05 20:00:00+00:00,0.9999999998999964,3.5078581002338966e-15,0.0,0.0,2.0,1.0,0.0,97.19626168224299,0.02816147615307373,0.02677814170388367,0.5625361659915685,0.676010504963559,0.0005865640343918102,90.0,3.4852140876222224,27.00937418479225,0.9609890359994129,,,,,,0.0
2025-02-06 00:00:00+00:00,0.9999999998989499,1.0500492883778565e-12,0.0,0.0,2.0,1.0,0.0,94.88372093023256,0.02778936559705836,0.026011122404584974,0.47037630104083233,0.695126919668344,0.0005853534050143429,91.0,3.470202691446163,25.78395707339738,0.9638257805744151,,,,,,0.0
2025-02-06 04:00:00+00:00,0.9999999998999374,6.269628939336974e-14,0.0,0.0,2.0,1.0,0.0,94.9074074074074,0.027851883080151914,0.025313986591661643,0.3755752212389372,0.64070682253522,0.0005843953196375997,92.0,3.452592219800431,24.721818478519406,0.9676462243461583,,,,,,0.0
2025-02-06 08:00:00+00:00,0.9999999992523472,6.476528463925313e-10,0.0,0.0,2.0,1.0,0.0,94.47004608294931,0.027799896245116435,0.024666731155952467,0.3449469312413492,0.5724609848306694,0.0005822041755334195,93.0,3.4329866766202493,23.822697598276704,0.9718926912087967,,,,,,0.0
2025-02-06 12:00:00+00:00,0.9999999997860298,1.1397015816924783e-10,0.0,0.0,2.0,1.0,0.0,96.78899082568807,0.02814962829004145,0.025448454608275495,0.3858406107541062,0.4420678057994233,0.0005973970871986146,94.0,3.411298237609158,23.080557851759014,0.9762362540223172,,,,,,0.0
2025-02-06 16:00:00+00:00,0.9999999988292241,1.0707759544152887e-09,0.0,0.0,2.0,1.0,0.0,95.8904109589041,0.028112354899061106,0.02471204788225436,0.5302456444107789,0.5393020598348272,0.0005783516646320963,95.0,3.3875276133161685,22.478920241375512,0.97999162021906,,,,,,0.0
2025-02-06 20:00:00+00:00,0.9999999998814677,1.8532235823170283e-11,0.0,0.0,2.0,1.0,0.0,95.9090909090909,0.0281132607470221,0.023961657798471484,0.7037558685446028,0.6314178432691024,0.0005765625339306738,96.0,3.3618851368039984,21.97875750747301,0.9828354398557911,,,,,,0.0
2025-02-07 00:00:00+00:00,0.9999999994904862,4.095136669700063e-10,0.0,0.0,2.0,1.0,0.0,98.64253393665159,0.028212360001492118,0.02338235859997431,0.6649653036646206,0.7055281337257839,0.0005775531271793013,97.0,3.334492850576416,21.55481523415747,0.9852129117085091,,,,,,0.0
2025-02-07 04:00:00+00:00,0.9999999998255911,7.440884014491225e-11,0.0,0.0,2.0,1.0,0.0,97.74774774774775,0.028192840214781648,0.022671477600599205,0.6074188562596593,0.7148935393785992,0.0005735279033305101,98.0,3.304931897674265,21.1981784188482,0.9870450393837904,,,,,,0.0
2025-02-07 08:00:00+00:00,0.9999999998995499,4.501309095271273e-13,0.0,0.0,2.0,1.0,0.0,92.82511210762333,0.027939286739235125,0.022426695238167402,0.5666501240694803,0.7714445048788466,0.0005782703571113658,99.0,3.273621815846582,20.8821110465802,0.9880747657292815,,,,,,0.0
2025-02-07 12:00:00+00:00,0.9999999998761795,2.382048987462703e-11,0.0,0.0,2.0,1.0,0.0,91.07142857142857,0.027526893986561423,0.022050227057145502,0.24764840724053333,0.7757130245433687,0.0005733491723757867,100.0,3.2400691085980973,20.588114686316672,0.9895754728267621,,,,,,0.0
2025-02-07 16:00:00+00:00,0.9999999989164066,9.835933188003429e-10,0.0,0.0,2.0,1.0,0.0,90.22222222222223,0.027474726252801576,0.022123856522818397,0.1480541911804385,0.7762172547803374,0.0005763652114871822,101.0,3.2044375618579064,20.35712057917447,0.9926542889222664,,,,,,0.0
2025-02-07 20:00:00+00:00,0.999999999899934,6.587307245193009e-14,0.0,0.0,2.0,1.0,0.0,90.7079646017699,0.0274921059063182,0.021725376480697174,0.4854569920298109,0.6334702509928525,0.0005700664105690915,102.0,3.16672929157352,20.225764382647174,0.9946249237356557,,,,,,0.0
2025-02-08 00:00:00+00:00,0.999999999743316,1.566839968629645e-10,0.0,0.0,2.0,1.0,0.0,91.18942731277532,0.027562970525244916,0.021145370966933363,0.33758022343712907,0.6951939442515982,0.0005678305842927586,103.0,3.1271005739042117,20.090847797867728,0.9920841833466554,,,,,,0.0
2025-02-08 04:00:00+00:00,0.9999999989913002,9.086998448873512e-10,0.0,0.0,2.0,1.0,0.0,90.78947368421053,0.027561998120518773,0.020533019402070835,0.7691551494824496,0.7416304450607101,0.0005650995379699387,104.0,3.085265978447124,19.84249698067721,0.9886295696252927,,,,,,0.0
2025-02-08 08:00:00+00:00,0.9999999998995031,4.969189392159271e-13,0.0,0.0,2.0,1.0,0.0,90.39301310043668,0.02755705484138391,0.019965307464130562,0.7305615550755932,0.7856497678038179,0.0005638452887713597,105.0,3.0406521833219333,19.539604527413303,0.9895516925042482,,,,,,0.0
2025-02-08 12:00:00+00:00,0.9999999998999995,5.272608426783991e-16,0.0,0.0,2.0,1.0,0.0,90.0,0.027548544222401865,0.019371769927404508,0.5738684884713925,0.8201967532628639,0.0005621771645145046,106.0,2.993337963615196,19.35671861871538,0.9954161344589533,,,,,,0.0
2025-02-08 16:00:00+00:00,0.999999999899998,1.9997988318480783e-15,0.0,0.0,2.0,1.0,0.0,91.34199134199135,0.027616363301586806,0.019019872937104883,0.1749040848566917,0.7873195103709387,0.0005640049878171879,107.0,2.9431491202140205,19.35671861871538,0.995777537221779,,,,,,0.0
2025-02-08 20:00:00+00:00,0.9999999998999998,1.6642362823636693e-16,0.0,0.0,2.0,1.0,0.0,87.5,0.027428596582286507,0.01844671951819021,0.13043478260869726,0.68802073019619,0.0005593734962713076,108.0,2.8897868318894706,19.524654442333066,0.9905720050347698,,,,,,0.0
2025-02-09 00:00:00+00:00,0.9999999998959008,4.0992211908506904e-12,0.0,0.0,2.0,1.0,0.0,90.98712446351931,0.02758810771113875,0.0183853885201259,0.4533469501439041,0.7273830246475937,0.000563943493468093,123.0,2.8330316869299486,19.8038805754828,0.9892334111502524,,,,,,0.0
2025-02-09 04:00:00+00:00,0.9999999998997591,2.408750933322717e-13,0.0,0.0,2.0,1.0,0.0,88.88888888888889,0.027536798533337743,0.017884615283574563,0.4584924997670742,0.4755117065496126,0.0005568850843382761,124.0,2.772442761326595,20.04617485840777,0.9942437644515603,,,,,,0.0
2025-02-09 08:00:00+00:00,0.9999999998998097,1.9031759221582426e-13,0.0,0.0,2.0,1.0,0.0,88.08510638297872,0.02750662941378754,0.017353259450546145,0.46682908545727375,0.6905852289456837,0.0005552694001431822,125.0,2.707969783112688,20.04617485840777,0.9950934870365405,,,,,,0.0
2025-02-09 12:00:00+00:00,0.999999999896755,3.245056353396218e-12,0.0,0.0,2.0,1.0,0.0,86.86440677966102,0.027476442467553094,0.016825592491657982,0.205640423031727,0.6116797249922908,0.0005541506264906712,124.0,2.64110262839815,19.839748642626507,0.98991328853944,,,,,,0.0
2025-02-09 16:00:00+00:00,0.9999999998400826,5.991742792622229e-11,0.0,0.0,2.0,1.0,0.0,84.81012658227847,0.0268860384659889,0.016536924773699665,0.08228980322003333,0.6520659046103431,0.0005541858722942761,125.0,2.567061554499731,19.56118404882771,0.9896899092058248,,,,,,0.0
2025-02-09 20:00:00+00:00,0.9999999999,9.097381284375127e-17,0.0,0.0,2.0,1.0,0.0,84.03361344537815,0.02652627927860609,0.01603621020825977,0.8837571354436904,0.7657077020250427,0.0005519119631997915,125.0,2.4885683633504434,19.346583789843606,0.9930453854515033,,,,,,0.0
2025-02-10 00:00:00+00:00,0.9999999998999949,5.027812393327318e-15,0.0,0.0,2.0,1.0,0.0,64.85355648535564,0.017671728655478735,0.015548192827029355,0.8448036951501119,0.7159057254292441,0.0005505679515608146,125.0,2.4018760708510984,19.236586357009262,0.9968385014229258,,,,,,0.0
2025-02-10 04:00:00+00:00,0.9999999998999289,7.096551467659401e-14,0.0,0.0,2.0,1.0,0.0,63.33333333333333,0.016764363305519978,0.015111086692302107,0.37913486005088676,0.6519458534768516,0.0005500204972591093,125.0,2.3071753473633927,19.20432585687806,0.999184457526138,,,,,,0.0
2025-02-10 08:00:00+00:00,0.9999999998999676,3.2324149580350585e-14,0.0,0.0,2.0,1.0,0.0,63.07053941908713,0.01660748942049178,0.014727879576209054,0.005533854166668989,0.6676446129460437,0.0005492723680550019,125.0,2.202136624316213,19.202443789018282,0.99761034186139,,,,,,0.0
2025-02-10 12:00:00+00:00,0.9999999998983815,1.6185826498672426e-12,0.0,0.0,2.0,1.0,0.0,41.735537190082646,0.015044381822688845,0.014286839397658487,0.9276139410187485,0.620566864744803,0.0005473094948945121,125.0,2.0846755188846364,19.106216299527333,0.9926784493076929,,,,,,0.0
2025-02-10 16:00:00+00:00,0.9999999998999312,6.894205252846957e-14,0.0,0.0,2.0,1.0,0.0,38.68312757201646,0.014603104539499992,0.013907602089655727,0.9431578947368273,0.6784036671792457,0.0005467022223749242,125.0,1.9514638710062344,18.870280218146956,0.9887426146920084,,,,,,0.0
2025-02-10 20:00:00+00:00,0.9999999998999995,4.1494735525123603e-16,0.0,0.0,2.0,1.0,0.0,25.40983606557377,0.013004409420728072,0.013520940275154403,0.6184464317026102,0.6778930209389193,0.0005449083944093656,125.0,1.797724900760369,18.58702439975219,0.9879510848927846,,,,,,0.0
2025-02-11 00:00:00+00:00,0.9999999998998621,1.3792632316974304e-13,0.0,0.0,2.0,1.0,0.0,20.816326530612244,0.012570056050270612,0.013209539140165509,0.6571608634000294,0.7394783223741321,0.0005448495679356182,121.0,1.6158882067505793,18.321629654157753,0.988144705920285,,,,,,0.0
2025-02-11 04:00:00+00:00,0.9999999998989322,1.0678706489516158e-12,0.0,0.0,2.0,1.0,0.0,15.447154471544716,0.011232750494445963,0.013153246835118131,0.7286444693852075,0.6997236290185549,0.0005457865854243739,125.0,1.3934178925516036,18.054987441047363,0.9875484438864738,,,,,,0.0
2025-02-11 08:00:00+00:00,0.9999999997473996,1.5260028126588844e-10,0.0,0.0,2.0,1.0,0.0,15.384615384615385,0.010782876128534255,0.012756164405344654,0.6371512294559862,0.6436353941795933,0.0005415425107988644,124.0,1.1067962733670274,17.771216257721882,0.987505641408132,,,,,,0.0
2025-02-11 12:00:00+00:00,0.9999999998173175,8.268252970796026e-11,0.0,0.0,2.0,1.0,0.0,15.725806451612904,0.01102438607046171,0.013065257622189371,0.08740660725537873,0.5764387775426671,0.0005444335054435984,125.0,0.7033875087708683,17.511032678809944,0.9887453771055587,,,,,,0.0
2025-02-11 16:00:00+00:00,0.9999999998879314,1.2068494080241523e-11,0.0,0.0,2.0,1.0,0.0,19.67871485943775,0.011768577345968265,0.014369865026310448,0.4136834191197722,0.5387417594527573,0.0005506907980048951,125.0,0.016171654639261457,17.288615931498242,0.989081835334803,,,,,,0.0
2025-02-11 20:00:00+00:00,8.652324360407795e-10,0.9999999990347677,0.0,0.0,2.0,0.9305972724649317,0.0,18.8,0.011639775367630402,0.01398254417808056,0.45708154506437737,0.40484817813464524,0.0007809591939727831,125.0,0.5392532567423993,17.04892862963628,0.9878921550227378,,,,,,0.0
2025-02-12 00:00:00+00:00,0.2776601976144641,0.7223398023133019,0.0,0.0,2.0,0.9305972724649317,0.0,18.8,0.011653340617541277,0.013630599742433766,0.8321874374207306,0.5220384224248465,0.000767464114520659,125.0,0.7110142392267749,16.783452414090625,0.9869562049491556,,,,,,0.0
2025-02-12 04:00:00+00:00,0.2218404661931138,0.7781595337290702,0.0,0.0,2.0,0.9305972724649317,0.0,18.0,0.011583681991124386,0.013539135652927024,0.5067244386922524,0.5763153111679108,0.0007607078494110365,125.0,0.8348850456442682,16.512750687528122,0.9853130043306609,,,,,,0.0
2025-02-12 08:00:00+00:00,0.10780138027135934,0.8921986196394208,0.0,0.0,2.0,0.9305972724649317,0.0,15.6,0.011337151265863158,0.01315165130450678,0.25117672229353766,0.7493451134360116,0.0007491048426571998,125.0,0.9329440161041582,16.190750248895853,0.9814018823299125,,,,,,0.0
2025-02-12 12:00:00+00:00,0.17848820801102827,0.8215117919068206,0.0,0.0,2.0,0.9305972724649317,0.0,15.2,0.011308622239430495,0.012887109458869854,0.20041156968103,0.7263990119073229,0.0007420208340868324,125.0,1.0193787726861956,15.778389415095159,0.9797841095955636,,,,,,0.0
2025-02-12 16:00:00+00:00,0.16796592143480713,0.8320340784819894,0.0,0.0,2.0,0.9305972724649317,0.0,22.0,0.012126660248135513,0.014130937850495483,0.5212212486308849,0.716869657418648,0.0007509326335267863,125.0,1.0995365332758384,15.409110781191554,0.9873756968285166,,,,,,0.0
2025-02-12 20:00:00+00:00,0.6149119917457462,0.38508800819276257,0.0,0.0,2.0,0.8282007766087024,0.0,22.400000000000002,0.01261286349011521,0.014735961367015181,0.7911322828875019,0.5730917261608962,0.0007428572765292215,125.0,1.1707976803714528,15.409110781191554,0.9969870576250665,,,,,,0.0
2025-02-13 00:00:00+00:00,0.0567177778690831,0.9432822220365886,0.0,0.0,2.0,0.9305972724649317,0.0,22.0,0.012573386035385072,0.014298493323617413,0.7598844556779176,0.6625978798234267,0.0007283035080421522,125.0,1.2323546565402843,15.357741154981367,0.9969780828745266,,,,,,0.0
2025-02-13 04:00:00+00:00,0.5713197786910831,0.42868022125178484,0.0,0.0,2.0,0.8282007766087024,0.0,26.400000000000002,0.012962553766592248,0.014999603354053693,0.24530351726947616,0.6771364531217483,0.0007315258271606148,125.0,1.2955736142691165,15.357741154981367,0.9899961029827717,,,,,,0.0
2025-02-13 08:00:00+00:00,0.2373774413224598,0.7626225586012779,0.0,0.0,2.0,0.9305972724649317,0.0,26.0,0.01295378149552,0.014728959232325919,0.21515968019788845,0.7712587444579927,0.0007186898023880566,125.0,1.3497053557273533,15.08132635442937,0.9841649310940422,,,,,,0.0
2025-02-13 12:00:00+00:00,0.11369971942262916,0.8863002804887408,0.0,0.0,2.0,0.9305972724649317,0.0,18.0,0.01177721782108841,0.014301491550720222,0.1888291371302867,0.7554200297959327,0.0007108709366077328,125.0,1.3999204972126749,14.77345791001897,0.9828007190502914,,,,,,0.0
2025-02-13 16:00:00+00:00,0.05577897559120968,0.9442210243143683,0.0,0.0,2.0,0.9305972724649317,0.0,16.8,0.01175353572374915,0.013878970870142162,0.8838370088029751,0.8075609867073871,0.0007015406482561009,125.0,1.4208909827650202,14.459032118746487,0.9817418208602796,,,,,,0.0
2025-02-13 20:00:00+00:00,0.04515948041506055,0.9548405194894553,0.0,0.0,2.0,0.9305972724649317,0.0,18.8,0.011935816128863378,0.013832658086092464,0.4981235565819862,0.7787860442694371,0.0007030411514622841,125.0,1.4813614714683254,14.127142390291679,0.9816278943175674,,,,,,0.0
2025-02-14 00:00:00+00:00,0.10102044641787693,0.8989795534922251,0.0,0.0,2.0,0.9305972724649317,0.0,19.6,0.012035584280818887,0.013883285906431826,0.2954723894268504,0.7144275966119001,0.000698818095807669,125.0,1.5162572115995288,13.823063916887847,0.9829606898090061,,,,,,0.0
2025-02-14 04:00:00+00:00,0.052489051127668926,0.94751094877758,0.0,0.0,2.0,0.9305972724649317,0.0,19.6,0.012069247457829765,0.013538041391209909,0.4115969581749074,0.5767695402278561,0.0006913500760959227,125.0,1.5584046332590789,13.550047093708242,0.9842464459818325,,,,,,0.0
2025-02-14 08:00:00+00:00,0.01441736529812053,0.9855826346033212,0.0,0.0,2.0,0.9305972724649317,0.0,15.2,0.011739846756476569,0.013187336173318045,0.3406156901688185,0.6863761201249942,0.0006875345278872104,125.0,1.5987253685681606,13.300065182217688,0.9870818308588883,,,,,,0.0
2025-02-14 12:00:00+00:00,0.30590156631839344,0.6940984336121967,0.0,0.0,2.0,0.9305972724649317,0.0,17.599999999999998,0.011870638843840408,0.013541825265250888,0.6093495670291038,0.4716026960282929,0.0006908734747750134,125.0,1.6414917477293207,13.130932761449241,0.9926358666037977,,,,,,0.0
2025-02-14 16:00:00+00:00,0.09555738705599529,0.9044426128535605,0.0,0.0,2.0,0.9305972724649317,0.0,10.0,0.01128202906953787,0.013132693924799994,0.508840864440078,0.6230508983106766,0.000681497412350587,125.0,1.6765267721184693,13.071080624851973,0.9977795605820169,,,,,,0.0
2025-02-14 20:00:00+00:00,0.22846149913081393,0.7715385007920323,0.0,0.0,2.0,0.9305972724649317,0.0,8.799999999999999,0.011069362777472804,0.012777586395944483,0.11350665821179237,0.5668575815730557,0.0006786220111666754,125.0,1.7165113736529087,13.067617350271188,0.9993441119191545,,,,,,0.0
2025-02-15 00:00:00+00:00,0.03014076647303756,0.9698592334299765,0.0,0.0,2.0,0.9305972724649317,0.0,8.0,0.011021087985308072,0.012389093601609795,0.31453524641297753,0.5995501122206037,0.0006752815486388515,125.0,1.7527856440566403,13.051422452448325,0.9980507999289127,,,,,,0.0
2025-02-15 04:00:00+00:00,0.023279831049176143,0.9767201688531518,0.0,0.0,2.0,0.9305972724649317,0.0,8.799999999999999,0.011112961719982125,0.012254252056692812,0.13302505645768276,0.7381897931955099,0.000673424006155099,125.0,1.789087088394292,13.00744787466504,0.9962596884145286,,,,,,0.0
2025-02-15 08:00:00+00:00,0.01710933775408604,0.9828906621476248,0.0,0.0,2.0,0.9305972724649317,0.0,8.4,0.011071277038908799,0.011919308645988292,0.48772836316664486,0.6578891698840786,0.000669826626027384,125.0,1.823503174530487,12.933597225554717,0.9928518560350684,,,,,,0.0
2025-02-15 12:00:00+00:00,0.030277662614312004,0.9697223372887158,0.0,0.0,2.0,0.9305972724649317,0.0,8.4,0.011110527249050161,0.011659383235637253,0.6895434462444766,0.568627299174834,0.0006670052630550676,125.0,1.8590425217607092,12.785522361227667,0.9883272859321939,,,,,,0.0
2025-02-15 16:00:00+00:00,0.020090277177216426,0.9799097227247925,0.0,0.0,2.0,0.9305972724649317,0.0,6.4,0.010961441642913025,0.011304298387458627,0.6077876106194684,0.6173441211414342,0.0006639422420369599,125.0,1.893689540631281,12.570707186345494,0.986404871417313,,,,,,0.0
2025-02-15 20:00:00+00:00,0.02283117643271665,0.9771688234695663,0.0,0.0,2.0,0.9305972724649317,0.0,6.0,0.010954612326861261,0.010960592502118853,0.5591474245115483,0.6002074398048677,0.0006612568501279316,125.0,1.928228455968036,12.366829838153741,0.9889663219864852,,,,,,0.0
2025-02-16 00:00:00+00:00,0.00963975275342487,0.9903602471475391,0.0,0.0,2.0,0.9305972724649317,0.0,5.2,0.010630976627322626,0.010641429724566102,0.04267265581134211,0.6643991993110783,0.0006588168106114481,125.0,1.9636347798167848,12.238652280122352,0.9941597632496252,,,,,,0.0
2025-02-16 04:00:00+00:00,0.01966010635547504,0.980339893546491,0.0,0.0,2.0,0.9305972724649317,0.0,4.8,0.010589784887503416,0.01032214788501782,0.4380685794261796,0.671370993632466,0.0006558834911110026,125.0,1.9982404253244708,12.238652280122352,0.9979382209079337,,,,,,0.0
2025-02-16 08:00:00+00:00,0.021694814383891873,0.9783051855182777,0.0,0.0,2.0,0.9305972724649317,0.0,4.8,0.010610286570321792,0.010104097019251466,0.7396801785050192,0.6663009155602438,0.0006539613809390687,125.0,2.0334099898294054,12.259753631220804,0.9926475030700335,,,,,,0.0
2025-02-16 12:00:00+00:00,0.01257851681224326,0.9874214830890146,0.0,0.0,2.0,0.9305972724649317,0.0,5.2,0.010659361822927349,0.009913884012731619,0.05934167825683711,0.6945451089095884,0.0006504676044141206,125.0,2.0638707833085888,12.413654425236299,0.9891748284284329,,,,,,0.0
2025-02-16 16:00:00+00:00,0.03931606286427326,0.9606839370396583,0.0,0.0,2.0,0.9305972724649317,0.0,3.5999999999999996,0.01052906749485353,0.009661027207616387,0.1800342922461394,0.6455909364642604,0.0006466126813489012,125.0,2.085820968389016,12.588874267137324,0.9894704665075938,,,,,,0.0
2025-02-16 20:00:00+00:00,0.22975525899615196,0.7702447409268235,0.0,0.0,2.0,0.9305972724649317,0.0,4.3999999999999995,0.010616751127029131,0.00958695536310949,0.5522518583296867,0.553013741268661,0.0006450126353995491,125.0,2.1220272576058066,12.737763789863617,0.9908396164715905,,,,,,0.0
2025-02-17 00:00:00+00:00,0.0849352841616957,0.9150647157467978,0.0,0.0,2.0,0.9305972724649317,0.0,4.8,0.01063161342914868,0.009348031227512942,0.31024493020805805,0.583650393407434,0.0006412966949775413,125.0,2.1428835082018507,12.87451075540258,0.9914410270660027,,,,,,0.0
2025-02-17 04:00:00+00:00,0.16336646736230453,0.8366335325540321,0.0,0.0,2.0,0.9305972724649317,0.0,4.0,0.010626046017966162,0.009106118025324272,0.4169752207348374,0.5425942869723543,0.0006394633720920859,125.0,2.183107575889461,13.007646112246412,0.9913705217025762,,,,,,0.0
2025-02-17 08:00:00+00:00,0.8636097805131682,0.13639021940047097,0.0,0.0,2.0,0.8282007766087024,0.0,10.8,0.01136491514189404,0.011036553509306659,0.48049491685711926,0.5817369896859698,0.0006492828004104478,125.0,2.213293729341141,13.149479451619948,0.99002071716686,,,,,,0.0
2025-02-17 12:00:00+00:00,0.5501317069795026,0.4498682929654841,0.0,0.0,2.0,0.8282007766087024,0.0,10.4,0.011364141958765561,0.010700578097045676,0.6192103913860844,0.5978435594167902,0.000635192101650548,125.0,2.243427810318426,13.32865506318518,0.9875773498368301,,,,,,0.0
2025-02-17 16:00:00+00:00,0.6309028593942602,0.36909714054264964,0.0,0.0,2.0,0.8282007766087024,0.0,12.4,0.01157130983196763,0.01092844094687017,0.4235912847483121,0.6142902676297446,0.0006350212325976982,125.0,2.2654073789713935,13.554633768090545,0.9853314146017995,,,,,,0.0
2025-02-17 20:00:00+00:00,0.1476509839627864,0.8523490159519788,0.0,0.0,2.0,0.9305972724649317,0.0,13.200000000000001,0.011637259577538415,0.010861453861386315,0.4847202632816197,0.6346468543808119,0.000632898137901277,125.0,2.305803502992179,13.815679853089593,0.9848731259533744,,,,,,0.0
2025-02-18 00:00:00+00:00,0.23560105547657323,0.7643989444469869,0.0,0.0,2.0,0.9305972724649317,0.0,15.2,0.011756837071296003,0.01092178510595918,0.17655976676385002,0.7252146789861945,0.0006308163468059946,125.0,2.3356714790525372,14.066385309772357,0.9868547357885177,,,,,,0.0
2025-02-18 04:00:00+00:00,0.47123787995464145,0.5287621199924823,0.0,0.0,2.0,0.9305972724649317,0.0,16.8,0.011825884241984625,0.011189954677459426,0.6018290027580203,0.6113081909956988,0.0006299004839890361,125.0,2.365574020561698,14.267150271844029,0.9849750175206154,,,,,,0.0
2025-02-18 08:00:00+00:00,0.03164908068913556,0.9683509192140294,0.0,0.0,2.0,0.9305972724649317,0.0,16.8,0.011834076899092088,0.010868697462691163,0.5315752949340766,0.6167028015435273,0.0006255646181647869,125.0,2.400337101566682,14.588334272406058,0.9704843076121583,,,,,,0.0
2025-02-18 12:00:00+00:00,0.015125704737468703,0.9848742951640439,0.0,0.0,2.0,0.9305972724649317,0.0,11.200000000000001,0.011532700592875342,0.010550782443706448,0.3946188340807207,0.6846344061953198,0.0006234012983906089,125.0,2.4325121400176775,15.306461911809675,0.9533263857752603,,,,,,0.0
2025-02-18 16:00:00+00:00,0.08257753800144067,0.917422461906817,0.0,0.0,2.0,0.9305972724649317,0.0,4.8,0.010988865512212904,0.010993644402957753,0.888992682547101,0.6162637936362695,0.0006251200944677732,125.0,2.4642560611354076,16.340835225139863,0.9612489937118823,,,,,,0.0
2025-02-18 20:00:00+00:00,0.0751438956405596,0.9248561042669547,0.0,0.0,2.0,0.9305972724649317,0.0,7.6,0.011224028033694758,0.011336653149432253,0.2912016234236853,0.7655983548773662,0.000624619328484556,125.0,2.5018842647981803,16.7270294484606,0.9878189068002832,,,,,,0.0
2025-02-19 00:00:00+00:00,0.046119715855582076,0.9538802840490298,0.0,0.0,2.0,0.9305972724649317,0.0,8.4,0.011238718902610939,0.01117960019899134,0.18182571926042598,0.7255737599506784,0.0006201264852807036,125.0,2.53965832148179,16.7270294484606,0.9870841116261687,,,,,,0.0
2025-02-19 04:00:00+00:00,0.0288087100245615,0.9711912898783194,0.0,0.0,2.0,0.9305972724649317,0.0,7.6,0.01112395254624772,0.010913822519978503,0.22628195076054758,0.6480756893234829,0.0006176740367653816,125.0,2.5758923014236004,16.314867514516216,0.9804747222360107,,,,,,0.0
2025-02-19 08:00:00+00:00,0.04768806802469158,0.9523119318800772,0.0,0.0,2.0,0.9305972724649317,0.0,8.0,0.011158646849450393,0.010719001142554328,0.3808339845137448,0.6396969702866983,0.000616323200441758,125.0,2.611772266197721,15.946449893306339,0.9837438816655314,,,,,,0.0
2025-02-19 12:00:00+00:00,0.22821581413698744,0.7717841857858342,0.0,0.0,2.0,0.9305972724649317,0.0,9.6,0.0112388918107146,0.010749378980723815,0.5234736264597567,0.5119791971685218,0.0006152818244123299,125.0,2.6488574740529525,15.68132219310014,0.9832717749220201,,,,,,0.0
2025-02-19 16:00:00+00:00,0.03439722692968746,0.9656027729737522,0.0,0.0,2.0,0.9305972724649317,0.0,0.4,0.01048557944512123,0.010512766978664337,0.3982581155977846,0.5966977454431551,0.0006126464097154082,125.0,2.684805344620858,15.308398488748285,0.9768794872103804,,,,,,0.0
2025-02-19 20:00:00+00:00,0.038478507807842545,0.9615214920960052,0.0,0.0,2.0,0.9305972724649317,0.0,0.4,0.009902591616744588,0.010196730470586727,0.2578125000000013,0.5598528868893523,0.0006101144003633603,125.0,2.716733878052092,14.819161696589537,0.9731891706936234,,,,,,0.0
2025-02-20 00:00:00+00:00,0.023318958891912104,0.9766810410104197,0.0,0.0,2.0,0.9305972724649317,0.0,0.8,0.010010663693200306,0.010161492184676874,0.3533290789193802,0.6622628964623406,0.0006105251171501157,125.0,2.761510106670396,14.335073712204935,0.97569778791627,,,,,,0.0
2025-02-20 04:00:00+00:00,0.03660339285638268,0.9633966070472777,0.0,0.0,2.0,0.9305972724649317,0.0,0.4,0.009333187945404737,0.009904160487603052,0.033460692370040075,0.5736215469273325,0.0006072922353343993,125.0,2.7993090890967567,13.9661247221733,0.9817712187904462,,,,,,0.0
2025-02-20 08:00:00+00:00,0.06123210450129252,0.9387678954048306,0.0,0.0,2.0,0.9305972724649317,0.0,0.4,0.009212261045949017,0.00964814533058615,0.6586393738711669,0.5080868413647225,0.000605970622725354,125.0,2.8393318678885158,13.713347631279113,0.9866585668572124,,,,,,0.0
2025-02-20 12:00:00+00:00,0.06420291224604978,0.9357970876603705,0.0,0.0,2.0,0.9305972724649317,0.0,1.2,0.009351068260400821,0.009689187999717842,0.005547150781644714,0.5902663283430633,0.0006054648144464707,125.0,2.8824926296500406,13.518596678903306,0.9889569529604006,,,,,,0.0
2025-02-20 16:00:00+00:00,0.12655740895545356,0.8734425909572022,0.0,0.0,2.0,0.9305972724649317,0.0,1.6,0.0095277558958606,0.009910596447728235,0.2909662921348329,0.5995804047662853,0.000605801190214719,125.0,2.925167180536561,13.347716294585094,0.9903824125803203,,,,,,0.0
2025-02-20 20:00:00+00:00,0.05608428285331165,0.9439157170522967,0.0,0.0,2.0,0.9305972724649317,0.0,1.6,0.00935421176582954,0.009646567154609952,0.03539355520338022,0.5665727392106289,0.0006013613971259068,125.0,2.9656278891706145,13.204333567757494,0.993205047204064,,,,,,0.0
2025-02-21 00:00:00+00:00,0.04784772626944317,0.9521522736353416,0.0,0.0,2.0,0.9305972724649317,0.0,0.4,0.009090337320382997,0.0093695287064667,0.15928116977341256,0.5455624693273244,0.0005998123131832563,125.0,3.003877006088976,13.172468910724348,0.9977309243726435,,,,,,0.0
2025-02-21 04:00:00+00:00,0.04808378697331444,0.9519162129314939,0.0,0.0,2.0,0.9305972724649317,0.0,0.4,0.009057951658778297,0.00914514934302907,0.17194371152154733,0.5646312309028902,0.0005983755350596062,125.0,3.038468703858122,13.172468910724348,0.993898472443107,,,,,,0.0
2025-02-21 08:00:00+00:00,0.380376283783742,0.6196237161542956,0.0,0.0,2.0,0.9305972724649317,0.0,1.2,0.009171084373221606,0.009312483450856389,0.7988850320816246,0.6004480348898347,0.0005991300676133358,125.0,3.082276127555696,13.319098163104389,0.9883087197080663,,,,,,0.0
2025-02-21 12:00:00+00:00,0.5437436344955058,0.45625636545011977,0.0,0.0,2.0,0.8282007766087024,0.0,3.2,0.009507496325298223,0.010718045168783994,0.19368792053828818,0.6594885881088914,0.0006035498532366714,125.0,3.1289052027826734,13.551494656878644,0.9827595607022016,,,,,,0.0
2025-02-21 16:00:00+00:00,0.9191096364952919,0.08089036341279722,0.0,0.0,2.0,0.8282007766087024,0.0,8.0,0.010650034072100585,0.012907882676818142,0.4943233196021306,0.6199087939136168,0.0006089591447625176,125.0,3.178782928640443,13.889613832039082,0.9771202897645315,,,,,,0.0
2025-02-21 20:00:00+00:00,0.8586596415876538,0.14134035832648012,0.0,0.0,2.0,0.8282007766087024,0.0,8.799999999999999,0.010730594235721988,0.012684523901683595,0.3825060420152456,0.573936005220689,0.0005952109775625272,125.0,3.221556657720317,14.329602266422047,0.9734374465464364,,,,,,0.0
2025-02-22 00:00:00+00:00,0.6625860712339072,0.3374139286998342,0.0,0.0,2.0,0.8282007766087024,0.0,9.2,0.010763631772921585,0.012356443028300431,0.3747111562991029,0.5934831909730374,0.0005929540331553196,125.0,3.2612780801025663,14.822613022599183,0.9714232300169255,,,,,,0.0
2025-02-22 04:00:00+00:00,0.5116974694869516,0.48830253046187855,0.0,0.0,2.0,0.8282007766087024,0.0,8.799999999999999,0.01067289406899901,0.012007573043394093,0.5407645291619155,0.5383219049294027,0.0005912603932353244,125.0,3.298371087753782,15.367944505690541,0.9714292689350265,,,,,,0.0
2025-02-22 08:00:00+00:00,0.42028552940444003,0.5797144705375885,0.0,0.0,2.0,0.9305972724649317,0.0,12.0,0.01102410814553151,0.012460915658429042,0.054508520483014564,0.6257997060793418,0.0005951454551266181,125.0,3.334443903744316,15.897718388181474,0.9778571285666937,,,,,,0.0
2025-02-22 12:00:00+00:00,0.31871354466993285,0.6812864552619385,0.0,0.0,2.0,0.9305972724649317,0.0,15.2,0.011221262959125042,0.012664784901735495,1.0,0.6294595487378128,0.0005921792257426842,125.0,3.364966682484771,16.217851233907652,0.9823428373159678,,,,,,0.0
2025-02-22 16:00:00+00:00,0.021361887388290795,0.9786381125138452,0.0,0.0,2.0,0.9305972724649317,0.0,16.0,0.011228879994071935,0.012288579979624846,0.9077722813783852,0.6206173383770066,0.0005867315575570997,125.0,3.3906826268756114,16.599150724799067,0.9698386974865675,,,,,,0.0
2025-02-22 20:00:00+00:00,0.03788132607050348,0.9621186738332846,0.0,0.0,2.0,0.9305972724649317,0.0,17.599999999999998,0.011240116076223751,0.011930851565735548,0.7774444052241493,0.599307044764076,0.0005851970437783624,125.0,3.414168723769638,17.42794042350441,0.9528804339714158,,,,,,0.0
2025-02-23 00:00:00+00:00,0.04187678690193601,0.9581232130022518,0.0,0.0,2.0,0.9305972724649317,0.0,18.0,0.011256761288600297,0.011603746164539352,0.6002091321017758,0.5871517017501862,0.0005835728515634284,125.0,3.428881067064554,18.613880465425893,0.9643737876805007,,,,,,0.0
2025-02-23 04:00:00+00:00,0.7658637492256242,0.23413625069778943,0.0,0.0,2.0,0.8282007766087024,0.0,26.0,0.011911307472837276,0.012905563838809508,0.6665939975292489,0.5813026267398439,0.0005921010862359195,125.0,3.438184448971226,18.748580646495142,0.9926279329272653,,,,,,0.0
2025-02-23 08:00:00+00:00,0.05250343532793107,0.9474965645773193,0.0,0.0,2.0,0.9305972724649317,0.0,26.8,0.012003292167631567,0.012735400066897972,0.17851293809368,0.7231970152910502,0.000581337237189706,125.0,3.4352464045177378,18.748580646495142,0.9876474923600641,,,,,,0.0
2025-02-23 12:00:00+00:00,0.25581871338414364,0.7441812865414382,0.0,0.0,2.0,0.9305972724649317,0.0,26.8,0.011990666683160237,0.012414464175367554,0.09619925356082042,0.57829307769557,0.0005781133834734134,125.0,3.4204214519764538,18.391969048366217,0.9870049500592789,,,,,,0.0
2025-02-23 16:00:00+00:00,0.19102865096546748,0.8089713489536353,0.0,0.0,2.0,0.9305972724649317,0.0,27.6,0.012031721987870753,0.012234474737834237,0.2999999999999979,0.547840617126955,0.00057673457642485,124.0,3.402478556189098,18.16666567531535,0.9880167580808957,,,,,,0.0
2025-02-23 20:00:00+00:00,0.3238059165392697,0.6761940833931108,0.0,0.0,2.0,0.9305972724649317,0.0,26.8,0.011947444351600054,0.011905969710175155,0.4438396176314404,0.6647688412262706,0.0005735032846097393,125.0,3.369492197329523,17.86150713957916,0.9816073084600326,,,,,,0.0
2025-02-24 00:00:00+00:00,0.9743619332521083,0.025638066650455555,0.0,0.0,2.0,0.8282007766087024,0.0,32.0,0.013313246684367383,0.01465380635003902,0.5927155983615632,0.6072525728423228,0.0005964717909630478,125.0,3.4631419889608015,17.37183449377963,0.9759654274661089,,,,,,0.0
2025-02-24 04:00:00+00:00,0.14451387559693069,0.8554861243175207,0.0,0.0,2.0,0.9305972724649317,0.0,32.0,0.013304705745502687,0.014211626951058693,0.48324750460932187,0.6946178217984602,0.0005738584515872064,125.0,3.472157932387216,16.839905388895225,0.9763974332105614,,,,,,0.0
2025-02-24 08:00:00+00:00,0.3553471714685052,0.6446528284670295,0.0,0.0,2.0,0.9305972724649317,0.0,30.8,0.012741055061899967,0.014074999408923414,0.5337845589078818,0.653944765196337,0.0005748383513180179,125.0,3.4716565492716556,16.39789788888202,0.9813882460751188,,,,,,0.0
2025-02-24 12:00:00+00:00,0.6946670844955489,0.30533291543498436,0.0,0.0,2.0,0.8282007766087024,0.0,31.2,0.012853755524468635,0.013940617360956996,0.8268484646934938,0.5089064757878573,0.0005739914679232484,125.0,3.479449031954671,16.094514566279425,0.9889411225832073,,,,,,0.0
2025-02-24 16:00:00+00:00,0.24413271954650004,0.7558672803779132,0.0,0.0,2.0,0.9305972724649317,0.0,30.8,0.012718162966228182,0.013611148151875686,0.9586088265333558,0.6425226410652375,0.0005716032049168699,125.0,3.477708817797814,15.973070916756644,0.996403773640477,,,,,,0.0
2025-02-24 20:00:00+00:00,0.9925592085512356,0.007440791349508532,0.0,0.0,2.0,0.8282007766087024,0.0,41.6,0.014683189715328306,0.017949496193482423,0.9636775319590555,0.548457708945419,0.0006097619674387754,125.0,3.486532755277277,15.971651101536837,0.9996938646120788,,,,,,0.0
2025-02-25 00:00:00+00:00,0.35726237627169893,0.6427376236640272,0.0,0.0,2.0,0.9305972724649317,0.0,41.6,0.014627091278240181,0.01749599240982724,1.0,0.6459122211925882,0.0005706732698932726,125.0,3.481758290782781,15.971651101536837,0.9983369582642919,,,,,,0.0
2025-02-25 04:00:00+00:00,0.9762896758799989,0.023710324022372137,0.0,0.0,2.0,0.8282007766087024,0.0,64.0,0.01645648673595657,0.021252314881132744,1.0,0.6737677160171065,0.0006123140081920332,125.0,3.4869258813494195,16.022637048970815,0.9888217961132525,,,,,,0.0
2025-02-25 08:00:00+00:00,0.9173231196023622,0.08267688030590536,0.0,0.0,2.0,0.8282007766087024,0.0,64.8,0.017086842405501554,0.021664565036589548,0.6320161652447244,0.6663667683294713,0.0005820656122359885,125.0,3.4823170568591695,16.37094531276209,0.9802145751461575,,,,,,0.0
2025-02-25 12:00:00+00:00,0.6542607449922816,0.3457392549422923,0.0,0.0,2.0,0.8282007766087024,0.0,64.8,0.01712464810960876,0.02113761878548819,0.6381299332119009,0.689704147014314,0.000569564369816339,125.0,3.47255360856452,16.81564848276819,0.9754699443990704,,,,,,0.0
2025-02-25 16:00:00+00:00,0.8855278463943287,0.11447215351711858,0.0,0.0,2.0,0.8282007766087024,0.0,66.0,0.017497463352596943,0.02140317599738669,0.1412734892524002,0.6722069314164792,0.000578478331554544,125.0,3.4619339317586157,17.381343832335688,0.9632963151938637,,,,,,0.0
2025-02-25 20:00:00+00:00,0.4632946677913717,0.5367053321549577,0.0,0.0,2.0,0.9305972724649317,0.0,65.60000000000001,0.017375662433131434,0.0208856157703474,0.0020569305288298412,0.6521507077721955,0.0005685555518441618,125.0,3.448809080168323,18.37184565143401,0.9484294145882501,,,,,,0.0
2025-02-26 00:00:00+00:00,0.3784860566076565,0.6215139433301922,0.0,0.0,2.0,0.9305972724649317,0.0,65.2,0.01730410665719313,0.020254557557626302,0.6865263275448126,0.6700451060912124,0.0005659712299281633,125.0,3.433271959892621,19.708116398606798,0.9386532314213057,,,,,,0.0
2025-02-26 04:00:00+00:00,0.2095274175299514,0.7904725823910014,0.0,0.0,2.0,0.9305972724649317,0.0,64.8,0.017268393895351824,0.019650011936605746,0.4167771883289146,0.601017931679973,0.0005651714963448568,125.0,3.4170358054527,21.343315780427165,0.940710941532661,,,,,,0.0
2025-02-26 08:00:00+00:00,0.08694022622514963,0.9130597736835444,0.0,0.0,2.0,0.9305972724649317,0.0,64.4,0.01722909113626242,0.019143716314077065,0.4709122203098136,0.614392563265389,0.0005650146841301632,125.0,3.3996093371894607,22.797212487410054,0.9593939725861816,,,,,,0.0
2025-02-26 12:00:00+00:00,0.11773747880156031,0.8822625211102135,0.0,0.0,2.0,0.9305972724649317,0.0,64.8,0.01728127160363053,0.018907691491647692,0.47139865535104125,0.6729183853013442,0.000566474017028233,125.0,3.380168595227922,23.550891772725983,0.9807557742869064,,,,,,0.0
2025-02-26 16:00:00+00:00,0.976691094651513,0.02330890525081786,0.0,0.0,2.0,0.8282007766087024,0.0,66.4,0.019096773881912887,0.02289727055882571,1.0,0.676644224271552,0.0006125040513644385,125.0,3.363242611795287,23.87192180102457,0.9896772676932201,,,,,,0.0
2025-02-26 20:00:00+00:00,0.7540150741924762,0.24598492573212224,0.0,0.0,2.0,0.8282007766087024,0.0,66.4,0.019360523595388257,0.022596891356020617,0.6595072377129692,0.7186778701815177,0.0005679076236366522,125.0,3.340256849731152,24.153748332685375,0.9871181513068525,,,,,,0.0
2025-02-27 00:00:00+00:00,0.5568911777908431,0.4431088221534678,0.0,0.0,2.0,0.8282007766087024,0.0,66.0,0.019250856840772757,0.021913192948489462,0.6554019014693176,0.6436496794727192,0.0005615477276688321,125.0,3.315191939271613,24.627975029302902,0.9851801528166302,,,,,,0.0
2025-02-27 04:00:00+00:00,0.7432421823953396,0.2567578175303362,0.0,0.0,2.0,0.8282007766087024,0.0,66.4,0.019375863825058272,0.02139782399842117,0.45745534394662457,0.6501203534069532,0.0005628179359574757,125.0,3.288891097886402,25.019562097773992,0.9923180146508186,,,,,,0.0
2025-02-27 08:00:00+00:00,0.6042418442575954,0.39575815568198036,0.0,0.0,2.0,0.8282007766087024,0.0,65.60000000000001,0.01934522049806149,0.020747751231808734,0.3684003539474973,0.6204253378354125,0.0005598171456593135,125.0,3.2606182153636376,25.019562097773992,0.9897970230875742,,,,,,0.0
2025-02-27 12:00:00+00:00,0.4921028633754915,0.5078971365737187,0.0,0.0,2.0,0.9305972724649317,0.0,66.0,0.019372592237416098,0.02036703310146689,0.2643180476284223,0.6266268964914529,0.0005613006004495334,125.0,3.2345275204376893,24.4956142225665,0.9773242977615128,,,,,,0.0
2025-02-27 16:00:00+00:00,0.03774286899457056,0.9622571309092037,0.0,0.0,2.0,0.9305972724649317,0.0,64.4,0.019249252572864528,0.02002117581251204,0.47518035964251276,0.7152583197793136,0.0005606323921954847,125.0,3.204459622898715,23.67531234562461,0.970921328537824,,,,,,0.0
2025-02-27 20:00:00+00:00,0.01554859999654826,0.9844513999050066,0.0,0.0,2.0,0.9305972724649317,0.0,64.8,0.019324312712098474,0.01948101853630923,0.2341121046053294,0.756846437479814,0.0005584563079645236,125.0,3.1726697346796477,22.810523245219805,0.9691910297398072,,,,,,0.0
2025-02-28 00:00:00+00:00,0.9967801135153102,0.0032198863850119003,0.0,0.0,2.0,0.8282007766087024,0.0,80.80000000000001,0.021949745628253813,0.025842083434569917,0.8711075909791987,0.7382519820802502,0.0006421677970994173,125.0,3.1451759538336073,21.953693457357765,0.9660913268271253,,,,,,0.0
2025-02-28 04:00:00+00:00,0.9091137397625207,0.09088626014656795,0.0,0.0,2.0,0.8282007766087024,0.0,80.80000000000001,0.021989148684743314,0.025507604088134433,0.8890921482119157,0.7175912008909346,0.0005616455556847068,125.0,3.1098739338544528,20.991028502779915,0.9622690924644809,,,,,,0.0
2025-02-28 08:00:00+00:00,0.9147007330438919,0.085299266864638,0.0,0.0,2.0,0.8282007766087024,0.0,80.0,0.02194483764429289,0.024834321133412943,0.7384391445526822,0.6022005479314426,0.0005578629668530208,125.0,3.0739798198001256,20.01412770569095,0.9652470619912255,,,,,,0.0
2025-02-28 12:00:00+00:00,0.9868609105442452,0.01313908935706877,0.0,0.0,2.0,0.8282007766087024,0.0,82.8,0.02314369188526723,0.026452775324503883,0.20827594466734517,0.6127682460397857,0.0005907729791126366,125.0,3.0378186512820404,19.286272769961037,0.9764387501408602,,,,,,0.0
2025-02-28 16:00:00+00:00,0.6352557822905568,0.36474421764591763,0.0,0.0,2.0,0.8282007766087024,0.0,82.39999999999999,0.022794380090244277,0.02566091627368641,0.23701796333762384,0.7471532457091002,0.0005549837885802608,125.0,2.9986571457251707,18.9131176811198,0.9898940037039614,,,,,,0.0
2025-02-28 20:00:00+00:00,0.3927630665799638,0.6072369333593125,0.0,0.0,2.0,0.9305972724649317,0.0,81.6,0.02273912031143723,0.024891889681227523,0.5206096293730526,0.7390842111725178,0.0005541242277695871,125.0,2.957311709400536,18.9131176811198,0.9941716710350764,,,,,,0.0
2025-03-01 00:00:00+00:00,0.5673057949342106,0.4326942050090588,0.0,0.0,2.0,0.8282007766087024,0.0,82.39999999999999,0.02282019676341518,0.02428790754881814,1.0,0.5818763512021857,0.0005555070631864024,125.0,2.9139669191147908,19.110304651887137,0.9853900942036102,,,,,,0.0
2025-03-01 04:00:00+00:00,0.4594219770134229,0.5405780229325193,0.0,0.0,2.0,0.9305972724649317,0.0,82.39999999999999,0.02285153656337882,0.023830688934773324,0.6071679550245969,0.5990692633698246,0.0005551634148100591,125.0,2.868344024305383,19.53063092293194,0.9834855899048851,,,,,,0.0
2025-03-01 08:00:00+00:00,0.8347374585601014,0.16526254135642485,0.0,0.0,2.0,0.8282007766087024,0.0,80.4,0.022695841245600056,0.02363596095992137,0.32382238730372837,0.46428397444358155,0.0005571627998798746,125.0,2.8205812093461633,19.899087671408928,0.9880590948505519,,,,,,0.0
2025-03-01 12:00:00+00:00,0.052273639733768654,0.9477263601714588,0.0,0.0,2.0,0.9305972724649317,0.0,79.60000000000001,0.022455633272980058,0.022948926068854812,0.4683648315529999,0.6149028052801607,0.0005508499331480513,125.0,2.769966866700226,20.103257565464787,0.989043398734279,,,,,,0.0
2025-03-01 16:00:00+00:00,0.45750633377633426,0.5424936661694163,0.0,0.0,2.0,0.9305972724649317,0.0,82.39999999999999,0.02287654947224228,0.022931768329142337,0.0880418899171947,0.5647252156733549,0.0005595040655067856,125.0,2.7175416629516107,20.434739805860204,0.9775235959529655,,,,,,0.0
2025-03-01 20:00:00+00:00,0.4756136427270125,0.5243863572205489,0.0,0.0,2.0,0.9305972724649317,0.0,82.39999999999999,0.022876778080655902,0.022241550179943722,0.31167484620170127,0.49056955132434366,0.0005492038113584774,125.0,2.6614349040043113,21.207403878817146,0.9713435202372912,,,,,,0.0
2025-03-02 00:00:00+00:00,0.1274810480089641,0.8725189519037839,0.0,0.0,2.0,0.9305972724649317,0.0,82.39999999999999,0.022897788746664573,0.02156619994748673,0.07680154480821537,0.6089379186647923,0.0005485560352886452,125.0,2.6033279182372095,21.92161651870193,0.9814387616179783,,,,,,0.0
2025-03-02 04:00:00+00:00,0.10772503966837807,0.8922749602423943,0.0,0.0,2.0,0.9305972724649317,0.0,78.0,0.02239042557988405,0.020909412066571677,0.5287553648068603,0.5957020400328051,0.0005477344308165823,125.0,2.5411665835971005,21.92161651870193,0.9945030596456902,,,,,,0.0
2025-03-02 08:00:00+00:00,0.08252990904738325,0.9174700908608698,0.0,0.0,2.0,0.9305972724649317,0.0,78.4,0.022478149305926638,0.020363544091638545,0.8553681182162892,0.5742185741575145,0.0005483426801798656,125.0,2.475151886729148,21.88463546195561,0.9841593046685772,,,,,,0.0
2025-03-02 12:00:00+00:00,0.17586930781362417,0.8241306921039628,0.0,0.0,2.0,0.9305972724649317,0.0,78.8,0.022479184155859904,0.01976639188287614,0.19457780288053692,0.6212976654222271,0.0005462928118997462,125.0,2.4036754009083707,21.328043202129955,0.9782390193611155,,,,,,0.0
2025-03-02 16:00:00+00:00,0.9995067387178516,0.0004932611821976087,0.0,0.0,2.0,0.8282007766087024,0.0,100.0,0.028487022676775543,0.032808538948209315,0.9389232868086892,0.6592939303769625,0.0007814212864352523,125.0,2.332673347028819,20.74827105790184,0.9786671263044909,,,,,,0.0
2025-03-02 20:00:00+00:00,0.8906765871644625,0.10932341274646984,0.0,0.0,2.0,0.8282007766087024,0.0,100.0,0.028570683736770023,0.031964138629039636,0.9446030839520273,0.6894063107253705,0.000549426636009196,125.0,2.2475158951167638,20.243406567164946,0.9810926783383899,,,,,,0.0
2025-03-03 00:00:00+00:00,0.9653921288829774,0.03460787102048345,0.0,0.0,2.0,0.8282007766087024,0.0,99.2,0.028414818918037533,0.03190941505468899,0.562143788176963,0.6638573630586578,0.0005610069568080218,125.0,2.156020294249951,19.81054168885129,0.983448253262784,,,,,,0.0
2025-03-03 04:00:00+00:00,0.938041798496709,0.06195820140948682,0.0,0.0,2.0,0.8282007766087024,0.0,100.0,0.028572845746642487,0.03142528223388283,0.34594720859612227,0.7482915836113723,0.0005527714642563579,125.0,2.0548254161468833,19.440186763490594,0.9846457070907231,,,,,,0.0
2025-03-03 08:00:00+00:00,0.7398174958815766,0.2601825040444416,0.0,0.0,2.0,0.8282007766087024,0.0,100.0,0.02858216218510336,0.030631789043427445,0.2804728993977646,0.7297207978585525,0.0005466710367173096,125.0,1.9421424476393407,19.079294484865812,0.9867024887569302,,,,,,0.0
2025-03-03 12:00:00+00:00,0.8045860423298983,0.1954139575896431,0.0,0.0,2.0,0.8282007766087024,0.0,100.0,0.028847407568838766,0.0305761274449973,0.7557246101179177,0.740502887049705,0.0005571075517000846,125.0,1.8149772491256466,18.82041853985549,0.9935355412104587,,,,,,0.0
2025-03-03 16:00:00+00:00,0.9911058313092285,0.008894168591660841,0.0,0.0,2.0,0.8282007766087024,0.0,100.0,0.031228454512828515,0.03568256693521822,1.0,0.560454886141173,0.0006569733234268837,125.0,1.6705184581642454,18.82041853985549,0.9949213134074754,,,,,,0.0
2025-03-03 20:00:00+00:00,0.8366054382427242,0.16339456167361532,0.0,0.0,2.0,0.8282007766087024,0.0,99.6,0.030639816224852057,0.03489976892465326,0.7851399682684819,0.6329661608904315,0.0005502275734806693,125.0,1.497465838300913,19.023515267402605,0.987862893569254,,,,,,0.0
2025-03-04 00:00:00+00:00,0.9661522403574508,0.03384775954593391,0.0,0.0,2.0,0.8282007766087024,0.0,99.6,0.031023412323157994,0.034928615715927445,0.7962774094849573,0.6851600473090146,0.0005610893632886622,125.0,1.2881641786209053,19.379839338772612,0.9905360566120294,,,,,,0.0
2025-03-04 04:00:00+00:00,0.47381039411130804,0.526189605836073,0.0,0.0,2.0,0.9305972724649317,0.0,98.8,0.030101425447513725,0.0338722428044062,0.7494152841990764,0.7495624424604415,0.0005423090761192362,125.0,1.0221580566880741,19.379839338772612,0.9943767156449478,,,,,,0.0
2025-03-04 08:00:00+00:00,0.5313076858810171,0.46869231406585227,0.0,0.0,2.0,0.8282007766087024,0.0,98.4,0.029790725511953105,0.03292984669153471,0.5820344287949939,0.8112541948850378,0.0005435191336734254,125.0,0.6493643361295202,19.182027682672878,0.9880275984264855,,,,,,0.0
2025-03-04 12:00:00+00:00,0.6937215705525459,0.3062784293780819,0.0,0.0,2.0,0.8282007766087024,0.0,98.4,0.029809991771120765,0.032078718026973145,0.20521366503987745,0.7276893301180366,0.0005427903326968299,125.0,0.022259131641230962,18.87419735433809,0.9864650354124694,,,,,,0.0
2025-03-04 16:00:00+00:00,3.0354808395101834e-12,0.9999999998969644,0.0,0.0,2.0,0.85753125732685,0.0,98.8,0.030469969759520515,0.033089915896906665,0.10382368560807279,0.7156743697438694,0.0007501887555805152,125.0,0.5206772830058476,18.556413522854477,0.9856336458275952,,,,,,0.0
2025-03-04 20:00:00+00:00,0.17548903923294293,0.824510960684606,0.0,0.0,2.0,0.85753125732685,0.0,98.4,0.030406625604013148,0.03208213532048227,0.635970090515549,0.7822836938106854,0.0007046952848208735,125.0,0.6857061199241525,18.221469242588487,0.9839620966225813,,,,,,0.0
2025-03-05 00:00:00+00:00,0.7612334687869942,0.23876653113688254,0.0,0.0,2.0,0.954458632204564,0.0,98.4,0.030406836243250364,0.031128817987291748,0.5092586700604513,0.7808715563692115,0.000697157091901214,125.0,0.8021002970066103,17.84164611002997,0.9808155252707017,,,,,,0.0
2025-03-05 04:00:00+00:00,0.4581382144857601,0.5418617854600537,0.0,0.0,2.0,0.85753125732685,0.0,99.2,0.030643115992714857,0.030624860899053925,0.5780489139355479,0.7963621599837079,0.0007014152412758613,125.0,0.9050159039001477,17.38541154322525,0.9785484060358821,,,,,,0.0
2025-03-05 08:00:00+00:00,0.22063645014770236,0.7793635497743613,0.0,0.0,2.0,0.85753125732685,0.0,99.2,0.03065524229279134,0.029715024266190562,0.8563290759728965,0.807892894868103,0.0006883423356923012,125.0,0.9923612733883813,16.92814003236634,0.9806256648296621,,,,,,0.0
2025-03-05 12:00:00+00:00,0.5520328640662592,0.4479671358785374,0.0,0.0,2.0,0.954458632204564,0.0,98.8,0.030649143066087355,0.0290154732486622,0.13948132572344354,0.7469297017056735,0.0006833420122127372,125.0,1.0545387452012729,16.582878248930808,0.9859775505646007,,,,,,0.0
2025-03-05 16:00:00+00:00,0.975149589718232,0.024850410184253057,0.0,0.0,2.0,0.954458632204564,0.0,95.19999999999999,0.029556911928359696,0.02835139651328146,0.35874817826186894,0.7505803103954024,0.0006814153725508812,125.0,1.1225759236849613,16.361641472161256,0.9913132622893229,,,,,,0.0
2025-03-05 20:00:00+00:00,0.9842114642319032,0.015788535669675533,0.0,0.0,2.0,0.954458632204564,0.0,94.8,0.029473933524922044,0.02760539063712593,0.5657535206333654,0.7152165456693621,0.0006766874473533113,125.0,1.1920455486297268,16.238682466335327,0.9958057214679411,,,,,,0.0
2025-03-06 00:00:00+00:00,0.8554511513470255,0.14454884856742936,0.0,0.0,2.0,0.954458632204564,0.0,95.19999999999999,0.029674031902728087,0.027270398998900575,0.5718134715025923,0.7225110517100933,0.0006790071590038855,125.0,1.2466785831718732,16.20290084767858,0.9989483581746326,,,,,,0.0
2025-03-06 04:00:00+00:00,0.9374700117421896,0.06252998816406327,0.0,0.0,2.0,0.954458632204564,0.0,94.8,0.029624862856397274,0.026442412991673044,0.49807622504537463,0.7511767176692582,0.0006677568758711168,125.0,1.304604447260972,16.20213119193903,0.9996228270956453,,,,,,0.0
2025-03-06 08:00:00+00:00,0.9939998823162555,0.00600011758434447,0.0,0.0,2.0,0.954458632204564,0.0,94.8,0.02963805015616803,0.025666493303438696,0.9394707921210594,0.641091539962847,0.0006641601338230646,125.0,1.3542740170312533,16.189572916229658,0.9995585402668347,,,,,,0.0
2025-03-06 12:00:00+00:00,0.9589832053124089,0.04101679459169278,0.0,0.0,2.0,0.954458632204564,0.0,95.19999999999999,0.029694922831076796,0.025260115730579544,0.30823158723906935,0.5935491209247925,0.0006640818813698821,125.0,1.3948651081682752,16.189572916229658,0.9987820513224615,,,,,,0.0
2025-03-06 16:00:00+00:00,0.5516653944422194,0.44833460550261406,0.0,0.0,2.0,0.954458632204564,0.0,96.0,0.02990155845623979,0.025344248298023456,0.2657141105046913,0.6728685437768215,0.0006683787262233089,125.0,1.4475123916986747,16.229757305095063,0.9961887102752722,,,,,,0.0
2025-03-06 20:00:00+00:00,0.8676998927239563,0.13230010718927376,0.0,0.0,2.0,0.954458632204564,0.0,95.6,0.029880470544834187,0.024576655316093193,0.7351828499369479,0.6218289621763057,0.0006553305744640287,125.0,1.486447660511306,16.333981036643046,0.992649388970292,,,,,,0.0
2025-03-07 00:00:00+00:00,0.7514394164501782,0.24856058347467783,0.0,0.0,2.0,0.954458632204564,0.0,83.2,0.027978143337132236,0.024595990061940107,0.8141592920353983,0.6555712125150835,0.000662502288447163,125.0,1.537645509560917,16.5204924121398,0.9890560531590089,,,,,,0.0
2025-03-07 04:00:00+00:00,0.843401670998512,0.15659832891714776,0.0,0.0,2.0,0.954458632204564,0.0,82.8,0.027976809296730385,0.024365926105668716,0.5201700613011652,0.5958649934123784,0.0006602430498197223,125.0,1.5836144198684918,16.77568469682484,0.9871030521792304,,,,,,0.0
2025-03-07 08:00:00+00:00,0.825772356999948,0.1742276429174748,0.0,0.0,2.0,0.954458632204564,0.0,82.39999999999999,0.027947127558156128,0.023630691629606734,0.35734801340354044,0.6545594317981741,0.0006501977291961887,125.0,1.6188362860145387,17.050537587708206,0.9877271816736689,,,,,,0.0
2025-03-07 12:00:00+00:00,0.6448052438862258,0.3551947560492937,0.0,0.0,2.0,0.954458632204564,0.0,74.4,0.027085815030895712,0.022951264642022816,0.09843437708194643,0.7184597081216936,0.0006489804036588738,125.0,1.6633439639315488,17.28741019901315,0.9895484900540946,,,,,,0.0
2025-03-07 16:00:00+00:00,0.8326834920979036,0.16731650781882795,0.0,0.0,2.0,0.954458632204564,0.0,74.4,0.02716741642091004,0.022527954486491607,0.16201724020905642,0.6822706239819419,0.0006489201888842146,125.0,1.7054395139006786,17.492456835712233,0.9887043695082196,,,,,,0.0
2025-03-07 20:00:00+00:00,0.7248347841098874,0.2751652158176289,0.0,0.0,2.0,0.954458632204564,0.0,74.4,0.02727792545745749,0.02223605083707533,0.049942285494422645,0.6407829670707729,0.0006482994747188585,125.0,1.7461722721318438,17.770248499049153,0.9865020460149233,,,,,,0.0
2025-03-08 00:00:00+00:00,0.9840045714485841,0.01599542845301542,0.0,0.0,2.0,0.954458632204564,0.0,74.0,0.02720969983057475,0.021562703116976945,0.6098107290850021,0.713965145489815,0.0006425755212407984,125.0,1.7836439134250186,18.080058503810285,0.9897583474356667,,,,,,0.0
2025-03-08 04:00:00+00:00,0.9934097938211569,0.0065902060795022515,0.0,0.0,2.0,0.954458632204564,0.0,73.2,0.027125053643650695,0.02090587175135833,0.7101963567541991,0.7613810593957934,0.0006406177119270988,125.0,1.8218352800806568,18.11550380743862,0.9969692091123548,,,,,,0.0
2025-03-08 08:00:00+00:00,0.9920681583481495,0.007931841552643606,0.0,0.0,2.0,0.954458632204564,0.0,72.0,0.02695493159534581,0.020274810760834282,0.8891937802169138,0.7808980669214264,0.0006389018231554889,125.0,1.8602123953249396,18.11550380743862,0.9932902988216541,,,,,,0.0
2025-03-08 12:00:00+00:00,0.9662803476615431,0.033719652241828865,0.0,0.0,2.0,0.954458632204564,0.0,72.8,0.0270984944757514,0.0201613039812013,0.03475999054150004,0.789862114742986,0.0006436236714570537,125.0,1.9016772339181436,17.918956169374272,0.9926111331226877,,,,,,0.0
2025-03-08 16:00:00+00:00,0.9336760019789141,0.06632399792771834,0.0,0.0,2.0,0.954458632204564,0.0,72.0,0.027041645723523005,0.02013234170827273,0.9106966538672578,0.7554458332412968,0.0006433916386790734,125.0,1.9432144193355692,17.861274205270654,0.997125457987597,,,,,,0.0
2025-03-08 20:00:00+00:00,0.9856879907153135,0.014312009186117667,0.0,0.0,2.0,0.954458632204564,0.0,72.0,0.02707858530759975,0.01965547408988041,0.6067902943075935,0.8315260085620886,0.0006358075180453675,125.0,1.9809671089972425,17.861274205270654,0.9932856290802005,,,,,,0.0
2025-03-09 00:00:00+00:00,0.9808780242086663,0.019121975693245932,0.0,0.0,2.0,0.954458632204564,0.0,72.8,0.027106010916205164,0.019162608943787754,0.38233193110564456,0.6976379928170254,0.0006335539134860519,125.0,2.0179743091030993,18.075539694336758,0.9887538914169196,,,,,,0.0
2025-03-09 04:00:00+00:00,0.9700424267286241,0.02995757317437164,0.0,0.0,2.0,0.954458632204564,0.0,72.39999999999999,0.02710575112857627,0.018579029023162098,0.3524897959183697,0.6748432039424772,0.0006307826165329164,125.0,2.0529689665918522,18.358264619741426,0.9869286370644722,,,,,,0.0
2025-03-09 08:00:00+00:00,0.5461420861750225,0.4538579137703634,0.0,0.0,2.0,0.954458632204564,0.0,73.6,0.027203629795965686,0.018530729490015947,0.2864437489705133,0.782684795921058,0.0006329744790893232,125.0,2.08886321198699,18.66343446844878,0.9866381145638121,,,,,,0.0
2025-03-09 12:00:00+00:00,0.6171101701142645,0.38288982982402436,0.0,0.0,2.0,0.954458632204564,0.0,74.8,0.027421193990812987,0.018863535924252415,1.0,0.8013356475589127,0.0006347282349451796,125.0,2.125174247939684,18.969120682610452,0.9845918223568472,,,,,,0.0
2025-03-09 16:00:00+00:00,0.7949217735463485,0.20507822637415926,0.0,0.0,2.0,0.954458632204564,0.0,60.0,0.02148026770492688,0.019476245631822264,1.0,0.791452492116403,0.0006363382726934131,125.0,2.165443687382649,19.378183242329285,0.9755482761312743,,,,,,0.0
2025-03-09 20:00:00+00:00,0.9346583399872169,0.06534165991931712,0.0,0.0,2.0,0.954458632204564,0.0,59.599999999999994,0.021313319708584706,0.01903877185016676,1.0,0.726948715782172,0.0006254898327806058,125.0,2.197786751906517,20.12045314942667,0.9709097805457498,,,,,,0.0
2025-03-10 00:00:00+00:00,0.631444333116106,0.3685556668207494,0.0,0.0,2.0,0.954458632204564,0.0,59.199999999999996,0.021220718148855334,0.019004525550178286,0.6284260951158075,0.6443177416779372,0.0006297158726653693,125.0,2.234424638036092,20.81032615782405,0.9833425316989461,,,,,,0.0
2025-03-10 04:00:00+00:00,0.506038797249524,0.4939612026998721,0.0,0.0,2.0,0.954458632204564,0.0,58.8,0.021101204463189725,0.018540491803303492,0.39370556137353446,0.7766779489186861,0.0006226848970694082,125.0,2.258652127808015,20.81032615782405,0.9913611555868366,,,,,,0.0
2025-03-10 08:00:00+00:00,0.07218470715430549,0.927815292752913,0.0,0.0,2.0,0.85753125732685,0.0,60.0,0.021494902129137204,0.019005829355782936,0.16940245950484836,0.7752531707528743,0.0006319727292784835,125.0,2.3064736624649083,20.471208286053518,0.9790848174316815,,,,,,0.0
2025-03-10 12:00:00+00:00,0.0037682943516587006,0.9962317055487181,0.0,0.0,2.0,0.85753125732685,0.0,62.8,0.02250284765841709,0.022564447631200826,0.09382477645774696,0.7031043380436914,0.0006627717344831145,125.0,2.3585131415050506,19.843950391092527,0.9744155588761488,,,,,,0.0
2025-03-10 16:00:00+00:00,0.0007956851355384783,0.9992043147645411,0.0,0.0,2.0,0.85753125732685,0.0,60.8,0.022113690946722796,0.028786844656192568,0.41086244541484696,0.7241645939528105,0.0007147782126804269,125.0,2.438588599257236,19.22740284565031,0.973645651829358,,,,,,0.0
2025-03-10 20:00:00+00:00,0.053858999671170506,0.9461410002342153,0.0,0.0,2.0,0.85753125732685,0.0,59.199999999999996,0.021848186896247578,0.027915194193215195,0.5776289310065182,0.7471179899225537,0.0006264033991271314,125.0,2.4738815094262225,18.602910497300257,0.9708575509385762,,,,,,0.0
2025-03-11 00:00:00+00:00,0.016548344702866126,0.9834516551987887,0.0,0.0,2.0,0.85753125732685,0.0,57.599999999999994,0.02127314522299855,0.02714242040229351,0.6802778616732091,0.8216203747071373,0.0006248022290420477,125.0,2.5107439224419865,17.902002630428385,0.9681971750570733,,,,,,0.0
2025-03-11 04:00:00+00:00,0.020852089744085797,0.9791479101579994,0.0,0.0,2.0,0.85753125732685,0.0,58.8,0.021810981734170797,0.027248914296949187,0.674109292248436,0.6319524185627936,0.0006390316364011651,125.0,2.5576104556710875,17.208154708638446,0.9725676456278564,,,,,,0.0
2025-03-11 08:00:00+00:00,0.17576251530798914,0.8242374846095871,0.0,0.0,2.0,0.85753125732685,0.0,58.4,0.021761451558594807,0.026451865264444208,0.4455437026841015,0.713490755245436,0.0006228935431969168,125.0,2.595323769383347,16.96021199932433,0.9889283243500127,,,,,,0.0
2025-03-11 12:00:00+00:00,0.03588584755865182,0.9641141523449369,0.0,0.0,2.0,0.85753125732685,0.0,57.99999999999999,0.021700184930030505,0.02564604411973484,0.5327324478178354,0.835610494078607,0.0006199647970637742,125.0,2.631731340093641,16.96021199932433,0.976826137345555,,,,,,0.0
2025-03-11 16:00:00+00:00,0.9534073641169998,0.046592635787659556,0.0,0.0,2.0,0.954458632204564,0.0,55.2,0.02061695931571467,0.025305261237138724,0.7347547974413654,0.7481570811704413,0.0006256925880926836,125.0,2.6749703632157558,17.676048818080492,0.9577966992227948,,,,,,0.0
2025-03-11 20:00:00+00:00,0.9732366885381899,0.026763311364486352,0.0,0.0,2.0,0.954458632204564,0.0,55.2,0.02069583053622394,0.024789560067161737,0.5676300578034662,0.5526336414259229,0.0006189784161559548,125.0,2.7189933596989304,18.78693016450044,0.9447655457692645,,,,,,0.0
2025-03-12 00:00:00+00:00,0.6842348770203277,0.31576512291124886,0.0,0.0,2.0,0.954458632204564,0.0,55.2,0.02107864133459322,0.025051204244186998,0.2699216950713941,0.6239809105240902,0.0006257960283091711,125.0,2.765556810466397,20.225618412240458,0.9395374926322779,,,,,,0.0
2025-03-12 04:00:00+00:00,0.5276695723105396,0.4723304276366934,0.0,0.0,2.0,0.954458632204564,0.0,55.60000000000001,0.02111629219028125,0.024905920794785364,0.018094534711964882,0.6404405577389353,0.0006242780417240681,125.0,2.8114331405695117,21.787634303053615,0.9560847736188645,,,,,,0.0
2025-03-12 08:00:00+00:00,0.4110997955207689,0.5889002044203411,0.0,0.0,2.0,0.85753125732685,0.0,54.800000000000004,0.02109970078191243,0.024156935990981586,0.013419216317767036,0.6962617093541056,0.0006131731602038712,125.0,2.8544388465779402,22.483549176888296,0.9762984885321374,,,,,,0.0
2025-03-12 12:00:00+00:00,0.6056784011917798,0.3943215987476523,0.0,0.0,2.0,0.954458632204564,0.0,56.39999999999999,0.021299654960630354,0.024207618049940573,0.46162927981109897,0.5704007178880051,0.0006185329335036211,125.0,2.9012241503186047,23.09020662352114,0.9789844952820326,,,,,,0.0
2025-03-12 16:00:00+00:00,0.9340310157768047,0.06596898412979228,0.0,0.0,2.0,0.954458632204564,0.0,55.2,0.021149751084897608,0.023497343876167358,0.28663385081408493,0.5458175180785386,0.000610384907326071,125.0,2.9452629153389815,23.671647941670315,0.9845266600876871,,,,,,0.0
2025-03-12 20:00:00+00:00,0.5156503766702325,0.48434962327820247,0.0,0.0,2.0,0.954458632204564,0.0,55.60000000000001,0.021257259717193073,0.023111261248862678,0.2935375420246544,0.7128138551047032,0.0006133486196168467,125.0,2.9923846966449514,23.891548978406306,0.994723455516882,,,,,,0.0
2025-03-13 00:00:00+00:00,0.8875308336615697,0.11246916624967719,0.0,0.0,2.0,0.954458632204564,0.0,52.800000000000004,0.02090719998322387,0.0225741747693451,0.21723678365171084,0.6777325088983792,0.0006073040901799874,125.0,3.0382515002088657,23.891548978406306,0.9907732750516279,,,,,,0.0
2025-03-13 04:00:00+00:00,0.9899148561029306,0.010085143798077987,0.0,0.0,2.0,0.954458632204564,0.0,52.800000000000004,0.020907500576775255,0.02197149850581496,0.36573770491803187,0.5659982841879428,0.0006048651004027164,125.0,3.0825962686902106,23.469498411249454,0.9811976197954462,,,,,,0.0
2025-03-13 08:00:00+00:00,0.9686075183620833,0.031392481541056,0.0,0.0,2.0,0.954458632204564,0.0,53.2,0.02107890301106893,0.021619787207469834,0.3013379872018628,0.6161062968085699,0.0006079076313281293,125.0,3.1281980671686904,22.82198556656291,0.9752514062117262,,,,,,0.0
2025-03-13 12:00:00+00:00,0.9786955384733895,0.021304461428740977,0.0,0.0,2.0,0.954458632204564,0.0,52.400000000000006,0.02102138999761042,0.021209063972837637,0.020685034754208406,0.6567761277500125,0.0006028332609801753,125.0,3.170610788430797,22.088621204553103,0.9729785838984178,,,,,,0.0
2025-03-13 16:00:00+00:00,0.8993319421221837,0.10066805778788299,0.0,0.0,2.0,0.954458632204564,0.0,51.2,0.02077136905119505,0.020799145110203584,0.49756916821355884,0.676456807226807,0.0006010303232813023,125.0,3.21339843608471,21.35986950777933,0.9731045643510311,,,,,,0.0
2025-03-13 20:00:00+00:00,0.9602104816181821,0.03978951828579683,0.0,0.0,2.0,0.954458632204564,0.0,51.2,0.020820591571271144,0.02023616147341999,0.21256684491978595,0.674078415101007,0.0005994695404752325,125.0,3.2524070482492133,20.680633825132226,0.9750970370721472,,,,,,0.0
2025-03-14 00:00:00+00:00,0.9734616312074138,0.026538368695240067,0.0,0.0,2.0,0.954458632204564,0.0,50.4,0.02071673185765302,0.019885917953255117,0.15154684095860455,0.6828312059713895,0.0006003932989955384,125.0,3.2901544939359755,20.097625555368243,0.9786448602859192,,,,,,0.0
2025-03-14 04:00:00+00:00,0.9775801578629956,0.022419842039246355,0.0,0.0,2.0,0.954458632204564,0.0,49.2,0.020399842233077583,0.019286169315367467,0.08105707306240491,0.8618880348959109,0.0005951018813192294,125.0,3.3248255273165492,19.629429164291075,0.9821640578214027,,,,,,0.0
2025-03-14 08:00:00+00:00,0.9952471111741097,0.0047528887263655105,0.0,0.0,2.0,0.954458632204564,0.0,49.2,0.020420801064064256,0.01873617234549717,0.3604197497645633,0.6792450532622164,0.0005940465555184694,125.0,3.357710432520917,19.240095704572347,0.9850164397579068,,,,,,0.0
2025-03-14 12:00:00+00:00,0.9948925206557683,0.005107479244742515,0.0,0.0,2.0,0.954458632204564,0.0,49.2,0.02048474341398547,0.018339819677419038,1.0,0.612286574376501,0.0005942941112343265,125.0,3.3898623007456794,18.92363915822166,0.9879746759866395,,,,,,0.0
2025-03-14 16:00:00+00:00,0.9977143471601738,0.0022856527400548117,0.0,0.0,2.0,0.954458632204564,0.0,48.8,0.02046114505419945,0.017847387681034606,1.0,0.6589383598287242,0.0005915716357043859,125.0,3.4216403059973044,18.68368179271966,0.9904586574437989,,,,,,0.0
2025-03-14 20:00:00+00:00,0.9931373916663498,0.006862608234336409,0.0,0.0,2.0,0.954458632204564,0.0,47.599999999999994,0.020387549441171562,0.017539667742371794,0.33025747879148737,0.7196930949734619,0.0005900442692320302,125.0,3.443898066805586,18.48736186096121,0.992258040354591,,,,,,0.0
2025-03-15 00:00:00+00:00,0.9939097790279869,0.006090220872622039,0.0,0.0,2.0,0.954458632204564,0.0,48.0,0.020419138306066353,0.0170442484191126,0.378967706320729,0.724968930818331,0.0005881451153253885,125.0,3.4613106000108997,18.339985161009032,0.9961382810819578,,,,,,0.0
2025-03-15 04:00:00+00:00,0.9971598892049284,0.0028401106953557078,0.0,0.0,2.0,0.954458632204564,0.0,47.599999999999994,0.02041642502519593,0.016529246573349553,0.23183809092281982,0.5987914445502232,0.000585767763659851,125.0,3.4735418901413864,18.339985161009032,0.9933759017650815,,,,,,0.0
2025-03-15 08:00:00+00:00,0.9983404205156577,0.0016595793845081163,0.0,0.0,2.0,0.954458632204564,0.0,48.4,0.02044562702207906,0.01608832452835959,0.11777970511708505,0.603127677130093,0.0005854613022338658,125.0,3.484983699720395,18.595656334744543,0.9871776624629244,,,,,,0.0
2025-03-15 12:00:00+00:00,0.9977705371126695,0.0022294627875535018,0.0,0.0,2.0,0.954458632204564,0.0,46.0,0.02021366187536353,0.015638225419098224,0.06472968002942212,0.7266331359629549,0.0005837877358603353,125.0,3.4929858800158375,18.92331584100791,0.9889559017970437,,,,,,0.0
2025-03-15 16:00:00+00:00,0.9958379878358932,0.00416201206452297,0.0,0.0,2.0,0.954458632204564,0.0,45.6,0.01990371240602378,0.015162168286333131,0.7711838482716425,0.7252551286008172,0.0005816654203631875,125.0,3.4954947891665857,19.061494138409053,0.9960368961768958,,,,,,0.0
2025-03-15 20:00:00+00:00,0.9957167905590104,0.004283209341417818,0.0,0.0,2.0,0.954458632204564,0.0,45.2,0.019886516569565874,0.014700307246594905,0.6878130217028378,0.662813407974706,0.0005803364066177785,125.0,3.494018983630472,19.061494138409053,0.9955223363625174,,,,,,0.0
2025-03-16 00:00:00+00:00,0.9959920368858461,0.004007963014554559,0.0,0.0,2.0,0.954458632204564,0.0,44.800000000000004,0.01987243890383194,0.01430514187866695,0.3172638436482083,0.6129948794482981,0.0005789688325541718,125.0,3.4890507736696166,18.90223353666607,0.9932931434605653,,,,,,0.0
2025-03-16 04:00:00+00:00,0.9976451347053826,0.0023548651948529357,0.0,0.0,2.0,0.954458632204564,0.0,44.4,0.019871293289762955,0.013870476326310882,0.13263358778625944,0.6601286601612631,0.0005778024044172387,125.0,3.487349164862362,18.7509516044556,0.9960973718939967,,,,,,0.0
2025-03-16 08:00:00+00:00,0.6783570010260478,0.3216429989061165,0.0,0.0,2.0,0.954458632204564,0.0,45.6,0.020109207064800412,0.015062879301192572,0.9916589434661729,0.8328456390272267,0.0005865270325535529,125.0,3.4833657935475015,18.7509516044556,0.9956840604168335,,,,,,0.0
2025-03-16 12:00:00+00:00,0.9605438507317267,0.03945614917221881,0.0,0.0,2.0,0.954458632204564,0.0,45.2,0.019974268934694,0.014871987921037897,0.48842646714987,0.5630016437008953,0.0005788911114046163,125.0,3.478824424428253,18.918782189733903,0.9906092643836228,,,,,,0.0
2025-03-16 16:00:00+00:00,0.9426684731624464,0.05733152674328679,0.0,0.0,2.0,0.954458632204564,0.0,43.6,0.01959569198261996,0.014509120146433246,0.5577159230454345,0.6385673811316906,0.0005751078443648632,125.0,3.4749126696050863,19.175884148692933,0.9889985329465049,,,,,,0.0
2025-03-16 20:00:00+00:00,0.9255552587203281,0.07444474118711644,0.0,0.0,2.0,0.954458632204564,0.0,43.6,0.019564233846985146,0.01407771008792083,0.440433604336041,0.7529550900251266,0.0005743954841397066,125.0,3.474500009764365,19.43555448914532,0.9877255218700114,,,,,,0.0
2025-03-17 00:00:00+00:00,0.8597574335977629,0.14024256631626125,0.0,0.0,2.0,0.954458632204564,0.0,43.6,0.019421507183307735,0.013944233936670488,0.15163317694963327,0.7470084814961204,0.0005763278152366133,125.0,3.471604534860601,19.759698253199396,0.9814966353572413,,,,,,0.0
2025-03-17 04:00:00+00:00,0.9335071327649134,0.06649286714173597,0.0,0.0,2.0,0.954458632204564,0.0,42.4,0.019357261970131587,0.013558063879698358,0.40281030444965216,0.5850332193878653,0.0005723881747484191,125.0,3.4600248642883598,20.32401214783372,0.9742453549785632,,,,,,0.0
2025-03-17 08:00:00+00:00,0.9987986173304136,0.0012013825697063916,0.0,0.0,2.0,0.954458632204564,0.0,40.400000000000006,0.01890884663512917,0.013202626143772912,0.27518209273405725,0.6132545508761871,0.0005722057296207026,125.0,3.447527571518479,21.04201903271197,0.9683504155395857,,,,,,0.0
2025-03-17 12:00:00+00:00,0.9922521113896848,0.0077478885110900805,0.0,0.0,2.0,0.954458632204564,0.0,37.6,0.017158310591001286,0.012849638988478984,0.6978335233751475,0.6276063095354717,0.0005711420821636646,125.0,3.4321371723464136,21.95644329603224,0.9651736455938252,,,,,,0.0
2025-03-17 16:00:00+00:00,0.9932959190698333,0.006704080830837237,0.0,0.0,2.0,0.954458632204564,0.0,29.599999999999998,0.01249406928005435,0.012788455314294636,0.7765912603625162,0.7229247674288882,0.0005724409740296905,125.0,3.4144864797335677,22.916158365891846,0.9788721396037986,,,,,,0.0
2025-03-17 20:00:00+00:00,0.9967540031397213,0.00324599676060329,0.0,0.0,2.0,0.954458632204564,0.0,30.0,0.012564585741188374,0.01256085049232896,0.26628677036808884,0.5640059089678201,0.0005694598256593804,125.0,3.4044226478125026,22.916158365891846,0.991806363391254,,,,,,0.0
2025-03-18 00:00:00+00:00,0.9920063549331399,0.007993644967659468,0.0,0.0,2.0,0.954458632204564,0.0,31.6,0.012669723113562468,0.01259523548518561,0.0017056530214409453,0.5519937937379913,0.0005698974480979997,125.0,3.3842735449044064,22.579780770483744,0.979788703036224,,,,,,0.0
2025-03-18 04:00:00+00:00,0.9914009643315761,0.008599035569283823,0.0,0.0,2.0,0.954458632204564,0.0,25.6,0.011862840565262324,0.012220926558372848,0.07504591970611421,0.6694348910576918,0.0005675026245068047,125.0,3.3731531142225823,21.911523666475254,0.9766379489498055,,,,,,0.0
2025-03-18 08:00:00+00:00,0.9802489087110996,0.01975109119087545,0.0,0.0,2.0,0.954458632204564,0.0,26.400000000000002,0.01187389992306692,0.011957102163687944,0.3373388409062462,0.711541841288628,0.0005668410899829045,125.0,3.355336543554599,21.32522021966252,0.9767315522077685,,,,,,0.0
2025-03-18 12:00:00+00:00,0.9964804880722765,0.003519511828075356,0.0,0.0,2.0,0.954458632204564,0.0,26.8,0.011908058486149108,0.011689850767441974,0.89171881822151,0.6055725637472462,0.0005659564292858864,125.0,3.333740661564581,20.69710930151504,0.9732665312267994,,,,,,0.0
2025-03-18 16:00:00+00:00,0.9956109936892021,0.004389006211236751,0.0,0.0,2.0,0.954458632204564,0.0,22.8,0.011680593929298894,0.01173711790824648,0.28586387434554916,0.6170338146715678,0.0005682096906399581,125.0,3.314093086288767,19.973129078482973,0.9693006905679925,,,,,,0.0
2025-03-18 20:00:00+00:00,0.9744081005272399,0.02559189937531923,0.0,0.0,2.0,0.954458632204564,0.0,23.200000000000003,0.011684790706364708,0.011895093813908962,0.387323045529908,0.6804304448163211,0.0005682004865611453,125.0,3.291660842991187,19.196793850346126,0.9666674493080493,,,,,,0.0
2025-03-19 00:00:00+00:00,0.9905460614641545,0.009453938436790854,0.0,0.0,2.0,0.954458632204564,0.0,9.6,0.010761117023948419,0.011567621723684396,0.4125703105893864,0.6843559262555928,0.0005638760765204426,125.0,3.267055932584205,18.406164971199527,0.9666605824592099,,,,,,0.0
2025-03-19 04:00:00+00:00,0.9970470765626412,0.002952923337653973,0.0,0.0,2.0,0.954458632204564,0.0,4.8,0.010219398474477047,0.011245571132213673,0.5230059327620319,0.6027512366739439,0.0005626820201804701,125.0,3.24086000704303,17.692226202424973,0.9701656947402885,,,,,,0.0
2025-03-19 08:00:00+00:00,0.10984617488877728,0.8901538250222073,0.0,0.0,2.0,0.85753125732685,0.0,34.4,0.012633799938634,0.016107725213595624,0.9185305510433589,0.6251457702296787,0.000602478712243244,125.0,3.2171414706007795,17.112284532387886,0.9742302773631295,,,,,,0.0
2025-03-19 12:00:00+00:00,0.48589238469343154,0.5141076152551577,0.0,0.0,2.0,0.85753125732685,0.0,30.4,0.011996489610225494,0.015817488274811813,0.9171432202312875,0.7510495634449444,0.0005634344890380858,125.0,3.1878574381551426,16.61135280465422,0.9755908118997567,,,,,,0.0
2025-03-19 16:00:00+00:00,0.1937247886193985,0.8062752112999739,0.0,0.0,2.0,0.85753125732685,0.0,32.4,0.01210839148016616,0.015486672545434933,0.6697024893746224,0.8540045140854873,0.0005618402068460857,125.0,3.1680637821689577,16.11893332777599,0.9747892320095652,,,,,,0.0
2025-03-19 20:00:00+00:00,0.40663502116255074,0.5933649787781128,0.0,0.0,2.0,0.85753125732685,0.0,31.2,0.012021402630553292,0.015318369363774372,0.7058399423215591,0.7185471414817616,0.0005629471740786792,125.0,3.1399335932029793,15.61618251278864,0.9753373084030172,,,,,,0.0
2025-03-20 00:00:00+00:00,0.24312859507488763,0.7568714048494252,0.0,0.0,2.0,0.85753125732685,0.0,33.6,0.012183051934302162,0.01538318175062968,0.46895695364238404,0.7475594571748176,0.0005632245221699262,125.0,3.109575479322201,15.17497317008201,0.9794175474677433,,,,,,0.0
2025-03-20 04:00:00+00:00,0.20259493605690618,0.7974050638633533,0.0,0.0,2.0,0.85753125732685,0.0,33.6,0.012178569336507909,0.015031678884974413,0.1819309123117806,0.7437386838860521,0.0005593805238151212,125.0,3.0779939207973834,14.852176062127501,0.9836998789379897,,,,,,0.0
2025-03-20 08:00:00+00:00,0.9949918830936639,0.005008116806836899,0.0,0.0,2.0,0.954458632204564,0.0,32.800000000000004,0.012098918990144899,0.014740895513747163,0.5402925411102022,0.5967041110527552,0.0005589272445330383,125.0,3.044562690564085,14.582048933427199,0.9864056195009875,,,,,,0.0
2025-03-20 12:00:00+00:00,0.9973391102106604,0.0026608896896058412,0.0,0.0,2.0,0.954458632204564,0.0,30.0,0.011989926113466559,0.014451968122915907,0.5376884422110563,0.5407001981400589,0.0005580644493740652,125.0,3.00947482710498,14.367034731932199,0.9924575071740296,,,,,,0.0
2025-03-20 16:00:00+00:00,0.9982642974307966,0.0017357024693769323,0.0,0.0,2.0,0.954458632204564,0.0,26.400000000000002,0.011785319788514968,0.014016787235937992,0.9302672324807899,0.46402286286318856,0.0005563993396676076,124.0,2.972258398788751,14.367034731932199,0.9946549486644224,,,,,,0.0
2025-03-20 20:00:00+00:00,0.9990728362606627,0.0009271636394301286,0.0,0.0,2.0,0.954458632204564,0.0,25.6,0.011763624634183763,0.013631622550862447,0.6265812650120073,0.5762897888046759,0.0005558949813358491,125.0,2.9323424698361604,14.51396004272062,0.9894331783106419,,,,,,0.0
2025-03-21 00:00:00+00:00,0.9958944794247014,0.004105520475709162,0.0,0.0,2.0,0.954458632204564,0.0,22.400000000000002,0.011631630394752991,0.013233661591559287,0.5559786747905546,0.7165934694243106,0.0005550645362038526,125.0,2.91010843110501,14.713689635193997,0.9881170299861852,,,,,,0.0
2025-03-21 04:00:00+00:00,0.9972368337314591,0.0027631661688170602,0.0,0.0,2.0,0.954458632204564,0.0,22.8,0.011633765377521761,0.012831445993429173,0.34714445688689816,0.6426860082814845,0.0005543227834141727,125.0,2.8727947736950066,14.94219162836225,0.9845397623366787,,,,,,0.0
2025-03-21 08:00:00+00:00,0.9990214116433496,0.000978588256748306,0.0,0.0,2.0,0.954458632204564,0.0,24.4,0.011654451371584272,0.012501113604304994,0.17509727626459176,0.5905100246668601,0.0005538592393608919,125.0,2.833093315106757,15.277530592113266,0.9811931896510099,,,,,,0.0
2025-03-21 12:00:00+00:00,0.9968911181980709,0.0031088817022400118,0.0,0.0,2.0,0.954458632204564,0.0,24.0,0.011639964775205644,0.012294400684046703,0.5866698633421189,0.6393896410883431,0.0005539186759552789,125.0,2.7994569520564707,15.64623185170597,0.9828226536865361,,,,,,0.0
2025-03-21 16:00:00+00:00,0.9928342022339253,0.007165797666791292,0.0,0.0,2.0,0.954458632204564,0.0,26.0,0.011738760530378872,0.01226378153897961,0.1779992880028485,0.7691130548858106,0.0005551192523393484,125.0,2.757842913234606,15.933003644190254,0.9878611438763892,,,,,,0.0
2025-03-21 20:00:00+00:00,0.9970758466880678,0.002924153212224665,0.0,0.0,2.0,0.954458632204564,0.0,22.400000000000002,0.011603237804785192,0.01193083641330251,0.21221426134425245,0.5869793402750872,0.000551904794912716,125.0,2.71409326105373,16.11506430599229,0.9928958071919732,,,,,,0.0
2025-03-22 00:00:00+00:00,0.9949879444949338,0.005012055405567492,0.0,0.0,2.0,0.954458632204564,0.0,26.0,0.011681145937301716,0.011835336848910482,0.11603919546157822,0.6391650184752171,0.0005531724652340213,125.0,2.6685898379871924,16.208163691021397,0.9962739422707771,,,,,,0.0
2025-03-22 04:00:00+00:00,0.9963596699421137,0.0036403299582502724,0.0,0.0,2.0,0.954458632204564,0.0,25.6,0.011678602716509036,0.01147703309540289,0.2452884477053696,0.6789320667147999,0.0005504425698415053,125.0,2.620810869770226,16.261036863836484,0.9962031106839241,,,,,,0.0
2025-03-22 08:00:00+00:00,0.9877943692055141,0.01220563069570638,0.0,0.0,2.0,0.954458632204564,0.0,25.6,0.01165809166673774,0.011153634258906116,0.6707749451291564,0.7826773681621126,0.0005500570452326751,125.0,2.5712147623048764,16.35743317781167,0.9936263425516981,,,,,,0.0
2025-03-22 12:00:00+00:00,0.9992230095870779,0.0007769903129998591,0.0,0.0,2.0,0.954458632204564,0.0,24.8,0.01164997160032435,0.010825593697761012,0.3119562515535675,0.6066868087821682,0.0005490800400914575,125.0,2.5174352941429534,16.51433021798423,0.991945264731821,,,,,,0.0
2025-03-22 16:00:00+00:00,0.9992556782205358,0.0007443216795385804,0.0,0.0,2.0,0.954458632204564,0.0,26.400000000000002,0.011667513470464512,0.010563765598505621,0.7178877259752676,0.5711634161520801,0.0005489671502038657,125.0,2.462143925576102,16.683265821718717,0.9918182223584402,,,,,,0.0
2025-03-22 20:00:00+00:00,0.9966995596884588,0.0033004402118712345,0.0,0.0,2.0,0.954458632204564,0.0,29.2,0.011740530484160865,0.010417041169252966,0.14592274678111833,0.6035359517995801,0.0005483262297720932,125.0,2.4004983340692885,16.848652571926724,0.9915651127396319,,,,,,0.0
2025-03-23 00:00:00+00:00,0.9940747802735587,0.005925219627033817,0.0,0.0,2.0,0.954458632204564,0.0,34.0,0.011888257871014067,0.010668419725974425,0.38432423907900876,0.6621878788412002,0.000550633553571804,125.0,2.33291990285807,17.03135442160633,0.9908283402429551,,,,,,0.0
2025-03-23 04:00:00+00:00,0.9947897888749275,0.005210211025593419,0.0,0.0,2.0,0.954458632204564,0.0,34.0,0.011886623268838903,0.010343495067819017,0.31004518595759745,0.578806802325831,0.0005459863401259699,123.0,2.2574112850917056,17.231276854586532,0.990390205270828,,,,,,0.0
2025-03-23 08:00:00+00:00,0.9981882128481612,0.0018117870520199689,0.0,0.0,2.0,0.954458632204564,0.0,12.4,0.01099076703816436,0.010028429822893708,0.40424739195231035,0.5316729184223027,0.0005449960614026768,124.0,2.1718741901708354,17.436994734013123,0.9912325561707924,,,,,,0.0
2025-03-23 12:00:00+00:00,0.9942412357115489,0.0057587641890269456,0.0,0.0,2.0,0.954458632204564,0.0,11.200000000000001,0.010884013795068962,0.009723366064041226,0.2508944543828269,0.5978429047604086,0.0005438414476134222,125.0,2.0721915716234616,17.604839093659976,0.9946324192771682,,,,,,0.0
2025-03-23 16:00:00+00:00,0.9795900194123284,0.020409980489712647,0.0,0.0,2.0,0.954458632204564,0.0,11.200000000000001,0.010864366648920586,0.009519764035136167,0.39466467215158796,0.7293960582405604,0.000543985212654234,125.0,2.053658588118599,17.658319899703425,0.9985300431254913,,,,,,0.0
2025-03-23 20:00:00+00:00,0.9941580930236563,0.005841906876927887,0.0,0.0,2.0,0.954458632204564,0.0,11.600000000000001,0.01087644494716686,0.009304481156180327,0.11632183908045973,0.6190417678394969,0.0005435935332897327,125.0,1.9635072290193634,17.66126129624317,0.9963457964512578,,,,,,0.0
2025-03-24 00:00:00+00:00,0.9915281765729246,0.008471823327922587,0.0,0.0,2.0,0.954458632204564,0.0,10.8,0.010766398008366648,0.009080211741672206,0.21029755934470057,0.59812385658466,0.0005428001371389152,125.0,1.8672315252021034,17.797015574456086,0.9904053937075875,,,,,,0.0
2025-03-24 04:00:00+00:00,0.8807879522168827,0.11921204769503857,0.0,0.0,2.0,0.954458632204564,0.0,23.200000000000003,0.01143179044746986,0.011002180494549865,0.7264351523742032,0.664801960184428,0.000554336736141451,125.0,1.7557341371659292,18.07275929555206,0.9852130140045302,,,,,,0.0
2025-03-24 08:00:00+00:00,0.9580828579609787,0.04191714194321296,0.0,0.0,2.0,0.954458632204564,0.0,23.599999999999998,0.011509889858093847,0.011011323558153784,0.7979458450046696,0.6527326046102575,0.0005430792785407528,125.0,1.62074597257824,18.45021490924495,0.9808850680361333,,,,,,0.0
2025-03-24 12:00:00+00:00,0.9434306864486053,0.05656931345705174,0.0,0.0,2.0,0.954458632204564,0.0,24.0,0.011516064178482036,0.010681170719974434,0.9421079172970268,0.6956846321598738,0.0005399741887744665,125.0,1.4584494144409517,18.936058691161126,0.9772827495501177,,,,,,0.0
2025-03-24 16:00:00+00:00,0.9787986308733294,0.021201369028790717,0.0,0.0,2.0,0.954458632204564,0.0,23.200000000000003,0.011417746335363358,0.010356568468370495,0.9126117179741801,0.6260714064112546,0.000539597546706122,125.0,1.336659297756585,19.504379507429135,0.9656369329934452,,,,,,0.0
2025-03-24 20:00:00+00:00,0.9906031959528306,0.009396803948109142,0.0,0.0,2.0,0.954458632204564,0.0,22.0,0.011340644896040919,0.010077656902234578,0.7482110912343429,0.6458585116141798,0.0005391822934277104,125.0,1.1399794354740442,20.566876472763823,0.9500088723225922,,,,,,0.0
2025-03-25 00:00:00+00:00,0.7348351747746552,0.2651648251518613,0.0,0.0,2.0,0.954458632204564,0.0,24.8,0.011542650380834803,0.010771177999632103,0.360969563421012,0.8230416519921274,0.0005441991935746143,125.0,0.9070034125752456,22.028643659816694,0.9472060479464336,,,,,,0.0
2025-03-25 04:00:00+00:00,0.9931871550364748,0.006812844864206377,0.0,0.0,2.0,0.954458632204564,0.0,24.8,0.011562643475918255,0.010550143665007599,0.5951573849878891,0.734321963913074,0.0005388704837971933,125.0,0.5753249252529434,23.41183311459171,0.9542399210889541,,,,,,0.0
2025-03-25 08:00:00+00:00,0.9983955600779019,0.0016044398222584233,0.0,0.0,2.0,0.954458632204564,0.0,23.200000000000003,0.011503801260250494,0.010337085896237006,0.2992741485203791,0.6056023676124679,0.00053881383648676,125.0,0.03027171044388658,24.645859291192192,0.9519189204897521,,,,,,0.0
2025-03-25 12:00:00+00:00,1.7823664295293265e-08,0.9999999820763358,0.0,0.0,2.0,0.8189696301363938,0.0,23.200000000000003,0.011437509741151005,0.010022744146691506,0.29741077676696875,0.6141147728419083,0.0006503045417568765,125.0,0.48247348182692895,26.320670608631367,0.9461693981630867,,,,,,0.0
2025-03-25 16:00:00+00:00,0.9921917316493148,0.007808268251465985,0.0,0.0,2.0,0.9698817646026894,0.0,20.8,0.01132725727189802,0.00976559363635556,0.07962399778821885,0.6698659908298239,0.0006512027922512913,125.0,0.6541505350643928,28.1212052146091,0.9641616228549607,,,,,,0.0
2025-03-25 20:00:00+00:00,0.9512295755329289,0.04877042437194818,0.0,0.0,2.0,0.9698817646026894,0.0,17.2,0.011207215644022392,0.009533628775160624,0.5263640531866004,0.6945978417120512,0.0006463635564386827,125.0,0.7667664371895355,28.33359631366682,0.9925607758892266,,,,,,0.0
2025-03-26 00:00:00+00:00,0.9985181097129662,0.0014818901871821051,0.0,0.0,2.0,0.9698817646026894,0.0,20.8,0.011305905827341537,0.009465938710903017,0.13936126088760306,0.5481288237383846,0.0006423126036744476,125.0,0.8529092412270614,28.33359631366682,0.9936781209477621,,,,,,0.0
2025-03-26 04:00:00+00:00,0.9968629881997775,0.003137011700536267,0.0,0.0,2.0,0.9698817646026894,0.0,22.0,0.01135598254973517,0.009489021288931684,0.01752503576537927,0.6005315015145913,0.0006402704201034967,125.0,0.9390772056808147,28.33359631366682,0.9965262023767075,,,,,,0.0
2025-03-26 08:00:00+00:00,0.9629612841073539,0.03703871579635005,0.0,0.0,2.0,0.9698817646026894,0.0,0.4,0.008620974105841887,0.009200565136659572,0.01752503576537927,0.7238993896508135,0.0006339531698580548,125.0,1.0005474575129742,28.207698404170316,0.9953520441890872,,,,,,0.0
2025-03-26 12:00:00+00:00,0.35128797116936233,0.6487120287657665,0.0,0.0,2.0,0.8189696301363938,0.0,3.5999999999999996,0.009504846832897328,0.011188962212034154,0.6102347056560192,0.6984555513609918,0.0006442785730788487,125.0,1.0680039913167914,28.143466877296834,0.9832782543743922,,,,,,0.0
2025-03-26 16:00:00+00:00,0.7679427590847722,0.23205724083843352,0.0,0.0,2.0,0.9698817646026894,0.0,3.5999999999999996,0.009456256247986147,0.01095184513031879,0.6207412953949796,0.6597364001519729,0.0006306080766314032,125.0,1.131230671304677,27.339506965190907,0.9714214081914802,,,,,,0.0
2025-03-26 20:00:00+00:00,0.7851271364241925,0.21487286349729484,0.0,0.0,2.0,0.9698817646026894,0.0,2.4,0.00927868927274438,0.010685436996926275,0.39591918785807395,0.6899238249574653,0.000627123127101693,125.0,1.1765827936870286,26.24387568509147,0.9667990132427677,,,,,,0.0
2025-03-27 00:00:00+00:00,0.689923016306514,0.31007698362449365,0.0,0.0,2.0,0.9698817646026894,0.0,1.6,0.009093970571643059,0.010692302961083,0.3745051464766445,0.7437571778990674,0.0006271582611655872,125.0,1.2378831830148915,25.20394345916656,0.9695187702887692,,,,,,0.0
2025-03-27 04:00:00+00:00,0.9655934871531909,0.034406512750249765,0.0,0.0,2.0,0.9698817646026894,0.0,0.8,0.009021381969015144,0.010384572964864123,0.39923954372623643,0.6981303865710693,0.0006220056098956687,125.0,1.28551906976449,24.36058635368674,0.9767250663773063,,,,,,0.0
2025-03-27 08:00:00+00:00,0.9198866932285855,0.08011330667942587,0.0,0.0,2.0,0.9698817646026894,0.0,0.8,0.008941734748335843,0.010142995202063868,0.06919302994417062,0.6139784176188146,0.000619036617049122,125.0,1.323735107401296,23.820369615112263,0.983813862274641,,,,,,0.0
2025-03-27 12:00:00+00:00,0.9944710676548131,0.005528932245739705,0.0,0.0,2.0,0.9698817646026894,0.0,0.8,0.008872339482403712,0.009920559536404132,0.09855727446549362,0.5874213325752977,0.0006165405302943623,125.0,1.3618332014505379,23.41768137663701,0.987797787971781,,,,,,0.0
2025-03-27 16:00:00+00:00,0.9945997311716481,0.005400268728891866,0.0,0.0,2.0,0.9698817646026894,0.0,0.8,0.008871639886651581,0.009619261999224074,0.10669670284661159,0.6971829777780074,0.0006146180818126819,125.0,1.4103312341876753,23.122099707333035,0.9938144633356553,,,,,,0.0
2025-03-27 20:00:00+00:00,0.9978881099595391,0.002111889940671929,0.0,0.0,2.0,0.9698817646026894,0.0,0.8,0.008849494849206245,0.00932659120994421,1.0,0.6142330761294571,0.0006121641707674626,125.0,1.4434720140570478,23.104774917979316,0.9987120948778392,,,,,,0.0
2025-03-28 00:00:00+00:00,0.9954754874102986,0.004524512490153821,0.0,0.0,2.0,0.9698817646026894,0.0,0.8,0.008843290469136043,0.009054298239250951,1.0,0.5563580993839148,0.0006105583982453709,125.0,1.4827962494999285,23.052155807757774,0.9934282143442839,,,,,,0.0
2025-03-28 04:00:00+00:00,0.15044107037848656,0.8495589295365574,0.0,0.0,2.0,0.8189696301363938,0.0,27.6,0.01137146662376763,0.01429454143871617,1.0,0.5762413547339873,0.0006456184541815584,125.0,1.541676019515505,22.761463332605032,0.9905541170017308,,,,,,0.0
2025-03-28 08:00:00+00:00,0.5618842081662457,0.4381157917775659,0.0,0.0,2.0,0.9698817646026894,0.0,27.6,0.01137182434404787,0.013914323124911521,1.0,0.60235612478581,0.0006118386051012428,125.0,1.581949506046949,22.526051175457525,0.9949125813144539,,,,,,0.0
2025-03-28 12:00:00+00:00,0.8684966502225644,0.1315033496905859,0.0,0.0,2.0,0.9698817646026894,0.0,30.0,0.011518390896189652,0.013970942256277478,1.0,0.6110660090684369,0.0006130643492034789,125.0,1.6198936458970739,22.526051175457525,0.996941666857083,,,,,,0.0
2025-03-28 16:00:00+00:00,0.8250324600414659,0.17496753987603086,0.0,0.0,2.0,0.9698817646026894,0.0,25.2,0.011346288412270747,0.013547587515081703,0.971630141098771,0.5383300994557528,0.0006086534607487478,125.0,1.6561174111329908,22.663709173920687,0.9919734337025968,,,,,,0.0
2025-03-28 20:00:00+00:00,0.8271182686726805,0.17288173124460782,0.0,0.0,2.0,0.9698817646026894,0.0,30.0,0.011519146070395817,0.013461573299191674,0.6770080189299336,0.5432144198747654,0.00061021923862595,125.0,1.6977611364723346,22.94977645696748,0.9881619026887233,,,,,,0.0
2025-03-29 00:00:00+00:00,0.5425760225200746,0.4574239774256677,0.0,0.0,2.0,0.9698817646026894,0.0,26.8,0.011392834863484391,0.013056959148879149,0.15501613151021557,0.6916620387661044,0.0006061142068750729,125.0,1.7355641292309487,23.327955536548703,0.9874006119054908,,,,,,0.0
2025-03-29 04:00:00+00:00,0.9971388038870271,0.00286119601325892,0.0,0.0,2.0,0.9698817646026894,0.0,28.000000000000004,0.011482957090241382,0.012911254292216224,0.26705756929637714,0.6240951044857541,0.0006058577383773227,125.0,1.772596523931174,23.66902468859996,0.9809299296798617,,,,,,0.0
2025-03-29 08:00:00+00:00,0.9777973520952,0.02220264780702023,0.0,0.0,2.0,0.9698817646026894,0.0,38.4,0.011785258291042567,0.0133685214049545,0.33526710176456376,0.5246821937345972,0.0006081533647845546,125.0,1.8060802827122493,24.415030987886155,0.9646650786326465,,,,,,0.0
2025-03-29 12:00:00+00:00,0.9964945248939113,0.0035054750064391115,0.0,0.0,2.0,0.9698817646026894,0.0,38.800000000000004,0.011785599267734707,0.012975015778011119,0.39981251464729123,0.596952458430402,0.0006018406263946285,125.0,1.8416877651745667,25.770533653060323,0.9678310297814836,,,,,,0.0
2025-03-29 16:00:00+00:00,0.8780481891141001,0.1219518107980951,0.0,0.0,2.0,0.9698817646026894,0.0,37.2,0.01176130551594259,0.012689286898235062,0.921981094394886,0.6342107556096431,0.0006010986154459157,125.0,1.8834730322987991,26.18574339791295,0.9902739071527242,,,,,,0.0
2025-03-29 20:00:00+00:00,0.9352233433790176,0.06477665652745995,0.0,0.0,2.0,0.9698817646026894,0.0,35.6,0.011732328121330564,0.012302941075292758,0.9848755671662325,0.7352048004323197,0.0005992056951065165,125.0,1.920603268555442,26.18574339791295,0.9871206476298795,,,,,,0.0
2025-03-30 00:00:00+00:00,0.994118164004443,0.005881835896145216,0.0,0.0,2.0,0.9698817646026894,0.0,26.400000000000002,0.011490943003171722,0.011955140363327475,0.7785291631445488,0.5876477944231998,0.0005978822511541867,125.0,1.956529701600089,25.59078367261418,0.9878220337418315,,,,,,0.0
2025-03-30 04:00:00+00:00,0.9977468154751747,0.00225318442505062,0.0,0.0,2.0,0.9698817646026894,0.0,26.400000000000002,0.011503610630405437,0.01159971661485236,0.26088574618533533,0.5425629034269778,0.0005958389374576288,125.0,1.9875427892223483,25.59078367261418,0.9935456235792359,,,,,,0.0
2025-03-30 08:00:00+00:00,0.9876303763785029,0.012369623522734012,0.0,0.0,2.0,0.9698817646026894,0.0,26.0,0.011499288515104414,0.01126038109559811,0.25310267017675747,0.7618392936622347,0.0005939329984181516,125.0,2.0188780385232135,25.863661944871108,0.9868917977851865,,,,,,0.0
2025-03-30 12:00:00+00:00,0.9537093847034716,0.0462906152011574,0.0,0.0,2.0,0.9698817646026894,0.0,30.0,0.011571954086501711,0.011233150169022803,0.41277350680070873,0.6921134910239333,0.0005938968929853655,125.0,2.0542749318880897,26.298161311319905,0.9887619187831156,,,,,,0.0
2025-03-30 16:00:00+00:00,0.9982545759403881,0.001745423959786299,0.0,0.0,2.0,0.9698817646026894,0.0,29.2,0.011569525956685454,0.010891215406327108,0.41193853427895016,0.5729249641206586,0.0005910777548696125,125.0,2.0965234203079772,26.58085808775741,0.9922599400648688,,,,,,0.0
2025-03-30 20:00:00+00:00,0.9645043258901193,0.03549567401343034,0.0,0.0,2.0,0.9698817646026894,0.0,26.8,0.011516450517890504,0.010594768765053789,0.7692082968156461,0.5910596558530555,0.0005892610313676635,125.0,2.12902027608808,26.800391655417922,0.9922488883081818,,,,,,0.0
2025-03-31 00:00:00+00:00,0.9478220315798097,0.05217796832540806,0.0,0.0,2.0,0.9698817646026894,0.0,23.599999999999998,0.011474142056678583,0.010348979601719942,0.9715852442671905,0.6488711701922162,0.0005875361238253519,125.0,2.1612190235511326,27.088586863713,0.9863044832266471,,,,,,0.0
2025-03-31 04:00:00+00:00,0.8539871058450971,0.14601289406950424,0.0,0.0,2.0,0.9698817646026894,0.0,10.0,0.010488291239821167,0.010033741386616496,0.9578947368420936,0.7043141094424861,0.0005848417587401594,125.0,2.1765554587234983,27.694097354765475,0.9740875917711725,,,,,,0.0
2025-03-31 08:00:00+00:00,0.9666088136950088,0.03339118620833021,0.0,0.0,2.0,0.9698817646026894,0.0,9.6,0.010395379820786756,0.009928014030487079,0.009345794392522132,0.5461833584068816,0.0005832173934050973,125.0,2.1712079197896332,28.830840552555077,0.9648809275077114,,,,,,0.0
2025-03-31 12:00:00+00:00,0.9470615460713506,0.05293845383394327,0.0,0.0,2.0,0.9698817646026894,0.0,13.200000000000001,0.010806708338857616,0.010373728141550936,0.4719271623672198,0.5951361295844532,0.0005843497937488857,125.0,2.1773915312335235,30.17729943010167,0.9688905208470167,,,,,,0.0
2025-03-31 16:00:00+00:00,0.9768265118528622,0.023173488049455033,0.0,0.0,2.0,0.9698817646026894,0.0,13.600000000000001,0.010825307743106322,0.01024192589553897,0.29525222551929076,0.7045768493786666,0.0005823746381163637,125.0,2.2742740501731546,31.10716860495944,0.9834765656027361,,,,,,0.0
2025-03-31 20:00:00+00:00,0.9963577930396059,0.0036422068607582588,0.0,0.0,2.0,0.9698817646026894,0.0,13.600000000000001,0.010825262353126563,0.009955384315761031,0.3763203531451987,0.6530318846389797,0.0005804724232239231,125.0,2.3113190401756536,31.249547885898394,0.9966163923617019,,,,,,0.0
2025-04-01 00:00:00+00:00,0.9976501329157547,0.0023498669844802885,0.0,0.0,2.0,0.9698817646026894,0.0,11.200000000000001,0.010656003401871715,0.0098000616709363,0.4787878787878786,0.6237756679792087,0.0005801237871682012,125.0,2.3464441069606297,31.249547885898394,0.9981834779824151,,,,,,0.0
2025-04-01 04:00:00+00:00,0.9650273239701043,0.03497267593339308,0.0,0.0,2.0,0.9698817646026894,0.0,12.4,0.010759586647525646,0.009834161366650983,0.5078377705896989,0.7045139576061542,0.0005805316034325997,125.0,2.3989342736889645,31.249547885898394,0.9914616492218262,,,,,,0.0
2025-04-01 08:00:00+00:00,0.9874140095553778,0.012585990345880616,0.0,0.0,2.0,0.9698817646026894,0.0,12.0,0.01072961208586132,0.009594813178980347,0.3370202781967505,0.6539993656865625,0.0005780613888364109,125.0,2.441280135861147,31.81464114941651,0.981702716396645,,,,,,0.0
2025-04-01 12:00:00+00:00,0.7001661033797645,0.29983389655021886,0.0,0.0,2.0,0.9698817646026894,0.0,39.6,0.0118328020623252,0.011832650092265857,0.8956692913385794,0.677561654636714,0.0005916032434402308,125.0,2.487324200379624,32.66229951990464,0.9776840909404401,,,,,,0.0
2025-04-01 16:00:00+00:00,0.984246660758953,0.015753339142622433,0.0,0.0,2.0,0.9698817646026894,0.0,39.2,0.011805238977558507,0.011526979930810676,0.833063671837819,0.6211406634273348,0.0005766342043577635,125.0,2.5323090599107716,33.60093263817258,0.9773484576287317,,,,,,0.0
2025-04-01 20:00:00+00:00,0.9836133740583972,0.01638662584324132,0.0,0.0,2.0,0.9698817646026894,0.0,38.800000000000004,0.011798652262451281,0.011193609024974693,0.7188655980271261,0.585086751271605,0.0005752864899825615,125.0,2.571155746466225,34.353519384137826,0.9882389019357833,,,,,,0.0
2025-04-02 00:00:00+00:00,0.7681360489204727,0.23186395100271365,0.0,0.0,2.0,0.9698817646026894,0.0,42.0,0.011937343957545983,0.01147668871146519,0.20620386807437283,0.6493050828956235,0.0005781313654011304,125.0,2.6221850539127245,34.353519384137826,0.9868129306716403,,,,,,0.0
2025-04-02 04:00:00+00:00,0.8579917734244062,0.14200822648979466,0.0,0.0,2.0,0.9698817646026894,0.0,38.4,0.011800835254602774,0.011225800561874737,0.023496325864101535,0.5919341022263157,0.0005743651987060215,125.0,2.6740804045026927,33.497127994824424,0.9848289602534477,,,,,,0.0
2025-04-02 08:00:00+00:00,0.9880918535696424,0.011908146331548417,0.0,0.0,2.0,0.9698817646026894,0.0,38.800000000000004,0.011818306231919595,0.010896349018739237,0.8622837370242212,0.5194052697570625,0.0005729481491709323,125.0,2.7174315414894368,33.39496722770694,0.9954369515994888,,,,,,0.0
2025-04-02 12:00:00+00:00,0.9855293253770466,0.014470674524400455,0.0,0.0,2.0,0.9698817646026894,0.0,24.8,0.011501211823128762,0.011356017772186281,0.11138522264709486,0.5269899631912635,0.0005769226730948502,125.0,2.7707918268419562,33.39496722770694,0.9895941128008247,,,,,,0.0
2025-04-02 16:00:00+00:00,0.9674042626042407,0.03259573729901893,0.0,0.0,2.0,0.9698817646026894,0.0,27.6,0.0115232124053098,0.01109204150009937,0.07330024241024935,0.6046619760261551,0.0005719596933150107,125.0,2.817373365610958,33.96988528156458,0.9845972007580651,,,,,,0.0
2025-04-02 20:00:00+00:00,0.004422728391143009,0.9955772715092992,0.0,0.0,2.0,0.8189696301363938,0.0,50.8,0.014914830898609286,0.018787823542988226,0.4665213150496304,0.6897971932098496,0.0006378323632418138,125.0,2.89032520967548,34.362675591980334,0.991586449386822,,,,,,0.0
2025-04-03 00:00:00+00:00,0.3030887440129775,0.6969112559173315,0.0,0.0,2.0,0.8189696301363938,0.0,50.8,0.015062414973936468,0.018652718082437573,0.20934579439252288,0.6393733430158736,0.0005766002054270649,125.0,2.9351954376063207,34.362675591980334,0.9870875762778335,,,,,,0.0
2025-04-03 04:00:00+00:00,0.8765618719857995,0.12343812792654436,0.0,0.0,2.0,0.9698817646026894,0.0,50.8,0.015067412214413538,0.018127137009007026,0.2705585039171086,0.5461750424775661,0.0005715391749241901,125.0,2.9764107507490802,33.62215350640044,0.9859532148521037,,,,,,0.0
2025-04-03 08:00:00+00:00,0.28871691052285314,0.7112830894060185,0.0,0.0,2.0,0.8189696301363938,0.0,50.8,0.015120922436082861,0.017786080919856714,0.568462945036032,0.6706619760066699,0.0005722332881082641,125.0,3.018481834942641,33.21835750852842,0.9902169911659655,,,,,,0.0
2025-04-03 12:00:00+00:00,0.5001108024362576,0.49988919751373134,0.0,0.0,2.0,0.9698817646026894,0.0,50.8,0.015131763087384648,0.017335556356551977,0.6853109743154311,0.6580630948797159,0.0005703616620882938,125.0,3.0563727897835813,32.826065204982,0.982588454114646,,,,,,0.0
2025-04-03 16:00:00+00:00,0.8230082124210301,0.17699178749666913,0.0,0.0,2.0,0.9698817646026894,0.0,50.8,0.015153335925022174,0.01682208393119805,0.09819691269944149,0.5423764333761792,0.0005690806689227265,125.0,3.091441580471616,31.865624827104217,0.9708958773083127,,,,,,0.0
2025-04-03 20:00:00+00:00,0.9947346566158048,0.005265343284721688,0.0,0.0,2.0,0.9698817646026894,0.0,50.8,0.015441937203818454,0.016810346098068446,0.09393978550200276,0.5960724721371676,0.0005729053735513232,125.0,3.1246050040789264,30.570567138701527,0.9656458997052216,,,,,,0.0
2025-04-04 00:00:00+00:00,0.9248718063387076,0.07512819356880517,0.0,0.0,2.0,0.9698817646026894,0.0,50.8,0.015537507788082456,0.01663010873073181,0.24202788887687743,0.6934930601635476,0.000570221313381718,125.0,3.15595586788348,29.29264935925785,0.977814814750254,,,,,,0.0
2025-04-04 04:00:00+00:00,0.7608566427019497,0.23914335722196461,0.0,0.0,2.0,0.9698817646026894,0.0,46.800000000000004,0.014134198842067658,0.01646980327761577,0.2315453515906521,0.753220862486026,0.0005701735304137696,125.0,3.1818321344782436,29.101323145911522,0.9967380834577858,,,,,,0.0
2025-04-04 08:00:00+00:00,0.5328677455006589,0.4671322544460544,0.0,0.0,2.0,0.9698817646026894,0.0,46.800000000000004,0.014381132876832101,0.016614336735540462,0.01476077366813718,0.6362450805513025,0.0005715151051496043,125.0,3.205237394242628,29.081856582861516,0.9900106887652468,,,,,,0.0
2025-04-04 12:00:00+00:00,0.9682554654496924,0.03174453445348205,0.0,0.0,2.0,0.9698817646026894,0.0,46.400000000000006,0.014273044174356084,0.0161824770203758,0.06399097356544213,0.5363034599224501,0.0005664527632722986,125.0,3.2239698544469935,28.479678113619002,0.9762941818436417,,,,,,0.0
2025-04-04 16:00:00+00:00,0.8277919566195817,0.17220804329763909,0.0,0.0,2.0,0.9698817646026894,0.0,46.400000000000006,0.014338802665320099,0.015813699053243528,0.06864188443135856,0.6154892266000653,0.0005661810697376689,125.0,3.2378282468518162,27.47037769599637,0.9690301508435807,,,,,,0.0
2025-04-04 20:00:00+00:00,0.9915136324608655,0.008486367439983052,0.0,0.0,2.0,0.9698817646026894,0.0,45.6,0.014214639669592721,0.015360693200260367,0.2611744084136714,0.577322053811354,0.000564625877193151,125.0,3.2488237175884143,26.39769070909717,0.9696874942931358,,,,,,0.0
2025-04-05 00:00:00+00:00,0.9976101954205611,0.0023898044796778336,0.0,0.0,2.0,0.9698817646026894,0.0,45.6,0.01421516407965922,0.014922419032919562,0.10708939991835784,0.4583854272191813,0.0005638351827505511,125.0,3.256819126775156,25.50866270773497,0.9752177893495746,,,,,,0.0
2025-04-05 04:00:00+00:00,0.9985628584389817,0.0014371414611619056,0.0,0.0,2.0,0.9698817646026894,0.0,44.800000000000004,0.01414704763409394,0.01447508833354013,0.6774791473586643,0.46260786412026267,0.0005631244658619742,125.0,3.2619907434881994,24.850270506384504,0.9807416467213569,,,,,,0.0
2025-04-05 08:00:00+00:00,0.999060644879991,0.0009393550201029433,0.0,0.0,2.0,0.9698817646026894,0.0,44.0,0.013855079850370633,0.014056063862979681,0.3221779548472717,0.6052578777725675,0.0005625247928391665,125.0,3.265032995656539,24.337110563357523,0.9836843060481619,,,,,,0.0
2025-04-05 12:00:00+00:00,0.9959249087691482,0.004075091131259237,0.0,0.0,2.0,0.9698817646026894,0.0,44.0,0.014013862108131757,0.014065679465239315,0.5744855967078162,0.6592385717960677,0.0005647802997075346,125.0,3.266323029687731,23.877412164696935,0.984570606348418,,,,,,0.0
2025-04-05 16:00:00+00:00,0.9992803612080237,0.0007196386920482386,0.0,0.0,2.0,0.9698817646026894,0.0,43.6,0.013981910784020385,0.013637218884031948,0.8271251193887255,0.5662955813966518,0.0005612860591559152,125.0,3.2646001325485736,23.43452466820353,0.9854776051163877,,,,,,0.0
2025-04-05 20:00:00+00:00,0.9612910974048414,0.03870890249902948,0.0,0.0,2.0,0.9698817646026894,0.0,44.4,0.014144864351498199,0.013616249874070152,0.06571331290432192,0.5835955193671893,0.0005638078853181592,125.0,3.261775916327916,23.04371301235066,0.9884406576325846,,,,,,0.0
2025-04-06 00:00:00+00:00,0.989611537339744,0.010388462561294852,0.0,0.0,2.0,0.9698817646026894,0.0,44.0,0.01413916949006543,0.013212351728969923,0.055471252739844566,0.5917440321634924,0.0005603069176297078,125.0,3.2572145714738463,22.78528788384994,0.9925932093304897,,,,,,0.0
2025-04-06 04:00:00+00:00,0.9854834440542196,0.01451655584723213,0.0,0.0,2.0,0.9698817646026894,0.0,44.800000000000004,0.014169898987927022,0.012917860073847988,0.14837336576467003,0.536569357470127,0.0005602676292877941,125.0,3.250951016782382,22.634349856733557,0.9949346336192509,,,,,,0.0
2025-04-06 08:00:00+00:00,0.9795649231786412,0.020435076723402373,0.0,0.0,2.0,0.9698817646026894,0.0,44.800000000000004,0.014182873021216204,0.01257960044918505,0.1456032719836429,0.5781325419725272,0.000559496556634485,125.0,3.2483526333449904,22.504630239398324,0.9950074324958721,,,,,,0.0
2025-04-06 12:00:00+00:00,0.9014341201635241,0.09856587974633262,0.0,0.0,2.0,0.9698817646026894,0.0,46.0,0.014312174973529187,0.012855472338067936,0.28851325393776406,0.5934917255238926,0.0005628259936367836,125.0,3.2435878731698136,22.35934550769936,0.9950362079818428,,,,,,0.0
2025-04-06 16:00:00+00:00,0.012425406010229904,0.9875745938910127,0.0,0.0,2.0,0.8189696301363938,0.0,54.800000000000004,0.018723605794987098,0.02301519069569116,0.9578387010912982,0.6013696781319983,0.0006645464899417176,125.0,3.25368324810298,22.232909819574047,0.9962000530781152,,,,,,0.0
2025-04-06 20:00:00+00:00,0.08710385472648514,0.9128961451822253,0.0,0.0,2.0,0.8189696301363938,0.0,55.60000000000001,0.019136643009031278,0.02336100239140579,1.0,0.5949654252611538,0.0005706881738530644,125.0,3.244942325659121,22.154088053495606,0.996599986261626,,,,,,0.0
2025-04-07 00:00:00+00:00,0.157510587959586,0.8424894119561651,0.0,0.0,2.0,0.8189696301363938,0.0,58.8,0.019398189585605605,0.023388779346997995,1.0,0.5663519398484828,0.0005665992870314956,125.0,3.234778490593382,22.04909653046055,0.9956619555681084,,,,,,0.0
2025-04-07 04:00:00+00:00,0.05107687486907697,0.9489231250360308,0.0,0.0,2.0,0.8189696301363938,0.0,68.8,0.02096922024721518,0.026437227942155753,1.0,0.5158325824378271,0.0006057936792226013,125.0,3.2290932380736947,22.04909653046055,0.9918287087043,,,,,,0.0
2025-04-07 08:00:00+00:00,0.24494935165991352,0.7550506482645815,0.0,0.0,2.0,0.8189696301363938,0.0,70.8,0.021112708058350416,0.025912024639417965,0.8583048742626517,0.5603389592414808,0.0005636544460338485,125.0,3.2145374524440506,22.3512916617941,0.9723243400691939,,,,,,0.0
2025-04-07 12:00:00+00:00,0.020985660391802576,0.979014339510296,0.0,0.0,2.0,0.8189696301363938,0.0,78.0,0.022434124503730928,0.027758714879914714,0.2662387284120436,0.6149808014674185,0.0006001689199056493,125.0,3.2037057596829044,23.40653765938039,0.9546054305597144,,,,,,0.0
2025-04-07 16:00:00+00:00,0.884031526436745,0.11596847347485176,0.0,0.0,2.0,0.9698817646026894,0.0,77.60000000000001,0.022431053243535982,0.026968948464644024,0.15571968697793048,0.6026964790678913,0.0005583664443772074,125.0,3.188026146006396,24.95666970236104,0.9449501094358347,,,,,,0.0
2025-04-07 20:00:00+00:00,0.9239921807477778,0.07600781915982298,0.0,0.0,2.0,0.9698817646026894,0.0,78.4,0.022474417671617487,0.026177060330795088,0.04870047943477208,0.6071631831097497,0.0005581936796103469,125.0,3.1701810916189546,26.78040027704284,0.9440142082429722,,,,,,0.0
2025-04-08 00:00:00+00:00,0.8109031830210313,0.18909681689787827,0.0,0.0,2.0,0.9698817646026894,0.0,80.0,0.022718475128902616,0.025852759026947683,0.8499999999999999,0.6132946681410819,0.0005647010023041274,125.0,3.152872756741259,28.630413446787458,0.9559240276201119,,,,,,0.0
2025-04-08 04:00:00+00:00,0.9246814775375218,0.07531852237001,0.0,0.0,2.0,0.9698817646026894,0.0,79.2,0.022626137281234384,0.02515906803097074,0.637103809246874,0.6600394209119955,0.0005572091462686686,125.0,3.1328563392818323,29.824356609026232,0.9800678010931323,,,,,,0.0
2025-04-08 08:00:00+00:00,0.9172801683286425,0.0827198315796296,0.0,0.0,2.0,0.9698817646026894,0.0,79.60000000000001,0.022710632986990886,0.024544648385886526,0.3907737368806439,0.6690431534908007,0.00055860401079415,125.0,3.1114883165433724,29.824356609026232,0.9912934141722238,,,,,,0.0
2025-04-08 12:00:00+00:00,0.8288294218833383,0.17117057803377866,0.0,0.0,2.0,0.9698817646026894,0.0,78.4,0.022618907936270093,0.025415894565653355,0.10808483994677896,0.6114136554823633,0.0005747370088141134,125.0,3.0914233056178433,29.331286431336032,0.9773838532351607,,,,,,0.0
2025-04-08 16:00:00+00:00,0.0546862180519046,0.9453137818535641,0.0,0.0,2.0,0.8189696301363938,0.0,83.2,0.023358976184309828,0.02681758208893092,0.46806781864471114,0.6398773845473006,0.0005824602372124914,125.0,3.07125641116249,28.322839410779025,0.9739431609503143,,,,,,0.0
2025-04-08 20:00:00+00:00,0.19593978388411196,0.8040602160354821,0.0,0.0,2.0,0.8189696301363938,0.0,83.2,0.02341206524893493,0.026024162524348617,0.69673824578977,0.7081334983946383,0.0005555657892187838,125.0,3.0466509612711254,27.523124693273836,0.9776563297821924,,,,,,0.0
2025-04-09 00:00:00+00:00,0.04255736460202065,0.9574426353022351,0.0,0.0,2.0,0.8189696301363938,0.0,83.2,0.023882389178460223,0.026881493086774365,0.758355781702085,0.6409470968234813,0.0005743552443839233,125.0,3.0222515675288975,26.81574055278365,0.9774863427558476,,,,,,0.0
2025-04-09 04:00:00+00:00,0.014794715860152415,0.985205284041327,0.0,0.0,2.0,0.8189696301363938,0.0,83.2,0.025167267827009173,0.028276755525855873,0.422322653538858,0.6617387111015417,0.0005914882067768313,125.0,2.996925457126089,26.045905735556044,0.9741874194477884,,,,,,0.0
2025-04-09 08:00:00+00:00,0.015356715012284543,0.984643284889251,0.0,0.0,2.0,0.8189696301363938,0.0,83.2,0.025226295768831657,0.027817508794229354,0.34710630729237846,0.729927467893928,0.0005582398613171222,125.0,2.9801567400096793,25.17220193266173,0.9700050814400432,,,,,,0.0
2025-04-09 12:00:00+00:00,0.1654744899067801,0.8345255100097673,0.0,0.0,2.0,0.8189696301363938,0.0,83.2,0.02531003564759661,0.027434526052866812,0.10161875372205066,0.696129947610401,0.0005620484646439022,125.0,2.9552950183046076,24.199746218378955,0.9668436721591048,,,,,,0.0
2025-04-09 16:00:00+00:00,0.005192364223099638,0.9948076356774196,0.0,0.0,2.0,0.8189696301363938,0.0,96.0,0.030031264334329556,0.036035340621883835,0.5016816816816815,0.6430701895146008,0.0007457913051166501,125.0,2.941460833222364,23.207366347985527,0.9663393892152918,,,,,,0.0
2025-04-09 20:00:00+00:00,0.5259327594420012,0.47406724050540555,0.0,0.0,2.0,0.9698817646026894,0.0,91.2,0.028694898835126288,0.03519976344367882,0.8160455655004069,0.5528312479632235,0.0005600349634666495,125.0,2.912370984982672,22.284774016778773,0.967850591736044,,,,,,0.0
2025-04-10 00:00:00+00:00,0.72684942246904,0.27315057745827503,0.0,0.0,2.0,0.9698817646026894,0.0,91.60000000000001,0.028916527159888905,0.035007469391602444,0.4531074980482674,0.5553603476637263,0.0005685333074030703,125.0,2.8843877633892374,21.450866439520123,0.969156482223427,,,,,,0.0
2025-04-10 04:00:00+00:00,0.8730551579888589,0.12694484192383554,0.0,0.0,2.0,0.9698817646026894,0.0,91.60000000000001,0.028959642751931625,0.034097056829154315,0.48795662298842535,0.549165759603957,0.0005553698143249676,125.0,2.853866906715602,20.663197446928567,0.9697393656559344,,,,,,0.0
2025-04-10 08:00:00+00:00,0.8886279527578379,0.1113720471532993,0.0,0.0,2.0,0.9698817646026894,0.0,91.2,0.02893337213780552,0.03305876291036888,0.42186654295213827,0.6306450279579771,0.0005527572003353612,125.0,2.822510232440948,19.918386735345372,0.9713806440447297,,,,,,0.0
2025-04-10 12:00:00+00:00,0.011228664807413276,0.9887713350937095,0.0,0.0,2.0,0.8189696301363938,0.0,97.2,0.030434947347444733,0.03568764780682607,0.7141870219590425,0.6698899442862345,0.0006178620999545884,125.0,2.7953121750799435,19.26572143776183,0.9741325345724644,,,,,,0.0
2025-04-10 16:00:00+00:00,0.8997771165830715,0.10022288332695073,0.0,0.0,2.0,0.9698817646026894,0.0,97.6,0.030524307846718734,0.03473375343188045,0.8058847993345803,0.6070990243556783,0.0005559082887493165,125.0,2.7623597017686996,18.696858198790512,0.9771978383663735,,,,,,0.0
2025-04-10 20:00:00+00:00,0.9502520861608391,0.049747913744135654,0.0,0.0,2.0,0.9698817646026894,0.0,95.6,0.030387147877648357,0.03369975464228225,0.6408488780751564,0.5292388808436577,0.000552819770163027,125.0,2.7296109545694502,18.22108194535436,0.9813333293473179,,,,,,0.0
2025-04-11 00:00:00+00:00,0.7632450396270688,0.23675496029660667,0.0,0.0,2.0,0.9698817646026894,0.0,97.2,0.03048404040530492,0.03286281246565683,0.34575541504103213,0.5457089706561441,0.0005558801554344895,125.0,2.6938500416903266,17.864753085891657,0.9835872331086207,,,,,,0.0
2025-04-11 04:00:00+00:00,0.8686384646095948,0.13136153530354142,0.0,0.0,2.0,0.9698817646026894,0.0,95.19999999999999,0.030396022635358913,0.031889135291251154,0.26893720736322263,0.6031416196990063,0.0005518873589669742,125.0,2.6565765499519496,17.502947346423532,0.981092228491316,,,,,,0.0
2025-04-11 08:00:00+00:00,0.39017922946445405,0.609820770474564,0.0,0.0,2.0,0.8189696301363938,0.0,94.39999999999999,0.030324029995316495,0.030931820094220023,1.0,0.572676444394041,0.000551059394342961,125.0,2.618105567317259,17.056879033156957,0.9784265805056944,,,,,,0.0
2025-04-11 12:00:00+00:00,0.999236515862165,0.0007634840379114274,0.0,0.0,2.0,0.9698817646026894,0.0,94.0,0.030310689755632114,0.030008816614518718,1.0,0.549190321340399,0.000550677811865659,125.0,2.577051193606524,16.601770212704952,0.979475352736739,,,,,,0.0
2025-04-11 16:00:00+00:00,0.9989889639823908,0.0010110359177103487,0.0,0.0,2.0,0.9698817646026894,0.0,93.60000000000001,0.030262688004370736,0.029094628222163806,1.0,0.6098643104055533,0.0005495996683980374,125.0,2.5348143287555085,16.22209767704517,0.9826526068129782,,,,,,0.0
2025-04-11 20:00:00+00:00,0.9896221119018853,0.010377887999152522,0.0,0.0,2.0,0.9698817646026894,0.0,93.2,0.030248193742818758,0.028208833047886933,1.0,0.67458936211933,0.0005491607484493602,125.0,2.48992457511442,15.912653682744562,0.9840167976735502,,,,,,0.0
2025-04-12 00:00:00+00:00,0.9977531491432751,0.002246850756949517,0.0,0.0,2.0,0.9698817646026894,0.0,93.2,0.0302557674473123,0.02741815929117394,0.06155015197567936,0.6478365280052923,0.0005491181279518056,125.0,2.443548914891693,15.59916348727792,0.9829724611197627,,,,,,0.0
2025-04-12 04:00:00+00:00,0.9872787491140853,0.012721250787186781,0.0,0.0,2.0,0.9698817646026894,0.0,96.0,0.030422791319798245,0.02693130360038022,0.4855238491980804,0.6341715927491063,0.0005543918630262873,125.0,2.39423195554145,15.262491612721862,0.9824402480312949,,,,,,0.0
2025-04-12 08:00:00+00:00,0.9960783406290732,0.003921659271319012,0.0,0.0,2.0,0.9698817646026894,0.0,96.39999999999999,0.03046832450711567,0.02617613149013149,0.5350150602409618,0.6588192419872819,0.0005491000319374334,125.0,2.341786710004201,14.942517956845421,0.9835871658659767,,,,,,0.0
2025-04-12 12:00:00+00:00,0.2621100320285811,0.7378899678976298,0.0,0.0,2.0,0.8189696301363938,0.0,99.6,0.031062256457508677,0.02704114367352569,0.7851426583159341,0.6779141861445613,0.0005736467023547644,125.0,2.286915443061363,14.661656585744215,0.9851496942037784,,,,,,0.0
2025-04-12 16:00:00+00:00,0.7955541150035627,0.20444588491688187,0.0,0.0,2.0,0.9698817646026894,0.0,99.6,0.03107566924202027,0.026290738503164206,0.5976387249114529,0.6421317870391123,0.0005475540374359314,125.0,2.227253063897147,14.409097396745867,0.986180659258099,,,,,,0.0
2025-04-12 20:00:00+00:00,0.8965939499856116,0.103406049924729,0.0,0.0,2.0,0.9698817646026894,0.0,98.4,0.030986673884914818,0.025491091946669313,0.7730435529593703,0.6298915259476408,0.0005464970003811885,125.0,2.163690468675976,14.173810855060863,0.9872573413609678,,,,,,0.0
2025-04-13 00:00:00+00:00,0.44819893697464924,0.5518010629701707,0.0,0.0,2.0,0.8189696301363938,0.0,98.4,0.031016447082431346,0.024895814144498537,0.38940981798124735,0.6590843889792609,0.0005477053448982533,125.0,2.0979303569166388,13.966695854178822,0.989315636749148,,,,,,0.0
2025-04-13 04:00:00+00:00,0.5421763310484055,0.45782366889737697,0.0,0.0,2.0,0.9698817646026894,0.0,98.0,0.031016077002996335,0.024192995039620715,0.18171683389074741,0.7014342499919791,0.0005458313362472595,125.0,2.028055873439979,13.808966764988217,0.9928013142644854,,,,,,0.0
2025-04-13 08:00:00+00:00,0.6746882155882373,0.3253117843442938,0.0,0.0,2.0,0.9698817646026894,0.0,98.4,0.03101792311579931,0.02349734575744567,0.9377049180327934,0.6812267360345422,0.0005452476545313526,125.0,1.9576357162747864,13.744057837801915,0.9974263532978234,,,,,,0.0
2025-04-13 12:00:00+00:00,0.994196727473277,0.005803272427303331,0.0,0.0,2.0,0.9698817646026894,0.0,96.8,0.030969037633346606,0.02294316603754616,0.9424145479036936,0.6763493848405345,0.0005460271800629615,125.0,1.8938360108769654,13.744057837801915,0.9959786229326936,,,,,,0.0
2025-04-13 16:00:00+00:00,0.8730035718682179,0.12699642804448175,0.0,0.0,2.0,0.9698817646026894,0.0,81.2,0.028512332668081692,0.02225077801163391,0.8855835240274597,0.7128179968057583,0.0005444826641738383,125.0,1.8058837019702605,13.851902218129442,0.9918488420145232,,,,,,0.0
2025-04-13 20:00:00+00:00,0.876262304081603,0.12373769583077078,0.0,0.0,2.0,0.9698817646026894,0.0,81.2,0.028182919254687827,0.021603726230857646,0.5480690221857011,0.6899113004311634,0.0005444541282804567,125.0,1.708461020810582,14.018906906220726,0.9896603924541538,,,,,,0.0
2025-04-14 00:00:00+00:00,0.6507612076110104,0.3492387923239134,0.0,0.0,2.0,0.9698817646026894,0.0,81.2,0.0280792053367243,0.021505070260243894,0.2321990277380619,0.7158660148621853,0.0005511566486510029,125.0,1.5966605702617045,14.206925903607345,0.9888168148824251,,,,,,0.0
2025-04-14 04:00:00+00:00,0.9240271969645685,0.07597280294302888,0.0,0.0,2.0,0.9698817646026894,0.0,74.8,0.026606629344090013,0.02086880060282939,0.4692653673163458,0.7359866789857699,0.0005433312688769215,125.0,1.478601216747284,14.40812457846496,0.9871273406295809,,,,,,0.0
2025-04-14 08:00:00+00:00,0.2054528733295887,0.7945471265909565,0.0,0.0,2.0,0.8189696301363938,0.0,75.2,0.026738155479615958,0.021069687691449117,1.0,0.7583114427675981,0.0005534996521487707,125.0,1.345871882824882,14.660803860029484,0.985127396594598,,,,,,0.0
2025-04-14 12:00:00+00:00,0.04220399121875784,0.9577960086854624,0.0,0.0,2.0,0.8189696301363938,0.0,74.8,0.026192995037531776,0.021617947227471842,0.2825105358217936,0.7743638373870774,0.0005543030061786366,125.0,1.2126316190749464,14.942312742932597,0.9860873256640876,,,,,,0.0
2025-04-14 16:00:00+00:00,0.7374087190734688,0.26259128085279027,0.0,0.0,2.0,0.9698817646026894,0.0,74.8,0.02616939623698254,0.021002506751755867,0.29030817329164776,0.7474559011948939,0.0005427743176222502,125.0,1.0324836837827576,15.168384357207344,0.9910374310972545,,,,,,0.0
2025-04-14 20:00:00+00:00,0.8735643001951308,0.12643569971751273,0.0,0.0,2.0,0.9698817646026894,0.0,75.6,0.02620122419712178,0.02045481472460536,0.05201910551454618,0.6885687593813292,0.0005421378895169211,125.0,0.8126848111347937,15.226259308684565,0.9973670324339698,,,,,,0.0
2025-04-15 00:00:00+00:00,0.688800441069644,0.3111995588614759,0.0,0.0,2.0,0.9698817646026894,0.0,74.8,0.02605757473671265,0.01994502089879558,0.018075707222177287,0.7665934509895921,0.0005431736538885997,125.0,0.5163473464426034,15.226259308684565,0.9951306573713617,,,,,,0.0
2025-04-15 04:00:00+00:00,0.9421879525642174,0.0578120473415638,0.0,0.0,2.0,0.9698817646026894,0.0,74.8,0.026017749360800795,0.019365877873283976,0.33575917962289065,0.6370204212368513,0.0005422924174981515,125.0,0.03845052861114835,15.092982554979804,0.9913246712224539,,,,,,0.0
2025-04-15 08:00:00+00:00,0.9999999998995237,4.762487322741943e-13,0.0,0.0,2.0,0.9525674545403671,0.0,74.8,0.02600476140382612,0.018876329053426264,0.07533023920028582,0.6750931525147973,0.0006336496261936168,125.0,0.49069087738339817,14.907332680856367,0.988275383754661,,,,,,0.0
2025-04-15 12:00:00+00:00,0.9991047448675412,0.0008952550325484239,0.0,0.0,2.0,0.9525674545403671,0.0,74.8,0.025368199513419582,0.01837699849406902,0.27185134205093064,0.5985368166562078,0.0006329513592456778,125.0,0.6531749604611979,14.666567277696124,0.9850512745248292,,,,,,0.0
2025-04-15 16:00:00+00:00,0.9994488782830959,0.0005511216169592176,0.0,0.0,2.0,0.9525674545403671,0.0,73.6,0.02443116178706164,0.0179426378195609,0.2847726888625974,0.7448468284449109,0.000629652704731485,125.0,0.7632448559453517,14.371854197119697,0.9833312885259266,,,,,,0.0
2025-04-15 20:00:00+00:00,0.9980450456815402,0.0019549542186553834,0.0,0.0,2.0,0.9525674545403671,0.0,74.0,0.024516920442286032,0.017617839290788164,0.7775668406897652,0.8018655633545714,0.0006268699719400098,125.0,0.8508146084177264,14.07973342954212,0.985356106942603,,,,,,0.0
2025-04-16 00:00:00+00:00,0.9994494097981167,0.0005505901019383243,0.0,0.0,2.0,0.9525674545403671,0.0,73.2,0.023703303262734003,0.01708396697019959,0.9305841924398632,0.6938743610817879,0.0006227283633035907,125.0,0.931106614284235,13.867984409914444,0.9901805867598494,,,,,,0.0
2025-04-16 04:00:00+00:00,0.9866827045252056,0.013317295376126175,0.0,0.0,2.0,0.9525674545403671,0.0,72.39999999999999,0.022931544447675752,0.017070118706358474,0.9437090706423301,0.6323424896581922,0.0006231231380848473,125.0,0.9985545298736099,13.749817619145908,0.9938098442219496,,,,,,0.0
2025-04-16 08:00:00+00:00,0.9964763665682778,0.003523633332074595,0.0,0.0,2.0,0.9525674545403671,0.0,72.39999999999999,0.022762805594227775,0.0168347323872091,0.45795553347410256,0.6435740650847148,0.0006201952826494303,125.0,1.0510300482444777,13.659999450573071,0.9949636723556361,,,,,,0.0
2025-04-16 12:00:00+00:00,0.997896830246988,0.002103169653222255,0.0,0.0,2.0,0.9525674545403671,0.0,70.8,0.022577753530107696,0.016354234010440675,0.2220704725484838,0.6127827849738477,0.0006161400822445167,125.0,1.1198032525740722,13.60879679975583,0.9976071897351347,,,,,,0.0
2025-04-16 16:00:00+00:00,0.955150543473662,0.04484945643082282,0.0,0.0,2.0,0.9525674545403671,0.0,48.4,0.016481605384274876,0.015858312748435202,0.0028169014084521477,0.5896233354611913,0.000612968914482279,125.0,1.1699488280092045,13.60879679975583,0.9915107234712399,,,,,,0.0
2025-04-16 20:00:00+00:00,0.9984432670272398,0.0015567328729157194,0.0,0.0,2.0,0.9525674545403671,0.0,48.4,0.016254061930291202,0.015479349289218002,0.2025316455696207,0.5487681034566055,0.0006114821424281405,125.0,1.2235896235758845,13.840239640491017,0.980149042428918,,,,,,0.0
2025-04-17 00:00:00+00:00,0.9987326076065126,0.001267392293613984,0.0,0.0,2.0,0.9525674545403671,0.0,48.4,0.015544802304518207,0.015052265075348736,0.4357671957671919,0.5916795094677363,0.0006097213317474972,125.0,1.2723606521372726,14.274819708814661,0.9716717655533716,,,,,,0.0
2025-04-17 04:00:00+00:00,0.9994929771139393,0.0005070227861114942,0.0,0.0,2.0,0.9525674545403671,0.0,48.0,0.015502164166667763,0.014824765433205595,0.3995495495495469,0.6115927089753532,0.0006095442916702681,125.0,1.315089837324682,14.831092275226556,0.9720769007939928,,,,,,0.0
2025-04-17 08:00:00+00:00,0.9995846146530445,0.00041538524699701886,0.0,0.0,2.0,0.9525674545403671,0.0,48.4,0.015524253120945911,0.014432031387281802,0.05602422669262177,0.6552220229467798,0.0006054982627652708,125.0,1.3584424852815844,15.285176115832925,0.9781268393464345,,,,,,0.0
2025-04-17 12:00:00+00:00,0.9993732119510104,0.0006267879490522714,0.0,0.0,2.0,0.9525674545403671,0.0,32.0,0.011831701999223617,0.014078554838520878,0.1052052785923752,0.6354115886968816,0.0006041664122141836,125.0,1.4056911844535356,15.646637181447879,0.9787202175505468,,,,,,0.0
2025-04-17 16:00:00+00:00,0.9995210767021365,0.00047892319791125495,0.0,0.0,2.0,0.9525674545403671,0.0,27.200000000000003,0.011707551402215306,0.013653250895138573,0.08488888888889252,0.6847841292928605,0.0006020185310922077,125.0,1.4457498344113664,16.100610935591533,0.974414377551621,,,,,,0.0
2025-04-17 20:00:00+00:00,0.9996701296652595,0.0003298702347735029,0.0,0.0,2.0,0.9525674545403671,0.0,27.200000000000003,0.011689295455454655,0.013242710596234455,0.03001500750375317,0.7074293477011795,0.0006003896028248678,125.0,1.4835898616430179,16.656110726371143,0.9748928958401466,,,,,,0.0
2025-04-18 00:00:00+00:00,0.9997135422337148,0.00028645766631396586,0.0,0.0,2.0,0.9525674545403671,0.0,16.8,0.011494283852210229,0.012839576646986596,0.7456549385332759,0.7316544066072533,0.0005977085072019656,125.0,1.4956708751267884,17.121798209639778,0.9817931829636052,,,,,,0.0
2025-04-18 04:00:00+00:00,0.9998167618727587,0.00018323802725965884,0.0,0.0,2.0,0.9525674545403671,0.0,15.6,0.01146947904811377,0.012448433820857967,0.5973597359735997,0.7125065430955176,0.0005981327899217194,125.0,1.5616991012655617,17.410142341516796,0.9889266441999839,,,,,,0.0
2025-04-18 08:00:00+00:00,0.9997661679881071,0.00023383191191618183,0.0,0.0,2.0,0.9525674545403671,0.0,16.0,0.011471235204789045,0.012110084053553797,0.6490008688097335,0.7143668543207898,0.0005972459305912696,125.0,1.5981189293947717,17.58876268160143,0.9924366086404027,,,,,,0.0
2025-04-18 12:00:00+00:00,0.9998554880869656,0.0001445118130489072,0.0,0.0,2.0,0.9525674545403671,0.0,16.8,0.011482559662159294,0.011799990227440195,0.1092928112215007,0.7956000231415251,0.0005959420406178146,125.0,1.6391207245106623,17.735273278514327,0.9941994830078102,,,,,,0.0
2025-04-18 16:00:00+00:00,0.9997501081327764,0.0002498917672485328,0.0,0.0,2.0,0.9525674545403671,0.0,22.0,0.011521002739339417,0.011546402331811052,0.3849878934624708,0.7159712516674729,0.0005955898947311949,125.0,1.6772519058505453,17.839355517110462,0.9965256409541962,,,,,,0.0
2025-04-18 20:00:00+00:00,0.9997405214937046,0.0002594784063213926,0.0,0.0,2.0,0.9525674545403671,0.0,22.8,0.011531608203190036,0.01121580884321696,0.157197629836178,0.6870301282918959,0.0005936152457619172,125.0,1.7174213824878424,17.882829092443966,0.9987018003729763,,,,,,0.0
2025-04-19 00:00:00+00:00,0.9995665930136711,0.0004334068863721339,0.0,0.0,2.0,0.9525674545403671,0.0,17.599999999999998,0.011486808446162032,0.01096760804809096,0.36250988663326905,0.7073939748751099,0.0005931551165381833,125.0,1.7530679810815668,17.882829092443966,0.9996341668969513,,,,,,0.0
2025-04-19 04:00:00+00:00,0.9993501693620083,0.0006498305380566554,0.0,0.0,2.0,0.9525674545403671,0.0,10.8,0.011172241434372676,0.010643888699864436,0.3003472222222173,0.7655982076203119,0.0005912583659976185,125.0,1.7862810812007037,17.876938449369124,0.9989826280441729,,,,,,0.0
2025-04-19 08:00:00+00:00,0.9997661339887988,0.0002338659112246557,0.0,0.0,2.0,0.9525674545403671,0.0,10.8,0.011120431158822426,0.010337644021339262,0.4534282018111238,0.8150819272137787,0.0005902969415479677,125.0,1.8292133937067463,17.85300279851971,0.9993063618725797,,,,,,0.0
2025-04-19 12:00:00+00:00,0.9997711387724215,0.00022886112760133625,0.0,0.0,2.0,0.9525674545403671,0.0,4.0,0.00942000180279369,0.010145782509378228,0.4567663130826054,0.8467405517484277,0.0005901545795821364,125.0,1.8696923974037842,17.848818071308067,0.9996638596223464,,,,,,0.0
2025-04-19 16:00:00+00:00,0.9990400558271791,0.0009599440729168064,0.0,0.0,2.0,0.9525674545403671,0.0,4.0,0.009382356233092626,0.009900897949522562,0.7661574618096344,0.8623191467546328,0.000588655721716642,125.0,1.9084677308586846,17.838711481127437,0.9971009419163108,,,,,,0.0
2025-04-19 20:00:00+00:00,0.9998309699055311,0.00016902999448570194,0.0,0.0,2.0,0.9525674545403671,0.0,4.0,0.009379899974896301,0.009602161384146145,0.5794676806083664,0.8549713824100008,0.0005869444591809153,125.0,1.945538041932323,17.737032759460988,0.9958482389266172,,,,,,0.0
2025-04-20 00:00:00+00:00,0.9997358211515157,0.0002641787485106623,0.0,0.0,2.0,0.9525674545403671,0.0,3.5999999999999996,0.009193517482633832,0.009311736952781483,0.4431308601712242,0.7477785988917154,0.0005856998092405445,125.0,1.981801409138269,17.69036996576184,0.9981830492130258,,,,,,0.0
2025-04-20 04:00:00+00:00,0.9990144242444606,0.0009855756556378244,0.0,0.0,2.0,0.9525674545403671,0.0,4.0,0.009241369289768157,0.00929642213172983,0.009409751924719866,0.674584840592008,0.0005855594908157657,125.0,2.0192273604349626,17.69036996576184,0.9941029090456183,,,,,,0.0
2025-04-20 08:00:00+00:00,0.9705730718068624,0.029426928096080367,0.0,0.0,2.0,0.9525674545403671,0.0,6.800000000000001,0.009509751491250922,0.009797453802595234,0.7016730497883462,0.7274659090107867,0.0005868857702918246,125.0,2.0583394626916665,17.894890757092806,0.9799423635551723,,,,,,0.0
2025-04-20 12:00:00+00:00,0.9990232186224836,0.000976781277614104,0.0,0.0,2.0,0.9525674545403671,0.0,4.8,0.009361335583059387,0.009500312963426943,0.9528105482303965,0.7240513958102842,0.0005824592979913437,125.0,2.098246168800089,18.539563786383518,0.9712344452337115,,,,,,0.0
2025-04-20 16:00:00+00:00,0.9994779041247797,0.0005220957752726205,0.0,0.0,2.0,0.9525674545403671,0.0,6.4,0.009438777067009928,0.009414062005218524,0.49981556621173223,0.7434100745517628,0.0005824343736780719,125.0,2.132768183263854,19.201574558968016,0.9785103162245196,,,,,,0.0
2025-04-20 20:00:00+00:00,0.9891655340747457,0.010834465826337784,0.0,0.0,2.0,0.9525674545403671,0.0,6.0,0.009409763868805057,0.009129216550861444,0.4540081270779481,0.7351006226564258,0.0005798963386655443,125.0,2.164272426892445,19.50442946811106,0.992380093973533,,,,,,0.0
2025-04-21 00:00:00+00:00,0.2723101354296068,0.7276898644976242,0.0,0.0,2.0,0.6956586365308755,0.0,8.4,0.010006651568873134,0.011426088543949072,0.42975206611570366,0.8663863771583119,0.0005939286971357061,125.0,2.197814423663375,19.50442946811106,0.9958131512723504,,,,,,0.0
2025-04-21 04:00:00+00:00,0.9790709669615817,0.020929032940511252,0.0,0.0,2.0,0.9525674545403671,0.0,8.799999999999999,0.010045010513391328,0.011200113221732306,1.0,0.9652042809170536,0.0005790391305301774,125.0,2.227189372043341,19.3429370489581,0.9958782509876455,,,,,,0.0
2025-04-21 08:00:00+00:00,0.9916678434861742,0.008332156414658952,0.0,0.0,2.0,0.9525674545403671,0.0,7.6,0.00947695952655614,0.011242528068214724,0.5761935905820825,0.802221366449014,0.0005794430180547494,125.0,2.2727565565179315,19.3429370489581,0.9887066444990578,,,,,,0.0
2025-04-21 12:00:00+00:00,0.8782025419621661,0.12179745795001379,0.0,0.0,2.0,0.9525674545403671,0.0,0.4,0.008370832631666941,0.010910450042747688,0.45118989800874365,0.7208580570719376,0.0005774242658507575,125.0,2.3414898589126767,19.80214089193437,0.9787255068640793,,,,,,0.0
2025-04-21 16:00:00+00:00,0.027703665847540485,0.9722963340552299,0.0,0.0,2.0,0.6956586365308755,0.0,9.2,0.009591195655613909,0.013031724824940558,0.10475607891114887,0.6615397759993608,0.0005913787460223054,125.0,2.3958595315369733,20.26577573485841,0.9878941494046279,,,,,,0.0
2025-04-21 20:00:00+00:00,0.9510695423033662,0.048930457601526936,0.0,0.0,2.0,0.9525674545403671,0.0,9.2,0.009552043451206513,0.012666633241307543,0.6222771165506371,0.6702096378085437,0.0005767567011637733,125.0,2.44518626133133,20.26577573485841,0.9870359415836296,,,,,,0.0
2025-04-22 00:00:00+00:00,0.99367566066488,0.006324339235752411,0.0,0.0,2.0,0.9525674545403671,0.0,7.199999999999999,0.009438026783832957,0.012280937858411348,0.8526449968132522,0.5912919082993061,0.0005755997548711818,125.0,2.4976334829620015,19.76537687206469,0.9809058919066733,,,,,,0.0
2025-04-22 04:00:00+00:00,0.8328010502183116,0.16719894969840823,0.0,0.0,2.0,0.9525674545403671,0.0,11.600000000000001,0.010239226818531838,0.013419664146906837,0.07102615694165142,0.6123321746545654,0.0005862685267867601,125.0,2.552164927610284,19.341191072512046,0.9887395878722214,,,,,,0.0
2025-04-22 08:00:00+00:00,0.9242728720572679,0.0757271278503047,0.0,0.0,2.0,0.9525674545403671,0.0,11.600000000000001,0.010231246608637468,0.013126706619004542,0.07088513638894108,0.603650546357712,0.000575336650234861,125.0,2.598709622860734,19.268521666542338,0.9909689614153524,,,,,,0.0
2025-04-22 12:00:00+00:00,0.047311874595876505,0.9526881253088547,0.0,0.0,2.0,0.6956586365308755,0.0,48.8,0.012166356821335569,0.01657938556531516,0.9934054136952678,0.7057197686932588,0.0006063229047672353,125.0,2.6752848330205548,18.942759877344674,0.9792686002048882,,,,,,0.0
2025-04-22 16:00:00+00:00,0.9819648790990793,0.018035120802724316,0.0,0.0,2.0,0.9525674545403671,0.0,48.0,0.012084875558443006,0.016089619999349995,0.9181467181467154,0.6512586772668458,0.0005741627078267727,125.0,2.728060750502576,18.32633135477199,0.9736454977330182,,,,,,0.0
2025-04-22 20:00:00+00:00,0.09516016725051742,0.9048398326589986,0.0,0.0,2.0,0.6956586365308755,0.0,52.0,0.012898770815005976,0.017639023375493612,0.9479422768572944,0.5750409436392376,0.0005923161622647579,125.0,2.7889078442231936,17.758984997225724,0.9813781058826051,,,,,,0.0
2025-04-23 00:00:00+00:00,0.9295093587385681,0.0704906411684808,0.0,0.0,2.0,0.9525674545403671,0.0,52.400000000000006,0.013244685670626014,0.01792608927074912,0.9475356854295706,0.6929748604807483,0.0005810898426105381,125.0,2.845271965423459,17.535595442503386,0.9923049984870848,,,,,,0.0
2025-04-23 04:00:00+00:00,0.9362298739688204,0.06377012593755671,0.0,0.0,2.0,0.9525674545403671,0.0,52.0,0.012896882425676087,0.01738562454916374,0.9085424302227221,0.8271875658688278,0.0005725582493455359,125.0,2.890802635616344,17.435412064698703,0.9934464302912791,,,,,,0.0
2025-04-23 08:00:00+00:00,0.9610760010502732,0.03892399885361915,0.0,0.0,2.0,0.9525674545403671,0.0,52.0,0.012811995592204629,0.01687252635181745,0.8532790592492064,0.7651148500535321,0.0005717353453271549,125.0,2.931241067890845,17.259548127559796,0.9914306371016283,,,,,,0.0
2025-04-23 12:00:00+00:00,0.9912372026715475,0.008762797229328854,0.0,0.0,2.0,0.9525674545403671,0.0,52.400000000000006,0.012830928865450095,0.016363779214080415,0.8844738778513618,0.7023660796349916,0.0005707112307364994,125.0,2.966803408356853,17.07324751845161,0.9920104406744605,,,,,,0.0
2025-04-23 16:00:00+00:00,0.9882675352842855,0.011732464616887733,0.0,0.0,2.0,0.9525674545403671,0.0,52.800000000000004,0.012868871775746688,0.015905506061945754,0.5067005937234961,0.687160611339596,0.0005699628404314373,125.0,2.990274412627753,16.925922576101918,0.9934381777513063,,,,,,0.0
2025-04-23 20:00:00+00:00,0.9987765681440064,0.0012234317561159338,0.0,0.0,2.0,0.9525674545403671,0.0,52.0,0.012773089270907317,0.015470283213728456,0.001722356183257133,0.7648494146037623,0.0005700396087316093,125.0,3.0616541423459207,16.801391411896994,0.9924923676113958,,,,,,0.0
2025-04-24 00:00:00+00:00,0.9993420100879157,0.0006579898121500607,0.0,0.0,2.0,0.9525674545403671,0.0,54.400000000000006,0.013078701640199688,0.01545722476966433,0.45269121813031177,0.6995620752037598,0.0005728413432865634,125.0,3.0983187863048482,16.619107716492707,0.990931576154487,,,,,,0.0
2025-04-24 04:00:00+00:00,0.9995382117624019,0.0004617881376442871,0.0,0.0,2.0,0.9525674545403671,0.0,54.800000000000004,0.01309149819502727,0.015074246383501574,0.6951157681257404,0.6828153982140978,0.000569216858646256,125.0,3.1280670808035924,16.432274023512573,0.993980450981065,,,,,,0.0
2025-04-24 08:00:00+00:00,0.9989448376223847,0.001055162277720881,0.0,0.0,2.0,0.9525674545403671,0.0,54.400000000000006,0.013047280014399674,0.01461664620862146,0.6872941584330049,0.7378898530159297,0.0005679286859546136,125.0,3.1543389724475257,16.432274023512573,0.9962101631164922,,,,,,0.0
2025-04-24 12:00:00+00:00,0.9995877586578445,0.00041224124219668733,0.0,0.0,2.0,0.9525674545403671,0.0,54.400000000000006,0.012983960219323118,0.014236660511941534,0.36497213308562937,0.7679070921421329,0.0005678066702652607,125.0,3.1762831769364652,16.53908825729187,0.9884810795349465,,,,,,0.0
2025-04-24 16:00:00+00:00,0.9994594797933568,0.000540520106697171,0.0,0.0,2.0,0.9525674545403671,0.0,54.400000000000006,0.012981477617986766,0.013804789479596048,0.6224667052692537,0.831303425057683,0.0005667388097207948,125.0,3.1932853580837093,16.849785700453715,0.9814250031967019,,,,,,0.0
2025-04-24 20:00:00+00:00,0.9993050996189442,0.0006949002811252021,0.0,0.0,2.0,0.9525674545403671,0.0,54.800000000000004,0.012981555703697205,0.013415432874828772,0.0480153649167737,0.8384305117774418,0.000566385024855924,125.0,3.209016800863872,17.303464934816226,0.9774823822433478,,,,,,0.0
2025-04-25 00:00:00+00:00,0.9994817056721148,0.0005182942279369428,0.0,0.0,2.0,0.9525674545403671,0.0,55.60000000000001,0.013030617287981166,0.013063994147478568,0.15485008818342677,0.8237138082271627,0.000566027165238082,125.0,3.22008609198019,17.804666896550565,0.9779979730192399,,,,,,0.0
2025-04-25 04:00:00+00:00,0.9997366018048304,0.00026339809519604135,0.0,0.0,2.0,0.9525674545403671,0.0,56.39999999999999,0.013065480124066891,0.012867669560197036,0.5172573546444345,0.8385463658502211,0.0005664014483963162,125.0,3.228949548117667,18.261898971608034,0.9802322916513793,,,,,,0.0
2025-04-25 08:00:00+00:00,0.9997154343879495,0.000284565512078899,0.0,0.0,2.0,0.9525674545403671,0.0,57.199999999999996,0.013083387463030768,0.012604622775525518,0.5516351118760804,0.7301708555537759,0.0005653973285140391,125.0,3.2361786499109546,18.68824417907566,0.982050723884506,,,,,,0.0
2025-04-25 12:00:00+00:00,0.9963128907270831,0.0036871091732855925,0.0,0.0,2.0,0.9525674545403671,0.0,56.39999999999999,0.013060984337137364,0.012419143418517289,0.7119004747094462,0.6900471135548282,0.0005652760608268004,125.0,3.2391653599238825,19.082888341882285,0.9851540279509198,,,,,,0.0
2025-04-25 16:00:00+00:00,0.9994570998705867,0.0005429000294675369,0.0,0.0,2.0,0.9525674545403671,0.0,57.199999999999996,0.013077832851409572,0.012054633224620182,0.5557446808510654,0.7577548231932247,0.0005636719079391034,125.0,3.2393382305877054,19.378638791320334,0.9897827945760045,,,,,,0.0
2025-04-25 20:00:00+00:00,0.9983891930008039,0.001610806899357155,0.0,0.0,2.0,0.9525674545403671,0.0,58.8,0.013198144197433304,0.011934480034243673,0.35147124057370904,0.8153198837429254,0.0005646837829753712,125.0,3.2369950846601103,19.562623709361247,0.9940484523290164,,,,,,0.0
2025-04-26 00:00:00+00:00,0.9994912561048003,0.0005087437952505947,0.0,0.0,2.0,0.9525674545403671,0.0,59.199999999999996,0.013206894107705619,0.011701488300437568,0.31458040318799624,0.8270347748558382,0.0005631925246834579,125.0,3.2329517152488396,19.65885830438316,0.9976528193968593,,,,,,0.0
2025-04-26 04:00:00+00:00,0.9995609663854093,0.0004390335146344983,0.0,0.0,2.0,0.9525674545403671,0.0,59.599999999999994,0.013207325790598128,0.01135252082988403,0.18672353050250184,0.775606167461398,0.0005619537290766281,125.0,3.2265272090385655,19.65885830438316,0.9977468986800552,,,,,,0.0
2025-04-26 08:00:00+00:00,0.9976333558104078,0.002366644089828893,0.0,0.0,2.0,0.9525674545403671,0.0,60.4,0.013293438884594574,0.011191268969873339,0.3993525042848987,0.8227863802514694,0.0005626063246235032,125.0,3.2179631062978085,19.566535999970718,0.9947397221261797,,,,,,0.0
2025-04-26 12:00:00+00:00,0.9995934020560665,0.0004065978439741196,0.0,0.0,2.0,0.9525674545403671,0.0,60.8,0.013308282232778754,0.011033818007028474,0.032739987285440926,0.8905798232030281,0.0005617316426277965,125.0,3.2091512686441797,19.41223861077887,0.9928590377990613,,,,,,0.0
2025-04-26 16:00:00+00:00,0.9995408388166362,0.00045916108340966354,0.0,0.0,2.0,0.9525674545403671,0.0,61.199999999999996,0.013322588373815803,0.010838104082923784,0.4898380985187751,0.819993455782313,0.0005608803722150697,125.0,3.1973868475604457,19.227611574540457,0.9913419112154254,,,,,,0.0
2025-04-26 20:00:00+00:00,0.9994959259182629,0.0005040739817874461,0.0,0.0,2.0,0.9525674545403671,0.0,61.199999999999996,0.01331147010384923,0.010560330033162889,0.44228958764827814,0.7809722627653664,0.0005598245068109492,125.0,3.184241550107551,19.005308655499118,0.9906396957594136,,,,,,0.0
2025-04-27 00:00:00+00:00,0.9969180080825766,0.003081991817731625,0.0,0.0,2.0,0.9525674545403671,0.0,62.0,0.013373899490106533,0.010350856259142583,0.14998369742419396,0.7762661496283804,0.0005598123996605898,125.0,3.167526778045434,18.79182078917731,0.9920416818331806,,,,,,0.0
2025-04-27 04:00:00+00:00,0.999109264422199,0.0008907354778900795,0.0,0.0,2.0,0.9525674545403671,0.0,60.4,0.013277895799967753,0.010065894487769811,0.34901510805125285,0.7764590790932857,0.0005585799419029001,125.0,3.1481310343510818,18.64033258360783,0.9944302651416296,,,,,,0.0
2025-04-27 08:00:00+00:00,0.9996739759768409,0.00032602392319166574,0.0,0.0,2.0,0.9525674545403671,0.0,54.400000000000006,0.012953700673986882,0.00976325428106308,0.14235323759133,0.7022300480717464,0.0005575220860174918,124.0,3.1246631909903972,18.538930746315252,0.9971357551842491,,,,,,0.0
2025-04-27 12:00:00+00:00,0.9991959457579722,0.000804054142108143,0.0,0.0,2.0,0.9525674545403671,0.0,56.39999999999999,0.013040752678787055,0.009609542433536497,0.4952600563668986,0.7201080016948268,0.0005577423191911767,125.0,3.0979279761820337,18.538930746315252,0.9984953579363051,,,,,,0.0
2025-04-27 16:00:00+00:00,0.9993947095432267,0.0006052903568338437,0.0,0.0,2.0,0.9525674545403671,0.0,56.39999999999999,0.01303964500932181,0.00951152499345144,0.2880158905318922,0.6339960960615662,0.0005571803736336607,125.0,3.1034125541123974,18.585460287730818,0.9962412665569559,,,,,,0.0
2025-04-27 20:00:00+00:00,0.9993872514475505,0.0006127484525107016,0.0,0.0,2.0,0.9525674545403671,0.0,60.0,0.01317585342787789,0.009499401754897828,0.36483559755857586,0.6382405418158971,0.0005577723993853147,125.0,3.0846101211718757,18.688740947921783,0.9952355043144867,,,,,,0.0
2025-04-28 00:00:00+00:00,0.999466248166559,0.0005337517334942947,0.0,0.0,2.0,0.9525674545403671,0.0,50.8,0.012521366070886074,0.009259306621698112,0.3794960569340277,0.6735888739122055,0.0005557718521769378,125.0,3.063242079088571,18.80351259553621,0.9944783357041741,,,,,,0.0
2025-04-28 04:00:00+00:00,0.997493473614623,0.0025065262856275943,0.0,0.0,2.0,0.9525674545403671,0.0,51.6,0.012586748059562239,0.009411831916507487,0.015432535749680305,0.6143164275329094,0.0005566752599880853,125.0,3.0558995151621136,18.94278040891119,0.9914550830453845,,,,,,0.0
2025-04-28 08:00:00+00:00,0.9776422210691686,0.022357778833067006,0.0,0.0,2.0,0.9525674545403671,0.0,50.4,0.0124005978575073,0.009246901006527926,0.3181818181818167,0.7075495511066282,0.0005548370973241241,125.0,3.0365113633085086,19.195364624683563,0.9866611570599512,,,,,,0.0
2025-04-28 12:00:00+00:00,0.7545234832848632,0.2454765166396845,0.0,0.0,2.0,0.9525674545403671,0.0,64.4,0.013346615568993097,0.011528697449464356,0.4140444772538532,0.7802120280325033,0.0005697015118281079,125.0,3.028207428847907,19.567459884800783,0.9842221346675093,,,,,,0.0
2025-04-28 16:00:00+00:00,0.3668777953626496,0.6331222045740382,0.0,0.0,2.0,0.6956586365308755,0.0,51.2,0.012543568164356948,0.012133026303201625,0.04884441267571964,0.827336857864895,0.0005590472289061857,125.0,3.0076738571222363,19.951726477008513,0.9874996673306539,,,,,,0.0
2025-04-28 20:00:00+00:00,0.929600667451549,0.07039933245549088,0.0,0.0,2.0,0.9525674545403671,0.0,51.2,0.012545625091194263,0.011769857875734726,0.13110582054018557,0.7586796144002713,0.0005532592826302403,125.0,2.9848947898489997,20.058974721328813,0.9955783073990654,,,,,,0.0
2025-04-29 00:00:00+00:00,0.989015883547816,0.010984116353282386,0.0,0.0,2.0,0.9525674545403671,0.0,50.4,0.012538243641151131,0.01141467596063284,0.026078526417838605,0.6694994933377183,0.0005526937009694227,125.0,2.9617311542072002,20.058974721328813,0.9889592789849961,,,,,,0.0
2025-04-29 04:00:00+00:00,0.9642668215938588,0.035733178309714515,0.0,0.0,2.0,0.9525674545403671,0.0,47.599999999999994,0.012106476244010357,0.01137719991798956,0.0516978765343605,0.7063271839407518,0.0005534785772365182,125.0,2.93509271076535,19.656277275372346,0.9830609747760023,,,,,,0.0
2025-04-29 08:00:00+00:00,0.9795086987519469,0.020491301150102375,0.0,0.0,2.0,0.9525674545403671,0.0,46.800000000000004,0.012090406616670149,0.011084456153750161,1.0,0.6130401150958859,0.0005515533377195332,125.0,2.905827027512649,19.243556251331167,0.9852743873071328,,,,,,0.0
2025-04-29 12:00:00+00:00,0.9986804635003496,0.0013195363997823824,0.0,0.0,2.0,0.9525674545403671,0.0,12.4,0.010354001768007935,0.0109268251141549,0.3779377514291773,0.6216428599447629,0.0005523214316857397,125.0,2.8798937376754825,18.964862798867173,0.9840544123360305,,,,,,0.0
2025-04-29 16:00:00+00:00,0.9996996358939864,0.00030036400604370705,0.0,0.0,2.0,0.9525674545403671,0.0,12.4,0.010335777002107967,0.010632474813854867,0.42482380579483126,0.6812016187672301,0.0005503728797908203,125.0,2.856705811230997,18.51196531786966,0.9745878110143268,,,,,,0.0
2025-04-29 20:00:00+00:00,0.9955145231773304,0.004485476723118249,0.0,0.0,2.0,0.9525674545403671,0.0,5.2,0.009286567825670767,0.010823169925738629,0.06390516419130718,0.7474243508605355,0.0005532250414296544,125.0,2.82502311450931,17.825360527587833,0.9689001177521609,,,,,,0.0
2025-04-30 00:00:00+00:00,0.9988827756744194,0.0011172242256922644,0.0,0.0,2.0,0.9525674545403671,0.0,1.2,0.008705816125602527,0.010611617064334267,0.19206106870228762,0.781908839859267,0.0005494822279020526,125.0,2.7974035765527208,17.153697953731502,0.9735709109941447,,,,,,0.0
2025-04-30 04:00:00+00:00,0.9995433720688318,0.0004566278312138389,0.0,0.0,2.0,0.9525674545403671,0.0,1.6,0.008771659123153157,0.010430849164001712,0.4763605199257238,0.8393289041009119,0.0005496057825363753,125.0,2.772522444395445,16.718132402070403,0.9797937455953037,,,,,,0.0
2025-04-30 08:00:00+00:00,0.9991763450149123,0.0008236548851701567,0.0,0.0,2.0,0.9525674545403671,0.0,3.5999999999999996,0.008912423638755761,0.01044464059941559,0.007778969957080528,0.7717973169920812,0.0005492692531749522,124.0,2.7361105032921813,16.32589682272602,0.9823329769465305,,,,,,0.0
2025-04-30 12:00:00+00:00,0.7526105582216214,0.2473894417031175,0.0,0.0,2.0,0.9525674545403671,0.0,12.0,0.00995627167543,0.01230579313880113,0.48099562731247814,0.7523057600916624,0.0005614145798159366,125.0,2.6958683987057768,16.011941623160137,0.983118035701393,,,,,,0.0
2025-04-30 16:00:00+00:00,0.9683177386720355,0.031682261231132644,0.0,0.0,2.0,0.9525674545403671,0.0,13.200000000000001,0.010129288673109709,0.012319413772963176,0.09083126444653612,0.6863232067023998,0.0005494495778414902,125.0,2.7146451275365875,15.664511573872407,0.9803598739242579,,,,,,0.0
2025-04-30 20:00:00+00:00,0.9915437503710235,0.008456249529822261,0.0,0.0,2.0,0.9525674545403671,0.0,13.200000000000001,0.010115814656645893,0.011979804605997275,0.13828836876898348,0.6406497683535436,0.0005468812183916394,125.0,2.68334759660533,15.259986556852667,0.9804624528437329,,,,,,0.0
2025-05-01 00:00:00+00:00,0.9830815709487682,0.016918428952923583,0.0,0.0,2.0,0.9525674545403671,0.0,12.0,0.00989770664544727,0.011782870699269964,0.1030122069026085,0.6810510877127584,0.0005470900277938538,125.0,2.653838771556776,14.934375343226055,0.9853961846273733,,,,,,0.0
2025-05-01 04:00:00+00:00,0.9912181404065158,0.008781859494362306,0.0,0.0,2.0,0.9525674545403671,0.0,12.0,0.009833136315055892,0.011428774821331053,0.052013595632917485,0.8021279724216435,0.0005458089728547104,125.0,2.6189431043541433,14.728828147722812,0.9896280692406652,,,,,,0.0
2025-05-01 08:00:00+00:00,0.650677923347205,0.3493220765877272,0.0,0.0,2.0,0.9525674545403671,0.0,15.2,0.010232500438623792,0.012035673194925321,1.0,0.7123712208113203,0.0005504303077401003,125.0,2.580106429561932,14.56047685778763,0.9897895299395306,,,,,,0.0
2025-05-01 12:00:00+00:00,0.9996532885347629,0.0003467113652717491,0.0,0.0,2.0,0.9525674545403671,0.0,14.799999999999999,0.010218416043785514,0.011707962206922946,1.0,0.7452115521778585,0.0005452278549809248,125.0,2.5662710533345177,14.365220158412413,0.9878645186090136,,,,,,0.0
2025-05-01 16:00:00+00:00,0.9991819250256775,0.0008180748744043509,0.0,0.0,2.0,0.9525674545403671,0.0,16.400000000000002,0.01026309741745908,0.01142650755066506,0.7145336225596499,0.7306383258799782,0.0005455092799775782,125.0,2.534755127219114,14.134310209306236,0.9858545863878512,,,,,,0.0
2025-05-01 20:00:00+00:00,0.9994147680622594,0.000585231837799164,0.0,0.0,2.0,0.9525674545403671,0.0,16.8,0.010270001192134254,0.011097840631853682,0.5026046042681916,0.7794151345281108,0.0005446562912666908,125.0,2.500804096126508,13.876050472470943,0.9855440568925321,,,,,,0.0
2025-05-02 00:00:00+00:00,0.9992325695794003,0.000767430320676465,0.0,0.0,2.0,0.9525674545403671,0.0,16.400000000000002,0.010247197972486327,0.010833206579606309,0.5550210463018653,0.7348724565094588,0.0005442731194918723,125.0,2.4664150137805034,13.642880949285995,0.9881216158708656,,,,,,0.0
2025-05-02 04:00:00+00:00,0.9552363115975213,0.04476368830695521,0.0,0.0,2.0,0.9525674545403671,0.0,19.2,0.010542105007406747,0.011310113856606185,0.4693617698551637,0.7032637213381725,0.00054921581712843,125.0,2.42979624849795,13.480517706125832,0.991456483937712,,,,,,0.0
2025-05-02 08:00:00+00:00,0.9990628383468627,0.0009371615532309189,0.0,0.0,2.0,0.9525674545403671,0.0,19.6,0.010578722522886863,0.011203204848459977,0.26952695269526733,0.6807159517125965,0.0005444282662284966,125.0,2.39079756750112,13.361583023411765,0.9935607621525284,,,,,,0.0
2025-05-02 12:00:00+00:00,0.9992531576359536,0.0007468422641210738,0.0,0.0,2.0,0.9525674545403671,0.0,19.2,0.010511018356390263,0.010911884162451096,0.02702702702702494,0.7524998527193193,0.0005430945057881864,125.0,2.34985006476547,13.270224333725952,0.9953221242591335,,,,,,0.0
2025-05-02 16:00:00+00:00,0.9967536832763019,0.0032463166240228234,0.0,0.0,2.0,0.9525674545403671,0.0,19.2,0.010503553958644524,0.010581177764226572,0.023671281822240747,0.6798435754970246,0.0005426053711190596,125.0,2.306420072306581,13.21050700310971,0.9977204021994895,,,,,,0.0
2025-05-02 20:00:00+00:00,0.9992326824939356,0.0007673174061410434,0.0,0.0,2.0,0.9525674545403671,0.0,18.4,0.01037572860747067,0.010263973593758503,0.09045560359161997,0.7215017570559372,0.0005421316814212467,125.0,2.2604118898101824,13.21050700310971,0.997835931310765,,,,,,0.0
2025-05-03 00:00:00+00:00,0.9991234156847321,0.0008765842153555015,0.0,0.0,2.0,0.9525674545403671,0.0,18.0,0.010350042692996938,0.009996698736018345,0.522828507795095,0.6380232113877199,0.0005421173704909513,125.0,2.2118752470667986,13.266958368130833,0.9940227024672367,,,,,,0.0
2025-05-03 04:00:00+00:00,0.9997295675605552,0.0002704323394718812,0.0,0.0,2.0,0.9525674545403671,0.0,19.2,0.010378310166361884,0.009758721564159389,0.24917672886937922,0.6229543601733286,0.0005418306838991474,125.0,2.1620982573243492,13.39387762252397,0.9888035053448099,,,,,,0.0
2025-05-03 08:00:00+00:00,0.9997567449789387,0.00024325492108551928,0.0,0.0,2.0,0.9525674545403671,0.0,17.599999999999998,0.010292414422585272,0.009466167404489,0.7755289788408438,0.6462984059434275,0.0005409424024092674,125.0,2.106671231025481,13.62986890329637,0.9825375662856122,,,,,,0.0
2025-05-03 12:00:00+00:00,0.9998019473986287,0.0001980525013911939,0.0,0.0,2.0,0.9525674545403671,0.0,16.8,0.010252604184171635,0.009278169903096463,0.1729570068920229,0.6066044171563376,0.0005409087240590004,125.0,2.0600531075513038,13.975030910723628,0.9806883481344298,,,,,,0.0
2025-05-03 16:00:00+00:00,0.9997696023152184,0.00023039758480465254,0.0,0.0,2.0,0.9525674545403671,0.0,14.799999999999999,0.010202974614810118,0.00901214306029725,0.1123560535325277,0.6465882831074132,0.0005402134439707397,125.0,2.002225772875423,14.290240814490854,0.984363291459549,,,,,,0.0
2025-05-03 20:00:00+00:00,0.9986267783052023,0.0013732215949350918,0.0,0.0,2.0,0.9525674545403671,0.0,14.799999999999999,0.010194236424945385,0.008763662824901666,0.05091514143094759,0.7160429196552816,0.0005400592023525189,125.0,1.941037538156586,14.51898525545495,0.9875589803196104,,,,,,0.0
2025-05-04 00:00:00+00:00,0.9990001927936044,0.0009998071064956442,0.0,0.0,2.0,0.9525674545403671,0.0,14.799999999999999,0.010145649770606696,0.008498491723948622,0.2475940507436617,0.7222869436925742,0.000539520495107639,125.0,1.8778520034503439,14.73245138405462,0.9871617029739597,,,,,,0.0
2025-05-04 04:00:00+00:00,0.9988528751432221,0.001147124756892606,0.0,0.0,2.0,0.9525674545403671,0.0,15.2,0.010154708000053858,0.008326648020825932,0.5700303746203229,0.6591504242295116,0.0005393583748415954,125.0,1.8110245897774322,14.982187827853128,0.9846795377960327,,,,,,0.0
2025-05-04 08:00:00+00:00,0.9993560400261011,0.0006439598739632046,0.0,0.0,2.0,0.9525674545403671,0.0,16.8,0.01022638114649417,0.008273462066601829,0.20654149000605654,0.6340614097865204,0.0005399695047204605,125.0,1.7390471011895878,15.294319531020877,0.9817074551849585,,,,,,0.0
2025-05-04 12:00:00+00:00,0.9996578536364876,0.0003421462635466871,0.0,0.0,2.0,0.9525674545403671,0.0,15.6,0.010167153506529783,0.008031085707589973,0.2504708097928379,0.7128829290454276,0.0005384185547473975,125.0,1.6559928512150939,15.667492655783409,0.9813969428225208,,,,,,0.0
2025-05-04 16:00:00+00:00,0.999817768478463,0.00018223142155516695,0.0,0.0,2.0,0.9525674545403671,0.0,14.000000000000002,0.010103242140640165,0.00779126727193629,0.17227036395147327,0.5736763176491623,0.0005381054668580043,125.0,1.5638599745727357,16.007494864573335,0.9849544767016245,,,,,,0.0
2025-05-04 20:00:00+00:00,0.9977633099062757,0.0022366899939480094,0.0,0.0,2.0,0.9525674545403671,0.0,15.2,0.010141462405293233,0.008007264456426149,0.4946031746031747,0.5865278383821569,0.000539912384574365,125.0,1.4611821885415484,16.25378839630409,0.9898521940430118,,,,,,0.0
2025-05-05 00:00:00+00:00,0.9956490850568387,0.004350914843596306,0.0,0.0,2.0,0.9525674545403671,0.0,17.2,0.010197590293887226,0.00799378942560255,0.8874856486796769,0.5932360329068339,0.0005385249471067836,125.0,1.3550406046219423,16.407159840567818,0.9948691030735524,,,,,,0.0
2025-05-05 04:00:00+00:00,0.9939933672027761,0.006006632697824525,0.0,0.0,2.0,0.9525674545403671,0.0,24.4,0.010404201003335455,0.008870474692211127,0.013457996883411821,0.7470001658365129,0.0005416908569728165,125.0,1.2293842028850932,16.407159840567818,0.998455122097929,,,,,,0.0
2025-05-05 08:00:00+00:00,0.9917422158111153,0.008257784089710394,0.0,0.0,2.0,0.9525674545403671,0.0,26.0,0.010533804591534569,0.009095383744823698,0.28823398079928614,0.7548941910076471,0.000539446756635991,125.0,1.0950168071538076,16.388625646991027,0.9952931611713807,,,,,,0.0
2025-05-05 12:00:00+00:00,0.9823132443191932,0.01768675558257549,0.0,0.0,2.0,0.9525674545403671,0.0,10.0,0.00945849532029867,0.008832401878087827,0.3008771929824541,0.725069609535753,0.0005365482851121675,125.0,0.9353386250936568,16.267363541050656,0.9964473864766563,,,,,,0.0
2025-05-05 16:00:00+00:00,0.9751578796331744,0.024842120269309983,0.0,0.0,2.0,0.9525674545403671,0.0,4.8,0.009077592962517443,0.008817408426772082,0.08942528735632414,0.7078053062907959,0.0005371928452734442,125.0,0.7331434703625994,16.267363541050656,0.9979931187613424,,,,,,0.0
2025-05-05 20:00:00+00:00,0.9978208784811685,0.0021791214190493855,0.0,0.0,2.0,0.9525674545403671,0.0,5.2,0.009079661830644077,0.008563959815228176,0.3330728149016565,0.6055171957594727,0.0005361864352440217,125.0,0.46505735103812923,16.267363541050656,0.9973939327528204,,,,,,0.0
2025-05-06 00:00:00+00:00,0.9981066775596789,0.0018933223405104634,0.0,0.0,2.0,0.9525674545403671,0.0,6.0,0.009160726938885953,0.0085138196797415,0.34410064603876284,0.6277062850376935,0.0005380092177800923,125.0,0.04727481563415664,16.232931588410356,0.9942522713092222,,,,,,0.0
2025-05-06 04:00:00+00:00,0.9999999998996862,3.138510546150182e-13,0.0,0.0,2.0,0.9683844124452304,0.0,4.3999999999999995,0.009002741150317333,0.00825473323300119,0.03182669162877932,0.6114611400289481,0.0006122017092154945,125.0,0.4953374197688533,16.19502744942188,0.9967404044570692,,,,,,0.0
2025-05-06 08:00:00+00:00,0.9399319367259928,0.0600680631800139,0.0,0.0,2.0,0.9683844124452304,0.0,12.0,0.009476874410207378,0.009395095717581015,0.44584889399598016,0.6887562529884819,0.0006193544924272912,125.0,0.651442685801698,16.19502744942188,0.9973523533133456,,,,,,0.0
2025-05-06 12:00:00+00:00,0.9488918916267323,0.05110810827837868,0.0,0.0,2.0,0.9683844124452304,0.0,9.6,0.009407565316283815,0.009108929655785927,0.8530927835051547,0.8408012213525643,0.0006090547775994507,125.0,0.7574901195953541,16.19502744942188,0.9958624604106077,,,,,,0.0
2025-05-06 16:00:00+00:00,0.9628615023992637,0.037138497504450196,0.0,0.0,2.0,0.9683844124452304,0.0,13.200000000000001,0.009485271497749028,0.009062233675493784,0.5419730392156863,0.7158959841939813,0.0006068837974801211,125.0,0.8422704179336442,16.05604465280482,0.9947822806068359,,,,,,0.0
2025-05-06 20:00:00+00:00,0.15840687233537276,0.8415931275804679,0.0,0.0,2.0,0.8956791510393552,0.0,15.2,0.009670265260316556,0.009816300711992963,0.12835249042145594,0.707092260308692,0.0006086282288609972,125.0,0.922355940822259,16.05604465280482,0.9923042616747912,,,,,,0.0
2025-05-07 00:00:00+00:00,0.2532817906393843,0.7467182092859439,0.0,0.0,2.0,0.8956791510393552,0.0,14.799999999999999,0.009652091503277123,0.00960053729782489,0.22294372294372175,0.548019616915281,0.0006011806727744298,125.0,0.9812546773747645,16.287555883365073,0.9764705286290182,,,,,,0.0
2025-05-07 04:00:00+00:00,0.3743156311309254,0.6256843688065061,0.0,0.0,2.0,0.8956791510393552,0.0,14.399999999999999,0.009627998311546539,0.009437803610776866,1.0,0.5360194328759266,0.0005991842742610727,125.0,1.0371940337371324,16.92494339905798,0.9597649645742591,,,,,,0.0
2025-05-07 08:00:00+00:00,0.9992912067310432,0.0007087931690276938,0.0,0.0,2.0,0.9683844124452304,0.0,12.8,0.009496426751717508,0.009153369966822807,0.9489459343180848,0.553500385164767,0.0005975892669782318,125.0,1.102421889144649,17.953221130292565,0.9494920151137662,,,,,,0.0
2025-05-07 12:00:00+00:00,0.9877296789255979,0.012270320975629183,0.0,0.0,2.0,0.9683844124452304,0.0,0.8,0.008511520454739125,0.009224036557093748,0.44317873609981095,0.6188687403025923,0.0005978230932352127,125.0,1.1549075421688662,19.15093319529992,0.9609105572315885,,,,,,0.0
2025-05-07 16:00:00+00:00,0.726578618297617,0.2734213816297252,0.0,0.0,2.0,0.9683844124452304,0.0,1.2,0.008521494127098912,0.009412834882386582,0.3343878519455883,0.6995770054952734,0.0005969634883994203,125.0,1.2061626617365258,19.731937387274368,0.9751528035946534,,,,,,0.0
2025-05-07 20:00:00+00:00,0.9944750618965108,0.005524938004041656,0.0,0.0,2.0,0.9683844124452304,0.0,1.6,0.008598365840805016,0.009352718028725301,0.22438316400580172,0.7739586570438308,0.000593429334126942,125.0,1.2533869280788879,20.352462317358732,0.964710572893258,,,,,,0.0
2025-05-08 00:00:00+00:00,0.01025392034996623,0.9897460795510591,0.0,0.0,2.0,0.8956791510393552,0.0,34.0,0.011348824351744276,0.014986702742778885,0.4284552845528452,0.7357268553442319,0.000631464767156767,125.0,1.3096105767322155,21.481420447303748,0.9493821851082848,,,,,,0.0
2025-05-08 04:00:00+00:00,0.02262114503634407,0.9773788548659179,0.0,0.0,2.0,0.8956791510393552,0.0,41.6,0.011526567206492276,0.014944237253339687,0.5332717190388163,0.7071498044669666,0.0005957506445009297,125.0,1.3558750348602107,23.02234946383425,0.9552755740623964,,,,,,0.0
2025-05-08 08:00:00+00:00,0.030439194239443378,0.9695608056636006,0.0,0.0,2.0,0.8956791510393552,0.0,34.4,0.011383131670288756,0.014938860515918539,0.7636720881999775,0.6225256856348989,0.0005946092997768792,125.0,1.4001151147522175,23.956772620982996,0.9807296656295367,,,,,,0.0
2025-05-08 12:00:00+00:00,0.0025399423080399736,0.997460057592214,0.0,0.0,2.0,0.8956791510393552,0.0,64.4,0.013371424339166165,0.018483462271465863,1.0,0.5611276603004989,0.0006261533525391493,125.0,1.452735956640177,23.956772620982996,0.9909913384684667,,,,,,0.0
2025-05-08 16:00:00+00:00,0.006566538741863617,0.993433461158793,0.0,0.0,2.0,0.8956791510393552,0.0,66.0,0.014074063982548474,0.01957595716975148,1.0,0.6673916177571623,0.000607324456865611,125.0,1.4948543258603508,23.891699863661337,0.9914069609765578,,,,,,0.0
2025-05-08 20:00:00+00:00,0.0025196010220561826,0.9974803988781957,0.0,0.0,2.0,0.8956791510393552,0.0,73.2,0.01519833644809574,0.02148975777168298,1.0,0.6986340563085287,0.0006176186192881432,125.0,1.5373957830749467,23.891699863661337,0.9752512366298963,,,,,,0.0
2025-05-09 00:00:00+00:00,0.0821775349497374,0.9178224649584804,0.0,0.0,2.0,0.8956791510393552,0.0,73.2,0.01521933240475262,0.02083625358510159,0.9858934169278996,0.7350651407924966,0.0005934599638412899,125.0,1.5899487495046267,24.94228436635332,0.9787154203548161,,,,,,0.0
2025-05-09 04:00:00+00:00,0.004843549898288811,0.9951564500021955,0.0,0.0,2.0,0.8956791510393552,0.0,76.0,0.017912700904140946,0.026457084267725587,0.9903677758318739,0.8084414994067021,0.0006725934308342494,125.0,1.6625706652404966,24.94228436635332,0.9955668561408293,,,,,,0.0
2025-05-09 08:00:00+00:00,0.1355586141378144,0.8644413857757414,0.0,0.0,2.0,0.8956791510393552,0.0,76.0,0.01799757727625623,0.025686913719249645,0.9089808030036955,0.8464165049631357,0.0005984222562059587,125.0,1.7019120056836115,25.05647618294873,0.9898934814065958,,,,,,0.0
2025-05-09 12:00:00+00:00,0.6448766226849836,0.3551233772505286,0.0,0.0,2.0,0.9683844124452304,0.0,76.0,0.01849137443514921,0.02545972014682327,0.583716181725371,0.7338681175208164,0.0006060796591796688,125.0,1.7443525561067212,25.406064601503974,0.9816667934060542,,,,,,0.0
2025-05-09 16:00:00+00:00,0.6660523935340095,0.3339476063993853,0.0,0.0,2.0,0.9683844124452304,0.0,76.0,0.0185030011062646,0.024889168270526063,0.4875701998978921,0.6232309468197781,0.0005963907742269804,125.0,1.784344530232055,25.924754521830874,0.9857206331936744,,,,,,0.0
2025-05-09 20:00:00+00:00,0.6314654124208816,0.36853458751597173,0.0,0.0,2.0,0.9683844124452304,0.0,75.2,0.018490410272162014,0.024173053963326467,0.5248253586719761,0.6777170798659794,0.000593449199109652,125.0,1.8215050256176375,26.307867527615063,0.9887431022296743,,,,,,0.0
2025-05-10 00:00:00+00:00,0.679426162169935,0.32057383776212234,0.0,0.0,2.0,0.9683844124452304,0.0,74.8,0.01847234377451223,0.023443680890742138,0.2222222222222222,0.5426123657730055,0.0005923980838284444,125.0,1.860073307902278,26.649378254822526,0.99284060996984,,,,,,0.0
2025-05-10 04:00:00+00:00,0.033748257445755,0.9662517424576198,0.0,0.0,2.0,0.8956791510393552,0.0,76.0,0.018641455860818792,0.023570859868836624,0.30292222013641035,0.6087160956441147,0.0005988058541359079,125.0,1.9054985498137225,26.649378254822526,0.995349368082632,,,,,,0.0
2025-05-10 08:00:00+00:00,0.14128201517116934,0.8587179847429588,0.0,0.0,2.0,0.8956791510393552,0.0,76.0,0.018711598756225453,0.022907310732670952,0.6654935210366304,0.6322038624079712,0.0005912994925286089,125.0,1.9457707407708567,26.454509648781645,0.9875934576917438,,,,,,0.0
2025-05-10 12:00:00+00:00,0.48811524626191494,0.5118847536868966,0.0,0.0,2.0,0.8956791510393552,0.0,76.4,0.01883182101356237,0.02275370867589831,0.7085917357675394,0.8094858733660384,0.0005928997422145366,125.0,1.9881486753026627,25.959269201126116,0.9879207321662812,,,,,,0.0
2025-05-10 16:00:00+00:00,0.020993706080464487,0.979006293821635,0.0,0.0,2.0,0.8956791510393552,0.0,76.4,0.019067809615843687,0.023013783720950733,0.7864910399754912,0.824574637301618,0.0005958874109281946,125.0,2.0312485503766853,25.79923238169544,0.9958027832463073,,,,,,0.0
2025-05-10 20:00:00+00:00,0.0022662382442488424,0.9977337616559777,0.0,0.0,2.0,0.8956791510393552,0.0,77.2,0.019399371576312247,0.023723332974305768,0.8874206030517626,0.7547555102064951,0.0005999793177615158,125.0,2.075547339964175,25.79923238169544,0.9938845901647402,,,,,,0.0
2025-05-11 00:00:00+00:00,0.022034303342313055,0.9779656965598903,0.0,0.0,2.0,0.8956791510393552,0.0,77.2,0.019766334210905522,0.023411110544941615,0.5291303341307199,0.7421847376866854,0.0005930780088132313,125.0,2.1130872890903776,26.070789287650843,0.9902738578219042,,,,,,0.0
2025-05-11 04:00:00+00:00,0.07520045763535567,0.9247995422721644,0.0,0.0,2.0,0.8956791510393552,0.0,77.2,0.020416772162264975,0.023537516532320512,0.28901320496975297,0.6542641787610181,0.0005981252755403543,125.0,2.153429277538899,26.419364532588045,0.9898651484531672,,,,,,0.0
2025-05-11 08:00:00+00:00,0.18447047762022153,0.8155295222982255,0.0,0.0,2.0,0.8956791510393552,0.0,77.2,0.020426108994368586,0.023487645821524534,0.3073071804296856,0.673329616374303,0.0005887513472862572,125.0,2.197527611548699,26.72585702821881,0.9927032663914126,,,,,,0.0
2025-05-11 12:00:00+00:00,0.2631352061945615,0.7368647937317521,0.0,0.0,2.0,0.8956791510393552,0.0,78.0,0.021113930655124135,0.02373429370654141,0.11685287175452434,0.6581383099112937,0.0005977241809352389,125.0,2.240250694179502,26.888945655745857,0.9966309764604323,,,,,,0.0
2025-05-11 16:00:00+00:00,0.34661108671125535,0.6533889132234059,0.0,0.0,2.0,0.8956791510393552,0.0,78.0,0.021144595356920988,0.023449691067747882,0.26760965852264634,0.7288788104547556,0.0005842492005515417,125.0,2.278978575240275,26.908134292755907,0.9992611518720055,,,,,,0.0
2025-05-11 20:00:00+00:00,0.19634917048385225,0.8036508294357827,0.0,0.0,2.0,0.8956791510393552,0.0,76.4,0.020960785143620878,0.022744137558691455,0.09478928793855051,0.8638728503740358,0.0005792604861986858,125.0,2.314464533798529,26.908134292755907,0.9978539083578544,,,,,,0.0
2025-05-12 00:00:00+00:00,0.22793017798053522,0.7720698219422578,0.0,0.0,2.0,0.8956791510393552,0.0,76.0,0.02083554288601488,0.022057829542159756,0.2539960586818475,0.7486345802950694,0.0005782790092426935,125.0,2.3709615877949606,26.802971936176096,0.9967201320589624,,,,,,0.0
2025-05-12 04:00:00+00:00,0.02579820532265558,0.9742017945799243,0.0,0.0,2.0,0.8956791510393552,0.0,75.6,0.020799755520572828,0.021642842454591082,0.15016213519580843,0.7358157870093875,0.0005785567817954901,125.0,2.422975738633462,26.802971936176096,0.9926437407921811,,,,,,0.0
2025-05-12 08:00:00+00:00,0.04608588858412433,0.9539141113204843,0.0,0.0,2.0,0.8956791510393552,0.0,75.2,0.020742326438903804,0.021111693189805904,0.5856258596973887,0.5712260732413067,0.0005788347714063623,125.0,2.4783337083395236,27.15644013645668,0.9789440093412479,,,,,,0.0
2025-05-12 12:00:00+00:00,0.1365881654490813,0.8634118344645776,0.0,0.0,2.0,0.8956791510393552,0.0,76.8,0.021054916131475324,0.020902976667200257,0.1847301448003482,0.587363507317702,0.0005817793544065603,125.0,2.52236310893806,28.07644299645964,0.9766733774241502,,,,,,0.0
2025-05-12 16:00:00+00:00,0.6918376262028525,0.30816237372796373,0.0,0.0,2.0,0.9683844124452304,0.0,78.0,0.02124587305417981,0.02043742892049613,0.4040712847662367,0.5797505321935863,0.0005771434150756695,125.0,2.585785258179942,28.74961925434701,0.9865727309374466,,,,,,0.0
2025-05-12 20:00:00+00:00,0.35012981399436116,0.6498701859406518,0.0,0.0,2.0,0.8956791510393552,0.0,78.0,0.02125568123257741,0.02011270262678277,0.15203426124197242,0.6995387778831941,0.0005744713478141648,125.0,2.6378813483982793,28.74961925434701,0.994982737956096,,,,,,0.0
2025-05-13 00:00:00+00:00,0.023222720527046492,0.9767772793752759,0.0,0.0,2.0,0.8956791510393552,0.0,78.0,0.021853032126668226,0.02071227709508616,0.6497413490030641,0.6740921422016882,0.00058810025358642,125.0,2.69196470664132,28.63492141478012,0.9834382649159307,,,,,,0.0
2025-05-13 04:00:00+00:00,0.07103883871080817,0.9289611611962957,0.0,0.0,2.0,0.8956791510393552,0.0,78.0,0.02185312198920562,0.020400389653409692,0.3293492695883142,0.7209581140730607,0.000573094875592402,125.0,2.746925361420935,27.853815984337388,0.9770864884593906,,,,,,0.0
2025-05-13 08:00:00+00:00,0.05014610036173339,0.9498538995432813,0.0,0.0,2.0,0.8956791510393552,0.0,77.2,0.021511764496135673,0.02044069312395258,0.1197452229299372,0.6300205792727996,0.0005750139582844358,125.0,2.792996201314466,27.071607444860398,0.9814002672678851,,,,,,0.0
2025-05-13 12:00:00+00:00,0.03835440352063094,0.9616455963832045,0.0,0.0,2.0,0.8956791510393552,0.0,77.2,0.021554495733773906,0.020458339965704668,0.42965253478720894,0.5724933383578406,0.0005742582924877571,125.0,2.859644488913313,26.91097576796239,0.9932255322999679,,,,,,0.0
2025-05-13 16:00:00+00:00,0.00797583520509707,0.9920241646957004,0.0,0.0,2.0,0.8956791510393552,0.0,78.0,0.022369471621633018,0.023012288451486416,0.5828472800857053,0.4731808205183809,0.000600836422453138,125.0,2.913302320999212,26.91097576796239,0.9795322636502897,,,,,,0.0
2025-05-13 20:00:00+00:00,0.09848163546245085,0.9015183644473973,0.0,0.0,2.0,0.8956791510393552,0.0,78.8,0.022434706968623742,0.02233560779036945,0.9175859831278401,0.47155611251153906,0.0005694653002217607,125.0,2.963619438949021,27.924887568712343,0.9696421330247202,,,,,,0.0
2025-05-14 00:00:00+00:00,0.04767929201513862,0.9523207078896292,0.0,0.0,2.0,0.8956791510393552,0.0,80.4,0.022673386030148446,0.021864592073988633,0.6775040093308075,0.5826945098285238,0.0005715975286627982,125.0,3.0045998540709578,28.98854072405079,0.9819632200410097,,,,,,0.0
2025-05-14 04:00:00+00:00,0.1962296331705132,0.8037703667491097,0.0,0.0,2.0,0.8956791510393552,0.0,81.2,0.02273826533072277,0.021207442481889324,0.5549335199440156,0.734797798176665,0.0005672514165404353,125.0,3.036854564647648,28.98854072405079,0.9907674448346223,,,,,,0.0
2025-05-14 08:00:00+00:00,0.10352184898073516,0.896478150929617,0.0,0.0,2.0,0.8956791510393552,0.0,81.6,0.022798461166008165,0.020608599908941164,0.3103303837897267,0.7964010241862944,0.0005671481784132869,125.0,3.0659344128195656,28.45785822091652,0.9780073868977343,,,,,,0.0
2025-05-14 12:00:00+00:00,0.18941224484638447,0.8105877550725569,0.0,0.0,2.0,0.8956791510393552,0.0,81.6,0.022806852909054324,0.020151347363167746,1.0,0.8429797306119631,0.0005682163438006327,125.0,3.0928174236832806,27.53598394352249,0.9767914125021289,,,,,,0.0
2025-05-14 16:00:00+00:00,0.9997975283765568,0.00020247152346352187,0.0,0.0,2.0,0.9683844124452304,0.0,78.0,0.022595266054939334,0.019550467799494847,0.8315531820204776,0.747493296905144,0.000564424568883354,125.0,3.1193506444259294,26.895553834915148,0.9830895930960539,,,,,,0.0
2025-05-14 20:00:00+00:00,0.9996570867164495,0.00034291318358485985,0.0,0.0,2.0,0.9683844124452304,0.0,78.4,0.02262086846813222,0.01896045245786544,0.5978050355067893,0.704991570809823,0.000563698188481784,125.0,3.1354848379255307,26.423848340230442,0.981326074252793,,,,,,0.0
2025-05-15 00:00:00+00:00,0.9994362393665884,0.0005637605334678736,0.0,0.0,2.0,0.9683844124452304,0.0,74.8,0.02196422646635289,0.018677705928122106,0.7240004430169518,0.6889986147643286,0.0005675549459700534,125.0,3.1512988778507482,25.699591468312533,0.9721726333744941,,,,,,0.0
2025-05-15 04:00:00+00:00,0.9890797558672183,0.010920244033873658,0.0,0.0,2.0,0.9683844124452304,0.0,74.8,0.022255696436953867,0.01859851154002812,0.7914295279544749,0.7117011654699584,0.0005692006335920184,125.0,3.1633326969637925,24.686628900823898,0.9637646309582557,,,,,,0.0
2025-05-15 08:00:00+00:00,0.9318226654180716,0.06817733448874612,0.0,0.0,2.0,0.9683844124452304,0.0,74.4,0.02222188682077716,0.018182246569018116,0.36672135394180505,0.6347529718790269,0.0005625859890063099,125.0,3.170819340476956,23.51506240788092,0.9607739280265334,,,,,,0.0
2025-05-15 12:00:00+00:00,0.8851739974603967,0.11482600245108598,0.0,0.0,2.0,0.9683844124452304,0.0,72.0,0.02127984649723769,0.017649813099808124,0.3490155970340053,0.7626536218626891,0.0005613477049394931,125.0,3.175308284325222,22.425088243175047,0.9640068177023406,,,,,,0.0
2025-05-15 16:00:00+00:00,0.7805367826945427,0.21946321722740353,0.0,0.0,2.0,0.9683844124452304,0.0,69.19999999999999,0.02102957115813224,0.01740638326979244,0.542488150030911,0.7480601870491919,0.0005649575663645748,125.0,3.177998223473897,21.535444592981822,0.9688356629632896,,,,,,0.0
2025-05-15 20:00:00+00:00,0.5347223044283955,0.46527769551813214,0.0,0.0,2.0,0.9683844124452304,0.0,66.0,0.02021223040261496,0.01696504418970351,0.202364286825322,0.8049053532583299,0.0005605649039976761,125.0,3.177601229289874,20.779550488227674,0.9714986067724075,,,,,,0.0
2025-05-16 00:00:00+00:00,0.614883082539561,0.3851169173989506,0.0,0.0,2.0,0.9683844124452304,0.0,66.0,0.02025068471966102,0.016741885427761533,0.43411051328038147,0.7963580945332773,0.0005612907521918394,125.0,3.175897355139291,20.083759745038478,0.9731459281723419,,,,,,0.0
2025-05-16 04:00:00+00:00,0.9922346116126483,0.007765388288128398,0.0,0.0,2.0,0.9683844124452304,0.0,59.199999999999996,0.017378408519655598,0.01634242574037992,0.41336874723328854,0.729205326999452,0.0005596597791939574,125.0,3.17216342476171,19.457549990739906,0.9759592529453557,,,,,,0.0
2025-05-16 08:00:00+00:00,0.9832095445553573,0.016790455346321793,0.0,0.0,2.0,0.9683844124452304,0.0,58.8,0.017351742088717623,0.015949889135744362,0.4628728923475993,0.8400317895811106,0.0005591270863342399,125.0,3.1661710244258003,18.937505758800697,0.9802117674050941,,,,,,0.0
2025-05-16 12:00:00+00:00,0.9631056434758823,0.03689435642780717,0.0,0.0,2.0,0.9683844124452304,0.0,58.4,0.01704736069120026,0.015656649110401585,0.5518101298477951,0.7334533884606751,0.0005611708191989367,125.0,3.158719409633371,18.540384389195466,0.9846941286578216,,,,,,0.0
2025-05-16 16:00:00+00:00,0.9980451077275193,0.0019548921726761166,0.0,0.0,2.0,0.9683844124452304,0.0,57.99999999999999,0.016981403008203777,0.015182226001420334,0.4271604938271605,0.7361654583732532,0.0005582128352762095,125.0,3.1491509539351887,18.243555774337974,0.987986880929539,,,,,,0.0
2025-05-16 20:00:00+00:00,0.33416398650340723,0.6658360134300092,0.0,0.0,2.0,0.8956791510393552,0.0,58.8,0.017372899742485362,0.0156389339870826,0.3610012111425103,0.7744415119291798,0.0005672990588464877,125.0,3.1405724804285073,18.00400595150262,0.9898740460380812,,,,,,0.0
2025-05-17 00:00:00+00:00,0.2697850258799836,0.7302149740469949,0.0,0.0,2.0,0.8956791510393552,0.0,59.199999999999996,0.017575766439098767,0.015649627489603836,0.7283555060249359,0.8235885374401195,0.0005627894086098964,125.0,3.129680978150097,17.797122974432682,0.9913236557743392,,,,,,0.0
2025-05-17 04:00:00+00:00,0.9366628513976565,0.06333714850867729,0.0,0.0,2.0,0.9683844124452304,0.0,57.599999999999994,0.0171690516554551,0.015179143477317296,1.0,0.8803305616180794,0.0005570852967244622,125.0,3.116744738331602,17.626082748824725,0.9929153727956335,,,,,,0.0
2025-05-17 08:00:00+00:00,0.9978509086791028,0.0021490912211121556,0.0,0.0,2.0,0.9683844124452304,0.0,57.199999999999996,0.017150610501083303,0.014756221319920989,1.0,0.7718634635402399,0.0005571417144054851,125.0,3.103584731326157,17.4917676726948,0.9939954114646428,,,,,,0.0
2025-05-17 12:00:00+00:00,0.9967068969200348,0.00329310298029449,0.0,0.0,2.0,0.9683844124452304,0.0,56.00000000000001,0.016886912751620284,0.014324990163715107,1.0,0.7484233108906753,0.0005564108963759824,125.0,3.089217009101484,17.36883887606929,0.9936434655877144,,,,,,0.0
2025-05-17 16:00:00+00:00,0.9941890434803123,0.005810956420268745,0.0,0.0,2.0,0.9683844124452304,0.0,55.2,0.0163662920043484,0.01389519351338981,1.0,0.7594077633193803,0.0005557874113036646,125.0,3.073897750683566,17.221813542053354,0.9921434785346446,,,,,,0.0
2025-05-17 20:00:00+00:00,0.9997128585047801,0.0002871413952486708,0.0,0.0,2.0,0.9683844124452304,0.0,53.6,0.015510948760047513,0.013481706293305355,0.6778398510242032,0.711488526873389,0.000555049650740675,125.0,3.057598766520153,17.038318183866178,0.9909894208854845,,,,,,0.0
2025-05-18 00:00:00+00:00,0.9998345871462964,0.00016541275372011796,0.0,0.0,2.0,0.9683844124452304,0.0,52.800000000000004,0.015283491701451862,0.013072651261902499,0.5120481927710812,0.6556490567402483,0.0005546875050446459,125.0,3.0412020423785755,16.845856947980447,0.991182397987055,,,,,,0.0
2025-05-18 04:00:00+00:00,0.9992686944956564,0.0007313054044168657,0.0,0.0,2.0,0.9683844124452304,0.0,51.6,0.014902376300202925,0.013062598208667169,0.5443335290663557,0.7782188820553654,0.0005558876242532558,125.0,3.0249617607808688,16.674523156432407,0.9910550794354858,,,,,,0.0
2025-05-18 08:00:00+00:00,0.9995680372708192,0.0004319626292239326,0.0,0.0,2.0,0.9683844124452304,0.0,51.6,0.014484643668298606,0.012687969781512378,0.528181289947708,0.8062863513271119,0.0005544412621859227,125.0,3.0088374440646706,16.480899570281395,0.9883149974605048,,,,,,0.0
2025-05-18 12:00:00+00:00,0.08244115298643896,0.9175588469218052,0.0,0.0,2.0,0.8956791510393552,0.0,52.0,0.014601589790658107,0.014398797131603979,0.8741191543882108,0.7745781189397247,0.0005659859162607673,125.0,2.9961158061063955,16.205926032901143,0.9855542179558574,,,,,,0.0
2025-05-18 16:00:00+00:00,0.02230413821634566,0.9776958616858848,0.0,0.0,2.0,0.8956791510393552,0.0,60.4,0.01790201130915183,0.02187369040846894,0.23132969034608375,0.6567599160586031,0.0006422830039196607,125.0,2.9870322417665673,15.90788307634956,0.986852789890502,,,,,,0.0
2025-05-18 20:00:00+00:00,0.05177486437154814,0.9482251355336293,0.0,0.0,2.0,0.8956791510393552,0.0,64.0,0.018822233507689315,0.02304280796734021,0.05484475162898668,0.6335949227815472,0.0005729528893163522,125.0,2.970777090854146,15.695079253582318,0.9916428503975765,,,,,,0.0
2025-05-19 00:00:00+00:00,0.09582492229488314,0.9041750776146994,0.0,0.0,2.0,0.8956791510393552,0.0,66.0,0.020106947542740165,0.025033515368532107,0.26966023115599747,0.7415027744376752,0.0005931495116362301,125.0,2.9558324029701053,15.59215332752918,0.9968252483414737,,,,,,0.0
2025-05-19 04:00:00+00:00,0.48394555746025153,0.516054442488143,0.0,0.0,2.0,0.8956791510393552,0.0,66.0,0.020019518012985845,0.02434132076821515,0.20855956563398254,0.7455305086939075,0.0005539645311616461,125.0,2.9350236860949086,15.59215332752918,0.9974585828579463,,,,,,0.0
2025-05-19 08:00:00+00:00,0.6271457327964904,0.3728542671407949,0.0,0.0,2.0,0.9683844124452304,0.0,66.0,0.020008238244829463,0.023641449824189444,0.3984428895239971,0.6096609444526416,0.0005532593917602851,125.0,2.9130243307200487,15.674031432864595,0.9947665140878752,,,,,,0.0
2025-05-19 12:00:00+00:00,0.5600806517152375,0.43991934822875445,0.0,0.0,2.0,0.9683844124452304,0.0,66.8,0.02010290962787584,0.023448028872702895,0.20718689448652444,0.7125177843068415,0.0005577841253026489,125.0,2.8948757165168177,15.788100677954965,0.9945898935879339,,,,,,0.0
2025-05-19 16:00:00+00:00,0.24330194203928535,0.7566980578850449,0.0,0.0,2.0,0.8956791510393552,0.0,68.4,0.020289649495905476,0.02330315277149997,0.08419810360965309,0.8737765388386137,0.0005577871945580672,125.0,2.8737423509703217,15.882873149250194,0.9959259894419755,,,,,,0.0
2025-05-19 20:00:00+00:00,0.3414655003783741,0.6585344995557725,0.0,0.0,2.0,0.8956791510393552,0.0,67.60000000000001,0.020183672305020436,0.02261090387384951,1.0,0.842491310508779,0.0005520724931841382,125.0,2.850016604728432,15.945394209877826,0.997122471783144,,,,,,0.0
2025-05-20 00:00:00+00:00,0.9983072659841591,0.001692733916010186,0.0,0.0,2.0,0.9683844124452304,0.0,65.60000000000001,0.019711124718575824,0.022056538910986474,1.0,0.7464989084743485,0.0005524673125684148,125.0,2.82566296766021,15.945394209877826,0.9979517811125792,,,,,,0.0
2025-05-20 04:00:00+00:00,0.9526877741237179,0.04731222578101331,0.0,0.0,2.0,0.9683844124452304,0.0,65.60000000000001,0.01964656019715901,0.021479079101049715,0.7333673860298796,0.7135263480731611,0.0005532605262398269,125.0,2.8012938383734265,15.915788442816707,0.9898134449082059,,,,,,0.0
2025-05-20 08:00:00+00:00,0.6236440077721569,0.37635599216547866,0.0,0.0,2.0,0.9683844124452304,0.0,65.60000000000001,0.01941306902043644,0.020897008102505752,0.38107784431137876,0.7721501272390496,0.0005524906975471569,125.0,2.7765556653931633,15.61996417104955,0.9811162550354489,,,,,,0.0
2025-05-20 12:00:00+00:00,0.6264233599977633,0.3735766399395943,0.0,0.0,2.0,0.9683844124452304,0.0,65.2,0.019227679181007727,0.020499075243310485,0.34438410974564315,0.7051285119408464,0.0005544265892418524,125.0,2.75202585161619,15.198850305661704,0.9793953451596036,,,,,,0.0
2025-05-20 16:00:00+00:00,0.9876747773081225,0.012325222593110132,0.0,0.0,2.0,0.9683844124452304,0.0,60.4,0.017699423565571137,0.019959756749025896,0.23248908296943135,0.6084674380656415,0.0005505642985450453,125.0,2.725681434636126,14.852825387499704,0.9853846666514114,,,,,,0.0
2025-05-20 20:00:00+00:00,0.946017325165126,0.053982674740272206,0.0,0.0,2.0,0.9683844124452304,0.0,60.8,0.01777287933481972,0.019479476507617714,0.25853919557656074,0.6864571310556635,0.0005504865652023248,125.0,2.7010667036429306,14.673916727936984,0.9916095571436382,,,,,,0.0
2025-05-21 00:00:00+00:00,0.9833846465370679,0.016615353364593584,0.0,0.0,2.0,0.9683844124452304,0.0,60.8,0.017747534567847736,0.018991602691911077,0.11230233181452856,0.7610491067228623,0.0005499373942429652,125.0,2.6750288769861648,14.552689349143229,0.9910410129145294,,,,,,0.0
2025-05-21 04:00:00+00:00,0.9746181575561922,0.02538184234634606,0.0,0.0,2.0,0.9683844124452304,0.0,61.199999999999996,0.017754603457137592,0.0184251669577642,0.3702970297029667,0.7581412545505511,0.0005491135510661899,125.0,2.648128405160091,14.357935346653704,0.9864539464884959,,,,,,0.0
2025-05-21 08:00:00+00:00,0.9899024353688642,0.010097564532145473,0.0,0.0,2.0,0.9683844124452304,0.0,61.6,0.017756149544025795,0.01792257713384788,0.642729970326414,0.7403421116441187,0.0005500180244393552,125.0,2.6222075291701716,14.079655423021542,0.984816358015769,,,,,,0.0
2025-05-21 12:00:00+00:00,0.9987473647027434,0.001252635197381803,0.0,0.0,2.0,0.9683844124452304,0.0,62.4,0.017791915212978505,0.01761913880057799,0.6860004172751976,0.6807999014489585,0.0005498953926753467,125.0,2.605187533063473,13.834218324028559,0.9892367187551148,,,,,,0.0
2025-05-21 16:00:00+00:00,0.12389695703113882,0.8761030428812508,0.0,0.0,2.0,0.8956791510393552,0.0,64.0,0.018085072656870742,0.017884975682261273,0.09365228267667335,0.8211028282640405,0.0005579948199875604,125.0,2.5771130374406104,13.744721541474227,0.9964794870488944,,,,,,0.0
2025-05-21 20:00:00+00:00,0.17035854035091752,0.8296414595661183,0.0,0.0,2.0,0.8956791510393552,0.0,64.4,0.01825614131892753,0.017749367958882864,0.04433362934626848,0.771290953747491,0.0005506285406363753,125.0,2.5475993895173024,13.744721541474227,0.9966715598157495,,,,,,0.0
2025-05-22 00:00:00+00:00,0.004795591632196467,0.995204408268283,0.0,0.0,2.0,0.8956791510393552,0.0,67.2,0.018740664028364405,0.018736687183042153,0.3576085958306557,0.6674477722250747,0.0005599940696180691,125.0,2.518001176821527,13.828482450798333,0.9948220719764267,,,,,,0.0
2025-05-22 04:00:00+00:00,0.11366390667311402,0.8863360932382524,0.0,0.0,2.0,0.8956791510393552,0.0,66.4,0.018528993737962365,0.0181739406658158,0.47348230555289056,0.711074025976919,0.0005474349026550012,125.0,2.4872305381230118,13.92008678037713,0.9949389941468729,,,,,,0.0
2025-05-22 08:00:00+00:00,0.03871232427659121,0.96128767562728,0.0,0.0,2.0,0.8956791510393552,0.0,66.0,0.018495854043664026,0.017677293336357897,0.43255813953488276,0.7706903924754541,0.0005472551358577993,125.0,2.4595770065073683,14.000890766920612,0.9962426872215373,,,,,,0.0
2025-05-22 12:00:00+00:00,0.08920655177145115,0.9107934481374694,0.0,0.0,2.0,0.8956791510393552,0.0,66.8,0.01850342054152776,0.017186076196264808,1.0,0.7865665135698102,0.0005468597930618076,125.0,2.425952872508355,14.047297641297558,0.9981845527107132,,,,,,0.0
2025-05-22 16:00:00+00:00,0.3817715738079502,0.618228426130227,0.0,0.0,2.0,0.8956791510393552,0.0,64.8,0.018471312036912314,0.016884519771084922,0.5866367838632837,0.7266240564239587,0.0005497399936700858,125.0,2.391127686049254,14.060243468711565,0.9951483428104981,,,,,,0.0
2025-05-22 20:00:00+00:00,0.4562259488916707,0.5437740510539519,0.0,0.0,2.0,0.8956791510393552,0.0,67.60000000000001,0.018515633847884176,0.01659894345426088,0.37306139791799203,0.6943378125228665,0.0005472167941296831,125.0,2.3546234032435525,14.198473574863144,0.9798213948541099,,,,,,0.0
2025-05-23 00:00:00+00:00,0.8283277587786444,0.17167224113852286,0.0,0.0,2.0,0.9683844124452304,0.0,68.8,0.018692210244589086,0.01691411871520722,0.5944757454995172,0.7634677910860675,0.0005511319088830999,125.0,2.316165737769468,14.730958803108916,0.9608115074088253,,,,,,0.0
2025-05-23 04:00:00+00:00,0.037110681822064874,0.9628893180816461,0.0,0.0,2.0,0.8956791510393552,0.0,71.2,0.019082322886115177,0.017474759867693337,0.025346091205211817,0.7484269515267182,0.0005582920932596816,125.0,2.2789196332330097,15.609522056828643,0.9467663029182527,,,,,,0.0
2025-05-23 08:00:00+00:00,0.03196301496454766,0.9680369849386486,0.0,0.0,2.0,0.8956791510393552,0.0,74.0,0.019782944277166915,0.01890521098191874,0.36102635738705335,0.6651311906460253,0.0005683262081887416,125.0,2.238862227058689,16.772137402695428,0.9375829486581848,,,,,,0.0
2025-05-23 12:00:00+00:00,0.0627953412082768,0.9372046586980027,0.0,0.0,2.0,0.8956791510393552,0.0,73.6,0.0197266357986403,0.018330336642651112,0.27246708643388673,0.7253174975147857,0.0005452159431379341,125.0,2.1956121946050335,18.182465446888198,0.9485743550438598,,,,,,0.0
2025-05-23 16:00:00+00:00,0.1375918862833351,0.8624081136304241,0.0,0.0,2.0,0.8956791510393552,0.0,74.0,0.019730695606551704,0.017786828936863362,0.4672359550561789,0.707954320391796,0.0005453419381945208,125.0,2.1505793591543654,19.01336126785517,0.9661211779558392,,,,,,0.0
2025-05-23 20:00:00+00:00,0.027915352572742386,0.9720846473300491,0.0,0.0,2.0,0.8956791510393552,0.0,72.8,0.01955732838166923,0.017559988114038045,0.9793649203646204,0.6954878639517644,0.0005488005595859201,125.0,2.1037318151523463,19.75708971494571,0.9702866759144687,,,,,,0.0
2025-05-24 00:00:00+00:00,0.1011947235721932,0.8988052763379262,0.0,0.0,2.0,0.8956791510393552,0.0,72.8,0.01944862751800792,0.017176696611070207,0.6732692185211127,0.6347433858293674,0.0005449027642297051,125.0,2.055279282494268,20.44979127480541,0.9827816444723804,,,,,,0.0
2025-05-24 04:00:00+00:00,0.23222975985530733,0.7677702400679157,0.0,0.0,2.0,0.8956791510393552,0.0,72.8,0.0194472871033077,0.016656249941073054,0.2757306226175363,0.648550712842429,0.0005441323293557239,125.0,2.004966891732305,20.44979127480541,0.9938661284313703,,,,,,0.0
2025-05-24 08:00:00+00:00,0.9978514297889394,0.0021485701112756083,0.0,0.0,2.0,0.9683844124452304,0.0,73.6,0.019452119687993322,0.016224790594780818,0.061560150375942375,0.7179081014677984,0.0005437945701146391,125.0,1.9537478475055987,20.385362128033304,0.994033735797875,,,,,,0.0
2025-05-24 12:00:00+00:00,0.9971814344025469,0.0028185654977348137,0.0,0.0,2.0,0.9683844124452304,0.0,74.0,0.019452600036591307,0.015748328256197805,0.06375996249414023,0.8288311707094982,0.0005438081448832164,125.0,1.8975786667436525,20.385362128033304,0.9802152179178903,,,,,,0.0
2025-05-24 16:00:00+00:00,0.9975024449533032,0.0024975549469465636,0.0,0.0,2.0,0.9683844124452304,0.0,73.6,0.019449439763693118,0.015268865996596768,0.5379283788987298,0.5468035518311343,0.0005431075832897086,125.0,1.8381482743702366,21.166665446276678,0.977260114281922,,,,,,0.0
2025-05-24 20:00:00+00:00,0.9995013910426516,0.0004986088573982366,0.0,0.0,2.0,0.9683844124452304,0.0,74.8,0.019512392751507148,0.014984264236645157,0.37607326846021927,0.7072977264888575,0.000545074092792335,125.0,1.7756236632087972,21.291204904664408,0.9928963605865437,,,,,,0.0
2025-05-25 00:00:00+00:00,0.9990527963592402,0.0009472035408546218,0.0,0.0,2.0,0.9683844124452304,0.0,75.2,0.01954618107771966,0.014626763208305487,0.5097451274362832,0.7737406420541821,0.0005438575814246451,125.0,1.7083695498365683,21.291204904664408,0.9845763655584899,,,,,,0.0
2025-05-25 04:00:00+00:00,0.9997022963527805,0.0002977035472491586,0.0,0.0,2.0,0.9683844124452304,0.0,74.8,0.01947843156017865,0.014295198166903174,1.0,0.7172175534567037,0.0005436800257516428,125.0,1.6348867660669355,20.75015265628535,0.9785575047439549,,,,,,0.0
2025-05-25 08:00:00+00:00,0.9994513625689928,0.0005486373310620337,0.0,0.0,2.0,0.9683844124452304,0.0,74.8,0.01947379168696848,0.013863269066183124,0.9002182725288487,0.5783040648709556,0.0005417812405255425,125.0,1.554556342408727,20.201483295888607,0.9807495896894106,,,,,,0.0
2025-05-25 12:00:00+00:00,0.9982655299186433,0.0017344699815302772,0.0,0.0,2.0,0.9683844124452304,0.0,70.8,0.018889328340769156,0.013509469310563876,0.5563343717549377,0.5626925329258102,0.0005415791991171814,125.0,1.4659149205973305,19.79901861935557,0.986918385030597,,,,,,0.0
2025-05-25 16:00:00+00:00,0.9982364844508026,0.0017635154493737901,0.0,0.0,2.0,0.9683844124452304,0.0,55.2,0.015538315185557053,0.013176180919894427,0.05995274660366151,0.6673258763644296,0.0005412864141320832,125.0,1.3682723944512887,19.57341510846485,0.9930860232592317,,,,,,0.0
2025-05-25 20:00:00+00:00,0.9974432880603782,0.002556711839877497,0.0,0.0,2.0,0.9683844124452304,0.0,52.0,0.014554705974416028,0.012997499562188791,0.5094590993871605,0.6995368468046991,0.0005416505004459069,125.0,1.2645953959519054,19.475032358922274,0.9970867988661857,,,,,,0.0
2025-05-26 00:00:00+00:00,0.9996783753935423,0.0003216245064897739,0.0,0.0,2.0,0.9683844124452304,0.0,37.6,0.012556086318699002,0.012633053387980783,1.0,0.6298998004405101,0.0005405703172060171,125.0,1.145485182045264,19.439039880597647,0.9990407049907714,,,,,,0.0
2025-05-26 04:00:00+00:00,0.9993376907760065,0.0006623091240596068,0.0,0.0,2.0,0.9683844124452304,0.0,38.0,0.012560526078389849,0.012401326621069811,1.0,0.6355753515484012,0.0005407455592723198,125.0,1.0164575263048197,19.43666611453874,0.9998642486051671,,,,,,0.0
2025-05-26 08:00:00+00:00,0.999801046176609,0.00019895372341077554,0.0,0.0,2.0,0.9683844124452304,0.0,38.4,0.012586008904964674,0.01208665781319,0.6846715328467154,0.6201822161742416,0.0005411687816838368,125.0,0.8649234618321144,19.43264713324629,0.9998949963128014,,,,,,0.0
2025-05-26 12:00:00+00:00,0.999754753755792,0.00024524614423234847,0.0,0.0,2.0,0.9683844124452304,0.0,35.6,0.012235178044152967,0.011719640312147804,0.5749169195202997,0.6831964246077432,0.0005402187479175479,125.0,0.6752534018474436,19.43666611453874,0.9995150752185914,,,,,,0.0
2025-05-26 16:00:00+00:00,0.9956115520699483,0.004388447830490561,0.0,0.0,2.0,0.9683844124452304,0.0,34.0,0.011926879610464708,0.011613727852440645,0.14491501008355503,0.6557151787087786,0.0005427279779732003,125.0,0.4297669243404164,19.453975099153308,0.9964729402284588,,,,,,0.0
2025-05-26 20:00:00+00:00,0.9984984843178478,0.0015015155823022777,0.0,0.0,2.0,0.9683844124452304,0.0,34.4,0.011989499766974544,0.011464568133051163,0.03753935577621573,0.647602507110137,0.0005417155097749515,125.0,0.05819968204132967,19.587625128441427,0.9922891637142388,,,,,,0.0
2025-05-27 00:00:00+00:00,0.9999999998980609,1.9391275283804588e-12,0.0,0.0,2.0,0.9484001748395195,0.0,34.0,0.011924333182511467,0.011196141758283925,0.4105760398897776,0.7190429459140243,0.0006069820918545314,125.0,0.512879416713066,19.820138899256158,0.991870967255088,,,,,,0.0
2025-05-27 04:00:00+00:00,0.5505980744264127,0.4494019255185275,0.0,0.0,2.0,0.9484001748395195,0.0,37.2,0.012353789894564092,0.01219712776751546,0.3301034652652316,0.7053083822788443,0.0006108725725964572,125.0,0.6562762445948793,19.904403534643215,0.9967285104236353,,,,,,0.0
2025-05-27 08:00:00+00:00,0.35877845546846443,0.6412215444674134,0.0,0.0,2.0,0.9495120638817567,0.0,39.2,0.012544877644935561,0.012547543574372922,0.5269598933721074,0.6028459681152236,0.0006060141595214937,125.0,0.766061861821821,19.904403534643215,0.9912400708884461,,,,,,0.0
2025-05-27 12:00:00+00:00,0.5563584601763766,0.44364153976798754,0.0,0.0,2.0,0.9484001748395195,0.0,37.6,0.01236480818369015,0.01224854550745306,0.8198186611793481,0.6207033824077863,0.0006002791660286985,125.0,0.8505688669937529,19.579430727169154,0.9843508946932668,,,,,,0.0
2025-05-27 16:00:00+00:00,0.9027021117493168,0.09729788816041307,0.0,0.0,2.0,0.9484001748395195,0.0,37.6,0.012361676228499397,0.012007060665001401,0.8161779177327326,0.7050893064870266,0.0005979798609854877,125.0,0.9227597809196432,19.15722667979753,0.9845283237647207,,,,,,0.0
2025-05-27 20:00:00+00:00,0.7641075176170187,0.23589248230657062,0.0,0.0,2.0,0.9484001748395195,0.0,38.800000000000004,0.012436744414743562,0.011901248117304494,0.6735582154515779,0.7141541631646283,0.0005986674560773612,125.0,0.9881867771033379,18.855214256677684,0.9920986230493991,,,,,,0.0
2025-05-28 00:00:00+00:00,0.7676866345925585,0.23231336533067276,0.0,0.0,2.0,0.9484001748395195,0.0,38.800000000000004,0.012433992159944564,0.011625229097553246,0.3073146784487017,0.6613838843475238,0.0005954088072459301,125.0,1.0487080030723537,18.855214256677684,0.988672886172898,,,,,,0.0
2025-05-28 04:00:00+00:00,0.9224901335190825,0.07750986638866852,0.0,0.0,2.0,0.9484001748395195,0.0,39.6,0.012448836086011578,0.01130307754800985,0.19258830341632935,0.65323937897461,0.0005934609510969401,125.0,1.1126905800337399,19.296329533370375,0.9688912661646667,,,,,,0.0
2025-05-28 08:00:00+00:00,0.978272956237615,0.021727043664557705,0.0,0.0,2.0,0.9484001748395195,0.0,40.0,0.012448872989667455,0.011124107185951457,0.12534149273303713,0.6737649750515906,0.0005911965184716241,125.0,1.1650140650957306,20.279656681267298,0.9522284421025036,,,,,,0.0
2025-05-28 12:00:00+00:00,0.9641594685370748,0.03584053136650922,0.0,0.0,2.0,0.9484001748395195,0.0,40.400000000000006,0.012472749754835361,0.011134188593468836,0.5950956351152543,0.6167734357467108,0.0005925796087975417,125.0,1.2180951443526378,21.673597459749153,0.9440476892455693,,,,,,0.0
2025-05-28 16:00:00+00:00,0.9808722191162584,0.01912778078565422,0.0,0.0,2.0,0.9484001748395195,0.0,35.199999999999996,0.011992243832457375,0.010831895016965897,0.5115370962016346,0.5548344014128016,0.0005881075432275217,125.0,1.2670687050756804,23.25676404580024,0.9614315999113207,,,,,,0.0
2025-05-28 20:00:00+00:00,0.39903949121150073,0.6009605087284032,0.0,0.0,2.0,0.9495120638817567,0.0,37.6,0.01231550736144297,0.012045728616123604,0.26991050612920153,0.5447476118943447,0.00059248225648494,125.0,1.2824203419867888,23.526859116026348,0.9915728654148097,,,,,,0.0
2025-05-29 00:00:00+00:00,0.06555694859672882,0.9344430513098269,0.0,0.0,2.0,0.9495120638817567,0.0,37.6,0.012301226014920561,0.013799247811793394,0.6166650442908621,0.6861824719737797,0.0005982491955132327,125.0,1.364145088780573,23.526859116026348,0.9896669713254026,,,,,,0.0
2025-05-29 04:00:00+00:00,0.12857446205374515,0.8714255378591124,0.0,0.0,2.0,0.9495120638817567,0.0,41.199999999999996,0.012458340853509865,0.013680920596028441,0.3412643519158955,0.7036082869916875,0.0005878693190749648,125.0,1.4086012935918595,23.153926534937238,0.9911792924750433,,,,,,0.0
2025-05-29 08:00:00+00:00,0.2220110971201215,0.7779889028020796,0.0,0.0,2.0,0.9495120638817567,0.0,41.199999999999996,0.012471726338663067,0.013334094807407899,0.43850452499876397,0.7110766372897359,0.0005829549210129636,125.0,1.4233668821335983,23.04911170122914,0.996028894352317,,,,,,0.0
2025-05-29 12:00:00+00:00,0.05566167798240797,0.9443383219231581,0.0,0.0,2.0,0.9495120638817567,0.0,53.2,0.013152951294349522,0.014523905728302654,0.09753612798551066,0.6449420085366296,0.0005954370840058311,125.0,1.4813424477613402,22.929923873709043,0.9912974192651618,,,,,,0.0
2025-05-29 16:00:00+00:00,0.11810689057772025,0.8818931093340904,0.0,0.0,2.0,0.9495120638817567,0.0,50.0,0.013044353733409918,0.01409588820377548,0.14918560515062781,0.7730018356991657,0.000580469169710127,125.0,1.5120385631439521,22.580448121741476,0.9824403542973612,,,,,,0.0
2025-05-29 20:00:00+00:00,0.22671221270481554,0.7732877872178557,0.0,0.0,2.0,0.9495120638817567,0.0,47.199999999999996,0.012972509261981869,0.013780312855207946,0.9053116195973354,0.8416294277426145,0.0005807834958881106,125.0,1.5657603176367236,21.973833939445175,0.974924318912675,,,,,,0.0
2025-05-30 00:00:00+00:00,0.8773604636565381,0.1226395362557259,0.0,0.0,2.0,0.9484001748395195,0.0,40.400000000000006,0.012517975492925985,0.01336051164021889,0.8770802148454766,0.48531630968910333,0.0005763499256373882,125.0,1.538526538984204,21.23559773509251,0.9740316971922194,,,,,,0.0
2025-05-30 04:00:00+00:00,0.907883439662447,0.09211656024676464,0.0,0.0,2.0,0.9484001748395195,0.0,32.0,0.01195903273843079,0.013008834397921614,0.874516853932591,0.6023360527952244,0.0005784376135125723,125.0,1.6358433847195064,20.622331694847066,0.9781927049801369,,,,,,0.0
2025-05-30 08:00:00+00:00,0.8834005724276476,0.11659942748401236,0.0,0.0,2.0,0.9484001748395195,0.0,28.000000000000004,0.01069119362284158,0.012615951184253323,0.5182099500119156,0.6456576830950852,0.0005767777684362129,125.0,1.6711950873139692,20.134157830917253,0.9784548614358329,,,,,,0.0
2025-05-30 12:00:00+00:00,0.9896389759786078,0.010361023922428223,0.0,0.0,2.0,0.9484001748395195,0.0,28.4,0.01079276389597279,0.01243204941104462,0.8901360544217813,0.6971338979822598,0.0005777711541669442,125.0,1.7198771470656267,19.562330951850058,0.9792047334523322,,,,,,0.0
2025-05-30 16:00:00+00:00,0.9803119937115337,0.019688006190435085,0.0,0.0,2.0,0.9484001748395195,0.0,28.799999999999997,0.010880268932921258,0.012260899792586294,0.8982035928143837,0.6189344070944641,0.0005769187807040996,125.0,1.7635441607186197,19.138855525702862,0.9878148366499554,,,,,,0.0
2025-05-30 20:00:00+00:00,0.9643968236600904,0.03560317624346998,0.0,0.0,2.0,0.9484001748395195,0.0,29.2,0.011003779567975562,0.012605057919902003,0.9413303437967137,0.6130669196816085,0.0005795879728609708,125.0,1.8075414145356081,19.014734132394217,0.9924888455866706,,,,,,0.0
2025-05-31 00:00:00+00:00,0.9876656681396643,0.01233433176156921,0.0,0.0,2.0,0.9484001748395195,0.0,29.2,0.010951467934420941,0.012328926736695374,0.9433979269941437,0.6610222241765332,0.0005742303265372679,125.0,1.845008955539687,18.794080595875805,0.9844582240984568,,,,,,0.0
2025-05-31 04:00:00+00:00,0.981311053141827,0.018688946760041864,0.0,0.0,2.0,0.9484001748395195,0.0,29.2,0.010961277375695808,0.011973412932132546,0.8760984947359279,0.6742712700314941,0.0005726671399433587,125.0,1.8930636819572435,18.317938376286403,0.9763426073837457,,,,,,0.0
2025-05-31 08:00:00+00:00,0.9815329380937386,0.01846706180810804,0.0,0.0,2.0,0.9484001748395195,0.0,28.4,0.010910872868830848,0.011609452571959784,0.8463032919589879,0.6024491089221481,0.0005712857123184775,125.0,1.9298143282885487,17.736369197815883,0.9758622861343205,,,,,,0.0
2025-05-31 12:00:00+00:00,0.9528305855222191,0.04716941438249788,0.0,0.0,2.0,0.9484001748395195,0.0,28.799999999999997,0.010952837625156227,0.011365487289721154,0.45134405446648956,0.5683152920275288,0.0005706601888997351,125.0,1.963646915982538,17.26909530557161,0.9845082066569601,,,,,,0.0
2025-05-31 16:00:00+00:00,0.9469148007923152,0.0530851991129934,0.0,0.0,2.0,0.9484001748395195,0.0,28.799999999999997,0.010953520285624657,0.011020373724719193,0.15874855156430812,0.5881080285908412,0.0005688388883362997,125.0,1.9986080533373636,17.26909530557161,0.9938085306047495,,,,,,0.0
2025-05-31 20:00:00+00:00,0.9857995090548718,0.01420049084654821,0.0,0.0,2.0,0.9484001748395195,0.0,26.8,0.01086989356059296,0.01072328377928265,0.39664804469273035,0.6863582899104037,0.0005682704461558571,125.0,2.0464283140521387,17.357531805648236,0.9783807354116131,,,,,,0.0
2025-06-01 00:00:00+00:00,0.9858723652953115,0.014127634606101168,0.0,0.0,2.0,0.9484001748395195,0.0,26.400000000000002,0.010855390008766237,0.010497572525221485,0.18019257221458196,0.6338816728021262,0.0005677009791801472,125.0,2.089397882145521,17.999190089936068,0.9664826274021582,,,,,,0.0
2025-06-01 04:00:00+00:00,0.9886911184061876,0.011308881494943255,0.0,0.0,2.0,0.9484001748395195,0.0,26.0,0.010797214670802484,0.010187329289250497,0.2349165596919119,0.675271240335792,0.0005664271889548152,125.0,2.1396818209429265,18.83632288901909,0.9634179502776686,,,,,,0.0
2025-06-01 08:00:00+00:00,0.9875902086299223,0.012409791271318532,0.0,0.0,2.0,0.9484001748395195,0.0,26.0,0.010819245344239769,0.009938746193969582,0.9219909069155248,0.7113247658982732,0.0005658745552318308,125.0,2.186128411725352,19.687462166785146,0.9660543676367488,,,,,,0.0
2025-06-01 12:00:00+00:00,0.9838536775754636,0.01614632232615094,0.0,0.0,2.0,0.9484001748395195,0.0,27.200000000000003,0.010901738057884637,0.009956744721803279,0.21992709599028076,0.6897678608219205,0.0005667605089934871,125.0,2.2472215645706384,20.47098491965074,0.9682492729649258,,,,,,0.0
2025-06-01 16:00:00+00:00,0.9550438381213018,0.04495616178319386,0.0,0.0,2.0,0.9484001748395195,0.0,26.0,0.010865598134938488,0.009658140940489996,0.033081444164564384,0.5501403687803936,0.0005645136418779126,125.0,2.3064203071884215,21.28014966718499,0.9663020954860854,,,,,,0.0
2025-06-01 20:00:00+00:00,0.9753213182885658,0.024678681613902003,0.0,0.0,2.0,0.9484001748395195,0.0,24.0,0.010785930744601041,0.009445215000355271,0.44868443979787875,0.5795832067256734,0.0005643339771765055,125.0,2.368852332750414,22.229500850742465,0.9664996516336181,,,,,,0.0
2025-06-02 00:00:00+00:00,0.9463606598768178,0.05363934002854603,0.0,0.0,2.0,0.9484001748395195,0.0,29.599999999999998,0.011076868531550795,0.010059404356125956,0.13069845253032283,0.7004747866549622,0.0005680312031970107,125.0,2.430137143080047,23.101616567494922,0.9750848727002838,,,,,,0.0
2025-06-02 04:00:00+00:00,0.9132162025889144,0.08678379731976386,0.0,0.0,2.0,0.9484001748395195,0.0,29.2,0.011022245484246558,0.009808701824644916,0.09957894736842143,0.7509623544897056,0.0005631447309056836,125.0,2.491952766870141,23.61690663496099,0.9870580123190326,,,,,,0.0
2025-06-02 08:00:00+00:00,0.9096535027285286,0.09034649718050591,0.0,0.0,2.0,0.9484001748395195,0.0,29.599999999999998,0.01110308736393349,0.009840721103437134,0.44146418428526063,0.6971351280436152,0.0005639704882543446,125.0,2.552249709207856,23.825766031118242,0.9937509698621808,,,,,,0.0
2025-06-02 12:00:00+00:00,0.2265460448517514,0.7734539550709031,0.0,0.0,2.0,0.9495120638817567,0.0,30.8,0.011805116101363965,0.011359388510154202,0.11683959528259134,0.7190068378300147,0.0005721819957614895,125.0,2.619693765834404,23.97995778281225,0.9898983551516243,,,,,,0.0
2025-06-02 16:00:00+00:00,0.49634323420404713,0.5036567657455873,0.0,0.0,2.0,0.9495120638817567,0.0,30.4,0.011730255492502534,0.011074403942752423,0.04325864525320459,0.6319688532592695,0.0005617836286985802,125.0,2.6742423122782863,24.401044663611515,0.9736793535011214,,,,,,0.0
2025-06-02 20:00:00+00:00,0.029103088312662142,0.970896911590248,0.0,0.0,2.0,0.9495120638817567,0.0,40.0,0.012509599500729784,0.012915283154527894,0.5957628932163511,0.6085470924235253,0.0005747484990630375,125.0,2.727292838350132,25.516620168659756,0.9573437845064913,,,,,,0.0
2025-06-03 00:00:00+00:00,0.16266127518202433,0.8373387247342419,0.0,0.0,2.0,0.9495120638817567,0.0,39.6,0.012479229836169772,0.012527767587784573,0.535595475715238,0.534166358375826,0.0005606827847979257,125.0,2.78342719019191,27.070471708234066,0.9583164350219804,,,,,,0.0
2025-06-03 04:00:00+00:00,0.25347906487470817,0.7465209350506397,0.0,0.0,2.0,0.9495120638817567,0.0,31.6,0.011981328215780414,0.01216055293843026,0.7995152569759523,0.52949585679547,0.0005600970579953027,125.0,2.8244837442317015,28.260171555892036,0.9750704645414447,,,,,,0.0
2025-06-03 08:00:00+00:00,0.4950486789235362,0.5049513210259686,0.0,0.0,2.0,0.9495120638817567,0.0,29.599999999999998,0.011680387062212548,0.011816974567731163,0.5365922576999218,0.6638959505615141,0.0005596323247353704,125.0,2.863359440669827,28.730325035460112,0.9788565336439536,,,,,,0.0
2025-06-03 12:00:00+00:00,0.7540049978489233,0.2459950020756762,0.0,0.0,2.0,0.9484001748395195,0.0,30.0,0.011723916367444019,0.011647211904375022,0.7841874839042016,0.7712984930954101,0.000560073587543849,125.0,2.8926038814357895,29.726125848168234,0.9836809896822633,,,,,,0.0
2025-06-03 16:00:00+00:00,0.8492873850311552,0.1507126148839161,0.0,0.0,2.0,0.9484001748395195,0.0,29.599999999999998,0.011662971913578868,0.011293379099011581,0.41289117234937284,0.7625177635627525,0.0005587967488658393,125.0,2.943454272076801,29.726125848168234,0.9925782946371785,,,,,,0.0
2025-06-03 20:00:00+00:00,0.9816367086646943,0.018363291237141848,0.0,0.0,2.0,0.9484001748395195,0.0,30.4,0.011710950957611007,0.011354302656297319,0.1445135746606384,0.6162921289676697,0.0005608572252732792,125.0,2.9725791279511866,29.730114262669677,0.9925511566269184,,,,,,0.0
2025-06-04 00:00:00+00:00,0.9249834478575696,0.07501655204993207,0.0,0.0,2.0,0.9484001748395195,0.0,32.0,0.011873675198753156,0.011478074018875727,0.18275444264943833,0.5393791597130804,0.0005609170318005071,125.0,2.998521397208542,29.730114262669677,0.9810005523828759,,,,,,0.0
2025-06-04 04:00:00+00:00,0.9526527723897575,0.04734722751497709,0.0,0.0,2.0,0.9484001748395195,0.0,32.0,0.011862154985068967,0.011128491964889456,0.28668717047451436,0.5940891361583188,0.0005577697448285499,125.0,3.0179012825216844,30.55395245240603,0.9864020047654029,,,,,,0.0
2025-06-04 08:00:00+00:00,0.9315430647541972,0.06845693515264849,0.0,0.0,2.0,0.9484001748395195,0.0,31.6,0.011797042500665746,0.010792200681697716,0.016131294711741958,0.4033898412707512,0.0005574298636068591,125.0,3.033696135377715,30.55395245240603,0.987961120552898,,,,,,0.0
2025-06-04 12:00:00+00:00,0.819022648285701,0.18097735163239678,0.0,0.0,2.0,0.9484001748395195,0.0,34.0,0.011937967146167967,0.011202039621745666,0.3786872176454945,0.6256328093488163,0.0005612547632912273,125.0,3.0475622596420333,29.82999659230665,0.9747146857135749,,,,,,0.0
2025-06-04 16:00:00+00:00,0.5566763720585802,0.44332362788575225,0.0,0.0,2.0,0.9484001748395195,0.0,36.8,0.012216668620258378,0.011618238061934046,0.24075255102041024,0.6031409688968987,0.0005615212448557117,125.0,3.055819205519902,28.727262168393224,0.9681134902296027,,,,,,0.0
2025-06-04 20:00:00+00:00,0.8033912120981819,0.196608787821479,0.0,0.0,2.0,0.9484001748395195,0.0,29.599999999999998,0.01164178701155878,0.011360418050255738,0.1891891891891922,0.6786414081698655,0.0005570842764343147,125.0,3.060440776187732,27.587306311254444,0.969848220811547,,,,,,0.0
2025-06-05 00:00:00+00:00,0.854732299035834,0.14526770087869265,0.0,0.0,2.0,0.9484001748395195,0.0,20.8,0.010657036989327314,0.011133971398709183,0.01870899813719891,0.621582579388235,0.0005567807599183485,125.0,3.0639008818683524,26.688573867626232,0.9766427589773606,,,,,,0.0
2025-06-05 04:00:00+00:00,0.8149146621389386,0.18508533777957,0.0,0.0,2.0,0.9484001748395195,0.0,20.8,0.010583312303554308,0.010969225728166266,0.14471269236199366,0.6083155680380532,0.0005568813110144287,125.0,3.0658907917965736,26.06330556641835,0.9820427028216718,,,,,,0.0
2025-06-05 08:00:00+00:00,0.8174111051864644,0.18258889473179446,0.0,0.0,2.0,0.9484001748395195,0.0,20.4,0.010566230999684347,0.010639948591609882,0.5915202669545594,0.6215793991903567,0.0005554819393033856,125.0,3.0638254014908153,25.542196737915948,0.9845530382064638,,,,,,0.0
2025-06-05 12:00:00+00:00,0.9709910962482899,0.029008903654610993,0.0,0.0,2.0,0.9484001748395195,0.0,8.0,0.009785569019885313,0.01045916651029217,0.44976203067160286,0.6436769827846159,0.0005559473660560937,125.0,3.059761535192184,25.096895478162878,0.9875536247192371,,,,,,0.0
2025-06-05 16:00:00+00:00,0.7602505456387837,0.23974945428519123,0.0,0.0,2.0,0.9484001748395195,0.0,18.8,0.010397128657273134,0.011667278230760858,0.6536284953395478,0.5990728451887803,0.0005638441217407203,125.0,3.056525705402958,24.779318702956694,0.9913882723295647,,,,,,0.0
2025-06-05 20:00:00+00:00,0.01656293430487115,0.983437065596785,0.0,0.0,2.0,0.9495120638817567,0.0,46.800000000000004,0.012522698457162168,0.016075559850015828,0.9685263351073606,0.6502486285295234,0.0005903584993489614,125.0,3.05457006247909,24.779318702956694,0.9957383273921258,,,,,,0.0
2025-06-06 00:00:00+00:00,0.0328293960619835,0.9671706038412995,0.0,0.0,2.0,0.9495120638817567,0.0,50.4,0.012864240440636839,0.016138720621430753,0.6227489739509171,0.6611817218172408,0.0005595734014426729,125.0,3.047219945628832,24.818020292274607,0.985608187276388,,,,,,0.0
2025-06-06 04:00:00+00:00,0.11091161664381045,0.8890883832672807,0.0,0.0,2.0,0.9495120638817567,0.0,50.4,0.012855911344531873,0.01564710483746051,0.6468940936863538,0.7505595994692599,0.000554297993898097,125.0,3.0377719785538906,25.430316878862612,0.985786218526124,,,,,,0.0
2025-06-06 08:00:00+00:00,0.08666467582451616,0.9133353240841504,0.0,0.0,2.0,0.9495120638817567,0.0,51.2,0.012941349441775721,0.015309969756692512,0.47625246713979774,0.7456440149766089,0.0005551396993461605,125.0,3.0278283939417223,25.67287411232254,0.9935051782696545,,,,,,0.0
2025-06-06 12:00:00+00:00,0.07565456022400488,0.9243454396835606,0.0,0.0,2.0,0.9495120638817567,0.0,53.6,0.013078284272752119,0.015201565607181809,0.09368934336978611,0.8177174991497852,0.0005565381314041042,125.0,3.01776754347225,25.83572010005536,0.9813037088290647,,,,,,0.0
2025-06-06 16:00:00+00:00,0.09803676797357033,0.9019632319362333,0.0,0.0,2.0,0.9495120638817567,0.0,54.0,0.01309381000553066,0.014945378130392652,0.5782357790601773,0.7241472073106504,0.0005549309994316424,125.0,3.005804964722553,26.779635616194767,0.9645812455897436,,,,,,0.0
2025-06-06 20:00:00+00:00,0.8711842106892084,0.12881578922367318,0.0,0.0,2.0,0.9484001748395195,0.0,50.4,0.01284533960623932,0.014509832570563019,0.238923869490553,0.7087179822028058,0.0005531243075795743,125.0,2.995762801835016,28.15811838217664,0.9580240677691418,,,,,,0.0
2025-06-07 00:00:00+00:00,0.9660353249663101,0.03396467493708643,0.0,0.0,2.0,0.9484001748395195,0.0,50.4,0.012836329823687065,0.014122756965331128,0.33935561577838064,0.6315976812595144,0.0005530572402056535,125.0,2.9838689968105196,29.678549331519264,0.9584929227866649,,,,,,0.0
2025-06-07 04:00:00+00:00,0.9764807760809034,0.02351922382144852,0.0,0.0,2.0,0.9484001748395195,0.0,50.4,0.012828520143426307,0.013694263630082608,0.18840937114673512,0.6972299964405058,0.000552285837825858,125.0,2.9696441838640997,31.17471606448664,0.9748677834364915,,,,,,0.0
2025-06-07 08:00:00+00:00,0.9791730393990912,0.020826960502991605,0.0,0.0,2.0,0.9484001748395195,0.0,50.8,0.01283174650967746,0.01328292964426006,0.27188405797102005,0.7830780877298518,0.0005519367785544673,125.0,2.954538151977799,31.17471606448664,0.9931424014220132,,,,,,0.0
2025-06-07 12:00:00+00:00,0.9825446570433044,0.017455342858441025,0.0,0.0,2.0,0.9484001748395195,0.0,52.800000000000004,0.012882719868706377,0.013095068768431143,0.698306419850339,0.7919133192461794,0.00055300442166565,125.0,2.9383899804086457,30.908417335846103,0.9857841916449931,,,,,,0.0
2025-06-07 16:00:00+00:00,0.9905855735076354,0.009414426393306025,0.0,0.0,2.0,0.9484001748395195,0.0,53.2,0.012882864391129525,0.012698899053674773,0.8813263525305489,0.7706010073261624,0.0005511276438938503,125.0,2.920787555930734,30.35618488663968,0.986715800086733,,,,,,0.0
2025-06-07 20:00:00+00:00,0.9872765945356907,0.012723405365581643,0.0,0.0,2.0,0.9484001748395195,0.0,52.800000000000004,0.012879938712640943,0.012334305808665758,0.8668298653610866,0.7896199829081967,0.000550804437297024,125.0,2.901683000579136,29.92170396685502,0.9829808833549112,,,,,,0.0
2025-06-08 00:00:00+00:00,0.9903841432272966,0.009615856673664809,0.0,0.0,2.0,0.9484001748395195,0.0,52.800000000000004,0.012870942905756652,0.012022651121913806,0.3980922717539393,0.7258911429843911,0.0005506261393713273,125.0,2.880730611805724,29.130905563730046,0.9728464702817651,,,,,,0.0
2025-06-08 04:00:00+00:00,0.9882922525959573,0.011707747305213406,0.0,0.0,2.0,0.9484001748395195,0.0,52.800000000000004,0.012868924798805031,0.0116595670366937,0.3834496510468591,0.6828544375966805,0.0005497195539520405,125.0,2.8581851014975497,28.00156861584446,0.9661854254030146,,,,,,0.0
2025-06-08 08:00:00+00:00,0.9803964028784636,0.019603597023496695,0.0,0.0,2.0,0.9484001748395195,0.0,52.0,0.012848985131824277,0.011304935163608563,0.22974472807991472,0.6936649280448368,0.0005491486173019519,125.0,2.8320631484372694,26.813450339049687,0.9659387030575568,,,,,,0.0
2025-06-08 12:00:00+00:00,0.9837174394304956,0.01628256047113256,0.0,0.0,2.0,0.9484001748395195,0.0,50.4,0.012750024168104866,0.010961065783215975,0.09405745769383475,0.7027180695736278,0.0005486055491351528,125.0,2.8068826202084605,25.76203591273284,0.9701721195079956,,,,,,0.0
2025-06-08 16:00:00+00:00,0.9859757962037,0.0140242036977025,0.0,0.0,2.0,0.9484001748395195,0.0,50.4,0.012798066254460621,0.010772152043784216,0.22627330921235855,0.8205790841879662,0.0005492915854389818,125.0,2.807377671745699,24.930109409516106,0.9764586089263334,,,,,,0.0
2025-06-08 20:00:00+00:00,0.9819767314519026,0.01802326844989971,0.0,0.0,2.0,0.9484001748395195,0.0,52.400000000000006,0.012851538312884934,0.010684899432699017,0.05043103448275186,0.8665801251407445,0.0005495880286593457,125.0,2.7904410259920427,24.326091702461355,0.9821047097187726,,,,,,0.0
2025-06-09 00:00:00+00:00,0.980736657710827,0.019263342191099243,0.0,0.0,2.0,0.9484001748395195,0.0,49.2,0.01260283908143848,0.010434564551399943,0.3174884710890316,0.8569281423546191,0.0005484227139866767,125.0,2.78121749676591,23.864891275669756,0.9856671382656136,,,,,,0.0
2025-06-09 04:00:00+00:00,0.9813893155865191,0.018610684315341894,0.0,0.0,2.0,0.9484001748395195,0.0,49.2,0.012588108561054929,0.01012804092082326,0.35973377703826553,0.7216924529315355,0.000547726014939341,125.0,2.76062561701743,23.488680140693777,0.9882734898944149,,,,,,0.0
2025-06-09 08:00:00+00:00,0.7344823441048307,0.26551765582172115,0.0,0.0,2.0,0.9484001748395195,0.0,52.800000000000004,0.012853093081525407,0.010963203966823515,0.25075639497570246,0.6243062318744339,0.0005538509666602918,125.0,2.7396202156352145,23.190974025175258,0.9908364909462367,,,,,,0.0
2025-06-09 12:00:00+00:00,0.8012553092752801,0.1987446906445944,0.0,0.0,2.0,0.9484001748395195,0.0,40.0,0.012260125441060562,0.010655596821421517,0.014692471375010882,0.5574404144164318,0.0005472456836110939,125.0,2.7190920272096775,22.96942587823149,0.9931189268311329,,,,,,0.0
2025-06-09 16:00:00+00:00,0.3455188933366848,0.6544811065978671,0.0,0.0,2.0,0.9495120638817567,0.0,47.199999999999996,0.0125549157089665,0.011249861245888304,0.5832718327183274,0.5142496173153177,0.000552187632807014,125.0,2.699411849300083,22.804902518805715,0.9944471125851974,,,,,,0.0
2025-06-09 20:00:00+00:00,0.04276219272036896,0.9572378071839073,0.0,0.0,2.0,0.9495120638817567,0.0,57.599999999999994,0.013096093516290486,0.014325007479502796,0.8789561886521436,0.667103014433963,0.0005701491810644789,125.0,2.6791621780756456,22.659346824642817,0.9948763662323429,,,,,,0.0
2025-06-10 00:00:00+00:00,0.21800217363847177,0.7819978262833285,0.0,0.0,2.0,0.9495120638817567,0.0,57.599999999999994,0.013097966933936979,0.013913642288386653,0.9271737600300336,0.6424166922499566,0.0005466195181751938,125.0,2.6572407102498627,22.52051956514609,0.9952143900593471,,,,,,0.0
2025-06-10 04:00:00+00:00,0.20946375168831582,0.7905362482326305,0.0,0.0,2.0,0.9495120638817567,0.0,57.599999999999994,0.01311858224312018,0.013531229107670737,0.7783885930252545,0.6677969748244781,0.0005465517806544907,125.0,2.6353956377514685,22.395419816954764,0.9957709108994094,,,,,,0.0
2025-06-10 08:00:00+00:00,0.03841920316958895,0.9615807967342529,0.0,0.0,2.0,0.9495120638817567,0.0,58.8,0.01415285709538589,0.01571932608884462,0.9119267449371166,0.6357328521604566,0.0005659947468213118,125.0,2.614155776070678,22.395419816954764,0.9973769176680569,,,,,,0.0
2025-06-10 12:00:00+00:00,0.0424986762121414,0.9575013236921084,0.0,0.0,2.0,0.9495120638817567,0.0,58.8,0.01433203055915499,0.01567448587563998,0.5908949899177914,0.5911662581539943,0.0005497844120616163,125.0,2.59215615040867,22.42544266647836,0.9809261814524438,,,,,,0.0
2025-06-10 16:00:00+00:00,0.05407889450461993,0.945921105400788,0.0,0.0,2.0,0.9495120638817567,0.0,59.199999999999996,0.014492212364033613,0.015629738242962463,0.47051442910915936,0.5829818779083615,0.0005488903739629867,125.0,2.568822791390555,23.266259941222806,0.9676857553616759,,,,,,0.0
2025-06-10 20:00:00+00:00,0.13073035148392576,0.8692696484291472,0.0,0.0,2.0,0.9495120638817567,0.0,58.8,0.014487346201696132,0.015612636439868897,0.5471714310241214,0.5204477123466151,0.0005487880992836362,125.0,2.5450661848330816,24.268950018498636,0.9694315119702256,,,,,,0.0
2025-06-11 00:00:00+00:00,0.1445872580930184,0.8554127418214402,0.0,0.0,2.0,0.9495120638817567,0.0,57.99999999999999,0.014473173913597013,0.015300547594096443,0.45982504454884315,0.5285759681930741,0.0005465901753687823,125.0,2.52077907476923,25.074982341778416,0.9712475251812368,,,,,,0.0
2025-06-11 04:00:00+00:00,0.19328461344907885,0.8067153864702495,0.0,0.0,2.0,0.9495120638817567,0.0,57.599999999999994,0.014472191739448493,0.014834540999586645,0.11814876033058115,0.6250715918493842,0.0005447290013175757,125.0,2.4956051363390506,26.036326131555334,0.9810499490927692,,,,,,0.0
2025-06-11 08:00:00+00:00,0.7446610521053854,0.25533894782014865,0.0,0.0,2.0,0.9484001748395195,0.0,59.199999999999996,0.014524350482118469,0.014480040192834573,0.30968791140711177,0.6592168285167109,0.0005453294672504506,125.0,2.469715964153767,26.036326131555334,0.9921217191762147,,,,,,0.0
2025-06-11 12:00:00+00:00,0.12774074246578068,0.8722592574469934,0.0,0.0,2.0,0.9495120638817567,0.0,60.4,0.015144652156554049,0.016165446600409812,0.5055469270024432,0.6723779236573764,0.0005611806028366311,125.0,2.441542351582594,25.686069802537073,0.9830952410942164,,,,,,0.0
2025-06-11 16:00:00+00:00,0.14268210752957192,0.8573178923846962,0.0,0.0,2.0,0.9495120638817567,0.0,60.4,0.015191218773556663,0.01630464778666732,0.020054887059318804,0.6810391380539318,0.0005499226577398196,125.0,2.4144533411351405,25.110411318918555,0.9854784145743617,,,,,,0.0
2025-06-11 20:00:00+00:00,0.21879417795675124,0.7812058219651282,0.0,0.0,2.0,0.9495120638817567,0.0,61.6,0.015361696816917556,0.016224051214700823,0.09666747749939125,0.8062358583997192,0.0005475717637537614,125.0,2.383873611808825,24.803198321304144,0.9915023640939458,,,,,,0.0
2025-06-12 00:00:00+00:00,0.26859349901488333,0.731406500911976,0.0,0.0,2.0,0.9495120638817567,0.0,61.199999999999996,0.015349890361608534,0.015739841335524456,0.12719526627219072,0.743575151092184,0.0005435739032846076,125.0,2.3577075914388113,24.596718770575354,0.9954830266153512,,,,,,0.0
2025-06-12 04:00:00+00:00,0.11561775776775068,0.8843822421438111,0.0,0.0,2.0,0.9495120638817567,0.0,61.6,0.015364676618323738,0.015415901474614553,0.1493425605536345,0.5701227331822493,0.000544566093547494,125.0,2.326386079398599,24.596718770575354,0.9946274667295437,,,,,,0.0
2025-06-12 08:00:00+00:00,0.1583821362034735,0.8416178637123648,0.0,0.0,2.0,0.9495120638817567,0.0,61.6,0.015384981490642512,0.014976923761525665,1.0,0.5855709118803516,0.0005431423414889428,125.0,2.2925495706447343,24.848782793993227,0.9844082154633048,,,,,,0.0
2025-06-12 12:00:00+00:00,0.9884664104943127,0.01153358940684062,0.0,0.0,2.0,0.9484001748395195,0.0,60.4,0.015351706826474746,0.014551400782378052,1.0,0.7061303706384355,0.0005428083665185978,125.0,2.2568517831263395,25.47986755234445,0.9815547139293115,,,,,,0.0
2025-06-12 16:00:00+00:00,0.9903250312086427,0.009674968692324884,0.0,0.0,2.0,0.9484001748395195,0.0,57.599999999999994,0.014943650252256609,0.014290222409634347,1.0,0.7482802952745056,0.0005436907068639181,125.0,2.219880613325258,25.996371650339526,0.9884226701330145,,,,,,0.0
2025-06-12 20:00:00+00:00,0.9783409149010467,0.021659085001119287,0.0,0.0,2.0,0.9484001748395195,0.0,52.0,0.01330523269448655,0.014647369434885244,1.0,0.800518335601678,0.0005481897351654166,125.0,2.1799172450565316,26.189969767808403,0.9911793733818951,,,,,,0.0
2025-06-13 00:00:00+00:00,0.026164965307076894,0.9738350345955396,0.0,0.0,2.0,0.9495120638817567,0.0,59.599999999999994,0.015325731468254814,0.01872485125575161,1.0,0.8051214292420256,0.000583980024664357,125.0,2.1421381353446773,26.55478412624624,0.9770548561908303,,,,,,0.0
2025-06-13 04:00:00+00:00,0.1263126831753894,0.8736873167372419,0.0,0.0,2.0,0.9495120638817567,0.0,59.599999999999994,0.015339280538274358,0.01819269279634219,0.8935451314230541,0.8421985791532312,0.0005420360151028022,125.0,2.1035322698191337,27.63770887003667,0.9652488723800449,,,,,,0.0
2025-06-13 08:00:00+00:00,0.10826045229093448,0.8917395476198916,0.0,0.0,2.0,0.9495120638817567,0.0,59.199999999999996,0.015327724176328796,0.017731803602836358,0.7380811245660102,0.8320406353272973,0.0005423141387118961,125.0,2.0706223540836577,28.91021329234374,0.9696974026701628,,,,,,0.0
2025-06-13 12:00:00+00:00,0.12217173791059002,0.8778282620016271,0.0,0.0,2.0,0.9495120638817567,0.0,57.599999999999994,0.015198570706538007,0.017202395654432878,0.657205943235658,0.7724873588699643,0.0005412141568536395,125.0,2.02745349650089,29.759058236730926,0.9818617047809758,,,,,,0.0
2025-06-13 16:00:00+00:00,0.13375215947698424,0.866247840436391,0.0,0.0,2.0,0.9495120638817567,0.0,56.39999999999999,0.01518729922078134,0.01683745572923474,0.606899825921822,0.8159694618096811,0.0005422943714509343,125.0,1.9824595461736274,30.205805682387247,0.9841564881052264,,,,,,0.0
2025-06-13 20:00:00+00:00,0.03911797394390531,0.9608820259600065,0.0,0.0,2.0,0.9495120638817567,0.0,61.6,0.015481188781401917,0.017063687837431875,0.5762726870296567,0.8409855139307787,0.0005473939772510301,125.0,1.9376270513757579,30.924301206799434,0.9774964358338584,,,,,,0.0
2025-06-14 00:00:00+00:00,0.7235904198332539,0.27640958009438704,0.0,0.0,2.0,0.9484001748395195,0.0,62.4,0.015591364128332274,0.0167962325743361,0.17237173134100406,0.7918602157280584,0.0005427156763603466,125.0,1.8894716208349709,31.908410928235604,0.9738422485930768,,,,,,0.0
2025-06-14 04:00:00+00:00,0.820428842909856,0.17957115700810103,0.0,0.0,2.0,0.9484001748395195,0.0,62.4,0.015612283351665856,0.01632501711682822,0.06525062354171386,0.8277724977565344,0.0005404859883040533,125.0,1.8384674632570546,32.96993861766184,0.9740567995406185,,,,,,0.0
2025-06-14 08:00:00+00:00,0.8688389105380335,0.13116108937508264,0.0,0.0,2.0,0.9484001748395195,0.0,62.0,0.015611177966593382,0.01582810155583458,0.111297633036765,0.8045532462975723,0.0005398629796437969,125.0,1.784234519525993,34.00290151042862,0.985135912081663,,,,,,0.0
2025-06-14 12:00:00+00:00,0.8403240022179435,0.15967599769802415,0.0,0.0,2.0,0.9484001748395195,0.0,61.199999999999996,0.015586351069290148,0.015453457386940646,0.07114659180629977,0.7968584133418013,0.0005405054498765892,125.0,1.7268569504306779,34.00290151042862,0.9905056641551909,,,,,,0.0
2025-06-14 16:00:00+00:00,0.8852518305691763,0.11474816934229855,0.0,0.0,2.0,0.9484001748395195,0.0,61.6,0.015602748832799579,0.015027616829880455,0.9681683301861387,0.6711558285310943,0.0005397038496374353,125.0,1.665406271011391,33.35160536152378,0.9803530874632229,,,,,,0.0
2025-06-14 20:00:00+00:00,0.9683840551553843,0.031615944747777396,0.0,0.0,2.0,0.9484001748395195,0.0,62.4,0.015662848525256918,0.014745820345564755,0.2692880548108443,0.5522788937228257,0.0005404927967461076,125.0,1.6007158510635484,32.460034543522625,0.9793067735198245,,,,,,0.0
2025-06-15 00:00:00+00:00,0.9870743151512145,0.01292568475007803,0.0,0.0,2.0,0.9484001748395195,0.0,62.0,0.015642059364739,0.014296725300921614,0.12126097080422794,0.6335938130344531,0.0005388332003736461,125.0,1.5302073810886179,31.705865416652948,0.9815110327577184,,,,,,0.0
2025-06-15 04:00:00+00:00,0.9864100089505967,0.013589990950762115,0.0,0.0,2.0,0.9484001748395195,0.0,61.6,0.015641884223474675,0.013862191164955837,0.17154514812843874,0.7485926371215292,0.0005385856848381482,125.0,1.4539747227120747,31.023636687052218,0.97987106985866,,,,,,0.0
2025-06-15 08:00:00+00:00,0.9886183344070824,0.011381665494055794,0.0,0.0,2.0,0.9484001748395195,0.0,62.0,0.01566032143133587,0.013491545969174176,0.0609290166901221,0.6836195997128535,0.0005387030150643071,125.0,1.3697807145291625,30.181640515119636,0.9749777966536438,,,,,,0.0
2025-06-15 12:00:00+00:00,0.9791212851779559,0.020878714724131997,0.0,0.0,2.0,0.9484001748395195,0.0,62.4,0.015737684734014788,0.013313659070314383,0.5436770734784016,0.6719444052547853,0.0005397961244868847,125.0,1.2780982713269513,29.1793501353208,0.972137727254413,,,,,,0.0
2025-06-15 16:00:00+00:00,0.9869932969278816,0.013006702973419172,0.0,0.0,2.0,0.9484001748395195,0.0,62.0,0.015702512343961594,0.012916553274564197,0.13980409617097625,0.6553511511529977,0.0005379214569789788,125.0,1.1782799594908482,28.189919267343363,0.9733083266982201,,,,,,0.0
2025-06-15 20:00:00+00:00,0.9831299527368461,0.01687004716484097,0.0,0.0,2.0,0.9484001748395195,0.0,60.8,0.015645355677492253,0.012562971158218946,0.31577985006399645,0.7021843990304683,0.0005379436915904599,125.0,1.067480082101913,27.334968283775403,0.9773855004324195,,,,,,0.0
2025-06-16 00:00:00+00:00,0.9585208032613812,0.04147919664276663,0.0,0.0,2.0,0.9484001748395195,0.0,61.6,0.015668182173217287,0.012349668861699194,0.5423569023569055,0.6585587163753859,0.0005386483303604258,125.0,0.9438667735867409,26.676339564178306,0.983582835103971,,,,,,0.0
2025-06-16 04:00:00+00:00,0.734864999699698,0.2651350002268156,0.0,0.0,2.0,0.9484001748395195,0.0,62.4,0.016039458976976846,0.013247421889078627,0.920634920634922,0.5905740535331684,0.0005462545576124958,125.0,0.7999857300557788,26.26864804840516,0.9902874138470504,,,,,,0.0
2025-06-16 08:00:00+00:00,0.8998524961029407,0.10014750380707409,0.0,0.0,2.0,0.9484001748395195,0.0,62.0,0.015788540362261863,0.012891883336964624,0.6913011426465168,0.6506495765522222,0.0005377859644509316,125.0,0.6239894695256768,26.060484367189936,0.9946595306974662,,,,,,0.0
2025-06-16 12:00:00+00:00,0.9286007327318287,0.07139926717531114,0.0,0.0,2.0,0.9484001748395195,0.0,62.0,0.015795890197422537,0.012577893244035685,0.7995283018867914,0.7470740658217316,0.0005381189097796201,125.0,0.39742576699335647,25.930389120368467,0.9964720374540182,,,,,,0.0
2025-06-16 16:00:00+00:00,0.9359654311266635,0.06403456877973991,0.0,0.0,2.0,0.9484001748395195,0.0,57.99999999999999,0.01563795110323769,0.012473943739176716,0.8258706467661676,0.7064192965596034,0.0005407843128582239,125.0,0.07031650677571125,25.86532864305687,0.9984933973806136,,,,,,0.0
2025-06-16 20:00:00+00:00,0.9999999974227165,2.477283469343658e-09,0.0,0.0,2.0,0.9433546457133791,0.0,62.0,0.016032474362998164,0.016303161947088134,0.10575427682737176,0.6799978176762772,0.0006321542864717667,125.0,0.5317229036694524,25.86532864305687,0.994696604411296,,,,,,0.0
2025-06-17 00:00:00+00:00,0.4003730397365143,0.599626960203523,0.0,0.0,2.0,0.6509688463313309,0.0,62.8,0.016507795444401847,0.016913891188507862,0.09086259802250331,0.708175022407716,0.000607109664809541,125.0,0.668856224915564,26.142236163010754,0.9866555772213945,,,,,,0.0
2025-06-17 04:00:00+00:00,0.9626502414370601,0.03734975846667487,0.0,0.0,2.0,0.9433546457133791,0.0,62.8,0.01655758456642864,0.016571228868062438,0.13983870967741896,0.8447647610036608,0.000596664566425355,125.0,0.7754109857026503,26.706746591586153,0.9781530153840231,,,,,,0.0
2025-06-17 08:00:00+00:00,0.7291421448486011,0.27085785507848464,0.0,0.0,2.0,0.9433546457133791,0.0,56.00000000000001,0.015611235616112518,0.016317599288784783,0.30289540767796785,0.670645096913337,0.0005951470484337102,125.0,0.8618137943086525,27.566521520414597,0.9727472554882215,,,,,,0.0
2025-06-17 12:00:00+00:00,0.1741342633317045,0.8258657365857088,0.0,0.0,2.0,0.6509688463313309,0.0,60.0,0.0157665624028286,0.0166504376716572,0.5606097433938676,0.5831366057337298,0.0005984134195155489,125.0,0.9351911720472645,28.548326688249688,0.9826357471001057,,,,,,0.0
2025-06-17 16:00:00+00:00,0.19179685688410922,0.8082031430350703,0.0,0.0,2.0,0.6509688463313309,0.0,58.8,0.015689019863300853,0.016394680676078004,0.07965217391304222,0.6259902277491446,0.0005920919229712776,125.0,0.9995767839805125,28.548326688249688,0.9915484826505808,,,,,,0.0
2025-06-17 20:00:00+00:00,0.8405436007613397,0.15945639915460588,0.0,0.0,2.0,0.9433546457133791,0.0,52.0,0.015457716213810773,0.01599245450399116,0.6240389543823671,0.7416287681551278,0.000588957620171146,125.0,1.0635917758360578,28.10214603118099,0.9817180667315097,,,,,,0.0
2025-06-18 00:00:00+00:00,0.9979483919755463,0.002051607924658849,0.0,0.0,2.0,0.9433546457133791,0.0,52.400000000000006,0.01549730267167478,0.015602519767238955,0.3648957632817751,0.7352298399514694,0.0005876839116216399,125.0,1.1266759888936422,27.404165032116467,0.9847896798714773,,,,,,0.0
2025-06-18 04:00:00+00:00,0.9971118489358942,0.0028881509643944713,0.0,0.0,2.0,0.9433546457133791,0.0,52.400000000000006,0.015508005952593475,0.015136440755834086,0.15223688445445746,0.8481001064794247,0.0005849882647268298,125.0,1.1802023565084423,27.101993903896926,0.9852148913789986,,,,,,0.0
2025-06-18 08:00:00+00:00,0.9913634408810295,0.008636559019834168,0.0,0.0,2.0,0.9433546457133791,0.0,52.800000000000004,0.015515725835050136,0.014799988347888593,0.16394167034909493,0.8539150667764542,0.0005840005671662143,125.0,1.2313061048259515,26.448202437243975,0.9744227411374183,,,,,,0.0
2025-06-18 12:00:00+00:00,0.9998963818791605,0.00010361802084985957,0.0,0.0,2.0,0.9433546457133791,0.0,42.4,0.014493875477931078,0.014356605331855355,0.2919763385408754,0.9397393705068378,0.0005813210180676854,125.0,1.2798533441971025,25.46303096415872,0.9662613208845641,,,,,,0.0
2025-06-18 16:00:00+00:00,0.9999818152387089,1.8184661292998124e-05,0.0,0.0,2.0,0.9433546457133791,0.0,39.6,0.014306055388088944,0.014013984404012435,0.2754927828651237,0.857171216940902,0.0005795114063123048,125.0,1.3047560586154432,24.34875209938682,0.9626858239772067,,,,,,0.0
2025-06-18 20:00:00+00:00,0.999802202119951,0.00019779778006871247,0.0,0.0,2.0,0.9433546457133791,0.0,40.0,0.014378372322591362,0.01394756454444482,0.04289340101522971,0.7349143777479049,0.0005812012275228881,125.0,1.3585600854418138,23.23744821133438,0.9618241354879751,,,,,,0.0
2025-06-19 00:00:00+00:00,0.9998981001616597,0.00010189973835045145,0.0,0.0,2.0,0.9433546457133791,0.0,40.0,0.014383814075294595,0.013522929137347978,0.10739792480797396,0.812318285442648,0.0005770720797050296,125.0,1.4057322079525454,22.17445898540207,0.9638603153262323,,,,,,0.0
2025-06-19 04:00:00+00:00,0.9999699496722524,3.0050227750583304e-05,0.0,0.0,2.0,0.9433546457133791,0.0,39.2,0.014344493378624174,0.013127604100750642,0.08111637016483969,0.8110491760851434,0.0005755251466206223,125.0,1.4365694232281,21.271928336074673,0.9701744649754332,,,,,,0.0
2025-06-19 08:00:00+00:00,0.9999740257650583,2.597413494424753e-05,0.0,0.0,2.0,0.9433546457133791,0.0,39.6,0.01438359686237761,0.012790631803553762,0.3273929290025794,0.7323281341562705,0.000574821268080509,125.0,1.4729127785853506,20.621039556052366,0.9785726444070059,,,,,,0.0
2025-06-19 12:00:00+00:00,0.9997426873628681,0.00025731253715760837,0.0,0.0,2.0,0.9433546457133791,0.0,43.2,0.014533964445746035,0.01296364715195806,0.007087558608658679,0.7483711414479943,0.0005774923469129377,125.0,1.5210663545330254,20.193378129363943,0.9853203088015583,,,,,,0.0
2025-06-19 16:00:00+00:00,0.9998320981674309,0.00016790173258591452,0.0,0.0,2.0,0.9433546457133791,0.0,43.2,0.014525412168867442,0.012622509678674858,0.27660171036028786,0.7291636962346983,0.0005733860130553614,125.0,1.5598735037635905,19.897331897502344,0.9894037903181314,,,,,,0.0
2025-06-19 20:00:00+00:00,0.9999429856683315,5.7014231674180396e-05,0.0,0.0,2.0,0.9433546457133791,0.0,38.0,0.014305720756597454,0.012342277439919822,0.0481123388581985,0.8317981262501409,0.0005725393628966476,125.0,1.5825218538072303,19.678180769351982,0.9924131113417862,,,,,,0.0
2025-06-20 00:00:00+00:00,0.9999216134364026,7.838646360516904e-05,0.0,0.0,2.0,0.9433546457133791,0.0,16.8,0.012060199938664026,0.011972669409997395,0.016646848989299554,0.7340318326645833,0.0005720184404942097,125.0,1.652146250915966,19.533717757596477,0.9959154559388297,,,,,,0.0
2025-06-20 04:00:00+00:00,0.9706591591507883,0.029340840752145807,0.0,0.0,2.0,0.9433546457133791,0.0,17.2,0.012199860791185395,0.01202457018497784,0.17375338229609602,0.5676175944978636,0.000573973922815018,125.0,1.6959166315565786,19.531119075957598,0.9990107332146734,,,,,,0.0
2025-06-20 08:00:00+00:00,0.9961520536199899,0.0038479462803948875,0.0,0.0,2.0,0.9433546457133791,0.0,17.2,0.01214670110559008,0.011658255871385824,0.8759833410458125,0.7140261576036718,0.0005704501453813463,125.0,1.741690042878135,19.531119075957598,0.9978109945370037,,,,,,0.0
2025-06-20 12:00:00+00:00,0.9466397809600765,0.05336021894525943,0.0,0.0,2.0,0.9433546457133791,0.0,28.4,0.01261837665856323,0.012554357637775697,0.1034988093057359,0.7817491791858538,0.0005778574752807145,125.0,1.7885201625617664,19.59532061304748,0.9972262277488694,,,,,,0.0
2025-06-20 16:00:00+00:00,0.017348362392420824,0.982651637509314,0.0,0.0,2.0,0.6509688463313309,0.0,39.2,0.013466613506769339,0.014496327837695775,0.620979020979021,0.6861804422712172,0.0005862005430386135,125.0,1.836537664071082,19.664238916436773,0.997291999840128,,,,,,0.0
2025-06-20 20:00:00+00:00,0.32703514928694666,0.6729648506457568,0.0,0.0,2.0,0.6509688463313309,0.0,36.0,0.013039118691981004,0.014079410633559306,0.6299920354989188,0.7473767319736624,0.0005690401107684376,125.0,1.883926638079325,19.72566958736879,0.9968586981773081,,,,,,0.0
2025-06-21 00:00:00+00:00,0.2512157355997806,0.7487842643253408,0.0,0.0,2.0,0.6509688463313309,0.0,36.0,0.013017413362396861,0.013784599450275065,0.7659167950693395,0.7305662214239944,0.0005690718598012807,125.0,1.9313800072645435,19.815221473800484,0.9943733341590607,,,,,,0.0
2025-06-21 04:00:00+00:00,0.9420904543814713,0.05790954552431973,0.0,0.0,2.0,0.9433546457133791,0.0,36.0,0.013008041661208107,0.013365310113673147,0.7527375053526634,0.7108674868104415,0.0005669680432576953,125.0,1.9745557201104178,19.994259332353767,0.9911155176218124,,,,,,0.0
2025-06-21 08:00:00+00:00,0.7425369226685719,0.2574630772571745,0.0,0.0,2.0,0.9433546457133791,0.0,37.6,0.013058404651671341,0.013055377927623355,0.41470946769606104,0.6788310432348433,0.0005667549382695424,125.0,2.0193076051331014,20.248711429814872,0.9869773248839642,,,,,,0.0
2025-06-21 12:00:00+00:00,0.8809517835216115,0.1190482163902932,0.0,0.0,2.0,0.9433546457133791,0.0,38.0,0.01306351501440927,0.01280241911069952,0.1382961909277709,0.5688281095227687,0.0005661097788481621,125.0,2.0697410990736325,20.63696778116846,0.97263920070709,,,,,,0.0
2025-06-21 16:00:00+00:00,0.9996539633376763,0.00034603656235823846,0.0,0.0,2.0,0.9433546457133791,0.0,40.8,0.013256695446394589,0.013013369482396191,0.22907300363947955,0.6402315547275991,0.0005684912970598716,125.0,2.1268762422278233,21.60413264889462,0.9548255829145881,,,,,,0.0
2025-06-21 20:00:00+00:00,0.010641266980991758,0.9893587329200723,0.0,0.0,2.0,0.6509688463313309,0.0,43.2,0.014324655017042354,0.015710413702968915,0.7913361805979262,0.6774516134062392,0.0005876960772219136,125.0,2.192709815139022,23.02986953382232,0.9428105783336002,,,,,,0.0
2025-06-22 00:00:00+00:00,0.08166684241269842,0.9183331574954682,0.0,0.0,2.0,0.6509688463313309,0.0,45.6,0.014426472787848454,0.01559518967830276,0.8368948074739367,0.5974764896032502,0.0005667612739230551,125.0,2.255843361767638,24.84062331263017,0.9581675271838931,,,,,,0.0
2025-06-22 04:00:00+00:00,0.08973366248995017,0.9102663374190233,0.0,0.0,2.0,0.6509688463313309,0.0,46.0,0.014447607083291748,0.015135175774528931,0.932135295075737,0.6093085254907288,0.0005636462681402408,125.0,2.3192932190530353,25.24933051410217,0.9901688911710262,,,,,,0.0
2025-06-22 08:00:00+00:00,0.27970024704508617,0.720299752882884,0.0,0.0,2.0,0.6509688463313309,0.0,46.400000000000006,0.014453298854390673,0.014676122102295843,0.898321285620405,0.6027990335621085,0.0005628424311995666,125.0,2.386979824178921,25.24933051410217,0.9909677118894074,,,,,,0.0
2025-06-22 12:00:00+00:00,0.011601618259560341,0.9883983816415998,0.0,0.0,2.0,0.6509688463313309,0.0,65.2,0.015677507268741404,0.017869782804145945,0.9250649407828099,0.7191875361830398,0.0005932898076858356,125.0,2.4668568527436285,25.24933051410217,0.9908907755764174,,,,,,0.0
2025-06-22 16:00:00+00:00,0.4532076597156802,0.5467923402296405,0.0,0.0,2.0,0.6509688463313309,0.0,66.4,0.015722382149514855,0.017355256088001987,0.7607466448668125,0.7340478232331931,0.0005628760460331981,125.0,2.5323222501882885,25.438186865145678,0.9706741808755809,,,,,,0.0
2025-06-22 20:00:00+00:00,0.4060663294756476,0.593933670464959,0.0,0.0,2.0,0.6509688463313309,0.0,69.19999999999999,0.016087206074376775,0.017502960069723676,0.23368129794994186,0.5192719081637047,0.0005688077298333085,125.0,2.5963470238301043,26.685140284852075,0.9573316900807406,,,,,,0.0
2025-06-23 00:00:00+00:00,0.8000645968677691,0.1999354030522243,0.0,0.0,2.0,0.9433546457133791,0.0,68.4,0.016018916362593616,0.01699005322396099,0.22360132227281124,0.6508644524616727,0.0005615313312564154,125.0,2.6590396805350163,28.232288059014465,0.9544342851270774,,,,,,0.0
2025-06-23 04:00:00+00:00,0.4338576999307953,0.5661423000125905,0.0,0.0,2.0,0.6509688463313309,0.0,62.4,0.015623887072193048,0.016672560478002942,0.07981065609863483,0.6917860114089409,0.0005627152506319095,125.0,2.713716577046649,29.838228254070554,0.9570341241159539,,,,,,0.0
2025-06-23 08:00:00+00:00,0.7958857827131671,0.20411421720724443,0.0,0.0,2.0,0.9433546457133791,0.0,62.8,0.015624348430031246,0.01617505280278226,0.8799055436860423,0.664028626306486,0.0005599201093265913,125.0,2.7624684146433474,31.369689133851963,0.9743218492775714,,,,,,0.0
2025-06-23 12:00:00+00:00,0.9999527121621288,4.7287737875927185e-05,0.0,0.0,2.0,0.9433546457133791,0.0,60.0,0.015556920357071482,0.015691704611618874,0.7565688700365278,0.8312285657671502,0.0005594002944619941,125.0,2.8120980267661366,31.369689133851963,0.9932687362132572,,,,,,0.0
2025-06-23 16:00:00+00:00,0.8574248729876344,0.14257512692662316,0.0,0.0,2.0,0.9433546457133791,0.0,71.2,0.016177849655674346,0.01671399230157937,0.8049102927289912,0.8389822947039871,0.000572999616205111,125.0,2.852990646567691,31.12775902357963,0.9796427816663859,,,,,,0.0
2025-06-23 20:00:00+00:00,0.06988820203327858,0.9301117978737102,0.0,0.0,2.0,0.6509688463313309,0.0,71.6,0.01629737247209625,0.01917654201948714,0.8952120105498079,0.9152226103100407,0.0005890666166813271,125.0,2.9054178448844374,30.126233209538093,0.9707828419912133,,,,,,0.0
2025-06-24 00:00:00+00:00,0.4820160311678626,0.517983968780339,0.0,0.0,2.0,0.6509688463313309,0.0,68.8,0.015785473946397732,0.01863753709874142,0.7524157182735669,0.9108950780600478,0.0005591106373333165,125.0,2.935198204265242,28.97692799894628,0.973313675566905,,,,,,0.0
2025-06-24 04:00:00+00:00,0.5555059316478348,0.44449406829661453,0.0,0.0,2.0,0.9433546457133791,0.0,68.4,0.01573817426477197,0.01807973537304447,0.7474439269846395,0.776467653853229,0.0005583437717400296,125.0,2.960836918157606,28.237934033339698,0.9825243015210445,,,,,,0.0
2025-06-24 08:00:00+00:00,0.17209294553812257,0.8279070543790867,0.0,0.0,2.0,0.6509688463313309,0.0,67.60000000000001,0.015715509843975732,0.017609756195102202,0.8124338224171843,0.8158293724739882,0.0005587979265592847,125.0,2.982417786353313,27.774722652248165,0.9859290656381697,,,,,,0.0
2025-06-24 12:00:00+00:00,0.7261965603599658,0.2738034395674145,0.0,0.0,2.0,0.9433546457133791,0.0,59.599999999999994,0.015524954989321925,0.017318138416148075,0.7712599151448079,0.8216692229096744,0.0005600270742901877,125.0,3.002609893320012,27.28114304606371,0.9825953058108974,,,,,,0.0
2025-06-24 16:00:00+00:00,0.8062106004986791,0.19378939942069992,0.0,0.0,2.0,0.9433546457133791,0.0,57.199999999999996,0.015403931933642662,0.01679559844773779,0.3316642120765825,0.7595541773073851,0.0005571472926424694,125.0,3.0142570087848504,26.618189751871938,0.9785436570829209,,,,,,0.0
2025-06-24 20:00:00+00:00,0.9999880085220388,1.1991377962355001e-05,0.0,0.0,2.0,0.9433546457133791,0.0,57.599999999999994,0.015407253217231747,0.016350383441701973,0.7147766323024051,0.753760319165685,0.000557431807668141,125.0,3.0234871888800754,25.884020909712603,0.9803346021829163,,,,,,0.0
2025-06-25 00:00:00+00:00,0.9999739709041736,2.602899582889942e-05,0.0,0.0,2.0,0.9433546457133791,0.0,56.00000000000001,0.015360252669544603,0.01585936469226869,0.7432314410480312,0.7060393412878788,0.000556405662594723,125.0,3.0296692738954865,25.37448861344302,0.9884735437380866,,,,,,0.0
2025-06-25 04:00:00+00:00,0.9999901252255236,9.874674477415917e-06,0.0,0.0,2.0,0.9433546457133791,0.0,56.00000000000001,0.015354085737188277,0.015376342225751578,0.6658458041295635,0.7672585075964576,0.0005559952498286533,125.0,3.0317249559665265,25.189350811368488,0.9935936187666122,,,,,,0.0
2025-06-25 08:00:00+00:00,0.9999740296994872,2.5970200515397086e-05,0.0,0.0,2.0,0.9433546457133791,0.0,55.2,0.015339500504022337,0.014989083994752819,0.22839818089944366,0.7488335213067189,0.000556150876540492,125.0,3.0309569524397966,24.979592656278136,0.9907426277398466,,,,,,0.0
2025-06-25 12:00:00+00:00,0.9997283185857814,0.00027168131424581255,0.0,0.0,2.0,0.9433546457133791,0.0,58.4,0.015400300322590899,0.014726110913820407,0.4821095472274026,0.6223292715905904,0.0005566203392331898,125.0,3.029989534174584,24.62978777092791,0.9885816299086263,,,,,,0.0
2025-06-25 16:00:00+00:00,0.9999317563611011,6.824353890562704e-05,0.0,0.0,2.0,0.9433546457133791,0.0,60.4,0.015488603858838552,0.014543232500388126,0.2203295168947189,0.7017614617026953,0.0005571851750757326,125.0,3.027885183744653,24.29064577223032,0.9904899550425719,,,,,,0.0
2025-06-25 20:00:00+00:00,0.9996410997500464,0.0003589001499893991,0.0,0.0,2.0,0.9433546457133791,0.0,57.599999999999994,0.015362338522413492,0.014176290276960705,0.3140891782336292,0.6908683887970565,0.0005551011369276033,125.0,3.0222525218540897,24.066981634340404,0.9940172073841405,,,,,,0.0
2025-06-26 00:00:00+00:00,0.1822529340878884,0.8177470658303369,0.0,0.0,2.0,0.6509688463313309,0.0,75.2,0.016037538426006852,0.015450933924279198,0.293768154211778,0.6892170712037742,0.0005681111748411568,125.0,3.017016289784802,23.942102125435298,0.9968236920231694,,,,,,0.0
2025-06-26 04:00:00+00:00,0.9076646316259457,0.09233536828328784,0.0,0.0,2.0,0.9433546457133791,0.0,75.2,0.016033605497703416,0.01498059277359413,0.44541739638061867,0.7991230906299756,0.0005540392836483598,125.0,3.007483146624128,23.904106966758658,0.9990019794617827,,,,,,0.0
2025-06-26 08:00:00+00:00,0.5725581129044658,0.4274418870382785,0.0,0.0,2.0,0.9433546457133791,0.0,77.2,0.016192790927073562,0.01505057615704408,0.29185417074284237,0.7309940049059068,0.0005577700888342114,125.0,2.9965086550512816,23.904106966758658,0.99766703208829,,,,,,0.0
2025-06-26 12:00:00+00:00,0.787827131921262,0.21217286799995533,0.0,0.0,2.0,0.9433546457133791,0.0,76.4,0.016059184665699135,0.014694183727321954,0.001396258028482396,0.762345510023713,0.0005540359573141593,125.0,2.9832672147986794,24.011611615038568,0.9946679163367902,,,,,,0.0
2025-06-26 16:00:00+00:00,0.9026305488251558,0.09736945108458107,0.0,0.0,2.0,0.9433546457133791,0.0,76.0,0.01603931857177311,0.014248798098868332,0.1313623895153902,0.7644394224376257,0.0005529288565552046,125.0,2.9709588852195616,24.213378409137256,0.9931268744289525,,,,,,0.0
2025-06-26 20:00:00+00:00,0.40686256121814124,0.593137438722545,0.0,0.0,2.0,0.6509688463313309,0.0,76.8,0.016039507546360517,0.013961418923883199,0.9113594040968304,0.6790172959759477,0.0005537835931564689,125.0,2.970224980873768,24.41927579851034,0.9951484326493104,,,,,,0.0
2025-06-27 00:00:00+00:00,0.9995313340033154,0.0004686658967315783,0.0,0.0,2.0,0.9433546457133791,0.0,78.4,0.01618163504091875,0.013898669987280976,0.38965610614676494,0.7262690735684033,0.000555276779281939,125.0,2.9599885806117365,24.47142821070353,0.9987378103258429,,,,,,0.0
2025-06-27 04:00:00+00:00,0.9993518938168828,0.0006481060831819336,0.0,0.0,2.0,0.9433546457133791,0.0,77.2,0.01604122171782213,0.013483285835875483,0.10626486915146681,0.7540607253058501,0.0005522485455818291,125.0,2.9473660773925614,24.492782858936128,0.9993694633118319,,,,,,0.0
2025-06-27 08:00:00+00:00,0.9999374794638246,6.25204361816783e-05,0.0,0.0,2.0,0.9433546457133791,0.0,77.60000000000001,0.016047601586241925,0.013082404996328647,0.2245669291338617,0.7340196135827731,0.0005519931456955591,125.0,2.934462288391255,24.509144574312366,0.9966382362964519,,,,,,0.0
2025-06-27 12:00:00+00:00,0.9999693459570607,3.0653942942484775e-05,0.0,0.0,2.0,0.9433546457133791,0.0,70.8,0.015696688339876405,0.012713505599979993,0.044377423524344976,0.7739237571877514,0.0005518001785379827,125.0,2.9217552489423206,24.662270459046425,0.9896911344479578,,,,,,0.0
2025-06-27 16:00:00+00:00,0.9975079296354503,0.002492070264798731,0.0,0.0,2.0,0.9433546457133791,0.0,52.0,0.014975166051747939,0.012600644406453152,0.03733121525020053,0.677110091824551,0.0005530861904211342,125.0,2.908617394719043,25.11069496181846,0.9832037978979449,,,,,,0.0
2025-06-27 20:00:00+00:00,0.9999011130244299,9.888687558000344e-05,0.0,0.0,2.0,0.9433546457133791,0.0,52.400000000000006,0.014979729739924811,0.012261641862130988,0.43542773401721413,0.6701026729097365,0.0005514207528948435,125.0,2.8937434656866756,25.694285175920704,0.9846895789249045,,,,,,0.0
2025-06-28 00:00:00+00:00,0.9999896115490166,1.0388350984446491e-05,0.0,0.0,2.0,0.9433546457133791,0.0,51.6,0.01493135502664654,0.011890500817636906,0.4108201108774591,0.6922733916639031,0.00055078139963916,125.0,2.878179519702455,25.94841170854815,0.9940430620879882,,,,,,0.0
2025-06-28 04:00:00+00:00,0.9999608381784023,3.916172160161886e-05,0.0,0.0,2.0,0.9433546457133791,0.0,52.400000000000006,0.014947451410016908,0.011580240568807678,0.27044241693922794,0.5995166655374775,0.000550857101382127,125.0,2.8618452895156,25.94841170854815,0.9883002211477037,,,,,,0.0
2025-06-28 08:00:00+00:00,0.999973390061104,2.660983889877766e-05,0.0,0.0,2.0,0.9433546457133791,0.0,51.6,0.014914894809065691,0.011235795663628124,0.21124139214590942,0.6248032701585844,0.0005502078911682558,125.0,2.8449214463188035,25.37363188978888,0.9796251712838032,,,,,,0.0
2025-06-28 12:00:00+00:00,0.9999671895901053,3.281030989799625e-05,0.0,0.0,2.0,0.9433546457133791,0.0,51.2,0.014875606613004086,0.010929708900260255,0.6372067648663374,0.5958435974574406,0.0005501468742931746,125.0,2.8280392249437356,24.68564006851652,0.9801968268023337,,,,,,0.0
2025-06-28 16:00:00+00:00,0.9999860709041785,1.3928995823050576e-05,0.0,0.0,2.0,0.9433546457133791,0.0,51.2,0.01465892317259501,0.01060022979246902,0.355616815988979,0.5827483185536194,0.0005495990191519038,125.0,2.810378316643121,24.177790526216455,0.9861371804091951,,,,,,0.0
2025-06-28 20:00:00+00:00,0.9999953585736414,4.64132635920237e-06,0.0,0.0,2.0,0.9433546457133791,0.0,41.6,0.013322113418830727,0.010280190227507148,0.5192572214580605,0.7175306506881611,0.0005493288655359882,125.0,2.792533691467182,23.870556494090064,0.9923638634102833,,,,,,0.0
2025-06-29 00:00:00+00:00,0.9999849723194695,1.5027580531959432e-05,0.0,0.0,2.0,0.9433546457133791,0.0,40.400000000000006,0.013130404412863455,0.009999157048515783,0.14132925897632911,0.6714648822588724,0.0005491449164198177,125.0,2.7749566396572076,23.742271603269035,0.9960374747851743,,,,,,0.0
2025-06-29 04:00:00+00:00,0.9999929161472744,7.08375272621134e-06,0.0,0.0,2.0,0.9433546457133791,0.0,40.8,0.013140998741377563,0.009778877248002745,0.38474870017330304,0.7529941277238256,0.0005492598887113253,125.0,2.757576829839499,23.640534290667574,0.9946411280149605,,,,,,0.0
2025-06-29 08:00:00+00:00,0.9998828661250345,0.00011713377497720779,0.0,0.0,2.0,0.9433546457133791,0.0,41.6,0.01318397622711323,0.009715846395260148,0.5471938775510206,0.8259419224896736,0.0005498226127237842,125.0,2.7414053312178535,23.43791813733502,0.9923819507779663,,,,,,0.0
2025-06-29 12:00:00+00:00,0.9996542393010643,0.00034576059897037576,0.0,0.0,2.0,0.9433546457133791,0.0,10.0,0.011187538619925507,0.009758250794117428,0.042693409742120214,0.7785401073970787,0.0005498687171267499,125.0,2.7268569085025574,23.203750859926767,0.9917711799950056,,,,,,0.0
2025-06-29 16:00:00+00:00,0.99995062644986,4.9373450144936405e-05,0.0,0.0,2.0,0.9433546457133791,0.0,10.4,0.011189763940702133,0.009462098502362815,0.029202382681966475,0.7172362027124051,0.0005480081411989864,125.0,2.709040464147578,22.970209749508655,0.9902539312325476,,,,,,0.0
2025-06-29 20:00:00+00:00,0.7993888503567921,0.200611149563269,0.0,0.0,2.0,0.9433546457133791,0.0,10.8,0.011430089074908452,0.011071020785201705,0.587090496269867,0.6743042061158775,0.0005586113137401193,125.0,2.691245602536609,22.657903251239183,0.9866987763083166,,,,,,0.0
2025-06-30 00:00:00+00:00,0.9373576323654406,0.06264236754082379,0.0,0.0,2.0,0.9433546457133791,0.0,11.200000000000001,0.011439457581689062,0.010734061242649261,0.5280919045054757,0.6957284040665347,0.0005474898721273816,125.0,2.670191983530834,22.235905048752684,0.9843413643902988,,,,,,0.0
2025-06-30 04:00:00+00:00,0.8511047074625275,0.1488952924523619,0.0,0.0,2.0,0.9433546457133791,0.0,11.600000000000001,0.011476653575209732,0.010570064831276408,0.1726163164173624,0.7001730456434113,0.0005479586608827866,125.0,2.64822648897602,21.805157105090068,0.9859860707716008,,,,,,0.0
2025-06-30 08:00:00+00:00,0.79611377862379,0.20388622129659864,0.0,0.0,2.0,0.9433546457133791,0.0,12.0,0.011588747195030159,0.010487201729508011,0.20604058518168913,0.6020305218208157,0.0005480177670377272,125.0,2.6279290892980254,21.489013736658755,0.9917327478859739,,,,,,0.0
2025-06-30 12:00:00+00:00,0.8798887297626165,0.1201112701493948,0.0,0.0,2.0,0.9433546457133791,0.0,12.4,0.011589250973532856,0.010296671492844453,0.3039304923458837,0.6943431640583613,0.0005474131105315562,125.0,2.6040840020293468,21.489013736658755,0.9894373104996942,,,,,,0.0
2025-06-30 16:00:00+00:00,0.5986071206294489,0.4013928793106904,0.0,0.0,2.0,0.9433546457133791,0.0,9.6,0.011078522986428998,0.010773325108125831,0.15584545910687592,0.7072186327530103,0.0005510869799592398,125.0,2.580735750571401,21.913315139148562,0.9813432762115355,,,,,,0.0
2025-06-30 20:00:00+00:00,0.9975623239330021,0.0024376759672416807,0.0,0.0,2.0,0.9433546457133791,0.0,0.4,0.00933875432682099,0.010863832555727223,0.10920340293890078,0.6083441946146992,0.0005481502933921908,125.0,2.5649677658334364,22.3864232645399,0.9878791896418588,,,,,,0.0
2025-07-01 00:00:00+00:00,0.996323123067826,0.003676876832541638,0.0,0.0,2.0,0.9433546457133791,0.0,0.4,0.009291146877960222,0.010532878112287154,0.04277833046938601,0.5792516161648988,0.0005457236658709518,125.0,2.5408313556665556,22.550370555387637,0.9914318858295442,,,,,,0.0
2025-07-01 04:00:00+00:00,0.9884157586581863,0.011584241242972068,0.0,0.0,2.0,0.9433546457133791,0.0,1.2,0.009383280095812458,0.010408652179389306,0.06296671890845314,0.5480688624339874,0.0005462414085221886,125.0,2.5149634412483906,22.853788967189324,0.9924426074368443,,,,,,0.0
2025-07-01 08:00:00+00:00,0.9971801075712106,0.002819892329071424,0.0,0.0,2.0,0.9433546457133791,0.0,1.6,0.009395163047036949,0.010215081228875374,0.23518518518518503,0.5829438579910173,0.0005456545494712389,125.0,2.4972267010279987,22.955856948259598,0.9975509217366104,,,,,,0.0
2025-07-01 12:00:00+00:00,0.9950893779850968,0.004910621915394366,0.0,0.0,2.0,0.9433546457133791,0.0,1.2,0.009364157856440944,0.010234411126880708,0.9987014392381789,0.6768345645836615,0.0005463524586027721,125.0,2.473573736648536,22.984696673232023,0.9902232156062287,,,,,,0.0
2025-07-01 16:00:00+00:00,0.9999483316143887,5.166828561652105e-05,0.0,0.0,2.0,0.9433546457133791,0.0,2.4,0.009454995358707296,0.01015008620040532,0.9985536941063048,0.5584658661885445,0.0005455637349594509,125.0,2.449213707415226,23.42671651545808,0.9908145563806171,,,,,,0.0
2025-07-01 20:00:00+00:00,0.9997245941179062,0.0002754057821213343,0.0,0.0,2.0,0.9433546457133791,0.0,2.4,0.009404456066336829,0.009843429513736825,0.9483021971566148,0.5502155297598945,0.0005444422501902126,125.0,2.4246266356084747,23.42671651545808,0.9891356624829646,,,,,,0.0
2025-07-02 00:00:00+00:00,0.9984606842407096,0.0015393156594442998,0.0,0.0,2.0,0.9433546457133791,0.0,3.2,0.009552909305345901,0.009889551030522671,0.3850581073602637,0.7025580872554782,0.0005463368971467235,125.0,2.3982638655393367,22.90232876031613,0.9815716528631995,,,,,,0.0
2025-07-02 04:00:00+00:00,0.9996722282116233,0.0003277716884094921,0.0,0.0,2.0,0.9433546457133791,0.0,3.5999999999999996,0.009612210711761028,0.009730934608965803,0.026266622705790377,0.6912950693239904,0.000544800465460502,125.0,2.3694843953190117,22.756093098051327,0.9905548590638213,,,,,,0.0
2025-07-02 08:00:00+00:00,0.9994766641155544,0.0005233357844980279,0.0,0.0,2.0,0.9433546457133791,0.0,3.5999999999999996,0.009559700434275595,0.009435282723117555,0.33112980769231426,0.7076416196510729,0.000543482592192525,125.0,2.338442821802385,22.756093098051327,0.9745362838931305,,,,,,0.0
2025-07-02 12:00:00+00:00,0.9926699648076853,0.007330035093047753,0.0,0.0,2.0,0.9433546457133791,0.0,4.8,0.009978981437959632,0.010559566677658753,0.9752861339005408,0.6509574439193866,0.000551527211526642,125.0,2.3160680049149316,23.77485222780171,0.9634913897825838,,,,,,0.0
2025-07-02 16:00:00+00:00,0.01580381836624242,0.984196181535338,0.0,0.0,2.0,0.6509688463313309,0.0,18.8,0.011690286045019377,0.014432206597748258,0.9879470460383343,0.6509270431128881,0.0005728598035602307,125.0,2.2904456943987546,24.88427689351925,0.976457358449401,,,,,,0.0
2025-07-02 20:00:00+00:00,0.21500599497867318,0.7849940049428273,0.0,0.0,2.0,0.6509688463313309,0.0,21.2,0.011858239133932746,0.014364216147594951,0.6637302263900727,0.7275432300271382,0.0005458474435834263,125.0,2.2616865636105126,24.88427689351925,0.9931865623084881,,,,,,0.0
2025-07-03 00:00:00+00:00,0.47175419454006196,0.5282458054071135,0.0,0.0,2.0,0.6509688463313309,0.0,13.600000000000001,0.011061705020040325,0.013954013897816408,0.5617608087549679,0.6800291579261456,0.0005429892185266989,125.0,2.22922449333147,24.67865600062254,0.9795035072371892,,,,,,0.0
2025-07-03 04:00:00+00:00,0.23131221033547664,0.7686877895876547,0.0,0.0,2.0,0.6509688463313309,0.0,16.0,0.011283737351053993,0.014027088395771816,0.6404354845386409,0.6860027195248665,0.000546408826836521,125.0,2.1958274299813594,23.88125542003236,0.9715871947505115,,,,,,0.0
2025-07-03 08:00:00+00:00,0.3713340165096057,0.6286659834275278,0.0,0.0,2.0,0.6509688463313309,0.0,12.4,0.01096103832775461,0.013602688858074497,0.5148157825973348,0.8071055606689023,0.0005422692883799853,125.0,2.1595203394585423,23.018538763524838,0.9703109124136315,,,,,,0.0
2025-07-03 12:00:00+00:00,0.06718870185166169,0.9328112980550571,0.0,0.0,2.0,0.6509688463313309,0.0,14.000000000000002,0.011038208208123007,0.013436600370042677,0.3066192803198593,0.5988829208583203,0.0005437160311576242,125.0,2.1205136830849174,22.206305376140207,0.9697127454693715,,,,,,0.0
2025-07-03 16:00:00+00:00,0.9993419079161806,0.0006580919838850736,0.0,0.0,2.0,0.9433546457133791,0.0,14.799999999999999,0.011061908225249167,0.01311021481204787,0.16275597269624767,0.6646662072518243,0.0005421472872685516,125.0,2.078393381211927,21.371694353777784,0.9689254217053046,,,,,,0.0
2025-07-03 20:00:00+00:00,0.9996934112376469,0.0003065886623837082,0.0,0.0,2.0,0.9433546457133791,0.0,12.4,0.010956149155012666,0.012721640575786643,0.3322240709927925,0.5624945582868319,0.000541253308761179,125.0,2.034789945777434,20.57868084433983,0.970461931466272,,,,,,0.0
2025-07-04 00:00:00+00:00,0.9991189467129921,0.0008810531870961348,0.0,0.0,2.0,0.9433546457133791,0.0,9.2,0.010860332634306573,0.01240042764948009,0.3493193069306902,0.5190323237991192,0.0005415501954992983,125.0,2.0148064654630415,19.88147660201849,0.9718982079793995,,,,,,0.0
2025-07-04 04:00:00+00:00,0.9959430795298058,0.004056920370599762,0.0,0.0,2.0,0.9433546457133791,0.0,18.0,0.011201612893853395,0.012703793306534233,0.5973578403216523,0.6154798406218985,0.0005454999740999629,125.0,1.9768212512513972,19.20963474854627,0.9726752508953537,,,,,,0.0
2025-07-04 08:00:00+00:00,0.9986981726514362,0.0013018272486939007,0.0,0.0,2.0,0.9433546457133791,0.0,18.4,0.011223642152646781,0.01239219646483259,0.2309037263686974,0.6139309405263641,0.0005411346469354767,125.0,1.9347476020705838,18.594891599926093,0.9766416090231931,,,,,,0.0
2025-07-04 12:00:00+00:00,0.9935761873787492,0.0064238125218932995,0.0,0.0,2.0,0.9433546457133791,0.0,21.2,0.011628962158620375,0.012900393415445428,0.6833306542356504,0.6356019665603582,0.0005464229384201147,125.0,1.8901500556665458,18.14687758343326,0.9846504889242365,,,,,,0.0
2025-07-04 16:00:00+00:00,0.9978158406353652,0.002184159264853192,0.0,0.0,2.0,0.9433546457133791,0.0,20.4,0.011559470146691132,0.012632333893451406,0.7931336742147516,0.7859383757316192,0.00054096786468914,125.0,1.8434471897934097,17.9220243420316,0.9932682840724503,,,,,,0.0
2025-07-04 20:00:00+00:00,0.9888349693812988,0.01116503051981766,0.0,0.0,2.0,0.9433546457133791,0.0,22.0,0.01163892042387216,0.012496404828857832,0.46952778151486335,0.8114497828927031,0.0005416687617051903,125.0,1.7983155500925156,17.881755933670984,0.9987026496158906,,,,,,0.0
2025-07-05 00:00:00+00:00,0.9952707174638105,0.004729282436662371,0.0,0.0,2.0,0.9433546457133791,0.0,22.8,0.011646552965265447,0.012158405659306589,0.14231662223750682,0.7513394329243166,0.0005400023627199956,125.0,1.7491138535343258,17.881755933670984,0.998390130979617,,,,,,0.0
2025-07-05 04:00:00+00:00,0.9995358794520524,0.0004641204479941036,0.0,0.0,2.0,0.9433546457133791,0.0,22.0,0.011633289647030672,0.011791742561161157,0.2629777524244186,0.7001797798122816,0.000539500706489395,125.0,1.6961101471155813,17.93422854005987,0.9955290094475037,,,,,,0.0
2025-07-05 08:00:00+00:00,0.999775120924184,0.0002248789758385382,0.0,0.0,2.0,0.9433546457133791,0.0,22.0,0.011631412842792897,0.011437672263558803,0.28535897861051535,0.7540095772610456,0.0005392711159798209,125.0,1.6395373221654148,18.07218555180989,0.9907513466629588,,,,,,0.0
2025-07-05 12:00:00+00:00,0.9999902743589877,9.725541013186113e-06,0.0,0.0,2.0,0.9433546457133791,0.0,23.599999999999998,0.011646459207791084,0.011131518972053799,0.48420448018380574,0.7362087364247332,0.0005392642482214286,125.0,1.5799482751237277,18.337923760659187,0.9873572662139597,,,,,,0.0
2025-07-05 16:00:00+00:00,0.9999811941456768,1.8805754324964102e-05,0.0,0.0,2.0,0.9433546457133791,0.0,23.599999999999998,0.011646008436999884,0.010795108929246856,0.08324838600068932,0.6638797085428546,0.0005387937583379966,125.0,1.5159932943671792,18.640065876083597,0.9878972025087729,,,,,,0.0
2025-07-05 20:00:00+00:00,0.9999949575978576,5.042302142827012e-06,0.0,0.0,2.0,0.9433546457133791,0.0,24.8,0.011659385270705126,0.010519579481132295,0.06872276231981854,0.7345798656709803,0.0005388781471446488,125.0,1.4481833103700805,18.889146154867504,0.9907283212843461,,,,,,0.0
2025-07-06 00:00:00+00:00,0.9999968713124731,3.1285875273237662e-06,0.0,0.0,2.0,0.9433546457133791,0.0,23.599999999999998,0.01164402844394667,0.010200129664422535,0.23283793347487178,0.78718689585742,0.0005383473641149331,125.0,1.3740688194673256,19.066506475636913,0.9937792886815139,,,,,,0.0
2025-07-06 04:00:00+00:00,0.9999851557449765,1.4844155024922282e-05,0.0,0.0,2.0,0.9433546457133791,0.0,21.6,0.011623566718926719,0.009894088813348528,0.002871500358934873,0.723195342141087,0.0005381511614666466,125.0,1.293084986313777,19.176732109039552,0.9956254464353649,,,,,,0.0
2025-07-06 08:00:00+00:00,0.9999323282354238,6.767166458296334e-05,0.0,0.0,2.0,0.9433546457133791,0.0,20.4,0.011557908476720748,0.009595001444901687,0.3907416625186498,0.6151815878649697,0.0005379232777697548,125.0,1.205059872537727,19.27175129142776,0.9958124631383668,,,,,,0.0
2025-07-06 12:00:00+00:00,0.9947283950745684,0.005271604825958656,0.0,0.0,2.0,0.9433546457133791,0.0,27.6,0.011697152086871707,0.01018607509713101,0.879498184219212,0.5694107965266355,0.0005425319324727084,125.0,1.1111696192705118,19.374385935631185,0.9967193800517425,,,,,,0.0
2025-07-06 16:00:00+00:00,0.9994479144126489,0.0005520854874062823,0.0,0.0,2.0,0.9433546457133791,0.0,29.2,0.011763739202141596,0.010021024369280292,0.3670473083197374,0.6775371011310302,0.0005383949340347737,125.0,1.0060818210189244,19.380937146967156,0.9988581750373934,,,,,,0.0
2025-07-06 20:00:00+00:00,0.9945554399970041,0.0054445599035403735,0.0,0.0,2.0,0.9433546457133791,0.0,18.8,0.011247373302868187,0.01010955155401073,0.5822904616678916,0.691315790251554,0.000539658114700102,125.0,0.8871305711862194,19.380937146967156,0.9973565605363318,,,,,,0.0
2025-07-07 00:00:00+00:00,0.9917113900089589,0.008288609891869922,0.0,0.0,2.0,0.9433546457133791,0.0,19.2,0.01125103378414928,0.009825516364955935,0.5994352561516727,0.607851618213066,0.0005374793327987651,125.0,0.7433016181766131,19.300699081924822,0.9975174295429863,,,,,,0.0
2025-07-07 04:00:00+00:00,0.9983044011065005,0.00169559879366894,0.0,0.0,2.0,0.9433546457133791,0.0,17.2,0.011174987634597386,0.009526610621078993,0.638721535790871,0.6649239584816605,0.0005374011863124879,125.0,0.5827901819984029,19.300699081924822,0.9984528420666346,,,,,,0.0
2025-07-07 08:00:00+00:00,0.9977802606206803,0.0022197392795416924,0.0,0.0,2.0,0.9433546457133791,0.0,17.2,0.011117679633776781,0.009353080154123576,0.058790116444189744,0.7865846258920035,0.0005383025056922309,125.0,0.37411574118897106,19.33962542906775,0.9946863872479005,,,,,,0.0
2025-07-07 12:00:00+00:00,0.9997791532042308,0.00022084669579128453,0.0,0.0,2.0,0.9433546457133791,0.0,19.6,0.01124445707974342,0.009494954436623943,0.09073170731707333,0.8079528378630179,0.0005415205018689601,125.0,0.0875449807609304,19.512065156983724,0.9899955554068768,,,,,,0.0
2025-07-07 16:00:00+00:00,1.4193096141373097e-09,0.9999999984806904,0.0,0.0,2.0,0.8386239610616019,0.0,14.000000000000002,0.010973716898990448,0.009259229628968003,0.41608613046230886,0.801094534152568,0.0005853276655231332,125.0,0.5247198830477101,19.813051960136413,0.982235568168638,,,,,,0.0
2025-07-07 20:00:00+00:00,0.9982783741958783,0.0017216257042938282,0.0,0.0,2.0,0.9232368194083265,0.0,8.0,0.010797035270147474,0.008978304180272113,0.6087032201914676,0.780792998546068,0.0005848209511923437,125.0,0.6665365031404338,20.365587013456953,0.9802465568956652,,,,,,0.0
2025-07-08 00:00:00+00:00,0.9969507751541651,0.003049224746139826,0.0,0.0,2.0,0.9232368194083265,0.0,8.799999999999999,0.010802789932660012,0.008715848794408511,0.6626269243367142,0.8013834573973313,0.0005837019227956228,125.0,0.7756604203139557,20.79383208303267,0.9894583504873309,,,,,,0.0
2025-07-08 04:00:00+00:00,0.9869929116995495,0.013007088201751267,0.0,0.0,2.0,0.9232368194083265,0.0,7.199999999999999,0.010745911701712374,0.008578391168942054,0.15865463494667928,0.8087148141339124,0.0005822643139634435,125.0,0.8593150263252447,20.79383208303267,0.9953369590359263,,,,,,0.0
2025-07-08 08:00:00+00:00,0.9876344895299942,0.012365510371242287,0.0,0.0,2.0,0.9232368194083265,0.0,7.199999999999999,0.010745563939581057,0.008572188970669673,0.7737827715355823,0.785523646603692,0.000580752684212467,125.0,0.9239903345889375,20.626502402473644,0.989199353064259,,,,,,0.0
2025-07-08 12:00:00+00:00,0.9977715460018857,0.002228453898337114,0.0,0.0,2.0,0.9232368194083265,0.0,6.4,0.010617161952324932,0.008366111529669616,0.3945437441204095,0.7394832502154034,0.0005786620906024189,125.0,0.9915128269334208,20.31288556241097,0.9914141147645952,,,,,,0.0
2025-07-08 16:00:00+00:00,0.9608978526673521,0.03910214723655821,0.0,0.0,2.0,0.9232368194083265,0.0,8.4,0.010781994385338273,0.009180338892901499,0.6991551617556168,0.758332404353231,0.0005824125244521147,125.0,1.057089168496612,20.31288556241097,0.9974980604589472,,,,,,0.0
2025-07-08 20:00:00+00:00,0.9852487214003164,0.014751278501158776,0.0,0.0,2.0,0.9232368194083265,0.0,8.4,0.010780730723915936,0.008911764918482895,0.7933161953727469,0.6647244080540141,0.000576269834267991,125.0,1.1171076848272976,20.25741898747285,0.9976248644561324,,,,,,0.0
2025-07-09 00:00:00+00:00,0.9396989298174308,0.060301070088599404,0.0,0.0,2.0,0.9232368194083265,0.0,11.600000000000001,0.01082486572064459,0.008920126358563906,0.36279157974587717,0.6384588157883976,0.0005762465761608049,125.0,1.171310021443138,20.25741898747285,0.9891992561848443,,,,,,0.0
2025-07-09 04:00:00+00:00,0.7900445262369358,0.20995547368405967,0.0,0.0,2.0,0.9232368194083265,0.0,14.799999999999999,0.010934924818095946,0.009197575689066742,0.42593541773449417,0.6001180762365326,0.0005760285525337062,125.0,1.220839161176582,19.83822298874062,0.978210726961365,,,,,,0.0
2025-07-09 08:00:00+00:00,0.92273933246851,0.07726066743921599,0.0,0.0,2.0,0.9232368194083265,0.0,14.799999999999999,0.01093128814952705,0.008918083859567806,0.564735237039094,0.6079119053295153,0.0005721018347187151,125.0,1.266434684923643,19.209303540051067,0.9725763980412229,,,,,,0.0
2025-07-09 12:00:00+00:00,0.8370065109779955,0.1629934889383039,0.0,0.0,2.0,0.9232368194083265,0.0,6.4,0.010592479678100453,0.009096813101074665,0.4950686106346504,0.5850061586382758,0.0005727240596498532,125.0,1.3023246247664266,18.54869966491861,0.9706773984535279,,,,,,0.0
2025-07-09 16:00:00+00:00,0.023114200671318596,0.9768857992309927,0.0,0.0,2.0,0.8386239610616019,0.0,5.6000000000000005,0.01044606715631315,0.013168383169531417,0.7605368854542705,0.5937955090868354,0.0005968395054809637,125.0,1.3579878947244903,17.877308380351877,0.9680936770874318,,,,,,0.0
2025-07-09 20:00:00+00:00,0.04546696900015846,0.9545330309043882,0.0,0.0,2.0,0.8386239610616019,0.0,5.2,0.010185438082398423,0.012772485558872388,1.0,0.6392166396809108,0.000570521348680935,125.0,1.404107065367529,17.15321730069337,0.9668398647021251,,,,,,0.0
2025-07-10 00:00:00+00:00,0.21021454342767945,0.7897854564933421,0.0,0.0,2.0,0.8386239610616019,0.0,5.2,0.010150794215197996,0.012398006446894544,1.0,0.7293353849325307,0.0005693895519894741,125.0,1.4408325671952757,16.482920607890964,0.9723776415205078,,,,,,0.0
2025-07-10 04:00:00+00:00,0.21823408596000388,0.7817659139618195,0.0,0.0,2.0,0.8386239610616019,0.0,4.8,0.0099510324179594,0.012092939449899247,1.0,0.7161183376896013,0.0005688270583272778,125.0,1.4815423964349403,16.04058766633886,0.9851250389311405,,,,,,0.0
2025-07-10 08:00:00+00:00,0.2750872295081377,0.724912770419371,0.0,0.0,2.0,0.8386239610616019,0.0,5.6000000000000005,0.009985703441399905,0.011773272711346141,0.8337548704627814,0.6947736076562242,0.0005681960373598393,125.0,1.523356699710127,16.04058766633886,0.9884098454438898,,,,,,0.0
2025-07-10 12:00:00+00:00,0.34123459442495,0.6587654055091734,0.0,0.0,2.0,0.8386239610616019,0.0,4.8,0.009832374621255788,0.01144159326422321,0.10482670635764013,0.5976466570022443,0.0005673690895253407,125.0,1.5677295239520672,16.366540411115047,0.9671423190589146,,,,,,0.0
2025-07-10 16:00:00+00:00,0.9816223583304822,0.018377641571355578,0.0,0.0,2.0,0.9232368194083265,0.0,6.4,0.010073507332913302,0.011808190990339033,0.5270194360184244,0.6625345577530093,0.0005705472678089892,125.0,1.6113957271047394,17.23155040048188,0.9510319607916524,,,,,,0.0
2025-07-10 20:00:00+00:00,0.00679937727888249,0.9932006226217974,0.0,0.0,2.0,0.8386239610616019,0.0,43.6,0.012249214697948572,0.016269303955771336,0.8070665872324808,0.6111928398550444,0.0006030054366195548,125.0,1.683702648099383,18.437703925861136,0.940336750781862,,,,,,0.0
2025-07-11 00:00:00+00:00,0.09597673410159172,0.9040232658080061,0.0,0.0,2.0,0.8386239610616019,0.0,42.4,0.012185546193042303,0.01584301837320028,0.8095625819876047,0.5432730418106265,0.0005674880185023491,125.0,1.7298031950283481,19.935083303619066,0.9334839830835276,,,,,,0.0
2025-07-11 04:00:00+00:00,0.05799136569725674,0.9420086342085424,0.0,0.0,2.0,0.8386239610616019,0.0,38.4,0.01178001766542402,0.015360487963248992,0.9084056864802945,0.6936829446325686,0.0005662488229845223,125.0,1.7784566544928162,21.696509654046093,0.9430447013590659,,,,,,0.0
2025-07-11 08:00:00+00:00,0.038119141271840976,0.9618808586319709,0.0,0.0,2.0,0.8386239610616019,0.0,38.0,0.011778709246228238,0.014946548072619456,0.9934304880869763,0.6769391787842809,0.0005652151450798853,125.0,1.8166056138861693,22.920972435397175,0.9508152767043925,,,,,,0.0
2025-07-11 12:00:00+00:00,0.07372324534579433,0.926276754561578,0.0,0.0,2.0,0.8386239610616019,0.0,28.000000000000004,0.01145492440378641,0.014741627989020182,0.6698224852071,0.6438377312363557,0.0005667519318635155,125.0,1.8599932274003954,24.464661599440635,0.9434825556775317,,,,,,0.0
2025-07-11 16:00:00+00:00,0.17932859386383743,0.8206714060540955,0.0,0.0,2.0,0.8386239610616019,0.0,28.4,0.011541087225042098,0.015021019574488748,0.4555212229630832,0.6117534885770766,0.0005685306805793739,125.0,1.9284229457438535,26.317411325804848,0.9418762987665922,,,,,,0.0
2025-07-11 20:00:00+00:00,0.775134467026271,0.22486553289621547,0.0,0.0,2.0,0.9232368194083265,0.0,40.8,0.01195949922908199,0.015125135324660963,0.0748062015503902,0.533556915233335,0.0005686815983379699,125.0,1.9848929886526228,28.213536031632948,0.9616734876278188,,,,,,0.0
2025-07-12 00:00:00+00:00,0.8505056007380656,0.14949439917688392,0.0,0.0,2.0,0.9232368194083265,0.0,40.8,0.011960971151791403,0.01467914076628697,0.017957420549215144,0.6041294778673119,0.0005623293021849846,125.0,2.0419489227614176,28.585697944029334,0.9912958599249742,,,,,,0.0
2025-07-12 04:00:00+00:00,0.8611299851557851,0.13887001475810196,0.0,0.0,2.0,0.9232368194083265,0.0,40.8,0.011978692186159138,0.014234397596332691,0.14363903350687462,0.5961062558371137,0.0005615767247005685,125.0,2.10094746872371,28.816500192045837,0.9909921175990031,,,,,,0.0
2025-07-12 08:00:00+00:00,0.8846328904834341,0.11536710942810263,0.0,0.0,2.0,0.9232368194083265,0.0,40.400000000000006,0.01196351280903885,0.013800935313043014,0.10255322758503785,0.5445012075978307,0.0005606210537522335,125.0,2.162164400185409,28.973034267742953,0.991034983986933,,,,,,0.0
2025-07-12 12:00:00+00:00,0.5281199500415235,0.4718800499056645,0.0,0.0,2.0,0.9232368194083265,0.0,44.0,0.012304893063831736,0.013958988951442477,0.8391371903847883,0.6577623032651344,0.0005651827649144769,125.0,2.223115054450601,28.973034267742953,0.9874729971549291,,,,,,0.0
2025-07-12 16:00:00+00:00,0.9533687953326117,0.04663120457205154,0.0,0.0,2.0,0.9232368194083265,0.0,44.0,0.01230594157067299,0.01369306638880449,0.20345194467431146,0.7411550025651051,0.000559578629888835,125.0,2.280725742858536,28.356848785928335,0.9836344380643961,,,,,,0.0
2025-07-12 20:00:00+00:00,0.9920639782313804,0.007936021669413285,0.0,0.0,2.0,0.9232368194083265,0.0,44.0,0.012314812976276865,0.013277128194070608,0.2922061436912912,0.7790793853591419,0.0005585840184507633,125.0,2.3659921550924254,27.83634851245803,0.9845882053874645,,,,,,0.0
2025-07-13 00:00:00+00:00,0.9763125867065721,0.023687413195796776,0.0,0.0,2.0,0.9232368194083265,0.0,42.8,0.012295915501216012,0.012910576768041188,0.09063893016344514,0.8344156410013066,0.0005579529940960075,125.0,2.4360040124920577,27.30613507218399,0.984084057906236,,,,,,0.0
2025-07-13 04:00:00+00:00,0.9842708061095445,0.015729193792028247,0.0,0.0,2.0,0.9232368194083265,0.0,42.4,0.012290712544818989,0.012533460599345592,0.011447954208182379,0.8121302126918937,0.0005571835932282028,125.0,2.4980341653978217,26.771848778573414,0.9840869504057711,,,,,,0.0
2025-07-13 08:00:00+00:00,0.9742010423828912,0.02579895751968858,0.0,0.0,2.0,0.9232368194083265,0.0,42.0,0.012278853157504092,0.012152614116805505,1.0,0.7497728629946595,0.0005564277259000489,125.0,2.548397447142525,26.262375062824628,0.9834039016116012,,,,,,0.0
2025-07-13 12:00:00+00:00,0.9978358360374538,0.0021641638627626003,0.0,0.0,2.0,0.9232368194083265,0.0,39.2,0.012136777709220536,0.012000168376511727,1.0,0.675425399443296,0.0005569971856398904,125.0,2.6290285200079047,25.705232377770237,0.9827242589225591,,,,,,0.0
2025-07-13 16:00:00+00:00,0.9959516692018674,0.0040483306985375,0.0,0.0,2.0,0.9232368194083265,0.0,38.4,0.012043931282828175,0.011637296249018582,0.8826912018401403,0.7590475700666617,0.0005559095926856552,125.0,2.684121026719777,25.17434837897494,0.9842754882497821,,,,,,0.0
2025-07-13 20:00:00+00:00,0.9865865466942894,0.013413453207052038,0.0,0.0,2.0,0.9232368194083265,0.0,38.800000000000004,0.012075521514458712,0.011374676921693977,0.28709789000345665,0.7624926629167382,0.0005564154005638105,125.0,2.738250254363325,24.735871884193017,0.985910584441647,,,,,,0.0
2025-07-14 00:00:00+00:00,0.5482409348905916,0.45175906505458435,0.0,0.0,2.0,0.9232368194083265,0.0,44.0,0.012408090768282816,0.012271816386271898,0.6450529578920157,0.7526302528431524,0.000561359085454578,125.0,2.7820216712506807,24.3205053501363,0.9859396297821417,,,,,,0.0
2025-07-14 04:00:00+00:00,0.7389057955578907,0.2610942043682187,0.0,0.0,2.0,0.9232368194083265,0.0,43.6,0.01239788707426305,0.011912418424107044,0.6608802961744122,0.632303182175083,0.0005546329412909463,125.0,2.8184091433194816,23.898343068994706,0.985839450843089,,,,,,0.0
2025-07-14 08:00:00+00:00,0.7429130922840989,0.2570869076416098,0.0,0.0,2.0,0.9232368194083265,0.0,42.0,0.01230025599308323,0.011565032283458813,0.5932504440497316,0.6476880145261714,0.0005542125373015784,125.0,2.8475433646908552,23.491434963304982,0.9858492029713857,,,,,,0.0
2025-07-14 12:00:00+00:00,0.5997906275984992,0.4002093723415217,0.0,0.0,2.0,0.9232368194083265,0.0,43.6,0.012357017303773967,0.01167162538804032,0.1667871079635779,0.646943577763647,0.0005575706362828429,125.0,2.8700961364638466,23.08408266877822,0.9851502523460142,,,,,,0.0
2025-07-14 16:00:00+00:00,0.6206653572061509,0.3793346427317827,0.0,0.0,2.0,0.9232368194083265,0.0,44.800000000000004,0.012419671796540254,0.011357418780060994,0.21663778162911607,0.5973978465418656,0.0005540929990770735,125.0,2.894293842201652,22.652184759073126,0.984437223109268,,,,,,0.0
2025-07-14 20:00:00+00:00,0.9089556993470399,0.09104430056206447,0.0,0.0,2.0,0.9232368194083265,0.0,44.0,0.012399252365967214,0.011063372783157825,0.30194113963681357,0.5374712210749207,0.0005535385145413965,125.0,2.923702720381767,22.220558414818885,0.9850760252685734,,,,,,0.0
2025-07-15 00:00:00+00:00,0.7952024393054555,0.20479756061502413,0.0,0.0,2.0,0.9232368194083265,0.0,53.6,0.01294210651511742,0.011851900401738478,0.6925259463899037,0.6477864317763682,0.0005613125588221521,125.0,2.9379227715571923,21.8397981102461,0.9864161312554715,,,,,,0.0
2025-07-15 04:00:00+00:00,0.8840896592117551,0.11591034069983594,0.0,0.0,2.0,0.9232368194083265,0.0,53.6,0.01295982885388537,0.011681789640658425,0.49200289607055786,0.6567531773423106,0.0005537473840790392,125.0,2.947118492243458,21.493762181801955,0.9877141716903302,,,,,,0.0
2025-07-15 08:00:00+00:00,0.9395718461241207,0.06042815378192205,0.0,0.0,2.0,0.9232368194083265,0.0,53.2,0.012942177517803294,0.011330272052140737,0.26658019887591683,0.6719516107605511,0.0005527039026319103,125.0,2.95320301826449,21.19303895394065,0.9887639551518617,,,,,,0.0
2025-07-15 12:00:00+00:00,0.17792433629432808,0.8220756636234643,0.0,0.0,2.0,0.8386239610616019,0.0,57.599999999999994,0.013119972632387802,0.011983338990860775,0.24526445264452656,0.6118122422086392,0.0005575754287771509,125.0,2.9577321130989898,20.910402666784247,0.9904908027356218,,,,,,0.0
2025-07-15 16:00:00+00:00,0.2539019319206287,0.7460980680047614,0.0,0.0,2.0,0.8386239610616019,0.0,52.800000000000004,0.012954008780888579,0.011619255258043878,0.18905702768783247,0.6697976929144671,0.0005522442969513563,125.0,2.9579070856581535,20.75427516570364,0.995827987171641,,,,,,0.0
2025-07-15 20:00:00+00:00,0.01280538054393436,0.9871946193573461,0.0,0.0,2.0,0.8386239610616019,0.0,60.4,0.013634550511500884,0.01362962082836677,1.0,0.6365403868687763,0.000566062488570982,125.0,2.95871518310105,20.75427516570364,0.9967841042913548,,,,,,0.0
2025-07-16 00:00:00+00:00,0.5775646423228877,0.4224353576193558,0.0,0.0,2.0,0.9232368194083265,0.0,60.0,0.013593337933721495,0.013331892998983326,0.7547467493607533,0.6253206519112692,0.0005532439108601252,125.0,2.9546070905162383,20.809057660918654,0.9977934396429493,,,,,,0.0
2025-07-16 04:00:00+00:00,0.27297747786011334,0.7270225220671844,0.0,0.0,2.0,0.8386239610616019,0.0,60.0,0.013621618576837033,0.013404281097681266,0.800053224518762,0.6193691229139936,0.0005540213124485304,125.0,2.9491795811853287,20.809057660918654,0.9923614987374872,,,,,,0.0
2025-07-16 08:00:00+00:00,0.24517577611372907,0.7548242238107885,0.0,0.0,2.0,0.8386239610616019,0.0,60.4,0.013661674129561497,0.01302220598233638,0.6255640794223825,0.6792735436396928,0.0005517907023677769,125.0,2.942280636354358,20.505777137600646,0.9829301015802353,,,,,,0.0
2025-07-16 12:00:00+00:00,0.06727155526186315,0.932728444644864,0.0,0.0,2.0,0.8386239610616019,0.0,60.8,0.014153793876558123,0.014516956926960308,0.7531516120635156,0.8083718475057521,0.0005629548612189472,125.0,2.9366605038699305,19.965945778403224,0.9758726392996775,,,,,,0.0
2025-07-16 16:00:00+00:00,0.016194196265201466,0.983805803636418,0.0,0.0,2.0,0.8386239610616019,0.0,60.8,0.014282747901954981,0.017433634936526273,0.7867514777692108,0.7175340512762726,0.0005767006284293216,125.0,2.931697411696006,19.32904149889506,0.9730913051221197,,,,,,0.0
2025-07-16 20:00:00+00:00,0.06330675865851612,0.9366932412478145,0.0,0.0,2.0,0.8386239610616019,0.0,62.4,0.0143323932114024,0.01692482719742911,0.8495560506800579,0.692937155939769,0.0005515065482525329,125.0,2.920916840617573,18.69192363566431,0.9726013975541509,,,,,,0.0
2025-07-17 00:00:00+00:00,0.08546156568712439,0.9145384342214218,0.0,0.0,2.0,0.8386239610616019,0.0,68.4,0.014561703056882615,0.01667438830597063,0.5730853761622985,0.6414212317411517,0.0005541936443997898,125.0,2.91448056943955,18.0741941772389,0.973124326270397,,,,,,0.0
2025-07-17 04:00:00+00:00,0.023704431551807244,0.9762955683505631,0.0,0.0,2.0,0.8386239610616019,0.0,73.2,0.015307061353495254,0.01828951471596533,0.7398309496071187,0.5876617413888133,0.0005674147097386591,125.0,2.905243816820283,17.50136583665553,0.9760136947588144,,,,,,0.0
2025-07-17 08:00:00+00:00,0.06095938383044704,0.9390406160756488,0.0,0.0,2.0,0.8386239610616019,0.0,72.8,0.015301273559007749,0.017759053924652542,0.5911127591854397,0.6373575009998979,0.0005511220504065187,125.0,2.8952193857513917,17.045845723924323,0.9865788856156549,,,,,,0.0
2025-07-17 12:00:00+00:00,0.2910005750953423,0.7089994248337579,0.0,0.0,2.0,0.8386239610616019,0.0,73.2,0.015316098057594834,0.017249716099250356,0.18858922203807063,0.6190083087554733,0.0005509367570256977,125.0,2.8846671063932665,17.045845723924323,0.9866184216345724,,,,,,0.0
2025-07-17 16:00:00+00:00,0.37574059821325273,0.6242594017243213,0.0,0.0,2.0,0.8386239610616019,0.0,72.0,0.015251725073225416,0.016737515031058168,0.20474445123192725,0.6418459391635524,0.0005503783438434933,125.0,2.8737644254933805,17.49990269508836,0.9654248099684898,,,,,,0.0
2025-07-17 20:00:00+00:00,0.07993463203980543,0.920065367868188,0.0,0.0,2.0,0.8386239610616019,0.0,57.199999999999996,0.013893435779981088,0.016890699118479447,0.6609711013930849,0.6986725733496217,0.0005539172400682216,125.0,2.862244648414375,18.4571988085559,0.9498651816509072,,,,,,0.0
2025-07-18 00:00:00+00:00,0.016232171526984144,0.983767828374639,0.0,0.0,2.0,0.8386239610616019,0.0,66.8,0.014646764816187678,0.018370398714862842,0.6637753733345262,0.6600722642467797,0.0005651149665145753,125.0,2.8518146927013044,19.771813604863826,0.9395806622357227,,,,,,0.0
2025-07-18 04:00:00+00:00,0.2156133787043458,0.7843866212172156,0.0,0.0,2.0,0.8386239610616019,0.0,66.4,0.014629761740515968,0.017824450188016625,0.7827922814982967,0.7020171931801259,0.0005493502736658377,125.0,2.837982258012,21.393154558703273,0.9409569647569987,,,,,,0.0
2025-07-18 08:00:00+00:00,0.3853398000912559,0.6146601998472782,0.0,0.0,2.0,0.8386239610616019,0.0,66.4,0.014638236264891497,0.01728464442974734,0.9116515460979416,0.7667221579193308,0.0005491430730297274,125.0,2.82358571727127,22.85686394653127,0.9520693621658528,,,,,,0.0
2025-07-18 12:00:00+00:00,0.06944874998577813,0.9305512499211668,0.0,0.0,2.0,0.8386239610616019,0.0,67.2,0.01469735090952594,0.01706630856477114,0.6193618476642647,0.785967720057732,0.0005532517215273854,125.0,2.809045084618557,24.062417551416253,0.9525696210713762,,,,,,0.0
2025-07-18 16:00:00+00:00,0.19340697055359699,0.8065930293657437,0.0,0.0,2.0,0.8386239610616019,0.0,65.2,0.014572601082971022,0.0165724436004236,0.38013663709595186,0.6961695443084638,0.0005494207458430768,125.0,2.7947111940795697,25.65850675570842,0.9460441579857062,,,,,,0.0
2025-07-18 20:00:00+00:00,0.28949103720978475,0.7105089627191643,0.0,0.0,2.0,0.8386239610616019,0.0,56.00000000000001,0.014231377126604359,0.016071067173415717,0.6245514169038465,0.6948502922849983,0.0005487171376021778,125.0,2.7794900057965455,27.460549123332264,0.9465405070864196,,,,,,0.0
2025-07-19 00:00:00+00:00,0.9872108136312677,0.012789186270011249,0.0,0.0,2.0,0.9232368194083265,0.0,56.39999999999999,0.014287192827409015,0.015889706784938156,0.1325051759834384,0.7264217552026657,0.0005496167667465607,125.0,2.7641144576688403,29.25404759023872,0.9515802945682379,,,,,,0.0
2025-07-19 04:00:00+00:00,0.9903934212462048,0.009606578654755817,0.0,0.0,2.0,0.9232368194083265,0.0,58.8,0.014353246323674141,0.015473737166522445,0.3135682952654685,0.6782216656606648,0.0005492717162298449,125.0,2.748339194300122,30.924595627544825,0.9581172534487679,,,,,,0.0
2025-07-19 08:00:00+00:00,0.9882174241246113,0.011782575776566825,0.0,0.0,2.0,0.9232368194083265,0.0,60.0,0.014417432015811391,0.015057029706354782,0.12359984550019164,0.6469434227130783,0.0005488278782924395,125.0,2.7323402069602585,32.41898606412294,0.9646956648085084,,,,,,0.0
2025-07-19 12:00:00+00:00,0.9974238831391887,0.0025761167610688176,0.0,0.0,2.0,0.9232368194083265,0.0,53.6,0.01406749471267783,0.01459837943010584,0.001655446418718599,0.6544244066919954,0.0005476213431912163,125.0,2.7159834054797694,33.720326257896694,0.9706974177281693,,,,,,0.0
2025-07-19 16:00:00+00:00,0.9957691520482825,0.0042308478521405745,0.0,0.0,2.0,0.9232368194083265,0.0,53.2,0.014060478737184412,0.01426402629725558,0.2758898950954916,0.6388591139975544,0.0005474788408860061,125.0,2.6994847495448013,34.83230306873824,0.9759147091845477,,,,,,0.0
2025-07-19 20:00:00+00:00,0.9964661418586909,0.0035338580416625393,0.0,0.0,2.0,0.9232368194083265,0.0,52.800000000000004,0.014047228730212385,0.013863398119085511,0.0053529192082639,0.6545862686197529,0.0005469784146549643,125.0,2.6827380388011943,35.769390636812595,0.9803298856027312,,,,,,0.0
2025-07-20 00:00:00+00:00,0.8887663954681001,0.11123360444302324,0.0,0.0,2.0,0.9232368194083265,0.0,54.400000000000006,0.014197904098919184,0.014157718402165457,0.692948050908511,0.6702724361842011,0.0005503732838642014,125.0,2.6663327069190785,36.45883247206807,0.9903822961163293,,,,,,0.0
2025-07-20 04:00:00+00:00,0.9634044800050394,0.036595519898620095,0.0,0.0,2.0,0.9232368194083265,0.0,54.0,0.01419706708176888,0.013743593939330504,0.9907343857240912,0.6447453875650045,0.0005465320164356071,125.0,2.6491043116990816,36.45883247206807,0.9882656375857034,,,,,,0.0
2025-07-20 08:00:00+00:00,0.6460317528044607,0.3539682471309362,0.0,0.0,2.0,0.9232368194083265,0.0,61.199999999999996,0.014467014666153181,0.01454412338400507,1.0,0.7064882061638058,0.0005531032018242545,125.0,2.6317767526033253,35.60715147161572,0.9749418404114361,,,,,,0.0
2025-07-20 12:00:00+00:00,0.9353952017068097,0.06460479819965075,0.0,0.0,2.0,0.9232368194083265,0.0,60.8,0.01445994989821403,0.014232352128725678,1.0,0.6690288546592148,0.0005464081341404585,125.0,2.6133447538897157,34.29866277610087,0.9656558794604477,,,,,,0.0
2025-07-20 16:00:00+00:00,0.37068423334252903,0.6293157665945394,0.0,0.0,2.0,0.8386239610616019,0.0,65.2,0.014618113734909241,0.014001836167080147,0.683115081085769,0.6078306079329119,0.0005486892260480397,125.0,2.5936469882399344,32.73281184495811,0.959294754629482,,,,,,0.0
2025-07-20 20:00:00+00:00,0.44672728985889393,0.5532727100857788,0.0,0.0,2.0,0.8386239610616019,0.0,62.8,0.014520940247798186,0.013582582417078569,0.5742251223491028,0.554712328231847,0.0005456928290381004,125.0,2.576577841985799,31.0400130072844,0.9548898174708906,,,,,,0.0
2025-07-21 00:00:00+00:00,0.8943622835447345,0.10563771636582919,0.0,0.0,2.0,0.9232368194083265,0.0,54.800000000000004,0.014307672484653072,0.013169030879246583,0.5504429133858271,0.6462778454460161,0.0005455539408552216,125.0,2.5556343267338244,29.304641867346295,0.9529046079803337,,,,,,0.0
2025-07-21 04:00:00+00:00,0.8275455733007566,0.17245442661648885,0.0,0.0,2.0,0.9232368194083265,0.0,54.800000000000004,0.014308174119869514,0.012916710327185405,0.29966459032103504,0.6150058863528399,0.0005454679763497103,125.0,2.535020281284793,27.656460617193943,0.9537394682887452,,,,,,0.0
2025-07-21 08:00:00+00:00,0.9954724780220191,0.0045275218784337915,0.0,0.0,2.0,0.9232368194083265,0.0,53.2,0.014301722170634653,0.012602113249867361,0.24261581511037675,0.5345700850083812,0.0005449830418196505,125.0,2.5144068943527076,26.16611924012889,0.9540558574175555,,,,,,0.0
2025-07-21 12:00:00+00:00,0.9922549569779698,0.007745042922804604,0.0,0.0,2.0,0.9232368194083265,0.0,48.8,0.01402687056821807,0.012218203804942557,1.0,0.5675351226651764,0.0005448707829722106,125.0,2.49337450294036,24.71049895338241,0.952014699707799,,,,,,0.0
2025-07-21 16:00:00+00:00,0.8842891322547345,0.11571086765683666,0.0,0.0,2.0,0.9232368194083265,0.0,61.6,0.014487746342583227,0.012783687247113106,0.16324766171500416,0.6182333523618724,0.000553293644025874,125.0,2.473653001078499,23.261406223137527,0.9513939080817176,,,,,,0.0
2025-07-21 20:00:00+00:00,0.9596744642425672,0.04032553566146528,0.0,0.0,2.0,0.9232368194083265,0.0,61.6,0.014489518795937868,0.012510720165097532,0.026955950032872527,0.6900952007179764,0.0005444732279582328,125.0,2.451436805060221,21.936979247631434,0.9560835805555187,,,,,,0.0
2025-07-22 00:00:00+00:00,0.7314059471003408,0.26859405282651855,0.0,0.0,2.0,0.9232368194083265,0.0,49.6,0.01406949057242284,0.012293340541400785,0.37091171265648315,0.6084033967811,0.0005462635546860587,125.0,2.428017185413846,20.897080950415706,0.9665254963118788,,,,,,0.0
2025-07-22 04:00:00+00:00,0.6521792585591977,0.34782074137558444,0.0,0.0,2.0,0.9232368194083265,0.0,57.199999999999996,0.014398542072243866,0.012441357372121098,0.7166991552956479,0.6281113492620836,0.0005491406197295914,125.0,2.405438543060792,20.22666708949482,0.9791398300222872,,,,,,0.0
2025-07-22 08:00:00+00:00,0.7018309851590698,0.2981690147707471,0.0,0.0,2.0,0.9232368194083265,0.0,57.199999999999996,0.014391331866268304,0.012204171254377684,0.49174234225756525,0.6626396178097128,0.0005438865116084398,125.0,2.380555838122147,19.874521541700243,0.989021646006634,,,,,,0.0
2025-07-22 12:00:00+00:00,0.7681641276926454,0.23183587223053814,0.0,0.0,2.0,0.9232368194083265,0.0,51.2,0.01421225332479239,0.011865148358925924,0.11298393468528015,0.5457690515199931,0.0005433552457716007,125.0,2.3557557984049424,19.700583334090712,0.9945500268221119,,,,,,0.0
2025-07-22 16:00:00+00:00,0.9446343692235686,0.055365630681967946,0.0,0.0,2.0,0.9232368194083265,0.0,60.8,0.01446965124863761,0.01195086077225065,0.5270541082164351,0.5164327546444074,0.0005476251574246142,125.0,2.3309189451920322,19.693943106357835,0.9980538017317274,,,,,,0.0
2025-07-22 20:00:00+00:00,0.2404981806724455,0.7595018192516043,0.0,0.0,2.0,0.8386239610616019,0.0,50.0,0.014079184449237007,0.012657161949061038,0.07066962065379619,0.5776689240149997,0.0005479630467156489,125.0,2.304528345391829,19.693943106357835,0.990456480368396,,,,,,0.0
2025-07-23 00:00:00+00:00,0.6818922110388811,0.3181077888929296,0.0,0.0,2.0,0.9232368194083265,0.0,48.4,0.014036623007709026,0.012328224008361748,0.27834161088317794,0.5368985352597065,0.0005437693209620489,125.0,2.2775202777221466,20.049990312108676,0.9834074271214153,,,,,,0.0
2025-07-23 04:00:00+00:00,0.6409687093032582,0.35903129063264483,0.0,0.0,2.0,0.9232368194083265,0.0,52.800000000000004,0.014251180447517914,0.012509102521243232,0.1507839639470464,0.5574770960105072,0.0005478935524288325,125.0,2.2491324005559186,20.508094837188164,0.9832343751829603,,,,,,0.0
2025-07-23 08:00:00+00:00,0.7803942013099298,0.21960579861203078,0.0,0.0,2.0,0.9232368194083265,0.0,52.400000000000006,0.01422296155114688,0.012128364251822317,0.23295030592448776,0.5407256642371026,0.0005423674171084854,125.0,2.2191924456371592,20.89000683874603,0.9864586313587368,,,,,,0.0
2025-07-23 12:00:00+00:00,0.514393119502271,0.4856068804462898,0.0,0.0,2.0,0.9232368194083265,0.0,47.599999999999994,0.013730804805360604,0.011900815251274247,0.14123412786811992,0.6155716895953979,0.0005436596988169586,125.0,2.188861196194684,21.198912861482256,0.991179221728283,,,,,,0.0
2025-07-23 16:00:00+00:00,0.3675448628998263,0.6324551370369282,0.0,0.0,2.0,0.8386239610616019,0.0,38.800000000000004,0.012542959327793488,0.012156525767528585,1.0,0.7418946219852195,0.0005473661957516038,125.0,2.168650147306031,21.257874284097063,0.9973618392091746,,,,,,0.0
2025-07-23 20:00:00+00:00,0.7670379583490868,0.23296204157420944,0.0,0.0,2.0,0.9232368194083265,0.0,39.2,0.012607568720096598,0.012101712240701045,0.554171031592878,0.692452727587383,0.000542730105783571,125.0,2.137513655951543,21.257874284097063,0.9968197750849186,,,,,,0.0
2025-07-24 00:00:00+00:00,0.9285938526048598,0.07140614730228086,0.0,0.0,2.0,0.9232368194083265,0.0,38.4,0.012418289077653038,0.011764825323357701,0.23082478694207734,0.6541309705235885,0.0005413311071904411,125.0,2.1041391135521894,21.257874284097063,0.9978253310152031,,,,,,0.0
2025-07-24 04:00:00+00:00,0.607652809511196,0.3923471904280388,0.0,0.0,2.0,0.9232368194083265,0.0,20.8,0.011527379372395806,0.011906080317626015,0.4319091054568725,0.6914741368250676,0.0005457244674275997,125.0,2.071011981422755,21.276247691021283,0.9922649805581033,,,,,,0.0
2025-07-24 08:00:00+00:00,0.18123804376109592,0.8187619561570278,0.0,0.0,2.0,0.8386239610616019,0.0,29.2,0.011785998870501366,0.01233716013477519,0.04797541093144447,0.6813453742707978,0.0005445798198735516,125.0,2.035266393968262,21.561201299329188,0.9836654518598436,,,,,,0.0
2025-07-24 12:00:00+00:00,0.15316296162297371,0.8468370382923426,0.0,0.0,2.0,0.8386239610616019,0.0,32.800000000000004,0.012111421959593638,0.012984144825421678,0.587367903661834,0.6153247983088233,0.0005458445342487264,125.0,2.0008353130650165,22.1273446672759,0.9803974451233937,,,,,,0.0
2025-07-24 16:00:00+00:00,0.6532485264489954,0.34675147348567975,0.0,0.0,2.0,0.9232368194083265,0.0,32.800000000000004,0.012092026789448622,0.01258861644278454,0.5063216700970312,0.5554690346781446,0.0005406763599871766,125.0,1.9661280373534642,22.621715572357207,0.9880631741416899,,,,,,0.0
2025-07-24 20:00:00+00:00,0.7037040939263887,0.2962959060032409,0.0,0.0,2.0,0.9232368194083265,0.0,30.0,0.011859840280997937,0.012312309376849235,0.30525828121380544,0.5960472646051587,0.0005418860384004909,125.0,1.9326525714738139,22.621715572357207,0.9962033086469184,,,,,,0.0
2025-07-25 00:00:00+00:00,0.011223733968960068,0.9887762659321623,0.0,0.0,2.0,0.8386239610616019,0.0,28.000000000000004,0.011739108908342228,0.014104706552409613,0.01553545038388043,0.6937884530819778,0.0005591487347910463,125.0,1.8920063667043918,22.541786795931678,0.9882668622882215,,,,,,0.0
2025-07-25 04:00:00+00:00,0.14737385560644933,0.852626144308288,0.0,0.0,2.0,0.8386239610616019,0.0,30.0,0.011834885519373482,0.013896335716695478,0.09475709475709623,0.7256078753739018,0.0005408565640353307,125.0,1.8515608665515342,22.116834545190446,0.9802067221499091,,,,,,0.0
2025-07-25 08:00:00+00:00,0.04988478382551136,0.9501152160794771,0.0,0.0,2.0,0.8386239610616019,0.0,40.8,0.012407527730711168,0.01472962579169603,0.039823345770197374,0.7498925965009058,0.0005471999302849084,125.0,1.8059784194464394,21.47993933597321,0.9739038479318101,,,,,,0.0
2025-07-25 12:00:00+00:00,0.08452079598967017,0.915479203918782,0.0,0.0,2.0,0.8386239610616019,0.0,43.6,0.012806952033738266,0.015440317393538957,0.28224885844748876,0.7653960831607526,0.0005519006187360985,125.0,1.7639429788760117,20.746958493809714,0.9751034596665478,,,,,,0.0
2025-07-25 16:00:00+00:00,0.2931190934140739,0.706880906515238,0.0,0.0,2.0,0.8386239610616019,0.0,43.6,0.012791688482173684,0.01497881287073435,0.1998560460652587,0.6994764688338736,0.0005395334265348461,125.0,1.7184505016100937,20.21597317476885,0.9816427983891488,,,,,,0.0
2025-07-25 20:00:00+00:00,0.07590341007055906,0.9240965898370312,0.0,0.0,2.0,0.8386239610616019,0.0,49.6,0.013244769398896877,0.015575336720158477,0.4244364586736358,0.6546873057062264,0.0005458775424314949,125.0,1.6707725143156003,19.840013709532744,0.9815713459962311,,,,,,0.0
2025-07-26 00:00:00+00:00,0.38254872955669533,0.6174512703815597,0.0,0.0,2.0,0.8386239610616019,0.0,48.4,0.013125581709812914,0.015128159681478496,0.378575711615111,0.5391028163078179,0.0005391617070415875,125.0,1.6189080536619191,19.32601738536161,0.9774915030675442,,,,,,0.0
2025-07-26 04:00:00+00:00,0.39608373474845937,0.6039162651911489,0.0,0.0,2.0,0.8386239610616019,0.0,48.0,0.013080667410890928,0.014668628925539951,0.10663759444247324,0.558822011634466,0.0005390418132264292,125.0,1.5636321881138746,18.775370475665873,0.9798501462528134,,,,,,0.0
2025-07-26 08:00:00+00:00,0.5476797266878375,0.45232027325739455,0.0,0.0,2.0,0.9232368194083265,0.0,47.199999999999996,0.013045663361520568,0.014222775138778341,0.9536299346522221,0.5513611372324525,0.0005389951991943674,125.0,1.5049706099537623,18.40206199873552,0.9831159727320874,,,,,,0.0
2025-07-26 12:00:00+00:00,0.9882924889950668,0.01170751090610394,0.0,0.0,2.0,0.9232368194083265,0.0,47.599999999999994,0.013048707607076345,0.013791898668117088,0.87924807852579,0.5309402759189239,0.0005388452568011007,125.0,1.442852656022507,18.014551731357734,0.9789395164966741,,,,,,0.0
2025-07-26 16:00:00+00:00,0.9783837979513742,0.021616201950787405,0.0,0.0,2.0,0.9232368194083265,0.0,46.800000000000004,0.013021562666376234,0.013406887513428901,0.6586387434554967,0.48612752166867573,0.0005383587590345199,125.0,1.376547765315469,17.479217456059086,0.9723274120276614,,,,,,0.0
2025-07-26 20:00:00+00:00,0.998818279006421,0.001181720893697187,0.0,0.0,2.0,0.9232368194083265,0.0,47.199999999999996,0.013025310054623273,0.013012779214913303,0.059067972692187755,0.5324280949695271,0.000538699103849184,125.0,1.3048340412695336,16.833934886951997,0.968429536197612,,,,,,0.0
2025-07-27 00:00:00+00:00,0.9989551050279419,0.00104489487216262,0.0,0.0,2.0,0.9232368194083265,0.0,44.0,0.012801681930914428,0.01279767736775358,0.5014939455889296,0.5606109523136009,0.0005384857835369215,125.0,1.2270485242828328,16.177720651921035,0.9691428626013154,,,,,,0.0
2025-07-27 04:00:00+00:00,0.9928736534824986,0.007126346418213984,0.0,0.0,2.0,0.9232368194083265,0.0,44.4,0.01280286700708127,0.012414819202896955,0.4161969741916361,0.5844994323871039,0.0005382060254381567,125.0,1.1424728182940307,15.609990491128977,0.9716407034967963,,,,,,0.0
2025-07-27 08:00:00+00:00,0.9921273766309299,0.007872623269857344,0.0,0.0,2.0,0.9232368194083265,0.0,42.0,0.012419015434130825,0.012424443879897086,0.7165991902833999,0.5208768749199986,0.0005390934927861874,125.0,1.0492492385777639,15.092583720252218,0.9731442605411731,,,,,,0.0
2025-07-27 12:00:00+00:00,0.9946138849822299,0.00538611491830875,0.0,0.0,2.0,0.9232368194083265,0.0,40.0,0.012362721335602981,0.012048040259909316,0.6844635880997694,0.5388990515354416,0.0005376042737282401,125.0,0.9494541741064897,14.616537211485637,0.9769345070654746,,,,,,0.0
2025-07-27 16:00:00+00:00,0.9880801151001101,0.011919884801081948,0.0,0.0,2.0,0.9232368194083265,0.0,36.8,0.012267488797313876,0.011697500911652241,0.8718434973550241,0.5428317551539036,0.0005374169245885377,125.0,0.8340651525315018,14.26763354724557,0.985508232447647,,,,,,0.0
2025-07-27 20:00:00+00:00,0.9939336245232794,0.006066375377327383,0.0,0.0,2.0,0.9232368194083265,0.0,40.8,0.012382596164426095,0.011683482481253385,0.8847293293832466,0.5222805484000148,0.0005385039084644617,125.0,0.700927666187737,14.225806506726178,0.9956676279150796,,,,,,0.0
2025-07-28 00:00:00+00:00,0.9848112609823747,0.01518873891914411,0.0,0.0,2.0,0.9232368194083265,0.0,41.199999999999996,0.012383537611205895,0.011336195847830246,1.0,0.5102738731549592,0.000537559214236785,125.0,0.5489888267091383,14.225806506726178,0.9859797463813649,,,,,,0.0
2025-07-28 04:00:00+00:00,0.9909924754711141,0.009007524429786709,0.0,0.0,2.0,0.9232368194083265,0.0,40.0,0.012338908180081572,0.011023950493739372,1.0,0.5384863008877057,0.0005379898669828632,125.0,0.3557235802857105,14.589484422737442,0.9715096358900881,,,,,,0.0
2025-07-28 08:00:00+00:00,0.9988291511519848,0.0011708487481322798,0.0,0.0,2.0,0.9232368194083265,0.0,40.0,0.012327897094133823,0.010721551303025077,0.6942007519653639,0.4857214249392255,0.0005408550728994104,125.0,0.10352707650854616,15.237351090803504,0.9573091822622508,,,,,,0.0
2025-07-28 12:00:00+00:00,3.749723354323964e-07,0.9999996249276645,0.0,0.0,2.0,0.036786603295789685,0.0,46.400000000000006,0.012682756196450179,0.011376182301480018,0.1411874086864106,0.43961371922127807,0.0005894607018280028,125.0,0.5434651405325442,16.18397644398666,0.9452149254913744,,,,,,0.0
2025-07-28 16:00:00+00:00,0.9422609638050367,0.05773903610073715,0.0,0.0,2.0,0.9399710776923077,0.0,39.6,0.01230782250034432,0.011048691730743037,0.6474727537973002,0.4130131370042525,0.0005815763200882549,125.0,0.6838059173336285,17.415710551934204,0.9365883582970147,,,,,,0.0
2025-07-28 20:00:00+00:00,0.9801180255494736,0.019881974352514542,0.0,0.0,2.0,0.9399710776923077,0.0,36.8,0.01226402737211381,0.01071210414852637,0.752806937471468,0.5518571071524214,0.0005798300662697002,125.0,0.7894992381565329,18.898217037705372,0.9370934624845477,,,,,,0.0
2025-07-29 00:00:00+00:00,0.957527184410764,0.042472815493483404,0.0,0.0,2.0,0.9399710776923077,0.0,36.0,0.012195671603005217,0.010391929939064654,1.0,0.6069533544037297,0.0005781554229620129,125.0,0.8713847981584618,20.324656505874078,0.9506609890516077,,,,,,0.0
2025-07-29 04:00:00+00:00,0.8870219231759514,0.11297807673534628,0.0,0.0,2.0,0.9399710776923077,0.0,46.400000000000006,0.012425034266533463,0.011479628483092584,0.011651265568502553,0.6100248422736124,0.0005825327560719965,125.0,0.9405812177506147,21.324954328990383,0.9710357996452577,,,,,,0.0
2025-07-29 08:00:00+00:00,0.41131985952479694,0.588680140416335,0.0,0.0,2.0,0.036786603295789685,0.0,47.199999999999996,0.01258784659596434,0.011609458528994835,0.12080187451184562,0.613288212274649,0.0005801046242765507,125.0,1.0100450489863935,21.79325171206952,0.9881362743954495,,,,,,0.0
2025-07-29 12:00:00+00:00,0.8644677900842863,0.13553220982926684,0.0,0.0,2.0,0.9399710776923077,0.0,50.4,0.012878418934820413,0.012016362777208129,0.17489218974604712,0.6747677511078793,0.0005812876624764978,125.0,1.0725872864318886,21.924124501593973,0.9864354386842938,,,,,,0.0
2025-07-29 16:00:00+00:00,0.7136467278622823,0.28635327206635297,0.0,0.0,2.0,0.9399710776923077,0.0,48.8,0.012701003652962228,0.011653598021300773,0.15131022823330417,0.5934284357827599,0.0005735885924343645,125.0,1.1362218191008762,22.483462519471132,0.9685449390041836,,,,,,0.0
2025-07-29 20:00:00+00:00,0.8562478632681323,0.1437521366462429,0.0,0.0,2.0,0.9399710776923077,0.0,42.0,0.012344164684711983,0.011441167645763176,0.004634944933453014,0.4945141348458918,0.0005723237473020063,125.0,1.1878945829609064,23.63764890178915,0.9688558316625542,,,,,,0.0
2025-07-30 00:00:00+00:00,0.9830417401032236,0.01695825979847215,0.0,0.0,2.0,0.9399710776923077,0.0,42.4,0.01235151979700879,0.011200406762762304,0.35196950444726866,0.5012455691641678,0.000570823650660276,125.0,1.2374800661650633,24.09652751646933,0.9892292996343026,,,,,,0.0
2025-07-30 04:00:00+00:00,0.9932785706431193,0.00672142925755284,0.0,0.0,2.0,0.9399710776923077,0.0,34.4,0.012109228960076265,0.010867200419186885,0.12151581584716573,0.569128491058946,0.0005697311497506303,125.0,1.2860112366358423,24.09652751646933,0.9872123092867151,,,,,,0.0
2025-07-30 08:00:00+00:00,0.945959238399761,0.05404076150564299,0.0,0.0,2.0,0.9399710776923077,0.0,41.6,0.01232070737834198,0.011071403663591205,0.025280166796975614,0.635713341279889,0.0005726863232922755,125.0,1.3253542797958549,23.53349630253603,0.9833435079947953,,,,,,0.0
2025-07-30 12:00:00+00:00,0.9808079835476751,0.019192016354244112,0.0,0.0,2.0,0.9399710776923077,0.0,43.2,0.012344758530494533,0.0110304474839992,0.21320000000000078,0.7751108335637289,0.0005679120226391825,125.0,1.3529709346541918,23.139002410724082,0.9883796819249439,,,,,,0.0
2025-07-30 16:00:00+00:00,0.6751598694155687,0.32484013051691524,0.0,0.0,2.0,0.9399710776923077,0.0,36.4,0.012185644806033732,0.010961134016932704,0.20622763513089568,0.8185936046376713,0.0005694115927962125,125.0,1.4205005009175207,22.878128327675274,0.9913628296518677,,,,,,0.0
2025-07-30 20:00:00+00:00,0.7577882242347298,0.24221177568949137,0.0,0.0,2.0,0.9399710776923077,0.0,37.6,0.012229857207926685,0.011108690029851948,0.03752902424536853,0.8288150295549532,0.0005680170597513239,125.0,1.4635077853668172,22.65520591636345,0.9921904630271929,,,,,,0.0
2025-07-31 00:00:00+00:00,0.7273247505630456,0.272675249364222,0.0,0.0,2.0,0.9399710776923077,0.0,45.6,0.012382530749904256,0.011295442739679626,0.22775862068965338,0.6066013656931013,0.0005675634379464805,125.0,1.5098336691253715,22.444728468692034,0.9917542195335877,,,,,,0.0
2025-07-31 04:00:00+00:00,0.9725060327895624,0.02749396711318687,0.0,0.0,2.0,0.9399710776923077,0.0,35.6,0.012145723142575659,0.01095134468007795,0.5874659097233785,0.5963293117225917,0.0005648629402835013,125.0,1.5571755286547533,22.202454408628007,0.9930065421425072,,,,,,0.0
2025-07-31 08:00:00+00:00,0.9938895249827412,0.006110474917869903,0.0,0.0,2.0,0.9399710776923077,0.0,31.2,0.011941022704530027,0.01073897932289097,0.24793438272721532,0.5679372437360573,0.0005653952089226765,125.0,1.6058744323551197,22.068985129375438,0.9934331864032994,,,,,,0.0
2025-07-31 12:00:00+00:00,0.7958359957111499,0.2041640042092665,0.0,0.0,2.0,0.9399710776923077,0.0,28.4,0.011739350258501471,0.010912848129014474,0.15205166750181198,0.542253017770639,0.0005672533528003187,125.0,1.649653215045829,21.851271143419645,0.9874684364409615,,,,,,0.0
2025-07-31 16:00:00+00:00,0.984734223035209,0.015265776866317641,0.0,0.0,2.0,0.9399710776923077,0.0,31.6,0.01192549512465238,0.011066740090957879,0.4038783015713818,0.5239445654271563,0.0005661600776344916,125.0,1.6848850038473466,21.412765633383444,0.983557548444592,,,,,,0.0
2025-07-31 20:00:00+00:00,0.6714054827958817,0.3285945171369777,0.0,0.0,2.0,0.9399710776923077,0.0,34.0,0.011996545597423004,0.0110426601634816,0.9977076672498033,0.5934940114748086,0.0005650807698826057,125.0,1.7658108249490743,20.98870519673644,0.9887551740512225,,,,,,0.0
2025-08-01 00:00:00+00:00,0.8435467468989698,0.15645325301667543,0.0,0.0,2.0,0.9399710776923077,0.0,13.600000000000001,0.010979082730421433,0.010716024801982612,0.9198794132993233,0.5447025977830301,0.000561792264960421,125.0,1.8195679930036528,20.98870519673644,0.9896068864055035,,,,,,0.0
2025-08-01 04:00:00+00:00,0.8344017806084133,0.16559821930814642,0.0,0.0,2.0,0.9399710776923077,0.0,16.0,0.011135098768586286,0.011013031949599746,0.9315909315909329,0.479418094800493,0.0005655635243597589,125.0,1.8738992637459118,21.373263071850634,0.9690375394636066,,,,,,0.0
2025-08-01 08:00:00+00:00,0.8608559639304264,0.1391440359834881,0.0,0.0,2.0,0.9399710776923077,0.0,7.6,0.010461242905107674,0.010689835843159605,0.9129668115120617,0.45319131280360764,0.0005606060261622269,125.0,1.9323813862734893,22.459035967198986,0.9691543088144875,,,,,,0.0
2025-08-01 12:00:00+00:00,0.937743354530028,0.06225664537619772,0.0,0.0,2.0,0.9399710776923077,0.0,4.8,0.009848352193751374,0.010518076773815397,0.8980224321133433,0.42635094014402836,0.0005610601437174863,125.0,2.0009399496829325,23.030893968069037,0.9838003111635213,,,,,,0.0
2025-08-01 16:00:00+00:00,0.5904957754957284,0.4095042244452221,0.0,0.0,2.0,0.9399710776923077,0.0,9.2,0.010688280513800101,0.012178606221266321,0.9283306539438897,0.4406687582821646,0.0005728797925206855,125.0,2.073949588286726,23.358732741831624,0.9846825032520089,,,,,,0.0
2025-08-01 20:00:00+00:00,0.8057440110695612,0.19425598884986447,0.0,0.0,2.0,0.9399710776923077,0.0,6.4,0.01007151940968534,0.012006939318089733,1.0,0.5181567038818629,0.0005606781990430993,125.0,2.1496052497782125,23.90122047884247,0.9849746911926864,,,,,,0.0
2025-08-02 00:00:00+00:00,0.9930948461770303,0.006905153723660278,0.0,0.0,2.0,0.9399710776923077,0.0,8.0,0.01024498025611751,0.011983770357747647,0.5986796728741747,0.5338965954283791,0.0005600435279341854,125.0,2.2226340205898536,23.90279816295375,0.9936241964678795,,,,,,0.0
2025-08-02 04:00:00+00:00,0.9676267937807161,0.032373206122521155,0.0,0.0,2.0,0.9399710776923077,0.0,8.0,0.010240954196824198,0.011637344549325732,0.6022849331120009,0.534630621714234,0.0005579413992634134,125.0,2.296203141119088,23.90279816295375,0.9815820778762476,,,,,,0.0
2025-08-02 08:00:00+00:00,0.9888972569215227,0.01110274297958741,0.0,0.0,2.0,0.9399710776923077,0.0,8.4,0.010243112541941423,0.011307704590865008,0.5690403131943708,0.504163212908764,0.000557357526517806,125.0,2.368585608885323,23.179473842261576,0.9731776483540876,,,,,,0.0
2025-08-02 12:00:00+00:00,0.9917412546875534,0.008258745213272658,0.0,0.0,2.0,0.9399710776923077,0.0,9.2,0.01042750804822379,0.011501417266917764,0.42443298240655747,0.5660399089161025,0.0005605234183565554,125.0,2.448942069230768,22.38210420821446,0.9776193340623055,,,,,,0.0
2025-08-02 16:00:00+00:00,0.904767356027171,0.09523264388235222,0.0,0.0,2.0,0.9399710776923077,0.0,14.399999999999999,0.01084896021426312,0.012413895932888814,0.5632874068514451,0.45623846156481507,0.0005652811586488107,125.0,2.52922403814346,21.965217439081815,0.9906417124771469,,,,,,0.0
2025-08-02 20:00:00+00:00,0.9935092188750027,0.00649078102564636,0.0,0.0,2.0,0.9399710776923077,0.0,15.2,0.010884893566016655,0.012062317616496666,0.8588640275387246,0.4555718750445519,0.0005560707603126346,125.0,2.5955862046154192,21.965217439081815,0.9955667678326265,,,,,,0.0
2025-08-03 00:00:00+00:00,0.5851626056380885,0.4148373943033952,0.0,0.0,2.0,0.9399710776923077,0.0,19.2,0.011061956685685168,0.012222328764564815,0.3844122873825849,0.47812477521066954,0.0005584818336029483,125.0,2.6556887120104924,22.14899027360849,0.9853610031552898,,,,,,0.0
2025-08-03 04:00:00+00:00,0.992661732847393,0.007338267053340845,0.0,0.0,2.0,0.9399710776923077,0.0,20.0,0.011097258256076936,0.011881949853422436,0.2655446941449149,0.5492800749061187,0.0005552382727036431,125.0,2.70949217486836,22.700201993334918,0.9740008974805768,,,,,,0.0
2025-08-03 08:00:00+00:00,0.8657180169683871,0.13428198294504107,0.0,0.0,2.0,0.9399710776923077,0.0,18.0,0.010981292378568656,0.011702684690435866,0.14534231200897896,0.5398176290585387,0.0005556717601587836,125.0,2.7602667011750976,23.588692537104837,0.9620052796980026,,,,,,0.0
2025-08-03 12:00:00+00:00,0.9598056303935474,0.04019436951047211,0.0,0.0,2.0,0.9399710776923077,0.0,17.2,0.010970601283362144,0.011362886736997512,0.8420577617328523,0.5779584646247204,0.0005546490227538453,125.0,2.799709502324173,24.895284530414703,0.9511944690823301,,,,,,0.0
2025-08-03 16:00:00+00:00,0.9989395412825698,0.0010604586175361858,0.0,0.0,2.0,0.9399710776923077,0.0,18.8,0.011019075609464048,0.011112111161623093,0.8546511627906977,0.6625444092860677,0.0005544627250894753,125.0,2.831510927886483,26.57199595263234,0.953183807810601,,,,,,0.0
2025-08-03 20:00:00+00:00,0.9972462410268556,0.0027537588734199247,0.0,0.0,2.0,0.9399710776923077,0.0,14.000000000000002,0.010812997757280616,0.010773614831672003,0.7451173247154673,0.6942839010337433,0.0005537511754913889,125.0,2.8561107870328355,27.924260248375347,0.9670321077048749,,,,,,0.0
2025-08-04 00:00:00+00:00,0.9361525960072055,0.06384740389917916,0.0,0.0,2.0,0.9399710776923077,0.0,24.4,0.011206314436069691,0.011246812917952542,0.8474476494827997,0.6982199730243043,0.0005575818350482091,125.0,2.879974928489491,28.79693292831714,0.9705020849192134,,,,,,0.0
2025-08-04 04:00:00+00:00,0.8602973470026986,0.13970265291127174,0.0,0.0,2.0,0.9399710776923077,0.0,22.8,0.01117285768434567,0.01090829434516265,0.7149234693877496,0.6310246424752258,0.0005533051561788862,125.0,2.8955668069063076,30.004087911497013,0.9658234109231313,,,,,,0.0
2025-08-04 08:00:00+00:00,0.9927285409894642,0.007271458911263124,0.0,0.0,2.0,0.9399710776923077,0.0,23.599999999999998,0.011181260637736447,0.010578491107650023,0.8948911695048994,0.6349682903512656,0.0005529193741771286,125.0,2.9071542573697924,31.310853180322624,0.9663390416688924,,,,,,0.0
2025-08-04 12:00:00+00:00,0.17756264556293286,0.8224373543548233,0.0,0.0,2.0,0.036786603295789685,0.0,35.199999999999996,0.011655084102321323,0.012036505555085111,0.9419640077215232,0.6874150284318522,0.0005624593392041807,125.0,2.9190801678609315,32.58476305451186,0.9715794737983564,,,,,,0.0
2025-08-04 16:00:00+00:00,0.4887088536766824,0.5112911462721885,0.0,0.0,2.0,0.036786603295789685,0.0,36.8,0.01170038107647499,0.011758738266451126,0.9522604773952245,0.7489659279600281,0.0005528469682636497,125.0,2.9246787671389836,33.449236182062464,0.9868166498367796,,,,,,0.0
2025-08-04 20:00:00+00:00,0.4340617136586601,0.5659382862847461,0.0,0.0,2.0,0.036786603295789685,0.0,40.8,0.011918078784120564,0.011896896471370476,0.9498555748122457,0.9207000993207863,0.0005547235499856326,125.0,2.9249905549931334,33.449236182062464,0.9877100570299236,,,,,,0.0
2025-08-05 00:00:00+00:00,0.8648807928936868,0.13511920701982513,0.0,0.0,2.0,0.9399710776923077,0.0,48.4,0.012245974237451293,0.012413499889638097,0.41946336950122026,0.8605933081061042,0.0005585389665517221,125.0,2.9283936912295,32.64753988919045,0.9773628485231303,,,,,,0.0
2025-08-05 04:00:00+00:00,0.24657382657562596,0.7534261733490315,0.0,0.0,2.0,0.036786603295789685,0.0,38.0,0.011761695942969365,0.012314375820288223,0.21151310971144072,0.8161551772645668,0.0005540098755407544,125.0,2.9257660512487553,31.646312008288557,0.9812406816844282,,,,,,0.0
2025-08-05 08:00:00+00:00,0.15709958664487,0.84290041327084,0.0,0.0,2.0,0.036786603295789685,0.0,42.4,0.011943928843340397,0.012620501814365168,0.10770378351498006,0.7050106825563979,0.0005554622291401757,125.0,2.9198766295078062,31.575506224284087,0.9941205435200107,,,,,,0.0
2025-08-05 12:00:00+00:00,0.2510525707874638,0.7489474291376416,0.0,0.0,2.0,0.036786603295789685,0.0,61.6,0.012450416765807954,0.014119124333639318,0.30776830925033943,0.6762681698291558,0.0005657024505035638,125.0,2.916967463694229,31.575506224284087,0.9883471408650398,,,,,,0.0
2025-08-05 16:00:00+00:00,0.9481703730150752,0.0518296268901078,0.0,0.0,2.0,0.9399710776923077,0.0,61.6,0.012447795113668548,0.013689507821427558,0.5440361621464007,0.6626553658691472,0.000551052534519755,125.0,2.907026976692575,32.119389769033624,0.9852528016866237,,,,,,0.0
2025-08-05 20:00:00+00:00,0.8974407130049183,0.10255928690533749,0.0,0.0,2.0,0.9399710776923077,0.0,62.4,0.012525297387126667,0.01355028818005978,0.16391504626798795,0.5927040309711106,0.0005525766340518343,125.0,2.9019685619830144,32.65384635486199,0.9915903557944238,,,,,,0.0
2025-08-06 00:00:00+00:00,0.9311260079699986,0.06887399193688887,0.0,0.0,2.0,0.9399710776923077,0.0,62.4,0.012509210326914317,0.013276879491377009,0.12663941406915463,0.5075502019985069,0.00055165179730489,125.0,2.8916243720447734,32.65384635486199,0.990238796404036,,,,,,0.0
2025-08-06 04:00:00+00:00,0.7925680668188304,0.20743193310191285,0.0,0.0,2.0,0.9399710776923077,0.0,65.2,0.012784950071403869,0.013428800998885371,0.14835069444444368,0.7247547867624565,0.00055388049497616,125.0,2.8801095410438107,32.026238680020086,0.9881847432529245,,,,,,0.0
2025-08-06 08:00:00+00:00,0.9495943726715815,0.050405627233459066,0.0,0.0,2.0,0.9399710776923077,0.0,64.4,0.012645739509193071,0.013091212987892162,0.33920283920283695,0.6978465774091015,0.0005504603796550877,125.0,2.8658811653457876,31.745421031025256,0.9929167514514223,,,,,,0.0
2025-08-06 12:00:00+00:00,0.9884005171913414,0.011599482709818509,0.0,0.0,2.0,0.9399710776923077,0.0,65.2,0.012689161946543502,0.013040655870114715,0.48850969412013223,0.6045728779971296,0.0005518276130256348,125.0,2.854747656450561,31.475417524670043,0.9871448661649713,,,,,,0.0
2025-08-06 16:00:00+00:00,0.9357584024803611,0.06424159742606289,0.0,0.0,2.0,0.9399710776923077,0.0,64.4,0.012643069062148671,0.012709973285303617,0.4262858497274222,0.6395103703496744,0.0005498020806391384,125.0,2.8507630491919844,30.788493019915613,0.978187418362898,,,,,,0.0
2025-08-06 20:00:00+00:00,0.9948835031976149,0.005116496702896721,0.0,0.0,2.0,0.9399710776923077,0.0,62.4,0.012456632167632122,0.012322928315021776,0.7009398629072121,0.607488498523245,0.0005491548806352369,125.0,2.838201398805965,29.84188835598061,0.9706320058301522,,,,,,0.0
2025-08-07 00:00:00+00:00,0.9439181042276147,0.05608189567799353,0.0,0.0,2.0,0.9399710776923077,0.0,50.8,0.012272270059197612,0.01207446236744181,0.14971243709561247,0.5893671456880036,0.000549778473976026,125.0,2.8249226914288696,28.65220274929554,0.9634438130605767,,,,,,0.0
2025-08-07 04:00:00+00:00,0.9924567543614848,0.007543245539269365,0.0,0.0,2.0,0.9399710776923077,0.0,62.8,0.012454700276489945,0.012099830785673832,0.6047598189516707,0.6191547178118882,0.0005510945567290027,125.0,2.8180245803464326,27.2836763144645,0.9586517526169378,,,,,,0.0
2025-08-07 08:00:00+00:00,0.12937596374643856,0.8706240361664991,0.0,0.0,2.0,0.036786603295789685,0.0,76.4,0.013486447281747225,0.014264263286181711,0.7506792539719074,0.5668963407088695,0.0005660527058720692,125.0,2.806700942746807,25.889750910329926,0.9578898178249189,,,,,,0.0
2025-08-07 12:00:00+00:00,0.7470076847640554,0.25299231516124376,0.0,0.0,2.0,0.9399710776923077,0.0,76.4,0.013326636184192654,0.013843025274245658,0.7386561112183807,0.7001498308193165,0.0005484426504769718,125.0,2.7925631592461535,24.610073770316152,0.9594801185251626,,,,,,0.0
2025-08-07 16:00:00+00:00,0.6025515418074717,0.3974484581322731,0.0,0.0,2.0,0.9399710776923077,0.0,75.6,0.013200665101097192,0.013559303685707551,0.7789237857716526,0.6549119262483661,0.0005489576391708336,125.0,2.777022678027346,23.44424304754569,0.9609123851225918,,,,,,0.0
2025-08-07 20:00:00+00:00,0.4175626160224618,0.5824373839192944,0.0,0.0,2.0,0.036786603295789685,0.0,75.2,0.013165480019437608,0.013421597044542677,1.0,0.61165418273479,0.000549607567704017,125.0,2.762289872856142,22.36323795546798,0.9625760447254696,,,,,,0.0
2025-08-08 00:00:00+00:00,0.5950646796509101,0.40493532028958334,0.0,0.0,2.0,0.9399710776923077,0.0,76.0,0.013200411535261464,0.013143741654468636,1.0,0.5579800878233451,0.0005484573046225732,125.0,2.7530833794605005,21.391840224216928,0.9660467447180883,,,,,,0.0
2025-08-08 04:00:00+00:00,0.7932788101123553,0.20672118980831686,0.0,0.0,2.0,0.9399710776923077,0.0,71.6,0.012999461117801162,0.01282504485630804,0.6581587488934788,0.6061802474362082,0.0005481922885981823,125.0,2.7389124571319634,20.58208018996649,0.9728179125081634,,,,,,0.0
2025-08-08 08:00:00+00:00,0.9992670074084656,0.0007329924916077563,0.0,0.0,2.0,0.9399710776923077,0.0,71.6,0.012987613463842192,0.012434655175326804,0.6364919987449,0.5591737845203412,0.0005472573477502637,125.0,2.7243557678696817,20.0235288948497,0.9841303005979567,,,,,,0.0
2025-08-08 12:00:00+00:00,0.871684388399489,0.12831561151334264,0.0,0.0,2.0,0.9399710776923077,0.0,71.2,0.012958578659494456,0.012270548172927422,0.6538174211863133,0.5924522118659569,0.0005482553370627393,125.0,2.7110573911560296,20.0235288948497,0.9941457181488644,,,,,,0.0
2025-08-08 16:00:00+00:00,0.49159665196071894,0.5084033479884407,0.0,0.0,2.0,0.036786603295789685,0.0,66.4,0.012649577547832337,0.013576601937253385,0.7658768251402002,0.5663829946100563,0.0005578434429808559,125.0,2.6969235031963947,20.10658301325583,0.9839363061365698,,,,,,0.0
2025-08-08 20:00:00+00:00,0.9660936624132267,0.0339063374901638,0.0,0.0,2.0,0.9399710776923077,0.0,68.0,0.012750833284603484,0.013521462057376204,0.32387555879938057,0.6844542754535863,0.0005497223666785554,125.0,2.681601923777129,20.61089139852804,0.9827891148017496,,,,,,0.0
2025-08-09 00:00:00+00:00,0.9839913977943845,0.016008602107216267,0.0,0.0,2.0,0.9399710776923077,0.0,68.0,0.012727606718537676,0.01333629244840773,0.5689078830448965,0.706146919462107,0.0005478924469906505,125.0,2.666477669352033,20.969345152602923,0.9872508074709369,,,,,,0.0
2025-08-09 04:00:00+00:00,0.12387314947236709,0.8761268504400201,0.0,0.0,2.0,0.036786603295789685,0.0,79.60000000000001,0.01330495518384064,0.014787456653032733,0.713248332348224,0.6779662515774677,0.0005595423484434903,125.0,2.6517916829737804,21.264043349143012,0.985106303269569,,,,,,0.0
2025-08-09 08:00:00+00:00,0.27995834967995625,0.7200416502480395,0.0,0.0,2.0,0.036786603295789685,0.0,79.60000000000001,0.013257628918801494,0.014383336890676078,0.698820468856241,0.6916126286019727,0.0005464453109787172,125.0,2.6355524664872325,21.74021809171409,0.9716480987231603,,,,,,0.0
2025-08-09 12:00:00+00:00,0.9731025126645307,0.02689748723815901,0.0,0.0,2.0,0.9399710776923077,0.0,71.2,0.012933769050410252,0.013985176766717851,0.5914995990376931,0.6983962199907193,0.0005461682667234079,125.0,2.6184599066612466,22.754288639350676,0.9549659954153071,,,,,,0.0
2025-08-09 16:00:00+00:00,0.9669573600380189,0.033042639865285287,0.0,0.0,2.0,0.9399710776923077,0.0,50.0,0.01225073057458488,0.013854108462913097,1.0,0.7229959299905423,0.000547569586563506,125.0,2.600950309341302,24.25255015805741,0.943931768777958,,,,,,0.0
2025-08-09 20:00:00+00:00,0.520194845158131,0.4798051547898495,0.0,0.0,2.0,0.9399710776923077,0.0,51.2,0.012269604554491902,0.013432802015329091,1.0,0.760180344999949,0.0005455492389546415,125.0,2.5823739245101582,26.094950021652437,0.9414131955790616,,,,,,0.0
2025-08-10 00:00:00+00:00,0.5141287143621901,0.48587128558639703,0.0,0.0,2.0,0.9399710776923077,0.0,51.6,0.012271716379471378,0.01306465412353665,0.6654247391952322,0.6904943158939378,0.0005457815107029853,125.0,2.5649154884841243,28.00020964711031,0.9457190633011684,,,,,,0.0
2025-08-10 04:00:00+00:00,0.9942702733810672,0.005729726519505653,0.0,0.0,2.0,0.9399710776923077,0.0,66.0,0.012596812468056889,0.013089843713715838,0.0348217376254803,0.8914371269907945,0.0005485027354135972,125.0,2.5454426200136964,29.813414969646452,0.9525477973169292,,,,,,0.0
2025-08-10 08:00:00+00:00,0.988464607557417,0.011535392343736559,0.0,0.0,2.0,0.9399710776923077,0.0,66.4,0.012613149962689347,0.012694799672275894,0.2158382732938164,0.8304855549157029,0.0005449967076739981,125.0,2.5288605209391157,31.457607634529158,0.9597956210944082,,,,,,0.0
2025-08-10 12:00:00+00:00,0.9805119657116919,0.0194880341902568,0.0,0.0,2.0,0.9399710776923077,0.0,64.8,0.012584204334891755,0.012496111336783994,0.339193035325633,0.6692947275770977,0.0005457239970754659,125.0,2.510113164358669,32.90269279902736,0.9695884795769528,,,,,,0.0
2025-08-10 16:00:00+00:00,0.9952423991421797,0.004757600758296042,0.0,0.0,2.0,0.9399710776923077,0.0,65.2,0.012589725623378931,0.012248276609868533,0.08036196650459534,0.6369199790059725,0.0005451726245390601,125.0,2.4919597258910198,33.757206642657025,0.9870118547337622,,,,,,0.0
2025-08-10 20:00:00+00:00,0.9951677338596971,0.0048322660407861436,0.0,0.0,2.0,0.9399710776923077,0.0,64.4,0.012585699957008334,0.011875489833687957,0.05793909940010652,0.7343931257813524,0.0005443034645790595,125.0,2.4717914708988604,33.757206642657025,0.9875903234731455,,,,,,0.0
2025-08-11 00:00:00+00:00,0.9083530308337029,0.09164696907546177,0.0,0.0,2.0,0.9399710776923077,0.0,62.8,0.01251792933601908,0.011999035735335756,0.9215891270256147,0.7570633669329876,0.0005467300863257137,125.0,2.4514827866522175,32.94375441059535,0.9791662175896102,,,,,,0.0
2025-08-11 04:00:00+00:00,0.9817017525937047,0.018298247308125192,0.0,0.0,2.0,0.9399710776923077,0.0,66.4,0.012640486308226536,0.0118023256226346,0.5738226299694196,0.6487460580660378,0.0005452804803993123,125.0,2.4306478961829834,32.0771995176136,0.9849391004481453,,,,,,0.0
2025-08-11 08:00:00+00:00,0.5728878802983149,0.42711211964439627,0.0,0.0,2.0,0.9399710776923077,0.0,79.2,0.013233932013234372,0.012560829345849555,0.1510351535361936,0.5800541449491091,0.000551793146342143,125.0,2.4095165868082886,32.01518625243115,0.9963317010646592,,,,,,0.0
2025-08-11 12:00:00+00:00,0.03495669018067256,0.965043309722823,0.0,0.0,2.0,0.036786603295789685,0.0,82.0,0.013631664257794171,0.014775489613867349,0.24736523319200518,0.8285017149836125,0.0005617093590490068,125.0,2.388445261891569,31.90292684277863,0.9972875576358448,,,,,,0.0
2025-08-11 16:00:00+00:00,0.26830131616797825,0.7316986837588519,0.0,0.0,2.0,0.036786603295789685,0.0,83.6,0.013996520852792686,0.014892581705447746,0.021901095054750984,0.7886458660922322,0.0005487149757246156,125.0,2.3688622523307803,31.90292684277863,0.9876967437408005,,,,,,0.0
2025-08-11 20:00:00+00:00,0.576124938230119,0.42387506171226846,0.0,0.0,2.0,0.9399710776923077,0.0,83.6,0.014020381393000967,0.014589767368862541,0.2292152704135739,0.6858478056217862,0.0005448220770068188,125.0,2.345595048031784,31.13783140277056,0.9745190023576494,,,,,,0.0
2025-08-12 00:00:00+00:00,0.9162717295935059,0.08372827031486696,0.0,0.0,2.0,0.9399710776923077,0.0,82.0,0.013702830701908971,0.014601757297079812,0.027809993830967432,0.6741896991796306,0.0005461223523351509,125.0,2.322559279758247,29.980868010369967,0.9683772908049755,,,,,,0.0
2025-08-12 04:00:00+00:00,0.7381141791022818,0.2618858208239066,0.0,0.0,2.0,0.9399710776923077,0.0,79.60000000000001,0.013518046854681356,0.01425994639637656,0.3779563985427624,0.7194878736281962,0.0005434283468021891,125.0,2.2998386179229056,28.81574379401652,0.9697087915604187,,,,,,0.0
2025-08-12 08:00:00+00:00,0.9292721193556356,0.07072788055143724,0.0,0.0,2.0,0.9399710776923077,0.0,78.8,0.013457309094880136,0.01389792599208508,0.1754004525890761,0.6862473703434305,0.0005434810686695704,125.0,2.2746929431681147,27.84090925956361,0.9749605909412358,,,,,,0.0
2025-08-12 12:00:00+00:00,0.04326529639099069,0.9567347035133358,0.0,0.0,2.0,0.036786603295789685,0.0,81.6,0.01368748790996849,0.016874859752499725,0.6359302845225735,0.6330488826740219,0.0005694349588835425,125.0,2.249812515348277,27.10894040562497,0.9805642056072434,,,,,,0.0
2025-08-12 16:00:00+00:00,0.6736152699846271,0.32638472994801143,0.0,0.0,2.0,0.9399710776923077,0.0,81.2,0.013682133137198632,0.016537204261174523,0.8551888714277438,0.5727889702049093,0.0005435605313151949,125.0,2.223954366177267,26.55147356221159,0.9806497707883278,,,,,,0.0
2025-08-12 20:00:00+00:00,0.15033984085497828,0.8496601590600557,0.0,0.0,2.0,0.036786603295789685,0.0,82.39999999999999,0.013755851678214517,0.0165222898372348,0.8597796376137782,0.705024920721465,0.0005457122881671569,125.0,2.1991418300517176,25.85520041103638,0.9767575406732962,,,,,,0.0
2025-08-13 00:00:00+00:00,0.30971154568825904,0.6902884542427121,0.0,0.0,2.0,0.036786603295789685,0.0,78.8,0.013620739545276163,0.016292878747786337,0.8693688963561942,0.7047024676594587,0.0005437610266489157,125.0,2.171702362810462,25.081625411758317,0.9748746947211232,,,,,,0.0
2025-08-13 04:00:00+00:00,0.4991052161293166,0.5008947838205939,0.0,0.0,2.0,0.036786603295789685,0.0,80.0,0.013635785126055072,0.015835843230708396,0.8881052129182778,0.6451946596754838,0.0005425625177393038,125.0,2.146090832451703,24.311502863875024,0.9762056013566041,,,,,,0.0
2025-08-13 08:00:00+00:00,0.41243629552077915,0.5875637044204645,0.0,0.0,2.0,0.036786603295789685,0.0,77.60000000000001,0.013574674515833902,0.015730422826457827,0.8380597874055008,0.6057594361289145,0.0005439954853843073,125.0,2.118076648608159,23.664035195225757,0.9780720333063462,,,,,,0.0
2025-08-13 12:00:00+00:00,0.9784453138960015,0.02155468600615403,0.0,0.0,2.0,0.9399710776923077,0.0,80.0,0.013652439486317603,0.015305443524638182,0.620881400946135,0.7494649863966998,0.0005423444419301322,125.0,2.0903388186086387,23.040103629810822,0.9781691877196937,,,,,,0.0
2025-08-13 16:00:00+00:00,0.9060409081179946,0.09395909179140133,0.0,0.0,2.0,0.9399710776923077,0.0,82.0,0.013738390742284676,0.015330893923774737,0.6205507330647488,0.7547544019542963,0.0005443233270358853,125.0,2.061407417973506,22.43173595076943,0.9855654318238167,,,,,,0.0
2025-08-13 20:00:00+00:00,0.989119953274902,0.010880046626186088,0.0,0.0,2.0,0.9399710776923077,0.0,81.2,0.013717524588754151,0.014872203716159644,0.5298960584542528,0.6397309769742551,0.0005410546626741234,125.0,2.0293749054101227,22.287880652068008,0.9932609592997231,,,,,,0.0
2025-08-14 00:00:00+00:00,0.9752487655240281,0.0247512343784472,0.0,0.0,2.0,0.9399710776923077,0.0,76.0,0.013558749543451197,0.014483386472892804,0.7538677214239224,0.6466288207046894,0.0005410010540313127,125.0,1.9952395546888164,22.066953254682687,0.9860523024220927,,,,,,0.0
2025-08-14 04:00:00+00:00,0.8982863329938576,0.1017136669163137,0.0,0.0,2.0,0.9399710776923077,0.0,78.8,0.013642987461520364,0.014105077884074967,0.3714178918514831,0.7187406467990506,0.0005415227238098256,125.0,1.961953323353545,21.55616363779643,0.9810041788225178,,,,,,0.0
2025-08-14 08:00:00+00:00,0.9453751170976649,0.054624882807797766,0.0,0.0,2.0,0.9399710776923077,0.0,69.6,0.013071570877589297,0.01376313921843166,0.3267040318206487,0.7478208574347589,0.0005415206106435896,125.0,1.9278400846973378,21.06371488523309,0.9855093015913057,,,,,,0.0
2025-08-14 12:00:00+00:00,0.21541291392062076,0.7845870860009205,0.0,0.0,2.0,0.036786603295789685,0.0,80.80000000000001,0.013703290335902079,0.014365346234936082,0.6262474791871397,0.7111940472678916,0.0005494812332123721,125.0,1.8944891256151521,20.921007640618846,0.9952126488557634,,,,,,0.0
2025-08-14 16:00:00+00:00,0.7516529916615617,0.2483470082632729,0.0,0.0,2.0,0.9399710776923077,0.0,86.4,0.014112697327884734,0.014595589609210372,0.8002940178672405,0.6830741079623887,0.0005464011633598408,125.0,1.8554983495790394,20.921007640618846,0.9892267178291986,,,,,,0.0
2025-08-14 20:00:00+00:00,0.9484329820813895,0.05156701782376734,0.0,0.0,2.0,0.9399710776923077,0.0,85.2,0.0140684899420107,0.01415964957039419,0.9258064516129044,0.8362036695088232,0.0005397538431209011,125.0,1.810801844204786,21.34261679898548,0.9812672768201164,,,,,,0.0
2025-08-15 00:00:00+00:00,0.694222714444645,0.30577728548593275,0.0,0.0,2.0,0.9399710776923077,0.0,89.2,0.01425767899482598,0.014498855007807617,0.3759612277867529,0.7962905682236591,0.0005444801971223987,125.0,1.7772287392253954,21.899289587622278,0.9789137554287048,,,,,,0.0
2025-08-15 04:00:00+00:00,0.9712075632272102,0.02879243667566901,0.0,0.0,2.0,0.9399710776923077,0.0,86.4,0.014179640640727185,0.014061792726877317,0.27778165816861133,0.8113975659317881,0.0005393430553532125,125.0,1.7304902717135255,22.47398942397546,0.977484092949634,,,,,,0.0
2025-08-15 08:00:00+00:00,0.9770730365652198,0.02292696333707293,0.0,0.0,2.0,0.9399710776923077,0.0,86.4,0.01419453874913759,0.013638516233523445,0.077027238164679,0.8035669886003213,0.0005393077732443497,125.0,1.6871869042674916,23.13934843659555,0.9720833128470749,,,,,,0.0
2025-08-15 12:00:00+00:00,0.671007339576316,0.32899266035658314,0.0,0.0,2.0,0.9399710776923077,0.0,100.0,0.016048422364775904,0.017209209575384674,0.34169478576431,0.9213281092882496,0.0005761134302917783,125.0,1.6482444112324113,24.055400554843274,0.9623970519118372,,,,,,0.0
2025-08-15 16:00:00+00:00,0.6784219522406199,0.321578047691538,0.0,0.0,2.0,0.9399710776923077,0.0,99.6,0.015720958668832715,0.016894219644321033,0.46569864723065196,0.825571968554187,0.0005415002298677727,125.0,1.5969714740845429,25.355765020217206,0.9555818258545737,,,,,,0.0
2025-08-15 20:00:00+00:00,0.7950752075561767,0.20492479236431588,0.0,0.0,2.0,0.9399710776923077,0.0,99.2,0.015639566919000494,0.016673542251008602,0.6082775789637486,0.6942480183714447,0.000541018649796767,125.0,1.549430087838648,26.818453132407186,0.9643043768533884,,,,,,0.0
2025-08-16 00:00:00+00:00,0.8883308241283,0.11166917578286693,0.0,0.0,2.0,0.9399710776923077,0.0,98.8,0.015603626168521945,0.016169215232419855,0.6500888653300501,0.7287366795183063,0.0005388257216286619,125.0,1.4954838216450475,27.58234730115339,0.9861749634088098,,,,,,0.0
2025-08-16 04:00:00+00:00,0.9089638907491463,0.09103610915995732,0.0,0.0,2.0,0.9399710776923077,0.0,96.8,0.015007675332118699,0.015709856791042847,0.5506984585741846,0.845493168111031,0.0005386439017956398,125.0,1.4384541828332877,27.58234730115339,0.9920044339154046,,,,,,0.0
2025-08-16 08:00:00+00:00,0.20532060162775662,0.7946793982927755,0.0,0.0,2.0,0.036786603295789685,0.0,96.8,0.015197760869676653,0.015634065630046035,0.22299161763940437,0.7825417725223737,0.0005424603851630937,125.0,1.37816688853562,27.557028899098206,0.992890037375228,,,,,,0.0
2025-08-16 12:00:00+00:00,0.996934348960179,0.003065650940127581,0.0,0.0,2.0,0.9399710776923077,0.0,96.39999999999999,0.015191597009829978,0.015172828912130265,0.10829978915085356,0.7025082479794046,0.0005382434664538266,125.0,1.3135978138812563,27.557028899098206,0.9782045720703075,,,,,,0.0
2025-08-16 16:00:00+00:00,0.9982327074553474,0.0017672924448292784,0.0,0.0,2.0,0.9399710776923077,0.0,96.0,0.015108581932429432,0.014745723897326228,0.17573715248525715,0.6458832082560387,0.000538170452505802,125.0,1.243830865039509,28.592934211134,0.9665632279289236,,,,,,0.0
2025-08-16 20:00:00+00:00,0.9982654530726941,0.001734546827479412,0.0,0.0,2.0,0.9399710776923077,0.0,95.6,0.015108508037006418,0.014298161461616563,0.09233015545821645,0.8108668639031504,0.0005378754761756924,125.0,1.1684385814010803,29.901045800450348,0.9634878290877024,,,,,,0.0
2025-08-17 00:00:00+00:00,0.9901932324093284,0.009806767491652258,0.0,0.0,2.0,0.9399710776923077,0.0,96.0,0.015113447352566313,0.013962620285439853,0.007414344806062074,0.776481619945714,0.0005382333366601942,125.0,1.0870051352314856,31.268724589494184,0.9775514554046448,,,,,,0.0
2025-08-17 04:00:00+00:00,0.8599177738764653,0.14008222603754306,0.0,0.0,2.0,0.9399710776923077,0.0,94.39999999999999,0.014938079488141841,0.013560916722259644,1.0,0.7238031221090064,0.0005376580828967249,125.0,0.9967572885135574,31.268724589494184,0.9933808262913221,,,,,,0.0
2025-08-17 08:00:00+00:00,0.8913843908176755,0.10861560909318613,0.0,0.0,2.0,0.9399710776923077,0.0,96.0,0.015164252646622313,0.013928160662574133,1.0,0.6674967596215479,0.0005425744732791405,125.0,0.9010022186438075,30.955007629617448,0.9850566713671388,,,,,,0.0
2025-08-17 12:00:00+00:00,0.9834375005082205,0.016562499393435674,0.0,0.0,2.0,0.9399710776923077,0.0,95.6,0.01512626171595306,0.013514557987451629,1.0,0.7424806787681012,0.0005374989563371307,125.0,0.7906621954914956,30.326884529172766,0.980353577911793,,,,,,0.0
2025-08-17 16:00:00+00:00,0.27424124855049486,0.7257587513769292,0.0,0.0,2.0,0.036786603295789685,0.0,98.4,0.015562289200329506,0.014227263444315661,0.15464600853390786,0.7059712573414819,0.0005470394109903554,125.0,0.6633562208432788,29.503092513867045,0.9751242848604232,,,,,,0.0
2025-08-17 20:00:00+00:00,0.35381719695527886,0.6461828029801029,0.0,0.0,2.0,0.036786603295789685,0.0,98.4,0.015564186845024584,0.013812588371268742,0.09019572874403517,0.6963482012563678,0.0005378528313795541,125.0,0.5194387225586181,28.534086921317474,0.9736846385509536,,,,,,0.0
2025-08-18 00:00:00+00:00,0.21986123692999907,0.780138762991987,0.0,0.0,2.0,0.036786603295789685,0.0,100.0,0.016382311837416036,0.0158541263219685,0.4049454344522728,0.6895989497024004,0.0005599867564537025,125.0,0.3407383336668069,27.662573606188133,0.9777011799775417,,,,,,0.0
2025-08-18 04:00:00+00:00,0.1804596224925263,0.8195403774255197,0.0,0.0,2.0,0.036786603295789685,0.0,100.0,0.01649546469503477,0.015792306406172824,0.864365994659156,0.7746505156593831,0.0005454115802888952,125.0,0.12366083762558543,27.02490631828571,0.9844742691887546,,,,,,0.0
2025-08-18 08:00:00+00:00,0.9999999998981786,1.8214695367800302e-12,0.0,0.0,2.0,0.98347107517244,0.0,99.2,0.016166953276052255,0.015345622883272897,0.8222285960131949,0.7460295094430536,0.0005785182730816433,125.0,0.5605640244862468,26.642139497094213,0.989136298816992,,,,,,0.0
2025-08-18 12:00:00+00:00,0.8189003035933193,0.18109969632479067,0.0,0.0,2.0,0.98347107517244,0.0,96.39999999999999,0.015481032380057968,0.015405881612783572,0.36074211971097664,0.7193380334786473,0.0005825979205452303,125.0,0.7050992863635934,26.316199980140098,0.9872661153540725,,,,,,0.0
2025-08-18 16:00:00+00:00,0.8696294854514514,0.13037051446158568,0.0,0.0,2.0,0.98347107517244,0.0,94.8,0.015257021928028145,0.014947474604272652,0.37361447318129754,0.6701088635986997,0.0005774926605011406,125.0,0.8105930686815348,25.828333131466337,0.9811192332714894,,,,,,0.0
2025-08-18 20:00:00+00:00,0.5578142705494166,0.442185729394802,0.0,0.0,2.0,0.98347107517244,0.0,94.8,0.015273347559047091,0.01468199768774522,0.03294649881983039,0.8437766942360526,0.0005776569755421143,125.0,0.8946338085957495,25.13106370494288,0.9760570645597297,,,,,,0.0
2025-08-19 00:00:00+00:00,0.9961304794941285,0.0038695204062584583,0.0,0.0,2.0,0.98347107517244,0.0,96.39999999999999,0.015491463582563973,0.015230469996296748,0.16050542132672913,0.7380754722433249,0.0005830625259428835,125.0,0.9600623176207016,24.35662981554647,0.9745979724588563,,,,,,0.0
2025-08-19 04:00:00+00:00,0.9997923082637619,0.00020769163625891453,0.0,0.0,2.0,0.98347107517244,0.0,95.6,0.015460973840373817,0.014792691209940131,0.17403696666091048,0.6360782313486593,0.0005735454669385668,125.0,1.0296465412429474,23.61498348042868,0.9750885104404603,,,,,,0.0
2025-08-19 08:00:00+00:00,0.9959625269618766,0.004037472938527147,0.0,0.0,2.0,0.98347107517244,0.0,98.0,0.01568089993017638,0.014968413560649475,0.1522420954479964,0.67583795811081,0.0005768462537093235,125.0,1.0913648486666512,22.91498655112534,0.9724258254197472,,,,,,0.0
2025-08-19 12:00:00+00:00,0.8169627241827332,0.18303727573557052,0.0,0.0,2.0,0.98347107517244,0.0,88.8,0.014832419698260933,0.016003061571048142,0.4756403524126264,0.7306628728328397,0.0005855848291873763,125.0,1.1623639364880916,22.072637529901403,0.9656604865704979,,,,,,0.0
2025-08-19 16:00:00+00:00,0.9739217324894155,0.026078267413192423,0.0,0.0,2.0,0.98347107517244,0.0,88.4,0.01480277805944156,0.015781120041885133,0.486721114855217,0.7391684819685842,0.0005736115624208993,125.0,1.2156858553834964,21.065432074314877,0.9630372841528213,,,,,,0.0
2025-08-19 20:00:00+00:00,0.9599242991389275,0.04007570076507996,0.0,0.0,2.0,0.98347107517244,0.0,87.6,0.01467339132203387,0.01581873308255492,0.44392537821365663,0.6978071413671083,0.0005747054280275595,125.0,1.2675673056301042,20.16317149322154,0.9695887315949624,,,,,,0.0
2025-08-20 00:00:00+00:00,0.8122659314685059,0.18773406845026744,0.0,0.0,2.0,0.98347107517244,0.0,88.0,0.014776216243260235,0.01582022755851356,0.2508911581035071,0.6072404357998898,0.0005727654546624729,125.0,1.3157736817253718,19.56617918055076,0.9797753384516462,,,,,,0.0
2025-08-20 04:00:00+00:00,0.35435999475903734,0.6456400051763986,0.0,0.0,2.0,0.3333333370240879,0.0,88.8,0.014918233595746734,0.015561930914539548,0.360382418094906,0.7637936607134339,0.000569393458448732,125.0,1.3548879580133593,19.199164401220596,0.987093485184489,,,,,,0.0
2025-08-20 08:00:00+00:00,0.9820252511356848,0.017974748766112724,0.0,0.0,2.0,0.98347107517244,0.0,87.2,0.01471371378089233,0.015098799211704293,0.01343618870003849,0.6653207652492819,0.0005669697466299288,125.0,1.4002170464503587,18.962509521629833,0.9921410093909957,,,,,,0.0
2025-08-20 12:00:00+00:00,0.9991636247615714,0.0008363751385123185,0.0,0.0,2.0,0.98347107517244,0.0,88.8,0.014934687076440745,0.015046487187271166,0.4543907971484132,0.6435835595477668,0.0005694474049007102,125.0,1.4597401729993211,18.839311589201312,0.9961367313971914,,,,,,0.0
2025-08-20 16:00:00+00:00,0.9990349232660951,0.0009650766340013731,0.0,0.0,2.0,0.98347107517244,0.0,90.8,0.015115352560057378,0.015479595628927914,1.0,0.6207595912860899,0.0005726183880305539,125.0,1.5089789412243362,18.802942342715056,0.998873184609474,,,,,,0.0
2025-08-20 20:00:00+00:00,0.9999787973258886,2.1202574113538744e-05,0.0,0.0,2.0,0.98347107517244,0.0,89.2,0.015101438023018174,0.015018278812259827,0.908626138687489,0.711905121947212,0.000565385891768074,125.0,1.5586001583253175,18.802942342715056,0.9987363870388721,,,,,,0.0
2025-08-21 00:00:00+00:00,0.9999239892300714,7.601066993628436e-05,0.0,0.0,2.0,0.98347107517244,0.0,88.8,0.015092206689686001,0.014745779330699,0.5192662285471127,0.6645616942788961,0.0005663369840293007,125.0,1.6124856464144428,18.844958837633367,0.9979448588380047,,,,,,0.0
2025-08-21 04:00:00+00:00,0.9999574957284507,4.250417155343994e-05,0.0,0.0,2.0,0.98347107517244,0.0,90.4,0.015114590620259776,0.014324386340633927,0.5321831147918099,0.6018124859968735,0.0005638966353151114,125.0,1.6638306210530764,18.897627122554603,0.993228291038786,,,,,,0.0
2025-08-21 08:00:00+00:00,0.9998617246502493,0.00013827524976459666,0.0,0.0,2.0,0.98347107517244,0.0,90.8,0.015123123159990568,0.01400862979988083,0.124208526804559,0.6520287574549721,0.0005641836149399953,125.0,1.7151390894852823,19.13981788464086,0.9844073849132685,,,,,,0.0
2025-08-21 12:00:00+00:00,0.9992453625259989,0.0007546373740765301,0.0,0.0,2.0,0.98347107517244,0.0,86.0,0.01484473278595929,0.01373965299726831,0.7674384090234484,0.8672021399299435,0.0005638722161098318,125.0,1.774760521685714,19.61882165391755,0.9820264958596884,,,,,,0.0
2025-08-21 16:00:00+00:00,0.9999863040158709,1.3695884130394497e-05,0.0,0.0,2.0,0.98347107517244,0.0,82.8,0.014639820555558396,0.013365846309518158,0.7820735692928165,0.7767204782348839,0.0005624859361808239,125.0,1.8520549402310813,20.000281986107026,0.9886693014177728,,,,,,0.0
2025-08-21 20:00:00+00:00,0.9999828444252314,1.715547477036531e-05,0.0,0.0,2.0,0.98347107517244,0.0,82.0,0.014631835597490922,0.012959030840399883,0.6680386713889135,0.734105014704888,0.0005612031452634548,125.0,1.919909021810383,20.059373409899976,0.9967958482444322,,,,,,0.0
2025-08-22 00:00:00+00:00,0.9999606120053256,3.9387894678371645e-05,0.0,0.0,2.0,0.98347107517244,0.0,77.60000000000001,0.014439622136720455,0.012934017764708238,0.22649211711711928,0.7359067187340391,0.0005624307537407829,125.0,1.9883277640258332,20.059373409899976,0.9902493703090886,,,,,,0.0
2025-08-22 04:00:00+00:00,0.9999571105405901,4.2889359414174965e-05,0.0,0.0,2.0,0.98347107517244,0.0,80.80000000000001,0.014576669953933868,0.012846816464194367,0.30816660374983895,0.7561134120758711,0.0005613218350640213,125.0,2.0682851262632105,19.70332606826703,0.9821900672458153,,,,,,0.0
2025-08-22 08:00:00+00:00,0.9998983899443004,0.0001016099557096322,0.0,0.0,2.0,0.98347107517244,0.0,83.2,0.014670228223115549,0.012819889088961528,0.18062574527284345,0.7166179613987764,0.0005621440702873058,125.0,2.1481870171259567,19.205769664896565,0.9788431560739355,,,,,,0.0
2025-08-22 12:00:00+00:00,0.7372675291314003,0.262732470794873,0.0,0.0,2.0,0.98347107517244,0.0,100.0,0.017683090221055464,0.022553350780771905,0.7862531097022728,0.6905776436550579,0.000658625197884679,125.0,2.2541306530683354,18.70801974734642,0.979861956490243,,,,,,0.0
2025-08-22 16:00:00+00:00,0.979956734416885,0.020043265485119408,0.0,0.0,2.0,0.98347107517244,0.0,100.0,0.01890179512018121,0.02462034514735269,0.8509721639390136,0.6195059652067626,0.0005925497816398961,125.0,2.357010421376018,18.282697527148827,0.9820991385210389,,,,,,0.0
2025-08-22 20:00:00+00:00,0.9948169430316958,0.005183056868822488,0.0,0.0,2.0,0.98347107517244,0.0,99.6,0.01883399949763783,0.0238704640387029,0.8342856281376732,0.7008268705865827,0.0005602727902225908,125.0,2.4383913976201894,17.906141823517867,0.9824849137175581,,,,,,0.0
2025-08-23 00:00:00+00:00,0.9949367606606088,0.005063239239897511,0.0,0.0,2.0,0.98347107517244,0.0,100.0,0.019410936461938016,0.02417593100397127,0.4911756864836051,0.5824772092257922,0.0005752880580827673,125.0,2.521275125744576,17.514730240244823,0.9809251667888979,,,,,,0.0
2025-08-23 04:00:00+00:00,0.9957182970823026,0.00428170281812561,0.0,0.0,2.0,0.98347107517244,0.0,99.6,0.019410061785999667,0.023458969754371558,0.615299660287148,0.6077754659479728,0.0005588770763821002,125.0,2.5920342158983423,17.08857751381823,0.9801658903096566,,,,,,0.0
2025-08-23 08:00:00+00:00,0.9944085665957993,0.005591433304759886,0.0,0.0,2.0,0.98347107517244,0.0,99.2,0.019258008981265742,0.022749405632528082,0.23391156906221466,0.6797418385564422,0.0005584030110281414,125.0,2.6557276235906992,16.684250358162778,0.981596966481813,,,,,,0.0
2025-08-23 12:00:00+00:00,0.8918486111974173,0.10815138871339794,0.0,0.0,2.0,0.98347107517244,0.0,99.2,0.019296790767488456,0.02218244945523099,0.39323497319607353,0.6562501557363379,0.0005582338080032598,125.0,2.712655389242736,16.33634134015476,0.9845922327566481,,,,,,0.0
2025-08-23 16:00:00+00:00,0.9999815140135395,1.8485886462260276e-05,0.0,0.0,2.0,0.98347107517244,0.0,98.8,0.019293315467436026,0.021510230181501104,0.33976370684880974,0.5855623796843469,0.0005569307236919626,125.0,2.7658788641531076,16.06842062034933,0.990620438622194,,,,,,0.0
2025-08-23 20:00:00+00:00,0.9999398543285795,6.014557142645808e-05,0.0,0.0,2.0,0.98347107517244,0.0,98.8,0.01929670896498591,0.020881553866748358,0.8173561062296376,0.6094484732192301,0.0005564257596830677,125.0,2.805541621906188,15.999811444719061,0.9976481934787267,,,,,,0.0
2025-08-24 00:00:00+00:00,0.9999985576263309,1.4422736692620824e-06,0.0,0.0,2.0,0.98347107517244,0.0,98.0,0.019280898693265002,0.02025255904287226,0.801948399528958,0.6072225161005922,0.0005559209974566576,125.0,2.8396009465048095,15.999811444719061,0.9992734327079559,,,,,,0.0
2025-08-24 04:00:00+00:00,0.9999905955317365,9.404368264333726e-06,0.0,0.0,2.0,0.98347107517244,0.0,99.2,0.019318951448066196,0.019696259915986104,0.4731314545772745,0.7461378787015761,0.0005567337956908873,125.0,2.865595478938797,16.00851721228925,0.99682365990609,,,,,,0.0
2025-08-24 08:00:00+00:00,0.9999911574423094,8.842457691571864e-06,0.0,0.0,2.0,0.98347107517244,0.0,96.8,0.01913333786347664,0.01910577059778859,0.04004975124378399,0.6711704601546046,0.0005554804549711201,125.0,2.884657165814314,16.11197981049811,0.9895862000118433,,,,,,0.0
2025-08-24 12:00:00+00:00,0.9999911736484143,8.826251586468914e-06,0.0,0.0,2.0,0.98347107517244,0.0,96.8,0.019189338797518506,0.01870308849487385,0.320990661794556,0.6329873674102898,0.0005557973292794517,125.0,2.89823005786227,16.406166707232558,0.9823620223855419,,,,,,0.0
2025-08-24 16:00:00+00:00,0.999999436747645,5.63152355101017e-07,0.0,0.0,2.0,0.98347107517244,0.0,95.19999999999999,0.018816937604010413,0.01814937659229043,0.28900603690162074,0.6871762890339472,0.0005543772880450188,125.0,2.907278506721266,16.819183880873883,0.9802521365539012,,,,,,0.0
2025-08-24 20:00:00+00:00,0.9999990468064379,9.530935621261088e-07,0.0,0.0,2.0,0.98347107517244,0.0,95.6,0.018863481313335193,0.017676706872639527,0.06740931162525314,0.6697304913867862,0.0005554012301381573,125.0,2.9129935668004587,17.219509808898156,0.9821940940857753,,,,,,0.0
2025-08-25 00:00:00+00:00,0.9999956729260209,4.326973979620698e-06,0.0,0.0,2.0,0.98347107517244,0.0,94.39999999999999,0.018095200044182042,0.01735346526645398,0.19778869778869645,0.6430668438720788,0.0005566353922531874,125.0,2.9171645665633394,17.568902435978437,0.9839990129889525,,,,,,0.0
2025-08-25 04:00:00+00:00,0.9996913194854645,0.00030868041456628075,0.0,0.0,2.0,0.98347107517244,0.0,94.39999999999999,0.018553751626035713,0.018279350475558263,0.5448684439797858,0.6433581803818631,0.0005694447029145978,125.0,2.9193145208329376,17.907948738788747,0.9837036832211572,,,,,,0.0
2025-08-25 08:00:00+00:00,0.9998624121174707,0.00013758778254292488,0.0,0.0,2.0,0.98347107517244,0.0,94.0,0.018549906190828705,0.017728146849927063,0.8092400620357527,0.6217316518309576,0.0005533174397786291,125.0,2.9155769244138487,18.28391943782979,0.9814539228109426,,,,,,0.0
2025-08-25 12:00:00+00:00,0.9999010213306853,9.897856932462114e-05,0.0,0.0,2.0,0.98347107517244,0.0,93.60000000000001,0.01840735146845098,0.0172005485696256,0.8290972107608511,0.7260952738975301,0.0005530500665731787,125.0,2.9137919710353,18.738509531813584,0.9787752296118244,,,,,,0.0
2025-08-25 16:00:00+00:00,0.49975573194474043,0.5002442680052351,0.0,0.0,2.0,0.3333333370240879,0.0,100.0,0.01961030633688526,0.019651148530345094,0.8967056535075685,0.6356993491133188,0.0005852110578443211,125.0,2.9118025859196157,19.258533928547795,0.9783600048431798,,,,,,0.0
2025-08-25 20:00:00+00:00,0.9100364715857403,0.08996352832325599,0.0,0.0,2.0,0.98347107517244,0.0,100.0,0.01961682266269982,0.019213136103414942,0.8945062781753812,0.6567911403695055,0.0005549994183478629,125.0,2.9041385962379245,19.758936010742854,0.9776378342319275,,,,,,0.0
2025-08-26 00:00:00+00:00,0.35541987739130404,0.6445801225442379,0.0,0.0,2.0,0.3333333370240879,0.0,98.0,0.01930901054312923,0.01868538915915342,0.6681506607306906,0.710349786510711,0.000552848964685561,125.0,2.896240082749004,20.341310248141745,0.9671675417079094,,,,,,0.0
2025-08-26 04:00:00+00:00,0.7798099885264435,0.22019001139557556,0.0,0.0,2.0,0.98347107517244,0.0,98.4,0.019320678451753222,0.01817647182243544,0.5670472650026546,0.6808872962394044,0.0005525477182089706,125.0,2.8858522528271604,21.385511737912967,0.9519913550886053,,,,,,0.0
2025-08-26 08:00:00+00:00,0.9273827098538987,0.07261729005336308,0.0,0.0,2.0,0.98347107517244,0.0,94.8,0.019146158927841255,0.01762296292340075,0.6358067180616755,0.6332915000709772,0.0005519906586883555,125.0,2.875260896914233,22.860810123225487,0.9409601027154946,,,,,,0.0
2025-08-26 12:00:00+00:00,0.1171898760797499,0.8828101238319691,0.0,0.0,2.0,0.3333333370240879,0.0,93.2,0.01884861685815006,0.017792566054554412,0.5138185654008433,0.6796391728429475,0.0005573958451664098,125.0,2.8694881908331076,24.702511767267254,0.9476264945908979,,,,,,0.0
2025-08-26 16:00:00+00:00,0.9998790852606715,0.00012091463934057435,0.0,0.0,2.0,0.98347107517244,0.0,93.60000000000001,0.01886781294314358,0.017749002682395102,0.9857251874130256,0.707819273625979,0.0005553476130284861,125.0,2.8587234856793047,25.98981893148128,0.973282862468903,,,,,,0.0
2025-08-26 20:00:00+00:00,0.9999864064493537,1.3593450647685186e-05,0.0,0.0,2.0,0.98347107517244,0.0,91.60000000000001,0.01863301013731523,0.017210080890332272,0.984192474026941,0.7929582669898575,0.0005513171889918864,125.0,2.8471670321050655,26.02108922449841,0.9950202222135165,,,,,,0.0
2025-08-27 00:00:00+00:00,0.9999827426661618,1.7257233839921724e-05,0.0,0.0,2.0,0.98347107517244,0.0,90.4,0.01852264798370052,0.01668635812522699,0.9820430289683195,0.7125069793662129,0.0005510763745602581,125.0,2.8353653280713615,26.02108922449841,0.9861145866515443,,,,,,0.0
2025-08-27 04:00:00+00:00,0.9999161733586431,8.382654136529574e-05,0.0,0.0,2.0,0.98347107517244,0.0,90.0,0.01851063641460248,0.016222446738876555,0.7729063541771936,0.7171728010063845,0.0005515243177774085,125.0,2.8245687316242694,25.420967251908813,0.9778109592005294,,,,,,0.0
2025-08-27 08:00:00+00:00,0.9998078510471614,0.00019214885285782067,0.0,0.0,2.0,0.98347107517244,0.0,90.0,0.01852042004048764,0.015797884761505645,0.6673572062740495,0.8182148752178137,0.0005509213682206675,125.0,2.8130872026091316,24.646265912382916,0.9754337017024007,,,,,,0.0
2025-08-27 12:00:00+00:00,0.9999771539843826,2.28459156196626e-05,0.0,0.0,2.0,0.98347107517244,0.0,89.2,0.018471584795251024,0.015533840692819913,0.5775627172789685,0.7404321388921321,0.0005516806904704185,125.0,2.8020651726162553,23.937048819315265,0.9789377016168778,,,,,,0.0
2025-08-27 16:00:00+00:00,0.9998026918086703,0.00019730809134950645,0.0,0.0,2.0,0.98347107517244,0.0,90.4,0.01853015540984718,0.015835685578867373,0.18188383369441924,0.7039865869580525,0.0005577236348125304,125.0,2.790027610193483,23.412739608840724,0.9840295464724453,,,,,,0.0
2025-08-27 20:00:00+00:00,0.9998692660568073,0.0001307338432057691,0.0,0.0,2.0,0.98347107517244,0.0,91.60000000000001,0.018650126102280704,0.015673987598689085,0.38542876597107995,0.7294833507544641,0.0005532780146110788,125.0,2.7768212103983476,23.022683855960018,0.9850383041919824,,,,,,0.0
2025-08-28 00:00:00+00:00,0.9995117991933743,0.0004882007066744705,0.0,0.0,2.0,0.98347107517244,0.0,90.8,0.018603971152874443,0.01531123299348984,0.14981087380124541,0.7453176672123686,0.0005504323141625607,125.0,2.7631156203433407,22.570514237323806,0.9804885989579646,,,,,,0.0
2025-08-28 04:00:00+00:00,0.9971636470884246,0.0028363528118590135,0.0,0.0,2.0,0.98347107517244,0.0,91.60000000000001,0.01867580179538204,0.015139556870451137,0.03994747390973616,0.796110539746687,0.0005514441185120495,125.0,2.7483955601116827,21.9509850725602,0.9753584461827894,,,,,,0.0
2025-08-28 08:00:00+00:00,0.9984658333324317,0.0015341665677216254,0.0,0.0,2.0,0.98347107517244,0.0,90.4,0.018624437622919175,0.014678768029431292,0.2580711664536345,0.7710384620057359,0.0005494144356292439,125.0,2.7396934957527224,21.24812125496566,0.9737055745703531,,,,,,0.0
2025-08-28 12:00:00+00:00,0.9958748327539081,0.004125167146504472,0.0,0.0,2.0,0.98347107517244,0.0,92.80000000000001,0.01885971227337492,0.015046554861080908,0.25376353004603147,0.7208671220505717,0.0005563867345892325,125.0,2.726437386426734,20.581815467547514,0.9748081525069623,,,,,,0.0
2025-08-28 16:00:00+00:00,0.9969598941790963,0.0030401057212078044,0.0,0.0,2.0,0.98347107517244,0.0,94.0,0.01900399979360901,0.015028160301212469,0.2761866452131929,0.8085366645953718,0.0005529893279417131,125.0,2.713057289050613,19.97730527070345,0.9767689966828182,,,,,,0.0
2025-08-28 20:00:00+00:00,0.9987383885893117,0.0012616113108143286,0.0,0.0,2.0,0.98347107517244,0.0,94.39999999999999,0.01914602860871416,0.01510774491653401,0.10551257927381592,0.7021714217108388,0.0005527070068731622,125.0,2.6996106176845043,19.44441770199817,0.9798239377433668,,,,,,0.0
2025-08-29 00:00:00+00:00,0.9986881979450933,0.0013118019550378219,0.0,0.0,2.0,0.98347107517244,0.0,93.60000000000001,0.019090249386566262,0.014694345707183289,0.42373952900268824,0.6421155624737451,0.0005491453743439617,125.0,2.684614585742021,19.016522294579957,0.9835675830615943,,,,,,0.0
2025-08-29 04:00:00+00:00,0.9942378710183225,0.005762128882253724,0.0,0.0,2.0,0.98347107517244,0.0,99.2,0.019420295131376063,0.015457576719362235,0.5943593024226076,0.6632174236139428,0.0005588159236661617,125.0,2.6702647917300046,18.679562696579936,0.98595367902294,,,,,,0.0
2025-08-29 08:00:00+00:00,0.9990626902363919,0.000937309663701796,0.0,0.0,2.0,0.98347107517244,0.0,98.0,0.019361394850878965,0.015112118190442026,0.519393639808864,0.6773526383121977,0.0005494073380372092,125.0,2.6538264991007896,18.373721436488445,0.9870621707600777,,,,,,0.0
2025-08-29 12:00:00+00:00,0.9997280278501759,0.00027197204985127994,0.0,0.0,2.0,0.98347107517244,0.0,76.0,0.01515402376714255,0.014753421523710113,0.4561253030020517,0.6928969744161255,0.0005488960397524176,125.0,2.6365977445636504,18.09721597303677,0.9892279330166028,,,,,,0.0
2025-08-29 16:00:00+00:00,0.9993713708740103,0.0006286290260526048,0.0,0.0,2.0,0.98347107517244,0.0,43.6,0.013202350444459571,0.01437333532197654,0.7736894703370599,0.6216969503045349,0.0005482834729830372,125.0,2.622901025033482,17.897595606162763,0.9934226631402765,,,,,,0.0
2025-08-29 20:00:00+00:00,0.9999249241722571,7.50757277505241e-05,0.0,0.0,2.0,0.98347107517244,0.0,44.4,0.01324422176569752,0.013980337732868426,0.5900768949102908,0.6833927099775333,0.0005478717786445394,125.0,2.606337028425616,17.885446441000063,0.997999638389413,,,,,,0.0
2025-08-30 00:00:00+00:00,0.9999177760701645,8.222382984367667e-05,0.0,0.0,2.0,0.98347107517244,0.0,30.0,0.012585738741269769,0.01356153919079388,0.23934092067266563,0.7506896142634213,0.000547402664076438,125.0,2.5884230789120886,17.885446441000063,0.9959540296788237,,,,,,0.0
2025-08-30 04:00:00+00:00,0.9999872382172569,1.2761682744320308e-05,0.0,0.0,2.0,0.98347107517244,0.0,35.199999999999996,0.012715865739389858,0.013430953548123788,0.41918388977212667,0.6774516175053361,0.0005491144887542551,125.0,2.5757268194680702,17.99245786436648,0.9947592152769288,,,,,,0.0
2025-08-30 08:00:00+00:00,0.9999989004747173,1.0994252826665946e-06,0.0,0.0,2.0,0.98347107517244,0.0,35.6,0.012716116698802288,0.013033407094041044,0.6827648114901371,0.6049290089390049,0.0005470791200254755,125.0,2.5584048598349494,18.11628792243155,0.9909596265472242,,,,,,0.0
2025-08-30 12:00:00+00:00,0.9999988833921301,1.1165078701077352e-06,0.0,0.0,2.0,0.98347107517244,0.0,31.2,0.012593391178204398,0.012668845911931511,0.3400837308928107,0.6601990665581559,0.0005470137332464614,125.0,2.540681128338191,18.385812433907763,0.9867262812912371,,,,,,0.0
2025-08-30 16:00:00+00:00,0.9999968328286116,3.1670713887499872e-06,0.0,0.0,2.0,0.98347107517244,0.0,30.8,0.01258854105272272,0.012341411795208328,0.060640951832659266,0.7215533830408298,0.0005469849940335349,125.0,2.523519371415112,18.71376299191688,0.9865378018074347,,,,,,0.0
2025-08-30 20:00:00+00:00,0.9999951319685202,4.8679314803641525e-06,0.0,0.0,2.0,0.98347107517244,0.0,31.6,0.01259115197773146,0.012016314376030771,0.1821862348178104,0.7427389660729087,0.0005466460205809067,125.0,2.505498396099027,19.002047020378512,0.9861182382467037,,,,,,0.0
2025-08-31 00:00:00+00:00,0.9995912459240525,0.00040875397598838395,0.0,0.0,2.0,0.98347107517244,0.0,48.0,0.013289076669745875,0.013239760657007894,0.4750635850934413,0.6885201473855422,0.0005567030226672089,125.0,2.4875618507863893,19.35944555765797,0.9833377226159751,,,,,,0.0
2025-08-31 04:00:00+00:00,0.9998051326580912,0.00019486724192835025,0.0,0.0,2.0,0.98347107517244,0.0,48.8,0.013309665015882986,0.01299533433695489,0.28296624026161393,0.6358299149293769,0.0005472663649087458,125.0,2.4704176414615957,19.792016314341396,0.9824768012516043,,,,,,0.0
2025-08-31 08:00:00+00:00,0.9998825532201544,0.00011744667985740103,0.0,0.0,2.0,0.98347107517244,0.0,49.6,0.013357207258907674,0.012678568687811963,0.4635828581938565,0.6724358047935795,0.0005462981643876627,125.0,2.4510648826418433,20.208699355891024,0.9849912084615032,,,,,,0.0
2025-08-31 12:00:00+00:00,0.9998790344100214,0.00012096548999064137,0.0,0.0,2.0,0.98347107517244,0.0,46.400000000000006,0.013233762989070485,0.01229999721528825,0.6378161144873571,0.6394940466517667,0.0005456337094425383,125.0,2.4315129068546213,20.53185229202741,0.9907883679457914,,,,,,0.0
2025-08-31 16:00:00+00:00,0.9998884388552907,0.00011156104472051272,0.0,0.0,2.0,0.98347107517244,0.0,46.400000000000006,0.013233510593791534,0.012032409744486645,0.38040170419963454,0.6234216745437117,0.0005461414746270276,125.0,2.410963251149418,20.651053679624408,0.9972162750457112,,,,,,0.0
2025-08-31 20:00:00+00:00,0.9996034335335421,0.00039656636649759724,0.0,0.0,2.0,0.98347107517244,0.0,50.4,0.01335379805587457,0.012187486039146777,0.5878684113978253,0.7026205713190996,0.0005486375076993085,125.0,2.3892955673429377,20.655949254814608,0.9970283232303453,,,,,,0.0
2025-09-01 00:00:00+00:00,0.9999737770550335,2.6222844969211025e-05,0.0,0.0,2.0,0.98347107517244,0.0,49.2,0.013293974223318,0.01183436612736139,0.34282616552222744,0.7397525543656602,0.000545015848087136,125.0,2.3674285608611236,20.78390373895494,0.9858677626305058,,,,,,0.0
2025-09-01 04:00:00+00:00,0.9999064222735803,9.357762642918152e-05,0.0,0.0,2.0,0.98347107517244,0.0,38.0,0.012762243358023598,0.011940083166088777,0.07786029241123246,0.8302222463212572,0.0005475243658631226,125.0,2.3434833324814255,21.33408808511558,0.9679248568623997,,,,,,0.0
2025-09-01 08:00:00+00:00,0.9998906518673875,0.00010934803262342489,0.0,0.0,2.0,0.98347107517244,0.0,41.6,0.012968065730574905,0.012211613353661189,0.3903519986363267,0.7625401521798002,0.0005486348531054095,125.0,2.3214265107773997,22.44359885504479,0.961324277325567,,,,,,0.0
2025-09-01 12:00:00+00:00,0.9999012701907982,9.87297092116689e-05,0.0,0.0,2.0,0.98347107517244,0.0,42.0,0.012986709786470306,0.011967591736336342,0.395401910235823,0.7209841764343218,0.000545127667480024,125.0,2.3053919502690667,23.456517281475637,0.9769786155445283,,,,,,0.0
2025-09-01 16:00:00+00:00,0.9999151862285215,8.481367148693149e-05,0.0,0.0,2.0,0.98347107517244,0.0,8.799999999999999,0.011247787603282404,0.011608730411357541,0.1304057066428866,0.7806327954306568,0.0005441103617033876,125.0,2.2836576058613716,23.456517281475637,0.9950553127200221,,,,,,0.0
2025-09-01 20:00:00+00:00,0.999978903620836,2.1096279166259245e-05,0.0,0.0,2.0,0.98347107517244,0.0,9.2,0.011297989038776133,0.011648503067939471,0.3999818889794436,0.6749289243049172,0.0005462467962742986,125.0,2.2597825541793766,23.394639112230774,0.9923288914855597,,,,,,0.0
2025-09-02 00:00:00+00:00,0.9997530125924998,0.0002469873075248536,0.0,0.0,2.0,0.98347107517244,0.0,9.6,0.011418490829610313,0.011672045831498765,0.44953354273123075,0.652747932264241,0.0005460952995908083,125.0,2.2351701997765248,23.245899257299342,0.9968205064957552,,,,,,0.0
2025-09-02 04:00:00+00:00,0.9999342790442204,6.572085578616042e-05,0.0,0.0,2.0,0.98347107517244,0.0,9.6,0.011383449253785692,0.011330956218275321,0.10065888185791769,0.7116240519786833,0.0005434852269981573,125.0,2.207189367957386,23.230360581557257,0.9926777991190786,,,,,,0.0
2025-09-02 08:00:00+00:00,0.9999802479171006,1.975198290124064e-05,0.0,0.0,2.0,0.98347107517244,0.0,10.4,0.01142702659404756,0.011109120024459565,0.0900330033003262,0.7380069388691485,0.0005437309435999608,125.0,2.1760990809174148,22.879288400098815,0.9800167081997428,,,,,,0.0
2025-09-02 12:00:00+00:00,0.9999676193220343,3.238057796889267e-05,0.0,0.0,2.0,0.98347107517244,0.0,6.800000000000001,0.011087096913114016,0.011181095840540198,0.36910174800444856,0.805787158504922,0.0005452075376567904,125.0,2.1605638488580565,22.15155975652572,0.9722958225285762,,,,,,0.0
2025-09-02 16:00:00+00:00,0.9999576873046371,4.2312595367097484e-05,0.0,0.0,2.0,0.98347107517244,0.0,3.5999999999999996,0.010716070523213894,0.010904621733882533,0.24502750740584006,0.7433264820914803,0.000543040468516603,125.0,2.1340365937355124,21.37735035456064,0.974434747764359,,,,,,0.0
2025-09-02 20:00:00+00:00,0.9999935078004563,6.4920995444119825e-06,0.0,0.0,2.0,0.98347107517244,0.0,5.2,0.010920598681941585,0.010981684382766052,0.24578065452785952,0.6178637157516139,0.0005452683223643867,125.0,2.1082886657081517,20.813998288356487,0.9799699809073882,,,,,,0.0
2025-09-03 00:00:00+00:00,0.9999722729021538,2.7726997848972818e-05,0.0,0.0,2.0,0.98347107517244,0.0,5.6000000000000005,0.010928151318323288,0.01065666230565737,0.2630481447408746,0.7201154889254187,0.0005425022156710371,125.0,2.081836449863163,20.356237694423264,0.9844042372637865,,,,,,0.0
2025-09-03 04:00:00+00:00,0.9999835421847164,1.645771528520578e-05,0.0,0.0,2.0,0.98347107517244,0.0,6.0,0.01093526479660575,0.010426651042072898,0.24131834827629894,0.6486012957358653,0.0005426121656663823,125.0,2.0530490345822985,20.038790798456166,0.9922268895562212,,,,,,0.0
2025-09-03 08:00:00+00:00,0.999950742030592,4.925786941278696e-05,0.0,0.0,2.0,0.98347107517244,0.0,9.6,0.011143100847740815,0.010693276340915853,0.4572966507177041,0.6326112551843228,0.000545672438175783,125.0,2.024962391490104,20.038790798456166,0.9943075248760376,,,,,,0.0
2025-09-03 12:00:00+00:00,0.9997970931881351,0.00020290671188522477,0.0,0.0,2.0,0.98347107517244,0.0,14.000000000000002,0.011685974891672078,0.011953024996981008,0.8053313383470471,0.5909528315051085,0.0005520681657062727,125.0,1.994498544797973,20.26669121346158,0.9866199553758973,,,,,,0.0
2025-09-03 16:00:00+00:00,0.9999680434442583,3.195645574482192e-05,0.0,0.0,2.0,0.98347107517244,0.0,11.600000000000001,0.011291681313669342,0.011591146208357758,0.7194583313109697,0.5989681179680034,0.0005417451108013667,125.0,1.9641440028014103,20.67158803379621,0.9848824533312995,,,,,,0.0
2025-09-03 20:00:00+00:00,0.9998914913527834,0.00010850854722745424,0.0,0.0,2.0,0.98347107517244,0.0,10.0,0.011150713724422372,0.01131893755617859,0.5194682714330625,0.6647886732728931,0.0005419595609724914,125.0,1.931313469314761,21.031158553132986,0.9856718122528512,,,,,,0.0
2025-09-04 00:00:00+00:00,0.9991640458542845,0.0008359540457990175,0.0,0.0,2.0,0.98347107517244,0.0,11.600000000000001,0.011215915650817823,0.011347234422114239,0.3530893821235749,0.6601964980035692,0.0005434601713787648,125.0,1.898031153008801,21.40985449963643,0.9751964863708891,,,,,,0.0
2025-09-04 04:00:00+00:00,0.9988149488781721,0.0011850510219463004,0.0,0.0,2.0,0.98347107517244,0.0,8.0,0.011057648011179186,0.011107019497330327,0.003617475187829263,0.7337716914947889,0.0005416985494365526,125.0,1.8632641061450936,22.30772965367535,0.966839403623571,,,,,,0.0
2025-09-04 08:00:00+00:00,0.9978875726153594,0.002112427284851843,0.0,0.0,2.0,0.98347107517244,0.0,10.4,0.011150443897438049,0.010950606128305824,0.5048678720445113,0.8118089650983067,0.0005421023631529031,125.0,1.8259370380834894,23.22225964049248,0.9758402937230723,,,,,,0.0
2025-09-04 12:00:00+00:00,0.9997867030560936,0.0002132968439276707,0.0,0.0,2.0,0.98347107517244,0.0,14.000000000000002,0.011304585550521988,0.012063355152020611,0.7050660701710815,0.6988851696621043,0.0005495324918371808,125.0,1.7911795909449346,23.642000370550466,0.986467583594967,,,,,,0.0
2025-09-04 16:00:00+00:00,0.9999804595744983,1.9540325503547845e-05,0.0,0.0,2.0,0.98347107517244,0.0,9.6,0.011134637915608939,0.011810828359013786,0.710085915550311,0.6047260076668443,0.000541248795469538,125.0,1.7542009698682288,24.00460681588968,0.990794610861475,,,,,,0.0
2025-09-04 20:00:00+00:00,0.999967437121771,3.256277823221485e-05,0.0,0.0,2.0,0.98347107517244,0.0,4.3999999999999995,0.01084310713191109,0.011518950120135523,0.4664251880746724,0.6373290546345906,0.0005409177558877689,125.0,1.7133367777543684,24.00460681588968,0.9927356916250012,,,,,,0.0
2025-09-05 00:00:00+00:00,0.999777846368821,0.00022215353120110315,0.0,0.0,2.0,0.98347107517244,0.0,5.6000000000000005,0.010901844459016864,0.01130449294922415,0.19329190276000882,0.7224391344826082,0.000541134125102705,125.0,1.6715020064677726,23.746412816995587,0.9788701529596968,,,,,,0.0
2025-09-05 04:00:00+00:00,0.9915225984275907,0.008477401473256985,0.0,0.0,2.0,0.98347107517244,0.0,4.0,0.010722240682756063,0.012030179733727999,0.03900787517480081,0.7032925135012602,0.0005469092727656547,125.0,1.6241885938321483,22.964402738183686,0.973647734823662,,,,,,0.0
2025-09-05 08:00:00+00:00,0.9977565121501931,0.002243487750031165,0.0,0.0,2.0,0.98347107517244,0.0,3.2,0.010645078669575373,0.011663734861621814,0.6624442880600536,0.7037366791190586,0.0005396583027460005,125.0,1.56634252149765,22.263064993882328,0.9743795561925879,,,,,,0.0
2025-09-05 12:00:00+00:00,0.9316278322965398,0.06837216761029732,0.0,0.0,2.0,0.98347107517244,0.0,17.599999999999998,0.011652562335974066,0.013632399666713528,0.023874020298333784,0.6616756869375848,0.0005556399363728929,125.0,1.5374155121770863,21.567129716877123,0.9710063557506278,,,,,,0.0
2025-09-05 16:00:00+00:00,0.8607310170394561,0.1392689828744709,0.0,0.0,2.0,0.98347107517244,0.0,19.6,0.011751841259473608,0.013502508526935263,0.10966891780596259,0.7241516218293648,0.0005417157997709462,125.0,1.48879289274482,20.73654132318996,0.9657991925651992,,,,,,0.0
2025-09-05 20:00:00+00:00,0.9205966405664149,0.07940335934152556,0.0,0.0,2.0,0.98347107517244,0.0,20.0,0.011756733234518956,0.013157516469964627,0.0702388594209261,0.6237558484719227,0.0005398058376531767,125.0,1.437093766188641,19.83250504360343,0.9626503718918781,,,,,,0.0
2025-09-06 00:00:00+00:00,0.9831262159437447,0.016873783957942593,0.0,0.0,2.0,0.98347107517244,0.0,20.8,0.011764630612348708,0.012776909017338186,0.43899336785681925,0.6403046606362149,0.0005393525754267632,125.0,1.3807452794200055,18.92230583712248,0.9618264957281282,,,,,,0.0
2025-09-06 04:00:00+00:00,0.9998156171711235,0.00018438272889494952,0.0,0.0,2.0,0.98347107517244,0.0,17.599999999999998,0.011628643501418208,0.012396017751730807,0.4623429123824562,0.636576820790424,0.0005390616715192349,125.0,1.319896544937301,18.061845901387375,0.9650129007667801,,,,,,0.0
2025-09-06 08:00:00+00:00,0.9998577617358587,0.00014223816415545642,0.0,0.0,2.0,0.98347107517244,0.0,18.0,0.011631246621484766,0.012038653113299753,0.1684491978609653,0.6154151442917325,0.000538988027683114,125.0,1.259299262287979,17.372654860336276,0.9731581273993378,,,,,,0.0
2025-09-06 12:00:00+00:00,0.9999990557099134,9.441900867253397e-07,0.0,0.0,2.0,0.98347107517244,0.0,19.2,0.011665780110900201,0.01180069335669504,0.7078184547869327,0.6822306879267286,0.0005394965716469854,125.0,1.1916528000960898,16.922713950702146,0.9809263758660554,,,,,,0.0
2025-09-06 16:00:00+00:00,0.9999921150593244,7.884840676445915e-06,0.0,0.0,2.0,0.98347107517244,0.0,18.8,0.0116535059791799,0.011468391783493676,0.6716844017648658,0.6788655667195016,0.000538731672607294,125.0,1.1191758965019374,16.582853368317508,0.9832956100285194,,,,,,0.0
2025-09-06 20:00:00+00:00,0.9999960724982725,3.927401727852405e-06,0.0,0.0,2.0,0.98347107517244,0.0,18.4,0.011649951667482079,0.011165647746261729,0.568107121119906,0.6082938061290134,0.0005388057245348396,125.0,1.040423366990678,16.244173729531482,0.9828996209969025,,,,,,0.0
2025-09-07 00:00:00+00:00,0.9999937713393029,6.2285606976344e-06,0.0,0.0,2.0,0.98347107517244,0.0,8.0,0.01093540151602538,0.010907748784611537,0.15668580803938256,0.6555304345669546,0.0005389204020678913,125.0,0.9548508254597678,15.902474756610422,0.982277619711563,,,,,,0.0
2025-09-07 04:00:00+00:00,0.999994421019809,5.578880191683996e-06,0.0,0.0,2.0,0.98347107517244,0.0,6.0,0.01087555440080884,0.010576114016123715,0.05817682088868466,0.5796886669032241,0.0005382449893074168,125.0,0.8577776852386909,15.55394486967968,0.98187823689902,,,,,,0.0
2025-09-07 08:00:00+00:00,0.9999957760302871,4.223869713341863e-06,0.0,0.0,2.0,0.98347107517244,0.0,6.0,0.01084906597937231,0.010293133297219533,0.5652173913043446,0.5569094915191387,0.0005385003043636957,125.0,0.7559581667241267,15.211963026669363,0.9825922050493542,,,,,,0.0
2025-09-07 12:00:00+00:00,0.9999958419660242,4.157933976075961e-06,0.0,0.0,2.0,0.98347107517244,0.0,5.6000000000000005,0.010844136279531924,0.010001386120099334,0.6124734231041804,0.5957353575480715,0.0005383156181017295,125.0,0.6294186845411087,14.90512115072079,0.9850078204836726,,,,,,0.0
2025-09-07 16:00:00+00:00,0.9999983449532928,1.654946707311311e-06,0.0,0.0,2.0,0.98347107517244,0.0,4.8,0.010809051689524805,0.009702423953542828,0.3346973572037498,0.6061470073230507,0.0005385295259841373,125.0,0.5021478800705022,14.665141873569802,0.988606499963006,,,,,,0.0
2025-09-07 20:00:00+00:00,0.9999893696589002,1.0630241100966833e-05,0.0,0.0,2.0,0.98347107517244,0.0,3.2,0.010609211086710823,0.00943387709799788,0.18351119481063563,0.701028667446643,0.0005392022802454519,125.0,0.32176042768622537,14.497292187594194,0.9924581746848997,,,,,,0.0
2025-09-08 00:00:00+00:00,0.9999870780464722,1.2921853528901904e-05,0.0,0.0,2.0,0.98347107517244,0.0,3.2,0.0106019447631768,0.009153190313894069,0.3276792598303714,0.7579105890802148,0.0005422430605798596,125.0,0.14465504207796778,14.400001085578019,0.9967687576444432,,,,,,0.0
2025-09-08 04:00:00+00:00,0.9999999998986349,1.3651984823814845e-12,0.0,0.0,2.0,0.9912586081942323,0.0,2.4,0.010385856768663158,0.00894849526758551,0.33641207815275564,0.6115873700971155,0.0005747715131265831,125.0,0.5816627082778032,14.400001085578019,0.9969545556553077,,,,,,0.0
2025-09-08 08:00:00+00:00,0.9721154892939394,0.027884510608849014,0.0,0.0,2.0,0.9912586081942323,0.0,1.2,0.010147774783983361,0.008755266150203011,0.20367253251721715,0.5999960574675383,0.000574158376865102,125.0,0.7178824271473992,14.491589621875255,0.993186485798177,,,,,,0.0
2025-09-08 12:00:00+00:00,0.9343475756990367,0.06565242420752843,0.0,0.0,2.0,0.9912586081942323,0.0,2.8000000000000003,0.010319635652918968,0.00912554276538337,0.6604408547871413,0.614953357722218,0.0005757464633970121,125.0,0.8246691648506026,14.6371781925222,0.9918928942472341,,,,,,0.0
2025-09-08 16:00:00+00:00,0.9687381195334004,0.03126188036972585,0.0,0.0,2.0,0.9912586081942323,0.0,6.0,0.010690891424697355,0.009900535249135192,0.06798637027421574,0.6822859536029613,0.0005766189873280453,125.0,0.9065631044447948,14.782255156749653,0.992803288782673,,,,,,0.0
2025-09-08 20:00:00+00:00,0.9675046445166157,0.032495355386633805,0.0,0.0,2.0,0.9912586081942323,0.0,4.3999999999999995,0.010536458268401546,0.009626222146218855,0.03144588382783367,0.610303373687343,0.000569473514937999,125.0,0.9672722902231847,14.89699584958802,0.9943222693231999,,,,,,0.0
2025-09-09 00:00:00+00:00,0.9643739428281823,0.03562605707538028,0.0,0.0,2.0,0.9912586081942323,0.0,3.2,0.01036224103618645,0.009333142122889895,0.08800650179960522,0.5622554698328299,0.0005685053750698418,125.0,1.044501704306338,14.98891015413669,0.9946696259135005,,,,,,0.0
2025-09-09 04:00:00+00:00,0.953829453368038,0.046170546536579135,0.0,0.0,2.0,0.9912586081942323,0.0,5.2,0.01055191469376073,0.009576465974874892,0.24128271998454737,0.6857782156682848,0.0005698335725376086,125.0,1.1035741393882614,15.09263412239245,0.9920595689633672,,,,,,0.0
2025-09-09 08:00:00+00:00,0.9604195639274878,0.03958043597647009,0.0,0.0,2.0,0.9912586081942323,0.0,4.8,0.010512669857415365,0.009321003270019777,0.1478035857310077,0.6448044666324209,0.0005661985739287794,125.0,1.1577459895673488,15.279093151464782,0.9889715987406572,,,,,,0.0
2025-09-09 12:00:00+00:00,0.9731265147404567,0.026873485162230613,0.0,0.0,2.0,0.9912586081942323,0.0,6.0,0.010586933437350158,0.009723195368525594,0.05872745831915699,0.6689228514714401,0.0005689432392956859,125.0,1.2202736483551977,15.50510732642908,0.9895412125172024,,,,,,0.0
2025-09-09 16:00:00+00:00,0.9908216515985824,0.009178348302335366,0.0,0.0,2.0,0.9912586081942323,0.0,6.0,0.010565847451648158,0.009443973131810028,0.07929240374609323,0.693963472891875,0.0005641831036497292,125.0,1.2684998131861918,15.674479968448546,0.9916376383761242,,,,,,0.0
2025-09-09 20:00:00+00:00,0.9794947416654498,0.02050525823660085,0.0,0.0,2.0,0.9912586081942323,0.0,4.0,0.010410915763903203,0.009200671111706162,0.02150943396226461,0.6298436116368764,0.0005633415213833587,125.0,1.3167132685642673,15.825885475674912,0.9925163887090878,,,,,,0.0
2025-09-10 00:00:00+00:00,0.9768213283237013,0.023178671578616607,0.0,0.0,2.0,0.9912586081942323,0.0,4.3999999999999995,0.010413927681733067,0.008940059412868415,0.36485656636547265,0.5557416693101994,0.0005624010557456944,125.0,1.3644677137356664,15.964410679290346,0.9929348120205355,,,,,,0.0
2025-09-10 04:00:00+00:00,0.9741703113707754,0.02582968853180759,0.0,0.0,2.0,0.9912586081942323,0.0,3.5999999999999996,0.010380097585772779,0.008682102914460059,0.16791424082802162,0.5690172348645083,0.0005617428460663475,125.0,1.417643872453723,16.102162428202544,0.9955706164736275,,,,,,0.0
2025-09-10 08:00:00+00:00,0.9920291770798538,0.007970822820943314,0.0,0.0,2.0,0.9912586081942323,0.0,1.2,0.010137736720609953,0.008418312244862329,1.0,0.6454001233332763,0.0005610313906605753,125.0,1.4712105206777069,16.102162428202544,0.9950283753959065,,,,,,0.0
2025-09-10 12:00:00+00:00,0.9753818115853343,0.024618188317127414,0.0,0.0,2.0,0.9912586081942323,0.0,0.4,0.009760527127726855,0.009154870197562816,1.0,0.6157183693907435,0.000565078805109563,125.0,1.521797679015293,15.945845630906213,0.9902634680028244,,,,,,0.0
2025-09-10 16:00:00+00:00,0.9267073654193634,0.07329263448796591,0.0,0.0,2.0,0.9912586081942323,0.0,2.4,0.010177885201265793,0.010031705100444321,0.06650218683414025,0.6839106300141107,0.000566199341105648,125.0,1.585330481486462,15.849440992576866,0.9948452657066899,,,,,,0.0
2025-09-10 20:00:00+00:00,0.9296682535967644,0.07033174631026884,0.0,0.0,2.0,0.9912586081942323,0.0,2.8000000000000003,0.010209370605211904,0.009850124728330866,0.14830920345833057,0.5627763081092876,0.0005602601246574558,125.0,1.645199654353077,15.849440992576866,0.9918337186980482,,,,,,0.0
2025-09-11 00:00:00+00:00,0.8956977943012303,0.10430220560919982,0.0,0.0,2.0,0.9912586081942323,0.0,3.5999999999999996,0.010241419908042124,0.010020102950693364,0.30869529108878097,0.5491979444122947,0.0005615074129658027,125.0,1.710976801358118,16.017965580404223,0.9943480962539213,,,,,,0.0
2025-09-11 04:00:00+00:00,0.8781488660448697,0.12185113386731539,0.0,0.0,2.0,0.9912586081942323,0.0,4.8,0.01027137072243879,0.009928840452484095,0.3965929684668366,0.6164850001012722,0.0005595526846067969,125.0,1.7809512024135068,16.017965580404223,0.9931972764814294,,,,,,0.0
2025-09-11 08:00:00+00:00,0.9235629220819688,0.07643707782567481,0.0,0.0,2.0,0.9912586081942323,0.0,2.8000000000000003,0.010206567541530634,0.009645324867159546,0.11534848769491123,0.5973744984473514,0.0005580553977295482,125.0,1.861899590693671,15.81009834424777,0.9851247910963197,,,,,,0.0
2025-09-11 12:00:00+00:00,0.9567283001244293,0.04327169977989786,0.0,0.0,2.0,0.9912586081942323,0.0,0.4,0.009533587822509244,0.009402522690338344,0.6118916717572774,0.5370823868216087,0.000557643086447402,125.0,1.9525388213029542,15.45046601402911,0.9784145348158435,,,,,,0.0
2025-09-11 16:00:00+00:00,0.9603167981721585,0.039683201731809704,0.0,0.0,2.0,0.9912586081942323,0.0,0.4,0.009468159839728455,0.00913994616755376,0.5656995290900808,0.5669133687369967,0.000556668172838315,125.0,2.0400100008253164,14.996655166150013,0.9800695147739943,,,,,,0.0
2025-09-11 20:00:00+00:00,0.9862190354755966,0.013780964425781517,0.0,0.0,2.0,0.9912586081942323,0.0,0.8,0.009506753860552221,0.00906422356904567,0.4896465548018537,0.6128082936418807,0.000556651197854985,125.0,2.125464957737255,14.722787000549033,0.9902768615747612,,,,,,0.0
2025-09-12 00:00:00+00:00,0.9760214468943268,0.02397855300807106,0.0,0.0,2.0,0.9912586081942323,0.0,1.6,0.009572915794454313,0.009152249015867413,0.5305033253961712,0.6243350686111461,0.0005565406589386475,125.0,2.2080518033177072,14.722787000549033,0.9953124020458521,,,,,,0.0
2025-09-12 04:00:00+00:00,0.9874595878840177,0.012540412017236437,0.0,0.0,2.0,0.9912586081942323,0.0,0.4,0.009096373523383725,0.008944794866184895,0.7318240522677139,0.4994337974374107,0.0005539931132964086,125.0,2.2714692223465183,14.833836696847648,0.9776673825399627,,,,,,0.0
2025-09-12 08:00:00+00:00,0.9918529475998196,0.008147052300995198,0.0,0.0,2.0,0.9912586081942323,0.0,0.8,0.009099939592880243,0.00867664809301655,0.9148257034859206,0.4267005552746255,0.000552254454703158,125.0,2.3055097146793555,15.445808823203457,0.958405509249284,,,,,,0.0
2025-09-12 12:00:00+00:00,0.9797266083003116,0.02027339160171581,0.0,0.0,2.0,0.9912586081942323,0.0,0.4,0.00761980635730693,0.008487470929614238,0.9207750605515963,0.4532500601166259,0.0005528936820458662,125.0,2.438956718657326,16.4065439714934,0.9451681484140159,,,,,,0.0
2025-09-12 16:00:00+00:00,0.8795431560364654,0.12045684387558028,0.0,0.0,2.0,0.9912586081942323,0.0,0.8,0.008329375854357115,0.010285940498427485,0.9515481651376091,0.4014449495939905,0.0005630398220570219,125.0,2.5356451140552547,17.65602172684237,0.936558425391918,,,,,,0.0
2025-09-12 20:00:00+00:00,0.9376525894317137,0.062347410474521095,0.0,0.0,2.0,0.9912586081942323,0.0,1.2,0.008390344338050361,0.010376720799652028,0.9533492822966454,0.4557147875048235,0.0005543416868053722,125.0,2.5979629314792874,19.15953554952036,0.9311026892730497,,,,,,0.0
2025-09-13 00:00:00+00:00,0.9741197116759045,0.02588028822668361,0.0,0.0,2.0,0.9912586081942323,0.0,1.6,0.00846180964683844,0.01031420690727968,0.9578378378378328,0.4425965720481272,0.0005532900869241162,125.0,2.663148248184019,20.89988990996821,0.9276984156589676,,,,,,0.0
2025-09-13 04:00:00+00:00,0.9498766079669602,0.050123391938052236,0.0,0.0,2.0,0.9912586081942323,0.0,2.0,0.008634381346171024,0.01026839985171003,0.6787051231772948,0.4894791737932844,0.0005530968316196886,125.0,2.70953184536949,22.872227440647226,0.9326056736987082,,,,,,0.0
2025-09-13 08:00:00+00:00,0.9434315476225217,0.05656845228313512,0.0,0.0,2.0,0.9912586081942323,0.0,2.0,0.008599051384280815,0.009964631260930171,0.6635053394070622,0.5353015277109733,0.0005513828681704171,125.0,2.746907730961486,24.66431984370861,0.9378121073212081,,,,,,0.0
2025-09-13 12:00:00+00:00,0.843469634368602,0.15653036554705102,0.0,0.0,2.0,0.9912586081942323,0.0,2.8000000000000003,0.008851846681341348,0.01026635103925612,0.020879120879122658,0.5295663376366633,0.0005543449234131165,125.0,2.7776175308388233,26.637036262064747,0.9400168323284297,,,,,,0.0
2025-09-13 16:00:00+00:00,0.9678201052096449,0.03217989469357313,0.0,0.0,2.0,0.9912586081942323,0.0,3.2,0.008853830576394477,0.009987510471665746,0.41850859566867393,0.5239557503201459,0.000551035497575272,125.0,2.7994369442243556,28.576367869007363,0.946568278561582,,,,,,0.0
2025-09-13 20:00:00+00:00,0.8875863725000486,0.11241362741119275,0.0,0.0,2.0,0.9912586081942323,0.0,3.5999999999999996,0.008871416495368652,0.009802095416318714,0.5484067507463636,0.5112989120522605,0.0005512662495347759,125.0,2.8158320205216305,30.36980933097412,0.9543012851412286,,,,,,0.0
2025-09-14 00:00:00+00:00,0.9789251079034906,0.021074891998616754,0.0,0.0,2.0,0.9912586081942323,0.0,3.5999999999999996,0.008866133104638312,0.00950551472195307,0.3964660858236313,0.5148905837748355,0.0005503936377258894,125.0,2.826707469369984,31.966686538744014,0.9617882632519604,,,,,,0.0
2025-09-14 04:00:00+00:00,0.9838339629827252,0.0161660369188913,0.0,0.0,2.0,0.9912586081942323,0.0,4.3999999999999995,0.00888651586334754,0.009238235269444764,0.5444295513679752,0.5525273181836848,0.0005502545776974437,125.0,2.8336981637097063,33.35281141055157,0.9790798173364739,,,,,,0.0
2025-09-14 08:00:00+00:00,0.9869294045814943,0.013070595319812734,0.0,0.0,2.0,0.9912586081942323,0.0,4.8,0.008919510139120904,0.008996228774713285,0.2432220039292739,0.589801043329771,0.0005500875228816885,125.0,2.8366410860767917,33.35281141055157,0.9917204700445629,,,,,,0.0
2025-09-14 12:00:00+00:00,0.9952985857941637,0.004701414106306289,0.0,0.0,2.0,0.9912586081942323,0.0,6.0,0.009124581308899952,0.009160471190026897,0.4905211180671954,0.6784807340714468,0.0005517790102526277,125.0,2.8375980556279043,32.85252710160147,0.9875428520282846,,,,,,0.0
2025-09-14 16:00:00+00:00,0.9823961030748061,0.01760389682695424,0.0,0.0,2.0,0.9912586081942323,0.0,6.4,0.009156321235372874,0.009061536159899864,0.4293928631828179,0.6397049747736914,0.0005503101712236517,125.0,2.8357175550329545,32.50254823529483,0.9947274191598042,,,,,,0.0
2025-09-14 20:00:00+00:00,0.9944138653082794,0.005586134592279263,0.0,0.0,2.0,0.9912586081942323,0.0,6.800000000000001,0.009178328395461548,0.008808458898932427,0.4664769133459852,0.6630103044756301,0.0005493060314193226,125.0,2.8316305212871438,32.47463698726609,0.9926416416840573,,,,,,0.0
2025-09-15 00:00:00+00:00,0.9949225005083758,0.005077499392131917,0.0,0.0,2.0,0.9912586081942323,0.0,7.199999999999999,0.009216453514422088,0.00871193234199558,0.0977853492333926,0.6897501644959633,0.0005496879353225818,125.0,2.8256953694184603,31.984665428581565,0.98046463741282,,,,,,0.0
2025-09-15 04:00:00+00:00,0.991478909980542,0.008521089920310013,0.0,0.0,2.0,0.9912586081942323,0.0,7.6,0.009301195934184969,0.008703126680300762,0.22268537544766223,0.6920843816254494,0.000550003057796763,125.0,2.8238578572657413,30.98142501355346,0.9694320355927213,,,,,,0.0
2025-09-15 08:00:00+00:00,0.8844064026516222,0.11559359725993722,0.0,0.0,2.0,0.9912586081942323,0.0,9.6,0.009617384099015266,0.009166497175823369,0.28187883061235713,0.5708011658550867,0.0005520585167348421,125.0,2.815360566692314,29.678841789841975,0.9638770104478915,,,,,,0.0
2025-09-15 12:00:00+00:00,0.978335722945927,0.021664276956239414,0.0,0.0,2.0,0.9912586081942323,0.0,8.4,0.009486718497013744,0.009043018975517516,0.6421563223459373,0.5516623193113792,0.0005490247917339908,125.0,2.804085282099096,28.355979472930745,0.9645144581091417,,,,,,0.0
2025-09-15 16:00:00+00:00,0.9902470209777359,0.009752978923239416,0.0,0.0,2.0,0.9912586081942323,0.0,5.2,0.00901562853466529,0.008772956624239318,0.6292827775239829,0.6403829510697334,0.000548206151510465,125.0,2.806167313253274,27.211080122620427,0.9694225468648495,,,,,,0.0
2025-09-15 20:00:00+00:00,0.9746192246216052,0.025380775280932827,0.0,0.0,2.0,0.9912586081942323,0.0,5.6000000000000005,0.00905149255402437,0.008657932434653754,0.6549883990719275,0.5411375722648556,0.0005486822236782638,125.0,2.797878821994527,26.316761885654092,0.9754120291365717,,,,,,0.0
2025-09-16 00:00:00+00:00,0.9819988419963968,0.01800115790540336,0.0,0.0,2.0,0.9912586081942323,0.0,6.0,0.009054368079149043,0.008395332124685809,0.5608711701734954,0.5837516548524124,0.0005477800160860746,125.0,2.7881779405932967,25.626347705862447,0.9813522998064433,,,,,,0.0
2025-09-16 04:00:00+00:00,0.9812322357738981,0.018767764127978627,0.0,0.0,2.0,0.9912586081942323,0.0,4.3999999999999995,0.008875240116824808,0.00815208350771979,0.2283341982356043,0.5427633665906454,0.0005476181265496085,125.0,2.778052989755676,25.149458824660098,0.9894451670369641,,,,,,0.0
2025-09-16 08:00:00+00:00,0.9511747106765062,0.04882528922837642,0.0,0.0,2.0,0.9912586081942323,0.0,4.0,0.008866445748613472,0.007927414974930713,0.033536055603828246,0.5216006985074858,0.0005474430233756837,125.0,2.767142937014481,25.149458824660098,0.9961894100978362,,,,,,0.0
2025-09-16 12:00:00+00:00,0.987027966319266,0.01297203358203117,0.0,0.0,2.0,0.9912586081942323,0.0,2.4,0.008627752737066828,0.007902814986233749,0.30465279401450096,0.5652501793916578,0.0005480480155432183,125.0,2.7577999885725206,25.233118322864755,0.9859042935257614,,,,,,0.0
2025-09-16 16:00:00+00:00,0.9842666653162795,0.015733334585293753,0.0,0.0,2.0,0.9912586081942323,0.0,3.2,0.008649811045174625,0.0077666571289402835,0.4123006833712952,0.5201679168071983,0.0005474620259688323,125.0,2.7483909983941155,25.84865470211375,0.9799870752470172,,,,,,0.0
2025-09-16 20:00:00+00:00,0.9894056539183508,0.010594345982708593,0.0,0.0,2.0,0.9912586081942323,0.0,3.2,0.008642303027247007,0.007551563168674804,0.22508630609896751,0.44458354049165016,0.0005469040085563634,125.0,2.7374159542766963,26.50067813781591,0.9841823315644315,,,,,,0.0
2025-09-17 00:00:00+00:00,0.9811809668711065,0.018819033030775558,0.0,0.0,2.0,0.9912586081942323,0.0,3.5999999999999996,0.008644643123911165,0.007325050970036595,0.1863218946350898,0.5495516386809045,0.0005466232308977476,125.0,2.7260513999498674,26.857296207251046,0.991400639566277,,,,,,0.0
2025-09-17 04:00:00+00:00,0.9781487665746161,0.021851233327568855,0.0,0.0,2.0,0.9912586081942323,0.0,4.3999999999999995,0.00876627850720999,0.007546896876047825,0.36205733558178027,0.5160542951284854,0.0005482048629335238,125.0,2.7144898052951882,27.058094405660164,0.9933728580200338,,,,,,0.0
2025-09-17 08:00:00+00:00,0.9712720211744765,0.02872797872839621,0.0,0.0,2.0,0.9912586081942323,0.0,8.0,0.00898979176228392,0.007863699040311516,0.1700709836303086,0.5636394690037747,0.000548479516760153,125.0,2.702083537292639,27.296206910855517,0.9933339822278964,,,,,,0.0
2025-09-17 12:00:00+00:00,0.9728304268011854,0.027169573101531667,0.0,0.0,2.0,0.9912586081942323,0.0,2.4,0.008624526973856333,0.007624620510758817,0.01125332875182881,0.539204222500393,0.0005460378845508849,125.0,2.689348486912881,27.460286245602674,0.996746137550829,,,,,,0.0
2025-09-17 16:00:00+00:00,0.9502599712833218,0.04974002862165211,0.0,0.0,2.0,0.9912586081942323,0.0,0.8,0.00809242309114097,0.007542288030782605,0.11793795893900547,0.5616746763711541,0.0005464693887919346,125.0,2.6788656977438494,27.460286245602674,0.9952780748721608,,,,,,0.0
2025-09-17 20:00:00+00:00,0.9173111517091658,0.08268884819910301,0.0,0.0,2.0,0.9912586081942323,0.0,1.6,0.00838138238839232,0.008304812126829144,0.4597638689917506,0.6367305209131707,0.0005498644776165009,125.0,2.6673203036861874,27.209943306844018,0.9950239147156542,,,,,,0.0
2025-09-18 00:00:00+00:00,0.9710605601769184,0.02893943972597541,0.0,0.0,2.0,0.9912586081942323,0.0,1.2,0.008220563075201042,0.00815019312184524,0.3891867739052723,0.535619656542562,0.000545923032252421,125.0,2.654219614961848,27.209943306844018,0.9935567718156568,,,,,,0.0
2025-09-18 04:00:00+00:00,0.9643469317138071,0.03565306818975817,0.0,0.0,2.0,0.9912586081942323,0.0,1.6,0.008268411039440385,0.008169887543617417,0.5088570735258406,0.5567206359676407,0.0005465815848459958,125.0,2.6416907480739726,27.546814194555573,0.9839374253664993,,,,,,0.0
2025-09-18 08:00:00+00:00,0.9863504924537291,0.013649507447635888,0.0,0.0,2.0,0.9912586081942323,0.0,1.6,0.008253659647780631,0.007921143277072317,0.5259502923976622,0.6309816667447805,0.000545128953386923,125.0,2.6268601801884808,28.221598612158903,0.9805694244139299,,,,,,0.0
2025-09-18 12:00:00+00:00,0.9786849220237539,0.02131507787837754,0.0,0.0,2.0,0.9912586081942323,0.0,1.6,0.008244264504255588,0.007778841570364972,0.5130772118633472,0.5769240045537678,0.0005453135804967524,125.0,2.6144479392479587,28.889913218368186,0.9882829894816244,,,,,,0.0
2025-09-18 16:00:00+00:00,0.932003044004858,0.06799695590194177,0.0,0.0,2.0,0.9912586081942323,0.0,2.4,0.00825517335994243,0.007563114177790715,0.01819303114400713,0.5771548848580553,0.0005448719549348724,125.0,2.600611063282497,28.972531298389477,0.997996362686876,,,,,,0.0
2025-09-18 20:00:00+00:00,0.9643618100169081,0.03563818988665565,0.0,0.0,2.0,0.9912586081942323,0.0,1.2,0.008183865356305735,0.007333000795966365,0.3569518716577594,0.48447066988853177,0.0005445750292281083,125.0,2.5865672932633372,29.031405836929387,0.9873291348437603,,,,,,0.0
2025-09-19 00:00:00+00:00,0.990829952540116,0.009170047360801136,0.0,0.0,2.0,0.9912586081942323,0.0,1.2,0.008149230402256742,0.0073938392195053455,0.3477081638188326,0.44160480058662044,0.0005455918118826284,125.0,2.570801545271553,29.786889804349443,0.9748183407680858,,,,,,0.0
2025-09-19 04:00:00+00:00,0.99255886714054,0.007441132760204142,0.0,0.0,2.0,0.9912586081942323,0.0,1.2,0.0081291991854708,0.0071926542378372895,0.44692537313432584,0.38877967140332603,0.0005443483559380843,125.0,2.5591850718013336,30.865894483799526,0.9701281802081986,,,,,,0.0
2025-09-19 08:00:00+00:00,0.9930491280527314,0.006950871847963711,0.0,0.0,2.0,0.9912586081942323,0.0,2.0,0.008173520582739941,0.007104728202524987,1.0,0.36574133067245845,0.0005446111134219841,125.0,2.544661860720079,32.047091956054004,0.9821019710650276,,,,,,0.0
2025-09-19 12:00:00+00:00,0.9837267394940038,0.016273260407623447,0.0,0.0,2.0,0.9912586081942323,0.0,3.5999999999999996,0.008247114713534768,0.007211871664075471,1.0,0.49272687113991054,0.0005451968060678879,125.0,2.5303278406567,32.047091956054004,0.9903278625145433,,,,,,0.0
2025-09-19 16:00:00+00:00,0.9884289385063623,0.011571061394794862,0.0,0.0,2.0,0.9912586081942323,0.0,0.4,0.007260236780187745,0.007229248994789482,1.0,0.6171730147699579,0.0005446756223699841,125.0,2.5151218108274076,31.41516557583197,0.9765531919593009,,,,,,0.0
2025-09-19 20:00:00+00:00,0.9901501241781959,0.009849875722788969,0.0,0.0,2.0,0.9912586081942323,0.0,0.4,0.007069794205029294,0.00717158403959636,0.5946243666005784,0.6317890616021625,0.0005441570496199787,125.0,2.4995696166801618,30.30972419866838,0.9672103639378082,,,,,,0.0
2025-09-20 00:00:00+00:00,0.959706143635393,0.04029385626863638,0.0,0.0,2.0,0.9912586081942323,0.0,0.4,0.0068717122427942355,0.006954915997173062,0.5692883895131136,0.6008314758370993,0.0005433852745646156,125.0,2.483871324551136,28.989661898223986,0.9627746306583197,,,,,,0.0
2025-09-20 04:00:00+00:00,0.9820536179922238,0.01794638190957092,0.0,0.0,2.0,0.9912586081942323,0.0,0.4,0.006800197210140046,0.006807927807237714,0.2557829921784005,0.6661967260677184,0.0005434221750636006,125.0,2.4678993160430025,27.66645151747441,0.963819220931575,,,,,,0.0
2025-09-20 08:00:00+00:00,0.9933400765243088,0.006659923376357204,0.0,0.0,2.0,0.9912586081942323,0.0,0.4,0.006788923927290296,0.006637162164254456,0.04576976421636643,0.6847570993232134,0.0005431574574753454,125.0,2.4508302383942056,26.53456962157127,0.9681863099540028,,,,,,0.0
2025-09-20 12:00:00+00:00,0.9766716633701312,0.023328336532201586,0.0,0.0,2.0,0.9912586081942323,0.0,0.4,0.006573837632324641,0.006619107059562801,0.6480270574971846,0.6575505082532157,0.0005434537207128922,125.0,2.433302274044508,25.596672958748115,0.9707180288222613,,,,,,0.0
2025-09-20 16:00:00+00:00,0.9850185515910528,0.014981448310445284,0.0,0.0,2.0,0.9912586081942323,0.0,0.8,0.006582164917601801,0.006496524897301144,0.1428212536113546,0.5962463249459262,0.0005429226170208937,125.0,2.4149300887487852,24.697830190249558,0.9703462608914488,,,,,,0.0
2025-09-20 20:00:00+00:00,0.9800874958202238,0.019912504081767333,0.0,0.0,2.0,0.9912586081942323,0.0,0.4,0.006489644311663565,0.0062986545041188915,0.1901983663943975,0.5975334359196675,0.0005424189613950506,125.0,2.3954186095579266,23.802621518104083,0.9697519069891568,,,,,,0.0
2025-09-21 00:00:00+00:00,0.998046081637322,0.001953918262873347,0.0,0.0,2.0,0.9912586081942323,0.0,0.8,0.006490035019296977,0.006107915427256469,0.07415152002574299,0.7302096431247075,0.0005422793433682181,125.0,2.3808836267553857,22.93365395232729,0.9707969828369323,,,,,,0.0
2025-09-21 04:00:00+00:00,0.9893679994159426,0.010632000485120587,0.0,0.0,2.0,0.9912586081942323,0.0,0.4,0.006486134573968444,0.005921860811125188,0.1579159122912938,0.6197979348956335,0.0005420939714186464,125.0,2.362334031714747,22.160765997117416,0.9747102945940723,,,,,,0.0
2025-09-21 08:00:00+00:00,0.983530183599459,0.016469816302188054,0.0,0.0,2.0,0.9912586081942323,0.0,1.6,0.006491385946153301,0.005821912814596358,0.9789365527870151,0.5734225292739737,0.0005421761744710341,125.0,2.3429821850548054,21.56092137794022,0.9802821154017062,,,,,,0.0
2025-09-21 12:00:00+00:00,0.9804143707259024,0.01958562917605618,0.0,0.0,2.0,0.9912586081942323,0.0,0.4,0.006335563806658061,0.005776162562777566,0.06473475111008133,0.5756868802300835,0.0005421122725425502,125.0,2.3226708576418083,21.120913766041596,0.9848219115604503,,,,,,0.0
2025-09-21 16:00:00+00:00,0.9845063795787281,0.015493620322821306,0.0,0.0,2.0,0.9912586081942323,0.0,0.4,0.006233247646639406,0.005635773486146716,0.25833951074869516,0.5656825127652426,0.000541624146668658,125.0,2.3018532016722686,20.776428292975567,0.9873127804236619,,,,,,0.0
2025-09-21 20:00:00+00:00,0.979565559456296,0.020434440445747513,0.0,0.0,2.0,0.9912586081942323,0.0,1.2,0.006429971968218696,0.006093686427198567,0.3277227722772253,0.62750454371229,0.0005434103453117709,125.0,2.2822762191532475,20.475275910012662,0.9883058463711957,,,,,,0.0
2025-09-22 00:00:00+00:00,0.22302641257473965,0.7769735873475629,0.0,0.0,2.0,0.8808189406634483,0.0,6.4,0.007902766561854917,0.009791223527999642,0.7172364968975155,0.5510063099951185,0.0005581594587333113,125.0,2.261446123979365,20.18984007850981,0.9887356740744583,,,,,,0.0
2025-09-22 04:00:00+00:00,0.12906530240794475,0.8709346975049618,0.0,0.0,2.0,0.8808189406634483,0.0,15.6,0.008715302173952307,0.011487584788640266,0.7971378208000968,0.5384347424195824,0.0005525848815935181,125.0,2.241908165747508,19.918130968815355,0.9894773817621517,,,,,,0.0
2025-09-22 08:00:00+00:00,0.7489978570559404,0.25100214286915973,0.0,0.0,2.0,0.9912586081942323,0.0,12.8,0.008492178670072327,0.011159452155932625,0.9285758342071182,0.6376175949728485,0.0005412022924193733,125.0,2.222960080924023,19.676484390612853,0.9906024058816675,,,,,,0.0
2025-09-22 12:00:00+00:00,0.7241052811514622,0.27589471877612715,0.0,0.0,2.0,0.9912586081942323,0.0,12.4,0.008459727258291486,0.01084938273622708,1.0,0.6154969276881515,0.0005410518123115144,125.0,2.20068265460998,19.465299526175908,0.9913886218942559,,,,,,0.0
2025-09-22 16:00:00+00:00,0.9287601486881983,0.07123985121892559,0.0,0.0,2.0,0.9912586081942323,0.0,13.600000000000001,0.008509394692319924,0.01069164343597077,1.0,0.6369381274872532,0.0005416330321662737,125.0,2.1768095575659148,19.2658668629101,0.9923754489240192,,,,,,0.0
2025-09-22 20:00:00+00:00,0.8896249498396295,0.11037505007140806,0.0,0.0,2.0,0.9912586081942323,0.0,17.599999999999998,0.008820577357769935,0.011017518060164972,0.4568249893025277,0.7230325227746335,0.0005445717731045475,125.0,2.1536260508660554,19.2658668629101,0.9945716794154118,,,,,,0.0
2025-09-23 00:00:00+00:00,0.9791112830391646,0.02088871686292426,0.0,0.0,2.0,0.9912586081942323,0.0,17.599999999999998,0.008819125062478192,0.01069905549305424,0.03760424564063748,0.7361748613173527,0.0005404873602690996,125.0,2.1300972998845316,19.35890893403615,0.9764505516115471,,,,,,0.0
2025-09-23 04:00:00+00:00,0.9837993308047551,0.01620066909686498,0.0,0.0,2.0,0.9912586081942323,0.0,19.2,0.008864567531357257,0.010419073664445532,0.17334698654183797,0.6997322605843184,0.0005405269326983391,125.0,2.1057995964614125,20.184173999377233,0.9575263608985246,,,,,,0.0
2025-09-23 08:00:00+00:00,0.9866070910910507,0.013392908810288623,0.0,0.0,2.0,0.9912586081942323,0.0,20.4,0.00886692523851024,0.01013258235588376,0.17472173403632826,0.6489605625972783,0.0005402166048361041,125.0,2.08338854505883,21.45847209451306,0.9532069587495062,,,,,,0.0
2025-09-23 12:00:00+00:00,0.9924979301004955,0.007502069800254675,0.0,0.0,2.0,0.9912586081942323,0.0,18.4,0.008820727728984913,0.009844528679585724,0.3948352317189852,0.6619792262723334,0.0005399865103557899,125.0,2.058770810030649,22.639574045836945,0.9721014832791226,,,,,,0.0
2025-09-23 16:00:00+00:00,0.9969473393132131,0.0030526605870921973,0.0,0.0,2.0,0.9912586081942323,0.0,17.599999999999998,0.008787413097593684,0.00967998789535355,0.5760415347600375,0.7181639367543575,0.0005403562234298352,125.0,2.0325931199417577,22.639574045836945,0.9936146779039962,,,,,,0.0
2025-09-23 20:00:00+00:00,0.99762345164074,0.002376548259497613,0.0,0.0,2.0,0.9912586081942323,0.0,18.0,0.008790923177283043,0.009406969785404264,0.30498238550578655,0.7169565616164225,0.0005397017810540792,125.0,2.006728870436228,22.541100293553953,0.9861587937131924,,,,,,0.0
2025-09-24 00:00:00+00:00,0.9920830818182572,0.007916918082534327,0.0,0.0,2.0,0.9912586081942323,0.0,18.4,0.008796137741630955,0.009174362702398364,0.7265988189471017,0.6443711757309613,0.0005395750147408312,125.0,1.977960738911723,22.123362908309332,0.9885974833713234,,,,,,0.0
2025-09-24 04:00:00+00:00,0.9837033660840292,0.01629663381760041,0.0,0.0,2.0,0.9912586081942323,0.0,16.8,0.008687649698182432,0.009046745555341847,0.172743701498881,0.617702963546854,0.0005400213642755276,125.0,1.9475645357302582,21.935406156157896,0.9952730772822833,,,,,,0.0
2025-09-24 08:00:00+00:00,0.9908344959608746,0.009165503940041895,0.0,0.0,2.0,0.9912586081942323,0.0,14.000000000000002,0.00856556077411073,0.00877950163915156,0.012929112795361563,0.6328618276290744,0.0005390331601302359,125.0,1.916776701025857,21.880791468294266,0.9976096627898361,,,,,,0.0
2025-09-24 12:00:00+00:00,0.9892207762067662,0.01077922369431183,0.0,0.0,2.0,0.9912586081942323,0.0,14.399999999999999,0.008569246602423534,0.008564631106269779,0.15874027795485945,0.5077146022167296,0.0005390135799455426,125.0,1.8912366634331987,21.807769396601145,0.9958618867658103,,,,,,0.0
2025-09-24 16:00:00+00:00,0.9837234281100835,0.01627657179154409,0.0,0.0,2.0,0.9912586081942323,0.0,13.200000000000001,0.008478860891321272,0.00830866448037442,0.04556752278376328,0.4593442723084918,0.0005386534942813097,125.0,1.85939392937693,21.66381293175683,0.9934422509193195,,,,,,0.0
2025-09-24 20:00:00+00:00,0.992303535173941,0.007696464726828746,0.0,0.0,2.0,0.9912586081942323,0.0,6.800000000000001,0.007985868620444043,0.00807090275180022,0.07983127636307709,0.6410171045761468,0.0005385069907040845,125.0,1.8263823377237494,21.46171607694156,0.9924498133450256,,,,,,0.0
2025-09-25 00:00:00+00:00,0.9819419449929778,0.01805805490882801,0.0,0.0,2.0,0.9912586081942323,0.0,12.8,0.008452210611303749,0.009516050867324662,0.8969462637102538,0.7430551335732442,0.0005460940738861541,125.0,1.7933562800218177,21.26687508100076,0.9940107780598428,,,,,,0.0
2025-09-25 04:00:00+00:00,0.9955093318722055,0.004490668028243722,0.0,0.0,2.0,0.9912586081942323,0.0,15.2,0.008554228509148356,0.009767918146224654,1.0,0.7363246398908093,0.0005407595307248227,125.0,1.7572911028823641,21.152826632041563,0.9974119734990603,,,,,,0.0
2025-09-25 08:00:00+00:00,0.9947264940743088,0.005273505826218523,0.0,0.0,2.0,0.9912586081942323,0.0,15.2,0.00854206692554286,0.009477482563241754,1.0,0.7307322804332513,0.0005379996968280007,125.0,1.7196622420324468,21.152826632041563,0.9973014367770023,,,,,,0.0
2025-09-25 12:00:00+00:00,0.9950166631473575,0.004983336753140798,0.0,0.0,2.0,0.9912586081942323,0.0,13.200000000000001,0.008458577636914067,0.00918876126354884,0.9991144284900985,0.7958899141073251,0.0005378434122288452,125.0,1.6867267775185173,21.271855753544223,0.9933397959075425,,,,,,0.0
2025-09-25 16:00:00+00:00,0.9562750366652184,0.04372496323915404,0.0,0.0,2.0,0.9912586081942323,0.0,27.6,0.008980773106008406,0.010529618248374714,0.9994173706770971,0.8212175173014608,0.0005458703115363138,125.0,1.647165940497811,21.49148117913787,0.9909682827244382,,,,,,0.0
2025-09-25 20:00:00+00:00,0.9920764463251065,0.007923553575685775,0.0,0.0,2.0,0.9912586081942323,0.0,28.4,0.009006315323633083,0.010474752109047632,0.999250535331904,0.7617941768212554,0.0005387798873325035,125.0,1.6042109711705108,21.747124805450635,0.9904344532709032,,,,,,0.0
2025-09-26 00:00:00+00:00,0.7930027569369551,0.2069972429837447,0.0,0.0,2.0,0.9912586081942323,0.0,35.6,0.009907644207430876,0.011637316779441426,0.19094628246175716,0.7082005375633057,0.0005470491277928497,125.0,1.5567006706956186,22.00101704118338,0.9895815418729391,,,,,,0.0
2025-09-26 04:00:00+00:00,0.9430235948625898,0.05697640504310781,0.0,0.0,2.0,0.9912586081942323,0.0,36.0,0.009922648674498876,0.011410003232165672,0.2612173630568068,0.697346789001527,0.0005378589936837858,125.0,1.5126589323229949,22.308199087926116,0.9837945850260965,,,,,,0.0
2025-09-26 08:00:00+00:00,0.9814635408842106,0.018536459017643028,0.0,0.0,2.0,0.9912586081942323,0.0,36.4,0.009946883156293163,0.011249514374095182,0.34815346002151265,0.7995008304307898,0.0005379777018191407,125.0,1.4663362557151773,22.877070618081948,0.9833420310226831,,,,,,0.0
2025-09-26 12:00:00+00:00,0.9573066036196127,0.04269339628465655,0.0,0.0,2.0,0.9912586081942323,0.0,36.8,0.010132885908736452,0.011196244585508984,0.14887665005682277,0.7753656940612236,0.0005389564766410109,125.0,1.4262160973111215,23.064327937918016,0.9937407541581443,,,,,,0.0
2025-09-26 16:00:00+00:00,0.6180964892234247,0.38190351071476564,0.0,0.0,2.0,0.9912586081942323,0.0,45.6,0.010672939449755049,0.011842687571465947,0.5523277467411553,0.6092748687283428,0.0005434384742173952,125.0,1.3764942009376737,23.064327937918016,0.9871151316991249,,,,,,0.0
2025-09-26 20:00:00+00:00,0.9106653723207788,0.0893346275881546,0.0,0.0,2.0,0.9912586081942323,0.0,45.2,0.010612243086646747,0.011494304447476296,0.3550464130493111,0.6438259755000477,0.0005368120223368101,125.0,1.3220750311085707,22.536934937225027,0.9783338201664896,,,,,,0.0
2025-09-27 00:00:00+00:00,0.9583094453155463,0.04169055458862265,0.0,0.0,2.0,0.9912586081942323,0.0,44.800000000000004,0.010609028658482766,0.011172077575355814,0.4687681749447475,0.6703531944945539,0.0005366643799121172,125.0,1.2644527748978887,21.873274507983844,0.9785788034411931,,,,,,0.0
2025-09-27 04:00:00+00:00,0.8743311817185486,0.12566881819401826,0.0,0.0,2.0,0.9912586081942323,0.0,43.6,0.010561655675525087,0.010853336773124783,0.6785643070787605,0.6138368080551196,0.0005365004317804954,125.0,1.2044901563059829,21.39081789518695,0.9879998567795599,,,,,,0.0
2025-09-27 08:00:00+00:00,0.9775462323790105,0.02245376752323494,0.0,0.0,2.0,0.9912586081942323,0.0,44.0,0.010563767727254786,0.010527380660883628,0.49052668173127134,0.5752557590621203,0.000536295906046898,125.0,1.1386831015405825,21.27798014947079,0.9969495905601039,,,,,,0.0
2025-09-27 12:00:00+00:00,0.9523576743489917,0.04764232555577257,0.0,0.0,2.0,0.9912586081942323,0.0,42.8,0.010522794777603558,0.01025538541043754,0.0771775082690243,0.6172088254417435,0.0005365222580833233,125.0,1.0689289338156136,21.237180622281635,0.9967422846722808,,,,,,0.0
2025-09-27 16:00:00+00:00,0.9948716144829416,0.005128385417571186,0.0,0.0,2.0,0.9912586081942323,0.0,43.2,0.010522796931390894,0.009994192573613997,0.4745135873934782,0.7536895532967288,0.0005362900128212348,125.0,0.9927159197667744,21.115326655065743,0.9962313527897647,,,,,,0.0
2025-09-27 20:00:00+00:00,0.997006741886755,0.0029932580135444823,0.0,0.0,2.0,0.9912586081942323,0.0,45.6,0.010566330160839132,0.009741093393087787,0.00289766661582432,0.7264607814658609,0.0005363547041649458,125.0,0.9096150501815496,21.062056211918275,0.998568257173577,,,,,,0.0
2025-09-28 00:00:00+00:00,0.9951822981665407,0.004817701733941108,0.0,0.0,2.0,0.9912586081942323,0.0,44.800000000000004,0.010563486408314452,0.009497548406754947,0.07642322361915323,0.6777423841868874,0.0005361637899842565,125.0,0.8179200390310569,21.0443250150768,0.9990330461524253,,,,,,0.0
2025-09-28 04:00:00+00:00,0.9986244898632867,0.0013755100368509107,0.0,0.0,2.0,0.9912586081942323,0.0,46.800000000000004,0.010593755366227767,0.00923946555434781,0.15548155737704678,0.8409407307549027,0.0005362003052675674,125.0,0.7183229981660126,21.01285773732028,0.9952233816011622,,,,,,0.0
2025-09-28 08:00:00+00:00,0.9984535329875892,0.0015464669125653688,0.0,0.0,2.0,0.9912586081942323,0.0,47.199999999999996,0.010601760049646063,0.009061204882968727,0.31516305641513614,0.8738816575119058,0.0005364971133017245,125.0,0.6005584717408182,20.829308990313326,0.9914250374937137,,,,,,0.0
2025-09-28 12:00:00+00:00,0.9984074871881171,0.0015925127120421465,0.0,0.0,2.0,0.9912586081942323,0.0,49.6,0.010647649804311854,0.008964701450820583,0.19913106444605155,0.8096904814550929,0.0005374866912561981,125.0,0.4770352672036695,20.577605303040407,0.9902078463633752,,,,,,0.0
2025-09-28 16:00:00+00:00,0.9987100471479907,0.0012899527521382436,0.0,0.0,2.0,0.9912586081942323,0.0,50.0,0.010672028186248817,0.008756635345340089,0.20870809484872743,0.8076539047623946,0.000537730433793997,125.0,0.31267768439806426,20.33569316323151,0.9909188459808771,,,,,,0.0
2025-09-28 20:00:00+00:00,0.9328479952113542,0.06715200469536102,0.0,0.0,2.0,0.9912586081942323,0.0,60.8,0.01139568576488604,0.010464902100274797,0.7572059063913243,0.7568270697442203,0.0005519897362603254,125.0,0.16967271563209635,20.12538788411922,0.9919121020656309,,,,,,0.0
2025-09-29 00:00:00+00:00,0.9999999996768996,2.2310031978424861e-10,0.0,0.0,2.0,0.9593437400174569,0.0,40.8,0.010365471144055387,0.010214323897307562,0.5585925227772544,0.8193326983908452,0.0005706224156926505,125.0,0.6040037189058263,19.93704114241078,0.9926156782799326,,,,,,0.0
2025-09-29 04:00:00+00:00,0.38492840925890653,0.6150715906795864,0.0,0.0,2.0,0.6457172556305699,0.0,34.4,0.009567818460962045,0.009933742138260395,0.6374738695126001,0.8365709315894181,0.0005695832816025517,125.0,0.7398405683401608,19.764792969187738,0.993187201775046,,,,,,0.0
2025-09-29 08:00:00+00:00,0.4571590852923109,0.542840914653405,0.0,0.0,2.0,0.6457172556305699,0.0,34.4,0.009561695665796665,0.009637170128514713,0.5114648474512037,0.6898188236966614,0.0005679101404323282,125.0,0.8404349239284574,19.60723599194724,0.9936353385903446,,,,,,0.0
2025-09-29 12:00:00+00:00,0.18459175873746558,0.8154082411809935,0.0,0.0,2.0,0.6457172556305699,0.0,36.4,0.009840515617914021,0.010037102646928217,0.6183191037852247,0.6425154526414352,0.0005701840773782012,125.0,0.9174883103383943,19.459112263375786,0.9944391522905146,,,,,,0.0
2025-09-29 16:00:00+00:00,0.6564316962488951,0.3435683036854617,0.0,0.0,2.0,0.9593437400174569,0.0,36.4,0.009798386029936558,0.009826258901259089,0.374929281500037,0.6650930147558786,0.0005656745450017997,125.0,0.9888102090143821,19.342666328822894,0.9970777510528936,,,,,,0.0
2025-09-29 20:00:00+00:00,0.9903676089933879,0.00963239090757531,0.0,0.0,2.0,0.9593437400174569,0.0,34.8,0.009562419197795604,0.009656585482721653,0.7127578304048856,0.6069671214038741,0.0005649071491360769,125.0,1.062930550672472,19.342666328822894,0.9959244962209641,,,,,,0.0
2025-09-30 00:00:00+00:00,0.9644487052478852,0.03555129465566988,0.0,0.0,2.0,0.9593437400174569,0.0,36.0,0.009575298954953878,0.009413546808874584,0.6651812240047525,0.6179866244764608,0.0005631041286884975,125.0,1.1202642775877631,19.506703140458693,0.9905171623690292,,,,,,0.0
2025-09-30 04:00:00+00:00,0.9361428349333578,0.06385716497302793,0.0,0.0,2.0,0.9593437400174569,0.0,35.6,0.009571029965955439,0.009169787389704366,0.555971961968215,0.6363792607975208,0.0005620737994096186,125.0,1.179754559528719,19.78528080017921,0.9919627426825385,,,,,,0.0
2025-09-30 08:00:00+00:00,0.9215130506909717,0.0784869492168769,0.0,0.0,2.0,0.9593437400174569,0.0,36.8,0.009581611284897967,0.008954499592327312,0.0005972526378607525,0.67909786006078,0.0005612112858034445,125.0,1.235727946469383,19.85543891352145,0.9979726497292728,,,,,,0.0
2025-09-30 12:00:00+00:00,0.9905367490427112,0.009463250858235173,0.0,0.0,2.0,0.9593437400174569,0.0,37.6,0.009715123430183263,0.00907536559248876,0.556466825227588,0.699825321387962,0.0005619274535166915,125.0,1.2905331990049875,19.880268041622465,0.9956446325015992,,,,,,0.0
2025-09-30 16:00:00+00:00,0.9523931687754295,0.04760683112933135,0.0,0.0,2.0,0.9593437400174569,0.0,38.4,0.00978631093229099,0.00911790367994936,0.40286812536960726,0.6888380499846993,0.000561027950260264,125.0,1.3431233698511647,20.050718440362843,0.9848243144938136,,,,,,0.0
2025-09-30 20:00:00+00:00,0.9299047327911529,0.0700952671158567,0.0,0.0,2.0,0.9593437400174569,0.0,38.800000000000004,0.009795100426856888,0.008888743133391322,0.39801773604590784,0.7766204140835943,0.0005588605903880086,125.0,1.3974388042086168,20.579723014854096,0.9768899476625535,,,,,,0.0
2025-10-01 00:00:00+00:00,0.9818247826065281,0.01817521729528961,0.0,0.0,2.0,0.9593437400174569,0.0,38.800000000000004,0.009793103487092687,0.008669343716182153,0.40131920254947195,0.7682178900283897,0.0005582287763064841,125.0,1.455784207855696,21.21607074481178,0.9752461449778013,,,,,,0.0
2025-10-01 04:00:00+00:00,0.9784638512301761,0.021536148671977486,0.0,0.0,2.0,0.9593437400174569,0.0,38.0,0.009757012698478383,0.008466403071257114,0.14036005079554967,0.7110878887566938,0.0005577088937483178,125.0,1.5149293737197322,21.866402211911854,0.9718139953884896,,,,,,0.0
2025-10-01 08:00:00+00:00,0.06260680050285312,0.9373931994034075,0.0,0.0,2.0,0.6457172556305699,0.0,64.4,0.01124007605824087,0.012046894076817782,0.7375036296511422,0.7060371652710896,0.0005791821670732126,125.0,1.5781770520457807,22.725751051929038,0.9649630426366079,,,,,,0.0
2025-10-01 12:00:00+00:00,0.8987712787924617,0.10122872111766121,0.0,0.0,2.0,0.9593437400174569,0.0,65.2,0.011255442142714225,0.01179662047240153,0.7246420956442323,0.7132466812000816,0.0005576691590433221,125.0,1.6486363231342234,23.818815518611878,0.961199669115701,,,,,,0.0
2025-10-01 16:00:00+00:00,0.8996720586057474,0.10032794130428546,0.0,0.0,2.0,0.9593437400174569,0.0,65.2,0.011251205544671135,0.011444563283945776,0.8562197822059564,0.740322901058076,0.0005563976523624177,125.0,1.7281262340018078,24.99157298762271,0.9682356823135008,,,,,,0.0
2025-10-01 20:00:00+00:00,0.9322368137241032,0.0677631861826731,0.0,0.0,2.0,0.9593437400174569,0.0,64.8,0.011245816937165374,0.011122484286979298,1.0,0.7363334140401131,0.000555849785634825,125.0,1.8101418528997124,25.641904747402545,0.9869940430269281,,,,,,0.0
2025-10-02 00:00:00+00:00,0.5749826747379138,0.425017325204588,0.0,0.0,2.0,0.9593437400174569,0.0,55.60000000000001,0.010659181012130266,0.01090718663416245,1.0,0.5778582445755811,0.0005558276935328982,125.0,1.9029730036291441,25.641904747402545,0.9876012905948275,,,,,,0.0
2025-10-02 04:00:00+00:00,0.6509930098381579,0.34900699009674285,0.0,0.0,2.0,0.9593437400174569,0.0,47.199999999999996,0.010403439925752446,0.010575176001496876,0.9666873834679889,0.6308722271758154,0.0005544430775796024,125.0,2.002761203668137,25.0243120105596,0.9744486720744916,,,,,,0.0
2025-10-02 08:00:00+00:00,0.9998157823073048,0.00018421759271369925,0.0,0.0,2.0,0.9593437400174569,0.0,47.199999999999996,0.01039008105155659,0.010254983113114402,0.9511928610453415,0.6771699698371412,0.0005537563161911543,125.0,2.103637972777367,24.09280531210804,0.9675397626116226,,,,,,0.0
2025-10-02 12:00:00+00:00,0.9928015316157657,0.0071984682849542065,0.0,0.0,2.0,0.9593437400174569,0.0,50.0,0.010523148447377648,0.01045659767753206,0.9747002737656917,0.6027592333410285,0.0005559449229771417,125.0,2.200632617073252,23.110248451515005,0.9720649926664559,,,,,,0.0
2025-10-02 16:00:00+00:00,0.9648912258806857,0.03510877402282518,0.0,0.0,2.0,0.9593437400174569,0.0,40.8,0.009846477379461517,0.010618768624839424,0.9821202214957616,0.6123080964650973,0.0005551162131912074,125.0,2.2911985946075397,22.518633935081166,0.9756753090845546,,,,,,0.0
2025-10-02 20:00:00+00:00,0.9916106180807467,0.008389381820092233,0.0,0.0,2.0,0.9593437400174569,0.0,37.6,0.009680324607272644,0.010313935989685408,0.8077359775944201,0.6300326640518482,0.0005518207900185233,125.0,2.374442628145831,21.774450196911793,0.9682582317602398,,,,,,0.0
2025-10-03 00:00:00+00:00,0.9892890811472589,0.010710918753812297,0.0,0.0,2.0,0.9593437400174569,0.0,31.6,0.009165494839630037,0.010043960189919116,0.8465175977842266,0.696759184686988,0.0005514132730258394,125.0,2.4505429577969675,20.834507371951425,0.9630022642696644,,,,,,0.0
2025-10-03 04:00:00+00:00,0.9190214479767974,0.0809785519313004,0.0,0.0,2.0,0.9593437400174569,0.0,32.4,0.00921024923117055,0.009958545396325296,0.4579316389132327,0.7235756657455245,0.0005518680483480477,125.0,2.5228209648370936,19.88655851266582,0.967077543717761,,,,,,0.0
2025-10-03 08:00:00+00:00,0.7195526516866017,0.2804473482414431,0.0,0.0,2.0,0.9593437400174569,0.0,29.2,0.009034875371204955,0.009691811233203194,0.29147275721342986,0.6385347656164094,0.0005508011925927905,125.0,2.6021106909211573,19.231825313059232,0.9811180618747848,,,,,,0.0
2025-10-03 12:00:00+00:00,0.8992796476131361,0.1007203522969359,0.0,0.0,2.0,0.9593437400174569,0.0,30.4,0.009086288184362384,0.0098945529525401,0.28856937455067805,0.7764526409966239,0.0005529918490936438,125.0,2.6561813638294067,19.231825313059232,0.9947760919428972,,,,,,0.0
2025-10-03 16:00:00+00:00,0.7992662249982206,0.20073377492185265,0.0,0.0,2.0,0.9593437400174569,0.0,21.2,0.008781481375014728,0.009629977823563573,0.25088980389419935,0.7619364837543067,0.0005502105455439813,125.0,2.702601134985014,19.24969339006372,0.984634094899952,,,,,,0.0
2025-10-03 20:00:00+00:00,0.9857274393445181,0.01427256055690913,0.0,0.0,2.0,0.9593437400174569,0.0,22.8,0.00880524939282427,0.009343351065662253,0.09164969450101579,0.7024460661758198,0.0005498179765364504,125.0,2.7367137758364986,19.73997943210014,0.9755094128434486,,,,,,0.0
2025-10-04 00:00:00+00:00,0.9757630229174363,0.024236976984987463,0.0,0.0,2.0,0.9593437400174569,0.0,25.2,0.008859058970398374,0.009174071898666019,0.1952428146679834,0.7395515258097595,0.0005500650430463332,125.0,2.760819472377266,20.43218864983601,0.9685427836757785,,,,,,0.0
2025-10-04 04:00:00+00:00,0.9958389099805582,0.004161089919857856,0.0,0.0,2.0,0.9593437400174569,0.0,23.200000000000003,0.008817648248703354,0.00891765738581384,0.17051161998807954,0.6676361421806474,0.000549455077110844,125.0,2.778513771284386,21.3154148171418,0.9610643201358734,,,,,,0.0
2025-10-04 08:00:00+00:00,0.9938644556147573,0.006135544285856198,0.0,0.0,2.0,0.9593437400174569,0.0,24.8,0.008841935999031004,0.008678714734369736,0.6835869126161284,0.7162539571482175,0.0005492242889217867,125.0,2.789959121766385,22.467728555471005,0.950270150896897,,,,,,0.0
2025-10-04 12:00:00+00:00,0.9991994865421461,0.0008005133579340359,0.0,0.0,2.0,0.9593437400174569,0.0,29.599999999999998,0.008953306738545113,0.008566294241711375,0.7330152238127684,0.761217845427639,0.0005495456891616234,125.0,2.7987059532746894,24.058418822950173,0.9485039690765649,,,,,,0.0
2025-10-04 16:00:00+00:00,0.9996501295585631,0.0003498703414718001,0.0,0.0,2.0,0.9593437400174569,0.0,29.2,0.008892738753853399,0.008332589296942274,0.4877320247493007,0.6798926460990432,0.0005488505185835091,125.0,2.8026784673203293,25.49462410824475,0.9626154187151392,,,,,,0.0
2025-10-04 20:00:00+00:00,0.9981917825263578,0.0018082173738230244,0.0,0.0,2.0,0.9593437400174569,0.0,29.599999999999998,0.008893855767415219,0.00814823386515268,0.0035834007629222363,0.7628498234314584,0.0005488464610813421,125.0,2.804117014847355,26.35103482252063,0.9759686259730656,,,,,,0.0
2025-10-05 00:00:00+00:00,0.837939244790417,0.1620607551257889,0.0,0.0,2.0,0.9593437400174569,0.0,30.0,0.008901104192639522,0.008275006396565372,0.2821452365089972,0.7660039530103507,0.0005500152325398013,125.0,2.8032495784686255,27.039427888559366,0.9709370489894612,,,,,,0.0
2025-10-05 04:00:00+00:00,0.16708778116865855,0.8329122187480502,0.0,0.0,2.0,0.6457172556305699,0.0,35.6,0.009138795291189945,0.008969914473368092,0.676386127678372,0.7436519399078759,0.0005525415624016695,125.0,2.8008745751062922,28.26380433131121,0.9617019140568333,,,,,,0.0
2025-10-05 08:00:00+00:00,0.04391961668825872,0.9560803832161332,0.0,0.0,2.0,0.6457172556305699,0.0,38.4,0.009350118507981424,0.009195620598087591,0.4621646356148546,0.7249827355537283,0.0005504383014757517,125.0,2.796535557822273,29.69465901875966,0.9604404150042885,,,,,,0.0
2025-10-05 12:00:00+00:00,0.9006384677924624,0.09936153211747382,0.0,0.0,2.0,0.9593437400174569,0.0,38.800000000000004,0.00939070430387377,0.008971008723640126,0.3050229164717961,0.7365063909664754,0.0005481018880818015,125.0,2.7916396415889007,31.14174963599389,0.9708033151136157,,,,,,0.0
2025-10-05 16:00:00+00:00,0.20862948935010994,0.791370510570753,0.0,0.0,2.0,0.6457172556305699,0.0,43.6,0.009594990235852646,0.009039015256852403,0.0022528160200248814,0.762726853934704,0.0005492793332835628,125.0,2.7856942459478926,31.62300580879659,0.9904741147777852,,,,,,0.0
2025-10-05 20:00:00+00:00,0.3392033546601026,0.6607966452738178,0.0,0.0,2.0,0.6457172556305699,0.0,30.8,0.008935011801422171,0.008886186018603377,0.08026559465196938,0.7893888031611784,0.0005480951517241856,125.0,2.7787204700952355,31.62300580879659,0.9852487995563997,,,,,,0.0
2025-10-06 00:00:00+00:00,0.88638033859005,0.11361966132131192,0.0,0.0,2.0,0.9593437400174569,0.0,28.799999999999997,0.00887914951875392,0.008701652354920394,0.4138929943836853,0.7094841945533645,0.0005477282008678143,125.0,2.7716275899584115,30.783044036060097,0.9779490498621024,,,,,,0.0
2025-10-06 04:00:00+00:00,0.9749835779458025,0.025016421956699137,0.0,0.0,2.0,0.9593437400174569,0.0,25.2,0.008851527997357082,0.008439223853587993,0.1543841692255237,0.7423588822013616,0.0005471607995975793,125.0,2.7634402900556854,30.11304529882143,0.9881986322415484,,,,,,0.0
2025-10-06 08:00:00+00:00,0.9894023047252543,0.01059769517580556,0.0,0.0,2.0,0.9593437400174569,0.0,29.599999999999998,0.008880880068504092,0.008441332035398161,0.2834777543144274,0.7186414172974432,0.0005481462782911051,125.0,2.7565782365831337,30.11304529882143,0.9971066477716504,,,,,,0.0
2025-10-06 12:00:00+00:00,0.029176022933999707,0.970823976968918,0.0,0.0,2.0,0.6457172556305699,0.0,38.800000000000004,0.00918203721314604,0.009800635523766846,0.959535483870967,0.6715535283942027,0.0005546800508923881,125.0,2.7501857554978315,30.11304529882143,0.9905511387867076,,,,,,0.0
2025-10-06 16:00:00+00:00,0.9025643678142347,0.09743563209550893,0.0,0.0,2.0,0.9593437400174569,0.0,40.0,0.009251697276384219,0.009848262279424083,0.963764096875577,0.6313072646686865,0.000548476489430014,125.0,2.740708555575248,29.54064554779385,0.9793705813154114,,,,,,0.0
2025-10-06 20:00:00+00:00,0.6071153612654543,0.3928846386738342,0.0,0.0,2.0,0.9593437400174569,0.0,41.199999999999996,0.009387717170456639,0.009755901543926514,0.635275373552086,0.6241336031285127,0.0005477973208466723,125.0,2.7310081666363355,28.682414458554334,0.9820122890350008,,,,,,0.0
2025-10-07 00:00:00+00:00,0.9499354368272674,0.05006456307773899,0.0,0.0,2.0,0.9593437400174569,0.0,40.8,0.0093333043599181,0.009464429569233893,0.6723924811389149,0.6560795496323822,0.0005464623495989415,125.0,2.720701305988724,28.299930921457506,0.9918259829524232,,,,,,0.0
2025-10-07 04:00:00+00:00,0.5788567512804456,0.4211432486616688,0.0,0.0,2.0,0.9593437400174569,0.0,40.8,0.00931709062590247,0.009197193674688733,0.5159413320509786,0.776985830609546,0.0005464075579192404,125.0,2.710185519833603,28.12748123960785,0.9946338957758308,,,,,,0.0
2025-10-07 08:00:00+00:00,0.7109583326552903,0.28904166727361386,0.0,0.0,2.0,0.9593437400174569,0.0,40.400000000000006,0.009266019912422235,0.009050026769066079,0.25909023995289543,0.6729145537442474,0.0005466880987586977,125.0,2.699599414950471,27.9305936676959,0.9912967389338643,,,,,,0.0
2025-10-07 12:00:00+00:00,0.21777572663522243,0.7822242732865551,0.0,0.0,2.0,0.6457172556305699,0.0,82.39999999999999,0.01145239792527141,0.013627599289667612,0.7456618740704067,0.5880279509947818,0.0005766431987603845,125.0,2.6918765343957407,27.543617333351428,0.9873266663067739,,,,,,0.0
2025-10-07 16:00:00+00:00,0.8523853972780007,0.14761460263676077,0.0,0.0,2.0,0.9593437400174569,0.0,82.8,0.011478800036650772,0.013332566037717826,0.7404502909182958,0.6086787422876323,0.0005469350085592704,125.0,2.680403120911552,27.077589748989027,0.9850228784893783,,,,,,0.0
2025-10-07 20:00:00+00:00,0.9548833876117842,0.04511661229272747,0.0,0.0,2.0,0.9593437400174569,0.0,83.2,0.011529516279463877,0.013043621729290682,0.8040305767894385,0.5707213186345667,0.0005466935567914393,125.0,2.6685452840650554,26.551578433324416,0.9775935086054633,,,,,,0.0
2025-10-08 00:00:00+00:00,0.8791787515514767,0.12082124836060544,0.0,0.0,2.0,0.9593437400174569,0.0,83.2,0.011503896635642974,0.01264811572335066,0.7987220447284363,0.5527961335938772,0.0005457246473518471,125.0,2.656162890153227,25.64411769393001,0.9674663641150746,,,,,,0.0
2025-10-08 04:00:00+00:00,0.9828251847249835,0.017174815176733936,0.0,0.0,2.0,0.9593437400174569,0.0,83.6,0.011504829864655819,0.012308468061069515,0.8643697597407171,0.6067552765668479,0.0005458726137139447,125.0,2.644274928692362,24.51771802905798,0.9605402796281354,,,,,,0.0
2025-10-08 08:00:00+00:00,0.9684685750322993,0.031531424870853766,0.0,0.0,2.0,0.9593437400174569,0.0,54.800000000000004,0.010175588793832638,0.012006434693073862,0.2243182834152889,0.718788509264067,0.0005458846294847314,125.0,2.6326559961470886,23.278843748101483,0.957656549826353,,,,,,0.0
2025-10-08 12:00:00+00:00,0.9920669808463056,0.007933019054487758,0.0,0.0,2.0,0.9593437400174569,0.0,56.8,0.010248919839489789,0.011846703577808575,0.27208658444500505,0.7754896585474936,0.0005464917628976834,125.0,2.6201064725404435,22.101376943678634,0.9597083794021696,,,,,,0.0
2025-10-08 16:00:00+00:00,0.9161526551722395,0.08384734473614511,0.0,0.0,2.0,0.9593437400174569,0.0,61.199999999999996,0.010487432215018518,0.012064990826256141,0.4316509616625758,0.663812042954984,0.0005488689980720165,125.0,2.607360707308395,21.09418151913889,0.9659072747737472,,,,,,0.0
2025-10-08 20:00:00+00:00,0.9889356723502198,0.011064327550886608,0.0,0.0,2.0,0.9593437400174569,0.0,61.199999999999996,0.010484479010996667,0.011712717420671252,0.5050604788940984,0.632942558732125,0.0005450437404069265,125.0,2.595622290319871,20.338782234563762,0.9715591128638873,,,,,,0.0
2025-10-09 00:00:00+00:00,0.5426647539749051,0.4573352459708285,0.0,0.0,2.0,0.9593437400174569,0.0,72.39999999999999,0.010788786687060367,0.012069124893431888,0.05637491385251319,0.6050939904639531,0.0005492912537625841,125.0,2.582787802080333,19.676123700794143,0.971559638728274,,,,,,0.0
2025-10-09 04:00:00+00:00,0.8879287759032185,0.11207122400798865,0.0,0.0,2.0,0.9593437400174569,0.0,73.2,0.01082669603435223,0.011778615142509627,0.2789352914180798,0.6631420019834097,0.0005451163354132231,125.0,2.569700757659819,18.96931968765077,0.970366992653063,,,,,,0.0
2025-10-09 08:00:00+00:00,0.16636508012719617,0.8336349197894404,0.0,0.0,2.0,0.6457172556305699,0.0,77.2,0.010994428798276135,0.011801205632288947,0.32050339488820445,0.6420710891905859,0.0005468171931963524,125.0,2.556389003672528,18.298507334687503,0.9733157377762083,,,,,,0.0
2025-10-09 12:00:00+00:00,0.5339887133055913,0.4660112866410097,0.0,0.0,2.0,0.9593437400174569,0.0,77.2,0.010979082405209204,0.011903335998203542,0.9005813691468766,0.6577467004848518,0.0005471584044901093,125.0,2.5428676184203316,17.773050593209074,0.9792188037603767,,,,,,0.0
2025-10-09 16:00:00+00:00,0.9001409739513286,0.09985902595865712,0.0,0.0,2.0,0.9593437400174569,0.0,73.2,0.010813627062833377,0.011617738831439616,0.7988397884320084,0.6933629607041302,0.0005447720464706847,125.0,2.5289449369801704,17.395311070660362,0.9848471432046386,,,,,,0.0
2025-10-09 20:00:00+00:00,0.6601484495422627,0.33985155039172243,0.0,0.0,2.0,0.9593437400174569,0.0,75.2,0.01087326428026494,0.0113850939068006,0.4390011638980038,0.7060143484777632,0.0005448716657350569,125.0,2.514748916805645,17.129230915886065,0.989541957607091,,,,,,0.0
2025-10-10 00:00:00+00:00,0.974229898094884,0.025770101807692923,0.0,0.0,2.0,0.9593437400174569,0.0,75.2,0.010868269851898173,0.01110018894266779,0.42823250296560145,0.6182333189982295,0.000544251705751255,125.0,2.50114575872995,16.95920558976279,0.9932197571763051,,,,,,0.0
2025-10-10 04:00:00+00:00,0.898190353296911,0.10180964661326987,0.0,0.0,2.0,0.9593437400174569,0.0,73.6,0.010826535130106969,0.010846862096249858,0.3201692524682654,0.6074100991292744,0.000544207068830479,125.0,2.4863094653768827,16.84938745084407,0.9953496428450525,,,,,,0.0
2025-10-10 08:00:00+00:00,0.990930041576183,0.00906995832472385,0.0,0.0,2.0,0.9593437400174569,0.0,74.4,0.010840222089610592,0.010579270780985639,0.24214980956411325,0.57785144417635,0.0005439921400790517,125.0,2.4713091762255397,16.767862767045123,0.9961308417362351,,,,,,0.0
2025-10-10 12:00:00+00:00,0.2413929870462244,0.758607012877915,0.0,0.0,2.0,0.6457172556305699,0.0,100.0,0.01370467703578528,0.017343955585734008,0.7031385055587054,0.6061772739273715,0.0005987040067193227,125.0,2.45974766703313,16.690475525785406,0.9955790585209141,,,,,,0.0
2025-10-10 16:00:00+00:00,0.5884530494002918,0.4115469505408629,0.0,0.0,2.0,0.9593437400174569,0.0,100.0,0.014183234978013172,0.017986681545123374,0.9010593838079517,0.6035053862384948,0.00055434150309493,125.0,2.4445019261374883,16.587802858963897,0.9943689839694523,,,,,,0.0
2025-10-10 20:00:00+00:00,0.0687042862803783,0.9312957136264921,0.0,0.0,2.0,0.6457172556305699,0.0,100.0,0.01558107250995343,0.020603293409092092,0.9280234736804904,0.6237786139085764,0.0005759097586056979,125.0,2.430403266260192,16.462168185821834,0.9951240323188417,,,,,,0.0
2025-10-11 00:00:00+00:00,0.7829741299601374,0.2170258699615652,0.0,0.0,2.0,0.9593437400174569,0.0,100.0,0.015590743459477325,0.020071470538030555,0.9288385585963452,0.6702733858558573,0.000544527167762931,125.0,2.4135035675874255,16.462168185821834,0.9967626621792819,,,,,,0.0
2025-10-11 04:00:00+00:00,0.9355080940085947,0.06449190589785456,0.0,0.0,2.0,0.9593437400174569,0.0,99.2,0.015570249400746715,0.019572575812987054,1.0,0.6923260632486835,0.0005444575789204926,125.0,2.3964160178784537,16.524221984730556,0.9797915666544461,,,,,,0.0
2025-10-11 08:00:00+00:00,0.7423987395841999,0.2576012603415602,0.0,0.0,2.0,0.9593437400174569,0.0,100.0,0.01606772366476892,0.0196893504249241,0.6165512693702606,0.6829048051285834,0.000552007986940154,125.0,2.3795245477204134,17.16568031083786,0.9599664762943404,,,,,,0.0
2025-10-11 12:00:00+00:00,0.9920864919061118,0.00791350799467947,0.0,0.0,2.0,0.9593437400174569,0.0,99.6,0.016061583460431753,0.01911727455605057,0.5143036124451871,0.7478179497653211,0.0005435040235481849,125.0,2.3620507384445917,18.204902547436593,0.9462036846489523,,,,,,0.0
2025-10-11 16:00:00+00:00,0.9893978798239543,0.010602120077105913,0.0,0.0,2.0,0.9593437400174569,0.0,100.0,0.016159659262091425,0.018998973265939408,0.2757439615675456,0.6590143226392894,0.00054727293669685,125.0,2.3444473044871534,19.571571119875266,0.9372218350675503,,,,,,0.0
2025-10-11 20:00:00+00:00,0.9759542864878288,0.024045713414575683,0.0,0.0,2.0,0.9593437400174569,0.0,99.6,0.016105003382343566,0.01843976486976409,0.21490910844303096,0.575865144877876,0.0005431290234628197,125.0,2.3266496787644444,21.224667704718453,0.9315193774741367,,,,,,0.0
2025-10-12 00:00:00+00:00,0.9586614001845138,0.041338599719619944,0.0,0.0,2.0,0.9593437400174569,0.0,99.2,0.016089071730235657,0.018022639398801738,0.10813898143740985,0.5328762417250419,0.000544723208281827,125.0,2.3076882415444753,23.143413922003592,0.9480448120219348,,,,,,0.0
2025-10-12 04:00:00+00:00,0.9328995043492874,0.0671004955574226,0.0,0.0,2.0,0.9593437400174569,0.0,98.0,0.015963071381377866,0.017715154896149818,0.0772060937050866,0.6236668018619835,0.000545521386117363,125.0,2.2880726461386653,24.070980039538966,0.9810312937357466,,,,,,0.0
2025-10-12 08:00:00+00:00,0.7182639753474623,0.28173602458071123,0.0,0.0,2.0,0.9593437400174569,0.0,97.6,0.01591980222525459,0.0171815244537201,0.026915615906886767,0.6292798606374472,0.0005425482147491885,125.0,2.267370429281245,24.070980039538966,0.9956484204892563,,,,,,0.0
2025-10-12 12:00:00+00:00,0.034340965521320814,0.9656590343821133,0.0,0.0,2.0,0.6457172556305699,0.0,100.0,0.01832118295355333,0.021361617904740244,0.8720996757993752,0.6919819675566555,0.0005951600161636049,125.0,2.2493128975213796,23.882681624336676,0.9951054697336303,,,,,,0.0
2025-10-12 16:00:00+00:00,0.2624209920815027,0.7375790078447394,0.0,0.0,2.0,0.6457172556305699,0.0,100.0,0.0187630161373593,0.021574664095972102,0.9646567579658989,0.7056975760529353,0.0005529882353968455,125.0,2.226927250347968,23.882681624336676,0.9982425672513675,,,,,,0.0
2025-10-12 20:00:00+00:00,0.9526187993644455,0.04738120054029268,0.0,0.0,2.0,0.9593437400174569,0.0,99.6,0.018745439250755752,0.02094122439612097,0.9629899536723746,0.666904088191299,0.0005427018106243236,125.0,2.202506561298199,23.889841959331868,0.9982983302805506,,,,,,0.0
2025-10-13 00:00:00+00:00,0.9689799293212654,0.031020070581836548,0.0,0.0,2.0,0.9593437400174569,0.0,99.2,0.018713152175540794,0.020314369478326457,0.8945535510390511,0.6551782381213923,0.0005423736435743058,125.0,2.1861379994773285,23.889841959331868,0.9949346667176023,,,,,,0.0
2025-10-13 04:00:00+00:00,0.9783517329679694,0.02164826693419555,0.0,0.0,2.0,0.9593437400174569,0.0,100.0,0.018792601110238276,0.019820104733573797,0.9403471000603897,0.5796157794366891,0.0005434874309608095,125.0,2.169531559657133,23.681290139012695,0.9950147117227498,,,,,,0.0
2025-10-13 08:00:00+00:00,0.9439325858747166,0.056067414030890175,0.0,0.0,2.0,0.9593437400174569,0.0,100.0,0.01901293932731267,0.020076065904104663,0.1737980042334449,0.6371741353858673,0.0005512443751242166,125.0,2.1474306726030545,23.681290139012695,0.9946798818338141,,,,,,0.0
2025-10-13 12:00:00+00:00,0.9467459326194982,0.05325406728582718,0.0,0.0,2.0,0.9593437400174569,0.0,99.2,0.018785235124641062,0.019739891589339392,0.001507468822803567,0.7412717569481696,0.0005449058847824832,125.0,2.124188028348731,23.907241931575626,0.983224515934519,,,,,,0.0
2025-10-13 16:00:00+00:00,0.8690816187294564,0.1309183811836353,0.0,0.0,2.0,0.9593437400174569,0.0,100.0,0.019269164563588115,0.020314623448245858,0.31391443548134107,0.7202310607442378,0.0005545978899921601,125.0,2.1015468776881217,24.5751976694147,0.9723546901423465,,,,,,0.0
2025-10-13 20:00:00+00:00,0.9792404672042028,0.02075953269787316,0.0,0.0,2.0,0.9593437400174569,0.0,99.6,0.019248297792487944,0.019704724204078126,0.31830063301105344,0.761732471564908,0.0005418098422280975,125.0,2.0800001512102737,25.568168178950426,0.9730125077877817,,,,,,0.0
2025-10-14 00:00:00+00:00,0.9424830593651292,0.05751694054062252,0.0,0.0,2.0,0.9593437400174569,0.0,100.0,0.019452668235402103,0.01978951323631082,0.06788313239926148,0.7244066362523508,0.0005489237109407452,125.0,2.0566978005058045,26.187305553475298,0.9881778304259132,,,,,,0.0
2025-10-14 04:00:00+00:00,0.2817919881351976,0.7182080117929815,0.0,0.0,2.0,0.6457172556305699,0.0,100.0,0.020380983229767106,0.021807734960375,0.2239804683967809,0.6787587446801884,0.0005714451464146323,125.0,2.034056684951669,26.187305553475298,0.9898617664202587,,,,,,0.0
2025-10-14 08:00:00+00:00,0.9890109766579237,0.010989023243175092,0.0,0.0,2.0,0.9593437400174569,0.0,99.6,0.020319530550072098,0.021150901500846895,0.41195166864263394,0.5816975800156775,0.0005416167961475141,125.0,2.008745430484718,25.66074665871293,0.9835716122808152,,,,,,0.0
2025-10-14 12:00:00+00:00,0.9807055893371176,0.019294410564811928,0.0,0.0,2.0,0.9593437400174569,0.0,99.2,0.01997502034508826,0.021630458053024708,0.4243110511717858,0.5651572878129275,0.0005547684508645575,125.0,1.9831521660532445,25.154481398365988,0.9872534677481473,,,,,,0.0
2025-10-14 16:00:00+00:00,0.9891861109012092,0.010813888999872198,0.0,0.0,2.0,0.9593437400174569,0.0,99.2,0.019985091864093456,0.020997416616690915,0.34747944315313256,0.5467475718906358,0.0005416513431309977,125.0,1.9565917029377466,24.88483260309052,0.9910169701293927,,,,,,0.0
2025-10-14 20:00:00+00:00,0.9962064991636734,0.003793500736705962,0.0,0.0,2.0,0.9593437400174569,0.0,99.2,0.02000201125286874,0.02040135932642666,0.08453065134099554,0.6472308854600233,0.000541667275913453,125.0,1.9285982442486664,24.606999949149003,0.9884523617329497,,,,,,0.0
2025-10-15 00:00:00+00:00,0.9898823811944842,0.010117618706527514,0.0,0.0,2.0,0.9593437400174569,0.0,99.2,0.020047020787463635,0.019948497951082975,0.48892458984469933,0.6930390831270199,0.0005428186289512853,125.0,1.9000171965664774,24.19444166795359,0.9873902284559863,,,,,,0.0
2025-10-15 04:00:00+00:00,0.9681385407561528,0.03186145914703327,0.0,0.0,2.0,0.9593437400174569,0.0,99.2,0.020107420014522558,0.01949001061541524,0.633565842316634,0.6392112931250972,0.0005424884597264937,125.0,1.8718967799239705,23.921241304033096,0.9939433583175942,,,,,,0.0
2025-10-15 08:00:00+00:00,0.9658500149358709,0.034149984967544234,0.0,0.0,2.0,0.9593437400174569,0.0,98.8,0.02008026888460008,0.018939475469227668,0.10560463832137058,0.6130050486580555,0.0005411747146295538,125.0,1.8431222667611116,23.921241304033096,0.9892291126245174,,,,,,0.0
2025-10-15 12:00:00+00:00,0.7079222158008435,0.29207778412836427,0.0,0.0,2.0,0.9593437400174569,0.0,100.0,0.020497355205585318,0.019737164002315146,0.49209822513980045,0.6502392141972426,0.0005550376788902596,125.0,1.8117463610193878,24.438245222682955,0.985903199037183,,,,,,0.0
2025-10-15 16:00:00+00:00,0.9793981011321955,0.020601898769864752,0.0,0.0,2.0,0.9593437400174569,0.0,98.8,0.020312740705249525,0.019136306341684537,0.6260543166261859,0.6033061657192932,0.0005405155867168153,125.0,1.778050005205754,24.54729026671423,0.9946584577189004,,,,,,0.0
2025-10-15 20:00:00+00:00,0.7089663334520139,0.29103366647708945,0.0,0.0,2.0,0.9593437400174569,0.0,98.4,0.0203028876012797,0.01855398990578505,0.5165912518853704,0.6396904571992422,0.0005403045750180526,125.0,1.7415552158293044,24.54729026671423,0.9888394025406089,,,,,,0.0
2025-10-16 00:00:00+00:00,0.950950114659982,0.04904988524492304,0.0,0.0,2.0,0.9593437400174569,0.0,98.0,0.020246296844505383,0.018076942683692747,0.6137796629599903,0.6515468757079497,0.0005410117167246539,125.0,1.709727984539716,24.100345228034872,0.984431910268188,,,,,,0.0
2025-10-16 04:00:00+00:00,0.7723046209347972,0.22769537898797232,0.0,0.0,2.0,0.9593437400174569,0.0,97.6,0.020240623163847095,0.017537857987213128,0.5877638421535638,0.7463694482408755,0.0005401106763679609,125.0,1.675141676760306,23.62867586725754,0.9837150252686836,,,,,,0.0
2025-10-16 08:00:00+00:00,0.7814428413659849,0.21855715855587077,0.0,0.0,2.0,0.9593437400174569,0.0,99.2,0.02034244232234139,0.017365182638077174,0.7955947136563868,0.8048789889848608,0.0005431689136690452,125.0,1.6377888278214905,23.157789908929274,0.9836069842137288,,,,,,0.0
2025-10-16 12:00:00+00:00,0.47507018267016937,0.5249298172773377,0.0,0.0,2.0,0.6457172556305699,0.0,100.0,0.021071983581775016,0.019362204229802872,0.29832524651745285,0.7694421418678768,0.0005655886758238255,125.0,1.5942686850517744,22.698653311500216,0.9846443686986541,,,,,,0.0
2025-10-16 16:00:00+00:00,0.8045534952757981,0.19544650464374652,0.0,0.0,2.0,0.9593437400174569,0.0,99.6,0.021067531740895925,0.018933249233281893,0.40342348510783976,0.7147151600507581,0.000541348065021514,125.0,1.554521759782058,22.304018062719035,0.9873402905882204,,,,,,0.0
2025-10-16 20:00:00+00:00,0.9725939801188874,0.027406019783853163,0.0,0.0,2.0,0.9593437400174569,0.0,99.2,0.02106697848263681,0.018430026430535974,0.41828120675339026,0.7245913076359645,0.000540269464406588,125.0,1.5073728134296112,22.00834718614356,0.9878618710634656,,,,,,0.0
2025-10-17 00:00:00+00:00,0.9843609812545767,0.01563901864698713,0.0,0.0,2.0,0.9593437400174569,0.0,100.0,0.02115635648554599,0.01803827162906653,0.22338217722155798,0.6112893634712127,0.000541073823201784,125.0,1.4698310527260858,21.651233115279492,0.9835699031437884,,,,,,0.0
2025-10-17 04:00:00+00:00,0.19814156161481103,0.8018584383050033,0.0,0.0,2.0,0.6457172556305699,0.0,100.0,0.022197922659752976,0.020800715603703973,0.7001259590060681,0.41838249578790926,0.0005749788460947556,125.0,1.4266298961801993,21.143375365413718,0.9811287330610529,,,,,,0.0
2025-10-17 08:00:00+00:00,0.8668361686707752,0.1331638312425411,0.0,0.0,2.0,0.9593437400174569,0.0,100.0,0.022207411731734895,0.020215524490960802,0.42530558308556154,0.44115849580602057,0.0005400356683341169,125.0,1.3810979279069633,20.673541673606096,0.9877789439935365,,,,,,0.0
2025-10-17 12:00:00+00:00,0.9895228254690082,0.010477174432039611,0.0,0.0,2.0,0.9593437400174569,0.0,97.6,0.02054636418592658,0.019641157423273697,0.24686783130403997,0.5080466396569001,0.0005397470252332378,125.0,1.3285537362418745,20.673541673606096,0.9932230926100449,,,,,,0.0
2025-10-17 16:00:00+00:00,0.9959211506659342,0.004078849234473653,0.0,0.0,2.0,0.9593437400174569,0.0,94.0,0.020235727778237345,0.019141088296453532,0.2291260784859453,0.592481679114094,0.000540247845571414,125.0,1.2791363389254058,20.89367299389101,0.9779171636635224,,,,,,0.0
2025-10-17 20:00:00+00:00,0.991475254241303,0.008524745659549453,0.0,0.0,2.0,0.9593437400174569,0.0,90.0,0.019017107083695972,0.01855959174850326,0.4028191383760187,0.6712006080180497,0.0005390069377840345,125.0,1.222837465772216,21.665173756301424,0.9654011866034129,,,,,,0.0
2025-10-18 00:00:00+00:00,0.985098873245226,0.014901126656264209,0.0,0.0,2.0,0.9593437400174569,0.0,90.0,0.019035467071807564,0.018164599494638112,1.0,0.6986694298238687,0.0005406703882892076,125.0,1.1634972178030123,22.73027257265875,0.9713784285464556,,,,,,0.0
2025-10-18 04:00:00+00:00,0.9998398606272398,0.00016013927277613312,0.0,0.0,2.0,0.9593437400174569,0.0,88.8,0.018996185504264632,0.017663322321393463,1.0,0.6499247969089552,0.0005393184964849779,125.0,1.0993537797028925,23.063042452917102,0.9913013169387485,,,,,,0.0
2025-10-18 08:00:00+00:00,0.9995802466374044,0.000419753262637579,0.0,0.0,2.0,0.9593437400174569,0.0,86.8,0.018719913189093048,0.01713611750024424,0.8139043595160428,0.624295153504758,0.0005387488265771156,125.0,1.0306699114841995,23.063042452917102,0.9888070593016894,,,,,,0.0
2025-10-18 12:00:00+00:00,0.9994652638352816,0.00053473606477192,0.0,0.0,2.0,0.9593437400174569,0.0,86.0,0.01870825449666228,0.01661683641851875,0.632440665059017,0.5374961741729497,0.0005385985504653727,125.0,0.9563716347323814,22.605209885075652,0.982982282807491,,,,,,0.0
2025-10-18 16:00:00+00:00,0.9996679645947083,0.00033203530532489536,0.0,0.0,2.0,0.9593437400174569,0.0,85.6,0.018512564014442418,0.016140674376293934,0.6802473225129736,0.5766106169169078,0.0005388278414138545,125.0,0.8754646910752377,22.121234709830354,0.9857035231217698,,,,,,0.0
2025-10-18 20:00:00+00:00,0.9989499663374467,0.0010500335626582947,0.0,0.0,2.0,0.9593437400174569,0.0,85.2,0.018502967321750365,0.015651634220090027,0.3207479964381182,0.7222026916247467,0.0005385216857531871,125.0,0.7870017296771796,21.836803945820222,0.9936544784563318,,,,,,0.0
2025-10-19 00:00:00+00:00,0.9994127788481222,0.0005872210519364292,0.0,0.0,2.0,0.9593437400174569,0.0,84.8,0.01846468945369887,0.015215529203091554,0.2717204506396825,0.7082943681360913,0.0005389314638267799,125.0,0.6901036003757927,21.836803945820222,0.997586540807565,,,,,,0.0
2025-10-19 04:00:00+00:00,0.999375715355377,0.0006242845446854898,0.0,0.0,2.0,0.9593437400174569,0.0,84.39999999999999,0.01839767655464631,0.01479535478850364,0.09756097560975006,0.7337072417899889,0.0005390343879329019,125.0,0.5785530162934592,21.93717329901104,0.997106475410227,,,,,,0.0
2025-10-19 08:00:00+00:00,0.7775343522224499,0.22246564769979665,0.0,0.0,2.0,0.9593437400174569,0.0,84.39999999999999,0.018442722389272265,0.014516491141156634,0.5056351898457198,0.7453027918622785,0.0005405991974376311,125.0,0.45896990431177265,21.93717329901104,0.9957902392008616,,,,,,0.0
2025-10-19 12:00:00+00:00,0.7403187156338489,0.2596812842921191,0.0,0.0,2.0,0.9593437400174569,0.0,83.2,0.016508817406498545,0.014486794361940308,0.6554564172958172,0.6878938331199488,0.0005435972708486444,125.0,0.3118925286678724,21.754966944186542,0.988570090611352,,,,,,0.0
2025-10-19 16:00:00+00:00,0.9076480691000476,0.09235193080918762,0.0,0.0,2.0,0.9593437400174569,0.0,80.80000000000001,0.01603438660415264,0.014052221970542143,0.7305792546026042,0.6173367449387703,0.0005443752622323685,125.0,0.19639697020237376,21.363490883918107,0.9841657277264904,,,,,,0.0
2025-10-19 20:00:00+00:00,0.9999999998997613,2.3874172190883937e-13,0.0,0.0,2.0,0.9519350073165693,0.0,80.4,0.016015309669029937,0.013626400385220205,0.6325748103692603,0.57292477232552,0.0005699111938804989,125.0,0.6293070468407147,20.92734426680914,0.9849611362857781,,,,,,0.0
2025-10-20 00:00:00+00:00,0.9935822643429217,0.006417735557719888,0.0,0.0,2.0,0.9519350073165693,0.0,82.39999999999999,0.01612433848250486,0.013498805049804944,0.9451310607089507,0.513512969046616,0.0005712434219991877,125.0,0.7639813792444188,20.59358784526822,0.990000961424551,,,,,,0.0
2025-10-20 04:00:00+00:00,0.9994836952537008,0.0005163046463507724,0.0,0.0,2.0,0.9519350073165693,0.0,81.6,0.016094914875897304,0.013193226796057453,0.9419706980752663,0.7403602741026333,0.0005683944630571083,125.0,0.8637497997702451,20.504822859732492,0.9967657461141405,,,,,,0.0
2025-10-20 08:00:00+00:00,0.9994525124268336,0.0005474874732211626,0.0,0.0,2.0,0.9519350073165693,0.0,78.4,0.01569674497403439,0.012851638219497911,0.5294004979888882,0.717995506990419,0.0005663450364439346,125.0,0.9386098006061364,20.504822859732492,0.9912300049250715,,,,,,0.0
2025-10-20 12:00:00+00:00,0.9987474183655337,0.0012525815345915366,0.0,0.0,2.0,0.9519350073165693,0.0,77.60000000000001,0.015583354848496126,0.0125945342796412,0.1420276208411794,0.633387139017234,0.0005657986467903532,125.0,1.0154096842701068,20.84589143543218,0.9814965319727068,,,,,,0.0
2025-10-20 16:00:00+00:00,0.9974274403169469,0.0025725595833102854,0.0,0.0,2.0,0.9519350073165693,0.0,76.4,0.014930899783820764,0.012299022565366007,0.012283678316932112,0.6260906739654808,0.000564493080048601,125.0,1.0873677728652567,21.441999297496928,0.971122561134103,,,,,,0.0
2025-10-20 20:00:00+00:00,0.9987004177108887,0.0012995821892412176,0.0,0.0,2.0,0.9519350073165693,0.0,76.4,0.014931507176550396,0.011924589224952563,0.467957405614715,0.6178436782672122,0.0005628933099723688,125.0,1.149115820812956,22.358862508247782,0.9675980594030911,,,,,,0.0
2025-10-21 00:00:00+00:00,0.9973798458462354,0.0026201540540265016,0.0,0.0,2.0,0.9519350073165693,0.0,75.6,0.014748774472987775,0.012074078415500325,1.0,0.5628106934828654,0.0005652206766147827,125.0,1.211809284582293,23.2146145796914,0.977760779393216,,,,,,0.0
2025-10-21 04:00:00+00:00,0.99840150281913,0.0015984970810298427,0.0,0.0,2.0,0.9519350073165693,0.0,74.4,0.013302709563286493,0.011865453640312199,1.0,0.5320541515641743,0.0005622119938116207,125.0,1.2714790255172246,23.482838202467324,0.9933665132204851,,,,,,0.0
2025-10-21 08:00:00+00:00,0.999457106579489,0.0005428933205651644,0.0,0.0,2.0,0.9519350073165693,0.0,74.0,0.013299788126935419,0.011504810873433888,1.0,0.6100282658030791,0.0005605036700790006,125.0,1.3292445363386733,23.482838202467324,0.9914821158797991,,,,,,0.0
2025-10-21 12:00:00+00:00,0.012388576985923811,0.9876114229153151,0.0,0.0,2.0,0.8992120256599807,0.0,75.2,0.014648915626182538,0.016245488899385593,0.3597140126712193,0.7262427811174486,0.0006008373763025008,125.0,1.3995245204934599,23.11894286521919,0.9885993263186288,,,,,,0.0
2025-10-21 16:00:00+00:00,0.03550187383700424,0.964498126066546,0.0,0.0,2.0,0.8992120256599807,0.0,76.4,0.014996985989543025,0.0165995097278574,0.044878420279606174,0.7861570924023791,0.0005683379549106955,125.0,1.467284709855357,22.838234873030427,0.994144190162742,,,,,,0.0
2025-10-21 20:00:00+00:00,0.024449932103728048,0.9755500677987168,0.0,0.0,2.0,0.8992120256599807,0.0,78.0,0.015688158834434515,0.017822730351721487,0.11577590572204524,0.7698126551301511,0.0005763782093866726,125.0,1.5407618833457284,22.838234873030427,0.9996061783685193,,,,,,0.0
2025-10-22 00:00:00+00:00,0.12735399006601505,0.8726460098467205,0.0,0.0,2.0,0.8992120256599807,0.0,77.60000000000001,0.015625854697470378,0.017299321743283455,0.0777356316320164,0.8000331548897661,0.0005601335152108543,125.0,1.6101042111026524,22.83016901928465,0.9960898703575796,,,,,,0.0
2025-10-22 04:00:00+00:00,0.25882943508549666,0.7411705648403861,0.0,0.0,2.0,0.8992120256599807,0.0,75.6,0.01553745236465644,0.016781449548261728,0.05072326746714579,0.7302053000537412,0.0005591304570378827,125.0,1.6728144176330204,22.653069906501777,0.9863778637598221,,,,,,0.0
2025-10-22 08:00:00+00:00,0.08229137665709102,0.9177086232511381,0.0,0.0,2.0,0.8992120256599807,0.0,76.8,0.015587537501717737,0.016466891370109083,0.9355362746907881,0.6602783051346731,0.0005602381738404943,125.0,1.78556888838933,22.1242719278959,0.9756390900661798,,,,,,0.0
2025-10-22 12:00:00+00:00,0.767693200703566,0.23230679921966468,0.0,0.0,2.0,0.9519350073165693,0.0,74.4,0.014964565251168991,0.015985887543109065,0.7825447537907597,0.5366349375159268,0.0005584957755630385,125.0,1.8905703546951576,21.34576698706738,0.9728091940647573,,,,,,0.0
2025-10-22 16:00:00+00:00,0.8821738448969529,0.11782615501482967,0.0,0.0,2.0,0.9519350073165693,0.0,74.8,0.015025266911502248,0.015681372957381833,0.6153225082981967,0.5492531866432908,0.0005587171246215851,125.0,2.0011949429171265,20.701698194938693,0.9841725689492145,,,,,,0.0
2025-10-22 20:00:00+00:00,0.99932681110171,0.0006731887983572864,0.0,0.0,2.0,0.9519350073165693,0.0,74.4,0.015024579856044553,0.015203926373095599,0.542588329496548,0.6242818088650754,0.0005568490479124847,125.0,2.1165114772420774,20.701698194938693,0.9935579653178156,,,,,,0.0
2025-10-23 00:00:00+00:00,0.9995321421644943,0.0004678577355526191,0.0,0.0,2.0,0.9519350073165693,0.0,74.0,0.015003621104609453,0.014803777604507873,0.37080850306857704,0.6699659856507796,0.000556857932121392,125.0,2.2314659203233256,20.919410597160407,0.9770638802472277,,,,,,0.0
2025-10-23 04:00:00+00:00,0.9849118084577089,0.015088191443799893,0.0,0.0,2.0,0.9519350073165693,0.0,74.8,0.015185812378607576,0.01476638973092468,0.4147530670022028,0.530974347354115,0.0005592751430495386,125.0,2.3382884123830294,21.74698235663721,0.9740828304540933,,,,,,0.0
2025-10-23 08:00:00+00:00,0.9965445910873493,0.0034554088129962806,0.0,0.0,2.0,0.9519350073165693,0.0,73.6,0.015006024847352285,0.014361287335333274,0.16720816018133772,0.5697200293028281,0.0005549803091880221,125.0,2.4318401656167734,22.133946824294775,0.9897493671175297,,,,,,0.0
2025-10-23 12:00:00+00:00,0.9983683585290274,0.0016316413711358528,0.0,0.0,2.0,0.9519350073165693,0.0,70.0,0.013773619891370043,0.013948133880222563,0.668978270920017,0.6351387062466701,0.0005545629211605877,125.0,2.5163685027598857,22.133946824294775,0.9857831682832495,,,,,,0.0
2025-10-23 16:00:00+00:00,0.9983838230174527,0.0016161768827089751,0.0,0.0,2.0,0.9519350073165693,0.0,69.19999999999999,0.013702566600635567,0.013566949669677766,0.43382827630729653,0.6044478331167935,0.0005539351570385389,125.0,2.5902400853337078,21.558266687820698,0.9742954332314833,,,,,,0.0
2025-10-23 20:00:00+00:00,0.99833374240721,0.001666257492956598,0.0,0.0,2.0,0.9519350073165693,0.0,68.8,0.013660916403855925,0.013154588892728959,0.28559201141226986,0.5398677925134538,0.0005533854624007811,125.0,2.6508885383239065,20.785500897874204,0.9694115606386682,,,,,,0.0
2025-10-24 00:00:00+00:00,0.9984765917933911,0.001523408106761146,0.0,0.0,2.0,0.9519350073165693,0.0,68.4,0.013639422642689563,0.012936240408964133,0.11404646774383387,0.6185228045207227,0.000554722967207547,125.0,2.701605082758199,20.001193342965212,0.9703869359727615,,,,,,0.0
2025-10-24 04:00:00+00:00,0.998575504853453,0.0014244950466895544,0.0,0.0,2.0,0.9519350073165693,0.0,67.2,0.011767601033637538,0.013059339929887323,0.6856914468425269,0.7157397605962597,0.0005570213908379872,125.0,2.7429652272085456,19.333416588240887,0.9769497616276434,,,,,,0.0
2025-10-24 08:00:00+00:00,0.9993599147394893,0.0006400851605747564,0.0,0.0,2.0,0.9519350073165693,0.0,66.8,0.011749001619853877,0.012662560156236555,0.6112612219994803,0.669864041555118,0.0005526099361466719,125.0,2.7699295874339884,18.914368074082454,0.9861404288370943,,,,,,0.0
2025-10-24 12:00:00+00:00,0.9728294843443894,0.027170515558327526,0.0,0.0,2.0,0.9519350073165693,0.0,67.2,0.011978901570878846,0.012800053291104313,0.18911617136240944,0.6034398559501761,0.0005553889985390341,125.0,2.791538075079057,18.69989626053727,0.9910881642522463,,,,,,0.0
2025-10-24 16:00:00+00:00,0.9932865309688672,0.006713468931804097,0.0,0.0,2.0,0.9519350073165693,0.0,67.2,0.012007350807846012,0.012631797058074287,0.3644712673838892,0.6605054123084568,0.0005540626154794679,125.0,2.804582616584712,18.506184495436422,0.9908059655136433,,,,,,0.0
2025-10-24 20:00:00+00:00,0.9954926996812499,0.00450730021920098,0.0,0.0,2.0,0.9519350073165693,0.0,67.2,0.0120096490839268,0.012258522501917675,0.2654373407739919,0.6890235142879843,0.0005521215004657362,125.0,2.8120200646705644,18.28367236415632,0.9914370753061317,,,,,,0.0
2025-10-25 00:00:00+00:00,0.9935249589142149,0.006475040986432497,0.0,0.0,2.0,0.9519350073165693,0.0,66.0,0.01193061662312808,0.01191604005663561,0.2342828668715229,0.6528732129773734,0.0005518067877733815,125.0,2.8158655531564785,18.135322951152727,0.99599815305976,,,,,,0.0
2025-10-25 04:00:00+00:00,0.9977584104640594,0.0022415894361646747,0.0,0.0,2.0,0.9519350073165693,0.0,65.60000000000001,0.011905311450258485,0.011563446856664134,0.14096951365119814,0.5678244622266668,0.0005516572491195377,125.0,2.8165498735437797,18.135322951152727,0.9946438216128868,,,,,,0.0
2025-10-25 08:00:00+00:00,0.9974907549992531,0.002509244900997907,0.0,0.0,2.0,0.9519350073165693,0.0,65.2,0.011904320609507881,0.011233519404949427,0.6520419774939893,0.5779096370169357,0.0005515434376708908,125.0,2.814918115460039,18.336184354598316,0.9877055872612829,,,,,,0.0
2025-10-25 12:00:00+00:00,0.9998260134837279,0.00017398641628960562,0.0,0.0,2.0,0.9519350073165693,0.0,65.60000000000001,0.011906585647254771,0.010900467637424699,0.14004106776180955,0.7214167866741613,0.0005510720687610871,125.0,2.811303725828199,18.682566789560248,0.9835483566700002,,,,,,0.0
2025-10-25 16:00:00+00:00,0.9998406545208691,0.00015934537914677124,0.0,0.0,2.0,0.9519350073165693,0.0,65.60000000000001,0.01192812302429395,0.010678007179120517,0.3531047265987032,0.7239706996593552,0.0005517383589237571,125.0,2.8060160031842,19.089064816561553,0.9841681859278588,,,,,,0.0
2025-10-25 20:00:00+00:00,0.999414358744821,0.0005856411552375023,0.0,0.0,2.0,0.9519350073165693,0.0,65.2,0.011927466863081099,0.01035538797682946,0.5991237677984674,0.582472962698182,0.0005506397170640603,125.0,2.799294555348964,19.420601294393396,0.9883517157435282,,,,,,0.0
2025-10-26 00:00:00+00:00,0.9990862835323872,0.0009137163677042559,0.0,0.0,2.0,0.9519350073165693,0.0,66.0,0.011944841515305652,0.010135137939489355,0.03842819994221099,0.5816902999774267,0.000550751553732771,125.0,2.792210634461805,19.638167839390697,0.9913440715915934,,,,,,0.0
2025-10-26 04:00:00+00:00,0.9996284355862485,0.00037156431378856865,0.0,0.0,2.0,0.9519350073165693,0.0,65.60000000000001,0.011943474327089929,0.00990295771494542,0.14248904921411873,0.6130299203684617,0.0005508818102503248,125.0,2.786098180935626,19.836702091559236,0.9912315337850583,,,,,,0.0
2025-10-26 08:00:00+00:00,0.9602183047160171,0.03978169518796097,0.0,0.0,2.0,0.9519350073165693,0.0,67.2,0.012391824645683008,0.011177284327820244,0.6813186813186781,0.6050088885277383,0.0005598658477012038,125.0,2.779977251820707,20.064106525339763,0.991069867623073,,,,,,0.0
2025-10-26 12:00:00+00:00,0.9754660136606189,0.02453398624183437,0.0,0.0,2.0,0.9519350073165693,0.0,66.8,0.012261284474657647,0.010990722258570472,0.6922169811320719,0.5527889584775965,0.0005511442851640616,125.0,2.771316721889329,20.27537312495521,0.9915760765957661,,,,,,0.0
2025-10-26 16:00:00+00:00,0.9911262407938704,0.008873759107017123,0.0,0.0,2.0,0.9519350073165693,0.0,66.8,0.012264598959692872,0.01066391901306797,0.6621300747089818,0.6522656068938087,0.0005498126611596886,125.0,2.762488900057608,20.482439017196995,0.9917506134254788,,,,,,0.0
2025-10-26 20:00:00+00:00,0.9388497091939095,0.06115029071220545,0.0,0.0,2.0,0.9519350073165693,0.0,67.2,0.012695870269565963,0.011641069041781674,0.9427881412391748,0.727149181153925,0.0005580691263399352,125.0,2.753961925556166,20.689255720329996,0.99086749844362,,,,,,0.0
2025-10-27 00:00:00+00:00,0.9928389763416378,0.007161023559078241,0.0,0.0,2.0,0.9519350073165693,0.0,66.8,0.012693765771184334,0.011615448878019402,0.9485836171088584,0.7813965047787697,0.0005518343039137571,125.0,2.7440547615624467,20.944766142878503,0.9826014492729074,,,,,,0.0
2025-10-27 04:00:00+00:00,0.9858488413306592,0.014151158570755927,0.0,0.0,2.0,0.9519350073165693,0.0,66.4,0.012663443830183946,0.011263150299578355,0.8861531511181394,0.7443174590584307,0.0005493097686426146,125.0,2.7330187164874293,21.562338728498606,0.9659771723838004,,,,,,0.0
2025-10-27 08:00:00+00:00,0.9878902667905285,0.01210973311068242,0.0,0.0,2.0,0.9519350073165693,0.0,67.2,0.01273105822782574,0.011162510197817542,0.4675617615467266,0.7159869551641368,0.0005503096518881185,125.0,2.7214731289507523,22.729046902141075,0.9502395867550063,,,,,,0.0
2025-10-27 12:00:00+00:00,0.9890501733982334,0.010949826502861592,0.0,0.0,2.0,0.9519350073165693,0.0,66.0,0.012666870140872791,0.010840863812370248,0.5506918503709172,0.6705231133448928,0.0005491203859196882,125.0,2.71244687293387,24.33896937388623,0.9413492160100767,,,,,,0.0
2025-10-27 16:00:00+00:00,0.9835301900179126,0.016469809883734466,0.0,0.0,2.0,0.9519350073165693,0.0,65.2,0.012633099652854238,0.010583502777870894,0.2968299711815581,0.6435186030720347,0.0005492879227422885,125.0,2.701439632989982,26.235515840065144,0.9405541589492425,,,,,,0.0
2025-10-27 20:00:00+00:00,0.9500627957134256,0.04993720419156819,0.0,0.0,2.0,0.9519350073165693,0.0,67.2,0.01296927588961405,0.011148659354074858,0.5704092622509429,0.5458332520325855,0.0005532926591691761,125.0,2.689742178762684,28.16052070049274,0.9612390301488014,,,,,,0.0
2025-10-28 00:00:00+00:00,0.9951662293736494,0.004833770526834027,0.0,0.0,2.0,0.9519350073165693,0.0,66.8,0.01280227502357591,0.010919690137600715,0.6275242208474389,0.5626726394753863,0.0005488676306968386,125.0,2.6766658133900867,28.495619174361458,0.9914957614155305,,,,,,0.0
2025-10-28 04:00:00+00:00,0.9942798582065175,0.005720141694054456,0.0,0.0,2.0,0.9519350073165693,0.0,66.4,0.012741923806050187,0.01067474623630172,0.2917986169456516,0.5853405549766778,0.0005487892668195495,125.0,2.6627640260016037,28.495619174361458,0.9844244272189773,,,,,,0.0
2025-10-28 08:00:00+00:00,0.9975480942664063,0.0024519056338388593,0.0,0.0,2.0,0.9519350073165693,0.0,66.4,0.012744994857063287,0.010354272810344511,0.4096756901634978,0.6227615889615703,0.0005479023288776727,125.0,2.6476636663922184,27.714662927430354,0.9733619821504482,,,,,,0.0
2025-10-28 12:00:00+00:00,0.9921828484572248,0.007817151443556837,0.0,0.0,2.0,0.9519350073165693,0.0,41.6,0.01038381430067413,0.010077443856359423,0.6796191276342541,0.5395591890253171,0.0005479785892549821,125.0,2.645548323420731,26.697548346758644,0.9723271726125476,,,,,,0.0
2025-10-28 16:00:00+00:00,0.9912616533115545,0.008738346589319363,0.0,0.0,2.0,0.9519350073165693,0.0,39.6,0.010078596886981463,0.010378191872907451,0.6395999054894893,0.5869268157390328,0.0005506807537906069,125.0,2.633725423636194,25.90454298830185,0.9769023628226229,,,,,,0.0
2025-10-28 20:00:00+00:00,0.9936949137355882,0.006305086165042304,0.0,0.0,2.0,0.9519350073165693,0.0,27.200000000000003,0.009099142573043879,0.010703312725731318,0.7152103559870582,0.585471569896798,0.0005507624369452502,125.0,2.6216873722649168,25.23130689814469,0.9785124829295804,,,,,,0.0
2025-10-29 00:00:00+00:00,0.9963458677298499,0.0036541321705154425,0.0,0.0,2.0,0.9519350073165693,0.0,26.8,0.00909686811085857,0.010438910395041674,0.76395289298515,0.5952551267041872,0.0005478565604445652,125.0,2.6091330122275145,24.576254652763964,0.9795729710999141,,,,,,0.0
2025-10-29 04:00:00+00:00,0.9948381188215949,0.005161881078921213,0.0,0.0,2.0,0.9519350073165693,0.0,27.6,0.009139392448004229,0.01025277473621109,0.49083342706107236,0.5842274241575428,0.0005481036628121747,125.0,2.596485989762203,24.00114661522723,0.980912758587128,,,,,,0.0
2025-10-29 08:00:00+00:00,0.9938530737912851,0.0061469261093297575,0.0,0.0,2.0,0.9519350073165693,0.0,24.8,0.008991519673771903,0.009975442567153584,0.48775106082036795,0.6101291580531044,0.0005471332109390381,125.0,2.583280365192835,23.453786867418465,0.9802584036777688,,,,,,0.0
2025-10-29 12:00:00+00:00,0.9923612836526254,0.007638716248138458,0.0,0.0,2.0,0.9519350073165693,0.0,29.599999999999998,0.009311903653128242,0.010328916972395876,0.49011657374556583,0.6752082765652638,0.000550042687805317,125.0,2.570009774801209,22.867836674257298,0.9810967098079497,,,,,,0.0
2025-10-29 16:00:00+00:00,0.9856760317054026,0.014323968196029843,0.0,0.0,2.0,0.9519350073165693,0.0,30.8,0.009376296617794292,0.01042917155681962,0.4498055420515314,0.6335619806587018,0.000548684087417817,125.0,2.557930758260187,22.395198589508137,0.9873591545330368,,,,,,0.0
2025-10-29 20:00:00+00:00,0.9965115886474233,0.003488411252925534,0.0,0.0,2.0,0.9519350073165693,0.0,30.8,0.009378844552938954,0.010113402670125386,0.6405412647374066,0.572071963603549,0.0005465153628785545,125.0,2.5440657215113895,22.251633988858657,0.9961231612316825,,,,,,0.0
2025-10-30 00:00:00+00:00,0.9959602644322949,0.004039735468109139,0.0,0.0,2.0,0.9519350073165693,0.0,31.6,0.009421761038147833,0.010009486765829528,0.5839855119332524,0.6462360942261113,0.0005476523203142805,125.0,2.5320069615163465,22.251633988858657,0.9934111450661971,,,,,,0.0
2025-10-30 04:00:00+00:00,0.9965205460242056,0.0034794538761422026,0.0,0.0,2.0,0.9519350073165693,0.0,26.400000000000002,0.009178188976237246,0.009710904832724241,0.4841703056768578,0.6600307988465565,0.0005462302182351343,125.0,2.517832068557543,22.52746546667703,0.9881383718459612,,,,,,0.0
2025-10-30 08:00:00+00:00,0.9918294599698465,0.008170539930970647,0.0,0.0,2.0,0.9519350073165693,0.0,31.6,0.009451365565945976,0.010107256348161106,0.48328890711503164,0.6678054987740036,0.0005493505534416371,125.0,2.5038253688414316,22.904537378269456,0.9843559654257497,,,,,,0.0
2025-10-30 12:00:00+00:00,0.5144591064045607,0.48554089354399343,0.0,0.0,2.0,0.9519350073165693,0.0,42.0,0.010394709399693714,0.011990566304251568,0.6357153182672398,0.6005185180277753,0.0005582345916491307,125.0,2.4898589866899186,23.40388820056466,0.9780631897815649,,,,,,0.0
2025-10-30 16:00:00+00:00,0.5082869069593304,0.49171309298984095,0.0,0.0,2.0,0.9519350073165693,0.0,52.0,0.010948254145621138,0.012936011809288018,0.7399649159013533,0.6116482513606394,0.0005538228597194728,125.0,2.4739028282002926,24.158081025777285,0.971101038887857,,,,,,0.0
2025-10-30 20:00:00+00:00,0.03738595809404768,0.962614041809691,0.0,0.0,2.0,0.8992120256599807,0.0,62.0,0.012041864498072872,0.01471240404212341,0.34494310326491495,0.690477488200737,0.0005627062009998348,125.0,2.4584149643014457,25.114771617222807,0.9669680404887262,,,,,,0.0
2025-10-31 00:00:00+00:00,0.06550337193695699,0.9344966279695933,0.0,0.0,2.0,0.8992120256599807,0.0,60.8,0.012003833506530307,0.01435279784332586,0.2797510625379478,0.6502645905260249,0.0005461762668144927,125.0,2.4388324901660328,26.192215919337894,0.9627327837489821,,,,,,0.0
2025-10-31 04:00:00+00:00,0.05155154225623619,0.9484484576489189,0.0,0.0,2.0,0.8992120256599807,0.0,56.39999999999999,0.011761271966445268,0.013916046355341237,0.14799822721229183,0.5528632934443117,0.0005450407722001082,125.0,2.4160752000021253,27.509043852270835,0.9578178387184153,,,,,,0.0
2025-10-31 08:00:00+00:00,0.037601134831067765,0.9623988650726922,0.0,0.0,2.0,0.8992120256599807,0.0,56.8,0.011901825175053,0.013763048259154668,0.3679279806777424,0.5619519124097492,0.0005466923953923099,125.0,2.3889630355514515,29.039266730073017,0.9567930779372105,,,,,,0.0
2025-10-31 12:00:00+00:00,0.16146072174926437,0.8385392781668817,0.0,0.0,2.0,0.8992120256599807,0.0,55.2,0.011695744542273939,0.013371450744328904,0.8646181473537173,0.5531593283216969,0.0005447384016467321,125.0,2.3864181504579967,30.582874588390165,0.9600052525167526,,,,,,0.0
2025-10-31 16:00:00+00:00,0.9475249741704413,0.05247502573480617,0.0,0.0,2.0,0.9519350073165693,0.0,54.800000000000004,0.01164616051302188,0.013070685692462803,0.751578947368418,0.5818976933294397,0.0005450112268527887,125.0,2.367392312465421,32.03177867761441,0.9684971311564738,,,,,,0.0
2025-10-31 20:00:00+00:00,0.9975192982640717,0.0024807016361764133,0.0,0.0,2.0,0.9519350073165693,0.0,55.2,0.011734877821550464,0.012905066153820668,0.15308280462014118,0.5768136987969207,0.000545858689511317,125.0,2.361668186133193,33.02917382199598,0.9836976297961492,,,,,,0.0
2025-11-01 00:00:00+00:00,0.9995322380560758,0.00046776184397102146,0.0,0.0,2.0,0.9519350073165693,0.0,55.2,0.01174155742104106,0.012541672374458536,0.22696562476798687,0.7263761070803858,0.000544217120331686,125.0,2.3438497371143407,33.254943639126324,0.9967236215560978,,,,,,0.0
2025-11-01 04:00:00+00:00,0.9995039482921662,0.0004960516078834038,0.0,0.0,2.0,0.9519350073165693,0.0,54.800000000000004,0.011735650003024511,0.012159688365811033,0.1388499298737722,0.7510407127280849,0.000543818772090273,125.0,2.32539231722939,33.26437260801332,0.9938545309327576,,,,,,0.0
2025-11-01 08:00:00+00:00,0.9997322591458655,0.0002677407541612286,0.0,0.0,2.0,0.9519350073165693,0.0,55.2,0.011747768957477851,0.01183717033826773,0.18244370308590652,0.7643886918443729,0.0005439581112570981,125.0,2.3100718240181086,33.695063431620554,0.9909406795495104,,,,,,0.0
2025-11-01 12:00:00+00:00,0.9997591590483095,0.00024084085171467506,0.0,0.0,2.0,0.9519350073165693,0.0,56.39999999999999,0.011767964001154901,0.011526108371093182,0.09361997226075368,0.7567848107926725,0.0005437510274379374,125.0,2.29049000512897,33.695063431620554,0.9933139052145468,,,,,,0.0
2025-11-01 16:00:00+00:00,0.9997258882373213,0.0002741116627059671,0.0,0.0,2.0,0.9519350073165693,0.0,53.6,0.011735140930516088,0.011213176495005967,0.5090909090909117,0.7974331038909693,0.000543488457157108,125.0,2.272377934817664,33.44611983696382,0.9797246065264004,,,,,,0.0
2025-11-01 20:00:00+00:00,0.9998329009409632,0.00016709895905342066,0.0,0.0,2.0,0.9519350073165693,0.0,54.0,0.011736203830501104,0.010878639093304446,0.21945046999276638,0.7352386183801465,0.0005430617450795299,125.0,2.250997997632835,32.37268830609943,0.9689243700294458,,,,,,0.0
2025-11-02 00:00:00+00:00,0.9997705271897102,0.00022947271031276945,0.0,0.0,2.0,0.9519350073165693,0.0,52.400000000000006,0.0117126116511049,0.010556800029866021,0.32361043590989536,0.670037366249061,0.0005428413613950943,125.0,2.22805533031504,30.995879171408266,0.9615410536784884,,,,,,0.0
2025-11-02 04:00:00+00:00,0.9994923926115589,0.0005076072884918055,0.0,0.0,2.0,0.9519350073165693,0.0,52.400000000000006,0.011731351554126473,0.010358513965952687,0.40566709383454164,0.6444551888659747,0.0005432439056250556,125.0,2.202473943500638,29.459209302747958,0.9584475903137096,,,,,,0.0
2025-11-02 08:00:00+00:00,0.999472966000655,0.0005270338993976336,0.0,0.0,2.0,0.9519350073165693,0.0,46.800000000000004,0.01113127396181086,0.010091018975757277,0.059318346627992784,0.6734720497297955,0.000542335407204996,125.0,2.170859688591342,27.995281933404662,0.9603471188990963,,,,,,0.0
2025-11-02 12:00:00+00:00,0.999130206346447,0.0008697935536400115,0.0,0.0,2.0,0.9519350073165693,0.0,46.400000000000006,0.011129261981480095,0.010064243342142376,0.29168941793163544,0.6370515227449658,0.0005434407319724019,125.0,2.1694522961454132,26.735982801892053,0.9648057425372275,,,,,,0.0
2025-11-02 16:00:00+00:00,0.9996013620939579,0.0003986378060818879,0.0,0.0,2.0,0.9519350073165693,0.0,46.800000000000004,0.01113356388107868,0.00975921200319685,0.2015433499773002,0.639323636727071,0.0005419778720833965,125.0,2.15354177552466,25.687576734685514,0.9696964639821669,,,,,,0.0
2025-11-02 20:00:00+00:00,0.9936609716532186,0.00633902824741521,0.0,0.0,2.0,0.9519350073165693,0.0,41.6,0.010763202532271933,0.009983089354611967,0.19440006086890455,0.5639036036428332,0.000544799269321129,125.0,2.1343294393455494,24.827677027246835,0.974384882723658,,,,,,0.0
2025-11-03 00:00:00+00:00,0.005995458247156841,0.9940045416534428,0.0,0.0,2.0,0.8992120256599807,0.0,63.2,0.012462093556871532,0.014582974783789844,0.6149612571511331,0.6432951496830371,0.0005742159349494758,125.0,2.113788847855623,24.129197965014882,0.9786060064226836,,,,,,0.0
2025-11-03 04:00:00+00:00,0.07848824296572066,0.9215117569421281,0.0,0.0,2.0,0.8992120256599807,0.0,63.2,0.01246616550096797,0.014210124159037246,0.6231216331159625,0.6454751511681249,0.0005420763206209062,125.0,2.088991507696545,23.563198701332347,0.9820678627397453,,,,,,0.0
2025-11-03 08:00:00+00:00,0.07789490379702634,0.9221050961107632,0.0,0.0,2.0,0.8992120256599807,0.0,62.4,0.012427186927623618,0.01377874549837222,0.5711578013469369,0.6167654968640677,0.0005414575660454516,125.0,2.0674528923801816,23.094289640283776,0.9844635001757042,,,,,,0.0
2025-11-03 12:00:00+00:00,0.005590228191772854,0.9944097717087861,0.0,0.0,2.0,0.8992120256599807,0.0,67.2,0.013275808089745413,0.01569202019170278,0.7258590691605042,0.6105936444202047,0.0005589484664868968,125.0,2.04208484328108,22.68422075164937,0.9866724957484725,,,,,,0.0
2025-11-03 16:00:00+00:00,0.05388681855000214,0.9461131813553865,0.0,0.0,2.0,0.8992120256599807,0.0,68.0,0.013420057456204152,0.015481568872711174,0.765209654098544,0.7934188265346755,0.0005439030696431244,125.0,2.022318655215454,22.354323863689793,0.9908473172764114,,,,,,0.0
2025-11-03 20:00:00+00:00,0.059759183663249865,0.940240816242726,0.0,0.0,2.0,0.8992120256599807,0.0,66.4,0.01324488656975951,0.015124686549575968,0.6109114367339425,0.8031994097418348,0.0005416861135760092,125.0,1.9929550999052756,22.191106855119944,0.9944811906387873,,,,,,0.0
2025-11-04 00:00:00+00:00,0.6481131886609787,0.35188681127421,0.0,0.0,2.0,0.9519350073165693,0.0,67.60000000000001,0.013406084910984415,0.014896314750286053,0.30836251815153326,0.7448909245005673,0.0005429165261149157,125.0,1.963439942353679,22.05461505257457,0.9948803584796742,,,,,,0.0
2025-11-04 04:00:00+00:00,0.010180098412297335,0.9898199014887207,0.0,0.0,2.0,0.8992120256599807,0.0,70.39999999999999,0.014606393038302218,0.017665529566129184,0.5728867202953982,0.7615231687490778,0.0005683371301025053,125.0,1.9511486451684006,22.05461505257457,0.9880246690650656,,,,,,0.0
2025-11-04 08:00:00+00:00,0.12181059323969673,0.8781894066724842,0.0,0.0,2.0,0.8992120256599807,0.0,71.2,0.014758017822044701,0.01730052777893674,0.2044456641053784,0.7507898859440999,0.0005427314099423163,125.0,1.9210936534264942,22.534508137485027,0.9732999645544046,,,,,,0.0
2025-11-04 12:00:00+00:00,0.1396555576211544,0.8603444422928112,0.0,0.0,2.0,0.8992120256599807,0.0,71.2,0.014763278861129771,0.0168419403368796,0.45595396193005655,0.7780043065964045,0.0005409415830757762,125.0,1.9006680559190259,23.38729677631995,0.9812939347203167,,,,,,0.0
2025-11-04 16:00:00+00:00,0.020249156890988718,0.9797508430110363,0.0,0.0,2.0,0.8992120256599807,0.0,89.60000000000001,0.019033019302028005,0.025893956054080392,0.7162700321283588,0.7199238761381374,0.0006582658055423362,125.0,1.8769974882131386,23.38729677631995,0.9960552936736503,,,,,,0.0
2025-11-04 20:00:00+00:00,0.2929414451183659,0.7070585548109283,0.0,0.0,2.0,0.8992120256599807,0.0,90.8,0.01927660041011283,0.025448899855000758,0.6628765284819557,0.6548431961342008,0.0005470629111269049,125.0,1.848193862150646,23.28082424491539,0.9938401670467611,,,,,,0.0
2025-11-05 00:00:00+00:00,0.427376062764824,0.5726239371779136,0.0,0.0,2.0,0.8992120256599807,0.0,90.8,0.019451957270591923,0.024929800675370734,0.3650379126291431,0.7780086113505201,0.0005453395169405713,125.0,1.8191924719362598,23.28082424491539,0.9911874608107132,,,,,,0.0
2025-11-05 04:00:00+00:00,0.6493059812056158,0.3506940187294536,0.0,0.0,2.0,0.9519350073165693,0.0,90.4,0.019380593957949662,0.0241724451042187,0.4895042869813744,0.7384810437457592,0.0005408379399002269,125.0,1.7884918641734364,23.64457564929394,0.9715169096727457,,,,,,0.0
2025-11-05 08:00:00+00:00,0.37156932597462067,0.6284306739625363,0.0,0.0,2.0,0.8992120256599807,0.0,90.4,0.01938249608273758,0.023443706694422705,0.47173852076587763,0.6175130207907195,0.0005406387324896748,125.0,1.7532467868959918,24.781822047741958,0.9547413638457457,,,,,,0.0
2025-11-05 12:00:00+00:00,0.1390481989610003,0.8609518009529046,0.0,0.0,2.0,0.8992120256599807,0.0,91.2,0.01974713685753807,0.023384275457921582,0.8697037772321171,0.4586604719286193,0.0005499582732283167,125.0,1.7288130106499144,26.395785862159126,0.9478522155747844,,,,,,0.0
2025-11-05 16:00:00+00:00,0.9757788491522156,0.024221150750206633,0.0,0.0,2.0,0.9519350073165693,0.0,91.2,0.019944788759855423,0.02303565310604971,0.8707638097212123,0.5069664461037003,0.000545738728842733,125.0,1.6959287161131171,28.158748599784225,0.9493870680392674,,,,,,0.0
2025-11-05 20:00:00+00:00,0.898825167686948,0.10117483222316956,0.0,0.0,2.0,0.9519350073165693,0.0,91.2,0.01996229916459619,0.02243770268321257,0.5118802832990602,0.5527974909140912,0.0005412621630254209,125.0,1.662447925576827,29.88521921956552,0.954574860590294,,,,,,0.0
2025-11-06 00:00:00+00:00,0.9745867528295851,0.02541324707295614,0.0,0.0,2.0,0.9519350073165693,0.0,90.4,0.019902063555456716,0.02176218833563757,0.5710854142226671,0.6285149435838413,0.0005403484108299048,125.0,1.6261321892343858,31.478183003276975,0.9630743432198987,,,,,,0.0
2025-11-06 04:00:00+00:00,0.6630601045982015,0.3369398953354925,0.0,0.0,2.0,0.9519350073165693,0.0,91.2,0.01997486117469495,0.021433680809586325,0.25941516277820154,0.6493322746586399,0.0005432296128294503,125.0,1.5829984995410304,32.71412623957398,0.9785098476950086,,,,,,0.0
2025-11-06 08:00:00+00:00,0.8515019932718426,0.14849800664300714,0.0,0.0,2.0,0.9519350073165693,0.0,90.0,0.019941992197440115,0.020825829812788094,0.00922597651569592,0.8569331387504794,0.0005404017469823319,125.0,1.5341367826656183,33.02135339710284,0.9947902295155548,,,,,,0.0
2025-11-06 12:00:00+00:00,0.1915762378377607,0.808423762081397,0.0,0.0,2.0,0.8992120256599807,0.0,90.8,0.01997345763964099,0.021422221953105162,0.7379542719614935,0.8141821109996408,0.0005527263729760518,125.0,1.5091673143537556,33.02135339710284,0.9956066299058467,,,,,,0.0
2025-11-06 16:00:00+00:00,0.8667504427308316,0.13324955718249334,0.0,0.0,2.0,0.9519350073165693,0.0,88.8,0.01978357840072526,0.020848685040273394,0.48767448767448984,0.7630128978598497,0.0005407439015837372,125.0,1.4667875222412223,32.77281371251725,0.9917108015731217,,,,,,0.0
2025-11-06 20:00:00+00:00,0.8884062587100985,0.11159374120106084,0.0,0.0,2.0,0.9519350073165693,0.0,85.2,0.019046216871075976,0.020229374317905273,0.5749547876240312,0.7560507312836129,0.0005393574653054876,125.0,1.4210212886408857,32.36352658395014,0.9835543345890826,,,,,,0.0
2025-11-07 00:00:00+00:00,0.7716635786332335,0.22833642128960008,0.0,0.0,2.0,0.9519350073165693,0.0,85.2,0.01908144676051751,0.019736712911329973,0.19343326195574637,0.7615581034081488,0.000540636367619253,125.0,1.3593467125304997,31.501744022904266,0.9727096586406252,,,,,,0.0
2025-11-07 04:00:00+00:00,0.8921087518283601,0.10789124808242902,0.0,0.0,2.0,0.9519350073165693,0.0,85.2,0.019103802815888755,0.01915779516550486,0.23619405107205688,0.7842212329373789,0.0005393307521069704,125.0,1.3342287454330324,30.276349747034125,0.964131615830014,,,,,,0.0
2025-11-07 08:00:00+00:00,0.0779127397785742,0.922087260129217,0.0,0.0,2.0,0.8992120256599807,0.0,87.2,0.019392162868437972,0.019933923465198424,0.23558540611304118,0.6946274367348951,0.000552307570284295,125.0,1.2851511947987437,28.850103619589703,0.9586252866155744,,,,,,0.0
2025-11-07 12:00:00+00:00,0.6295290351575848,0.3704709647794623,0.0,0.0,2.0,0.9519350073165693,0.0,88.0,0.019539332524813536,0.01952744317716639,0.1514347849148681,0.6235658768526944,0.0005414826786419954,125.0,1.2346378541360585,27.35507373064869,0.9569985569063186,,,,,,0.0
2025-11-07 16:00:00+00:00,0.0293029209803902,0.9706970789225402,0.0,0.0,2.0,0.8992120256599807,0.0,97.6,0.020793224955857822,0.021704476180305906,0.3962427388456307,0.7302237460363817,0.0005723733210969347,125.0,1.1808459885167801,25.965685746431753,0.9585318193218355,,,,,,0.0
2025-11-07 20:00:00+00:00,0.09357819811753136,0.9064218017918264,0.0,0.0,2.0,0.8992120256599807,0.0,97.2,0.020763280550025055,0.021050198682565805,0.3010456431535267,0.6680455713691075,0.0005389187978804389,125.0,1.1209323153266546,24.714118295279576,0.9603720534803791,,,,,,0.0
2025-11-08 00:00:00+00:00,0.048335288747738854,0.9516647111570946,0.0,0.0,2.0,0.8992120256599807,0.0,97.2,0.020777763557393518,0.02044967803702617,0.3135554541305332,0.5601899391520576,0.0005394088483479379,125.0,1.0590338354573852,23.564158336501368,0.9619732804231218,,,,,,0.0
2025-11-08 04:00:00+00:00,0.06126706517445306,0.9387329347316737,0.0,0.0,2.0,0.8992120256599807,0.0,96.8,0.020774613954444514,0.01983141423688175,0.8729140519685765,0.6284568053813657,0.0005386906994538521,125.0,0.9924717551973554,22.516822154142396,0.9647975005617284,,,,,,0.0
2025-11-08 08:00:00+00:00,0.1627001580936341,0.8372998418226358,0.0,0.0,2.0,0.8992120256599807,0.0,96.8,0.020775423000100334,0.01938804676608749,0.5433596689240053,0.6339641204353604,0.0005400087635183345,125.0,0.9204087734801154,21.620188742669562,0.9684067116078703,,,,,,0.0
2025-11-08 12:00:00+00:00,0.12437439036163823,0.8756256095507993,0.0,0.0,2.0,0.8992120256599807,0.0,96.0,0.020773419402615054,0.018974682345651066,0.6461868539106713,0.6509133963355659,0.0005400720888913485,125.0,0.8418537360169948,20.842031265375518,0.970575582281867,,,,,,0.0
2025-11-08 16:00:00+00:00,0.9993732329101371,0.0006267669899254996,0.0,0.0,2.0,0.9519350073165693,0.0,97.6,0.02080070540473826,0.018416921810401932,0.4373655159509763,0.6207639463612361,0.0005389688403227284,125.0,0.7568202671540416,20.11703938570036,0.9729170559402546,,,,,,0.0
2025-11-08 20:00:00+00:00,0.9987373853333672,0.0012626145667590624,0.0,0.0,2.0,0.9519350073165693,0.0,97.6,0.020826611970476482,0.01787849999890025,0.5180318150380356,0.570295145828483,0.0005390671645018068,125.0,0.6629368307990168,19.50658252603388,0.9787468916589822,,,,,,0.0
2025-11-09 00:00:00+00:00,0.9994966667779632,0.0005033331220870385,0.0,0.0,2.0,0.9519350073165693,0.0,97.2,0.020822300338929803,0.017429746709031545,0.5947495223062182,0.7855772869856987,0.0005395613799016836,125.0,0.5577153789707823,19.10508056767887,0.9846354408521398,,,,,,0.0
2025-11-09 04:00:00+00:00,0.9967136429789023,0.0032863569214263834,0.0,0.0,2.0,0.9519350073165693,0.0,97.6,0.020932513570721515,0.017224254296346088,0.07227452171272343,0.7888992403499067,0.00054304948236173,125.0,0.4430827544306499,18.788152972323285,0.9852482595806001,,,,,,0.0
2025-11-09 08:00:00+00:00,0.9983952128299761,0.0016047870701842767,0.0,0.0,2.0,0.9519350073165693,0.0,97.6,0.02094549915079342,0.01670493976249447,0.5039779982320005,0.705720822852113,0.0005408280583324371,125.0,0.307889284984462,18.42719191460735,0.9837775009981566,,,,,,0.0
2025-11-09 12:00:00+00:00,0.9702030992686134,0.02979690063436622,0.0,0.0,2.0,0.9519350073165693,0.0,99.2,0.021354659454217117,0.017311015307336735,0.7138323794412644,0.7625060695607161,0.0005569062907689497,125.0,0.23013718460462995,18.056072550454594,0.9849462084593668,,,,,,0.0
2025-11-09 16:00:00+00:00,0.9999999997974478,1.0255225927332608e-10,0.0,0.0,2.0,0.960133350504878,0.0,99.2,0.021581389652135345,0.017364362171043857,0.7789644154593599,0.7627398433692344,0.000574905106196733,125.0,0.6586262666702551,17.761926941417556,0.9882715382880489,,,,,,0.0
2025-11-09 20:00:00+00:00,0.3524143274898522,0.6475856724453892,0.0,0.0,2.0,0.9371479382154544,0.0,98.8,0.02145992197640701,0.016836860666962716,1.0,0.8011662028175933,0.0005677661582009839,125.0,0.788925789312131,17.54709067254638,0.990157634672758,,,,,,0.0
2025-11-10 00:00:00+00:00,0.8018375911106458,0.1981624088091705,0.0,0.0,2.0,0.960133350504878,0.0,91.2,0.020489725171424864,0.01660976981358176,1.0,0.7731905203383858,0.0005693791602071225,125.0,0.8887287513521268,17.338852243665634,0.9894552222171576,,,,,,0.0
2025-11-10 04:00:00+00:00,0.8019894317044557,0.19801056821534535,0.0,0.0,2.0,0.960133350504878,0.0,90.8,0.020486452132781975,0.016154823953370593,0.8264731468339377,0.6473137404491596,0.000565358250690648,125.0,0.9685644661089746,17.09985702292923,0.9878120693808237,,,,,,0.0
2025-11-10 08:00:00+00:00,0.5809821993994698,0.419017800542432,0.0,0.0,2.0,0.960133350504878,0.0,90.8,0.020487105693131447,0.015662971289771083,0.7155081819546638,0.7898762475024336,0.0005640429980101155,125.0,1.0470677535466204,16.828998366807266,0.986569938077751,,,,,,0.0
2025-11-10 12:00:00+00:00,0.09071822292987065,0.9092817769792011,0.0,0.0,2.0,0.9371479382154544,0.0,86.8,0.020204694322449045,0.016418548126835145,0.37565805966407667,0.7411733019295579,0.0005734407796884888,125.0,1.1231882100047308,16.546406957058576,0.9863179025169246,,,,,,0.0
2025-11-10 16:00:00+00:00,0.4948922209647264,0.5051077789847629,0.0,0.0,2.0,0.9371479382154544,0.0,86.4,0.020193986116801052,0.01614270565921721,0.12552558711926992,0.6527044656211235,0.0005649004697382537,125.0,1.1918895493066957,16.274375020909844,0.9877451884840236,,,,,,0.0
2025-11-10 20:00:00+00:00,0.5498974678594044,0.4501025320856059,0.0,0.0,2.0,0.960133350504878,0.0,86.0,0.020167973151558955,0.015664709259872688,0.3767797779589763,0.4749615542982604,0.0005618483444095159,125.0,1.2580121515854241,16.058393104281457,0.9905722952154797,,,,,,0.0
2025-11-11 00:00:00+00:00,0.579466153480624,0.4205338464614294,0.0,0.0,2.0,0.960133350504878,0.0,85.6,0.02016598579597883,0.015405736102973027,0.01850813236119001,0.5355378625195992,0.0005629253709588693,125.0,1.328800280693805,15.904808892674101,0.9922789787324175,,,,,,0.0
2025-11-11 04:00:00+00:00,0.2327900034070361,0.767209996516243,0.0,0.0,2.0,0.9371479382154544,0.0,77.2,0.019280141507304727,0.015516577717205455,0.27713877927965763,0.6411378611333165,0.0005643528175460329,125.0,1.3932683262536707,15.75757472171378,0.9933305043503363,,,,,,0.0
2025-11-11 08:00:00+00:00,0.24687166705279798,0.7531283328718892,0.0,0.0,2.0,0.9371479382154544,0.0,76.0,0.01926150973523669,0.015180560784118172,0.30688368938623434,0.6986083570269079,0.000559905707776371,125.0,1.4287044094511372,15.659231504422127,0.9968642819006588,,,,,,0.0
2025-11-11 12:00:00+00:00,0.08295521418023459,0.9170447857280609,0.0,0.0,2.0,0.9371479382154544,0.0,79.60000000000001,0.019672775187536178,0.016067662596953688,0.33425689423784627,0.7021040706993904,0.0005694589496124658,125.0,1.5345751098372353,15.659231504422127,0.9938243812248572,,,,,,0.0
2025-11-11 16:00:00+00:00,0.12865900476081593,0.8713409951520499,0.0,0.0,2.0,0.9371479382154544,0.0,54.400000000000006,0.014879241743975409,0.01566992566073402,0.45120410741208705,0.8848106769226436,0.0005587164932838956,125.0,1.6145612369045248,15.85940761936184,0.985616667230719,,,,,,0.0
2025-11-11 20:00:00+00:00,0.11115151048741104,0.888848489423704,0.0,0.0,2.0,0.9371479382154544,0.0,54.0,0.014808323817102401,0.015449119343430684,0.7608942167503643,0.8563324429713165,0.00055955451128623,125.0,1.7232384203433693,16.212765753491887,0.9827005311884828,,,,,,0.0
2025-11-12 00:00:00+00:00,0.3734728842020708,0.6265271157352765,0.0,0.0,2.0,0.9371479382154544,0.0,52.400000000000006,0.01467629896448446,0.015054933211136311,0.5094777562862682,0.7901597408522443,0.0005579253453052991,125.0,1.8309531853490704,16.546039895353125,0.9863533118018004,,,,,,0.0
2025-11-12 04:00:00+00:00,0.5189380725532283,0.48106192739487796,0.0,0.0,2.0,0.960133350504878,0.0,52.400000000000006,0.01468566431463949,0.014617397779101864,0.7748034841725107,0.7652056990929998,0.0005566941666777568,125.0,1.9622520440851288,16.76023004756796,0.9898760960627533,,,,,,0.0
2025-11-12 08:00:00+00:00,0.00660556054148955,0.993394439359171,0.0,0.0,2.0,0.9371479382154544,0.0,60.4,0.015594381690822702,0.0165519788561758,0.31593242185701903,0.8104128846567492,0.0005773708544387715,125.0,2.0976283753310208,16.961492869660997,0.9843484920856318,,,,,,0.0
2025-11-12 12:00:00+00:00,0.005438205826764756,0.9945617940737791,0.0,0.0,2.0,0.9371479382154544,0.0,66.0,0.01622417336783832,0.018189830704951695,0.09299742995843507,0.7788986036540979,0.0005753557924641364,125.0,2.22866226076642,17.399112790285873,0.969247134103697,,,,,,0.0
2025-11-12 16:00:00+00:00,0.030701287940698083,0.9692987119623719,0.0,0.0,2.0,0.9371479382154544,0.0,62.8,0.0160380221685842,0.017692508914658116,0.032949932341002165,0.7063158111456154,0.0005558216247174681,125.0,2.3471767654519926,18.25998196768662,0.9531668439304086,,,,,,0.0
2025-11-12 20:00:00+00:00,0.10653282820595578,0.8934671717046975,0.0,0.0,2.0,0.9371479382154544,0.0,61.6,0.01598534966743714,0.017160641542315887,0.08553754266211579,0.6133734684945927,0.000554837506949918,125.0,2.449939518504272,19.497021956364634,0.9485658174686797,,,,,,0.0
2025-11-13 00:00:00+00:00,0.030900698975530015,0.96909930092756,0.0,0.0,2.0,0.9371479382154544,0.0,63.6,0.01607306516752714,0.016855927249979735,0.0805127373032612,0.7210798468991468,0.0005563976684267398,125.0,2.5360466111259976,20.715562964048353,0.9641711314662044,,,,,,0.0
2025-11-13 04:00:00+00:00,0.021618727573454826,0.9783812723287071,0.0,0.0,2.0,0.9371479382154544,0.0,66.0,0.01631189045268337,0.017414690284571797,0.04077284748751065,0.5979061332239959,0.0005641988644002659,125.0,2.6106661018145862,21.251357737678077,0.9876580679002268,,,,,,0.0
2025-11-13 08:00:00+00:00,0.09620113586573256,0.9037988640438874,0.0,0.0,2.0,0.9371479382154544,0.0,66.0,0.016393417553582666,0.01708130903285223,0.392746666666665,0.5345658076318046,0.0005547597977779168,125.0,2.666631120781006,21.28241857805822,0.9922030172275796,,,,,,0.0
2025-11-13 12:00:00+00:00,0.02776039455594701,0.9722396053468291,0.0,0.0,2.0,0.9371479382154544,0.0,66.4,0.016583637984244348,0.018455285602161857,0.07462792345853977,0.521843848688139,0.0005699632177517174,125.0,2.7130183676944166,21.61956034134111,0.98012334512131,,,,,,0.0
2025-11-13 16:00:00+00:00,0.004135254788329642,0.9958647451120839,0.0,0.0,2.0,0.9371479382154544,0.0,71.6,0.018812221293882297,0.02277678419941053,0.46755343191063464,0.537654409528829,0.0006062298175128306,125.0,2.7545602290276077,22.319936892765593,0.9829455794630715,,,,,,0.0
2025-11-13 20:00:00+00:00,0.029871359820542672,0.9701286400824444,0.0,0.0,2.0,0.9371479382154544,0.0,71.6,0.01889109493664705,0.02223352680603491,0.48023359312246267,0.6184501514409602,0.0005555308841820076,125.0,2.7754385396214634,22.319936892765593,0.9942310673414131,,,,,,0.0
2025-11-14 00:00:00+00:00,0.054555630720783,0.9454443691846725,0.0,0.0,2.0,0.9371479382154544,0.0,71.2,0.018829949439391317,0.021557953850470407,0.8208915783632382,0.5712761104028988,0.0005527601929474074,125.0,2.7894562020177225,22.1780868461763,0.9871467331423583,,,,,,0.0
2025-11-14 04:00:00+00:00,0.041978870123867085,0.9580211297803308,0.0,0.0,2.0,0.9371479382154544,0.0,70.8,0.018821351087708216,0.020923455248142542,0.8084986155845628,0.4924132933740788,0.0005525528704226074,125.0,2.799133867537911,21.79661635170311,0.9872011721209439,,,,,,0.0
2025-11-14 08:00:00+00:00,0.0122253496810977,0.9877746502201249,0.0,0.0,2.0,0.9371479382154544,0.0,67.2,0.018585654764327757,0.02100889572999256,0.7816154911879377,0.7207907329483269,0.0005590431486459266,125.0,2.804112545303755,21.54544453185671,0.9939031918787121,,,,,,0.0
2025-11-14 12:00:00+00:00,0.030275775012934353,0.9697242248900932,0.0,0.0,2.0,0.9371479382154544,0.0,67.2,0.018687686456200118,0.020773654698299344,0.0028755463538072215,0.6669604678766282,0.0005576393977226277,125.0,2.8061175701458536,21.54544453185671,0.9832458907354565,,,,,,0.0
2025-11-14 16:00:00+00:00,0.681810935968243,0.3181890639635758,0.0,0.0,2.0,0.960133350504878,0.0,64.0,0.017359285423207804,0.020157255501985397,0.15767111465179567,0.5952711484072462,0.0005522926365525329,125.0,2.80493045079549,22.293264796115952,0.9642775184954561,,,,,,0.0
2025-11-14 20:00:00+00:00,0.07931596456124773,0.920684035346684,0.0,0.0,2.0,0.9371479382154544,0.0,64.0,0.01790578509978838,0.020890392756476577,0.4760921628540757,0.6518974589275887,0.0005646887849228664,125.0,2.803545299375152,23.49196795236957,0.950453191734495,,,,,,0.0
2025-11-15 00:00:00+00:00,0.06690682958433083,0.9330931703223599,0.0,0.0,2.0,0.9371479382154544,0.0,64.0,0.018237049671717596,0.0209094515998348,0.12134512796272524,0.6620586259636909,0.0005603639035331627,125.0,2.7991485387783164,25.150647120956684,0.9628656915519977,,,,,,0.0
2025-11-15 04:00:00+00:00,0.06558565905667331,0.9344143408498853,0.0,0.0,2.0,0.9371479382154544,0.0,64.0,0.018237761177965862,0.02027369891265025,0.14045313116262811,0.7145964057716697,0.0005514544301965023,125.0,2.792696895120484,25.389126224603956,0.9921183737542125,,,,,,0.0
2025-11-15 08:00:00+00:00,0.09096588214502428,0.9090341177640722,0.0,0.0,2.0,0.9371479382154544,0.0,63.2,0.01821312056129497,0.01974201083971878,0.22349987446648303,0.7296626734341939,0.0005517142570376013,125.0,2.785520137790401,25.389126224603956,0.9838554315639276,,,,,,0.0
2025-11-15 12:00:00+00:00,0.2113361408249423,0.7886638590961914,0.0,0.0,2.0,0.9371479382154544,0.0,64.0,0.018258483464795222,0.01931280002257275,0.09860679020695164,0.5719201427733532,0.0005535536050862726,125.0,2.7773991774453446,24.678637190540922,0.9751577509459239,,,,,,0.0
2025-11-15 16:00:00+00:00,0.18103542502642414,0.8189645748916793,0.0,0.0,2.0,0.9371479382154544,0.0,64.0,0.01826048335580935,0.018747865154445487,0.6159054891226021,0.6908005490247621,0.0005513740517497967,125.0,2.7688485378969774,23.8896861862076,0.9772876813946937,,,,,,0.0
2025-11-15 20:00:00+00:00,0.7631784366141273,0.23682156330955484,0.0,0.0,2.0,0.960133350504878,0.0,64.0,0.018284436806853356,0.018324344068245554,0.11076351549516014,0.6940317341936361,0.0005515248102725032,125.0,2.759521891828077,23.352859816406095,0.9840178837139004,,,,,,0.0
2025-11-16 00:00:00+00:00,0.9675913386431865,0.0324086612600544,0.0,0.0,2.0,0.960133350504878,0.0,64.4,0.018364130032149976,0.01796910635226986,0.19776785714285713,0.6261558230914441,0.0005531939113465228,125.0,2.7495108287459056,22.978144748473987,0.9875451962153446,,,,,,0.0
2025-11-16 04:00:00+00:00,0.9598584598559344,0.04014154004807976,0.0,0.0,2.0,0.960133350504878,0.0,62.4,0.018243523856651168,0.01746796567454144,0.5262785764789103,0.4724217721766547,0.0005510725810180998,125.0,2.738303405071095,22.651910165125734,0.9909818162467645,,,,,,0.0
2025-11-16 08:00:00+00:00,0.7405910928978832,0.2594089070280578,0.0,0.0,2.0,0.960133350504878,0.0,64.4,0.01837236512807453,0.017382484277969415,0.11941533370104952,0.5163733359412322,0.000553193562576489,125.0,2.730992175696821,22.494392175938078,0.9966049981945273,,,,,,0.0
2025-11-16 12:00:00+00:00,0.38663135962800843,0.6133686403106547,0.0,0.0,2.0,0.9371479382154544,0.0,60.4,0.01808532297276036,0.017571523693901556,0.474198473282443,0.652897045865562,0.0005551919309602347,125.0,2.7206207766473933,22.494392175938078,0.9985248771374454,,,,,,0.0
2025-11-16 16:00:00+00:00,0.556663551508108,0.44333644843622566,0.0,0.0,2.0,0.960133350504878,0.0,59.599999999999994,0.017774596884006302,0.017069113855437752,0.4251696895515754,0.6954353815552992,0.0005497974384919314,125.0,2.7082871124073526,22.559739385010957,0.9951848995679967,,,,,,0.0
2025-11-16 20:00:00+00:00,0.6553002469246652,0.3446997530098047,0.0,0.0,2.0,0.960133350504878,0.0,59.599999999999994,0.01777682165705293,0.01655203312326574,0.7232425159771254,0.6412088565491677,0.000549806590685545,125.0,2.6996832182347292,22.750883787539838,0.991735704942739,,,,,,0.0
2025-11-17 00:00:00+00:00,0.07128128588533598,0.9287187140217921,0.0,0.0,2.0,0.9371479382154544,0.0,60.4,0.018190784771076364,0.01726817051561658,0.19925093632958785,0.7104529357238316,0.0005626111516782374,125.0,2.6908042176186706,23.018680894796148,0.9923643907931814,,,,,,0.0
2025-11-17 04:00:00+00:00,0.1212221712917196,0.8787778286204025,0.0,0.0,2.0,0.9371479382154544,0.0,62.0,0.018251145058885903,0.016823195176549892,0.16263652665326486,0.7225415283208382,0.0005506551005094655,125.0,2.6796597779849547,23.151352701250715,0.9970116766259915,,,,,,0.0
2025-11-17 08:00:00+00:00,0.4121493660122378,0.5878506339289772,0.0,0.0,2.0,0.9371479382154544,0.0,62.0,0.01825802683596497,0.01631604722624207,0.7871731701502046,0.6648379269526459,0.0005494466315683755,125.0,2.668748907476231,23.151352701250715,0.9962624728067412,,,,,,0.0
2025-11-17 12:00:00+00:00,0.056619453061387034,0.9433805468442749,0.0,0.0,2.0,0.9371479382154544,0.0,62.8,0.018282987911751616,0.017079874733304783,0.14998721554589567,0.675470471628973,0.0005586130000763564,125.0,2.657639688608859,22.981727341066826,0.9945530281141699,,,,,,0.0
2025-11-17 16:00:00+00:00,0.006213984022107219,0.9937860158785142,0.0,0.0,2.0,0.9371479382154544,0.0,76.8,0.019284809616349537,0.019947289552644996,0.3424823532975859,0.6885964325334875,0.0005798785958979926,125.0,2.648308399186217,22.845171183820078,0.9963817454126815,,,,,,0.0
2025-11-17 20:00:00+00:00,0.027981243424297694,0.9720187564785004,0.0,0.0,2.0,0.9371479382154544,0.0,78.8,0.019517115711963913,0.019748627973398773,0.4892959166526636,0.6976554194623461,0.0005548780379410247,125.0,2.6383494960428657,22.783724487152732,0.9952852009692545,,,,,,0.0
2025-11-18 00:00:00+00:00,0.029607890530549043,0.9703921093724117,0.0,0.0,2.0,0.9371479382154544,0.0,77.2,0.01938555768914242,0.01915569924198359,0.6149989407527722,0.724397324437668,0.0005489745609021767,125.0,2.6265570089915906,22.5933169184509,0.992977013165092,,,,,,0.0
2025-11-18 04:00:00+00:00,0.06406654168027176,0.9359334582261349,0.0,0.0,2.0,0.9371479382154544,0.0,76.0,0.019286058362859942,0.01857213947401782,0.6467453917050698,0.5637079069418363,0.0005489037407869086,125.0,2.6154740420874214,22.5933169184509,0.9907031810815893,,,,,,0.0
2025-11-18 08:00:00+00:00,0.04370009981056086,0.9562999000938092,0.0,0.0,2.0,0.9371479382154544,0.0,76.0,0.01933223465072374,0.018207717816838113,0.27620967741935437,0.6608637979578309,0.0005515461612501516,125.0,2.605184566578626,22.90623047241877,0.9702840499786305,,,,,,0.0
2025-11-18 12:00:00+00:00,0.069866273412756,0.9301337264942307,0.0,0.0,2.0,0.9371479382154544,0.0,72.8,0.01922385355206692,0.01807356608609779,0.8970025279884422,0.5772999371102067,0.0005537742294753655,125.0,2.592974607979257,24.038818418382863,0.953187909838305,,,,,,0.0
2025-11-18 16:00:00+00:00,0.9811129383814076,0.018887061520481165,0.0,0.0,2.0,0.960133350504878,0.0,76.0,0.019355621009834033,0.017793742168607123,0.8893200869295235,0.547255717766646,0.0005518739437819672,125.0,2.5813141577737335,25.666816742365036,0.9452870351477092,,,,,,0.0
2025-11-18 20:00:00+00:00,0.9500227680641895,0.04997723184080826,0.0,0.0,2.0,0.960133350504878,0.0,75.2,0.01931719327782227,0.01734063088399526,0.688657648283038,0.48090554800095336,0.0005487205844597431,125.0,2.5693308081997617,27.48541393902339,0.9462292730105012,,,,,,0.0
2025-11-19 00:00:00+00:00,0.5648436685947488,0.4351563313487668,0.0,0.0,2.0,0.960133350504878,0.0,77.2,0.01939055426686685,0.017274644117862382,0.252547082432852,0.45324861369129055,0.0005514013046150595,125.0,2.556443171229015,29.28614471645672,0.9658709716556865,,,,,,0.0
2025-11-19 04:00:00+00:00,0.7330142643594573,0.2669857355672413,0.0,0.0,2.0,0.960133350504878,0.0,77.60000000000001,0.019415967499540433,0.016774164300984357,0.15796185728363638,0.6256448929931416,0.0005485126178648441,125.0,2.5434457431682453,29.432663039192697,0.9930533835685666,,,,,,0.0
2025-11-19 08:00:00+00:00,0.8034068733548918,0.19659312656476755,0.0,0.0,2.0,0.960133350504878,0.0,61.6,0.01849905526913871,0.01626343049159857,0.18159263705482329,0.6331072024923672,0.0005478293677444001,125.0,2.529741952694216,29.432663039192697,0.9827848912737831,,,,,,0.0
2025-11-19 12:00:00+00:00,0.03617337082920113,0.9638266290744163,0.0,0.0,2.0,0.9371479382154544,0.0,62.4,0.018570982768137383,0.018144147077377444,0.8810711740148676,0.4644584471017959,0.0005674600231151212,125.0,2.518424804065374,28.577295775886967,0.9757608373398604,,,,,,0.0
2025-11-19 16:00:00+00:00,0.05963820663566541,0.9403617932702983,0.0,0.0,2.0,0.9371479382154544,0.0,70.0,0.019052646809363763,0.01916314893873589,0.9117724817766374,0.5257407397338223,0.0005612205530013188,125.0,2.50542487768182,27.735673203552707,0.9764717116855532,,,,,,0.0
2025-11-19 20:00:00+00:00,0.004794639408703084,0.9952053604917764,0.0,0.0,2.0,0.9371479382154544,0.0,92.0,0.02069266380848127,0.022058865642873644,0.13389963116128328,0.49495825910121133,0.0005911940045515389,125.0,2.4929398922451775,26.977946717158147,0.9740426379986832,,,,,,0.0
2025-11-20 00:00:00+00:00,0.0409291035503682,0.9590708963537246,0.0,0.0,2.0,0.9371479382154544,0.0,91.60000000000001,0.020610181914854402,0.0214156706165492,0.12741012390954082,0.47688452501165196,0.0005484354682447672,125.0,2.476799927625949,26.02802819601288,0.9667398206284138,,,,,,0.0
2025-11-20 04:00:00+00:00,0.04941344502724211,0.9505865548776993,0.0,0.0,2.0,0.9371479382154544,0.0,84.39999999999999,0.02015167612656555,0.020763273599165487,0.12370128965766922,0.45307960482895515,0.0005475608957969797,125.0,2.4591134694494943,24.866697729741432,0.9600718583021406,,,,,,0.0
2025-11-20 08:00:00+00:00,0.06030027138001799,0.9396997285260121,0.0,0.0,2.0,0.9371479382154544,0.0,84.0,0.020123721173263755,0.02017204227167317,0.19144101495928856,0.546095825769717,0.0005474473466457689,125.0,2.441037751696125,23.600165624068307,0.9561634841890078,,,,,,0.0
2025-11-20 12:00:00+00:00,0.023588215355450158,0.9764117845469086,0.0,0.0,2.0,0.9371479382154544,0.0,78.8,0.01980474982334935,0.020327388076626474,0.3061529519222793,0.5191995666781222,0.0005540389348244589,125.0,2.426359272914243,22.332616937527213,0.9544937051355662,,,,,,0.0
2025-11-20 16:00:00+00:00,0.007745337159960727,0.9922546627408139,0.0,0.0,2.0,0.9371479382154544,0.0,60.4,0.018664524318870036,0.021721752080063054,0.8638794360719496,0.6588498517576783,0.000567217721771743,125.0,2.4103516035763066,21.109298769455222,0.9545326321748628,,,,,,0.0
2025-11-20 20:00:00+00:00,0.28975161561692275,0.7102483843120524,0.0,0.0,2.0,0.9371479382154544,0.0,59.199999999999996,0.01854734834267945,0.021091810892597873,0.9974681078975536,0.4614288279719315,0.0005470715827764989,125.0,2.3985486425960314,19.978799403456534,0.9558082660530808,,,,,,0.0
2025-11-21 00:00:00+00:00,0.40973278082747716,0.5902672191134961,0.0,0.0,2.0,0.9371479382154544,0.0,59.199999999999996,0.01856597911237756,0.02056615063594983,1.0,0.513946759598412,0.0005474654761449619,125.0,2.38152611631521,18.94390346975336,0.9581256026679235,,,,,,0.0
2025-11-21 04:00:00+00:00,0.10632937008531883,0.8936706298253142,0.0,0.0,2.0,0.9371479382154544,0.0,68.4,0.01909568750028631,0.021447241881398366,1.0,0.4739594749314669,0.0005609981527769039,125.0,2.366133482113572,18.03278576394733,0.9636337784979656,,,,,,0.0
2025-11-21 08:00:00+00:00,0.45280945479960344,0.5471905451456776,0.0,0.0,2.0,0.9371479382154544,0.0,64.8,0.01891527537201006,0.02098545554832089,1.0,0.5953999837494727,0.0005478767488559542,125.0,2.3543299060891303,17.335956373356776,0.9736304737524926,,,,,,0.0
2025-11-21 12:00:00+00:00,0.20882802710765874,0.7911719728132242,0.0,0.0,2.0,0.9371479382154544,0.0,60.0,0.01870580725060405,0.0203997349242351,0.8143941555847292,0.5458309750522858,0.0005478505794218151,125.0,2.3385356288116417,16.918631527979706,0.9859481567404711,,,,,,0.0
2025-11-21 16:00:00+00:00,0.21448255224805146,0.7855174476733967,0.0,0.0,2.0,0.9371479382154544,0.0,64.8,0.01895893761303762,0.020222295497850054,0.3945666235446317,0.5223479817689306,0.0005530184385332568,125.0,2.32439614386102,16.881579979140877,0.9962992806357197,,,,,,0.0
2025-11-21 20:00:00+00:00,0.23639364903538254,0.7636063508882568,0.0,0.0,2.0,0.9371479382154544,0.0,56.8,0.01853337077184631,0.019646034987376163,0.21799868401073103,0.6390745484734697,0.0005473188902054339,125.0,2.3072770386447186,16.881579979140877,0.9904230981568743,,,,,,0.0
2025-11-22 00:00:00+00:00,0.17429661134819752,0.8257033885692321,0.0,0.0,2.0,0.9371479382154544,0.0,48.4,0.01814187574128999,0.01908535053550387,0.26649725387327056,0.6958651002509542,0.0005462194059384411,125.0,2.289439181097181,17.15731733918173,0.9897384738421503,,,,,,0.0
2025-11-22 04:00:00+00:00,0.9523468937908484,0.047653106113916835,0.0,0.0,2.0,0.960133350504878,0.0,48.4,0.018153466384127105,0.018507287760914884,0.7145571624617338,0.5855815067300956,0.0005462807075281159,125.0,2.27126145133783,17.279450859469385,0.9962563498386648,,,,,,0.0
2025-11-22 08:00:00+00:00,0.9672841249476299,0.032715874955641544,0.0,0.0,2.0,0.960133350504878,0.0,48.4,0.018154529453364085,0.01804230841097325,0.30421686746988025,0.518227926276632,0.000546209838740257,125.0,2.2521198609799318,17.279450859469385,0.9976629549147178,,,,,,0.0
2025-11-22 12:00:00+00:00,0.975203254433163,0.024796745469316518,0.0,0.0,2.0,0.960133350504878,0.0,46.800000000000004,0.01803812955448774,0.017495669446267768,0.23090586145648237,0.5659355453168272,0.0005459453809969718,125.0,2.2329231812808885,17.222727131218846,0.9982457849576093,,,,,,0.0
2025-11-22 16:00:00+00:00,0.992770906694523,0.007229093206200005,0.0,0.0,2.0,0.960133350504878,0.0,46.800000000000004,0.018042452159480627,0.01699448885378321,0.2864302951549979,0.5445012024759833,0.0005463043161648707,125.0,2.212705886621898,17.222727131218846,0.9941006337104014,,,,,,0.0
2025-11-22 20:00:00+00:00,0.9936716264927686,0.006328373407864239,0.0,0.0,2.0,0.960133350504878,0.0,47.199999999999996,0.01809284778554038,0.016570265567829274,0.297423108894428,0.5704747383559408,0.000546933934809154,125.0,2.1920924077908808,17.432350079809616,0.9842401121469768,,,,,,0.0
2025-11-23 00:00:00+00:00,0.9473010850380591,0.052698914867210796,0.0,0.0,2.0,0.960133350504878,0.0,52.800000000000004,0.018295912330110596,0.016746555093747385,0.6163413527008608,0.5688351767329352,0.0005530658712093018,125.0,2.1720049838638302,17.88417692996945,0.9772409278345303,,,,,,0.0
2025-11-23 04:00:00+00:00,0.8400142487483057,0.1599857511676928,0.0,0.0,2.0,0.960133350504878,0.0,52.800000000000004,0.018289737118229697,0.016458110076970178,0.48515181848515015,0.6115036813230574,0.0005462436134936869,125.0,2.1530525318731635,18.429635093713596,0.9779174918394387,,,,,,0.0
2025-11-23 08:00:00+00:00,0.937016915852716,0.06298308405358237,0.0,0.0,2.0,0.960133350504878,0.0,51.6,0.01826014676274483,0.016074735860399956,0.5544004043029372,0.6688840471694817,0.0005466995352495891,125.0,2.1377203216431706,18.877706424307714,0.9836357374029596,,,,,,0.0
2025-11-23 12:00:00+00:00,0.9327281536338493,0.0672718462728778,0.0,0.0,2.0,0.960133350504878,0.0,47.199999999999996,0.01811124986825418,0.015687077969801826,0.581474198141994,0.5154821500224942,0.0005462624159657085,125.0,2.116739350623748,19.179648037419234,0.9887227863505218,,,,,,0.0
2025-11-23 16:00:00+00:00,0.8153153269563943,0.18468467296207414,0.0,0.0,2.0,0.960133350504878,0.0,47.599999999999994,0.018112683199834122,0.015253994975801499,0.37163502408614163,0.6810362796906376,0.0005446009067181401,125.0,2.091140340531596,19.40495505255946,0.9887800500934676,,,,,,0.0
2025-11-23 20:00:00+00:00,0.8242392875552074,0.17576071236236873,0.0,0.0,2.0,0.960133350504878,0.0,48.0,0.01812196271752086,0.014899833512861298,0.20640800074080767,0.5735837204898095,0.0005446696762900098,125.0,2.0636532437742785,19.71163248375442,0.9819414325775229,,,,,,0.0
2025-11-24 00:00:00+00:00,0.7143612186589983,0.28563878126956566,0.0,0.0,2.0,0.960133350504878,0.0,45.2,0.017895160190954905,0.015205444307077851,0.48029108550636657,0.5968435941209955,0.0005517215846014391,125.0,2.0549668947735067,20.268571375817253,0.9714256224639277,,,,,,0.0
2025-11-24 04:00:00+00:00,0.8068327953402985,0.19316720457901815,0.0,0.0,2.0,0.960133350504878,0.0,45.2,0.017864683173321533,0.014921404783048238,0.10526315789473736,0.5300502153344474,0.0005449028874510572,125.0,2.0310580780346497,21.126667306517753,0.9630970921456873,,,,,,0.0
2025-11-24 08:00:00+00:00,0.744430292476492,0.25556970744906493,0.0,0.0,2.0,0.960133350504878,0.0,45.6,0.017877526568510674,0.01465215664337726,0.23112545607634058,0.5400182224976112,0.0005446773781449586,125.0,2.0036717716280474,22.180840540404674,0.9663717620183824,,,,,,0.0
2025-11-24 12:00:00+00:00,0.47555207292266594,0.5244479270248893,0.0,0.0,2.0,0.9371479382154544,0.0,44.4,0.01771634396203071,0.014689391119298916,0.13734603764815217,0.6707628433843157,0.000548452401206636,125.0,1.9878966236865014,22.93744591284673,0.9810141473519739,,,,,,0.0
2025-11-24 16:00:00+00:00,0.018989319522730887,0.981010680379168,0.0,0.0,2.0,0.9371479382154544,0.0,44.4,0.017471303421360034,0.01712545131573895,0.59502973822783,0.653907321634698,0.0005709041229913463,125.0,1.9637785709209168,23.200932644297573,0.9941332893694278,,,,,,0.0
2025-11-24 20:00:00+00:00,0.11026951512659888,0.8897304847844281,0.0,0.0,2.0,0.9371479382154544,0.0,44.0,0.01727649108152758,0.016610252002736997,0.45006750779831506,0.5099695053390632,0.0005433851441274264,125.0,1.934922710865214,23.2446198849354,0.9967016235738912,,,,,,0.0
2025-11-25 00:00:00+00:00,0.09381375636599311,0.9061862435433883,0.0,0.0,2.0,0.9371479382154544,0.0,44.800000000000004,0.017403498207427398,0.01648048747926496,0.3545272679829519,0.5575584071389055,0.0005458043313922989,125.0,1.903073734811631,23.381177753764824,0.994630404003884,,,,,,0.0
2025-11-25 04:00:00+00:00,0.13707490749045126,0.8629250924232562,0.0,0.0,2.0,0.9371479382154544,0.0,45.2,0.01740586506537367,0.015995361698609562,0.46935887153842365,0.5129080525643158,0.0005428434631613082,125.0,1.880331067344017,23.55167145688369,0.9936879753664632,,,,,,0.0
2025-11-25 08:00:00+00:00,0.10399870016198658,0.8960012997484134,0.0,0.0,2.0,0.9371479382154544,0.0,44.4,0.017307936453673983,0.015541434110804638,0.24526007406998104,0.46927864981243156,0.0005425085417497708,125.0,1.837361848823745,23.745191775611552,0.9886894085177688,,,,,,0.0
2025-11-25 12:00:00+00:00,0.14006104179420484,0.8599389581198013,0.0,0.0,2.0,0.9371479382154544,0.0,44.0,0.017101924034580326,0.01507312631182217,0.8724629731212381,0.4818356081889053,0.0005418502172368678,125.0,1.771668648359424,24.195096611550113,0.9796341236077395,,,,,,0.0
2025-11-25 16:00:00+00:00,0.9867671164324323,0.013232883468891048,0.0,0.0,2.0,0.960133350504878,0.0,44.0,0.017041540445432827,0.014790016611984294,0.3286683630195091,0.5797728582776122,0.0005436574162616856,125.0,1.7987668943444524,24.944753366193662,0.965009951844722,,,,,,0.0
2025-11-25 20:00:00+00:00,0.9366112328779158,0.06338876702842301,0.0,0.0,2.0,0.960133350504878,0.0,44.800000000000004,0.01716107988339403,0.014668016288754243,0.5359338325695783,0.5636080861597519,0.000544803193261884,125.0,1.7714887796286956,26.320427255450348,0.9533179277857181,,,,,,0.0
2025-11-26 00:00:00+00:00,0.9594322148858716,0.04056778501818512,0.0,0.0,2.0,0.960133350504878,0.0,44.4,0.017070865410227197,0.014479461682081668,0.21138928067701163,0.6475567881200491,0.0005432569692304683,125.0,1.7434520058985592,27.96064026123221,0.965959465277039,,,,,,0.0
2025-11-26 04:00:00+00:00,0.9738238659082591,0.026176133994358582,0.0,0.0,2.0,0.960133350504878,0.0,44.800000000000004,0.01708950216588059,0.014114165459990257,0.4500042048608194,0.5973587061187408,0.0005422758614339755,125.0,1.7111972187489566,28.279716775712878,0.9916268013960229,,,,,,0.0
2025-11-26 08:00:00+00:00,0.9329629084750588,0.06703709143164492,0.0,0.0,2.0,0.960133350504878,0.0,45.6,0.017147878483006817,0.013915780091959594,0.1290143964562596,0.6048583615469498,0.0005426221093440289,125.0,1.6778332372423892,28.279716775712878,0.9955016278882601,,,,,,0.0
2025-11-26 12:00:00+00:00,0.9428938026517707,0.0571061972539398,0.0,0.0,2.0,0.960133350504878,0.0,42.4,0.016234705862404435,0.013541503619046038,0.04143814747105488,0.5806060108242174,0.0005417333375274721,125.0,1.6476843809459631,28.279716775712878,0.9919117068784055,,,,,,0.0
2025-11-26 16:00:00+00:00,0.07445950453063328,0.9255404953768127,0.0,0.0,2.0,0.9371479382154544,0.0,43.2,0.016392337445240966,0.01568927464195858,0.36661968995369626,0.6247150768191801,0.0005629775485527352,125.0,1.6165285806147176,28.75671302516326,0.9901679523280467,,,,,,0.0
2025-11-26 20:00:00+00:00,0.290195068929672,0.7098049309993476,0.0,0.0,2.0,0.9371479382154544,0.0,29.2,0.014588631872107039,0.015219213114781015,0.578237619158337,0.6190991374836796,0.0005410617153541929,125.0,1.5794989056769047,28.75671302516326,0.9935742914358195,,,,,,0.0
2025-11-27 00:00:00+00:00,0.35111297498990984,0.6488870249452013,0.0,0.0,2.0,0.9371479382154544,0.0,29.2,0.014576240751934904,0.014767381411435132,0.5516559565002495,0.5786979616125275,0.0005410220556737966,125.0,1.538098740064012,28.47435217141735,0.9817183406269275,,,,,,0.0
2025-11-27 04:00:00+00:00,0.391006239661043,0.6089937602780576,0.0,0.0,2.0,0.9371479382154544,0.0,29.2,0.014576226845555318,0.014317516598746895,0.9050219996965527,0.578191198175473,0.0005406940224992239,125.0,1.4986325548513884,27.668492127072952,0.9734150239538482,,,,,,0.0
2025-11-27 08:00:00+00:00,0.5597327500019332,0.44026724994209343,0.0,0.0,2.0,0.960133350504878,0.0,29.2,0.01455566087860784,0.013888136414141078,0.8114767385313649,0.5888092683218024,0.0005405243712418961,125.0,1.4589781934994535,26.67966793855001,0.9689128083022713,,,,,,0.0
2025-11-27 12:00:00+00:00,0.40734714925116994,0.5926528506895649,0.0,0.0,2.0,0.9371479382154544,0.0,29.2,0.014141004313553442,0.013536126225476458,0.5944444444444394,0.5198437791699975,0.0005407906178282596,125.0,1.4247126798274883,25.638450484178378,0.9710950384448218,,,,,,0.0
2025-11-27 16:00:00+00:00,0.9892427041533147,0.010757295747760904,0.0,0.0,2.0,0.960133350504878,0.0,24.8,0.01285031610912359,0.013231748677764187,0.10760741032715732,0.4497766044191984,0.000541234625971079,125.0,1.3816717339059446,24.864647449968764,0.9824183616591439,,,,,,0.0
2025-11-27 20:00:00+00:00,0.9891781643697231,0.010821835531359162,0.0,0.0,2.0,0.960133350504878,0.0,25.2,0.012860258961711422,0.012899696546511583,0.3080505655355934,0.4476898184599396,0.000540484616791129,125.0,1.3349458646664407,24.864647449968764,0.9898318648598465,,,,,,0.0
2025-11-28 00:00:00+00:00,0.9901964854294731,0.009803514471507244,0.0,0.0,2.0,0.960133350504878,0.0,24.4,0.012768872291030017,0.012518278407297436,0.3747181722531153,0.44308481350886103,0.0005400372202137112,125.0,1.3001765298176602,25.21918544317302,0.9845686904321811,,,,,,0.0
2025-11-28 04:00:00+00:00,0.9901214898833027,0.009878510017685032,0.0,0.0,2.0,0.960133350504878,0.0,7.6,0.0116151708879713,0.012150530803706617,0.390118750916287,0.48984272670717827,0.0005398115409345423,125.0,1.24390443061559,25.21918544317302,0.9936827743020448,,,,,,0.0
2025-11-28 08:00:00+00:00,0.9762871417132004,0.023712858189170856,0.0,0.0,2.0,0.960133350504878,0.0,7.6,0.01147260776095411,0.01206887524403427,0.272770853307767,0.4554773887061934,0.0005418346784692323,125.0,1.1964142126630017,25.175888854313847,0.9826772797109843,,,,,,0.0
2025-11-28 12:00:00+00:00,0.9749209469299766,0.02507905297253123,0.0,0.0,2.0,0.960133350504878,0.0,8.0,0.011566965093307362,0.012119479835764635,0.40492301657350066,0.5165702040230167,0.0005425064866567422,125.0,1.1210920237233557,24.488127874137863,0.9812629323944011,,,,,,0.0
2025-11-28 16:00:00+00:00,0.9512820061434064,0.04871799376146541,0.0,0.0,2.0,0.960133350504878,0.0,7.6,0.011458856125016759,0.01189699059030825,0.319638909358877,0.5321689689573396,0.0005400772666500469,125.0,1.0842778618481774,24.057877983916143,0.9875532719365208,,,,,,0.0
2025-11-28 20:00:00+00:00,0.9593242916262004,0.040675708277867324,0.0,0.0,2.0,0.960133350504878,0.0,8.4,0.011526683773780204,0.011632613103253796,0.18740157480315053,0.47388222367794447,0.0005396789068823374,125.0,1.02342595381301,23.75714666441765,0.9881539631777272,,,,,,0.0
2025-11-29 00:00:00+00:00,0.973949686810417,0.026050313092187985,0.0,0.0,2.0,0.960133350504878,0.0,8.4,0.011499074412968921,0.011298187947289253,0.17532201164985126,0.636975819176107,0.000539222109174759,125.0,0.9589419132964404,23.371111652592496,0.9852238104193127,,,,,,0.0
2025-11-29 04:00:00+00:00,0.9550780894787397,0.044921910425752484,0.0,0.0,2.0,0.960133350504878,0.0,9.6,0.011569826494103362,0.011054392149029518,0.27078891257995796,0.5603961094012441,0.0005395399644919711,125.0,0.8876721337863407,22.913138938270933,0.9828807864230538,,,,,,0.0
2025-11-29 08:00:00+00:00,0.9885401220566693,0.011459877844476572,0.0,0.0,2.0,0.960133350504878,0.0,8.4,0.01148233254028461,0.010724730677439806,1.0,0.5698141560210475,0.0005390974813016443,125.0,0.8112523568296375,22.41123632005239,0.9813653880872907,,,,,,0.0
2025-11-29 12:00:00+00:00,0.9920033329992218,0.007996666901577947,0.0,0.0,2.0,0.960133350504878,0.0,8.4,0.01148158957832478,0.010416242663221952,0.7378472222222175,0.5438825129114421,0.0005393268340261734,125.0,0.7297165461802388,21.890515573228697,0.9816109687796954,,,,,,0.0
2025-11-29 16:00:00+00:00,0.9867524575408421,0.013247542360482704,0.0,0.0,2.0,0.960133350504878,0.0,10.0,0.011549332699999908,0.010211627575996349,0.7369796202752106,0.4742557164674708,0.0005396769694361842,125.0,0.6394939588091266,21.424891111234075,0.9843279475350963,,,,,,0.0
2025-11-29 20:00:00+00:00,0.9917056129661659,0.008294386934663578,0.0,0.0,2.0,0.960133350504878,0.0,9.6,0.011523042203534804,0.009900615247456277,0.6765476910667366,0.5847532319334987,0.0005395159800207992,125.0,0.5394832495659292,21.0690834837526,0.9895252173291061,,,,,,0.0
2025-11-30 00:00:00+00:00,0.9911988076771211,0.008801192223759073,0.0,0.0,2.0,0.960133350504878,0.0,7.6,0.011194814490220724,0.00965314544239795,0.06371317652431852,0.563344774219922,0.0005405184532321091,125.0,0.4282803498498304,20.97208403358298,0.9965629486694603,,,,,,0.0
2025-11-30 04:00:00+00:00,0.9893085570669081,0.010691442834160939,0.0,0.0,2.0,0.960133350504878,0.0,6.4,0.011021247532624855,0.009362489288836878,0.1208739016860621,0.4755540007386112,0.0005416336559468251,125.0,0.3121971454745114,20.97208403358298,0.9943592902332872,,,,,,0.0
2025-11-30 08:00:00+00:00,0.9907275751750079,0.009272424725919355,0.0,0.0,2.0,0.960133350504878,0.0,6.4,0.01098274303018678,0.009078431513380888,0.11667583929553563,0.5436502709053532,0.0005465229271038767,125.0,0.2650809947922915,21.17429591858081,0.9939802829482659,,,,,,0.0
2025-11-30 12:00:00+00:00,0.9999999970363922,2.8636077506125933e-09,0.0,0.0,2.0,0.9349410031101818,0.0,6.800000000000001,0.011001108281926493,0.009049752742562487,0.9185727355901302,0.5301014569701804,0.0005675314878051501,125.0,0.679540873571226,21.17429591858081,0.9962357167943082,,,,,,0.0
2025-11-30 16:00:00+00:00,0.0032867729929546914,0.9967132269073741,0.0,0.0,2.0,0.9447848479065267,0.0,6.4,0.010955480159166907,0.008786532583706352,0.9274061990212168,0.5807347711492019,0.0005650731265300561,125.0,0.8124402982151978,21.08353901511282,0.9866114586661019,,,,,,0.0
2025-11-30 20:00:00+00:00,0.17695196671376934,0.8230480332039258,0.0,0.0,2.0,0.9447848479065267,0.0,9.2,0.01114989420586234,0.009221839671388453,0.1302825706426623,0.5889556498648941,0.0005662540193970856,125.0,0.9084053807736171,20.609390525964567,0.9788066424618681,,,,,,0.0
2025-12-01 00:00:00+00:00,0.9614908447998072,0.038509155104043666,0.0,0.0,2.0,0.9349410031101818,0.0,37.2,0.014013844741349119,0.016547025374604365,0.7382899628252796,0.6000704572612344,0.0006163975539568119,125.0,1.0041411820127517,20.017830980132437,0.9765162335138399,,,,,,0.0
2025-12-01 04:00:00+00:00,0.8491320515568501,0.15086794835823658,0.0,0.0,2.0,0.9349410031101818,0.0,37.2,0.01395902411180991,0.016086268622552004,0.6430934005355191,0.5116546314465875,0.0005644363530585323,125.0,1.0850423245983154,19.45744280749948,0.9786370918106895,,,,,,0.0
2025-12-01 08:00:00+00:00,0.9022903868614593,0.09770961304831156,0.0,0.0,2.0,0.9349410031101818,0.0,37.2,0.013877774927538387,0.01559713386353328,0.8310655131939325,0.6202777323564566,0.0005622653798662001,125.0,1.1515119916566336,18.999588427508353,0.9825240429370937,,,,,,0.0
2025-12-01 12:00:00+00:00,0.9417556733777556,0.05824432652806879,0.0,0.0,2.0,0.9349410031101818,0.0,39.2,0.014575997492311952,0.01712140844257976,0.9135915872161168,0.5597989554007655,0.0005775912604395812,125.0,1.2334429284307085,18.64483001279083,0.9862526312434522,,,,,,0.0
2025-12-01 16:00:00+00:00,0.9473068165852812,0.05269318331998815,0.0,0.0,2.0,0.9349410031101818,0.0,33.2,0.013157578016357606,0.016606905664822435,0.901771568486246,0.6780234464758366,0.0005610336853998787,125.0,1.3074603169621752,18.372624080150388,0.9894013667644432,,,,,,0.0
2025-12-01 20:00:00+00:00,0.919600839531177,0.08039916037686297,0.0,0.0,2.0,0.9349410031101818,0.0,35.6,0.013617162020402869,0.01689608486021412,0.16039673689770761,0.6310973473613408,0.0005688744463321866,125.0,1.3817921132473412,18.309805337103022,0.9953411251008271,,,,,,0.0
2025-12-02 00:00:00+00:00,0.27329562790682455,0.726704372020505,0.0,0.0,2.0,0.9447848479065267,0.0,35.199999999999996,0.013469024970800911,0.016389162076406803,0.21651387436165637,0.626032403258482,0.0005594240711691867,125.0,1.4535722942946534,18.309805337103022,0.9799187681838253,,,,,,0.0
2025-12-02 04:00:00+00:00,0.47345670459839273,0.5265432953489529,0.0,0.0,2.0,0.9447848479065267,0.0,35.199999999999996,0.013466117272028445,0.015890098932982342,0.19985141158989725,0.6632426101840866,0.0005582768088777745,125.0,1.532457412728133,19.017875596763403,0.9600612021913522,,,,,,0.0
2025-12-02 08:00:00+00:00,0.665980346277214,0.33401965365618796,0.0,0.0,2.0,0.9349410031101818,0.0,36.0,0.013512317392730362,0.01550869239036871,0.8800265134776787,0.5702046854807107,0.0005589607316453712,125.0,1.644458397398393,20.16731327282629,0.9645672336021844,,,,,,0.0
2025-12-02 12:00:00+00:00,0.896958382169931,0.10304161774037311,0.0,0.0,2.0,0.9349410031101818,0.0,52.400000000000006,0.01661192398239882,0.02138322427527561,1.0,0.5218650574228616,0.0006279522176305796,125.0,1.7909177296542245,20.607780929878054,0.9884264839212642,,,,,,0.0
2025-12-02 16:00:00+00:00,0.8755549315361756,0.12444506837626898,0.0,0.0,2.0,0.9349410031101818,0.0,51.6,0.016562754151892612,0.0207449104483225,1.0,0.636651521352184,0.0005585779021430546,125.0,1.9288526351741138,20.607780929878054,0.9869858047447442,,,,,,0.0
2025-12-02 20:00:00+00:00,0.5711699686885169,0.4288300312543661,0.0,0.0,2.0,0.9349410031101818,0.0,51.2,0.01649295939517908,0.020178786100090447,0.8272672257283651,0.5467462381452077,0.0005577415180633452,125.0,2.070328952529014,20.104275160182787,0.9794585268167536,,,,,,0.0
2025-12-03 00:00:00+00:00,0.72774430423888,0.27225569568834557,0.0,0.0,2.0,0.9349410031101818,0.0,50.8,0.01647967369305955,0.019763664366937054,0.8491164476665156,0.5318345591241513,0.0005587712478757704,125.0,2.209098965627395,19.596290083470368,0.982244694239336,,,,,,0.0
2025-12-03 04:00:00+00:00,0.8639150528523285,0.13608494706128002,0.0,0.0,2.0,0.9349410031101818,0.0,51.2,0.016509168738318196,0.019287481712262827,0.8529260213470737,0.5746901798303029,0.0005567242844296467,125.0,2.3232156528561476,19.255024839144426,0.9874288739031766,,,,,,0.0
2025-12-03 08:00:00+00:00,0.6379274606011397,0.36207253933506756,0.0,0.0,2.0,0.9349410031101818,0.0,50.0,0.01642462534535953,0.018741124547733405,0.6242948476870989,0.5644742263860513,0.0005549279061085138,125.0,2.440512242270168,19.00476805772251,0.98921013397866,,,,,,0.0
2025-12-03 12:00:00+00:00,0.025475376839018488,0.974524623063529,0.0,0.0,2.0,0.9447848479065267,0.0,49.6,0.016422047624502684,0.018199119474248026,0.6373536618567927,0.5768033936865248,0.0005541785906143234,125.0,2.5426080378047047,18.752751693313005,0.9897790245896998,,,,,,0.0
2025-12-03 16:00:00+00:00,0.01791336297338733,0.9820866369284039,0.0,0.0,2.0,0.9447848479065267,0.0,46.0,0.015658437193203544,0.017952070586978782,1.0,0.5341279502784257,0.0005563957039035748,125.0,2.610699107756648,18.535408239671444,0.9930006127789333,,,,,,0.0
2025-12-03 20:00:00+00:00,0.06301051749135399,0.9369894824149471,0.0,0.0,2.0,0.9447848479065267,0.0,46.0,0.015904869660908046,0.01802289883229983,1.0,0.5787335945837131,0.0005588568105898469,125.0,2.6597282581598627,18.442454991323427,0.9968573878238912,,,,,,0.0
2025-12-04 00:00:00+00:00,0.05422704699539293,0.9457729529100297,0.0,0.0,2.0,0.9447848479065267,0.0,46.0,0.015926502905127655,0.017551284853473122,1.0,0.6059054137201166,0.0005529257549920745,125.0,2.692270192447562,18.39586749623476,0.9970371044568106,,,,,,0.0
2025-12-04 04:00:00+00:00,0.07052877693713049,0.9294712229699225,0.0,0.0,2.0,0.9447848479065267,0.0,46.0,0.015966838077724282,0.017082327513699504,0.7496318114874801,0.5620668096258548,0.0005522484983547437,125.0,2.7162744517987156,18.310892104371106,0.9977586430823817,,,,,,0.0
2025-12-04 08:00:00+00:00,0.16273287551778165,0.8372671243984917,0.0,0.0,2.0,0.9447848479065267,0.0,45.6,0.015964604164962745,0.01656468510477012,0.680999932069832,0.6742523197613656,0.0005512068894488951,125.0,2.7241460332288443,18.310892104371106,0.9945177546015145,,,,,,0.0
2025-12-04 12:00:00+00:00,0.11327731203027198,0.8867226878810558,0.0,0.0,2.0,0.9447848479065267,0.0,45.2,0.015948903217799466,0.016144147230378318,0.6294776708221547,0.6813289877903517,0.000551535930704871,125.0,2.731519795116027,18.522476438259964,0.9838456740709225,,,,,,0.0
2025-12-04 16:00:00+00:00,0.9439337762463664,0.056066223659240196,0.0,0.0,2.0,0.9349410031101818,0.0,51.6,0.016563689804446717,0.01710046833794589,0.4467975539105269,0.6596400394531544,0.0005637651812380192,125.0,2.7601673238338695,19.024554903048987,0.9717171808363135,,,,,,0.0
2025-12-04 20:00:00+00:00,0.20092535831776173,0.7990746416023309,0.0,0.0,2.0,0.9447848479065267,0.0,50.8,0.016544930953451786,0.016617634676337964,0.5165991902833995,0.6483427455086213,0.0005510999797310591,125.0,2.7628442894174126,19.835545196386857,0.9622679732490657,,,,,,0.0
2025-12-05 00:00:00+00:00,0.18645033972953437,0.8135496601891107,0.0,0.0,2.0,0.9447848479065267,0.0,52.400000000000006,0.016623576416387606,0.016374420801079387,0.11675187969924725,0.5706732281299087,0.000552825794256192,125.0,2.7615148251404076,20.86028134501307,0.9591109175600008,,,,,,0.0
2025-12-05 04:00:00+00:00,0.23767426298813316,0.7623257369356343,0.0,0.0,2.0,0.9447848479065267,0.0,52.0,0.01661397414225738,0.015877127067945643,0.07640150139242256,0.5813883301131024,0.000550274211724526,125.0,2.756629521288136,21.92609333118041,0.9598166748045736,,,,,,0.0
2025-12-05 08:00:00+00:00,0.813772338758784,0.18622766115983885,0.0,0.0,2.0,0.9349410031101818,0.0,52.400000000000006,0.016699900959560064,0.015743464973322917,0.4112149532710281,0.6039069599807042,0.0005530067815086205,125.0,2.7537604727864657,23.01927717779423,0.9590921050095039,,,,,,0.0
2025-12-05 12:00:00+00:00,0.655833732789776,0.34416626714464077,0.0,0.0,2.0,0.9349410031101818,0.0,52.0,0.016639402907529906,0.015385834768850332,0.10066453359586508,0.6236975052812547,0.0005508738623597931,125.0,2.7485948072276285,24.23572577064281,0.9614344561164458,,,,,,0.0
2025-12-05 16:00:00+00:00,0.758283360001183,0.24171663992298867,0.0,0.0,2.0,0.9349410031101818,0.0,52.400000000000006,0.016958281142719574,0.015880685597717915,0.5398089171974549,0.6579080148685891,0.0005576009938860541,125.0,2.7403805017221554,25.302372274160756,0.9675543056829167,,,,,,0.0
2025-12-05 20:00:00+00:00,0.4360766490755784,0.5639233508680292,0.0,0.0,2.0,0.9447848479065267,0.0,52.0,0.016953018473327072,0.015456091151233553,0.9630848660858382,0.6921009480199738,0.0005500272909398769,125.0,2.7367865892922807,26.24193383488504,0.9695770829599674,,,,,,0.0
2025-12-06 00:00:00+00:00,0.1690824589984284,0.8309175409184798,0.0,0.0,2.0,0.9447848479065267,0.0,52.400000000000006,0.016973358312198154,0.015057791283144394,0.7856178456119775,0.7077372450425748,0.0005501098525890144,125.0,2.731956063909872,27.259355378748225,0.9774038932357303,,,,,,0.0
2025-12-06 04:00:00+00:00,0.10113781303343808,0.8988621868766757,0.0,0.0,2.0,0.9447848479065267,0.0,52.0,0.016961137239795185,0.014640726131942866,0.7419810654232044,0.7098183904851995,0.0005495546678476566,125.0,2.7234217880093885,27.43460473876599,0.9933566578747932,,,,,,0.0
2025-12-06 08:00:00+00:00,0.0695749346396203,0.9304250652673371,0.0,0.0,2.0,0.9447848479065267,0.0,52.0,0.016969529751771496,0.01423049086788488,0.5249207943744699,0.6858517896178303,0.0005494170899102818,125.0,2.71469748572196,27.43460473876599,0.9924318138596441,,,,,,0.0
2025-12-06 12:00:00+00:00,0.09295179772479649,0.9070482021844987,0.0,0.0,2.0,0.9447848479065267,0.0,51.6,0.01696620869852827,0.013798613835239795,0.04721568627450643,0.6997803832336081,0.000548947696492309,125.0,2.706209001923624,27.43460473876599,0.9891774701228819,,,,,,0.0
2025-12-06 16:00:00+00:00,0.017424422908384245,0.9825755769933582,0.0,0.0,2.0,0.9447848479065267,0.0,50.0,0.01694725461600817,0.013408061072553906,0.14885561865427993,0.7666344948267463,0.0005489211337382419,125.0,2.6963915668803007,27.911038524189216,0.972110781843122,,,,,,0.0
2025-12-06 20:00:00+00:00,0.028517949009316885,0.971482050893535,0.0,0.0,2.0,0.9447848479065267,0.0,50.0,0.01695044967014021,0.013013703292353778,0.04456177402322486,0.738360268842151,0.0005486789593627235,125.0,2.6864699450105696,29.09294849995003,0.9644662626690976,,,,,,0.0
2025-12-07 00:00:00+00:00,0.060513495140815186,0.9394865047652362,0.0,0.0,2.0,0.9447848479065267,0.0,50.4,0.0169573132191391,0.012683159937004512,0.5548854041013326,0.7743202630584721,0.0005488670738747621,125.0,2.6768302721836346,30.446317645961123,0.9713622672406295,,,,,,0.0
2025-12-07 04:00:00+00:00,0.16878536548746387,0.8312146344294147,0.0,0.0,2.0,0.9447848479065267,0.0,52.400000000000006,0.016981208861112443,0.012369718474054362,0.0287409605043612,0.8330934318688946,0.0005486363751179368,125.0,2.665905590624555,30.966989276772317,0.9899674541695601,,,,,,0.0
2025-12-07 08:00:00+00:00,0.04488821127987927,0.9551117886246097,0.0,0.0,2.0,0.9447848479065267,0.0,52.0,0.016981057353368332,0.011993411630307845,0.10592255125284725,0.7115102402659005,0.0005479910805707095,125.0,2.6551327811565164,30.966989276772317,0.9871541459932678,,,,,,0.0
2025-12-07 12:00:00+00:00,0.06822378739741188,0.9317762125094105,0.0,0.0,2.0,0.9447848479065267,0.0,48.0,0.016935959394659496,0.011649292242303285,0.06380441264162331,0.6352923710614294,0.0005479336433327,125.0,2.6457435349283784,30.257657205552466,0.9810953423802058,,,,,,0.0
2025-12-07 16:00:00+00:00,0.8232177358074538,0.1767822641102244,0.0,0.0,2.0,0.9349410031101818,0.0,58.4,0.017824596806572113,0.014330849453711908,0.651925078043706,0.6005025123652887,0.0005692450081208365,125.0,2.6366327393486597,29.565623633112363,0.9809669568048581,,,,,,0.0
2025-12-07 20:00:00+00:00,0.9057464007644225,0.0942535991450028,0.0,0.0,2.0,0.9349410031101818,0.0,62.8,0.018130709621762022,0.01522235148026574,0.02570028658592934,0.5006601801407835,0.0005581902121023392,125.0,2.6244467188817637,28.879187846491625,0.9789533218366168,,,,,,0.0
2025-12-08 00:00:00+00:00,0.8796637716198831,0.1203362282921505,0.0,0.0,2.0,0.9349410031101818,0.0,36.0,0.01586365571883156,0.015315246737460864,0.293574329166336,0.5961996718720961,0.0005521161355230271,125.0,2.616418786608927,28.080153653025917,0.9763015871270136,,,,,,0.0
2025-12-08 04:00:00+00:00,0.9019698661119068,0.09803013379789613,0.0,0.0,2.0,0.9349410031101818,0.0,36.0,0.015878388313266902,0.014957711769981973,0.3596568411790585,0.6254228626002951,0.0005481898171553146,125.0,2.6026967823861953,27.249867096176622,0.9761369504694085,,,,,,0.0
2025-12-08 08:00:00+00:00,0.9067137182240304,0.09328628168529829,0.0,0.0,2.0,0.9349410031101818,0.0,35.6,0.015871133484055455,0.014515456843435984,0.42194449549715085,0.6315198149123991,0.0005471562250686923,125.0,2.5862993469042284,26.486500781348887,0.9786627121612711,,,,,,0.0
2025-12-08 12:00:00+00:00,0.9323506686527048,0.06764933125406006,0.0,0.0,2.0,0.9349410031101818,0.0,34.0,0.015077488825223572,0.014435258240624553,0.1835461835461828,0.7056358986223786,0.0005497603297101817,125.0,2.5729304482939046,25.865495342559704,0.9837732928061378,,,,,,0.0
2025-12-08 16:00:00+00:00,0.5645810279282322,0.43541897201530977,0.0,0.0,2.0,0.9349410031101818,0.0,33.6,0.015063702934886755,0.014066080085101162,0.4206017699115053,0.6902866760213751,0.0005473199916097899,125.0,2.5724520048028463,25.463290555598867,0.9921791274536288,,,,,,0.0
2025-12-08 20:00:00+00:00,0.06486881064298541,0.9351311892635015,0.0,0.0,2.0,0.9447848479065267,0.0,32.4,0.014798181456875002,0.013644628763892008,0.14150844435119891,0.6681908235586462,0.0005467193078925883,125.0,2.563381927773493,25.463290555598867,0.9885005811988831,,,,,,0.0
2025-12-09 00:00:00+00:00,0.06396183189894603,0.9360381680074501,0.0,0.0,2.0,0.9447848479065267,0.0,32.4,0.014798863708134232,0.013234417649109731,0.0599663256054929,0.6570742266588951,0.0005465438684247235,125.0,2.552191110639385,26.067263946355517,0.9833571546378803,,,,,,0.0
2025-12-09 04:00:00+00:00,0.03879660821259156,0.9612033916912881,0.0,0.0,2.0,0.9447848479065267,0.0,32.800000000000004,0.01481242346720641,0.012841109425561163,0.2517186673717624,0.6150118447915491,0.0005464223584718588,125.0,2.5404357602278544,26.286086995652674,0.9937029206896826,,,,,,0.0
2025-12-09 08:00:00+00:00,0.013682211527331447,0.9863177883740367,0.0,0.0,2.0,0.9447848479065267,0.0,32.0,0.014806052651647895,0.01245529444468336,0.43727780599288857,0.6000647461722352,0.0005462100293329674,125.0,2.5287833617248623,26.286086995652674,0.9893868561937369,,,,,,0.0
2025-12-09 12:00:00+00:00,0.7614651960253467,0.23853480389850681,0.0,0.0,2.0,0.9349410031101818,0.0,21.6,0.012921991929506424,0.015588722142677548,0.8517924023542006,0.592817659524652,0.0005726247977871776,125.0,2.5202415840711105,25.81189088420941,0.9845748919354892,,,,,,0.0
2025-12-09 16:00:00+00:00,0.8956494307669547,0.10435056914348034,0.0,0.0,2.0,0.9349410031101818,0.0,25.2,0.01384205575075268,0.01725392518623363,0.9134645423305222,0.5156537226783285,0.0005644320670577178,125.0,2.509288922591806,25.311271845528324,0.9860085227929211,,,,,,0.0
2025-12-09 20:00:00+00:00,0.8891943130089281,0.1108056869021524,0.0,0.0,2.0,0.9349410031101818,0.0,25.6,0.01395709183916535,0.01699134915027979,0.6459904043865657,0.5698135778442508,0.0005487768725670184,125.0,2.494083888888676,24.946414645072586,0.9911348406159093,,,,,,0.0
2025-12-10 00:00:00+00:00,0.5759037510213377,0.4240962489210719,0.0,0.0,2.0,0.9349410031101818,0.0,25.2,0.013903807437394503,0.01648568452491169,0.634396161568039,0.5755697270872462,0.0005459713135343095,125.0,2.4792530773962977,24.838181600106257,0.9972313441181745,,,,,,0.0
2025-12-10 04:00:00+00:00,0.5743367497686985,0.4256632501738678,0.0,0.0,2.0,0.9349410031101818,0.0,24.4,0.013871030809392827,0.016036525282159014,0.6802450628951319,0.5462155711791749,0.0005458196464347527,125.0,2.4611549980557053,24.838181600106257,0.9927657131068155,,,,,,0.0
2025-12-10 08:00:00+00:00,0.8732783578198644,0.1267216420928077,0.0,0.0,2.0,0.9349410031101818,0.0,24.8,0.013880867035332036,0.015561837939067865,0.38261610566680904,0.5835341302895969,0.0005453994123839554,125.0,2.4392593344917035,25.188667312401684,0.9817809329971457,,,,,,0.0
2025-12-10 12:00:00+00:00,0.18913377474196102,0.8108662251769524,0.0,0.0,2.0,0.9447848479065267,0.0,24.0,0.013877095018914893,0.015105342512207092,0.35594806410106156,0.5086652189087832,0.0005450039501111903,125.0,2.425060271571429,25.943885763229297,0.9669769567861517,,,,,,0.0
2025-12-10 16:00:00+00:00,0.10415526996898607,0.8958447299414295,0.0,0.0,2.0,0.9447848479065267,0.0,26.0,0.014002677048469147,0.015335040026691952,0.6757411896326699,0.5567834205662187,0.0005497370219039083,125.0,2.4102313993894455,27.27638639249976,0.956872143808424,,,,,,0.0
2025-12-10 20:00:00+00:00,0.571271542041715,0.42872845790115777,0.0,0.0,2.0,0.9349410031101818,0.0,26.400000000000002,0.014121620266351049,0.015632955736806415,0.08966353440436484,0.5619165172654305,0.0005518812384704289,125.0,2.4102707931604535,28.830365227883746,0.9557695829725019,,,,,,0.0
2025-12-11 00:00:00+00:00,0.9584581694503345,0.04154183045381976,0.0,0.0,2.0,0.9349410031101818,0.0,34.0,0.01549237742125127,0.018162137305742655,0.48471335307338353,0.5965033488305806,0.0005739605051028008,125.0,2.394915001391497,30.40049377860924,0.9724480577648922,,,,,,0.0
2025-12-11 04:00:00+00:00,0.9642136533704965,0.0357863465330822,0.0,0.0,2.0,0.9349410031101818,0.0,33.6,0.015471394284026973,0.017626168240009867,0.41470170454545674,0.7230632948176516,0.0005446988742146993,125.0,2.3768586989124105,30.40049377860924,0.9935793346273083,,,,,,0.0
2025-12-11 08:00:00+00:00,0.7876423874766398,0.21235761244459583,0.0,0.0,2.0,0.9349410031101818,0.0,33.6,0.015476159974086218,0.017102150933296124,0.4826676176890184,0.7199000191373667,0.0005445801726397007,125.0,2.3571325810540373,30.25234441723085,0.9812601218394382,,,,,,0.0
2025-12-11 12:00:00+00:00,0.9628609111180964,0.037139088785617516,0.0,0.0,2.0,0.9349410031101818,0.0,32.800000000000004,0.015453446445429501,0.016614020140404254,0.9120186496287374,0.7147266438233643,0.0005445973379137465,125.0,2.33896965438793,29.36049868805113,0.9753041237823372,,,,,,0.0
2025-12-11 16:00:00+00:00,0.7367470646891704,0.26325293523715493,0.0,0.0,2.0,0.9349410031101818,0.0,31.2,0.014825229121190043,0.016149086406872275,0.720919922416187,0.71360871532458,0.0005442286439330754,125.0,2.3304356084178397,28.476115210484167,0.9723179144408924,,,,,,0.0
2025-12-11 20:00:00+00:00,0.7905462431563939,0.20945375676455147,0.0,0.0,2.0,0.9349410031101818,0.0,31.6,0.014945373711610027,0.015997467298739753,0.5081206496519737,0.6876758102746653,0.0005462330550552475,125.0,2.312258851932895,27.43527349836608,0.9676870059923424,,,,,,0.0
2025-12-12 00:00:00+00:00,0.030815250161775425,0.9691847497413061,0.0,0.0,2.0,0.9447848479065267,0.0,30.8,0.01484430484472553,0.015522686880982437,0.49740347708286786,0.726722316211107,0.0005436593791667541,125.0,2.2927138677677923,26.307478894174704,0.9707812570225771,,,,,,0.0
2025-12-12 04:00:00+00:00,0.017183522567175556,0.9828164773345428,0.0,0.0,2.0,0.9447848479065267,0.0,30.4,0.014844250307765842,0.01504998147402795,0.664152343266973,0.63978482864637,0.0005435618931210052,125.0,2.2825878543659726,25.555958378026002,0.9850808771329539,,,,,,0.0
2025-12-12 08:00:00+00:00,0.032685204462422804,0.9673147954408456,0.0,0.0,2.0,0.9447848479065267,0.0,26.400000000000002,0.014681445838914462,0.014594365620406695,0.8922947131608567,0.6325593633513364,0.0005435094920884879,125.0,2.2671817016003732,25.4403245844144,0.9937095050960376,,,,,,0.0
2025-12-12 12:00:00+00:00,0.9910153541536371,0.008984645747261297,0.0,0.0,2.0,0.9349410031101818,0.0,46.800000000000004,0.016925017588620146,0.019412467390087007,0.539815222173338,0.7171067451342779,0.000595939457461634,125.0,2.2541457529349773,25.174467565411273,0.9842264018261145,,,,,,0.0
2025-12-12 16:00:00+00:00,0.8563402870503224,0.14365971286404353,0.0,0.0,2.0,0.9349410031101818,0.0,44.0,0.016565124700963576,0.018821721524362584,0.8800021485738834,0.6057262425646641,0.0005436111956536443,125.0,2.2393257263106063,24.50183046111048,0.9740692752198515,,,,,,0.0
2025-12-12 20:00:00+00:00,0.2847169974805248,0.7152830024479468,0.0,0.0,2.0,0.9447848479065267,0.0,42.8,0.01654762861655444,0.018270878708514713,0.8488193967566431,0.5399979430663086,0.0005435610738775687,125.0,2.221902577246697,23.62686955759478,0.9708674754615334,,,,,,0.0
2025-12-13 00:00:00+00:00,0.24940225037057928,0.7505977495543609,0.0,0.0,2.0,0.9447848479065267,0.0,42.0,0.016525696879126486,0.017718935547191415,0.8091595161790548,0.5213387785591682,0.0005432928242926245,125.0,2.2038711694041226,22.814716967222374,0.9742976911546516,,,,,,0.0
2025-12-13 04:00:00+00:00,0.4427893589107444,0.5572106410335346,0.0,0.0,2.0,0.9447848479065267,0.0,41.199999999999996,0.01650834605682916,0.017183234620281165,0.7613706523976123,0.50795533276369,0.0005431397002551364,125.0,2.185246959057163,22.190663664246713,0.9802115498915555,,,,,,0.0
2025-12-13 08:00:00+00:00,0.8519182131113511,0.14808178680345713,0.0,0.0,2.0,0.9349410031101818,0.0,42.0,0.016539605508983972,0.01677420544036949,1.0,0.6203773344361532,0.0005438089535048905,125.0,2.1668567368045744,21.740992195295803,0.9856247700443969,,,,,,0.0
2025-12-13 12:00:00+00:00,0.0025068106942422513,0.9974931892060084,0.0,0.0,2.0,0.9447848479065267,0.0,42.8,0.016549917322167193,0.016281803130933758,0.6464068644976781,0.5970893598587838,0.000543120240068157,125.0,2.148012553118605,21.427564637371177,0.9906027436074227,,,,,,0.0
2025-12-13 16:00:00+00:00,0.0024847597125822697,0.9975152401876662,0.0,0.0,2.0,0.9447848479065267,0.0,41.199999999999996,0.016537398158763136,0.015785982811507008,0.5224077328646747,0.6093835344825642,0.0005427197658619325,125.0,2.128997578512975,21.253264945809374,0.9961011416919252,,,,,,0.0
2025-12-13 20:00:00+00:00,0.03764723155687317,0.9623527683468917,0.0,0.0,2.0,0.9447848479065267,0.0,40.8,0.016536044934478442,0.01531210692792162,0.5303521278893973,0.7140986339789919,0.0005425631184952235,125.0,2.1098780068823793,21.24942718895976,0.9970486458380274,,,,,,0.0
2025-12-14 00:00:00+00:00,0.10794240144034321,0.892057598470451,0.0,0.0,2.0,0.9447848479065267,0.0,40.0,0.01652011847875006,0.014849651007981435,0.5268770402611563,0.7289071064662473,0.0005424298370414539,125.0,2.094114612300117,21.118614932518263,0.9882526439151803,,,,,,0.0
2025-12-14 04:00:00+00:00,0.0563126930646632,0.943687306840968,0.0,0.0,2.0,0.9447848479065267,0.0,38.800000000000004,0.016495447686142264,0.014400083593166814,0.16996366572465016,0.7165403660105235,0.0005423518027420436,125.0,2.075848659583698,20.672765007113256,0.9804496106203955,,,,,,0.0
2025-12-14 08:00:00+00:00,0.09360467917914402,0.9063953207302164,0.0,0.0,2.0,0.9447848479065267,0.0,44.0,0.016572731683311005,0.014165780536003958,0.5452333554523296,0.6832754632046525,0.0005439647245772763,125.0,2.055774729379241,20.13167841424297,0.9807337354231558,,,,,,0.0
2025-12-14 12:00:00+00:00,0.0918897868533139,0.9081102130558751,0.0,0.0,2.0,0.9447848479065267,0.0,43.2,0.016564937030933674,0.0137342371022263,0.5364148816234446,0.6633856167907054,0.0005420120436033864,125.0,2.034374962071876,19.723713336183085,0.98572316835253,,,,,,0.0
2025-12-14 16:00:00+00:00,0.1620661312192259,0.8379338686969808,0.0,0.0,2.0,0.9447848479065267,0.0,28.799999999999997,0.015589722716995168,0.013333101675553719,0.4494788342905767,0.7111502473052251,0.0005419130509035396,125.0,2.0126884435972117,19.444425161374856,0.9886951832270339,,,,,,0.0
2025-12-14 20:00:00+00:00,0.1299375846034562,0.8700624153095374,0.0,0.0,2.0,0.9447848479065267,0.0,26.8,0.015157078273120824,0.013143665139355092,0.7640728476821157,0.653416079290241,0.0005434393483285736,125.0,1.992834151950402,19.185216555300123,0.988772300267384,,,,,,0.0
2025-12-15 00:00:00+00:00,0.19817968515883194,0.801820314760986,0.0,0.0,2.0,0.9447848479065267,0.0,26.400000000000002,0.015107284644029344,0.013244690318326827,0.05510846745976337,0.5963566735322327,0.0005448370327797506,125.0,1.9717099269717284,18.9169004369793,0.9885769587607611,,,,,,0.0
2025-12-15 04:00:00+00:00,0.5651280588144367,0.4348719411290505,0.0,0.0,2.0,0.9349410031101818,0.0,26.0,0.015096275472193077,0.012935673826299406,0.42262879152624144,0.7172627085045014,0.000541921998557342,125.0,1.9461713644444145,18.655858721231372,0.9889979558865759,,,,,,0.0
2025-12-15 08:00:00+00:00,0.28105739389411194,0.7189426060339937,0.0,0.0,2.0,0.9447848479065267,0.0,26.400000000000002,0.015156316106514033,0.012734917066026353,0.5478497880072677,0.7175825371197648,0.00054234885609775,125.0,1.920039272988437,18.41408630829437,0.9899599234402834,,,,,,0.0
2025-12-15 12:00:00+00:00,0.9814850653520854,0.018514934549766104,0.0,0.0,2.0,0.9349410031101818,0.0,46.400000000000006,0.016730712956437997,0.016955231646840655,0.30547935048565295,0.6490481987853224,0.0005800102634084017,125.0,1.89044141890133,18.20309623381897,0.9912516244523684,,,,,,0.0
2025-12-15 16:00:00+00:00,0.9413737846401211,0.05862621526574141,0.0,0.0,2.0,0.9349410031101818,0.0,52.0,0.017070860875014963,0.017442388782973696,0.39700012874983914,0.6084970778956537,0.0005507587984605195,125.0,1.875409386290009,18.024222426935847,0.9925264778443667,,,,,,0.0
2025-12-15 20:00:00+00:00,0.6302302689653038,0.36976973097167326,0.0,0.0,2.0,0.9349410031101818,0.0,53.2,0.017130397168666007,0.01703356055993358,0.4977052348252176,0.554692738034457,0.0005422259726230502,125.0,1.8459619969966268,17.87336466590436,0.993623559555216,,,,,,0.0
2025-12-16 00:00:00+00:00,0.7667355648818988,0.23326443504142783,0.0,0.0,2.0,0.9349410031101818,0.0,54.0,0.017170325703557775,0.016675381131994967,0.644522066232283,0.6451977316163937,0.0005424832944847335,125.0,1.8193244315468853,17.745248290401783,0.9950449540860931,,,,,,0.0
2025-12-16 04:00:00+00:00,0.8796269749249357,0.12037302498710167,0.0,0.0,2.0,0.9349410031101818,0.0,54.0,0.017175851613645092,0.01620289053920509,0.8258743488891243,0.5878462305737152,0.0005411477763403545,125.0,1.7866728532585983,17.678258277157777,0.9979142713512816,,,,,,0.0
2025-12-16 08:00:00+00:00,0.7335074648620911,0.2664925350645582,0.0,0.0,2.0,0.9349410031101818,0.0,54.800000000000004,0.01729472865520284,0.01596198218097242,0.31132686084142175,0.6251956795399569,0.0005428692309093311,125.0,1.7575700266320742,17.678258277157777,0.9924431276411368,,,,,,0.0
2025-12-16 12:00:00+00:00,0.6638465310079207,0.33615346892569475,0.0,0.0,2.0,0.9349410031101818,0.0,31.6,0.01601419545367556,0.015481609131920832,0.22097593711053679,0.7519517046575118,0.0005407110946299698,125.0,1.7492961388787638,17.95300124625542,0.9749768170702737,,,,,,0.0
2025-12-16 16:00:00+00:00,0.12080443658399993,0.8791955633280806,0.0,0.0,2.0,0.9447848479065267,0.0,22.8,0.01496716846478214,0.01508349338787739,0.19913996109347604,0.7555412007494975,0.000541123446119674,125.0,1.7215943877155633,18.747935855606812,0.9564734815160167,,,,,,0.0
2025-12-16 20:00:00+00:00,0.06300664042192074,0.9369933594843798,0.0,0.0,2.0,0.9447848479065267,0.0,22.8,0.014959009514257727,0.014692169716287659,0.29228998849252086,0.7303650563678061,0.0005409235275114765,125.0,1.6933991000209854,19.952484545933814,0.9438929021336196,,,,,,0.0
2025-12-17 00:00:00+00:00,0.04901697121438585,0.9509830286905158,0.0,0.0,2.0,0.9447848479065267,0.0,23.200000000000003,0.01496273307794048,0.014294489050910677,0.26935684412795136,0.6980354135035871,0.0005406315366256832,125.0,1.6629105216586908,21.49866892072063,0.9588283419683975,,,,,,0.0
2025-12-17 04:00:00+00:00,0.0571180900895973,0.9428819098161146,0.0,0.0,2.0,0.9447848479065267,0.0,22.400000000000002,0.014915350228037602,0.013859026215646608,0.18258324185876257,0.7158738666144026,0.0005400831137678554,125.0,1.6301802035948842,21.831353630960457,0.9904677921430313,,,,,,0.0
2025-12-17 08:00:00+00:00,0.1126377602299301,0.8873622396813337,0.0,0.0,2.0,0.9447848479065267,0.0,22.8,0.014926011816292691,0.013532202212670428,0.5000727484359035,0.7667850993710315,0.0005405923566786987,125.0,1.5960348100484207,21.831353630960457,0.9876221271924327,,,,,,0.0
2025-12-17 12:00:00+00:00,0.16889449402307985,0.8311055058938096,0.0,0.0,2.0,0.9447848479065267,0.0,22.8,0.014917624839190034,0.01327568728112578,0.5414386760976879,0.7044079532387614,0.0005407397712060179,125.0,1.5533251980812635,21.362637858038617,0.9850006406604205,,,,,,0.0
2025-12-17 16:00:00+00:00,0.7036380777902759,0.29636192213936025,0.0,0.0,2.0,0.9349410031101818,0.0,25.2,0.015044480324140172,0.014753491918536579,0.9980296953064481,0.5889527781351709,0.000553685627070904,125.0,1.5296235728123366,21.049724627254005,0.989933625945844,,,,,,0.0
2025-12-17 20:00:00+00:00,0.7406424047740955,0.2593575951518402,0.0,0.0,2.0,0.9349410031101818,0.0,22.400000000000002,0.014907159747107669,0.014348301871226129,0.8133750266505564,0.7092912782806065,0.0005400646853019234,125.0,1.4917809270114057,20.846579283118082,0.9921738415052872,,,,,,0.0
2025-12-18 00:00:00+00:00,0.6132653459293429,0.38673465400933055,0.0,0.0,2.0,0.9349410031101818,0.0,10.8,0.013713771386040545,0.013911744908431348,0.8170422535211292,0.6909454040785077,0.0005395001231338508,125.0,1.4549309706346065,20.650069682772195,0.9919567157449545,,,,,,0.0
2025-12-18 04:00:00+00:00,0.1713288257389557,0.8286711741781772,0.0,0.0,2.0,0.9447848479065267,0.0,10.8,0.013698555170469884,0.013493326536403366,0.726372071080363,0.6146146683771954,0.0005394590025013274,125.0,1.417920364947449,20.43989899481442,0.9910053680020106,,,,,,0.0
2025-12-18 08:00:00+00:00,0.3812507625428122,0.6187492373953128,0.0,0.0,2.0,0.9447848479065267,0.0,11.600000000000001,0.0138005006234554,0.013226937711608036,0.36255170219535604,0.5837155891327843,0.0005404597596895249,125.0,1.3808837759810675,20.20027030619083,0.9893161853236924,,,,,,0.0
2025-12-18 12:00:00+00:00,0.8223851635857599,0.17761483633200154,0.0,0.0,2.0,0.9349410031101818,0.0,27.200000000000003,0.015058980047437873,0.015633388868412312,0.9806416677947767,0.5652510692188256,0.000562054802821938,125.0,1.3398072510749628,19.912415107018056,0.9871826088604044,,,,,,0.0
2025-12-18 16:00:00+00:00,0.9360590442862782,0.06394095562011604,0.0,0.0,2.0,0.9349410031101818,0.0,63.6,0.017820280075595017,0.02178970016127842,0.16214177978883867,0.5787019036164401,0.0006102373437389231,125.0,1.2992228248222526,19.57622814123706,0.9856601325410281,,,,,,0.0
2025-12-18 20:00:00+00:00,0.8123212717692819,0.1876787281494859,0.0,0.0,2.0,0.9349410031101818,0.0,65.60000000000001,0.017903501192667558,0.021519570314103384,0.008990679387424007,0.5857967081073856,0.0005447658461517806,125.0,1.2579722236912956,19.225023592816363,0.9845088947703243,,,,,,0.0
2025-12-19 00:00:00+00:00,0.8813941748090622,0.11860582510279831,0.0,0.0,2.0,0.9349410031101818,0.0,77.60000000000001,0.018522948590708795,0.02196177770608212,0.16511966511966514,0.6024339559046145,0.0005531446524355806,125.0,1.2060493228129596,18.84722679172104,0.9826629712066155,,,,,,0.0
2025-12-19 04:00:00+00:00,0.9546740223262127,0.045325977578319854,0.0,0.0,2.0,0.9349410031101818,0.0,81.2,0.01870877705964437,0.02159204927703933,0.20174885258738845,0.7245624431588678,0.0005433313357114701,125.0,1.1533502553660544,18.42565972936007,0.981294220439212,,,,,,0.0
2025-12-19 08:00:00+00:00,0.7818647181565511,0.2181352817652624,0.0,0.0,2.0,0.9349410031101818,0.0,81.6,0.01873818814809618,0.020964556246545703,0.00029965403579538375,0.6252726375032209,0.0005399143122874305,125.0,1.0919900810524783,18.002987277817816,0.9840018643871498,,,,,,0.0
2025-12-19 12:00:00+00:00,0.4641752677544101,0.5358247321920075,0.0,0.0,2.0,0.9447848479065267,0.0,50.4,0.01682964632100076,0.020325936842955368,0.9943515098848579,0.6131883866553717,0.0005394850379980007,125.0,1.0494033394429454,17.86673233678499,0.9936037154651346,,,,,,0.0
2025-12-19 16:00:00+00:00,0.04685414964562046,0.9531458502590651,0.0,0.0,2.0,0.9447848479065267,0.0,50.8,0.016869348332432296,0.01977637062878195,0.9933905306641247,0.6176652347837187,0.0005401881019915804,125.0,0.9901406499610532,17.86673233678499,0.9910756569617056,,,,,,0.0
2025-12-19 20:00:00+00:00,0.08108240436050838,0.9189175955475999,0.0,0.0,2.0,0.9447848479065267,0.0,50.8,0.01685567669282942,0.0191788107491132,0.8591720286512041,0.6439025395865441,0.0005393963383644191,125.0,0.9270147432524605,18.017685531368905,0.9944256047465104,,,,,,0.0
2025-12-20 00:00:00+00:00,0.006684146492599227,0.9933158534080693,0.0,0.0,2.0,0.9447848479065267,0.0,51.2,0.01686307304122269,0.01861138697335565,0.7640837909294215,0.656379848090407,0.0005394897757056878,125.0,0.8575643447746408,18.017685531368905,0.9938950148116414,,,,,,0.0
2025-12-20 04:00:00+00:00,0.0029044392047104283,0.99709556069558,0.0,0.0,2.0,0.9447848479065267,0.0,51.2,0.01686123726299957,0.01805553287310383,0.3753753753753757,0.6144208015622774,0.0005394258918553357,125.0,0.7840208617015311,18.017685531368905,0.991900823316598,,,,,,0.0
2025-12-20 08:00:00+00:00,0.003144591305095275,0.9968554085952192,0.0,0.0,2.0,0.9447848479065267,0.0,50.4,0.016809300042524566,0.017511810366538535,0.4639175257731959,0.5696178889274925,0.0005394417481349115,125.0,0.7048313308043254,18.20258227814041,0.9732537370024041,,,,,,0.0
2025-12-20 12:00:00+00:00,0.003120093148057116,0.9968799067522549,0.0,0.0,2.0,0.9447848479065267,0.0,50.8,0.016810353096110557,0.016999867555002497,0.20732336255802003,0.6016204044284983,0.000539719527396402,125.0,0.6173594010772274,19.018209525096395,0.9677641895850698,,,,,,0.0
2025-12-20 16:00:00+00:00,0.0032522309368257446,0.9967477689634995,0.0,0.0,2.0,0.9447848479065267,0.0,51.2,0.016811336038001952,0.01648218861022205,0.051014492753617004,0.6407376103256046,0.0005398431218667473,125.0,0.5218134407792685,19.698694407905904,0.9784149218837207,,,,,,0.0
2025-12-20 20:00:00+00:00,0.002657391579382589,0.9973426083208833,0.0,0.0,2.0,0.9447848479065267,0.0,50.4,0.016805847721879694,0.01598007493708488,0.45922057051024084,0.6017102045543696,0.0005405301342431561,125.0,0.4170320939308781,20.03432721012875,0.9910450070565473,,,,,,0.0
2025-12-21 00:00:00+00:00,0.01778333174233623,0.982216668159442,0.0,0.0,2.0,0.9447848479065267,0.0,50.4,0.016801464759112726,0.015498384682550369,0.38845979100409345,0.49948788957043,0.0005423050281525897,125.0,0.3155593225320835,20.109620345067604,0.9978946070525808,,,,,,0.0
2025-12-21 04:00:00+00:00,0.0034915096724820187,0.9965084902278672,0.0,0.0,2.0,0.9447848479065267,0.0,52.400000000000006,0.0168120794443865,0.015041136434377503,0.25194592380172115,0.47700626514356537,0.0005479795463320664,125.0,0.3082029147419174,20.133626234221783,0.998253654332824,,,,,,0.0
2025-12-21 08:00:00+00:00,2.1293783626605545e-11,0.9999999998787061,0.0,0.0,2.0,0.8300571378322287,0.0,50.4,0.01678046670648696,0.014636991304599441,0.6679168087282453,0.5226047103273305,0.0005648850904360326,125.0,0.7132080459226071,20.193299373246393,0.9967991732409357,,,,,,0.0
2025-12-21 12:00:00+00:00,0.34913467591552055,0.6508653240193929,0.0,0.0,2.0,0.8300571378322287,0.0,52.800000000000004,0.016811410544414013,0.014304798841747016,0.06645443692797715,0.4280213624588018,0.0005642284018630775,125.0,0.853501776310109,20.290554865209316,0.9955590444721671,,,,,,0.0
2025-12-21 16:00:00+00:00,0.2698613445238537,0.7301386554031324,0.0,0.0,2.0,0.8300571378322287,0.0,54.0,0.016830631616027728,0.013933131266117891,0.19464500601684795,0.5463851287081164,0.000562005294278699,125.0,0.9542589662738368,20.413612059594236,0.9945454496598157,,,,,,0.0
2025-12-21 20:00:00+00:00,0.36295580006184186,0.6370441998744537,0.0,0.0,2.0,0.8300571378322287,0.0,50.8,0.016784845645909256,0.01353936067951711,0.3973619126133577,0.5817322984202307,0.0005592128705898987,125.0,0.9898899565713941,20.56299205971572,0.9939244942900188,,,,,,0.0
2025-12-22 00:00:00+00:00,0.44389187238547956,0.5561081275589096,0.0,0.0,2.0,0.8300571378322287,0.0,49.6,0.016650231461125986,0.013223028374218295,0.47915924474528093,0.6258041190636612,0.0005601154442021234,125.0,1.1150129595353557,20.71963552293022,0.9943805247897287,,,,,,0.0
2025-12-22 04:00:00+00:00,0.46557406858206035,0.5344259313644971,0.0,0.0,2.0,0.8300571378322287,0.0,48.8,0.01662199552162523,0.012837393389329288,0.43098079916969756,0.6185081440638508,0.0005585483081325804,125.0,1.1933632543781383,20.847581089251467,0.9954471546389253,,,,,,0.0
2025-12-22 08:00:00+00:00,0.4045709723320662,0.5954290276083909,0.0,0.0,2.0,0.8300571378322287,0.0,48.0,0.016588454155095748,0.01254251856053172,1.0,0.5722098207608194,0.0005578847844572212,125.0,1.2618831824548713,20.951632202636723,0.996384647989389,,,,,,0.0
2025-12-22 12:00:00+00:00,0.19868408557568293,0.8013159143441855,0.0,0.0,2.0,0.8300571378322287,0.0,23.200000000000003,0.014863204554304699,0.012163879861003025,1.0,0.5903044848738103,0.0005569620643918844,125.0,1.3614732090733555,21.032575204105488,0.9979804890418508,,,,,,0.0
2025-12-22 16:00:00+00:00,0.8260199687408889,0.1739800311765092,0.0,0.0,2.0,0.9796948242054019,0.0,23.599999999999998,0.014867040539538703,0.013166813305483839,0.17502241786907854,0.586949323601178,0.00056620516646574,125.0,1.4522999639819405,21.032575204105488,0.9980446395073745,,,,,,0.0
2025-12-22 20:00:00+00:00,0.8734759991936718,0.12652400071898068,0.0,0.0,2.0,0.9796948242054019,0.0,24.4,0.014888113994265838,0.012989449105189019,0.08825972064930246,0.5283472882895468,0.0005572813461856721,125.0,1.566926900360083,20.954523012351345,0.9957829033473725,,,,,,0.0
2025-12-23 00:00:00+00:00,0.7253881253803832,0.27461187454707797,0.0,0.0,2.0,0.9796948242054019,0.0,22.400000000000002,0.01484249365966311,0.012679329519058528,0.26641360888514265,0.5202249698521053,0.0005557665837165615,125.0,1.691713815560433,20.832799688432548,0.9971709652088315,,,,,,0.0
2025-12-23 04:00:00+00:00,0.8757748005431255,0.12422519936929695,0.0,0.0,2.0,0.9796948242054019,0.0,25.2,0.014896700813439714,0.012490730013544615,0.5604615487227427,0.5590968329922784,0.0005556480017058794,125.0,1.8289448510677717,20.832799688432548,0.9992518194504753,,,,,,0.0
2025-12-23 08:00:00+00:00,0.8300030586801718,0.169996941236828,0.0,0.0,2.0,0.9796948242054019,0.0,20.0,0.014797097814918659,0.012130420112037377,0.5113695090439291,0.6046337057938462,0.0005531795984290154,125.0,1.9432758309460725,20.826014965050447,0.9947817038732558,,,,,,0.0
2025-12-23 12:00:00+00:00,0.9222089821532813,0.07779101775449793,0.0,0.0,2.0,0.9796948242054019,0.0,28.4,0.014980338661089488,0.012332025187958198,0.4062794348508663,0.6214782769066878,0.000556921425851439,125.0,2.1594536865986047,20.616207484046065,0.9838837237798077,,,,,,0.0
2025-12-23 16:00:00+00:00,0.8144655542533791,0.18553444566517444,0.0,0.0,2.0,0.9796948242054019,0.0,28.000000000000004,0.014975133714827284,0.012024509173120418,0.5801728699947053,0.5702297837687366,0.0005531112851156095,125.0,2.3009292349179056,20.07074355518566,0.9831131652775491,,,,,,0.0
2025-12-23 20:00:00+00:00,0.7561840993089693,0.2438159006154121,0.0,0.0,2.0,0.9796948242054019,0.0,28.4,0.014987542500642896,0.011782516141777988,0.23449762828805512,0.5807265710573125,0.0005528407277733135,125.0,2.419251150508903,20.059547047066943,0.9936716332791984,,,,,,0.0
2025-12-24 00:00:00+00:00,0.6974889769362759,0.3025110229939751,0.0,0.0,2.0,0.9796948242054019,0.0,28.799999999999997,0.015001257436342862,0.011529684962332361,0.17715768981181113,0.5656634468276405,0.0005520100734305684,125.0,2.513752696363129,20.001935671485146,0.9943568401659931,,,,,,0.0
2025-12-24 04:00:00+00:00,0.6533560786731583,0.3466439212615061,0.0,0.0,2.0,0.9796948242054019,0.0,29.2,0.015016589389042384,0.011230624980160033,0.3609825560697748,0.49450766682350106,0.0005512586801499476,125.0,2.587984335432915,20.001935671485146,0.9898540079442185,,,,,,0.0
2025-12-24 08:00:00+00:00,0.7129442932014013,0.2870557067273044,0.0,0.0,2.0,0.9796948242054019,0.0,28.799999999999997,0.014987615641905426,0.010906753629840726,0.04559351322610442,0.5635424838920436,0.0005506841108680431,125.0,2.639093397639606,19.605589431031344,0.9820151216807967,,,,,,0.0
2025-12-24 12:00:00+00:00,0.6984947601969955,0.3015052397331551,0.0,0.0,2.0,0.9796948242054019,0.0,26.0,0.014930790787733003,0.01057450908820453,0.3077306733167137,0.6962295074549918,0.000550251972229844,125.0,2.6706319726569787,19.14017192548115,0.9794343567350361,,,,,,0.0
2025-12-24 16:00:00+00:00,0.29677860641298065,0.7032213935166972,0.0,0.0,2.0,0.8300571378322287,0.0,16.8,0.014209684769639743,0.010395292355556264,0.30773067331670384,0.6030051387676398,0.0005508933906415123,125.0,2.6923549645543425,18.642128867294403,0.9795636426380161,,,,,,0.0
2025-12-24 20:00:00+00:00,0.10252664306297803,0.8974733568472747,0.0,0.0,2.0,0.8300571378322287,0.0,16.8,0.014198727316131105,0.010079331182165262,0.04114071996260469,0.5642204449693516,0.0005497427007167436,125.0,2.7084158818962654,18.20662663035362,0.9858051770453597,,,,,,0.0
2025-12-25 00:00:00+00:00,0.06642982837402067,0.9335701715326222,0.0,0.0,2.0,0.8300571378322287,0.0,16.8,0.014197880118783547,0.00977231266797994,0.4777704047777091,0.5132446893117083,0.0005495021144074166,125.0,2.716773999050018,18.07674748015776,0.9957420529364532,,,,,,0.0
2025-12-25 04:00:00+00:00,0.10399813891525606,0.8960018609951437,0.0,0.0,2.0,0.8300571378322287,0.0,17.599999999999998,0.014203482562188506,0.009483998810008252,0.6096855800505908,0.64781109247288,0.0005493110970629374,125.0,2.720571475561699,18.07674748015776,0.9941696652840211,,,,,,0.0
2025-12-25 08:00:00+00:00,0.5650732785841571,0.4349267213593355,0.0,0.0,2.0,0.9796948242054019,0.0,16.8,0.014195827867738271,0.009308219550421262,0.01541899441339888,0.6690883940056531,0.0005495692079305557,125.0,2.7224343442644723,18.269142682390296,0.9898201294018846,,,,,,0.0
2025-12-25 12:00:00+00:00,0.5103679331919144,0.4896320667570488,0.0,0.0,2.0,0.9796948242054019,0.0,8.799999999999999,0.013153340004373565,0.00951399883665566,0.24693404043751782,0.6074228772702637,0.0005515938006514881,125.0,2.723150721246294,18.53110395646401,0.987836363967378,,,,,,0.0
2025-12-25 16:00:00+00:00,0.7461702625077836,0.2538297374175994,0.0,0.0,2.0,0.9796948242054019,0.0,0.4,0.008443715301131876,0.00923179168424613,0.14064963733838207,0.6700662519666801,0.0005488561878570459,125.0,2.7239952073169698,18.821311157776194,0.9856126703475155,,,,,,0.0
2025-12-25 20:00:00+00:00,0.9399358153857129,0.06006418452029348,0.0,0.0,2.0,0.9796948242054019,0.0,0.8,0.008612078125453735,0.009981820321914562,0.37594893029675847,0.680535053385529,0.0005536941080954033,125.0,2.71925137353359,19.193667021144158,0.9793777731811124,,,,,,0.0
2025-12-26 00:00:00+00:00,0.926218836411333,0.07378116349604509,0.0,0.0,2.0,0.9796948242054019,0.0,0.4,0.008120680087666761,0.01095392384668414,0.13308955830286387,0.6393276525697791,0.0005560484448285998,125.0,2.7148431454441675,19.786227104260945,0.9738593081500145,,,,,,0.0
2025-12-26 04:00:00+00:00,0.9564138356693418,0.043586164235016836,0.0,0.0,2.0,0.9796948242054019,0.0,0.4,0.007818688661590214,0.010642577277834835,0.19546846295162076,0.6417547861638573,0.000548553634690669,125.0,2.7080286955357815,20.46147234072931,0.9758650356988255,,,,,,0.0
2025-12-26 08:00:00+00:00,0.8808852099221997,0.11911478998971177,0.0,0.0,2.0,0.9796948242054019,0.0,0.4,0.007797840589024727,0.010340820399321538,0.029403073286052118,0.472590690017623,0.000548443243748899,125.0,2.701510445278954,20.990008134920163,0.9828708100988524,,,,,,0.0
2025-12-26 12:00:00+00:00,0.8689997481995154,0.13100025171358462,0.0,0.0,2.0,0.9796948242054019,0.0,1.2,0.008105204938779142,0.010622324484193644,0.19451991444592198,0.5267029974805806,0.0005513464199385148,125.0,2.6939884881661094,21.333013755028922,0.9917293755678288,,,,,,0.0
2025-12-26 16:00:00+00:00,0.9551698562196642,0.0448301436848188,0.0,0.0,2.0,0.9796948242054019,0.0,1.2,0.008030437681743937,0.01030179370712436,0.18009093861643213,0.6186592378195169,0.0005480818132622256,125.0,2.689662032057999,21.333013755028922,0.9969687081569558,,,,,,0.0
2025-12-26 20:00:00+00:00,0.582120655922694,0.41787934401909405,0.0,0.0,2.0,0.9796948242054019,0.0,1.2,0.008030101124216895,0.009989848133953852,0.5768269831355374,0.5069839500017637,0.0005479249434726879,125.0,2.6819260763924326,21.230676413703016,0.9920020851977188,,,,,,0.0
2025-12-27 00:00:00+00:00,0.15355344982841412,0.8464465500869411,0.0,0.0,2.0,0.8300571378322287,0.0,1.2,0.008017010854590268,0.009695122735760432,0.3852472482339389,0.6379613765388331,0.0005478267815965888,125.0,2.6734786846663403,20.975154278129594,0.985257449421983,,,,,,0.0
2025-12-27 04:00:00+00:00,0.10643574792967932,0.8935642519809643,0.0,0.0,2.0,0.8300571378322287,0.0,1.2,0.008009968608750877,0.009399866822150327,0.6056444026340545,0.527999094147704,0.0005476044100364864,125.0,2.664657367823828,20.487963681455202,0.9775168529253919,,,,,,0.0
2025-12-27 08:00:00+00:00,0.46589342159688824,0.5341065783497011,0.0,0.0,2.0,0.8300571378322287,0.0,1.2,0.008001671827796502,0.009114878113161688,0.6273291925465729,0.570533162119717,0.0005474528060673199,125.0,2.6555722542298357,19.852799502948265,0.9728969538160003,,,,,,0.0
2025-12-27 12:00:00+00:00,0.010340061999693385,0.9896599379013405,0.0,0.0,2.0,0.8300571378322287,0.0,1.2,0.00798874673287046,0.008843696725039941,0.07394113424265701,0.5776419008015788,0.000547308948433786,125.0,2.6458958265867527,19.171261852275837,0.9738879720171548,,,,,,0.0
2025-12-27 16:00:00+00:00,0.03795748317067441,0.9620425167331214,0.0,0.0,2.0,0.8300571378322287,0.0,1.6,0.00799278308533956,0.008581041807825422,0.17729591836733768,0.4700066605139863,0.000547183272107589,125.0,2.6359000195654936,18.626202162868857,0.9834929056113942,,,,,,0.0
2025-12-27 20:00:00+00:00,0.17588343111712193,0.8241165688004664,0.0,0.0,2.0,0.8300571378322287,0.0,4.0,0.008055572295014727,0.0084539893930672,0.5478443743428058,0.4964352481189919,0.0005476565189459618,125.0,2.625416940783139,18.442543696563114,0.9942051455105287,,,,,,0.0
2025-12-28 00:00:00+00:00,0.17245186252301972,0.8275481373942254,0.0,0.0,2.0,0.8300571378322287,0.0,4.3999999999999995,0.008056295752500003,0.008208159159470709,0.3265244818263895,0.49572302156307385,0.000546821024429117,125.0,2.61440715455834,18.372169242022046,0.9881577299367792,,,,,,0.0
2025-12-28 04:00:00+00:00,0.25768297139228796,0.7423170285334804,0.0,0.0,2.0,0.8300571378322287,0.0,4.0,0.008044683937549616,0.00796646723173071,0.23420905533818248,0.42631112577573715,0.0005466180157682816,125.0,2.6027001379981005,17.95281461129069,0.9758368844272173,,,,,,0.0
2025-12-28 08:00:00+00:00,0.1208749491272689,0.8791250507848185,0.0,0.0,2.0,0.8300571378322287,0.0,2.4,0.008005189976861457,0.007735133806876588,0.474972796517946,0.5061500136376623,0.0005464683992547858,125.0,2.5896708710240044,17.320921275686107,0.9715000581759452,,,,,,0.0
2025-12-28 12:00:00+00:00,0.16542789137809627,0.8345721085384465,0.0,0.0,2.0,0.8300571378322287,0.0,1.2,0.007935589806425801,0.007511054624049526,0.4880636604774525,0.5394882359880051,0.0005462327294463276,125.0,2.5747067452968446,16.742782696203157,0.9736731794447054,,,,,,0.0
2025-12-28 16:00:00+00:00,0.23242390970584365,0.7675760902173987,0.0,0.0,2.0,0.8300571378322287,0.0,1.2,0.007923371954179796,0.007400551736640866,0.4345254857786594,0.5021585771406741,0.0005464335070553184,125.0,2.569491699232871,16.240481451891775,0.9755279560870006,,,,,,0.0
2025-12-28 20:00:00+00:00,0.23210438538972003,0.7678956145334904,0.0,0.0,2.0,0.8300571378322287,0.0,2.0,0.00795895002474677,0.007320332780491254,0.1523289970625203,0.5845527029103856,0.0005466184590144015,125.0,2.561895840660451,15.768811433914173,0.9776508597821423,,,,,,0.0
2025-12-29 00:00:00+00:00,0.6787267094181342,0.3212732905139933,0.0,0.0,2.0,0.9796948242054019,0.0,8.4,0.009263359942924291,0.010383871937109889,0.7673187233416663,0.5387092039701504,0.0005621306547097691,125.0,2.5532103249196307,15.37700670493615,0.9826456289318519,,,,,,0.0
2025-12-29 04:00:00+00:00,0.8773964460687638,0.12260355384349665,0.0,0.0,2.0,0.9796948242054019,0.0,8.799999999999999,0.0093362049074513,0.010250303821542916,0.48756379611085876,0.4818852528561049,0.0005467316163442436,125.0,2.542589070963744,15.117748649504776,0.9882979026740933,,,,,,0.0
2025-12-29 08:00:00+00:00,0.8378102316039009,0.162189768312318,0.0,0.0,2.0,0.9796948242054019,0.0,9.2,0.009772152445360663,0.011086167154545098,0.05016212092313535,0.5318639269098948,0.000551971215129418,125.0,2.5332030774090053,14.945769190277378,0.9924148542515956,,,,,,0.0
2025-12-29 12:00:00+00:00,0.8914497406127776,0.10855025929807742,0.0,0.0,2.0,0.9796948242054019,0.0,9.6,0.009837053769744582,0.010939740175787641,0.00842490842490907,0.47467780708850776,0.0005465640441087509,125.0,2.5250720538676648,14.945769190277378,0.9961764581728232,,,,,,0.0
2025-12-29 16:00:00+00:00,0.9747020002063723,0.025297999696157508,0.0,0.0,2.0,0.9796948242054019,0.0,8.4,0.00914305845521248,0.010609714134814817,0.09171075837742391,0.6307356473327682,0.0005454394062106749,125.0,2.513430712514334,14.97564146960945,0.9791561791374467,,,,,,0.0
2025-12-29 20:00:00+00:00,0.9894880492340316,0.010511950667019675,0.0,0.0,2.0,0.9796948242054019,0.0,8.4,0.009008590574054115,0.010297007535366427,0.9047781861697629,0.6933137730549545,0.0005453639004773239,125.0,2.5001940567646654,15.567980124214182,0.959495587705902,,,,,,0.0
2025-12-30 00:00:00+00:00,0.4189991211094825,0.5810008788324175,0.0,0.0,2.0,0.8300571378322287,0.0,8.4,0.009004191577548662,0.010052521860864867,0.6324324324324352,0.571982513102459,0.0005455502841238963,125.0,2.4854652128602392,16.518277056756936,0.9547155870167807,,,,,,0.0
2025-12-30 04:00:00+00:00,0.45085117350009846,0.5491488264449867,0.0,0.0,2.0,0.8300571378322287,0.0,8.4,0.008898272970515696,0.009746765714801884,0.18730682052339157,0.5517494656249541,0.0005448077670122905,125.0,2.4686555067817526,17.397142616310344,0.971907377520382,,,,,,0.0
2025-12-30 08:00:00+00:00,0.37566149160603185,0.6243385083315343,0.0,0.0,2.0,0.8300571378322287,0.0,9.6,0.009013001070308434,0.009737409214720424,0.8356530028598681,0.5377064337589995,0.0005463192692172312,125.0,2.4488458788983274,17.64301610522447,0.9814104039034155,,,,,,0.0
2025-12-30 12:00:00+00:00,0.2952523811554117,0.7047476187741135,0.0,0.0,2.0,0.8300571378322287,0.0,8.4,0.008700840669171974,0.009481031092850077,0.9609609609609586,0.6246897165626258,0.0005447227291922801,125.0,2.4404068507290337,18.18654626358625,0.9651240207653446,,,,,,0.0
2025-12-30 16:00:00+00:00,0.6283379899103257,0.37166201002684046,0.0,0.0,2.0,0.9796948242054019,0.0,8.799999999999999,0.008726014112042496,0.009312660500011817,0.4669791810285434,0.6402784544356535,0.0005447476855291764,125.0,2.4320151433175052,19.187284016997232,0.9506505783871755,,,,,,0.0
2025-12-30 20:00:00+00:00,0.3695575470646508,0.6304424528723049,0.0,0.0,2.0,0.8300571378322287,0.0,8.4,0.008661065270287028,0.009030317889510853,0.3586595885865956,0.5738513069424351,0.0005441743151582677,125.0,2.417950670068429,20.51146763369381,0.9632931345237301,,,,,,0.0
2025-12-31 00:00:00+00:00,0.6231206752358248,0.3768793247018631,0.0,0.0,2.0,0.9796948242054019,0.0,8.0,0.008603151088396679,0.008758805553096003,0.31777956556717807,0.6508043386662219,0.0005439600714999012,125.0,2.402175915670359,20.731079670070798,0.9918114852215503,,,,,,0.0
2025-12-31 04:00:00+00:00,0.2729676127152318,0.7270323872120651,0.0,0.0,2.0,0.8300571378322287,0.0,8.0,0.008576793963828749,0.008508034663720085,0.05814824057898538,0.5925799323549845,0.0005439232729788628,125.0,2.3865704182532776,20.731079670070798,0.9841444971035848,,,,,,0.0
2025-12-31 08:00:00+00:00,0.16514293515007436,0.83485706476644,0.0,0.0,2.0,0.8300571378322287,0.0,9.2,0.008651187011660327,0.008498839596220994,0.2205882352941191,0.4978458387971391,0.0005449651346697087,125.0,2.371857448389621,20.157016977534013,0.9731600704271653,,,,,,0.0
2025-12-31 12:00:00+00:00,0.4419800593809855,0.5580199405632126,0.0,0.0,2.0,0.8300571378322287,0.0,10.0,0.008700755825892888,0.008345695742935425,0.2666921022510515,0.5990850228407959,0.0005437789754509629,125.0,2.3556899154403004,19.413231522041237,0.9689671419944746,,,,,,0.0
2025-12-31 16:00:00+00:00,0.2435641934779773,0.7564358064463791,0.0,0.0,2.0,0.8300571378322287,0.0,10.0,0.00867451535776182,0.008174070248010803,0.031109735335083728,0.5468418162498468,0.0005435129112057473,125.0,2.3419349793485074,18.681047870823697,0.9675237597319142,,,,,,0.0
2025-12-31 20:00:00+00:00,0.3387058727296382,0.6612941272042324,0.0,0.0,2.0,0.8300571378322287,0.0,10.0,0.008674420829976975,0.007925070627887158,0.019753886010366747,0.5184827356475503,0.0005430344294551933,125.0,2.324381488373473,17.92775969752871,0.9648328075456836,,,,,,0.0
2026-01-01 00:00:00+00:00,0.26488108729531734,0.7351189126311707,0.0,0.0,2.0,0.8300571378322287,0.0,10.8,0.008684228500354494,0.007716281176183218,0.05450570045291622,0.6089563141100961,0.0005431700066492039,125.0,2.319623706358608,17.13791460597845,0.9641521453365637,,,,,,0.0
2026-01-01 04:00:00+00:00,0.29594359355190747,0.7040564063776868,0.0,0.0,2.0,0.8300571378322287,0.0,10.8,0.008679721788505497,0.007482726182344394,0.5696821515892388,0.5151199642681974,0.0005428197226965913,125.0,2.3040830592517683,16.42134653509365,0.9683038570343612,,,,,,0.0
2026-01-01 08:00:00+00:00,0.1530644141165284,0.8469355857987781,0.0,0.0,2.0,0.8300571378322287,0.0,9.2,0.008638212201257095,0.007308990513403507,0.10410804727067324,0.6367840606252074,0.0005429583907753158,125.0,2.2892104416354484,15.86212971636515,0.9744357557626049,,,,,,0.0
2026-01-01 12:00:00+00:00,0.027046545877057834,0.9729534540256468,0.0,0.0,2.0,0.8300571378322287,0.0,7.6,0.008435264051030376,0.0070864210041630595,0.8328003654636531,0.4995188227507563,0.000542533105496586,125.0,2.2746130048208637,15.42808302792167,0.9792620652794338,,,,,,0.0
2026-01-01 16:00:00+00:00,0.09912909437327098,0.900870905536642,0.0,0.0,2.0,0.8300571378322287,0.0,7.6,0.008434304341729607,0.0068859362005141735,0.8660322108345285,0.4575504692988734,0.0005424425030155147,125.0,2.2572338311561144,15.078509735240036,0.9835568050743186,,,,,,0.0
2026-01-01 20:00:00+00:00,0.12280744138446045,0.8771925585278202,0.0,0.0,2.0,0.8300571378322287,0.0,1.6,0.007926180722072202,0.006711591632556049,0.8651436993367457,0.5151634556048128,0.0005423570556973992,125.0,2.241075117210813,14.821881930781846,0.9884364354544093,,,,,,0.0
2026-01-02 00:00:00+00:00,0.12899491638788882,0.8710050835250106,0.0,0.0,2.0,0.8300571378322287,0.0,0.4,0.007314519936496517,0.006679736380995859,1.0,0.5042611608065436,0.0005426946215262265,125.0,2.2236556322569294,14.66145636442344,0.9928520968446071,,,,,,0.0
2026-01-02 04:00:00+00:00,0.13246463095199576,0.8675353689612506,0.0,0.0,2.0,0.8300571378322287,0.0,0.4,0.007301956766086586,0.006484534634265554,0.7820927723840361,0.529557435713787,0.0005417776951483913,125.0,2.202013134200325,14.567686216355227,0.9956012112812299,,,,,,0.0
2026-01-02 08:00:00+00:00,0.17837298426573356,0.8216270156521037,0.0,0.0,2.0,0.8300571378322287,0.0,1.2,0.0074346451945028575,0.006729340688173489,0.8782031956587283,0.4674384977408766,0.000543093662327572,125.0,2.1758637696111753,14.505437229558481,0.9967872894023687,,,,,,0.0
2026-01-02 12:00:00+00:00,0.2845686396860629,0.715431360242394,0.0,0.0,2.0,0.8300571378322287,0.0,0.4,0.007267108054396774,0.007209348241597791,0.9184744223589959,0.45071620414398156,0.0005441388129885476,125.0,2.181523687417589,14.453668606536294,0.9971382952237454,,,,,,0.0
2026-01-02 16:00:00+00:00,0.3206250226184282,0.6793749773136343,0.0,0.0,2.0,0.8300571378322287,0.0,2.0,0.007453428771609412,0.007586460417180543,0.9368996485747761,0.5622194590807192,0.0005437957425886367,125.0,2.1646306249417973,14.404124050541883,0.9971735565631661,,,,,,0.0
2026-01-02 20:00:00+00:00,0.4763599787831744,0.5236400211644616,0.0,0.0,2.0,0.8300571378322287,0.0,2.4,0.007454448613926679,0.007356201282948955,0.9271612728747864,0.5139277511257782,0.0005413069086201207,125.0,2.147389334483372,14.36281295223775,0.9984787478687979,,,,,,0.0
2026-01-03 00:00:00+00:00,0.2997970453686722,0.7002029545613075,0.0,0.0,2.0,0.8300571378322287,0.0,2.8000000000000003,0.007458176838123478,0.007132101800393695,1.0,0.43328670982668194,0.0005411757473230718,125.0,2.129860426873043,14.36281295223775,0.9881038271880637,,,,,,0.0
2026-01-03 04:00:00+00:00,0.7319358324962767,0.26806416743052974,0.0,0.0,2.0,0.9796948242054019,0.0,3.2,0.007703624908139885,0.007427461488846514,0.3836365265704843,0.5452409554214657,0.0005430710792294957,125.0,2.112249016432876,14.723714170307915,0.9687938124835075,,,,,,0.0
2026-01-03 08:00:00+00:00,0.5062059979811917,0.4937940019681876,0.0,0.0,2.0,0.9796948242054019,0.0,3.2,0.007699755447144043,0.007225575646292842,0.14760193332507018,0.5979189507247672,0.0005410474752298923,125.0,2.095065507425966,15.475580935645787,0.9521615360623826,,,,,,0.0
2026-01-03 12:00:00+00:00,0.12397110840605835,0.8760288915063387,0.0,0.0,2.0,0.8300571378322287,0.0,3.2,0.007688169613094309,0.007009257756770934,0.4874567474048458,0.5089222636454712,0.0005408437337350634,125.0,2.07765543477567,16.54040091257611,0.9410708330079006,,,,,,0.0
2026-01-03 16:00:00+00:00,0.03808056336056665,0.9619194365432414,0.0,0.0,2.0,0.8300571378322287,0.0,3.5999999999999996,0.007697926370856715,0.006862179876937936,0.20899982422218139,0.5152834618422705,0.0005409576106910252,125.0,2.060162747534565,17.871006465688772,0.9339489524720969,,,,,,0.0
2026-01-03 20:00:00+00:00,0.3463326105967089,0.6536673893379245,0.0,0.0,2.0,0.8300571378322287,0.0,3.2,0.007676064117568594,0.006736720384878369,0.02231698649608701,0.42797521729899785,0.0005408930475679136,125.0,2.0427302243469994,19.441405971700533,0.9401347396638915,,,,,,0.0
2026-01-04 00:00:00+00:00,0.9143389509973001,0.08566104891126589,0.0,0.0,2.0,0.9796948242054019,0.0,4.3999999999999995,0.00769812458635645,0.006720513805841917,1.0,0.7475433906250034,0.0005411307202827535,125.0,2.0239255481570324,20.701006541887104,0.9613842824540112,,,,,,0.0
2026-01-04 04:00:00+00:00,0.48403042446972433,0.5159695754786787,0.0,0.0,2.0,0.8300571378322287,0.0,5.2,0.007703272228125587,0.006533791482558438,0.7736123748862668,0.6961914490232977,0.0005404113748385275,125.0,2.0039425219362856,21.347581194454943,0.9752929774802269,,,,,,0.0
2026-01-04 08:00:00+00:00,0.22727434608782476,0.7727256538349027,0.0,0.0,2.0,0.8300571378322287,0.0,6.0,0.0077091531625324995,0.006335426490698241,0.7215332581736233,0.5958428706140461,0.0005402081412270171,125.0,1.9844417971785187,21.992928627875713,0.9669721236787989,,,,,,0.0
2026-01-04 12:00:00+00:00,0.31518301076570254,0.6848169891658157,0.0,0.0,2.0,0.8300571378322287,0.0,6.4,0.007721715205020487,0.006151093735035622,0.4885260370697218,0.611710703982163,0.0005400927326431177,125.0,1.9633561001129123,23.118232121896874,0.9612187204455198,,,,,,0.0
2026-01-04 16:00:00+00:00,0.26331428270919083,0.7366857172171406,0.0,0.0,2.0,0.8300571378322287,0.0,3.2,0.007655623780195804,0.0059678104191151085,0.16839677047289783,0.5877404519308825,0.0005399131435400739,125.0,1.9410120887316942,24.18699688334817,0.9723103254738594,,,,,,0.0
2026-01-04 20:00:00+00:00,0.2979533567170114,0.7020466432127839,0.0,0.0,2.0,0.8300571378322287,0.0,3.2,0.007633320259071859,0.005861496836046065,0.09118426031024698,0.6018781063379315,0.0005399367065474889,125.0,1.9169754848756466,24.706585923696494,0.9899210132041731,,,,,,0.0
2026-01-05 00:00:00+00:00,0.48216660093131974,0.517833399016897,0.0,0.0,2.0,0.8300571378322287,0.0,0.4,0.006342443878343311,0.006525205724556957,0.7338958299529366,0.575410552134953,0.0005422439855390841,125.0,1.8912843873281222,24.706585923696494,0.9942373180631259,,,,,,0.0
2026-01-05 04:00:00+00:00,0.6895663256501116,0.3104336742809318,0.0,0.0,2.0,0.9796948242054019,0.0,0.8,0.006386256944759476,0.006704799525477451,0.1982507288629723,0.5979947732997009,0.0005407744699716064,125.0,1.859801786438258,24.41080158597746,0.9878005474863281,,,,,,0.0
2026-01-05 08:00:00+00:00,0.9493748139846905,0.050625185920372004,0.0,0.0,2.0,0.9796948242054019,0.0,0.4,0.0055136631650748134,0.006737049803935822,0.41472005932517964,0.7177196465653992,0.0005397333550108089,125.0,1.8213737906104102,23.982483651873103,0.983334517341467,,,,,,0.0
2026-01-05 12:00:00+00:00,0.8445439385682291,0.15545606134731654,0.0,0.0,2.0,0.9796948242054019,0.0,0.4,0.005300489746989634,0.006641106676585661,0.5236200895077089,0.6518291503727639,0.0005392502125253732,125.0,1.8149448724529718,23.435793336913328,0.9818516822666037,,,,,,0.0
2026-01-05 16:00:00+00:00,0.560100514242152,0.43989948570183784,0.0,0.0,2.0,0.9796948242054019,0.0,0.8,0.0053682980764516615,0.0067640467084626055,0.5766993151189354,0.5188636157151474,0.0005398324621528743,125.0,1.7929462165447474,22.940326628107428,0.9894566475221945,,,,,,0.0
2026-01-05 20:00:00+00:00,0.7865306776006608,0.21346932232068616,0.0,0.0,2.0,0.9796948242054019,0.0,1.2,0.00537379018923914,0.006559891981337789,0.404043545878697,0.6110063291938951,0.0005387118291329908,125.0,1.7672972149801383,22.940326628107428,0.9862465276281608,,,,,,0.0
2026-01-06 00:00:00+00:00,0.5863768083939043,0.4136231915474581,0.0,0.0,2.0,0.9796948242054019,0.0,0.8,0.0053680821953382635,0.006360064361609775,1.0,0.6547059136693137,0.000538598773716231,125.0,1.7418934363015774,23.594861529935677,0.9686091975947262,,,,,,0.0
2026-01-06 04:00:00+00:00,0.18765755663782305,0.8123424432809426,0.0,0.0,2.0,0.8300571378322287,0.0,2.0,0.005388783064143587,0.006182448734260941,0.7692156477295103,0.5523032340919416,0.0005385899935280484,125.0,1.7187362005673192,24.70941193233999,0.9576021627446623,,,,,,0.0
2026-01-06 08:00:00+00:00,0.2940133935884739,0.7059866063409275,0.0,0.0,2.0,0.8300571378322287,0.0,0.4,0.005288750058855037,0.006153796066344362,0.7810110054094431,0.6179773288575997,0.0005388131582169215,125.0,1.7004847908404104,26.16528268515464,0.9684939596731232,,,,,,0.0
2026-01-06 12:00:00+00:00,0.4107460205968633,0.5892539793442113,0.0,0.0,2.0,0.8300571378322287,0.0,2.8000000000000003,0.005447843059378847,0.006503596331526104,0.8070665571076436,0.5816254157738174,0.0005398611857014712,125.0,1.6731378983655192,26.371365451591792,0.9930078552678204,,,,,,0.0
2026-01-06 16:00:00+00:00,0.9279150386456512,0.07208496126155742,0.0,0.0,2.0,0.9796948242054019,0.0,3.5999999999999996,0.005925661366743552,0.007292712966331084,0.0142551010900979,0.6825188124089886,0.0005423155571472651,125.0,1.6452438518617614,26.371365451591792,0.9939861877725434,,,,,,0.0
2026-01-06 20:00:00+00:00,0.8511072105393158,0.1488927893755734,0.0,0.0,2.0,0.9796948242054019,0.0,4.8,0.0067152810348818604,0.008962935410523065,0.3966969629793842,0.549023349252966,0.0005458892130638104,125.0,1.615968318028293,26.23249315381112,0.9946116206955136,,,,,,0.0
2026-01-07 00:00:00+00:00,0.9189195318077333,0.08108046810037466,0.0,0.0,2.0,0.9796948242054019,0.0,5.2,0.00693008620524691,0.008971914840203689,0.23261273598747942,0.4559005167060045,0.0005397169924582144,125.0,1.5848017408943291,26.027530128128888,0.9908085127585563,,,,,,0.0
2026-01-07 04:00:00+00:00,0.7795653305735236,0.22043466934851988,0.0,0.0,2.0,0.9796948242054019,0.0,5.6000000000000005,0.006988020929590375,0.008742008312158362,0.0891800293388621,0.550134076215542,0.0005382351875539288,125.0,1.5513551548330309,25.87560101962535,0.9940963741923219,,,,,,0.0
2026-01-07 08:00:00+00:00,0.8766676684456236,0.12333233146670972,0.0,0.0,2.0,0.9796948242054019,0.0,6.0,0.007197689103264276,0.008885458362897449,0.2618484009065713,0.5334353483306554,0.0005400824609474523,125.0,1.5155038605444764,25.87560101962535,0.9839754194772649,,,,,,0.0
2026-01-07 12:00:00+00:00,0.8733874572427853,0.1266125426698759,0.0,0.0,2.0,0.9796948242054019,0.0,11.600000000000001,0.007699701826597797,0.009601105343449974,0.2858047853418431,0.5745164875673031,0.0005431519917182257,125.0,1.4804810469382546,26.630619155874445,0.9802378319261819,,,,,,0.0
2026-01-07 16:00:00+00:00,0.8981845233801092,0.10181547653007225,0.0,0.0,2.0,0.9796948242054019,0.0,14.000000000000002,0.007728463154004736,0.00942680457998166,1.0,0.4308121345686699,0.0005383425284778453,125.0,1.4559259362188524,27.154001830154375,0.9822187680591055,,,,,,0.0
2026-01-07 20:00:00+00:00,0.6967620754600014,0.30323792447032233,0.0,0.0,2.0,0.9796948242054019,0.0,14.399999999999999,0.007780071110612582,0.009314571771061084,0.6792518184967089,0.4467113274871059,0.0005381188635398041,125.0,1.4243438642027426,27.812696024318186,0.9809736686503143,,,,,,0.0
2026-01-08 00:00:00+00:00,0.602477037543791,0.39752296239596124,0.0,0.0,2.0,0.9796948242054019,0.0,15.6,0.007922518994192116,0.009256635000839075,0.708695105071095,0.580748632036068,0.0005386511257542845,125.0,1.3912686259881193,28.350830094371297,0.9900745809303918,,,,,,0.0
2026-01-08 04:00:00+00:00,0.7657177054527338,0.2342822944706945,0.0,0.0,2.0,0.9796948242054019,0.0,17.599999999999998,0.007972284587074104,0.009050291790584673,0.6660415464512401,0.6025748580795226,0.0005375548195158629,125.0,1.351263284290951,28.449811959210436,0.9889357533626937,,,,,,0.0
2026-01-08 08:00:00+00:00,0.5931433030240894,0.4068566969165964,0.0,0.0,2.0,0.9796948242054019,0.0,18.0,0.007979683546861734,0.008792040142824547,0.48828470380194583,0.48521162397109374,0.0005367994539048446,125.0,1.2894073713891079,29.066621028589015,0.9743431077129022,,,,,,0.0
2026-01-08 12:00:00+00:00,0.41710732298981823,0.5828926769518925,0.0,0.0,2.0,0.8300571378322287,0.0,21.6,0.008038164056175199,0.00862214992783256,0.4725449988607875,0.5793847117400949,0.0005367929702113411,125.0,1.214883243493619,30.171887981442843,0.9682820527129514,,,,,,0.0
2026-01-08 16:00:00+00:00,0.7543782630884829,0.2456217368360793,0.0,0.0,2.0,0.9796948242054019,0.0,22.0,0.00803981505625031,0.008378954612154425,0.7985251147905885,0.6736499929153068,0.0005362542600434002,125.0,1.2100939731863758,31.412966461397264,0.9678567567154955,,,,,,0.0
2026-01-08 20:00:00+00:00,0.20250785951299569,0.7974921404072551,0.0,0.0,2.0,0.8300571378322287,0.0,22.400000000000002,0.008042451436362001,0.008132068032807187,0.7125843588725623,0.6005673436552414,0.0005360605034464145,125.0,1.1542229100216033,32.64492874020061,0.9815409964652944,,,,,,0.0
2026-01-09 00:00:00+00:00,0.2995061196750335,0.7004938802549172,0.0,0.0,2.0,0.8300571378322287,0.0,20.4,0.008015796247915307,0.007949751068287655,0.16601199090344454,0.589993132500979,0.0005361484849506902,125.0,1.1092354595502196,32.64492874020061,0.9906048855523376,,,,,,0.0
2026-01-09 04:00:00+00:00,0.03260978044294129,0.9673902194603196,0.0,0.0,2.0,0.8300571378322287,0.0,21.2,0.008027965161133736,0.0077374049555429475,0.19223067681216907,0.4935031995418112,0.0005360061292769292,125.0,1.057927871872158,32.030051206455305,0.9767842456500372,,,,,,0.0
2026-01-09 08:00:00+00:00,0.7716067384000559,0.22839326152278341,0.0,0.0,2.0,0.9796948242054019,0.0,18.0,0.007976466061423026,0.007679017550474459,0.25626843657816734,0.765725618375668,0.0005366251873790013,125.0,1.0118939456351514,30.910155127789718,0.9690952414895687,,,,,,0.0
2026-01-09 12:00:00+00:00,0.6242715052859417,0.3757284946516312,0.0,0.0,2.0,0.9796948242054019,0.0,15.6,0.007819307445991585,0.0076525585210344945,0.01815561959653812,0.6489927393377943,0.0005365339578040018,125.0,0.953759435442423,29.693244203076034,0.9681888651924375,,,,,,0.0
2026-01-09 16:00:00+00:00,0.48509155457624087,0.5149084453722683,0.0,0.0,2.0,0.8300571378322287,0.0,14.399999999999999,0.007759153717619319,0.00784974859495891,0.2723715374317749,0.5185935917456506,0.0005376438796748474,125.0,0.8927190358259183,28.59436313372484,0.9715051268173356,,,,,,0.0
2026-01-09 20:00:00+00:00,0.5703861668866357,0.42961383305632567,0.0,0.0,2.0,0.9796948242054019,0.0,14.799999999999999,0.007771910680407076,0.007638109364007572,0.3382432578793446,0.5857595379761596,0.0005358030318100734,125.0,0.8258280523739886,27.696106158542293,0.9773436478058353,,,,,,0.0
2026-01-10 00:00:00+00:00,0.1453143780563255,0.8546856218582058,0.0,0.0,2.0,0.8300571378322287,0.0,14.799999999999999,0.007771868090333185,0.007406551649795887,0.28395640454705157,0.5939637566278452,0.0005357428888566546,125.0,0.754900513671115,27.059920002692408,0.9848576605960028,,,,,,0.0
2026-01-10 04:00:00+00:00,0.6485509474483864,0.3514490524867586,0.0,0.0,2.0,0.9796948242054019,0.0,9.2,0.00758901355499228,0.007196563158486255,0.03557760453579322,0.6342198023391931,0.0005358612219067231,125.0,0.6784666996456818,26.701872524706644,0.9922685712303944,,,,,,0.0
2026-01-10 08:00:00+00:00,0.133221030589486,0.8667789693238361,0.0,0.0,2.0,0.8300571378322287,0.0,9.2,0.007582475370425564,0.006985023005464507,0.3012048192771086,0.5903613232103112,0.0005360129284560389,125.0,0.5944365409133547,26.569896428097678,0.9968109405847024,,,,,,0.0
2026-01-10 12:00:00+00:00,0.10602220489097262,0.8939777950196296,0.0,0.0,2.0,0.8300571378322287,0.0,9.2,0.007581307914150442,0.006773299516888116,0.705882352941169,0.659716240991518,0.0005363826435803815,125.0,0.5035580218820797,26.496984583503213,0.9972348378412134,,,,,,0.0
2026-01-10 16:00:00+00:00,0.08834316065473899,0.9116568392540954,0.0,0.0,2.0,0.8300571378322287,0.0,9.2,0.007557145231915096,0.00657225250048775,0.21927710843372847,0.7454972518633914,0.0005372014358568175,125.0,0.406318585674333,26.391488757925643,0.9971782089017268,,,,,,0.0
2026-01-10 20:00:00+00:00,0.2509165826298158,0.7490834172952758,0.0,0.0,2.0,0.8300571378322287,0.0,9.2,0.007527194537035912,0.006385992468783998,0.002464268112379595,0.7028469763634888,0.0005392100415621546,125.0,0.3207667103302146,26.31528587579256,0.9983758270866843,,,,,,0.0
2026-01-11 00:00:00+00:00,0.13726027735162358,0.8627397225621025,0.0,0.0,2.0,0.8300571378322287,0.0,9.2,0.007472753508466927,0.006242075622777155,0.16365131578947334,0.598828597123124,0.000545312131421966,125.0,0.3536251865903243,26.31528587579256,0.998592585820852,,,,,,0.0
2026-01-11 04:00:00+00:00,0.9999999998746367,2.5363371210471e-11,0.0,0.0,2.0,0.9836065573770482,0.0,9.2,0.0074685193945081135,0.006053004962835584,0.07443365695791329,0.6837662352313956,0.0005590169610904669,125.0,0.7419902828605944,26.37897807546356,0.9934402916883353,,,,,,0.0
2026-01-11 08:00:00+00:00,0.8646403314668936,0.13535966844664238,0.0,0.0,2.0,0.9836065573770482,0.0,10.0,0.007488011786856823,0.005919198860299871,0.32396251673360965,0.6667552419421515,0.0005578536838861017,125.0,0.8754448005218902,26.69523564653654,0.9874123618628877,,,,,,0.0
2026-01-11 12:00:00+00:00,0.911621356660291,0.08837864324854681,0.0,0.0,2.0,0.9836065573770482,0.0,10.4,0.007517469159414787,0.005830729805915816,0.6584258324924317,0.6217853465784762,0.0005563115762792527,125.0,0.969218485944109,27.197004772525034,0.9835524833422375,,,,,,0.0
2026-01-11 16:00:00+00:00,0.6742913773295341,0.32570862260303673,0.0,0.0,2.0,0.9836065573770482,0.0,10.8,0.0075242905125117955,0.005676654053612949,0.9290953545232357,0.6603762223969866,0.0005546004774650813,125.0,1.0335293005923005,27.79089618266262,0.9845156945614014,,,,,,0.0
2026-01-11 20:00:00+00:00,0.7757461157013479,0.2242538842210774,0.0,0.0,2.0,0.9836065573770482,0.0,10.4,0.007499311800641343,0.005504928065514278,0.8195302843016262,0.6444857345820512,0.0005543783689034547,125.0,1.1492802179890278,28.2462820319357,0.990400528190626,,,,,,0.0
2026-01-12 00:00:00+00:00,0.5484922186621614,0.4515077812829895,0.0,0.0,2.0,0.9836065573770482,0.0,7.6,0.007357474793305932,0.005803353375156822,0.9510733899151333,0.6915391381990952,0.0005547148486628586,125.0,1.2380053049607207,28.434805632029494,0.9950557322584354,,,,,,0.0
2026-01-12 04:00:00+00:00,0.9245054605989399,0.07549453930860943,0.0,0.0,2.0,0.9836065573770482,0.0,6.800000000000001,0.007273037182276444,0.005784439488698378,0.44655019247853533,0.6393850730947747,0.0005529862924523484,125.0,1.3314020779959026,28.58998055852016,0.9869856075936012,,,,,,0.0
2026-01-12 08:00:00+00:00,0.9579689443958423,0.04203105550836072,0.0,0.0,2.0,0.9836065573770482,0.0,6.4,0.007238136876632372,0.005819973738053247,0.037286310405168936,0.5588089034094544,0.0005524429212638158,125.0,1.449073393959469,29.295309681607982,0.9749787407851567,,,,,,0.0
2026-01-12 12:00:00+00:00,0.9710722574977739,0.02892774240511879,0.0,0.0,2.0,0.9836065573770482,0.0,6.4,0.007233866792702367,0.005756882181192341,0.0631003039513688,0.5388309293531939,0.0005510391029297025,125.0,1.5671975556457323,30.37987565259693,0.9691090517202222,,,,,,0.0
2026-01-12 16:00:00+00:00,0.9826793406465056,0.017320659255226266,0.0,0.0,2.0,0.9836065573770482,0.0,6.0,0.007100393044797471,0.005619577798181653,0.01874088205588687,0.5314899226572175,0.0005502954491690014,125.0,1.7263010177102047,31.596131219975604,0.9686918174635952,,,,,,0.0
2026-01-12 20:00:00+00:00,0.9756603289914548,0.024339670910979137,0.0,0.0,2.0,0.9836065573770482,0.0,6.4,0.007196467614202728,0.005834908504650235,0.6635038185605178,0.5920659246888195,0.0005507163694284041,125.0,1.8897275425573166,32.80269954357219,0.9770025237267851,,,,,,0.0
2026-01-13 00:00:00+00:00,0.9712823407565219,0.028717659146349894,0.0,0.0,2.0,0.9836065573770482,0.0,8.799999999999999,0.0072949494719922086,0.00589794062735894,0.2100951959265008,0.5547878840319044,0.000549412136128686,125.0,2.054348686266475,33.04361145905502,0.9926052303275344,,,,,,0.0
2026-01-13 04:00:00+00:00,0.9807502579835468,0.019249741918378287,0.0,0.0,2.0,0.9836065573770482,0.0,9.6,0.00730555624251078,0.005738310121807436,0.09086161879895674,0.5907583156322836,0.0005481912716832502,125.0,2.2098716212495857,33.04361145905502,0.9833470519935996,,,,,,0.0
2026-01-13 08:00:00+00:00,0.9346391884012661,0.06536081150527007,0.0,0.0,2.0,0.9836065573770482,0.0,8.4,0.007269943666295246,0.00563835919854497,0.0557288135593241,0.6713275830006552,0.0005479874794092022,125.0,2.360276010259322,32.10196008875772,0.9741962527089312,,,,,,0.0
2026-01-13 12:00:00+00:00,0.7675588860229395,0.23244111390030456,0.0,0.0,2.0,0.9836065573770482,0.0,14.799999999999999,0.00751750789263086,0.006717943607733033,0.5423289564616476,0.7240565419120494,0.000551264984167776,125.0,2.463836788043758,31.019186695670214,0.974983864765251,,,,,,0.0
2026-01-13 16:00:00+00:00,0.9663540351718185,0.03364596473154618,0.0,0.0,2.0,0.9836065573770482,0.0,10.8,0.007336344653562156,0.006941358337062768,1.0,0.6093686360224921,0.0005484055833526254,125.0,2.537059519449404,30.20195605480735,0.9745208609081887,,,,,,0.0
2026-01-13 20:00:00+00:00,0.2029928690109188,0.7970071309093805,0.0,0.0,2.0,0.0,0.0,36.4,0.008317389329052533,0.010654317755796325,1.0,0.6761203536676726,0.0005647425363402358,125.0,2.5913318051554444,29.14438383117799,0.9676689843329834,,,,,,0.0
2026-01-14 00:00:00+00:00,0.7608412520884447,0.2391587478354711,0.0,0.0,2.0,0.9836065573770482,0.0,36.4,0.008266303528123369,0.010509178096335649,1.0,0.738835430673694,0.0005475048059106168,125.0,2.6258630053998213,27.901271789884014,0.961985312680325,,,,,,0.0
2026-01-14 04:00:00+00:00,0.8510980210902879,0.14890197882460238,0.0,0.0,2.0,0.9836065573770482,0.0,36.8,0.008284409398584177,0.010257598959773975,0.8621336859616955,0.7217093728112546,0.0005470942822063775,125.0,2.6476206131255933,26.550403223329646,0.9573332791720205,,,,,,0.0
2026-01-14 08:00:00+00:00,0.7432113323290259,0.25678866759665303,0.0,0.0,2.0,0.9836065573770482,0.0,38.800000000000004,0.008446402763124874,0.010602911683217352,0.4367112974290957,0.6857162344334973,0.000550545892825505,125.0,2.6612716522904205,25.129192161483534,0.9545717967838796,,,,,,0.0
2026-01-14 12:00:00+00:00,0.599821096982322,0.4001789029576959,0.0,0.0,2.0,0.9836065573770482,0.0,37.6,0.00837941960237455,0.011166036874550318,0.4962894958304643,0.7172801803829119,0.0005508567670215038,125.0,2.669737911260908,23.752593110599612,0.9568261892561705,,,,,,0.0
2026-01-14 16:00:00+00:00,0.5041738254943946,0.4958261744551879,0.0,0.0,2.0,0.9836065573770482,0.0,37.6,0.008335310013630429,0.010947594837393462,0.24094996541387897,0.8474792775747693,0.0005466198864988524,125.0,2.6741810917110787,22.612629116553066,0.9650733145726645,,,,,,0.0
2026-01-14 20:00:00+00:00,0.7242353367656487,0.2757646631619278,0.0,0.0,2.0,0.9836065573770482,0.0,37.6,0.00832840289644525,0.010657754930660754,0.013907078266292606,0.7393702453168625,0.0005463882291813849,125.0,2.6749727331997923,21.81843944881233,0.9721604348553671,,,,,,0.0
2026-01-15 00:00:00+00:00,0.8583714538883859,0.14162854602577696,0.0,0.0,2.0,0.9836065573770482,0.0,45.6,0.008876677736626398,0.011502885558806365,0.23552922367988022,0.6201450790620601,0.0005535590558358317,125.0,2.6744089035514413,21.123616254512232,0.9724252319877363,,,,,,0.0
2026-01-15 04:00:00+00:00,0.9304545137482746,0.06954548615867998,0.0,0.0,2.0,0.9836065573770482,0.0,47.599999999999994,0.00902246562277063,0.011615679172625024,0.20997920997921146,0.5926065182523214,0.0005482417315766657,125.0,2.671658819879155,20.392630601423093,0.9711185920628648,,,,,,0.0
2026-01-15 08:00:00+00:00,0.9514725305684989,0.04852746933635377,0.0,0.0,2.0,0.9836065573770482,0.0,48.0,0.009028583726971209,0.01135701224828985,0.02645376549094413,0.622447353631473,0.0005460480878252459,125.0,2.6675165328035932,19.680541102780342,0.974652806992912,,,,,,0.0
2026-01-15 12:00:00+00:00,0.9220903297431733,0.0779096701646176,0.0,0.0,2.0,0.9836065573770482,0.0,48.4,0.009040560855661881,0.011105480167176477,0.227305737109658,0.6730244923200183,0.0005463102255,125.0,2.662854574652581,19.1721486289955,0.9844155678788513,,,,,,0.0
2026-01-15 16:00:00+00:00,0.8889039655096549,0.11109603440145464,0.0,0.0,2.0,0.9836065573770482,0.0,49.2,0.009234002440027466,0.011072666492260802,0.3170001069861974,0.669748862825675,0.0005475500634926511,125.0,2.655431590118522,18.965785764444462,0.9942023302321271,,,,,,0.0
2026-01-15 20:00:00+00:00,0.766278114615638,0.23372188530773413,0.0,0.0,2.0,0.9836065573770482,0.0,49.6,0.0092620346029668,0.01086968745016397,0.22771297278190228,0.7529108039328507,0.0005458468587412247,125.0,2.6499835692083527,18.921044044247246,0.9988471955477007,,,,,,0.0
2026-01-16 00:00:00+00:00,0.6992869357549257,0.3007130641751455,0.0,0.0,2.0,0.9836065573770482,0.0,50.8,0.009345385501097779,0.010676677193550291,0.28771435672272505,0.7935685300113189,0.0005462060109101241,125.0,2.6456194291481534,18.921044044247246,0.9975788969068509,,,,,,0.0
2026-01-16 04:00:00+00:00,0.7976329002532803,0.20236709966695635,0.0,0.0,2.0,0.9836065573770482,0.0,50.4,0.009334016932876905,0.010405365280424479,0.35200487083587445,0.7948102655866291,0.0005452320592140283,125.0,2.638332856600643,19.016854910753235,0.9927349476570764,,,,,,0.0
2026-01-16 08:00:00+00:00,0.8698353132052743,0.1301646867077421,0.0,0.0,2.0,0.9836065573770482,0.0,50.4,0.009264126029091784,0.010103561224021073,0.27486860035039995,0.7135714343126799,0.0005450950240447028,125.0,2.6304722881049734,19.25077653820739,0.989302197461173,,,,,,0.0
2026-01-16 12:00:00+00:00,0.8222574530571696,0.17774254686060456,0.0,0.0,2.0,0.9836065573770482,0.0,52.0,0.009433836058897655,0.010190868424544013,0.2936380013273959,0.7310411267682886,0.0005473508535241616,125.0,2.62453678968523,19.521184244841876,0.9895626897057609,,,,,,0.0
2026-01-16 16:00:00+00:00,0.8625185960546766,0.13748140385907148,0.0,0.0,2.0,0.9836065573770482,0.0,49.6,0.00926164500589494,0.009925410183680457,0.43500210349180013,0.7370216697802654,0.0005448675017338812,125.0,2.6163438291949057,19.748882855815804,0.9898403918169231,,,,,,0.0
2026-01-16 20:00:00+00:00,0.9085460890519258,0.09145391085721963,0.0,0.0,2.0,0.9836065573770482,0.0,51.2,0.009284404678133561,0.009728177936367644,0.009548896937766371,0.7077411310649171,0.0005449931873519948,125.0,2.6078057708861913,20.01251241312011,0.9869851688335484,,,,,,0.0
2026-01-17 00:00:00+00:00,0.8684862468114032,0.13151375310174832,0.0,0.0,2.0,0.9836065573770482,0.0,51.6,0.009295399006025122,0.009444793154265106,0.23999999999999957,0.7127076387408307,0.0005446247663807082,125.0,2.5989368260488934,20.384937760771443,0.9841617958787352,,,,,,0.0
2026-01-17 04:00:00+00:00,0.6747725077816453,0.3252274921508774,0.0,0.0,2.0,0.9836065573770482,0.0,52.0,0.009296208416708505,0.009158241912310489,0.13589743589743394,0.750099084227539,0.0005443573332694583,125.0,2.5897345645917307,20.80350486331181,0.9828329726615523,,,,,,0.0
2026-01-17 08:00:00+00:00,0.8677581575946833,0.13224184231854086,0.0,0.0,2.0,0.9836065573770482,0.0,52.400000000000006,0.009301028016619563,0.008918945312930913,0.7425474254742528,0.7453839220185461,0.0005443288496859067,125.0,2.5802335008758255,21.259992342180425,0.9821364322390289,,,,,,0.0
2026-01-17 12:00:00+00:00,0.7710707420834867,0.22892925783940626,0.0,0.0,2.0,0.9836065573770482,0.0,54.0,0.009349190180601891,0.008869970747487875,0.7978416172670604,0.726448795953146,0.0005449229565094923,125.0,2.570570009476067,21.733970713802634,0.9839720154031044,,,,,,0.0
2026-01-17 16:00:00+00:00,0.969781491794173,0.030218508108849004,0.0,0.0,2.0,0.9836065573770482,0.0,54.400000000000006,0.00938033511525219,0.008653270925904026,0.34059306416484764,0.5963238168658694,0.0005443711589721242,125.0,2.560583935444235,22.110121985876482,0.9878970675972245,,,,,,0.0
2026-01-17 20:00:00+00:00,0.9694560395449133,0.03054396035814112,0.0,0.0,2.0,0.9836065573770482,0.0,54.800000000000004,0.009381762694285754,0.008402300416305178,0.3500927956807803,0.6072895189725869,0.0005439804689889224,125.0,2.550553887118932,22.38588409571534,0.9908457558024729,,,,,,0.0
2026-01-18 00:00:00+00:00,0.9685806479997733,0.031419351903368656,0.0,0.0,2.0,0.9836065573770482,0.0,54.400000000000006,0.009378468640289139,0.008157044485892976,0.3880857823669536,0.611766964435199,0.0005437232495192065,125.0,2.5401200659975065,22.610847891217187,0.9929922663750388,,,,,,0.0
2026-01-18 04:00:00+00:00,0.9589812883796764,0.041018711524425516,0.0,0.0,2.0,0.9836065573770482,0.0,55.60000000000001,0.009396678950397197,0.007935679221457726,0.07041322314049143,0.6435381108290603,0.0005437913572088834,125.0,2.5296171574695903,22.77188118039444,0.9966459711444421,,,,,,0.0
2026-01-18 08:00:00+00:00,0.9809742424780228,0.019025757423879686,0.0,0.0,2.0,0.9836065573770482,0.0,56.00000000000001,0.009404561890154801,0.007772808536969305,0.15458838020940513,0.5650530911806644,0.0005436520984088073,125.0,2.5192506584113277,22.77188118039444,0.9965409837182558,,,,,,0.0
2026-01-18 12:00:00+00:00,0.9445602521545984,0.05543974775094548,0.0,0.0,2.0,0.9836065573770482,0.0,56.00000000000001,0.009400517948647137,0.007585189284396361,0.36315678413167163,0.6465595927281952,0.0005434169118567286,125.0,2.5094484018693994,22.605800428169122,0.9917658920834641,,,,,,0.0
2026-01-18 16:00:00+00:00,0.8660881412333006,0.13391185868009056,0.0,0.0,2.0,0.9836065573770482,0.0,56.8,0.009407034631520643,0.0074161714053872455,0.6731230400295131,0.6936814074467945,0.0005432994944947183,125.0,2.498207528269402,22.322850008809272,0.9878418337651094,,,,,,0.0
2026-01-18 20:00:00+00:00,0.4111918935950366,0.5888081063460825,0.0,0.0,2.0,0.0,0.0,58.4,0.009922604680279381,0.008549979136239616,0.28565002249212634,0.7687045458306686,0.0005494407154389579,125.0,2.4856740950877594,21.94424741950881,0.9838149777628905,,,,,,0.0
2026-01-19 00:00:00+00:00,0.4192275673141541,0.5807724326277687,0.0,0.0,2.0,0.0,0.0,58.8,0.01047588926804029,0.009928013495984028,0.5455065827132203,0.6411666438696746,0.0005517663963454066,125.0,2.4801662925230192,21.456595358154317,0.9809137776840761,,,,,,0.0
2026-01-19 04:00:00+00:00,0.7742015114267795,0.2257984884958004,0.0,0.0,2.0,0.9836065573770482,0.0,58.8,0.010438665089467706,0.009632027973306218,0.698746806180799,0.7100681168241145,0.0005429716078464897,125.0,2.4680633356963018,20.941667994892825,0.9824891097633192,,,,,,0.0
2026-01-19 08:00:00+00:00,0.831988157776774,0.1680118421400271,0.0,0.0,2.0,0.9836065573770482,0.0,58.8,0.010403954638106934,0.009422277803715254,0.6512329253148822,0.7197616576673443,0.0005431065831580257,125.0,2.458595076746808,20.55972890708417,0.9871045504993652,,,,,,0.0
2026-01-19 12:00:00+00:00,0.876244318639282,0.1237556812730936,0.0,0.0,2.0,0.9836065573770482,0.0,58.8,0.01039728728218638,0.009154065233295679,0.7992306283202051,0.7166317011484437,0.0005428196884287387,125.0,2.4463939347975163,20.294512554557738,0.9883214112208721,,,,,,0.0
2026-01-19 16:00:00+00:00,0.9207547841026662,0.07924521580525826,0.0,0.0,2.0,0.9836065573770482,0.0,58.8,0.010384375053008502,0.008880087729205144,0.6133269871489714,0.6682787618875065,0.0005425322173674103,125.0,2.4332617274530044,19.980328509438394,0.9872436476266571,,,,,,0.0
2026-01-19 20:00:00+00:00,0.7389220758355821,0.2610779240905257,0.0,0.0,2.0,0.9836065573770482,0.0,60.0,0.010405888241687632,0.008916506722076133,0.35493091948546385,0.7878463382394911,0.0005440725206644093,125.0,2.4199234091241406,19.980328509438394,0.9926208746030625,,,,,,0.0
2026-01-20 00:00:00+00:00,0.7712387237642102,0.22876127615866587,0.0,0.0,2.0,0.9836065573770482,0.0,58.8,0.010361834384945149,0.008644996950190963,0.31094147582696696,0.711593187721079,0.0005422843496800015,125.0,2.4065089634061017,19.982286807267503,0.9747670470631687,,,,,,0.0
2026-01-20 04:00:00+00:00,0.8722858353926536,0.12771416452011777,0.0,0.0,2.0,0.9836065573770482,0.0,61.6,0.01087335742642025,0.009820790383450314,0.9286109573879298,0.6066360231301188,0.0005497085472847355,125.0,2.393929291722568,20.871740740939618,0.9563245596651533,,,,,,0.0
2026-01-20 08:00:00+00:00,0.9789389370971588,0.021061062804947316,0.0,0.0,2.0,0.9836065573770482,0.0,62.0,0.010876651766344853,0.009579398295905102,0.9321469273253209,0.5501396185034396,0.0005424689778636602,125.0,2.383272875674065,22.216035734506974,0.9660076011764028,,,,,,0.0
2026-01-20 12:00:00+00:00,0.6436228240350218,0.35637717590061596,0.0,0.0,2.0,0.9836065573770482,0.0,62.4,0.011230732404233381,0.011139837646713148,1.0,0.5973623077979036,0.0005526821456917448,125.0,2.3716760635005754,22.365419313630518,0.9927333063086878,,,,,,0.0
2026-01-20 16:00:00+00:00,0.8738765678161219,0.12612343209649038,0.0,0.0,2.0,0.9836065573770482,0.0,62.4,0.011214388335946261,0.011190409616470236,1.0,0.6201130567047435,0.0005443586695837772,125.0,2.3582291365930015,22.365419313630518,0.9908154389358758,,,,,,0.0
2026-01-20 20:00:00+00:00,0.7860516497768555,0.2139483501445393,0.0,0.0,2.0,0.9836065573770482,0.0,58.8,0.01005022275247745,0.011819805602953554,1.0,0.6836035944224781,0.000547892400177531,125.0,2.3446147445061176,22.365419313630518,0.9912577907199273,,,,,,0.0
2026-01-21 00:00:00+00:00,0.7083184540555693,0.29168154587359885,0.0,0.0,2.0,0.9836065573770482,0.0,59.199999999999996,0.010261066706058086,0.011976188192663826,0.6268809090505559,0.7118610533120998,0.0005451492856952504,125.0,2.3308169381983963,22.585994077021113,0.9710542890192209,,,,,,0.0
2026-01-21 04:00:00+00:00,0.5496167462658094,0.450383253679229,0.0,0.0,2.0,0.9836065573770482,0.0,59.199999999999996,0.01025725121187182,0.011648307386297014,0.6233702226802259,0.8344742157986255,0.0005419147122325883,125.0,2.3170241096236115,23.683757674744598,0.9537212774509805,,,,,,0.0
2026-01-21 08:00:00+00:00,0.5766217078529092,0.4233782920894285,0.0,0.0,2.0,0.9836065573770482,0.0,59.199999999999996,0.010124612588965583,0.01151043564032454,0.5139635732870756,0.8163818968372314,0.00054290264383966,125.0,2.303965606195213,25.27437344953338,0.9449640744442566,,,,,,0.0
2026-01-21 12:00:00+00:00,0.30644796494930937,0.6935520349813354,0.0,0.0,2.0,0.0,0.0,59.599999999999994,0.010231173501811663,0.012175107233474371,0.03153382998265045,0.8289460657627161,0.0005480411901921954,125.0,2.291257961046626,27.098834857150962,0.9449574888779286,,,,,,0.0
2026-01-21 16:00:00+00:00,0.7286986423976046,0.27130135752952556,0.0,0.0,2.0,0.9836065573770482,0.0,63.6,0.010598229571389535,0.012554779628095312,0.603187002030934,0.6516037794190961,0.0005464043486102746,125.0,2.278348489725876,28.928223071062025,0.9499549747089363,,,,,,0.0
2026-01-21 20:00:00+00:00,0.4527864477692307,0.5472135521760478,0.0,0.0,2.0,0.0,0.0,64.8,0.011128089597997584,0.01355297643545184,0.0017456693970720743,0.7147386335387454,0.0005512400817549773,125.0,2.2669054643575484,30.63951243102826,0.9696474703369377,,,,,,0.0
2026-01-22 00:00:00+00:00,0.7809176968686655,0.21908230305324267,0.0,0.0,2.0,0.9836065573770482,0.0,64.8,0.010948066863511236,0.013391292289455358,0.17736839945841495,0.7013159523898723,0.0005431648979643651,125.0,2.2522148427778794,30.63951243102826,0.9936578985269631,,,,,,0.0
2026-01-22 04:00:00+00:00,0.609041110763679,0.390958889175417,0.0,0.0,2.0,0.9836065573770482,0.0,64.0,0.010680225570677111,0.01302342602746717,0.25080638130938865,0.7934644659960707,0.0005414961269879862,125.0,2.2373384069993527,30.619497418471195,0.9840719646956377,,,,,,0.0
2026-01-22 08:00:00+00:00,0.533999118413224,0.4660008815333761,0.0,0.0,2.0,0.9836065573770482,0.0,64.0,0.010601994825690133,0.012685692709108437,0.08872099298434746,0.8721423419608244,0.0005414892511187288,125.0,2.2222242641375307,29.867868519061933,0.9784376577644254,,,,,,0.0
2026-01-22 12:00:00+00:00,0.40139682220726974,0.59860317773287,0.0,0.0,2.0,0.0,0.0,64.8,0.010756494084637755,0.012827355462727303,0.6421732479746203,0.851928080242846,0.0005445339141465271,125.0,2.2065440596160593,29.043804238651894,0.9773504965650915,,,,,,0.0
2026-01-22 16:00:00+00:00,0.4431631765570069,0.5568368233873094,0.0,0.0,2.0,0.0,0.0,64.8,0.010740478271007544,0.012475468442335538,0.24447537845832518,0.846391616777699,0.0005411785628369006,125.0,2.1905378547524967,28.255991676219757,0.9815276565995434,,,,,,0.0
2026-01-22 20:00:00+00:00,0.6303212388208991,0.3696787611160688,0.0,0.0,2.0,0.9836065573770482,0.0,64.4,0.010639977047109268,0.012095934168011519,0.7204580332900451,0.8396617683765074,0.0005407473268947377,125.0,2.174101178930118,27.77279807582807,0.9862941427190866,,,,,,0.0
2026-01-23 00:00:00+00:00,0.8947762908574072,0.10522370905311516,0.0,0.0,2.0,0.9836065573770482,0.0,64.8,0.010669744292675037,0.01176921192045223,0.43427620632279323,0.6944421020480589,0.0005409333128056255,125.0,2.157774812932804,27.323419305087015,0.9814613971694561,,,,,,0.0
2026-01-23 04:00:00+00:00,0.9448989987864679,0.055101001119042176,0.0,0.0,2.0,0.9836065573770482,0.0,64.4,0.010623879422454692,0.01149068502377227,0.44353518821603777,0.6598634076548987,0.0005409399429890605,125.0,2.142343442863748,26.551074607995943,0.9727458631905973,,,,,,0.0
2026-01-23 08:00:00+00:00,0.9429707383207264,0.057029261584976544,0.0,0.0,2.0,0.9836065573770482,0.0,64.4,0.01062368045867106,0.011157277170974618,0.02459016393442241,0.683054443389936,0.0005404877268285937,125.0,2.1315701707656087,25.560270234953272,0.9678578892832429,,,,,,0.0
2026-01-23 12:00:00+00:00,0.9252689087895457,0.07473109111792733,0.0,0.0,2.0,0.9836065573770482,0.0,63.6,0.010581254007291976,0.010860020043119143,0.03050288540807953,0.671498025718711,0.0005406174150178541,125.0,2.1155268378706586,24.539529187118326,0.9673120512809763,,,,,,0.0
2026-01-23 16:00:00+00:00,0.7924141478908451,0.2075858520299135,0.0,0.0,2.0,0.9836065573770482,0.0,63.6,0.010562940987092902,0.010545898435921436,0.12939444137676706,0.7555436731944959,0.0005403271700805593,125.0,2.099813668331603,23.593893220111013,0.9689674675264408,,,,,,0.0
2026-01-23 20:00:00+00:00,0.8156075875184571,0.18439241239998222,0.0,0.0,2.0,0.9836065573770482,0.0,63.6,0.010484901404654544,0.010227978882382107,0.1776850428289082,0.7613329393360836,0.0005400823766160417,125.0,2.0828019426403093,22.74448737259722,0.9709666696637634,,,,,,0.0
2026-01-24 00:00:00+00:00,0.8219086099389017,0.17809138997890747,0.0,0.0,2.0,0.9836065573770482,0.0,64.0,0.010508928667430696,0.009928915159766785,0.40488358886995585,0.7415581771649131,0.0005400550011290377,125.0,2.065443420695097,21.97513898435425,0.9731535967112029,,,,,,0.0
2026-01-24 04:00:00+00:00,0.4765817931857836,0.5234182067618746,0.0,0.0,2.0,0.0,0.0,64.0,0.0104983604534539,0.009635696536890984,0.49939393939394683,0.7645563080370633,0.0005398810470729457,125.0,2.049317653577131,21.298360597100608,0.9762999802277834,,,,,,0.0
2026-01-24 08:00:00+00:00,0.8177008934669996,0.18229910645123035,0.0,0.0,2.0,0.9836065573770482,0.0,63.2,0.010474124076951705,0.009347821252346023,0.34883720930232975,0.5821520629831884,0.0005397938103688306,125.0,2.031973550194433,20.7382817298297,0.9798787201570943,,,,,,0.0
2026-01-24 12:00:00+00:00,0.5905921797827385,0.4094078201582024,0.0,0.0,2.0,0.9836065573770482,0.0,60.8,0.010339800125528504,0.00907030502976817,0.11907923860113727,0.6923325972000159,0.0005396461735129399,125.0,2.014083433450322,20.276190147455736,0.9829486654898878,,,,,,0.0
2026-01-24 16:00:00+00:00,0.49432542964207604,0.5056745703073565,0.0,0.0,2.0,0.0,0.0,61.199999999999996,0.010342327590787974,0.008797007524044248,0.1040072039621787,0.6581785050765985,0.0005395184819049668,125.0,1.9956857348627846,19.891505532948152,0.9860249139110068,,,,,,0.0
2026-01-24 20:00:00+00:00,0.7726063420927672,0.22739365782997206,0.0,0.0,2.0,0.9836065573770482,0.0,61.6,0.010348867455992497,0.008529201820753863,0.5340841730883263,0.6314729008763157,0.0005393994468580761,125.0,1.9764009820117805,19.596202957685808,0.9895257791286362,,,,,,0.0
2026-01-25 00:00:00+00:00,0.7673968690513816,0.23260313087187873,0.0,0.0,2.0,0.9836065573770482,0.0,60.8,0.010325888187607645,0.008315737548184566,0.6478494623656015,0.6828435189485865,0.0005394367739116208,125.0,1.9568080867459763,19.390640827222988,0.9927044089943191,,,,,,0.0
2026-01-25 04:00:00+00:00,0.482552908919028,0.5174470910292273,0.0,0.0,2.0,0.0,0.0,61.199999999999996,0.010329542498307476,0.008066569382089198,1.0,0.7797235205135109,0.0005391702769755234,125.0,1.9362775858505858,19.25140802326489,0.9950785998326155,,,,,,0.0
2026-01-25 08:00:00+00:00,0.31596494715965395,0.6840350527719425,0.0,0.0,2.0,0.0,0.0,60.8,0.01027031676219181,0.007823119846892494,1.0,0.7383343755244413,0.000539042176947493,125.0,1.9144224792229876,19.160023050382847,0.9966266811757452,,,,,,0.0
2026-01-25 12:00:00+00:00,0.7413465325858891,0.25865346733997624,0.0,0.0,2.0,0.9836065573770482,0.0,59.599999999999994,0.010219924847604102,0.007636552127536446,1.0,0.6831320422527318,0.0005390610701555553,125.0,1.8912667549479998,19.093682914823884,0.9974129314043266,,,,,,0.0
2026-01-25 16:00:00+00:00,0.10006044452683072,0.8999395553831753,0.0,0.0,2.0,0.0,0.0,74.8,0.011631640800506974,0.012275784741020587,1.0,0.6082090291984519,0.0005647391176488988,125.0,1.8676237221283827,19.03919499636003,0.9977436370723547,,,,,,0.0
2026-01-25 20:00:00+00:00,0.7099020577619848,0.29009794216702495,0.0,0.0,2.0,0.9836065573770482,0.0,74.8,0.01142643956890609,0.011908523170743522,0.9321156548103275,0.6458827558479541,0.0005389737710298905,125.0,1.8410542129536327,18.988469962204345,0.9976488068490619,,,,,,0.0
2026-01-26 00:00:00+00:00,0.4061108342838685,0.5938891656567425,0.0,0.0,2.0,0.0,0.0,74.8,0.011288486105719614,0.011918510643103597,0.5335497835497832,0.7072407607396777,0.0005415306427380474,125.0,1.816099361358022,18.929943927833136,0.9971911040007211,,,,,,0.0
2026-01-26 04:00:00+00:00,0.4036278068052306,0.5963721931351321,0.0,0.0,2.0,0.0,0.0,76.0,0.011759572580413349,0.012414981795254474,0.15261099608925768,0.6866335389599377,0.0005448874803946538,125.0,1.7925803342092559,18.858469562617202,0.9975079253579641,,,,,,0.0
2026-01-26 08:00:00+00:00,0.5648119884390111,0.4351880115045077,0.0,0.0,2.0,0.9836065573770482,0.0,76.0,0.011702706441453832,0.012079959636248363,0.15822669104204756,0.7722268132686111,0.0005387752153326201,125.0,1.7762292632686028,18.858469562617202,0.9951247232030779,,,,,,0.0
2026-01-26 12:00:00+00:00,0.47299045025390973,0.5270095496933893,0.0,0.0,2.0,0.0,0.0,76.4,0.011728839776482218,0.011727793776414768,0.7832255747126474,0.7461231783096269,0.0005386648861638018,125.0,1.7534223340786437,19.029213726544803,0.982533211757116,,,,,,0.0
2026-01-26 16:00:00+00:00,0.8982668416049697,0.10173315830520355,0.0,0.0,2.0,0.9836065573770482,0.0,77.2,0.011831163446234114,0.01154594519694995,0.8151466421624973,0.6797018579307187,0.0005397259653832138,125.0,1.7305854375562455,19.607748902074356,0.974521793948197,,,,,,0.0
2026-01-26 20:00:00+00:00,0.7515009900781708,0.24849900984667914,0.0,0.0,2.0,0.9836065573770482,0.0,77.2,0.011797275573514156,0.011209368394215793,0.7664247701983595,0.8123618639575577,0.0005384485412234445,125.0,1.7075701762140962,20.25368992750808,0.9786966686232303,,,,,,0.0
2026-01-27 00:00:00+00:00,0.9502321603301204,0.049767839574856386,0.0,0.0,2.0,0.9836065573770482,0.0,77.60000000000001,0.011826902120318126,0.010905079294918792,0.6031563373335587,0.6128268432518204,0.0005385078284891254,125.0,1.684888698164135,20.602848371516966,0.9913728652532735,,,,,,0.0
2026-01-27 04:00:00+00:00,0.90017848692554,0.09982151298444208,0.0,0.0,2.0,0.9836065573770482,0.0,75.6,0.011447230581387201,0.010618205623710845,0.6119008264462853,0.6922725580089699,0.0005382319444230506,125.0,1.6609943422432951,20.602848371516966,0.9984132511550157,,,,,,0.0
2026-01-27 08:00:00+00:00,0.8086053388233618,0.1913946610957775,0.0,0.0,2.0,0.9836065573770482,0.0,75.6,0.011446285865845628,0.010344175293249169,0.2719204284621271,0.7585189022497725,0.0005380993779228703,125.0,1.6320367398190274,20.602848371516966,0.9963743349423789,,,,,,0.0
2026-01-27 12:00:00+00:00,0.7946962327521301,0.20530376716840018,0.0,0.0,2.0,0.9836065573770482,0.0,73.2,0.010889819957914463,0.01017173064184005,0.23022164698268938,0.7547694380887477,0.0005387836823522369,125.0,1.6017548201885399,20.708953127053455,0.9963969964234036,,,,,,0.0
2026-01-27 16:00:00+00:00,0.6058642287845162,0.39413577115489734,0.0,0.0,2.0,0.9836065573770482,0.0,74.0,0.010995399800420639,0.010493289380443,0.5151823925005096,0.80075200115889,0.0005416030289598754,125.0,1.5700145503911325,20.708953127053455,0.9909365967143746,,,,,,0.0
2026-01-27 20:00:00+00:00,0.6085950703702344,0.39140492956890605,0.0,0.0,2.0,0.9836065573770482,0.0,72.39999999999999,0.010820114151905135,0.010828684966693184,0.6417708176479455,0.7982011372014799,0.0005417082748108755,125.0,1.543109631264091,20.33119451787778,0.9801180233886574,,,,,,0.0
2026-01-28 00:00:00+00:00,0.7215937576057381,0.2784062423221026,0.0,0.0,2.0,0.9836065573770482,0.0,70.8,0.010668088743262805,0.010638282181008771,0.5333661486533974,0.814845118748178,0.0005381896038140372,125.0,1.5114917640992507,19.73083086813259,0.9738905055119537,,,,,,0.0
2026-01-28 04:00:00+00:00,0.7974474188457985,0.20255258107445673,0.0,0.0,2.0,0.9836065573770482,0.0,70.8,0.010649635234919207,0.010314220747482315,0.6759947864755032,0.7902060693459353,0.0005373719636752476,125.0,1.4776257847255831,19.071044168041016,0.9737772387534734,,,,,,0.0
2026-01-28 08:00:00+00:00,0.9079265268844453,0.09207347302476213,0.0,0.0,2.0,0.9836065573770482,0.0,72.0,0.010678697880078948,0.010380572747951861,0.7075432525951542,0.6689138559717718,0.0005395351438038413,125.0,1.4455212134717599,18.50503952760529,0.9802446866569414,,,,,,0.0
2026-01-28 12:00:00+00:00,0.8011448434454566,0.1988551564744289,0.0,0.0,2.0,0.9836065573770482,0.0,64.0,0.010380999833112125,0.010396376051071283,0.20086976081577557,0.7340988816961699,0.0005389665874788351,125.0,1.4198315310898857,18.2076587944646,0.9919982666103876,,,,,,0.0
2026-01-28 16:00:00+00:00,0.83561832692588,0.16438167299055811,0.0,0.0,2.0,0.9836065573770482,0.0,58.8,0.010022848225644842,0.010106221271888701,0.09978330409658535,0.7298401470856717,0.0005372922453717047,125.0,1.3857999938618233,18.2076587944646,0.9883034857596646,,,,,,0.0
2026-01-28 20:00:00+00:00,0.920937561486013,0.07906243842189324,0.0,0.0,2.0,0.9836065573770482,0.0,51.2,0.009281929729271709,0.009810043885859333,0.06820129790621024,0.6881656710226047,0.0005370418206672345,125.0,1.3477598728637437,18.64989681036728,0.972369886943672,,,,,,0.0
2026-01-29 00:00:00+00:00,0.7174563996644002,0.2825436002638541,0.0,0.0,2.0,0.9836065573770482,0.0,57.99999999999999,0.009616725667986985,0.010637469298903053,0.37787026406429375,0.6854820546178509,0.0005429603245382477,125.0,1.303430516802476,19.46027823573778,0.9620785953515628,,,,,,0.0
2026-01-29 04:00:00+00:00,0.8404659350918372,0.1595340648241162,0.0,0.0,2.0,0.9836065573770482,0.0,57.99999999999999,0.0096129412091508,0.010338637444809512,0.6885332395357006,0.745829205397313,0.0005369904192271262,125.0,1.249315807076395,20.460089335528505,0.964458442764321,,,,,,0.0
2026-01-29 08:00:00+00:00,0.7789289144049097,0.22107108551719737,0.0,0.0,2.0,0.9836065573770482,0.0,58.8,0.00972508556153211,0.010371885326337158,0.6881767761246587,0.7613203581431345,0.000538511469922248,125.0,1.1984349864795734,21.229853333684005,0.9787126375634084,,,,,,0.0
2026-01-29 12:00:00+00:00,0.10546565049994908,0.8945343494105975,0.0,0.0,2.0,0.0,0.0,78.4,0.011010001787947879,0.013483549792148351,0.9170555185220451,0.7532141446159494,0.0005587287216058967,125.0,1.1756591102081195,21.523936423441626,0.9927698722489338,,,,,,0.0
2026-01-29 16:00:00+00:00,0.8060503135756805,0.1939496863437145,0.0,0.0,2.0,0.9836065573770482,0.0,78.8,0.011054308828920553,0.013269648611136347,0.9243431053203037,0.6803464692633865,0.0005379920858538741,125.0,1.1258604647786354,21.585057501620696,0.9979198452790995,,,,,,0.0
2026-01-29 20:00:00+00:00,0.6899018168560813,0.3100981830749284,0.0,0.0,2.0,0.9836065573770482,0.0,79.60000000000001,0.011161238598752116,0.01304118739571358,0.6627363285220585,0.7584496056575523,0.0005382345539103208,125.0,1.080648786299368,21.585057501620696,0.998239767229741,,,,,,0.0
2026-01-30 00:00:00+00:00,0.14984221584617735,0.8501577840688068,0.0,0.0,2.0,0.0,0.0,85.2,0.011942536994392856,0.014530182374206963,0.8182763358211741,0.7720842725107849,0.000550184329484878,125.0,1.0324411846250514,21.54061746229938,0.9959800973621477,,,,,,0.0
2026-01-30 04:00:00+00:00,0.6535380730772818,0.3464619268573644,0.0,0.0,2.0,0.9836065573770482,0.0,85.2,0.011930203022067853,0.014088021575272757,0.7948782430110245,0.7504995502726208,0.0005367430695662992,125.0,0.9838096579843449,21.54061746229938,0.9944744039565843,,,,,,0.0
2026-01-30 08:00:00+00:00,0.5814516025647684,0.41854839737708643,0.0,0.0,2.0,0.9836065573770482,0.0,86.0,0.0120107348989671,0.013775464324964987,0.41865170005873575,0.793946303579193,0.0005378037919753317,125.0,0.9266587240692055,21.71231537211022,0.987379282973574,,,,,,0.0
2026-01-30 12:00:00+00:00,0.6204996444835013,0.3795003554544489,0.0,0.0,2.0,0.9836065573770482,0.0,86.4,0.012071320600427498,0.01363732746606123,0.4361311558425122,0.7841157395363993,0.0005384082793196309,125.0,0.8657609721452402,22.092292051994207,0.9876757689339459,,,,,,0.0
2026-01-30 16:00:00+00:00,0.6496622960335291,0.35033770390150454,0.0,0.0,2.0,0.9836065573770482,0.0,86.8,0.012100499921698708,0.013278959047113232,0.5408856289051871,0.8141726848341245,0.0005372554365628342,125.0,0.8018628108742516,22.375943740740492,0.9846438018144249,,,,,,0.0
2026-01-30 20:00:00+00:00,0.5157750837269046,0.484224916221518,0.0,0.0,2.0,0.9836065573770482,0.0,87.2,0.012224413198927813,0.013268779771243175,0.33516915814319265,0.7863183543127138,0.0005391444540375516,125.0,0.73296302726944,22.923425001747326,0.9811395220648507,,,,,,0.0
2026-01-31 00:00:00+00:00,0.8795054282483444,0.12049457166370502,0.0,0.0,2.0,0.9836065573770482,0.0,87.2,0.012210179211554758,0.012902294794336501,0.39230492628550684,0.6450727279165819,0.0005369771486274704,125.0,0.6585059885243867,23.43419510691529,0.9888827060704362,,,,,,0.0
2026-01-31 04:00:00+00:00,0.786132052502959,0.21386794741842768,0.0,0.0,2.0,0.9836065573770482,0.0,87.6,0.012223045260615666,0.01259326026167878,0.7436041083099901,0.7500679387629422,0.000537431919503614,125.0,0.5774125967736982,23.43419510691529,0.9981614261850222,,,,,,0.0
2026-01-31 08:00:00+00:00,0.7428266716441787,0.2571733282815386,0.0,0.0,2.0,0.9836065573770482,0.0,88.4,0.012361694062615869,0.012748797402701456,0.7633778543731151,0.7467235875963192,0.0005406594536584865,125.0,0.490622124550544,23.494745077533715,0.9980112455590071,,,,,,0.0
2026-01-31 12:00:00+00:00,0.16281327472549723,0.8371867251907841,0.0,0.0,2.0,0.0,0.0,89.2,0.013707110033812281,0.015951566847062604,1.0,0.6935281085199946,0.0005655002198877946,125.0,0.4014460550889749,23.494745077533715,0.9922961749345197,,,,,,0.0
2026-01-31 16:00:00+00:00,0.012770594060731732,0.9872294058405453,0.0,0.0,2.0,0.0,0.0,96.8,0.016343396551507326,0.02158890691221644,1.0,0.720340153268632,0.0006042974151323204,125.0,0.3357825902632485,23.82437491886172,0.9847218781362961,,,,,,0.0
2026-01-31 20:00:00+00:00,0.2682108472922913,0.7317891526345298,0.0,0.0,2.0,0.0,0.0,100.0,0.01713448313955192,0.022063723501486374,0.6397330192383189,0.682289187868032,0.0005657482438769009,125.0,0.4143888894462934,24.37961753690778,0.9761973613041687,,,,,,0.0
2026-02-01 00:00:00+00:00,4.9285191203506265e-11,0.9999999998507147,0.0,0.0,2.0,0.2820696291067679,0.0,100.0,0.01713650702717903,0.021400601879216934,0.6303279348964623,0.6991055751568467,0.0005634485159848926,125.0,0.7940134648434389,25.240787300668288,0.9667923831565683,,,,,,0.0
2026-02-01 04:00:00+00:00,0.14796463384478445,0.8520353660700121,0.0,0.0,2.0,0.2820696291067679,0.0,100.0,0.01719212844259487,0.02103346064214499,0.6246420682320212,0.7450818105345425,0.0005644034510497707,125.0,0.9279638162332768,26.432849843419866,0.9579618460218187,,,,,,0.0
2026-02-01 08:00:00+00:00,0.922567224567376,0.07743277534036712,0.0,0.0,2.0,0.9674519210381136,0.0,100.0,0.01719874717931182,0.020392806999464264,0.4674229648934523,0.588629807433859,0.0005603807909501687,125.0,1.0270393980047865,27.967227276669007,0.9540439481829309,,,,,,0.0
2026-02-01 12:00:00+00:00,0.31172461407951974,0.6882753858516527,0.0,0.0,2.0,0.2820696291067679,0.0,100.0,0.018070454991112442,0.02213977633730611,0.32527312454479024,0.6232004219249188,0.0005844959737121815,125.0,1.1236471633607765,29.58381658063039,0.9562135738055932,,,,,,0.0
2026-02-01 16:00:00+00:00,0.9886746304737667,0.011325369427365789,0.0,0.0,2.0,0.9674519210381136,0.0,99.6,0.017264803838242845,0.021471108970860513,0.9241452238279859,0.6660860648551059,0.0005597457844239361,125.0,1.2491361338450189,31.137776553232086,0.960966277271272,,,,,,0.0
2026-02-01 20:00:00+00:00,0.2738928388687383,0.726107161058651,0.0,0.0,2.0,0.2820696291067679,0.0,99.6,0.017439441815493072,0.021497344751155573,0.9421163053418677,0.6754055728978052,0.0005643629624675418,125.0,1.3660174582535891,32.55560584603328,0.9679202049640767,,,,,,0.0
2026-02-02 00:00:00+00:00,0.4919215400395507,0.5080784599096414,0.0,0.0,2.0,0.2820696291067679,0.0,99.2,0.017275560332342076,0.021124190371835057,0.9413112250463608,0.7749504024282594,0.0005592550149147035,125.0,1.5052437158750087,33.65461476777933,0.9842374935207472,,,,,,0.0
2026-02-02 04:00:00+00:00,0.6983357738699195,0.30166422606024695,0.0,0.0,2.0,0.9674519210381136,0.0,96.8,0.01684616380958238,0.020509099737286787,0.9509661333887408,0.6610526725581025,0.0005560268381344468,125.0,1.671058925228012,33.65461476777933,0.989205152036872,,,,,,0.0
2026-02-02 08:00:00+00:00,0.17052465207392453,0.8294753478431279,0.0,0.0,2.0,0.2820696291067679,0.0,99.6,0.017473570807470584,0.020720932482079266,0.22228144989339182,0.7986829926653295,0.0005665146328636444,125.0,1.8537897652401698,32.903959764875786,0.984184362006231,,,,,,0.0
2026-02-02 12:00:00+00:00,0.1840231462503267,0.8159768536680756,0.0,0.0,2.0,0.2820696291067679,0.0,100.0,0.0187242632219884,0.022198778846711474,0.21950389312002808,0.75988858915509,0.0005824240461242696,125.0,2.0555173702973284,32.38388403294894,0.9924077467076408,,,,,,0.0
2026-02-02 16:00:00+00:00,0.843528942986113,0.1564710569295341,0.0,0.0,2.0,0.9674519210381136,0.0,99.6,0.01870989037216057,0.02194525268326916,0.26873533708113884,0.683154671169362,0.0005569327901321132,125.0,2.2332992966385254,32.38388403294894,0.9965416576887651,,,,,,0.0
2026-02-02 20:00:00+00:00,0.9784589419788515,0.021541057923302645,0.0,0.0,2.0,0.9674519210381136,0.0,100.0,0.018766383285989414,0.021341027926401603,0.5147562833206415,0.7161960015712333,0.0005535174471536084,125.0,2.3811724019285747,32.61771821218187,0.990918590971161,,,,,,0.0
2026-02-03 00:00:00+00:00,0.9755722451579865,0.024427754744456246,0.0,0.0,2.0,0.9674519210381136,0.0,99.6,0.018725500139862586,0.02069247775735972,0.56998371897972,0.692203373738947,0.0005512027893118824,125.0,2.4937817153966044,33.09051329934667,0.9872682992989492,,,,,,0.0
2026-02-03 04:00:00+00:00,0.9756598440702109,0.024340155832223,0.0,0.0,2.0,0.9674519210381136,0.0,99.6,0.018732483892524725,0.02018409463975314,0.23972965030855029,0.6848579517634993,0.0005510506920343002,125.0,2.5719312460604074,33.649383157845236,0.9876804685319015,,,,,,0.0
2026-02-03 08:00:00+00:00,0.6654637057880329,0.33453629414542074,0.0,0.0,2.0,0.9674519210381136,0.0,100.0,0.018866488489066056,0.02018336593549281,0.7508868742609359,0.7190577666736172,0.0005546105768422494,125.0,2.6180115175170533,34.103058148858985,0.986963202372451,,,,,,0.0
2026-02-03 12:00:00+00:00,0.920475527527717,0.07952447238023552,0.0,0.0,2.0,0.9674519210381136,0.0,100.0,0.018957286585009468,0.019773392945440085,0.24579064587973404,0.6843329437731248,0.0005528310593293769,125.0,2.6463900756848995,34.73542610621766,0.9845039812703853,,,,,,0.0
2026-02-03 16:00:00+00:00,0.06274870834630815,0.9372512915599667,0.0,0.0,2.0,0.2820696291067679,0.0,100.0,0.019539302827498387,0.021924131414408726,0.7268890261478301,0.7379655041424323,0.0005758605693386322,125.0,2.6640627523079896,35.42183720835155,0.9843632700133303,,,,,,0.0
2026-02-03 20:00:00+00:00,0.5882036017126526,0.41179639822852704,0.0,0.0,2.0,0.9674519210381136,0.0,99.6,0.01947173827810349,0.021478339393024376,0.5045737951121836,0.7155301620413685,0.0005531971434163564,125.0,2.6812073443096125,35.873709229895205,0.9922045003215361,,,,,,0.0
2026-02-04 00:00:00+00:00,0.7499699697290145,0.2500300301959884,0.0,0.0,2.0,0.9674519210381136,0.0,100.0,0.019992928835376022,0.02151935061437993,0.15995656195953842,0.6707879950044663,0.0005594037009300686,125.0,2.686788716052127,35.873709229895205,0.9861884717749341,,,,,,0.0
2026-02-04 04:00:00+00:00,0.8812868842199831,0.11871311569188815,0.0,0.0,2.0,0.9674519210381136,0.0,100.0,0.01999471040360016,0.020863919732911344,0.035967678360266764,0.6929626317075915,0.0005488566464273433,125.0,2.6867699051463876,34.95583272356524,0.9734239540378006,,,,,,0.0
2026-02-04 08:00:00+00:00,0.7818370581073363,0.21816294181448007,0.0,0.0,2.0,0.9674519210381136,0.0,99.2,0.019814313440325613,0.02047261428692581,0.23552010893352096,0.7032834561404159,0.0005499737401061844,125.0,2.6851460442548936,33.620105926714814,0.9646195429559108,,,,,,0.0
2026-02-04 12:00:00+00:00,0.012576397052311497,0.9874236028489461,0.0,0.0,2.0,0.2820696291067679,0.0,100.0,0.02074070039277314,0.02293548565796816,0.2552939504476761,0.720921855839937,0.0005799549078348324,125.0,2.6870254676808276,32.05198890469791,0.9588232240690112,,,,,,0.0
2026-02-04 16:00:00+00:00,0.5190470773561898,0.4809529225919055,0.0,0.0,2.0,0.9674519210381136,0.0,100.0,0.021038036822295464,0.02263285118312374,0.20161436604389685,0.8058491079703228,0.0005555454540684134,125.0,2.6826929708287683,30.390849382042212,0.9555386698084564,,,,,,0.0
2026-02-04 20:00:00+00:00,0.8505083952705464,0.14949160464440267,0.0,0.0,2.0,0.9674519210381136,0.0,100.0,0.02108764451000182,0.022421695985072907,0.6400037864445298,0.6903977741853203,0.0005521593800997412,125.0,2.676947682192562,28.741764965944903,0.9542623102887317,,,,,,0.0
2026-02-05 00:00:00+00:00,0.17367760336379462,0.8263223965535732,0.0,0.0,2.0,0.2820696291067679,0.0,99.6,0.021067539516471435,0.022172066302077912,0.6995331616226659,0.8097853104279968,0.000551496875652306,125.0,2.6725528506587204,27.168267148271113,0.9546824406571784,,,,,,0.0
2026-02-05 04:00:00+00:00,0.4368096722613305,0.5631903276823506,0.0,0.0,2.0,0.2820696291067679,0.0,98.8,0.02099653632415402,0.02160513565212192,0.68606509124548,0.7706850821295097,0.0005485525233847106,125.0,2.6663910063579963,25.72213673028009,0.9575651646895477,,,,,,0.0
2026-02-05 08:00:00+00:00,0.3875792480820879,0.61242075185667,0.0,0.0,2.0,0.2820696291067679,0.0,98.4,0.020996183132053998,0.020993027055749867,0.48988794752664805,0.6938674261998388,0.0005480635514420897,125.0,2.6595406185738164,24.4900466564339,0.9639651599836753,,,,,,0.0
2026-02-05 12:00:00+00:00,0.006650356316916425,0.9933496435837486,0.0,0.0,2.0,0.2820696291067679,0.0,100.0,0.022007087814121966,0.02499379110803029,1.0,0.7189822834779077,0.0005996504549035859,125.0,2.657863948915584,23.55858016363844,0.9723531885680993,,,,,,0.0
2026-02-05 16:00:00+00:00,0.7346427376548119,0.26535726227172374,0.0,0.0,2.0,0.9674519210381136,0.0,100.0,0.02203954500642493,0.0245652012510823,1.0,0.7582478519132936,0.0005506236125710799,125.0,2.6506696427497145,22.8961223946262,0.9803249143767436,,,,,,0.0
2026-02-05 20:00:00+00:00,0.016331088833533295,0.9836689110681,0.0,0.0,2.0,0.2820696291067679,0.0,100.0,0.022951270517889907,0.02730741468614211,1.0,0.7027628452892968,0.0005900739454069072,125.0,2.647586159528821,22.459186833755652,0.9858563139375487,,,,,,0.0
2026-02-06 00:00:00+00:00,0.06947579880666921,0.9305242011002783,0.0,0.0,2.0,0.2820696291067679,0.0,100.0,0.023817680232888917,0.027877930689978545,0.6008919961427194,0.7557659869295157,0.0005756673851876018,125.0,2.640920639464833,22.11891282872949,0.9869960106919365,,,,,,0.0
2026-02-06 04:00:00+00:00,0.9436460667536042,0.05635393315203131,0.0,0.0,2.0,0.9674519210381136,0.0,100.0,0.023862278705716635,0.027043976083974578,0.5519951077816845,0.6284630767447046,0.0005496373768708218,125.0,2.6319795932044006,21.755012993716942,0.9893780070091226,,,,,,0.0
2026-02-06 08:00:00+00:00,0.7744098152125979,0.22559018470996103,0.0,0.0,2.0,0.9674519210381136,0.0,100.0,0.024080759702415095,0.026568993588308186,0.11386734143609761,0.6291323842648898,0.00055632036052999,125.0,2.6234170193291644,21.755012993716942,0.9955138286861102,,,,,,0.0
2026-02-06 12:00:00+00:00,0.8535006886719609,0.14649931124268892,0.0,0.0,2.0,0.9674519210381136,0.0,100.0,0.024603684492233574,0.026444299497394918,0.2034419655024725,0.7202760786534048,0.0005619240817622489,125.0,2.614989185432871,21.776025121237726,0.9804788106678343,,,,,,0.0
2026-02-06 16:00:00+00:00,0.5334649630938749,0.46653503685277864,0.0,0.0,2.0,0.9674519210381136,0.0,100.0,0.025721464460572732,0.0276590587706099,1.0,0.6138416264353729,0.0005845196712261361,125.0,2.6074375013714532,22.558026960806398,0.9618347703283722,,,,,,0.0
2026-02-06 20:00:00+00:00,0.9966049139066699,0.0033950859936695125,0.0,0.0,2.0,0.9674519210381136,0.0,99.6,0.025714912002490334,0.026818241506427087,0.9704400022651325,0.5986636535835311,0.0005485898213492696,125.0,2.597030406369809,23.87877720627512,0.9596398186876672,,,,,,0.0
2026-02-07 00:00:00+00:00,0.9908599072304745,0.009140092670439602,0.0,0.0,2.0,0.9674519210381136,0.0,100.0,0.025812814889985183,0.02607960363242885,0.972030220221828,0.7066251997621268,0.0005507065969857088,125.0,2.5864182942471734,24.90269010355042,0.9753643801136286,,,,,,0.0
2026-02-07 04:00:00+00:00,0.3654791455449306,0.6345208543916172,0.0,0.0,2.0,0.2820696291067679,0.0,100.0,0.02599481267038455,0.02607946886202,0.4565606698610903,0.6698111360553396,0.0005562089537312512,125.0,2.575993232800121,25.329028889287017,0.9879401591913924,,,,,,0.0
2026-02-07 08:00:00+00:00,0.9424207801436367,0.05757921976212121,0.0,0.0,2.0,0.9674519210381136,0.0,99.6,0.02596370730935203,0.02530629203006398,0.22711257091669132,0.7465579948307506,0.0005481125173288689,125.0,2.564627774909257,25.64724415143339,0.9892184421020509,,,,,,0.0
2026-02-07 12:00:00+00:00,0.9445270637309916,0.055472936174555725,0.0,0.0,2.0,0.9674519210381136,0.0,98.0,0.025606381218738403,0.024873921064573905,0.11800276434001673,0.6453523187347211,0.0005549963015734832,125.0,2.5545785045619565,26.006304195467727,0.9909111694647572,,,,,,0.0
2026-02-07 16:00:00+00:00,0.2585725827116856,0.7414274172141716,0.0,0.0,2.0,0.2820696291067679,0.0,97.2,0.024244952278913694,0.024545047119590782,0.1816564538446344,0.7490012084952421,0.0005562019064726782,125.0,2.544155554973918,26.218916806465792,0.9960113364695496,,,,,,0.0
2026-02-07 20:00:00+00:00,0.9666830464892029,0.033316953414128804,0.0,0.0,2.0,0.9674519210381136,0.0,95.6,0.02372676987858207,0.02380235772694016,0.04543817959242406,0.7633495986484276,0.0005478837868006655,125.0,2.532615192854866,26.218916806465792,0.9939097846823254,,,,,,0.0
2026-02-08 00:00:00+00:00,0.9279825555603946,0.07201744434680724,0.0,0.0,2.0,0.9674519210381136,0.0,95.19999999999999,0.02372588490271999,0.023096766713961082,0.5542233165613978,0.7513753275825645,0.0005476848440179689,125.0,2.5209673898866902,25.890052777610673,0.981903650315978,,,,,,0.0
2026-02-08 04:00:00+00:00,0.9895417709544808,0.010458228946564872,0.0,0.0,2.0,0.9674519210381136,0.0,94.8,0.023690921462889352,0.022402918034490064,0.7291620605792617,0.7604001877122042,0.0005482131849190757,125.0,2.5090630738955904,25.12058228471674,0.9716193011771944,,,,,,0.0
2026-02-08 08:00:00+00:00,0.3417100044668836,0.6582899954672874,0.0,0.0,2.0,0.2820696291067679,0.0,96.39999999999999,0.02402351759408071,0.022411311143423974,0.764400423117608,0.716755075672827,0.0005586487140555636,125.0,2.4980827986482836,24.152118855631713,0.9687688901184696,,,,,,0.0
2026-02-08 12:00:00+00:00,0.8538242739092999,0.14617572600531767,0.0,0.0,2.0,0.9674519210381136,0.0,94.0,0.02331404662629229,0.02190015085293113,0.19317160826594593,0.7179474811702674,0.0005483160769357815,125.0,2.4858346872955326,23.271394694319007,0.9728472413648733,,,,,,0.0
2026-02-08 16:00:00+00:00,0.9924001931055565,0.0075998067952033925,0.0,0.0,2.0,0.9674519210381136,0.0,94.0,0.02336661799432755,0.021340077677297724,0.385538670022267,0.7246489976146046,0.0005496219340618829,125.0,2.4740977189845292,22.604504708890516,0.979181896495959,,,,,,0.0
2026-02-08 20:00:00+00:00,0.32098063640867186,0.6790193635234261,0.0,0.0,2.0,0.2820696291067679,0.0,93.2,0.02328740935536848,0.021136116513194258,0.08111782477341191,0.677139483987512,0.0005504252669837763,125.0,2.4649468024952865,22.120428621864995,0.9845281736846184,,,,,,0.0
2026-02-09 00:00:00+00:00,0.3857987254851625,0.6142012744534173,0.0,0.0,2.0,0.2820696291067679,0.0,92.80000000000001,0.023231865704331695,0.020528381221934445,0.11320067060281427,0.7329336512239338,0.0005481891605154223,125.0,2.455533276911084,21.76796428757532,0.9886099547962656,,,,,,0.0
2026-02-09 04:00:00+00:00,0.3629498771489377,0.6370501227873572,0.0,0.0,2.0,0.2820696291067679,0.0,93.60000000000001,0.02334498007534154,0.020314921443969337,0.5355648535564801,0.7713274263871732,0.000549729616563599,125.0,2.4428655222754028,21.514895571460492,0.9916883051646963,,,,,,0.0
2026-02-09 08:00:00+00:00,0.5249767590352802,0.47502324091222214,0.0,0.0,2.0,0.9674519210381136,0.0,92.0,0.02311783225403837,0.020187822573788164,0.5805232558139483,0.79449694163832,0.0005502314915151629,125.0,2.4299104198635364,21.33130055395216,0.9938151711682619,,,,,,0.0
2026-02-09 12:00:00+00:00,0.3581840458611627,0.6418159540746556,0.0,0.0,2.0,0.2820696291067679,0.0,91.2,0.02238529143694617,0.01996462482967421,0.43088361076386567,0.7585438059882559,0.0005529598561022911,125.0,2.416979727427843,21.192544727827233,0.9953199242988208,,,,,,0.0
2026-02-09 16:00:00+00:00,0.07976056254453177,0.9202394373634443,0.0,0.0,2.0,0.2820696291067679,0.0,91.60000000000001,0.02297594501754085,0.021028514415465924,0.22666378565254947,0.7767820009668747,0.0005691091092895308,125.0,2.4052355992963537,21.08907382490869,0.9966805690431086,,,,,,0.0
2026-02-09 20:00:00+00:00,0.6530282211458002,0.34697177878889696,0.0,0.0,2.0,0.9674519210381136,0.0,91.60000000000001,0.022987106511584424,0.0206188533850487,0.024588942427101582,0.8174370612032457,0.0005481023056112445,125.0,2.392134779402572,21.022283945371225,0.9983269431191412,,,,,,0.0
2026-02-10 00:00:00+00:00,0.6784843156856761,0.3215156842464754,0.0,0.0,2.0,0.9674519210381136,0.0,92.0,0.023129719452354834,0.020543282973940823,0.0034785969658916545,0.9201356789136453,0.000550770650652134,125.0,2.378680727474668,21.022283945371225,0.9985527402722111,,,,,,0.0
2026-02-10 04:00:00+00:00,0.07831087265750784,0.9216891272503231,0.0,0.0,2.0,0.2820696291067679,0.0,94.0,0.023441567236460428,0.021091941375128508,0.09392022491653541,0.7526099058809669,0.0005567442551475752,125.0,2.368721621405175,21.078831932777693,0.9965415026965742,,,,,,0.0
2026-02-10 08:00:00+00:00,0.8247181101095182,0.17528188980800993,0.0,0.0,2.0,0.9674519210381136,0.0,92.4,0.023293153794361768,0.020455777739225998,0.29349683385264896,0.797677294968948,0.0005463437926629788,125.0,2.3543424454242734,21.185868567612683,0.9970045165784331,,,,,,0.0
2026-02-10 12:00:00+00:00,0.698202530888032,0.30179746904214777,0.0,0.0,2.0,0.9674519210381136,0.0,91.60000000000001,0.023265558635121558,0.019973530203032615,0.7374105575806665,0.8291957756058028,0.0005489259769036869,125.0,2.3441395518319843,21.185868567612683,0.9988089325573994,,,,,,0.0
2026-02-10 16:00:00+00:00,0.9245226560204736,0.07547734388707411,0.0,0.0,2.0,0.9674519210381136,0.0,88.4,0.022375315376995164,0.01937274977348251,0.6913678197397649,0.7883686092435856,0.0005460798540104707,125.0,2.3300626266921993,21.170133959897623,0.9969723478707448,,,,,,0.0
2026-02-10 20:00:00+00:00,0.9671540809927621,0.03284591891052241,0.0,0.0,2.0,0.9674519210381136,0.0,88.0,0.02226674769214288,0.018791193042578883,0.46634243395600544,0.7863189038957415,0.000546424414847194,125.0,2.317021759831881,21.11986105909397,0.9981464752557924,,,,,,0.0
2026-02-11 00:00:00+00:00,0.9226089258227361,0.07739107408500305,0.0,0.0,2.0,0.9674519210381136,0.0,86.8,0.02193385183864177,0.018288206204884,0.05139372822299921,0.7739438619608078,0.000545961001640725,125.0,2.303761824901906,21.11986105909397,0.9877087130899257,,,,,,0.0
2026-02-11 04:00:00+00:00,0.2564363535357977,0.743563646389846,0.0,0.0,2.0,0.2820696291067679,0.0,88.0,0.02230872044389372,0.019169189160881315,0.5200318123073852,0.7596244129504386,0.0005570828642067109,125.0,2.2891211035800763,21.650553245350988,0.9687937080026975,,,,,,0.0
2026-02-11 08:00:00+00:00,0.844939689859861,0.15506031005564502,0.0,0.0,2.0,0.9674519210381136,0.0,87.6,0.022275281094675914,0.01858847219328861,0.8221904421403878,0.7940987743995268,0.0005459579973615461,125.0,2.2721375189600943,22.75614164371899,0.9521614643474224,,,,,,0.0
2026-02-11 12:00:00+00:00,0.6168868197124109,0.3831131802259004,0.0,0.0,2.0,0.9674519210381136,0.0,85.6,0.021245590873185987,0.018281029386831526,0.8561095573343614,0.6363208265205818,0.0005467067172314394,125.0,2.2580940220485033,24.321912967558937,0.9584396038670949,,,,,,0.0
2026-02-11 16:00:00+00:00,0.6790851259388421,0.32091487399324947,0.0,0.0,2.0,0.9674519210381136,0.0,85.2,0.02114148684626067,0.01796484492141263,0.5748302102937565,0.6473832358665729,0.0005492356949455352,125.0,2.244622289877549,25.157200057289355,0.9840252603138145,,,,,,0.0
2026-02-11 20:00:00+00:00,0.657388608373141,0.34261139156112025,0.0,0.0,2.0,0.9674519210381136,0.0,82.8,0.020994724922249762,0.017474442346855117,0.5680798004987535,0.6372268734383075,0.0005452971129514747,125.0,2.2326582896861646,25.157200057289355,0.9931740862129768,,,,,,0.0
2026-02-12 00:00:00+00:00,0.9289628275989189,0.07103717230818472,0.0,0.0,2.0,0.9674519210381136,0.0,83.6,0.021002552931359223,0.017293828260053292,0.20408392236059725,0.5632086221290262,0.0005501997122673205,125.0,2.2185322957847733,25.157200057289355,0.9922083447795309,,,,,,0.0
2026-02-12 04:00:00+00:00,0.9977810048537169,0.0022189950465051006,0.0,0.0,2.0,0.9674519210381136,0.0,82.0,0.02097255027178289,0.016767269827306648,0.1680055083773248,0.5389760943537074,0.0005451636072469168,125.0,2.203221758988837,25.25828430975235,0.9731581434563111,,,,,,0.0
2026-02-12 08:00:00+00:00,0.9413902380567477,0.05860976184911324,0.0,0.0,2.0,0.9674519210381136,0.0,84.0,0.02104249311527618,0.01646153106969539,0.7142175002984362,0.5591978197713722,0.0005480500111652985,125.0,2.1876848796851487,26.427590308537162,0.9584828899564203,,,,,,0.0
2026-02-12 12:00:00+00:00,0.9782213438044897,0.021778656097688136,0.0,0.0,2.0,0.9674519210381136,0.0,78.8,0.01920090228804354,0.016734120496805935,0.03753590175299548,0.5960466360996337,0.000549668339230432,125.0,2.173732496409982,27.95011736352237,0.9542676748738531,,,,,,0.0
2026-02-12 16:00:00+00:00,0.3610762203220839,0.6389237796140236,0.0,0.0,2.0,0.2820696291067679,0.0,78.4,0.019119836027641394,0.01648573291656719,0.13916201612188847,0.7559325640718365,0.0005459099978994478,125.0,2.158436314111854,29.561484119001964,0.9672143394422544,,,,,,0.0
2026-02-12 20:00:00+00:00,0.965675733459978,0.034324266443454356,0.0,0.0,2.0,0.9674519210381136,0.0,72.39999999999999,0.01714552103904593,0.016241591374473858,0.1907407407407391,0.6172668104037061,0.0005484535433646929,125.0,2.1431911249582827,30.23593147991118,0.986903586217197,,,,,,0.0
2026-02-13 00:00:00+00:00,0.7411864550738696,0.2588135448520117,0.0,0.0,2.0,0.9674519210381136,0.0,70.39999999999999,0.016279249134139227,0.015761090282418684,0.12864250177682984,0.7559606813011996,0.0005451784807799924,125.0,2.128571251968025,30.497067046614767,0.9917215182686421,,,,,,0.0
2026-02-13 04:00:00+00:00,0.7687319842381846,0.2312680156849423,0.0,0.0,2.0,0.9674519210381136,0.0,70.39999999999999,0.01634191044057304,0.01544125810626504,0.48508145707486633,0.6997817336715765,0.000544976369262805,125.0,2.114039733111238,30.852587627674048,0.9910809616775133,,,,,,0.0
2026-02-13 08:00:00+00:00,0.8602520766640379,0.13974792324993685,0.0,0.0,2.0,0.9674519210381136,0.0,69.6,0.016232343078367836,0.015281563331227458,0.12636773224629874,0.7095401217263622,0.0005485250491597205,125.0,2.0975821132409367,31.086430571848165,0.9956665016399089,,,,,,0.0
2026-02-13 12:00:00+00:00,0.09617006775972035,0.9038299321498966,0.0,0.0,2.0,0.2820696291067679,0.0,70.8,0.0168102504090135,0.017406661006910698,0.7563809919070359,0.7261811275527675,0.0005718394902717785,125.0,2.08216644979981,31.086430571848165,0.9888206932634763,,,,,,0.0
2026-02-13 16:00:00+00:00,0.9611853819801326,0.03881461792374887,0.0,0.0,2.0,0.9674519210381136,0.0,68.8,0.015567290337003239,0.01710183933851753,0.7569190420318874,0.6892608921820303,0.0005477671428087055,125.0,2.0651318468015027,30.399635648859324,0.9766581030436793,,,,,,0.0
2026-02-13 20:00:00+00:00,0.8756510640695481,0.1243489358428869,0.0,0.0,2.0,0.9674519210381136,0.0,68.8,0.015581162447488004,0.016617328575878387,0.6393090004705234,0.7367970089001863,0.0005443306651436702,125.0,2.0477676083159424,29.366494862485563,0.9718321055393514,,,,,,0.0
2026-02-14 00:00:00+00:00,0.9635526294318727,0.03644737047177191,0.0,0.0,2.0,0.9674519210381136,0.0,68.0,0.015532076146349367,0.016125937890539708,0.8653523183643631,0.7777525591041702,0.0005447312744766302,125.0,2.0304919864807873,28.372659565746815,0.975685900107695,,,,,,0.0
2026-02-14 04:00:00+00:00,0.9866773358397967,0.013322664061535561,0.0,0.0,2.0,0.9674519210381136,0.0,67.60000000000001,0.014988988436043762,0.015638014263212895,0.8400555121866559,0.6860703532592314,0.0005443661278430681,125.0,2.0124029261613314,27.67964595330292,0.9869371829539738,,,,,,0.0
2026-02-14 08:00:00+00:00,0.3671286404618538,0.6328713594748592,0.0,0.0,2.0,0.2820696291067679,0.0,67.60000000000001,0.015280490293077497,0.015954541879051754,0.7776974080771495,0.7571909979255971,0.0005527949096996638,125.0,1.9942589786538925,27.55855920238685,0.9977597417688684,,,,,,0.0
2026-02-14 12:00:00+00:00,0.9863867860850152,0.0136132138163461,0.0,0.0,2.0,0.9674519210381136,0.0,67.2,0.015106374038562903,0.015530483687974704,0.412388392857143,0.6903330771358596,0.0005440458734301002,125.0,1.975049778042998,27.55855920238685,0.9888734454884014,,,,,,0.0
2026-02-14 16:00:00+00:00,0.9949161871374246,0.005083812763083869,0.0,0.0,2.0,0.9674519210381136,0.0,66.4,0.01482861121589346,0.0150577582773745,0.6264395014986655,0.6339350449478209,0.0005439501240273238,125.0,1.9551251821196896,28.204681021871743,0.9742023133876082,,,,,,0.0
2026-02-14 20:00:00+00:00,0.9665888837273049,0.03341111617603618,0.0,0.0,2.0,0.9674519210381136,0.0,66.0,0.014826016945774175,0.01460070671944039,0.5386684599865534,0.6276370349453301,0.0005437049433598578,125.0,1.9344183352906181,29.32949336967211,0.981149049536968,,,,,,0.0
2026-02-15 00:00:00+00:00,0.8728013933620156,0.12719860655070434,0.0,0.0,2.0,0.9674519210381136,0.0,66.4,0.014954560880324458,0.01452029521634447,0.023659493520392996,0.6151139395454936,0.000545290160837136,125.0,1.912493920674603,29.32949336967211,0.9907937288279255,,,,,,0.0
2026-02-15 04:00:00+00:00,0.6251556550105365,0.3748443449269479,0.0,0.0,2.0,0.9674519210381136,0.0,67.2,0.015148963034261914,0.014591392349995798,0.10257787325456451,0.6939647599953058,0.0005489377856505699,125.0,1.8887732276889821,28.7950992875664,0.9769447513752326,,,,,,0.0
2026-02-15 08:00:00+00:00,0.8612676371364801,0.13873236277739306,0.0,0.0,2.0,0.9674519210381136,0.0,65.60000000000001,0.014880143404017296,0.014572002854395659,0.27544715447154944,0.8107060083091282,0.0005454399450802146,125.0,1.8621883413642388,27.792797686308464,0.9699043375674028,,,,,,0.0
2026-02-15 12:00:00+00:00,0.33792559846990095,0.6620744014638916,0.0,0.0,2.0,0.2820696291067679,0.0,67.2,0.01526028078965239,0.015390127938464185,0.5425232328921445,0.6270788236850199,0.0005511458103931126,125.0,1.831567964973538,26.747450159901128,0.9698736499325761,,,,,,0.0
2026-02-15 16:00:00+00:00,0.09185068358486442,0.9081493163243207,0.0,0.0,2.0,0.2820696291067679,0.0,68.8,0.016042003764109573,0.01720497635862758,0.6894475243739258,0.7222329833473362,0.0005600214206234893,125.0,1.8208913953594221,25.81727713016058,0.9737939298799749,,,,,,0.0
2026-02-15 20:00:00+00:00,0.5181804638582383,0.4818195360899436,0.0,0.0,2.0,0.9674519210381136,0.0,68.4,0.016005716163780003,0.01695690209604108,0.4491755577109617,0.6518000289758359,0.0005470409461080282,125.0,1.7961023196897783,25.089993281795763,0.9798559635622075,,,,,,0.0
2026-02-16 00:00:00+00:00,0.9328342275037491,0.0671657724029675,0.0,0.0,2.0,0.9674519210381136,0.0,68.0,0.015977635543498587,0.016468785631684076,0.7321723795877881,0.7017071325699664,0.0005429140336023835,125.0,1.773455709474804,24.582142617626985,0.9865189089306818,,,,,,0.0
2026-02-16 04:00:00+00:00,0.9116759282066974,0.08832407170213505,0.0,0.0,2.0,0.9674519210381136,0.0,67.60000000000001,0.015845294876359127,0.016041807385176875,0.5531202435312034,0.7519124563670359,0.0005443151550440542,125.0,1.7567544626175646,24.285074219570056,0.992308320218572,,,,,,0.0
2026-02-16 08:00:00+00:00,0.5885486604893794,0.41145133945176565,0.0,0.0,2.0,0.9674519210381136,0.0,67.2,0.015624722217765915,0.015565645683524384,0.29605263157894673,0.7947872670588935,0.0005432668785981328,125.0,1.7339010658609535,24.13121301934676,0.9944689669588256,,,,,,0.0
2026-02-16 12:00:00+00:00,0.43488275085879785,0.5651172490846904,0.0,0.0,2.0,0.2820696291067679,0.0,65.60000000000001,0.01546154218637659,0.015286287549431425,0.20956521739130488,0.7971487650547313,0.0005433452936091364,125.0,1.710353520626525,23.958408103590443,0.9956355492353985,,,,,,0.0
2026-02-16 16:00:00+00:00,0.9804972045970676,0.019502795304882803,0.0,0.0,2.0,0.9674519210381136,0.0,61.6,0.014552138942044705,0.014984765062345513,0.12652146060217626,0.8312974941069522,0.0005450157901864436,125.0,1.687573064198098,23.958408103590443,0.9951244971336608,,,,,,0.0
2026-02-16 20:00:00+00:00,0.9321843761666817,0.06781562374009996,0.0,0.0,2.0,0.9674519210381136,0.0,61.6,0.014605277610493766,0.01482646589197762,0.5037498411084271,0.6980365090369915,0.0005462876070906716,125.0,1.6633191001069971,24.158458548170184,0.9907456087253158,,,,,,0.0
2026-02-17 00:00:00+00:00,0.930240178771768,0.06975982113520797,0.0,0.0,2.0,0.9674519210381136,0.0,60.8,0.014347626675938594,0.014456287655855727,0.18760320081290802,0.6530406535921655,0.0005425125742121931,125.0,1.637644610006335,24.243760192643983,0.9953621197907542,,,,,,0.0
2026-02-17 04:00:00+00:00,0.9032671467279418,0.09673285318173137,0.0,0.0,2.0,0.9674519210381136,0.0,60.0,0.013678083388227801,0.014015891765735004,0.13154326010306275,0.6529431390074854,0.0005424001703465459,125.0,1.6090295495567628,24.243760192643983,0.9881604481897118,,,,,,0.0
2026-02-17 08:00:00+00:00,0.989995827063655,0.010004172837345579,0.0,0.0,2.0,0.9674519210381136,0.0,60.4,0.01373822131014265,0.0137564784167543,0.16715624562875722,0.5190514264420162,0.0005425757564169858,125.0,1.5782748616624898,23.75111664326691,0.9832705322865197,,,,,,0.0
2026-02-17 12:00:00+00:00,0.9770346812901235,0.02296531861217313,0.0,0.0,2.0,0.9674519210381136,0.0,59.199999999999996,0.013645914286107138,0.01333740211846999,0.10669144981412197,0.5905931030892214,0.000542149165526976,125.0,1.5458859441633446,23.270333347598143,0.9840351870148483,,,,,,0.0
2026-02-17 16:00:00+00:00,0.7906840198854141,0.20931598003551743,0.0,0.0,2.0,0.9674519210381136,0.0,60.4,0.013853486198461903,0.013440717134980665,0.0008404773911574133,0.5918229024276108,0.0005474234512818237,125.0,1.5166899901121802,22.840928747134576,0.9840501333972924,,,,,,0.0
2026-02-17 20:00:00+00:00,0.9783148660598497,0.021685133842318825,0.0,0.0,2.0,0.9674519210381136,0.0,60.4,0.013855471737942335,0.01305660906746788,0.10792171481826568,0.6323184498031217,0.0005417873662638809,125.0,1.4880430063636236,22.378591865408282,0.983189514033143,,,,,,0.0
2026-02-18 00:00:00+00:00,0.8731562829035634,0.12684371700912092,0.0,0.0,2.0,0.9674519210381136,0.0,59.599999999999994,0.013828288333541619,0.012674785436498737,0.18713848247703382,0.7160242883589958,0.0005422558651762148,125.0,1.4563320772275667,21.919401544195008,0.9838140209958546,,,,,,0.0
2026-02-18 04:00:00+00:00,0.8640968902500425,0.1359031096635477,0.0,0.0,2.0,0.9674519210381136,0.0,57.599999999999994,0.013105572450862567,0.012561764040468267,0.7893396976929228,0.6652495704850812,0.0005447787995530162,125.0,1.4235810450698112,21.509358307748233,0.9847772845232511,,,,,,0.0
2026-02-18 08:00:00+00:00,0.22279210308163833,0.777207896840641,0.0,0.0,2.0,0.2820696291067679,0.0,57.599999999999994,0.013439664862383295,0.012995889452624055,0.12585170340681343,0.7275375002695693,0.0005453270376569991,125.0,1.3941526015786827,21.117207177967007,0.9855102484477173,,,,,,0.0
2026-02-18 12:00:00+00:00,0.8504710568731563,0.14952894304179665,0.0,0.0,2.0,0.9674519210381136,0.0,57.199999999999996,0.01328741209477567,0.01261154725301356,0.1710067114093966,0.6900266605961578,0.0005419366888748438,125.0,1.3587294462686352,20.759712848002426,0.9876111583114491,,,,,,0.0
2026-02-18 16:00:00+00:00,0.4437355471489539,0.5562644527954196,0.0,0.0,2.0,0.2820696291067679,0.0,57.599999999999994,0.013645831951459074,0.013442620405907178,0.45160717456934985,0.7456176401843689,0.0005475606023273059,125.0,1.318442971722721,20.488316412413386,0.9910605578268467,,,,,,0.0
2026-02-18 20:00:00+00:00,0.5031857983900114,0.49681420155967,0.0,0.0,2.0,0.9674519210381136,0.0,57.99999999999999,0.013668451513630869,0.013168079086113895,0.3356209150326789,0.7886220216843635,0.0005432264577787588,125.0,1.2718474254291283,20.313871096070887,0.99525296281156,,,,,,0.0
2026-02-19 00:00:00+00:00,0.8352130623746434,0.16478693754183518,0.0,0.0,2.0,0.9674519210381136,0.0,56.8,0.013552471673521803,0.012930300974670718,0.3915560095335376,0.7274915731214318,0.0005433440142068957,125.0,1.2281914541693468,20.279750758993437,0.9989488307295465,,,,,,0.0
2026-02-19 04:00:00+00:00,0.8084764859208853,0.19152351399826711,0.0,0.0,2.0,0.9674519210381136,0.0,56.8,0.01357269772480745,0.012593100103130455,0.006991454888468344,0.7644378166196099,0.0005420484534566035,125.0,1.1835688813251004,20.279750758993437,0.999559964865358,,,,,,0.0
2026-02-19 08:00:00+00:00,0.8548322379583007,0.14516776195621606,0.0,0.0,2.0,0.9674519210381136,0.0,58.4,0.013704309569450922,0.012849406363973024,0.3042592906838616,0.8016321476537331,0.0005438422540670747,125.0,1.1387541099940548,20.279750758993437,0.9994183413723677,,,,,,0.0
2026-02-19 12:00:00+00:00,0.5538163778658339,0.4461836220787844,0.0,0.0,2.0,0.9674519210381136,0.0,55.60000000000001,0.013463430972472558,0.0128075307862615,0.1513144276547289,0.7184186080053425,0.0005422201531254987,125.0,1.1061038770316038,20.27616451391866,0.9994467450003479,,,,,,0.0
2026-02-19 16:00:00+00:00,0.9296660777489345,0.07033392215809876,0.0,0.0,2.0,0.9674519210381136,0.0,54.800000000000004,0.013389688551453883,0.012560903831947436,0.15143359900631298,0.7094854702905136,0.0005426269572774659,125.0,1.0593311205342646,20.27616451391866,0.9984839049082703,,,,,,0.0
2026-02-19 20:00:00+00:00,0.9627613361700961,0.037238663733627844,0.0,0.0,2.0,0.9674519210381136,0.0,54.0,0.013279894703525898,0.012219992832651747,0.2612244897959185,0.6555560857393676,0.0005413995892915789,125.0,1.0032907679557264,20.296674792375832,0.9989230059181342,,,,,,0.0
2026-02-20 00:00:00+00:00,0.9091627830705354,0.09083721683854828,0.0,0.0,2.0,0.9674519210381136,0.0,54.0,0.013281424071612608,0.011870932643318467,0.3167613636363643,0.638784897025852,0.0005411611052955735,125.0,0.9624249364426488,20.296674792375832,0.9942084640797371,,,,,,0.0
2026-02-20 04:00:00+00:00,0.7190411506299438,0.2809588492981521,0.0,0.0,2.0,0.9674519210381136,0.0,53.2,0.013209827760543328,0.011530547177044067,0.18895599654874956,0.6523572357586886,0.0005410673393938434,125.0,0.9050607579960932,20.06602889004438,0.9885977211637077,,,,,,0.0
2026-02-20 08:00:00+00:00,0.8629165911093806,0.1370834088043278,0.0,0.0,2.0,0.9674519210381136,0.0,52.800000000000004,0.013136156254209183,0.011378582518511003,0.34203350214257683,0.6745576529589662,0.000541113117091604,125.0,0.8453340039765855,19.739849793653896,0.9890148152989512,,,,,,0.0
2026-02-20 12:00:00+00:00,0.867681789328538,0.13231821058469384,0.0,0.0,2.0,0.9674519210381136,0.0,48.4,0.011856344728818092,0.011321687958744508,0.4041277121185365,0.7081533823218774,0.0005433919809322649,125.0,0.7830995252641131,19.53866033801164,0.9932299222860431,,,,,,0.0
2026-02-20 16:00:00+00:00,0.7523883676447852,0.24761163227997593,0.0,0.0,2.0,0.9674519210381136,0.0,45.6,0.011701116091561789,0.010976804232241372,0.30153531218014423,0.8293242302375372,0.0005407265603008271,125.0,0.7145099404298999,19.418801747472862,0.995814307902191,,,,,,0.0
2026-02-20 20:00:00+00:00,0.934493196484171,0.06550680342237983,0.0,0.0,2.0,0.9674519210381136,0.0,45.6,0.011701811276344254,0.010660417681368389,0.2878313504487582,0.6965323136257335,0.0005411861780385772,125.0,0.6445592250603771,19.360971692694786,0.9982953140067945,,,,,,0.0
2026-02-21 00:00:00+00:00,0.9735364469192913,0.02646355298335495,0.0,0.0,2.0,0.9674519210381136,0.0,45.2,0.01170158106280077,0.01040426881309892,0.026214340786432852,0.712558763272943,0.0005411089606278477,125.0,0.5699377513990674,19.360971692694786,0.9951032609853594,,,,,,0.0
2026-02-21 04:00:00+00:00,0.9939878549265615,0.006012144974039737,0.0,0.0,2.0,0.9674519210381136,0.0,46.0,0.011704843453555252,0.010097961367390896,0.4971576227390236,0.749234699653531,0.0005417571470740506,125.0,0.49530863865615105,19.551888689527672,0.9876421257060024,,,,,,0.0
2026-02-21 08:00:00+00:00,0.895790034991444,0.10420996491897688,0.0,0.0,2.0,0.9674519210381136,0.0,42.4,0.011289054427095782,0.009949518882516951,0.40416411512554185,0.7760541392057403,0.0005435701496875659,125.0,0.4096807601545274,19.943435138268455,0.9865303661944331,,,,,,0.0
2026-02-21 12:00:00+00:00,0.9897484972082173,0.010251502692807843,0.0,0.0,2.0,0.9674519210381136,0.0,42.4,0.011317489694777999,0.009738183707513755,0.5582255083179297,0.7931113763952958,0.0005447753537901632,125.0,0.3313200062620004,20.13351759860872,0.9945217331015971,,,,,,0.0
2026-02-21 16:00:00+00:00,0.9905348495240305,0.00946515037691591,0.0,0.0,2.0,0.9674519210381136,0.0,42.0,0.01131676588523552,0.009441675167020186,0.5065806451612931,0.7582828496730246,0.0005513264561446494,125.0,0.4624261384699625,20.13351759860872,0.9934797234247904,,,,,,0.0
2026-02-21 20:00:00+00:00,1.0257528151058074e-10,0.9999999997974247,0.0,0.0,2.0,0.978024444819357,0.0,42.4,0.011359321192762815,0.009338765824725058,0.3229095853161107,0.7628022757812523,0.0005612802602962775,125.0,0.8271871119260006,19.897897580010024,0.9908306017379311,,,,,,0.0
2026-02-22 00:00:00+00:00,0.5311247456247637,0.4688752543221238,0.0,0.0,2.0,0.9862489602386592,0.0,39.6,0.011206159314961025,0.009055535988947474,0.28242074927953803,0.8107255502037978,0.0005591082919024297,125.0,0.9618084654602089,19.68664285671699,0.993222767221367,,,,,,0.0
2026-02-22 04:00:00+00:00,0.4717502608888177,0.5282497390583574,0.0,0.0,2.0,0.978024444819357,0.0,36.8,0.010896901928140553,0.008781037393789225,0.04329608938547503,0.6603640971681219,0.0005575434011368168,125.0,1.077502105957949,19.679577372161198,0.9974185039571188,,,,,,0.0
2026-02-22 08:00:00+00:00,0.4218097388308962,0.5781902611112848,0.0,0.0,2.0,0.978024444819357,0.0,34.0,0.010717572379004735,0.008534529280959765,0.31746031746031855,0.5821348622350552,0.0005560686140720989,125.0,1.1741895025167195,19.679577372161198,0.9897159467180979,,,,,,0.0
2026-02-22 12:00:00+00:00,0.6402179617491364,0.3597820381868419,0.0,0.0,2.0,0.9862489602386592,0.0,20.8,0.010236227584765365,0.008933429286120498,0.7036736350720537,0.5691058943904279,0.0005581748643961579,125.0,1.3525341147457715,20.04940512719239,0.9810088196680025,,,,,,0.0
2026-02-22 16:00:00+00:00,0.7373367159099057,0.2626632840163607,0.0,0.0,2.0,0.9862489602386592,0.0,7.199999999999999,0.008722789593680799,0.008752100074017102,0.6706519287164464,0.5476884018780269,0.0005547096718306223,125.0,1.5191847501326643,20.60876733492767,0.9779200536052536,,,,,,0.0
2026-02-22 20:00:00+00:00,0.7587208776237983,0.2412791223003296,0.0,0.0,2.0,0.9862489602386592,0.0,6.800000000000001,0.00857877482736648,0.008670946802775577,0.29227010992845953,0.5942432605164509,0.000554735907776128,125.0,1.7268774163752587,21.163944033763723,0.9800572743341933,,,,,,0.0
2026-02-23 00:00:00+00:00,0.17953174208481856,0.8204682578331347,0.0,0.0,2.0,0.978024444819357,0.0,43.6,0.011555554055847263,0.014923047501208793,0.7498192335502533,0.533598299382787,0.0005936584629843194,125.0,1.9535852141954948,21.64032997833421,0.9814530108382364,,,,,,0.0
2026-02-23 04:00:00+00:00,0.40548431773798616,0.5945156822025622,0.0,0.0,2.0,0.978024444819357,0.0,44.0,0.011689114094802907,0.014783029676106823,0.5613818992316253,0.524245167076244,0.0005557285637615799,125.0,2.1482038028722057,22.147383540624155,0.9853277489471635,,,,,,0.0
2026-02-23 08:00:00+00:00,0.2211942978776958,0.7788057020444237,0.0,0.0,2.0,0.978024444819357,0.0,49.2,0.011969402072251114,0.014855202031510282,0.22101991481524036,0.6004361420194123,0.0005567227262897558,125.0,2.3186416954103333,22.20813582315122,0.9947070403253866,,,,,,0.0
2026-02-23 12:00:00+00:00,0.4648720165743963,0.5351279833720909,0.0,0.0,2.0,0.978024444819357,0.0,49.2,0.01197717401194468,0.01462358950574724,0.2621708553671695,0.5676328473696669,0.000552521693569747,125.0,2.465396205373842,22.20813582315122,0.9880959467175111,,,,,,0.0
2026-02-23 16:00:00+00:00,0.1242308053531942,0.875769194559229,0.0,0.0,2.0,0.978024444819357,0.0,51.6,0.01225496210805114,0.015046513219286019,0.48537054860442697,0.6837293616324229,0.0005566449180761043,125.0,2.554338199883539,22.196726757207692,0.9911354035780051,,,,,,0.0
2026-02-23 20:00:00+00:00,0.49750484079068263,0.502495159159068,0.0,0.0,2.0,0.978024444819357,0.0,49.2,0.012068717984266057,0.014588411912611638,0.04866115114313694,0.5556334268686905,0.0005504303371029073,125.0,2.6084939185901876,22.196726757207692,0.9728959764543134,,,,,,0.0
2026-02-24 00:00:00+00:00,0.8163567463094312,0.18364325360893308,0.0,0.0,2.0,0.9862489602386592,0.0,50.0,0.012181399662674949,0.014514802304145523,0.4676043956043961,0.585426611125427,0.0005522420577706583,125.0,2.6384935603522415,23.230715655745023,0.9736173838043655,,,,,,0.0
2026-02-24 04:00:00+00:00,0.8010979619873824,0.1989020379325078,0.0,0.0,2.0,0.9862489602386592,0.0,49.6,0.012179840411877755,0.014098007186222518,1.0,0.6704758179383267,0.0005497318871591507,125.0,2.6527255840416886,23.640181458536254,0.9891358177622754,,,,,,0.0
2026-02-24 08:00:00+00:00,0.7468221560669668,0.25317784385835107,0.0,0.0,2.0,0.9862489602386592,0.0,49.2,0.012139103640073019,0.013669336836935607,0.9688202247191039,0.622129481443296,0.0005494481829085407,125.0,2.6601340622992766,23.847018556403654,0.9938162070350505,,,,,,0.0
2026-02-24 12:00:00+00:00,0.7922445510885603,0.2077554488322152,0.0,0.0,2.0,0.9862489602386592,0.0,51.6,0.012301964394429255,0.013535686451331498,0.1836274877957237,0.6683847694509325,0.0005516798794768477,125.0,2.660307955040873,23.898084790388484,0.9973451260608553,,,,,,0.0
2026-02-24 16:00:00+00:00,0.7655658337417939,0.23443416618164958,0.0,0.0,2.0,0.9862489602386592,0.0,47.199999999999996,0.012045040996090474,0.013141334279810226,0.06768218798684608,0.6172040613821064,0.0005492573769781222,125.0,2.670642291522349,23.999769103256682,0.9973649030891278,,,,,,0.0
2026-02-24 20:00:00+00:00,0.8153812780753166,0.1846187218431452,0.0,0.0,2.0,0.9862489602386592,0.0,46.800000000000004,0.012044920341245827,0.012741148053491167,0.5977454761198451,0.5739745072297432,0.0005487586153636038,125.0,2.66774064320473,24.050007762635083,0.9807886776189274,,,,,,0.0
2026-02-25 00:00:00+00:00,0.8179164189193245,0.1820835809988838,0.0,0.0,2.0,0.9862489602386592,0.0,52.0,0.012927052095292059,0.014237789682098047,0.9884916748285987,0.588588997637748,0.0005633913425850011,125.0,2.6672906162583296,24.955625249347783,0.9633533871813558,,,,,,0.0
2026-02-25 04:00:00+00:00,0.9170781643980165,0.08292183551027574,0.0,0.0,2.0,0.9862489602386592,0.0,51.6,0.01282093299706561,0.013905851123504408,0.7117213377497591,0.5152366403375255,0.0005489961706474298,125.0,2.657813377692081,26.289371846023872,0.9613410674998873,,,,,,0.0
2026-02-25 08:00:00+00:00,0.8789240366349379,0.12107596327716963,0.0,0.0,2.0,0.9862489602386592,0.0,51.6,0.012852530506717426,0.014128982953527491,0.7452072905845689,0.5562045566528419,0.0005533918232876017,125.0,2.6466001131667274,27.436881117414327,0.9691598297193,,,,,,0.0
2026-02-25 12:00:00+00:00,0.42279638208209863,0.577203617860181,0.0,0.0,2.0,0.978024444819357,0.0,61.6,0.014617744526064517,0.017503895813195995,0.8567027830890163,0.6004107336135079,0.0005818602064711946,125.0,2.6521718754345778,28.351803695613267,0.9701498268958892,,,,,,0.0
2026-02-25 16:00:00+00:00,0.4069294665342499,0.593070533406443,0.0,0.0,2.0,0.978024444819357,0.0,61.6,0.014763962139847257,0.018317669416094935,0.8938312879683616,0.6530281697532854,0.0005611886818644874,125.0,2.6448673766178996,29.51106312981483,0.9681762914146137,,,,,,0.0
2026-02-25 20:00:00+00:00,0.28621279140902317,0.7137872085195981,0.0,0.0,2.0,0.978024444819357,0.0,61.6,0.014785064011856546,0.017835255083843784,0.7379034226844383,0.6584974248209885,0.000548761593246457,125.0,2.633617540603134,30.651737657105947,0.978794076789893,,,,,,0.0
2026-02-26 00:00:00+00:00,0.35583375702757114,0.6441662429080122,0.0,0.0,2.0,0.978024444819357,0.0,60.8,0.0147474493610152,0.017296531993946918,0.824023777800553,0.7240180152374148,0.0005477386672890159,125.0,2.6200422326493706,30.87167715020959,0.9950115152114912,,,,,,0.0
2026-02-26 04:00:00+00:00,0.5045400051564378,0.4954599947931082,0.0,0.0,2.0,0.9862489602386592,0.0,60.4,0.01473570154309078,0.016769800516216397,0.7809430255402737,0.6848572828870753,0.0005473163085250374,125.0,2.601808390959505,30.92536887003429,0.9979205957075248,,,,,,0.0
2026-02-26 08:00:00+00:00,0.5031050690088145,0.49689493094087506,0.0,0.0,2.0,0.9862489602386592,0.0,58.8,0.014483283860675622,0.01626602281615415,0.5502332030757593,0.7466543648310086,0.000546893146152687,125.0,2.5780562873560213,30.92536887003429,0.9980006505293569,,,,,,0.0
2026-02-26 12:00:00+00:00,0.7515525567748083,0.24844744315003647,0.0,0.0,2.0,0.9862489602386592,0.0,58.4,0.014476464742137965,0.016034394510390983,0.8249728555917418,0.6637476205929604,0.0005491736116729286,125.0,2.5780181494248917,31.02123061898503,0.9974893802195207,,,,,,0.0
2026-02-26 16:00:00+00:00,0.41713291139710146,0.5828670885446119,0.0,0.0,2.0,0.978024444819357,0.0,57.99999999999999,0.014446954022583714,0.01555111078946712,0.7733408323959418,0.7300539461562199,0.0005464477337706878,125.0,2.558473409903923,31.116138542081607,0.9940856562817676,,,,,,0.0
2026-02-26 20:00:00+00:00,0.21470323390812251,0.7852967660133477,0.0,0.0,2.0,0.978024444819357,0.0,57.599999999999994,0.014442596407569548,0.01507989851819132,0.7663768115941944,0.708666089892408,0.0005463447243169195,125.0,2.5607188923596604,31.116138542081607,0.99485442508418,,,,,,0.0
2026-02-27 00:00:00+00:00,0.5610912015191042,0.4389087984247867,0.0,0.0,2.0,0.9862489602386592,0.0,58.8,0.014489406606888834,0.014776047779099154,0.1550387596899214,0.6955942464556282,0.0005474286556889108,125.0,2.5590976992671726,31.105179033530014,0.9831013363601643,,,,,,0.0
2026-02-27 04:00:00+00:00,0.5884766502383251,0.4115233497028273,0.0,0.0,2.0,0.9862489602386592,0.0,58.8,0.014531399922861147,0.014410084981238528,0.41265906461742136,0.7218691698737933,0.0005467069284313986,125.0,2.5475810702334076,30.21108018326779,0.9727794800709453,,,,,,0.0
2026-02-27 08:00:00+00:00,0.4918725242698393,0.508127475679348,0.0,0.0,2.0,0.978024444819357,0.0,65.60000000000001,0.015513986401713508,0.016449301301198198,0.6680986178558088,0.7512032852440611,0.0005665293464211162,125.0,2.5388882940217194,29.099569645528568,0.9707189776021039,,,,,,0.0
2026-02-27 12:00:00+00:00,0.7306195618560323,0.26938043807090567,0.0,0.0,2.0,0.9862489602386592,0.0,65.2,0.015466420655207128,0.01603640266650515,0.6966282543747332,0.7151473374264136,0.0005465398701950164,125.0,2.5290984168555912,28.122183532804566,0.9739701032240115,,,,,,0.0
2026-02-27 16:00:00+00:00,0.7024623929156105,0.2975376070141432,0.0,0.0,2.0,0.9862489602386592,0.0,66.8,0.015615720138401496,0.015929754559774266,0.7501230401462423,0.6768232643966526,0.0005488758857455447,125.0,2.5307231630529006,27.305482098041175,0.976751876936703,,,,,,0.0
2026-02-27 20:00:00+00:00,0.7128576604328676,0.28714233949584667,0.0,0.0,2.0,0.9862489602386592,0.0,67.2,0.0156273647760245,0.015482147766485255,0.8724236497668119,0.6549246435585511,0.0005461026398342587,125.0,2.5187831422843683,26.566416363519323,0.9775252575211272,,,,,,0.0
2026-02-28 00:00:00+00:00,0.7124303935665001,0.287569606362257,0.0,0.0,2.0,0.9862489602386592,0.0,66.4,0.01561602843926317,0.01502489462711433,0.8645042741871053,0.6926243490232306,0.0005456004805201931,125.0,2.506506247062579,25.84270215404412,0.9777039206354944,,,,,,0.0
2026-02-28 04:00:00+00:00,0.4114891898752755,0.5885108100658735,0.0,0.0,2.0,0.978024444819357,0.0,69.6,0.016288764016759216,0.01638288377750489,0.8490968947415248,0.7095576692162519,0.0005602092335698361,125.0,2.499473297524332,25.154544509643202,0.9797112813157003,,,,,,0.0
2026-02-28 08:00:00+00:00,0.78343504967352,0.21656495024813655,0.0,0.0,2.0,0.9862489602386592,0.0,68.8,0.016234093680840285,0.015888985619577804,0.8338557993730407,0.7021541221299202,0.000545410442393831,125.0,2.488073089507117,24.592628263629102,0.9855774294748479,,,,,,0.0
2026-02-28 12:00:00+00:00,0.6068074560468114,0.3931925438925079,0.0,0.0,2.0,0.9862489602386592,0.0,70.39999999999999,0.016502945529702766,0.0160847456778725,0.2017782616585012,0.7156170206905687,0.0005516980253272065,125.0,2.4796344482727317,24.412970510225342,0.9950100129538556,,,,,,0.0
2026-02-28 16:00:00+00:00,0.42118882288641596,0.578811177055703,0.0,0.0,2.0,0.978024444819357,0.0,71.2,0.01698613848688892,0.01675202550428664,0.11540002671296895,0.7224087414091342,0.0005561109533730403,125.0,2.4723291775702085,24.412970510225342,0.9925677528558552,,,,,,0.0
2026-02-28 20:00:00+00:00,0.48723794892816463,0.5127620510205592,0.0,0.0,2.0,0.978024444819357,0.0,71.2,0.017011440798892417,0.01639245694093354,0.24742712762679545,0.7053426376680731,0.0005466922358248813,125.0,2.4610754919443156,24.727028362473437,0.9911316754027629,,,,,,0.0
2026-03-01 00:00:00+00:00,0.1398246006423229,0.8601753992716596,0.0,0.0,2.0,0.978024444819357,0.0,74.8,0.017615122152236453,0.017459891527948346,0.9621114585249229,0.7412567220576353,0.0005598844140193096,125.0,2.450595683639696,24.946650891368908,0.9947611714631667,,,,,,0.0
2026-03-01 04:00:00+00:00,0.66758023130736,0.33241976862588196,0.0,0.0,2.0,0.9862489602386592,0.0,74.8,0.01766422827488148,0.017039724184195065,0.81799591002045,0.6852416314290383,0.0005459722146899143,125.0,2.438464239735814,24.946650891368908,0.9982195292457537,,,,,,0.0
2026-03-01 08:00:00+00:00,0.6027549765528988,0.39724502338682577,0.0,0.0,2.0,0.9862489602386592,0.0,74.8,0.017763596863104508,0.016780916441587454,0.5137993920972643,0.7316088608741228,0.0005471350481349421,125.0,2.4307025639863418,24.940749925834673,0.992437133240652,,,,,,0.0
2026-03-01 12:00:00+00:00,0.70797342628571,0.2920265736434927,0.0,0.0,2.0,0.9862489602386592,0.0,74.0,0.017644351819917397,0.016316417467826715,0.3677970120939054,0.7711944890427233,0.000545262582385963,125.0,2.4193444883625017,24.59946904109247,0.9869191767324632,,,,,,0.0
2026-03-01 16:00:00+00:00,0.626732855676454,0.37326714426087276,0.0,0.0,2.0,0.9862489602386592,0.0,74.8,0.01790526154839863,0.016556463720456563,0.07094161322983462,0.7993533041196067,0.0005509303033875763,125.0,2.4079707962559636,24.155862996523325,0.9882461306443662,,,,,,0.0
2026-03-01 20:00:00+00:00,0.7052091373993469,0.2947908625301322,0.0,0.0,2.0,0.9862489602386592,0.0,74.8,0.017905432176552716,0.01615412410796436,0.8070175438596493,0.805172267712473,0.0005453270932045935,125.0,2.3964035651012052,23.911651815886515,0.9948159053107342,,,,,,0.0
2026-03-02 00:00:00+00:00,0.6991614321360282,0.3008385677940557,0.0,0.0,2.0,0.9862489602386592,0.0,65.2,0.016241640299842267,0.016191928200758283,0.289685503277737,0.7105033773937336,0.0005492205888503685,125.0,2.3824494781902272,23.87620930794224,0.997232981452907,,,,,,0.0
2026-03-02 04:00:00+00:00,0.7243366256615963,0.2756633742659701,0.0,0.0,2.0,0.9862489602386592,0.0,66.8,0.016360032559803093,0.016174963966833912,0.32941637289463377,0.68799648560956,0.0005481912161316122,125.0,2.3685322254752608,23.757353385018167,0.9905541907666224,,,,,,0.0
2026-03-02 08:00:00+00:00,0.7812785761790327,0.21872142374283926,0.0,0.0,2.0,0.9862489602386592,0.0,63.6,0.016187873826256555,0.01570236371052045,0.36910044372730993,0.6785164239817343,0.0005443106542882752,125.0,2.3547233809869264,23.35394961731559,0.980629115556484,,,,,,0.0
2026-03-02 12:00:00+00:00,0.07846310989352241,0.9215368900143238,0.0,0.0,2.0,0.978024444819357,0.0,74.0,0.017809167876802003,0.01954102612079075,0.5065061808718285,0.6934727905642736,0.0005869183562309757,125.0,2.3439587098765884,22.66603017877371,0.9728716917391815,,,,,,0.0
2026-03-02 16:00:00+00:00,0.3367461790008953,0.6632538209327793,0.0,0.0,2.0,0.978024444819357,0.0,71.6,0.017466324496196527,0.018951637894740143,0.5969883326627974,0.7266503353538524,0.0005442698171450897,125.0,2.337643103365897,21.852321703198577,0.9705863847299475,,,,,,0.0
2026-03-02 20:00:00+00:00,0.3208284499122421,0.6791715500198409,0.0,0.0,2.0,0.978024444819357,0.0,72.0,0.01753050112337967,0.018471879231022375,0.35253265371137393,0.7695762870031698,0.0005450134748617321,125.0,2.3228894629684165,21.090643292445655,0.9731668660385285,,,,,,0.0
2026-03-03 00:00:00+00:00,0.4543447587796538,0.5456552411657808,0.0,0.0,2.0,0.978024444819357,0.0,70.8,0.01745723123611136,0.018057156041957945,0.46561723280861633,0.825057149826966,0.0005453449463504344,125.0,2.3095712025889084,20.465331818696768,0.9764584199626564,,,,,,0.0
2026-03-03 04:00:00+00:00,0.43214876850993206,0.5678512314332829,0.0,0.0,2.0,0.978024444819357,0.0,71.6,0.017484098933144197,0.017572924383768,0.3226896323285853,0.7759953937834045,0.0005444261403519995,125.0,2.300949465821341,19.90985865525237,0.9769606471387805,,,,,,0.0
2026-03-03 08:00:00+00:00,0.25153098339886115,0.7484690165262919,0.0,0.0,2.0,0.978024444819357,0.0,73.2,0.01775152574911286,0.01758596311944122,1.0,0.7696959252299358,0.0005488427565184511,125.0,2.2886476453522495,19.341981900934407,0.9755928214725759,,,,,,0.0
2026-03-03 12:00:00+00:00,0.6120206420529676,0.38797935788583043,0.0,0.0,2.0,0.9862489602386592,0.0,72.8,0.01769188893253876,0.01707938993225127,0.822910902047593,0.6962243770889195,0.0005438798016368634,125.0,2.2759575727943155,18.753955768714945,0.9752452789531751,,,,,,0.0
2026-03-03 16:00:00+00:00,0.7492531057155992,0.2507468942094755,0.0,0.0,2.0,0.9862489602386592,0.0,72.8,0.017724966008131768,0.016693340217115108,0.45335515548281297,0.7059940541092516,0.0005446765963745301,125.0,2.2616144437747776,18.20424943710475,0.9773052846005528,,,,,,0.0
2026-03-03 20:00:00+00:00,0.7818353209911945,0.21816467893062208,0.0,0.0,2.0,0.9862489602386592,0.0,72.8,0.017729987733632428,0.01618989271247451,0.3402686331314192,0.7667490627954242,0.0005433534928890188,125.0,2.245684246347648,17.7416068043546,0.9791114116032303,,,,,,0.0
2026-03-04 00:00:00+00:00,0.7625746391760964,0.23742536074764622,0.0,0.0,2.0,0.9862489602386592,0.0,68.0,0.017301430507614388,0.015938668272909018,0.41594777337374544,0.7557326620817677,0.0005452529228358319,125.0,2.2277476391598414,17.296235766000457,0.9782769055026793,,,,,,0.0
2026-03-04 04:00:00+00:00,0.6748935449869184,0.32510645494559215,0.0,0.0,2.0,0.9862489602386592,0.0,70.39999999999999,0.017603656931103048,0.016470646456481924,0.4717254212757147,0.7084346963394519,0.0005519133025925283,125.0,2.2181773336908384,16.821930410082707,0.9780407897550929,,,,,,0.0
2026-03-04 08:00:00+00:00,0.7312233815805242,0.2687766183463534,0.0,0.0,2.0,0.9862489602386592,0.0,73.6,0.01777801350146102,0.017005949336890844,0.6275238720023306,0.6461025168792747,0.0005521826548929495,125.0,2.204227866653451,16.390971973566565,0.9810752301578326,,,,,,0.0
2026-03-04 12:00:00+00:00,0.2611509654017465,0.7388490345243687,0.0,0.0,2.0,0.978024444819357,0.0,74.0,0.017824330238357958,0.01986927074110766,0.7626126544643674,0.6832880744756062,0.0005767502307445564,125.0,2.1926040218340734,16.06283906331487,0.9848258305197651,,,,,,0.0
2026-03-04 16:00:00+00:00,0.46594750210630786,0.5340524978402869,0.0,0.0,2.0,0.978024444819357,0.0,66.8,0.01741483628865873,0.019508000587298006,0.8138251160456657,0.7175910983537324,0.0005454217568971447,125.0,2.1800009654913826,15.794182959855867,0.9856362505517285,,,,,,0.0
2026-03-04 20:00:00+00:00,0.19215758952006085,0.8078424103991548,0.0,0.0,2.0,0.978024444819357,0.0,73.2,0.017788321172918214,0.019767900536445015,0.6223676828127923,0.688811031374874,0.0005527253399186866,125.0,2.165591991983394,15.507448871880289,0.9836817145282434,,,,,,0.0
2026-03-05 00:00:00+00:00,0.338040710364391,0.6619592895694131,0.0,0.0,2.0,0.978024444819357,0.0,73.2,0.017795380080572267,0.019182081880143177,0.4971283265377708,0.6849431374092464,0.0005432345015186468,125.0,2.1522650511566086,15.175481008714499,0.9805373624525465,,,,,,0.0
2026-03-05 04:00:00+00:00,0.2981639040979406,0.7018360958318758,0.0,0.0,2.0,0.978024444819357,0.0,74.0,0.01783514073451665,0.018676892886859888,0.2577658917918141,0.7251920106991792,0.0005437914785664943,125.0,2.136088880570908,14.78567141943325,0.9777660971442658,,,,,,0.0
2026-03-05 08:00:00+00:00,0.241825034445958,0.7581749654782245,0.0,0.0,2.0,0.978024444819357,0.0,74.8,0.017978425691486666,0.018492064769749,0.0951585976627712,0.7442225559594265,0.0005462407581343296,125.0,2.1198737075020677,14.370812649128439,0.9789739551143157,,,,,,0.0
2026-03-05 12:00:00+00:00,0.5500920546553384,0.4499079452896523,0.0,0.0,2.0,0.9862489602386592,0.0,75.2,0.01828427728253958,0.018867873762377186,0.5819434606220614,0.6714561019982962,0.0005526575058589514,125.0,2.1061714941474103,14.045804120756138,0.985023514629185,,,,,,0.0
2026-03-05 16:00:00+00:00,0.7640711895284992,0.23592881039509375,0.0,0.0,2.0,0.9862489602386592,0.0,75.2,0.018309794491204155,0.01835203490706724,0.4465001278881397,0.6625945318183853,0.0005432570895603523,125.0,2.0907570026935365,13.860140132340534,0.9919536410110336,,,,,,0.0
2026-03-05 20:00:00+00:00,0.7917399054092784,0.20826009451154764,0.0,0.0,2.0,0.9862489602386592,0.0,74.8,0.018308955911071456,0.01779376037364011,0.4195797943674576,0.6703201869485282,0.0005424706005238273,125.0,2.0759125574727673,13.782165105627643,0.9972753274100805,,,,,,0.0
2026-03-06 00:00:00+00:00,0.7661271949632226,0.2338728049601647,0.0,0.0,2.0,0.9862489602386592,0.0,74.0,0.018278154303358614,0.017297757227750003,0.19881195470577256,0.7011984691908141,0.0005426804462396803,125.0,2.0579100671500328,13.782165105627643,0.9960566308192775,,,,,,0.0
2026-03-06 04:00:00+00:00,0.7888707614173414,0.21112923850377152,0.0,0.0,2.0,0.9862489602386592,0.0,73.6,0.01824743028656823,0.016771287990225533,0.719785255990568,0.7453400332738984,0.00054213630730191,125.0,2.038287861998068,13.895952653122393,0.9893929983983869,,,,,,0.0
2026-03-06 08:00:00+00:00,0.7898973036015238,0.21010269631948647,0.0,0.0,2.0,0.9862489602386592,0.0,65.2,0.017529634774098794,0.016691001327098144,0.6276318078997689,0.783554668868289,0.000545873307827619,125.0,2.0180872414307722,14.136798899892703,0.9849222575186994,,,,,,0.0
2026-03-06 12:00:00+00:00,0.5183278487977397,0.4816721511504275,0.0,0.0,2.0,0.9862489602386592,0.0,75.2,0.01843258293185955,0.018494880310486735,0.8195311182324133,0.7380766977786614,0.0005641401081258247,125.0,2.0143110764439367,14.418040521095133,0.9852595215944705,,,,,,0.0
2026-03-06 16:00:00+00:00,0.7177507887697397,0.2822492111584851,0.0,0.0,2.0,0.9862489602386592,0.0,74.0,0.018293053366277918,0.017947280600188617,0.7275235313209971,0.6755603948700353,0.0005422186244673208,125.0,1.998461626272636,14.65627536813422,0.9876312667784005,,,,,,0.0
2026-03-06 20:00:00+00:00,0.7147704609386359,0.2852295389898869,0.0,0.0,2.0,0.9862489602386592,0.0,73.6,0.018290352430823147,0.017410917356398686,0.8962521294718923,0.6842530122532694,0.0005419674810737408,125.0,1.980805280825885,14.86133427988547,0.9885579314982309,,,,,,0.0
2026-03-07 00:00:00+00:00,0.778317767297128,0.22168223262504028,0.0,0.0,2.0,0.9862489602386592,0.0,72.8,0.018282988982867968,0.01688150520413948,0.8714661686051456,0.7756770457075413,0.0005417891732173727,125.0,1.962383501755005,15.072840998318515,0.9877773398401776,,,,,,0.0
2026-03-07 04:00:00+00:00,0.7534347577895585,0.246565242135098,0.0,0.0,2.0,0.9862489602386592,0.0,64.0,0.017601522683579958,0.016371572313860504,0.7615358706635248,0.7663091402363236,0.0005416901464052862,125.0,1.9424352763981343,15.312591632795305,0.9838422965024871,,,,,,0.0
2026-03-07 08:00:00+00:00,0.6802554378480418,0.3197445620839327,0.0,0.0,2.0,0.9862489602386592,0.0,63.6,0.017595589496822515,0.015886400450963633,0.5326923076923111,0.6873264023413257,0.0005416877458198074,125.0,1.927577155678927,15.676291550619563,0.974485439873414,,,,,,0.0
2026-03-07 12:00:00+00:00,0.0929518806778336,0.9070481192314617,0.0,0.0,2.0,0.978024444819357,0.0,60.0,0.01739671359361289,0.015428931695208517,0.10576486609169107,0.7203282754894289,0.0005415973856874553,125.0,1.907880432302199,16.287083856591217,0.9619789650161026,,,,,,0.0
2026-03-07 16:00:00+00:00,0.37182932692919635,0.6281706730079866,0.0,0.0,2.0,0.978024444819357,0.0,56.39999999999999,0.017111039576416708,0.015310022572167997,0.5455594002306837,0.717779953008259,0.0005440437204846272,125.0,1.886778068452005,17.192769593315813,0.9493546001350056,,,,,,0.0
2026-03-07 20:00:00+00:00,0.6253133732486178,0.3746866266888508,0.0,0.0,2.0,0.9862489602386592,0.0,56.00000000000001,0.017091097987595946,0.014951880219387382,0.19111111111111112,0.7605851069532688,0.000542108905432427,125.0,1.8633474981558475,18.42514533456243,0.9480089056381189,,,,,,0.0
2026-03-08 00:00:00+00:00,0.634314605141802,0.36568539479476647,0.0,0.0,2.0,0.9862489602386592,0.0,54.0,0.01652558509314709,0.01475526867180082,0.4759941481579989,0.7419964341836245,0.0005429480761462403,125.0,1.8389929941544252,19.53284275858453,0.961523242592194,,,,,,0.0
2026-03-08 04:00:00+00:00,0.7200351107076455,0.27996488922035107,0.0,0.0,2.0,0.9862489602386592,0.0,53.6,0.016503456947713272,0.014337326334316164,0.43310950413223065,0.7461831772480965,0.0005411028841446125,125.0,1.8146533069243487,20.238678831106444,0.9747465245832837,,,,,,0.0
2026-03-08 08:00:00+00:00,0.6567593006565619,0.3432406992777622,0.0,0.0,2.0,0.9862489602386592,0.0,52.800000000000004,0.016406657673725473,0.013908221010729348,0.40514905149051517,0.7411272341674882,0.000540672337116839,125.0,1.7862709144580404,20.777603289999817,0.9764963900854615,,,,,,0.0
2026-03-08 12:00:00+00:00,0.7446225966234631,0.25537740330207453,0.0,0.0,2.0,0.9862489602386592,0.0,52.400000000000006,0.016394395342904836,0.013524829112922724,0.2148095152924338,0.8248001617946953,0.0005407495327618357,125.0,1.7640417612103256,21.43520123092929,0.9731194373403745,,,,,,0.0
2026-03-08 16:00:00+00:00,0.7828718995368555,0.21712810038485725,0.0,0.0,2.0,0.9862489602386592,0.0,48.8,0.016196123174787854,0.013379789354727023,0.08273553323768616,0.82462389183284,0.0005423610677264571,125.0,1.7502552174260242,22.189994349450888,0.9751012183642582,,,,,,0.0
2026-03-08 20:00:00+00:00,0.5655099640480544,0.4344900358953946,0.0,0.0,2.0,0.9862489602386592,0.0,50.8,0.01630188734502145,0.013415765691034826,0.15345005149330673,0.7729481935413287,0.0005435166082507416,125.0,1.7317023255649224,22.781966788898778,0.9823983166486642,,,,,,0.0
2026-03-09 00:00:00+00:00,0.7220488425423524,0.2779511573854428,0.0,0.0,2.0,0.9862489602386592,0.0,52.800000000000004,0.016413656230675137,0.013966625913933694,0.2239928734039383,0.7810893615015237,0.0005474657755576481,125.0,1.7117371416460856,23.161474865280965,0.9880710980759578,,,,,,0.0
2026-03-09 04:00:00+00:00,0.7882788082905692,0.21172119163060293,0.0,0.0,2.0,0.9862489602386592,0.0,48.0,0.01622384792001048,0.013563562714827896,0.31461649782923395,0.7889089439331783,0.0005403791105195234,125.0,1.6895669830181195,23.456134822045534,0.9897147023588662,,,,,,0.0
2026-03-09 08:00:00+00:00,0.8336942645935862,0.1663057353230443,0.0,0.0,2.0,0.9862489602386592,0.0,48.0,0.016229110243388717,0.01319292062556862,0.47609427609427596,0.7872681281971692,0.0005403991289734041,125.0,1.6655437045020263,23.752435436962273,0.9872072920452335,,,,,,0.0
2026-03-09 12:00:00+00:00,0.7543144404310346,0.24568555949353407,0.0,0.0,2.0,0.9862489602386592,0.0,32.0,0.01442306816306977,0.013303342905394321,0.5167701863354036,0.7437255406032955,0.0005436391046288748,125.0,1.6416516592505388,24.19704925579192,0.9836063594363365,,,,,,0.0
2026-03-09 16:00:00+00:00,0.7437094194820837,0.25629058044354536,0.0,0.0,2.0,0.9862489602386592,0.0,32.800000000000004,0.014448407459969146,0.012969261341555394,1.0,0.7052679162397464,0.0005404028731373883,125.0,1.6171385882122074,24.724032854862138,0.9814275028458116,,,,,,0.0
2026-03-09 20:00:00+00:00,0.7340628484366079,0.2659371514899858,0.0,0.0,2.0,0.9862489602386592,0.0,35.6,0.014729660374972935,0.013501077929727915,0.16255442670537032,0.7969931979388575,0.0005466075108039158,125.0,1.5926818338017903,25.32215254799237,0.9794296821518579,,,,,,0.0
2026-03-10 00:00:00+00:00,0.8693891513502113,0.13061084856284982,0.0,0.0,2.0,0.9862489602386592,0.0,38.4,0.014887486972467388,0.013706144266500653,0.3458579642076266,0.8565361068426893,0.0005442820734045538,125.0,1.5644987333700957,26.000442195332283,0.9822241605396671,,,,,,0.0
2026-03-10 04:00:00+00:00,0.8453450932498434,0.154654906665622,0.0,0.0,2.0,0.9862489602386592,0.0,38.800000000000004,0.01496037079673912,0.013608165420459596,0.42005886998348707,0.8416237143043342,0.0005419750878113083,125.0,1.534493746356164,26.442562771176362,0.9753819365214534,,,,,,0.0
2026-03-10 08:00:00+00:00,0.8646953709337126,0.13530462897981793,0.0,0.0,2.0,0.9862489602386592,0.0,34.4,0.014687830720964596,0.013255890508543406,0.32744983764882096,0.8195832598458906,0.0005400152322522837,125.0,1.504835920090929,27.560503648547083,0.9624511845889531,,,,,,0.0
2026-03-10 12:00:00+00:00,0.760197432845474,0.2398025670785062,0.0,0.0,2.0,0.9862489602386592,0.0,34.4,0.014725181242993421,0.013020730368023413,0.3615743301983714,0.7060200591359146,0.0005406217846552315,125.0,1.4751043806241952,28.98072671801368,0.9730946037364844,,,,,,0.0
2026-03-10 16:00:00+00:00,0.5862061115924901,0.41379388834888925,0.0,0.0,2.0,0.9862489602386592,0.0,39.2,0.015060709951028569,0.013604233214026137,0.3384089496581717,0.7098240332965486,0.0005467400737367512,125.0,1.4498440737456546,28.98072671801368,0.9937168434806126,,,,,,0.0
2026-03-10 20:00:00+00:00,0.8073973432277749,0.19260265669148538,0.0,0.0,2.0,0.9862489602386592,0.0,38.800000000000004,0.015057083504124134,0.013189904616906835,0.10204507512521062,0.6644546863963796,0.0005393937612525793,125.0,1.4191682247726565,28.939799209001542,0.9859535068181878,,,,,,0.0
2026-03-11 00:00:00+00:00,0.7973663939084402,0.20263360601182318,0.0,0.0,2.0,0.9862489602386592,0.0,38.4,0.014994347874740955,0.012917682022918063,0.3433456561922362,0.6309539708763461,0.0005402222952481666,125.0,1.386782304595823,28.357817023456633,0.9827143348512418,,,,,,0.0
2026-03-11 04:00:00+00:00,0.8049331313634885,0.19506686855601807,0.0,0.0,2.0,0.9862489602386592,0.0,31.6,0.014581226442036561,0.012568384520362137,0.58205067487568,0.6620037512711658,0.0005394886295340687,125.0,1.3534629911877016,27.739788389574393,0.9856087392134191,,,,,,0.0
2026-03-11 08:00:00+00:00,0.7916104143472203,0.20838958557361856,0.0,0.0,2.0,0.9862489602386592,0.0,27.200000000000003,0.014095879315081713,0.012202856308429533,0.8517184035476687,0.6482421310403548,0.0005391524672168595,125.0,1.3183079666107789,27.38902621901036,0.9936513057675259,,,,,,0.0
2026-03-11 12:00:00+00:00,0.7694043259505179,0.2305956739725416,0.0,0.0,2.0,0.9862489602386592,0.0,17.2,0.012392783162401357,0.012439103255546344,0.21151968760169496,0.727977098876809,0.0005428065659602647,125.0,1.272784620760203,27.352678771712174,0.9982130752975608,,,,,,0.0
2026-03-11 16:00:00+00:00,0.7251514181219407,0.27484858180554417,0.0,0.0,2.0,0.9862489602386592,0.0,17.2,0.01239800771635864,0.012457977266927217,0.4552119129438697,0.7572395554491357,0.0005413734067817414,125.0,1.2333779954017299,27.322798723320172,0.9987827206348533,,,,,,0.0
2026-03-11 20:00:00+00:00,0.8462348675161572,0.15376513239921938,0.0,0.0,2.0,0.9862489602386592,0.0,10.4,0.01200789946925356,0.012413871639850848,0.31879995847606785,0.8098254074126069,0.0005412003461521867,125.0,1.1929513001792382,27.322798723320172,0.9847907426972108,,,,,,0.0
2026-03-12 00:00:00+00:00,0.8141238089325221,0.18587619098606542,0.0,0.0,2.0,0.9862489602386592,0.0,13.200000000000001,0.01217890314206527,0.012528281175840173,0.08972379481900843,0.8011255579101133,0.0005422049668086568,125.0,1.1526738393867988,28.186657433697988,0.9709137510499907,,,,,,0.0
2026-03-12 04:00:00+00:00,0.7888641136519507,0.21113588626916288,0.0,0.0,2.0,0.9862489602386592,0.0,15.2,0.012234283559005252,0.012331547054946164,0.17653449212384525,0.7492466547352091,0.0005397967885892934,125.0,1.1095921060862743,29.33113841565524,0.97782009504136,,,,,,0.0
2026-03-12 08:00:00+00:00,0.7776176117610765,0.22238238816116176,0.0,0.0,2.0,0.9862489602386592,0.0,12.0,0.012108176686610208,0.012242796491316682,0.10860982780344239,0.7822067771273411,0.0005403522951202301,125.0,1.0724509129684354,29.33113841565524,0.9936804015962606,,,,,,0.0
2026-03-12 12:00:00+00:00,0.8578613461034736,0.14213865381074023,0.0,0.0,2.0,0.9862489602386592,0.0,4.8,0.011567279454745873,0.011924586587057369,0.036429338802617506,0.7974767445324438,0.0005388321653081358,125.0,1.0259519095469511,29.286626740552812,0.9811915091575152,,,,,,0.0
2026-03-12 16:00:00+00:00,0.814914555942484,0.1850854439760245,0.0,0.0,2.0,0.9862489602386592,0.0,4.3999999999999995,0.011532263059862725,0.01156596121576814,0.21772401876080388,0.7649369702958767,0.0005385486377969488,125.0,0.9767345157286038,28.38904297617443,0.9739408779185303,,,,,,0.0
2026-03-12 20:00:00+00:00,0.8114865558896286,0.18851344402922263,0.0,0.0,2.0,0.9862489602386592,0.0,4.8,0.011535791154296763,0.011223445767773671,0.9011949349028006,0.8164367638022075,0.0005385128714534014,125.0,0.9330344368749743,27.474887912961798,0.9758382517528715,,,,,,0.0
2026-03-13 00:00:00+00:00,0.6262465777982068,0.37375342213916846,0.0,0.0,2.0,0.9862489602386592,0.0,9.2,0.011983507382415744,0.012095340623489544,0.9337320574162683,0.795927785781935,0.0005458094687805793,125.0,0.8782283901978638,26.763172328516937,0.9754146433807176,,,,,,0.0
2026-03-13 04:00:00+00:00,0.8482078435272694,0.15179215638790966,0.0,0.0,2.0,0.9862489602386592,0.0,11.200000000000001,0.012073512026724605,0.011939803219421636,0.45362354687113254,0.8177486734990903,0.0005400986918276292,125.0,0.8195310036727126,25.870213847773073,0.9693152787391343,,,,,,0.0
2026-03-13 08:00:00+00:00,0.7891811866645128,0.21081881325656912,0.0,0.0,2.0,0.9862489602386592,0.0,8.4,0.011913623024990692,0.011843998522589235,0.5239224137931012,0.7504500448394765,0.0005400800045884995,125.0,0.7573239042785025,24.824547383639704,0.9674212348037574,,,,,,0.0
2026-03-13 12:00:00+00:00,0.7636852291114978,0.2363147708121335,0.0,0.0,2.0,0.9862489602386592,0.0,1.6,0.010350173653841608,0.011511374829001966,0.6016905473662484,0.7298118212905956,0.0005387522496758439,125.0,0.69336757272529,23.88728529632725,0.9718126912485189,,,,,,0.0
2026-03-13 16:00:00+00:00,0.7305381768284628,0.2694618230984833,0.0,0.0,2.0,0.9862489602386592,0.0,2.0,0.010560903334906321,0.011538565291382025,0.24611223799864554,0.6953154739508622,0.000541419114200696,125.0,0.6259670494387586,23.175194365545366,0.9789495667216365,,,,,,0.0
2026-03-13 20:00:00+00:00,0.8235017243405773,0.17649827557707243,0.0,0.0,2.0,0.9862489602386592,0.0,2.4,0.01059236774957348,0.011256829179007881,0.3191032673503425,0.7736770055467097,0.0005396539336697053,125.0,0.5547152754494897,22.69586103237525,0.9835917997051097,,,,,,0.0
2026-03-14 00:00:00+00:00,0.544011144554643,0.4559888553909559,0.0,0.0,2.0,0.9862489602386592,0.0,2.8000000000000003,0.010601742801294244,0.010964376408325722,0.021079831361351657,0.7177734101258102,0.0005399130794401405,125.0,0.48284015486589826,22.262779746008565,0.9827278494971904,,,,,,0.0
2026-03-14 04:00:00+00:00,0.723368924833171,0.2766310750944922,0.0,0.0,2.0,0.9862489602386592,0.0,3.5999999999999996,0.010782947836030418,0.010987888114250105,0.57784826856992,0.679736267904958,0.0005430467235138259,125.0,0.40444652898092015,21.755971474245833,0.9823176253224131,,,,,,0.0
2026-03-14 08:00:00+00:00,0.600904465526548,0.3990955344133615,0.0,0.0,2.0,0.9862489602386592,0.0,4.0,0.010788882737567179,0.010661867128426197,0.751417115996133,0.6474951338031081,0.0005434034537488997,125.0,0.3529313685547192,21.320335632192137,0.9846151684411767,,,,,,0.0
2026-03-14 12:00:00+00:00,0.26940935059599763,0.7305906493309433,0.0,0.0,2.0,0.978024444819357,0.0,3.5999999999999996,0.01076390922047445,0.010337610666116995,0.5874869655891553,0.6973179071310178,0.0005508607731338732,125.0,0.5283895905615712,20.952618174713507,0.9845150769481037,,,,,,0.0
2026-03-14 16:00:00+00:00,0.999999999899988,1.1954370001030212e-14,0.0,0.0,2.0,0.9491409490179399,0.0,2.0,0.010520314137550552,0.010027752514250844,0.36955433149725503,0.6852183285132534,0.0005581097419684948,125.0,0.8753465247423506,20.52703428439935,0.9852504806929236,,,,,,0.0
2026-03-14 20:00:00+00:00,0.9999059513637927,9.404853621677643e-05,0.0,0.0,2.0,0.9491409490179399,0.0,2.4,0.010548278230879756,0.009975564456610464,0.09465679407644662,0.6720553204428944,0.000557792155313007,125.0,1.0252722438020718,20.251632396623908,0.9931145910445179,,,,,,0.0
2026-03-15 00:00:00+00:00,0.9998991675637453,0.00010083233626480657,0.0,0.0,2.0,0.9491409490179399,0.0,2.0,0.0103587447625931,0.009671675642318923,0.7155858930602946,0.6705776171925024,0.0005551316486794009,125.0,1.172640590779998,20.251632396623908,0.996928837029583,,,,,,0.0
2026-03-15 04:00:00+00:00,0.9999417447741289,5.8255125877034155e-05,0.0,0.0,2.0,0.9491409490179399,0.0,2.4,0.010363384085551628,0.009446449885984982,0.9938499384993905,0.6799056208078854,0.0005541595542935822,125.0,1.3428986579606967,20.29257806298658,0.9978060381692143,,,,,,0.0
2026-03-15 08:00:00+00:00,0.9999513237158129,4.8676184191962e-05,0.0,0.0,2.0,0.9491409490179399,0.0,2.8000000000000003,0.010371486120943171,0.00929412463530395,0.9955801104972416,0.7335313934651981,0.0005535966293980587,125.0,1.5789139349640997,20.29257806298658,0.9944568592111123,,,,,,0.0
2026-03-15 12:00:00+00:00,0.999733562243136,0.00026643765689063017,0.0,0.0,2.0,0.9491409490179399,0.0,4.0,0.010558205237793114,0.009492860359621512,0.24450307827616366,0.7514810105065768,0.0005546277532064431,125.0,1.8211110924159866,20.095226003000462,0.9893419587475814,,,,,,0.0
2026-03-15 16:00:00+00:00,0.9993810207833677,0.0006189791166942289,0.0,0.0,2.0,0.9491409490179399,0.0,3.5999999999999996,0.010526968043189009,0.009477096018140936,0.24868804664722985,0.7334244730758512,0.0005519074094375917,125.0,2.0531943434393964,19.773947315204364,0.9842833883624169,,,,,,0.0
2026-03-15 20:00:00+00:00,0.7610223196645122,0.23897768025938557,0.0,0.0,2.0,0.9491409490179399,0.0,8.0,0.0111268480746234,0.01184103566629908,0.6165795369678857,0.6405793789918309,0.0005639836220008248,125.0,2.230818013774396,19.338316257936604,0.9811634726213838,,,,,,0.0
2026-03-16 00:00:00+00:00,0.4383686956329773,0.5616313043108595,0.0,0.0,2.0,0.8086038554794838,0.0,10.4,0.011360490914390307,0.013130442539907453,0.7171349862258952,0.5474569460467257,0.0005595943870214567,125.0,2.4104233781222915,18.8820760483115,0.9809876937903402,,,,,,0.0
2026-03-16 04:00:00+00:00,0.6430439811084349,0.3569560188272607,0.0,0.0,2.0,0.9491409490179399,0.0,10.8,0.01136992412714605,0.012813114339271448,0.716619749406634,0.4936079722061365,0.0005494592641084531,125.0,2.5124496677750328,18.45866405446632,0.9808053008435053,,,,,,0.0
2026-03-16 08:00:00+00:00,0.7387968191142688,0.2612031808118515,0.0,0.0,2.0,0.9491409490179399,0.0,11.200000000000001,0.01140641650740974,0.01261786468890377,1.0,0.5192902833543935,0.0005496892778997876,125.0,2.5774587090160064,18.014606459465956,0.9792865923285246,,,,,,0.0
2026-03-16 12:00:00+00:00,0.9845051871620909,0.015494812739458564,0.0,0.0,2.0,0.9491409490179399,0.0,8.799999999999999,0.011253873039870615,0.012239670807095452,1.0,0.5368648425822177,0.0005484544048800776,125.0,2.6099297786848767,17.54519792599245,0.9816359022532148,,,,,,0.0
2026-03-16 16:00:00+00:00,0.9615384422050176,0.03846155769882847,0.0,0.0,2.0,0.9491409490179399,0.0,15.6,0.011759893607956162,0.01335529872667422,1.0,0.6269852158993173,0.0005571486566595608,125.0,2.631027622122711,17.36059504095432,0.9925146821611814,,,,,,0.0
2026-03-16 20:00:00+00:00,0.9996608316472875,0.00033916825274658076,0.0,0.0,2.0,0.9491409490179399,0.0,8.4,0.011198755132492922,0.013145683536494243,1.0,0.717116146686453,0.0005489912964544235,125.0,2.6382192758201914,17.36059504095432,0.9799550213551096,,,,,,0.0
2026-03-17 00:00:00+00:00,0.9979379736015143,0.0020620262986919785,0.0,0.0,2.0,0.9491409490179399,0.0,10.8,0.011347935267228455,0.013194562402596933,0.5205479452054825,0.7715548186326571,0.0005519757349516508,125.0,2.6421670415142797,18.031226591567762,0.9600882287136744,,,,,,0.0
2026-03-17 04:00:00+00:00,0.9986103497087316,0.0013896501914073703,0.0,0.0,2.0,0.9491409490179399,0.0,9.6,0.01126347283687802,0.012817945270853537,0.47090377113134174,0.7857719404599623,0.0005478286403106455,125.0,2.641563408008467,19.120512521891605,0.9462846574068398,,,,,,0.0
2026-03-17 08:00:00+00:00,0.9984357275354904,0.001564272364665993,0.0,0.0,2.0,0.9491409490179399,0.0,10.0,0.011270132040359006,0.012427905106358115,0.4428298596695192,0.7852648552315816,0.0005476836287791584,125.0,2.6387241299791357,20.554293165762704,0.9441113941502357,,,,,,0.0
2026-03-17 12:00:00+00:00,0.9969920697105111,0.003007930189789638,0.0,0.0,2.0,0.9491409490179399,0.0,10.8,0.011294305197626786,0.0121057423490548,0.20681725956986463,0.7026001317555276,0.0005481096959742568,125.0,2.635719087338253,21.93159963314085,0.9542917217411664,,,,,,0.0
2026-03-17 16:00:00+00:00,0.9998744731008609,0.00012552679915165378,0.0,0.0,2.0,0.9491409490179399,0.0,6.0,0.01068064025449265,0.011746209437589701,0.5746558418637538,0.6685902978875857,0.0005472686631145523,125.0,2.627793848945926,22.99103350319124,0.9680033533633249,,,,,,0.0
2026-03-17 20:00:00+00:00,0.9999252363677387,7.476353226883868e-05,0.0,0.0,2.0,0.9491409490179399,0.0,6.4,0.010688583415864216,0.011391815627583322,0.09940209267564772,0.6822419964732408,0.000547145569587062,125.0,2.617827554500272,23.71420702975157,0.9809722856259524,,,,,,0.0
2026-03-18 00:00:00+00:00,0.9999489979614121,5.100193859295937e-05,0.0,0.0,2.0,0.9491409490179399,0.0,6.0,0.010607280775866932,0.011310181370744205,0.3039981074047768,0.7524423021795357,0.0005480997246402311,125.0,2.611993405768832,24.069943057450452,0.9889653397933896,,,,,,0.0
2026-03-18 04:00:00+00:00,0.9999552912075472,4.470869245718557e-05,0.0,0.0,2.0,0.9491409490179399,0.0,7.6,0.010741347295069996,0.011229475530989791,0.1423681344328628,0.8009163114270542,0.0005486898568570116,125.0,2.6004020422890077,24.363237386332344,0.9856092763217499,,,,,,0.0
2026-03-18 08:00:00+00:00,0.9987834796920074,0.0012165202081142598,0.0,0.0,2.0,0.9491409490179399,0.0,15.2,0.011388515013580179,0.012057985243579305,0.4580670533870822,0.7473508791610375,0.0005545566517014959,125.0,2.5898599241409923,24.91845321337361,0.9799242650433124,,,,,,0.0
2026-03-18 12:00:00+00:00,0.4924673980484907,0.507532601900756,0.0,0.0,2.0,0.8086038554794838,0.0,28.000000000000004,0.01273573944524377,0.014755538451596332,0.7415573541724803,0.7602706254742251,0.0005699394791935766,125.0,2.5911607798310086,25.58869727720511,0.9796750490748571,,,,,,0.0
2026-03-18 16:00:00+00:00,0.7752481725355524,0.22475182738692273,0.0,0.0,2.0,0.9491409490179399,0.0,28.000000000000004,0.012615350532160226,0.01430681356201921,0.7396536212325678,0.75113295296822,0.0005466222204100588,125.0,2.5844425380549105,26.190662207454977,0.9843343324527358,,,,,,0.0
2026-03-18 20:00:00+00:00,0.40796856615295257,0.5920314337878443,0.0,0.0,2.0,0.8086038554794838,0.0,28.000000000000004,0.012485742126769329,0.014000891953621341,0.8015489431083682,0.6825173380147607,0.0005472529037367748,125.0,2.5735784326833677,26.58375644126334,0.9921962220464425,,,,,,0.0
2026-03-19 00:00:00+00:00,0.8680536433660211,0.1319463565471736,0.0,0.0,2.0,0.9491409490179399,0.0,26.0,0.012234198441859977,0.013610441477100079,0.6706628607675227,0.7206169832157672,0.0005464607852208008,125.0,2.5624331627934835,26.66335208633196,0.9984037161590682,,,,,,0.0
2026-03-19 04:00:00+00:00,0.5444561106817041,0.4555438892638503,0.0,0.0,2.0,0.9491409490179399,0.0,29.2,0.012687958233711815,0.014148865771951865,0.6644911147011304,0.8055290782456808,0.0005537818978734373,125.0,2.552813066996386,26.68175990768725,0.9874565816001417,,,,,,0.0
2026-03-19 08:00:00+00:00,0.9063428617704135,0.09365713813895225,0.0,0.0,2.0,0.9491409490179399,0.0,28.799999999999997,0.012602562898689414,0.013718082810483933,0.27502376748607865,0.8053388544757343,0.0005461033434604643,125.0,2.5456988960065807,27.38844775449572,0.9712617001344016,,,,,,0.0
2026-03-19 12:00:00+00:00,0.9965871618219654,0.003412838078375984,0.0,0.0,2.0,0.9491409490179399,0.0,32.0,0.01310993476794955,0.014405253331747466,0.5576365293776409,0.810550309926306,0.0005548374976161829,125.0,2.538370341517668,28.599594888588342,0.9627536741020343,,,,,,0.0
2026-03-19 16:00:00+00:00,0.9888249970458971,0.011175002855220391,0.0,0.0,2.0,0.9491409490179399,0.0,32.800000000000004,0.013196017569300325,0.014201625124926447,0.49174603174603204,0.7298918897694078,0.0005475577119826274,125.0,2.5321393489667905,30.001196489815158,0.9617284229169913,,,,,,0.0
2026-03-19 20:00:00+00:00,0.9967557387267386,0.003244261173585819,0.0,0.0,2.0,0.9491409490179399,0.0,33.2,0.01319998049595623,0.013774591626207576,0.6166293253671902,0.7333501955516134,0.0005458945656159947,125.0,2.5229188846774733,31.41237597974493,0.9754931016793834,,,,,,0.0
2026-03-20 00:00:00+00:00,0.9950671564689796,0.0049328434315136374,0.0,0.0,2.0,0.9491409490179399,0.0,30.4,0.0128176586769417,0.01344562719216478,0.17018633540372907,0.7423634056633728,0.0005461483997332969,125.0,2.511692384010798,31.41237597974493,0.9936379990986112,,,,,,0.0
2026-03-20 04:00:00+00:00,0.9989991821013268,0.0010008177987733005,0.0,0.0,2.0,0.9491409490179399,0.0,30.0,0.01272985817427555,0.013036422568798545,0.18823264201983703,0.64685654671575,0.0005454737992564821,125.0,2.499193736766896,31.289020834487644,0.9833858303477888,,,,,,0.0
2026-03-20 08:00:00+00:00,0.9985719649933947,0.0014280349067480565,0.0,0.0,2.0,0.9491409490179399,0.0,29.599999999999998,0.012657061912481284,0.012680358699505654,0.4617414248021153,0.6724341309453792,0.0005458055433452067,125.0,2.497432739172575,30.505591831707363,0.9820174967212024,,,,,,0.0
2026-03-20 12:00:00+00:00,0.9999429665063782,5.703339362761381e-05,0.0,0.0,2.0,0.9491409490179399,0.0,30.0,0.0126597421289359,0.012322357648422102,0.20187244002339852,0.6797766510777692,0.0005455554711073389,125.0,2.4884087190270474,29.94833518234542,0.9869822905316725,,,,,,0.0
2026-03-20 16:00:00+00:00,0.99995974015816,4.0259741844072156e-05,0.0,0.0,2.0,0.9491409490179399,0.0,28.799999999999997,0.012516896678285669,0.011947510130732433,0.1405166981726549,0.722440414798942,0.0005451376018929465,125.0,2.4778492899403517,29.553518331527137,0.9902979646717334,,,,,,0.0
2026-03-20 20:00:00+00:00,0.9999257037327038,7.429616730367755e-05,0.0,0.0,2.0,0.9491409490179399,0.0,29.2,0.012517016874061284,0.011678557412219218,0.16473616473616162,0.7371159708134712,0.0005453786292054702,125.0,2.4656409939711352,29.247151182268958,0.9947415566057597,,,,,,0.0
2026-03-21 00:00:00+00:00,0.9999467063877384,5.3293512267006334e-05,0.0,0.0,2.0,0.9491409490179399,0.0,28.799999999999997,0.012511444338856297,0.011353572029088575,0.0829112236736778,0.6890745369207899,0.0005448522721289905,125.0,2.452309894329716,29.247151182268958,0.9943362746918529,,,,,,0.0
2026-03-21 04:00:00+00:00,0.9998872855449377,0.00011271435507363085,0.0,0.0,2.0,0.9491409490179399,0.0,27.6,0.012368355839987097,0.011010023686891756,0.45894667975139436,0.5964360856807508,0.0005446530733384075,125.0,2.446425362744783,29.578963832359793,0.9869005894333578,,,,,,0.0
2026-03-21 08:00:00+00:00,0.9998324518221211,0.00016754807789558484,0.0,0.0,2.0,0.9491409490179399,0.0,27.6,0.012361323401080362,0.01067735805225347,0.922108575924452,0.5568785313653605,0.0005444890829120416,125.0,2.434726432508811,30.152763189546096,0.9868457994790134,,,,,,0.0
2026-03-21 12:00:00+00:00,0.9998944842990714,0.00010551560093929074,0.0,0.0,2.0,0.9491409490179399,0.0,28.000000000000004,0.012364969201412944,0.010355324940162466,0.8292774241856864,0.6304032680420563,0.0005443936582699939,125.0,2.4247037429750566,30.48842448722398,0.9943259986862809,,,,,,0.0
2026-03-21 16:00:00+00:00,0.9999415355043345,5.846439567124014e-05,0.0,0.0,2.0,0.9491409490179399,0.0,28.799999999999997,0.012369999091074403,0.010045895772229271,0.3639070875521129,0.7105794052605985,0.0005442915686326239,125.0,2.4162753621930606,30.48842448722398,0.993890910761869,,,,,,0.0
2026-03-21 20:00:00+00:00,0.9834713492935668,0.01652865060808609,0.0,0.0,2.0,0.9491409490179399,0.0,39.6,0.013293956321343774,0.012507477645152186,0.8933747412008202,0.7119019640160931,0.0005616862656035188,125.0,2.4045723112578345,30.1246149055642,0.990963766913647,,,,,,0.0
2026-03-22 00:00:00+00:00,0.8213908674461281,0.17860913247173285,0.0,0.0,2.0,0.9491409490179399,0.0,41.199999999999996,0.013472906761166515,0.012605101634832232,0.3967163039327957,0.7728420347017626,0.0005471598913674813,125.0,2.3986534255137277,29.92461615377616,0.9958070068535565,,,,,,0.0
2026-03-22 04:00:00+00:00,0.9166750660412064,0.08332493386712611,0.0,0.0,2.0,0.9491409490179399,0.0,41.6,0.013535891133623367,0.012441613768253786,0.519445576844678,0.7608795500151997,0.0005456550958149283,125.0,2.3874148973360647,29.92461615377616,0.9911681550702907,,,,,,0.0
2026-03-22 08:00:00+00:00,0.8967451623171125,0.10325483759321293,0.0,0.0,2.0,0.9491409490179399,0.0,42.8,0.013605202190298262,0.012384996640915424,0.5913188184717777,0.7579424274763786,0.0005461917669740183,125.0,2.3756239685935214,30.429490102458317,0.9871069784576583,,,,,,0.0
2026-03-22 12:00:00+00:00,0.9257163725341535,0.07428362737327479,0.0,0.0,2.0,0.9491409490179399,0.0,41.6,0.01351823423615291,0.012105174600383633,0.44910801167693526,0.7447140280970671,0.0005442726383361354,125.0,2.3617577364198112,30.852539555510162,0.9932486907592252,,,,,,0.0
2026-03-22 16:00:00+00:00,0.9054236657877335,0.09457633412172413,0.0,0.0,2.0,0.9491409490179399,0.0,41.6,0.013513256202510484,0.011971267622134848,0.20105372095210947,0.7931545404619487,0.0005452261618195115,125.0,2.3504270545066848,30.852539555510162,0.9914637475459134,,,,,,0.0
2026-03-22 20:00:00+00:00,0.9993350784436364,0.0006649214564300044,0.0,0.0,2.0,0.9491409490179399,0.0,31.6,0.012598679502395366,0.011657585071539786,0.6978015586832585,0.6834029338120333,0.0005437710071488745,125.0,2.3355136930389775,30.313677845366684,0.9872155764045699,,,,,,0.0
2026-03-23 00:00:00+00:00,0.9999150251176828,8.497478232577739e-05,0.0,0.0,2.0,0.9491409490179399,0.0,20.0,0.011831639446095782,0.011303513131322824,0.6136802973977651,0.6505307202829177,0.000543236822849843,125.0,2.3214845205585446,29.904869641143108,0.9929805678824399,,,,,,0.0
2026-03-23 04:00:00+00:00,0.9997713183430946,0.00022868155692831385,0.0,0.0,2.0,0.9491409490179399,0.0,20.0,0.011766987732830213,0.010999835354937518,0.4935672514619809,0.6335408124591423,0.0005432946312944157,125.0,2.306344690155226,29.836411124195156,0.9883960843436145,,,,,,0.0
2026-03-23 08:00:00+00:00,0.0203931557859781,0.9796068441160611,0.0,0.0,2.0,0.8086038554794838,0.0,45.2,0.01360611970406322,0.01502526509551643,0.4039673278879809,0.7189290476745044,0.0005739368531066613,125.0,2.288836118731152,29.143734119174496,0.9750397776904756,,,,,,0.0
2026-03-23 12:00:00+00:00,0.10763783598011295,0.8923621639306508,0.0,0.0,2.0,0.8086038554794838,0.0,44.800000000000004,0.013599396905799846,0.014585756739487686,0.5703471678412994,0.7366717861415406,0.0005432931829529201,125.0,2.294783169063288,28.075520173857043,0.965722732578352,,,,,,0.0
2026-03-23 16:00:00+00:00,0.18179188451910472,0.8182081153990745,0.0,0.0,2.0,0.8086038554794838,0.0,38.0,0.013120329620635819,0.014446818405198675,0.7638297872340483,0.6959428257969327,0.0005451340240259314,125.0,2.282083210291041,26.795568421769683,0.9605951728709496,,,,,,0.0
2026-03-23 20:00:00+00:00,0.7254710600815114,0.27452893984594146,0.0,0.0,2.0,0.9491409490179399,0.0,37.2,0.013002674419960997,0.014009285300152654,0.7497361676466217,0.7225522558000924,0.0005428890155097751,125.0,2.269952338548604,25.49003120694406,0.959933759352659,,,,,,0.0
2026-03-24 00:00:00+00:00,0.639140290604914,0.36085970933117206,0.0,0.0,2.0,0.9491409490179399,0.0,36.8,0.012876810439518868,0.013636404080440803,0.7147078377779473,0.707153001104031,0.0005432227142634408,125.0,2.258210629822121,24.291196643086813,0.9623691731574279,,,,,,0.0
2026-03-24 04:00:00+00:00,0.667766812401211,0.33223318753201225,0.0,0.0,2.0,0.9491409490179399,0.0,38.0,0.013009878552258729,0.013498562041344201,0.4407761366927379,0.6683336387600457,0.0005443915606880653,125.0,2.2443339908818993,23.247976068274706,0.9664709071637703,,,,,,0.0
2026-03-24 08:00:00+00:00,0.9999186620811675,8.133781884052828e-05,0.0,0.0,2.0,0.9491409490179399,0.0,38.4,0.013011747037297605,0.013087427767338846,0.5891669306303479,0.755062451883055,0.0005424782217123363,125.0,2.232784450204749,22.37973719869353,0.9736314681437073,,,,,,0.0
2026-03-24 12:00:00+00:00,0.9997346190632803,0.0002653808367462707,0.0,0.0,2.0,0.9491409490179399,0.0,40.400000000000006,0.013147594040167694,0.013159806570089763,0.28319105092728725,0.7221302634929248,0.0005459158458024008,125.0,2.2185091607311462,21.806137904682487,0.9861452001019653,,,,,,0.0
2026-03-24 16:00:00+00:00,0.9998726612071939,0.00012733869281895076,0.0,0.0,2.0,0.9491409490179399,0.0,40.8,0.013172110084959852,0.012929667421836094,0.41850746268656935,0.7082572350186944,0.0005435041700219612,125.0,2.2034516273201383,21.681072317540035,0.9951058994121634,,,,,,0.0
2026-03-24 20:00:00+00:00,0.9883488094107681,0.01165119049039703,0.0,0.0,2.0,0.9491409490179399,0.0,46.800000000000004,0.013550110976206571,0.01332276836234651,0.13239085978483062,0.720410062639456,0.0005474148228188041,125.0,2.1864518561210353,21.546322987600266,0.9891538543313162,,,,,,0.0
2026-03-25 00:00:00+00:00,0.9978630699275443,0.0021369299726693154,0.0,0.0,2.0,0.9491409490179399,0.0,44.4,0.013432277198167005,0.012919342380663458,0.07526170798897991,0.6418127379417733,0.0005418631015883368,125.0,2.16932832420847,21.134077433421997,0.9814333073045396,,,,,,0.0
2026-03-25 04:00:00+00:00,0.9987776283018726,0.001222371598249749,0.0,0.0,2.0,0.9491409490179399,0.0,44.4,0.013392229222260068,0.012545473718354112,0.010877447425672688,0.6124575690315499,0.0005417610358331279,125.0,2.1524561663920565,20.590180133888712,0.978458094875627,,,,,,0.0
2026-03-25 08:00:00+00:00,0.9950907977219773,0.004909202178513782,0.0,0.0,2.0,0.9491409490179399,0.0,40.400000000000006,0.013140565498935261,0.012397934622963768,0.5833524421004352,0.6109139490262567,0.0005429510358670489,125.0,2.1338883021084594,20.047579527414857,0.978799120268846,,,,,,0.0
2026-03-25 12:00:00+00:00,0.9983420790438073,0.0016579208563585318,0.0,0.0,2.0,0.9491409490179399,0.0,22.0,0.011969674523578607,0.01230472485370419,0.49475051412490395,0.581674266803527,0.0005433700180608879,125.0,2.1327875732225032,19.54863174780126,0.9811606591295089,,,,,,0.0
2026-03-25 16:00:00+00:00,0.9995513132907375,0.0004486866093074374,0.0,0.0,2.0,0.9491409490179399,0.0,23.200000000000003,0.011993444647024058,0.01198396149648228,0.260456273764258,0.5983584697370702,0.0005415903394433132,125.0,2.1172820992167365,19.145698364419523,0.9859137486070614,,,,,,0.0
2026-03-25 20:00:00+00:00,0.9998422713564614,0.00015772854355428287,0.0,0.0,2.0,0.9491409490179399,0.0,21.6,0.011929954923177466,0.011626508981798823,0.16243811881188036,0.5299338837997986,0.0005412481369119309,125.0,2.10665115483955,18.89193366136153,0.9910461645181936,,,,,,0.0
2026-03-26 00:00:00+00:00,0.9997478277461391,0.0002521721538861583,0.0,0.0,2.0,0.9491409490179399,0.0,22.0,0.011956497261959008,0.011414714850088629,0.1554717997038587,0.5115523029018313,0.0005420031359910578,125.0,2.090554376984445,18.73438512609891,0.9933717310115971,,,,,,0.0
2026-03-26 04:00:00+00:00,0.9988775532113768,0.001122446688735383,0.0,0.0,2.0,0.9491409490179399,0.0,19.6,0.011716982676738227,0.011581333088187266,0.7568873852102485,0.5191273987893058,0.0005442201041712469,125.0,2.073918344726861,18.58777081972149,0.9934249679406656,,,,,,0.0
2026-03-26 08:00:00+00:00,0.9961954713647985,0.003804528535581923,0.0,0.0,2.0,0.9491409490179399,0.0,32.0,0.012373120950378864,0.012942320362011565,0.8242180674471441,0.5181680124696467,0.0005524195960741212,125.0,2.0587343355911134,18.4350735341176,0.9933522712200515,,,,,,0.0
2026-03-26 12:00:00+00:00,0.998596299823654,0.0014037000764863966,0.0,0.0,2.0,0.9491409490179399,0.0,21.6,0.011900761151240185,0.012550509371483169,0.9605633802816919,0.6163623190049801,0.0005408499243424075,125.0,2.0477996843115616,18.287569283225356,0.9935457378184192,,,,,,0.0
2026-03-26 16:00:00+00:00,0.9992156725793347,0.0007843273207437044,0.0,0.0,2.0,0.9491409490179399,0.0,21.6,0.011865735100166806,0.012435895759615446,0.9662216503136576,0.6180332924556665,0.0005425349343117327,125.0,2.0322328880687253,18.145942421009305,0.9939560033244603,,,,,,0.0
2026-03-26 20:00:00+00:00,0.9962871405489389,0.003712859351432456,0.0,0.0,2.0,0.9491409490179399,0.0,22.400000000000002,0.01190826931854747,0.012132290030089818,0.776126878130216,0.7080397185153471,0.0005410860884324414,125.0,2.0149827769517676,18.018985016641906,0.9938348035031218,,,,,,0.0
2026-03-27 00:00:00+00:00,0.999225007606972,0.0007749922931055382,0.0,0.0,2.0,0.9491409490179399,0.0,21.2,0.011855940671832536,0.011763676432310952,0.6782037239868594,0.8385390074592677,0.0005404594562146217,125.0,1.9969677019783412,17.874114031836157,0.9933359311448657,,,,,,0.0
2026-03-27 04:00:00+00:00,0.999245175333115,0.0007548245669603759,0.0,0.0,2.0,0.9491409490179399,0.0,22.400000000000002,0.011865916533710138,0.01141781953300238,0.05839057899902166,0.788706522766122,0.0005403530890599428,125.0,1.9775158484498558,17.727228971583315,0.9956185082514842,,,,,,0.0
2026-03-27 08:00:00+00:00,0.8584125342979778,0.14158746561618088,0.0,0.0,2.0,0.9491409490179399,0.0,43.2,0.013090386387427834,0.014283675982285962,0.6985093058128258,0.8436702664545883,0.000563273829965474,125.0,1.9605734512130544,17.727228971583315,0.9971616163811972,,,,,,0.0
2026-03-27 12:00:00+00:00,0.9644091563078314,0.0355908435957276,0.0,0.0,2.0,0.9491409490179399,0.0,43.2,0.01309012436570062,0.013848545545643482,0.6281549173194093,0.8128334344163732,0.0005403076899407968,125.0,1.9541942103916599,17.81453955422549,0.9932495062396852,,,,,,0.0
2026-03-27 16:00:00+00:00,0.9739829658698831,0.026017034032718565,0.0,0.0,2.0,0.9491409490179399,0.0,44.0,0.013091599164154784,0.013426677500298351,0.8529156865172751,0.7885545233783877,0.000540185140352633,125.0,1.936767070758453,17.988554202517356,0.9944494538366292,,,,,,0.0
2026-03-27 20:00:00+00:00,0.9797853474822218,0.020214652419799715,0.0,0.0,2.0,0.9491409490179399,0.0,43.2,0.013040392015687397,0.013018629347019884,0.8524569872508965,0.7321662015349684,0.0005400864920419148,125.0,1.9188442710893894,18.04098644625551,0.9985011054313494,,,,,,0.0
2026-03-28 00:00:00+00:00,0.9866515596262431,0.013348440275091671,0.0,0.0,2.0,0.9491409490179399,0.0,43.2,0.013014674673927784,0.012629937438502714,0.9634634634634625,0.7429612643809156,0.0005400351916412803,125.0,1.900469702253999,18.04974800193593,0.9940230253351321,,,,,,0.0
2026-03-28 04:00:00+00:00,0.9366574450669543,0.06334255483938,0.0,0.0,2.0,0.9491409490179399,0.0,46.0,0.013116737539659725,0.012442424713187478,0.6767241379310351,0.6692435020374333,0.000541185693825051,125.0,1.8822299984257094,18.275011079198862,0.9766211255823168,,,,,,0.0
2026-03-28 08:00:00+00:00,0.9998779023614319,0.00012209753858012418,0.0,0.0,2.0,0.9491409490179399,0.0,46.400000000000006,0.013118005290831831,0.012119645874079906,0.19288561790862344,0.6338692837921425,0.0005401664110139462,125.0,1.861385706256533,19.050562599291677,0.9576490284369867,,,,,,0.0
2026-03-28 12:00:00+00:00,0.999754935799646,0.00024506410037840646,0.0,0.0,2.0,0.9491409490179399,0.0,51.6,0.013361198881928297,0.012283255111065379,0.5743166747533586,0.5761534203384404,0.0005430713979068306,125.0,1.8390033894436597,20.250812635376708,0.948432337512892,,,,,,0.0
2026-03-28 16:00:00+00:00,0.9998275687856247,0.00017243111439247733,0.0,0.0,2.0,0.9491409490179399,0.0,52.0,0.013363578746616495,0.011933239848736536,0.4182634730538947,0.6114209946878298,0.0005397471871038596,125.0,1.817587640114922,21.613660653096055,0.9455523407080577,,,,,,0.0
2026-03-28 20:00:00+00:00,0.9991789200481891,0.0008210798518929625,0.0,0.0,2.0,0.9491409490179399,0.0,37.6,0.012603609246358838,0.011998491410133368,0.06198856630422581,0.6715872086102384,0.0005423298533194536,125.0,1.7950627126858523,23.139107930607025,0.9474534923946868,,,,,,0.0
2026-03-29 00:00:00+00:00,0.9988010773868028,0.0011989225133171703,0.0,0.0,2.0,0.9491409490179399,0.0,35.199999999999996,0.012466595235173914,0.011810242373024542,0.047792444242148964,0.6909420065880785,0.0005404555797204699,125.0,1.7739087753481468,24.58834967368376,0.9554389542337942,,,,,,0.0
2026-03-29 04:00:00+00:00,0.9998260472589778,0.00017395264103960573,0.0,0.0,2.0,0.9491409490179399,0.0,35.199999999999996,0.01239918517126665,0.011467616441343607,0.10288657324230348,0.7908162557933085,0.0005393898385462476,125.0,1.7521532295210585,25.811563123315235,0.9603318250046902,,,,,,0.0
2026-03-29 08:00:00+00:00,0.9997869649638725,0.00021303493614866731,0.0,0.0,2.0,0.9491409490179399,0.0,32.0,0.012289022008062632,0.011121977108732393,0.4098476797732883,0.7532231658156278,0.0005391955415614343,125.0,1.7329105664903959,27.09816256312672,0.9655896879657441,,,,,,0.0
2026-03-29 12:00:00+00:00,0.9999480782644513,5.192163555389169e-05,0.0,0.0,2.0,0.9491409490179399,0.0,32.0,0.012258167184676845,0.010864954162128074,0.45412844036697153,0.7307444203210358,0.000539574881486318,125.0,1.7143952224315235,28.08024742347607,0.9798994547358176,,,,,,0.0
2026-03-29 16:00:00+00:00,0.9999173842995607,8.261560044762926e-05,0.0,0.0,2.0,0.9491409490179399,0.0,30.8,0.012188885376333943,0.010541484740162789,0.04079497907949623,0.809200225079059,0.0005389899916888647,125.0,1.6932885002711213,28.270503855094947,0.9950944882354873,,,,,,0.0
2026-03-29 20:00:00+00:00,0.9997954335316214,0.0002045663683990916,0.0,0.0,2.0,0.9491409490179399,0.0,31.2,0.012200890709559865,0.010319681805789424,0.8047016274864375,0.7783830432257497,0.0005393942004311683,125.0,1.671136773100667,28.270503855094947,0.9888391932981012,,,,,,0.0
2026-03-30 00:00:00+00:00,0.9866377743284662,0.013362225572870085,0.0,0.0,2.0,0.9491409490179399,0.0,44.0,0.01286645289360808,0.011814245754938156,0.376649491014202,0.7695719903930132,0.0005497208399506881,125.0,1.6529396974075607,27.69130957025134,0.9773995330987119,,,,,,0.0
2026-03-30 04:00:00+00:00,0.990135611718318,0.009864388182668509,0.0,0.0,2.0,0.9491409490179399,0.0,45.2,0.012979517509654438,0.011801125637679665,0.555225359088656,0.7390316578455935,0.0005409177359760776,125.0,1.6290964829975458,26.75782849005714,0.969556829504331,,,,,,0.0
2026-03-30 08:00:00+00:00,0.9942103253217355,0.005789674578843437,0.0,0.0,2.0,0.9491409490179399,0.0,9.6,0.011100236675603293,0.011525516919970608,0.7721021611001981,0.69455734361072,0.0005391347644347348,125.0,1.6035693808482736,25.70034128761609,0.9668878564210462,,,,,,0.0
2026-03-30 12:00:00+00:00,0.9984291301326841,0.0015708697674728836,0.0,0.0,2.0,0.9491409490179399,0.0,9.6,0.011099291050528495,0.011180030447834714,0.7715636077195763,0.7303712663868717,0.000538552875563772,125.0,1.5795830940984217,24.672595518846304,0.9675764891140353,,,,,,0.0
2026-03-30 16:00:00+00:00,0.4245097130448487,0.5754902868976022,0.0,0.0,2.0,0.8086038554794838,0.0,16.8,0.011519955253338427,0.012421002360530436,0.2790218241273902,0.7066370662354812,0.0005487283787129266,125.0,1.5505589301268663,23.739077482781617,0.9699974482654384,,,,,,0.0
2026-03-30 20:00:00+00:00,0.9232876655825654,0.07671233432510585,0.0,0.0,2.0,0.9491409490179399,0.0,17.2,0.011528974532840217,0.012048079281195357,0.10071630128065946,0.6658614969827974,0.0005384059812523751,125.0,1.5242863661557344,22.926421275257532,0.9734577491608911,,,,,,0.0
2026-03-31 00:00:00+00:00,0.9587883905434217,0.04121160936069932,0.0,0.0,2.0,0.9491409490179399,0.0,26.400000000000002,0.011963160017191948,0.012635275985118004,0.06645802650957504,0.684361253088774,0.0005447223710462157,125.0,1.497672057786026,22.247616829920098,0.9803944587186435,,,,,,0.0
2026-03-31 04:00:00+00:00,0.9801442982748422,0.01985570162714342,0.0,0.0,2.0,0.9491409490179399,0.0,22.400000000000002,0.011830276750619009,0.012318947193728358,0.1427776747635831,0.5884083793160891,0.0005386845695022134,125.0,1.4704491083157312,22.247616829920098,0.9917172626888512,,,,,,0.0
2026-03-31 08:00:00+00:00,0.9615041676480797,0.03849583225576982,0.0,0.0,2.0,0.9491409490179399,0.0,24.0,0.01186363295175493,0.012073647971739567,0.2772715873944666,0.5171985229376952,0.0005389629284497445,125.0,1.4410590187580419,22.26370795645426,0.9867680762431256,,,,,,0.0
2026-03-31 12:00:00+00:00,0.9132106429331058,0.08678935697557325,0.0,0.0,2.0,0.9491409490179399,0.0,21.6,0.01174845165734056,0.011815642862388846,0.3760777170613216,0.5435689142926777,0.0005386953310169425,125.0,1.4103233366969383,22.2968838352073,0.9935184005081759,,,,,,0.0
2026-03-31 16:00:00+00:00,0.9859574147490352,0.014042585152369096,0.0,0.0,2.0,0.9491409490179399,0.0,32.4,0.012126539216704613,0.012483892669071675,0.576666392024387,0.49159220149297234,0.0005446507542968897,125.0,1.384381271965918,22.2968838352073,0.9832780613925529,,,,,,0.0
2026-03-31 20:00:00+00:00,0.9980207865766308,0.0019792133235670803,0.0,0.0,2.0,0.9491409490179399,0.0,22.8,0.011786989801743471,0.01214712478653092,0.4287937743190638,0.5865703453053146,0.000538143124945547,125.0,1.3517701854263537,21.695628040298782,0.9831994154833014,,,,,,0.0
2026-04-01 00:00:00+00:00,0.9996546213138225,0.00034537858621204513,0.0,0.0,2.0,0.9491409490179399,0.0,22.8,0.011784713187709947,0.011781026829582696,0.5740355174525426,0.6589425175531735,0.0005378388171571685,125.0,1.318490876652954,21.41943364725631,0.991666150769659,,,,,,0.0
2026-04-01 04:00:00+00:00,0.9987547972845318,0.0012452026155927224,0.0,0.0,2.0,0.9491409490179399,0.0,29.599999999999998,0.011970106287546281,0.01188138621039997,0.9449232709691003,0.7208897156837646,0.0005405243892626905,125.0,1.2817560625512279,21.263060065499335,0.9905249668749974,,,,,,0.0
2026-04-01 08:00:00+00:00,0.9999350331691439,6.496673086271494e-05,0.0,0.0,2.0,0.9491409490179399,0.0,26.400000000000002,0.011867979213577445,0.011528823924863237,0.9388992537313456,0.783112731161603,0.0005376389911698141,125.0,1.2382972234081122,20.93708972489209,0.984290348366205,,,,,,0.0
2026-04-01 12:00:00+00:00,0.9999059616223602,9.403827764917967e-05,0.0,0.0,2.0,0.9491409490179399,0.0,22.0,0.011758449001928267,0.01117764633733295,0.8695157990452419,0.7342801055435004,0.0005375103457755337,125.0,1.2009054315277021,20.463790828947097,0.9790522196788024,,,,,,0.0
2026-04-01 16:00:00+00:00,0.9999449377071772,5.506219282827063e-05,0.0,0.0,2.0,0.9491409490179399,0.0,21.6,0.01174397485135677,0.010861237022103485,0.8616534104603564,0.6821574592278535,0.0005375295810957304,125.0,1.1618481031007692,19.890371843451128,0.9764044249486984,,,,,,0.0
2026-04-01 20:00:00+00:00,0.9998961164494993,0.00010388345051100413,0.0,0.0,2.0,0.9491409490179399,0.0,21.6,0.011742105005869885,0.01053165044534391,0.9161498387497087,0.6753270345486709,0.0005373537607987702,125.0,1.1216516241036578,19.314238011324946,0.9777587770053744,,,,,,0.0
2026-04-02 00:00:00+00:00,0.0666800366443941,0.933319963262274,0.0,0.0,2.0,0.8086038554794838,0.0,59.599999999999994,0.013215337484491019,0.014168401143743622,0.7844361215147787,0.6811568817778098,0.0005649074476660321,125.0,1.0834667376313956,18.83790265597026,0.9806062369390391,,,,,,0.0
2026-04-02 04:00:00+00:00,0.9086732292533397,0.09132677065579294,0.0,0.0,2.0,0.9491409490179399,0.0,54.0,0.013059398118017741,0.013736777101856931,0.8615150857390901,0.6673025408154656,0.0005374770523887326,125.0,1.0438125893277481,18.419051519346517,0.9809911184665062,,,,,,0.0
2026-04-02 08:00:00+00:00,0.8857759732493113,0.11422402666211096,0.0,0.0,2.0,0.9491409490179399,0.0,45.6,0.01253676640922845,0.013594881860441733,0.8887047535979049,0.6291221699376304,0.0005394146275457689,125.0,1.000184528472546,17.98065137868785,0.9813289736150272,,,,,,0.0
2026-04-02 12:00:00+00:00,0.2691685666349314,0.7308314332919855,0.0,0.0,2.0,0.8086038554794838,0.0,48.8,0.012703195710570431,0.013555217336113584,0.6068566340160256,0.5363122266690454,0.0005401949867872579,125.0,0.9548094495883803,17.5964845984554,0.9858768819643121,,,,,,0.0
2026-04-02 16:00:00+00:00,0.6263556451224157,0.37364435481494873,0.0,0.0,2.0,0.9491409490179399,0.0,47.199999999999996,0.012604530476298418,0.013161146982792566,0.5343626570915624,0.6505647945888429,0.0005375041667000835,125.0,0.9097868775908445,17.377499170360434,0.9918925557764368,,,,,,0.0
2026-04-02 20:00:00+00:00,0.5828363806177861,0.4171636193239302,0.0,0.0,2.0,0.9491409490179399,0.0,46.0,0.012592808716055653,0.012799510024943868,0.019336582298381005,0.5962334150312409,0.0005375215298489214,125.0,0.8495972288412156,17.2552867896612,0.9943076598708388,,,,,,0.0
2026-04-03 00:00:00+00:00,0.9997235072506581,0.000276492649369687,0.0,0.0,2.0,0.9491409490179399,0.0,46.400000000000006,0.012594198479645428,0.012414602523276037,0.027067669172935065,0.5652752311387714,0.0005373217782619939,125.0,0.7963416187857179,17.161956466365694,0.9970356627065624,,,,,,0.0
2026-04-03 04:00:00+00:00,0.9997299436111332,0.00027005628889379513,0.0,0.0,2.0,0.9491409490179399,0.0,48.4,0.012622641337732617,0.012120488576778306,0.5911701363962701,0.5482035956851953,0.0005379407574399366,125.0,0.7361132162367967,17.161956466365694,0.992221598567298,,,,,,0.0
2026-04-03 08:00:00+00:00,0.9998784935667564,0.00012150633325569254,0.0,0.0,2.0,0.9491409490179399,0.0,11.200000000000001,0.011204419069606179,0.011757047606151773,0.10521443998765412,0.5516735862989947,0.000537472455459455,125.0,0.6753276039655791,17.43313117962237,0.9893175170309407,,,,,,0.0
2026-04-03 12:00:00+00:00,0.9999532911956697,4.670870433490186e-05,0.0,0.0,2.0,0.9491409490179399,0.0,12.0,0.011248126831501977,0.011481773319817548,0.3701366982124064,0.7036704084492338,0.000538109254173448,125.0,0.6081923088810721,17.55046542395265,0.995719195101656,,,,,,0.0
2026-04-03 16:00:00+00:00,0.9999445296693172,5.5470230688325656e-05,0.0,0.0,2.0,0.9491409490179399,0.0,12.0,0.011247721144715664,0.01113279594723424,0.14741295151318573,0.698305265378011,0.0005379747384306406,125.0,0.5413505388959319,17.55046542395265,0.9944140265350676,,,,,,0.0
2026-04-03 20:00:00+00:00,0.9998998271140056,0.00010017278600439176,0.0,0.0,2.0,0.9491409490179399,0.0,12.0,0.011247716091638644,0.010795111234452821,0.002734107997263385,0.6011208221648459,0.0005385943192949992,125.0,0.47322034728814627,17.38237565864285,0.9925894273854076,,,,,,0.0
2026-04-04 00:00:00+00:00,0.99989599341917,0.00010400648084051333,0.0,0.0,2.0,0.9491409490179399,0.0,12.0,0.011247630643665563,0.010475622658464636,0.7513101476893665,0.6487235735351615,0.0005398066527947437,125.0,0.40268652162406,17.235040367847706,0.9937755054526655,,,,,,0.0
2026-04-04 04:00:00+00:00,0.9998868678416114,0.00011313205839988424,0.0,0.0,2.0,0.9491409490179399,0.0,10.8,0.011172620859032941,0.01016514049130791,0.42776998597476135,0.5949515321633789,0.000542735798709655,125.0,0.3820976240111308,17.12009711088408,0.9949763589331623,,,,,,0.0
2026-04-04 08:00:00+00:00,0.9998840580664956,0.00011594183351601353,0.0,0.0,2.0,0.9491409490179399,0.0,10.8,0.011143399901816961,0.009857461447701674,0.06527415143603257,0.5551100384253478,0.0005500730618113446,125.0,0.6036733096920597,17.02459071213713,0.9958622048393921,,,,,,0.0
2026-04-04 12:00:00+00:00,0.000645516774101721,0.9993544831259628,0.0,0.0,2.0,0.0,0.0,9.6,0.010925670857736321,0.009569673298446636,0.25777470628887833,0.5626639765216719,0.0005553462181454237,125.0,0.9476441066056638,16.947820578311042,0.9965573612703673,,,,,,0.0
2026-04-04 16:00:00+00:00,0.9999999934196335,6.4803664977902765e-09,0.0,0.0,2.0,1.0,0.0,10.0,0.010927475130552176,0.009334485798568177,0.5025474756831897,0.5389389695522576,0.0005539815172517002,125.0,1.1376413493198734,16.88177878896599,0.9970242302255321,,,,,,0.0
2026-04-04 20:00:00+00:00,0.9999999849549737,1.494502630893135e-08,0.0,0.0,2.0,1.0,0.0,7.6,0.010717590653329478,0.009050458667654755,0.8209277238403562,0.6258550976439264,0.0005522756914571647,125.0,1.3587939251140595,16.824857853514537,0.997623596777801,,,,,,0.0
2026-04-05 00:00:00+00:00,0.9999999751601778,2.4739822332114735e-08,0.0,0.0,2.0,1.0,0.0,6.4,0.010678720927608128,0.008836070047591977,0.12494741270510365,0.626157817465987,0.0005512601379548366,125.0,1.6240517776369592,16.78426461553694,0.9985102673661294,,,,,,0.0
2026-04-05 04:00:00+00:00,0.9999980385367335,1.9613632667088102e-06,0.0,0.0,2.0,1.0,0.0,8.799999999999999,0.010783753244249964,0.008885346301201026,0.360287081339714,0.6491205853354074,0.0005512940326691876,125.0,1.9151691879879715,16.76965429136965,0.9995070521923924,,,,,,0.0
2026-04-05 08:00:00+00:00,0.9999949448665112,5.055033489378288e-06,0.0,0.0,2.0,1.0,0.0,8.799999999999999,0.01078538948683815,0.008634598257775891,0.33536871770783866,0.6644474264784123,0.0005488725482173765,125.0,2.158076638091648,16.76965429136965,0.9989322723841334,,,,,,0.0
2026-04-05 12:00:00+00:00,0.9999975632691553,2.4366308448970254e-06,0.0,0.0,2.0,1.0,0.0,7.6,0.010777376638701144,0.00849892177538123,0.23020337516226566,0.5929876960761478,0.0005485493420946216,125.0,2.3359702798935364,16.805007869957826,0.9977242368376921,,,,,,0.0
2026-04-05 16:00:00+00:00,0.9999809189646466,1.9080935355327077e-05,0.0,0.0,2.0,1.0,0.0,9.2,0.010787185695224273,0.00829299522498562,0.06439535754399249,0.5358947634857592,0.0005474964665044997,125.0,2.446494401677578,16.86249866443045,0.9969393992995427,,,,,,0.0
2026-04-05 20:00:00+00:00,0.9999999954452166,4.45478350421419e-09,0.0,0.0,2.0,1.0,0.0,16.400000000000002,0.011272477307083084,0.009844965876348371,0.5767411865864132,0.5229158384793021,0.0005563258377300646,125.0,2.5310390777547584,16.931284460098215,0.996895314773507,,,,,,0.0
2026-04-06 00:00:00+00:00,0.9999999967972582,3.1027418782507695e-09,0.0,0.0,2.0,1.0,0.0,5.2,0.01067808033058583,0.009795292719050608,1.0,0.45322728448947674,0.0005482562622888364,125.0,2.575899772498887,16.991133199286637,0.9976937763217643,,,,,,0.0
2026-04-06 04:00:00+00:00,0.9999998001248434,1.9977515660390396e-07,0.0,0.0,2.0,1.0,0.0,3.2,0.0105515394926894,0.00951922136490565,1.0,0.5493683547723894,0.000546684983253882,125.0,2.595930802148292,17.02614401184707,0.9977237032163506,,,,,,0.0
2026-04-06 08:00:00+00:00,0.9999999167985905,8.310140945876372e-08,0.0,0.0,2.0,1.0,0.0,4.3999999999999995,0.01057880740563488,0.00942008103097556,1.0,0.6360876972588387,0.0005474228786217631,125.0,2.6041511053832487,17.08509996382719,0.9939462332910128,,,,,,0.0
2026-04-06 12:00:00+00:00,0.9999998034424773,1.9645752279753564e-07,0.0,0.0,2.0,1.0,0.0,6.0,0.010607463258728375,0.009249488512565709,1.0,0.7090337194825419,0.0005468029589039989,125.0,2.604980212681737,17.269557456405444,0.9780044512777568,,,,,,0.0
2026-04-06 16:00:00+00:00,0.9999999972466374,2.6533625754872367e-09,0.0,0.0,2.0,1.0,0.0,0.4,0.00993976389795293,0.009255725391561,0.45728914039342694,0.7380591643390442,0.0005472517052024065,125.0,2.6068618482033283,17.975398024496997,0.958650815899845,,,,,,0.0
2026-04-06 20:00:00+00:00,0.9999999877050944,1.2194905628396575e-08,0.0,0.0,2.0,1.0,0.0,1.2,0.010357077203000284,0.009943448083097363,0.24084903617067696,0.6724261671854663,0.0005505196834224446,125.0,2.60418649398691,19.088790657988874,0.9453305684294135,,,,,,0.0
2026-04-07 00:00:00+00:00,0.9999999656794823,3.42205176333876e-08,0.0,0.0,2.0,1.0,0.0,0.4,0.00992454048479069,0.0096413036168397,0.30620155038759905,0.6097113032692482,0.0005458082182614287,125.0,2.600737437047146,20.53929112058602,0.936662372810772,,,,,,0.0
2026-04-07 04:00:00+00:00,0.999999952971562,4.6928437929046104e-08,0.0,0.0,2.0,1.0,0.0,0.4,0.00989068626870485,0.009360296744148107,0.6305529770587491,0.5565188698155608,0.0005456752283028995,125.0,2.594678533653304,22.28610656849946,0.9502295906969019,,,,,,0.0
2026-04-07 08:00:00+00:00,0.9999999182597938,8.164020609341676e-08,0.0,0.0,2.0,1.0,0.0,0.4,0.009885416366795222,0.009232679197353363,0.9727485076563671,0.5509855359211654,0.0005461483402922725,125.0,2.587557837300395,23.17528156501091,0.9811384838895594,,,,,,0.0
2026-04-07 12:00:00+00:00,0.999997645754229,2.3541457711659098e-06,0.0,0.0,2.0,1.0,0.0,0.4,0.009867926584603089,0.0090166422328536,0.9682443671555971,0.6728387198632336,0.0005455942134084954,125.0,2.579242855453591,23.17528156501091,0.9907987644363138,,,,,,0.0
2026-04-07 16:00:00+00:00,0.9999999938557134,6.04428653404324e-09,0.0,0.0,2.0,1.0,0.0,0.4,0.009672867756812786,0.00956725054502593,0.10250642673522062,0.7016953899185434,0.0005496794805013957,125.0,2.5708328094767086,22.75340308864189,0.9772503233816489,,,,,,0.0
2026-04-07 20:00:00+00:00,0.999999996897154,3.0028460649457406e-09,0.0,0.0,2.0,1.0,0.0,60.0,0.01317511281946738,0.01701019690523262,0.7025717480432361,0.6857030531612538,0.000603983392180476,125.0,2.567375782988386,21.976827711102807,0.9747446597181089,,,,,,0.0
2026-04-08 00:00:00+00:00,0.999999999683526,2.1647386052187188e-10,0.0,0.0,2.0,1.0,0.0,60.0,0.01318175993680003,0.016502018328959332,0.6930163604595768,0.787869365758668,0.0005455975517900503,125.0,2.556972714243631,21.39447072654762,0.9828522304162761,,,,,,0.0
2026-04-08 04:00:00+00:00,0.9999999997911284,1.0887158152273234e-10,0.0,0.0,2.0,1.0,0.0,56.8,0.013094582476769171,0.016131289629681952,0.850310559006215,0.7424456225310794,0.000546397227366665,125.0,2.546948784055119,21.0885426284462,0.9873572160967555,,,,,,0.0
2026-04-08 08:00:00+00:00,0.9999999975714342,2.3285658498500213e-09,0.0,0.0,2.0,1.0,0.0,57.199999999999996,0.013109428395109054,0.01565452239270908,0.8793964565480277,0.628708714590936,0.0005453084197129194,125.0,2.539290228748085,20.742226544591755,0.9820768730967335,,,,,,0.0
2026-04-08 12:00:00+00:00,0.9999999997301305,1.6986954577852545e-10,0.0,0.0,2.0,1.0,0.0,62.8,0.013326558221109036,0.015578396350484826,0.540122803302985,0.624479061798969,0.0005486002754962378,125.0,2.5389158777147958,20.18884488150792,0.9728858345197305,,,,,,0.0
2026-04-08 16:00:00+00:00,0.9999999995612807,3.387193846330144e-10,0.0,0.0,2.0,1.0,0.0,63.2,0.013330000011182517,0.01511221516595693,0.43575168287209715,0.6260859814154118,0.0005450959936374203,125.0,2.5290791105200925,19.412518023015046,0.9650137994318273,,,,,,0.0
2026-04-08 20:00:00+00:00,0.9979249884328749,0.0020750114673325423,0.0,0.0,2.0,1.0,0.0,64.8,0.01342451978082144,0.014839787360351193,0.5441140923374408,0.727281534641592,0.0005464478415422258,125.0,2.519710892746607,18.52941899780199,0.9638782102073347,,,,,,0.0
2026-04-09 00:00:00+00:00,0.999999584117117,4.157828829667021e-07,0.0,0.0,2.0,1.0,0.0,29.2,0.011812053478480551,0.014412645518059078,1.0,0.7143974011842161,0.0005449767828545513,125.0,2.5099959202734374,17.77093643731061,0.9698766163298687,,,,,,0.0
2026-04-09 04:00:00+00:00,0.9997964598388495,0.00020354006117092365,0.0,0.0,2.0,1.0,0.0,29.599999999999998,0.011814356909375474,0.013974401089457817,1.0,0.6082686388437492,0.0005446866723774597,125.0,2.504006547832368,17.218474239570632,0.9727158715470764,,,,,,0.0
2026-04-09 08:00:00+00:00,0.9999810127974478,1.8987102554187134e-05,0.0,0.0,2.0,1.0,0.0,25.6,0.011651429280496018,0.013549096409314959,1.0,0.703767647298441,0.000544555488184284,125.0,2.4944165333166715,16.62146802983237,0.9688227310576782,,,,,,0.0
2026-04-09 12:00:00+00:00,0.9999998778798906,1.220201093084209e-07,0.0,0.0,2.0,1.0,0.0,28.799999999999997,0.011773000680447825,0.013801398723561462,0.1013484123531935,0.6626822924126181,0.000549267630369122,125.0,2.48942467498261,15.951669266323819,0.968574619742066,,,,,,0.0
2026-04-09 16:00:00+00:00,0.9999999823561282,1.7543871786678094e-08,0.0,0.0,2.0,1.0,0.0,29.2,0.011777908971302055,0.013382180218483681,0.5354760460885455,0.5897297755435447,0.0005444441834535097,125.0,2.4810087731061046,15.392389422524783,0.9757808365311562,,,,,,0.0
2026-04-09 20:00:00+00:00,0.9999999873081374,1.25918626130073e-08,0.0,0.0,2.0,1.0,0.0,35.6,0.011934792741061488,0.01330365953003236,0.11133869787856822,0.5831772683917624,0.0005467814316732861,125.0,2.4720322855191306,15.042375495603194,0.9850502681776782,,,,,,0.0
2026-04-10 00:00:00+00:00,0.9999999680239852,3.187601480799091e-08,0.0,0.0,2.0,1.0,0.0,36.0,0.01193653894567249,0.012905249255052575,0.07348784624081123,0.5863795140649146,0.000544305227850943,125.0,2.463541365497347,14.846912996388136,0.9912570743700947,,,,,,0.0
2026-04-10 04:00:00+00:00,0.9999999908199689,9.080031157878014e-09,0.0,0.0,2.0,1.0,0.0,36.0,0.011935957621244987,0.012533560819015651,0.0051080550098215214,0.665457789570763,0.0005443182497401561,125.0,2.455703141999421,14.726870606253343,0.9940400182251978,,,,,,0.0
2026-04-10 08:00:00+00:00,0.9999999970843694,2.8156306880296857e-09,0.0,0.0,2.0,1.0,0.0,40.8,0.012152881659148946,0.0128008175831355,0.030620467365031063,0.68006402391192,0.0005483644333933294,125.0,2.4465639321068178,14.632295840222941,0.9947799493786575,,,,,,0.0
2026-04-10 12:00:00+00:00,0.9999999823779148,1.7522085169823856e-08,0.0,0.0,2.0,1.0,0.0,40.0,0.01210135608004166,0.012446355229330968,0.09676626091233122,0.647366853346709,0.0005441804789199268,125.0,2.4365973694756193,14.539770340676508,0.9953473566290628,,,,,,0.0
2026-04-10 16:00:00+00:00,0.9999998511908489,1.487091511748115e-07,0.0,0.0,2.0,1.0,0.0,42.8,0.012213762129225937,0.012465937298933331,0.7534148094895768,0.722803724755764,0.0005463845819741185,125.0,2.426562316674786,14.466906269272563,0.9968088002920062,,,,,,0.0
2026-04-10 20:00:00+00:00,0.9999994533507479,5.46549252171539e-07,0.0,0.0,2.0,1.0,0.0,44.0,0.01224389349097252,0.012116794477263283,0.6705479452054829,0.663091794917925,0.0005440303193863952,125.0,2.4167543012738393,14.428341897067321,0.9983863591710616,,,,,,0.0
2026-04-11 00:00:00+00:00,0.9999996347983494,3.651016506116731e-07,0.0,0.0,2.0,1.0,0.0,44.800000000000004,0.012260491328111646,0.011779874099966685,0.6437156014826443,0.5488965000466216,0.0005439255091513331,125.0,2.407441186083408,14.411206047011733,0.9991243820679342,,,,,,0.0
2026-04-11 04:00:00+00:00,0.9999999033764313,9.652356876341641e-08,0.0,0.0,2.0,1.0,0.0,45.2,0.012275822216450887,0.011430560773282037,0.2965034965034934,0.5636620841881554,0.0005436313420921705,125.0,2.396670479806984,14.397493289989423,0.9994515797495175,,,,,,0.0
2026-04-11 08:00:00+00:00,0.9999543704528119,4.5629447192732456e-05,0.0,0.0,2.0,1.0,0.0,45.6,0.012282538974780984,0.011177791272714122,0.35107240767617715,0.4962244617613043,0.0005439023854965668,125.0,2.3856399728922337,14.397493289989423,0.9992636196787801,,,,,,0.0
2026-04-11 12:00:00+00:00,0.9871473584193936,0.012852641481891552,0.0,0.0,2.0,1.0,0.0,46.0,0.012282919317041445,0.010843571386181198,0.09258756448548124,0.5937096524513248,0.0005432797419585954,125.0,2.373477894444006,14.417097090992613,0.9969012681817178,,,,,,0.0
2026-04-11 16:00:00+00:00,0.9999999970363913,2.8636087760694062e-09,0.0,0.0,2.0,1.0,0.0,59.199999999999996,0.012976638928717003,0.012729248364936448,0.7448319064522817,0.6336496784423864,0.0005566569623621007,125.0,2.3600797786673686,14.497290971532141,0.994099574965204,,,,,,0.0
2026-04-11 20:00:00+00:00,0.999999999202402,6.975980230036249e-10,0.0,0.0,2.0,1.0,0.0,69.19999999999999,0.013216955056553563,0.01278641066830647,0.4018958141095532,0.630468097323131,0.0005465892521968292,125.0,2.3559019108484267,14.625050570629604,0.993264466647998,,,,,,0.0
2026-04-12 00:00:00+00:00,0.9999999994086137,4.913862781819369e-10,0.0,0.0,2.0,1.0,0.0,76.4,0.014193359136387211,0.014620725974553467,0.10193992154333834,0.6429989731562302,0.000560433658982805,125.0,2.345939027447008,14.738360342015628,0.9937710339205276,,,,,,0.0
2026-04-12 04:00:00+00:00,0.9999999996021318,2.9786810393242613e-10,0.0,0.0,2.0,1.0,0.0,76.0,0.014078979213145645,0.014183294397563006,0.15807307844355242,0.6175997174976019,0.0005431200649411969,125.0,2.3338599429624325,14.84991413969184,0.9913170107172187,,,,,,0.0
2026-04-12 08:00:00+00:00,0.9999999996177877,2.8221220200734e-10,0.0,0.0,2.0,1.0,0.0,76.8,0.01413710995357297,0.013837243763411486,0.24139034012154686,0.5063105395563371,0.0005437062422669759,125.0,2.3220527301518117,15.050619834685243,0.9826647944551901,,,,,,0.0
2026-04-12 12:00:00+00:00,0.9999999997593287,1.406711788968286e-10,0.0,0.0,2.0,1.0,0.0,77.60000000000001,0.014203344543852196,0.013562726976518379,0.9379375045103532,0.523704170489174,0.0005440271551697694,125.0,2.3094507712515995,15.478663714793838,0.9678663936938796,,,,,,0.0
2026-04-12 16:00:00+00:00,0.9999996367930051,3.631069948399292e-07,0.0,0.0,2.0,1.0,0.0,78.0,0.01421218569062977,0.01321745562411603,0.7268988669744025,0.5020240873192207,0.0005431162463045186,125.0,2.2963747988790817,16.261088047767323,0.9636144970727297,,,,,,0.0
2026-04-12 20:00:00+00:00,0.9999999987218813,1.1781186029653544e-09,0.0,0.0,2.0,1.0,0.0,76.0,0.01380716422377505,0.012836095748239136,0.4043565806333535,0.6253750926666432,0.0005427297094993391,125.0,2.2824057645831495,16.92267376764798,0.975240712137244,,,,,,0.0
2026-04-13 00:00:00+00:00,0.992151923501408,0.00784807639937678,0.0,0.0,2.0,1.0,0.0,76.0,0.013748171420832992,0.012448579421966798,0.4480936202340549,0.6320747519454262,0.0005423824586430461,125.0,2.266949993594877,17.264036508849927,0.9719956759105629,,,,,,0.0
2026-04-13 04:00:00+00:00,0.9999958053610949,4.194538905495832e-06,0.0,0.0,2.0,1.0,0.0,76.4,0.013760122710341776,0.01210061166714189,0.37588046958378146,0.6005391796338996,0.0005423953604116872,125.0,2.249867883096811,18.08533405390781,0.9543760444397,,,,,,0.0
2026-04-13 08:00:00+00:00,0.9999937869775103,6.212922490366816e-06,0.0,0.0,2.0,1.0,0.0,76.0,0.013713829096791733,0.011732320790209845,0.034552163703461994,0.7940375406542687,0.0005421985006030813,125.0,2.2547015736770755,19.287446368394427,0.9532889018598706,,,,,,0.0
2026-04-13 12:00:00+00:00,0.9999947132465734,5.286653427015974e-06,0.0,0.0,2.0,1.0,0.0,77.2,0.013766320849486187,0.0116311761099672,0.27359919232711194,0.8117424715929558,0.0005436392439474217,125.0,2.242068008943219,20.280912147832858,0.9740122487975953,,,,,,0.0
2026-04-13 16:00:00+00:00,0.9999999942545428,5.645457146019739e-09,0.0,0.0,2.0,1.0,0.0,78.8,0.014132880618716174,0.012691512819294199,0.819554110543428,0.699445456969959,0.0005511167612896984,125.0,2.230976565840037,20.280912147832858,0.993546418199705,,,,,,0.0
2026-04-13 20:00:00+00:00,0.9999999977951706,2.1048293743310907e-09,0.0,0.0,2.0,1.0,0.0,85.2,0.01544784882384847,0.01676535865173982,0.9186685507929034,0.722973851457551,0.0005777063310125689,125.0,2.219874190881134,20.156523081929873,0.9826467589559269,,,,,,0.0
2026-04-14 00:00:00+00:00,0.9999999997765034,1.234964781556662e-10,0.0,0.0,2.0,1.0,0.0,85.6,0.015459839132166232,0.01626021023835774,0.9560345747518906,0.6482641124754746,0.0005422635952968461,125.0,2.20592169411621,19.62965189910585,0.978277190415372,,,,,,0.0
2026-04-14 04:00:00+00:00,0.9999999996062348,2.9376534334376506e-10,0.0,0.0,2.0,1.0,0.0,85.2,0.015445691235252437,0.01581492533508493,0.9585492227979241,0.7440292528382867,0.0005423277609861926,125.0,2.19262547473517,19.111884990175344,0.9785805563894693,,,,,,0.0
2026-04-14 08:00:00+00:00,0.9999999997514375,1.4856250749529e-10,0.0,0.0,2.0,1.0,0.0,85.2,0.015384343040011017,0.015337964227948028,0.913134889897086,0.7371229980095346,0.0005419824739758471,125.0,2.1769839117328025,18.626521953535956,0.979002136859708,,,,,,0.0
2026-04-14 12:00:00+00:00,0.9999999997409714,1.5902863221413274e-10,0.0,0.0,2.0,1.0,0.0,85.2,0.015381460018714245,0.014905780288209877,0.7421090909090857,0.6690867503991678,0.0005421799455395173,125.0,2.163007671330753,18.15366037102624,0.981212795107762,,,,,,0.0
2026-04-14 16:00:00+00:00,0.9999999989269901,9.730099332553853e-10,0.0,0.0,2.0,1.0,0.0,87.2,0.015706159781521192,0.015397113123509408,0.6980148883374685,0.7241374292539146,0.0005499398106944613,125.0,2.1481070107247633,17.791863293377656,0.989437957560622,,,,,,0.0
2026-04-14 20:00:00+00:00,0.9999347234947252,6.527640528138947e-05,0.0,0.0,2.0,1.0,0.0,59.199999999999996,0.012976045839286523,0.014955912257357758,0.511220773117139,0.6782443175489344,0.0005417941786330166,125.0,2.136228241174041,17.791863293377656,0.9932372166384635,,,,,,0.0
2026-04-15 00:00:00+00:00,0.9999999669106219,3.298937815682789e-08,0.0,0.0,2.0,1.0,0.0,59.199999999999996,0.012969238104883861,0.014516118832856978,0.6205115282852471,0.5901494090379037,0.0005415994670875829,125.0,2.122683706266113,18.00617635921097,0.9846353259025554,,,,,,0.0
2026-04-15 04:00:00+00:00,0.9999999580160162,4.188398391684709e-08,0.0,0.0,2.0,1.0,0.0,59.199999999999996,0.012949068000243964,0.01413140036614143,0.6565955991335077,0.6181615390681245,0.0005419811575630646,125.0,2.1098323063602833,18.398896600827808,0.9881415556564281,,,,,,0.0
2026-04-15 08:00:00+00:00,0.9999999781651785,2.1734821474994893e-08,0.0,0.0,2.0,1.0,0.0,61.199999999999996,0.012998747120748281,0.01387276084830088,0.2745177664974641,0.5728677955565534,0.0005424539708610497,125.0,2.0999583049748596,18.398896600827808,0.9964101228521931,,,,,,0.0
2026-04-15 12:00:00+00:00,0.999999771021665,2.288783349107327e-07,0.0,0.0,2.0,1.0,0.0,57.99999999999999,0.012785621204933439,0.013462981264375062,0.3382022471910154,0.6233528917561783,0.0005414137766239398,125.0,2.086709191600316,18.35635817889727,0.9920255567325127,,,,,,0.0
2026-04-15 16:00:00+00:00,0.9999997541453347,2.457546652195891e-07,0.0,0.0,2.0,1.0,0.0,64.0,0.013042562179831243,0.013803016841449413,0.597814953909188,0.6094756488455673,0.0005461846195262657,125.0,2.0731605527806654,18.155630483983696,0.9937755294668446,,,,,,0.0
2026-04-15 20:00:00+00:00,0.9999999891034094,1.0796590595904631e-08,0.0,0.0,2.0,1.0,0.0,61.6,0.012981877614670219,0.013470284577345129,0.32481562272774783,0.5991857465241924,0.0005419219961866609,125.0,2.0566258433743068,18.138336947464786,0.998469179104941,,,,,,0.0
2026-04-16 00:00:00+00:00,0.9999999758261512,2.4073848844659603e-08,0.0,0.0,2.0,1.0,0.0,60.0,0.012963175599795615,0.013062207378321464,0.47359907567879983,0.6682784667604176,0.0005409813972634762,125.0,2.0394882611208387,18.138336947464786,0.9987193997418499,,,,,,0.0
2026-04-16 04:00:00+00:00,0.9999999830542118,1.684578823902999e-08,0.0,0.0,2.0,1.0,0.0,64.4,0.013027719613254862,0.012775403620969383,0.05121951219512556,0.6662478602618139,0.0005418179460628546,125.0,2.0230572677694822,18.138336947464786,0.9971728506055892,,,,,,0.0
2026-04-16 08:00:00+00:00,0.9999999817587072,1.814129288928102e-08,0.0,0.0,2.0,1.0,0.0,64.8,0.013040299059835007,0.012402056384859951,0.04637047827142728,0.6113565899428957,0.0005409328381266579,125.0,2.0139629017389473,18.030700865630156,0.9931700535245109,,,,,,0.0
2026-04-16 12:00:00+00:00,0.9999999928704757,7.029524299564812e-09,0.0,0.0,2.0,1.0,0.0,58.4,0.012803844673930719,0.012028862372910284,0.8502119642016077,0.5967987261060537,0.0005405933200611862,125.0,1.9972692968131032,17.84242342431321,0.9905026128905128,,,,,,0.0
2026-04-16 16:00:00+00:00,0.9999923573279097,7.642572090958594e-06,0.0,0.0,2.0,1.0,0.0,59.199999999999996,0.012852765334622018,0.01186237599631222,0.009913258983891409,0.5914914301534068,0.0005414532463937591,125.0,1.9811180944320264,17.616481619693218,0.9894444198674706,,,,,,0.0
2026-04-16 20:00:00+00:00,0.9999771317330509,2.286816695136272e-05,0.0,0.0,2.0,1.0,0.0,57.199999999999996,0.012716504909832518,0.01156283486916734,0.16684045881126158,0.6468551808079217,0.0005409642343102343,125.0,1.9632044114177183,17.386970878689528,0.9894781926424189,,,,,,0.0
2026-04-17 00:00:00+00:00,0.9999981759478004,1.8239521999229575e-06,0.0,0.0,2.0,1.0,0.0,59.599999999999994,0.012825590077288243,0.011455362784009018,0.2495303694427073,0.6533141887703835,0.0005421391745116397,125.0,1.9432908885857962,17.168316751288284,0.9899160236436338,,,,,,0.0
2026-04-17 04:00:00+00:00,0.9999972642781805,2.7356218197231863e-06,0.0,0.0,2.0,1.0,0.0,59.199999999999996,0.012810620682138004,0.011144713459365008,0.017696460707862956,0.6897810651615881,0.00054013107968051,125.0,1.9205435641119701,16.962862997223482,0.9907753492219613,,,,,,0.0
2026-04-17 08:00:00+00:00,0.999999857106725,1.427932751006505e-07,0.0,0.0,2.0,1.0,0.0,55.60000000000001,0.012647349300286255,0.011013390015073744,0.19108356180713107,0.6998892697711713,0.0005409207749391504,125.0,1.9181198374663047,16.785154932309613,0.9926132663454114,,,,,,0.0
2026-04-17 12:00:00+00:00,0.9999999973188844,2.581115516327336e-09,0.0,0.0,2.0,1.0,0.0,82.8,0.013743355864786966,0.013899997132132387,0.5481422293248119,0.6733180545740033,0.0005603280931061172,125.0,1.9013606117000283,16.660377490925466,0.9949999398473031,,,,,,0.0
2026-04-17 16:00:00+00:00,0.9999999993024542,5.975457724558178e-10,0.0,0.0,2.0,1.0,0.0,82.39999999999999,0.013695026813096057,0.01355244639558929,0.5202040015692423,0.692735631986987,0.0005409262883063582,125.0,1.8830827994901764,16.582733935727695,0.9960978487951745,,,,,,0.0
2026-04-17 20:00:00+00:00,0.999999999239146,6.60854027150662e-10,0.0,0.0,2.0,1.0,0.0,82.8,0.013696238458956454,0.013169825890683058,0.6690595836324458,0.6268740046564385,0.0005403415043464379,125.0,1.8641238003270524,16.50189599591673,0.9950212377586065,,,,,,0.0
2026-04-18 00:00:00+00:00,0.9999999991000346,7.999654320432346e-10,0.0,0.0,2.0,1.0,0.0,83.6,0.013720144719718167,0.012843829091113094,0.49077541961437143,0.5996678890504734,0.0005406340095599529,125.0,1.8443186917298962,16.38285485878439,0.9927026021233031,,,,,,0.0
2026-04-18 04:00:00+00:00,0.9999999985096906,1.3903094126732513e-09,0.0,0.0,2.0,1.0,0.0,83.2,0.013713500185113801,0.01245364902158925,0.3887249820588474,0.6939049518905489,0.0005397558765088986,125.0,1.823811256326855,16.210964645962207,0.9897315646567255,,,,,,0.0
2026-04-18 08:00:00+00:00,0.999999999393711,5.062890635187235e-10,0.0,0.0,2.0,1.0,0.0,88.0,0.014152863103939456,0.013165739200487466,1.0,0.6909463237453815,0.0005482048606045869,125.0,1.8023151091787653,15.977198510191453,0.9890787862561812,,,,,,0.0
2026-04-18 12:00:00+00:00,0.999048082961584,0.0009519169385110955,0.0,0.0,2.0,1.0,0.0,88.4,0.014162319742247532,0.01281158026088105,0.7536519808344059,0.6996627088845103,0.0005397051388751561,125.0,1.7829117581876557,15.78382824291306,0.9941060832990097,,,,,,0.0
2026-04-18 16:00:00+00:00,0.9999995982027994,4.016972006758631e-07,0.0,0.0,2.0,1.0,0.0,79.60000000000001,0.013487777731069402,0.01251828187056421,0.7701199563794987,0.7297622702227566,0.0005403952197817751,125.0,1.761112189080285,15.78382824291306,0.9949890113554062,,,,,,0.0
2026-04-18 20:00:00+00:00,0.9999992343302624,7.655697375819718e-07,0.0,0.0,2.0,1.0,0.0,76.4,0.013305668254265388,0.012138629281275366,0.6877109638704885,0.7653839420762585,0.0005393450940387635,125.0,1.7425601289327373,15.947387022105076,0.994368607508051,,,,,,0.0
2026-04-19 00:00:00+00:00,0.9999999634212953,3.647870468442186e-08,0.0,0.0,2.0,1.0,0.0,46.800000000000004,0.012319795450257208,0.011818825024827145,0.7185669220369577,0.6630261367496199,0.000539792087583292,125.0,1.7234746919168347,15.947387022105076,0.9950327435197893,,,,,,0.0
2026-04-19 04:00:00+00:00,0.9999999909937792,8.906220861835999e-09,0.0,0.0,2.0,1.0,0.0,50.4,0.012452335976345525,0.011741632337436357,0.5981338481338513,0.7382093614818386,0.000541429669902468,125.0,1.704588648246789,15.797238019354038,0.9898760109301349,,,,,,0.0
2026-04-19 08:00:00+00:00,0.9995701914386287,0.0004298084614142195,0.0,0.0,2.0,1.0,0.0,50.4,0.012418610689193758,0.011471310829832363,0.5280726042147407,0.7191497215528442,0.0005394404279456934,125.0,1.6847447642243123,15.586949045756082,0.9912464212451042,,,,,,0.0
2026-04-19 12:00:00+00:00,0.9999956473689187,4.352531081892528e-06,0.0,0.0,2.0,1.0,0.0,47.199999999999996,0.012329202085482495,0.01112347813427934,0.33873144399460875,0.7716971142187733,0.0005389975237863927,125.0,1.6637214507559612,15.466418527835067,0.9947656287127867,,,,,,0.0
2026-04-19 16:00:00+00:00,0.9999997308190233,2.6908097670733023e-07,0.0,0.0,2.0,1.0,0.0,53.6,0.012522107293838222,0.011267881975197902,0.6235760277365046,0.6880155231312055,0.0005423303646349704,125.0,1.6406946886637495,15.390105313013887,0.9941815117803677,,,,,,0.0
2026-04-19 20:00:00+00:00,0.9999999730589549,2.6841045003072314e-08,0.0,0.0,2.0,1.0,0.0,60.8,0.012782304789712613,0.011604320511723965,0.7153558052434483,0.7402448556017958,0.0005434847382493825,125.0,1.6153343537632043,15.250449129111185,0.9917351093459549,,,,,,0.0
2026-04-20 00:00:00+00:00,0.9999999970843232,2.815676801237655e-09,0.0,0.0,2.0,1.0,0.0,63.6,0.012862484925858456,0.011517442771309762,0.2771976457186233,0.733493887349165,0.0005401466608583315,125.0,1.5969580381945452,15.082005779869531,0.9930031466225588,,,,,,0.0
2026-04-20 04:00:00+00:00,0.9999999952515377,4.648462368840292e-09,0.0,0.0,2.0,1.0,0.0,63.6,0.012857718705230283,0.011237025187835292,0.29739633558340994,0.7344404906006622,0.0005389328838889941,125.0,1.5731348814701676,15.045964737506166,0.9976524047361529,,,,,,0.0
2026-04-20 08:00:00+00:00,0.9999999966962962,3.2037036438290134e-09,0.0,0.0,2.0,1.0,0.0,64.8,0.012866510560284568,0.010947794210062738,0.20114275511114812,0.6970555336335271,0.0005387116700343117,125.0,1.5466938914683794,15.045964737506166,0.9915011058700918,,,,,,0.0
2026-04-20 12:00:00+00:00,0.9999999978909373,2.009062604022092e-09,0.0,0.0,2.0,1.0,0.0,61.6,0.012795830136801068,0.010631902662649871,0.16195077064642102,0.6536745903970338,0.0005383901110591956,125.0,1.514051847433295,15.289881955738412,0.9789492694801677,,,,,,0.0
2026-04-20 16:00:00+00:00,0.9999999787093692,2.119063088862592e-08,0.0,0.0,2.0,1.0,0.0,47.599999999999994,0.01233213547949158,0.010475447003209704,1.0,0.5749968425432549,0.0005390025533085221,125.0,1.493402566658376,15.821704907490279,0.9669470080657221,,,,,,0.0
2026-04-20 20:00:00+00:00,0.9999669276823993,3.307221760394912e-05,0.0,0.0,2.0,1.0,0.0,2.8000000000000003,0.010049768735161564,0.010328521129400347,0.4359949302915118,0.6005043951600132,0.0005394039642662383,125.0,1.4639113069074177,16.57059507284908,0.962644161431913,,,,,,0.0
2026-04-21 00:00:00+00:00,0.9999599875952683,4.001230473575486e-05,0.0,0.0,2.0,1.0,0.0,2.8000000000000003,0.010048386173563968,0.010017238203660203,0.24749163879598254,0.6278132031381577,0.0005381695619624058,125.0,1.440078611503675,17.3385000575466,0.9650420344546159,,,,,,0.0
2026-04-21 04:00:00+00:00,0.9994931582157012,0.000506841684349532,0.0,0.0,2.0,1.0,0.0,2.8000000000000003,0.010023835899239766,0.009738878155990482,0.1983372921615199,0.6224883356258784,0.0005380701065656143,125.0,1.4110158731827742,18.053449928340743,0.965337498304643,,,,,,0.0
2026-04-21 08:00:00+00:00,0.9999924311958738,7.56870412700037e-06,0.0,0.0,2.0,1.0,0.0,3.2,0.010025093279759105,0.00944444104174914,0.1327623126338296,0.7035098128746529,0.0005379068404579335,125.0,1.3813105734599378,18.873109383918948,0.9604792108242536,,,,,,0.0
2026-04-21 12:00:00+00:00,0.9999829630868418,1.703681316003745e-05,0.0,0.0,2.0,1.0,0.0,3.2,0.010024886712564586,0.009212936900623586,0.545831175556706,0.6503129700290392,0.0005381980716221423,125.0,1.349410692610454,19.883320438126464,0.9594794428126161,,,,,,0.0
2026-04-21 16:00:00+00:00,0.9999995670489332,4.3285106667879623e-07,0.0,0.0,2.0,1.0,0.0,0.4,0.009486957001603697,0.009027093199788306,0.4699304925959539,0.6184782584360674,0.0005383350788251151,125.0,1.3211639267114,20.84480956652546,0.9679599486946383,,,,,,0.0
2026-04-21 20:00:00+00:00,0.9999976020426112,2.3978573888802883e-06,0.0,0.0,2.0,1.0,0.0,0.8,0.009672140506925497,0.009279086365050792,0.267704671019592,0.6597646560083386,0.0005399857861376692,125.0,1.2872138957535153,21.50176937791259,0.9831760935059873,,,,,,0.0
2026-04-22 00:00:00+00:00,0.9999999795464822,2.035351786757272e-08,0.0,0.0,2.0,1.0,0.0,3.5999999999999996,0.00995831199043528,0.00977380851191093,0.5111210461607256,0.6373418199418381,0.0005412229334320833,125.0,1.2493107887649861,21.50176937791259,0.9950745350439292,,,,,,0.0
2026-04-22 04:00:00+00:00,0.9999999913532202,8.546779830401346e-09,0.0,0.0,2.0,1.0,0.0,6.0,0.010055548909718628,0.009863462431066573,0.6165512404663812,0.7091582588756622,0.0005392838739258098,125.0,1.2130001055877826,21.42675669170703,0.9862612908389967,,,,,,0.0
2026-04-22 08:00:00+00:00,0.9999998499238837,1.4997611632427168e-07,0.0,0.0,2.0,1.0,0.0,4.0,0.009983192599893493,0.00960108832825531,0.7824853749335231,0.7143221309180244,0.0005375703412539239,125.0,1.1782497826320346,20.970554416982395,0.9817845616602006,,,,,,0.0
2026-04-22 12:00:00+00:00,0.9999999059720868,9.392791336395806e-08,0.0,0.0,2.0,1.0,0.0,4.0,0.009974245610703206,0.009323140530904519,1.0,0.6663130531341968,0.0005374004605295141,125.0,1.1423616050295355,20.49151400608858,0.9828062265721728,,,,,,0.0
2026-04-22 16:00:00+00:00,0.9999956466761533,4.353223847224965e-06,0.0,0.0,2.0,1.0,0.0,0.8,0.009588016116526156,0.00905943243512657,0.8559999999999987,0.6772935680698144,0.0005374683116296114,125.0,1.1022573259116397,20.107953611853496,0.988409838377222,,,,,,0.0
2026-04-22 20:00:00+00:00,0.9999999242420561,7.565794397833624e-08,0.0,0.0,2.0,1.0,0.0,1.2,0.00966520446309031,0.009114784880569255,0.14860014357501644,0.6714104446778443,0.0005390881612299059,125.0,1.0420808568828197,20.107953611853496,0.9948087631566026,,,,,,0.0
2026-04-23 00:00:00+00:00,0.9999999622987369,3.760126319410655e-08,0.0,0.0,2.0,1.0,0.0,3.5999999999999996,0.009914090396879516,0.009495500153975506,0.6484579194981653,0.7479024939181576,0.0005409787976804303,125.0,1.0204927329831683,20.17915824472632,0.9769624425948226,,,,,,0.0
2026-04-23 04:00:00+00:00,0.9999850101626896,1.4989737311829338e-05,0.0,0.0,2.0,1.0,0.0,2.4,0.009859755058920684,0.009212276743405344,0.7676569506726472,0.7313872413600508,0.0005370226004015549,125.0,0.9755940502972129,21.027753647657907,0.9578950269766311,,,,,,0.0
2026-04-23 08:00:00+00:00,0.9999993363524123,6.635475876993685e-07,0.0,0.0,2.0,1.0,0.0,4.0,0.009901586734877088,0.009066968603953882,0.921370470791224,0.6594175089805789,0.0005378825842599143,125.0,0.9302606191530456,22.347084329991198,0.9623275199791043,,,,,,0.0
2026-04-23 12:00:00+00:00,0.9999878110981899,1.2188801811347494e-05,0.0,0.0,2.0,1.0,0.0,4.3999999999999995,0.009903451208707488,0.008802045434520709,0.8129405840886142,0.6509351782933387,0.0005369829999656602,125.0,0.8851316476013109,22.968777223179817,0.9863634589794714,,,,,,0.0
2026-04-23 16:00:00+00:00,0.9999985894133963,1.4104866038254718e-06,0.0,0.0,2.0,1.0,0.0,3.5999999999999996,0.009890332354635585,0.008800806521087513,0.8047819232790263,0.7365841685831229,0.0005385392412964524,125.0,0.8288340260953012,22.968777223179817,0.9879842395489686,,,,,,0.0
2026-04-23 20:00:00+00:00,0.999999822303608,1.7759639203266394e-07,0.0,0.0,2.0,1.0,0.0,6.0,0.00993830717361021,0.008722871876362275,0.1784163047109892,0.6664194246517198,0.0005376918831104393,125.0,0.7761545682164872,22.425127375262143,0.9781794718275714,,,,,,0.0
2026-04-24 00:00:00+00:00,0.9999730602462586,2.693965374413113e-05,0.0,0.0,2.0,1.0,0.0,6.0,0.00993346311318465,0.008765268740334651,0.4545686249522105,0.7332168933228503,0.0005388567193778364,125.0,0.7177972283866834,21.773711554298288,0.9796336026772807,,,,,,0.0
2026-04-24 04:00:00+00:00,0.9999963235388748,3.676361125540622e-06,0.0,0.0,2.0,1.0,0.0,5.6000000000000005,0.009917413661692891,0.008505672060413432,0.2605318195398871,0.7365086455130374,0.0005372253709092245,125.0,0.6587361128442981,21.3426842010789,0.9849037298576068,,,,,,0.0
2026-04-24 08:00:00+00:00,0.9999958237109213,4.176189079098913e-06,0.0,0.0,2.0,1.0,0.0,3.2,0.009883299070677861,0.008422493256266697,0.06931947788620282,0.7160853127753922,0.0005380266357158626,125.0,0.5938749048459627,20.984724743891913,0.9827743863715234,,,,,,0.0
2026-04-24 12:00:00+00:00,0.9999996528129751,3.4708702493556067e-07,0.0,0.0,2.0,1.0,0.0,0.4,0.00801311378324849,0.00817667134871663,0.1750399999999936,0.7988677862243213,0.0005379524079237494,125.0,0.5300069445046449,20.464519266837797,0.976278380078365,,,,,,0.0
2026-04-24 16:00:00+00:00,0.9995801077896265,0.00041989211041548806,0.0,0.0,2.0,1.0,0.0,0.4,0.007979080770101829,0.00793145364605415,0.17970224365695436,0.7647419509826369,0.0005385929685561073,125.0,0.46574887458325576,19.80126510689564,0.9726374590809366,,,,,,0.0
2026-04-24 20:00:00+00:00,0.9999653326981424,3.466720186101465e-05,0.0,0.0,2.0,1.0,0.0,0.4,0.007973511577884694,0.007720374178138167,0.2081531809759206,0.8574110531419445,0.0005401322935193988,125.0,0.40756053527357083,19.13736846606323,0.9744196696274501,,,,,,0.0
2026-04-25 00:00:00+00:00,0.9993406526653641,0.0006593472347018627,0.0,0.0,2.0,1.0,0.0,0.4,0.007949339468411832,0.007495022499496531,0.2149418248622311,0.8536919750042276,0.0005431616268812404,125.0,0.423543867053673,18.601746283115624,0.9799824126728762,,,,,,0.0
2026-04-25 04:00:00+00:00,0.9995597569744538,0.0004402429255902074,0.0,0.0,2.0,1.0,0.0,0.4,0.007949309571492334,0.007271014609980511,0.6142401700318727,0.8133255253956647,0.0005502298081010904,125.0,0.7041320108016471,18.227386254839992,0.9859116549441108,,,,,,0.0
2026-04-25 08:00:00+00:00,2.0739267240010508e-10,0.9999999996926072,0.0,0.0,2.0,0.13308238561725483,0.0,0.4,0.0072565523926467704,0.0070551746534352755,0.5853797829811463,0.8182480116178352,0.00055359181475211,125.0,1.0824310464705063,17.975290806340137,0.9910303873521611,,,,,,0.0
2026-04-25 12:00:00+00:00,0.6571757560218855,0.3428242439123968,0.0,0.0,2.0,0.9649706900206654,0.0,0.4,0.00722221882906218,0.006868039930664921,0.65395614871305,0.7698684627889896,0.000551973308284763,125.0,1.36375755366096,17.837121304588386,0.995902454055373,,,,,,0.0
2026-04-25 16:00:00+00:00,0.6276577061926699,0.37234229374456435,0.0,0.0,2.0,0.9649706900206654,0.0,0.4,0.00716730466532936,0.006663017231378218,0.2990430622009524,0.7048809297071874,0.0005502056823775626,125.0,1.6864450922935426,17.837121304588386,0.9991879315857031,,,,,,0.0
2026-04-25 20:00:00+00:00,0.7255894173431914,0.2744105825842498,0.0,0.0,2.0,0.9649706900206654,0.0,0.8,0.007197576836485305,0.006535124211409765,0.031222123104362884,0.6585150501355632,0.0005489904730689271,125.0,2.001467388232614,17.838496551032947,0.998134547803343,,,,,,0.0
2026-04-26 00:00:00+00:00,0.6376469473158497,0.36235305262038564,0.0,0.0,2.0,0.9649706900206654,0.0,0.8,0.007193585790800172,0.006416551211680715,0.21944632005401837,0.5603834275954577,0.000548187352842318,125.0,2.247211361567933,17.88798663310356,0.9976685440137575,,,,,,0.0
2026-04-26 04:00:00+00:00,0.44785385544660017,0.5521461444981851,0.0,0.0,2.0,0.13308238561725483,0.0,0.4,0.007159781267821396,0.006625748654174335,0.36588380716934965,0.639130285492832,0.0005481816278479082,125.0,2.403073332062909,17.94064232830951,0.9976208256742414,,,,,,0.0
2026-04-26 08:00:00+00:00,0.8919160361049354,0.1080839638058731,0.0,0.0,2.0,0.9649706900206654,0.0,0.4,0.007110942435960567,0.006441647672155766,0.5950920245398741,0.7417673489728239,0.0005465556851360267,125.0,2.492093787432912,17.992538049576737,0.9976312959649211,,,,,,0.0
2026-04-26 12:00:00+00:00,0.7074430608153502,0.29255693911390546,0.0,0.0,2.0,0.9649706900206654,0.0,0.8,0.007154592971018903,0.0063749662725721854,0.6657352427523532,0.7052826226148327,0.0005465328279511283,125.0,2.541023278225511,18.045037711216782,0.9976213274880635,,,,,,0.0
2026-04-26 16:00:00+00:00,0.7460085805730396,0.2539914193523596,0.0,0.0,2.0,0.9649706900206654,0.0,0.4,0.006929437603300272,0.00649432890163876,0.7147966025927538,0.7689866736538838,0.0005468773547014041,125.0,2.5677365816873268,18.09767831612574,0.9976249198879859,,,,,,0.0
2026-04-26 20:00:00+00:00,0.548789604116365,0.4512103958287561,0.0,0.0,2.0,0.9649706900206654,0.0,0.4,0.006409287525663476,0.006300377976862313,1.0,0.679153656148363,0.0005458741196642786,125.0,2.583678278762387,18.150325208552434,0.9967893125532817,,,,,,0.0
2026-04-27 00:00:00+00:00,0.3844864702256617,0.6155135297127869,0.0,0.0,2.0,0.13308238561725483,0.0,0.8,0.006430114586731615,0.006642274987427185,1.0,0.7250706712313476,0.0005472792267949331,125.0,2.58776841424441,18.23899461629081,0.994909376435795,,,,,,0.0
2026-04-27 04:00:00+00:00,0.2215526222948269,0.7784473776273284,0.0,0.0,2.0,0.13308238561725483,0.0,6.800000000000001,0.008337933351238365,0.010457750072733649,0.14687137891077837,0.7649081043615876,0.0005653108014895072,125.0,2.588665040751095,18.376223807397007,0.9934840773582954,,,,,,0.0
2026-04-27 08:00:00+00:00,0.8298780229405843,0.17012197697642772,0.0,0.0,2.0,0.9649706900206654,0.0,6.800000000000001,0.008315739455650221,0.010149212068590072,0.21693690924460227,0.770530258870608,0.0005456495584014843,125.0,2.585103368331569,18.532191903869403,0.9881148954808052,,,,,,0.0
2026-04-27 12:00:00+00:00,0.5141883435609744,0.4858116563876067,0.0,0.0,2.0,0.9649706900206654,0.0,7.6,0.008849733901121759,0.010960357713239931,0.5932138284250957,0.8198715574615679,0.0005522567377047284,125.0,2.5806658246547953,18.903382860732393,0.9817940964925072,,,,,,0.0
2026-04-27 16:00:00+00:00,0.9247465339617219,0.07525346594580343,0.0,0.0,2.0,0.9649706900206654,0.0,7.6,0.008821891156173248,0.010735960051119825,0.47866904337492616,0.9822774305507914,0.0005459064418126391,125.0,2.57378007562948,19.37469906507177,0.9835470913330894,,,,,,0.0
2026-04-27 20:00:00+00:00,0.9190825066065343,0.08091749330155747,0.0,0.0,2.0,0.9649706900206654,0.0,7.6,0.008806502169172937,0.010523633592951222,0.5804648799695136,0.7394239395653263,0.0005457823200367193,125.0,2.5678655553688166,19.53804942380985,0.9937005205782459,,,,,,0.0
2026-04-28 00:00:00+00:00,0.9319321012931667,0.06806789861363993,0.0,0.0,2.0,0.9649706900206654,0.0,8.4,0.008845963578207428,0.010294171132831606,0.2747831814688773,0.7215247649557079,0.0005456912267172212,125.0,2.5588266447448182,19.53804942380985,0.9856103386055752,,,,,,0.0
2026-04-28 04:00:00+00:00,0.9691262646876357,0.03087373521545156,0.0,0.0,2.0,0.9649706900206654,0.0,8.4,0.008833212393373712,0.009985667015233608,0.3594654788418705,0.7602152116017217,0.0005449438804452669,125.0,2.548180578642744,19.02638245392595,0.9782567114791355,,,,,,0.0
2026-04-28 08:00:00+00:00,0.9574558038439338,0.04254419606032056,0.0,0.0,2.0,0.9649706900206654,0.0,9.6,0.008864456806006291,0.009768313825498852,0.015357458075902603,0.8645433107108182,0.0005452129955500192,125.0,2.5361669335448482,18.53173721542711,0.9874350885471592,,,,,,0.0
2026-04-28 12:00:00+00:00,0.9496812197818454,0.05031878012318641,0.0,0.0,2.0,0.9649706900206654,0.0,9.6,0.008851707440923576,0.00948115195494854,0.19853889127632474,0.7870129603495551,0.0005444804542460617,125.0,2.5216468759286093,18.53173721542711,0.9987251458070572,,,,,,0.0
2026-04-28 16:00:00+00:00,0.9163000933217426,0.08369990658662745,0.0,0.0,2.0,0.9649706900206654,0.0,10.4,0.008949158287299683,0.009498187867467487,0.02593341916498621,0.7510769314158292,0.000545666956290554,125.0,2.5060674465893564,18.53173721542711,0.9939822597948273,,,,,,0.0
2026-04-28 20:00:00+00:00,0.9418572265811948,0.05814277332461947,0.0,0.0,2.0,0.9649706900206654,0.0,7.6,0.008763250397006246,0.009305008273842818,0.020347761746206255,0.7305252984266223,0.0005448342216737122,125.0,2.5193795619144006,18.322361409249943,0.9838091412466037,,,,,,0.0
2026-04-29 00:00:00+00:00,0.915526158667386,0.08447384124106133,0.0,0.0,2.0,0.9649706900206654,0.0,7.6,0.008543918226081127,0.00932580807145371,0.3284193284193329,0.8618849314002283,0.0005456298135517463,125.0,2.511737020884561,17.86351848532412,0.978731968084032,,,,,,0.0
2026-04-29 04:00:00+00:00,0.879369978403551,0.12063002150851188,0.0,0.0,2.0,0.9649706900206654,0.0,7.6,0.008394325478131388,0.009134306139550024,0.6595396976712529,0.7754568248899575,0.000544509905220078,125.0,2.504908888250744,17.391995650028328,0.9810298951246313,,,,,,0.0
2026-04-29 08:00:00+00:00,0.8906888274082563,0.10931117250267486,0.0,0.0,2.0,0.9649706900206654,0.0,7.6,0.008392452826402124,0.008893543312343882,0.6755353666450364,0.7885437168318046,0.0005441542488917076,125.0,2.4975419310154146,17.057095678293276,0.987234454634576,,,,,,0.0
2026-04-29 12:00:00+00:00,0.6218430108664298,0.3781569890713859,0.0,0.0,2.0,0.9649706900206654,0.0,12.4,0.009219412078526838,0.010667664234307556,0.2576956904133655,0.730882621728587,0.0005551498800635545,125.0,2.4910950075128055,16.863415418778963,0.992445640180783,,,,,,0.0
2026-04-29 16:00:00+00:00,0.5800814432208223,0.41991855672116946,0.0,0.0,2.0,0.9649706900206654,0.0,13.200000000000001,0.009546882198235351,0.011187981694487094,0.39894601908559874,0.7783221422225985,0.0005490550003070075,125.0,2.483003631327879,16.747837957311095,0.9961885995216787,,,,,,0.0
2026-04-29 20:00:00+00:00,0.7463250085653529,0.25367499136001453,0.0,0.0,2.0,0.9649706900206654,0.0,13.600000000000001,0.009583481684720244,0.011047513205442984,0.42959027727239696,0.8110971557147469,0.000545035203355218,125.0,2.4754576271111715,16.747837957311095,0.9979758390072001,,,,,,0.0
2026-04-30 00:00:00+00:00,0.9254256202089576,0.07457437969849978,0.0,0.0,2.0,0.9649706900206654,0.0,12.8,0.009364393696274648,0.010711007908230387,0.5661325041856019,0.8258426400743134,0.0005437927407124195,125.0,2.467620836069388,16.79670400193777,0.9945677864905567,,,,,,0.0
2026-04-30 04:00:00+00:00,0.9526617045589666,0.0473382953457673,0.0,0.0,2.0,0.9649706900206654,0.0,13.200000000000001,0.009379378967251143,0.010413943498288364,0.5732820759250385,0.7544371411853085,0.0005438327548992202,125.0,2.458933379162381,16.93548629499368,0.9942261975247821,,,,,,0.0
2026-04-30 08:00:00+00:00,0.9576955336976593,0.042304466206571065,0.0,0.0,2.0,0.9649706900206654,0.0,12.8,0.009338960749920994,0.0100988858481045,0.21415929203539882,0.8266020100306117,0.000543594746365823,125.0,2.4501306856001777,17.002068424196768,0.9975646992896339,,,,,,0.0
2026-04-30 12:00:00+00:00,0.9619968639057146,0.03800313599808575,0.0,0.0,2.0,0.9649706900206654,0.0,13.200000000000001,0.009352087354785862,0.009825433772020747,0.8926397343663734,0.7089937739752598,0.000543654590967976,125.0,2.442996857586004,17.002068424196768,0.9966789652368387,,,,,,0.0
2026-04-30 16:00:00+00:00,0.8720654880642633,0.12793451184853008,0.0,0.0,2.0,0.9649706900206654,0.0,12.8,0.009266364174804307,0.00953551105714767,0.43965517241379254,0.7232771023854088,0.0005434439958025599,125.0,2.433687432632717,16.97428072976318,0.9975219079454597,,,,,,0.0
2026-04-30 20:00:00+00:00,0.7409928669186344,0.25900713300726635,0.0,0.0,2.0,0.9649706900206654,0.0,12.4,0.009182930333900729,0.009256288708050986,0.18870967741935032,0.6907170328117712,0.0005433558230141779,125.0,2.42551600603028,16.97428072976318,0.9963317494260979,,,,,,0.0
2026-05-01 00:00:00+00:00,0.8649918353372115,0.13500816457628936,0.0,0.0,2.0,0.9649706900206654,0.0,13.200000000000001,0.00925548466325372,0.009374759566160802,0.5291364380996986,0.6698956296944212,0.0005451305876858943,125.0,2.416064318217946,16.97428072976318,0.9935438316182106,,,,,,0.0
2026-05-01 04:00:00+00:00,0.9226533552399366,0.07734664466779803,0.0,0.0,2.0,0.9649706900206654,0.0,13.200000000000001,0.009252888052984798,0.009095109570353888,0.49007981755985414,0.6550872029547173,0.0005431142633699551,125.0,2.4057068417644665,16.793249749111705,0.9821662928086815,,,,,,0.0
2026-05-01 08:00:00+00:00,0.9149196642788125,0.08508033562969534,0.0,0.0,2.0,0.9649706900206654,0.0,12.8,0.00919590586778417,0.00884801834053472,0.48084513582539445,0.6071285066838795,0.000543110479083906,125.0,2.3973106101176485,16.333147661381137,0.9785421042375143,,,,,,0.0
2026-05-01 12:00:00+00:00,0.7228609397508858,0.2771390601768281,0.0,0.0,2.0,0.9649706900206654,0.0,14.799999999999999,0.009316622878579161,0.00888091414879142,0.760461285008239,0.6090559047698192,0.0005442563556368094,125.0,2.3871432381124325,15.934420271984479,0.9830410531201079,,,,,,0.0
2026-05-01 16:00:00+00:00,0.9058608424406639,0.09413915746875005,0.0,0.0,2.0,0.9649706900206654,0.0,15.2,0.009317346562832665,0.008616185476324322,0.796872372624855,0.8028286513105669,0.0005428142448239111,125.0,2.378020335305021,15.674131951004679,0.9884987264981202,,,,,,0.0
2026-05-01 20:00:00+00:00,0.7684607271976234,0.2315392727255305,0.0,0.0,2.0,0.9649706900206654,0.0,15.6,0.00932895100404951,0.008415307660532915,0.2902050113895264,0.7394505624890251,0.0005429706438486414,125.0,2.3676311257336335,15.494547747778924,0.9912172917044182,,,,,,0.0
2026-05-02 00:00:00+00:00,0.9419201556777906,0.058079844228017354,0.0,0.0,2.0,0.9649706900206654,0.0,16.400000000000002,0.009345556339879305,0.008211685331831019,0.49475383373688475,0.7931788108167939,0.0005427459561429972,125.0,2.356415818498409,15.340946573125755,0.9929214426774985,,,,,,0.0
2026-05-02 04:00:00+00:00,0.9275310058593174,0.07246899404792952,0.0,0.0,2.0,0.9649706900206654,0.0,16.8,0.009346693862772456,0.007969221239994325,0.31365313653136334,0.6961922049876702,0.0005424373622121545,125.0,2.3442744451127293,15.24380799295154,0.996756538883274,,,,,,0.0
2026-05-02 08:00:00+00:00,0.9298650755718132,0.07013492433520031,0.0,0.0,2.0,0.9649706900206654,0.0,16.8,0.009345939739278943,0.007727556647835958,0.22748447204969646,0.7120367278931675,0.00054224056293136,125.0,2.331206189596535,15.24380799295154,0.9949214914550938,,,,,,0.0
2026-05-02 12:00:00+00:00,0.7923019952003784,0.20769800472039138,0.0,0.0,2.0,0.9649706900206654,0.0,17.599999999999998,0.0093499757427546,0.007527544865579635,0.13427800269905651,0.7351772295054879,0.0005421849234346316,125.0,2.3164238693198533,15.400878588437694,0.9902909637431067,,,,,,0.0
2026-05-02 16:00:00+00:00,0.8443625669533839,0.15563743296217986,0.0,0.0,2.0,0.9649706900206654,0.0,18.0,0.009350039931341852,0.007302267605162644,0.7061188030370718,0.7463913425865806,0.00054197378857653,125.0,2.3097129708651094,15.60928178241031,0.9877761034248561,,,,,,0.0
2026-05-02 20:00:00+00:00,0.6165824019166285,0.38341759802171327,0.0,0.0,2.0,0.9649706900206654,0.0,16.0,0.009336857425162368,0.007105949222614011,0.6611740473738464,0.7727045255082841,0.0005418864178039091,125.0,2.296518688625213,15.867859674125874,0.9849352400122571,,,,,,0.0
2026-05-03 00:00:00+00:00,0.7775411855680084,0.22245881435423737,0.0,0.0,2.0,0.9649706900206654,0.0,19.6,0.009371110856607925,0.007076986930136487,0.02804333970682301,0.9870266228148025,0.0005425622400825382,125.0,2.2919011102046114,16.194344393407295,0.9828501312012473,,,,,,0.0
2026-05-03 04:00:00+00:00,0.7839887092075061,0.21601129071409514,0.0,0.0,2.0,0.9649706900206654,0.0,14.799999999999999,0.009269347293473116,0.006908166987939306,0.1909814323607388,0.717303177132752,0.0005418000639929593,125.0,2.280169056461668,16.54835851841618,0.9811898289494048,,,,,,0.0
2026-05-03 08:00:00+00:00,0.5524870060006714,0.44751299394408006,0.0,0.0,2.0,0.9649706900206654,0.0,15.2,0.009293655393261512,0.006792321873049819,0.26523729221873826,0.6968154981860575,0.0005418451822686015,125.0,2.2684987049696437,16.957002436204238,0.9780034257298684,,,,,,0.0
2026-05-03 12:00:00+00:00,0.7478431421612878,0.25215685776392793,0.0,0.0,2.0,0.9649706900206654,0.0,15.2,0.009274095147402498,0.006644136200397589,0.358974358974358,0.803388268917618,0.0005416153050127861,125.0,2.257132193050158,17.462046097203142,0.9754574862806055,,,,,,0.0
2026-05-03 16:00:00+00:00,0.8258171810118807,0.1741828189055376,0.0,0.0,2.0,0.9649706900206654,0.0,13.200000000000001,0.009196397820493881,0.006488120778658172,0.38008130081300584,0.7900444660019806,0.0005414605881433487,125.0,2.2454465664344467,18.007311210090183,0.9755312228766139,,,,,,0.0
2026-05-03 20:00:00+00:00,0.8320872367673758,0.16791276314941544,0.0,0.0,2.0,0.9649706900206654,0.0,14.000000000000002,0.009229361818899627,0.006435888504546532,0.4483788395904466,0.7875659774678668,0.0005417902349675606,125.0,2.2339398149558147,18.541082602546943,0.9766916453082323,,,,,,0.0
2026-05-04 00:00:00+00:00,0.3224439186503635,0.6775560812818809,0.0,0.0,2.0,0.13308238561725483,0.0,32.0,0.009989844675911855,0.009008601271063914,0.7458226852761969,0.738906717067341,0.0005524959452023624,125.0,2.223042453939741,19.06570051848017,0.9762427620055701,,,,,,0.0
2026-05-04 04:00:00+00:00,0.6370032191102847,0.36299678082601494,0.0,0.0,2.0,0.9649706900206654,0.0,8.799999999999999,0.00860944888091087,0.00903215772112967,0.3786167960479904,0.6817765556863843,0.0005426553052612468,125.0,2.21317853816279,19.651199643949422,0.971570412471335,,,,,,0.0
2026-05-04 08:00:00+00:00,0.6863544973966302,0.3136455025347344,0.0,0.0,2.0,0.9649706900206654,0.0,9.6,0.008782905769464902,0.00915456185189596,0.06868826096944498,0.8386626216451848,0.0005429290726769088,125.0,2.1969062858558956,20.434016524300894,0.9593147466098092,,,,,,0.0
2026-05-04 12:00:00+00:00,0.6569052916718554,0.34309470826245403,0.0,0.0,2.0,0.9649706900206654,0.0,6.800000000000001,0.008232343129319818,0.008970198991711007,0.10336184016514299,0.7494693951434921,0.0005411660455627887,125.0,2.1781159858467762,21.685275110421863,0.9457707488571294,,,,,,0.0
2026-05-04 16:00:00+00:00,0.7040070883063003,0.29599291162329905,0.0,0.0,2.0,0.9649706900206654,0.0,6.800000000000001,0.00819400824617414,0.008725211878615231,0.26025492468134404,0.7841182504058639,0.0005406393111976586,125.0,2.1601162332845347,23.323066767036938,0.936944282282377,,,,,,0.0
2026-05-04 20:00:00+00:00,0.9519750258755265,0.04802497402927589,0.0,0.0,2.0,0.9649706900206654,0.0,6.800000000000001,0.008174903644153629,0.008514140609339528,0.4977061213789434,0.7381220746711735,0.0005407634456362409,125.0,2.1618742689428636,25.299780421274466,0.9353934731784724,,,,,,0.0
2026-05-05 00:00:00+00:00,0.9396092532363696,0.06039074666966952,0.0,0.0,2.0,0.9649706900206654,0.0,9.6,0.008407589870922414,0.009010343326240159,0.21575689364096787,0.7722016792010364,0.0005439853819236705,125.0,2.148562113172472,27.329513432141667,0.9572354309064102,,,,,,0.0
2026-05-05 04:00:00+00:00,0.9711485515705582,0.028851448332326925,0.0,0.0,2.0,0.9649706900206654,0.0,9.6,0.008404449081003804,0.008737794180181009,0.6605687932359744,0.8323429891374357,0.0005403360985777872,125.0,2.13464737265969,27.81686358125507,0.9897371833988603,,,,,,0.0
2026-05-05 08:00:00+00:00,0.968938760673721,0.031061239229385147,0.0,0.0,2.0,0.9649706900206654,0.0,8.799999999999999,0.008348619506119107,0.008471774969682528,0.5650047036688645,0.8522881642897722,0.0005402105869931468,125.0,2.12063809715732,27.81686358125507,0.9874448317493085,,,,,,0.0
2026-05-05 12:00:00+00:00,0.9498043932556246,0.05019560664939483,0.0,0.0,2.0,0.9649706900206654,0.0,8.799999999999999,0.008348213853184969,0.008214604213879444,0.5142857142857157,0.7334059714124284,0.0005400887689659563,125.0,2.1060148177173206,27.191802590516694,0.9845512763197307,,,,,,0.0
2026-05-05 16:00:00+00:00,0.958731928740479,0.0412680711636479,0.0,0.0,2.0,0.9649706900206654,0.0,8.0,0.008265672560765804,0.008021401842238889,0.5139676538542267,0.7515565079562787,0.0005402970910504552,125.0,2.097409627084316,26.793355272720483,0.9905874720846105,,,,,,0.0
2026-05-05 20:00:00+00:00,0.7641609056803854,0.23583909424319852,0.0,0.0,2.0,0.9649706900206654,0.0,8.0,0.008252845644326892,0.00786170336741702,0.9002932551319617,0.5822229631765156,0.000540316849242816,125.0,2.0847715728664125,26.77554002451072,0.9964198132973356,,,,,,0.0
2026-05-06 00:00:00+00:00,0.8360082405476488,0.16399175936875046,0.0,0.0,2.0,0.9649706900206654,0.0,7.199999999999999,0.008187383181832531,0.007796633710538381,0.10150276825731172,0.643401640651513,0.0005405630484002394,125.0,2.0719777166259274,26.77554002451072,0.9912483581085347,,,,,,0.0
2026-05-06 04:00:00+00:00,0.8632787792195191,0.13672122069415296,0.0,0.0,2.0,0.9649706900206654,0.0,6.800000000000001,0.008164051564837337,0.007575203819961554,0.19222564588764973,0.6315485380359387,0.0005398293971590732,125.0,2.0589567375228497,27.148028235874552,0.9872964407954463,,,,,,0.0
2026-05-06 08:00:00+00:00,0.5318794918863425,0.46812050806046945,0.0,0.0,2.0,0.9649706900206654,0.0,12.8,0.008502907014006671,0.00833508132954869,0.36689741976084794,0.5409638130256488,0.0005438746340684291,125.0,2.0449474481463454,27.619408134590792,0.9897509116929646,,,,,,0.0
2026-05-06 12:00:00+00:00,0.6681514082885259,0.3318485916446589,0.0,0.0,2.0,0.9649706900206654,0.0,8.4,0.008208647597085407,0.009647408071662995,0.10587847851144472,0.609308985800108,0.000547340637053967,125.0,2.029232030167811,27.619408134590792,0.9941883514224565,,,,,,0.0
2026-05-06 16:00:00+00:00,0.9033640736179659,0.09663592629169768,0.0,0.0,2.0,0.9649706900206654,0.0,4.8,0.007734435928249428,0.009418162009967833,0.10195981146117504,0.5955209769972577,0.0005398947845507198,125.0,2.0163624989860587,27.428258358195805,0.9902836338126931,,,,,,0.0
2026-05-06 20:00:00+00:00,0.9491853641579263,0.050814635747155244,0.0,0.0,2.0,0.9649706900206654,0.0,4.8,0.007646526513338075,0.00913515010811412,0.23801560758082846,0.5731474948696437,0.0005394841569572986,125.0,2.0019756837961524,27.428258358195805,0.9893516678798855,,,,,,0.0
2026-05-07 00:00:00+00:00,0.7889177827739459,0.2110822171471623,0.0,0.0,2.0,0.9649706900206654,0.0,5.6000000000000005,0.007919413413329336,0.009359222337471175,0.37722095671981837,0.7533894802571449,0.0005418875699661234,125.0,1.9878952972294304,27.880476949598577,0.9806391253728005,,,,,,0.0
2026-05-07 04:00:00+00:00,0.8453677870713552,0.15463221284410808,0.0,0.0,2.0,0.9649706900206654,0.0,8.0,0.008030177075010211,0.00937600933781602,0.5674040788109249,0.6250450625432884,0.0005408644692672525,125.0,1.9749156839390944,28.2553226005112,0.9910766008612475,,,,,,0.0
2026-05-07 08:00:00+00:00,0.9552188537607361,0.04478114614374201,0.0,0.0,2.0,0.9649706900206654,0.0,8.4,0.008098701973907833,0.009213371892409675,0.3643981716607424,0.6973488640210675,0.0005398318549086814,125.0,1.9589686734823397,28.2553226005112,0.9897255294433553,,,,,,0.0
2026-05-07 12:00:00+00:00,0.9158603289117077,0.08413967099670619,0.0,0.0,2.0,0.9649706900206654,0.0,15.2,0.00845985913913472,0.009695192541836161,0.5174474648158877,0.676538699035329,0.0005429657560401572,125.0,1.9425275412830005,28.161271489231375,0.9929185241108579,,,,,,0.0
2026-05-07 16:00:00+00:00,0.9482497979791106,0.05175020192606446,0.0,0.0,2.0,0.9649706900206654,0.0,15.2,0.008453893184293022,0.009401148141093387,0.5335606429615238,0.6966753718382949,0.0005390541010293418,125.0,1.925970885428619,28.161271489231375,0.9800410139878756,,,,,,0.0
2026-05-07 20:00:00+00:00,0.9067244789086552,0.09327552100067228,0.0,0.0,2.0,0.9649706900206654,0.0,15.6,0.008456131026236888,0.009130520882609626,0.3926170239756499,0.6216594293122752,0.0005389841933597265,125.0,1.9086287550982006,29.13607816198401,0.9689935004811542,,,,,,0.0
2026-05-08 00:00:00+00:00,0.9528116642242633,0.04718833568045542,0.0,0.0,2.0,0.9649706900206654,0.0,12.4,0.0083270053245919,0.00894855413754218,0.9571178529755014,0.6783312388873965,0.000539220584776726,125.0,1.8921364714144275,30.37559337988848,0.9758360831056356,,,,,,0.0
2026-05-08 04:00:00+00:00,0.9408312139441333,0.05916878596178367,0.0,0.0,2.0,0.9649706900206654,0.0,12.4,0.008325784928476791,0.008679080110872421,0.8709677419354875,0.6878360036743256,0.0005387037150773514,125.0,1.8753326425571426,30.500550914501808,0.9931964831302557,,,,,,0.0
2026-05-08 08:00:00+00:00,0.9538459814632997,0.04615401844131576,0.0,0.0,2.0,0.9649706900206654,0.0,14.399999999999999,0.008366941399877512,0.008546689742628434,0.011197243755379805,0.8740854122276663,0.0005391872398958112,125.0,1.8497550884503084,30.500550914501808,0.9833868144302591,,,,,,0.0
2026-05-08 12:00:00+00:00,0.8729592708854559,0.1270407290272482,0.0,0.0,2.0,0.9649706900206654,0.0,11.200000000000001,0.008237362273696942,0.008287790625695155,0.07294658242389387,0.5910944339352071,0.0005384420927087443,125.0,1.8413724703611334,29.661811491511664,0.9756589844884299,,,,,,0.0
2026-05-08 16:00:00+00:00,0.8472867022072557,0.1527132977080157,0.0,0.0,2.0,0.9649706900206654,0.0,15.2,0.008379347309946288,0.008393341053449181,0.4807070899068641,0.5781632628829132,0.0005400676157592487,125.0,1.8228178957569248,28.73452241661783,0.9821902386876944,,,,,,0.0
2026-05-08 20:00:00+00:00,0.9462379536245141,0.053762046280861966,0.0,0.0,2.0,0.9649706900206654,0.0,15.2,0.008376430782197769,0.008193753835100024,0.5756472491909439,0.7107789488768698,0.0005384682453252141,125.0,1.803045928620409,28.492243034353397,0.9956668665317036,,,,,,0.0
2026-05-09 00:00:00+00:00,0.9194141886276427,0.08058581128041582,0.0,0.0,2.0,0.9649706900206654,0.0,15.2,0.00837334890181721,0.007990087145217782,0.6208890495121097,0.6553025571296943,0.000538361491999348,125.0,1.782613130634055,28.455593681675424,0.9953200865270254,,,,,,0.0
2026-05-09 04:00:00+00:00,0.9212949310518457,0.07870506885602493,0.0,0.0,2.0,0.9649706900206654,0.0,15.2,0.008370099644206258,0.007747062346270969,0.46698337292163367,0.6923090071284372,0.0005380095045201899,125.0,1.7601222473345253,28.1939606680364,0.98863452717321,,,,,,0.0
2026-05-09 08:00:00+00:00,0.9404417053400231,0.0595582945659327,0.0,0.0,2.0,0.9649706900206654,0.0,15.2,0.008369874191404827,0.007511077182703543,0.52168586130852,0.7709307812937825,0.0005379445730100567,125.0,1.7454052622025051,27.715909602169177,0.9882163020346384,,,,,,0.0
2026-05-09 12:00:00+00:00,0.9129710634562256,0.08702893645247738,0.0,0.0,2.0,0.9649706900206654,0.0,14.799999999999999,0.008359709834608792,0.0072884563155233735,0.06333973128600004,0.6651175696533518,0.0005378803321622227,125.0,1.7259340625593897,27.397763406472976,0.9922370108078326,,,,,,0.0
2026-05-09 16:00:00+00:00,0.8162829427885807,0.18371705712979094,0.0,0.0,2.0,0.9649706900206654,0.0,19.2,0.008413413033499503,0.007232284143609928,0.9447388342165339,0.7072410046268943,0.0005384347545877116,125.0,1.7079804126042217,27.198728226924647,0.9934532953823325,,,,,,0.0
2026-05-09 20:00:00+00:00,0.8318030356251984,0.16819696429162137,0.0,0.0,2.0,0.9649706900206654,0.0,19.6,0.008416059376262145,0.007039474965972994,0.4525968672712335,0.6752704635925361,0.0005377976749120544,125.0,1.688709441043907,26.962335801147965,0.9910761333617274,,,,,,0.0
2026-05-10 00:00:00+00:00,0.7781226551809566,0.22187734474123122,0.0,0.0,2.0,0.9649706900206654,0.0,14.799999999999999,0.0083493602091913,0.006827026510286993,0.5290836653386276,0.6924461135706862,0.0005376045463870667,125.0,1.668821852657668,26.61375330065327,0.9854511011272526,,,,,,0.0
2026-05-10 04:00:00+00:00,0.8351682566862678,0.1648317432302153,0.0,0.0,2.0,0.9649706900206654,0.0,13.600000000000001,0.008336048202971213,0.006619240699928,0.49704840613930457,0.7205974438059427,0.0005375133092349127,125.0,1.6493243055729465,26.026792179062934,0.978657663560812,,,,,,0.0
2026-05-10 08:00:00+00:00,0.779214359324208,0.2207856405978704,0.0,0.0,2.0,0.9649706900206654,0.0,12.4,0.008313249601532726,0.006437587212478834,0.1818845872899896,0.7568239950027312,0.0005374901418571511,125.0,1.6274289792647874,25.260225092183063,0.975923621565711,,,,,,0.0
2026-05-10 12:00:00+00:00,0.8933978342357946,0.1066021656748656,0.0,0.0,2.0,0.9649706900206654,0.0,22.400000000000002,0.00846258823602157,0.0067818988965817634,0.41130091984230827,0.8054028935904057,0.0005391946883412243,125.0,1.6029594581701863,24.53643806273893,0.9787472736050764,,,,,,0.0
2026-05-10 16:00:00+00:00,0.8906803992882372,0.10931960062269475,0.0,0.0,2.0,0.9649706900206654,0.0,23.200000000000003,0.008527030978217325,0.006830835215576271,0.7881457749299176,0.8522963862721954,0.0005381017275357086,125.0,1.5798944168013944,23.98374647384614,0.9841950594849513,,,,,,0.0
2026-05-10 20:00:00+00:00,0.4760486501770963,0.5239513497705086,0.0,0.0,2.0,0.13308238561725483,0.0,22.8,0.008481851054618995,0.0066483099252051935,0.8040740740740754,0.6769093540160246,0.0005372260215716709,125.0,1.5603402972049127,23.611447358595797,0.9901291938978952,,,,,,0.0
2026-05-11 00:00:00+00:00,0.5118517265113951,0.48814827343741973,0.0,0.0,2.0,0.9649706900206654,0.0,5.6000000000000005,0.007882418076381755,0.007732978160869578,0.03089947089947167,0.6156736354794423,0.0005422284020926227,125.0,1.536598495970678,23.421116800503427,0.9955723980137029,,,,,,0.0
2026-05-11 04:00:00+00:00,0.805221113898608,0.19477888602086998,0.0,0.0,2.0,0.9649706900206654,0.0,5.6000000000000005,0.007757933906901789,0.007497466863448253,0.08923213690410245,0.5163051924068681,0.0005370187025802895,125.0,1.5104396631025465,23.421116800503427,0.9985756690516766,,,,,,0.0
2026-05-11 08:00:00+00:00,0.9378819561874092,0.062118043718802474,0.0,0.0,2.0,0.9649706900206654,0.0,4.8,0.007584277215638428,0.007289474847715434,0.17253218884120833,0.5217274295720851,0.0005370018473162885,125.0,1.4832988430087557,23.45067846193839,0.992366128610654,,,,,,0.0
2026-05-11 12:00:00+00:00,0.860943736247459,0.13905626366644652,0.0,0.0,2.0,0.9649706900206654,0.0,4.8,0.007538712303974683,0.0070716387266412245,0.5914018004776805,0.5637273295181483,0.0005368646394521232,125.0,1.4591849080831432,23.784972180467264,0.9833556544492912,,,,,,0.0
2026-05-11 16:00:00+00:00,0.9605289062583217,0.039471093645625406,0.0,0.0,2.0,0.9649706900206654,0.0,5.2,0.007539980762542403,0.006895279045404788,0.5526079942642041,0.5160439939576527,0.0005369022710688286,125.0,1.4322973439408364,24.4097872407241,0.9768192610301062,,,,,,0.0
2026-05-11 20:00:00+00:00,0.9422983697823656,0.05770163012340453,0.0,0.0,2.0,0.9649706900206654,0.0,4.8,0.007516465860690804,0.006685707377214693,0.6020539152760047,0.6159602698142751,0.0005366963240639815,125.0,1.4075675854494445,25.17132615757818,0.9772745420724032,,,,,,0.0
2026-05-12 00:00:00+00:00,0.9055378555314318,0.09446214437801444,0.0,0.0,2.0,0.9649706900206654,0.0,4.8,0.007402953753543686,0.007228753391331682,0.4661406969099308,0.5871667412565565,0.0005394656326754341,125.0,1.379403291495674,25.806731332566834,0.9710094156292203,,,,,,0.0
2026-05-12 04:00:00+00:00,0.8891717868645513,0.11082821304653157,0.0,0.0,2.0,0.9649706900206654,0.0,5.2,0.00745064576782917,0.007170808369435995,0.7443773998902823,0.5433430525553944,0.0005371858143856714,125.0,1.3504977089810042,26.98960760771405,0.959593043142508,,,,,,0.0
2026-05-12 08:00:00+00:00,0.6944532324104657,0.30554676752008886,0.0,0.0,2.0,0.9649706900206654,0.0,5.6000000000000005,0.007461181661274471,0.007006137529719155,0.7687727423089586,0.6554825199578636,0.000536678604347391,125.0,1.320394461450043,28.48231518908383,0.9612663029793219,,,,,,0.0
2026-05-12 12:00:00+00:00,0.8787571275453929,0.12124287236673134,0.0,0.0,2.0,0.9649706900206654,0.0,7.6,0.007616229468795057,0.007307696596313266,1.0,0.58604351348635,0.000538355106846673,125.0,1.2903607147290077,29.67702036386205,0.9799229401020837,,,,,,0.0
2026-05-12 16:00:00+00:00,0.9167239185668916,0.08327608134143615,0.0,0.0,2.0,0.9649706900206654,0.0,9.2,0.007804178629786077,0.007513800874096946,0.5400317082837888,0.6803143148533051,0.0005381444951457719,125.0,1.2548499166537828,29.67702036386205,0.9913578669917965,,,,,,0.0
2026-05-12 20:00:00+00:00,0.9302735821688154,0.06972641773815717,0.0,0.0,2.0,0.9649706900206654,0.0,9.2,0.007803066575668704,0.007371643342303542,0.4273377744880355,0.7126929955542362,0.0005365309961044273,125.0,1.2177894351215444,29.1930712499366,0.9792070299519895,,,,,,0.0
2026-05-13 00:00:00+00:00,0.9298276836682715,0.07017231623874583,0.0,0.0,2.0,0.9649706900206654,0.0,11.600000000000001,0.007959984295917133,0.007704329021298078,0.06907227500800431,0.6732081663567391,0.0005386052808039056,125.0,1.183977088299942,28.48274656660914,0.9866323418412075,,,,,,0.0
2026-05-13 04:00:00+00:00,0.9579620131068307,0.042037986797372986,0.0,0.0,2.0,0.9649706900206654,0.0,11.600000000000001,0.007958018253802185,0.00746972249070992,0.16536715931572196,0.7082652492458835,0.00053612446456222,125.0,1.150329475326683,28.48274656660914,0.9843235426883162,,,,,,0.0
2026-05-13 08:00:00+00:00,0.9404083594913311,0.059591640414628035,0.0,0.0,2.0,0.9649706900206654,0.0,6.0,0.007504544964102092,0.007242465542726966,0.6473838154046054,0.640244305938643,0.000536064631210325,125.0,1.1134440550661102,29.337215944704447,0.9719326094739451,,,,,,0.0
2026-05-13 12:00:00+00:00,0.5008515072258481,0.49914849272406675,0.0,0.0,2.0,0.9649706900206654,0.0,14.399999999999999,0.008054019076584375,0.009956916219214754,0.4699585302343523,0.5591212225150247,0.0005496092532986417,125.0,1.0720662287329004,30.498955279013035,0.9805790744517421,,,,,,0.0
2026-05-13 16:00:00+00:00,0.8673715673590533,0.13262843255420947,0.0,0.0,2.0,0.9649706900206654,0.0,16.400000000000002,0.008190318011184769,0.009902369931147249,0.15887850467289757,0.6421698304776707,0.0005375158757274807,125.0,1.023391261480739,30.498955279013035,0.9919892258863846,,,,,,0.0
2026-05-13 20:00:00+00:00,0.9242996879095098,0.07570031199806027,0.0,0.0,2.0,0.9649706900206654,0.0,16.400000000000002,0.00818899734854157,0.009603013105940106,0.48519774011299743,0.5919404849689732,0.0005360478088456343,125.0,0.993248528516065,30.072657108501808,0.9793258795451207,,,,,,0.0
2026-05-14 00:00:00+00:00,0.8968292151009867,0.10317078480933037,0.0,0.0,2.0,0.9649706900206654,0.0,14.799999999999999,0.008054317423864149,0.00948248128141661,0.5646440516005748,0.5848111496868179,0.0005368048772573473,125.0,0.9524380912041304,29.144192981174506,0.9770516831481172,,,,,,0.0
2026-05-14 04:00:00+00:00,0.7928351233011854,0.20716487661953104,0.0,0.0,2.0,0.9649706900206654,0.0,15.2,0.008075988679812742,0.009533455329731056,0.2869606224946948,0.522025540122156,0.0005378216974600388,125.0,0.907780033262434,28.43519642651545,0.9864096672949155,,,,,,0.0
2026-05-14 08:00:00+00:00,0.9422630568737492,0.05773694303202438,0.0,0.0,2.0,0.9649706900206654,0.0,15.2,0.00806052219018772,0.009325642439978217,0.23782234957019993,0.5000777496946396,0.0005363555600387285,125.0,0.8623324770156435,28.37878306521459,0.9970930866809592,,,,,,0.0
2026-05-14 12:00:00+00:00,0.8495442611586433,0.15045573875640222,0.0,0.0,2.0,0.9649706900206654,0.0,21.6,0.008318178510931463,0.010235114380992498,0.4277811923786137,0.5965462035536201,0.000542485581814369,125.0,0.8081742607532849,28.37878306521459,0.9971673907476228,,,,,,0.0
2026-05-14 16:00:00+00:00,0.8276735799759862,0.17232641994124637,0.0,0.0,2.0,0.9649706900206654,0.0,21.6,0.008317637301053558,0.009923313626660492,0.416544808857324,0.5995976856656003,0.0005360710910282847,125.0,0.7565400999064436,28.37878306521459,0.9989699367689947,,,,,,0.0
2026-05-14 20:00:00+00:00,0.8249826704731645,0.17501732944433707,0.0,0.0,2.0,0.9649706900206654,0.0,27.200000000000003,0.008376009120877168,0.009760319119309819,0.433766782958026,0.5906792851110845,0.0005368670367412387,125.0,0.6992980216650075,28.359539501168907,0.9919862064404987,,,,,,0.0
2026-05-15 00:00:00+00:00,0.8894317378603677,0.11056826205068912,0.0,0.0,2.0,0.9649706900206654,0.0,25.6,0.008361082086141924,0.009520328436547416,0.10025897151313472,0.6021812249435295,0.0005365777966304184,125.0,0.6428319027650179,27.91800308659385,0.9801491665247436,,,,,,0.0
2026-05-15 04:00:00+00:00,0.8787609179769025,0.12123908193522151,0.0,0.0,2.0,0.9649706900206654,0.0,28.4,0.008378507445721585,0.009275408649485272,0.14194291565339984,0.6760291260328649,0.0005367385652819912,125.0,0.580146315935586,27.033644321855057,0.9703902618738616,,,,,,0.0
2026-05-15 08:00:00+00:00,0.9419018215062841,0.058098178399525795,0.0,0.0,2.0,0.9649706900206654,0.0,23.200000000000003,0.008332721177675638,0.009030287962255114,0.997084548104959,0.6555036232513365,0.0005371426891498011,125.0,0.5194923411955639,25.96465663277303,0.9690264034641289,,,,,,0.0
2026-05-15 12:00:00+00:00,0.7885372997679412,0.21146270015320512,0.0,0.0,2.0,0.9649706900206654,0.0,35.6,0.008647337630759136,0.009530153483209864,1.0,0.6441118855408187,0.0005415896703741569,125.0,0.46077461936766523,25.061848812101566,0.9730994586557874,,,,,,0.0
2026-05-15 16:00:00+00:00,0.936398373008029,0.06360162689833115,0.0,0.0,2.0,0.9649706900206654,0.0,34.0,0.008484028927672993,0.00923993182253496,0.9867877786952902,0.6936825688209701,0.0005393972039730572,125.0,0.4195326000809643,24.312267178631295,0.9762424663605771,,,,,,0.0
2026-05-15 20:00:00+00:00,0.9544230005925279,0.0455769993120298,0.0,0.0,2.0,0.9649706900206654,0.0,33.6,0.00847455948269678,0.008959681236670479,0.9329501915708815,0.7627286692363581,0.000543003059739905,125.0,0.48835085049742966,23.6462256617173,0.9753760206211064,,,,,,0.0
2026-05-16 00:00:00+00:00,0.9574982763863771,0.04250172351787304,0.0,0.0,2.0,0.9649706900206654,0.0,32.4,0.008453990086616245,0.008692883709788402,0.7979019481909567,0.763420734945139,0.0005494004571597513,125.0,0.8694614870299382,22.88883057450057,0.9698794666824082,,,,,,0.0
2026-05-16 04:00:00+00:00,0.9999999998997269,2.730464100408398e-13,0.0,0.0,2.0,0.971012604408878,0.0,37.2,0.008726948963294552,0.00919234919711021,0.869324473975631,0.6813744240085834,0.000554577870379019,125.0,1.3478902512159916,21.964361930825476,0.9649356856230838,,,,,,0.0
2026-05-16 08:00:00+00:00,0.9931660237989249,0.006833976101758469,0.0,0.0,2.0,0.971012604408878,0.0,38.4,0.008791482122246744,0.009142748197369686,0.831488754016415,0.5557124789938376,0.000550116828294559,125.0,1.7398190457865257,21.00347836710568,0.9631193237817828,,,,,,0.0
2026-05-16 12:00:00+00:00,0.9999837727195962,1.622718040536366e-05,0.0,0.0,2.0,0.971012604408878,0.0,38.800000000000004,0.0087949984803663,0.008873575076111449,0.7319378798109378,0.5317310659497171,0.0005475321590847006,125.0,2.081944565612641,20.066268426653835,0.9624657549311135,,,,,,0.0
2026-05-16 16:00:00+00:00,0.9999651426428174,3.485725718605223e-05,0.0,0.0,2.0,0.971012604408878,0.0,37.2,0.008712609472837939,0.008603292541011985,0.7732668157577797,0.5113022459335442,0.0005462865841886607,125.0,2.312348454604436,19.15778484846267,0.9621164674455329,,,,,,0.0
2026-05-16 20:00:00+00:00,0.9999752774746318,2.4722425370816737e-05,0.0,0.0,2.0,0.971012604408878,0.0,37.6,0.008716965963140163,0.00834188508438333,0.8371056852611037,0.5351490049941742,0.0005455675847659708,125.0,2.4410510280279683,18.28747140306912,0.9632759661970982,,,,,,0.0
2026-05-17 00:00:00+00:00,0.9992671767690122,0.0007328231310610414,0.0,0.0,2.0,0.971012604408878,0.0,37.6,0.00871546073308124,0.00808840390811302,0.5416143872856503,0.5096897401662984,0.0005451179349004961,125.0,2.506047615082911,17.510811860441862,0.9683133351650642,,,,,,0.0
2026-05-17 04:00:00+00:00,0.9999981612396387,1.8386603614716656e-06,0.0,0.0,2.0,0.971012604408878,0.0,38.800000000000004,0.008731519563243768,0.007859116236977938,0.9535783365571008,0.5849256759973175,0.000544940316513709,125.0,2.5384432544414413,16.927931505600718,0.9783484595490776,,,,,,0.0
2026-05-17 08:00:00+00:00,0.9999994910410553,5.088589446863626e-07,0.0,0.0,2.0,0.971012604408878,0.0,39.2,0.008754949116801213,0.007648654285782799,0.9620853080569061,0.5015518694196044,0.0005447899425501812,125.0,2.5528288699117874,16.622452761636588,0.9908628951056202,,,,,,0.0
2026-05-17 12:00:00+00:00,0.9999963441241446,3.6557758558206788e-06,0.0,0.0,2.0,0.971012604408878,0.0,36.0,0.008540823752203403,0.007442469771497814,0.37541528239200417,0.4971862040727129,0.0005445119573358197,125.0,2.5577441158816647,16.622452761636588,0.9944623059020603,,,,,,0.0
2026-05-17 16:00:00+00:00,0.9999939777653745,6.022134626175402e-06,0.0,0.0,2.0,0.971012604408878,0.0,32.0,0.008444861691526803,0.007245999786769634,0.5099913119026839,0.5999408257146192,0.0005444549449982344,125.0,2.557250475657421,16.79891864505648,0.9846222861585808,,,,,,0.0
2026-05-17 20:00:00+00:00,0.21552578451454263,0.78447421540701,0.0,0.0,2.0,0.7544624737507543,0.0,54.0,0.009363525708232436,0.00989968046497796,0.6061222049503733,0.5949900084264057,0.0005570299659165229,125.0,2.5527701812502688,17.212656195110203,0.9766680687249832,,,,,,0.0
2026-05-18 00:00:00+00:00,0.4042770587558247,0.595722941184603,0.0,0.0,2.0,0.7544624737507543,0.0,45.2,0.009079555951043752,0.00970153144934208,0.7403024326101189,0.633772300770443,0.0005444962720741655,125.0,2.545301482592394,17.78152654284213,0.9712676636097235,,,,,,0.0
2026-05-18 04:00:00+00:00,0.8364441740497008,0.16355582586665482,0.0,0.0,2.0,0.971012604408878,0.0,45.6,0.009084994254331435,0.009408363236363045,0.8223752151462952,0.619491647808723,0.0005440501158911556,125.0,2.5457593805446477,18.465053849930243,0.9684004364266476,,,,,,0.0
2026-05-18 08:00:00+00:00,0.4883677951090072,0.5116322048398296,0.0,0.0,2.0,0.7544624737507543,0.0,46.0,0.009156760494079775,0.00925377019940743,0.5525623487319757,0.653541015288357,0.0005446759019477607,125.0,2.537999050027903,19.21194060328082,0.9680930805742085,,,,,,0.0
2026-05-18 12:00:00+00:00,0.07323589125765226,0.9267641086496713,0.0,0.0,2.0,0.7544624737507543,0.0,50.4,0.009290205671704369,0.009473342043176193,0.7340609840609857,0.7043684957718507,0.0005460789627459993,125.0,2.53292426150461,19.966776041624094,0.9715460542243378,,,,,,0.0
2026-05-18 16:00:00+00:00,0.14142678393243194,0.8585732159817108,0.0,0.0,2.0,0.7544624737507543,0.0,57.199999999999996,0.009404519039306418,0.009413643695074497,0.0752718148870933,0.654272709254679,0.0005450671810711406,125.0,2.5252096221655287,20.598919798339985,0.9792471684091701,,,,,,0.0
2026-05-18 20:00:00+00:00,0.9999005756603029,9.94242397069474e-05,0.0,0.0,2.0,0.971012604408878,0.0,57.599999999999994,0.009424579877724635,0.009141635996901657,0.17749999999999488,0.5067637617377458,0.000543733575899507,125.0,2.516843631056652,21.00156054407178,0.9858401120199174,,,,,,0.0
2026-05-19 00:00:00+00:00,0.9999308099095607,6.918999044615813e-05,0.0,0.0,2.0,0.971012604408878,0.0,50.4,0.009276997590286051,0.008864757369715608,0.1728472658705208,0.5510027215965311,0.0005435297883554332,125.0,2.5083878192043523,21.32499398430236,0.9806593106148987,,,,,,0.0
2026-05-19 04:00:00+00:00,0.9997445802779972,0.0002554196220284085,0.0,0.0,2.0,0.971012604408878,0.0,51.6,0.009302575450490028,0.008663810685492318,0.1173708920187787,0.5823137707804977,0.0005438100669656475,125.0,2.499937246702283,21.997179182616964,0.9824033619924621,,,,,,0.0
2026-05-19 08:00:00+00:00,0.9731955065112078,0.026804493391472593,0.0,0.0,2.0,0.971012604408878,0.0,59.199999999999996,0.009499635612545482,0.00909453179393834,0.048458149779734234,0.6076001249042918,0.000546351353911031,125.0,2.492520418208469,21.997179182616964,0.9935970043508582,,,,,,0.0
2026-05-19 12:00:00+00:00,0.9998689306063245,0.00013106929368864934,0.0,0.0,2.0,0.971012604408878,0.0,57.99999999999999,0.009393203970222063,0.008817580381737404,0.3276946432444174,0.49905616347918297,0.0005432443141292409,125.0,2.4860728154243676,21.8954514806245,0.980418795240152,,,,,,0.0
2026-05-19 16:00:00+00:00,0.9999833460478681,1.6653852133479516e-05,0.0,0.0,2.0,0.971012604408878,0.0,47.599999999999994,0.009218265991497901,0.008555582512419627,0.37573033707864334,0.4996797997565754,0.0005432501412276055,125.0,2.4829255592703907,21.20768299129214,0.9741943993226583,,,,,,0.0
2026-05-19 20:00:00+00:00,0.9999808705668707,1.9129333131072088e-05,0.0,0.0,2.0,0.971012604408878,0.0,47.599999999999994,0.009209921755803027,0.00829625310977229,0.43927765237020217,0.5882198935128231,0.0005430727354886423,125.0,2.4747676858973504,20.55432420267488,0.9788504204231685,,,,,,0.0
2026-05-20 00:00:00+00:00,0.9999576441618018,4.235573820233598e-05,0.0,0.0,2.0,0.971012604408878,0.0,45.2,0.008963750981227026,0.008043636694704873,0.8350398179749678,0.5726811780391223,0.0005429726094478269,125.0,2.4669008181915535,20.148151878626702,0.9871670076163294,,,,,,0.0
2026-05-20 04:00:00+00:00,0.9992529229783986,0.0007470769216760313,0.0,0.0,2.0,0.971012604408878,0.0,46.400000000000006,0.00910875304055058,0.008076313319802624,0.8250324815937662,0.539453571643962,0.0005442345299404801,125.0,2.458117241345589,19.928193401679962,0.9926211899145485,,,,,,0.0
2026-05-20 08:00:00+00:00,0.9999980717726519,1.9281273482641323e-06,0.0,0.0,2.0,0.971012604408878,0.0,46.400000000000006,0.009104615029023018,0.007831958016629992,0.7463738085370965,0.5410398366253808,0.0005427375563380305,125.0,2.4482130494562138,19.79061682326957,0.9948309142920173,,,,,,0.0
2026-05-20 12:00:00+00:00,0.9999890709018897,1.092899811133087e-05,0.0,0.0,2.0,0.971012604408878,0.0,16.0,0.008084762502137037,0.007653321563780675,0.7928934010152302,0.6041016835592078,0.0005429876842518483,125.0,2.4434944898392845,19.67791892354495,0.9949991380404345,,,,,,0.0
2026-05-20 16:00:00+00:00,0.9999753439633751,2.4655936627498498e-05,0.0,0.0,2.0,0.971012604408878,0.0,11.200000000000001,0.007935152347285663,0.007425570147088562,0.8835772357723601,0.6410761855004474,0.0005426468906240455,125.0,2.437214859091363,19.549798505225315,0.994631225114949,,,,,,0.0
2026-05-20 20:00:00+00:00,0.9999721723895829,2.782751041985012e-05,0.0,0.0,2.0,0.971012604408878,0.0,11.600000000000001,0.007942976550470448,0.007282726836223317,0.45017526289434134,0.5787481430554343,0.0005427817669429965,125.0,2.429534124246428,19.420828427228347,0.995549365460973,,,,,,0.0
2026-05-21 00:00:00+00:00,0.9998385123667548,0.000161487533261458,0.0,0.0,2.0,0.971012604408878,0.0,14.399999999999999,0.008003930502197417,0.007300147269472655,0.4211913547706904,0.645883629624951,0.0005435068445263544,125.0,2.421158075363161,19.339711826857002,0.9978518128779553,,,,,,0.0
2026-05-21 04:00:00+00:00,0.9999600430210429,3.995687896098512e-05,0.0,0.0,2.0,0.971012604408878,0.0,10.4,0.00782110684798449,0.007182996646123668,0.1416472580986672,0.6703034305799932,0.0005426908052963852,125.0,2.4128013297771482,19.339711826857002,0.9966056727795997,,,,,,0.0
2026-05-21 08:00:00+00:00,0.9982221656377814,0.001777834262396355,0.0,0.0,2.0,0.971012604408878,0.0,11.200000000000001,0.007899109645259963,0.007335801498422633,0.3670628183361577,0.6261057320520228,0.0005435580049118273,125.0,2.4043840589627603,19.472395533308426,0.990499786519841,,,,,,0.0
2026-05-21 12:00:00+00:00,0.999811682754808,0.0001883171452108229,0.0,0.0,2.0,0.971012604408878,0.0,4.8,0.007330980878535005,0.007387179690086995,0.09209277092092663,0.5952673423757207,0.0005434505624916405,125.0,2.395381957675996,19.772376109129976,0.9902929042065567,,,,,,0.0
2026-05-21 16:00:00+00:00,0.9976709244970342,0.0023290754031987516,0.0,0.0,2.0,0.971012604408878,0.0,5.2,0.007401072909717121,0.007266608967434379,0.18017897689328402,0.5710826667638028,0.0005426185343962342,125.0,2.3861079499279283,19.870963405561312,0.9966384505646302,,,,,,0.0
2026-05-21 20:00:00+00:00,0.9998398562950294,0.00016014360498659938,0.0,0.0,2.0,0.971012604408878,0.0,5.2,0.0073708283992981434,0.007125567641519689,0.1762976032936295,0.5885438322032025,0.0005422462254238112,125.0,2.3762393686115977,19.870963405561312,0.9943671443268407,,,,,,0.0
2026-05-22 00:00:00+00:00,0.999966775679817,3.3224220186344634e-05,0.0,0.0,2.0,0.971012604408878,0.0,5.6000000000000005,0.007378290904504784,0.006924414768560667,0.04560260586318767,0.5702037336354898,0.0005420313441199411,125.0,2.3673169454840512,19.672416109510333,0.9889128299021904,,,,,,0.0
2026-05-22 04:00:00+00:00,0.9999274635320323,7.25363679748728e-05,0.0,0.0,2.0,0.971012604408878,0.0,6.0,0.007384025543437427,0.006799402785518819,0.26402835203780006,0.5255604765151373,0.0005420674432986651,125.0,2.3576427517080663,19.343245697419114,0.9842973785527384,,,,,,0.0
2026-05-22 08:00:00+00:00,0.9999952060883547,4.793811645706688e-06,0.0,0.0,2.0,0.971012604408878,0.0,6.4,0.007387749459675821,0.006596950093145082,0.048527349228611884,0.5664062096087283,0.0005417838303984812,125.0,2.347368052872237,18.931022747738748,0.9843232960413925,,,,,,0.0
2026-05-22 12:00:00+00:00,0.9999878848237884,1.2115076212681126e-05,0.0,0.0,2.0,0.971012604408878,0.0,1.6,0.0070788505348375495,0.0065239489370107415,0.6536436686062636,0.6064919344706037,0.0005419943891081185,125.0,2.3378737012973883,18.61725763523672,0.9890920488363181,,,,,,0.0
2026-05-22 16:00:00+00:00,0.8713629158771222,0.12863708403574156,0.0,0.0,2.0,0.971012604408878,0.0,18.8,0.008030027953085536,0.008936403004587274,0.8450669310857715,0.5284408647921459,0.0005519210570432763,125.0,2.3280636314089946,18.438518956967265,0.9909189693283024,,,,,,0.0
2026-05-22 20:00:00+00:00,0.8664726807049649,0.13352731920838792,0.0,0.0,2.0,0.971012604408878,0.0,18.8,0.00802725918279214,0.008664281444056074,0.9340002598414864,0.513003129168538,0.0005415771558540607,125.0,2.317222436571842,18.2085614065719,0.987884709521763,,,,,,0.0
2026-05-23 00:00:00+00:00,0.9643759076719521,0.035624092231610276,0.0,0.0,2.0,0.971012604408878,0.0,20.0,0.008038524831417941,0.008420288266574483,0.7949779249448057,0.5564853463276322,0.0005416316175668276,125.0,2.306354738442889,17.90079928586757,0.9879599579953277,,,,,,0.0
2026-05-23 04:00:00+00:00,0.09234301920890471,0.9076569807003296,0.0,0.0,2.0,0.7544624737507543,0.0,27.200000000000003,0.008311915791682839,0.009609857376522172,0.9064939673527328,0.6694536315837034,0.0005477880431738952,125.0,2.2960027893359296,17.701223701533777,0.9944344830613551,,,,,,0.0
2026-05-23 08:00:00+00:00,0.2238901311586969,0.7761098687636921,0.0,0.0,2.0,0.7544624737507543,0.0,26.8,0.00826377190009054,0.009324092306845016,0.8420045906656466,0.7578036220952714,0.0005414362896158624,125.0,2.285515803283563,17.701223701533777,0.9839879924740557,,,,,,0.0
2026-05-23 12:00:00+00:00,0.29593853268487963,0.7040614672447142,0.0,0.0,2.0,0.7544624737507543,0.0,44.4,0.008603935878661196,0.009683201946558053,0.06492527941730623,0.6813725133152863,0.0005450663837763273,125.0,2.2765084316483475,18.299332878816116,0.9632008678412574,,,,,,0.0
2026-05-23 16:00:00+00:00,0.9708321733522808,0.029167826550635854,0.0,0.0,2.0,0.971012604408878,0.0,47.199999999999996,0.008729200812020185,0.009603725945522681,0.1196927229315915,0.6907416893283794,0.0005425864093888935,125.0,2.2662522962047373,19.34401732747413,0.954158241034479,,,,,,0.0
2026-05-23 20:00:00+00:00,0.009812825895775675,0.9901871740052056,0.0,0.0,2.0,0.7544624737507543,0.0,60.4,0.009276514213561855,0.010434406559056243,0.35635673624288633,0.7805752804887661,0.0005477911737794198,125.0,2.2570046735819096,20.474088987768,0.9475305823991161,,,,,,0.0
2026-05-24 00:00:00+00:00,0.79736106401914,0.20263893590112395,0.0,0.0,2.0,0.971012604408878,0.0,61.199999999999996,0.00927709099418195,0.010117599208612917,1.0,0.6728833672296433,0.0005411019783996485,125.0,2.2458806398038904,21.98259673800092,0.9534505153923587,,,,,,0.0
2026-05-24 04:00:00+00:00,0.9999528302062183,4.71696937864355e-05,0.0,0.0,2.0,0.971012604408878,0.0,60.0,0.00927053156833886,0.009812553145965372,1.0,0.4900309238549327,0.0005410172915107234,125.0,2.2342981684079803,22.93910238785086,0.978990173640615,,,,,,0.0
2026-05-24 08:00:00+00:00,0.9998677449268925,0.00013225497312073018,0.0,0.0,2.0,0.971012604408878,0.0,59.599999999999994,0.009266774828436174,0.009529868939880067,1.0,0.6082379269917852,0.0005410125239074225,125.0,2.2224804327578114,22.93910238785086,0.9917577173060522,,,,,,0.0
2026-05-24 12:00:00+00:00,0.7614008931909626,0.2385991067328973,0.0,0.0,2.0,0.971012604408878,0.0,71.2,0.009494192237893702,0.00987287147560569,0.23672481854068056,0.7488963617644941,0.0005436770574054607,125.0,2.2101516876609155,22.59820206055481,0.9796629627827259,,,,,,0.0
2026-05-24 16:00:00+00:00,0.9750219939492099,0.024978005953288047,0.0,0.0,2.0,0.971012604408878,0.0,71.2,0.009490359643566601,0.0095882992260382,0.39427773900907603,0.7543536221831668,0.0005408133100473885,125.0,2.196576935393826,21.924362454387282,0.9792241877462029,,,,,,0.0
2026-05-24 20:00:00+00:00,0.9999738521539832,2.614774601951312e-05,0.0,0.0,2.0,0.971012604408878,0.0,39.2,0.008439678271762984,0.009296767981497357,0.4483568075117418,0.6164493268238542,0.0005405023907567829,125.0,2.181475222239351,21.48680073912932,0.9873642796393484,,,,,,0.0
2026-05-25 00:00:00+00:00,0.9997801747755982,0.00021982512442373164,0.0,0.0,2.0,0.971012604408878,0.0,37.6,0.008401205307935655,0.009028462805653562,0.5726381461675525,0.6049505121384489,0.0005404525339561203,125.0,2.173338656186858,21.269254757190048,0.9911582268793088,,,,,,0.0
2026-05-25 04:00:00+00:00,0.9865379905355219,0.013462009365824314,0.0,0.0,2.0,0.971012604408878,0.0,45.2,0.00854506083908466,0.009082834533927798,0.15913943176219536,0.6458356361679106,0.0005422575060978814,125.0,2.159924485837251,21.02656518323942,0.9850404995309493,,,,,,0.0
2026-05-25 08:00:00+00:00,0.9988439049813329,0.001156094918782609,0.0,0.0,2.0,0.971012604408878,0.0,43.6,0.008485235081184607,0.008807826007549148,0.5797593335390326,0.6335781040204129,0.0005402463367365016,125.0,2.1474337687360436,20.5175892757085,0.9752409033379308,,,,,,0.0
2026-05-25 12:00:00+00:00,0.999993956734406,6.043165594552712e-06,0.0,0.0,2.0,0.971012604408878,0.0,27.6,0.008308636263078314,0.008653383210075954,0.6573584905660405,0.5997272743416917,0.0005408807963854722,125.0,2.1361756586590417,19.79286563093016,0.9703706122740001,,,,,,0.0
2026-05-25 16:00:00+00:00,0.9999178749850062,8.212491500213171e-05,0.0,0.0,2.0,0.971012604408878,0.0,25.6,0.008216953432239075,0.008414516088455691,0.48178137651821984,0.5971700578057477,0.0005401421984617054,125.0,2.1269566509806186,19.080797234117448,0.9727737583095151,,,,,,0.0
2026-05-25 20:00:00+00:00,0.9999627356118254,3.726428817835007e-05,0.0,0.0,2.0,0.971012604408878,0.0,26.400000000000002,0.008233520126929603,0.00822109989565639,0.35027669604426204,0.6864565311044252,0.0005401529934409921,125.0,2.1132222205850817,18.519989383938906,0.978061591649826,,,,,,0.0
2026-05-26 00:00:00+00:00,0.9963715588701486,0.00362844103021419,0.0,0.0,2.0,0.971012604408878,0.0,32.800000000000004,0.00834605330139679,0.008277452079418476,0.48599320882852126,0.6857687984498522,0.0005409967351371854,125.0,2.1021434152169833,18.085990743709672,0.9819841205173264,,,,,,0.0
2026-05-26 04:00:00+00:00,0.9999853362609759,1.4663639025656824e-05,0.0,0.0,2.0,0.971012604408878,0.0,29.599999999999998,0.00831330278061131,0.008028431358923125,0.4098843322818025,0.5562082951197975,0.0005398924579606963,125.0,2.089626058268678,17.721850641528167,0.9842416263270689,,,,,,0.0
2026-05-26 08:00:00+00:00,0.9936236300721188,0.00637636982851869,0.0,0.0,2.0,0.971012604408878,0.0,27.200000000000003,0.008247809996116372,0.008333319834458746,0.09829619921363046,0.5423356805671999,0.0005425932400564911,125.0,2.07753318550814,17.401834150620108,0.985879631237758,,,,,,0.0
2026-05-26 12:00:00+00:00,0.8549541113650742,0.14504588854943043,0.0,0.0,2.0,0.971012604408878,0.0,49.2,0.008619208521214521,0.008990626489161385,0.383719628261113,0.5785930523635956,0.0005434817095930309,125.0,2.066082163823789,17.119923844990694,0.9874611189746536,,,,,,0.0
2026-05-26 16:00:00+00:00,0.9227150100639637,0.07728498984376474,0.0,0.0,2.0,0.971012604408878,0.0,50.0,0.00866012371856322,0.008839976083691593,0.40836289369020623,0.5932306194017348,0.0005400272576341949,125.0,2.0529589217788518,16.876084702549466,0.9889986397713568,,,,,,0.0
2026-05-26 20:00:00+00:00,0.9989989555287813,0.0010010443713189515,0.0,0.0,2.0,0.971012604408878,0.0,50.0,0.00866010466558349,0.008571029493058564,0.26150543405340376,0.5555877653150905,0.0005395297067208837,125.0,2.0390758273590985,16.66525458436518,0.9906113393321299,,,,,,0.0
2026-05-27 00:00:00+00:00,0.9994935058869306,0.0005064940131200877,0.0,0.0,2.0,0.971012604408878,0.0,50.8,0.008663463302464277,0.00832468699775803,0.3333333333333333,0.5178971926080694,0.0005394255320384818,125.0,2.024597179091549,16.493182911844436,0.9930274396144921,,,,,,0.0
2026-05-27 04:00:00+00:00,0.9939780535682861,0.006021946332316161,0.0,0.0,2.0,0.971012604408878,0.0,49.6,0.00862001917056112,0.008235137146403117,0.5739317553028042,0.6085410523590316,0.0005402740241044975,125.0,2.008136359746415,16.385670026426535,0.9961459088414841,,,,,,0.0
2026-05-27 08:00:00+00:00,0.9998308284921281,0.00016917140788873472,0.0,0.0,2.0,0.971012604408878,0.0,50.0,0.008621267837565394,0.007992487342709917,0.19136522753792534,0.6307068098353725,0.0005391916275651472,125.0,1.9939069614963618,16.342861861093176,0.9972239293731882,,,,,,0.0
2026-05-27 12:00:00+00:00,0.9999894740641169,1.0525835884103506e-05,0.0,0.0,2.0,0.971012604408878,0.0,49.2,0.008610065341440458,0.007817061849444694,0.09144542772861444,0.5794020131828236,0.0005392951604713661,125.0,1.983696869102313,16.27550303198828,0.994818072866037,,,,,,0.0
2026-05-27 16:00:00+00:00,0.9999890083832321,1.099151676888655e-05,0.0,0.0,2.0,0.971012604408878,0.0,51.2,0.008654758501520022,0.007759438528285246,0.36813312058354253,0.6260216787772448,0.0005395859972877343,125.0,1.9691701182015398,16.14031380120654,0.9942018288792487,,,,,,0.0
2026-05-27 20:00:00+00:00,0.9775178074385353,0.02248219246371277,0.0,0.0,2.0,0.971012604408878,0.0,60.4,0.008957647838491406,0.008510408407339038,0.6193353474320304,0.6289454594202667,0.0005427671734839956,125.0,1.9539257038901285,16.085170351844564,0.9976282345168784,,,,,,0.0
2026-05-28 00:00:00+00:00,0.5633930197121562,0.4366069802315045,0.0,0.0,2.0,0.971012604408878,0.0,76.8,0.009376441004077493,0.009788243551116675,1.0,0.620356743772713,0.000545738644568902,125.0,1.9396478339945877,16.085170351844564,0.996516224426407,,,,,,0.0
2026-05-28 04:00:00+00:00,0.884628502330689,0.1153714975808481,0.0,0.0,2.0,0.971012604408878,0.0,78.8,0.009458281457917397,0.009636516114029665,0.7585777777777786,0.5827523833004558,0.0005399121538960688,125.0,1.9239533591475408,16.18069385242264,0.9917183455585968,,,,,,0.0
2026-05-28 08:00:00+00:00,0.9945634791517655,0.00543652074877811,0.0,0.0,2.0,0.971012604408878,0.0,77.60000000000001,0.00937991795410771,0.009367497050031115,0.7514868697959569,0.5860237594577423,0.0005387857946381009,125.0,1.9070467112899643,16.405683947039382,0.9783056137626104,,,,,,0.0
2026-05-28 12:00:00+00:00,0.9375354604645751,0.06246453944167131,0.0,0.0,2.0,0.971012604408878,0.0,66.8,0.009262292206278295,0.00908289465427903,0.697807336589422,0.72129065577536,0.000538708743241483,125.0,1.8925425643985885,17.028936728860618,0.9604987040441273,,,,,,0.0
2026-05-28 16:00:00+00:00,0.24799719334245862,0.7520028065823411,0.0,0.0,2.0,0.7544624737507543,0.0,79.60000000000001,0.00944819893625214,0.009289593612391097,0.11276644510658002,0.7429571841755996,0.0005414549806096445,125.0,1.8759054259924304,18.05022894111527,0.9465578697209913,,,,,,0.0
2026-05-28 20:00:00+00:00,0.9952331218891702,0.004766878011306521,0.0,0.0,2.0,0.971012604408878,0.0,79.60000000000001,0.009438588454963013,0.009026664770076692,0.5748576078112329,0.5593082456699414,0.0005385425935535743,125.0,1.8589839151231118,19.398578856603756,0.9374491110785912,,,,,,0.0
2026-05-29 00:00:00+00:00,0.9999893157758192,1.0684124181953626e-05,0.0,0.0,2.0,0.971012604408878,0.0,79.60000000000001,0.009428438460759168,0.008791693361840214,0.1842601319509889,0.538282606908086,0.0005385066234935236,125.0,1.8415974350085702,21.03246584658669,0.9316622683145473,,,,,,0.0
2026-05-29 04:00:00+00:00,0.9999874634073157,1.2536492685598556e-05,0.0,0.0,2.0,0.971012604408878,0.0,80.0,0.009435138827624171,0.008541428786232173,0.4300893503984547,0.5764378252882139,0.0005385084616036281,125.0,1.8229060917574733,22.930711931141474,0.9308035456172429,,,,,,0.0
2026-05-29 08:00:00+00:00,0.9999362886430144,6.371125699179773e-05,0.0,0.0,2.0,0.971012604408878,0.0,80.0,0.009430267329042872,0.008281228214406532,0.41771527263755104,0.683606718642258,0.0005382726335267477,125.0,1.8082365607581494,24.92411856133598,0.9533538730700133,,,,,,0.0
2026-05-29 12:00:00+00:00,0.9987606251688509,0.001239374731272979,0.0,0.0,2.0,0.971012604408878,0.0,84.8,0.00963249076071857,0.008549487733930345,0.4182893763864938,0.5702963048374476,0.0005410041815544977,125.0,1.7889788991401245,25.51142832390875,0.9878427532560952,,,,,,0.0
2026-05-29 16:00:00+00:00,0.9997307862741308,0.00026921362589606325,0.0,0.0,2.0,0.971012604408878,0.0,60.0,0.008865567688825347,0.008480453704260992,0.14098750743604782,0.5406614264098623,0.0005387328984575133,125.0,1.770885500620788,25.51142832390875,0.9955950505146705,,,,,,0.0
2026-05-29 20:00:00+00:00,0.9990643908781468,0.0009356090219467615,0.0,0.0,2.0,0.971012604408878,0.0,60.0,0.008865518750602418,0.008228558803662122,0.24410810810810732,0.726065710072387,0.0005380075654713518,125.0,1.7518803735983293,25.45881477954829,0.9974373128685406,,,,,,0.0
2026-05-30 00:00:00+00:00,0.9994871147191671,0.000512885180884235,0.0,0.0,2.0,0.971012604408878,0.0,59.599999999999994,0.008858160710374574,0.007983906044132148,0.2111913357400743,0.7908939019174099,0.0005380204441755449,125.0,1.7333623141535055,25.354534945198267,0.9972534743919435,,,,,,0.0
2026-05-30 04:00:00+00:00,0.9994526847157554,0.0005473151842993055,0.0,0.0,2.0,0.971012604408878,0.0,28.799999999999997,0.008270751421199854,0.007740994035692977,0.1943762553001553,0.7494460031310042,0.00053786441118781,125.0,1.7165297754460553,25.289675976660305,0.9877117124566245,,,,,,0.0
2026-05-30 08:00:00+00:00,0.9999258700996925,7.412980031484503e-05,0.0,0.0,2.0,0.971012604408878,0.0,28.799999999999997,0.008267684855013209,0.007506612086968147,0.655204034846387,0.6909873540875121,0.0005378212489459991,125.0,1.697845511815759,24.734925729730012,0.9789144793735882,,,,,,0.0
2026-05-30 12:00:00+00:00,0.999993231654834,6.768245166743741e-06,0.0,0.0,2.0,0.971012604408878,0.0,18.0,0.007991219648225316,0.007366730821040782,0.6041412911083894,0.7178658020258724,0.0005382499083626613,125.0,1.679060282143042,24.01836142364727,0.9757425325056411,,,,,,0.0
2026-05-30 16:00:00+00:00,0.9999942145531312,5.785346869323342e-06,0.0,0.0,2.0,0.971012604408878,0.0,13.600000000000001,0.007877228034133226,0.007146439676261921,0.9276190476190289,0.7638374061939225,0.0005376914748712706,125.0,1.6602349021306075,23.30768021568476,0.9771979159918478,,,,,,0.0
2026-05-30 20:00:00+00:00,0.9999955097079216,4.490192078873495e-06,0.0,0.0,2.0,0.971012604408878,0.0,4.8,0.007236800912762968,0.0069715868854733146,0.29009193054135474,0.7072150097831025,0.0005376028222732601,125.0,1.640506397366835,22.716143938879274,0.9810548842219868,,,,,,0.0
2026-05-31 00:00:00+00:00,0.9999539591600575,4.604073994704981e-05,0.0,0.0,2.0,0.971012604408878,0.0,5.6000000000000005,0.007303261299612898,0.006890529992810466,0.5759388501163157,0.6572183394164003,0.0005381801230378922,125.0,1.6200280895632748,22.254165892060442,0.9844611868534376,,,,,,0.0
2026-05-31 04:00:00+00:00,0.9999948255209185,5.174379082062734e-06,0.0,0.0,2.0,0.971012604408878,0.0,6.0,0.0073183087303090675,0.006778860564516332,0.17187500000000214,0.6640906112340345,0.0005375758877325451,125.0,1.5978128721717275,21.869293235515993,0.9877214239270883,,,,,,0.0
2026-05-31 08:00:00+00:00,0.9994767863821555,0.0005232135178967869,0.0,0.0,2.0,0.971012604408878,0.0,5.6000000000000005,0.007299614699805476,0.006573273002190147,0.12441471571906314,0.7278678356522236,0.0005372789474309541,125.0,1.5738268718846522,21.598579981110404,0.992280134306766,,,,,,0.0
2026-05-31 12:00:00+00:00,0.9998945068170979,0.00010549308291272206,0.0,0.0,2.0,0.971012604408878,0.0,1.6,0.007053624378858633,0.006557771897720695,0.45432159566608926,0.5820216614646264,0.0005376073262586069,125.0,1.5520804978986453,21.46807015320595,0.9968397284635423,,,,,,0.0
2026-05-31 16:00:00+00:00,0.9997684725640636,0.00023152733595955586,0.0,0.0,2.0,0.971012604408878,0.0,2.0,0.007065785522142643,0.0064923347193967485,0.5073365940417922,0.5540968293762814,0.0005373803703037029,125.0,1.52996693117861,21.46807015320595,0.9989693115055438,,,,,,0.0
2026-05-31 20:00:00+00:00,0.9996274426429334,0.000372557257103808,0.0,0.0,2.0,0.971012604408878,0.0,2.8000000000000003,0.007106170631513699,0.0063619385109170805,0.6357056694813054,0.5704346181619416,0.00053741747477611,125.0,1.5036770052312574,21.497949182206668,0.997550383470918,,,,,,0.0
2026-06-01 00:00:00+00:00,0.9998078503223322,0.00019214957768694808,0.0,0.0,2.0,0.971012604408878,0.0,3.5999999999999996,0.007111864610033391,0.006173809195415256,0.42991202346041124,0.6484162610088253,0.0005370251220282322,125.0,1.481590429996844,21.5723452472387,0.9981989904785404,,,,,,0.0
2026-06-01 04:00:00+00:00,0.9830097425605276,0.01699025734117131,0.0,0.0,2.0,0.971012604408878,0.0,7.199999999999999,0.007293517441959412,0.007233024965517019,0.7063887630267325,0.6334427426062662,0.0005407568459765063,125.0,1.4563969250468152,21.5723452472387,0.9985816847970933,,,,,,0.0
2026-06-01 08:00:00+00:00,0.9966333916575056,0.003366608242831034,0.0,0.0,2.0,0.971012604408878,0.0,8.799999999999999,0.007322401982993587,0.007042976839877101,0.48978897208985667,0.6167202395865502,0.0005370847083366835,125.0,1.431927342785842,21.51567630197161,0.9975908896183382,,,,,,0.0
2026-06-01 12:00:00+00:00,0.9835930347772708,0.016406965124369826,0.0,0.0,2.0,0.971012604408878,0.0,7.199999999999999,0.00727169373774639,0.0070200719176249215,0.509649983644096,0.6480329324623264,0.000537208277485927,125.0,1.4058961565969743,21.459712098825662,0.9986313858113617,,,,,,0.0
2026-06-01 16:00:00+00:00,0.27424727165485574,0.725752728272569,0.0,0.0,2.0,0.7544624737507543,0.0,19.2,0.007905416853646423,0.008148471468199837,0.026582137693247295,0.713169519130185,0.0005430560091144652,125.0,1.380045989996278,21.44847551710029,0.999261706428536,,,,,,0.0
2026-06-01 20:00:00+00:00,0.678076536730918,0.3219234632012744,0.0,0.0,2.0,0.971012604408878,0.0,19.2,0.007901100196908194,0.007904322067885897,0.027610777109775258,0.7036614320691923,0.0005367114586088961,125.0,1.3507103226308879,21.421950853784963,0.9991495556344484,,,,,,0.0
2026-06-02 00:00:00+00:00,0.6474488414646911,0.35255115847056406,0.0,0.0,2.0,0.971012604408878,0.0,16.8,0.007802120564525351,0.007670517886238686,0.4683927370544685,0.7190152583639203,0.0005365613754436764,125.0,1.3235941041979824,21.40412789775294,0.9952225203847814,,,,,,0.0
2026-06-02 04:00:00+00:00,0.8955027906371502,0.10449720927329943,0.0,0.0,2.0,0.971012604408878,0.0,22.400000000000002,0.007952379284027868,0.007931360770634511,0.0022184523032764258,0.7620050299455522,0.0005382016797863147,125.0,1.2939999835709282,21.19730779519787,0.9891219746790684,,,,,,0.0
2026-06-02 08:00:00+00:00,0.9387622004985652,0.06123779940755849,0.0,0.0,2.0,0.971012604408878,0.0,16.0,0.007661811025480905,0.007701108996058723,0.1483253588516755,0.730800803051302,0.0005364171745485416,125.0,1.2618136734243128,20.8467346348604,0.9861753637098691,,,,,,0.0
2026-06-02 12:00:00+00:00,0.022354436081883186,0.9776455638203523,0.0,0.0,2.0,0.7544624737507543,0.0,64.0,0.008763365787489277,0.010930606532047912,0.9557305523039283,0.7320885669835637,0.0005528593536363623,125.0,1.228165174297119,20.49142719783191,0.9850110056165182,,,,,,0.0
2026-06-02 16:00:00+00:00,0.41951082031507586,0.5804891796268752,0.0,0.0,2.0,0.7544624737507543,0.0,63.2,0.008741418460798137,0.01060329711732921,1.0,0.6812701305744872,0.0005364072489576788,125.0,1.1947979986743977,20.095254349328204,0.986890909229678,,,,,,0.0
2026-06-02 20:00:00+00:00,0.025543340438252786,0.9744566594643015,0.0,0.0,2.0,0.7544624737507543,0.0,94.39999999999999,0.009604356010884645,0.012333577771099911,1.0,0.6330416018395238,0.0005478706189341097,125.0,1.1605646931257894,20.095254349328204,0.9903530347236094,,,,,,0.0
2026-06-03 00:00:00+00:00,0.29570065075081803,0.704299349178752,0.0,0.0,2.0,0.7544624737507543,0.0,96.0,0.009865076301378155,0.01268009965114688,1.0,0.6696396757611005,0.0005403513171137088,125.0,1.128528265253768,20.325126487357025,0.9695797625882944,,,,,,0.0
2026-06-03 04:00:00+00:00,0.5939756783498169,0.4060243215907855,0.0,0.0,2.0,0.971012604408878,0.0,100.0,0.010814788035822144,0.013980501263301156,0.49820574162679476,0.5837339193899144,0.0005503318518208843,125.0,1.0905462839500002,21.345678723948275,0.9527019609335644,,,,,,0.0
2026-06-03 08:00:00+00:00,0.95703646742208,0.0429635324822164,0.0,0.0,2.0,0.971012604408878,0.0,100.0,0.010820614055139637,0.013554599878655543,0.2659721716325494,0.556756178239642,0.0005363132210027583,125.0,1.0397588879032793,22.80223312020632,0.9414227854269899,,,,,,0.0
2026-06-03 12:00:00+00:00,0.9285378110411311,0.07146218886601514,0.0,0.0,2.0,0.971012604408878,0.0,100.0,0.0112495026447287,0.014242100673114426,0.4280524493387078,0.6750376365446796,0.0005435178624574084,125.0,1.005604114711252,24.628187403215307,0.9368139039339234,,,,,,0.0
2026-06-03 16:00:00+00:00,0.47993015690742075,0.5200698430405722,0.0,0.0,2.0,0.7544624737507543,0.0,100.0,0.011490275562433861,0.014529682769920702,0.35948127900324234,0.7416397247612287,0.0005409701627346103,125.0,0.9739693431148733,26.62143853029591,0.939475129011837,,,,,,0.0
2026-06-03 20:00:00+00:00,0.9107830621754944,0.0892169377334272,0.0,0.0,2.0,0.971012604408878,0.0,99.6,0.011375987974871417,0.014152740025466036,0.10883350538268713,0.6487242900611772,0.0005371826520821264,125.0,0.9333104540470818,28.572806191411594,0.9612820952306682,,,,,,0.0
2026-06-04 00:00:00+00:00,0.36519030772438754,0.6348096922121315,0.0,0.0,2.0,0.7544624737507543,0.0,98.8,0.010977889551755144,0.013732046286024127,0.7738682205289121,0.643909342438149,0.0005362529152867323,125.0,0.8888076936997408,28.91098353490559,0.9915130773386506,,,,,,0.0
2026-06-04 04:00:00+00:00,0.7905851026451022,0.20941489727583926,0.0,0.0,2.0,0.971012604408878,0.0,98.8,0.011144893980210083,0.014015644488705306,0.8342268041237118,0.7000743230303066,0.0005405155807026176,125.0,0.8446218744572083,28.91098353490559,0.9844094601975488,,,,,,0.0
2026-06-04 08:00:00+00:00,0.3730120098592655,0.6269879900780356,0.0,0.0,2.0,0.7544624737507543,0.0,99.2,0.011294276005940672,0.014052540109621675,0.8093340922026186,0.7031416512164753,0.0005388383271096996,125.0,0.7863372775972803,28.11820289876332,0.9754741646864239,,,,,,0.0
2026-06-04 12:00:00+00:00,0.22401775933434676,0.7759822405880551,0.0,0.0,2.0,0.7544624737507543,0.0,100.0,0.011596768747061578,0.0140680451964364,0.2731018852374576,0.7062564028177782,0.0005408630827404545,125.0,0.7394914161104336,27.22477687080828,0.9781145038507306,,,,,,0.0
2026-06-04 16:00:00+00:00,0.9438505724135546,0.056149427492060235,0.0,0.0,2.0,0.971012604408878,0.0,98.8,0.011370101755257487,0.01363955647102385,0.4146062271062279,0.7064271331040868,0.0005365544815715899,125.0,0.6838752198418266,26.665512858852594,0.9874093153878306,,,,,,0.0
2026-06-04 20:00:00+00:00,0.9740204216549003,0.025979578247697623,0.0,0.0,2.0,0.971012604408878,0.0,98.8,0.011370160997567283,0.01325338169893833,0.4303853865003354,0.7160021086030005,0.0005366856784204339,125.0,0.6288111289986631,26.462204247121704,0.9959486182661957,,,,,,0.0
2026-06-05 00:00:00+00:00,0.5176670159430604,0.48233298400517277,0.0,0.0,2.0,0.971012604408878,0.0,100.0,0.011794448987643627,0.01406291709468655,0.4810229348487935,0.733231318432592,0.0005445174643967625,125.0,0.5695070928302974,26.462204247121704,0.9932311703178105,,,,,,0.0
2026-06-05 04:00:00+00:00,0.005606397112474453,0.9943936027880862,0.0,0.0,2.0,0.7544624737507543,0.0,100.0,0.012433797864015248,0.01546582136492748,0.5860114951833572,0.7337986100958092,0.0005503554876434123,125.0,0.513166539141166,26.82034767191319,0.9862189208806427,,,,,,0.0
2026-06-05 08:00:00+00:00,0.6376046073175957,0.36239539261864384,0.0,0.0,2.0,0.971012604408878,0.0,100.0,0.012440720389278282,0.015174653709263262,0.9940450126981362,0.7306806787205877,0.0005394215235146524,125.0,0.4598646657108838,27.363350135930986,0.9843539218600946,,,,,,0.0
2026-06-05 12:00:00+00:00,0.0105309877429074,0.9894690121581456,0.0,0.0,2.0,0.7544624737507543,0.0,100.0,0.01324790960470325,0.017525505353691958,1.0,0.7240326892506408,0.0005630657098136114,125.0,0.450183775769274,27.86832991076546,0.9820130302960686,,,,,,0.0
