open_time,open,high,low,close,volume,close_time,quote_volume,trades,taker_buy_base,taker_buy_quote,ignore
2025-05-30 10:00:00,33.387,33.863,33.232,33.421,139406.09,2025-05-30 10:59:59.999,4673670.25192,15332,67987.59,2280649.4248900,0
2025-05-30 11:00:00,33.427,33.492,32.584,32.987,192499.31,2025-05-30 11:59:59.999,6341189.33065,16605,97923.06,3225235.8882600,0
2025-05-30 12:00:00,32.988,33.573,32.634,33.379,316007.87,2025-05-30 12:59:59.999,10475515.41778,27866,151430.60,5019483.1004700,0
2025-05-30 13:00:00,33.38,33.673,32.365,32.378,257858.77,2025-05-30 13:59:59.999,8495876.61097,30072,128190.45,4223581.7955500,0
2025-05-30 14:00:00,32.378,32.609,31.369,31.789,327790.06,2025-05-30 14:59:59.999,10443919.19916,34774,160799.92,5122153.7192100,0
2025-05-30 15:00:00,31.788,32.785,31.695,32.514,312790.55,2025-05-30 15:59:59.999,10122358.05139,37988,187054.99,6049355.0635200,0
2025-05-30 16:00:00,32.518,32.84,31.713,32.4,471241.93,2025-05-30 16:59:59.999,15224761.8163,48551,248314.14,8028552.0942900,0
2025-05-30 17:00:00,32.408,33.213,32.248,33.099,329543.46,2025-05-30 17:59:59.999,10818971.87612,40271,159268.12,5235096.3889900,0
2025-05-30 18:00:00,33.098,34.212,33.057,34.201,367784.58,2025-05-30 18:59:59.999,12399787.47364,50898,204723.45,6901971.3876600,0
2025-05-30 19:00:00,34.202,34.348,33.363,33.386,337166.67,2025-05-30 19:59:59.999,11466982.39985,42177,156003.65,5306875.0941700,0
2025-05-30 20:00:00,33.386,33.817,33.115,33.13,226862.05,2025-05-30 20:59:59.999,7586913.98877,29721,111697.87,3738200.8641000,0
2025-05-30 21:00:00,33.13,33.782,33.018,33.538,157924.23,2025-05-30 21:59:59.999,5281203.29871,20089,95346.34,3189537.0958900,0
2025-05-30 22:00:00,33.542,33.661,32.127,32.289,218774.03,2025-05-30 22:59:59.999,7216493.71231,29941,95622.02,3154396.1943900,0
2025-05-30 23:00:00,32.293,32.84,31.998,32.816,210576.97,2025-05-30 23:59:59.999,6823227.18152,29391,110874.62,3595746.1138600,0
2025-05-31 00:00:00,32.83,33.663,32.764,32.98,384810.57,2025-05-31 00:59:59.999,12772164.33298,43508,200825.14,6668029.1750900,0
2025-05-31 01:00:00,32.991,33.08,32.102,32.102,329275.54,2025-05-31 01:59:59.999,10743912.31336,35913,156682.74,5115448.3601600,0
2025-05-31 02:00:00,32.105,32.2,30.931,31.02,381653.71,2025-05-31 02:59:59.999,12074044.67,40293,177120.48,5610334.1968000,0
2025-05-31 03:00:00,31.023,31.777,30.885,31.67,276989.2,2025-05-31 03:59:59.999,8667318.1697,31722,159712.99,4997402.0251200,0
2025-05-31 04:00:00,31.67,32.217,31.101,31.896,227052.17,2025-05-31 04:59:59.999,7204553.16286,30967,123828.29,3929999.6717700,0
2025-05-31 05:00:00,31.891,32.1,31.376,31.389,210270.99,2025-05-31 05:59:59.999,6659801.41225,30767,100024.91,3169109.8386400,0
2025-05-31 06:00:00,31.39,32.019,31.357,31.939,149286.42,2025-05-31 06:59:59.999,4734999.18254,26010,81411.79,2582452.4738900,0
2025-05-31 07:00:00,31.938,31.994,31.015,31.514,239518.28,2025-05-31 07:59:59.999,7516937.17793,34663,124991.11,3921799.7831800,0
2025-05-31 08:00:00,31.514,31.716,31.099,31.145,213142.11,2025-05-31 08:59:59.999,6694683.21851,33261,101568.68,3190867.2406700,0
2025-05-31 09:00:00,31.14,31.521,30.931,31.04,173336.14,2025-05-31 09:59:59.999,5401429.21447,28273,84741.61,2642199.2844800,0
2025-05-31 10:00:00,31.046,31.324,30.724,31.317,165431.91,2025-05-31 10:59:59.999,5135767.5859,22615,75509.16,2345577.3921000,0
2025-05-31 11:00:00,31.321,31.656,31.181,31.382,134912.36,2025-05-31 11:59:59.999,4241902.81453,21033,70781.52,2226069.1546000,0
2025-05-31 12:00:00,31.382,32.412,31.362,32.386,265313.33,2025-05-31 12:59:59.999,8481426.68436,36053,145245.71,4646852.4033300,0
2025-05-31 13:00:00,32.385,32.905,32.334,32.698,317740.22,2025-05-31 13:59:59.999,10364288.58823,42829,166246.77,5424973.8256800,0
2025-05-31 14:00:00,32.697,32.977,32.239,32.838,301034.18,2025-05-31 14:59:59.999,9833836.27776,44032,157302.93,5139866.4003000,0
2025-05-31 15:00:00,32.837,33.241,32.473,32.663,423256.5,2025-05-31 15:59:59.999,13922969.61594,57154,187043.60,6153390.8305000,0
2025-05-31 16:00:00,32.662,33.17,32.541,32.916,219456.82,2025-05-31 16:59:59.999,7221081.9005,34845,105715.08,3480082.2156200,0
2025-05-31 17:00:00,32.916,32.931,32.421,32.507,155846.49,2025-05-31 17:59:59.999,5085736.70643,27387,79850.77,2605823.7835100,0
2025-05-31 18:00:00,32.511,32.907,32.401,32.903,102519.36,2025-05-31 18:59:59.999,3351996.67643,18156,48177.83,1576019.6739900,0
2025-05-31 19:00:00,32.904,33.131,32.744,32.913,123245.64,2025-05-31 19:59:59.999,4060381.02214,22567,57955.93,1909365.0176200,0
2025-05-31 20:00:00,32.91,33.005,32.711,32.78,65760.87,2025-05-31 20:59:59.999,2162509.61431,15027,32330.72,1063562.9156200,0
2025-05-31 21:00:00,32.777,33.391,32.77,33.263,161406.02,2025-05-31 21:59:59.999,5343080.08456,26122,86795.14,2873247.0138500,0
2025-05-31 22:00:00,33.264,33.411,33.003,33.026,83608.7,2025-05-31 22:59:59.999,2778118.30981,19547,42711.15,1419988.7898500,0
2025-05-31 23:00:00,33.023,33.169,32.653,32.671,107938.05,2025-05-31 23:59:59.999,3549108.95704,21205,46556.45,1531172.0414200,0
2025-06-01 00:00:00,32.671,32.91,32.522,32.646,108105.4,2025-06-01 00:59:59.999,3534757.02576,20863,56817.30,1858196.2777800,0
2025-06-01 01:00:00,32.641,32.859,32.281,32.417,104979.7,2025-06-01 01:59:59.999,3413859.61116,19807,55238.39,1796564.0405300,0
2025-06-01 02:00:00,32.417,32.667,32.157,32.592,89243.78,2025-06-01 02:59:59.999,2891359.15197,18685,46575.37,1510672.5120200,0
2025-06-01 03:00:00,32.592,32.709,32.178,32.578,109792.65,2025-06-01 03:59:59.999,3553869.22803,16918,63950.06,2069925.7247500,0
2025-06-01 04:00:00,32.577,33.088,32.383,33.02,115904.67,2025-06-01 04:59:59.999,3805438.34626,21763,61756.44,2027442.8144400,0
2025-06-01 05:00:00,33.027,33.4,32.865,33.09,163063.64,2025-06-01 05:59:59.999,5409850.51513,26913,76260.01,2530349.9586900,0
2025-06-01 06:00:00,33.089,33.245,32.506,32.563,143637.41,2025-06-01 06:59:59.999,4707814.83703,24039,68297.79,2238681.4293300,0
2025-06-01 07:00:00,32.567,32.629,32.244,32.487,102470.83,2025-06-01 07:59:59.999,3320010.99076,21063,46419.79,1504047.4817400,0
2025-06-01 08:00:00,32.487,32.517,32.129,32.426,99680.58,2025-06-01 08:59:59.999,3220319.77437,20997,56146.26,1814504.2436900,0
2025-06-01 09:00:00,32.425,32.506,31.803,32.007,190316.0,2025-06-01 09:59:59.999,6103334.57665,29380,89155.06,2859680.8707700,0
2025-06-01 10:00:00,32.009,32.109,31.632,31.79,158212.41,2025-06-01 10:59:59.999,5037104.79983,26722,69445.98,2211234.2692500,0
2025-06-01 11:00:00,31.782,32.151,31.631,31.845,146425.28,2025-06-01 11:59:59.999,4670556.75743,27879,71404.55,2278044.7233100,0
2025-06-01 12:00:00,31.843,31.986,31.505,31.756,131736.94,2025-06-01 12:59:59.999,4175035.22828,23452,65944.48,2090898.5195400,0
2025-06-01 13:00:00,31.754,32.148,31.671,31.885,121232.07,2025-06-01 13:59:59.999,3873587.45585,19529,66227.46,2116776.0468800,0
2025-06-01 14:00:00,31.89,32.369,31.89,32.031,177404.47,2025-06-01 14:59:59.999,5703756.39596,29020,93954.35,3021045.3296600,0
2025-06-01 15:00:00,32.031,32.462,31.843,32.445,130746.9,2025-06-01 15:59:59.999,4212042.76379,21756,75812.60,2443266.6982400,0
2025-06-01 16:00:00,32.443,33.313,32.351,32.944,244199.02,2025-06-01 16:59:59.999,8036722.36196,35812,142735.22,4697971.3232900,0
2025-06-01 17:00:00,32.946,33.15,32.755,33.114,95212.63,2025-06-01 17:59:59.999,3135519.26661,18751,41482.88,1366828.2062400,0
2025-06-01 18:00:00,33.112,33.22,32.55,32.922,133197.85,2025-06-01 18:59:59.999,4375094.08507,24795,66522.67,2185054.8861000,0
2025-06-01 19:00:00,32.922,33.359,32.723,33.346,85926.06,2025-06-01 19:59:59.999,2839950.48443,18177,52355.88,1731846.5077100,0
2025-06-01 20:00:00,33.347,33.851,33.2,33.41,162017.92,2025-06-01 20:59:59.999,5438685.7688,30493,82335.18,2766784.0177400,0
2025-06-01 21:00:00,33.417,34.119,33.317,34.062,160370.73,2025-06-01 21:59:59.999,5407976.55601,26096,95910.07,3237759.3846000,0
2025-06-01 22:00:00,34.061,34.158,33.663,33.923,138513.65,2025-06-01 22:59:59.999,4704802.51972,29743,61920.81,2103157.1566500,0
2025-06-01 23:00:00,33.919,34.279,33.866,34.152,93640.86,2025-06-01 23:59:59.999,3196241.1151,21330,52258.34,1784020.5648500,0
2025-06-02 00:00:00,34.156,34.347,33.73,33.798,158366.65,2025-06-02 00:59:59.999,5384715.06031,28964,61895.47,2105471.7461300,0
2025-06-02 01:00:00,33.802,33.999,33.654,33.698,74086.08,2025-06-02 01:59:59.999,2504807.64021,16967,34987.50,1183202.4765100,0
2025-06-02 02:00:00,33.698,33.75,33.416,33.47,105867.75,2025-06-02 02:59:59.999,3556381.3488,18343,49602.75,1667114.4034100,0
2025-06-02 03:00:00,33.471,33.739,33.231,33.495,104076.27,2025-06-02 03:59:59.999,3483797.59597,21132,54638.79,1829676.5668200,0
2025-06-02 04:00:00,33.493,33.604,33.248,33.3,63227.47,2025-06-02 04:59:59.999,2113130.02052,13884,28987.76,968824.2055100,0
2025-06-02 05:00:00,33.3,33.385,32.61,32.922,183502.47,2025-06-02 05:59:59.999,6045964.69741,28691,81670.96,2691925.3639300,0
2025-06-02 06:00:00,32.92,33.416,32.743,33.274,100987.35,2025-06-02 06:59:59.999,3344405.6505,19276,62776.67,2079684.1387600,0
2025-06-02 07:00:00,33.273,33.779,33.244,33.622,162205.86,2025-06-02 07:59:59.999,5435124.44461,19516,84658.35,2836857.6992000,0
2025-06-02 08:00:00,33.622,34.13,33.235,33.27,255772.38,2025-06-02 08:59:59.999,8616912.14033,37328,121106.43,4084675.2824300,0
2025-06-02 09:00:00,33.276,33.286,32.687,32.794,249049.3,2025-06-02 09:59:59.999,8196888.89554,38411,111443.76,3668211.3401400,0
2025-06-02 10:00:00,32.795,33.04,32.588,32.637,118690.87,2025-06-02 10:59:59.999,3888504.04731,27863,55326.93,1813430.5970100,0
2025-06-02 11:00:00,32.638,32.844,32.483,32.664,101900.85,2025-06-02 11:59:59.999,3327366.23251,26170,53745.95,1755841.2125900,0
2025-06-02 12:00:00,32.661,33.096,32.565,33.027,133242.79,2025-06-02 12:59:59.999,4378091.59807,23512,79621.51,2616894.9517000,0
2025-06-02 13:00:00,33.027,33.359,32.417,32.622,236833.39,2025-06-02 13:59:59.999,7782131.33436,38863,106984.16,3518919.0549500,0
2025-06-02 14:00:00,32.618,33.499,32.47,33.201,243703.65,2025-06-02 14:59:59.999,8053603.62965,39337,130161.91,4300121.4654900,0
2025-06-02 15:00:00,33.196,33.644,32.959,33.623,155655.73,2025-06-02 15:59:59.999,5192700.76769,29138,79321.11,2646363.2185600,0
2025-06-02 16:00:00,33.627,33.719,33.222,33.407,129846.97,2025-06-02 16:59:59.999,4344328.0735,24171,58420.80,1955107.5728400,0
2025-06-02 17:00:00,33.4,33.933,33.327,33.925,123581.05,2025-06-02 17:59:59.999,4164501.09445,21242,60008.74,2022727.2340600,0
2025-06-02 18:00:00,33.924,34.863,33.905,34.468,380857.01,2025-06-02 18:59:59.999,13124522.65845,58494,201319.52,6934723.1951800,0
2025-06-02 19:00:00,34.474,35.596,34.257,35.447,382856.85,2025-06-02 19:59:59.999,13392469.81156,64306,209598.17,7336501.8772600,0
2025-06-02 20:00:00,35.447,36.021,35.329,35.884,384246.77,2025-06-02 20:59:59.999,13710780.97617,60900,192601.13,6874345.5647000,0
2025-06-02 21:00:00,35.883,36.07,35.328,35.895,199190.74,2025-06-02 21:59:59.999,7114133.59294,30004,98596.06,3523131.9930500,0
2025-06-02 22:00:00,35.893,36.374,35.818,35.921,247721.25,2025-06-02 22:59:59.999,8932161.25251,41142,122958.60,4436288.3936500,0
2025-06-02 23:00:00,35.921,36.66,35.838,36.474,158541.99,2025-06-02 23:59:59.999,5756166.31112,33011,87069.69,3160977.3308400,0
2025-06-03 00:00:00,36.477,36.969,36.246,36.459,281303.66,2025-06-03 00:59:59.999,10289955.41864,42784,132325.48,4841168.0620400,0
2025-06-03 01:00:00,36.459,36.691,36.146,36.177,177175.82,2025-06-03 01:59:59.999,6446695.57584,33339,81006.93,2947844.5469000,0
2025-06-03 02:00:00,36.18,36.346,35.827,36.054,262127.29,2025-06-03 02:59:59.999,9456952.71438,35153,135269.35,4881269.1137700,0
2025-06-03 03:00:00,36.053,36.162,35.684,35.837,156176.94,2025-06-03 03:59:59.999,5608426.44978,28019,65981.78,2370721.5419200,0
2025-06-03 04:00:00,35.836,36.007,35.658,35.697,121174.34,2025-06-03 04:59:59.999,4340366.45149,24292,66970.77,2399658.2833000,0
2025-06-03 05:00:00,35.693,36.277,35.693,36.235,130885.82,2025-06-03 05:59:59.999,4710979.81996,22509,85537.52,3079209.8454000,0
2025-06-03 06:00:00,36.237,36.38,35.914,36.257,115473.39,2025-06-03 06:59:59.999,4174995.77587,22202,57917.86,2094597.9466000,0
2025-06-03 07:00:00,36.257,36.297,35.914,36.147,107805.1,2025-06-03 07:59:59.999,3894453.35579,21384,48280.88,1744676.0970600,0
2025-06-03 08:00:00,36.145,36.434,35.763,36.417,141593.74,2025-06-03 08:59:59.999,5106563.00029,25580,66888.95,2413848.5219300,0
2025-06-03 09:00:00,36.417,36.978,36.289,36.745,246763.51,2025-06-03 09:59:59.999,9040224.65456,37320,143831.19,5270546.0350400,0
2025-06-03 10:00:00,36.737,37.746,36.542,37.675,534760.2,2025-06-03 10:59:59.999,19974090.0276,80802,284937.40,10647021.3229800,0
2025-06-03 11:00:00,37.675,37.829,37.27,37.516,373395.99,2025-06-03 11:59:59.999,14029026.16643,51069,171853.32,6457752.6356300,0
2025-06-03 12:00:00,37.516,37.888,37.226,37.641,220699.9,2025-06-03 12:59:59.999,8290994.71521,38076,115323.28,4333631.6437100,0
2025-06-03 13:00:00,37.638,37.924,37.116,37.912,342034.79,2025-06-03 13:59:59.999,12865619.96939,48341,174129.47,6556080.7006000,0
2025-06-03 14:00:00,37.91,38.238,37.31,38.139,427411.23,2025-06-03 14:59:59.999,16140593.25962,60855,226112.59,8544187.7498000,0
2025-06-03 15:00:00,38.139,38.235,37.669,37.843,314415.42,2025-06-03 15:59:59.999,11941701.68029,55629,157626.54,5988245.1871800,0
2025-06-03 16:00:00,37.843,37.944,36.869,36.978,375429.96,2025-06-03 16:59:59.999,14049922.88023,55269,152129.97,5701452.8977800,0
2025-06-03 17:00:00,36.98,37.393,36.708,36.817,206869.28,2025-06-03 17:59:59.999,7666317.08991,40519,105342.74,3906768.9944700,0
2025-06-03 18:00:00,36.82,36.946,36.559,36.806,155316.82,2025-06-03 18:59:59.999,5711018.26729,33407,75302.94,2770014.1166100,0
2025-06-03 19:00:00,36.806,37.269,36.798,37.004,178625.98,2025-06-03 19:59:59.999,6627631.85871,31851,92224.78,3421288.1103400,0
2025-06-03 20:00:00,37.001,37.048,36.204,36.842,287691.36,2025-06-03 20:59:59.999,10548347.90329,48629,128400.70,4710282.3614000,0
2025-06-03 21:00:00,36.843,36.921,35.706,35.821,237017.49,2025-06-03 21:59:59.999,8593178.49654,46520,99863.46,3621664.9893500,0
2025-06-03 22:00:00,35.819,36.896,35.741,36.592,225154.95,2025-06-03 22:59:59.999,8196018.49194,44852,130047.53,4729774.1452200,0
2025-06-03 23:00:00,36.592,36.748,36.072,36.092,135478.19,2025-06-03 23:59:59.999,4931003.07322,31370,62769.25,2286176.5271800,0
2025-06-04 00:00:00,36.093,36.451,35.738,36.437,274008.35,2025-06-04 00:59:59.999,9889125.73926,51979,151058.26,5454138.4484700,0
2025-06-04 01:00:00,36.44,37.044,36.433,36.939,283667.96,2025-06-04 01:59:59.999,10443076.09667,47310,150688.01,5547648.9104600,0
2025-06-04 02:00:00,36.942,37.026,36.307,36.464,196747.76,2025-06-04 02:59:59.999,7214506.08025,35596,100747.76,3695653.9358900,0
2025-06-04 03:00:00,36.464,36.853,36.341,36.589,99025.62,2025-06-04 03:59:59.999,3628011.45577,24646,55366.77,2028534.5058600,0
2025-06-04 04:00:00,36.585,36.715,36.249,36.294,101851.09,2025-06-04 04:59:59.999,3716137.86161,23931,47169.22,1721327.0504400,0
2025-06-04 05:00:00,36.293,36.687,36.185,36.56,95597.98,2025-06-04 05:59:59.999,3480518.81866,23296,50023.80,1821644.5529200,0
2025-06-04 06:00:00,36.559,36.853,36.424,36.727,120189.75,2025-06-04 06:59:59.999,4408226.70154,24128,53299.18,1953919.3183300,0
2025-06-04 07:00:00,36.728,36.76,36.0,36.186,268253.36,2025-06-04 07:59:59.999,9719154.6633,35657,127607.69,4622511.5572100,0
2025-06-04 08:00:00,36.186,36.582,36.167,36.432,144928.14,2025-06-04 08:59:59.999,5276169.99871,30718,69248.05,2521549.2977700,0
2025-06-04 09:00:00,36.434,36.575,36.072,36.533,154261.35,2025-06-04 09:59:59.999,5606463.05918,32460,78179.43,2841258.1043600,0
2025-06-04 10:00:00,36.533,36.81,36.462,36.69,149133.9,2025-06-04 10:59:59.999,5465799.17686,26519,80112.08,2936144.2422200,0
2025-06-04 11:00:00,36.688,37.24,36.43,36.606,310562.08,2025-06-04 11:59:59.999,11448391.45431,52542,159155.70,5867670.9106400,0
2025-06-04 12:00:00,36.612,37.025,36.268,36.442,216494.69,2025-06-04 12:59:59.999,7916590.77297,42266,110455.98,4039852.6099200,0
2025-06-04 13:00:00,36.438,36.978,36.131,36.244,266423.18,2025-06-04 13:59:59.999,9736258.43099,46671,128670.64,4699436.3652600,0
2025-06-04 14:00:00,36.25,36.863,35.976,36.807,280545.67,2025-06-04 14:59:59.999,10188333.14526,49801,147323.43,5351705.6019800,0
2025-06-04 15:00:00,36.806,37.142,36.668,36.851,196795.06,2025-06-04 15:59:59.999,7265649.28591,37688,89244.71,3296440.3515800,0
2025-06-04 16:00:00,36.844,37.071,36.697,37.053,98372.46,2025-06-04 16:59:59.999,3628233.36636,22555,48302.15,1782054.9672300,0
2025-06-04 17:00:00,37.056,37.19,36.462,36.718,133072.59,2025-06-04 17:59:59.999,4894549.09849,30620,63251.27,2326636.7172700,0
2025-06-04 18:00:00,36.727,37.05,36.259,36.287,178966.78,2025-06-04 18:59:59.999,6570390.98756,29905,86238.91,3163558.8282800,0
2025-06-04 19:00:00,36.287,36.537,35.93,36.033,202864.59,2025-06-04 19:59:59.999,7347192.29597,35536,106494.64,3858751.2183300,0
2025-06-04 20:00:00,36.032,36.215,34.608,34.976,733361.17,2025-06-04 20:59:59.999,25838512.66792,91654,354345.84,12477687.8267500,0
2025-06-04 21:00:00,34.974,35.489,34.479,35.418,291672.51,2025-06-04 21:59:59.999,10184535.21844,47195,160777.69,5619952.8543600,0
2025-06-04 22:00:00,35.418,35.686,35.215,35.468,209953.57,2025-06-04 22:59:59.999,7444636.30244,32730,92371.54,3276622.7169700,0
2025-06-04 23:00:00,35.469,35.857,35.326,35.632,214473.79,2025-06-04 23:59:59.999,7646509.06183,34855,100509.10,3584285.1495600,0
2025-06-05 00:00:00,35.64,36.426,35.288,36.135,267558.33,2025-06-05 00:59:59.999,9605017.45252,47446,137278.67,4929672.3167500,0
2025-06-05 01:00:00,36.135,36.407,35.705,35.926,174294.56,2025-06-05 01:59:59.999,6275531.02436,32631,82253.64,2960575.8205900,0
2025-06-05 02:00:00,35.927,36.043,35.407,35.409,131597.36,2025-06-05 02:59:59.999,4697172.25901,27294,61095.24,2181487.3448200,0
2025-06-05 03:00:00,35.409,35.605,35.292,35.45,88007.21,2025-06-05 03:59:59.999,3119707.19146,18532,47090.58,1669518.3768900,0
2025-06-05 04:00:00,35.449,35.75,35.294,35.621,123140.43,2025-06-05 04:59:59.999,4375820.47005,25217,65793.19,2338604.5080800,0
2025-06-05 05:00:00,35.617,35.683,34.959,35.05,135583.27,2025-06-05 05:59:59.999,4771879.01687,28605,51184.20,1803022.2567200,0
2025-06-05 06:00:00,35.053,35.133,34.521,34.569,169560.22,2025-06-05 06:59:59.999,5903975.62334,34362,72669.65,2532165.5946700,0
2025-06-05 07:00:00,34.57,35.056,34.5,34.76,195261.34,2025-06-05 07:59:59.999,6792134.0614,37982,100732.62,3505343.7424600,0
2025-06-05 08:00:00,34.761,35.288,34.761,35.111,211385.19,2025-06-05 08:59:59.999,7419526.51113,36200,88071.22,3089893.4566700,0
2025-06-05 09:00:00,35.112,35.21,34.865,35.028,91907.45,2025-06-05 09:59:59.999,3219292.43668,21094,41245.26,1445212.8354800,0
2025-06-05 10:00:00,35.025,35.118,34.518,34.888,105983.64,2025-06-05 10:59:59.999,3687161.92823,24397,53188.01,1851494.8973800,0
2025-06-05 11:00:00,34.889,35.298,34.768,35.243,108192.73,2025-06-05 11:59:59.999,3796647.086,25964,61551.15,2160293.5390100,0
2025-06-05 12:00:00,35.242,35.708,34.965,35.563,254524.59,2025-06-05 12:59:59.999,8997526.19583,42047,161296.81,5704377.8649800,0
2025-06-05 13:00:00,35.563,35.683,34.647,34.713,262685.52,2025-06-05 13:59:59.999,9235299.7834,46550,118185.74,4156300.3078100,0
2025-06-05 14:00:00,34.713,35.091,34.245,34.818,514773.55,2025-06-05 14:59:59.999,17828858.15744,73991,257206.09,8915242.2180200,0
2025-06-05 15:00:00,34.818,35.111,34.498,34.965,171967.59,2025-06-05 15:59:59.999,5988522.63542,33106,85704.90,2985496.9737500,0
2025-06-05 16:00:00,34.965,34.976,33.75,33.801,379266.71,2025-06-05 16:59:59.999,12993822.10737,56756,195056.77,6682835.1990300,0
2025-06-05 17:00:00,33.804,34.509,33.793,33.981,376948.06,2025-06-05 17:59:59.999,12890566.65002,55887,187043.75,6393803.8616900,0
2025-06-05 18:00:00,33.986,34.377,33.685,34.243,349670.66,2025-06-05 18:59:59.999,11893351.50388,52405,146755.86,4996548.3882900,0
2025-06-05 19:00:00,34.245,34.285,32.907,33.516,527349.75,2025-06-05 19:59:59.999,17670293.32079,69655,219288.24,7347620.8414600,0
2025-06-05 20:00:00,33.522,33.727,32.626,32.817,687919.34,2025-06-05 20:59:59.999,22737234.09311,90742,318372.45,10529952.0212200,0
2025-06-05 21:00:00,32.818,34.279,32.688,33.986,544207.03,2025-06-05 21:59:59.999,18251331.5915,75177,325653.51,10932757.8628400,0
2025-06-05 22:00:00,33.986,34.698,33.691,34.374,336606.98,2025-06-05 22:59:59.999,11555521.66221,52203,175850.08,6035479.0432100,0
2025-06-05 23:00:00,34.374,34.64,34.0,34.024,200157.15,2025-06-05 23:59:59.999,6869525.61838,33235,85772.28,2944140.0906700,0
2025-06-06 00:00:00,34.025,34.235,33.752,34.146,205590.04,2025-06-06 00:59:59.999,6999829.28651,36339,94480.91,3218385.9841800,0
2025-06-06 01:00:00,34.146,34.281,33.722,33.745,152429.14,2025-06-06 01:59:59.999,5181916.5857,26555,64937.71,2207965.6598500,0
2025-06-06 02:00:00,33.748,34.098,33.487,34.093,179468.37,2025-06-06 02:59:59.999,6061536.5304,30301,80620.75,2724997.4198300,0
2025-06-06 03:00:00,34.093,34.497,33.917,34.481,112306.78,2025-06-06 03:59:59.999,3841507.49082,19959,64315.86,2201110.7472400,0
2025-06-06 04:00:00,34.488,35.024,34.24,34.81,232477.4,2025-06-06 04:59:59.999,8054255.79564,34568,125740.37,4357517.2769800,0
2025-06-06 05:00:00,34.808,34.991,34.391,34.967,208898.58,2025-06-06 05:59:59.999,7243978.13957,30771,108095.66,3749337.3764700,0
2025-06-06 06:00:00,34.966,34.994,34.392,34.538,196424.73,2025-06-06 06:59:59.999,6821394.03553,29972,91850.23,3189694.8280400,0
2025-06-06 07:00:00,34.539,34.889,34.507,34.632,99036.08,2025-06-06 07:59:59.999,3436886.44807,22305,51430.78,1784548.7401700,0
2025-06-06 08:00:00,34.633,34.946,34.48,34.503,147069.44,2025-06-06 08:59:59.999,5113531.76323,26327,69393.40,2413264.8876600,0
2025-06-06 09:00:00,34.503,34.756,34.291,34.63,108685.27,2025-06-06 09:59:59.999,3754364.60434,21995,58038.59,2005697.6355000,0
2025-06-06 10:00:00,34.629,34.913,34.556,34.568,100593.33,2025-06-06 10:59:59.999,3493396.58944,21244,48691.78,1691085.3449900,0
2025-06-06 11:00:00,34.566,34.731,34.362,34.435,107668.82,2025-06-06 11:59:59.999,3716704.69296,22265,58512.47,2020190.1585800,0
2025-06-06 12:00:00,34.439,34.631,34.141,34.533,225189.97,2025-06-06 12:59:59.999,7747566.37687,38463,97095.64,3341757.0989000,0
2025-06-06 13:00:00,34.539,35.527,34.53,35.131,407133.0,2025-06-06 13:59:59.999,14265055.22781,51325,230801.87,8084301.5311400,0
2025-06-06 14:00:00,35.131,35.613,34.933,35.204,412577.69,2025-06-06 14:59:59.999,14570227.19911,53719,218287.25,7709769.2190700,0
2025-06-06 15:00:00,35.198,35.232,34.626,35.008,364880.02,2025-06-06 15:59:59.999,12755780.77576,44771,200410.07,7006855.2267000,0
2025-06-06 16:00:00,35.008,35.028,34.458,34.495,124501.86,2025-06-06 16:59:59.999,4328708.52332,22074,48327.36,1681322.9670600,0
2025-06-06 17:00:00,34.495,34.631,33.415,34.26,714435.35,2025-06-06 17:59:59.999,24252631.5935,83730,353536.69,12006193.8271300,0
2025-06-06 18:00:00,34.26,34.748,34.007,34.107,194758.35,2025-06-06 18:59:59.999,6678391.79754,32315,106583.50,3657586.7856100,0
2025-06-06 19:00:00,34.107,34.228,33.513,33.792,215659.21,2025-06-06 19:59:59.999,7290576.31698,30857,89043.94,3011545.3748100,0
2025-06-06 20:00:00,33.792,34.117,33.504,33.71,134393.74,2025-06-06 20:59:59.999,4552513.2623,23816,76599.87,2596990.7160900,0
2025-06-06 21:00:00,33.71,33.962,33.545,33.823,97804.21,2025-06-06 21:59:59.999,3300776.3989,16048,50998.95,1721895.7268800,0
2025-06-06 22:00:00,33.823,33.842,33.09,33.324,183964.58,2025-06-06 22:59:59.999,6132216.71153,30743,77988.78,2599774.1256400,0
2025-06-06 23:00:00,33.325,33.417,33.081,33.333,87860.98,2025-06-06 23:59:59.999,2919771.93473,16335,44072.32,1464362.9489300,0
2025-06-07 00:00:00,33.334,33.818,33.01,33.739,179138.74,2025-06-07 00:59:59.999,5975448.49589,29314,96329.69,3218310.5912100,0
2025-06-07 01:00:00,33.734,33.842,33.355,33.504,143310.09,2025-06-07 01:59:59.999,4818563.26831,25660,66206.74,2225620.4889700,0
2025-06-07 02:00:00,33.504,33.64,33.236,33.606,165197.77,2025-06-07 02:59:59.999,5523917.69479,19862,63279.28,2117502.7795700,0
2025-06-07 03:00:00,33.606,34.196,33.509,33.986,174113.65,2025-06-07 03:59:59.999,5915137.25908,25661,89936.36,3055605.2757900,0
2025-06-07 04:00:00,33.986,34.226,33.818,34.22,78219.55,2025-06-07 04:59:59.999,2657837.40414,17836,37091.35,1261213.1987300,0
2025-06-07 05:00:00,34.216,34.3,34.062,34.14,99021.85,2025-06-07 05:59:59.999,3386461.29204,16746,52536.33,1797538.7042500,0
2025-06-07 06:00:00,34.138,34.246,33.931,34.239,70597.79,2025-06-07 06:59:59.999,2406852.48779,14539,32898.61,1121968.4940500,0
2025-06-07 07:00:00,34.239,34.326,33.933,34.02,157224.99,2025-06-07 07:59:59.999,5371517.53521,19587,46338.27,1583439.6467500,0
2025-06-07 08:00:00,34.022,34.042,33.653,33.698,135834.11,2025-06-07 08:59:59.999,4596715.09643,19292,54058.61,1828717.8827700,0
2025-06-07 09:00:00,33.698,33.771,33.474,33.626,89954.15,2025-06-07 09:59:59.999,3025805.08511,15916,37863.08,1274476.2406600,0
2025-06-07 10:00:00,33.626,34.014,33.582,33.956,108206.43,2025-06-07 10:59:59.999,3663830.93082,18179,53660.60,1816832.3269900,0
2025-06-07 11:00:00,33.954,34.023,33.743,33.852,71807.76,2025-06-07 11:59:59.999,2434582.57967,14294,36805.52,1248045.0084200,0
2025-06-07 12:00:00,33.853,34.353,33.831,34.193,149849.31,2025-06-07 12:59:59.999,5121927.19171,24149,77888.40,2662709.0944500,0
2025-06-07 13:00:00,34.199,34.487,34.064,34.329,111514.37,2025-06-07 13:59:59.999,3825582.36912,23929,60336.67,2070670.4483600,0
2025-06-07 14:00:00,34.329,34.878,34.279,34.727,243340.68,2025-06-07 14:59:59.999,8430524.15962,36720,134605.74,4663086.8737200,0
2025-06-07 15:00:00,34.728,34.933,34.65,34.687,135044.23,2025-06-07 15:59:59.999,4698425.94413,23453,60855.82,2117890.7639000,0
2025-06-07 16:00:00,34.688,34.934,34.465,34.498,128848.09,2025-06-07 16:59:59.999,4472127.7431,23529,53308.13,1851224.4289500,0
2025-06-07 17:00:00,34.501,34.979,34.467,34.591,135938.81,2025-06-07 17:59:59.999,4722749.24639,21105,66966.74,2326384.4353100,0
2025-06-07 18:00:00,34.598,34.733,34.327,34.47,120913.23,2025-06-07 18:59:59.999,4173033.34203,19057,63598.43,2195691.4911500,0
2025-06-07 19:00:00,34.469,34.622,34.369,34.38,46975.49,2025-06-07 19:59:59.999,1620379.19567,10773,24876.20,858336.0778200,0
2025-06-07 20:00:00,34.38,34.591,34.361,34.445,40812.24,2025-06-07 20:59:59.999,1407070.12972,9129,23018.36,793531.3495000,0
2025-06-07 21:00:00,34.446,34.766,34.415,34.604,56857.21,2025-06-07 21:59:59.999,1968250.2514,11379,32469.24,1123954.6868500,0
2025-06-07 22:00:00,34.603,35.162,34.603,35.129,103372.21,2025-06-07 22:59:59.999,3607083.40949,17964,64816.70,2261307.2019600,0
2025-06-07 23:00:00,35.127,35.131,34.809,34.921,63565.2,2025-06-07 23:59:59.999,2223084.29401,14631,27623.95,966132.9620200,0
2025-06-08 00:00:00,34.917,34.994,34.563,34.563,69453.23,2025-06-08 00:59:59.999,2413376.27175,13518,28495.47,989994.8554800,0
2025-06-08 01:00:00,34.564,34.891,34.491,34.689,120590.47,2025-06-08 01:59:59.999,4180129.42112,18634,65730.63,2277660.1261500,0
2025-06-08 02:00:00,34.689,35.0,34.595,34.785,68944.21,2025-06-08 02:59:59.999,2399424.85028,16062,34455.72,1199049.4496100,0
2025-06-08 03:00:00,34.785,35.374,34.781,35.214,150778.34,2025-06-08 03:59:59.999,5301095.37942,22666,76504.90,2690111.7824300,0
2025-06-08 04:00:00,35.214,35.377,35.022,35.263,86346.51,2025-06-08 04:59:59.999,3039133.91488,17012,45048.60,1586163.3680000,0
2025-06-08 05:00:00,35.264,35.386,35.072,35.088,95255.81,2025-06-08 05:59:59.999,3356769.62707,17956,45681.52,1610524.9577000,0
2025-06-08 06:00:00,35.088,35.251,34.881,34.884,82828.67,2025-06-08 06:59:59.999,2903194.04995,16500,36020.26,1263350.4999900,0
2025-06-08 07:00:00,34.885,35.439,34.841,35.39,115656.28,2025-06-08 07:59:59.999,4069455.36693,19281,68115.73,2397740.8922200,0
2025-06-08 08:00:00,35.39,35.521,35.216,35.263,135063.24,2025-06-08 08:59:59.999,4781542.66022,20697,56970.81,2017995.9296300,0
2025-06-08 09:00:00,35.263,35.296,35.031,35.054,137135.45,2025-06-08 09:59:59.999,4821082.50479,24463,74573.60,2621916.0572100,0
2025-06-08 10:00:00,35.056,35.45,34.749,35.384,175193.65,2025-06-08 10:59:59.999,6147586.56664,27455,85886.51,3015782.5597000,0
2025-06-08 11:00:00,35.387,35.525,35.222,35.485,122247.93,2025-06-08 11:59:59.999,4328344.5174,20861,64349.78,2279249.7754200,0
2025-06-08 12:00:00,35.485,35.588,35.304,35.333,110391.46,2025-06-08 12:59:59.999,3915039.612,20430,48730.21,1728935.1613800,0
2025-06-08 13:00:00,35.336,35.445,34.909,34.95,268625.85,2025-06-08 13:59:59.999,9438081.19561,35791,131025.14,4602979.3558000,0
2025-06-08 14:00:00,34.948,35.21,34.9,35.197,111105.47,2025-06-08 14:59:59.999,3894938.23081,19435,64702.27,2268735.5420800,0
2025-06-08 15:00:00,35.191,35.321,35.111,35.213,89826.5,2025-06-08 15:59:59.999,3162819.18036,15697,37725.64,1328638.4236000,0
2025-06-08 16:00:00,35.208,35.898,35.178,35.823,215113.62,2025-06-08 16:59:59.999,7665875.86322,30317,110865.82,3950880.1700800,0
2025-06-08 17:00:00,35.824,36.217,35.641,35.919,238540.18,2025-06-08 17:59:59.999,8573850.79929,34596,126645.16,4555005.6347300,0
2025-06-08 18:00:00,35.913,36.328,35.827,36.169,198921.59,2025-06-08 18:59:59.999,7185735.97935,34367,97146.06,3510262.7407600,0
2025-06-08 19:00:00,36.169,36.216,35.95,35.987,85759.5,2025-06-08 19:59:59.999,3092648.75772,17382,40762.12,1470262.9310200,0
2025-06-08 20:00:00,35.987,36.06,35.715,35.824,90528.78,2025-06-08 20:59:59.999,3249538.48417,16915,42373.86,1521246.3993700,0
2025-06-08 21:00:00,35.823,36.077,35.82,35.858,74516.32,2025-06-08 21:59:59.999,2678080.66136,14263,41777.37,1501712.8106000,0
2025-06-08 22:00:00,35.859,35.885,35.196,35.269,208976.82,2025-06-08 22:59:59.999,7422278.98466,30028,93492.69,3320623.1470800,0
2025-06-08 23:00:00,35.268,35.462,34.8,34.984,219357.18,2025-06-08 23:59:59.999,7703054.01557,31536,95415.77,3354425.3616000,0
2025-06-09 00:00:00,34.987,35.098,34.706,34.999,231442.06,2025-06-09 00:59:59.999,8072710.8941,31929,111695.77,3897630.2334100,0
2025-06-09 01:00:00,34.996,35.207,34.809,34.988,161543.65,2025-06-09 01:59:59.999,5650992.10936,24862,90786.21,3176790.1689600,0
2025-06-09 02:00:00,34.989,35.435,34.926,35.327,126054.86,2025-06-09 02:59:59.999,4442057.61108,20029,71733.00,2528480.8029200,0
2025-06-09 03:00:00,35.328,35.592,35.141,35.497,150759.16,2025-06-09 03:59:59.999,5334091.93786,19890,78739.81,2786660.6111700,0
2025-06-09 04:00:00,35.496,35.666,34.951,35.109,206048.7,2025-06-09 04:59:59.999,7269350.53355,28090,93441.13,3298754.5933500,0
2025-06-09 05:00:00,35.106,35.144,34.886,35.027,96926.71,2025-06-09 05:59:59.999,3393434.60538,15404,48901.25,1712198.4813900,0
2025-06-09 06:00:00,35.023,35.294,34.761,35.238,142846.15,2025-06-09 06:59:59.999,5000600.1335,20286,73386.46,2570852.3199700,0
2025-06-09 07:00:00,35.237,35.312,34.965,35.044,117861.07,2025-06-09 07:59:59.999,4136934.28175,17607,54523.34,1914265.5300100,0
2025-06-09 08:00:00,35.046,35.464,35.02,35.452,136307.53,2025-06-09 08:59:59.999,4804131.70819,17935,71245.31,2510920.1523400,0
2025-06-09 09:00:00,35.45,35.649,35.197,35.247,239034.32,2025-06-09 09:59:59.999,8465129.44185,24308,106480.74,3768919.6207800,0
2025-06-09 10:00:00,35.242,36.647,35.242,36.479,537196.92,2025-06-09 10:59:59.999,19388550.69795,61255,276212.26,9960652.4720100,0
2025-06-09 11:00:00,36.482,37.673,36.464,37.425,684055.16,2025-06-09 11:59:59.999,25428281.71369,82825,364281.68,13542287.1288400,0
2025-06-09 12:00:00,37.426,37.495,36.806,36.927,330093.02,2025-06-09 12:59:59.999,12258512.20023,43888,156063.45,5798438.3693800,0
2025-06-09 13:00:00,36.928,36.932,36.5,36.613,309390.4,2025-06-09 13:59:59.999,11351666.47292,43816,140596.41,5159179.5991300,0
2025-06-09 14:00:00,36.616,37.748,36.614,37.426,453316.04,2025-06-09 14:59:59.999,16885410.23181,63552,249838.14,9307470.0902800,0
2025-06-09 15:00:00,37.433,37.75,37.317,37.669,460128.46,2025-06-09 15:59:59.999,17279857.39386,60195,231041.73,8677885.0367000,0
2025-06-09 16:00:00,37.67,38.11,37.487,37.844,456477.89,2025-06-09 16:59:59.999,17289206.64081,57716,213722.85,8096694.4914500,0
2025-06-09 17:00:00,37.848,38.241,37.766,38.095,250913.4,2025-06-09 17:59:59.999,9544323.68352,37992,143634.70,5465645.1953700,0
2025-06-09 18:00:00,38.094,38.231,37.768,37.867,220938.82,2025-06-09 18:59:59.999,8399616.86831,30830,115205.46,4381139.6405600,0
2025-06-09 19:00:00,37.869,38.024,37.555,37.683,194903.12,2025-06-09 19:59:59.999,7360668.87876,31203,92812.12,3506021.7144500,0
2025-06-09 20:00:00,37.682,38.007,37.371,37.99,311361.74,2025-06-09 20:59:59.999,11733765.86609,43051,150368.30,5668497.9083200,0
2025-06-09 21:00:00,37.99,38.584,37.975,38.485,449327.31,2025-06-09 21:59:59.999,17216249.74665,58756,234001.73,8968304.3388700,0
2025-06-09 22:00:00,38.487,39.166,38.288,38.619,358353.99,2025-06-09 22:59:59.999,13853585.26032,48654,196719.20,7605614.0937000,0
2025-06-09 23:00:00,38.622,38.959,38.14,38.848,273239.61,2025-06-09 23:59:59.999,10535326.85456,32552,145432.41,5615109.0158300,0
2025-06-10 00:00:00,38.848,39.209,38.404,38.73,417180.61,2025-06-10 00:59:59.999,16175988.36446,54179,200540.32,7777644.7267000,0
2025-06-10 01:00:00,38.729,39.375,38.562,39.343,231265.78,2025-06-10 01:59:59.999,9030770.91665,34261,124120.97,4846865.8186100,0
2025-06-10 02:00:00,39.343,39.464,38.978,39.165,243866.7,2025-06-10 02:59:59.999,9555566.18454,36957,114845.87,4501381.3045500,0
2025-06-10 03:00:00,39.166,39.325,38.713,39.19,215055.83,2025-06-10 03:59:59.999,8397519.8031,34482,111609.79,4359224.1085100,0
2025-06-10 04:00:00,39.19,39.668,39.049,39.539,378717.66,2025-06-10 04:59:59.999,14911383.9575,48089,199299.54,7847362.0765600,0
2025-06-10 05:00:00,39.542,39.591,38.466,38.955,349744.49,2025-06-10 05:59:59.999,13668841.10964,50653,159721.34,6252778.7604500,0
2025-06-10 06:00:00,38.957,39.433,38.624,39.246,258305.71,2025-06-10 06:59:59.999,10066430.64206,38759,145030.90,5652482.3733300,0
2025-06-10 07:00:00,39.249,39.503,38.855,39.094,246463.54,2025-06-10 07:59:59.999,9671627.34769,36273,121412.49,4769090.3027000,0
2025-06-10 08:00:00,39.094,39.413,38.891,39.166,321763.77,2025-06-10 08:59:59.999,12602513.19378,64940,192656.81,7548954.1311700,0
2025-06-10 09:00:00,39.166,41.54,39.114,40.938,1075639.19,2025-06-10 09:59:59.999,43506931.29426,149445,565729.31,22878252.5881600,0
2025-06-10 10:00:00,40.938,41.418,40.239,41.144,591718.67,2025-06-10 10:59:59.999,24164933.76624,84450,286960.30,11725939.3868300,0
2025-06-10 11:00:00,41.144,41.875,40.828,41.58,649383.84,2025-06-10 11:59:59.999,26900024.65534,87712,328097.55,13597624.7739800,0
2025-06-10 12:00:00,41.58,41.701,40.861,40.919,432178.21,2025-06-10 12:59:59.999,17806950.18018,61026,213645.01,8804573.4455200,0
2025-06-10 13:00:00,40.92,41.077,40.357,40.456,468038.95,2025-06-10 13:59:59.999,19038930.0225,60958,213398.66,8681526.9714700,0
2025-06-10 14:00:00,40.455,40.523,39.664,39.843,458029.38,2025-06-10 14:59:59.999,18379244.89775,62376,198915.40,7987313.6978400,0
2025-06-10 15:00:00,39.841,40.291,39.53,40.149,358279.25,2025-06-10 15:59:59.999,14322920.71897,51588,196212.68,7848594.3505600,0
2025-06-10 16:00:00,40.152,40.489,39.762,39.866,243761.83,2025-06-10 16:59:59.999,9787943.3388,41834,123008.68,4944209.2327000,0
2025-06-10 17:00:00,39.864,40.295,39.723,39.975,168340.57,2025-06-10 17:59:59.999,6739868.71475,30721,82770.88,3314027.6978900,0
2025-06-10 18:00:00,39.976,40.962,39.812,40.794,297969.69,2025-06-10 18:59:59.999,12074217.08043,43330,156812.22,6360427.6182100,0
2025-06-10 19:00:00,40.788,41.635,40.729,41.089,506429.6,2025-06-10 19:59:59.999,20842955.05319,61602,247183.31,10172770.4653400,0
2025-06-10 20:00:00,41.089,42.062,40.822,41.752,358536.5,2025-06-10 20:59:59.999,14902738.84713,56041,184079.94,7654328.2845500,0
2025-06-10 21:00:00,41.755,41.845,41.101,41.53,232186.07,2025-06-10 21:59:59.999,9627422.75542,37182,106774.61,4427554.6727900,0
2025-06-10 22:00:00,41.53,42.411,41.45,41.826,402168.28,2025-06-10 22:59:59.999,16899730.44068,59769,207084.15,8703448.2375700,0
2025-06-10 23:00:00,41.827,42.33,41.731,42.241,219516.05,2025-06-10 23:59:59.999,9234230.68116,42250,108149.17,4549624.1171500,0
2025-06-11 00:00:00,42.24,42.396,41.175,41.452,288359.83,2025-06-11 00:59:59.999,12063975.97386,47100,119645.57,5009308.2827300,0
2025-06-11 01:00:00,41.459,41.895,40.858,41.181,476954.59,2025-06-11 01:59:59.999,19698753.01791,63454,251091.87,10376198.6376000,0
2025-06-11 02:00:00,41.181,41.442,40.833,41.357,270214.67,2025-06-11 02:59:59.999,11116190.04564,37189,135927.33,5595621.1401000,0
2025-06-11 03:00:00,41.355,41.819,41.265,41.797,170568.69,2025-06-11 03:59:59.999,7084397.0192,26603,94263.70,3916520.0300800,0
2025-06-11 04:00:00,41.791,41.887,41.461,41.808,105060.0,2025-06-11 04:59:59.999,4377165.93462,19057,55632.80,2318440.9942700,0
2025-06-11 05:00:00,41.809,42.174,41.528,41.814,191989.38,2025-06-11 05:59:59.999,8034371.2963,32504,105673.05,4424018.5429000,0
2025-06-11 06:00:00,41.814,42.729,41.814,42.578,284309.93,2025-06-11 06:59:59.999,12040791.3076,43035,153176.11,6489380.6358400,0
2025-06-11 07:00:00,42.575,42.796,42.381,42.602,193304.77,2025-06-11 07:59:59.999,8226859.11798,34034,97448.61,4148781.5403200,0
2025-06-11 08:00:00,42.601,43.14,42.298,42.388,509405.7,2025-06-11 08:59:59.999,21754194.89936,94951,280250.35,11972326.8651300,0
2025-06-11 09:00:00,42.388,42.575,41.727,41.765,242175.07,2025-06-11 09:59:59.999,10206237.76243,44583,119597.20,5038764.7065100,0
2025-06-11 10:00:00,41.76,41.911,41.443,41.836,318831.05,2025-06-11 10:59:59.999,13299107.18811,54959,169351.87,7066493.4139100,0
2025-06-11 11:00:00,41.832,41.845,41.159,41.375,211650.57,2025-06-11 11:59:59.999,8760435.40604,31228,106963.81,4427676.3651700,0
2025-06-11 12:00:00,41.376,42.546,41.176,42.321,486763.9,2025-06-11 12:59:59.999,20408578.53688,79516,260946.50,10941643.2331600,0
2025-06-11 13:00:00,42.321,42.979,42.065,42.878,458920.0,2025-06-11 13:59:59.999,19526204.90521,80831,237658.62,10113748.4936400,0
2025-06-11 14:00:00,42.897,43.55,42.654,43.522,477755.68,2025-06-11 14:59:59.999,20621336.65148,83546,266898.00,11525572.4489100,0
2025-06-11 15:00:00,43.523,44.088,43.351,43.535,446617.81,2025-06-11 15:59:59.999,19514284.79195,73142,217649.35,9514041.1979300,0
2025-06-11 16:00:00,43.532,43.774,42.852,42.94,277334.6,2025-06-11 16:59:59.999,12013183.31188,47245,135137.37,5856222.9638300,0
2025-06-11 17:00:00,42.943,43.306,42.672,42.913,341880.86,2025-06-11 17:59:59.999,14683914.88031,46634,199077.26,8550917.8291500,0
2025-06-11 18:00:00,42.912,43.037,42.238,42.364,371881.11,2025-06-11 18:59:59.999,15826745.29113,58094,159166.41,6775597.1915500,0
2025-06-11 19:00:00,42.365,42.782,42.023,42.255,272867.53,2025-06-11 19:59:59.999,11559906.02053,46262,129956.76,5506265.0396500,0
2025-06-11 20:00:00,42.252,42.685,41.94,42.151,133567.67,2025-06-11 20:59:59.999,5654180.73617,27166,67099.29,2841749.0417300,0
2025-06-11 21:00:00,42.148,42.526,40.949,41.03,341092.53,2025-06-11 21:59:59.999,14210396.31354,46198,140627.12,5871249.5290500,0
2025-06-11 22:00:00,41.029,41.528,40.71,41.188,480671.39,2025-06-11 22:59:59.999,19721860.04681,68739,219937.65,9031293.4413300,0
2025-06-11 23:00:00,41.187,41.95,41.094,41.828,237520.85,2025-06-11 23:59:59.999,9877895.74437,34494,138345.48,5756098.7834100,0
2025-06-12 00:00:00,41.823,41.848,40.61,41.057,337783.31,2025-06-12 00:59:59.999,13907427.24431,54231,135978.19,5603200.3903200,0
2025-06-12 01:00:00,41.056,41.236,40.66,41.2,196854.1,2025-06-12 01:59:59.999,8056160.89831,38620,95237.64,3898961.4339700,0
2025-06-12 02:00:00,41.198,41.707,41.154,41.394,207579.27,2025-06-12 02:59:59.999,8607721.25774,37177,104920.56,4351264.3772400,0
2025-06-12 03:00:00,41.388,42.082,41.202,41.867,278640.97,2025-06-12 03:59:59.999,11604582.79792,42717,149026.13,6206374.9586200,0
2025-06-12 04:00:00,41.866,42.032,41.371,41.752,260971.11,2025-06-12 04:59:59.999,10877636.32425,47080,118836.55,4955852.8006700,0
2025-06-12 05:00:00,41.754,42.218,41.467,41.888,254698.33,2025-06-12 05:59:59.999,10682175.3248,42710,129274.85,5421525.2129100,0
2025-06-12 06:00:00,41.888,42.013,41.517,41.858,153253.13,2025-06-12 06:59:59.999,6401952.21096,29110,78105.91,3262847.8163100,0
2025-06-12 07:00:00,41.855,42.028,41.28,41.478,210068.28,2025-06-12 07:59:59.999,8752007.45758,35936,87685.32,3655861.0989500,0
2025-06-12 08:00:00,41.476,41.762,41.159,41.638,181278.84,2025-06-12 08:59:59.999,7530154.28813,37075,81254.14,3375335.1020500,0
2025-06-12 09:00:00,41.634,41.723,41.346,41.506,130754.63,2025-06-12 09:59:59.999,5428922.01325,29579,61481.43,2553227.0896100,0
2025-06-12 10:00:00,41.505,41.606,40.518,40.735,401744.5,2025-06-12 10:59:59.999,16450058.47177,68475,174424.06,7145698.1224300,0
2025-06-12 11:00:00,40.729,40.948,40.3,40.433,389532.49,2025-06-12 11:59:59.999,15796042.98021,59367,180953.77,7343805.1925800,0
2025-06-12 12:00:00,40.433,41.213,40.35,40.917,262653.51,2025-06-12 12:59:59.999,10716141.21443,43689,138326.29,5643323.2295300,0
2025-06-12 13:00:00,40.914,41.915,40.888,41.754,434357.59,2025-06-12 13:59:59.999,18017698.2846,63672,225435.13,9353370.4435800,0
2025-06-12 14:00:00,41.755,43.01,41.722,42.767,587927.24,2025-06-12 14:59:59.999,24992835.16169,82608,328453.85,13963254.5957200,0
2025-06-12 15:00:00,42.763,43.498,42.0,42.447,819041.59,2025-06-12 15:59:59.999,35040866.57063,104806,391361.69,16755508.4869700,0
2025-06-12 16:00:00,42.449,43.366,42.435,43.015,487142.39,2025-06-12 16:59:59.999,20916795.0506,72356,229748.60,9866181.7276400,0
2025-06-12 17:00:00,43.015,43.913,42.817,43.591,394943.62,2025-06-12 17:59:59.999,17137127.25729,54251,222415.88,9654200.8337300,0
2025-06-12 18:00:00,43.59,43.641,42.498,42.8,462088.4,2025-06-12 18:59:59.999,19823219.67714,68658,235329.22,10093451.9323500,0
2025-06-12 19:00:00,42.801,42.891,41.667,41.885,797890.51,2025-06-12 19:59:59.999,33720414.16841,94787,369575.48,15621155.2216000,0
2025-06-12 20:00:00,41.882,42.05,40.833,41.268,927911.93,2025-06-12 20:59:59.999,38375004.81491,104114,395684.56,16372061.7947000,0
2025-06-12 21:00:00,41.264,41.565,40.371,40.412,547612.29,2025-06-12 21:59:59.999,22479006.39878,64155,234367.18,9631392.8419000,0
2025-06-12 22:00:00,40.411,41.056,40.329,40.64,393923.37,2025-06-12 22:59:59.999,16017087.86416,55975,190972.43,7768360.0817100,0
2025-06-12 23:00:00,40.638,41.202,40.509,40.516,283216.55,2025-06-12 23:59:59.999,11596477.12243,44219,142783.99,5848110.2392900,0
2025-06-13 00:00:00,40.52,40.549,38.071,38.723,2268362.75,2025-06-13 00:59:59.999,88961156.27377,252584,998641.37,39167349.2697300,0
2025-06-13 01:00:00,38.722,38.888,37.338,38.733,1608598.45,2025-06-13 01:59:59.999,61165190.00332,183035,749076.24,28526056.9512800,0
2025-06-13 02:00:00,38.734,38.914,37.631,38.215,814492.97,2025-06-13 02:59:59.999,31153137.13584,103552,385761.71,14758014.7843600,0
2025-06-13 03:00:00,38.215,39.489,38.172,39.106,611700.77,2025-06-13 03:59:59.999,23776601.91159,73987,333364.49,12963750.3960300,0
2025-06-13 04:00:00,39.112,39.75,38.402,39.741,469317.03,2025-06-13 04:59:59.999,18331569.81384,64191,250640.69,9808128.9305900,0
2025-06-13 05:00:00,39.743,39.9,39.151,39.345,588835.27,2025-06-13 05:59:59.999,23270251.52531,72059,273113.70,10798603.2220200,0
2025-06-13 06:00:00,39.346,39.552,38.556,38.982,615382.1,2025-06-13 06:59:59.999,23959432.08421,66637,279223.87,10874265.4416200,0
2025-06-13 07:00:00,38.981,39.55,38.34,39.391,599210.52,2025-06-13 07:59:59.999,23340400.23391,63848,303979.08,11853083.9486500,0
2025-06-13 08:00:00,39.39,40.125,39.003,39.155,640782.77,2025-06-13 08:59:59.999,25395119.44589,74229,291579.37,11564938.8247000,0
2025-06-13 09:00:00,39.154,40.373,39.019,40.017,799522.33,2025-06-13 09:59:59.999,31833908.4658,87309,457709.99,18224877.1192100,0
2025-06-13 10:00:00,40.014,40.422,39.738,40.051,662941.55,2025-06-13 10:59:59.999,26538923.78705,74876,322542.47,12908359.1675600,0
2025-06-13 11:00:00,40.051,40.242,39.471,40.136,434064.99,2025-06-13 11:59:59.999,17298500.06947,60282,223963.13,8926712.0521700,0
2025-06-13 12:00:00,40.137,40.671,39.96,40.197,601110.5,2025-06-13 12:59:59.999,24254548.57625,75326,305627.09,12335181.2785400,0
2025-06-13 13:00:00,40.197,40.625,39.768,40.164,609306.96,2025-06-13 13:59:59.999,24469681.45032,72623,301396.66,12107059.0260200,0
2025-06-13 14:00:00,40.172,40.586,39.07,40.448,809618.56,2025-06-13 14:59:59.999,32157151.08475,95322,398657.47,15838696.6460500,0
2025-06-13 15:00:00,40.45,41.586,40.287,41.232,1030418.9,2025-06-13 15:59:59.999,42304408.0606,110327,512716.11,21060241.3090600,0
2025-06-13 16:00:00,41.235,42.125,40.856,41.695,677499.79,2025-06-13 16:59:59.999,28207850.14069,83118,342269.30,14251638.5708700,0
2025-06-13 17:00:00,41.695,41.741,40.65,41.129,468262.29,2025-06-13 17:59:59.999,19260573.29821,57688,224541.55,9236712.5082500,0
2025-06-13 18:00:00,41.128,41.334,40.114,40.62,601640.71,2025-06-13 18:59:59.999,24445161.20182,71279,295691.38,12020467.0513300,0
2025-06-13 19:00:00,40.616,40.937,40.285,40.76,457436.35,2025-06-13 19:59:59.999,18578499.37997,59079,248894.35,10110038.7576500,0
2025-06-13 20:00:00,40.757,41.726,40.748,41.475,440923.2,2025-06-13 20:59:59.999,18170284.36062,59345,234032.37,9640960.7974500,0
2025-06-13 21:00:00,41.471,42.066,41.123,42.035,319873.49,2025-06-13 21:59:59.999,13291421.25761,42492,165241.44,6869849.1602300,0
2025-06-13 22:00:00,42.048,43.065,41.744,41.861,543719.0,2025-06-13 22:59:59.999,22978380.93397,64346,252607.86,10689919.5369600,0
2025-06-13 23:00:00,41.862,42.55,41.827,42.297,187046.65,2025-06-13 23:59:59.999,7895531.75588,33596,104506.76,4411558.4108200,0
2025-06-14 00:00:00,42.299,42.666,42.044,42.4,306518.75,2025-06-14 00:59:59.999,12975474.2929,45232,152946.22,6476375.2569800,0
2025-06-14 01:00:00,42.397,42.408,41.544,41.74,275123.46,2025-06-14 01:59:59.999,11538403.46542,42448,117923.55,4949081.0409100,0
2025-06-14 02:00:00,41.743,41.983,41.572,41.701,140105.68,2025-06-14 02:59:59.999,5846922.49777,27392,69646.47,2906637.7086200,0
2025-06-14 03:00:00,41.699,42.163,41.589,41.763,153765.94,2025-06-14 03:59:59.999,6435587.21563,28290,76252.02,3191397.4564600,0
2025-06-14 04:00:00,41.76,42.383,41.697,42.345,194836.63,2025-06-14 04:59:59.999,8187458.17122,28123,116905.48,4917729.7403500,0
2025-06-14 05:00:00,42.345,42.629,41.989,42.548,248145.22,2025-06-14 05:59:59.999,10496332.74518,34046,100307.37,4244617.6114600,0
2025-06-14 06:00:00,42.549,42.723,41.982,42.195,368076.9,2025-06-14 06:59:59.999,15620241.25512,48574,173347.94,7356979.1651800,0
2025-06-14 07:00:00,42.191,42.617,41.687,42.453,456927.71,2025-06-14 07:59:59.999,19200974.87911,49506,234415.25,9859295.3932000,0
2025-06-14 08:00:00,42.455,42.583,42.044,42.408,295472.18,2025-06-14 08:59:59.999,12513599.98912,39180,126293.84,5347426.9512700,0
2025-06-14 09:00:00,42.41,42.52,41.885,41.923,253278.73,2025-06-14 09:59:59.999,10681353.24907,37748,144658.71,6100064.5780900,0
2025-06-14 10:00:00,41.922,42.021,41.676,41.69,183171.26,2025-06-14 10:59:59.999,7665195.6684,33699,94108.04,3939032.3725600,0
2025-06-14 11:00:00,41.687,41.778,41.056,41.208,336680.57,2025-06-14 11:59:59.999,13946363.6329,50778,148919.09,6172031.4621800,0
2025-06-14 12:00:00,41.206,41.324,40.673,40.995,385444.68,2025-06-14 12:59:59.999,15767750.21504,49414,186140.62,7613244.3611900,0
2025-06-14 13:00:00,40.993,41.425,40.843,41.391,322748.87,2025-06-14 13:59:59.999,13287558.70809,43413,177737.86,7318197.3195200,0
2025-06-14 14:00:00,41.389,41.665,40.802,41.031,411355.12,2025-06-14 14:59:59.999,16943272.74111,53453,209659.47,8638920.3355300,0
2025-06-14 15:00:00,41.036,41.151,40.306,40.519,467532.92,2025-06-14 15:59:59.999,19008468.62202,56479,212341.19,8632206.2022200,0
2025-06-14 16:00:00,40.519,40.674,39.729,39.91,471884.91,2025-06-14 16:59:59.999,18949099.99988,53372,175578.85,7054979.6248600,0
2025-06-14 17:00:00,39.909,40.371,39.731,40.229,316957.9,2025-06-14 17:59:59.999,12715715.15123,45226,176496.71,7081808.9689200,0
2025-06-14 18:00:00,40.228,40.328,39.381,39.586,401116.93,2025-06-14 18:59:59.999,15957447.84668,45479,180968.26,7198787.9330400,0
2025-06-14 19:00:00,39.59,39.88,39.293,39.311,316810.04,2025-06-14 19:59:59.999,12532746.78484,43316,152290.49,6026032.0355400,0
2025-06-14 20:00:00,39.31,39.624,38.867,39.589,451316.98,2025-06-14 20:59:59.999,17690599.26563,52755,210214.40,8244512.9935000,0
2025-06-14 21:00:00,39.588,40.071,39.418,40.052,276957.6,2025-06-14 21:59:59.999,11011396.42015,37295,161195.41,6412549.2267500,0
2025-06-14 22:00:00,40.054,40.232,39.874,40.092,191791.46,2025-06-14 22:59:59.999,7687038.57214,32848,96137.96,3853881.5867400,0
2025-06-14 23:00:00,40.09,40.29,39.951,40.13,165591.01,2025-06-14 23:59:59.999,6648421.12879,30283,72342.55,2904345.0428900,0
2025-06-15 00:00:00,40.13,40.612,40.088,40.556,244512.35,2025-06-15 00:59:59.999,9877471.90913,38530,116941.90,4721794.7224300,0
2025-06-15 01:00:00,40.554,40.71,40.15,40.268,177170.31,2025-06-15 01:59:59.999,7161273.4003,33803,89307.27,3610037.0763800,0
2025-06-15 02:00:00,40.268,40.809,40.262,40.725,216781.38,2025-06-15 02:59:59.999,8804104.50237,38330,122865.13,4990467.0865500,0
2025-06-15 03:00:00,40.725,40.805,39.941,39.985,224395.46,2025-06-15 03:59:59.999,9043516.1941,30560,79978.14,3225373.7354400,0
2025-06-15 04:00:00,39.985,40.235,39.821,40.163,192098.05,2025-06-15 04:59:59.999,7693057.25157,30670,77992.93,3125148.8410700,0
2025-06-15 05:00:00,40.163,41.164,39.915,41.163,351136.52,2025-06-15 05:59:59.999,14301814.66011,42014,195600.44,7963870.5321400,0
2025-06-15 06:00:00,41.163,41.2,40.383,40.426,282735.9,2025-06-15 06:59:59.999,11520218.15591,42712,119247.95,4861423.1090100,0
2025-06-15 07:00:00,40.424,40.635,40.227,40.612,168195.52,2025-06-15 07:59:59.999,6797526.33504,27725,98393.22,3977266.0255200,0
2025-06-15 08:00:00,40.612,40.64,40.061,40.196,139998.13,2025-06-15 08:59:59.999,5637609.05907,26586,57021.94,2297480.8403500,0
2025-06-15 09:00:00,40.197,40.199,39.864,39.929,164276.12,2025-06-15 09:59:59.999,6574022.80489,33609,76065.83,3044296.5949400,0
2025-06-15 10:00:00,39.93,40.368,39.887,40.317,141867.46,2025-06-15 10:59:59.999,5697040.86814,29006,73675.20,2959006.3791300,0
2025-06-15 11:00:00,40.317,40.498,40.036,40.201,167303.1,2025-06-15 11:59:59.999,6737112.13755,30015,79843.45,3215124.6304700,0
2025-06-15 12:00:00,40.201,40.473,40.068,40.248,203265.3,2025-06-15 12:59:59.999,8186173.68871,34851,97658.97,3933142.9214100,0
2025-06-15 13:00:00,40.248,40.767,39.684,40.698,461253.0,2025-06-15 13:59:59.999,18559776.0361,57962,229602.67,9236959.2935500,0
2025-06-15 14:00:00,40.699,41.112,40.273,40.909,580516.66,2025-06-15 14:59:59.999,23605680.07935,70628,281628.10,11452748.5568700,0
2025-06-15 15:00:00,40.913,41.186,40.74,40.782,231686.55,2025-06-15 15:59:59.999,9484524.08978,38480,101954.92,4175003.3549100,0
2025-06-15 16:00:00,40.781,41.009,40.585,40.915,221057.58,2025-06-15 16:59:59.999,9010050.50441,34830,96724.57,3944472.4701900,0
2025-06-15 17:00:00,40.915,41.454,40.784,41.279,301076.33,2025-06-15 17:59:59.999,12384018.5969,40209,156772.47,6450368.6294700,0
2025-06-15 18:00:00,41.279,41.452,41.056,41.164,328192.07,2025-06-15 18:59:59.999,13545183.44311,47513,161084.10,6649212.7905800,0
2025-06-15 19:00:00,41.165,41.478,40.74,40.911,276044.85,2025-06-15 19:59:59.999,11359521.69684,39470,151535.33,6237797.1632000,0
2025-06-15 20:00:00,40.911,41.032,40.189,40.328,316241.39,2025-06-15 20:59:59.999,12813175.35914,41307,145527.67,5898019.2823400,0
2025-06-15 21:00:00,40.321,40.489,40.13,40.275,129639.81,2025-06-15 21:59:59.999,5221973.14719,23872,71302.92,2872659.4170400,0
2025-06-15 22:00:00,40.274,41.227,40.161,41.181,393591.73,2025-06-15 22:59:59.999,16038108.8541,52587,204419.52,8328037.8716100,0
2025-06-15 23:00:00,41.183,41.42,40.969,41.193,274242.27,2025-06-15 23:59:59.999,11299854.22209,42270,124683.31,5137132.4104100,0
2025-06-16 00:00:00,41.191,41.427,40.953,41.184,447612.63,2025-06-16 00:59:59.999,18446817.89112,55195,228446.82,9414412.0163200,0
2025-06-16 01:00:00,41.18,41.9,40.686,41.762,442892.88,2025-06-16 01:59:59.999,18294519.10395,52290,230873.26,9540456.7805300,0
2025-06-16 02:00:00,41.762,42.414,41.708,42.218,503854.08,2025-06-16 02:59:59.999,21211693.28487,62867,258600.38,10887727.3797600,0
2025-06-16 03:00:00,42.218,42.495,42.054,42.144,277759.91,2025-06-16 03:59:59.999,11732956.53353,48896,126983.18,5366799.6991100,0
2025-06-16 04:00:00,42.145,43.194,42.109,43.14,496772.12,2025-06-16 04:59:59.999,21238839.63055,63567,255071.96,10904975.4537100,0
2025-06-16 05:00:00,43.143,43.88,42.879,43.605,539304.45,2025-06-16 05:59:59.999,23422644.90981,70505,298525.79,12965660.6321900,0
2025-06-16 06:00:00,43.606,44.618,43.485,44.327,636431.98,2025-06-16 06:59:59.999,28119691.84416,90505,344190.29,15207511.1725100,0
2025-06-16 07:00:00,44.328,44.888,44.137,44.676,752420.76,2025-06-16 07:59:59.999,33548660.40625,75387,336444.35,15003968.8450300,0
2025-06-16 08:00:00,44.677,44.743,44.036,44.405,456349.78,2025-06-16 08:59:59.999,20239994.65245,66624,195107.20,8656123.7547000,0
2025-06-16 09:00:00,44.4,44.597,44.062,44.488,301517.43,2025-06-16 09:59:59.999,13368609.71091,38465,163045.16,7228762.6785100,0
2025-06-16 10:00:00,44.489,44.857,43.7,44.076,522302.47,2025-06-16 10:59:59.999,23114640.41641,59533,222299.70,9847672.2873300,0
2025-06-16 11:00:00,44.077,44.719,43.016,44.527,737946.57,2025-06-16 11:59:59.999,32556832.82341,78770,355528.89,15711491.1573400,0
2025-06-16 12:00:00,44.527,44.584,44.036,44.493,306150.82,2025-06-16 12:59:59.999,13570338.72579,46037,154475.33,6848610.9217000,0
2025-06-16 13:00:00,44.493,45.0,44.238,44.947,567057.78,2025-06-16 13:59:59.999,25292040.60355,75157,298795.51,13331424.8610400,0
2025-06-16 14:00:00,44.948,45.846,44.931,45.147,1040261.88,2025-06-16 14:59:59.999,47103635.47351,127533,550799.64,24942561.5842600,0
2025-06-16 15:00:00,45.147,45.59,44.5,44.607,613245.38,2025-06-16 15:59:59.999,27592875.42546,80204,287969.13,12962506.3577000,0
2025-06-16 16:00:00,44.61,45.271,44.547,45.036,325085.16,2025-06-16 16:59:59.999,14591302.62834,48452,172005.50,7721709.2722900,0
2025-06-16 17:00:00,45.036,45.099,44.457,44.6,381190.03,2025-06-16 17:59:59.999,17080028.77755,48555,200220.59,8974635.9201100,0
2025-06-16 18:00:00,44.601,44.768,44.227,44.67,285535.11,2025-06-16 18:59:59.999,12699151.74347,41538,143250.81,6371587.2106000,0
2025-06-16 19:00:00,44.67,45.228,44.05,44.344,542132.1,2025-06-16 19:59:59.999,24230935.20263,62801,270142.01,12089072.8380300,0
2025-06-16 20:00:00,44.344,44.655,44.082,44.566,308843.23,2025-06-16 20:59:59.999,13718812.01064,41251,162495.13,7217507.5438900,0
2025-06-16 21:00:00,44.567,44.582,43.671,43.826,336434.54,2025-06-16 21:59:59.999,14801054.25755,48675,131516.87,5788450.9325900,0
2025-06-16 22:00:00,43.826,44.208,42.507,42.896,876789.96,2025-06-16 22:59:59.999,37823744.57223,95087,404191.90,17428368.7902900,0
2025-06-16 23:00:00,42.894,43.466,41.754,41.918,954699.97,2025-06-16 23:59:59.999,40806481.17096,103519,491663.94,21055882.6445900,0
2025-06-17 00:00:00,41.92,42.846,41.214,42.725,1207043.17,2025-06-17 00:59:59.999,50725895.14557,123229,666485.63,28037858.9859100,0
2025-06-17 01:00:00,42.723,43.016,42.152,42.272,599036.63,2025-06-17 01:59:59.999,25448493.34614,79576,306960.62,13047412.3065000,0
2025-06-17 02:00:00,42.273,43.109,41.857,43.085,488280.79,2025-06-17 02:59:59.999,20721371.10809,69413,246077.13,10451854.1751700,0
2025-06-17 03:00:00,43.084,43.289,42.776,43.154,481589.22,2025-06-17 03:59:59.999,20730358.1035,61715,251559.09,10831038.4869400,0
2025-06-17 04:00:00,43.154,43.541,42.801,42.883,345030.71,2025-06-17 04:59:59.999,14891670.84499,57917,176938.85,7640624.6233500,0
2025-06-17 05:00:00,42.882,43.107,42.317,42.578,326351.25,2025-06-17 05:59:59.999,13922117.693,48925,134352.78,5736444.7129900,0
2025-06-17 06:00:00,42.578,42.733,42.074,42.339,370504.55,2025-06-17 06:59:59.999,15713244.63277,53798,167212.58,7094401.8942700,0
2025-06-17 07:00:00,42.339,42.589,42.1,42.274,256619.47,2025-06-17 07:59:59.999,10863217.72205,41233,122027.09,5166005.1616200,0
2025-06-17 08:00:00,42.273,42.458,40.863,40.985,836522.27,2025-06-17 08:59:59.999,34786848.82836,79452,334601.47,13918929.6565000,0
2025-06-17 09:00:00,40.985,41.102,40.347,40.64,822104.6,2025-06-17 09:59:59.999,33491303.87986,84534,389329.46,15868347.7264100,0
2025-06-17 10:00:00,40.641,40.729,40.146,40.722,482705.64,2025-06-17 10:59:59.999,19536868.28749,63605,248942.62,10079320.1760000,0
2025-06-17 11:00:00,40.72,40.722,40.075,40.532,378998.17,2025-06-17 11:59:59.999,15294555.44825,52483,186888.27,7540609.8379100,0
2025-06-17 12:00:00,40.531,40.733,39.743,39.96,550360.85,2025-06-17 12:59:59.999,22206395.72016,74824,260204.41,10513645.1381000,0
2025-06-17 13:00:00,39.96,40.252,39.588,39.818,834784.98,2025-06-17 13:59:59.999,33323715.73559,84588,381873.19,15250472.3982100,0
2025-06-17 14:00:00,39.815,40.682,39.788,39.998,658354.15,2025-06-17 14:59:59.999,26509934.79448,83035,347374.29,13993280.7890200,0
2025-06-17 15:00:00,39.998,40.248,39.191,39.634,1236434.08,2025-06-17 15:59:59.999,49071720.55615,143218,509724.94,20244431.7347900,0
2025-06-17 16:00:00,39.632,39.871,38.513,38.642,1227515.7,2025-06-17 16:59:59.999,48032676.00721,115512,601212.56,23539096.4378600,0
2025-06-17 17:00:00,38.644,39.429,38.314,39.07,922353.65,2025-06-17 17:59:59.999,35876306.68576,98462,479494.41,18662306.5783100,0
2025-06-17 18:00:00,39.072,39.85,38.595,39.847,513470.69,2025-06-17 18:59:59.999,20129038.93647,63323,312441.24,12261810.2757900,0
2025-06-17 19:00:00,39.846,41.356,39.768,40.613,1462362.75,2025-06-17 19:59:59.999,59494279.93771,153858,781312.20,31778565.2104300,0
2025-06-17 20:00:00,40.611,40.902,39.672,39.898,772583.1,2025-06-17 20:59:59.999,31090060.97124,77660,338158.61,13608489.8836400,0
2025-06-17 21:00:00,39.897,39.99,39.211,39.528,589391.17,2025-06-17 21:59:59.999,23310467.51319,60961,273604.99,10823567.2321300,0
2025-06-17 22:00:00,39.53,40.371,38.987,39.869,619624.57,2025-06-17 22:59:59.999,24668842.38188,61961,356197.68,14190812.2249100,0
2025-06-17 23:00:00,39.872,40.346,39.707,39.968,362261.1,2025-06-17 23:59:59.999,14516390.66547,42825,175347.77,7027563.0104800,0
2025-06-18 00:00:00,39.968,40.358,39.613,40.308,409675.48,2025-06-18 00:59:59.999,16398830.36947,53864,203319.31,8141940.9628000,0
2025-06-18 01:00:00,40.308,40.694,39.991,40.07,414375.67,2025-06-18 01:59:59.999,16703674.55205,50961,206046.08,8307821.9228400,0
2025-06-18 02:00:00,40.071,40.348,39.9,40.046,253802.2,2025-06-18 02:59:59.999,10184542.14166,38731,123290.80,4947791.4490500,0
2025-06-18 03:00:00,40.044,40.565,39.988,40.328,283613.07,2025-06-18 03:59:59.999,11432404.89512,38670,133213.42,5370923.0233800,0
2025-06-18 04:00:00,40.33,40.869,40.008,40.86,391973.32,2025-06-18 04:59:59.999,15840116.27782,49991,202176.76,8172669.8038700,0
2025-06-18 05:00:00,40.86,41.105,40.694,40.807,323625.15,2025-06-18 05:59:59.999,13248293.09678,41506,143324.55,5867253.2057200,0
2025-06-18 06:00:00,40.807,41.122,40.121,40.375,419952.21,2025-06-18 06:59:59.999,17033536.30322,54474,195979.98,7951498.2294500,0
2025-06-18 07:00:00,40.374,40.549,39.987,40.286,340334.44,2025-06-18 07:59:59.999,13687966.12456,43774,153655.73,6183985.3821700,0
2025-06-18 08:00:00,40.286,40.618,40.261,40.497,277488.6,2025-06-18 08:59:59.999,11226637.99964,34149,119811.46,4848513.4165300,0
2025-06-18 09:00:00,40.498,40.857,39.707,39.87,399402.23,2025-06-18 09:59:59.999,16062382.48519,51931,175626.38,7067836.4435600,0
2025-06-18 10:00:00,39.87,39.97,38.868,39.166,538084.33,2025-06-18 10:59:59.999,21206797.35571,63577,216213.99,8529226.7421600,0
2025-06-18 11:00:00,39.166,39.342,38.708,39.244,553104.98,2025-06-18 11:59:59.999,21616020.33645,68230,268666.83,10503200.5155000,0
2025-06-18 12:00:00,39.245,39.268,38.412,38.578,823267.45,2025-06-18 12:59:59.999,31951000.40609,84850,400912.40,15565097.3757300,0
2025-06-18 13:00:00,38.579,39.455,37.561,39.045,1683542.77,2025-06-18 13:59:59.999,64481973.34048,150815,791345.62,30351626.8211000,0
2025-06-18 14:00:00,39.045,40.349,38.803,39.525,1842322.3,2025-06-18 14:59:59.999,73200809.97427,173063,932373.87,37060870.5380100,0
2025-06-18 15:00:00,39.521,39.817,38.776,39.039,863090.79,2025-06-18 15:59:59.999,33874484.11449,96398,400067.84,15709428.6119300,0
2025-06-18 16:00:00,39.039,39.221,38.516,38.549,619803.45,2025-06-18 16:59:59.999,24061256.73291,73700,288769.54,11211501.7732300,0
2025-06-18 17:00:00,38.55,39.124,38.258,39.094,591612.83,2025-06-18 17:59:59.999,22872216.74237,65663,320151.09,12384992.9678800,0
2025-06-18 18:00:00,39.1,39.291,38.227,38.319,1083047.01,2025-06-18 18:59:59.999,41922036.56416,115454,514017.45,19906674.5248100,0
2025-06-18 19:00:00,38.322,38.906,37.753,37.785,879486.18,2025-06-18 19:59:59.999,33747712.923,86482,431973.07,16590251.1109700,0
2025-06-18 20:00:00,37.78,39.259,37.738,38.929,721748.09,2025-06-18 20:59:59.999,27759143.45697,71042,373471.68,14360649.5042700,0
2025-06-18 21:00:00,38.928,39.148,38.066,39.106,653909.19,2025-06-18 21:59:59.999,25221144.70649,70975,313691.21,12093540.2139200,0
2025-06-18 22:00:00,39.105,39.453,38.735,39.096,422772.78,2025-06-18 22:59:59.999,16513158.70625,49306,197624.59,7722278.6288900,0
2025-06-18 23:00:00,39.096,39.656,38.926,39.48,514496.8,2025-06-18 23:59:59.999,20249581.75541,54098,262472.82,10337439.3450400,0
2025-06-19 00:00:00,39.476,40.0,39.086,39.513,477591.93,2025-06-19 00:59:59.999,18920598.79234,59249,228152.46,9042566.2206700,0
2025-06-19 01:00:00,39.513,39.531,38.445,38.73,573712.93,2025-06-19 01:59:59.999,22276313.43293,64875,278487.29,10812853.4152600,0
2025-06-19 02:00:00,38.729,38.836,38.13,38.24,411301.58,2025-06-19 02:59:59.999,15796477.43735,53513,194554.00,7472702.0150300,0
2025-06-19 03:00:00,38.245,38.625,38.222,38.523,203701.04,2025-06-19 03:59:59.999,7832756.81772,32602,101134.99,3889456.4372800,0
2025-06-19 04:00:00,38.524,38.544,37.564,38.246,588370.49,2025-06-19 04:59:59.999,22320950.91257,60866,291287.19,11051283.0423300,0
2025-06-19 05:00:00,38.246,38.485,38.139,38.18,326690.89,2025-06-19 05:59:59.999,12508487.96607,32576,158852.40,6083133.5401300,0
2025-06-19 06:00:00,38.18,38.307,37.656,37.882,335438.97,2025-06-19 06:59:59.999,12719787.55019,38706,161814.35,6134617.3180700,0
2025-06-19 07:00:00,37.882,38.124,37.727,37.84,244193.64,2025-06-19 07:59:59.999,9268360.28506,31778,103928.48,3944947.5825000,0
2025-06-19 08:00:00,37.84,38.165,37.631,37.648,293564.2,2025-06-19 08:59:59.999,11136883.16544,40612,127247.70,4829639.0675200,0
2025-06-19 09:00:00,37.649,38.366,37.24,38.321,569041.65,2025-06-19 09:59:59.999,21531809.26959,56424,274982.08,10416170.8725900,0
2025-06-19 10:00:00,38.32,38.5,38.0,38.147,364641.01,2025-06-19 10:59:59.999,13936556.68598,39722,153097.70,5852345.3358800,0
2025-06-19 11:00:00,38.146,38.146,37.16,37.482,519469.06,2025-06-19 11:59:59.999,19515626.49744,56473,248882.81,9348262.9718300,0
2025-06-19 12:00:00,37.486,38.02,37.185,37.624,558206.83,2025-06-19 12:59:59.999,20992436.09136,64107,274504.53,10329176.5912800,0
2025-06-19 13:00:00,37.624,37.651,36.735,36.861,730919.54,2025-06-19 13:59:59.999,27064590.05947,83638,331066.11,12260058.3368700,0
2025-06-19 14:00:00,36.862,37.156,36.305,36.451,730681.42,2025-06-19 14:59:59.999,26818966.90194,74759,329332.72,12098343.3489300,0
2025-06-19 15:00:00,36.455,36.893,36.1,36.276,652762.72,2025-06-19 15:59:59.999,23805800.28103,73458,292662.21,10680464.5943800,0
2025-06-19 16:00:00,36.279,36.784,36.071,36.119,568040.13,2025-06-19 16:59:59.999,20687383.10408,65170,291654.35,10621330.0431900,0
2025-06-19 17:00:00,36.12,37.715,36.033,36.827,1238869.16,2025-06-19 17:59:59.999,45518344.36653,115891,709187.31,26041624.5697200,0
2025-06-19 18:00:00,36.827,37.311,36.43,36.695,504012.69,2025-06-19 18:59:59.999,18592149.6619,64366,247622.96,9137959.4519100,0
2025-06-19 19:00:00,36.696,36.847,36.08,36.32,441899.67,2025-06-19 19:59:59.999,16076825.33417,59663,195703.51,7122206.2522700,0
2025-06-19 20:00:00,36.319,37.03,35.835,36.165,797438.09,2025-06-19 20:59:59.999,29006729.37497,83996,365024.43,13287979.5117900,0
2025-06-19 21:00:00,36.161,36.402,35.8,36.167,467791.85,2025-06-19 21:59:59.999,16897804.69585,53141,240777.14,8700064.0413000,0
2025-06-19 22:00:00,36.17,36.884,36.168,36.748,383448.91,2025-06-19 22:59:59.999,14026072.19278,52787,213893.69,7828298.3739900,0
2025-06-19 23:00:00,36.749,37.124,36.58,36.876,339784.61,2025-06-19 23:59:59.999,12524921.00705,52784,179788.21,6628507.3457800,0
2025-06-20 00:00:00,36.877,37.118,36.529,36.575,330706.87,2025-06-20 00:59:59.999,12189836.14516,52191,144812.61,5340396.4217900,0
2025-06-20 01:00:00,36.579,37.0,36.252,36.978,260113.0,2025-06-20 01:59:59.999,9507791.54257,41442,141715.50,5184240.2366500,0
2025-06-20 02:00:00,36.978,37.081,36.468,36.689,258435.97,2025-06-20 02:59:59.999,9512462.33218,37666,112157.23,4126533.7497700,0
2025-06-20 03:00:00,36.689,36.739,36.013,36.056,274286.93,2025-06-20 03:59:59.999,9969788.66897,42343,119834.60,4357534.5090900,0
2025-06-20 04:00:00,36.058,36.074,35.613,35.626,480327.25,2025-06-20 04:59:59.999,17199804.61523,56509,232409.18,8324448.0750900,0
2025-06-20 05:00:00,35.628,36.317,35.543,36.159,421224.44,2025-06-20 05:59:59.999,15120650.45257,56553,230015.94,8262004.7836800,0
2025-06-20 06:00:00,36.158,36.753,36.075,36.59,448061.16,2025-06-20 06:59:59.999,16342126.58736,54022,228756.44,8344689.0663000,0
2025-06-20 07:00:00,36.594,37.7,36.307,37.67,964175.2,2025-06-20 07:59:59.999,35739583.93036,89671,503119.67,18672055.1945900,0
2025-06-20 08:00:00,37.671,37.901,37.291,37.356,762065.09,2025-06-20 08:59:59.999,28636481.60739,91816,345251.66,12980735.7710200,0
2025-06-20 09:00:00,37.355,37.649,37.063,37.232,463676.09,2025-06-20 09:59:59.999,17278561.92465,58000,220046.02,8203073.7686900,0
2025-06-20 10:00:00,37.23,37.446,37.059,37.245,264165.61,2025-06-20 10:59:59.999,9838015.94906,37345,128414.91,4783221.1853700,0
2025-06-20 11:00:00,37.242,37.372,36.612,37.1,442008.45,2025-06-20 11:59:59.999,16329256.71085,54346,210612.45,7786358.8768300,0
2025-06-20 12:00:00,37.096,37.703,36.933,37.41,498936.69,2025-06-20 12:59:59.999,18648804.47351,61439,261426.65,9771536.2502900,0
2025-06-20 13:00:00,37.407,37.793,36.782,37.031,720455.27,2025-06-20 13:59:59.999,26812263.24452,78286,368762.00,13719562.3810900,0
2025-06-20 14:00:00,37.028,37.144,35.567,35.655,1014702.41,2025-06-20 14:59:59.999,36880935.71931,98660,466716.69,16970410.2458900,0
2025-06-20 15:00:00,35.655,36.122,35.61,35.709,812887.37,2025-06-20 15:59:59.999,29165931.78971,93438,432000.97,15503900.1926000,0
2025-06-20 16:00:00,35.71,35.795,34.109,34.271,1999565.87,2025-06-20 16:59:59.999,69513549.18979,167779,915432.44,31796180.9744900,0
2025-06-20 17:00:00,34.271,34.47,33.376,34.34,1845528.23,2025-06-20 17:59:59.999,62557695.42069,170783,911810.07,30942971.5747400,0
2025-06-20 18:00:00,34.339,34.6,34.034,34.323,780328.98,2025-06-20 18:59:59.999,26825823.3734,79116,407188.44,14006598.8524700,0
2025-06-20 19:00:00,34.329,34.718,33.982,34.572,624445.35,2025-06-20 19:59:59.999,21452001.76881,61998,339351.63,11663457.8151700,0
2025-06-20 20:00:00,34.573,34.954,34.413,34.423,616612.17,2025-06-20 20:59:59.999,21412510.17088,58203,324975.89,11294090.3219600,0
2025-06-20 21:00:00,34.428,34.438,33.904,34.071,532738.2,2025-06-20 21:59:59.999,18199344.15561,44769,252061.10,8610152.0808900,0
2025-06-20 22:00:00,34.071,34.079,33.074,33.551,1266235.0,2025-06-20 22:59:59.999,42369065.03915,104669,569341.89,19048575.6201900,0
2025-06-20 23:00:00,33.552,33.6,33.155,33.387,533503.29,2025-06-20 23:59:59.999,17815836.95252,62641,283383.70,9466787.8160000,0
2025-06-21 00:00:00,33.388,33.436,32.9,33.279,647020.84,2025-06-21 00:59:59.999,21440989.81418,69993,268999.34,8917075.7422300,0
2025-06-21 01:00:00,33.28,34.537,33.108,34.474,932651.84,2025-06-21 01:59:59.999,31756618.13347,84417,518678.50,17647534.7423800,0
2025-06-21 02:00:00,34.475,34.723,34.235,34.548,302562.18,2025-06-21 02:59:59.999,10435967.74406,39897,152689.22,5267583.4974400,0
2025-06-21 03:00:00,34.545,34.771,34.362,34.472,424669.77,2025-06-21 03:59:59.999,14667542.89098,31628,207908.95,7180923.8619200,0
2025-06-21 04:00:00,34.471,34.704,34.34,34.48,172704.76,2025-06-21 04:59:59.999,5958217.48416,29583,79149.12,2730463.3493400,0
2025-06-21 05:00:00,34.48,35.0,34.378,34.692,257733.03,2025-06-21 05:59:59.999,8947446.39878,33605,137492.68,4775132.2702700,0
2025-06-21 06:00:00,34.693,34.952,34.504,34.815,181042.95,2025-06-21 06:59:59.999,6284331.01711,29046,89982.41,3123871.9581700,0
2025-06-21 07:00:00,34.816,34.999,34.53,34.958,202775.91,2025-06-21 07:59:59.999,7050643.48689,28286,91932.95,3197208.3564700,0
2025-06-21 08:00:00,34.957,35.183,34.756,35.174,425086.55,2025-06-21 08:59:59.999,14881983.41366,38884,228461.06,7998498.5204900,0
2025-06-21 09:00:00,35.173,35.278,34.827,35.115,551141.78,2025-06-21 09:59:59.999,19311671.67435,39925,269882.96,9456344.8964000,0
2025-06-21 10:00:00,35.115,35.3,34.841,34.967,271342.63,2025-06-21 10:59:59.999,9521146.59763,35392,137540.18,4829313.7560300,0
2025-06-21 11:00:00,34.969,35.3,34.831,35.217,188710.4,2025-06-21 11:59:59.999,6629937.55207,28551,93309.55,3278958.2818400,0
2025-06-21 12:00:00,35.217,35.312,34.937,34.942,218838.74,2025-06-21 12:59:59.999,7687841.83142,29140,104969.92,3688899.4455600,0
2025-06-21 13:00:00,34.942,35.143,33.914,34.062,669298.89,2025-06-21 13:59:59.999,23048213.90249,60346,262511.95,9039100.4535800,0
2025-06-21 14:00:00,34.063,34.415,33.929,34.107,478684.81,2025-06-21 14:59:59.999,16348732.63527,55377,253469.31,8658671.7927500,0
2025-06-21 15:00:00,34.104,34.266,32.9,33.289,932644.72,2025-06-21 15:59:59.999,31155552.37627,87482,390105.47,13034360.2743900,0
2025-06-21 16:00:00,33.288,33.409,32.58,32.74,711592.88,2025-06-21 16:59:59.999,23490357.66168,76220,347559.72,11478316.7863900,0
2025-06-21 17:00:00,32.742,33.368,32.326,32.483,800844.98,2025-06-21 17:59:59.999,26245474.61644,73999,386902.81,12690708.6119700,0
2025-06-21 18:00:00,32.483,33.121,32.456,32.551,618417.27,2025-06-21 18:59:59.999,20265647.10585,61993,317482.70,10406711.9820600,0
2025-06-21 19:00:00,32.554,32.781,31.783,31.853,998663.7,2025-06-21 19:59:59.999,32172560.61915,89396,453334.68,14612359.3410700,0
2025-06-21 20:00:00,31.853,32.662,31.783,32.488,636600.43,2025-06-21 20:59:59.999,20523836.96313,67880,332892.28,10733556.2770800,0
2025-06-21 21:00:00,32.49,32.7,30.913,32.083,1691821.23,2025-06-21 21:59:59.999,53860229.53707,154976,762243.76,24271007.2299100,0
2025-06-21 22:00:00,32.08,33.671,31.854,33.274,1330319.22,2025-06-21 22:59:59.999,43763874.01294,168219,742995.01,24455407.9091900,0
2025-06-21 23:00:00,33.275,34.57,32.624,34.421,1418229.89,2025-06-21 23:59:59.999,47320833.27951,161955,744254.58,24859651.1478100,0
2025-06-22 00:00:00,34.419,34.553,33.147,33.846,1756833.15,2025-06-22 00:59:59.999,59514707.98781,190754,824682.51,27950518.1215100,0
2025-06-22 01:00:00,33.843,34.174,33.192,33.282,857261.18,2025-06-22 01:59:59.999,28866886.1586,94832,399896.80,13473768.2693900,0
2025-06-22 02:00:00,33.284,33.755,32.722,33.329,1106314.34,2025-06-22 02:59:59.999,36702126.95865,114395,515919.59,17121053.2101700,0
2025-06-22 03:00:00,33.328,33.496,32.787,33.211,530470.18,2025-06-22 03:59:59.999,17560780.01552,58181,247896.04,8209143.7637000,0
2025-06-22 04:00:00,33.211,34.008,33.124,33.812,562326.36,2025-06-22 04:59:59.999,18947666.7804,66140,321329.43,10828745.9148100,0
2025-06-22 05:00:00,33.811,34.43,33.806,34.38,600734.9,2025-06-22 05:59:59.999,20535906.61915,62637,284987.18,9743661.5102000,0
2025-06-22 06:00:00,34.375,34.617,34.151,34.242,393740.56,2025-06-22 06:59:59.999,13527195.28078,46539,198540.09,6822798.5583200,0
2025-06-22 07:00:00,34.24,34.242,33.4,33.868,624573.84,2025-06-22 07:59:59.999,21086013.52577,64461,280459.46,9467008.1786100,0
2025-06-22 08:00:00,33.868,34.163,33.65,34.103,392293.79,2025-06-22 08:59:59.999,13319090.80297,44716,204797.54,6954955.6300400,0
2025-06-22 09:00:00,34.102,34.251,33.24,33.28,557208.74,2025-06-22 09:59:59.999,18772919.63138,61872,263392.69,8874597.5634100,0
2025-06-22 10:00:00,33.276,33.764,33.231,33.684,360640.85,2025-06-22 10:59:59.999,12081704.13769,48316,185881.37,6227323.1650300,0
2025-06-22 11:00:00,33.683,34.436,33.672,33.866,468595.26,2025-06-22 11:59:59.999,15940958.35516,49943,233846.13,7951621.7423500,0
2025-06-22 12:00:00,33.863,34.0,33.154,33.556,523947.21,2025-06-22 12:59:59.999,17592330.77109,58748,267598.26,8987492.9020600,0
2025-06-22 13:00:00,33.559,33.709,31.878,32.456,1878199.03,2025-06-22 13:59:59.999,60923539.76536,164662,902546.40,29268318.3670200,0
2025-06-22 14:00:00,32.456,33.464,31.6,33.192,2372864.44,2025-06-22 14:59:59.999,77142943.00366,205716,1167645.18,38001390.8374000,0
2025-06-22 15:00:00,33.192,33.612,32.59,32.911,1385264.47,2025-06-22 15:59:59.999,45794182.4556,119463,678590.00,22437264.7507700,0
2025-06-22 16:00:00,32.909,33.627,32.402,33.601,1087262.82,2025-06-22 16:59:59.999,35888055.80258,108332,586806.45,19377466.5780400,0
2025-06-22 17:00:00,33.601,34.352,33.31,34.076,906014.34,2025-06-22 17:59:59.999,30612965.11083,93086,483372.66,16339136.9229100,0
2025-06-22 18:00:00,34.075,34.325,33.711,33.931,541788.93,2025-06-22 18:59:59.999,18435722.1583,65526,265370.70,9035077.1634200,0
2025-06-22 19:00:00,33.93,34.283,33.435,33.62,680036.56,2025-06-22 19:59:59.999,23035835.57007,66651,292009.07,9900022.6995300,0
2025-06-22 20:00:00,33.62,34.998,33.275,34.63,1414204.16,2025-06-22 20:59:59.999,48392083.54629,128678,775300.81,26534260.4489900,0
2025-06-22 21:00:00,34.629,35.003,34.264,34.328,626144.63,2025-06-22 21:59:59.999,21725338.45435,70550,324353.98,11260501.5816500,0
2025-06-22 22:00:00,34.327,36.033,34.291,36.021,1673707.77,2025-06-22 22:59:59.999,59185694.71524,141373,932428.26,32976886.0935800,0
2025-06-22 23:00:00,36.022,36.065,35.505,35.754,694649.52,2025-06-22 23:59:59.999,24839618.22793,77644,338723.95,12114163.9794300,0
2025-06-23 00:00:00,35.761,36.0,35.014,35.553,842527.39,2025-06-23 00:59:59.999,29892483.56417,87641,375957.19,13348800.3301000,0
2025-06-23 01:00:00,35.56,36.015,35.202,35.979,419572.43,2025-06-23 01:59:59.999,14905866.85902,58962,213426.92,7584641.8604300,0
2025-06-23 02:00:00,35.978,36.126,35.607,35.718,457828.09,2025-06-23 02:59:59.999,16429469.90966,58143,223508.06,8023549.4834200,0
2025-06-23 03:00:00,35.717,35.85,35.135,35.289,359361.14,2025-06-23 03:59:59.999,12729077.02465,46584,156523.78,5545647.3630300,0
2025-06-23 04:00:00,35.29,35.685,35.058,35.193,277434.48,2025-06-23 04:59:59.999,9810129.86745,44620,140210.37,4960004.6549100,0
2025-06-23 05:00:00,35.194,35.799,35.194,35.739,282765.26,2025-06-23 05:59:59.999,10049201.32971,42666,151283.58,5376659.7286600,0
2025-06-23 06:00:00,35.739,35.942,35.203,35.368,501492.94,2025-06-23 06:59:59.999,17836373.71907,55526,226063.92,8042160.2780900,0
2025-06-23 07:00:00,35.367,35.919,35.361,35.89,392745.33,2025-06-23 07:59:59.999,14014737.32519,54429,202520.61,7225112.8763200,0
2025-06-23 08:00:00,35.889,36.332,35.653,35.986,530670.4,2025-06-23 08:59:59.999,19105144.31059,68966,292260.00,10526132.2698300,0
2025-06-23 09:00:00,35.987,36.055,35.204,35.5,437617.53,2025-06-23 09:59:59.999,15527879.127,52137,214153.09,7598295.3218700,0
2025-06-23 10:00:00,35.499,35.525,34.902,35.12,405059.37,2025-06-23 10:59:59.999,14255433.39751,52711,152866.75,5382690.9330300,0
2025-06-23 11:00:00,35.121,35.278,34.659,35.089,490857.09,2025-06-23 11:59:59.999,17167495.14972,60637,224044.09,7841552.0872100,0
2025-06-23 12:00:00,35.089,35.793,34.565,35.746,651678.73,2025-06-23 12:59:59.999,22847363.39764,75049,347840.31,12211078.7298300,0
2025-06-23 13:00:00,35.746,36.251,34.71,36.089,1194765.61,2025-06-23 13:59:59.999,42420888.09632,126730,594133.25,21096362.6633400,0
2025-06-23 14:00:00,36.09,36.737,34.923,35.11,1722865.84,2025-06-23 14:59:59.999,61890735.19154,174288,913093.02,32866007.1886500,0
2025-06-23 15:00:00,35.11,35.344,34.308,34.498,959251.83,2025-06-23 15:59:59.999,33476163.10499,95408,457509.57,15983660.9547800,0
2025-06-23 16:00:00,34.496,34.608,33.272,34.493,2254145.72,2025-06-23 16:59:59.999,76499291.97922,201236,1089950.25,37005584.1883500,0
2025-06-23 17:00:00,34.493,36.244,34.407,35.963,1806635.98,2025-06-23 17:59:59.999,64041033.73114,169491,933462.56,33082043.5254000,0
2025-06-23 18:00:00,35.967,37.455,35.967,36.91,1651537.38,2025-06-23 18:59:59.999,61020125.41371,171751,841175.94,31071961.9776600,0
2025-06-23 19:00:00,36.907,37.252,36.509,37.234,523380.54,2025-06-23 19:59:59.999,19300910.85608,73790,252834.43,9333338.1138600,0
2025-06-23 20:00:00,37.237,38.024,36.871,37.414,890922.18,2025-06-23 20:59:59.999,33510862.1728,111318,517851.23,19483119.9421300,0
2025-06-23 21:00:00,37.414,37.755,36.674,36.688,639335.59,2025-06-23 21:59:59.999,23811560.63474,77134,263742.86,9846007.9091700,0
2025-06-23 22:00:00,36.69,38.481,36.69,37.995,1807802.32,2025-06-23 22:59:59.999,68491112.74681,201810,964861.54,36548985.5326300,0
2025-06-23 23:00:00,37.998,38.485,37.889,38.175,658048.15,2025-06-23 23:59:59.999,25117907.08743,89026,321276.56,12266848.9478100,0
2025-06-24 00:00:00,38.178,38.298,36.562,36.969,974194.89,2025-06-24 00:59:59.999,36310355.60332,102625,409840.05,15268696.6218900,0
2025-06-24 01:00:00,36.968,37.558,36.509,37.535,628471.28,2025-06-24 01:59:59.999,23232939.09499,75023,341970.61,12658953.0400400,0
2025-06-24 02:00:00,37.534,37.534,36.453,36.721,741886.21,2025-06-24 02:59:59.999,27374395.08066,81667,279736.00,10327442.0033200,0
2025-06-24 03:00:00,36.72,37.287,36.681,37.088,341906.11,2025-06-24 03:59:59.999,12667889.47539,46157,189171.58,7009666.2530700,0
2025-06-24 04:00:00,37.085,37.252,36.664,36.784,251424.51,2025-06-24 04:59:59.999,9285839.7327,36584,115376.38,4261990.2751300,0
2025-06-24 05:00:00,36.785,37.936,36.688,37.784,536056.3,2025-06-24 05:59:59.999,20024269.92573,65381,301630.76,11271823.1447000,0
2025-06-24 06:00:00,37.783,37.924,37.244,37.606,439390.05,2025-06-24 06:59:59.999,16533822.69364,57549,211895.56,7977966.0470900,0
2025-06-24 07:00:00,37.606,37.95,36.882,36.961,484256.46,2025-06-24 07:59:59.999,18079038.38206,59604,218529.52,8162929.3677700,0
2025-06-24 08:00:00,36.96,37.178,36.536,36.827,650035.25,2025-06-24 08:59:59.999,23971889.23244,65678,301558.36,11126521.2996900,0
2025-06-24 09:00:00,36.827,37.426,36.656,36.705,416896.11,2025-06-24 09:59:59.999,15415862.7021,48585,231495.36,8561446.2430200,0
2025-06-24 10:00:00,36.704,36.968,36.25,36.887,672379.19,2025-06-24 10:59:59.999,24597382.52988,82201,321932.03,11793082.4898600,0
2025-06-24 11:00:00,36.887,37.312,36.61,37.134,462091.86,2025-06-24 11:59:59.999,17092632.05296,58517,208039.59,7697274.7099400,0
2025-06-24 12:00:00,37.134,37.444,36.884,37.214,406321.35,2025-06-24 12:59:59.999,15097410.59066,52022,190922.93,7096491.8708500,0
2025-06-24 13:00:00,37.211,37.5,36.791,37.039,697308.44,2025-06-24 13:59:59.999,25880908.16035,76589,325569.96,12089175.8015300,0
2025-06-24 14:00:00,37.038,38.314,36.94,37.88,804465.82,2025-06-24 14:59:59.999,30313710.59137,91299,401237.72,15127091.8156900,0
2025-06-24 15:00:00,37.881,38.189,37.396,37.739,597294.97,2025-06-24 15:59:59.999,22568407.9409,72342,276676.12,10456599.1912200,0
2025-06-24 16:00:00,37.744,38.83,37.433,38.752,788225.82,2025-06-24 16:59:59.999,30026161.08161,79289,401897.51,15314323.1953800,0
2025-06-24 17:00:00,38.752,38.936,37.778,37.981,703963.76,2025-06-24 17:59:59.999,26973403.23358,78867,360113.17,13793265.9097800,0
2025-06-24 18:00:00,37.978,38.227,37.339,37.385,459473.02,2025-06-24 18:59:59.999,17390483.74942,54352,200426.35,7593552.2739500,0
2025-06-24 19:00:00,37.385,37.622,36.726,37.158,552189.07,2025-06-24 19:59:59.999,20542880.5969,66655,251853.65,9381021.6743700,0
2025-06-24 20:00:00,37.159,37.732,36.884,37.671,369675.37,2025-06-24 20:59:59.999,13793219.7625,44696,234296.30,8747693.3771000,0
2025-06-24 21:00:00,37.673,37.673,37.014,37.531,245238.05,2025-06-24 21:59:59.999,9140295.62822,36092,118750.68,4423728.2085300,0
2025-06-24 22:00:00,37.526,37.532,36.935,37.27,229081.41,2025-06-24 22:59:59.999,8509898.8933,35612,97777.93,3632842.1708400,0
2025-06-24 23:00:00,37.27,37.532,36.96,37.512,197371.06,2025-06-24 23:59:59.999,7356695.80693,33689,103670.02,3864113.7329200,0
2025-06-25 00:00:00,37.513,37.862,37.162,37.837,360539.65,2025-06-25 00:59:59.999,13518264.14014,48951,180651.13,6769090.2922900,0
2025-06-25 01:00:00,37.835,38.292,37.596,37.927,446599.61,2025-06-25 01:59:59.999,16932335.80797,54100,226886.36,8605287.3507500,0
2025-06-25 02:00:00,37.928,38.718,37.886,38.658,561660.56,2025-06-25 02:59:59.999,21574486.95298,72363,268415.27,10310270.1248400,0
2025-06-25 03:00:00,38.657,38.775,38.0,38.082,509417.06,2025-06-25 03:59:59.999,19536313.64393,62740,211606.21,8119314.5035400,0
2025-06-25 04:00:00,38.084,38.444,37.485,37.64,413643.26,2025-06-25 04:59:59.999,15677245.40321,47900,192408.69,7293917.7737600,0
2025-06-25 05:00:00,37.64,37.83,37.333,37.449,385700.09,2025-06-25 05:59:59.999,14486950.48144,48578,195864.85,7360628.3584400,0
2025-06-25 06:00:00,37.449,37.698,37.178,37.599,263269.53,2025-06-25 06:59:59.999,9854712.5317,36028,140140.84,5247014.1513400,0
2025-06-25 07:00:00,37.599,38.157,37.368,37.942,320355.03,2025-06-25 07:59:59.999,12114743.43079,42388,174159.57,6585339.8762800,0
2025-06-25 08:00:00,37.942,38.125,37.478,37.857,339599.45,2025-06-25 08:59:59.999,12817028.48696,43781,170722.68,6443600.4480900,0
2025-06-25 09:00:00,37.854,38.504,37.724,37.846,541312.18,2025-06-25 09:59:59.999,20618497.83418,62269,252101.59,9603459.3788300,0
2025-06-25 10:00:00,37.844,38.431,37.682,38.401,324287.71,2025-06-25 10:59:59.999,12325744.06514,47599,173164.92,6580091.9271300,0
2025-06-25 11:00:00,38.401,38.642,37.96,38.444,364412.48,2025-06-25 11:59:59.999,13963487.28295,47868,165431.07,6338728.5761600,0
2025-06-25 12:00:00,38.446,38.456,37.982,38.412,352305.33,2025-06-25 12:59:59.999,13456022.55122,42202,166362.42,6354064.7930100,0
2025-06-25 13:00:00,38.414,39.096,38.106,38.861,789632.21,2025-06-25 13:59:59.999,30594592.61183,85348,405123.46,15699573.7357000,0
2025-06-25 14:00:00,38.862,39.02,37.452,37.805,1161421.54,2025-06-25 14:59:59.999,44217450.76437,125527,577008.96,21958733.5172000,0
2025-06-25 15:00:00,37.801,37.884,37.09,37.454,760172.73,2025-06-25 15:59:59.999,28398577.77751,89046,378936.69,14160580.5680300,0
2025-06-25 16:00:00,37.455,37.547,36.778,36.964,431287.1,2025-06-25 16:59:59.999,16030830.61264,56341,186666.31,6943696.0163300,0
2025-06-25 17:00:00,36.964,37.37,36.677,36.963,387561.76,2025-06-25 17:59:59.999,14331008.11437,49557,196613.72,7273119.7486200,0
2025-06-25 18:00:00,36.964,37.316,36.881,37.309,272756.55,2025-06-25 18:59:59.999,10126087.18431,44856,147722.63,5484585.6980700,0
2025-06-25 19:00:00,37.309,37.485,37.093,37.273,260099.23,2025-06-25 19:59:59.999,9704334.35529,41740,126235.87,4710957.1196500,0
2025-06-25 20:00:00,37.273,37.724,37.057,37.668,253932.82,2025-06-25 20:59:59.999,9486640.70513,36281,124547.67,4655402.6781600,0
2025-06-25 21:00:00,37.667,37.814,37.17,37.29,190369.9,2025-06-25 21:59:59.999,7130745.781,29575,89456.31,3350220.9849800,0
2025-06-25 22:00:00,37.291,37.319,36.779,36.783,262164.84,2025-06-25 22:59:59.999,9703796.71173,36420,108972.01,4036494.0417500,0
2025-06-25 23:00:00,36.784,37.042,36.707,37.016,207648.51,2025-06-25 23:59:59.999,7649608.33084,34709,104314.65,3842927.7804200,0
2025-06-26 00:00:00,37.017,37.259,36.769,37.039,275140.29,2025-06-26 00:59:59.999,10193407.35487,37417,140837.20,5218543.7680700,0
2025-06-26 01:00:00,37.04,37.551,36.639,37.533,418675.43,2025-06-26 01:59:59.999,15547070.12577,52290,213629.10,7935869.8913700,0
2025-06-26 02:00:00,37.534,37.83,37.221,37.679,370722.34,2025-06-26 02:59:59.999,13931621.10509,46539,186713.18,7018262.3739100,0
2025-06-26 03:00:00,37.679,38.104,37.464,37.576,368567.17,2025-06-26 03:59:59.999,13943655.23804,47161,174826.75,6614421.1267200,0
2025-06-26 04:00:00,37.581,37.742,37.072,37.268,210222.93,2025-06-26 04:59:59.999,7851014.81207,30003,101254.43,3782283.0755800,0
2025-06-26 05:00:00,37.268,37.269,36.843,36.988,164487.49,2025-06-26 05:59:59.999,6085500.78237,25289,78072.49,2888143.8864600,0
2025-06-26 06:00:00,36.983,37.302,36.876,37.266,205238.25,2025-06-26 06:59:59.999,7626185.63963,28198,107452.04,3993949.5847200,0
2025-06-26 07:00:00,37.263,38.01,37.225,37.664,499151.16,2025-06-26 07:59:59.999,18815417.69539,52858,253806.91,9562212.4590700,0
2025-06-26 08:00:00,37.664,37.913,37.522,37.539,234857.81,2025-06-26 08:59:59.999,8862617.7593,33119,109728.16,4141670.6944300,0
2025-06-26 09:00:00,37.54,37.642,37.067,37.147,333868.88,2025-06-26 09:59:59.999,12452108.08248,40019,161853.80,6038551.4089100,0
2025-06-26 10:00:00,37.148,37.438,37.031,37.148,216242.18,2025-06-26 10:59:59.999,8059870.83867,29406,111131.50,4143299.5005300,0
2025-06-26 11:00:00,37.15,37.436,36.9,37.343,258419.08,2025-06-26 11:59:59.999,9601293.078,33586,138343.83,5141899.1482100,0
2025-06-26 12:00:00,37.343,37.731,37.084,37.573,364614.92,2025-06-26 12:59:59.999,13655739.70772,43522,170578.81,6389469.4091000,0
2025-06-26 13:00:00,37.574,37.769,37.236,37.68,518136.22,2025-06-26 13:59:59.999,19450189.46643,66975,252049.09,9462069.6128300,0
2025-06-26 14:00:00,37.683,38.004,37.44,37.599,623800.55,2025-06-26 14:59:59.999,23537393.83965,78492,289398.13,10921626.5552900,0
2025-06-26 15:00:00,37.601,37.669,36.771,37.355,747232.13,2025-06-26 15:59:59.999,27767149.09147,74292,375189.24,13937767.4970900,0
2025-06-26 16:00:00,37.354,37.563,36.361,36.409,652825.73,2025-06-26 16:59:59.999,24090520.08557,68456,258940.08,9555568.1231500,0
2025-06-26 17:00:00,36.41,36.759,36.115,36.397,383493.82,2025-06-26 17:59:59.999,13985907.11393,49938,180970.81,6603811.2303000,0
2025-06-26 18:00:00,36.397,36.694,36.042,36.134,414852.11,2025-06-26 18:59:59.999,15060198.60399,50118,167055.70,6066715.9549900,0
2025-06-26 19:00:00,36.135,36.838,36.0,36.712,399868.74,2025-06-26 19:59:59.999,14569871.78908,46283,203993.91,7449080.4957300,0
2025-06-26 20:00:00,36.706,37.665,36.586,37.459,517844.9,2025-06-26 20:59:59.999,19305416.94264,54960,248448.00,9259462.1232800,0
2025-06-26 21:00:00,37.459,37.473,36.581,36.83,423061.07,2025-06-26 21:59:59.999,15654756.87879,54525,178229.02,6593615.4501300,0
2025-06-26 22:00:00,36.828,37.09,36.089,36.11,346904.01,2025-06-26 22:59:59.999,12663410.98826,44922,164569.40,6011363.4563300,0
2025-06-26 23:00:00,36.11,36.31,35.735,35.803,416225.62,2025-06-26 23:59:59.999,14965436.144,47299,171154.25,6156550.5644400,0
2025-06-27 00:00:00,35.802,35.932,35.347,35.502,318936.79,2025-06-27 00:59:59.999,11381441.27978,48959,142176.93,5076032.1783000,0
2025-06-27 01:00:00,35.501,36.416,35.468,36.197,407760.87,2025-06-27 01:59:59.999,14693480.16656,53991,238149.44,8581555.3955000,0
2025-06-27 02:00:00,36.194,36.697,36.097,36.656,200756.28,2025-06-27 02:59:59.999,7322991.12585,35268,110718.40,4038714.0958300,0
2025-06-27 03:00:00,36.661,36.777,36.477,36.712,128427.38,2025-06-27 03:59:59.999,4709430.29056,24999,59237.29,2172286.8191200,0
2025-06-27 04:00:00,36.715,36.841,36.526,36.657,113439.16,2025-06-27 04:59:59.999,4159464.59949,20037,47798.26,1753234.1658200,0
2025-06-27 05:00:00,36.66,36.876,36.447,36.594,160394.82,2025-06-27 05:59:59.999,5875376.93126,25068,76778.16,2812511.9638900,0
2025-06-27 06:00:00,36.593,36.942,36.558,36.749,128278.7,2025-06-27 06:59:59.999,4723706.95796,22875,60162.91,2215449.6267700,0
2025-06-27 07:00:00,36.749,36.931,36.142,36.275,250863.73,2025-06-27 07:59:59.999,9157672.45006,32703,102737.31,3752972.7843100,0
2025-06-27 08:00:00,36.276,37.278,36.206,37.236,384024.92,2025-06-27 08:59:59.999,14119896.97572,46830,220327.74,8104573.8953000,0
2025-06-27 09:00:00,37.248,37.285,36.774,36.923,239085.1,2025-06-27 09:59:59.999,8848702.73541,42140,98703.44,3652938.3600200,0
2025-06-27 10:00:00,36.925,37.158,36.797,37.003,132656.84,2025-06-27 10:59:59.999,4911866.03602,25178,71478.89,2646916.7400200,0
2025-06-27 11:00:00,36.996,37.053,36.675,36.899,129660.83,2025-06-27 11:59:59.999,4772179.45399,25176,69572.16,2560496.8093200,0
2025-06-27 12:00:00,36.9,37.204,36.464,36.573,277054.87,2025-06-27 12:59:59.999,10215201.28013,43104,131046.54,4835027.9770700,0
2025-06-27 13:00:00,36.572,36.94,36.43,36.758,219311.94,2025-06-27 13:59:59.999,8045218.64397,41831,115472.21,4235841.2265700,0
2025-06-27 14:00:00,36.759,37.051,36.497,36.542,299074.0,2025-06-27 14:59:59.999,10996246.9279,46115,133706.10,4917715.3844400,0
2025-06-27 15:00:00,36.543,36.934,36.226,36.818,369126.29,2025-06-27 15:59:59.999,13494144.63169,49266,181174.69,6624535.3039200,0
2025-06-27 16:00:00,36.818,37.164,36.512,36.952,330940.71,2025-06-27 16:59:59.999,12207545.92804,44550,175393.54,6468830.0228600,0
2025-06-27 17:00:00,36.948,36.978,36.069,36.486,460560.21,2025-06-27 17:59:59.999,16764289.17205,50943,241965.04,8807685.7126300,0
2025-06-27 18:00:00,36.48,36.56,35.833,36.012,252518.55,2025-06-27 18:59:59.999,9119033.09504,38101,115952.23,4186444.4948700,0
2025-06-27 19:00:00,36.011,36.165,35.761,35.958,215367.92,2025-06-27 19:59:59.999,7745312.74985,39759,115736.96,4162651.4676400,0
2025-06-27 20:00:00,35.958,36.412,35.868,36.389,173599.61,2025-06-27 20:59:59.999,6283287.9005,31167,91558.22,3313629.7031700,0
2025-06-27 21:00:00,36.39,36.586,36.155,36.388,177106.44,2025-06-27 21:59:59.999,6450394.34563,26187,74493.01,2712892.2100900,0
2025-06-27 22:00:00,36.389,36.553,36.261,36.48,127202.5,2025-06-27 22:59:59.999,4631388.14506,21875,59482.47,2165656.5093400,0
2025-06-27 23:00:00,36.48,36.632,36.347,36.622,90713.77,2025-06-27 23:59:59.999,3308714.30474,17559,42812.35,1561902.1988500,0
2025-06-28 00:00:00,36.623,36.637,36.31,36.537,153228.65,2025-06-28 00:59:59.999,5589582.73678,27415,77235.25,2816834.0022600,0
2025-06-28 01:00:00,36.534,36.649,36.219,36.569,108587.87,2025-06-28 01:59:59.999,3954755.66546,20998,45992.98,1676114.3338200,0
2025-06-28 02:00:00,36.569,36.8,36.373,36.716,139754.99,2025-06-28 02:59:59.999,5115078.85494,23108,70690.44,2587103.3575400,0
2025-06-28 03:00:00,36.716,36.898,36.61,36.828,73771.65,2025-06-28 03:59:59.999,2712335.63953,16774,38200.64,1404650.9548900,0
2025-06-28 04:00:00,36.832,36.9,36.508,36.599,111496.85,2025-06-28 04:59:59.999,4086617.71425,18223,46086.30,1689476.7340600,0
2025-06-28 05:00:00,36.599,36.934,36.599,36.873,124954.63,2025-06-28 05:59:59.999,4601819.16624,19871,65521.37,2412369.1287500,0
2025-06-28 06:00:00,36.873,36.95,36.663,36.901,105979.11,2025-06-28 06:59:59.999,3899818.25899,17782,50498.89,1858397.6221400,0
2025-06-28 07:00:00,36.902,37.137,36.698,37.112,123840.39,2025-06-28 07:59:59.999,4570901.57337,22317,70121.98,2589286.8961700,0
2025-06-28 08:00:00,37.109,37.237,36.813,37.139,204758.3,2025-06-28 08:59:59.999,7590738.12936,31164,92396.00,3425089.7070000,0
2025-06-28 09:00:00,37.138,37.418,36.991,37.196,164833.29,2025-06-28 09:59:59.999,6132247.49644,28583,69706.58,2593568.0035300,0
2025-06-28 10:00:00,37.197,37.281,36.958,37.05,140067.72,2025-06-28 10:59:59.999,5194432.94182,24847,69355.27,2571944.9045400,0
2025-06-28 11:00:00,37.05,37.111,36.852,36.882,86169.32,2025-06-28 11:59:59.999,3185642.27285,15123,39910.00,1475725.8766400,0
2025-06-28 12:00:00,36.878,36.935,36.667,36.712,118319.39,2025-06-28 12:59:59.999,4349234.87387,19703,56853.36,2089727.4716600,0
2025-06-28 13:00:00,36.712,36.957,36.582,36.643,113146.33,2025-06-28 13:59:59.999,4153992.49777,20678,62445.72,2292562.7114100,0
2025-06-28 14:00:00,36.643,36.806,36.564,36.593,133763.5,2025-06-28 14:59:59.999,4903664.49744,20154,60024.76,2200806.5990900,0
2025-06-28 15:00:00,36.594,36.918,36.572,36.884,138205.81,2025-06-28 15:59:59.999,5080852.43061,21168,62366.14,2292294.8998000,0
2025-06-28 16:00:00,36.883,37.168,36.883,36.974,202240.57,2025-06-28 16:59:59.999,7489742.51922,28909,103834.13,3845719.3843500,0
2025-06-28 17:00:00,36.97,37.376,36.837,37.308,177362.04,2025-06-28 17:59:59.999,6586777.65234,27615,89397.46,3318836.0320500,0
2025-06-28 18:00:00,37.308,37.613,37.101,37.599,170725.73,2025-06-28 18:59:59.999,6373448.87026,29566,90383.24,3375900.6127000,0
2025-06-28 19:00:00,37.597,37.879,37.462,37.52,200210.6,2025-06-28 19:59:59.999,7546800.93684,27981,107509.67,4055190.4798000,0
2025-06-28 20:00:00,37.519,37.826,37.42,37.616,127426.76,2025-06-28 20:59:59.999,4795386.87202,22440,65579.35,2468257.2366400,0
2025-06-28 21:00:00,37.618,37.819,37.497,37.774,79845.84,2025-06-28 21:59:59.999,3008869.58568,18414,40528.09,1527167.1303900,0
2025-06-28 22:00:00,37.774,37.907,37.622,37.828,122153.03,2025-06-28 22:59:59.999,4615838.00358,20076,59808.83,2260236.9503800,0
2025-06-28 23:00:00,37.827,37.848,37.556,37.798,91531.21,2025-06-28 23:59:59.999,3449943.44394,16187,43855.64,1653617.1140600,0
2025-06-29 00:00:00,37.799,37.93,37.653,37.815,151630.57,2025-06-29 00:59:59.999,5731012.16978,23969,67773.48,2561714.3719500,0
2025-06-29 01:00:00,37.817,37.965,37.699,37.744,169923.72,2025-06-29 01:59:59.999,6427327.8562,26338,84939.89,3213863.6495900,0
2025-06-29 02:00:00,37.743,37.836,37.602,37.745,88258.09,2025-06-29 02:59:59.999,3325384.12848,16174,42039.33,1583731.4227100,0
2025-06-29 03:00:00,37.744,38.0,37.708,37.712,183873.52,2025-06-29 03:59:59.999,6959069.71196,22431,80205.15,3035572.9516500,0
2025-06-29 04:00:00,37.712,37.945,37.689,37.78,88755.94,2025-06-29 04:59:59.999,3355655.18307,15745,41248.45,1559047.7026600,0
2025-06-29 05:00:00,37.783,37.8,37.489,37.627,137574.25,2025-06-29 05:59:59.999,5174570.02411,18158,56713.87,2132760.4650800,0
2025-06-29 06:00:00,37.632,37.998,37.617,37.977,141753.65,2025-06-29 06:59:59.999,5363001.54014,21646,87411.44,3307970.8135100,0
2025-06-29 07:00:00,37.976,38.478,37.902,38.471,372817.25,2025-06-29 07:59:59.999,14236266.02317,40084,236932.59,9048841.0642000,0
2025-06-29 08:00:00,38.471,38.565,38.241,38.516,238891.06,2025-06-29 08:59:59.999,9184096.13069,38221,139584.00,5366866.8755500,0
2025-06-29 09:00:00,38.51,38.765,38.412,38.442,277770.45,2025-06-29 09:59:59.999,10720364.06319,34146,145887.87,5632100.5878700,0
2025-06-29 10:00:00,38.442,38.807,38.402,38.654,228266.57,2025-06-29 10:59:59.999,8824249.68092,31095,111853.38,4323321.2440900,0
2025-06-29 11:00:00,38.654,38.899,38.54,38.847,168613.63,2025-06-29 11:59:59.999,6531757.60317,24950,85907.28,3328884.0414700,0
2025-06-29 12:00:00,38.847,39.06,38.667,38.987,275689.8,2025-06-29 12:59:59.999,10720146.5479,32971,142943.69,5559861.7174000,0
2025-06-29 13:00:00,38.984,39.055,38.8,38.951,147682.44,2025-06-29 13:59:59.999,5749320.39301,26168,75107.79,2924061.9379300,0
2025-06-29 14:00:00,38.951,39.413,38.807,38.916,423603.29,2025-06-29 14:59:59.999,16578942.52776,45713,224750.90,8799950.9341500,0
2025-06-29 15:00:00,38.918,39.134,38.451,38.459,296183.65,2025-06-29 15:59:59.999,11485511.8573,37219,131095.85,5085431.1216700,0
2025-06-29 16:00:00,38.46,38.576,38.3,38.492,286358.49,2025-06-29 16:59:59.999,11006062.32509,39914,143318.93,5509641.8136400,0
2025-06-29 17:00:00,38.492,38.565,38.054,38.254,200001.57,2025-06-29 17:59:59.999,7652367.52616,31222,100306.75,3837056.6049000,0
2025-06-29 18:00:00,38.254,38.293,37.99,38.136,204440.28,2025-06-29 18:59:59.999,7791391.37039,29389,97339.48,3710795.7280000,0
2025-06-29 19:00:00,38.137,38.271,37.965,38.264,104105.38,2025-06-29 19:59:59.999,3964122.69664,21435,53287.16,2029759.9764500,0
2025-06-29 20:00:00,38.262,38.295,38.004,38.143,92324.68,2025-06-29 20:59:59.999,3520087.31122,19253,47621.86,1815897.9186500,0
2025-06-29 21:00:00,38.146,38.782,38.043,38.59,262281.55,2025-06-29 21:59:59.999,10086624.15945,30870,132224.65,5081682.2576200,0
2025-06-29 22:00:00,38.59,39.704,38.564,39.493,523976.12,2025-06-29 22:59:59.999,20549660.83454,63233,289347.69,11346058.1342300,0
2025-06-29 23:00:00,39.494,39.901,39.491,39.775,294076.34,2025-06-29 23:59:59.999,11684270.56603,51370,149501.21,5940476.1336400,0
2025-06-30 00:00:00,39.778,39.878,39.463,39.688,276885.56,2025-06-30 00:59:59.999,10980512.66991,38479,124424.63,4935057.7162100,0
2025-06-30 01:00:00,39.692,40.479,39.413,40.29,347960.4,2025-06-30 01:59:59.999,13932787.29431,45008,189107.06,7573204.9206100,0
2025-06-30 02:00:00,40.292,41.145,40.135,40.681,512345.1,2025-06-30 02:59:59.999,20875133.11163,64620,259562.86,10580851.9208200,0
2025-06-30 03:00:00,40.686,41.112,40.625,40.867,277846.49,2025-06-30 03:59:59.999,11353388.47155,43552,141009.06,5762710.0879600,0
2025-06-30 04:00:00,40.867,40.928,40.427,40.662,242262.75,2025-06-30 04:59:59.999,9855412.84301,35331,109924.78,4475593.6545500,0
2025-06-30 05:00:00,40.663,41.269,40.484,41.169,267313.64,2025-06-30 05:59:59.999,10912313.14339,37197,133893.28,5473174.4414800,0
2025-06-30 06:00:00,41.169,41.2,39.715,39.974,662407.59,2025-06-30 06:59:59.999,26661820.2997,75702,288997.58,11620075.4978400,0
2025-06-30 07:00:00,39.973,40.341,39.826,40.051,325868.72,2025-06-30 07:59:59.999,13084644.62511,42434,175105.26,7032743.7073100,0
2025-06-30 08:00:00,40.048,40.194,39.533,39.772,420217.69,2025-06-30 08:59:59.999,16730671.80912,47268,183087.17,7292492.3919800,0
2025-06-30 09:00:00,39.773,40.037,39.759,39.816,169973.6,2025-06-30 09:59:59.999,6780184.55597,27610,83202.67,3320004.1163800,0
2025-06-30 10:00:00,39.82,40.094,39.733,39.82,242812.0,2025-06-30 10:59:59.999,9687892.2562,30953,108808.25,4343981.1753300,0
2025-06-30 11:00:00,39.82,40.071,39.711,39.945,162057.47,2025-06-30 11:59:59.999,6468250.68795,28118,76481.53,3053249.2376500,0
2025-06-30 12:00:00,39.945,40.093,39.77,39.872,174956.3,2025-06-30 12:59:59.999,6985687.63433,27796,84865.96,3388257.9524900,0
2025-06-30 13:00:00,39.874,40.345,39.812,39.956,344878.07,2025-06-30 13:59:59.999,13824967.83788,44143,179412.72,7192477.6695400,0
2025-06-30 14:00:00,39.959,40.266,39.426,39.47,503622.83,2025-06-30 14:59:59.999,20058647.05199,58305,190987.38,7612509.9412700,0
2025-06-30 15:00:00,39.471,40.129,39.156,39.873,757193.64,2025-06-30 15:59:59.999,30029903.33657,80655,376541.03,14944621.1055400,0
2025-06-30 16:00:00,39.873,40.707,39.66,40.564,446991.27,2025-06-30 16:59:59.999,17943056.2852,57669,248650.80,9986586.0671000,0
2025-06-30 17:00:00,40.564,40.729,40.204,40.6,320841.76,2025-06-30 17:59:59.999,12996668.31554,45471,157064.47,6364562.8216300,0
2025-06-30 18:00:00,40.6,40.69,40.01,40.204,254055.44,2025-06-30 18:59:59.999,10232475.68325,36480,113243.14,4558461.0388900,0
2025-06-30 19:00:00,40.204,40.884,40.181,40.821,202563.68,2025-06-30 19:59:59.999,8214913.23914,35742,110287.33,4473761.5333200,0
2025-06-30 20:00:00,40.821,41.052,40.435,40.911,273500.76,2025-06-30 20:59:59.999,11169076.87385,41960,129682.67,5298732.0886400,0
2025-06-30 21:00:00,40.911,41.258,40.508,40.607,253009.0,2025-06-30 21:59:59.999,10341753.59199,35599,122723.41,5020708.3886900,0
2025-06-30 22:00:00,40.607,40.714,39.882,40.053,351235.23,2025-06-30 22:59:59.999,14128328.4791,44134,152624.79,6139815.4083300,0
2025-06-30 23:00:00,40.052,40.164,39.345,39.55,407066.11,2025-06-30 23:59:59.999,16118800.3722,42929,204933.96,8114255.7738500,0
2025-07-01 00:00:00,39.556,39.661,39.042,39.279,275519.81,2025-07-01 00:59:59.999,10843692.50125,41245,129621.08,5103247.4119600,0
2025-07-01 01:00:00,39.279,39.809,39.235,39.428,223175.6,2025-07-01 01:59:59.999,8829692.62128,36245,125932.32,4983864.5299500,0
2025-07-01 02:00:00,39.426,39.739,39.3,39.344,145752.1,2025-07-01 02:59:59.999,5761219.4058,30296,68082.25,2693169.9206300,0
2025-07-01 03:00:00,39.345,39.579,39.162,39.474,192234.54,2025-07-01 03:59:59.999,7570170.92416,28442,91683.04,3610171.6043200,0
2025-07-01 04:00:00,39.476,39.481,38.872,39.016,197282.2,2025-07-01 04:59:59.999,7722943.68573,31249,83927.54,3286496.9258700,0
2025-07-01 05:00:00,39.016,39.173,38.444,38.829,474059.6,2025-07-01 05:59:59.999,18361741.32344,59213,196363.61,7608823.6017600,0
2025-07-01 06:00:00,38.83,38.859,38.643,38.781,146352.12,2025-07-01 06:59:59.999,5675454.82778,22130,82513.14,3199945.4439600,0
2025-07-01 07:00:00,38.782,39.151,38.465,38.998,377979.0,2025-07-01 07:59:59.999,14693769.71436,39720,210169.77,8173132.1600700,0
2025-07-01 08:00:00,38.999,39.097,38.585,38.729,259742.34,2025-07-01 08:59:59.999,10087941.54015,31121,125599.57,4880194.8635700,0
2025-07-01 09:00:00,38.729,39.134,38.584,39.05,297689.37,2025-07-01 09:59:59.999,11573754.01504,28577,165159.18,6425328.6813700,0
2025-07-01 10:00:00,39.051,39.345,38.885,39.273,323998.22,2025-07-01 10:59:59.999,12677386.13323,33929,193894.38,7587725.0052200,0
2025-07-01 11:00:00,39.271,39.44,39.088,39.331,261659.49,2025-07-01 11:59:59.999,10282287.98276,32224,131789.83,5179132.5388100,0
2025-07-01 12:00:00,39.329,39.5,39.077,39.183,265599.09,2025-07-01 12:59:59.999,10427513.52815,36167,115338.85,4530163.1301500,0
2025-07-01 13:00:00,39.183,39.284,38.717,39.013,424343.18,2025-07-01 13:59:59.999,16544099.28404,49987,198473.77,7739870.9924400,0
2025-07-01 14:00:00,39.018,39.446,38.511,38.898,518127.47,2025-07-01 14:59:59.999,20169237.77112,60408,219911.06,8565285.7183400,0
2025-07-01 15:00:00,38.898,39.13,38.604,39.042,263374.95,2025-07-01 15:59:59.999,10235735.44011,40853,146038.23,5677587.2302600,0
2025-07-01 16:00:00,39.038,39.487,38.809,38.85,313136.0,2025-07-01 16:59:59.999,12260305.03843,42542,141023.21,5523190.5166500,0
2025-07-01 17:00:00,38.851,39.09,38.584,38.696,230958.87,2025-07-01 17:59:59.999,8966600.46917,33608,121166.31,4704716.4878500,0
2025-07-01 18:00:00,38.7,38.8,37.535,37.674,970785.95,2025-07-01 18:59:59.999,36901705.37431,84939,453461.47,17234471.3202700,0
2025-07-01 19:00:00,37.674,37.839,36.983,37.025,836712.32,2025-07-01 19:59:59.999,31271918.84914,81582,366114.05,13684274.4423800,0
2025-07-01 20:00:00,37.026,37.663,36.936,37.448,574033.13,2025-07-01 20:59:59.999,21447621.60257,53664,298478.50,11146902.9774600,0
2025-07-01 21:00:00,37.449,37.701,37.037,37.277,308391.24,2025-07-01 21:59:59.999,11518253.18448,37118,134870.27,5039367.2217000,0
2025-07-01 22:00:00,37.275,37.491,37.06,37.144,210159.14,2025-07-01 22:59:59.999,7835490.02372,33839,90948.64,3393041.1497800,0
2025-07-01 23:00:00,37.148,37.161,36.839,36.909,484921.66,2025-07-01 23:59:59.999,17935300.64248,46661,218627.49,8086327.9282900,0
2025-07-02 00:00:00,36.91,37.245,36.809,37.125,389220.81,2025-07-02 00:59:59.999,14411808.45276,42207,200209.12,7413320.7676200,0
2025-07-02 01:00:00,37.125,37.258,36.841,37.155,282027.96,2025-07-02 01:59:59.999,10448030.98991,38018,117611.50,4360469.5361700,0
2025-07-02 02:00:00,37.158,37.274,36.914,37.177,120763.13,2025-07-02 02:59:59.999,4477161.39319,24888,54119.94,2006510.8105200,0
2025-07-02 03:00:00,37.178,37.644,37.139,37.424,409628.85,2025-07-02 03:59:59.999,15343735.11314,44871,234303.03,8775538.6957200,0
2025-07-02 04:00:00,37.423,37.774,37.241,37.772,186657.01,2025-07-02 04:59:59.999,7000107.23668,30072,100123.12,3756369.5575100,0
2025-07-02 05:00:00,37.771,37.993,37.538,37.851,263153.76,2025-07-02 05:59:59.999,9951058.05848,32038,146175.90,5527830.9921500,0
2025-07-02 06:00:00,37.851,38.092,37.648,38.023,263287.94,2025-07-02 06:59:59.999,9978593.79493,36266,126482.22,4797164.7647300,0
2025-07-02 07:00:00,38.024,38.236,37.687,38.088,242265.84,2025-07-02 07:59:59.999,9205726.42005,35900,107618.48,4092974.7409500,0
2025-07-02 08:00:00,38.094,38.522,38.094,38.515,291758.37,2025-07-02 08:59:59.999,11191942.81724,40485,159243.14,6109970.2219800,0
2025-07-02 09:00:00,38.514,38.632,38.319,38.546,179107.81,2025-07-02 09:59:59.999,6893042.42341,31833,88821.66,3418616.9698500,0
2025-07-02 10:00:00,38.542,38.884,38.471,38.877,160995.61,2025-07-02 10:59:59.999,6222807.67644,31186,85239.07,3296180.6269700,0
2025-07-02 11:00:00,38.879,38.885,38.138,38.257,327140.72,2025-07-02 11:59:59.999,12595022.73522,39999,126146.12,4856898.8420000,0
2025-07-02 12:00:00,38.257,38.334,37.826,38.177,382653.63,2025-07-02 12:59:59.999,14562116.9856,43875,186819.72,7110609.6084400,0
2025-07-02 13:00:00,38.177,38.517,38.092,38.37,272964.77,2025-07-02 13:59:59.999,10443986.31049,38785,128429.01,4916309.1531400,0
2025-07-02 14:00:00,38.369,38.759,38.343,38.741,430121.22,2025-07-02 14:59:59.999,16592239.52841,55652,198407.02,7652947.8711400,0
2025-07-02 15:00:00,38.745,38.986,38.634,38.882,340344.5,2025-07-02 15:59:59.999,13219918.79661,48458,181973.07,7069700.9598000,0
2025-07-02 16:00:00,38.884,39.722,38.783,39.648,823668.38,2025-07-02 16:59:59.999,32329956.51338,85209,403292.17,15829790.5971900,0
2025-07-02 17:00:00,39.648,39.738,38.516,38.862,677631.85,2025-07-02 17:59:59.999,26490125.76393,72757,295925.67,11572660.7825900,0
2025-07-02 18:00:00,38.862,39.18,38.691,39.143,262609.86,2025-07-02 18:59:59.999,10225750.23978,37958,135329.82,5271452.8856000,0
2025-07-02 19:00:00,39.147,39.391,38.858,39.358,176097.29,2025-07-02 19:59:59.999,6891237.34707,31387,94696.21,3708126.0703900,0
2025-07-02 20:00:00,39.359,39.656,39.262,39.456,357076.12,2025-07-02 20:59:59.999,14095901.31065,44692,180664.10,7131759.7584200,0
2025-07-02 21:00:00,39.458,40.179,39.452,40.073,443420.69,2025-07-02 21:59:59.999,17689696.65245,61368,247607.32,9880273.8420500,0
2025-07-02 22:00:00,40.075,40.306,39.76,40.232,304736.14,2025-07-02 22:59:59.999,12209372.46764,54435,164625.65,6599037.7730000,0
2025-07-02 23:00:00,40.231,40.38,39.855,39.877,242314.55,2025-07-02 23:59:59.999,9724825.93548,44889,105751.68,4246545.5108600,0
2025-07-03 00:00:00,39.877,40.193,39.683,40.193,182062.72,2025-07-03 00:59:59.999,7268170.07405,34494,95009.46,3793422.6755800,0
2025-07-03 01:00:00,40.193,40.351,39.919,40.234,161857.27,2025-07-03 01:59:59.999,6505075.80836,29570,67511.89,2713670.5779300,0
2025-07-03 02:00:00,40.234,40.261,39.671,39.93,245544.12,2025-07-03 02:59:59.999,9794430.55759,36239,113832.51,4543056.2381900,0
2025-07-03 03:00:00,39.932,40.249,39.779,39.835,169431.8,2025-07-03 03:59:59.999,6780658.25811,29790,86205.20,3450739.7633800,0
2025-07-03 04:00:00,39.832,39.998,39.7,39.763,148304.15,2025-07-03 04:59:59.999,5911615.23041,26391,62162.92,2478471.1738400,0
2025-07-03 05:00:00,39.765,40.379,39.741,40.28,232267.26,2025-07-03 05:59:59.999,9309885.00443,35116,116749.01,4678183.5201900,0
2025-07-03 06:00:00,40.28,40.434,40.066,40.304,221277.77,2025-07-03 06:59:59.999,8908493.47568,30441,110795.10,4460700.0745500,0
2025-07-03 07:00:00,40.303,40.785,40.196,40.766,274332.46,2025-07-03 07:59:59.999,11130499.72264,40006,144107.08,5847390.4768300,0
2025-07-03 08:00:00,40.766,40.901,40.544,40.598,163005.34,2025-07-03 08:59:59.999,6645121.19777,27599,83557.70,3407505.0482800,0
2025-07-03 09:00:00,40.6,41.005,40.44,40.958,247871.99,2025-07-03 09:59:59.999,10109269.85045,36140,113472.23,4630552.0339600,0
2025-07-03 10:00:00,40.958,40.995,40.383,40.62,223439.86,2025-07-03 10:59:59.999,9080206.37142,30941,88603.18,3602244.1009600,0
2025-07-03 11:00:00,40.619,40.75,40.295,40.358,193124.02,2025-07-03 11:59:59.999,7826177.43125,26607,77618.98,3146316.3435700,0
2025-07-03 12:00:00,40.359,40.924,39.828,40.283,614260.86,2025-07-03 12:59:59.999,24753535.56846,72819,314917.11,12696521.8872100,0
2025-07-03 13:00:00,40.277,41.218,40.091,41.101,469942.26,2025-07-03 13:59:59.999,19082898.57342,61276,237151.08,9633518.9103500,0
2025-07-03 14:00:00,41.097,41.206,40.277,40.325,417793.47,2025-07-03 14:59:59.999,17004703.24779,53973,170055.87,6920737.8217900,0
2025-07-03 15:00:00,40.325,40.41,39.903,39.956,362800.52,2025-07-03 15:59:59.999,14565221.24705,48977,191822.17,7701335.9715800,0
2025-07-03 16:00:00,39.955,40.741,39.941,40.262,450572.49,2025-07-03 16:59:59.999,18194322.65175,50145,241600.00,9757134.7364000,0
2025-07-03 17:00:00,40.264,40.435,40.012,40.037,231573.81,2025-07-03 17:59:59.999,9306424.66703,39327,92778.49,3729999.4080000,0
2025-07-03 18:00:00,40.038,40.344,39.553,40.245,329694.26,2025-07-03 18:59:59.999,13175843.66846,48087,148550.34,5941727.8382000,0
2025-07-03 19:00:00,40.244,40.582,40.217,40.377,163454.68,2025-07-03 19:59:59.999,6608165.88381,23041,84980.10,3436027.4368500,0
2025-07-03 20:00:00,40.384,40.786,40.329,40.771,111944.99,2025-07-03 20:59:59.999,4548189.58127,19187,55098.67,2238274.7579700,0
2025-07-03 21:00:00,40.771,40.82,40.46,40.672,129713.91,2025-07-03 21:59:59.999,5269288.59417,19475,58587.92,2381198.4285600,0
2025-07-03 22:00:00,40.673,40.71,40.443,40.511,74384.83,2025-07-03 22:59:59.999,3016789.74298,15169,36204.63,1468068.3269900,0
2025-07-03 23:00:00,40.51,40.649,40.137,40.254,111973.73,2025-07-03 23:59:59.999,4516572.96287,18129,49480.65,1996007.4051500,0
2025-07-04 00:00:00,40.253,40.388,40.001,40.112,186973.09,2025-07-04 00:59:59.999,7514444.03688,27190,102647.99,4126022.3771100,0
2025-07-04 01:00:00,40.116,40.437,39.836,39.888,133334.38,2025-07-04 01:59:59.999,5350196.40498,24026,58241.73,2339680.5851000,0
2025-07-04 02:00:00,39.888,39.912,39.154,39.267,321429.58,2025-07-04 02:59:59.999,12677451.76077,39258,161044.61,6347867.5707300,0
2025-07-04 03:00:00,39.268,39.471,39.132,39.224,126682.93,2025-07-04 03:59:59.999,4982622.93734,28188,73606.58,2895890.4154900,0
2025-07-04 04:00:00,39.225,39.441,38.995,39.004,199094.99,2025-07-04 04:59:59.999,7790364.70774,30574,101288.97,3963735.3359500,0
2025-07-04 05:00:00,39.005,39.443,38.92,39.237,265354.7,2025-07-04 05:59:59.999,10413067.34839,31013,133542.07,5240295.7119400,0
2025-07-04 06:00:00,39.237,39.256,38.78,38.916,284872.03,2025-07-04 06:59:59.999,11107594.89837,35605,129421.26,5047022.8058200,0
2025-07-04 07:00:00,38.911,39.001,38.331,38.516,432851.43,2025-07-04 07:59:59.999,16704223.1852,52050,203179.37,7842694.7607400,0
2025-07-04 08:00:00,38.517,38.776,38.208,38.746,329191.89,2025-07-04 08:59:59.999,12690100.47986,39111,169559.53,6538210.6510300,0
2025-07-04 09:00:00,38.747,38.919,38.714,38.872,169871.33,2025-07-04 09:59:59.999,6595160.73472,25438,78822.69,3061001.7674000,0
2025-07-04 10:00:00,38.872,39.013,38.757,38.807,134947.96,2025-07-04 10:59:59.999,5251247.77006,23671,65757.05,2559190.8767300,0
2025-07-04 11:00:00,38.808,39.017,38.7,38.748,90162.75,2025-07-04 11:59:59.999,3504396.50196,18250,41355.64,1608202.1607000,0
2025-07-04 12:00:00,38.747,38.845,38.503,38.623,120093.12,2025-07-04 12:59:59.999,4643372.69906,21661,59115.10,2286153.9097900,0
2025-07-04 13:00:00,38.623,38.744,38.148,38.229,460547.24,2025-07-04 13:59:59.999,17670575.41865,46230,203398.85,7804264.8614900,0
2025-07-04 14:00:00,38.227,38.575,38.154,38.205,419954.6,2025-07-04 14:59:59.999,16092053.17185,48691,195824.73,7507449.2999700,0
2025-07-04 15:00:00,38.204,38.329,37.775,37.883,459225.41,2025-07-04 15:59:59.999,17439859.31715,54146,215971.89,8202710.6209600,0
2025-07-04 16:00:00,37.883,38.213,37.545,38.181,536892.08,2025-07-04 16:59:59.999,20316828.34063,54542,288788.86,10934361.6352400,0
2025-07-04 17:00:00,38.18,38.53,38.109,38.51,380823.13,2025-07-04 17:59:59.999,14596272.29036,39502,191359.96,7336747.3070500,0
2025-07-04 18:00:00,38.511,38.56,38.044,38.153,229233.06,2025-07-04 18:59:59.999,8774791.65863,29167,103494.53,3960241.7248100,0
2025-07-04 19:00:00,38.154,38.311,37.93,38.28,153038.19,2025-07-04 19:59:59.999,5834894.73071,22424,83494.14,3182813.9744900,0
2025-07-04 20:00:00,38.28,38.68,38.235,38.329,184533.62,2025-07-04 20:59:59.999,7101518.60118,28339,96121.63,3698810.3949500,0
2025-07-04 21:00:00,38.329,38.678,38.31,38.632,101867.04,2025-07-04 21:59:59.999,3924709.49068,18122,51421.41,1980782.0580100,0
2025-07-04 22:00:00,38.631,39.017,38.596,38.951,202967.93,2025-07-04 22:59:59.999,7888132.57461,27359,95710.90,3718538.3419000,0
2025-07-04 23:00:00,38.951,39.134,38.743,38.962,204377.27,2025-07-04 23:59:59.999,7967552.76936,30628,95256.77,3714369.2585100,0
2025-07-05 00:00:00,38.961,39.255,38.877,39.145,165740.87,2025-07-05 00:59:59.999,6478546.95037,25073,80977.10,3166046.8501700,0
2025-07-05 01:00:00,39.145,39.159,38.755,38.851,116472.64,2025-07-05 01:59:59.999,4534474.31558,19385,58189.93,2265836.6409400,0
2025-07-05 02:00:00,38.854,39.152,38.642,39.09,124438.28,2025-07-05 02:59:59.999,4838288.16589,20355,63444.19,2468868.9689100,0
2025-07-05 03:00:00,39.09,39.25,39.045,39.093,135233.12,2025-07-05 03:59:59.999,5296389.94078,18241,69771.65,2733111.6392800,0
2025-07-05 04:00:00,39.093,39.22,38.877,38.951,125277.45,2025-07-05 04:59:59.999,4894101.75125,18471,52689.66,2058951.6496400,0
2025-07-05 05:00:00,38.951,39.457,38.88,39.414,125234.34,2025-07-05 05:59:59.999,4915626.05717,18599,73166.15,2872101.6931400,0
2025-07-05 06:00:00,39.415,39.578,39.306,39.573,117663.38,2025-07-05 06:59:59.999,4643206.77148,19657,55872.26,2205073.0288200,0
2025-07-05 07:00:00,39.575,39.624,39.406,39.468,90430.85,2025-07-05 07:59:59.999,3573524.28706,17313,45434.17,1795739.2889400,0
2025-07-05 08:00:00,39.468,39.606,39.231,39.402,148431.02,2025-07-05 08:59:59.999,5846529.94974,19877,65599.95,2584190.4430700,0
2025-07-05 09:00:00,39.402,39.504,39.033,39.428,217143.95,2025-07-05 09:59:59.999,8523062.82961,29292,112107.65,4401754.8597300,0
2025-07-05 10:00:00,39.425,39.498,39.227,39.261,81141.52,2025-07-05 10:59:59.999,3195792.85321,14835,34038.58,1341346.1690200,0
2025-07-05 11:00:00,39.262,39.381,39.161,39.189,68663.98,2025-07-05 11:59:59.999,2696032.53241,13278,30339.75,1191592.5468400,0
2025-07-05 12:00:00,39.192,39.443,39.03,39.34,196232.27,2025-07-05 12:59:59.999,7690011.91548,24747,89951.50,3525883.8668000,0
2025-07-05 13:00:00,39.339,39.56,39.229,39.465,109710.05,2025-07-05 13:59:59.999,4324635.82062,19573,58815.88,2318552.0218000,0
2025-07-05 14:00:00,39.471,39.615,39.375,39.538,125073.95,2025-07-05 14:59:59.999,4943115.09396,21749,56343.98,2226866.1769400,0
2025-07-05 15:00:00,39.537,39.618,39.263,39.293,178542.06,2025-07-05 15:59:59.999,7045053.65246,23290,89903.51,3548603.8453300,0
2025-07-05 16:00:00,39.292,39.458,38.7,38.872,346031.85,2025-07-05 16:59:59.999,13495971.01371,34496,159534.27,6219687.1592300,0
2025-07-05 17:00:00,38.874,39.15,38.514,38.641,509741.55,2025-07-05 17:59:59.999,19804291.89733,55496,249785.36,9703978.6596700,0
2025-07-05 18:00:00,38.645,38.769,38.336,38.364,212705.25,2025-07-05 18:59:59.999,8196805.22109,28674,98757.83,3807720.8656900,0
2025-07-05 19:00:00,38.365,38.778,38.274,38.702,151326.5,2025-07-05 19:59:59.999,5829786.043,21803,79102.63,3047266.7382200,0
2025-07-05 20:00:00,38.697,38.837,38.531,38.83,90916.95,2025-07-05 20:59:59.999,3518281.82769,13845,49372.52,1911343.1158700,0
2025-07-05 21:00:00,38.829,39.043,38.756,39.016,96812.04,2025-07-05 21:59:59.999,3767425.34378,13758,52436.03,2040875.3074200,0
2025-07-05 22:00:00,39.015,39.267,38.868,39.196,103783.1,2025-07-05 22:59:59.999,4055260.47321,16515,64397.68,2517154.8353800,0
2025-07-05 23:00:00,39.198,39.253,38.982,39.143,102337.09,2025-07-05 23:59:59.999,4003460.79112,16225,39834.86,1558662.4605900,0
2025-07-06 00:00:00,39.137,39.185,38.838,39.177,176790.32,2025-07-06 00:59:59.999,6902980.87717,26383,87619.59,3420458.0823700,0
2025-07-06 01:00:00,39.178,39.256,39.055,39.232,125505.84,2025-07-06 01:59:59.999,4916574.42861,20607,61517.81,2409748.2613000,0
2025-07-06 02:00:00,39.232,39.446,39.205,39.287,147721.73,2025-07-06 02:59:59.999,5814946.71942,18609,85263.92,3356216.7247800,0
2025-07-06 03:00:00,39.287,39.312,39.044,39.247,95160.62,2025-07-06 03:59:59.999,3725785.76546,13456,46161.63,1807435.2158800,0
2025-07-06 04:00:00,39.247,39.432,39.113,39.123,104281.59,2025-07-06 04:59:59.999,4097022.39484,15978,43330.61,1703078.6679200,0
2025-07-06 05:00:00,39.123,39.2,38.86,38.878,80746.57,2025-07-06 05:59:59.999,3153439.62149,14059,35366.64,1382280.8722800,0
2025-07-06 06:00:00,38.879,39.135,38.798,38.883,145008.81,2025-07-06 06:59:59.999,5646245.32212,20213,78651.75,3062787.3029100,0
2025-07-06 07:00:00,38.884,38.974,38.756,38.9,106192.6,2025-07-06 07:59:59.999,4125272.62646,18268,61846.24,2402797.5072300,0
2025-07-06 08:00:00,38.902,38.93,38.586,38.712,186689.24,2025-07-06 08:59:59.999,7234061.41098,23974,86248.34,3342749.0914900,0
2025-07-06 09:00:00,38.712,38.959,38.604,38.725,110231.29,2025-07-06 09:59:59.999,4276401.21636,18638,51941.93,2015467.3027200,0
2025-07-06 10:00:00,38.726,39.038,38.708,38.975,88154.15,2025-07-06 10:59:59.999,3429993.17515,15386,49946.73,1942775.1209600,0
2025-07-06 11:00:00,38.975,39.023,38.844,38.984,46282.68,2025-07-06 11:59:59.999,1802462.09641,10771,21316.88,830243.8566900,0
2025-07-06 12:00:00,38.984,39.14,38.81,39.131,81429.65,2025-07-06 12:59:59.999,3174785.49875,13858,45841.59,1787772.3988500,0
2025-07-06 13:00:00,39.132,39.672,39.086,39.351,428110.19,2025-07-06 13:59:59.999,16867607.83858,45609,216819.51,8545009.6077500,0
2025-07-06 14:00:00,39.353,39.585,39.143,39.411,398643.03,2025-07-06 14:59:59.999,15684299.11739,36626,211984.81,8341880.0438200,0
2025-07-06 15:00:00,39.407,39.43,39.021,39.344,169280.63,2025-07-06 15:59:59.999,6638710.76918,22410,81366.70,3191755.6232400,0
2025-07-06 16:00:00,39.342,39.491,39.145,39.48,150559.69,2025-07-06 16:59:59.999,5918757.66338,20112,72851.86,2864071.6141300,0
2025-07-06 17:00:00,39.48,39.531,39.289,39.371,90675.13,2025-07-06 17:59:59.999,3574131.19004,16572,40019.07,1577907.2168700,0
2025-07-06 18:00:00,39.37,39.486,39.006,39.236,240993.9,2025-07-06 18:59:59.999,9450140.21583,33270,103007.17,4041755.6777900,0
2025-07-06 19:00:00,39.238,39.366,39.126,39.346,112591.53,2025-07-06 19:59:59.999,4420526.64192,18325,60216.30,2364651.8436700,0
2025-07-06 20:00:00,39.345,39.665,39.343,39.553,180874.15,2025-07-06 20:59:59.999,7151169.86236,23256,104329.07,4124368.3282500,0
2025-07-06 21:00:00,39.553,39.853,39.51,39.761,268018.23,2025-07-06 21:59:59.999,10639909.21954,26838,131166.51,5208506.9146900,0
2025-07-06 22:00:00,39.764,40.032,39.713,39.968,224310.78,2025-07-06 22:59:59.999,8951084.80384,28777,111334.96,4442836.7163500,0
2025-07-06 23:00:00,39.97,40.021,39.503,39.829,223771.71,2025-07-06 23:59:59.999,8900429.78471,29036,94066.94,3741969.4258900,0
2025-07-07 00:00:00,39.829,39.97,39.558,39.674,253678.3,2025-07-07 00:59:59.999,10077990.76032,32106,114246.66,4538350.3882700,0
2025-07-07 01:00:00,39.674,39.764,39.469,39.679,176448.86,2025-07-07 01:59:59.999,6983611.47862,21295,86502.41,3423188.0775300,0
2025-07-07 02:00:00,39.679,40.002,39.679,39.925,156875.98,2025-07-07 02:59:59.999,6256827.39416,21524,81720.97,3259575.4719300,0
2025-07-07 03:00:00,39.925,40.161,39.802,39.837,166410.53,2025-07-07 03:59:59.999,6655012.30257,21311,79257.28,3170754.2208100,0
2025-07-07 04:00:00,39.837,39.94,39.633,39.653,134181.11,2025-07-07 04:59:59.999,5335436.27176,15837,75364.25,2997493.4791300,0
2025-07-07 05:00:00,39.653,39.786,39.591,39.712,108917.54,2025-07-07 05:59:59.999,4322983.89125,19404,50593.20,2008332.4227200,0
2025-07-07 06:00:00,39.713,39.945,39.659,39.732,135848.84,2025-07-07 06:59:59.999,5406081.63754,22548,70701.45,2814014.6886500,0
2025-07-07 07:00:00,39.735,39.917,39.597,39.909,112100.96,2025-07-07 07:59:59.999,4455060.23447,20280,54687.79,2174794.2672200,0
2025-07-07 08:00:00,39.908,40.016,39.795,39.933,127751.24,2025-07-07 08:59:59.999,5100599.02397,21416,62909.82,2512217.3434600,0
2025-07-07 09:00:00,39.932,39.933,39.616,39.665,122558.1,2025-07-07 09:59:59.999,4868216.18136,20328,51510.21,2046536.6358600,0
2025-07-07 10:00:00,39.665,39.746,39.429,39.55,148876.5,2025-07-07 10:59:59.999,5894475.81407,20894,67387.12,2668770.3933400,0
2025-07-07 11:00:00,39.552,39.708,39.478,39.559,103630.98,2025-07-07 11:59:59.999,4102252.64509,16255,47503.47,1880490.4605400,0
2025-07-07 12:00:00,39.558,39.669,39.386,39.547,150105.07,2025-07-07 12:59:59.999,5932104.91855,18048,68668.36,2713342.1886500,0
2025-07-07 13:00:00,39.543,39.764,39.37,39.719,198342.75,2025-07-07 13:59:59.999,7844903.89399,27819,98358.69,3891844.1697600,0
2025-07-07 14:00:00,39.719,39.851,39.383,39.596,253195.81,2025-07-07 14:59:59.999,10028911.08879,31760,118926.77,4709728.4553500,0
2025-07-07 15:00:00,39.598,39.71,39.454,39.457,119265.25,2025-07-07 15:59:59.999,4721952.59936,19998,56983.27,2256420.9738700,0
2025-07-07 16:00:00,39.455,39.587,39.073,39.096,319495.06,2025-07-07 16:59:59.999,12584796.19609,38496,158834.57,6260526.9509900,0
2025-07-07 17:00:00,39.098,39.381,38.854,39.107,227390.91,2025-07-07 17:59:59.999,8898802.57523,32081,114092.95,4466945.2441000,0
2025-07-07 18:00:00,39.108,39.21,38.655,39.064,273298.89,2025-07-07 18:59:59.999,10618704.66016,33766,139371.82,5417405.2953700,0
2025-07-07 19:00:00,39.063,39.389,38.728,38.885,309236.61,2025-07-07 19:59:59.999,12095249.96959,36769,158230.94,6189460.8616800,0
2025-07-07 20:00:00,38.877,38.877,38.372,38.504,509615.73,2025-07-07 20:59:59.999,19643593.2149,51753,242479.75,9346208.5828000,0
2025-07-07 21:00:00,38.505,38.673,38.194,38.43,198357.97,2025-07-07 21:59:59.999,7619844.34539,25932,87529.32,3364167.4336100,0
2025-07-07 22:00:00,38.432,38.523,38.201,38.521,132558.33,2025-07-07 22:59:59.999,5086785.57672,20572,63789.99,2448517.1007700,0
2025-07-07 23:00:00,38.519,38.73,38.424,38.546,139508.68,2025-07-07 23:59:59.999,5386379.93384,19784,72664.85,2806245.4900000,0
2025-07-08 00:00:00,38.547,38.895,38.487,38.788,179337.95,2025-07-08 00:59:59.999,6944183.15057,25843,106459.26,4122844.9810300,0
2025-07-08 01:00:00,38.787,38.823,37.946,38.014,227368.56,2025-07-08 01:59:59.999,8733679.24096,30389,90317.49,3471330.7173000,0
2025-07-08 02:00:00,38.014,38.048,37.054,37.204,727200.13,2025-07-08 02:59:59.999,27289959.78866,75249,343502.61,12878707.4540600,0
2025-07-08 03:00:00,37.203,37.572,37.123,37.375,295762.17,2025-07-08 03:59:59.999,11052500.52174,37974,147377.56,5507573.9335900,0
2025-07-08 04:00:00,37.374,37.445,37.104,37.34,224719.84,2025-07-08 04:59:59.999,8379607.11452,31216,103905.58,3876597.0830700,0
2025-07-08 05:00:00,37.34,37.454,36.952,37.303,329761.3,2025-07-08 05:59:59.999,12252467.40488,41283,152230.57,5657902.1569500,0
2025-07-08 06:00:00,37.302,37.758,37.258,37.675,314234.75,2025-07-08 06:59:59.999,11788067.54297,37162,177512.15,6659240.0936100,0
2025-07-08 07:00:00,37.674,37.909,37.515,37.907,256624.3,2025-07-08 07:59:59.999,9687890.17163,27863,117200.77,4424673.6884900,0
2025-07-08 08:00:00,37.906,38.045,37.578,37.694,243810.67,2025-07-08 08:59:59.999,9220278.24958,32072,119781.43,4531528.2026100,0
2025-07-08 09:00:00,37.694,38.094,37.566,37.947,177198.28,2025-07-08 09:59:59.999,6708307.70238,22559,96224.33,3644958.9019300,0
2025-07-08 10:00:00,37.947,38.33,37.846,38.284,235962.02,2025-07-08 10:59:59.999,8998101.8164,29430,135280.46,5158100.0375700,0
2025-07-08 11:00:00,38.284,38.4,38.106,38.171,172093.03,2025-07-08 11:59:59.999,6579727.41681,24173,84906.03,3247210.5734600,0
2025-07-08 12:00:00,38.169,38.437,38.166,38.354,166203.58,2025-07-08 12:59:59.999,6368843.10284,24322,86855.72,3328852.0394400,0
2025-07-08 13:00:00,38.353,38.394,37.953,38.298,211724.27,2025-07-08 13:59:59.999,8089245.36254,32409,104123.24,3980582.8197800,0
2025-07-08 14:00:00,38.298,38.318,37.572,37.681,418983.24,2025-07-08 14:59:59.999,15882737.2611,44676,163963.47,6215583.1163200,0
2025-07-08 15:00:00,37.68,37.861,37.572,37.636,240392.68,2025-07-08 15:59:59.999,9063202.71969,32949,125328.92,4724510.3896800,0
2025-07-08 16:00:00,37.636,37.838,37.505,37.777,175809.72,2025-07-08 16:59:59.999,6626625.56066,28480,87582.71,3302060.2179900,0
2025-07-08 17:00:00,37.777,38.798,37.76,38.503,578437.62,2025-07-08 17:59:59.999,22216821.78415,66570,316788.68,12159930.4909600,0
2025-07-08 18:00:00,38.503,39.032,38.46,39.008,247916.21,2025-07-08 18:59:59.999,9618678.66334,32662,134568.87,5219903.2642800,0
2025-07-08 19:00:00,39.006,39.079,38.728,38.921,169754.63,2025-07-08 19:59:59.999,6604020.98668,22441,77101.07,2999136.6668900,0
2025-07-08 20:00:00,38.921,38.935,38.509,38.526,191291.58,2025-07-08 20:59:59.999,7401652.41098,23230,83502.60,3231316.2914400,0
2025-07-08 21:00:00,38.522,38.82,38.522,38.757,79518.42,2025-07-08 21:59:59.999,3076399.68972,13436,46471.82,1798223.3402000,0
2025-07-08 22:00:00,38.755,38.845,38.541,38.677,87135.75,2025-07-08 22:59:59.999,3368987.36629,15919,42434.98,1640900.3810500,0
2025-07-08 23:00:00,38.677,38.937,38.614,38.806,99862.89,2025-07-08 23:59:59.999,3872884.68161,17079,50425.68,1955672.2758500,0
2025-07-09 00:00:00,38.803,39.236,38.731,39.101,209322.71,2025-07-09 00:59:59.999,8155073.5419,27566,97241.41,3788891.4174600,0
2025-07-09 01:00:00,39.1,39.214,38.783,38.892,143875.77,2025-07-09 01:59:59.999,5608298.61251,22122,63305.57,2467607.2353900,0
2025-07-09 02:00:00,38.894,39.117,38.818,38.863,110406.74,2025-07-09 02:59:59.999,4302052.78356,19015,55717.17,2171019.1957200,0
2025-07-09 03:00:00,38.862,39.016,38.737,38.792,110423.07,2025-07-09 03:59:59.999,4288141.48751,14961,62768.16,2437714.5571500,0
2025-07-09 04:00:00,38.792,39.086,38.786,39.042,98810.72,2025-07-09 04:59:59.999,3850138.2469,15360,51058.93,1989761.7912000,0
2025-07-09 05:00:00,39.044,39.264,38.905,39.226,175877.83,2025-07-09 05:59:59.999,6883847.60633,24431,99969.68,3913046.7647800,0
2025-07-09 06:00:00,39.226,39.332,39.104,39.203,129751.03,2025-07-09 06:59:59.999,5088180.74551,20319,73155.56,2868872.0504100,0
2025-07-09 07:00:00,39.203,39.392,39.141,39.362,143637.21,2025-07-09 07:59:59.999,5642253.95461,19705,76884.75,3020665.1851200,0
2025-07-09 08:00:00,39.361,39.434,39.059,39.218,199228.01,2025-07-09 08:59:59.999,7828833.57516,26757,96954.21,3810993.5574400,0
2025-07-09 09:00:00,39.218,39.249,38.961,39.012,146156.34,2025-07-09 09:59:59.999,5711055.38263,18483,66517.62,2599180.5187000,0
2025-07-09 10:00:00,39.012,39.15,38.898,39.086,100409.45,2025-07-09 10:59:59.999,3916813.21097,16571,50348.36,1964333.8914900,0
2025-07-09 11:00:00,39.086,39.362,39.022,39.298,102403.04,2025-07-09 11:59:59.999,4016426.33376,17011,50186.67,1968604.7648300,0
2025-07-09 12:00:00,39.297,39.673,39.235,39.505,254810.6,2025-07-09 12:59:59.999,10069207.90605,28772,107584.19,4251476.5592700,0
2025-07-09 13:00:00,39.505,39.6,39.087,39.151,248497.25,2025-07-09 13:59:59.999,9786617.42953,33603,119022.74,4687396.3805900,0
2025-07-09 14:00:00,39.151,39.352,38.82,39.08,328677.95,2025-07-09 14:59:59.999,12826880.42292,38010,166847.34,6513904.2018100,0
2025-07-09 15:00:00,39.079,39.176,38.907,39.087,177832.57,2025-07-09 15:59:59.999,6944099.8467,24599,98843.77,3859359.0753400,0
2025-07-09 16:00:00,39.084,40.002,39.084,39.829,334194.68,2025-07-09 16:59:59.999,13221432.48303,37410,178327.66,7053083.6029200,0
2025-07-09 17:00:00,39.83,40.174,39.584,39.741,335053.15,2025-07-09 17:59:59.999,13350023.01966,38275,165624.42,6598172.4344800,0
2025-07-09 18:00:00,39.741,40.388,39.663,40.265,314025.63,2025-07-09 18:59:59.999,12611127.30889,41996,182075.01,7310232.4532700,0
2025-07-09 19:00:00,40.265,40.995,40.187,40.692,502526.18,2025-07-09 19:59:59.999,20423825.97673,53376,274443.72,11154146.0624600,0
2025-07-09 20:00:00,40.693,40.749,40.05,40.354,485938.64,2025-07-09 20:59:59.999,19628180.77041,54588,245083.78,9904068.6089000,0
2025-07-09 21:00:00,40.353,41.0,40.329,40.601,219553.61,2025-07-09 21:59:59.999,8953038.56887,26595,113883.03,4643014.2470100,0
2025-07-09 22:00:00,40.602,41.049,40.602,40.852,195004.8,2025-07-09 22:59:59.999,7964901.92285,29074,101863.55,4161357.1267700,0
2025-07-09 23:00:00,40.851,40.996,40.663,40.673,106122.46,2025-07-09 23:59:59.999,4335823.31288,18170,58050.84,2372270.0755000,0
2025-07-10 00:00:00,40.671,40.997,40.502,40.544,219751.96,2025-07-10 00:59:59.999,8951479.63867,27256,95449.27,3889189.1283100,0
2025-07-10 01:00:00,40.545,41.037,40.52,40.941,119038.79,2025-07-10 01:59:59.999,4860841.98872,19064,69570.38,2841296.2403100,0
2025-07-10 02:00:00,40.937,41.699,40.929,41.681,352527.34,2025-07-10 02:59:59.999,14605172.89456,40093,195581.79,8104529.7817200,0
2025-07-10 03:00:00,41.683,41.697,41.324,41.393,197637.12,2025-07-10 03:59:59.999,8194862.37423,27441,85971.96,3565216.2866300,0
2025-07-10 04:00:00,41.393,41.842,41.142,41.728,224342.56,2025-07-10 04:59:59.999,9324529.18792,29895,136724.48,5685679.6895900,0
2025-07-10 05:00:00,41.731,41.764,41.35,41.538,188858.65,2025-07-10 05:59:59.999,7851421.9658,25652,87659.71,3645061.0211900,0
2025-07-10 06:00:00,41.538,41.818,41.436,41.753,147739.33,2025-07-10 06:59:59.999,6158083.45073,20397,87690.76,3655369.7183500,0
2025-07-10 07:00:00,41.753,41.966,41.693,41.769,204627.33,2025-07-10 07:59:59.999,8561857.98625,31226,113116.81,4733318.3915500,0
2025-07-10 08:00:00,41.768,41.978,41.662,41.919,153874.65,2025-07-10 08:59:59.999,6440919.9496,20982,81051.78,3392689.9221400,0
2025-07-10 09:00:00,41.917,41.948,41.585,41.632,138748.5,2025-07-10 09:59:59.999,5794293.08352,22396,62677.69,2617477.2791000,0
2025-07-10 10:00:00,41.632,41.736,41.022,41.2,341186.91,2025-07-10 10:59:59.999,14090245.48505,34618,144283.03,5957129.3055600,0
2025-07-10 11:00:00,41.2,41.4,41.122,41.347,87603.67,2025-07-10 11:59:59.999,3616737.24736,15781,44189.79,1824806.5155600,0
2025-07-10 12:00:00,41.348,41.348,40.718,41.169,236491.45,2025-07-10 12:59:59.999,9693789.25067,30325,94120.60,3859305.9307700,0
2025-07-10 13:00:00,41.168,41.611,41.076,41.302,218077.93,2025-07-10 13:59:59.999,9026416.14936,32026,113458.38,4696670.3757300,0
2025-07-10 14:00:00,41.303,41.783,41.207,41.782,251630.59,2025-07-10 14:59:59.999,10450188.06859,35401,145297.53,6035052.5679200,0
2025-07-10 15:00:00,41.78,41.855,41.5,41.847,204414.1,2025-07-10 15:59:59.999,8531092.41064,34341,97728.42,4079030.8458400,0
2025-07-10 16:00:00,41.847,42.722,41.76,42.532,445884.92,2025-07-10 16:59:59.999,18866269.17861,49788,244097.35,10328241.4337200,0
2025-07-10 17:00:00,42.536,43.159,42.421,43.114,405729.32,2025-07-10 17:59:59.999,17382723.05648,52220,232394.93,9956267.8672700,0
2025-07-10 18:00:00,43.115,43.15,42.613,42.911,289632.54,2025-07-10 18:59:59.999,12412353.79969,38162,140408.57,6016467.0398900,0
2025-07-10 19:00:00,42.903,43.015,42.473,42.796,172151.08,2025-07-10 19:59:59.999,7354451.80821,22398,82597.08,3530597.4921400,0
2025-07-10 20:00:00,42.788,43.226,42.704,43.073,152881.82,2025-07-10 20:59:59.999,6566693.12009,25634,77026.15,3307655.2284100,0
2025-07-10 21:00:00,43.065,43.992,43.02,43.834,611184.84,2025-07-10 21:59:59.999,26645468.80431,63360,334625.62,14591058.6712000,0
2025-07-10 22:00:00,43.834,44.096,43.544,43.747,302482.24,2025-07-10 22:59:59.999,13252576.27291,40302,147904.61,6482973.0021600,0
2025-07-10 23:00:00,43.748,44.01,43.403,43.813,283306.8,2025-07-10 23:59:59.999,12381235.1514,35306,143018.16,6252618.9442200,0
2025-07-11 00:00:00,43.818,43.983,43.383,43.55,339795.11,2025-07-11 00:59:59.999,14826345.16569,45975,163166.44,7121610.0730200,0
2025-07-11 01:00:00,43.549,44.207,43.464,44.044,255286.56,2025-07-11 01:59:59.999,11207147.04291,35504,137073.03,6018895.4961300,0
2025-07-11 02:00:00,44.043,44.266,43.825,44.129,227588.96,2025-07-11 02:59:59.999,10032527.6291,31939,114847.55,5064439.2950200,0
2025-07-11 03:00:00,44.129,44.611,43.984,44.588,228053.66,2025-07-11 03:59:59.999,10091946.70186,27628,111301.82,4926405.6303000,0
2025-07-11 04:00:00,44.586,45.197,44.275,45.182,322221.15,2025-07-11 04:59:59.999,14418478.45521,43499,172894.67,7738938.0863900,0
2025-07-11 05:00:00,45.181,45.655,45.002,45.328,506223.25,2025-07-11 05:59:59.999,22956865.88342,68311,250239.72,11350480.3544400,0
2025-07-11 06:00:00,45.333,46.274,45.269,45.358,601847.58,2025-07-11 06:59:59.999,27587546.25892,72013,340185.63,15598982.2276000,0
2025-07-11 07:00:00,45.36,45.771,45.067,45.265,365432.92,2025-07-11 07:59:59.999,16584846.15435,47280,169525.68,7695773.5488400,0
2025-07-11 08:00:00,45.266,45.891,45.264,45.841,218960.46,2025-07-11 08:59:59.999,9980288.17975,32947,108813.44,4960032.9923500,0
2025-07-11 09:00:00,45.843,46.356,45.6,46.115,446008.37,2025-07-11 09:59:59.999,20510406.74689,56951,202908.17,9330287.7116800,0
2025-07-11 10:00:00,46.115,46.222,45.666,45.885,290256.76,2025-07-11 10:59:59.999,13348691.63649,44704,136101.93,6261299.4145000,0
2025-07-11 11:00:00,45.884,45.985,45.473,45.606,202303.15,2025-07-11 11:59:59.999,9236267.96522,32405,94707.83,4324114.5619900,0
2025-07-11 12:00:00,45.612,45.746,45.14,45.604,171845.78,2025-07-11 12:59:59.999,7809703.76639,25352,85546.08,3888604.1943100,0
2025-07-11 13:00:00,45.605,45.947,45.222,45.787,231945.95,2025-07-11 13:59:59.999,10571858.55141,35595,123342.81,5625218.0251900,0
2025-07-11 14:00:00,45.788,46.464,45.55,45.711,351218.18,2025-07-11 14:59:59.999,16147628.81088,48275,160671.62,7389463.1567000,0
2025-07-11 15:00:00,45.708,45.905,45.151,45.227,363054.05,2025-07-11 15:59:59.999,16535473.98773,40184,154558.55,7042145.8493100,0
2025-07-11 16:00:00,45.235,46.036,45.043,46.016,353505.04,2025-07-11 16:59:59.999,16063735.36927,40494,184501.86,8382252.4338300,0
2025-07-11 17:00:00,46.017,46.524,46.013,46.39,273674.4,2025-07-11 17:59:59.999,12663958.34963,36951,138375.20,6405816.5871500,0
2025-07-11 18:00:00,46.391,46.646,46.096,46.575,138097.89,2025-07-11 18:59:59.999,6405429.04452,22555,84609.81,3926295.1472900,0
2025-07-11 19:00:00,46.57,46.888,46.33,46.869,238104.94,2025-07-11 19:59:59.999,11093204.00534,27781,123959.07,5776517.5220900,0
2025-07-11 20:00:00,46.862,46.939,45.935,45.98,216487.71,2025-07-11 20:59:59.999,10063710.93222,30845,105671.29,4914668.3762600,0
2025-07-11 21:00:00,45.98,46.135,45.487,45.668,175145.89,2025-07-11 21:59:59.999,8016773.85783,25276,89022.78,4075187.5400500,0
2025-07-11 22:00:00,45.664,45.823,45.254,45.756,226059.41,2025-07-11 22:59:59.999,10291264.52537,30688,108190.31,4926295.0679700,0
2025-07-11 23:00:00,45.756,46.409,45.711,46.383,171146.39,2025-07-11 23:59:59.999,7895849.67331,25564,77887.51,3592624.1907000,0
2025-07-12 00:00:00,46.382,46.459,45.722,46.193,187229.26,2025-07-12 00:59:59.999,8625672.75132,28957,86405.55,3979577.9798500,0
2025-07-12 01:00:00,46.194,46.539,46.057,46.482,134002.53,2025-07-12 01:59:59.999,6202054.87372,22663,61991.99,2869862.4923400,0
2025-07-12 02:00:00,46.482,46.551,46.14,46.179,109754.21,2025-07-12 02:59:59.999,5085487.29493,23021,49388.48,2288234.4575900,0
2025-07-12 03:00:00,46.179,46.441,46.145,46.394,54723.65,2025-07-12 03:59:59.999,2535534.79557,16158,31115.82,1441694.2470300,0
2025-07-12 04:00:00,46.394,46.412,45.889,46.022,98338.79,2025-07-12 04:59:59.999,4534396.0996,20290,47791.49,2203629.0133500,0
2025-07-12 05:00:00,46.023,46.4,45.827,46.375,106196.94,2025-07-12 05:59:59.999,4899278.64053,22688,50832.54,2345144.0967000,0
2025-07-12 06:00:00,46.376,46.737,46.107,46.578,143844.95,2025-07-12 06:59:59.999,6681919.7734,26925,74508.68,3461965.5015800,0
2025-07-12 07:00:00,46.579,47.166,46.516,46.84,275327.48,2025-07-12 07:59:59.999,12901855.72401,41316,129979.73,6093330.3004400,0
2025-07-12 08:00:00,46.84,47.142,46.507,46.665,224752.27,2025-07-12 08:59:59.999,10532462.79343,34737,117270.67,5496418.8880500,0
2025-07-12 09:00:00,46.664,47.245,46.567,47.08,152807.17,2025-07-12 09:59:59.999,7174899.32353,29211,81929.33,3848767.6748500,0
2025-07-12 10:00:00,47.081,47.412,46.855,47.196,176360.99,2025-07-12 10:59:59.999,8311168.04182,30006,87479.52,4123032.9369100,0
2025-07-12 11:00:00,47.196,47.409,46.654,46.712,211886.34,2025-07-12 11:59:59.999,9970454.43719,26924,109510.33,5154222.3674000,0
2025-07-12 12:00:00,46.709,46.887,45.927,46.298,382826.55,2025-07-12 12:59:59.999,17736396.3131,41443,182254.95,8446021.1640000,0
2025-07-12 13:00:00,46.299,46.299,45.175,45.898,396272.94,2025-07-12 13:59:59.999,18112474.71258,48378,188107.55,8597566.3196900,0
2025-07-12 14:00:00,45.899,46.357,45.55,45.551,315354.87,2025-07-12 14:59:59.999,14512001.14661,42157,139484.79,6422718.1061400,0
2025-07-12 15:00:00,45.551,45.901,45.228,45.471,366950.84,2025-07-12 15:59:59.999,16721924.97053,46887,167561.28,7636635.7678200,0
2025-07-12 16:00:00,45.471,46.032,45.091,45.289,424614.71,2025-07-12 16:59:59.999,19347894.6163,49429,207202.65,9443836.4095400,0
2025-07-12 17:00:00,45.29,45.872,45.088,45.858,122530.07,2025-07-12 17:59:59.999,5580358.68405,19990,60074.87,2735361.2631800,0
2025-07-12 18:00:00,45.858,46.499,45.809,46.492,179343.92,2025-07-12 18:59:59.999,8278759.24034,26096,80401.46,3711749.5029000,0
2025-07-12 19:00:00,46.491,46.866,46.31,46.685,218163.84,2025-07-12 19:59:59.999,10168660.6157,34870,107696.65,5021149.5566100,0
2025-07-12 20:00:00,46.69,46.746,46.176,46.195,98184.26,2025-07-12 20:59:59.999,4561191.88026,21501,44660.20,2074936.6716400,0
2025-07-12 21:00:00,46.189,46.937,46.159,46.916,147821.65,2025-07-12 21:59:59.999,6878724.49921,27793,85404.91,3974368.2346200,0
2025-07-12 22:00:00,46.916,47.28,46.684,47.018,159360.8,2025-07-12 22:59:59.999,7490953.90502,31305,81068.33,3812180.9580900,0
2025-07-12 23:00:00,47.017,47.323,46.782,47.09,145119.23,2025-07-12 23:59:59.999,6829764.61294,28572,76791.74,3614831.1974400,0
2025-07-13 00:00:00,47.09,47.498,46.938,47.44,185030.15,2025-07-13 00:59:59.999,8735088.69882,34320,102171.99,4824250.1071000,0
2025-07-13 01:00:00,47.432,47.817,47.385,47.465,180970.84,2025-07-13 01:59:59.999,8618887.77568,35545,96103.46,4577347.6921100,0
2025-07-13 02:00:00,47.466,47.592,47.091,47.332,156808.45,2025-07-13 02:59:59.999,7417285.2985,28698,80879.52,3825766.6173900,0
2025-07-13 03:00:00,47.332,47.679,47.302,47.483,116782.65,2025-07-13 03:59:59.999,5546110.72457,21484,62351.60,2961445.2876200,0
2025-07-13 04:00:00,47.484,47.869,47.172,47.817,209986.28,2025-07-13 04:59:59.999,9993030.28228,28428,131374.28,6257139.6356800,0
2025-07-13 05:00:00,47.815,47.919,47.447,47.456,106052.83,2025-07-13 05:59:59.999,5061863.66383,21259,49976.76,2385806.0995800,0
2025-07-13 06:00:00,47.461,47.85,47.392,47.776,72155.16,2025-07-13 06:59:59.999,3438063.09591,16621,37233.57,1773744.9411100,0
2025-07-13 07:00:00,47.777,48.037,47.643,47.985,151560.83,2025-07-13 07:59:59.999,7254229.83759,23143,85893.48,4112014.6120600,0
2025-07-13 08:00:00,47.981,48.062,47.648,47.864,102278.16,2025-07-13 08:59:59.999,4897905.25197,17551,40118.00,1920287.8933700,0
2025-07-13 09:00:00,47.864,47.995,47.584,47.954,95352.77,2025-07-13 09:59:59.999,4556439.95119,18819,45121.19,2155999.3347400,0
2025-07-13 10:00:00,47.959,48.123,47.817,47.884,147798.63,2025-07-13 10:59:59.999,7088900.87898,24811,59309.49,2844763.3354900,0
2025-07-13 11:00:00,47.891,48.184,47.838,48.046,131355.69,2025-07-13 11:59:59.999,6303121.7845,24314,65994.53,3167534.1087900,0
2025-07-13 12:00:00,48.045,48.122,47.717,48.016,129397.99,2025-07-13 12:59:59.999,6202027.60564,22267,68037.63,3261578.0174300,0
2025-07-13 13:00:00,48.008,48.52,47.895,48.324,192999.03,2025-07-13 13:59:59.999,9309144.49175,29842,109162.89,5266556.4320600,0
2025-07-13 14:00:00,48.324,48.8,48.086,48.258,361641.48,2025-07-13 14:59:59.999,17520558.25108,47406,198073.71,9599176.4764900,0
2025-07-13 15:00:00,48.258,48.828,48.196,48.448,259837.13,2025-07-13 15:59:59.999,12609826.06948,36020,127525.10,6191162.6960600,0
2025-07-13 16:00:00,48.448,48.656,48.258,48.347,165137.05,2025-07-13 16:59:59.999,7996939.8321,29173,76706.68,3716268.9694300,0
2025-07-13 17:00:00,48.344,48.63,48.063,48.488,173322.51,2025-07-13 17:59:59.999,8372578.14274,25488,81561.66,3939983.1744600,0
2025-07-13 18:00:00,48.489,49.071,48.441,49.055,121306.25,2025-07-13 18:59:59.999,5925078.58756,23982,69209.88,3380962.8959800,0
2025-07-13 19:00:00,49.055,49.25,48.897,49.069,211562.11,2025-07-13 19:59:59.999,10389579.18094,35603,114942.13,5644871.9916400,0
2025-07-13 20:00:00,49.073,49.307,48.708,49.045,131794.86,2025-07-13 20:59:59.999,6464622.9547,26101,69098.04,3390604.7595800,0
2025-07-13 21:00:00,49.045,49.045,48.177,48.532,205058.76,2025-07-13 21:59:59.999,9957852.80083,29210,90067.71,4375721.5525300,0
2025-07-13 22:00:00,48.532,48.606,47.85,48.253,222418.02,2025-07-13 22:59:59.999,10731346.61955,32946,107498.34,5188667.9095900,0
2025-07-13 23:00:00,48.253,48.952,48.213,48.95,128211.08,2025-07-13 23:59:59.999,6225721.51421,22830,69156.78,3359435.4736000,0
2025-07-14 00:00:00,48.942,49.537,48.839,49.12,221990.1,2025-07-14 00:59:59.999,10912161.45596,37676,108345.50,5328340.7159200,0
2025-07-14 01:00:00,49.122,49.471,48.976,49.252,159162.65,2025-07-14 01:59:59.999,7829783.60289,29813,76079.16,3743661.8469000,0
2025-07-14 02:00:00,49.257,49.652,49.031,49.333,227279.68,2025-07-14 02:59:59.999,11219271.5637,35755,114511.57,5655303.8716800,0
2025-07-14 03:00:00,49.333,49.88,49.237,49.661,183241.81,2025-07-14 03:59:59.999,9100970.52744,35016,98729.34,4904802.9139300,0
2025-07-14 04:00:00,49.661,49.923,49.437,49.825,143300.54,2025-07-14 04:59:59.999,7119869.6075,26397,77058.12,3830974.3079800,0
2025-07-14 05:00:00,49.826,49.919,49.183,49.67,229425.61,2025-07-14 05:59:59.999,11378233.18968,34295,114861.07,5696696.5946600,0
2025-07-14 06:00:00,49.671,49.685,48.876,48.917,199418.66,2025-07-14 06:59:59.999,9815082.78943,34084,82555.75,4063980.2948100,0
2025-07-14 07:00:00,48.918,49.423,48.562,49.311,303655.72,2025-07-14 07:59:59.999,14885227.47698,36228,144343.21,7074604.7404900,0
2025-07-14 08:00:00,49.314,49.398,48.438,48.831,272182.83,2025-07-14 08:59:59.999,13275868.31769,34777,116236.14,5667719.3162100,0
2025-07-14 09:00:00,48.83,48.92,48.184,48.255,175601.26,2025-07-14 09:59:59.999,8527008.61187,25573,71974.63,3500144.4883700,0
2025-07-14 10:00:00,48.26,48.839,47.967,48.757,326465.59,2025-07-14 10:59:59.999,15813608.06475,39695,183736.87,8903877.3524800,0
2025-07-14 11:00:00,48.757,48.794,48.135,48.398,158109.4,2025-07-14 11:59:59.999,7669012.26206,23641,62099.57,3012791.2599300,0
2025-07-14 12:00:00,48.398,48.709,48.064,48.694,180071.57,2025-07-14 12:59:59.999,8709400.55316,27628,86108.71,4165945.5197100,0
2025-07-14 13:00:00,48.693,48.778,48.295,48.738,178230.88,2025-07-14 13:59:59.999,8651798.78554,25906,87839.15,4264185.0603300,0
2025-07-14 14:00:00,48.735,49.04,47.615,48.162,418394.17,2025-07-14 14:59:59.999,20242691.25634,49344,194337.15,9414343.4809300,0
2025-07-14 15:00:00,48.165,48.165,47.349,47.722,368854.21,2025-07-14 15:59:59.999,17614444.38596,47819,166560.64,7956429.0497400,0
2025-07-14 16:00:00,47.721,48.242,47.061,48.108,487047.1,2025-07-14 16:59:59.999,23148221.68814,52721,272223.58,12939053.9689700,0
2025-07-14 17:00:00,48.107,48.199,47.567,47.71,161699.94,2025-07-14 17:59:59.999,7741253.97174,28836,76157.22,3646662.2517700,0
2025-07-14 18:00:00,47.711,47.774,46.577,46.847,390814.74,2025-07-14 18:59:59.999,18410044.70149,44474,184089.68,8664523.0694200,0
2025-07-14 19:00:00,46.846,47.181,46.633,46.935,198113.0,2025-07-14 19:59:59.999,9287549.09989,32939,95142.01,4462330.5332000,0
2025-07-14 20:00:00,46.935,47.512,46.504,47.361,219291.87,2025-07-14 20:59:59.999,10314923.91431,33295,103730.66,4880960.2370900,0
2025-07-14 21:00:00,47.355,47.674,47.104,47.632,103272.36,2025-07-14 21:59:59.999,4891095.68317,17219,54794.59,2595374.9560600,0
2025-07-14 22:00:00,47.632,47.634,47.344,47.421,121140.29,2025-07-14 22:59:59.999,5748098.00099,22829,56988.51,2704233.1938800,0
2025-07-14 23:00:00,47.421,47.666,47.166,47.608,137501.69,2025-07-14 23:59:59.999,6517906.94558,21728,69940.52,3315858.3963700,0
2025-07-15 00:00:00,47.607,47.881,47.199,47.258,300435.4,2025-07-15 00:59:59.999,14302594.61043,42979,155748.73,7415559.5219200,0
2025-07-15 01:00:00,47.258,47.786,46.88,47.48,241177.81,2025-07-15 01:59:59.999,11397583.14343,36713,120443.91,5693589.9119600,0
2025-07-15 02:00:00,47.472,48.013,47.136,47.791,267321.44,2025-07-15 02:59:59.999,12710879.05123,44252,134610.16,6404092.9385500,0
2025-07-15 03:00:00,47.791,47.939,46.838,47.326,368426.86,2025-07-15 03:59:59.999,17397906.97802,56528,169156.94,7986036.3596000,0
2025-07-15 04:00:00,47.327,48.39,46.745,48.35,363261.55,2025-07-15 04:59:59.999,17309682.00878,51405,192277.76,9173329.3048900,0
2025-07-15 05:00:00,48.35,48.396,47.971,48.158,159651.88,2025-07-15 05:59:59.999,7690607.42799,26355,73933.48,3561098.5085100,0
2025-07-15 06:00:00,48.161,48.371,47.835,48.102,159003.28,2025-07-15 06:59:59.999,7652897.61978,25685,74356.69,3578330.3138600,0
2025-07-15 07:00:00,48.105,48.294,47.467,47.506,172762.16,2025-07-15 07:59:59.999,8261848.65126,27346,81374.32,3892303.5529900,0
2025-07-15 08:00:00,47.507,47.533,47.033,47.145,219209.51,2025-07-15 08:59:59.999,10368009.8676,28633,101755.11,4812317.7669300,0
2025-07-15 09:00:00,47.153,47.544,47.074,47.199,137110.78,2025-07-15 09:59:59.999,6489778.36557,22132,70002.26,3313579.7975500,0
2025-07-15 10:00:00,47.194,47.307,47.11,47.218,120027.16,2025-07-15 10:59:59.999,5665951.16096,19784,62282.95,2940676.4318100,0
2025-07-15 11:00:00,47.22,47.309,46.649,47.126,187782.26,2025-07-15 11:59:59.999,8810310.16947,29394,80962.30,3798815.5731000,0
2025-07-15 12:00:00,47.129,47.739,46.834,47.669,271151.13,2025-07-15 12:59:59.999,12834702.14628,33456,136685.63,6469840.3619600,0
2025-07-15 13:00:00,47.669,48.199,47.534,48.033,398975.04,2025-07-15 13:59:59.999,19123791.71752,45753,207964.44,9969057.0120000,0
2025-07-15 14:00:00,48.034,48.324,46.949,47.073,348815.28,2025-07-15 14:59:59.999,16591123.13087,40286,157614.42,7497523.7679000,0
2025-07-15 15:00:00,47.078,47.675,46.899,47.444,302268.53,2025-07-15 15:59:59.999,14283987.62736,39122,151152.04,7145601.8164300,0
2025-07-15 16:00:00,47.443,48.053,47.343,47.355,326380.67,2025-07-15 16:59:59.999,15570389.72583,38404,175005.66,8351304.5957100,0
2025-07-15 17:00:00,47.354,47.871,47.063,47.84,221317.66,2025-07-15 17:59:59.999,10504661.51641,29782,118713.34,5632938.3711700,0
2025-07-15 18:00:00,47.844,47.878,47.287,47.53,224231.49,2025-07-15 18:59:59.999,10673425.41153,30700,108128.72,5146897.8789400,0
2025-07-15 19:00:00,47.526,47.873,47.048,47.216,192340.11,2025-07-15 19:59:59.999,9134550.7631,29068,90381.83,4289951.5138600,0
2025-07-15 20:00:00,47.219,47.457,47.091,47.128,138137.97,2025-07-15 20:59:59.999,6527449.97336,22964,61919.72,2926131.8354000,0
2025-07-15 21:00:00,47.127,47.599,47.066,47.546,73545.2,2025-07-15 21:59:59.999,3483289.45518,13567,34915.36,1653472.2801900,0
2025-07-15 22:00:00,47.546,47.567,47.159,47.502,112031.75,2025-07-15 22:59:59.999,5301216.4659,19090,54115.27,2560118.5282900,0
2025-07-15 23:00:00,47.503,48.167,47.485,47.867,239485.69,2025-07-15 23:59:59.999,11463507.07759,33258,113375.09,5425840.8881700,0
2025-07-16 00:00:00,47.865,48.586,47.796,48.329,236882.21,2025-07-16 00:59:59.999,11443565.94052,28388,114552.07,5530965.3022200,0
2025-07-16 01:00:00,48.331,48.339,47.575,47.631,139056.75,2025-07-16 01:59:59.999,6665871.3749,22783,59418.60,2849357.6031100,0
2025-07-16 02:00:00,47.63,47.745,47.287,47.306,157819.99,2025-07-16 02:59:59.999,7488513.76357,25802,83115.38,3944771.4946900,0
2025-07-16 03:00:00,47.306,47.519,47.214,47.241,88564.74,2025-07-16 03:59:59.999,4193496.94681,17684,43152.67,2043927.5935400,0
2025-07-16 04:00:00,47.241,47.641,47.098,47.474,137399.68,2025-07-16 04:59:59.999,6503926.53433,21372,69711.28,3300467.8030700,0
2025-07-16 05:00:00,47.48,47.8,47.342,47.362,106507.83,2025-07-16 05:59:59.999,5067261.12143,18588,56489.06,2687692.7447000,0
2025-07-16 06:00:00,47.362,48.025,47.172,47.723,177306.87,2025-07-16 06:59:59.999,8446112.28735,28649,94002.00,4476806.0549200,0
2025-07-16 07:00:00,47.723,47.929,47.559,47.781,87496.06,2025-07-16 07:59:59.999,4180719.86677,17823,43585.29,2083441.1828400,0
2025-07-16 08:00:00,47.779,48.238,47.724,48.174,128422.35,2025-07-16 08:59:59.999,6162635.13568,19029,71401.08,3426681.5224000,0
2025-07-16 09:00:00,48.179,48.289,47.813,47.986,152327.83,2025-07-16 09:59:59.999,7321549.02528,23028,66241.23,3184803.9604500,0
2025-07-16 10:00:00,47.998,48.004,47.6,47.603,105257.12,2025-07-16 10:59:59.999,5028650.1895,18601,47782.67,2283032.5942900,0
2025-07-16 11:00:00,47.602,48.036,47.582,47.889,219754.8,2025-07-16 11:59:59.999,10501446.3278,22480,83242.13,3977072.0534500,0
2025-07-16 12:00:00,47.885,48.261,47.726,47.815,150195.9,2025-07-16 12:59:59.999,7210486.70716,22788,67058.76,3219068.8962900,0
2025-07-16 13:00:00,47.815,48.106,47.554,47.946,252174.01,2025-07-16 13:59:59.999,12058164.17389,36911,127880.15,6116044.6288700,0
2025-07-16 14:00:00,47.946,47.995,47.392,47.632,399247.79,2025-07-16 14:59:59.999,18994355.22475,42701,217928.67,10365445.5881300,0
2025-07-16 15:00:00,47.631,47.992,47.185,47.979,439537.87,2025-07-16 15:59:59.999,20901809.4279,55977,217416.39,10341539.3214900,0
2025-07-16 16:00:00,47.975,48.405,47.446,48.22,312324.85,2025-07-16 16:59:59.999,14931818.10594,38960,145065.37,6936453.2704500,0
2025-07-16 17:00:00,48.217,48.434,47.855,48.229,204111.77,2025-07-16 17:59:59.999,9824083.2971,33736,93011.05,4476989.0149300,0
2025-07-16 18:00:00,48.222,48.483,48.0,48.138,193834.15,2025-07-16 18:59:59.999,9349161.14524,36316,86061.27,4151783.8685300,0
2025-07-16 19:00:00,48.137,48.489,47.88,48.29,155538.49,2025-07-16 19:59:59.999,7495902.14782,26803,75793.02,3653015.7884400,0
2025-07-16 20:00:00,48.291,48.332,47.834,47.859,228031.23,2025-07-16 20:59:59.999,10952661.30298,27753,91075.01,4374828.1906700,0
2025-07-16 21:00:00,47.86,48.446,47.422,47.459,345282.44,2025-07-16 21:59:59.999,16526332.80377,42584,162370.04,7776510.2218100,0
2025-07-16 22:00:00,47.463,47.815,46.896,47.081,327272.46,2025-07-16 22:59:59.999,15495545.23699,39122,145915.43,6913680.2354200,0
2025-07-16 23:00:00,47.079,47.271,46.454,46.987,400924.99,2025-07-16 23:59:59.999,18785248.95385,50814,205072.36,9604743.9869200,0
2025-07-17 00:00:00,46.989,47.382,46.682,46.703,180502.01,2025-07-17 00:59:59.999,8497429.41811,29575,78072.23,3677935.4986500,0
2025-07-17 01:00:00,46.703,46.887,45.727,46.23,572290.04,2025-07-17 01:59:59.999,26444072.63639,69186,263718.50,12190271.5343900,0
2025-07-17 02:00:00,46.229,46.51,46.005,46.362,239581.23,2025-07-17 02:59:59.999,11094005.61968,29498,120929.43,5601209.4555600,0
2025-07-17 03:00:00,46.361,46.369,45.535,45.999,259684.88,2025-07-17 03:59:59.999,11911101.56482,38348,100945.79,4628159.6850700,0
2025-07-17 04:00:00,45.997,46.38,45.762,46.345,152707.38,2025-07-17 04:59:59.999,7054545.55303,26536,74154.60,3424899.5660000,0
2025-07-17 05:00:00,46.345,46.345,45.843,46.278,160013.99,2025-07-17 05:59:59.999,7377414.78232,22317,69670.28,3212634.0198700,0
2025-07-17 06:00:00,46.279,47.0,46.19,46.98,295073.09,2025-07-17 06:59:59.999,13774364.2343,37671,156542.76,7307246.0943200,0
2025-07-17 07:00:00,46.981,46.981,46.491,46.708,263615.55,2025-07-17 07:59:59.999,12321681.87216,38067,126059.52,5892653.7299900,0
2025-07-17 08:00:00,46.71,46.797,45.857,46.105,371567.61,2025-07-17 08:59:59.999,17177155.96647,43259,171818.95,7941402.3211500,0
2025-07-17 09:00:00,46.107,46.926,45.936,46.829,385788.19,2025-07-17 09:59:59.999,17962919.14771,36444,183528.36,8541819.8801800,0
2025-07-17 10:00:00,46.827,46.928,46.473,46.867,175342.33,2025-07-17 10:59:59.999,8199052.4634,25744,81742.55,3824056.0244600,0
2025-07-17 11:00:00,46.867,46.889,46.0,46.037,338697.16,2025-07-17 11:59:59.999,15722165.42251,39481,155580.76,7219880.5923300,0
2025-07-17 12:00:00,46.037,46.817,45.689,46.516,410635.33,2025-07-17 12:59:59.999,18978164.05786,47065,200295.56,9257359.8636200,0
2025-07-17 13:00:00,46.516,46.751,45.825,46.332,340025.26,2025-07-17 13:59:59.999,15739175.60557,42929,141184.03,6535658.9121300,0
2025-07-17 14:00:00,46.333,46.944,46.328,46.78,186363.45,2025-07-17 14:59:59.999,8690341.03003,29510,94468.06,4406258.1459700,0
2025-07-17 15:00:00,46.78,46.937,46.344,46.806,190471.93,2025-07-17 15:59:59.999,8882129.82442,29416,80912.55,3772498.2601600,0
2025-07-17 16:00:00,46.804,46.889,45.909,46.259,408951.56,2025-07-17 16:59:59.999,18938098.60453,47042,189396.40,8767858.3324900,0
2025-07-17 17:00:00,46.26,46.439,45.928,46.287,162432.08,2025-07-17 17:59:59.999,7506348.21304,25602,88229.34,4077820.8544300,0
2025-07-17 18:00:00,46.291,46.7,46.215,46.61,122640.68,2025-07-17 18:59:59.999,5699929.74407,18894,56631.43,2632309.7937000,0
2025-07-17 19:00:00,46.606,46.72,45.77,45.835,165903.61,2025-07-17 19:59:59.999,7678989.40304,23468,78421.18,3628856.9770000,0
2025-07-17 20:00:00,45.83,45.889,44.45,45.266,848722.23,2025-07-17 20:59:59.999,38424901.06045,91506,383395.03,17361527.4057800,0
2025-07-17 21:00:00,45.266,46.983,45.244,46.461,761326.44,2025-07-17 21:59:59.999,35311375.21269,98460,395045.14,18309879.9911600,0
2025-07-17 22:00:00,46.462,46.887,46.033,46.27,286901.0,2025-07-17 22:59:59.999,13320509.71304,39136,131552.74,6107574.0743300,0
2025-07-17 23:00:00,46.27,46.369,45.458,45.59,290477.07,2025-07-17 23:59:59.999,13340300.30762,36064,131526.81,6047897.3930000,0
2025-07-18 00:00:00,45.589,45.985,44.865,45.75,675160.14,2025-07-18 00:59:59.999,30674383.70378,73632,360585.49,16362465.7447700,0
2025-07-18 01:00:00,45.752,46.796,45.063,46.747,711587.59,2025-07-18 01:59:59.999,32753348.59824,74578,364287.55,16780221.7033700,0
2025-07-18 02:00:00,46.746,46.774,46.072,46.624,334397.06,2025-07-18 02:59:59.999,15502483.26584,42640,148278.74,6874747.6964200,0
2025-07-18 03:00:00,46.629,46.767,46.386,46.425,176463.71,2025-07-18 03:59:59.999,8222714.99012,26045,82179.20,3829978.0547100,0
2025-07-18 04:00:00,46.425,46.588,45.989,46.578,247810.05,2025-07-18 04:59:59.999,11462851.99994,31514,130505.21,6036533.8052800,0
2025-07-18 05:00:00,46.583,47.439,46.561,47.145,397783.89,2025-07-18 05:59:59.999,18728509.05482,45248,193426.70,9106241.9426600,0
2025-07-18 06:00:00,47.145,47.239,46.435,46.724,363560.06,2025-07-18 06:59:59.999,16993288.29954,40249,168890.90,7891980.5784700,0
2025-07-18 07:00:00,46.725,46.852,46.119,46.173,320409.37,2025-07-18 07:59:59.999,14871871.29343,41549,157411.79,7305377.9903500,0
2025-07-18 08:00:00,46.172,46.491,45.852,46.102,259699.16,2025-07-18 08:59:59.999,11992106.76913,35081,116836.25,5395464.5749300,0
2025-07-18 09:00:00,46.101,46.306,45.879,46.084,177592.45,2025-07-18 09:59:59.999,8179015.30758,27353,75512.09,3477683.8708700,0
2025-07-18 10:00:00,46.08,46.207,45.78,46.19,113515.87,2025-07-18 10:59:59.999,5214484.66582,18127,51440.71,2363692.4084300,0
2025-07-18 11:00:00,46.19,46.196,45.43,45.562,244913.95,2025-07-18 11:59:59.999,11163027.93532,26660,99707.89,4543855.5913100,0
2025-07-18 12:00:00,45.566,45.915,45.545,45.896,127054.94,2025-07-18 12:59:59.999,5810479.35375,20609,63185.22,2889838.7272100,0
2025-07-18 13:00:00,45.901,45.922,45.424,45.633,207682.15,2025-07-18 13:59:59.999,9490239.56766,32188,92492.10,4226095.6583700,0
2025-07-18 14:00:00,45.629,45.971,44.8,45.088,570603.86,2025-07-18 14:59:59.999,25804697.95469,61243,289405.01,13094723.7581600,0
2025-07-18 15:00:00,45.087,45.131,44.158,44.477,642911.71,2025-07-18 15:59:59.999,28612080.4327,71451,293315.56,13053026.8110300,0
2025-07-18 16:00:00,44.477,44.651,44.0,44.441,395605.72,2025-07-18 16:59:59.999,17514247.7889,51985,175163.44,7758606.7155100,0
2025-07-18 17:00:00,44.442,44.851,44.204,44.713,261061.05,2025-07-18 17:59:59.999,11631628.16933,38908,136656.64,6091815.8680000,0
2025-07-18 18:00:00,44.717,44.729,44.018,44.026,169041.96,2025-07-18 18:59:59.999,7504138.35958,30906,69445.78,3082755.1559600,0
2025-07-18 19:00:00,44.026,44.115,43.045,43.494,776218.84,2025-07-18 19:59:59.999,33814318.77064,80763,318200.66,13858829.6929300,0
2025-07-18 20:00:00,43.492,44.217,43.223,43.984,677113.21,2025-07-18 20:59:59.999,29601479.90331,77758,350813.24,15339470.1624500,0
2025-07-18 21:00:00,43.983,44.449,43.937,44.255,173460.69,2025-07-18 21:59:59.999,7672132.64505,30518,91370.04,4042705.0430600,0
2025-07-18 22:00:00,44.253,44.537,43.954,44.298,129758.65,2025-07-18 22:59:59.999,5745430.8404,24846,63408.17,2808348.7172000,0
2025-07-18 23:00:00,44.297,44.509,43.814,44.331,163960.63,2025-07-18 23:59:59.999,7241818.51092,26907,83032.84,3668175.2166800,0
2025-07-19 00:00:00,44.332,44.735,44.233,44.435,230924.68,2025-07-19 00:59:59.999,10277738.19635,30586,114034.65,5075852.8399700,0
2025-07-19 01:00:00,44.435,45.012,44.211,45.004,265090.79,2025-07-19 01:59:59.999,11863654.48359,36115,124001.61,5549598.0138100,0
2025-07-19 02:00:00,45.004,45.204,44.725,45.118,153309.24,2025-07-19 02:59:59.999,6896081.40696,23062,81132.97,3649418.4356200,0
2025-07-19 03:00:00,45.118,45.255,45.025,45.129,104875.98,2025-07-19 03:59:59.999,4734662.79497,17726,51125.23,2308056.5794200,0
2025-07-19 04:00:00,45.129,45.298,44.535,44.62,180389.84,2025-07-19 04:59:59.999,8095915.03666,26705,87437.46,3925546.4992600,0
2025-07-19 05:00:00,44.62,44.952,44.508,44.772,153430.53,2025-07-19 05:59:59.999,6862402.14366,22245,78466.46,3509811.3067900,0
2025-07-19 06:00:00,44.773,44.966,44.433,44.454,123982.05,2025-07-19 06:59:59.999,5540490.52858,18563,62904.85,2812239.1672400,0
2025-07-19 07:00:00,44.457,44.631,44.348,44.574,66734.67,2025-07-19 07:59:59.999,2970385.81446,16133,28755.05,1280142.7486200,0
2025-07-19 08:00:00,44.574,44.776,44.35,44.622,129725.45,2025-07-19 08:59:59.999,5783186.30748,22005,53519.50,2385858.2704200,0
2025-07-19 09:00:00,44.623,45.049,44.596,44.708,90935.43,2025-07-19 09:59:59.999,4076030.11289,17394,46047.33,2064354.6868700,0
2025-07-19 10:00:00,44.709,45.16,44.694,45.081,90580.9,2025-07-19 10:59:59.999,4072628.40545,18092,46615.31,2095961.0946200,0
2025-07-19 11:00:00,45.082,45.279,44.877,44.889,132291.0,2025-07-19 11:59:59.999,5963354.4898,24254,61576.45,2776549.8333900,0
2025-07-19 12:00:00,44.89,44.963,44.534,44.824,161443.47,2025-07-19 12:59:59.999,7225345.79543,26304,76552.20,3426057.6549600,0
2025-07-19 13:00:00,44.825,45.045,44.58,44.722,105297.13,2025-07-19 13:59:59.999,4720503.01533,20211,50694.09,2272680.9111900,0
2025-07-19 14:00:00,44.723,44.776,44.075,44.153,200178.93,2025-07-19 14:59:59.999,8883582.57362,31656,87124.63,3868009.2854000,0
2025-07-19 15:00:00,44.155,44.959,44.142,44.786,182629.21,2025-07-19 15:59:59.999,8135369.7296,27728,112600.47,5015917.1743000,0
2025-07-19 16:00:00,44.785,45.191,44.5,45.175,200280.48,2025-07-19 16:59:59.999,8983816.42224,29779,108544.87,4871054.3332200,0
2025-07-19 17:00:00,45.175,45.285,44.432,44.479,140114.59,2025-07-19 17:59:59.999,6284098.28558,24142,64860.83,2908389.5219000,0
2025-07-19 18:00:00,44.473,44.776,44.371,44.604,115582.17,2025-07-19 18:59:59.999,5152916.63179,22601,61138.68,2725679.5691700,0
2025-07-19 19:00:00,44.609,44.899,44.375,44.893,118820.46,2025-07-19 19:59:59.999,5303769.65659,20114,67244.09,3002886.1878600,0
2025-07-19 20:00:00,44.894,45.094,44.77,44.781,81657.88,2025-07-19 20:59:59.999,3669335.00025,19084,43048.11,1934605.6130900,0
2025-07-19 21:00:00,44.78,44.882,43.991,44.175,285502.7,2025-07-19 21:59:59.999,12635995.94526,32247,133782.20,5916044.8449300,0
2025-07-19 22:00:00,44.175,44.363,44.068,44.289,54436.43,2025-07-19 22:59:59.999,2409268.30165,13561,30278.79,1340168.7768800,0
2025-07-19 23:00:00,44.286,44.494,44.112,44.48,88659.9,2025-07-19 23:59:59.999,3929178.81692,16535,42241.39,1872690.7044900,0
2025-07-20 00:00:00,44.478,44.617,44.187,44.576,102288.94,2025-07-20 00:59:59.999,4540280.92528,19625,43096.07,1913602.7075100,0
2025-07-20 01:00:00,44.576,45.016,44.55,44.674,162217.61,2025-07-20 01:59:59.999,7276350.24504,28045,73543.01,3298345.1071600,0
2025-07-20 02:00:00,44.674,44.859,44.541,44.854,75290.97,2025-07-20 02:59:59.999,3364376.23259,18106,31725.36,1418094.7495100,0
2025-07-20 03:00:00,44.853,45.138,44.616,44.946,146089.43,2025-07-20 03:59:59.999,6569045.50777,24300,68588.78,3083619.9300900,0
2025-07-20 04:00:00,44.947,45.025,44.71,44.876,83735.95,2025-07-20 04:59:59.999,3755549.51665,16944,41498.76,1861587.3914900,0
2025-07-20 05:00:00,44.876,45.064,44.755,45.057,85078.22,2025-07-20 05:59:59.999,3818538.99237,13901,39490.74,1772801.8720200,0
2025-07-20 06:00:00,45.056,45.056,44.755,44.755,63224.09,2025-07-20 06:59:59.999,2838118.0751,13172,34961.39,1569482.8097900,0
2025-07-20 07:00:00,44.756,45.188,44.751,45.061,133054.04,2025-07-20 07:59:59.999,5988376.70413,21268,71147.67,3200735.1022600,0
2025-07-20 08:00:00,45.061,45.687,45.061,45.521,245010.61,2025-07-20 08:59:59.999,11130612.43671,32918,130904.08,5947074.3967600,0
2025-07-20 09:00:00,45.522,45.7,45.41,45.455,160816.88,2025-07-20 09:59:59.999,7326246.24363,22314,71932.58,3277995.3422000,0
2025-07-20 10:00:00,45.455,45.688,45.254,45.506,130228.95,2025-07-20 10:59:59.999,5921274.9226,22145,68338.78,3107978.6761000,0
2025-07-20 11:00:00,45.502,45.775,45.349,45.647,122792.29,2025-07-20 11:59:59.999,5590506.31196,24195,61868.98,2817345.1612400,0
2025-07-20 12:00:00,45.644,45.745,45.395,45.481,192122.65,2025-07-20 12:59:59.999,8750781.08725,31081,101655.41,4630380.2107400,0
2025-07-20 13:00:00,45.48,46.448,45.456,46.3,310972.56,2025-07-20 13:59:59.999,14296301.77101,42860,167944.15,7719102.9264100,0
2025-07-20 14:00:00,46.297,46.337,45.796,46.113,183685.92,2025-07-20 14:59:59.999,8462665.41766,30844,84205.94,3879775.5769000,0
2025-07-20 15:00:00,46.116,46.733,45.892,46.706,193538.54,2025-07-20 15:59:59.999,8956872.93971,25015,91081.62,4217564.8685100,0
2025-07-20 16:00:00,46.707,47.405,46.695,47.017,335882.36,2025-07-20 16:59:59.999,15804946.52728,46699,158730.66,7468064.9513900,0
2025-07-20 17:00:00,47.016,47.079,46.33,46.398,309930.54,2025-07-20 17:59:59.999,14483442.37539,47400,126520.05,5915949.2790600,0
2025-07-20 18:00:00,46.4,47.068,46.359,47.022,174452.28,2025-07-20 18:59:59.999,8139487.37465,29785,87632.00,4089099.8572800,0
2025-07-20 19:00:00,47.022,47.252,46.521,46.618,266754.51,2025-07-20 19:59:59.999,12508010.8307,31600,115018.21,5394608.2050300,0
2025-07-20 20:00:00,46.618,46.836,46.327,46.472,127188.68,2025-07-20 20:59:59.999,5926227.38333,23619,59723.68,2783068.9194400,0
2025-07-20 21:00:00,46.473,46.523,45.692,46.316,366740.91,2025-07-20 21:59:59.999,16872394.20613,42820,163970.00,7546955.6013000,0
2025-07-20 22:00:00,46.316,46.368,45.275,46.16,446082.02,2025-07-20 22:59:59.999,20437450.99709,57912,239396.09,10965745.0508300,0
2025-07-20 23:00:00,46.162,46.171,45.739,45.997,144332.53,2025-07-20 23:59:59.999,6635202.45576,29316,73670.91,3386896.9914200,0
2025-07-21 00:00:00,45.991,46.001,45.29,45.852,200078.26,2025-07-21 00:59:59.999,9133179.8728,37741,90307.06,4122196.4461800,0
2025-07-21 01:00:00,45.851,46.145,45.535,46.134,125647.21,2025-07-21 01:59:59.999,5757446.77109,24558,63758.31,2922367.2004400,0
2025-07-21 02:00:00,46.134,46.343,45.956,46.343,123167.3,2025-07-21 02:59:59.999,5686948.97191,21289,57496.07,2655091.5193300,0
2025-07-21 03:00:00,46.341,46.739,46.325,46.637,164659.15,2025-07-21 03:59:59.999,7667065.53836,26727,82842.09,3858564.7437500,0
2025-07-21 04:00:00,46.637,46.786,46.476,46.697,121510.67,2025-07-21 04:59:59.999,5668701.50136,20497,65745.79,3068315.4562500,0
2025-07-21 05:00:00,46.698,47.286,46.66,47.265,137895.57,2025-07-21 05:59:59.999,6470774.04403,24015,75572.74,3547331.7628700,0
2025-07-21 06:00:00,47.265,47.45,46.845,46.991,248017.83,2025-07-21 06:59:59.999,11684753.56921,32638,115349.55,5434591.0354200,0
2025-07-21 07:00:00,46.992,47.274,46.912,46.998,127883.95,2025-07-21 07:59:59.999,6024358.71477,22078,58167.24,2740003.7732800,0
2025-07-21 08:00:00,46.999,47.288,46.912,47.005,166318.5,2025-07-21 08:59:59.999,7830871.21329,26236,78080.94,3676664.9968500,0
2025-07-21 09:00:00,47.005,47.206,46.832,47.136,166102.91,2025-07-21 09:59:59.999,7802178.59174,24979,81651.71,3835810.4896100,0
2025-07-21 10:00:00,47.136,47.289,46.873,47.177,101981.93,2025-07-21 10:59:59.999,4804253.86144,20140,46971.53,2212618.6486800,0
2025-07-21 11:00:00,47.177,47.823,47.087,47.415,297829.25,2025-07-21 11:59:59.999,14129790.96242,39921,135660.66,6439033.4357000,0
2025-07-21 12:00:00,47.422,47.585,47.114,47.187,176618.29,2025-07-21 12:59:59.999,8359850.8925,30089,84171.93,3985816.1054100,0
2025-07-21 13:00:00,47.187,47.382,46.236,47.196,601410.9,2025-07-21 13:59:59.999,28152164.03548,67081,287604.24,13464212.8561300,0
2025-07-21 14:00:00,47.197,47.53,46.984,47.262,181429.94,2025-07-21 14:59:59.999,8583218.07796,32232,92126.33,4358680.4849900,0
2025-07-21 15:00:00,47.26,47.381,46.338,46.453,424674.01,2025-07-21 15:59:59.999,19926981.34407,52932,216390.40,10158373.1967500,0
2025-07-21 16:00:00,46.457,46.521,45.726,46.215,492103.27,2025-07-21 16:59:59.999,22698652.77659,63232,227065.81,10475046.4350700,0
2025-07-21 17:00:00,46.215,46.279,44.781,45.868,793146.52,2025-07-21 17:59:59.999,36126004.07475,87890,372351.42,16974756.8603600,0
2025-07-21 18:00:00,45.868,46.412,44.804,44.932,568028.06,2025-07-21 18:59:59.999,25952933.20047,69345,268365.30,12271987.2530600,0
2025-07-21 19:00:00,44.929,45.25,44.295,44.434,588364.07,2025-07-21 19:59:59.999,26327941.44037,79385,266689.02,11941301.1041400,0
2025-07-21 20:00:00,44.433,44.651,44.108,44.139,330076.75,2025-07-21 20:59:59.999,14634751.44715,50518,167210.62,7414434.9090100,0
2025-07-21 21:00:00,44.136,44.708,44.064,44.345,231444.62,2025-07-21 21:59:59.999,10286558.14594,35608,120339.03,5349122.8936600,0
2025-07-21 22:00:00,44.345,45.213,44.315,44.754,404359.16,2025-07-21 22:59:59.999,18148377.03156,41852,239387.43,10744584.6028600,0
2025-07-21 23:00:00,44.754,44.838,44.138,44.329,302299.71,2025-07-21 23:59:59.999,13460933.92074,42520,147877.00,6585184.5994000,0
2025-07-22 00:00:00,44.324,44.559,44.011,44.175,265624.54,2025-07-22 00:59:59.999,11760235.44306,40651,130959.15,5800209.0957600,0
2025-07-22 01:00:00,44.172,45.376,43.609,45.341,686899.38,2025-07-22 01:59:59.999,30548438.1492,82568,333512.40,14828397.3822200,0
2025-07-22 02:00:00,45.34,45.685,44.682,44.932,539488.02,2025-07-22 02:59:59.999,24450885.15745,67751,278467.33,12627379.7108300,0
2025-07-22 03:00:00,44.931,45.169,43.915,44.305,504211.37,2025-07-22 03:59:59.999,22383158.02842,63085,228214.64,10138731.5497200,0
2025-07-22 04:00:00,44.301,44.33,43.066,43.098,665992.42,2025-07-22 04:59:59.999,29052252.60932,71148,315992.29,13783010.3580900,0
2025-07-22 05:00:00,43.096,43.861,43.073,43.671,363193.76,2025-07-22 05:59:59.999,15805166.46537,57488,176967.57,7699637.3931900,0
2025-07-22 06:00:00,43.672,43.992,43.457,43.797,221857.5,2025-07-22 06:59:59.999,9704875.714,33888,109787.31,4803423.6229100,0
2025-07-22 07:00:00,43.797,44.24,43.522,43.703,234979.51,2025-07-22 07:59:59.999,10317971.77974,33476,124867.73,5484589.5643500,0
2025-07-22 08:00:00,43.702,44.008,43.259,43.832,362566.78,2025-07-22 08:59:59.999,15792631.48706,45406,176736.50,7700328.9799900,0
2025-07-22 09:00:00,43.832,44.174,43.538,44.071,284975.83,2025-07-22 09:59:59.999,12498784.00129,34389,117408.00,5150058.5572000,0
2025-07-22 10:00:00,44.07,44.74,44.031,44.673,249443.14,2025-07-22 10:59:59.999,11072404.10203,33547,133434.96,5924752.4845600,0
2025-07-22 11:00:00,44.672,45.147,44.521,45.094,287543.52,2025-07-22 11:59:59.999,12884109.23617,33349,149749.72,6710921.7875400,0
2025-07-22 12:00:00,45.094,45.194,44.726,45.017,192662.6,2025-07-22 12:59:59.999,8661074.16151,35194,97949.34,4404563.6541900,0
2025-07-22 13:00:00,45.016,45.191,43.6,43.663,622494.08,2025-07-22 13:59:59.999,27532173.9477,64076,244460.75,10820836.2682900,0
2025-07-22 14:00:00,43.66,44.6,43.349,44.591,523322.54,2025-07-22 14:59:59.999,22969510.84493,66394,272022.28,11946659.4897600,0
2025-07-22 15:00:00,44.583,45.388,44.09,44.267,699261.06,2025-07-22 15:59:59.999,31327064.64556,86118,374439.77,16783172.2019000,0
2025-07-22 16:00:00,44.258,44.79,44.0,44.484,275817.71,2025-07-22 16:59:59.999,12277801.47267,40070,125515.63,5587238.9396800,0
2025-07-22 17:00:00,44.484,44.583,43.529,44.203,534875.79,2025-07-22 17:59:59.999,23489957.09213,62965,238025.46,10451479.6830100,0
2025-07-22 18:00:00,44.202,44.623,43.968,44.481,230583.07,2025-07-22 18:59:59.999,10213095.89714,36581,114974.28,5093088.3138300,0
2025-07-22 19:00:00,44.48,44.763,43.94,44.236,236346.89,2025-07-22 19:59:59.999,10496012.25148,37457,122728.08,5450869.5831200,0
2025-07-22 20:00:00,44.237,44.814,44.091,44.628,219253.01,2025-07-22 20:59:59.999,9757238.07583,32113,118061.29,5256180.2470300,0
2025-07-22 21:00:00,44.631,44.856,44.289,44.736,150368.61,2025-07-22 21:59:59.999,6704809.18144,19870,83977.35,3745868.7607500,0
2025-07-22 22:00:00,44.743,45.377,44.685,45.32,209645.57,2025-07-22 22:59:59.999,9453311.48513,28567,125382.32,5655467.3061800,0
2025-07-22 23:00:00,45.32,46.327,45.275,46.274,298508.45,2025-07-22 23:59:59.999,13685394.41359,34167,148006.11,6784852.1772900,0
2025-07-23 00:00:00,46.273,46.338,45.197,45.298,540321.12,2025-07-23 00:59:59.999,24657730.17026,57377,230609.82,10526261.8265500,0
2025-07-23 01:00:00,45.299,45.648,44.776,45.457,501302.77,2025-07-23 01:59:59.999,22656853.6145,56833,262207.61,11852015.4661800,0
2025-07-23 02:00:00,45.463,45.762,45.37,45.553,181484.56,2025-07-23 02:59:59.999,8267771.65056,30915,95222.48,4338306.6480300,0
2025-07-23 03:00:00,45.552,45.672,44.842,45.153,236760.9,2025-07-23 03:59:59.999,10703415.83548,33569,112227.34,5072134.1785200,0
2025-07-23 04:00:00,45.15,45.262,44.894,45.115,171773.77,2025-07-23 04:59:59.999,7742554.36415,26220,76015.04,3425986.7306000,0
2025-07-23 05:00:00,45.117,45.132,44.382,44.399,224291.56,2025-07-23 05:59:59.999,10019890.52398,27233,94659.36,4230220.5349700,0
2025-07-23 06:00:00,44.399,44.508,44.085,44.257,329008.23,2025-07-23 06:59:59.999,14582460.11759,35873,154510.87,6850055.8369700,0
2025-07-23 07:00:00,44.257,44.415,44.027,44.1,161827.33,2025-07-23 07:59:59.999,7152708.36998,23348,75895.51,3356036.6960800,0
2025-07-23 08:00:00,44.1,44.394,44.044,44.379,128497.38,2025-07-23 08:59:59.999,5687215.15194,24252,62906.32,2784522.2723400,0
2025-07-23 09:00:00,44.379,44.443,43.777,43.803,253979.91,2025-07-23 09:59:59.999,11179562.86563,29641,106591.69,4694147.4807100,0
2025-07-23 10:00:00,43.803,44.144,43.593,44.024,290757.6,2025-07-23 10:59:59.999,12743605.98784,34680,152234.95,6672199.8833900,0
2025-07-23 11:00:00,44.023,44.148,43.844,43.97,186635.43,2025-07-23 11:59:59.999,8212727.43278,28000,94472.23,4157593.6231600,0
2025-07-23 12:00:00,43.97,44.053,43.428,43.487,262356.46,2025-07-23 12:59:59.999,11479691.0577,32217,112293.03,4914027.8680100,0
2025-07-23 13:00:00,43.486,43.735,42.781,43.089,879207.74,2025-07-23 13:59:59.999,37968070.16887,75478,397700.65,17175835.2900800,0
2025-07-23 14:00:00,43.088,43.59,42.93,43.477,579129.63,2025-07-23 14:59:59.999,25099023.10052,55263,287547.84,12456433.4130700,0
2025-07-23 15:00:00,43.477,43.477,42.865,43.446,320998.48,2025-07-23 15:59:59.999,13853784.38415,45659,154238.90,6658037.9141000,0
2025-07-23 16:00:00,43.446,43.508,42.53,42.571,510717.94,2025-07-23 16:59:59.999,21938794.33273,62875,244078.38,10488921.0947100,0
2025-07-23 17:00:00,42.571,43.093,42.388,43.067,531193.02,2025-07-23 17:59:59.999,22683446.77194,60559,275095.05,11748891.6580200,0
2025-07-23 18:00:00,43.069,43.447,43.009,43.308,352236.56,2025-07-23 18:59:59.999,15231175.60843,43702,192641.73,8330424.6951300,0
2025-07-23 19:00:00,43.308,43.845,43.211,43.549,291112.37,2025-07-23 19:59:59.999,12683056.56363,46883,148092.76,6453191.1573100,0
2025-07-23 20:00:00,43.546,43.788,42.766,43.122,438221.19,2025-07-23 20:59:59.999,18914002.07128,53880,193782.68,8359429.9056600,0
2025-07-23 21:00:00,43.127,43.8,42.73,43.792,360441.04,2025-07-23 21:59:59.999,15560977.60965,44660,171902.84,7418336.5539100,0
2025-07-23 22:00:00,43.794,44.146,43.472,43.831,256752.71,2025-07-23 22:59:59.999,11267466.95182,33893,123912.55,5438854.8215700,0
2025-07-23 23:00:00,43.831,44.151,43.59,43.705,138536.46,2025-07-23 23:59:59.999,6069504.00372,24216,66840.05,2929887.9957400,0
2025-07-24 00:00:00,43.705,44.124,43.45,43.916,221588.03,2025-07-24 00:59:59.999,9719119.5441,35129,119922.93,5262927.5043600,0
2025-07-24 01:00:00,43.918,44.067,43.525,44.056,173664.64,2025-07-24 01:59:59.999,7603849.38551,26036,94736.22,4149810.4045000,0
2025-07-24 02:00:00,44.056,44.293,43.906,44.009,163058.53,2025-07-24 02:59:59.999,7188550.16768,25925,70558.41,3111004.3941300,0
2025-07-24 03:00:00,44.008,44.394,43.83,43.843,196856.38,2025-07-24 03:59:59.999,8689935.74987,24999,90764.58,4006979.2238400,0
2025-07-24 04:00:00,43.841,44.023,43.057,43.266,280886.05,2025-07-24 04:59:59.999,12219600.38694,34317,118335.86,5147529.7579000,0
2025-07-24 05:00:00,43.266,43.296,42.3,42.311,360328.16,2025-07-24 05:59:59.999,15443972.62045,41768,158398.79,6789644.5374700,0
2025-07-24 06:00:00,42.313,42.451,41.618,41.934,695532.71,2025-07-24 06:59:59.999,29240994.30908,67784,305820.03,12857576.7141000,0
2025-07-24 07:00:00,41.935,42.484,41.463,42.462,486847.61,2025-07-24 07:59:59.999,20453122.15534,43552,223473.29,9388866.3007800,0
2025-07-24 08:00:00,42.462,42.801,42.27,42.753,287784.7,2025-07-24 08:59:59.999,12251347.8094,36321,135253.48,5759197.8665200,0
2025-07-24 09:00:00,42.757,42.819,42.184,42.387,248165.46,2025-07-24 09:59:59.999,10543562.55633,30172,107707.28,4576860.1814400,0
2025-07-24 10:00:00,42.387,42.491,41.586,42.208,293923.68,2025-07-24 10:59:59.999,12336939.36775,35391,166460.00,6985958.0354800,0
2025-07-24 11:00:00,42.208,43.027,42.144,42.971,364140.15,2025-07-24 11:59:59.999,15534798.83283,40669,192282.60,8202975.3572200,0
2025-07-24 12:00:00,42.97,43.115,42.583,43.08,297342.8,2025-07-24 12:59:59.999,12750281.224,35506,146014.51,6260304.1473000,0
2025-07-24 13:00:00,43.079,43.288,42.601,42.626,238880.13,2025-07-24 13:59:59.999,10277376.61847,35139,113721.46,4893126.3227900,0
2025-07-24 14:00:00,42.626,43.537,42.399,43.468,387234.91,2025-07-24 14:59:59.999,16596740.63233,42672,190231.02,8157205.8223400,0
2025-07-24 15:00:00,43.466,43.577,42.808,43.0,394806.7,2025-07-24 15:59:59.999,17059433.25382,40834,184647.11,7979976.2003200,0
2025-07-24 16:00:00,43.002,43.065,41.938,42.234,391112.84,2025-07-24 16:59:59.999,16613517.81375,40502,188788.51,8017342.2211900,0
2025-07-24 17:00:00,42.236,42.924,42.131,42.599,188779.14,2025-07-24 17:59:59.999,8048528.65084,24148,86277.04,3678583.1815900,0
2025-07-24 18:00:00,42.597,42.978,42.499,42.79,151549.83,2025-07-24 18:59:59.999,6482755.47602,22426,83306.15,3563947.1673000,0
2025-07-24 19:00:00,42.79,43.037,42.642,42.776,147886.7,2025-07-24 19:59:59.999,6340909.48605,20081,79416.76,3405033.6579500,0
2025-07-24 20:00:00,42.777,43.162,42.722,43.102,104896.02,2025-07-24 20:59:59.999,4505462.09742,17520,48559.85,2085784.1300400,0
2025-07-24 21:00:00,43.1,43.123,42.52,42.63,109767.79,2025-07-24 21:59:59.999,4692627.79411,14161,47740.53,2040369.6766800,0
2025-07-24 22:00:00,42.631,42.765,42.348,42.606,139742.45,2025-07-24 22:59:59.999,5948693.63169,19838,66049.86,2811623.6642200,0
2025-07-24 23:00:00,42.605,42.605,41.967,42.075,243935.81,2025-07-24 23:59:59.999,10309658.17954,29936,114036.39,4820078.2913700,0
2025-07-25 00:00:00,42.076,42.148,41.444,41.623,385962.7,2025-07-25 00:59:59.999,16132949.76561,38792,185842.15,7768642.6669900,0
2025-07-25 01:00:00,41.622,42.334,41.435,42.245,277770.56,2025-07-25 01:59:59.999,11612341.419,35553,141679.20,5924855.9470600,0
2025-07-25 02:00:00,42.244,42.442,41.321,41.424,483806.57,2025-07-25 02:59:59.999,20277661.73956,50588,227749.43,9545768.4340900,0
2025-07-25 03:00:00,41.424,41.706,41.122,41.425,425586.54,2025-07-25 03:59:59.999,17602421.39071,47286,199768.04,8264340.7671600,0
2025-07-25 04:00:00,41.424,42.364,41.196,42.34,385431.09,2025-07-25 04:59:59.999,16084719.04929,48033,186627.84,7788562.0244900,0
2025-07-25 05:00:00,42.34,42.397,41.969,42.009,243155.05,2025-07-25 05:59:59.999,10254386.1475,27679,104781.86,4417637.6615500,0
2025-07-25 06:00:00,42.009,42.576,41.826,42.501,268426.99,2025-07-25 06:59:59.999,11350853.94924,33461,147239.00,6223664.1092000,0
2025-07-25 07:00:00,42.505,42.737,41.724,42.086,379140.37,2025-07-25 07:59:59.999,15987034.74957,45829,183182.83,7726387.7566300,0
2025-07-25 08:00:00,42.087,42.539,42.013,42.375,235783.18,2025-07-25 08:59:59.999,9970034.47639,36161,116524.05,4927524.5884100,0
2025-07-25 09:00:00,42.375,42.84,42.162,42.762,207595.3,2025-07-25 09:59:59.999,8842046.74431,30506,109684.08,4672041.3158400,0
2025-07-25 10:00:00,42.769,43.183,42.733,43.135,268699.2,2025-07-25 10:59:59.999,11547451.89473,34771,133537.74,5739307.6007200,0
2025-07-25 11:00:00,43.135,43.326,42.938,43.024,197941.69,2025-07-25 11:59:59.999,8540138.22086,25175,95567.60,4123854.8322900,0
2025-07-25 12:00:00,43.021,43.211,42.788,42.954,180137.4,2025-07-25 12:59:59.999,7746105.66896,25737,86089.37,3703364.5610900,0
2025-07-25 13:00:00,42.954,43.188,42.752,43.178,206261.54,2025-07-25 13:59:59.999,8865154.56425,29294,98451.06,4230790.1774500,0
2025-07-25 14:00:00,43.178,43.208,42.17,42.204,354536.86,2025-07-25 14:59:59.999,15114032.24477,42933,179228.39,7641060.5843500,0
2025-07-25 15:00:00,42.205,42.618,42.076,42.41,314207.74,2025-07-25 15:59:59.999,13305565.17458,37197,142137.42,6018672.1606600,0
2025-07-25 16:00:00,42.405,43.01,42.237,43.007,239695.14,2025-07-25 16:59:59.999,10201337.62493,30842,116660.67,4965948.3254400,0
2025-07-25 17:00:00,43.006,43.2,42.766,42.886,225114.32,2025-07-25 17:59:59.999,9679564.2092,28115,109522.05,4711622.5600800,0
2025-07-25 18:00:00,42.886,43.033,42.823,42.907,91971.17,2025-07-25 18:59:59.999,3947514.02363,19395,48518.25,2082448.7661300,0
2025-07-25 19:00:00,42.906,43.083,42.727,42.795,125370.65,2025-07-25 19:59:59.999,5377617.56512,23000,67649.05,2902109.0604000,0
2025-07-25 20:00:00,42.795,43.188,42.583,42.996,233132.08,2025-07-25 20:59:59.999,10010110.24446,32992,117511.67,5044667.4244400,0
2025-07-25 21:00:00,43.002,43.643,43.002,43.642,217662.52,2025-07-25 21:59:59.999,9444601.70412,27712,129390.17,5615340.0957900,0
2025-07-25 22:00:00,43.643,43.791,43.458,43.764,136231.12,2025-07-25 22:59:59.999,5941978.29237,21873,79011.50,3446629.2764900,0
2025-07-25 23:00:00,43.764,44.192,43.626,44.128,170865.31,2025-07-25 23:59:59.999,7509365.86798,23136,98416.08,4325928.7709500,0
2025-07-26 00:00:00,44.128,44.186,43.736,44.15,262592.23,2025-07-26 00:59:59.999,11561434.74484,33790,145752.23,6420056.5165300,0
2025-07-26 01:00:00,44.15,44.274,43.883,43.883,122274.91,2025-07-26 01:59:59.999,5386589.68859,18845,46294.10,2040125.3641900,0
2025-07-26 02:00:00,43.889,44.367,43.88,44.307,123043.68,2025-07-26 02:59:59.999,5439255.36403,19751,67044.72,2963373.7753700,0
2025-07-26 03:00:00,44.306,44.565,44.213,44.231,140077.51,2025-07-26 03:59:59.999,6218524.2988,22720,68619.75,3047394.0808600,0
2025-07-26 04:00:00,44.231,44.644,44.172,44.62,82193.22,2025-07-26 04:59:59.999,3647966.95832,16142,38741.06,1719600.8485400,0
2025-07-26 05:00:00,44.619,44.866,44.536,44.732,114445.45,2025-07-26 05:59:59.999,5118218.09385,17489,60035.98,2685139.7557400,0
2025-07-26 06:00:00,44.731,44.731,44.363,44.482,127727.27,2025-07-26 06:59:59.999,5688367.71051,19058,49639.52,2210730.5096600,0
2025-07-26 07:00:00,44.482,44.563,44.23,44.28,110024.1,2025-07-26 07:59:59.999,4882107.70708,15940,37985.84,1686023.8658200,0
2025-07-26 08:00:00,44.281,44.611,44.272,44.534,64026.21,2025-07-26 08:59:59.999,2847301.98231,13579,36220.40,1610520.3169100,0
2025-07-26 09:00:00,44.534,44.75,44.434,44.596,105066.25,2025-07-26 09:59:59.999,4682960.2973,16644,55204.03,2460502.0070000,0
2025-07-26 10:00:00,44.597,44.906,44.527,44.574,160887.33,2025-07-26 10:59:59.999,7192066.62689,22494,73678.67,3294466.5709800,0
2025-07-26 11:00:00,44.571,44.634,44.265,44.31,153141.04,2025-07-26 11:59:59.999,6800852.60909,19515,72131.12,3203720.3188000,0
2025-07-26 12:00:00,44.31,44.537,44.258,44.349,81278.14,2025-07-26 12:59:59.999,3608764.51239,14442,41423.94,1838888.0771100,0
2025-07-26 13:00:00,44.35,44.578,44.28,44.345,87164.47,2025-07-26 13:59:59.999,3873441.65651,13906,44200.74,1964548.6140400,0
2025-07-26 14:00:00,44.344,44.451,44.114,44.216,162719.26,2025-07-26 14:59:59.999,7205193.01616,23989,79255.53,3509338.4612900,0
2025-07-26 15:00:00,44.212,44.35,43.912,44.175,152095.51,2025-07-26 15:59:59.999,6704332.103,22250,66338.74,2925058.5481700,0
2025-07-26 16:00:00,44.175,44.231,43.629,43.748,148045.56,2025-07-26 16:59:59.999,6495591.84531,18882,63956.67,2806868.3809100,0
2025-07-26 17:00:00,43.748,43.855,43.549,43.785,100734.96,2025-07-26 17:59:59.999,4401014.80343,13912,43288.72,1892391.4425300,0
2025-07-26 18:00:00,43.789,44.052,43.667,43.936,104868.42,2025-07-26 18:59:59.999,4601981.37987,16435,54821.85,2405268.0405900,0
2025-07-26 19:00:00,43.937,44.145,43.786,43.92,98689.0,2025-07-26 19:59:59.999,4339748.14411,14204,55785.70,2453361.7077300,0
2025-07-26 20:00:00,43.919,43.919,43.694,43.839,74034.92,2025-07-26 20:59:59.999,3242689.56393,9945,33117.81,1450333.9630100,0
2025-07-26 21:00:00,43.836,44.086,43.793,44.051,38180.82,2025-07-26 21:59:59.999,1678513.58705,8308,20982.99,922677.6697600,0
2025-07-26 22:00:00,44.05,44.256,43.716,43.8,157329.46,2025-07-26 22:59:59.999,6921971.18604,23004,76919.60,3385449.8547200,0
2025-07-26 23:00:00,43.798,43.855,43.327,43.363,126222.5,2025-07-26 23:59:59.999,5494792.15457,18223,47454.54,2066699.1557000,0
2025-07-27 00:00:00,43.365,43.488,43.066,43.198,250618.69,2025-07-27 00:59:59.999,10841548.9173,27425,98828.71,4276311.1943100,0
2025-07-27 01:00:00,43.198,43.421,43.043,43.348,94669.89,2025-07-27 01:59:59.999,4098116.37673,14815,53897.26,2333554.7588700,0
2025-07-27 02:00:00,43.347,43.532,43.209,43.528,71775.46,2025-07-27 02:59:59.999,3113060.15827,11061,45319.91,1965575.4666900,0
2025-07-27 03:00:00,43.528,43.55,43.362,43.457,64731.05,2025-07-27 03:59:59.999,2811773.38067,11639,34167.91,1483963.2378300,0
2025-07-27 04:00:00,43.455,43.637,43.42,43.597,68388.33,2025-07-27 04:59:59.999,2978928.8394,12551,39936.86,1739418.5645300,0
2025-07-27 05:00:00,43.596,43.789,43.51,43.552,99756.11,2025-07-27 05:59:59.999,4351249.81772,16913,47107.14,2054580.1721600,0
2025-07-27 06:00:00,43.558,43.596,43.34,43.433,100593.59,2025-07-27 06:59:59.999,4372331.70667,17171,48977.26,2128862.2517200,0
2025-07-27 07:00:00,43.432,43.493,43.081,43.146,103599.3,2025-07-27 07:59:59.999,4482061.1538,15821,39351.93,1702928.0738000,0
2025-07-27 08:00:00,43.146,43.218,43.0,43.075,66583.7,2025-07-27 08:59:59.999,2870355.39863,12608,26776.17,1154572.5268700,0
2025-07-27 09:00:00,43.076,43.188,42.801,42.824,162756.98,2025-07-27 09:59:59.999,6995447.43178,19669,70865.58,3046532.4151200,0
2025-07-27 10:00:00,42.823,43.183,42.802,43.064,122669.23,2025-07-27 10:59:59.999,5278596.62185,16838,58733.28,2526776.1430400,0
2025-07-27 11:00:00,43.064,43.152,42.737,42.77,125079.56,2025-07-27 11:59:59.999,5367652.50576,18441,57935.04,2486436.3518600,0
2025-07-27 12:00:00,42.771,43.043,42.676,42.823,241764.29,2025-07-27 12:59:59.999,10360899.60102,30798,118820.38,5093053.2463600,0
2025-07-27 13:00:00,42.822,42.891,42.402,42.775,251623.26,2025-07-27 13:59:59.999,10735790.97733,28006,127834.62,5456104.2667700,0
2025-07-27 14:00:00,42.769,42.958,42.594,42.763,167709.83,2025-07-27 14:59:59.999,7178383.13535,26627,82499.69,3531816.0146500,0
2025-07-27 15:00:00,42.763,43.139,42.565,43.064,133401.96,2025-07-27 15:59:59.999,5714977.99022,25265,73213.07,3137081.2852200,0
2025-07-27 16:00:00,43.063,43.941,43.063,43.284,436310.7,2025-07-27 16:59:59.999,18973751.7736,50925,218693.93,9511254.6725200,0
2025-07-27 17:00:00,43.283,43.656,42.94,43.641,293984.84,2025-07-27 17:59:59.999,12722748.41943,34753,156761.50,6786408.8753600,0
2025-07-27 18:00:00,43.641,44.291,43.621,44.276,274535.38,2025-07-27 18:59:59.999,12082801.37054,33271,145001.58,6381236.0894700,0
2025-07-27 19:00:00,44.284,44.333,43.677,43.705,136225.27,2025-07-27 19:59:59.999,5994208.23341,20632,54044.84,2378639.8239200,0
2025-07-27 20:00:00,43.705,44.022,43.549,43.562,92504.02,2025-07-27 20:59:59.999,4049422.2375,16203,42953.61,1881499.5396600,0
2025-07-27 21:00:00,43.568,43.839,43.491,43.787,75269.36,2025-07-27 21:59:59.999,3286648.35573,13449,37065.57,1618910.5837900,0
2025-07-27 22:00:00,43.788,44.043,43.69,43.704,160139.41,2025-07-27 22:59:59.999,7025883.1404,26876,74313.32,3261146.5077100,0
2025-07-27 23:00:00,43.706,43.804,43.597,43.649,99124.23,2025-07-27 23:59:59.999,4330863.18954,15032,50049.33,2186921.6387600,0
2025-07-28 00:00:00,43.655,44.037,43.607,43.779,145783.68,2025-07-28 00:59:59.999,6388084.98733,25019,65978.11,2891129.0932100,0
2025-07-28 01:00:00,43.78,43.892,43.414,43.58,110480.83,2025-07-28 01:59:59.999,4822433.85311,19986,44106.53,1925406.2448500,0
2025-07-28 02:00:00,43.575,44.328,43.537,44.276,175187.28,2025-07-28 02:59:59.999,7711839.40896,28880,88165.88,3879851.8265400,0
2025-07-28 03:00:00,44.276,44.353,43.872,44.347,132174.39,2025-07-28 03:59:59.999,5833716.41577,26292,62774.28,2771709.6022300,0
2025-07-28 04:00:00,44.347,44.423,44.021,44.198,109983.31,2025-07-28 04:59:59.999,4863208.80568,24536,50598.37,2237340.1785200,0
2025-07-28 05:00:00,44.198,44.697,44.04,44.655,229294.38,2025-07-28 05:59:59.999,10193394.84673,38099,123804.81,5503588.8418700,0
2025-07-28 06:00:00,44.655,44.905,44.583,44.74,191723.43,2025-07-28 06:59:59.999,8580503.8781,31681,91882.19,4112227.8213600,0
2025-07-28 07:00:00,44.741,44.765,44.004,44.191,171923.63,2025-07-28 07:59:59.999,7609639.99003,31914,78167.60,3458875.6003300,0
2025-07-28 08:00:00,44.191,44.509,44.13,44.49,111751.71,2025-07-28 08:59:59.999,4952418.1569,24539,57717.24,2558786.5760000,0
2025-07-28 09:00:00,44.487,44.555,44.157,44.336,176601.58,2025-07-28 09:59:59.999,7832850.26447,22837,78406.37,3477171.1495900,0
2025-07-28 10:00:00,44.336,44.661,44.28,44.644,118525.39,2025-07-28 10:59:59.999,5278321.63927,21901,59267.03,2639698.8092200,0
2025-07-28 11:00:00,44.644,44.711,43.901,44.287,202516.16,2025-07-28 11:59:59.999,8950407.57359,32845,88751.68,3922442.7100300,0
2025-07-28 12:00:00,44.29,44.5,44.033,44.39,137444.42,2025-07-28 12:59:59.999,6090844.89541,29362,62943.07,2789464.7837600,0
2025-07-28 13:00:00,44.391,45.779,44.326,45.23,963322.75,2025-07-28 13:59:59.999,43460036.38093,103511,487019.38,21976959.5232000,0
2025-07-28 14:00:00,45.231,45.248,43.894,44.822,901805.91,2025-07-28 14:59:59.999,40137677.04759,104968,431819.58,19218817.3181400,0
2025-07-28 15:00:00,44.821,45.394,44.743,45.109,457937.88,2025-07-28 15:59:59.999,20628698.88909,64814,198559.92,8946861.3982400,0
2025-07-28 16:00:00,45.109,46.0,45.055,45.843,701937.24,2025-07-28 16:59:59.999,31980878.81771,88292,376026.99,17133326.1759300,0
2025-07-28 17:00:00,45.845,46.095,44.699,44.752,720075.69,2025-07-28 17:59:59.999,32781599.85738,97747,310087.54,14126034.2409200,0
2025-07-28 18:00:00,44.754,45.24,44.705,45.138,466611.93,2025-07-28 18:59:59.999,20998939.21407,73903,235530.78,10600903.0199900,0
2025-07-28 19:00:00,45.141,45.511,44.287,44.957,492410.82,2025-07-28 19:59:59.999,22083284.26536,71879,236054.88,10580878.1363300,0
2025-07-28 20:00:00,44.96,44.998,43.417,44.036,1078881.59,2025-07-28 20:59:59.999,47404810.82271,137026,518783.37,22793598.8467300,0
2025-07-28 21:00:00,44.041,44.188,43.465,43.769,223843.43,2025-07-28 21:59:59.999,9805904.67643,41382,118339.78,5182888.6572500,0
2025-07-28 22:00:00,43.768,44.062,42.63,42.976,643611.47,2025-07-28 22:59:59.999,27868803.4462,95040,297375.27,12875315.7086600,0
2025-07-28 23:00:00,42.979,43.759,42.956,43.742,348635.22,2025-07-28 23:59:59.999,15128786.34352,40553,164761.22,7149257.5645000,0
2025-07-29 00:00:00,43.741,44.231,43.45,43.878,322452.59,2025-07-29 00:59:59.999,14146765.31519,43948,141050.72,6190191.6650700,0
2025-07-29 01:00:00,43.878,44.13,43.495,43.496,165026.25,2025-07-29 01:59:59.999,7236640.07978,28136,72562.17,3183343.9062200,0
2025-07-29 02:00:00,43.496,43.661,43.036,43.146,210166.08,2025-07-29 02:59:59.999,9112563.23373,38817,105737.41,4585178.1691300,0
2025-07-29 03:00:00,43.15,44.167,43.139,44.167,186380.59,2025-07-29 03:59:59.999,8132282.8054,34552,88213.54,3850682.3063900,0
2025-07-29 04:00:00,44.166,44.325,43.814,43.839,257446.69,2025-07-29 04:59:59.999,11368245.24179,36057,104431.91,4611749.1211800,0
2025-07-29 05:00:00,43.841,44.125,43.642,44.107,123353.63,2025-07-29 05:59:59.999,5413793.48039,23425,60187.01,2642043.6126800,0
2025-07-29 06:00:00,44.105,44.228,43.776,43.78,190106.08,2025-07-29 06:59:59.999,8363029.22399,26448,83253.15,3662388.9896300,0
2025-07-29 07:00:00,43.781,44.61,43.781,44.597,215225.45,2025-07-29 07:59:59.999,9527918.57547,29947,108418.96,4798692.6580300,0
2025-07-29 08:00:00,44.597,45.073,44.517,44.775,294603.85,2025-07-29 08:59:59.999,13199507.95064,38162,122209.29,5475141.2543600,0
2025-07-29 09:00:00,44.776,45.155,44.633,44.97,188694.33,2025-07-29 09:59:59.999,8477041.10589,33405,91050.67,4091528.1027400,0
2025-07-29 10:00:00,44.969,44.994,44.025,44.026,300131.69,2025-07-29 10:59:59.999,13333033.86651,40476,122811.75,5454074.3751400,0
2025-07-29 11:00:00,44.027,45.011,43.998,44.746,298893.97,2025-07-29 11:59:59.999,13348164.594,42313,147032.38,6564023.5870300,0
2025-07-29 12:00:00,44.748,45.163,44.689,44.877,243118.53,2025-07-29 12:59:59.999,10931217.34948,40230,115230.68,5180393.1192200,0
2025-07-29 13:00:00,44.877,45.29,44.408,44.604,256983.46,2025-07-29 13:59:59.999,11529023.50264,45589,126255.82,5665049.3600600,0
2025-07-29 14:00:00,44.605,44.632,42.448,43.329,3609074.62,2025-07-29 14:59:59.999,156189525.36432,292027,1908333.38,82590280.8042700,0
2025-07-29 15:00:00,43.326,43.717,42.723,43.226,1034109.11,2025-07-29 15:59:59.999,44759710.12048,140260,494269.85,21399984.8093000,0
2025-07-29 16:00:00,43.221,43.838,42.914,43.617,604815.37,2025-07-29 16:59:59.999,26247265.99813,80352,258340.82,11214090.5685800,0
2025-07-29 17:00:00,43.617,44.113,43.434,43.728,292452.68,2025-07-29 17:59:59.999,12814393.21093,58429,148177.04,6491802.6857100,0
2025-07-29 18:00:00,43.73,44.188,43.556,44.102,229950.85,2025-07-29 18:59:59.999,10105267.726,44897,87848.61,3859819.1542700,0
2025-07-29 19:00:00,44.102,44.341,43.731,43.917,209990.28,2025-07-29 19:59:59.999,9251408.56422,35851,93741.94,4129450.0819900,0
2025-07-29 20:00:00,43.917,44.237,43.04,43.34,617115.87,2025-07-29 20:59:59.999,26900940.13545,79955,297436.97,12960198.9486900,0
2025-07-29 21:00:00,43.35,43.362,42.67,43.245,271704.35,2025-07-29 21:59:59.999,11691990.30822,51229,141457.02,6087242.2633700,0
2025-07-29 22:00:00,43.247,43.596,42.855,43.544,237943.32,2025-07-29 22:59:59.999,10278617.97802,44151,119229.60,5149951.9641600,0
2025-07-29 23:00:00,43.548,43.654,43.174,43.485,140695.02,2025-07-29 23:59:59.999,6114875.58911,26464,55880.36,2428233.7529400,0
2025-07-30 00:00:00,43.485,43.506,42.8,43.046,180075.77,2025-07-30 00:59:59.999,7764442.11971,35116,91981.43,3966667.1167600,0
2025-07-30 01:00:00,43.051,43.231,42.35,43.124,392444.14,2025-07-30 01:59:59.999,16795300.93115,53716,161907.07,6929109.6094700,0
2025-07-30 02:00:00,43.119,43.572,43.024,43.387,169290.95,2025-07-30 02:59:59.999,7341964.37748,35813,84661.51,3671926.6505100,0
2025-07-30 03:00:00,43.386,43.596,43.239,43.304,78382.79,2025-07-30 03:59:59.999,3403409.62465,23837,32993.09,1432870.6117100,0
2025-07-30 04:00:00,43.305,43.609,42.896,42.937,148365.3,2025-07-30 04:59:59.999,6406198.63737,25605,80785.89,3487121.2010500,0
2025-07-30 05:00:00,42.938,43.332,42.853,43.202,160100.45,2025-07-30 05:59:59.999,6904281.65778,28801,82869.74,3573124.1950600,0
2025-07-30 06:00:00,43.201,43.576,43.063,43.49,145240.17,2025-07-30 06:59:59.999,6294436.91619,24129,74985.46,3249556.4322100,0
2025-07-30 07:00:00,43.498,43.729,42.869,42.954,245135.95,2025-07-30 07:59:59.999,10601994.01162,36038,117159.79,5064549.7570900,0
2025-07-30 08:00:00,42.949,43.327,42.763,43.096,261638.89,2025-07-30 08:59:59.999,11261574.64462,33874,139818.29,6020169.3444200,0
2025-07-30 09:00:00,43.096,43.181,42.697,42.95,165210.09,2025-07-30 09:59:59.999,7087982.38024,34532,81130.07,3480269.7769900,0
2025-07-30 10:00:00,42.949,43.172,42.691,42.756,184935.09,2025-07-30 10:59:59.999,7945068.94589,35057,74371.80,3195048.6084900,0
2025-07-30 11:00:00,42.757,42.925,42.322,42.667,318221.88,2025-07-30 11:59:59.999,13566807.18369,42487,169050.61,7209888.3854800,0
2025-07-30 12:00:00,42.667,42.76,42.189,42.557,408148.6,2025-07-30 12:59:59.999,17333468.32117,53630,186379.55,7916213.4623700,0
2025-07-30 13:00:00,42.557,42.791,42.253,42.694,466094.29,2025-07-30 13:59:59.999,19832294.91385,58013,235849.27,10035459.3231200,0
2025-07-30 14:00:00,42.694,43.346,42.643,43.308,327915.78,2025-07-30 14:59:59.999,14092559.36947,43907,161520.25,6943238.9966600,0
2025-07-30 15:00:00,43.307,43.332,42.883,42.999,253786.56,2025-07-30 15:59:59.999,10939701.39874,44559,109490.92,4720287.6740500,0
2025-07-30 16:00:00,42.999,43.324,42.825,43.044,174389.87,2025-07-30 16:59:59.999,7519957.86124,33705,93078.84,4015509.1286100,0
2025-07-30 17:00:00,43.045,43.213,42.718,42.849,127376.29,2025-07-30 17:59:59.999,5473385.16837,26119,59422.83,2552576.6444000,0
2025-07-30 18:00:00,42.841,43.068,41.66,41.684,666495.55,2025-07-30 18:59:59.999,28236476.03997,79164,300285.58,12740437.6478800,0
2025-07-30 19:00:00,41.683,42.347,40.69,42.267,1288277.69,2025-07-30 19:59:59.999,53576337.03414,143853,695439.46,28936511.9004200,0
2025-07-30 20:00:00,42.272,42.537,42.172,42.402,197383.15,2025-07-30 20:59:59.999,8359764.4055,33767,94528.59,4004063.4457500,0
2025-07-30 21:00:00,42.401,42.468,41.782,42.216,193659.53,2025-07-30 21:59:59.999,8151443.78378,31554,88140.79,3708980.9864500,0
2025-07-30 22:00:00,42.214,42.235,41.7,41.805,192675.94,2025-07-30 22:59:59.999,8075448.74789,32437,80533.84,3375769.4271700,0
2025-07-30 23:00:00,41.804,42.291,41.795,42.221,115307.51,2025-07-30 23:59:59.999,4853225.47399,23034,52326.59,2202221.0445600,0
2025-07-31 00:00:00,42.225,42.676,42.036,42.645,230409.74,2025-07-31 00:59:59.999,9761255.98328,34643,104726.65,4436373.7238200,0
2025-07-31 01:00:00,42.646,42.722,42.237,42.57,178637.69,2025-07-31 01:59:59.999,7593395.89885,28207,77598.97,3298674.0454900,0
2025-07-31 02:00:00,42.569,42.664,42.311,42.654,106937.44,2025-07-31 02:59:59.999,4542832.20398,20065,52527.39,2231958.3882700,0
2025-07-31 03:00:00,42.654,43.076,42.597,43.058,198578.64,2025-07-31 03:59:59.999,8519037.65619,28476,110327.22,4733258.0090000,0
2025-07-31 04:00:00,43.06,43.158,42.817,43.131,110320.19,2025-07-31 04:59:59.999,4742561.85457,17839,53405.17,2296269.6746700,0
2025-07-31 05:00:00,43.13,43.361,42.967,43.259,112002.13,2025-07-31 05:59:59.999,4839410.6882,17632,51654.87,2231167.3675300,0
2025-07-31 06:00:00,43.259,43.381,43.012,43.332,125105.56,2025-07-31 06:59:59.999,5406420.93086,18122,67328.65,2910036.9834600,0
2025-07-31 07:00:00,43.332,43.55,43.271,43.38,163539.93,2025-07-31 07:59:59.999,7099167.1075,24928,99805.32,4333391.3418600,0
2025-07-31 08:00:00,43.38,43.78,43.38,43.78,120313.56,2025-07-31 08:59:59.999,5251290.64223,18089,65635.06,2864696.3676500,0
2025-07-31 09:00:00,43.78,43.99,43.66,43.976,128382.76,2025-07-31 09:59:59.999,5627382.56205,20956,70313.40,3082731.9465000,0
2025-07-31 10:00:00,43.976,44.116,43.8,43.852,110985.16,2025-07-31 10:59:59.999,4879450.16671,20024,57001.87,2507312.4497700,0
2025-07-31 11:00:00,43.853,43.985,43.402,43.519,166367.62,2025-07-31 11:59:59.999,7257837.68858,26391,68411.65,2984707.9143300,0
2025-07-31 12:00:00,43.519,44.43,43.517,44.152,659871.06,2025-07-31 12:59:59.999,29096805.39051,63550,320226.00,14114118.2700000,0
2025-07-31 13:00:00,44.151,44.185,43.606,44.016,442642.81,2025-07-31 13:59:59.999,19441118.59615,58915,223950.59,9838641.6122600,0
2025-07-31 14:00:00,44.012,44.162,43.253,43.691,441692.26,2025-07-31 14:59:59.999,19251277.33125,64108,203761.36,8882441.7472300,0
2025-07-31 15:00:00,43.696,44.079,43.657,43.692,201377.56,2025-07-31 15:59:59.999,8838585.73462,33805,91480.89,4014375.5087400,0
2025-07-31 16:00:00,43.692,44.721,43.635,44.489,467175.24,2025-07-31 16:59:59.999,20720537.51006,57042,264585.95,11734639.2563300,0
2025-07-31 17:00:00,44.489,44.507,43.021,43.062,552041.46,2025-07-31 17:59:59.999,24138017.89491,70380,229783.59,10053365.8017100,0
2025-07-31 18:00:00,43.067,43.107,42.539,42.767,517638.1,2025-07-31 18:59:59.999,22149369.35614,63510,280006.99,11980124.7833000,0
2025-07-31 19:00:00,42.774,42.829,41.608,41.615,548742.43,2025-07-31 19:59:59.999,23136592.64398,63384,219384.99,9248695.8380200,0
2025-07-31 20:00:00,41.615,41.897,41.08,41.297,734475.45,2025-07-31 20:59:59.999,30498229.66397,86868,350995.79,14577936.1568700,0
2025-07-31 21:00:00,41.29,41.636,40.96,41.246,379347.25,2025-07-31 21:59:59.999,15660326.05994,54678,185175.35,7647709.5471000,0
2025-07-31 22:00:00,41.247,41.595,40.986,41.092,504124.72,2025-07-31 22:59:59.999,20825717.14795,61466,236963.04,9787882.3091000,0
2025-07-31 23:00:00,41.093,41.507,40.64,40.826,422968.71,2025-07-31 23:59:59.999,17358440.96533,56310,177564.61,7291262.1757500,0
2025-08-01 00:00:00,40.824,41.307,40.311,41.234,682215.02,2025-08-01 00:59:59.999,27788668.63641,82197,333515.98,13591061.9142000,0
2025-08-01 01:00:00,41.234,41.465,40.689,41.198,447047.65,2025-08-01 01:59:59.999,18389620.45725,70481,227932.75,9380420.7451900,0
2025-08-01 02:00:00,41.196,41.635,40.999,41.378,281596.19,2025-08-01 02:59:59.999,11649282.26982,42797,126260.48,5223384.3236700,0
2025-08-01 03:00:00,41.377,41.57,41.127,41.173,182364.97,2025-08-01 03:59:59.999,7538887.59104,31626,82963.64,3431278.4565700,0
2025-08-01 04:00:00,41.172,41.173,40.411,40.441,346519.8,2025-08-01 04:59:59.999,14113933.89644,46868,149588.36,6090430.0514200,0
2025-08-01 05:00:00,40.438,40.78,40.052,40.452,426893.18,2025-08-01 05:59:59.999,17262731.85194,56484,231723.85,9375884.0037200,0
2025-08-01 06:00:00,40.453,40.511,39.592,39.918,598594.99,2025-08-01 06:59:59.999,23910156.61301,74425,248783.03,9938876.2734900,0
2025-08-01 07:00:00,39.916,40.27,39.525,40.001,522402.73,2025-08-01 07:59:59.999,20863663.15187,67974,276384.51,11040114.1014800,0
2025-08-01 08:00:00,40.001,40.021,39.204,39.497,482070.12,2025-08-01 08:59:59.999,19081567.22501,67186,217383.80,8608002.1587200,0
2025-08-01 09:00:00,39.495,39.964,39.415,39.483,383863.47,2025-08-01 09:59:59.999,15247510.47181,55463,195234.40,7754728.1083900,0
2025-08-01 10:00:00,39.483,39.782,39.435,39.675,344699.26,2025-08-01 10:59:59.999,13653513.31329,48766,180148.43,7137331.6898300,0
2025-08-01 11:00:00,39.676,40.127,39.364,40.053,365824.47,2025-08-01 11:59:59.999,14553801.46574,42643,176720.56,7032699.1982900,0
2025-08-01 12:00:00,40.053,40.414,39.793,39.891,599000.02,2025-08-01 12:59:59.999,24034586.41077,68777,290564.08,11659760.9794100,0
2025-08-01 13:00:00,39.887,40.123,38.002,38.4,1201490.44,2025-08-01 13:59:59.999,46706356.16151,114180,494134.70,19216384.7668800,0
2025-08-01 14:00:00,38.401,39.711,38.224,39.538,948941.8,2025-08-01 14:59:59.999,37049383.88333,101277,502209.04,19604774.9426800,0
2025-08-01 15:00:00,39.535,39.579,38.713,39.147,483684.86,2025-08-01 15:59:59.999,18926194.77282,67723,222878.72,8723180.7535100,0
2025-08-01 16:00:00,39.146,39.545,38.429,38.503,460784.77,2025-08-01 16:59:59.999,18009004.2977,62396,217576.15,8514749.3194200,0
2025-08-01 17:00:00,38.503,38.629,38.172,38.32,466926.84,2025-08-01 17:59:59.999,17911889.42754,63752,252239.70,9677265.3364600,0
2025-08-01 18:00:00,38.319,38.345,37.224,37.642,1295978.85,2025-08-01 18:59:59.999,48835768.70711,131979,625149.96,23556960.4484000,0
2025-08-01 19:00:00,37.643,37.75,37.06,37.364,817944.73,2025-08-01 19:59:59.999,30546561.39686,95681,393490.96,14702684.7611600,0
2025-08-01 20:00:00,37.368,37.869,37.054,37.636,640955.49,2025-08-01 20:59:59.999,24003876.37589,84513,330944.71,12395044.9135400,0
2025-08-01 21:00:00,37.638,37.961,37.452,37.536,355291.09,2025-08-01 21:59:59.999,13404792.48007,51035,176382.07,6656064.7073800,0
2025-08-01 22:00:00,37.54,37.588,36.323,37.042,1061293.26,2025-08-01 22:59:59.999,39053101.72202,98538,445170.42,16393077.1530500,0
2025-08-01 23:00:00,37.046,37.64,36.896,37.613,491289.99,2025-08-01 23:59:59.999,18316208.35096,59772,252900.62,9428367.0721400,0
2025-08-02 00:00:00,37.615,37.997,37.527,37.905,362166.17,2025-08-02 00:59:59.999,13683769.27495,40476,188760.32,7132901.0905400,0
2025-08-02 01:00:00,37.901,38.013,37.606,37.825,128653.78,2025-08-02 01:59:59.999,4863518.37108,21388,55970.48,2117050.8812700,0
2025-08-02 02:00:00,37.825,38.113,37.713,38.088,116108.17,2025-08-02 02:59:59.999,4404943.42697,18509,69454.98,2636471.4957300,0
2025-08-02 03:00:00,38.089,38.199,37.9,38.068,225460.23,2025-08-02 03:59:59.999,8581289.08062,26323,127724.39,4862758.1639300,0
2025-08-02 04:00:00,38.068,38.237,37.972,38.111,128109.89,2025-08-02 04:59:59.999,4884966.28258,21945,64444.20,2457470.3226900,0
2025-08-02 05:00:00,38.11,38.307,37.96,38.286,151386.16,2025-08-02 05:59:59.999,5777685.01172,21745,77021.15,2938793.2051900,0
2025-08-02 06:00:00,38.286,38.318,37.528,37.749,333881.91,2025-08-02 06:59:59.999,12621411.65985,36963,116706.29,4411854.6819200,0
2025-08-02 07:00:00,37.748,38.484,37.636,38.465,347844.13,2025-08-02 07:59:59.999,13253149.04522,38561,186103.00,7091223.6709400,0
2025-08-02 08:00:00,38.465,38.729,38.263,38.48,276091.83,2025-08-02 08:59:59.999,10639895.69811,35844,152345.36,5872565.0387000,0
2025-08-02 09:00:00,38.479,38.594,38.158,38.566,237689.92,2025-08-02 09:59:59.999,9133773.4786,33578,115277.36,4431269.5436300,0
2025-08-02 10:00:00,38.565,38.592,38.047,38.165,274152.68,2025-08-02 10:59:59.999,10485543.38739,36512,133165.97,5096113.9695800,0
2025-08-02 11:00:00,38.164,38.408,37.951,38.371,309865.37,2025-08-02 11:59:59.999,11845589.36909,37070,180224.95,6890355.9804000,0
2025-08-02 12:00:00,38.377,38.423,37.988,38.156,216663.48,2025-08-02 12:59:59.999,8286998.88579,28207,104817.02,4009249.2644400,0
2025-08-02 13:00:00,38.155,38.184,37.587,37.984,241384.0,2025-08-02 13:59:59.999,9139874.50152,32178,115702.92,4384333.5364000,0
2025-08-02 14:00:00,37.988,38.097,37.286,37.574,328446.94,2025-08-02 14:59:59.999,12347381.82965,41833,148178.74,5568142.2838900,0
2025-08-02 15:00:00,37.573,38.03,37.147,37.182,241912.22,2025-08-02 15:59:59.999,9102422.65788,37586,123322.79,4644739.1716300,0
2025-08-02 16:00:00,37.186,37.661,36.884,37.197,443373.14,2025-08-02 16:59:59.999,16532658.99336,51984,209535.08,7818368.9882400,0
2025-08-02 17:00:00,37.196,37.619,36.464,36.552,364485.93,2025-08-02 17:59:59.999,13496210.20132,45327,166613.05,6183499.0528700,0
2025-08-02 18:00:00,36.554,36.711,35.493,35.687,923230.89,2025-08-02 18:59:59.999,33263442.38397,98751,444526.01,16025534.7110700,0
2025-08-02 19:00:00,35.687,36.75,35.676,36.097,705731.05,2025-08-02 19:59:59.999,25605127.27415,71269,355213.82,12890918.8462500,0
2025-08-02 20:00:00,36.098,36.956,36.079,36.956,353492.5,2025-08-02 20:59:59.999,12945521.16171,52088,197206.12,7222129.5404900,0
2025-08-02 21:00:00,36.956,37.393,36.85,37.153,413953.85,2025-08-02 21:59:59.999,15358959.48529,46364,225721.76,8376948.5259900,0
2025-08-02 22:00:00,37.153,37.492,36.908,37.358,277984.71,2025-08-02 22:59:59.999,10358100.83008,36585,153368.76,5717664.1442000,0
2025-08-02 23:00:00,37.356,37.379,36.775,36.896,249025.88,2025-08-02 23:59:59.999,9224208.2284,39136,116637.65,4321722.4959800,0
2025-08-03 00:00:00,36.898,37.041,36.415,36.895,338702.59,2025-08-03 00:59:59.999,12457895.64056,50498,157633.51,5797270.4910000,0
2025-08-03 01:00:00,36.896,37.038,36.496,36.669,287867.94,2025-08-03 01:59:59.999,10594711.54083,43318,142196.26,5232943.1491700,0
2025-08-03 02:00:00,36.669,37.656,36.668,37.6,304873.35,2025-08-03 02:59:59.999,11370516.24863,38821,170422.48,6353300.6263300,0
2025-08-03 03:00:00,37.605,37.835,37.357,37.709,135105.29,2025-08-03 03:59:59.999,5077630.91756,23712,66993.95,2518391.2758100,0
2025-08-03 04:00:00,37.709,37.852,37.47,37.838,139111.5,2025-08-03 04:59:59.999,5244799.90421,20452,72320.09,2726484.7890600,0
2025-08-03 05:00:00,37.84,37.903,37.662,37.826,91960.99,2025-08-03 05:59:59.999,3476755.98809,16839,49271.05,1862565.7002400,0
2025-08-03 06:00:00,37.826,38.161,37.65,38.136,178690.05,2025-08-03 06:59:59.999,6768557.01182,18948,68236.95,2587125.7169100,0
2025-08-03 07:00:00,38.135,38.447,38.001,38.361,355840.98,2025-08-03 07:59:59.999,13604328.04644,34284,216062.56,8260840.6277900,0
2025-08-03 08:00:00,38.359,38.493,38.19,38.485,168650.48,2025-08-03 08:59:59.999,6467940.20275,23743,85722.73,3287913.1696600,0
2025-08-03 09:00:00,38.486,38.626,38.366,38.607,155671.5,2025-08-03 09:59:59.999,5992090.40887,23759,70553.43,2716714.0486300,0
2025-08-03 10:00:00,38.608,39.299,38.6,38.961,478540.16,2025-08-03 10:59:59.999,18674108.5345,52165,267646.65,10442351.2334700,0
2025-08-03 11:00:00,38.961,39.26,38.493,38.544,387403.02,2025-08-03 11:59:59.999,15060433.37185,47073,173170.97,6738227.9022000,0
2025-08-03 12:00:00,38.544,38.569,37.83,38.063,732173.09,2025-08-03 12:59:59.999,27967753.32177,59988,359623.16,13738210.2564800,0
2025-08-03 13:00:00,38.063,38.366,37.794,38.06,418180.8,2025-08-03 13:59:59.999,15924560.03578,52874,208717.21,7951211.5907400,0
2025-08-03 14:00:00,38.063,38.162,37.614,37.805,312623.99,2025-08-03 14:59:59.999,11819876.25597,38483,121274.33,4585857.6685800,0
2025-08-03 15:00:00,37.804,38.054,37.52,37.953,214136.34,2025-08-03 15:59:59.999,8092751.39283,31254,117549.48,4446672.3050500,0
2025-08-03 16:00:00,37.954,38.32,37.762,38.318,167033.76,2025-08-03 16:59:59.999,6357083.64298,23563,113095.82,4305292.6517800,0
2025-08-03 17:00:00,38.315,38.452,38.137,38.43,168503.16,2025-08-03 17:59:59.999,6456222.05624,24817,103510.44,3965781.2101400,0
2025-08-03 18:00:00,38.429,38.495,38.31,38.412,77190.8,2025-08-03 18:59:59.999,2964442.45912,16997,42742.19,1641607.4280800,0
2025-08-03 19:00:00,38.412,38.676,38.257,38.414,148964.52,2025-08-03 19:59:59.999,5731505.98712,28240,78071.81,3003797.6616000,0
2025-08-03 20:00:00,38.416,38.476,38.135,38.409,181523.47,2025-08-03 20:59:59.999,6951451.4615,26807,80004.91,3064232.0267500,0
2025-08-03 21:00:00,38.409,38.67,38.202,38.344,195117.74,2025-08-03 21:59:59.999,7495161.9137,27063,93237.67,3581923.5439000,0
2025-08-03 22:00:00,38.344,38.476,38.051,38.233,164352.41,2025-08-03 22:59:59.999,6283034.927,29340,78762.00,3011943.9269800,0
2025-08-03 23:00:00,38.233,38.47,38.147,38.18,150937.84,2025-08-03 23:59:59.999,5781471.55999,28972,81253.75,3113582.2047300,0
2025-08-04 00:00:00,38.18,39.037,38.032,38.987,328804.88,2025-08-04 00:59:59.999,12699603.16518,40785,165721.44,6401705.0162000,0
2025-08-04 01:00:00,38.986,38.986,38.52,38.602,308696.63,2025-08-04 01:59:59.999,11953737.39622,41405,162342.08,6286995.4623900,0
2025-08-04 02:00:00,38.602,38.774,38.287,38.752,218742.52,2025-08-04 02:59:59.999,8431703.95109,33871,122625.85,4728013.7494600,0
2025-08-04 03:00:00,38.749,38.769,38.245,38.266,112801.79,2025-08-04 03:59:59.999,4335398.65271,22839,46289.05,1778338.5253000,0
2025-08-04 04:00:00,38.265,38.435,37.706,37.776,341483.91,2025-08-04 04:59:59.999,12965540.07846,35047,124104.46,4716040.5501500,0
2025-08-04 05:00:00,37.777,37.897,37.554,37.862,140595.64,2025-08-04 05:59:59.999,5300784.83015,23937,66447.10,2505500.0851500,0
2025-08-04 06:00:00,37.86,37.982,37.669,37.964,97998.05,2025-08-04 06:59:59.999,3706597.92737,23877,56593.92,2140481.3979100,0
2025-08-04 07:00:00,37.962,38.476,37.954,38.338,183607.89,2025-08-04 07:59:59.999,7021769.40994,30508,109480.18,4184178.2379100,0
2025-08-04 08:00:00,38.338,38.498,37.964,38.046,187823.03,2025-08-04 08:59:59.999,7189582.01034,37244,84162.89,3223218.9021600,0
2025-08-04 09:00:00,38.048,38.286,37.554,37.634,384924.13,2025-08-04 09:59:59.999,14604474.37121,46504,156942.57,5958885.6422500,0
2025-08-04 10:00:00,37.635,37.753,37.36,37.502,301903.09,2025-08-04 10:59:59.999,11343977.94052,38654,125086.67,4701624.8660300,0
2025-08-04 11:00:00,37.504,37.601,37.248,37.569,187118.38,2025-08-04 11:59:59.999,7002971.52188,28613,91080.28,3409561.4626300,0
2025-08-04 12:00:00,37.569,37.918,37.5,37.859,197895.16,2025-08-04 12:59:59.999,7465848.90388,30927,104591.61,3945024.8921900,0
2025-08-04 13:00:00,37.859,38.549,37.648,38.532,412576.23,2025-08-04 13:59:59.999,15717964.68327,48225,223643.17,8523541.2665200,0
2025-08-04 14:00:00,38.532,38.977,38.17,38.347,744211.98,2025-08-04 14:59:59.999,28747676.11353,80041,347567.98,13426697.7913200,0
2025-08-04 15:00:00,38.349,38.501,37.952,38.362,247037.76,2025-08-04 15:59:59.999,9447355.78158,40244,124149.16,4751660.9506900,0
2025-08-04 16:00:00,38.363,38.938,38.319,38.907,388709.62,2025-08-04 16:59:59.999,15022379.04671,50399,191240.59,7393411.4708500,0
2025-08-04 17:00:00,38.907,39.462,38.453,38.536,797052.79,2025-08-04 17:59:59.999,31118189.3352,71509,367588.48,14360701.3854900,0
2025-08-04 18:00:00,38.535,38.787,37.984,38.024,418638.69,2025-08-04 18:59:59.999,16091290.76159,42891,214121.17,8236145.5427200,0
2025-08-04 19:00:00,38.024,38.179,37.604,37.668,448080.15,2025-08-04 19:59:59.999,16959763.19371,39178,219579.81,8314932.1911800,0
2025-08-04 20:00:00,37.669,38.314,37.522,38.017,451327.55,2025-08-04 20:59:59.999,17142390.54186,43133,239714.13,9099171.9117400,0
2025-08-04 21:00:00,38.017,38.762,38.007,38.711,274574.24,2025-08-04 21:59:59.999,10558733.37752,33678,164598.49,6327903.8615500,0
2025-08-04 22:00:00,38.714,39.048,38.674,39.031,188416.3,2025-08-04 22:59:59.999,7320981.35831,30842,90720.04,3525850.6515900,0
2025-08-04 23:00:00,39.03,39.044,38.658,38.804,150589.51,2025-08-04 23:59:59.999,5848988.92535,23144,62343.99,2421425.9045200,0
2025-08-05 00:00:00,38.803,38.881,38.389,38.809,290063.38,2025-08-05 00:59:59.999,11214298.44544,39433,140412.32,5431848.8630300,0
2025-08-05 01:00:00,38.809,38.989,38.584,38.642,183020.97,2025-08-05 01:59:59.999,7103836.85449,33348,82649.52,3208760.4464800,0
2025-08-05 02:00:00,38.643,38.822,38.338,38.801,208512.32,2025-08-05 02:59:59.999,8037604.81889,26313,86907.60,3351340.6122200,0
2025-08-05 03:00:00,38.803,39.056,38.33,38.438,339838.01,2025-08-05 03:59:59.999,13150909.29311,38516,163417.71,6324707.4353900,0
2025-08-05 04:00:00,38.438,38.707,38.013,38.282,243687.33,2025-08-05 04:59:59.999,9335194.43184,32185,118360.54,4532495.5938400,0
2025-08-05 05:00:00,38.28,38.856,38.236,38.834,209654.32,2025-08-05 05:59:59.999,8084480.58232,28662,110644.71,4267447.9301400,0
2025-08-05 06:00:00,38.834,39.264,38.592,38.714,416264.94,2025-08-05 06:59:59.999,16233841.96302,51727,177676.77,6928397.7236500,0
2025-08-05 07:00:00,38.708,38.944,38.193,38.265,260402.48,2025-08-05 07:59:59.999,10024270.56297,37812,128792.90,4958381.3716300,0
2025-08-05 08:00:00,38.264,38.393,38.031,38.253,243119.36,2025-08-05 08:59:59.999,9287922.52005,36861,120619.34,4608276.0973300,0
2025-08-05 09:00:00,38.251,39.438,38.222,39.392,365361.29,2025-08-05 09:59:59.999,14234956.26249,41206,174862.62,6811150.6409700,0
2025-08-05 10:00:00,39.392,39.704,39.065,39.104,518458.89,2025-08-05 10:59:59.999,20410122.754,50038,228204.08,8987563.7843800,0
2025-08-05 11:00:00,39.104,39.705,38.985,39.692,246823.49,2025-08-05 11:59:59.999,9727967.67122,37254,122903.80,4843620.4974200,0
2025-08-05 12:00:00,39.69,39.796,38.942,39.228,471750.65,2025-08-05 12:59:59.999,18570538.01197,61839,221735.53,8732443.9060500,0
2025-08-05 13:00:00,39.229,39.868,38.941,39.822,384440.77,2025-08-05 13:59:59.999,15122062.59011,57333,199690.54,7859028.0968900,0
2025-08-05 14:00:00,39.828,39.868,38.475,38.917,831014.81,2025-08-05 14:59:59.999,32312816.70836,104778,397640.23,15454115.7847000,0
2025-08-05 15:00:00,38.919,39.301,38.088,38.108,716616.9,2025-08-05 15:59:59.999,27725538.67049,91925,335128.84,12966735.1323000,0
2025-08-05 16:00:00,38.107,38.559,37.963,38.474,423721.01,2025-08-05 16:59:59.999,16215858.90516,56214,216868.65,8300311.1275600,0
2025-08-05 17:00:00,38.475,38.929,38.298,38.77,242675.57,2025-08-05 17:59:59.999,9377222.49801,41166,110194.12,4258026.1968100,0
2025-08-05 18:00:00,38.772,38.938,38.498,38.6,212070.64,2025-08-05 18:59:59.999,8207764.94499,38410,95314.89,3688762.6914400,0
2025-08-05 19:00:00,38.597,38.777,37.724,38.069,403794.15,2025-08-05 19:59:59.999,15418602.28316,46259,182318.04,6963682.3336500,0
2025-08-05 20:00:00,38.069,38.397,37.759,37.862,241628.67,2025-08-05 20:59:59.999,9202105.56374,35657,114981.33,4378577.2774300,0
2025-08-05 21:00:00,37.865,38.272,37.714,37.716,172403.15,2025-08-05 21:59:59.999,6556309.31806,26649,84733.31,3222560.1327500,0
2025-08-05 22:00:00,37.718,38.282,37.372,38.247,327784.87,2025-08-05 22:59:59.999,12399532.04731,43428,163011.09,6167951.0810400,0
2025-08-05 23:00:00,38.249,38.621,38.249,38.497,308787.51,2025-08-05 23:59:59.999,11875163.13409,45737,131941.87,5072314.8998900,0
2025-08-06 00:00:00,38.497,38.568,37.921,37.955,200453.38,2025-08-06 00:59:59.999,7669184.78881,29490,92530.58,3539814.0695100,0
2025-08-06 01:00:00,37.952,37.952,37.2,37.57,407507.6,2025-08-06 01:59:59.999,15294296.75463,44046,177586.79,6667596.0166400,0
2025-08-06 02:00:00,37.569,37.692,37.257,37.291,156219.4,2025-08-06 02:59:59.999,5855836.18381,23270,83005.42,3112647.6791400,0
2025-08-06 03:00:00,37.291,37.44,37.037,37.254,237120.81,2025-08-06 03:59:59.999,8827843.9529,32260,115204.31,4289780.8949600,0
2025-08-06 04:00:00,37.253,37.336,37.01,37.017,161142.48,2025-08-06 04:59:59.999,5983963.75169,24966,76521.64,2842025.0142700,0
2025-08-06 05:00:00,37.017,37.633,36.855,37.299,482712.66,2025-08-06 05:59:59.999,18013952.38674,46580,224519.38,8381359.1227400,0
2025-08-06 06:00:00,37.3,37.613,37.157,37.489,194426.75,2025-08-06 06:59:59.999,7269774.18809,27440,103000.26,3850344.7371200,0
2025-08-06 07:00:00,37.49,37.838,37.348,37.831,234239.09,2025-08-06 07:59:59.999,8823175.50843,30674,111389.69,4194664.1567800,0
2025-08-06 08:00:00,37.831,37.852,37.32,37.471,158015.0,2025-08-06 08:59:59.999,5937677.96232,26398,76544.70,2874801.9138900,0
2025-08-06 09:00:00,37.471,37.772,37.339,37.388,192589.96,2025-08-06 09:59:59.999,7231503.26563,24736,93119.11,3494645.7039300,0
2025-08-06 10:00:00,37.388,37.512,37.154,37.229,173585.61,2025-08-06 10:59:59.999,6480164.59644,24280,81728.38,3051112.0115700,0
2025-08-06 11:00:00,37.231,37.636,37.171,37.479,115362.99,2025-08-06 11:59:59.999,4317890.13823,20802,60213.63,2253120.9017900,0
2025-08-06 12:00:00,37.479,37.664,37.277,37.532,201350.64,2025-08-06 12:59:59.999,7542924.08016,26361,104279.60,3906862.3216700,0
2025-08-06 13:00:00,37.535,38.01,37.478,37.996,389110.02,2025-08-06 13:59:59.999,14693125.25951,47490,196941.06,7436682.9531000,0
2025-08-06 14:00:00,37.994,38.478,37.848,38.475,478764.71,2025-08-06 14:59:59.999,18280833.69547,51981,221373.58,8448529.1070500,0
2025-08-06 15:00:00,38.475,38.867,38.113,38.802,472768.66,2025-08-06 15:59:59.999,18212888.77539,51589,256204.19,9870646.8550200,0
2025-08-06 16:00:00,38.8,38.822,38.28,38.704,258658.16,2025-08-06 16:59:59.999,9970370.79574,36563,123069.42,4744480.0208500,0
2025-08-06 17:00:00,38.697,39.047,38.65,38.839,198949.13,2025-08-06 17:59:59.999,7727398.37955,31585,108786.37,4226782.5529900,0
2025-08-06 18:00:00,38.84,39.258,38.31,38.6,497015.12,2025-08-06 18:59:59.999,19261073.55472,57283,211050.68,8179258.9763400,0
2025-08-06 19:00:00,38.6,38.637,38.224,38.372,118921.14,2025-08-06 19:59:59.999,4567651.87029,22732,55497.15,2132187.4277500,0
2025-08-06 20:00:00,38.369,38.393,38.093,38.163,144817.13,2025-08-06 20:59:59.999,5534665.74011,18557,58232.44,2225984.3694800,0
2025-08-06 21:00:00,38.163,38.292,37.892,38.093,113215.96,2025-08-06 21:59:59.999,4312451.98055,18752,54832.78,2090038.7552500,0
2025-08-06 22:00:00,38.094,38.234,38.01,38.071,86101.35,2025-08-06 22:59:59.999,3282064.86535,16231,41658.11,1587892.9556000,0
2025-08-06 23:00:00,38.077,38.1,37.942,38.079,60008.98,2025-08-06 23:59:59.999,2281207.55522,11033,31601.36,1201186.3867300,0
2025-08-07 00:00:00,38.077,38.142,37.92,37.92,93510.33,2025-08-07 00:59:59.999,3555300.78468,16182,50370.40,1915515.2253300,0
2025-08-07 01:00:00,37.921,38.234,37.917,37.936,113067.46,2025-08-07 01:59:59.999,4306529.25261,17367,61198.70,2330768.6510000,0
2025-08-07 02:00:00,37.935,38.1,37.825,37.913,96597.54,2025-08-07 02:59:59.999,3668080.47791,16871,46703.96,1773814.8360900,0
2025-08-07 03:00:00,37.909,37.961,37.577,37.68,130001.27,2025-08-07 03:59:59.999,4906653.50886,21561,55168.88,2082353.8275700,0
2025-08-07 04:00:00,37.68,37.844,37.664,37.742,60688.86,2025-08-07 04:59:59.999,2291237.87191,15319,30191.39,1139870.3388200,0
2025-08-07 05:00:00,37.742,38.076,37.735,38.074,102414.3,2025-08-07 05:59:59.999,3883870.31804,16549,59512.30,2256548.6464000,0
2025-08-07 06:00:00,38.074,38.2,37.98,38.069,91887.67,2025-08-07 06:59:59.999,3499668.89338,19963,39131.38,1490298.7449300,0
2025-08-07 07:00:00,38.069,38.212,37.846,37.94,84044.96,2025-08-07 07:59:59.999,3196000.45172,15610,40831.48,1553133.5311400,0
2025-08-07 08:00:00,37.94,38.344,37.909,37.954,213562.09,2025-08-07 08:59:59.999,8134705.40072,24366,94632.61,3605123.8181300,0
2025-08-07 09:00:00,37.955,38.05,37.809,38.038,86101.43,2025-08-07 09:59:59.999,3263621.3631,16173,39065.75,1480966.5486000,0
2025-08-07 10:00:00,38.035,39.116,37.99,39.067,461991.45,2025-08-07 10:59:59.999,17851230.02964,45702,240192.72,9283139.3095100,0
2025-08-07 11:00:00,39.068,39.43,39.009,39.183,394026.91,2025-08-07 11:59:59.999,15455580.69333,42041,189808.92,7448900.6678900,0
2025-08-07 12:00:00,39.183,39.339,38.791,38.97,348450.55,2025-08-07 12:59:59.999,13634298.42323,40270,163703.19,6407321.7238800,0
2025-08-07 13:00:00,38.97,39.427,38.951,39.422,233147.13,2025-08-07 13:59:59.999,9130055.86011,34018,124353.31,4871052.3300200,0
2025-08-07 14:00:00,39.42,39.626,39.088,39.559,388034.49,2025-08-07 14:59:59.999,15285995.16307,46488,205407.11,8093845.3798600,0
2025-08-07 15:00:00,39.559,39.634,39.29,39.55,179786.43,2025-08-07 15:59:59.999,7100168.70873,32576,91661.03,3621641.4395500,0
2025-08-07 16:00:00,39.548,39.686,38.634,39.2,373564.94,2025-08-07 16:59:59.999,14608612.36714,44841,158788.08,6208833.4163100,0
2025-08-07 17:00:00,39.201,39.504,38.999,39.175,358140.46,2025-08-07 17:59:59.999,14061785.79148,41880,169727.89,6665693.4210100,0
2025-08-07 18:00:00,39.176,39.274,38.822,39.222,147555.01,2025-08-07 18:59:59.999,5759623.06016,24466,81288.75,3173114.0662600,0
2025-08-07 19:00:00,39.222,39.885,39.222,39.87,331066.67,2025-08-07 19:59:59.999,13103261.08554,40611,165691.45,6556303.2585900,0
2025-08-07 20:00:00,39.87,40.243,39.597,40.012,315098.37,2025-08-07 20:59:59.999,12585976.04412,40806,156541.82,6254381.1972700,0
2025-08-07 21:00:00,40.014,40.438,39.955,40.213,228182.44,2025-08-07 21:59:59.999,9175433.76173,31998,101406.06,4077511.2412000,0
2025-08-07 22:00:00,40.214,40.704,40.108,40.692,225627.03,2025-08-07 22:59:59.999,9120974.14296,34188,129826.13,5248791.7303600,0
2025-08-07 23:00:00,40.688,40.983,40.561,40.897,283223.49,2025-08-07 23:59:59.999,11547058.83202,32240,154511.39,6298379.7362300,0
2025-08-08 00:00:00,40.897,41.205,40.518,40.706,432941.93,2025-08-08 00:59:59.999,17681326.22339,48981,207762.44,8489412.1524500,0
2025-08-08 01:00:00,40.707,40.986,40.553,40.64,218687.2,2025-08-08 01:59:59.999,8907514.16991,30206,109520.53,4460655.0991000,0
2025-08-08 02:00:00,40.64,41.012,40.369,40.948,183295.53,2025-08-08 02:59:59.999,7454227.80765,21797,87659.06,3567583.5007300,0
2025-08-08 03:00:00,40.946,41.14,40.738,40.857,213276.14,2025-08-08 03:59:59.999,8735027.29149,25654,87102.56,3567667.9279800,0
2025-08-08 04:00:00,40.856,41.243,40.652,40.817,220533.19,2025-08-08 04:59:59.999,9029046.56041,26734,90542.91,3708037.4172500,0
2025-08-08 05:00:00,40.817,40.897,40.296,40.309,220885.88,2025-08-08 05:59:59.999,8958706.20068,29955,71137.10,2888632.6412900,0
2025-08-08 06:00:00,40.309,40.528,40.11,40.522,232585.78,2025-08-08 06:59:59.999,9368236.93478,31686,86176.72,3473891.1062200,0
2025-08-08 07:00:00,40.522,40.795,40.311,40.766,128207.76,2025-08-08 07:59:59.999,5205951.13574,23627,76241.38,3096277.7569500,0
2025-08-08 08:00:00,40.766,40.965,40.52,40.624,139647.42,2025-08-08 08:59:59.999,5688047.47349,25218,67255.47,2739640.6912500,0
2025-08-08 09:00:00,40.622,40.845,40.443,40.821,91867.27,2025-08-08 09:59:59.999,3728421.0624,18803,44952.00,1824988.5324600,0
2025-08-08 10:00:00,40.821,41.033,40.716,40.998,121817.65,2025-08-08 10:59:59.999,4980551.37179,21325,60731.01,2483272.3622700,0
2025-08-08 11:00:00,40.999,41.505,40.917,41.436,227572.05,2025-08-08 11:59:59.999,9399751.11262,34534,111301.15,4598570.3494600,0
2025-08-08 12:00:00,41.435,41.463,41.021,41.183,174040.16,2025-08-08 12:59:59.999,7168730.43384,29521,74739.65,3078782.4876200,0
2025-08-08 13:00:00,41.181,41.708,41.129,41.51,320306.58,2025-08-08 13:59:59.999,13278242.21769,44749,154507.67,6404361.6288900,0
2025-08-08 14:00:00,41.509,41.756,40.823,41.032,343928.27,2025-08-08 14:59:59.999,14161500.72074,51684,171089.49,7041672.2433000,0
2025-08-08 15:00:00,41.039,41.048,40.486,40.589,271333.24,2025-08-08 15:59:59.999,11051333.59047,39817,130838.00,5331265.4949800,0
2025-08-08 16:00:00,40.59,40.807,40.257,40.475,263043.8,2025-08-08 16:59:59.999,10661978.18252,36002,112203.56,4549318.9953200,0
2025-08-08 17:00:00,40.476,41.39,40.462,41.377,297246.05,2025-08-08 17:59:59.999,12171011.16349,32666,173475.52,7107047.8846200,0
2025-08-08 18:00:00,41.38,41.669,40.758,41.028,603618.71,2025-08-08 18:59:59.999,24922850.97422,53080,296662.47,12253258.4606800,0
2025-08-08 19:00:00,41.03,41.176,40.611,40.69,167118.28,2025-08-08 19:59:59.999,6827024.40319,25795,75328.61,3077384.5534700,0
2025-08-08 20:00:00,40.693,41.096,40.6,41.019,185771.94,2025-08-08 20:59:59.999,7588428.13623,27774,103583.87,4230552.7283400,0
2025-08-08 21:00:00,41.016,41.135,40.852,41.056,60769.69,2025-08-08 21:59:59.999,2493536.00279,14800,28245.82,1159146.1860200,0
2025-08-08 22:00:00,41.054,41.22,40.908,41.168,101236.84,2025-08-08 22:59:59.999,4163351.91743,19140,50594.94,2081135.0342400,0
2025-08-08 23:00:00,41.168,41.252,40.944,40.992,66880.1,2025-08-08 23:59:59.999,2748404.22702,13980,30483.71,1252946.0912500,0
2025-08-09 00:00:00,40.992,41.047,40.555,40.616,165617.44,2025-08-09 00:59:59.999,6751218.95702,24228,75718.38,3086939.9721700,0
2025-08-09 01:00:00,40.611,41.025,40.546,41.014,105890.47,2025-08-09 01:59:59.999,4316644.76808,18635,62271.03,2537894.3439300,0
2025-08-09 02:00:00,41.014,41.23,40.951,41.121,81917.99,2025-08-09 02:59:59.999,3366143.42206,16350,29148.76,1197591.8938000,0
2025-08-09 03:00:00,41.121,41.239,40.814,40.962,181664.67,2025-08-09 03:59:59.999,7455364.38326,23591,59230.00,2432268.7592800,0
2025-08-09 04:00:00,40.959,41.249,40.863,41.237,117845.04,2025-08-09 04:59:59.999,4840172.96014,22279,56712.71,2328995.2206500,0
2025-08-09 05:00:00,41.241,41.995,41.193,41.801,525310.28,2025-08-09 05:59:59.999,21891953.48026,55631,240074.04,10004958.1486500,0
2025-08-09 06:00:00,41.801,41.907,41.327,41.895,247328.42,2025-08-09 06:59:59.999,10283213.9313,31261,127962.57,5321761.4751400,0
2025-08-09 07:00:00,41.894,42.654,41.826,42.65,302464.53,2025-08-09 07:59:59.999,12784685.26573,33535,180933.30,7647289.2973600,0
2025-08-09 08:00:00,42.649,43.384,42.635,43.087,455737.64,2025-08-09 08:59:59.999,19604633.0158,52486,244338.84,10511115.0584500,0
2025-08-09 09:00:00,43.086,43.479,42.758,43.449,313307.06,2025-08-09 09:59:59.999,13504964.88743,42502,163255.10,7043147.0031200,0
2025-08-09 10:00:00,43.449,43.771,43.271,43.406,467550.74,2025-08-09 10:59:59.999,20371344.7155,55810,239269.39,10427971.9995200,0
2025-08-09 11:00:00,43.405,43.714,43.24,43.323,300088.33,2025-08-09 11:59:59.999,13034054.41557,42036,133216.43,5788999.5895100,0
2025-08-09 12:00:00,43.324,43.979,43.121,43.825,376973.19,2025-08-09 12:59:59.999,16435039.58825,42545,208588.94,9092194.3328000,0
2025-08-09 13:00:00,43.826,43.931,43.467,43.632,313843.05,2025-08-09 13:59:59.999,13715559.81235,40286,165830.38,7248777.9921400,0
2025-08-09 14:00:00,43.63,43.993,43.281,43.853,287916.57,2025-08-09 14:59:59.999,12588456.93667,39887,128423.62,5615941.1336000,0
2025-08-09 15:00:00,43.853,44.071,43.592,43.634,193527.1,2025-08-09 15:59:59.999,8481591.67162,35904,98174.36,4304514.4845300,0
2025-08-09 16:00:00,43.633,43.89,43.371,43.808,235277.93,2025-08-09 16:59:59.999,10274174.42996,33726,115580.87,5048164.7187700,0
2025-08-09 17:00:00,43.807,44.121,43.481,43.577,330408.06,2025-08-09 17:59:59.999,14486111.05185,41176,152889.31,6704500.7741800,0
2025-08-09 18:00:00,43.575,43.886,43.504,43.719,165167.73,2025-08-09 18:59:59.999,7222084.97731,28909,86472.89,3781335.1730900,0
2025-08-09 19:00:00,43.719,44.046,43.593,43.894,168673.42,2025-08-09 19:59:59.999,7397037.86367,28626,85491.93,3748552.2592000,0
2025-08-09 20:00:00,43.893,44.479,43.84,44.457,216233.94,2025-08-09 20:59:59.999,9545346.36813,38013,125230.44,5529249.4269900,0
2025-08-09 21:00:00,44.456,44.741,43.891,44.269,307070.34,2025-08-09 21:59:59.999,13613189.95837,46000,163529.87,7251394.7739000,0
2025-08-09 22:00:00,44.269,44.469,43.954,44.071,190226.21,2025-08-09 22:59:59.999,8412638.20344,31585,78527.54,3473519.7659900,0
2025-08-09 23:00:00,44.07,44.158,43.622,43.666,228702.46,2025-08-09 23:59:59.999,10018138.84345,31448,89803.88,3932957.1653200,0
2025-08-10 00:00:00,43.666,44.037,43.636,44.011,99797.36,2025-08-10 00:59:59.999,4373133.05141,22448,55358.45,2426145.7976700,0
2025-08-10 01:00:00,44.01,44.085,43.732,43.907,107846.71,2025-08-10 01:59:59.999,4738098.13701,23636,48981.75,2152020.6939800,0
2025-08-10 02:00:00,43.908,44.153,43.847,44.008,142353.99,2025-08-10 02:59:59.999,6265436.17348,26544,72182.31,3176609.2451200,0
2025-08-10 03:00:00,44.014,44.547,43.944,44.255,281753.73,2025-08-10 03:59:59.999,12481049.18414,38869,143301.08,6347635.3936700,0
2025-08-10 04:00:00,44.256,44.494,44.093,44.466,126424.51,2025-08-10 04:59:59.999,5603961.22382,24615,62416.89,2766609.2257200,0
2025-08-10 05:00:00,44.461,44.476,43.598,43.82,257012.82,2025-08-10 05:59:59.999,11280991.98299,34649,126240.83,5541726.5047600,0
2025-08-10 06:00:00,43.82,43.872,43.312,43.68,297404.47,2025-08-10 06:59:59.999,12942928.9394,44635,122621.69,5337514.5479900,0
2025-08-10 07:00:00,43.681,43.832,43.154,43.177,216224.61,2025-08-10 07:59:59.999,9390056.6914,32309,91699.38,3982661.3643200,0
2025-08-10 08:00:00,43.177,43.568,42.813,43.373,329122.75,2025-08-10 08:59:59.999,14200197.07828,43205,151205.50,6522891.3025000,0
2025-08-10 09:00:00,43.373,43.777,43.373,43.708,106978.13,2025-08-10 09:59:59.999,4664901.16022,21401,48379.09,2109187.7317600,0
2025-08-10 10:00:00,43.709,43.764,43.172,43.319,254568.82,2025-08-10 10:59:59.999,11049731.85703,28071,103270.93,4483594.6456500,0
2025-08-10 11:00:00,43.32,43.886,43.178,43.713,178528.37,2025-08-10 11:59:59.999,7781636.88734,28067,79383.21,3458544.4202200,0
2025-08-10 12:00:00,43.715,43.918,43.516,43.809,142776.52,2025-08-10 12:59:59.999,6244020.83939,26503,71006.80,3106099.5080600,0
2025-08-10 13:00:00,43.81,43.997,43.489,43.533,163192.69,2025-08-10 13:59:59.999,7149007.35818,27343,78512.89,3441462.1826100,0
2025-08-10 14:00:00,43.53,44.358,43.402,44.325,219512.09,2025-08-10 14:59:59.999,9650144.29305,31230,108871.47,4787682.0126700,0
2025-08-10 15:00:00,44.325,45.124,44.258,45.037,354502.7,2025-08-10 15:59:59.999,15869669.38279,46378,178624.83,7995097.3463200,0
2025-08-10 16:00:00,45.037,45.094,44.733,45.074,187174.76,2025-08-10 16:59:59.999,8410355.89456,33441,85930.85,3861513.0348300,0
2025-08-10 17:00:00,45.072,45.27,44.711,45.196,240441.8,2025-08-10 17:59:59.999,10825915.90681,34517,128468.40,5785416.8661600,0
2025-08-10 18:00:00,45.194,45.36,44.975,45.267,147889.28,2025-08-10 18:59:59.999,6679920.13521,24769,71659.95,3237564.3636400,0
2025-08-10 19:00:00,45.263,45.446,45.193,45.335,110014.98,2025-08-10 19:59:59.999,4989860.00353,22226,55208.23,2503864.5479400,0
2025-08-10 20:00:00,45.33,45.36,44.959,44.976,125413.29,2025-08-10 20:59:59.999,5660670.14032,23374,63444.44,2863787.5076800,0
2025-08-10 21:00:00,44.977,45.214,44.509,45.061,221644.84,2025-08-10 21:59:59.999,9933131.19254,31503,115651.56,5184570.3599600,0
2025-08-10 22:00:00,45.061,45.252,44.781,45.248,111810.26,2025-08-10 22:59:59.999,5032832.63282,22642,55304.32,2490410.6715400,0
2025-08-10 23:00:00,45.25,45.285,44.817,45.269,118669.16,2025-08-10 23:59:59.999,5351086.01195,21659,58415.03,2633782.0872300,0
2025-08-11 00:00:00,45.27,45.483,45.113,45.366,182766.5,2025-08-11 00:59:59.999,8278513.54469,28276,89565.92,4056679.5417200,0
2025-08-11 01:00:00,45.365,46.139,45.219,46.104,364015.56,2025-08-11 01:59:59.999,16631607.04696,45610,201835.38,9225558.9219000,0
2025-08-11 02:00:00,46.104,46.414,45.885,46.156,307303.57,2025-08-11 02:59:59.999,14180817.29526,43885,154272.25,7119405.5712000,0
2025-08-11 03:00:00,46.155,46.223,45.764,45.957,236242.69,2025-08-11 03:59:59.999,10864589.42674,33183,105072.35,4833359.5597300,0
2025-08-11 04:00:00,45.957,46.458,45.957,46.283,144268.34,2025-08-11 04:59:59.999,6670372.64067,24358,67846.03,3138234.4478200,0
2025-08-11 05:00:00,46.286,46.603,46.176,46.534,174163.31,2025-08-11 05:59:59.999,8082336.30866,26103,82027.05,3807471.1825300,0
2025-08-11 06:00:00,46.534,46.767,46.344,46.74,141431.51,2025-08-11 06:59:59.999,6583993.51614,23588,77555.09,3610791.5464900,0
2025-08-11 07:00:00,46.741,46.799,45.962,46.076,231227.04,2025-08-11 07:59:59.999,10723123.22263,33059,91481.24,4245494.9509300,0
2025-08-11 08:00:00,46.075,46.265,45.89,46.241,211534.78,2025-08-11 08:59:59.999,9743888.78816,30047,96807.83,4460022.6606400,0
2025-08-11 09:00:00,46.241,46.285,45.782,45.866,124512.73,2025-08-11 09:59:59.999,5721648.98453,21644,41163.00,1891900.1262200,0
2025-08-11 10:00:00,45.871,46.06,45.627,45.72,169838.96,2025-08-11 10:59:59.999,7774220.71846,29705,70850.07,3244918.8803700,0
2025-08-11 11:00:00,45.721,45.769,44.581,44.813,606861.16,2025-08-11 11:59:59.999,27348093.23523,62674,272977.27,12298903.1814700,0
2025-08-11 12:00:00,44.813,44.874,44.326,44.429,327320.98,2025-08-11 12:59:59.999,14597159.04216,50790,139799.01,6236053.0357200,0
2025-08-11 13:00:00,44.432,44.944,43.845,44.699,532090.54,2025-08-11 13:59:59.999,23640730.81364,65761,263484.57,11709284.3803700,0
2025-08-11 14:00:00,44.7,45.14,44.387,44.395,324392.44,2025-08-11 14:59:59.999,14520667.00938,45198,167646.83,7508018.8515100,0
2025-08-11 15:00:00,44.396,44.783,44.13,44.764,215616.24,2025-08-11 15:59:59.999,9575858.95228,34390,106328.54,4722842.2537300,0
2025-08-11 16:00:00,44.764,44.958,44.299,44.445,256424.86,2025-08-11 16:59:59.999,11463880.39617,33483,124145.13,5550459.1402000,0
2025-08-11 17:00:00,44.443,44.555,43.674,43.737,308940.84,2025-08-11 17:59:59.999,13589120.41225,41345,132654.82,5835121.4151700,0
2025-08-11 18:00:00,43.737,43.97,43.453,43.964,169384.85,2025-08-11 18:59:59.999,7405993.01459,27209,84910.54,3713868.8922800,0
2025-08-11 19:00:00,43.964,44.195,43.486,43.738,164132.27,2025-08-11 19:59:59.999,7194306.65744,25773,75726.28,3322631.7056000,0
2025-08-11 20:00:00,43.737,43.904,43.4,43.779,169726.75,2025-08-11 20:59:59.999,7407681.05093,24186,82604.11,3605988.3713000,0
2025-08-11 21:00:00,43.777,44.077,43.005,43.23,356518.19,2025-08-11 21:59:59.999,15493423.62078,40568,166728.68,7251380.2304000,0
2025-08-11 22:00:00,43.23,43.268,42.578,43.187,381916.14,2025-08-11 22:59:59.999,16396924.65653,47671,166109.16,7135773.4921900,0
2025-08-11 23:00:00,43.193,43.417,43.01,43.167,159415.99,2025-08-11 23:59:59.999,6888205.25585,25589,76499.56,3306114.8192700,0
2025-08-12 00:00:00,43.167,43.462,43.014,43.393,130442.57,2025-08-12 00:59:59.999,5642353.16248,25430,72254.11,3126320.1547900,0
2025-08-12 01:00:00,43.392,43.703,43.193,43.67,168809.95,2025-08-12 01:59:59.999,7350991.61598,26126,92258.93,4018504.3209900,0
2025-08-12 02:00:00,43.67,43.982,43.433,43.695,149043.21,2025-08-12 02:59:59.999,6521719.21715,23919,84094.23,3679979.1595300,0
2025-08-12 03:00:00,43.695,43.809,43.221,43.284,154685.71,2025-08-12 03:59:59.999,6717555.16827,26634,71801.05,3119081.2985800,0
2025-08-12 04:00:00,43.284,43.744,43.224,43.549,159719.71,2025-08-12 04:59:59.999,6942638.68622,26793,64063.32,2786342.7746700,0
2025-08-12 05:00:00,43.55,43.55,42.821,43.119,237518.29,2025-08-12 05:59:59.999,10245472.71117,31306,96569.28,4161474.5918600,0
2025-08-12 06:00:00,43.118,43.298,42.8,43.057,118945.26,2025-08-12 06:59:59.999,5127727.8106,23896,57401.86,2475718.0685600,0
2025-08-12 07:00:00,43.057,43.461,43.057,43.344,82776.7,2025-08-12 07:59:59.999,3587199.31989,17765,41276.62,1788927.6345500,0
2025-08-12 08:00:00,43.344,43.437,43.049,43.222,106899.77,2025-08-12 08:59:59.999,4622586.93296,20537,54126.19,2340596.9975500,0
2025-08-12 09:00:00,43.222,43.347,42.735,42.75,119048.8,2025-08-12 09:59:59.999,5121683.34684,22671,43871.06,1887801.9531200,0
2025-08-12 10:00:00,42.749,42.867,42.356,42.487,349735.83,2025-08-12 10:59:59.999,14892598.48553,38069,149928.86,6386237.0410900,0
2025-08-12 11:00:00,42.488,42.789,42.153,42.759,354671.25,2025-08-12 11:59:59.999,15058310.84484,42976,175717.23,7463316.5741400,0
2025-08-12 12:00:00,42.757,44.529,42.377,44.274,992013.88,2025-08-12 12:59:59.999,43431924.49203,104194,523816.90,22939571.3472700,0
2025-08-12 13:00:00,44.274,44.313,42.823,43.226,1011841.56,2025-08-12 13:59:59.999,44151527.193,104291,460976.91,20117438.6758800,0
2025-08-12 14:00:00,43.228,43.664,43.096,43.51,353972.53,2025-08-12 14:59:59.999,15384561.92827,56448,187013.46,8130881.5245500,0
2025-08-12 15:00:00,43.509,44.476,43.464,44.468,341011.54,2025-08-12 15:59:59.999,15029239.33737,45991,174891.10,7705791.9292900,0
2025-08-12 16:00:00,44.46,44.644,44.059,44.434,397832.07,2025-08-12 16:59:59.999,17661679.60153,50416,208007.92,9237611.4155700,0
2025-08-12 17:00:00,44.435,44.87,44.026,44.096,444800.58,2025-08-12 17:59:59.999,19805292.45127,49259,212491.64,9467066.7900400,0
2025-08-12 18:00:00,44.1,44.611,43.63,43.793,347364.23,2025-08-12 18:59:59.999,15334724.15001,43269,155813.13,6887520.1721900,0
2025-08-12 19:00:00,43.797,44.489,43.797,44.351,191324.26,2025-08-12 19:59:59.999,8463225.52555,26248,99795.43,4413394.5266400,0
2025-08-12 20:00:00,44.356,45.05,44.16,44.904,319233.09,2025-08-12 20:59:59.999,14267374.42335,40424,170707.18,7630409.1149400,0
2025-08-12 21:00:00,44.903,45.87,44.876,45.533,440268.47,2025-08-12 21:59:59.999,20005686.60297,47417,241324.46,10960052.0756200,0
2025-08-12 22:00:00,45.534,45.576,44.77,45.03,262675.35,2025-08-12 22:59:59.999,11848110.4673,37354,114173.34,5149713.4431400,0
2025-08-12 23:00:00,45.03,45.42,44.704,44.725,171632.97,2025-08-12 23:59:59.999,7740140.99481,26009,83392.89,3763257.4516600,0
2025-08-13 00:00:00,44.726,45.068,44.664,44.82,228157.6,2025-08-13 00:59:59.999,10232549.13922,29195,110549.78,4959047.5857600,0
2025-08-13 01:00:00,44.817,44.852,43.801,43.979,406313.83,2025-08-13 01:59:59.999,17941677.2387,47577,184954.63,8159546.9373100,0
2025-08-13 02:00:00,43.979,44.799,43.816,44.777,224819.37,2025-08-13 02:59:59.999,9973316.00744,32605,119095.44,5281768.3863300,0
2025-08-13 03:00:00,44.776,44.88,44.411,44.525,268390.9,2025-08-13 03:59:59.999,11985650.97651,37249,123695.86,5522738.3429800,0
2025-08-13 04:00:00,44.526,44.65,43.708,43.825,520876.34,2025-08-13 04:59:59.999,22987865.28046,56597,240620.01,10625781.8634800,0
2025-08-13 05:00:00,43.82,43.899,43.293,43.431,399571.3,2025-08-13 05:59:59.999,17428123.60854,47161,204205.78,8906933.7568000,0
2025-08-13 06:00:00,43.432,43.609,43.002,43.473,540148.91,2025-08-13 06:59:59.999,23409820.99801,63345,273483.84,11857051.9973000,0
2025-08-13 07:00:00,43.473,44.292,43.408,44.17,246058.38,2025-08-13 07:59:59.999,10768899.18066,37320,131885.64,5773088.6854700,0
2025-08-13 08:00:00,44.169,44.776,43.962,44.769,347370.32,2025-08-13 08:59:59.999,15442883.5702,45758,140481.74,6247171.1800300,0
2025-08-13 09:00:00,44.769,45.398,44.628,45.03,447643.87,2025-08-13 09:59:59.999,20190055.52552,60856,215915.39,9737835.9536400,0
2025-08-13 10:00:00,45.03,46.05,44.721,46.032,447033.4,2025-08-13 10:59:59.999,20290617.06279,49373,241500.64,10969530.9266500,0
2025-08-13 11:00:00,46.036,46.6,45.917,46.536,387636.68,2025-08-13 11:59:59.999,17949073.03678,48891,177700.89,8227901.5204000,0
2025-08-13 12:00:00,46.536,46.872,45.921,45.955,469213.52,2025-08-13 12:59:59.999,21783876.13718,70551,224825.32,10444836.7231800,0
2025-08-13 13:00:00,45.959,47.02,45.936,46.81,576747.28,2025-08-13 13:59:59.999,26863940.09852,83282,312712.98,14566043.7924200,0
2025-08-13 14:00:00,46.809,47.0,45.52,45.688,758030.22,2025-08-13 14:59:59.999,35078950.37406,89699,346301.36,16035056.1501200,0
2025-08-13 15:00:00,45.688,45.89,45.007,45.366,645485.4,2025-08-13 15:59:59.999,29276065.74723,77548,317029.11,14382649.2064800,0
2025-08-13 16:00:00,45.367,46.401,45.294,46.38,456845.41,2025-08-13 16:59:59.999,21005562.78995,59101,235590.85,10835927.2034200,0
2025-08-13 17:00:00,46.383,47.476,46.211,47.303,743877.34,2025-08-13 17:59:59.999,35015208.20577,90032,357203.57,16805617.9923300,0
2025-08-13 18:00:00,47.302,47.497,46.63,47.02,486020.29,2025-08-13 18:59:59.999,22840474.33038,68465,236295.60,11108423.8574200,0
2025-08-13 19:00:00,47.023,47.957,46.783,47.848,483884.75,2025-08-13 19:59:59.999,22951798.95765,60750,263617.33,12508522.4026600,0
2025-08-13 20:00:00,47.843,48.021,46.632,46.729,619289.97,2025-08-13 20:59:59.999,29281380.78528,76767,274997.86,13008900.8078800,0
2025-08-13 21:00:00,46.725,47.312,46.323,46.616,329075.56,2025-08-13 21:59:59.999,15402606.59846,48850,162228.68,7594898.7314800,0
2025-08-13 22:00:00,46.614,47.603,46.534,47.06,270011.35,2025-08-13 22:59:59.999,12727306.15116,43401,126284.74,5950413.6935800,0
2025-08-13 23:00:00,47.057,47.889,47.046,47.631,203170.49,2025-08-13 23:59:59.999,9654561.32563,34037,100511.56,4776575.8197200,0
2025-08-14 00:00:00,47.628,48.068,47.331,47.461,276295.06,2025-08-14 00:59:59.999,13178698.00958,45630,127527.60,6083802.7763300,0
2025-08-14 01:00:00,47.464,47.708,47.159,47.338,190759.78,2025-08-14 01:59:59.999,9046228.01871,33162,88750.08,4209963.9545900,0
2025-08-14 02:00:00,47.337,47.938,47.096,47.845,182377.97,2025-08-14 02:59:59.999,8667413.60355,32121,85807.41,4078131.2729600,0
2025-08-14 03:00:00,47.845,48.746,47.698,48.545,311554.69,2025-08-14 03:59:59.999,15065278.70338,46372,159906.92,7733585.5984200,0
2025-08-14 04:00:00,48.545,48.88,47.791,47.801,355420.57,2025-08-14 04:59:59.999,17207146.62865,45788,171094.28,8279168.2701000,0
2025-08-14 05:00:00,47.8,48.142,47.521,47.636,206203.33,2025-08-14 05:59:59.999,9854084.21037,33267,105280.76,5034359.2027400,0
2025-08-14 06:00:00,47.635,47.651,46.492,47.474,705043.4,2025-08-14 06:59:59.999,33169327.52874,72857,355531.21,16717306.2881900,0
2025-08-14 07:00:00,47.47,47.596,46.636,46.852,342795.94,2025-08-14 07:59:59.999,16097536.15883,46803,170120.12,7986804.9801000,0
2025-08-14 08:00:00,46.852,46.916,46.283,46.407,228897.37,2025-08-14 08:59:59.999,10664178.67793,41430,97110.08,4525230.8382000,0
2025-08-14 09:00:00,46.409,47.218,46.0,47.182,343860.08,2025-08-14 09:59:59.999,16019786.64711,44861,153856.98,7178836.3145300,0
2025-08-14 10:00:00,47.182,47.33,46.356,46.785,367255.65,2025-08-14 10:59:59.999,17222699.47016,43646,155763.63,7303976.4818300,0
2025-08-14 11:00:00,46.785,47.27,46.703,47.158,203471.44,2025-08-14 11:59:59.999,9564283.30297,30879,96945.25,4557579.1867400,0
2025-08-14 12:00:00,47.152,47.402,43.75,44.995,1963882.86,2025-08-14 12:59:59.999,89201671.79931,192715,917224.89,41645932.3390100,0
2025-08-14 13:00:00,44.998,46.351,43.627,45.978,1831219.87,2025-08-14 13:59:59.999,82378042.35693,198808,900419.02,40534880.0266900,0
2025-08-14 14:00:00,45.978,46.658,45.404,46.03,813230.19,2025-08-14 14:59:59.999,37472230.42784,87268,378304.06,17426900.8925700,0
2025-08-14 15:00:00,46.026,46.127,44.511,44.713,820697.78,2025-08-14 15:59:59.999,37057786.94991,81132,380905.24,17203058.3016100,0
2025-08-14 16:00:00,44.712,45.029,44.086,44.827,848807.12,2025-08-14 16:59:59.999,37844869.99187,90130,422963.35,18866686.9058500,0
2025-08-14 17:00:00,44.832,45.586,44.449,45.315,537201.78,2025-08-14 17:59:59.999,24192331.72202,63652,265163.05,11948042.4917100,0
2025-08-14 18:00:00,45.315,45.756,44.602,45.67,388994.12,2025-08-14 18:59:59.999,17614533.71951,52517,178903.92,8101653.2614600,0
2025-08-14 19:00:00,45.676,46.49,45.586,45.676,399320.14,2025-08-14 19:59:59.999,18374485.28057,49104,204759.73,9423419.8715200,0
2025-08-14 20:00:00,45.663,46.386,45.514,46.076,339204.45,2025-08-14 20:59:59.999,15608940.98999,43011,167578.17,7709860.9686200,0
2025-08-14 21:00:00,46.076,46.076,44.146,44.805,1009643.66,2025-08-14 21:59:59.999,45371321.05702,102862,457995.00,20588661.3180300,0
2025-08-14 22:00:00,44.805,45.241,44.653,45.038,442909.8,2025-08-14 22:59:59.999,19892621.49779,60050,177373.26,7968843.0233700,0
2025-08-14 23:00:00,45.038,45.763,44.97,45.442,243806.48,2025-08-14 23:59:59.999,11086461.49266,30739,123378.65,5609203.8231300,0
2025-08-15 00:00:00,45.441,46.466,45.309,45.879,494725.86,2025-08-15 00:59:59.999,22714777.07079,58757,244447.75,11228968.6065000,0
2025-08-15 01:00:00,45.876,47.255,45.751,47.164,476634.53,2025-08-15 01:59:59.999,22239280.09272,55830,239141.01,11164376.6493900,0
2025-08-15 02:00:00,47.163,48.764,46.842,48.634,831089.25,2025-08-15 02:59:59.999,39786350.58568,81688,452256.53,21662036.0157000,0
2025-08-15 03:00:00,48.636,49.542,48.402,49.507,915885.88,2025-08-15 03:59:59.999,44776980.33286,95993,452666.65,22147428.0803700,0
2025-08-15 04:00:00,49.507,49.564,48.45,48.635,744572.77,2025-08-15 04:59:59.999,36531246.81762,89802,331488.05,16274897.4428500,0
2025-08-15 05:00:00,48.633,48.81,48.046,48.484,541957.31,2025-08-15 05:59:59.999,26213627.80821,64228,246005.99,11903956.8172600,0
2025-08-15 06:00:00,48.484,48.906,48.301,48.519,378181.86,2025-08-15 06:59:59.999,18394817.6803,54630,205028.21,9973749.8340700,0
2025-08-15 07:00:00,48.511,48.827,47.96,48.339,275747.51,2025-08-15 07:59:59.999,13330910.56959,40809,120861.07,5844734.5584100,0
2025-08-15 08:00:00,48.339,49.15,48.264,48.998,362439.42,2025-08-15 08:59:59.999,17692343.58592,48331,190028.45,9279597.9418200,0
2025-08-15 09:00:00,48.997,49.052,48.016,48.229,409398.99,2025-08-15 09:59:59.999,19851988.47042,52157,166229.65,8056217.1728900,0
2025-08-15 10:00:00,48.235,48.7,48.162,48.342,267820.98,2025-08-15 10:59:59.999,12964031.09576,34929,125573.06,6079211.4401900,0
2025-08-15 11:00:00,48.342,48.754,48.04,48.306,415032.82,2025-08-15 11:59:59.999,20092313.46154,49355,172833.28,8368556.1131400,0
2025-08-15 12:00:00,48.307,48.59,47.766,48.468,821895.41,2025-08-15 12:59:59.999,39630550.37835,83874,350423.00,16904609.3557600,0
2025-08-15 13:00:00,48.466,48.693,47.481,47.635,912113.86,2025-08-15 13:59:59.999,43812332.38645,102894,379739.23,18238737.0262100,0
2025-08-15 14:00:00,47.631,48.153,46.238,46.561,1149077.85,2025-08-15 14:59:59.999,54173645.93492,119228,507513.46,23930638.2344600,0
2025-08-15 15:00:00,46.562,46.969,45.598,46.302,1234744.7,2025-08-15 15:59:59.999,57133540.72119,135174,590652.07,27345936.1255700,0
2025-08-15 16:00:00,46.303,47.113,45.907,46.81,763376.81,2025-08-15 16:59:59.999,35553070.23533,88514,388720.13,18113022.2635900,0
2025-08-15 17:00:00,46.811,47.2,46.224,46.76,448504.06,2025-08-15 17:59:59.999,20952890.5229,67778,231060.19,10798293.7171500,0
2025-08-15 18:00:00,46.762,46.906,45.919,46.11,462209.03,2025-08-15 18:59:59.999,21399832.16394,55569,223329.88,10344406.3515400,0
2025-08-15 19:00:00,46.114,46.546,45.944,46.195,222607.86,2025-08-15 19:59:59.999,10285864.42618,38245,112399.31,5193428.9262700,0
2025-08-15 20:00:00,46.195,47.264,45.997,47.02,341425.23,2025-08-15 20:59:59.999,15999971.18357,54344,170437.96,7987816.3600800,0
2025-08-15 21:00:00,47.032,47.812,46.736,47.803,379975.83,2025-08-15 21:59:59.999,17964870.11885,46827,202215.36,9564573.9065000,0
2025-08-15 22:00:00,47.791,48.474,47.612,48.438,425801.54,2025-08-15 22:59:59.999,20424194.53115,59270,233362.26,11195881.9021300,0
2025-08-15 23:00:00,48.438,48.559,47.476,47.795,390088.69,2025-08-15 23:59:59.999,18647262.55931,54461,170336.12,8141849.5804500,0
2025-08-16 00:00:00,47.795,48.278,47.627,47.796,341417.34,2025-08-16 00:59:59.999,16377748.22793,50081,174451.95,8367863.4206500,0
2025-08-16 01:00:00,47.804,48.12,47.571,48.12,155378.62,2025-08-16 01:59:59.999,7428694.96565,27780,80865.69,3866680.1494600,0
2025-08-16 02:00:00,48.12,48.222,47.865,47.878,141700.47,2025-08-16 02:59:59.999,6811120.01271,27599,66296.02,3187081.0224600,0
2025-08-16 03:00:00,47.872,48.264,47.766,47.836,147819.82,2025-08-16 03:59:59.999,7100433.1941,24638,63030.75,3026995.6121900,0
2025-08-16 04:00:00,47.836,48.017,47.603,47.771,111451.7,2025-08-16 04:59:59.999,5325503.20307,24040,55181.04,2636540.6450400,0
2025-08-16 05:00:00,47.771,47.801,47.032,47.113,282042.18,2025-08-16 05:59:59.999,13355914.69797,35614,93595.07,4432625.3533200,0
2025-08-16 06:00:00,47.12,47.286,46.95,46.963,182248.73,2025-08-16 06:59:59.999,8587000.30173,28023,80604.31,3799045.9251300,0
2025-08-16 07:00:00,46.966,47.486,46.856,47.271,189484.35,2025-08-16 07:59:59.999,8943488.91365,29212,111462.08,5262467.9406900,0
2025-08-16 08:00:00,47.271,47.532,47.063,47.209,149675.91,2025-08-16 08:59:59.999,7085930.26161,22327,60779.91,2877123.8323200,0
2025-08-16 09:00:00,47.209,47.366,46.631,46.686,189978.81,2025-08-16 09:59:59.999,8930465.2492,26798,95756.34,4500350.3322400,0
2025-08-16 10:00:00,46.682,46.86,46.492,46.61,380009.74,2025-08-16 10:59:59.999,17714783.56396,38787,194338.38,9058212.9499700,0
2025-08-16 11:00:00,46.611,46.975,46.381,46.4,200057.64,2025-08-16 11:59:59.999,9355586.78329,27895,101401.40,4743854.6423900,0
2025-08-16 12:00:00,46.4,46.9,46.139,46.888,204530.98,2025-08-16 12:59:59.999,9505876.18453,34437,107547.19,5000222.3096500,0
2025-08-16 13:00:00,46.887,47.133,46.55,46.576,189100.13,2025-08-16 13:59:59.999,8865974.47603,26732,89154.80,4178741.1039600,0
2025-08-16 14:00:00,46.576,46.94,46.433,46.897,166853.65,2025-08-16 14:59:59.999,7786449.5012,24286,92370.63,4309588.8910900,0
2025-08-16 15:00:00,46.896,46.959,46.472,46.538,163491.47,2025-08-16 15:59:59.999,7639594.08041,26488,76966.92,3596782.6327400,0
2025-08-16 16:00:00,46.539,46.82,46.507,46.802,107729.54,2025-08-16 16:59:59.999,5030219.9105,19869,59725.49,2788711.9060100,0
2025-08-16 17:00:00,46.803,46.813,46.548,46.809,80609.02,2025-08-16 17:59:59.999,3762924.64718,15274,37343.20,1743200.6901900,0
2025-08-16 18:00:00,46.809,46.809,46.403,46.797,130535.19,2025-08-16 18:59:59.999,6088841.9064,18014,60883.39,2839524.9057000,0
2025-08-16 19:00:00,46.798,47.159,46.687,46.763,162944.91,2025-08-16 19:59:59.999,7645121.77791,23006,75554.08,3546080.1189100,0
2025-08-16 20:00:00,46.764,46.991,46.635,46.898,110329.28,2025-08-16 20:59:59.999,5162444.6134,16393,63227.81,2958427.8787800,0
2025-08-16 21:00:00,46.898,46.905,46.57,46.609,63285.43,2025-08-16 21:59:59.999,2955548.99934,11731,29008.27,1354737.0486800,0
2025-08-16 22:00:00,46.605,46.885,46.546,46.71,78060.24,2025-08-16 22:59:59.999,3644691.87254,13499,38530.82,1798876.4333900,0
2025-08-16 23:00:00,46.711,46.724,46.148,46.296,189320.01,2025-08-16 23:59:59.999,8778471.54043,24291,88084.36,4082736.7241800,0
2025-08-17 00:00:00,46.296,46.454,45.845,45.932,285909.84,2025-08-17 00:59:59.999,13179498.90348,33327,104080.17,4801175.1586200,0
2025-08-17 01:00:00,45.933,46.171,45.788,46.162,169697.09,2025-08-17 01:59:59.999,7798585.19155,24056,89738.82,4124435.9964500,0
2025-08-17 02:00:00,46.161,46.547,45.941,46.514,171516.69,2025-08-17 02:59:59.999,7941946.71901,24198,80621.21,3733163.0561300,0
2025-08-17 03:00:00,46.515,46.729,46.319,46.62,170723.28,2025-08-17 03:59:59.999,7945955.57852,21416,80805.22,3760895.1177100,0
2025-08-17 04:00:00,46.62,47.121,46.584,47.094,172454.78,2025-08-17 04:59:59.999,8080081.30553,26188,94638.82,4434873.8604800,0
2025-08-17 05:00:00,47.089,47.24,46.92,47.0,158426.94,2025-08-17 05:59:59.999,7457604.35046,23551,85534.65,4027562.4953000,0
2025-08-17 06:00:00,47.002,47.214,46.707,46.714,130980.91,2025-08-17 06:59:59.999,6153061.043,17639,57424.61,2699129.8380700,0
2025-08-17 07:00:00,46.717,47.307,46.68,47.302,130468.16,2025-08-17 07:59:59.999,6136968.65347,18198,69815.44,3282926.0514300,0
2025-08-17 08:00:00,47.302,47.771,47.217,47.692,189835.32,2025-08-17 08:59:59.999,9018117.80802,25495,92085.46,4375374.8467400,0
2025-08-17 09:00:00,47.69,47.786,47.4,47.756,146622.35,2025-08-17 09:59:59.999,6974221.92578,22890,71138.92,3384250.7178700,0
2025-08-17 10:00:00,47.754,47.754,47.252,47.531,151383.42,2025-08-17 10:59:59.999,7185829.86043,22080,63583.77,3018024.5353200,0
2025-08-17 11:00:00,47.53,47.632,47.151,47.626,213276.56,2025-08-17 11:59:59.999,10112382.77849,23693,110089.04,5220288.3437200,0
2025-08-17 12:00:00,47.624,47.696,47.027,47.1,172199.7,2025-08-17 12:59:59.999,8153657.12538,25409,74729.44,3538297.9569400,0
2025-08-17 13:00:00,47.1,47.216,46.752,46.963,319422.25,2025-08-17 13:59:59.999,14990055.04937,31374,142103.66,6671478.7166600,0
2025-08-17 14:00:00,46.967,47.084,46.752,46.972,174695.61,2025-08-17 14:59:59.999,8192093.6928,24892,80054.86,3754878.8536400,0
2025-08-17 15:00:00,46.968,47.164,46.764,47.105,176807.88,2025-08-17 15:59:59.999,8310346.35138,24675,89264.37,4194872.5451900,0
2025-08-17 16:00:00,47.106,47.207,46.46,46.629,331342.15,2025-08-17 16:59:59.999,15518825.05381,37881,149938.44,7025738.0858200,0
2025-08-17 17:00:00,46.631,46.785,46.443,46.673,117664.41,2025-08-17 17:59:59.999,5487119.50942,21251,62806.50,2928907.6426800,0
2025-08-17 18:00:00,46.674,46.788,46.336,46.596,108862.71,2025-08-17 18:59:59.999,5068381.36826,19168,53990.75,2513336.1137900,0
2025-08-17 19:00:00,46.6,46.739,46.077,46.131,182166.42,2025-08-17 19:59:59.999,8451043.93444,26455,74151.20,3440385.7559800,0
2025-08-17 20:00:00,46.131,46.392,46.052,46.153,128363.83,2025-08-17 20:59:59.999,5932502.39667,20485,64824.82,2996347.1105000,0
2025-08-17 21:00:00,46.154,46.521,46.117,46.379,82386.24,2025-08-17 21:59:59.999,3820287.72449,14888,42096.00,1952125.7225200,0
2025-08-17 22:00:00,46.379,46.816,46.329,46.639,126901.38,2025-08-17 22:59:59.999,5917823.07095,22417,66403.12,3096249.9672900,0
2025-08-17 23:00:00,46.638,46.676,46.004,46.04,168830.32,2025-08-17 23:59:59.999,7810145.08063,22968,83818.99,3875904.5170600,0
2025-08-18 00:00:00,46.041,46.172,45.667,45.83,259951.91,2025-08-18 00:59:59.999,11927869.91737,31907,125987.87,5780570.3043200,0
2025-08-18 01:00:00,45.828,45.884,45.063,45.173,431986.92,2025-08-18 01:59:59.999,19612185.30583,54810,177923.25,8079875.3114400,0
2025-08-18 02:00:00,45.17,45.213,44.328,44.465,664211.79,2025-08-18 02:59:59.999,29738394.16256,67821,306657.48,13727828.0485500,0
2025-08-18 03:00:00,44.464,44.802,43.892,44.153,600188.68,2025-08-18 03:59:59.999,26546560.82287,61111,268171.48,11871807.6138100,0
2025-08-18 04:00:00,44.15,44.383,43.815,44.159,372106.35,2025-08-18 04:59:59.999,16420606.1121,38711,215774.37,9524393.4327700,0
2025-08-18 05:00:00,44.159,44.265,43.4,43.843,445617.86,2025-08-18 05:59:59.999,19488341.30548,43216,214003.37,9361594.6698300,0
2025-08-18 06:00:00,43.844,43.855,43.0,43.514,663163.08,2025-08-18 06:59:59.999,28701403.19419,65090,282712.01,12240164.4802300,0
2025-08-18 07:00:00,43.513,43.797,43.415,43.571,466528.76,2025-08-18 07:59:59.999,20351474.26188,41193,252057.11,10996897.9702300,0
2025-08-18 08:00:00,43.571,44.025,43.512,43.56,363110.35,2025-08-18 08:59:59.999,15905425.79246,35979,189131.31,8284885.5922700,0
2025-08-18 09:00:00,43.56,43.575,43.111,43.216,578185.92,2025-08-18 09:59:59.999,25067812.79976,51720,244011.97,10581286.7180700,0
2025-08-18 10:00:00,43.217,43.498,43.025,43.326,260789.81,2025-08-18 10:59:59.999,11282653.88548,29652,126881.46,5489650.0129400,0
2025-08-18 11:00:00,43.331,43.339,43.0,43.102,208970.73,2025-08-18 11:59:59.999,9012515.23607,23221,76853.01,3314151.3582800,0
2025-08-18 12:00:00,43.102,43.785,42.94,43.772,318326.56,2025-08-18 12:59:59.999,13828682.11765,35537,169655.03,7375501.7459000,0
2025-08-18 13:00:00,43.775,43.864,43.125,43.14,415104.48,2025-08-18 13:59:59.999,18075245.10881,53594,210952.47,9187477.0196600,0
2025-08-18 14:00:00,43.143,43.827,43.11,43.816,281627.3,2025-08-18 14:59:59.999,12239923.13119,44494,142197.58,6179203.2263200,0
2025-08-18 15:00:00,43.815,44.217,43.496,44.203,317851.49,2025-08-18 15:59:59.999,13938119.3714,48355,153494.68,6731819.8146700,0
2025-08-18 16:00:00,44.203,44.516,43.81,44.055,412189.77,2025-08-18 16:59:59.999,18211498.94111,50299,200582.76,8866842.9216100,0
2025-08-18 17:00:00,44.055,44.757,44.026,44.173,306038.09,2025-08-18 17:59:59.999,13593996.11411,38883,148837.48,6611833.9219800,0
2025-08-18 18:00:00,44.172,44.395,43.807,44.099,202288.73,2025-08-18 18:59:59.999,8923189.83444,33172,100285.26,4424430.6133200,0
2025-08-18 19:00:00,44.099,44.176,43.535,43.58,259648.94,2025-08-18 19:59:59.999,11362165.24322,30612,119412.63,5227078.1718000,0
2025-08-18 20:00:00,43.579,43.799,43.361,43.592,129054.62,2025-08-18 20:59:59.999,5620176.58944,19902,57615.12,2509481.4057000,0
2025-08-18 21:00:00,43.591,43.939,43.45,43.807,140287.74,2025-08-18 21:59:59.999,6138286.204,20867,71537.68,3131134.2316100,0
2025-08-18 22:00:00,43.811,44.302,43.798,43.845,269324.16,2025-08-18 22:59:59.999,11880947.47786,30396,143079.79,6312203.9292000,0
2025-08-18 23:00:00,43.849,44.006,43.022,43.321,335827.78,2025-08-18 23:59:59.999,14575673.49209,32635,148622.74,6448970.1228800,0
2025-08-19 00:00:00,43.321,43.466,42.604,43.32,568481.22,2025-08-19 00:59:59.999,24444297.40959,66578,256138.55,11017195.9765000,0
2025-08-19 01:00:00,43.316,43.547,42.554,42.642,305083.17,2025-08-19 01:59:59.999,13118444.55694,38138,138637.29,5960804.8925100,0
2025-08-19 02:00:00,42.643,42.885,42.435,42.467,170476.23,2025-08-19 02:59:59.999,7271246.81255,27860,72125.11,3079682.9424600,0
2025-08-19 03:00:00,42.468,42.503,41.774,42.09,631395.37,2025-08-19 03:59:59.999,26584230.35616,64130,257035.05,10818536.4225000,0
2025-08-19 04:00:00,42.086,42.285,41.592,42.259,447458.24,2025-08-19 04:59:59.999,18774656.75133,54632,233523.09,9802529.4644600,0
2025-08-19 05:00:00,42.259,42.378,42.105,42.135,154333.14,2025-08-19 05:59:59.999,6518251.07591,22205,79863.01,3373945.7288500,0
2025-08-19 06:00:00,42.135,42.299,41.99,42.144,123227.51,2025-08-19 06:59:59.999,5191526.42994,19909,61644.82,2597538.7258400,0
2025-08-19 07:00:00,42.145,42.179,41.703,42.05,175647.74,2025-08-19 07:59:59.999,7362129.57145,26275,79102.00,3317511.2691300,0
2025-08-19 08:00:00,42.049,42.393,41.843,42.293,349970.14,2025-08-19 08:59:59.999,14759693.31928,34782,187846.81,7922842.6383800,0
2025-08-19 09:00:00,42.295,42.797,42.273,42.603,331582.46,2025-08-19 09:59:59.999,14122623.45375,36994,175461.21,7472271.6474400,0
2025-08-19 10:00:00,42.604,43.341,42.553,43.24,310409.46,2025-08-19 10:59:59.999,13351285.26263,37858,163606.32,7035567.7494200,0
2025-08-19 11:00:00,43.24,43.392,42.966,43.32,267616.69,2025-08-19 11:59:59.999,11555173.89828,35316,137739.74,5948751.4826600,0
2025-08-19 12:00:00,43.32,43.804,43.17,43.802,293763.01,2025-08-19 12:59:59.999,12776603.92218,38995,144165.70,6272222.1890600,0
2025-08-19 13:00:00,43.801,44.178,43.202,43.487,737537.7,2025-08-19 13:59:59.999,32243920.30885,79054,328212.21,14351288.5907100,0
2025-08-19 14:00:00,43.486,43.689,42.282,42.552,749689.52,2025-08-19 14:59:59.999,32093592.89633,80842,296142.96,12675713.4492300,0
2025-08-19 15:00:00,42.555,42.918,42.278,42.449,616727.66,2025-08-19 15:59:59.999,26278395.03715,68919,330652.08,14100452.3764200,0
2025-08-19 16:00:00,42.45,42.654,41.715,41.916,513618.0,2025-08-19 16:59:59.999,21678060.64986,61604,242718.85,10245167.0801000,0
2025-08-19 17:00:00,41.915,42.898,41.804,42.887,405953.59,2025-08-19 17:59:59.999,17194399.8919,51691,219664.98,9306090.6411600,0
2025-08-19 18:00:00,42.882,43.408,42.804,42.944,563105.49,2025-08-19 18:59:59.999,24278329.22858,65873,242025.37,10434211.1160200,0
2025-08-19 19:00:00,42.943,43.833,42.533,42.981,542424.25,2025-08-19 19:59:59.999,23410943.33524,67715,261782.18,11304444.5165500,0
2025-08-19 20:00:00,42.987,43.205,42.552,43.084,414011.79,2025-08-19 20:59:59.999,17719757.35741,54595,182698.37,7822690.8659300,0
2025-08-19 21:00:00,43.091,43.117,42.536,42.542,114894.36,2025-08-19 21:59:59.999,4921006.68781,23416,49974.60,2140265.1516200,0
2025-08-19 22:00:00,42.543,42.648,41.838,41.848,309235.38,2025-08-19 22:59:59.999,13043371.6189,43522,133457.94,5631494.7031500,0
2025-08-19 23:00:00,41.848,41.876,40.939,41.303,765081.43,2025-08-19 23:59:59.999,31595890.54771,83170,338831.41,13992314.1686500,0
2025-08-20 00:00:00,41.304,41.85,41.245,41.826,362596.38,2025-08-20 00:59:59.999,15086603.1788,52915,167938.34,6988269.1038600,0
2025-08-20 01:00:00,41.826,41.983,41.276,41.705,274802.38,2025-08-20 01:59:59.999,11431526.4702,44607,119592.13,4974237.7983000,0
2025-08-20 02:00:00,41.705,41.873,41.564,41.732,152845.26,2025-08-20 02:59:59.999,6375479.79635,29565,75359.74,3143436.2951500,0
2025-08-20 03:00:00,41.729,42.22,41.508,41.513,365836.46,2025-08-20 03:59:59.999,15324184.08195,45299,152745.96,6397919.4254600,0
2025-08-20 04:00:00,41.517,42.155,41.511,41.852,302636.52,2025-08-20 04:59:59.999,12657584.10649,40954,145732.43,6093606.1900800,0
2025-08-20 05:00:00,41.852,41.861,41.506,41.853,108699.5,2025-08-20 05:59:59.999,4530176.90383,22265,50803.21,2117931.8140400,0
2025-08-20 06:00:00,41.859,41.999,41.685,41.82,208309.9,2025-08-20 06:59:59.999,8717809.38195,28688,105777.79,4427692.9460000,0
2025-08-20 07:00:00,41.816,42.148,41.494,41.51,181796.43,2025-08-20 07:59:59.999,7603870.96493,29190,85497.63,3578303.0007900,0
2025-08-20 08:00:00,41.51,42.314,41.487,42.268,329178.32,2025-08-20 08:59:59.999,13785408.03349,39283,182183.75,7632209.8642400,0
2025-08-20 09:00:00,42.267,42.37,41.966,42.019,220236.29,2025-08-20 09:59:59.999,9285332.48432,33431,102233.63,4309680.2072700,0
2025-08-20 10:00:00,42.019,42.25,41.909,41.976,172175.75,2025-08-20 10:59:59.999,7242143.6165,32085,80962.49,3406287.0429900,0
2025-08-20 11:00:00,41.976,42.06,41.213,41.712,255902.03,2025-08-20 11:59:59.999,10638231.66678,35697,111472.94,4634090.1143100,0
2025-08-20 12:00:00,41.71,42.169,41.554,42.112,287702.51,2025-08-20 12:59:59.999,12053255.7289,42188,134066.82,5615636.1601600,0
2025-08-20 13:00:00,42.113,42.114,41.028,41.038,578733.94,2025-08-20 13:59:59.999,24016217.39045,68356,277441.59,11513290.8278600,0
2025-08-20 14:00:00,41.037,42.022,40.596,41.646,907574.83,2025-08-20 14:59:59.999,37415127.91097,90767,452498.84,18659076.2992400,0
2025-08-20 15:00:00,41.647,42.858,41.559,41.974,930580.44,2025-08-20 15:59:59.999,39396691.85417,94987,406047.03,17196858.6269700,0
2025-08-20 16:00:00,41.974,42.517,41.769,41.847,345033.1,2025-08-20 16:59:59.999,14540897.62844,45657,165222.30,6964072.1099000,0
2025-08-20 17:00:00,41.847,42.757,41.773,42.714,291640.84,2025-08-20 17:59:59.999,12325656.70576,38952,150664.53,6366458.7177400,0
2025-08-20 18:00:00,42.716,42.737,41.846,41.908,408312.68,2025-08-20 18:59:59.999,17236001.41261,47600,196440.99,8292001.5223200,0
2025-08-20 19:00:00,41.908,43.262,41.878,43.232,443793.7,2025-08-20 19:59:59.999,18951962.62623,51392,217468.42,9288669.3457300,0
2025-08-20 20:00:00,43.231,43.246,42.575,43.038,491254.87,2025-08-20 20:59:59.999,21104510.28075,44467,224510.76,9642520.9232000,0
2025-08-20 21:00:00,43.038,43.201,42.649,43.051,167952.48,2025-08-20 21:59:59.999,7211526.83336,23440,83846.48,3600546.0854200,0
2025-08-20 22:00:00,43.051,43.275,42.771,43.218,160723.99,2025-08-20 22:59:59.999,6917164.12328,26094,88289.69,3798667.5516900,0
2025-08-20 23:00:00,43.218,43.239,42.813,42.999,135301.77,2025-08-20 23:59:59.999,5819671.43545,23181,65735.19,2828136.2496800,0
2025-08-21 00:00:00,42.999,43.121,42.625,43.051,193026.41,2025-08-21 00:59:59.999,8288098.72738,28446,86458.47,3712075.2883500,0
2025-08-21 01:00:00,43.052,43.228,42.629,43.214,208435.29,2025-08-21 01:59:59.999,8948084.71761,29462,95238.73,4087448.9574800,0
2025-08-21 02:00:00,43.214,43.451,42.308,42.644,404233.22,2025-08-21 02:59:59.999,17307168.90104,41082,205546.46,8796901.3345700,0
2025-08-21 03:00:00,42.64,43.046,42.282,42.296,291541.99,2025-08-21 03:59:59.999,12450165.00069,37028,136484.95,5824551.3934800,0
2025-08-21 04:00:00,42.297,42.357,42.087,42.222,217288.36,2025-08-21 04:59:59.999,9169380.38709,25319,110143.28,4648434.0671100,0
2025-08-21 05:00:00,42.222,42.646,42.059,42.623,156513.4,2025-08-21 05:59:59.999,6630956.75573,23942,78979.45,3345532.0002900,0
2025-08-21 06:00:00,42.627,42.631,42.04,42.185,152271.09,2025-08-21 06:59:59.999,6436120.76704,23438,73887.99,3123011.6422900,0
2025-08-21 07:00:00,42.182,42.21,41.627,41.916,341510.87,2025-08-21 07:59:59.999,14305501.35921,34198,156666.27,6564262.4704500,0
2025-08-21 08:00:00,41.917,41.996,41.433,41.439,317790.16,2025-08-21 08:59:59.999,13249379.32266,31028,158556.64,6610806.5738100,0
2025-08-21 09:00:00,41.44,41.68,41.267,41.483,278564.32,2025-08-21 09:59:59.999,11550718.48112,29527,147705.20,6125835.9606600,0
2025-08-21 10:00:00,41.484,41.677,41.177,41.285,218547.03,2025-08-21 10:59:59.999,9058008.11807,27776,111899.30,4639614.4423100,0
2025-08-21 11:00:00,41.285,41.405,40.958,41.062,339299.54,2025-08-21 11:59:59.999,13975512.17215,30592,145037.21,5975707.5930300,0
2025-08-21 12:00:00,41.062,41.202,40.817,41.122,292216.47,2025-08-21 12:59:59.999,11989375.96518,38286,150226.37,6166361.9277000,0
2025-08-21 13:00:00,41.121,41.769,41.038,41.436,415368.4,2025-08-21 13:59:59.999,17235823.68194,49019,195888.29,8126258.0192800,0
2025-08-21 14:00:00,41.436,42.285,41.308,41.628,502612.41,2025-08-21 14:59:59.999,21026581.59552,61571,247368.54,10345512.3789100,0
2025-08-21 15:00:00,41.628,41.687,41.01,41.069,292072.96,2025-08-21 15:59:59.999,12055699.80065,42395,158206.95,6530536.0449000,0
2025-08-21 16:00:00,41.07,41.332,40.7,40.766,262075.32,2025-08-21 16:59:59.999,10749672.79332,37935,111681.51,4583414.1035300,0
2025-08-21 17:00:00,40.768,41.522,40.608,41.516,380117.61,2025-08-21 17:59:59.999,15600727.02709,42573,164845.30,6765459.7259800,0
2025-08-21 18:00:00,41.516,41.533,41.015,41.215,193618.57,2025-08-21 18:59:59.999,7989018.01417,25024,100866.77,4162362.2144600,0
2025-08-21 19:00:00,41.215,41.304,40.653,40.912,195836.37,2025-08-21 19:59:59.999,8007666.03595,25003,103246.62,4221508.2197900,0
2025-08-21 20:00:00,40.91,41.301,40.723,41.101,154897.96,2025-08-21 20:59:59.999,6347968.83064,23371,77698.59,3183905.1642900,0
2025-08-21 21:00:00,41.101,41.198,40.881,41.063,124562.27,2025-08-21 21:59:59.999,5112488.53437,20618,54957.61,2255608.2492300,0
2025-08-21 22:00:00,41.063,41.336,40.912,41.013,112985.31,2025-08-21 22:59:59.999,4645252.52537,16158,50540.83,2078349.9788900,0
2025-08-21 23:00:00,41.016,41.033,40.415,40.454,205147.23,2025-08-21 23:59:59.999,8334140.30267,25311,87511.60,3554483.4315100,0
2025-08-22 00:00:00,40.452,40.886,40.451,40.7,158310.86,2025-08-22 00:59:59.999,6441839.82393,27856,61537.34,2504892.5535100,0
2025-08-22 01:00:00,40.699,41.666,40.653,41.395,557449.11,2025-08-22 01:59:59.999,23023274.28483,54196,285922.94,11803527.3932400,0
2025-08-22 02:00:00,41.394,41.643,41.285,41.42,164795.39,2025-08-22 02:59:59.999,6837438.30288,25531,76146.97,3159393.4625700,0
2025-08-22 03:00:00,41.42,41.544,41.05,41.18,139483.25,2025-08-22 03:59:59.999,5751454.63883,18972,74191.22,3059587.3884700,0
2025-08-22 04:00:00,41.179,41.603,41.179,41.456,187744.16,2025-08-22 04:59:59.999,7778129.80866,22947,101556.58,4207472.4489800,0
2025-08-22 05:00:00,41.458,42.076,41.458,41.843,254391.65,2025-08-22 05:59:59.999,10647772.56739,30604,141751.63,5933037.9034100,0
2025-08-22 06:00:00,41.842,42.097,41.7,41.796,114412.13,2025-08-22 06:59:59.999,4790661.88765,22149,51002.88,2135933.3459100,0
2025-08-22 07:00:00,41.796,42.18,41.74,42.133,150814.23,2025-08-22 07:59:59.999,6332055.51889,25739,76132.24,3197326.0938000,0
2025-08-22 08:00:00,42.133,42.263,41.907,41.941,178362.02,2025-08-22 08:59:59.999,7514041.06112,25107,85867.97,3617585.9192700,0
2025-08-22 09:00:00,41.943,42.226,41.751,42.193,155614.99,2025-08-22 09:59:59.999,6532581.4156,22836,78723.59,3304010.6073200,0
2025-08-22 10:00:00,42.194,42.224,41.715,42.078,214598.86,2025-08-22 10:59:59.999,8999767.08082,25806,92304.45,3870876.8210500,0
2025-08-22 11:00:00,42.078,42.145,41.684,41.737,224100.17,2025-08-22 11:59:59.999,9385164.27482,33559,107277.29,4493286.8123300,0
2025-08-22 12:00:00,41.739,41.831,40.958,41.382,469384.75,2025-08-22 12:59:59.999,19424810.99574,52432,216426.75,8952567.6220900,0
2025-08-22 13:00:00,41.386,41.814,41.073,41.574,360187.85,2025-08-22 13:59:59.999,14940805.39085,53023,174106.75,7221921.4504500,0
2025-08-22 14:00:00,41.571,44.057,41.564,43.658,2019622.94,2025-08-22 14:59:59.999,87432823.22803,214346,1039395.34,44967126.2562200,0
2025-08-22 15:00:00,43.657,44.175,43.645,43.664,653451.17,2025-08-22 15:59:59.999,28724829.55008,74823,318045.76,13983028.0938300,0
2025-08-22 16:00:00,43.667,44.412,43.663,43.99,561909.42,2025-08-22 16:59:59.999,24768707.45019,63273,289877.87,12775237.0711900,0
2025-08-22 17:00:00,43.987,44.928,43.953,44.447,508239.61,2025-08-22 17:59:59.999,22631111.13621,57340,234852.40,10456906.8309700,0
2025-08-22 18:00:00,44.446,44.724,44.315,44.482,309781.41,2025-08-22 18:59:59.999,13786690.22037,34872,159173.81,7085095.4072900,0
2025-08-22 19:00:00,44.481,44.649,44.196,44.296,276248.77,2025-08-22 19:59:59.999,12265549.80516,33969,136288.52,6051767.0870800,0
2025-08-22 20:00:00,44.3,44.856,44.248,44.606,259971.78,2025-08-22 20:59:59.999,11588587.49524,30162,131840.12,5877146.4214800,0
2025-08-22 21:00:00,44.607,44.862,44.425,44.757,229043.43,2025-08-22 21:59:59.999,10223833.0151,32575,108344.72,4836457.6984900,0
2025-08-22 22:00:00,44.759,45.0,44.657,44.883,241839.07,2025-08-22 22:59:59.999,10844782.2923,31379,119697.06,5367557.9234100,0
2025-08-22 23:00:00,44.882,45.532,44.879,45.335,262933.44,2025-08-22 23:59:59.999,11907304.85396,29798,129175.52,5847766.7570200,0
2025-08-23 00:00:00,45.335,45.355,44.863,44.942,181457.7,2025-08-23 00:59:59.999,8179597.3982,26082,81330.32,3665797.9253600,0
2025-08-23 01:00:00,44.942,45.057,44.305,44.548,211909.06,2025-08-23 01:59:59.999,9459196.63548,28528,97274.78,4341621.4853900,0
2025-08-23 02:00:00,44.549,44.583,43.756,44.25,430404.57,2025-08-23 02:59:59.999,18976479.73379,40651,211285.52,9313008.0431900,0
2025-08-23 03:00:00,44.25,44.33,43.457,43.538,326526.51,2025-08-23 03:59:59.999,14321292.12732,38712,112257.31,4926775.2723300,0
2025-08-23 04:00:00,43.538,44.289,43.535,44.201,193837.54,2025-08-23 04:59:59.999,8527368.21112,27179,99182.01,4362012.2267200,0
2025-08-23 05:00:00,44.202,44.672,43.93,44.586,250166.93,2025-08-23 05:59:59.999,11077994.40642,32735,118355.83,5242244.0827000,0
2025-08-23 06:00:00,44.587,44.718,43.716,43.764,287678.56,2025-08-23 06:59:59.999,12706141.44756,34051,112160.10,4949478.5220100,0
2025-08-23 07:00:00,43.765,43.777,43.485,43.718,241854.47,2025-08-23 07:59:59.999,10552091.25806,26486,119407.24,5209244.8196400,0
2025-08-23 08:00:00,43.717,43.804,43.296,43.543,201517.79,2025-08-23 08:59:59.999,8767584.373,27815,100964.65,4394705.1357400,0
2025-08-23 09:00:00,43.543,43.923,43.375,43.914,215379.26,2025-08-23 09:59:59.999,9395265.74095,32617,113760.25,4964783.8995300,0
2025-08-23 10:00:00,43.913,44.138,43.461,43.528,226736.0,2025-08-23 10:59:59.999,9929518.65466,29546,100169.76,4388365.8841100,0
2025-08-23 11:00:00,43.529,43.986,43.502,43.686,144805.96,2025-08-23 11:59:59.999,6331909.1391,22318,69183.41,3025143.1393400,0
2025-08-23 12:00:00,43.688,43.975,43.531,43.727,199357.33,2025-08-23 12:59:59.999,8727051.2153,29578,107010.99,4684854.0788400,0
2025-08-23 13:00:00,43.727,43.905,43.569,43.71,139282.06,2025-08-23 13:59:59.999,6086901.84115,26594,59435.01,2597586.0828900,0
2025-08-23 14:00:00,43.707,44.206,43.65,43.755,199938.6,2025-08-23 14:59:59.999,8789184.69507,31799,87985.41,3867158.5464900,0
2025-08-23 15:00:00,43.755,44.018,43.714,43.877,143244.83,2025-08-23 15:59:59.999,6284665.13599,21642,61231.91,2686361.7146100,0
2025-08-23 16:00:00,43.876,44.162,43.864,44.062,109661.01,2025-08-23 16:59:59.999,4828918.32357,17942,58006.72,2554472.1409700,0
2025-08-23 17:00:00,44.061,44.575,44.053,44.348,232461.07,2025-08-23 17:59:59.999,10311730.95032,26055,126531.97,5614030.2863900,0
2025-08-23 18:00:00,44.348,44.665,44.178,44.577,156390.49,2025-08-23 18:59:59.999,6951158.39429,20992,74334.93,3304834.5470300,0
2025-08-23 19:00:00,44.577,44.836,44.513,44.631,103936.96,2025-08-23 19:59:59.999,4641183.72463,17775,58507.77,2612599.9648200,0
2025-08-23 20:00:00,44.631,44.885,44.548,44.844,84094.73,2025-08-23 20:59:59.999,3758427.07214,17216,39483.84,1764881.0641800,0
2025-08-23 21:00:00,44.843,44.96,44.66,44.694,77161.87,2025-08-23 21:59:59.999,3456741.87279,17020,36884.99,1652623.3027300,0
2025-08-23 22:00:00,44.694,44.788,44.4,44.665,133988.27,2025-08-23 22:59:59.999,5972635.18295,19269,61183.52,2727971.9548400,0
2025-08-23 23:00:00,44.67,44.923,44.603,44.91,123382.78,2025-08-23 23:59:59.999,5525487.6686,17496,65772.58,2945810.5102500,0
2025-08-24 00:00:00,44.91,45.077,44.73,44.855,111670.15,2025-08-24 00:59:59.999,5014456.33744,20368,51390.28,2308103.2671600,0
2025-08-24 01:00:00,44.855,44.975,44.364,44.671,185835.18,2025-08-24 01:59:59.999,8298180.24289,28078,73806.86,3297312.7927700,0
2025-08-24 02:00:00,44.675,44.741,44.241,44.26,131045.19,2025-08-24 02:59:59.999,5830663.76045,21343,55298.35,2461022.7524300,0
2025-08-24 03:00:00,44.261,44.296,43.977,44.206,154534.63,2025-08-24 03:59:59.999,6820005.42946,21618,71145.78,3139915.3785100,0
2025-08-24 04:00:00,44.206,44.446,44.092,44.267,126341.4,2025-08-24 04:59:59.999,5590729.2028,18298,74706.11,3304163.0461500,0
2025-08-24 05:00:00,44.267,44.267,43.965,44.001,81804.6,2025-08-24 05:59:59.999,3607331.86824,12034,29373.29,1295033.0346000,0
2025-08-24 06:00:00,44.003,44.022,43.706,43.8,135704.76,2025-08-24 06:59:59.999,5947746.62206,16456,60484.71,2650809.4024000,0
2025-08-24 07:00:00,43.799,44.162,43.782,44.041,128895.63,2025-08-24 07:59:59.999,5672455.61729,21492,63976.13,2815324.3951800,0
2025-08-24 08:00:00,44.041,44.237,43.915,44.106,113403.99,2025-08-24 08:59:59.999,4999221.99919,21757,50192.46,2212769.4929400,0
2025-08-24 09:00:00,44.105,44.274,43.972,44.112,85826.08,2025-08-24 09:59:59.999,3787150.89174,15480,27721.88,1223619.8992100,0
2025-08-24 10:00:00,44.112,44.177,43.45,43.54,255400.43,2025-08-24 10:59:59.999,11148610.26114,24476,141689.65,6181870.4577300,0
2025-08-24 11:00:00,43.54,43.744,43.42,43.672,148932.18,2025-08-24 11:59:59.999,6490913.739,18806,71859.78,3132825.3216800,0
2025-08-24 12:00:00,43.672,43.862,43.501,43.739,110833.45,2025-08-24 12:59:59.999,4842486.53878,16165,49504.39,2163509.0970300,0
2025-08-24 13:00:00,43.735,44.044,43.711,44.013,125357.7,2025-08-24 13:59:59.999,5507709.96552,21330,53123.49,2333997.2257700,0
2025-08-24 14:00:00,44.014,44.469,43.773,44.36,272558.8,2025-08-24 14:59:59.999,12027103.02773,34837,117767.02,5201888.2936000,0
2025-08-24 15:00:00,44.36,44.625,44.077,44.127,183666.03,2025-08-24 15:59:59.999,8151156.34809,28458,80925.41,3593822.7174000,0
2025-08-24 16:00:00,44.126,44.729,44.098,44.643,238696.2,2025-08-24 16:59:59.999,10601384.54076,28241,127897.07,5680186.4256000,0
2025-08-24 17:00:00,44.644,45.683,44.501,45.62,460977.54,2025-08-24 17:59:59.999,20770137.93344,47810,232570.45,10486147.4987600,0
2025-08-24 18:00:00,45.621,46.712,45.397,46.528,444335.1,2025-08-24 18:59:59.999,20451625.50981,54299,232468.11,10701420.0603000,0
2025-08-24 19:00:00,46.527,47.0,44.881,45.519,1582235.46,2025-08-24 19:59:59.999,72481052.75837,153936,754974.57,34632579.4934400,0
2025-08-24 20:00:00,45.518,45.8,44.59,45.243,894039.63,2025-08-24 20:59:59.999,40478497.8597,111024,469650.38,21268584.8868500,0
2025-08-24 21:00:00,45.251,46.351,45.04,45.826,416082.62,2025-08-24 21:59:59.999,19082799.46094,54358,206129.33,9453304.4550400,0
2025-08-24 22:00:00,45.826,46.295,45.235,46.295,331534.14,2025-08-24 22:59:59.999,15171309.4885,49229,155988.40,7139098.1784300,0
2025-08-24 23:00:00,46.296,46.572,45.811,46.061,305729.43,2025-08-24 23:59:59.999,14104670.36725,44822,139189.95,6424850.6389600,0
2025-08-25 00:00:00,46.061,46.403,45.148,45.589,414408.34,2025-08-25 00:59:59.999,18939069.64392,58000,188321.04,8608697.6545800,0
2025-08-25 01:00:00,45.589,46.278,45.5,46.203,237166.39,2025-08-25 01:59:59.999,10886006.47572,41037,120280.59,5521688.0321000,0
2025-08-25 02:00:00,46.204,47.406,46.176,47.033,549341.9,2025-08-25 02:59:59.999,25814991.94897,72557,291206.74,13674334.4351000,0
2025-08-25 03:00:00,47.028,47.144,46.387,46.466,290740.41,2025-08-25 03:59:59.999,13599369.6744,47060,120245.17,5625159.2545000,0
2025-08-25 04:00:00,46.466,46.498,45.801,46.327,281070.4,2025-08-25 04:59:59.999,12985999.20872,41966,132841.59,6141903.0172900,0
2025-08-25 05:00:00,46.328,46.41,45.598,45.785,245103.1,2025-08-25 05:59:59.999,11253070.45961,38666,125735.97,5772635.9863200,0
2025-08-25 06:00:00,45.786,45.917,44.792,44.94,658597.22,2025-08-25 06:59:59.999,29768239.47537,60731,293583.92,13258670.7030400,0
2025-08-25 07:00:00,44.936,45.148,44.052,44.287,696954.72,2025-08-25 07:59:59.999,31067283.56526,66050,318748.17,14220503.8142000,0
2025-08-25 08:00:00,44.287,45.342,43.902,45.15,654524.14,2025-08-25 08:59:59.999,29346234.26855,72958,334695.85,15007150.5969900,0
2025-08-25 09:00:00,45.156,45.835,44.784,45.829,420498.1,2025-08-25 09:59:59.999,19016834.74823,49954,202214.88,9150648.3693300,0
2025-08-25 10:00:00,45.828,46.052,44.614,45.053,1036383.54,2025-08-25 10:59:59.999,46952381.56822,97739,490193.98,22211191.4746500,0
2025-08-25 11:00:00,45.052,45.683,44.845,45.658,415427.93,2025-08-25 11:59:59.999,18815039.67438,49553,192997.94,8743476.6408500,0
2025-08-25 12:00:00,45.657,46.059,45.391,45.805,435858.18,2025-08-25 12:59:59.999,19922482.7928,46581,212502.93,9707034.5200500,0
2025-08-25 13:00:00,45.804,46.0,45.107,45.523,593774.19,2025-08-25 13:59:59.999,27037181.30766,67036,260479.94,11863953.3510800,0
2025-08-25 14:00:00,45.536,46.718,45.333,46.301,677339.88,2025-08-25 14:59:59.999,31333267.70609,86229,312116.23,14436990.6332000,0
2025-08-25 15:00:00,46.301,46.441,45.5,45.832,411452.14,2025-08-25 15:59:59.999,18943823.5486,56755,175477.02,8085705.7960700,0
2025-08-25 16:00:00,45.823,46.825,45.572,45.856,531833.38,2025-08-25 16:59:59.999,24584066.61416,60638,250682.72,11590077.5392800,0
2025-08-25 17:00:00,45.852,45.97,45.25,45.514,517143.53,2025-08-25 17:59:59.999,23568686.33659,62506,272793.61,12432430.1088500,0
2025-08-25 18:00:00,45.515,45.678,45.107,45.134,177595.7,2025-08-25 18:59:59.999,8059398.92214,24500,92948.51,4218953.9766400,0
2025-08-25 19:00:00,45.135,45.14,43.812,44.003,738934.8,2025-08-25 19:59:59.999,32796364.81238,79498,330889.65,14692498.1101200,0
2025-08-25 20:00:00,44.006,44.324,43.23,43.271,894876.04,2025-08-25 20:59:59.999,39226817.03451,94417,429123.37,18827005.8451500,0
2025-08-25 21:00:00,43.272,43.343,42.542,42.842,923312.59,2025-08-25 21:59:59.999,39640383.09641,105137,442141.17,18985202.1886900,0
2025-08-25 22:00:00,42.843,43.618,42.694,43.135,361800.89,2025-08-25 22:59:59.999,15654782.36909,46171,168567.96,7292956.6718000,0
2025-08-25 23:00:00,43.139,43.357,42.88,42.976,267533.99,2025-08-25 23:59:59.999,11542144.68402,33400,120924.82,5217776.6957700,0
2025-08-26 00:00:00,42.979,43.138,42.357,42.636,453879.16,2025-08-26 00:59:59.999,19420073.23917,67421,205893.59,8812045.8863800,0
2025-08-26 01:00:00,42.636,44.142,42.456,44.101,644324.09,2025-08-26 01:59:59.999,27911820.88979,73217,320599.90,13888825.7861300,0
2025-08-26 02:00:00,44.101,44.295,43.611,43.965,388029.66,2025-08-26 02:59:59.999,17061688.7171,48959,169556.92,7454153.7974100,0
2025-08-26 03:00:00,43.965,44.36,43.902,44.098,282247.06,2025-08-26 03:59:59.999,12461808.26794,39368,145301.39,6416493.0414600,0
2025-08-26 04:00:00,44.1,45.478,44.096,45.357,534312.96,2025-08-26 04:59:59.999,24012770.58417,66280,249814.41,11215151.9911400,0
2025-08-26 05:00:00,45.357,45.612,45.106,45.114,269412.23,2025-08-26 05:59:59.999,12237832.05138,37924,132894.57,6037781.8443700,0
2025-08-26 06:00:00,45.117,45.369,44.77,44.931,218440.1,2025-08-26 06:59:59.999,9828392.27793,35858,111323.19,5008876.3035700,0
2025-08-26 07:00:00,44.926,45.576,44.783,45.523,290390.0,2025-08-26 07:59:59.999,13129661.574,41676,141115.03,6380174.0258200,0
2025-08-26 08:00:00,45.52,45.868,45.108,45.368,265588.74,2025-08-26 08:59:59.999,12075056.20972,38269,137214.33,6242036.2396100,0
2025-08-26 09:00:00,45.368,45.519,45.017,45.24,114797.06,2025-08-26 09:59:59.999,5195842.07942,21902,59005.97,2670611.3985000,0
2025-08-26 10:00:00,45.24,45.695,45.189,45.409,296575.44,2025-08-26 10:59:59.999,13485773.16922,28063,149761.53,6808706.5747700,0
2025-08-26 11:00:00,45.409,45.544,44.881,45.25,284571.63,2025-08-26 11:59:59.999,12838795.09227,32588,164167.34,7403964.3700900,0
2025-08-26 12:00:00,45.25,46.31,44.655,45.866,732256.93,2025-08-26 12:59:59.999,33289638.70948,74600,362442.00,16482351.0516700,0
2025-08-26 13:00:00,45.867,45.875,45.12,45.555,496813.15,2025-08-26 13:59:59.999,22576458.22331,68953,258032.70,11726519.0157200,0
2025-08-26 14:00:00,45.558,46.721,45.102,46.653,514539.71,2025-08-26 14:59:59.999,23677029.26182,70840,249306.95,11473433.2399500,0
2025-08-26 15:00:00,46.651,47.043,46.3,46.55,595505.76,2025-08-26 15:59:59.999,27819792.34907,76128,298555.49,13952467.8384900,0
2025-08-26 16:00:00,46.55,47.628,46.541,47.569,580455.74,2025-08-26 16:59:59.999,27295464.7297,77373,347489.01,16345809.1344200,0
2025-08-26 17:00:00,47.568,47.784,47.12,47.654,534510.88,2025-08-26 17:59:59.999,25371345.60319,71924,252892.54,12003124.0874500,0
2025-08-26 18:00:00,47.655,47.946,47.133,47.927,357537.92,2025-08-26 18:59:59.999,17012192.41626,58839,164854.60,7849231.9577700,0
2025-08-26 19:00:00,47.927,48.681,47.738,48.491,480191.82,2025-08-26 19:59:59.999,23155259.38757,69806,282006.50,13601066.1357600,0
2025-08-26 20:00:00,48.49,49.047,48.254,48.945,465712.29,2025-08-26 20:59:59.999,22664883.70929,67468,269649.10,13132749.2835500,0
2025-08-26 21:00:00,48.944,49.782,48.71,49.407,929265.89,2025-08-26 21:59:59.999,45774156.52112,103660,529902.03,26115824.0318800,0
2025-08-26 22:00:00,49.407,49.606,48.244,48.86,1489444.79,2025-08-26 22:59:59.999,72738969.32743,136063,695560.57,34002696.9711400,0
2025-08-26 23:00:00,48.861,49.244,48.496,48.794,520350.93,2025-08-26 23:59:59.999,25435805.52129,64447,265796.85,12995915.2882200,0
2025-08-27 00:00:00,48.796,49.01,48.395,48.471,403100.96,2025-08-27 00:59:59.999,19628777.52902,52540,185736.34,9045498.6954800,0
2025-08-27 01:00:00,48.471,49.259,48.15,49.247,617716.25,2025-08-27 01:59:59.999,30048074.76248,67936,349888.70,17034989.3948600,0
2025-08-27 02:00:00,49.243,50.27,48.675,49.621,787116.17,2025-08-27 02:59:59.999,38900033.05225,78751,433513.34,21447489.9005100,0
2025-08-27 03:00:00,49.623,51.222,49.252,50.997,1319827.65,2025-08-27 03:59:59.999,66458808.64063,133441,722180.14,36379626.0027700,0
2025-08-27 04:00:00,50.996,51.254,50.446,50.94,721415.7,2025-08-27 04:59:59.999,36719272.45134,102884,338762.47,17258030.3236300,0
2025-08-27 05:00:00,50.945,51.219,50.518,50.76,454195.74,2025-08-27 05:59:59.999,23105945.38026,68849,199989.83,10179790.4558100,0
2025-08-27 06:00:00,50.763,50.811,50.067,50.31,583402.78,2025-08-27 06:59:59.999,29389176.05269,64691,229951.03,11582045.1200000,0
2025-08-27 07:00:00,50.312,50.469,49.679,49.976,535165.0,2025-08-27 07:59:59.999,26773459.23863,69644,232944.26,11658872.5839700,0
2025-08-27 08:00:00,49.977,50.275,48.224,48.95,1272320.05,2025-08-27 08:59:59.999,62517079.99093,102184,557615.03,27406002.5056100,0
2025-08-27 09:00:00,48.949,49.104,48.577,49.072,698377.42,2025-08-27 09:59:59.999,34101720.20522,70030,365094.86,17829113.3611900,0
2025-08-27 10:00:00,49.072,49.261,48.692,48.795,349643.18,2025-08-27 10:59:59.999,17134433.84833,46406,156976.95,7692994.4447100,0
2025-08-27 11:00:00,48.795,49.766,48.79,49.748,326502.52,2025-08-27 11:59:59.999,16115650.84934,47338,176096.63,8691090.5679800,0
2025-08-27 12:00:00,49.743,50.07,49.356,49.56,593248.0,2025-08-27 12:59:59.999,29477601.57034,68514,264031.24,13118963.6134200,0
2025-08-27 13:00:00,49.559,49.949,49.15,49.759,430811.73,2025-08-27 13:59:59.999,21362463.22505,65058,204261.38,10128466.7118700,0
2025-08-27 14:00:00,49.76,50.774,49.616,50.11,669711.42,2025-08-27 14:59:59.999,33661130.48998,80582,335825.94,16873054.6953100,0
2025-08-27 15:00:00,50.107,50.649,50.033,50.588,484413.98,2025-08-27 15:59:59.999,24368043.3198,62759,257096.57,12935170.5523300,0
2025-08-27 16:00:00,50.588,50.674,49.666,49.686,507370.45,2025-08-27 16:59:59.999,25447859.64926,60065,241217.22,12098344.5992200,0
2025-08-27 17:00:00,49.686,50.386,49.64,50.206,346829.88,2025-08-27 17:59:59.999,17351243.38726,51410,188518.24,9432253.1207800,0
2025-08-27 18:00:00,50.205,50.565,49.807,50.046,343812.1,2025-08-27 18:59:59.999,17257079.07222,51437,166693.56,8367848.2735700,0
2025-08-27 19:00:00,50.053,50.27,48.682,48.778,1095648.68,2025-08-27 19:59:59.999,53831687.46835,109397,514811.46,25273975.0601000,0
2025-08-27 20:00:00,48.777,49.469,48.328,49.26,1054931.08,2025-08-27 20:59:59.999,51551944.63138,108368,495998.74,24256058.4907200,0
2025-08-27 21:00:00,49.262,49.266,47.821,47.974,486029.29,2025-08-27 21:59:59.999,23527863.20179,56354,191172.78,9258968.3151200,0
2025-08-27 22:00:00,47.98,48.155,47.409,47.583,535557.79,2025-08-27 22:59:59.999,25574347.4242,59905,247055.97,11802485.6075800,0
2025-08-27 23:00:00,47.582,47.746,46.855,47.04,433994.09,2025-08-27 23:59:59.999,20491488.2155,55641,187485.05,8860114.9280200,0
2025-08-28 00:00:00,47.039,47.292,46.71,47.286,537874.27,2025-08-28 00:59:59.999,25289852.17547,64797,266480.35,12533923.9586800,0
2025-08-28 01:00:00,47.286,48.264,47.135,48.152,696193.95,2025-08-28 01:59:59.999,33297182.93801,82578,382375.52,18280568.2517300,0
2025-08-28 02:00:00,48.155,48.319,47.651,47.943,321773.1,2025-08-28 02:59:59.999,15423445.47396,40930,154207.75,7392890.3301700,0
2025-08-28 03:00:00,47.941,48.538,47.672,48.531,315367.76,2025-08-28 03:59:59.999,15194504.14852,41964,163990.14,7908711.2219000,0
2025-08-28 04:00:00,48.531,48.745,48.28,48.323,410209.23,2025-08-28 04:59:59.999,19917042.3681,48757,217758.76,10576600.3006600,0
2025-08-28 05:00:00,48.32,48.425,47.888,48.247,321620.69,2025-08-28 05:59:59.999,15490769.65258,40292,142546.83,6866879.6916700,0
2025-08-28 06:00:00,48.246,48.749,47.972,48.73,198674.87,2025-08-28 06:59:59.999,9627135.29604,31032,109222.37,5293879.7229200,0
2025-08-28 07:00:00,48.727,49.009,48.38,48.811,333610.71,2025-08-28 07:59:59.999,16252637.19632,46695,138055.33,6725159.4147200,0
2025-08-28 08:00:00,48.811,49.05,48.286,48.469,407721.89,2025-08-28 08:59:59.999,19832082.14878,47712,188840.13,9186170.2856500,0
2025-08-28 09:00:00,48.464,48.497,47.812,48.035,351561.99,2025-08-28 09:59:59.999,16903967.41552,33190,157708.17,7583606.3462200,0
2025-08-28 10:00:00,48.035,48.371,47.947,48.365,153428.28,2025-08-28 10:59:59.999,7390922.56362,21565,87083.50,4195378.6637600,0
2025-08-28 11:00:00,48.366,48.366,48.008,48.011,152031.07,2025-08-28 11:59:59.999,7323963.87701,23379,65648.19,3162423.6578600,0
2025-08-28 12:00:00,48.012,48.55,47.936,48.532,319378.62,2025-08-28 12:59:59.999,15418972.22532,37723,154338.59,7451809.3608100,0
2025-08-28 13:00:00,48.533,48.882,47.5,48.24,520044.42,2025-08-28 13:59:59.999,25194359.63495,60105,218462.96,10597297.8074100,0
2025-08-28 14:00:00,48.246,48.614,47.995,48.511,294126.12,2025-08-28 14:59:59.999,14224176.53152,40492,132381.82,6405335.2612200,0
2025-08-28 15:00:00,48.514,48.62,47.828,47.992,297702.67,2025-08-28 15:59:59.999,14322257.13174,41832,128352.51,6175826.4181700,0
2025-08-28 16:00:00,47.996,48.161,47.203,47.229,479651.93,2025-08-28 16:59:59.999,22895486.36584,53548,219780.90,10498260.8139900,0
2025-08-28 17:00:00,47.229,47.278,46.069,46.763,1695889.61,2025-08-28 17:59:59.999,79072958.51901,136247,777968.09,36285363.8207700,0
2025-08-28 18:00:00,46.762,47.35,46.572,46.83,525788.69,2025-08-28 18:59:59.999,24731185.00531,67053,237845.77,11193447.6098300,0
2025-08-28 19:00:00,46.829,47.25,45.837,46.074,809615.26,2025-08-28 19:59:59.999,37588015.02131,80215,341872.19,15870657.5528500,0
2025-08-28 20:00:00,46.075,46.577,45.916,45.921,411616.96,2025-08-28 20:59:59.999,19033116.29201,52753,215936.85,9989464.6607800,0
2025-08-28 21:00:00,45.921,46.105,45.685,46.08,291851.64,2025-08-28 21:59:59.999,13395072.02414,42244,146957.94,6747685.4882500,0
2025-08-28 22:00:00,46.078,46.327,45.794,45.928,274956.89,2025-08-28 22:59:59.999,12663265.94727,35724,133823.01,6165427.0529800,0
2025-08-28 23:00:00,45.925,46.093,45.562,45.608,285996.67,2025-08-28 23:59:59.999,13105719.36032,38633,130023.54,5962083.4197600,0
2025-08-29 00:00:00,45.609,45.996,45.324,45.914,439376.92,2025-08-29 00:59:59.999,20082252.98306,62871,210214.03,9611948.6369800,0
2025-08-29 01:00:00,45.925,46.146,45.713,45.767,349721.22,2025-08-29 01:59:59.999,16079930.98028,44173,190439.55,8758053.6068900,0
2025-08-29 02:00:00,45.767,46.09,45.567,45.567,288513.23,2025-08-29 02:59:59.999,13231396.48047,36137,128766.60,5904346.2569300,0
2025-08-29 03:00:00,45.568,45.947,45.324,45.696,242240.02,2025-08-29 03:59:59.999,11055503.57842,36236,127537.41,5822091.1251400,0
2025-08-29 04:00:00,45.689,46.048,45.559,45.781,149015.55,2025-08-29 04:59:59.999,6830690.17964,29915,74752.18,3427092.0753700,0
2025-08-29 05:00:00,45.783,45.824,45.461,45.472,183210.34,2025-08-29 05:59:59.999,8355848.41346,26695,95299.41,4346842.3490100,0
2025-08-29 06:00:00,45.473,45.479,44.888,45.349,521744.6,2025-08-29 06:59:59.999,23564220.86554,44434,199403.88,9008478.6096300,0
2025-08-29 07:00:00,45.349,45.35,44.286,44.431,941744.99,2025-08-29 07:59:59.999,42040377.21397,58739,424388.48,18936643.0943200,0
2025-08-29 08:00:00,44.431,44.94,44.002,44.079,666846.22,2025-08-29 08:59:59.999,29610250.91968,65074,319851.83,14218629.7531100,0
2025-08-29 09:00:00,44.078,44.406,43.744,44.245,520936.88,2025-08-29 09:59:59.999,22938546.83799,60496,273289.11,12040959.5985300,0
2025-08-29 10:00:00,44.241,44.711,44.191,44.357,338732.94,2025-08-29 10:59:59.999,15051991.16498,36060,200949.27,8928770.1285100,0
2025-08-29 11:00:00,44.357,44.417,44.165,44.417,253583.64,2025-08-29 11:59:59.999,11226964.54835,26386,158729.07,7028419.7326900,0
2025-08-29 12:00:00,44.417,45.412,44.411,45.319,716690.96,2025-08-29 12:59:59.999,32243767.46516,66886,380678.69,17128646.7612200,0
2025-08-29 13:00:00,45.318,45.435,44.278,44.52,789831.77,2025-08-29 13:59:59.999,35511674.58211,72023,341336.64,15353001.9916700,0
2025-08-29 14:00:00,44.521,44.998,43.913,44.203,711890.98,2025-08-29 14:59:59.999,31567092.99745,74525,347458.46,15413388.0049800,0
2025-08-29 15:00:00,44.207,45.118,44.16,44.835,559269.93,2025-08-29 15:59:59.999,25045972.05807,56564,275195.01,12325778.4812400,0
2025-08-29 16:00:00,44.84,45.042,44.589,44.652,390893.88,2025-08-29 16:59:59.999,17526974.85989,38397,151076.22,6775139.1521200,0
2025-08-29 17:00:00,44.652,44.8,44.187,44.728,300781.32,2025-08-29 17:59:59.999,13369607.05122,38537,140513.83,6249058.2553700,0
2025-08-29 18:00:00,44.728,44.734,43.656,43.684,385312.23,2025-08-29 18:59:59.999,16999812.1494,43465,150399.18,6634888.6818600,0
2025-08-29 19:00:00,43.683,44.338,43.498,43.679,483745.54,2025-08-29 19:59:59.999,21255960.39678,52831,232101.61,10206372.7217700,0
2025-08-29 20:00:00,43.679,44.274,43.318,44.196,552579.98,2025-08-29 20:59:59.999,24207749.76027,57720,288403.29,12637399.8796100,0
2025-08-29 21:00:00,44.2,44.803,43.948,44.324,506479.86,2025-08-29 21:59:59.999,22489970.09103,51216,249404.97,11072250.7909600,0
2025-08-29 22:00:00,44.324,44.593,44.121,44.461,187757.33,2025-08-29 22:59:59.999,8333296.42569,24119,103762.47,4604773.0676400,0
2025-08-29 23:00:00,44.46,44.651,44.285,44.432,166114.05,2025-08-29 23:59:59.999,7386499.69972,24050,84060.82,3737998.7912400,0
2025-08-30 00:00:00,44.434,44.535,44.015,44.154,181336.66,2025-08-30 00:59:59.999,8027154.90465,25919,77338.20,3424726.8460900,0
2025-08-30 01:00:00,44.155,44.199,43.701,43.772,239964.89,2025-08-30 01:59:59.999,10555416.89332,24721,112777.78,4961732.5359400,0
2025-08-30 02:00:00,43.771,44.313,43.709,44.118,154138.64,2025-08-30 02:59:59.999,6800601.74631,21110,79647.89,3513800.4456500,0
2025-08-30 03:00:00,44.119,44.65,44.118,44.591,182948.06,2025-08-30 03:59:59.999,8126328.30436,23350,104511.48,4642502.3822000,0
2025-08-30 04:00:00,44.592,44.785,44.376,44.53,195889.01,2025-08-30 04:59:59.999,8732928.93297,25258,96812.12,4318672.6814200,0
2025-08-30 05:00:00,44.53,44.921,44.189,44.2,226475.34,2025-08-30 05:59:59.999,10098114.6442,27463,99035.42,4416230.0444800,0
2025-08-30 06:00:00,44.201,44.327,43.96,43.976,182978.34,2025-08-30 06:59:59.999,8076890.32723,23190,95569.03,4219725.1281800,0
2025-08-30 07:00:00,43.976,44.356,43.942,44.342,157461.42,2025-08-30 07:59:59.999,6954697.24432,21639,87142.76,3848943.9698000,0
2025-08-30 08:00:00,44.341,44.344,43.634,43.684,225899.57,2025-08-30 08:59:59.999,9920979.86786,29329,90991.83,3996068.9853600,0
2025-08-30 09:00:00,43.687,43.765,43.381,43.559,205948.62,2025-08-30 09:59:59.999,8972856.68308,24782,85679.12,3733468.9575200,0
2025-08-30 10:00:00,43.56,43.779,43.289,43.455,266711.89,2025-08-30 10:59:59.999,11615175.52239,31781,126311.23,5502363.3207200,0
2025-08-30 11:00:00,43.456,43.619,43.363,43.52,111323.6,2025-08-30 11:59:59.999,4844803.57677,16930,57775.38,2514646.4705300,0
2025-08-30 12:00:00,43.519,43.668,43.266,43.634,160604.22,2025-08-30 12:59:59.999,6983496.79935,20959,70890.48,3083099.9732200,0
2025-08-30 13:00:00,43.634,43.821,43.389,43.713,223664.75,2025-08-30 13:59:59.999,9749170.85186,27660,96005.37,4185367.1970800,0
2025-08-30 14:00:00,43.713,43.798,43.524,43.688,149724.09,2025-08-30 14:59:59.999,6539740.84216,25016,73769.36,3221892.7961400,0
2025-08-30 15:00:00,43.688,44.195,43.562,44.173,223561.65,2025-08-30 15:59:59.999,9816120.00457,28376,119561.00,5250354.1595300,0
2025-08-30 16:00:00,44.169,44.179,43.864,44.056,182297.41,2025-08-30 16:59:59.999,8028388.37657,25514,78012.18,3436175.8432600,0
2025-08-30 17:00:00,44.058,44.223,43.83,44.118,140254.52,2025-08-30 17:59:59.999,6175936.28356,21968,64589.76,2844476.9267800,0
2025-08-30 18:00:00,44.117,44.318,44.058,44.277,89822.15,2025-08-30 18:59:59.999,3969402.71075,17521,43831.34,1937525.5480400,0
2025-08-30 19:00:00,44.277,44.289,43.869,43.945,107556.88,2025-08-30 19:59:59.999,4734765.1075,16165,49677.03,2186515.1785900,0
2025-08-30 20:00:00,43.945,44.042,43.838,43.992,68185.03,2025-08-30 20:59:59.999,2995431.64408,13727,41270.25,1813195.3406800,0
2025-08-30 21:00:00,43.992,44.077,43.827,43.915,38177.77,2025-08-30 21:59:59.999,1677048.35088,9219,17515.30,769347.7366700,0
2025-08-30 22:00:00,43.914,43.995,43.762,43.955,48490.91,2025-08-30 22:59:59.999,2127919.81372,9734,22460.82,985968.6820500,0
2025-08-30 23:00:00,43.956,44.207,43.949,44.066,79864.64,2025-08-30 23:59:59.999,3520799.95674,12609,46704.96,2058979.5238600,0
2025-08-31 00:00:00,44.066,44.867,44.034,44.763,228126.87,2025-08-31 00:59:59.999,10145081.55748,29517,137454.68,6110670.3807600,0
2025-08-31 01:00:00,44.761,44.823,44.443,44.71,135350.02,2025-08-31 01:59:59.999,6043283.42831,20540,68108.91,3041552.7046000,0
2025-08-31 02:00:00,44.71,44.729,44.47,44.646,90659.76,2025-08-31 02:59:59.999,4041443.56835,15083,40967.60,1826015.1737100,0
2025-08-31 03:00:00,44.649,44.957,44.614,44.941,93871.51,2025-08-31 03:59:59.999,4204828.35126,14955,54887.57,2458844.5497700,0
2025-08-31 04:00:00,44.941,44.95,44.594,44.837,115524.26,2025-08-31 04:59:59.999,5172030.20305,16668,41169.79,1842929.5303500,0
2025-08-31 05:00:00,44.838,44.94,44.686,44.94,75271.02,2025-08-31 05:59:59.999,3372420.57446,13409,35441.56,1588168.0282400,0
2025-08-31 06:00:00,44.94,45.002,44.704,44.781,114006.12,2025-08-31 06:59:59.999,5114664.26282,16571,60619.57,2720482.1988300,0
2025-08-31 07:00:00,44.78,45.089,44.492,44.514,142589.16,2025-08-31 07:59:59.999,6383409.41803,18593,77463.48,3471358.2354900,0
2025-08-31 08:00:00,44.514,44.867,44.455,44.858,93034.8,2025-08-31 08:59:59.999,4156500.04486,16331,54626.29,2441053.9445600,0
2025-08-31 09:00:00,44.858,44.858,44.31,44.359,171668.38,2025-08-31 09:59:59.999,7658617.41684,26910,78188.64,3489630.7157700,0
2025-08-31 10:00:00,44.358,44.46,44.2,44.395,142194.91,2025-08-31 10:59:59.999,6301108.68119,22111,61552.88,2728640.3560000,0
2025-08-31 11:00:00,44.395,44.456,44.241,44.447,66324.24,2025-08-31 11:59:59.999,2942241.73561,12708,35747.08,1585775.3165600,0
2025-08-31 12:00:00,44.445,44.526,44.256,44.499,92335.36,2025-08-31 12:59:59.999,4100715.08627,14557,43029.95,1911638.6941900,0
2025-08-31 13:00:00,44.497,44.633,44.221,44.286,153822.79,2025-08-31 13:59:59.999,6834823.95964,20416,76424.17,3396156.6653600,0
2025-08-31 14:00:00,44.292,44.464,44.117,44.283,123669.88,2025-08-31 14:59:59.999,5475995.51979,15937,76093.81,3369822.0442600,0
2025-08-31 15:00:00,44.283,44.523,44.167,44.488,158972.57,2025-08-31 15:59:59.999,7045218.9741,20236,85388.79,3785067.3916600,0
2025-08-31 16:00:00,44.488,45.081,44.408,45.072,278572.38,2025-08-31 16:59:59.999,12454696.13757,31702,138874.86,6209839.8953700,0
2025-08-31 17:00:00,45.072,45.367,44.9,45.16,296660.6,2025-08-31 17:59:59.999,13403525.41821,35896,158391.45,7155095.7635100,0
2025-08-31 18:00:00,45.161,45.346,45.048,45.06,88212.37,2025-08-31 18:59:59.999,3986883.87272,17030,45216.91,2044285.0887000,0
2025-08-31 19:00:00,45.058,45.076,44.693,44.804,168599.61,2025-08-31 19:59:59.999,7562524.44311,22783,83498.94,3743988.6659100,0
2025-08-31 20:00:00,44.808,44.97,44.717,44.864,42126.07,2025-08-31 20:59:59.999,1889815.61858,11161,21481.34,963810.4719300,0
2025-08-31 21:00:00,44.86,45.043,44.678,45.003,44059.17,2025-08-31 21:59:59.999,1976521.01299,11027,27202.28,1220400.4981200,0
2025-08-31 22:00:00,45.003,45.187,44.728,44.827,81167.95,2025-08-31 22:59:59.999,3647588.19597,18251,35910.28,1614672.5286700,0
2025-08-31 23:00:00,44.826,44.826,44.24,44.28,230708.19,2025-08-31 23:59:59.999,10259744.55848,27089,88584.27,3939151.7807800,0
2025-09-01 00:00:00,44.284,44.724,43.838,44.526,500395.83,2025-09-01 00:59:59.999,22129137.53426,54599,248685.09,11004705.0729400,0
2025-09-01 01:00:00,44.53,45.017,44.373,44.808,190411.5,2025-09-01 01:59:59.999,8517195.06378,32225,93837.15,4198981.3137300,0
2025-09-01 02:00:00,44.807,44.811,44.18,44.391,272727.73,2025-09-01 02:59:59.999,12121600.67731,32114,109849.19,4882945.2867700,0
2025-09-01 03:00:00,44.387,44.573,44.013,44.419,212338.09,2025-09-01 03:59:59.999,9413578.76514,27690,91755.83,4072749.5443800,0
2025-09-01 04:00:00,44.408,44.539,43.966,44.136,155469.61,2025-09-01 04:59:59.999,6876798.74108,23895,67733.36,2996040.4239700,0
2025-09-01 05:00:00,44.137,44.488,43.934,44.216,122495.0,2025-09-01 05:59:59.999,5416784.84515,21262,56842.60,2513914.7740700,0
2025-09-01 06:00:00,44.216,44.36,43.964,44.148,114019.8,2025-09-01 06:59:59.999,5035054.57112,17110,58318.73,2575616.0971500,0
2025-09-01 07:00:00,44.147,45.01,43.992,45.01,213533.23,2025-09-01 07:59:59.999,9510666.63615,29894,116675.97,5198372.4308900,0
2025-09-01 08:00:00,45.01,45.47,44.992,45.376,362340.19,2025-09-01 08:59:59.999,16386882.18115,44562,171106.59,7739459.4933200,0
2025-09-01 09:00:00,45.376,45.48,44.914,44.943,241910.27,2025-09-01 09:59:59.999,10946860.33665,28801,124060.29,5616699.3214900,0
2025-09-01 10:00:00,44.948,45.02,44.586,44.926,190857.66,2025-09-01 10:59:59.999,8551772.59757,23481,89088.59,3991872.2859900,0
2025-09-01 11:00:00,44.926,44.938,44.4,44.707,186075.28,2025-09-01 11:59:59.999,8313580.99704,21086,79381.49,3546699.5264200,0
2025-09-01 12:00:00,44.708,44.799,44.428,44.531,163769.0,2025-09-01 12:59:59.999,7303348.8331,21739,65433.03,2919622.6989400,0
2025-09-01 13:00:00,44.531,44.891,44.455,44.574,160989.01,2025-09-01 13:59:59.999,7191364.84935,24162,77747.77,3472654.9011800,0
2025-09-01 14:00:00,44.575,44.925,44.439,44.535,139664.12,2025-09-01 14:59:59.999,6239193.4924,22443,61343.01,2740752.9927300,0
2025-09-01 15:00:00,44.535,44.66,44.072,44.294,195436.54,2025-09-01 15:59:59.999,8652391.73997,25496,91147.35,4035325.2280800,0
2025-09-01 16:00:00,44.292,44.321,43.546,43.664,461968.97,2025-09-01 16:59:59.999,20241456.23014,41493,217649.23,9535012.9019300,0
2025-09-01 17:00:00,43.668,43.833,43.371,43.668,400108.87,2025-09-01 17:59:59.999,17438730.39606,37123,199566.32,8695360.8331500,0
2025-09-01 18:00:00,43.668,44.105,43.643,44.093,228774.61,2025-09-01 18:59:59.999,10037177.83121,24859,118505.32,5198376.8083700,0
2025-09-01 19:00:00,44.093,44.21,43.951,44.045,80644.73,2025-09-01 19:59:59.999,3554856.53255,16295,40892.61,1802413.9439000,0
2025-09-01 20:00:00,44.051,44.118,43.386,43.644,278950.23,2025-09-01 20:59:59.999,12176136.13118,32285,124638.70,5439057.6780700,0
2025-09-01 21:00:00,43.644,43.644,42.693,42.976,456699.72,2025-09-01 21:59:59.999,19665972.69143,39081,177291.74,7635941.0412500,0
2025-09-01 22:00:00,42.974,42.992,42.504,42.717,364167.86,2025-09-01 22:59:59.999,15556797.28308,34418,174529.48,7454057.1432100,0
2025-09-01 23:00:00,42.714,43.15,42.673,43.126,188615.73,2025-09-01 23:59:59.999,8089823.63481,22641,106540.71,4570520.3220200,0
2025-09-02 00:00:00,43.129,43.354,42.959,43.124,191911.9,2025-09-02 00:59:59.999,8279722.4691,26693,87607.04,3779108.0749300,0
2025-09-02 01:00:00,43.124,43.749,43.054,43.475,215784.76,2025-09-02 01:59:59.999,9363577.42341,28057,99416.12,4313696.5390700,0
2025-09-02 02:00:00,43.48,43.993,43.326,43.99,200411.96,2025-09-02 02:59:59.999,8746340.99243,26441,88464.94,3862419.2260600,0
2025-09-02 03:00:00,43.99,44.31,43.757,44.157,344462.16,2025-09-02 03:59:59.999,15172885.30255,32669,146634.30,6459379.4835700,0
2025-09-02 04:00:00,44.157,44.53,43.992,44.336,234462.06,2025-09-02 04:59:59.999,10383038.71162,29121,114363.60,5062655.2077100,0
2025-09-02 05:00:00,44.337,44.548,44.202,44.482,91467.46,2025-09-02 05:59:59.999,4058891.89859,20157,43050.67,1911020.2498500,0
2025-09-02 06:00:00,44.483,44.935,44.456,44.65,182585.02,2025-09-02 06:59:59.999,8165556.75949,30023,90802.97,4061815.8306300,0
2025-09-02 07:00:00,44.651,44.711,44.4,44.493,137022.01,2025-09-02 07:59:59.999,6104674.45537,24560,53528.94,2384703.8632000,0
2025-09-02 08:00:00,44.493,45.051,44.489,44.81,164886.52,2025-09-02 08:59:59.999,7385409.10716,26008,92578.01,4146428.2833500,0
2025-09-02 09:00:00,44.81,45.079,44.585,44.807,134135.47,2025-09-02 09:59:59.999,6012449.42752,19311,66106.47,2962843.3210700,0
2025-09-02 10:00:00,44.808,44.9,44.374,44.485,176614.97,2025-09-02 10:59:59.999,7875359.08402,22538,77509.52,3455030.4741500,0
2025-09-02 11:00:00,44.486,44.49,44.21,44.314,121075.78,2025-09-02 11:59:59.999,5365526.36372,15167,62918.93,2788249.9979800,0
2025-09-02 12:00:00,44.315,44.412,43.402,43.424,369331.36,2025-09-02 12:59:59.999,16202214.88701,41835,170930.71,7498665.8352900,0
2025-09-02 13:00:00,43.425,44.66,43.37,44.526,552714.6,2025-09-02 13:59:59.999,24319600.40031,55949,303883.94,13365572.7832500,0
2025-09-02 14:00:00,44.526,44.962,44.302,44.62,356213.63,2025-09-02 14:59:59.999,15909330.59254,47275,162708.76,7267013.4247400,0
2025-09-02 15:00:00,44.618,44.852,44.0,44.098,276108.43,2025-09-02 15:59:59.999,12258210.81549,32742,128575.40,5709913.2456700,0
2025-09-02 16:00:00,44.095,44.377,43.977,44.148,188098.69,2025-09-02 16:59:59.999,8312047.86999,25193,100078.56,4424441.5267100,0
2025-09-02 17:00:00,44.152,44.668,44.113,44.129,224421.33,2025-09-02 17:59:59.999,9941923.21848,26398,110951.92,4916082.8002100,0
2025-09-02 18:00:00,44.132,44.183,43.745,43.974,175828.99,2025-09-02 18:59:59.999,7723825.65154,23105,85592.53,3759325.3363200,0
2025-09-02 19:00:00,43.973,44.175,43.822,44.058,109963.86,2025-09-02 19:59:59.999,4836350.94967,18291,56708.77,2494593.9470900,0
2025-09-02 20:00:00,44.058,44.47,43.958,44.318,148117.29,2025-09-02 20:59:59.999,6564441.24825,21045,77281.92,3424724.4563600,0
2025-09-02 21:00:00,44.319,44.806,44.309,44.772,168053.91,2025-09-02 21:59:59.999,7495255.39048,19185,99869.12,4455561.9282100,0
2025-09-02 22:00:00,44.773,44.853,44.549,44.849,90147.69,2025-09-02 22:59:59.999,4029841.91672,17388,45772.58,2046407.2466500,0
2025-09-02 23:00:00,44.849,44.925,44.631,44.901,134672.83,2025-09-02 23:59:59.999,6031923.50735,21091,77826.13,3486553.4910400,0
2025-09-03 00:00:00,44.902,45.304,44.776,44.808,252302.26,2025-09-03 00:59:59.999,11369802.65545,29744,123561.31,5569843.8248100,0
2025-09-03 01:00:00,44.811,45.271,44.545,45.199,230107.43,2025-09-03 01:59:59.999,10309408.48028,25999,129409.04,5801054.6325100,0
2025-09-03 02:00:00,45.199,45.336,44.97,45.168,195000.04,2025-09-03 02:59:59.999,8807564.17791,25325,108137.99,4885806.8262400,0
2025-09-03 03:00:00,45.168,45.267,44.717,44.719,151225.02,2025-09-03 03:59:59.999,6800918.33546,23002,65286.29,2937355.7515100,0
2025-09-03 04:00:00,44.718,44.791,44.534,44.733,88004.66,2025-09-03 04:59:59.999,3931266.47432,16229,47769.30,2134163.7907600,0
2025-09-03 05:00:00,44.733,44.748,44.424,44.456,59600.8,2025-09-03 05:59:59.999,2655494.42905,12461,22146.26,986784.3177900,0
2025-09-03 06:00:00,44.46,44.55,44.266,44.379,124886.49,2025-09-03 06:59:59.999,5546130.7257,16406,52407.95,2328375.0875600,0
2025-09-03 07:00:00,44.38,44.568,44.279,44.525,85396.61,2025-09-03 07:59:59.999,3792982.36565,14407,43907.66,1950177.3151900,0
2025-09-03 08:00:00,44.528,44.758,44.45,44.707,115284.57,2025-09-03 08:59:59.999,5138514.34873,18857,61086.09,2722678.5463600,0
2025-09-03 09:00:00,44.707,45.5,44.614,45.481,231181.78,2025-09-03 09:59:59.999,10418749.45238,26683,121642.05,5486904.6473100,0
2025-09-03 10:00:00,45.481,45.797,45.253,45.532,298902.05,2025-09-03 10:59:59.999,13615909.02042,30157,127106.39,5790706.0221700,0
2025-09-03 11:00:00,45.528,46.006,45.467,45.578,225522.45,2025-09-03 11:59:59.999,10326308.30797,28662,109517.23,5015761.6222700,0
2025-09-03 12:00:00,45.588,45.823,45.38,45.542,147825.7,2025-09-03 12:59:59.999,6738949.85582,24440,64299.29,2932137.6139700,0
2025-09-03 13:00:00,45.542,46.147,45.4,45.676,374407.67,2025-09-03 13:59:59.999,17139061.74639,40841,190425.22,8713990.6841800,0
2025-09-03 14:00:00,45.678,46.21,45.429,46.037,381138.02,2025-09-03 14:59:59.999,17488812.78617,44928,178448.24,8189810.0829300,0
2025-09-03 15:00:00,46.037,46.151,45.739,46.08,203934.48,2025-09-03 15:59:59.999,9371706.32831,27783,107680.19,4950514.0133100,0
2025-09-03 16:00:00,46.081,46.272,45.85,46.157,257156.0,2025-09-03 16:59:59.999,11855157.3679,36508,155051.62,7148364.6632600,0
2025-09-03 17:00:00,46.157,46.518,46.067,46.171,291612.39,2025-09-03 17:59:59.999,13504104.32035,42847,160941.63,7454323.0869200,0
2025-09-03 18:00:00,46.172,46.3,45.605,45.831,258302.02,2025-09-03 18:59:59.999,11857993.70401,34663,112831.69,5180105.0989700,0
2025-09-03 19:00:00,45.828,45.944,45.672,45.832,178164.99,2025-09-03 19:59:59.999,8162293.04347,25278,85002.60,3894214.1792700,0
2025-09-03 20:00:00,45.837,46.107,45.81,45.992,116303.09,2025-09-03 20:59:59.999,5344700.29488,19530,60833.64,2795873.4463500,0
2025-09-03 21:00:00,45.992,46.095,45.8,46.001,127526.16,2025-09-03 21:59:59.999,5857765.75223,17444,64684.92,2971359.0741700,0
2025-09-03 22:00:00,46.001,46.125,45.914,46.12,92292.01,2025-09-03 22:59:59.999,4247432.48482,15412,47039.48,2164892.1899600,0
2025-09-03 23:00:00,46.12,46.135,45.804,45.883,143567.98,2025-09-03 23:59:59.999,6597738.30435,17095,72069.07,3310968.5803700,0
2025-09-04 00:00:00,45.883,46.449,45.732,46.285,226415.74,2025-09-04 00:59:59.999,10440988.44746,31899,130961.49,6039599.4921200,0
2025-09-04 01:00:00,46.286,46.288,45.878,46.056,141035.18,2025-09-04 01:59:59.999,6495607.90776,22596,58434.65,2690785.8638700,0
2025-09-04 02:00:00,46.05,46.075,45.539,45.719,183988.18,2025-09-04 02:59:59.999,8424074.95704,25879,74433.36,3407562.8922300,0
2025-09-04 03:00:00,45.719,45.899,45.419,45.456,187227.79,2025-09-04 03:59:59.999,8537803.89378,24408,79487.29,3626941.5765200,0
2025-09-04 04:00:00,45.456,45.757,45.41,45.456,132557.35,2025-09-04 04:59:59.999,6042215.60521,20708,62407.93,2844568.1885300,0
2025-09-04 05:00:00,45.456,45.562,45.3,45.519,157201.39,2025-09-04 05:59:59.999,7139030.07303,23627,74457.14,3381927.6038700,0
2025-09-04 06:00:00,45.519,45.628,45.235,45.455,157878.94,2025-09-04 06:59:59.999,7167238.92114,23086,63651.16,2890280.7347000,0
2025-09-04 07:00:00,45.454,45.716,45.336,45.668,135297.8,2025-09-04 07:59:59.999,6159950.77777,22224,66242.12,3016143.8015400,0
2025-09-04 08:00:00,45.668,45.923,45.502,45.58,170182.02,2025-09-04 08:59:59.999,7775473.43926,22564,74317.38,3397409.9214800,0
2025-09-04 09:00:00,45.58,45.972,45.58,45.965,91198.02,2025-09-04 09:59:59.999,4179754.35405,15461,51901.31,2378367.1761400,0
2025-09-04 10:00:00,45.965,45.993,45.745,45.757,95710.69,2025-09-04 10:59:59.999,4391053.95735,17859,38531.45,1767906.3036300,0
2025-09-04 11:00:00,45.758,46.05,45.705,45.889,76757.1,2025-09-04 11:59:59.999,3525078.2344,15660,38550.39,1770415.7353700,0
2025-09-04 12:00:00,45.89,46.082,45.734,45.955,125312.87,2025-09-04 12:59:59.999,5754458.96071,19778,60458.70,2776668.6214000,0
2025-09-04 13:00:00,45.954,45.967,45.525,45.541,305447.14,2025-09-04 13:59:59.999,13961836.11365,30727,134565.45,6150209.9216600,0
2025-09-04 14:00:00,45.544,45.676,45.038,45.331,346890.83,2025-09-04 14:59:59.999,15716429.95644,38476,151431.49,6862880.4615000,0
2025-09-04 15:00:00,45.331,45.333,44.884,45.216,300207.43,2025-09-04 15:59:59.999,13540301.98391,30049,132018.20,5954261.6864300,0
2025-09-04 16:00:00,45.214,45.378,44.866,45.055,154126.09,2025-09-04 16:59:59.999,6943790.63754,22899,80476.39,3625672.1451100,0
2025-09-04 17:00:00,45.056,45.397,45.026,45.259,145224.79,2025-09-04 17:59:59.999,6571861.85156,17555,57577.21,2605351.5083200,0
2025-09-04 18:00:00,45.258,45.428,44.877,44.959,148664.79,2025-09-04 18:59:59.999,6705776.2419,18000,56404.07,2544930.6263000,0
2025-09-04 19:00:00,44.959,45.091,44.431,44.49,205572.0,2025-09-04 19:59:59.999,9175411.17161,22702,76796.10,3428606.9787300,0
2025-09-04 20:00:00,44.491,45.154,44.431,45.021,297010.99,2025-09-04 20:59:59.999,13322373.7239,25983,150756.96,6761363.4235300,0
2025-09-04 21:00:00,45.022,45.381,44.936,45.193,164482.54,2025-09-04 21:59:59.999,7434450.77821,15120,91477.76,4134510.0279900,0
2025-09-04 22:00:00,45.193,45.803,45.152,45.789,160947.17,2025-09-04 22:59:59.999,7321119.84304,18365,94705.07,4307182.9318800,0
2025-09-04 23:00:00,45.79,45.883,45.237,45.373,217750.07,2025-09-04 23:59:59.999,9930835.15201,23867,86271.10,3935324.6258100,0
2025-09-05 00:00:00,45.372,45.554,45.169,45.19,142277.95,2025-09-05 00:59:59.999,6459739.39256,21931,67272.47,3054846.4175800,0
2025-09-05 01:00:00,45.191,45.512,45.166,45.413,122073.14,2025-09-05 01:59:59.999,5538458.97002,17527,67866.38,3079308.8405900,0
2025-09-05 02:00:00,45.413,45.68,45.236,45.627,133531.91,2025-09-05 02:59:59.999,6071740.45756,17197,82345.71,3744825.3002700,0
2025-09-05 03:00:00,45.627,45.66,45.079,45.207,152380.99,2025-09-05 03:59:59.999,6901639.651,18616,61395.33,2779904.4154600,0
2025-09-05 04:00:00,45.208,45.543,45.208,45.496,97765.26,2025-09-05 04:59:59.999,4436730.45919,13422,51596.52,2341397.9902900,0
2025-09-05 05:00:00,45.487,45.635,45.423,45.6,54032.15,2025-09-05 05:59:59.999,2460255.97632,10841,28985.71,1319815.5111500,0
2025-09-05 06:00:00,45.6,45.834,45.544,45.818,107479.5,2025-09-05 06:59:59.999,4909457.88225,14995,59990.13,2740755.6528900,0
2025-09-05 07:00:00,45.819,46.343,45.79,46.286,254797.59,2025-09-05 07:59:59.999,11749934.43938,28504,127146.10,5862617.2763100,0
2025-09-05 08:00:00,46.286,46.295,45.905,45.956,153406.92,2025-09-05 08:59:59.999,7063646.78608,18212,65807.79,3029747.1238600,0
2025-09-05 09:00:00,45.954,46.233,45.835,46.176,107579.58,2025-09-05 09:59:59.999,4950123.48628,14457,50212.33,2311121.6364600,0
2025-09-05 10:00:00,46.176,46.37,46.155,46.265,83513.34,2025-09-05 10:59:59.999,3863095.17344,12318,37144.81,1718493.8194600,0
2025-09-05 11:00:00,46.265,47.78,46.135,47.07,1111559.66,2025-09-05 11:59:59.999,52088330.08503,72921,614975.14,28812588.6815300,0
2025-09-05 12:00:00,47.072,47.335,46.37,47.296,950837.84,2025-09-05 12:59:59.999,44543426.91937,94036,408286.94,19137465.0308000,0
2025-09-05 13:00:00,47.305,47.746,46.595,47.381,926948.73,2025-09-05 13:59:59.999,43810302.1981,87059,430382.26,20354670.6209300,0
2025-09-05 14:00:00,47.382,47.425,46.02,46.253,1056901.56,2025-09-05 14:59:59.999,49231055.11817,98272,538985.93,25096615.2625700,0
2025-09-05 15:00:00,46.251,46.983,46.055,46.639,415475.65,2025-09-05 15:59:59.999,19357211.14921,51676,193408.66,9011849.8159000,0
2025-09-05 16:00:00,46.642,46.834,46.331,46.807,203116.35,2025-09-05 16:59:59.999,9460169.70584,28643,105481.75,4914023.3002700,0
2025-09-05 17:00:00,46.808,46.899,46.215,46.436,229667.25,2025-09-05 17:59:59.999,10682737.24602,29660,92337.09,4293999.4986100,0
2025-09-05 18:00:00,46.436,46.589,46.066,46.576,205361.64,2025-09-05 18:59:59.999,9508026.74191,26631,106829.33,4946459.3765600,0
2025-09-05 19:00:00,46.576,47.371,46.44,47.22,377277.82,2025-09-05 19:59:59.999,17728462.38577,39099,219367.37,10301232.2879400,0
2025-09-05 20:00:00,47.214,47.4,46.908,47.373,204970.76,2025-09-05 20:59:59.999,9653180.41621,24855,124531.24,5864639.6731600,0
2025-09-05 21:00:00,47.372,47.513,46.952,47.264,354527.52,2025-09-05 21:59:59.999,16754693.8736,41433,176097.58,8324811.3001200,0
2025-09-05 22:00:00,47.261,47.419,47.061,47.195,132317.0,2025-09-05 22:59:59.999,6247767.55264,21510,71730.31,3387521.4548700,0
2025-09-05 23:00:00,47.194,47.546,47.163,47.271,125018.09,2025-09-05 23:59:59.999,5916290.06881,21676,65128.97,3082297.3333500,0
2025-09-06 00:00:00,47.271,47.895,47.265,47.82,312584.74,2025-09-06 00:59:59.999,14894615.63522,34656,154850.65,7374721.5913900,0
2025-09-06 01:00:00,47.822,47.87,47.497,47.529,200927.27,2025-09-06 01:59:59.999,9578141.79763,29563,90148.89,4297975.0311900,0
2025-09-06 02:00:00,47.529,47.719,47.282,47.424,142249.39,2025-09-06 02:59:59.999,6751399.80165,20484,81295.78,3859218.9574300,0
2025-09-06 03:00:00,47.423,47.879,47.355,47.73,170585.43,2025-09-06 03:59:59.999,8121543.1421,24254,80302.87,3823161.5342600,0
2025-09-06 04:00:00,47.729,47.729,47.335,47.359,147960.4,2025-09-06 04:59:59.999,7018850.24694,19909,76509.82,3629751.2046800,0
2025-09-06 05:00:00,47.36,47.366,46.906,47.198,169261.25,2025-09-06 05:59:59.999,7970391.5307,20492,81754.24,3847625.3527300,0
2025-09-06 06:00:00,47.197,47.202,46.925,47.082,161458.79,2025-09-06 06:59:59.999,7593195.29625,18225,59461.17,2797567.1608300,0
2025-09-06 07:00:00,47.081,47.131,46.78,46.865,87971.17,2025-09-06 07:59:59.999,4129044.90881,15057,32012.07,1502643.4392700,0
2025-09-06 08:00:00,46.866,46.937,46.678,46.773,140234.95,2025-09-06 08:59:59.999,6566269.5501,15483,87900.48,4116712.1823000,0
2025-09-06 09:00:00,46.77,46.771,46.525,46.631,184722.9,2025-09-06 09:59:59.999,8609493.66798,17055,96419.77,4493824.2708500,0
2025-09-06 10:00:00,46.631,46.86,46.614,46.836,81602.57,2025-09-06 10:59:59.999,3813763.39627,11368,43035.01,2011219.3585500,0
2025-09-06 11:00:00,46.836,46.9,46.678,46.896,118489.04,2025-09-06 11:59:59.999,5545099.73474,11329,71358.69,3340070.5078300,0
2025-09-06 12:00:00,46.896,46.999,46.813,46.834,101021.7,2025-09-06 12:59:59.999,4738961.85693,11609,62474.69,2931225.0286100,0
2025-09-06 13:00:00,46.833,46.95,46.666,46.894,105433.78,2025-09-06 13:59:59.999,4934775.99354,11925,55030.88,2576188.7481900,0
2025-09-06 14:00:00,46.895,47.068,46.861,46.97,103756.02,2025-09-06 14:59:59.999,4875667.31422,11675,63358.73,2977646.0982700,0
2025-09-06 15:00:00,46.97,47.022,46.45,46.48,158800.23,2025-09-06 15:59:59.999,7416915.40508,19000,70995.03,3316724.7520700,0
2025-09-06 16:00:00,46.479,46.512,46.064,46.24,284627.05,2025-09-06 16:59:59.999,13165433.42707,29751,135868.39,6285302.5611700,0
2025-09-06 17:00:00,46.24,46.242,45.762,45.944,177696.69,2025-09-06 17:59:59.999,8166448.55539,18503,78502.77,3607462.5427000,0
2025-09-06 18:00:00,45.943,46.111,45.626,45.803,248887.46,2025-09-06 18:59:59.999,11417048.40878,24623,124827.45,5728660.8576300,0
2025-09-06 19:00:00,45.804,45.847,45.439,45.614,178244.09,2025-09-06 19:59:59.999,8137477.61779,19253,67306.85,3073248.3402900,0
2025-09-06 20:00:00,45.612,46.03,45.585,46.023,155608.03,2025-09-06 20:59:59.999,7125864.6439,16050,92958.91,4257569.2642700,0
2025-09-06 21:00:00,46.025,46.06,45.855,46.056,66011.37,2025-09-06 21:59:59.999,3035197.52205,8345,43100.81,1981900.7791200,0
2025-09-06 22:00:00,46.056,46.255,45.99,46.193,114602.03,2025-09-06 22:59:59.999,5286447.39467,14188,69112.88,3188242.3927800,0
2025-09-06 23:00:00,46.19,46.287,46.015,46.015,83757.94,2025-09-06 23:59:59.999,3867475.01457,11536,41267.87,1905801.9427400,0
2025-09-07 00:00:00,46.015,46.666,46.0,46.59,239799.14,2025-09-07 00:59:59.999,11126432.61357,24363,137606.79,6383851.3543900,0
2025-09-07 01:00:00,46.589,46.957,46.548,46.765,180809.56,2025-09-07 01:59:59.999,8453469.74982,17865,81221.93,3795458.9554400,0
2025-09-07 02:00:00,46.766,47.184,46.655,46.949,381356.48,2025-09-07 02:59:59.999,17883753.48374,32015,210049.97,9847929.9688600,0
2025-09-07 03:00:00,46.944,47.054,46.817,46.901,60936.65,2025-09-07 03:59:59.999,2860495.25408,9119,31409.47,1474656.3186000,0
2025-09-07 04:00:00,46.901,46.959,46.75,46.796,132985.59,2025-09-07 04:59:59.999,6231251.70176,13838,51594.99,2418470.7252100,0
2025-09-07 05:00:00,46.802,46.946,46.668,46.797,73764.49,2025-09-07 05:59:59.999,3453508.25896,10565,35420.41,1658811.9975500,0
2025-09-07 06:00:00,46.797,46.822,46.583,46.594,70823.02,2025-09-07 06:59:59.999,3307936.65071,9677,27486.17,1283921.1410600,0
2025-09-07 07:00:00,46.593,47.042,46.521,47.042,105434.67,2025-09-07 07:59:59.999,4932312.60895,15660,59089.13,2765460.8426000,0
2025-09-07 08:00:00,47.042,47.367,46.963,47.241,205252.53,2025-09-07 08:59:59.999,9691819.7201,20282,96285.62,4546801.4350200,0
2025-09-07 09:00:00,47.242,47.486,47.045,47.299,191234.39,2025-09-07 09:59:59.999,9036095.35127,21536,90787.67,4288453.1148300,0
2025-09-07 10:00:00,47.3,47.403,47.173,47.283,89016.65,2025-09-07 10:59:59.999,4209441.78276,13344,39946.29,1888881.2493100,0
2025-09-07 11:00:00,47.283,47.341,47.091,47.194,68155.98,2025-09-07 11:59:59.999,3217348.54805,11373,38397.13,1812630.7817800,0
2025-09-07 12:00:00,47.194,47.221,46.896,47.061,166946.84,2025-09-07 12:59:59.999,7851925.98863,17442,86343.21,4062001.6842600,0
2025-09-07 13:00:00,47.061,47.31,47.024,47.293,74684.71,2025-09-07 13:59:59.999,3524561.80327,12951,37315.10,1761131.6534100,0
2025-09-07 14:00:00,47.293,47.547,47.098,47.435,212206.15,2025-09-07 14:59:59.999,10048708.13373,26471,119389.87,5653973.2419200,0
2025-09-07 15:00:00,47.436,47.72,47.28,47.579,189547.59,2025-09-07 15:59:59.999,9009649.45062,20478,85407.33,4059631.2557300,0
2025-09-07 16:00:00,47.577,47.677,47.082,47.165,220233.49,2025-09-07 16:59:59.999,10432746.09488,26453,96449.79,4568620.0692400,0
2025-09-07 17:00:00,47.164,47.23,46.921,47.11,148087.39,2025-09-07 17:59:59.999,6969843.41354,20731,75790.30,3567463.6606700,0
2025-09-07 18:00:00,47.109,47.118,46.87,47.059,86481.89,2025-09-07 18:59:59.999,4064036.70383,14894,40487.10,1902595.1274400,0
2025-09-07 19:00:00,47.059,47.244,46.901,47.082,111535.71,2025-09-07 19:59:59.999,5249338.5492,19244,54922.92,2584987.3345200,0
2025-09-07 20:00:00,47.081,47.184,46.772,47.157,123145.79,2025-09-07 20:59:59.999,5780369.63893,17496,52899.71,2483440.7595600,0
2025-09-07 21:00:00,47.157,47.178,46.842,46.891,55213.43,2025-09-07 21:59:59.999,2595427.73103,10235,26284.42,1235253.5817300,0
2025-09-07 22:00:00,46.886,47.242,46.876,47.182,60825.91,2025-09-07 22:59:59.999,2863886.41033,10407,30756.35,1447654.6525500,0
2025-09-07 23:00:00,47.19,47.517,47.065,47.113,137870.26,2025-09-07 23:59:59.999,6523489.62674,16870,80642.61,3816930.9981500,0
2025-09-08 00:00:00,47.112,47.364,46.97,47.193,152942.64,2025-09-08 00:59:59.999,7212148.05514,21208,69327.30,3269887.3267100,0
2025-09-08 01:00:00,47.193,47.595,47.103,47.462,177830.5,2025-09-08 01:59:59.999,8430918.87222,24081,84217.72,3992465.1014100,0
2025-09-08 02:00:00,47.462,48.466,47.422,48.42,402957.07,2025-09-08 02:59:59.999,19338827.93464,37672,208304.38,9996891.5233400,0
2025-09-08 03:00:00,48.426,49.011,48.28,48.776,437740.43,2025-09-08 03:59:59.999,21320898.43039,40597,223975.45,10904562.3171700,0
2025-09-08 04:00:00,48.775,48.857,48.453,48.779,276405.89,2025-09-08 04:59:59.999,13446713.53885,36280,137396.55,6685471.6816600,0
2025-09-08 05:00:00,48.78,49.652,48.77,49.64,431449.53,2025-09-08 05:59:59.999,21229019.51617,51266,254403.02,12521355.9757600,0
2025-09-08 06:00:00,49.639,50.073,49.191,49.797,481401.9,2025-09-08 06:59:59.999,23874381.20336,48607,275894.19,13674747.8482900,0
2025-09-08 07:00:00,49.804,50.157,49.56,50.072,335682.0,2025-09-08 07:59:59.999,16765390.65086,42830,161176.95,8051708.7629500,0
2025-09-08 08:00:00,50.072,51.078,50.064,51.023,653857.7,2025-09-08 08:59:59.999,33133107.38876,67576,360691.67,18280072.1126800,0
2025-09-08 09:00:00,51.023,51.237,50.498,50.665,593181.11,2025-09-08 09:59:59.999,30183624.70728,67529,248741.95,12663771.9465300,0
2025-09-08 10:00:00,50.661,50.909,50.554,50.759,381332.02,2025-09-08 10:59:59.999,19341819.15113,47432,170494.89,8649695.6277300,0
2025-09-08 11:00:00,50.758,50.863,50.32,50.5,386370.59,2025-09-08 11:59:59.999,19544490.29508,47745,165885.67,8391569.6354100,0
2025-09-08 12:00:00,50.498,50.975,50.45,50.907,306487.17,2025-09-08 12:59:59.999,15547885.30413,43418,162503.18,8244598.4427900,0
2025-09-08 13:00:00,50.908,51.973,50.845,51.334,1329245.15,2025-09-08 13:59:59.999,68370734.32578,123164,645194.75,33195011.9752300,0
2025-09-08 14:00:00,51.332,51.843,51.266,51.549,347677.08,2025-09-08 14:59:59.999,17920661.08225,54417,172426.55,8887499.9444400,0
2025-09-08 15:00:00,51.55,51.96,51.176,51.539,500610.63,2025-09-08 15:59:59.999,25828861.5433,61414,222297.27,11471686.4735800,0
2025-09-08 16:00:00,51.538,51.6,50.911,50.995,411742.77,2025-09-08 16:59:59.999,21083180.82815,47372,200141.44,10252889.3547000,0
2025-09-08 17:00:00,50.998,51.001,50.433,50.657,641920.91,2025-09-08 17:59:59.999,32540275.49478,50601,323915.75,16420392.3982600,0
2025-09-08 18:00:00,50.658,50.943,50.421,50.723,254581.05,2025-09-08 18:59:59.999,12900311.59809,34288,136915.58,6940826.6944100,0
2025-09-08 19:00:00,50.723,50.758,50.256,50.424,230986.52,2025-09-08 19:59:59.999,11652970.19298,32942,98325.50,4960211.2540800,0
2025-09-08 20:00:00,50.424,50.511,49.876,50.25,411580.85,2025-09-08 20:59:59.999,20627268.63988,34753,183810.41,9214768.7663700,0
2025-09-08 21:00:00,50.254,50.728,50.141,50.701,309073.78,2025-09-08 21:59:59.999,15597202.09875,29037,174871.15,8824896.6029900,0
2025-09-08 22:00:00,50.701,51.086,50.434,50.818,294853.42,2025-09-08 22:59:59.999,14982094.93519,42488,153134.51,7781824.9059500,0
2025-09-08 23:00:00,50.819,51.033,50.655,50.901,158297.13,2025-09-08 23:59:59.999,8047070.2333,26468,74939.51,3810104.2954800,0
2025-09-09 00:00:00,50.9,51.267,50.538,51.018,360814.76,2025-09-09 00:59:59.999,18339206.67566,49705,179919.25,9145156.4490400,0
2025-09-09 01:00:00,51.018,51.477,50.848,51.194,274757.47,2025-09-09 01:59:59.999,14059604.3957,41758,137034.75,7009542.3425500,0
2025-09-09 02:00:00,51.195,51.336,50.656,50.884,246665.35,2025-09-09 02:59:59.999,12577306.67625,35616,116236.41,5929306.5965900,0
2025-09-09 03:00:00,50.891,51.767,50.791,51.489,296809.68,2025-09-09 03:59:59.999,15247049.60174,37792,162254.73,8338466.8322700,0
2025-09-09 04:00:00,51.488,53.181,51.365,53.079,1016205.14,2025-09-09 04:59:59.999,53284823.69796,90397,572473.79,30025702.4933100,0
2025-09-09 05:00:00,53.078,53.623,52.88,53.605,522695.28,2025-09-09 05:59:59.999,27839096.57662,69355,267297.92,14240167.3293200,0
2025-09-09 06:00:00,53.606,55.106,53.523,54.677,1243928.61,2025-09-09 06:59:59.999,67692276.96228,131123,668717.29,36372587.4733100,0
2025-09-09 07:00:00,54.676,55.151,54.021,54.546,764466.13,2025-09-09 07:59:59.999,41728614.12225,95456,355188.41,19390025.9064500,0
2025-09-09 08:00:00,54.545,54.928,54.341,54.428,412353.53,2025-09-09 08:59:59.999,22536860.8804,50396,227487.60,12435177.2790400,0
2025-09-09 09:00:00,54.429,55.359,54.35,54.919,568126.46,2025-09-09 09:59:59.999,31159921.40439,55571,364846.19,20011307.5818100,0
2025-09-09 10:00:00,54.917,55.248,54.416,55.011,557817.3,2025-09-09 10:59:59.999,30567306.46306,68005,297663.15,16312970.9244000,0
2025-09-09 11:00:00,55.011,55.101,53.699,53.915,626942.83,2025-09-09 11:59:59.999,34035744.99072,69693,291421.05,15820457.1252500,0
2025-09-09 12:00:00,53.914,54.257,53.187,53.77,608392.96,2025-09-09 12:59:59.999,32670934.89841,67851,244663.97,13151083.9177800,0
2025-09-09 13:00:00,53.769,54.122,53.333,53.6,522174.4,2025-09-09 13:59:59.999,28058751.46958,70926,259381.29,13948089.3434900,0
2025-09-09 14:00:00,53.605,54.329,52.816,53.545,1381295.44,2025-09-09 14:59:59.999,73796013.62733,132323,682140.45,36442937.8433400,0
2025-09-09 15:00:00,53.545,53.615,52.076,52.666,1090825.0,2025-09-09 15:59:59.999,57456031.53276,104655,500412.69,26349810.3161200,0
2025-09-09 16:00:00,52.667,53.445,52.508,52.581,482513.8,2025-09-09 16:59:59.999,25559066.31633,65933,238349.39,12629522.5424400,0
2025-09-09 17:00:00,52.581,53.041,52.397,52.409,301380.34,2025-09-09 17:59:59.999,15891699.14125,48891,139164.64,7340072.7450000,0
2025-09-09 18:00:00,52.41,53.142,52.366,53.032,238295.88,2025-09-09 18:59:59.999,12592696.89925,43024,135253.86,7151116.0671400,0
2025-09-09 19:00:00,53.033,54.01,52.944,53.814,436812.26,2025-09-09 19:59:59.999,23398344.9391,52521,241591.41,12941883.5226400,0
2025-09-09 20:00:00,53.813,53.991,52.858,53.47,425945.4,2025-09-09 20:59:59.999,22730025.90718,48970,185392.30,9899894.0779500,0
2025-09-09 21:00:00,53.469,53.822,53.216,53.311,304613.91,2025-09-09 21:59:59.999,16306238.92094,35533,186827.08,10005822.6447000,0
2025-09-09 22:00:00,53.31,53.494,53.076,53.192,119614.56,2025-09-09 22:59:59.999,6369601.81058,26541,63770.35,3397366.4853800,0
2025-09-09 23:00:00,53.195,53.371,52.709,53.315,282967.64,2025-09-09 23:59:59.999,15006832.32525,40035,102230.77,5425556.4523500,0
2025-09-10 00:00:00,53.315,53.376,52.581,52.659,228597.05,2025-09-10 00:59:59.999,12083064.07687,32815,91402.38,4832807.9676200,0
2025-09-10 01:00:00,52.659,53.32,52.575,53.24,238543.76,2025-09-10 01:59:59.999,12658937.91354,30684,113077.49,5999876.6196300,0
2025-09-10 02:00:00,53.243,54.453,53.229,54.056,696274.47,2025-09-10 02:59:59.999,37544315.07298,77762,389490.19,21002817.9607600,0
2025-09-10 03:00:00,54.052,54.052,53.395,53.785,275083.35,2025-09-10 03:59:59.999,14755190.85054,36532,118455.69,6353502.7956200,0
2025-09-10 04:00:00,53.786,54.472,53.426,54.238,282015.33,2025-09-10 04:59:59.999,15240921.89058,40446,152069.19,8220261.8215300,0
2025-09-10 05:00:00,54.237,54.999,54.0,54.6,488413.51,2025-09-10 05:59:59.999,26652735.15522,55045,232769.75,12705640.0724700,0
2025-09-10 06:00:00,54.599,55.143,54.4,54.949,428622.07,2025-09-10 06:59:59.999,23519602.57672,47162,211782.49,11623730.5890200,0
2025-09-10 07:00:00,54.949,55.502,54.832,55.152,501896.42,2025-09-10 07:59:59.999,27718466.29022,67481,276895.27,15298143.2463200,0
2025-09-10 08:00:00,55.152,55.461,54.783,54.959,336601.3,2025-09-10 08:59:59.999,18558730.59526,49577,139641.30,7697844.4008700,0
2025-09-10 09:00:00,54.96,55.808,54.802,54.813,664478.77,2025-09-10 09:59:59.999,36755430.5832,85974,317859.77,17597482.9388000,0
2025-09-10 10:00:00,54.814,54.873,54.108,54.289,431007.24,2025-09-10 10:59:59.999,23472512.0903,59083,191092.05,10410513.6094400,0
2025-09-10 11:00:00,54.29,54.516,54.039,54.516,280136.03,2025-09-10 11:59:59.999,15200569.92667,40511,144971.70,7870563.8779000,0
2025-09-10 12:00:00,54.515,55.384,54.201,54.426,855630.02,2025-09-10 12:59:59.999,46906141.07374,89858,431817.34,23684520.1236900,0
2025-09-10 13:00:00,54.427,55.504,54.386,55.159,627214.21,2025-09-10 13:59:59.999,34508941.10125,75491,297646.04,16373291.6907700,0
2025-09-10 14:00:00,55.16,55.341,54.852,54.968,341632.58,2025-09-10 14:59:59.999,18831198.71474,55077,143255.10,7899824.7673900,0
2025-09-10 15:00:00,54.967,55.454,54.66,55.133,363880.95,2025-09-10 15:59:59.999,20036174.2487,52284,178654.68,9836284.2425300,0
2025-09-10 16:00:00,55.137,55.42,54.787,55.027,256638.03,2025-09-10 16:59:59.999,14139313.9158,47296,115165.76,6344867.9240300,0
2025-09-10 17:00:00,55.028,55.142,54.49,55.105,327929.66,2025-09-10 17:59:59.999,17958012.57425,38399,153368.64,8403561.4909600,0
2025-09-10 18:00:00,55.105,55.173,54.542,55.074,251786.06,2025-09-10 18:59:59.999,13817264.50896,37498,121290.61,6655158.6396400,0
2025-09-10 19:00:00,55.069,55.069,53.7,54.405,591883.99,2025-09-10 19:59:59.999,32097002.60764,63324,268739.08,14567352.4123400,0
2025-09-10 20:00:00,54.41,55.015,54.328,54.918,267641.01,2025-09-10 20:59:59.999,14647377.88143,46352,121820.65,6670222.8749700,0
2025-09-10 21:00:00,54.92,55.269,54.834,55.205,196499.94,2025-09-10 21:59:59.999,10811373.09391,28048,117025.18,6437994.2086700,0
2025-09-10 22:00:00,55.205,56.115,55.177,56.083,639088.13,2025-09-10 22:59:59.999,35522713.57758,70505,362204.88,20138014.2365600,0
2025-09-10 23:00:00,56.082,56.121,55.186,55.494,461848.86,2025-09-10 23:59:59.999,25684387.3419,62940,231799.07,12889099.3290700,0
2025-09-11 00:00:00,55.489,56.11,55.42,55.901,274356.56,2025-09-11 00:59:59.999,15333833.38619,44131,130043.72,7270392.3035300,0
2025-09-11 01:00:00,55.9,56.273,55.506,55.642,274082.75,2025-09-11 01:59:59.999,15323841.04178,42061,133704.98,7479950.4459700,0
2025-09-11 02:00:00,55.642,55.693,55.328,55.536,231585.39,2025-09-11 02:59:59.999,12859976.7558,34188,111989.70,6220108.9915400,0
2025-09-11 03:00:00,55.535,56.124,55.429,56.069,243402.29,2025-09-11 03:59:59.999,13575247.4205,33077,123047.12,6864507.8277200,0
2025-09-11 04:00:00,56.069,56.128,55.503,55.746,279959.81,2025-09-11 04:59:59.999,15606595.23758,38423,135012.83,7525753.0433300,0
2025-09-11 05:00:00,55.752,55.855,55.51,55.729,213785.62,2025-09-11 05:59:59.999,11899956.35119,26967,123381.18,6866768.6240700,0
2025-09-11 06:00:00,55.738,55.776,55.24,55.481,239314.01,2025-09-11 06:59:59.999,13266275.26822,32059,106394.18,5897014.1634300,0
2025-09-11 07:00:00,55.484,55.614,55.21,55.327,186677.89,2025-09-11 07:59:59.999,10341704.47018,30432,76150.55,4219228.8806300,0
2025-09-11 08:00:00,55.33,55.45,55.18,55.208,161311.61,2025-09-11 08:59:59.999,8920160.5893,26550,60645.68,3354177.2468500,0
2025-09-11 09:00:00,55.208,55.216,54.625,54.679,449522.74,2025-09-11 09:59:59.999,24661487.44032,47074,187425.52,10279643.4968000,0
2025-09-11 10:00:00,54.679,54.804,53.74,54.302,929591.12,2025-09-11 10:59:59.999,50393539.7238,75880,423061.18,22942752.8027000,0
2025-09-11 11:00:00,54.3,54.4,53.03,53.597,931498.48,2025-09-11 11:59:59.999,49826048.96149,96505,452562.04,24203279.4220600,0
2025-09-11 12:00:00,53.596,54.677,53.162,54.171,1377017.59,2025-09-11 12:59:59.999,74462790.0038,132404,677737.77,36637282.1366600,0
2025-09-11 13:00:00,54.165,54.77,53.716,54.71,465258.12,2025-09-11 13:59:59.999,25213782.79184,61744,208410.59,11311998.1137500,0
2025-09-11 14:00:00,54.71,54.812,54.0,54.463,377350.64,2025-09-11 14:59:59.999,20540204.87092,49046,149596.26,8136155.4022500,0
2025-09-11 15:00:00,54.465,54.87,54.264,54.72,362178.67,2025-09-11 15:59:59.999,19783893.89228,51822,215616.54,11781770.0701000,0
2025-09-11 16:00:00,54.72,55.097,54.453,54.742,372063.4,2025-09-11 16:59:59.999,20399478.21902,45186,171911.66,9432447.6055500,0
2025-09-11 17:00:00,54.742,55.188,54.68,55.019,158076.12,2025-09-11 17:59:59.999,8689988.01134,31674,75713.83,4162587.0424600,0
2025-09-11 18:00:00,55.019,55.249,54.79,54.985,194365.87,2025-09-11 18:59:59.999,10684799.7698,35532,96632.06,5312835.0469800,0
2025-09-11 19:00:00,54.985,55.99,54.912,55.761,660401.0,2025-09-11 19:59:59.999,36685171.63515,57779,356130.64,19773637.6115600,0
2025-09-11 20:00:00,55.761,55.839,55.449,55.711,195126.3,2025-09-11 20:59:59.999,10853754.55774,38357,101352.92,5638328.3958000,0
2025-09-11 21:00:00,55.707,56.0,55.63,55.874,227579.58,2025-09-11 21:59:59.999,12711397.35671,39244,107716.43,6015738.8880900,0
2025-09-11 22:00:00,55.874,56.805,55.847,56.465,455147.71,2025-09-11 22:59:59.999,25676388.07424,58646,271524.34,15311132.5060800,0
2025-09-11 23:00:00,56.466,57.2,56.422,57.054,457928.93,2025-09-11 23:59:59.999,26032454.25463,55376,243862.70,13866430.4357700,0
2025-09-12 00:00:00,57.055,57.499,56.695,56.821,512462.22,2025-09-12 00:59:59.999,29281909.73527,66033,233328.29,13335231.2684000,0
2025-09-12 01:00:00,56.823,57.089,56.464,56.612,303588.57,2025-09-12 01:59:59.999,17217725.88791,44285,137299.89,7788542.5068400,0
2025-09-12 02:00:00,56.612,57.104,56.533,56.686,257121.79,2025-09-12 02:59:59.999,14617347.2735,36830,122078.74,6941379.5681600,0
2025-09-12 03:00:00,56.683,56.72,56.402,56.586,243677.68,2025-09-12 03:59:59.999,13782161.71172,32150,121309.97,6862242.5262800,0
2025-09-12 04:00:00,56.585,56.898,56.526,56.791,328328.47,2025-09-12 04:59:59.999,18601232.7689,42444,144204.27,8171623.1718700,0
2025-09-12 05:00:00,56.792,57.376,56.761,57.195,249921.01,2025-09-12 05:59:59.999,14273856.72431,36922,138475.82,7909880.2544800,0
2025-09-12 06:00:00,57.194,57.264,56.808,56.875,253006.56,2025-09-12 06:59:59.999,14436675.90077,32043,122236.85,6976286.7765500,0
2025-09-12 07:00:00,56.875,57.07,56.322,56.395,308332.0,2025-09-12 07:59:59.999,17445617.95864,36465,123805.83,7006773.9339800,0
2025-09-12 08:00:00,56.395,56.611,56.132,56.314,318871.58,2025-09-12 08:59:59.999,17957138.48006,33060,157294.21,8859126.4362600,0
2025-09-12 09:00:00,56.313,56.435,56.041,56.302,202438.72,2025-09-12 09:59:59.999,11384493.05185,26965,74790.93,4205859.1088500,0
2025-09-12 10:00:00,56.302,56.597,56.046,56.542,202348.22,2025-09-12 10:59:59.999,11403971.50801,26875,103025.86,5807933.9842200,0
2025-09-12 11:00:00,56.542,56.554,55.6,55.691,334159.6,2025-09-12 11:59:59.999,18693818.8445,33523,127450.15,7138866.7734900,0
2025-09-12 12:00:00,55.692,56.118,55.574,55.971,290734.33,2025-09-12 12:59:59.999,16229019.80879,27864,127287.76,7106739.6721500,0
2025-09-12 13:00:00,55.971,56.543,55.965,56.364,301657.44,2025-09-12 13:59:59.999,16966204.63893,34046,172050.96,9678377.6438900,0
2025-09-12 14:00:00,56.364,56.866,56.098,56.263,411669.66,2025-09-12 14:59:59.999,23255125.15366,41244,169810.83,9591687.0989000,0
2025-09-12 15:00:00,56.252,56.277,54.846,55.407,730244.81,2025-09-12 15:59:59.999,40412986.07678,65015,346652.65,19168489.2028500,0
2025-09-12 16:00:00,55.407,55.77,55.006,55.753,384823.69,2025-09-12 16:59:59.999,21286150.40932,48085,178011.95,9852342.6152400,0
2025-09-12 17:00:00,55.752,55.993,55.35,55.891,324490.88,2025-09-12 17:59:59.999,18109058.98821,36843,161663.49,9024604.2123400,0
2025-09-12 18:00:00,55.891,56.357,55.674,56.347,304484.63,2025-09-12 18:59:59.999,17073088.28934,34440,168115.31,9428594.5358200,0
2025-09-12 19:00:00,56.348,56.554,56.058,56.445,238717.45,2025-09-12 19:59:59.999,13444670.92867,34070,112592.98,6342609.8168500,0
2025-09-12 20:00:00,56.44,56.44,55.641,55.986,300060.12,2025-09-12 20:59:59.999,16806053.88415,39554,129204.76,7235909.8552700,0
2025-09-12 21:00:00,55.986,55.994,55.411,55.492,223835.64,2025-09-12 21:59:59.999,12463300.29027,28850,98046.51,5459583.0931000,0
2025-09-12 22:00:00,55.492,56.084,54.918,55.116,488660.84,2025-09-12 22:59:59.999,27070820.99093,54302,211587.17,11729965.0591400,0
2025-09-12 23:00:00,55.116,55.312,54.738,55.255,261615.48,2025-09-12 23:59:59.999,14405065.50768,36485,128882.36,7100198.5909200,0
2025-09-13 00:00:00,55.255,55.565,54.881,55.171,500509.68,2025-09-13 00:59:59.999,27643771.07721,47484,252591.58,13960127.0926600,0
2025-09-13 01:00:00,55.171,55.62,55.125,55.434,199473.92,2025-09-13 01:59:59.999,11039758.12023,31073,94344.74,5222713.7340400,0
2025-09-13 02:00:00,55.434,55.742,55.227,55.599,221503.17,2025-09-13 02:59:59.999,12291483.83646,28617,103432.53,5740591.1003500,0
2025-09-13 03:00:00,55.602,55.968,55.426,55.912,218972.17,2025-09-13 03:59:59.999,12200514.24389,27291,96996.06,5405832.5841000,0
2025-09-13 04:00:00,55.913,55.917,55.41,55.501,187532.97,2025-09-13 04:59:59.999,10433578.83606,25185,83486.66,4644497.4938700,0
2025-09-13 05:00:00,55.5,55.535,54.927,55.174,320545.19,2025-09-13 05:59:59.999,17672348.61894,30572,137564.11,7583606.8657800,0
2025-09-13 06:00:00,55.174,55.349,54.906,55.046,154441.88,2025-09-13 06:59:59.999,8513419.80818,21589,63384.54,3495814.1027300,0
2025-09-13 07:00:00,55.043,55.222,54.85,55.172,111151.21,2025-09-13 07:59:59.999,6118393.28453,17010,55079.54,3033394.2871800,0
2025-09-13 08:00:00,55.175,55.542,55.175,55.492,164378.1,2025-09-13 08:59:59.999,9100359.23306,21815,86064.09,4765094.3871800,0
2025-09-13 09:00:00,55.499,56.257,55.446,55.992,297748.19,2025-09-13 09:59:59.999,16621061.34865,29237,164852.40,9199286.3585000,0
2025-09-13 10:00:00,55.994,56.215,55.842,55.912,192134.8,2025-09-13 10:59:59.999,10760122.59738,26218,86895.13,4867384.7019200,0
2025-09-13 11:00:00,55.912,56.41,55.669,56.242,208536.83,2025-09-13 11:59:59.999,11691149.99315,25133,101784.11,5709961.6363800,0
2025-09-13 12:00:00,56.241,56.719,55.963,56.714,266429.76,2025-09-13 12:59:59.999,15008253.79644,30481,142530.10,8033966.0406900,0
2025-09-13 13:00:00,56.713,56.87,55.467,55.909,566518.5,2025-09-13 13:59:59.999,31815614.01672,56075,252994.82,14200054.5419400,0
2025-09-13 14:00:00,55.907,56.238,55.46,55.914,405595.18,2025-09-13 14:59:59.999,22654308.94572,43376,195504.26,10924062.6573400,0
2025-09-13 15:00:00,55.913,56.26,55.429,55.715,286345.8,2025-09-13 15:59:59.999,15986572.12255,33050,105116.58,5873654.4446400,0
2025-09-13 16:00:00,55.715,55.888,55.0,55.032,469136.55,2025-09-13 16:59:59.999,26008042.62655,55506,200254.02,11108026.1544300,0
2025-09-13 17:00:00,55.032,55.192,54.527,54.575,583800.79,2025-09-13 17:59:59.999,31988677.96978,60278,272012.60,14905167.4348700,0
2025-09-13 18:00:00,54.575,54.885,54.165,54.845,478877.56,2025-09-13 18:59:59.999,26082969.24322,53131,227882.08,12422050.3143100,0
2025-09-13 19:00:00,54.845,54.996,54.65,54.976,123539.36,2025-09-13 19:59:59.999,6772855.47256,19534,66527.84,3648076.8733900,0
2025-09-13 20:00:00,54.979,55.136,54.583,54.824,249798.58,2025-09-13 20:59:59.999,13708315.63867,30218,107639.69,5907687.3637100,0
2025-09-13 21:00:00,54.825,54.993,54.435,54.616,173936.81,2025-09-13 21:59:59.999,9517595.62784,21191,83183.95,4552794.5888900,0
2025-09-13 22:00:00,54.616,54.622,54.253,54.526,157854.42,2025-09-13 22:59:59.999,8592017.45512,20456,78650.71,4282305.4044700,0
2025-09-13 23:00:00,54.527,54.796,54.428,54.456,131528.96,2025-09-13 23:59:59.999,7181432.30534,21693,59019.48,3223893.7706800,0
2025-09-14 00:00:00,54.457,55.239,54.408,54.912,378838.23,2025-09-14 00:59:59.999,20804968.41318,36590,173793.68,9538315.7549900,0
2025-09-14 01:00:00,54.916,55.321,54.489,55.083,328221.03,2025-09-14 01:59:59.999,18040141.86068,40969,134649.00,7401095.5768800,0
2025-09-14 02:00:00,55.075,55.324,54.587,54.604,245228.89,2025-09-14 02:59:59.999,13493618.64244,33537,109420.08,6023211.3326500,0
2025-09-14 03:00:00,54.604,54.66,53.865,54.02,547078.48,2025-09-14 03:59:59.999,29642129.31244,51624,236485.98,12813675.2447100,0
2025-09-14 04:00:00,54.027,54.561,53.64,54.44,368128.31,2025-09-14 04:59:59.999,19903571.49452,43821,178319.46,9651579.5671500,0
2025-09-14 05:00:00,54.44,54.915,54.346,54.707,267311.29,2025-09-14 05:59:59.999,14618441.02397,27428,144652.76,7909853.6298300,0
2025-09-14 06:00:00,54.704,54.942,54.533,54.934,153794.67,2025-09-14 06:59:59.999,8414946.75733,20907,81028.25,4434637.8633100,0
2025-09-14 07:00:00,54.935,54.957,54.276,54.363,294444.92,2025-09-14 07:59:59.999,16067217.81374,32837,109091.25,5950900.8776400,0
2025-09-14 08:00:00,54.364,54.81,54.288,54.465,167759.73,2025-09-14 08:59:59.999,9141575.81453,22566,93162.15,5076894.6834000,0
2025-09-14 09:00:00,54.465,54.605,54.154,54.534,258585.59,2025-09-14 09:59:59.999,14060774.13504,24262,121324.59,6598030.9069700,0
2025-09-14 10:00:00,54.535,54.688,54.209,54.277,147266.74,2025-09-14 10:59:59.999,8019571.0696,23499,72154.20,3930498.4936900,0
2025-09-14 11:00:00,54.278,54.456,53.819,53.919,279207.3,2025-09-14 11:59:59.999,15083239.59063,30673,116983.45,6319371.8684400,0
2025-09-14 12:00:00,53.919,54.151,53.624,53.746,205338.33,2025-09-14 12:59:59.999,11069634.25662,29115,75067.16,4049008.3207200,0
2025-09-14 13:00:00,53.75,54.201,53.53,54.129,220648.37,2025-09-14 13:59:59.999,11880453.56091,32766,113965.57,6136731.2600900,0
2025-09-14 14:00:00,54.125,54.287,53.534,53.917,293806.6,2025-09-14 14:59:59.999,15837816.51972,41355,123119.14,6639501.6747900,0
2025-09-14 15:00:00,53.917,54.441,53.696,54.028,300391.43,2025-09-14 15:59:59.999,16243460.27826,37156,130298.41,7044279.1099700,0
2025-09-14 16:00:00,54.027,54.959,54.008,54.816,396439.43,2025-09-14 16:59:59.999,21679378.87161,39615,225197.63,12316264.5109000,0
2025-09-14 17:00:00,54.813,54.868,54.3,54.778,314249.04,2025-09-14 17:59:59.999,17151092.61237,34263,170561.16,9308322.8086900,0
2025-09-14 18:00:00,54.777,54.84,54.223,54.35,219211.89,2025-09-14 18:59:59.999,11958493.48771,20366,97986.71,5346583.4111000,0
2025-09-14 19:00:00,54.35,54.663,54.16,54.197,146528.95,2025-09-14 19:59:59.999,7966367.7975,21067,67089.85,3649522.4461700,0
2025-09-14 20:00:00,54.197,54.378,54.047,54.143,129624.67,2025-09-14 20:59:59.999,7024144.26011,18914,63648.43,3449371.7950100,0
2025-09-14 21:00:00,54.143,54.276,53.94,54.162,85258.21,2025-09-14 21:59:59.999,4609664.1023,14257,38647.65,2090054.2635700,0
2025-09-14 22:00:00,54.163,54.285,53.915,54.253,98317.6,2025-09-14 22:59:59.999,5322615.81752,14751,41181.47,2230084.4115900,0
2025-09-14 23:00:00,54.253,54.253,53.556,53.688,192207.81,2025-09-14 23:59:59.999,10336024.66083,22945,83662.42,4498730.0572800,0
2025-09-15 00:00:00,53.688,54.051,53.679,53.733,133844.93,2025-09-15 00:59:59.999,7207561.43205,22157,56497.23,3042085.2976800,0
2025-09-15 01:00:00,53.732,53.909,53.201,53.79,313697.08,2025-09-15 01:59:59.999,16793712.42015,35923,132608.42,7103492.8513800,0
2025-09-15 02:00:00,53.78,54.269,53.768,54.018,176319.17,2025-09-15 02:59:59.999,9527115.32997,23814,90628.69,4897053.4057400,0
2025-09-15 03:00:00,54.018,54.399,54.001,54.296,171492.26,2025-09-15 03:59:59.999,9303248.03496,24085,81421.20,4417903.7932400,0
2025-09-15 04:00:00,54.297,54.644,54.237,54.294,209323.08,2025-09-15 04:59:59.999,11391512.9818,26176,105536.97,5742885.0638300,0
2025-09-15 05:00:00,54.295,54.504,54.009,54.029,143861.93,2025-09-15 05:59:59.999,7802915.39182,20329,64292.30,3488700.5062600,0
2025-09-15 06:00:00,54.03,54.102,53.474,53.565,308804.5,2025-09-15 06:59:59.999,16601275.74167,29660,123310.39,6632582.0387000,0
2025-09-15 07:00:00,53.564,53.923,53.015,53.228,347649.99,2025-09-15 07:59:59.999,18537907.4175,37830,161068.85,8593401.7511400,0
2025-09-15 08:00:00,53.228,53.598,52.349,52.79,674099.94,2025-09-15 08:59:59.999,35762805.99072,61265,272238.91,14459052.2408700,0
2025-09-15 09:00:00,52.79,53.62,52.674,53.577,323459.59,2025-09-15 09:59:59.999,17194930.94529,40581,162592.98,8642170.5232200,0
2025-09-15 10:00:00,53.577,54.061,53.313,53.523,329689.58,2025-09-15 10:59:59.999,17701243.2637,39147,158037.27,8485333.7492600,0
2025-09-15 11:00:00,53.526,53.598,53.208,53.309,172633.89,2025-09-15 11:59:59.999,9220761.79442,24849,79907.91,4267531.8379000,0
2025-09-15 12:00:00,53.312,53.754,52.934,53.055,255742.47,2025-09-15 12:59:59.999,13641760.03763,33066,120237.01,6415407.0018000,0
2025-09-15 13:00:00,53.061,53.239,52.491,52.606,408199.26,2025-09-15 13:59:59.999,21567825.08871,51800,194931.71,10302395.2161000,0
2025-09-15 14:00:00,52.607,53.128,52.25,52.909,344790.43,2025-09-15 14:59:59.999,18178014.72685,44929,167867.56,8856862.0629100,0
2025-09-15 15:00:00,52.917,53.153,52.313,52.668,303408.61,2025-09-15 15:59:59.999,15983068.47063,39819,136821.97,7208936.1143100,0
2025-09-15 16:00:00,52.666,52.953,52.2,52.307,263249.81,2025-09-15 16:59:59.999,13847443.80492,38757,105865.48,5572067.2382700,0
2025-09-15 17:00:00,52.307,52.569,52.054,52.542,284933.07,2025-09-15 17:59:59.999,14890334.25731,35958,158097.56,8264121.5650100,0
2025-09-15 18:00:00,52.542,53.022,52.27,52.85,235569.94,2025-09-15 18:59:59.999,12405891.26822,30094,105715.90,5568279.2701000,0
2025-09-15 19:00:00,52.85,53.663,52.648,53.652,400586.5,2025-09-15 19:59:59.999,21324005.53108,49899,202532.77,10781208.9756400,0
2025-09-15 20:00:00,53.652,53.832,53.383,53.795,225297.97,2025-09-15 20:59:59.999,12083889.77719,35057,116783.73,6264563.3081800,0
2025-09-15 21:00:00,53.805,53.871,53.425,53.559,151086.03,2025-09-15 21:59:59.999,8102261.6165,20931,77181.04,4139343.4761100,0
2025-09-15 22:00:00,53.559,53.729,53.434,53.676,93555.31,2025-09-15 22:59:59.999,5013734.98474,17036,50600.19,2712206.9989600,0
2025-09-15 23:00:00,53.676,54.029,53.612,54.0,175643.17,2025-09-15 23:59:59.999,9466346.03444,20308,106148.22,5722127.2658400,0
2025-09-16 00:00:00,54.0,54.032,53.183,53.336,322240.07,2025-09-16 00:59:59.999,17281311.67917,35634,122649.04,6576019.6295100,0
2025-09-16 01:00:00,53.339,53.784,53.199,53.313,197652.48,2025-09-16 01:59:59.999,10569031.53632,29975,101840.42,5446857.5601500,0
2025-09-16 02:00:00,53.314,53.643,53.215,53.333,123090.67,2025-09-16 02:59:59.999,6576284.33617,22375,58833.02,3143800.0419000,0
2025-09-16 03:00:00,53.334,53.517,53.181,53.258,113473.96,2025-09-16 03:59:59.999,6054433.59411,19407,53653.47,2863630.6847000,0
2025-09-16 04:00:00,53.259,53.503,52.968,53.456,139672.81,2025-09-16 04:59:59.999,7438203.77335,25140,61883.47,3297343.9234900,0
2025-09-16 05:00:00,53.457,53.898,53.385,53.847,164878.4,2025-09-16 05:59:59.999,8857360.63945,24274,73478.85,3946878.1940900,0
2025-09-16 06:00:00,53.847,53.958,53.291,53.396,156739.92,2025-09-16 06:59:59.999,8401441.67194,24005,72961.34,3911261.6868700,0
2025-09-16 07:00:00,53.397,53.536,53.253,53.353,67232.21,2025-09-16 07:59:59.999,3590055.17223,15619,36753.72,1962810.5980700,0
2025-09-16 08:00:00,53.353,53.617,53.166,53.376,116039.11,2025-09-16 08:59:59.999,6195224.46105,20890,60010.17,3204372.8249000,0
2025-09-16 09:00:00,53.379,53.474,53.058,53.244,88899.43,2025-09-16 09:59:59.999,4736635.94701,16511,37675.41,2007357.2526200,0
2025-09-16 10:00:00,53.245,53.345,52.858,52.861,123531.39,2025-09-16 10:59:59.999,6555372.48973,19837,45791.00,2430941.3899900,0
2025-09-16 11:00:00,52.862,52.9,52.424,52.758,253822.6,2025-09-16 11:59:59.999,13359754.42329,32665,117209.27,6169791.5636600,0
2025-09-16 12:00:00,52.761,52.761,52.296,52.392,149324.95,2025-09-16 12:59:59.999,7845631.94271,28599,68926.96,3621113.7196600,0
2025-09-16 13:00:00,52.392,54.119,52.281,53.365,2109003.78,2025-09-16 13:59:59.999,112717440.39573,178697,1039477.67,55536448.1978400,0
2025-09-16 14:00:00,53.365,53.843,52.943,53.811,442035.75,2025-09-16 14:59:59.999,23576944.5004,61296,197396.79,10533575.1487300,0
2025-09-16 15:00:00,53.81,54.152,53.527,54.082,304540.55,2025-09-16 15:59:59.999,16404241.74349,44091,170460.01,9185500.7017500,0
2025-09-16 16:00:00,54.082,54.089,53.527,53.709,325121.32,2025-09-16 16:59:59.999,17492466.46685,40853,129620.42,6972682.5891900,0
2025-09-16 17:00:00,53.708,54.163,53.7,54.077,300686.16,2025-09-16 17:59:59.999,16233466.87366,40591,168424.97,9093399.8463000,0
2025-09-16 18:00:00,54.077,54.127,53.874,54.012,117041.62,2025-09-16 18:59:59.999,6323004.49306,25833,58923.11,3183684.6213500,0
2025-09-16 19:00:00,54.012,54.029,53.711,53.88,166843.51,2025-09-16 19:59:59.999,8983727.53597,24825,83142.91,4477209.0465800,0
2025-09-16 20:00:00,53.883,54.12,53.804,54.006,89283.0,2025-09-16 20:59:59.999,4821135.65338,15116,36461.41,1969383.5762200,0
2025-09-16 21:00:00,54.006,54.458,53.967,54.439,165679.3,2025-09-16 21:59:59.999,8981918.96373,23206,91214.29,4946655.7671300,0
2025-09-16 22:00:00,54.439,54.597,54.29,54.439,192082.05,2025-09-16 22:59:59.999,10460875.76155,22235,97914.15,5332430.6498500,0
2025-09-16 23:00:00,54.439,54.615,54.297,54.456,104422.21,2025-09-16 23:59:59.999,5687962.43345,18036,46583.45,2537425.1705100,0
2025-09-17 00:00:00,54.456,54.504,54.03,54.127,155746.62,2025-09-17 00:59:59.999,8448385.51227,23614,72375.75,3925860.7987500,0
2025-09-17 01:00:00,54.127,54.469,53.865,53.971,181876.06,2025-09-17 01:59:59.999,9852655.19617,25540,76232.64,4131231.2608600,0
2025-09-17 02:00:00,53.972,54.818,53.85,54.764,389052.36,2025-09-17 02:59:59.999,21197470.53148,32904,242748.57,13227089.3908300,0
2025-09-17 03:00:00,54.764,54.793,54.08,54.123,301301.71,2025-09-17 03:59:59.999,16417247.93914,30813,137711.06,7508309.6541500,0
2025-09-17 04:00:00,54.123,54.46,53.962,54.22,135313.22,2025-09-17 04:59:59.999,7334911.54318,18459,67105.43,3638787.3091700,0
2025-09-17 05:00:00,54.215,54.777,54.1,54.689,215127.91,2025-09-17 05:59:59.999,11718387.19447,27007,105344.92,5740975.4182800,0
2025-09-17 06:00:00,54.688,55.319,54.62,55.313,440529.75,2025-09-17 06:59:59.999,24186860.62768,34219,298409.71,16375933.1549400,0
2025-09-17 07:00:00,55.313,55.319,54.759,54.984,266014.01,2025-09-17 07:59:59.999,14642542.80167,29831,132038.87,7267796.6331800,0
2025-09-17 08:00:00,54.981,55.116,54.707,55.036,229199.16,2025-09-17 08:59:59.999,12583914.02428,26944,104067.53,5714049.9724900,0
2025-09-17 09:00:00,55.035,55.067,54.766,54.901,126083.92,2025-09-17 09:59:59.999,6924393.87369,19633,61510.06,3378799.1931900,0
2025-09-17 10:00:00,54.901,55.262,54.732,55.005,287214.37,2025-09-17 10:59:59.999,15798800.7135,29018,118472.66,6517483.4880300,0
2025-09-17 11:00:00,55.005,55.549,54.932,55.269,227330.64,2025-09-17 11:59:59.999,12562698.5325,27991,116956.95,6464659.8667900,0
2025-09-17 12:00:00,55.269,55.52,54.907,55.128,225121.75,2025-09-17 12:59:59.999,12433141.89217,30699,116780.57,6451633.1056600,0
2025-09-17 13:00:00,55.128,55.414,54.741,55.066,253475.41,2025-09-17 13:59:59.999,13957742.26322,33321,130431.00,7185214.3298000,0
2025-09-17 14:00:00,55.07,55.288,54.784,55.092,224481.17,2025-09-17 14:59:59.999,12349490.34154,33393,121244.01,6670395.9730100,0
2025-09-17 15:00:00,55.092,55.58,54.621,54.629,321215.16,2025-09-17 15:59:59.999,17666364.93093,34247,162950.70,8968104.9553000,0
2025-09-17 16:00:00,54.629,54.969,54.32,54.948,241184.79,2025-09-17 16:59:59.999,13168848.44967,34726,119735.23,6539681.8115600,0
2025-09-17 17:00:00,54.948,55.715,54.923,54.947,534515.46,2025-09-17 17:59:59.999,29580433.0043,62265,275208.44,15228693.8459600,0
2025-09-17 18:00:00,54.998,55.914,54.634,54.783,1158422.79,2025-09-17 18:59:59.999,64008209.86354,123298,548906.08,30317883.3245100,0
2025-09-17 19:00:00,54.783,55.765,54.747,55.52,457420.1,2025-09-17 19:59:59.999,25330238.77465,61086,221130.57,12249329.1057400,0
2025-09-17 20:00:00,55.517,56.42,55.505,56.069,422519.6,2025-09-17 20:59:59.999,23691550.78968,49637,212166.65,11893189.8029100,0
2025-09-17 21:00:00,56.065,57.032,55.7,56.946,322558.39,2025-09-17 21:59:59.999,18206793.59698,36043,171924.10,9704816.3681000,0
2025-09-17 22:00:00,56.947,57.84,56.9,57.562,580393.08,2025-09-17 22:59:59.999,33274409.24067,65705,320272.87,18357689.0331000,0
2025-09-17 23:00:00,57.564,58.041,56.326,57.766,696372.92,2025-09-17 23:59:59.999,40203969.76032,70541,290090.70,16763395.2341300,0
2025-09-18 00:00:00,57.767,58.818,57.7,58.624,675249.3,2025-09-18 00:59:59.999,39378723.773,64071,316595.17,18474912.3532600,0
2025-09-18 01:00:00,58.621,59.63,58.369,58.844,792704.19,2025-09-18 01:59:59.999,46859423.59657,80253,408108.76,24134369.8739500,0
2025-09-18 02:00:00,58.844,59.095,58.257,59.082,490860.49,2025-09-18 02:59:59.999,28796256.22974,57564,246731.30,14479523.7048800,0
2025-09-18 03:00:00,59.081,59.428,58.836,59.032,448467.21,2025-09-18 03:59:59.999,26515556.22615,54882,235585.02,13930346.2285900,0
2025-09-18 04:00:00,59.032,59.093,58.404,58.677,253793.16,2025-09-18 04:59:59.999,14892445.28312,41269,117308.63,6885632.3992800,0
2025-09-18 05:00:00,58.679,58.826,58.279,58.428,182420.37,2025-09-18 05:59:59.999,10678563.16074,30079,72477.36,4243955.1605600,0
2025-09-18 06:00:00,58.439,58.489,58.059,58.323,270171.56,2025-09-18 06:59:59.999,15743568.97096,34587,132177.58,7703823.5594700,0
2025-09-18 07:00:00,58.323,58.796,58.294,58.397,194814.33,2025-09-18 07:59:59.999,11404655.47824,28091,117236.09,6861243.1670700,0
2025-09-18 08:00:00,58.396,58.675,58.029,58.497,429504.46,2025-09-18 08:59:59.999,25059150.24767,40786,260572.65,15206015.3975000,0
2025-09-18 09:00:00,58.493,58.783,58.329,58.597,182577.27,2025-09-18 09:59:59.999,10692058.52732,33434,88537.68,5186204.2772500,0
2025-09-18 10:00:00,58.596,58.606,57.574,57.947,383555.35,2025-09-18 10:59:59.999,22200721.86064,38248,130936.49,7580610.6955600,0
2025-09-18 11:00:00,57.95,58.329,57.75,57.819,244132.16,2025-09-18 11:59:59.999,14184815.24463,31340,92191.59,5354214.4419700,0
2025-09-18 12:00:00,57.818,57.949,57.465,57.493,316684.11,2025-09-18 12:59:59.999,18281058.24702,32967,179929.05,10389444.9411100,0
2025-09-18 13:00:00,57.493,57.998,57.312,57.763,329559.55,2025-09-18 13:59:59.999,18993105.34097,42542,153529.12,8850220.4807900,0
2025-09-18 14:00:00,57.76,58.309,57.701,57.991,287438.96,2025-09-18 14:59:59.999,16699436.30422,44314,153592.36,8923610.2041300,0
2025-09-18 15:00:00,57.991,58.1,57.621,57.842,245611.01,2025-09-18 15:59:59.999,14205000.55246,33988,102833.99,5949679.2904600,0
2025-09-18 16:00:00,57.841,58.118,57.681,58.059,195709.15,2025-09-18 16:59:59.999,11337993.08703,27366,105630.37,6120203.6966300,0
2025-09-18 17:00:00,58.058,58.363,57.913,58.361,150786.59,2025-09-18 17:59:59.999,8770606.52126,23630,79763.20,4640203.6264600,0
2025-09-18 18:00:00,58.36,59.17,58.296,59.0,335523.16,2025-09-18 18:59:59.999,19723367.80316,43671,187486.02,11024432.7270600,0
2025-09-18 19:00:00,59.002,59.012,58.336,58.674,276458.4,2025-09-18 19:59:59.999,16211183.22732,40390,136115.56,7981301.3016100,0
2025-09-18 20:00:00,58.674,58.995,58.464,58.499,239446.96,2025-09-18 20:59:59.999,14059631.03881,38328,115118.96,6761996.6548600,0
2025-09-18 21:00:00,58.499,58.528,57.872,58.174,250696.61,2025-09-18 21:59:59.999,14580638.9517,42366,132114.26,7683109.6892700,0
2025-09-18 22:00:00,58.174,58.4,57.92,58.254,154888.75,2025-09-18 22:59:59.999,9014433.43789,33168,85751.76,4991491.8631100,0
2025-09-18 23:00:00,58.253,58.691,57.912,58.681,213506.16,2025-09-18 23:59:59.999,12431346.06201,34481,124440.38,7246022.1552200,0
2025-09-19 00:00:00,58.681,59.351,58.408,58.525,453342.03,2025-09-19 00:59:59.999,26663450.80737,51535,253438.98,14907678.1296700,0
2025-09-19 01:00:00,58.525,58.597,57.954,57.989,176948.26,2025-09-19 01:59:59.999,10303645.34537,31956,86751.90,5052563.1870000,0
2025-09-19 02:00:00,57.988,58.13,57.611,57.82,249420.88,2025-09-19 02:59:59.999,14424819.78942,33472,105502.28,6101793.7777100,0
2025-09-19 03:00:00,57.82,57.87,57.1,57.28,364792.61,2025-09-19 03:59:59.999,20963430.59003,47630,155130.73,8917438.4615600,0
2025-09-19 04:00:00,57.281,57.54,57.014,57.377,292620.39,2025-09-19 04:59:59.999,16758346.07848,42280,141420.59,8100842.5031500,0
2025-09-19 05:00:00,57.377,57.433,56.697,56.967,316822.1,2025-09-19 05:59:59.999,18064026.11255,36776,128404.93,7324661.6082200,0
2025-09-19 06:00:00,56.96,56.978,56.306,56.32,328539.53,2025-09-19 06:59:59.999,18588330.56466,38922,143983.17,8145739.2967100,0
2025-09-19 07:00:00,56.32,57.011,56.315,56.389,381734.06,2025-09-19 07:59:59.999,21625496.34361,48939,181925.54,10309926.8715800,0
2025-09-19 08:00:00,56.394,56.901,56.367,56.386,271262.21,2025-09-19 08:59:59.999,15367229.05663,28739,139102.41,7885051.5854600,0
2025-09-19 09:00:00,56.386,56.537,56.041,56.073,295621.07,2025-09-19 09:59:59.999,16636308.9368,29765,136865.95,7704134.7248700,0
2025-09-19 10:00:00,56.073,56.352,55.814,56.18,324428.71,2025-09-19 10:59:59.999,18190433.0362,31049,171284.07,9605258.5567600,0
2025-09-19 11:00:00,56.179,56.233,55.676,55.868,302488.52,2025-09-19 11:59:59.999,16911721.79604,31503,148670.29,8315241.5179500,0
2025-09-19 12:00:00,55.869,56.4,55.798,56.203,262777.6,2025-09-19 12:59:59.999,14753786.95333,33691,133145.55,7477279.2094200,0
2025-09-19 13:00:00,56.203,57.227,56.08,56.859,700431.2,2025-09-19 13:59:59.999,39716047.41003,63405,437322.42,24808677.4129100,0
2025-09-19 14:00:00,56.86,56.942,55.706,55.96,529466.99,2025-09-19 14:59:59.999,29811388.15773,55509,238818.25,13444390.9179800,0
2025-09-19 15:00:00,55.964,56.489,55.24,56.11,603510.33,2025-09-19 15:59:59.999,33670418.80271,70290,282564.06,15773065.0666600,0
2025-09-19 16:00:00,56.111,56.445,55.888,56.199,268672.59,2025-09-19 16:59:59.999,15090221.18341,35090,134356.24,7547413.9239600,0
2025-09-19 17:00:00,56.199,56.243,55.631,55.833,274115.25,2025-09-19 17:59:59.999,15337354.79888,34356,144392.34,8081751.8228900,0
2025-09-19 18:00:00,55.833,56.096,55.692,56.047,155899.53,2025-09-19 18:59:59.999,8716344.72874,24830,82820.66,4631492.6242000,0
2025-09-19 19:00:00,56.047,56.31,55.861,55.942,187780.06,2025-09-19 19:59:59.999,10537211.80332,24113,113590.66,6375167.7383100,0
2025-09-19 20:00:00,55.935,56.283,55.917,56.16,107823.28,2025-09-19 20:59:59.999,6056187.61125,18699,63382.31,3560161.0135500,0
2025-09-19 21:00:00,56.16,56.369,56.029,56.25,93937.18,2025-09-19 21:59:59.999,5279648.61474,14463,54696.36,3075013.3772500,0
2025-09-19 22:00:00,56.251,56.394,56.208,56.354,117816.59,2025-09-19 22:59:59.999,6635497.0651,19366,65148.78,3669540.6592600,0
2025-09-19 23:00:00,56.348,56.374,55.839,56.181,154874.75,2025-09-19 23:59:59.999,8681822.71209,21505,80343.74,4503789.5446400,0
2025-09-20 00:00:00,56.181,56.394,55.932,56.294,197850.64,2025-09-20 00:59:59.999,11117781.71827,21434,124236.75,6981667.4989600,0
2025-09-20 01:00:00,56.295,56.295,55.807,55.874,171313.94,2025-09-20 01:59:59.999,9597722.2766,21113,92228.92,5168627.0495700,0
2025-09-20 02:00:00,55.874,56.343,55.632,56.147,189724.72,2025-09-20 02:59:59.999,10617653.58449,26669,111381.88,6234157.6818500,0
2025-09-20 03:00:00,56.147,56.171,55.81,56.037,147329.61,2025-09-20 03:59:59.999,8247921.28697,19142,89490.72,5009701.4423700,0
2025-09-20 04:00:00,56.036,56.369,55.9,56.27,149893.98,2025-09-20 04:59:59.999,8414945.00455,20651,92162.05,5173484.7996600,0
2025-09-20 05:00:00,56.27,56.498,56.108,56.486,122243.56,2025-09-20 05:59:59.999,6881378.86773,18534,73408.81,4132937.3522700,0
2025-09-20 06:00:00,56.483,56.657,56.326,56.563,131625.36,2025-09-20 06:59:59.999,7435467.52783,17978,69219.60,3909803.2055500,0
2025-09-20 07:00:00,56.563,56.666,56.392,56.612,142539.72,2025-09-20 07:59:59.999,8055742.64331,16608,65319.14,3692353.5002700,0
2025-09-20 08:00:00,56.612,56.633,56.148,56.22,126777.98,2025-09-20 08:59:59.999,7154779.91791,19016,60133.33,3393798.3357600,0
2025-09-20 09:00:00,56.219,56.442,55.91,55.917,140309.1,2025-09-20 09:59:59.999,7884684.20262,21353,60498.17,3401101.5200800,0
2025-09-20 10:00:00,55.918,56.068,55.606,55.617,135713.47,2025-09-20 10:59:59.999,7581414.88898,18758,60324.00,3371293.2943300,0
2025-09-20 11:00:00,55.618,55.881,55.435,55.446,182236.29,2025-09-20 11:59:59.999,10139250.68752,25270,80452.20,4476379.4444300,0
2025-09-20 12:00:00,55.445,55.584,55.1,55.395,288899.82,2025-09-20 12:59:59.999,15997521.76084,27500,159211.81,8817630.2026000,0
2025-09-20 13:00:00,55.395,55.511,55.217,55.388,133012.87,2025-09-20 13:59:59.999,7363893.44073,20727,53358.28,2954123.8731500,0
2025-09-20 14:00:00,55.387,55.62,54.77,55.538,419492.27,2025-09-20 14:59:59.999,23137479.99447,56479,170252.97,9395837.3477200,0
2025-09-20 15:00:00,55.538,55.982,55.468,55.651,323137.41,2025-09-20 15:59:59.999,18011778.12281,33669,177215.96,9880117.7740100,0
2025-09-20 16:00:00,55.65,55.995,55.4,55.887,165780.11,2025-09-20 16:59:59.999,9245176.72305,22292,90865.48,5068713.0550000,0
2025-09-20 17:00:00,55.888,55.917,54.566,54.652,442210.9,2025-09-20 17:59:59.999,24378477.23775,43330,186121.69,10262677.8617400,0
2025-09-20 18:00:00,54.653,54.757,54.018,54.057,486793.74,2025-09-20 18:59:59.999,26458015.35602,41977,190696.29,10370935.8607000,0
2025-09-20 19:00:00,54.057,54.425,53.85,54.32,416807.72,2025-09-20 19:59:59.999,22566920.748,39620,212667.59,11518876.3116000,0
2025-09-20 20:00:00,54.321,54.831,54.193,54.747,208825.66,2025-09-20 20:59:59.999,11381107.10637,25914,109511.63,5968391.7417300,0
2025-09-20 21:00:00,54.737,54.918,54.516,54.539,101829.72,2025-09-20 21:59:59.999,5573218.99164,13991,39102.68,2140553.5840400,0
2025-09-20 22:00:00,54.54,54.612,54.13,54.205,135739.75,2025-09-20 22:59:59.999,7372666.46378,15897,49605.77,2693771.1762100,0
2025-09-20 23:00:00,54.205,54.26,54.028,54.25,121592.68,2025-09-20 23:59:59.999,6582916.8645,16670,49900.20,2701665.0826000,0
2025-09-21 00:00:00,54.249,54.309,53.652,54.049,281338.58,2025-09-21 00:59:59.999,15188785.775,32604,123739.58,6678918.9233600,0
2025-09-21 01:00:00,54.044,54.151,53.798,53.877,120433.61,2025-09-21 01:59:59.999,6499734.24967,18996,55009.33,2968822.8719300,0
2025-09-21 02:00:00,53.876,54.288,53.746,54.149,257820.18,2025-09-21 02:59:59.999,13922884.11007,28491,138378.54,7473931.9103700,0
2025-09-21 03:00:00,54.149,54.247,54.017,54.188,135476.36,2025-09-21 03:59:59.999,7334191.48423,17775,59143.65,3201974.2828400,0
2025-09-21 04:00:00,54.188,54.242,54.002,54.219,123490.54,2025-09-21 04:59:59.999,6679474.37386,16729,54005.43,2922055.1263200,0
2025-09-21 05:00:00,54.22,54.389,54.175,54.287,98190.5,2025-09-21 05:59:59.999,5332392.81125,14980,41008.34,2227023.9801800,0
2025-09-21 06:00:00,54.29,54.314,53.922,53.939,172270.38,2025-09-21 06:59:59.999,9327711.24848,19351,80693.72,4372085.8034500,0
2025-09-21 07:00:00,53.938,54.069,53.5,53.628,392168.89,2025-09-21 07:59:59.999,21067619.2461,38992,142815.21,7677698.9948500,0
2025-09-21 08:00:00,53.628,53.786,53.138,53.282,377191.01,2025-09-21 08:59:59.999,20146030.78495,34255,148555.11,7937402.3589100,0
2025-09-21 09:00:00,53.283,53.406,52.875,52.898,466409.29,2025-09-21 09:59:59.999,24780084.96886,38108,231787.40,12320433.5312100,0
2025-09-21 10:00:00,52.898,53.117,52.161,52.214,931435.02,2025-09-21 10:59:59.999,49028916.07843,61638,331223.20,17455714.2848700,0
2025-09-21 11:00:00,52.213,52.749,52.14,52.501,613652.04,2025-09-21 11:59:59.999,32199369.22087,45933,229608.76,12045956.6649500,0
2025-09-21 12:00:00,52.501,52.799,52.417,52.708,215849.04,2025-09-21 12:59:59.999,11368085.17003,26185,121329.59,6388373.7986100,0
2025-09-21 13:00:00,52.709,52.89,52.639,52.833,248717.22,2025-09-21 13:59:59.999,13131330.73068,30822,131501.55,6943903.8107300,0
2025-09-21 14:00:00,52.834,52.936,52.33,52.395,312891.95,2025-09-21 14:59:59.999,16465849.8321,33801,114940.92,6053604.3182800,0
2025-09-21 15:00:00,52.394,52.58,51.628,52.051,791151.61,2025-09-21 15:59:59.999,41193637.37313,65242,329644.21,17171499.8063800,0
2025-09-21 16:00:00,52.05,52.417,51.023,51.266,963521.39,2025-09-21 16:59:59.999,49711575.17467,80904,414703.47,21383077.5810600,0
2025-09-21 17:00:00,51.266,51.766,50.635,51.582,942351.38,2025-09-21 17:59:59.999,48200097.39275,83717,442433.78,22640657.7439500,0
2025-09-21 18:00:00,51.583,52.279,51.344,51.977,601282.92,2025-09-21 18:59:59.999,31173532.98788,59769,304038.08,15769663.8345800,0
2025-09-21 19:00:00,51.976,52.218,51.665,52.193,230324.87,2025-09-21 19:59:59.999,11945085.3951,29581,126517.54,6562191.5300300,0
2025-09-21 20:00:00,52.192,52.228,51.782,51.84,203856.33,2025-09-21 20:59:59.999,10615697.19518,28973,105418.70,5491809.8771600,0
2025-09-21 21:00:00,51.84,51.916,51.482,51.572,187439.62,2025-09-21 21:59:59.999,9689543.38502,22063,83947.87,4340153.3510000,0
2025-09-21 22:00:00,51.571,51.736,51.296,51.607,276879.03,2025-09-21 22:59:59.999,14254083.28384,24502,159492.17,8211359.3145800,0
2025-09-21 23:00:00,51.607,51.611,50.814,50.89,350199.24,2025-09-21 23:59:59.999,17914363.25018,35511,180542.37,9234605.5550000,0
2025-09-22 00:00:00,50.89,51.337,49.5,50.05,1385077.67,2025-09-22 00:59:59.999,69569732.4916,116942,631465.76,31744267.5270700,0
2025-09-22 01:00:00,50.054,50.348,49.544,49.79,658340.29,2025-09-22 01:59:59.999,32898445.21782,69386,308383.91,15412877.8763800,0
2025-09-22 02:00:00,49.791,50.129,48.978,49.577,768372.14,2025-09-22 02:59:59.999,37972257.55365,80137,309398.10,15299050.1735500,0
2025-09-22 03:00:00,49.576,49.815,49.315,49.78,353179.84,2025-09-22 03:59:59.999,17517721.35639,41150,183921.37,9122388.4079400,0
2025-09-22 04:00:00,49.78,50.367,49.521,50.153,389420.31,2025-09-22 04:59:59.999,19455533.81103,45125,198389.53,9914970.2827500,0
2025-09-22 05:00:00,50.152,50.315,48.53,48.537,587487.81,2025-09-22 05:59:59.999,28970714.82113,65411,227673.92,11231747.7870800,0
2025-09-22 06:00:00,48.534,49.556,45.99,49.372,2355760.6,2025-09-22 06:59:59.999,113742865.9895,209479,1052639.81,50964084.5370400,0
2025-09-22 07:00:00,49.371,49.372,48.274,48.565,665858.83,2025-09-22 07:59:59.999,32468557.41161,89232,335263.58,16345177.1226100,0
2025-09-22 08:00:00,48.564,49.449,48.491,49.291,536726.23,2025-09-22 08:59:59.999,26329746.26056,71391,245850.38,12061551.5661200,0
2025-09-22 09:00:00,49.292,49.362,48.615,48.765,529464.38,2025-09-22 09:59:59.999,25962623.13829,69571,225763.50,11070575.5477900,0
2025-09-22 10:00:00,48.765,49.451,48.518,49.355,396239.43,2025-09-22 10:59:59.999,19433805.77543,54503,214839.53,10538225.5845600,0
2025-09-22 11:00:00,49.353,49.47,48.596,48.87,309124.26,2025-09-22 11:59:59.999,15131300.14455,41751,147350.45,7212247.6932400,0
2025-09-22 12:00:00,48.869,49.283,48.622,49.068,223636.78,2025-09-22 12:59:59.999,10968451.58567,37184,121558.85,5962709.2049600,0
2025-09-22 13:00:00,49.07,49.994,48.932,49.933,457533.69,2025-09-22 13:59:59.999,22578064.75293,57068,251294.71,12414388.3804600,0
2025-09-22 14:00:00,49.932,50.24,49.145,49.189,694924.46,2025-09-22 14:59:59.999,34571307.3387,83465,331939.74,16512855.0803300,0
2025-09-22 15:00:00,49.188,49.32,48.178,48.351,765575.84,2025-09-22 15:59:59.999,37278667.11888,92568,323765.35,15771757.3163100,0
2025-09-22 16:00:00,48.351,48.609,47.747,47.882,815171.9,2025-09-22 16:59:59.999,39197793.04292,86534,387868.62,18660558.3841400,0
2025-09-22 17:00:00,47.885,48.619,47.54,48.035,826852.45,2025-09-22 17:59:59.999,39815813.70163,89844,379628.50,18289753.9773600,0
2025-09-22 18:00:00,48.034,48.227,47.671,47.891,411963.68,2025-09-22 18:59:59.999,19756849.63093,53616,180953.93,8681833.8853300,0
2025-09-22 19:00:00,47.896,47.952,47.016,47.15,595995.41,2025-09-22 19:59:59.999,28248764.07393,70656,273344.26,12955538.0180200,0
2025-09-22 20:00:00,47.158,47.897,46.866,47.881,554458.84,2025-09-22 20:59:59.999,26276683.97183,69286,292996.53,13887944.9734200,0
2025-09-22 21:00:00,47.88,48.057,47.69,47.914,297375.8,2025-09-22 21:59:59.999,14246351.50237,36957,153281.61,7344000.9871100,0
2025-09-22 22:00:00,47.913,47.972,47.32,47.323,250195.13,2025-09-22 22:59:59.999,11933940.23333,38614,113821.47,5430779.6009800,0
2025-09-22 23:00:00,47.327,47.572,47.181,47.278,232780.5,2025-09-22 23:59:59.999,11020087.39386,34003,113343.34,5365838.8780300,0
2025-09-23 00:00:00,47.278,47.364,46.258,46.487,583390.34,2025-09-23 00:59:59.999,27269452.06542,63796,252868.70,11829845.3081300,0
2025-09-23 01:00:00,46.486,46.564,46.106,46.134,356506.01,2025-09-23 01:59:59.999,16500209.6283,52559,179796.45,8319639.1747100,0
2025-09-23 02:00:00,46.134,46.284,45.52,45.523,853997.48,2025-09-23 02:59:59.999,39266032.24452,67434,445006.19,20476015.9171500,0
2025-09-23 03:00:00,45.525,46.722,45.305,46.102,1106891.44,2025-09-23 03:59:59.999,51128605.8451,108583,528755.97,24442472.0631400,0
2025-09-23 04:00:00,46.102,46.709,45.953,46.449,425452.93,2025-09-23 04:59:59.999,19709041.47151,49591,242773.34,11248018.1843600,0
2025-09-23 05:00:00,46.45,48.241,46.339,47.98,975370.24,2025-09-23 05:59:59.999,46366081.51224,87394,499049.08,23695975.1320500,0
2025-09-23 06:00:00,47.98,48.874,47.886,48.694,671696.26,2025-09-23 06:59:59.999,32570508.9414,77447,324367.88,15723079.1468600,0
2025-09-23 07:00:00,48.697,48.773,48.148,48.675,421903.2,2025-09-23 07:59:59.999,20449910.06379,68498,209970.43,10180030.4645100,0
2025-09-23 08:00:00,48.673,48.904,48.422,48.718,263103.41,2025-09-23 08:59:59.999,12805215.99757,40217,137508.15,6695387.4418200,0
2025-09-23 09:00:00,48.717,48.946,47.854,48.07,432255.03,2025-09-23 09:59:59.999,20903035.2746,54047,185964.23,8997090.4424400,0
2025-09-23 10:00:00,48.07,48.309,47.919,48.172,184787.07,2025-09-23 10:59:59.999,8889975.68278,33742,92269.06,4440933.8124200,0
2025-09-23 11:00:00,48.173,48.179,47.713,48.053,232887.73,2025-09-23 11:59:59.999,11174056.10934,31617,95609.75,4586563.9505800,0
2025-09-23 12:00:00,48.052,48.077,47.461,47.638,356801.91,2025-09-23 12:59:59.999,17023363.21475,46096,152626.80,7283812.2007600,0
2025-09-23 13:00:00,47.638,48.046,47.258,47.867,565520.35,2025-09-23 13:59:59.999,26937574.31365,69397,291653.08,13894216.9306900,0
2025-09-23 14:00:00,47.87,48.627,47.067,47.102,706254.05,2025-09-23 14:59:59.999,33822300.48535,80323,319679.26,15327277.1786400,0
2025-09-23 15:00:00,47.1,47.622,46.801,47.317,535819.76,2025-09-23 15:59:59.999,25308858.82628,68454,266943.36,12614270.0262700,0
2025-09-23 16:00:00,47.318,47.719,47.055,47.436,302757.36,2025-09-23 16:59:59.999,14355718.87183,50122,144473.52,6853076.4981200,0
2025-09-23 17:00:00,47.436,47.513,46.48,46.563,578253.51,2025-09-23 17:59:59.999,27073473.12918,70467,249106.14,11665771.9936900,0
2025-09-23 18:00:00,46.563,46.672,45.032,45.143,1054001.02,2025-09-23 18:59:59.999,48301402.68523,91824,472105.47,21649857.8393100,0
2025-09-23 19:00:00,45.144,46.05,44.477,44.58,1022665.94,2025-09-23 19:59:59.999,46209418.60994,105730,503185.60,22767061.1836800,0
2025-09-23 20:00:00,44.58,45.419,44.58,45.393,535550.38,2025-09-23 20:59:59.999,24094961.71151,73457,290357.22,13062873.1467200,0
2025-09-23 21:00:00,45.392,45.614,44.986,45.04,310529.06,2025-09-23 21:59:59.999,14061284.41304,45328,145911.41,6608314.3219700,0
2025-09-23 22:00:00,45.041,45.451,44.838,45.267,332141.7,2025-09-23 22:59:59.999,14999763.70992,46014,174222.66,7868253.5612700,0
2025-09-23 23:00:00,45.268,45.273,44.364,44.671,449408.59,2025-09-23 23:59:59.999,20128781.37543,56423,224615.35,10063391.9978200,0
2025-09-24 00:00:00,44.672,45.322,44.341,44.711,487297.48,2025-09-24 00:59:59.999,21881597.54813,62198,255038.75,11454527.7064100,0
2025-09-24 01:00:00,44.712,45.585,44.558,45.556,337079.0,2025-09-24 01:59:59.999,15234904.60293,49306,184401.61,8335737.6936600,0
2025-09-24 02:00:00,45.557,45.674,44.907,45.144,368527.7,2025-09-24 02:59:59.999,16699029.95889,54052,162252.96,7350141.5388900,0
2025-09-24 03:00:00,45.145,45.2,44.053,44.159,686756.31,2025-09-24 03:59:59.999,30594529.14772,79530,291514.59,12993869.3824300,0
2025-09-24 04:00:00,44.159,44.53,43.596,43.977,1141487.64,2025-09-24 04:59:59.999,50244623.27357,127106,585173.40,25767787.9460200,0
2025-09-24 05:00:00,43.978,44.838,43.889,44.469,462844.77,2025-09-24 05:59:59.999,20510730.54287,70948,244686.31,10842537.8650400,0
2025-09-24 06:00:00,44.468,45.204,44.385,45.138,495072.98,2025-09-24 06:59:59.999,22208566.18021,66242,249869.44,11210301.4088400,0
2025-09-24 07:00:00,45.137,45.137,44.135,44.501,391699.67,2025-09-24 07:59:59.999,17442105.92811,58924,176465.98,7852686.7634400,0
2025-09-24 08:00:00,44.502,44.64,43.307,43.644,738073.44,2025-09-24 08:59:59.999,32337092.81219,94328,323989.69,14194942.8324700,0
2025-09-24 09:00:00,43.645,44.577,43.274,44.542,694755.28,2025-09-24 09:59:59.999,30524996.49999,75006,349123.34,15339161.9134400,0
2025-09-24 10:00:00,44.541,45.0,44.225,44.687,671970.25,2025-09-24 10:59:59.999,29980458.10511,82508,328431.87,14657491.4019000,0
2025-09-24 11:00:00,44.686,46.075,44.481,45.909,1316720.07,2025-09-24 11:59:59.999,59575904.64337,122970,685521.97,31010338.3791200,0
2025-09-24 12:00:00,45.908,46.471,45.46,45.562,944052.7,2025-09-24 12:59:59.999,43397464.43961,95958,408998.70,18804896.4789500,0
2025-09-24 13:00:00,45.561,45.846,44.607,44.645,826141.53,2025-09-24 13:59:59.999,37454968.13267,89414,329001.50,14927273.4593100,0
2025-09-24 14:00:00,44.644,46.818,44.624,46.354,983880.88,2025-09-24 14:59:59.999,45081887.19163,109048,459140.77,21048223.3520100,0
2025-09-24 15:00:00,46.354,46.508,45.204,45.277,686206.89,2025-09-24 15:59:59.999,31433467.36969,85492,293507.41,13450974.5227900,0
2025-09-24 16:00:00,45.28,45.462,44.863,44.968,587759.72,2025-09-24 16:59:59.999,26495898.29394,77747,272691.83,12294238.9677100,0
2025-09-24 17:00:00,44.97,45.695,44.922,45.584,622661.54,2025-09-24 17:59:59.999,28218734.53257,73063,282559.60,12807513.7277900,0
2025-09-24 18:00:00,45.583,45.753,45.126,45.524,345909.46,2025-09-24 18:59:59.999,15726531.09638,48979,152784.38,6945000.1334700,0
2025-09-24 19:00:00,45.525,46.157,45.479,45.977,412385.31,2025-09-24 19:59:59.999,18924045.70709,59658,189363.77,8692055.1038200,0
2025-09-24 20:00:00,45.978,46.321,45.84,46.172,231162.03,2025-09-24 20:59:59.999,10648862.31262,42696,115589.33,5324979.2060300,0
2025-09-24 21:00:00,46.17,46.355,45.5,45.602,251614.03,2025-09-24 21:59:59.999,11565990.61989,38665,100137.70,4604043.3559800,0
2025-09-24 22:00:00,45.603,46.322,45.595,45.983,286999.06,2025-09-24 22:59:59.999,13220793.10488,45528,143257.35,6602173.7326100,0
2025-09-24 23:00:00,45.983,46.265,45.291,45.646,251743.91,2025-09-24 23:59:59.999,11521404.90367,45991,95916.50,4389299.9015100,0
2025-09-25 00:00:00,45.656,46.019,45.362,45.525,291085.87,2025-09-25 00:59:59.999,13291387.59666,46349,126069.93,5758288.6350000,0
2025-09-25 01:00:00,45.523,45.749,44.648,44.689,476317.34,2025-09-25 01:59:59.999,21488961.18889,65298,212481.23,9592875.1434200,0
2025-09-25 02:00:00,44.692,44.868,43.9,43.994,834897.8,2025-09-25 02:59:59.999,37019432.37803,92530,397425.33,17630735.8887000,0
2025-09-25 03:00:00,43.994,44.089,42.842,43.419,1055296.01,2025-09-25 03:59:59.999,45799235.7218,120255,466059.37,20238599.2322100,0
2025-09-25 04:00:00,43.409,43.825,42.566,42.957,1409763.44,2025-09-25 04:59:59.999,60812137.12269,127706,684089.79,29532968.1716000,0
2025-09-25 05:00:00,42.959,43.526,42.591,42.973,668985.81,2025-09-25 05:59:59.999,28869204.86657,80808,328472.16,14174019.4813500,0
2025-09-25 06:00:00,42.972,43.078,42.255,42.309,561151.33,2025-09-25 06:59:59.999,23901175.73706,67705,246636.00,10510908.6455400,0
2025-09-25 07:00:00,42.309,42.906,42.161,42.206,689677.54,2025-09-25 07:59:59.999,29329028.50597,75585,313665.55,13351553.5746400,0
2025-09-25 08:00:00,42.205,42.964,42.134,42.819,484835.05,2025-09-25 08:59:59.999,20686552.47447,61943,240176.05,10245445.8490300,0
2025-09-25 09:00:00,42.82,43.639,42.7,42.989,549537.63,2025-09-25 09:59:59.999,23783615.66757,59560,268963.33,11643576.3253200,0
2025-09-25 10:00:00,42.988,43.385,42.445,42.486,507068.16,2025-09-25 10:59:59.999,21745583.04085,56618,224465.85,9626590.3982400,0
2025-09-25 11:00:00,42.486,42.635,41.681,41.848,863782.14,2025-09-25 11:59:59.999,36330007.29203,83880,359787.41,15136745.1809700,0
2025-09-25 12:00:00,41.845,41.91,40.816,41.388,1898534.87,2025-09-25 12:59:59.999,78428976.17221,151378,887299.03,36660607.7751800,0
2025-09-25 13:00:00,41.386,42.1,40.751,41.841,1339240.41,2025-09-25 13:59:59.999,55554202.69332,139588,603329.83,25034112.3713200,0
2025-09-25 14:00:00,41.843,42.458,41.358,41.516,862295.45,2025-09-25 14:59:59.999,36202403.12274,97589,402663.86,16918015.5876300,0
2025-09-25 15:00:00,41.515,41.73,40.873,41.726,948241.03,2025-09-25 15:59:59.999,39148205.8141,94137,470304.96,19426507.1177500,0
2025-09-25 16:00:00,41.728,42.23,41.327,41.504,863583.0,2025-09-25 16:59:59.999,36073659.83289,98446,390495.44,16320417.1594100,0
2025-09-25 17:00:00,41.498,42.208,41.162,41.947,1083524.7,2025-09-25 17:59:59.999,45159505.43269,114624,466654.95,19450277.9472000,0
2025-09-25 18:00:00,41.946,43.121,41.56,43.108,1165054.02,2025-09-25 18:59:59.999,49383120.75448,115718,592198.00,25113067.8153300,0
2025-09-25 19:00:00,43.108,43.115,42.213,42.366,564741.45,2025-09-25 19:59:59.999,24104855.90563,64797,244827.59,10450640.7470600,0
2025-09-25 20:00:00,42.368,42.382,41.25,41.752,758611.2,2025-09-25 20:59:59.999,31723559.4928,76311,385643.53,16122702.3409600,0
2025-09-25 21:00:00,41.752,43.493,41.18,41.788,1589790.6,2025-09-25 21:59:59.999,67378307.33153,138990,769120.99,32568188.4093300,0
2025-09-25 22:00:00,41.786,42.104,40.51,41.121,827253.97,2025-09-25 22:59:59.999,34146806.30173,78877,392953.85,16230458.1077400,0
2025-09-25 23:00:00,41.121,41.436,39.72,40.414,1178336.88,2025-09-25 23:59:59.999,47617818.83376,117156,487354.37,19711631.0233200,0
2025-09-26 00:00:00,40.413,42.17,40.381,42.091,963600.33,2025-09-26 00:59:59.999,39877924.08808,109357,536411.53,22214310.0160100,0
2025-09-26 01:00:00,42.097,42.732,42.019,42.295,725522.06,2025-09-26 01:59:59.999,30735559.88531,95589,354178.06,15010794.1461700,0
2025-09-26 02:00:00,42.295,43.052,42.226,42.551,645309.75,2025-09-26 02:59:59.999,27544067.0479,80329,291708.26,12451815.0281500,0
2025-09-26 03:00:00,42.551,43.332,42.456,42.951,661567.96,2025-09-26 03:59:59.999,28444699.39982,85033,331908.85,14272096.0183600,0
2025-09-26 04:00:00,42.955,43.36,42.276,42.319,759145.5,2025-09-26 04:59:59.999,32452833.59003,105962,401429.25,17166432.2419700,0
2025-09-26 05:00:00,42.328,42.846,41.934,42.12,548172.81,2025-09-26 05:59:59.999,23254312.88957,85201,263254.35,11172353.8792600,0
2025-09-26 06:00:00,42.12,42.524,41.734,41.986,517020.93,2025-09-26 06:59:59.999,21778860.50713,77076,246597.51,10397491.9316100,0
2025-09-26 07:00:00,41.991,42.535,41.916,42.503,270945.3,2025-09-26 07:59:59.999,11439932.08893,52189,143769.78,6072745.8212900,0
2025-09-26 08:00:00,42.502,42.81,42.321,42.496,409922.54,2025-09-26 08:59:59.999,17450511.78578,60236,213588.09,9094918.7693600,0
2025-09-26 09:00:00,42.495,42.658,41.893,42.226,507770.89,2025-09-26 09:59:59.999,21445237.60907,72491,221773.80,9367707.0172100,0
2025-09-26 10:00:00,42.225,42.258,41.234,41.259,648427.22,2025-09-26 10:59:59.999,26988589.01089,83164,255524.51,10631892.2549600,0
2025-09-26 11:00:00,41.258,41.318,40.783,41.155,687055.74,2025-09-26 11:59:59.999,28205834.28781,81312,358342.10,14711973.5487300,0
2025-09-26 12:00:00,41.152,42.641,40.93,42.508,1115553.19,2025-09-26 12:59:59.999,46724658.29262,135342,508348.63,21276640.1007200,0
2025-09-26 13:00:00,42.508,43.709,42.223,43.491,1030402.85,2025-09-26 13:59:59.999,44371539.54471,126413,519982.16,22407186.7675700,0
2025-09-26 14:00:00,43.486,43.651,42.64,43.221,895903.98,2025-09-26 14:59:59.999,38587885.64455,113852,390454.14,16825759.1087200,0
2025-09-26 15:00:00,43.22,44.366,43.141,44.276,1165663.17,2025-09-26 15:59:59.999,51039748.90888,117123,684859.26,29978856.1884900,0
2025-09-26 16:00:00,44.275,44.999,44.109,44.661,895895.08,2025-09-26 16:59:59.999,39949648.2526,114740,441817.69,19705274.2498600,0
2025-09-26 17:00:00,44.66,45.446,44.48,45.094,818165.49,2025-09-26 17:59:59.999,36832711.47515,89502,424906.59,19135758.0969700,0
2025-09-26 18:00:00,45.094,45.678,44.832,45.591,661604.06,2025-09-26 18:59:59.999,29985222.86783,75337,329368.33,14927994.2019300,0
2025-09-26 19:00:00,45.592,45.612,44.727,44.867,687270.97,2025-09-26 19:59:59.999,30973218.24893,86585,276116.72,12447193.3948200,0
2025-09-26 20:00:00,44.867,45.347,44.454,44.545,355522.81,2025-09-26 20:59:59.999,15943112.19001,53255,134880.51,6052773.9589700,0
2025-09-26 21:00:00,44.545,44.783,44.315,44.339,358977.9,2025-09-26 21:59:59.999,15979307.34405,45729,158603.59,7065102.1300500,0
2025-09-26 22:00:00,44.34,44.826,44.186,44.666,370519.26,2025-09-26 22:59:59.999,16486304.02612,51313,176284.00,7846917.7357900,0
2025-09-26 23:00:00,44.665,45.042,44.384,44.827,257826.74,2025-09-26 23:59:59.999,11523865.70571,42067,109494.98,4898276.3257400,0
2025-09-27 00:00:00,44.825,45.46,44.729,45.445,355670.94,2025-09-27 00:59:59.999,16026549.29185,55540,186003.34,8384396.8927500,0
2025-09-27 01:00:00,45.438,45.497,44.573,44.809,553894.21,2025-09-27 01:59:59.999,24899960.55741,56567,246976.32,11100178.3816700,0
2025-09-27 02:00:00,44.81,44.883,44.26,44.268,223659.69,2025-09-27 02:59:59.999,9949504.08984,40447,86447.99,3846898.6019200,0
2025-09-27 03:00:00,44.272,44.561,43.871,43.881,516248.24,2025-09-27 03:59:59.999,22807083.26826,65707,220773.48,9752854.7645600,0
2025-09-27 04:00:00,43.881,44.248,43.658,44.218,534571.68,2025-09-27 04:59:59.999,23507661.09115,50500,231359.30,10177903.3767900,0
2025-09-27 05:00:00,44.218,44.76,44.018,44.715,296700.37,2025-09-27 05:59:59.999,13159145.0837,38052,148082.50,6572900.0772600,0
2025-09-27 06:00:00,44.714,44.839,44.462,44.821,312641.16,2025-09-27 06:59:59.999,13973605.25828,38416,120573.06,5389755.6804100,0
2025-09-27 07:00:00,44.821,44.96,44.32,44.529,255827.84,2025-09-27 07:59:59.999,11417536.08193,37668,111424.82,4974848.0494600,0
2025-09-27 08:00:00,44.528,44.591,43.284,43.552,584082.88,2025-09-27 08:59:59.999,25675908.95842,63514,231636.99,10199238.4545100,0
2025-09-27 09:00:00,43.549,43.806,43.067,43.661,851763.84,2025-09-27 09:59:59.999,36977600.30963,72373,480716.00,20869401.6638100,0
2025-09-27 10:00:00,43.661,43.936,43.366,43.841,338932.92,2025-09-27 10:59:59.999,14792885.02923,44632,180508.00,7881531.2619900,0
2025-09-27 11:00:00,43.844,44.101,43.717,43.722,296906.39,2025-09-27 11:59:59.999,13048857.09829,34503,131630.62,5788934.3122900,0
2025-09-27 12:00:00,43.722,44.154,43.35,44.026,324554.27,2025-09-27 12:59:59.999,14186256.95474,47994,172629.11,7549380.0522700,0
2025-09-27 13:00:00,44.027,45.9,43.972,45.073,1080922.13,2025-09-27 13:59:59.999,48736400.02737,112940,533514.33,24071876.3920000,0
2025-09-27 14:00:00,45.07,45.5,44.859,45.031,414080.77,2025-09-27 14:59:59.999,18696117.56485,66767,195491.37,8829705.4779100,0
2025-09-27 15:00:00,45.03,45.847,44.69,45.808,508773.97,2025-09-27 15:59:59.999,23085852.7596,70837,261765.67,11879350.1302700,0
2025-09-27 16:00:00,45.808,45.873,45.237,45.388,628085.1,2025-09-27 16:59:59.999,28610335.49116,64681,303995.96,13842888.8202300,0
2025-09-27 17:00:00,45.386,45.945,45.1,45.926,307729.46,2025-09-27 17:59:59.999,14000890.98897,48936,177452.44,8078190.0620800,0
2025-09-27 18:00:00,45.926,45.937,45.357,45.495,302545.45,2025-09-27 18:59:59.999,13814213.23355,45278,125251.13,5714293.3457000,0
2025-09-27 19:00:00,45.495,45.73,45.193,45.651,175231.96,2025-09-27 19:59:59.999,7966369.58024,33573,85593.10,3892387.7099100,0
2025-09-27 20:00:00,45.651,46.178,45.56,45.68,402188.83,2025-09-27 20:59:59.999,18454629.52971,54795,214551.80,9846232.1541300,0
2025-09-27 21:00:00,45.68,46.114,45.507,45.81,152532.37,2025-09-27 21:59:59.999,6988547.42,26190,66183.49,3031300.5181900,0
2025-09-27 22:00:00,45.815,46.601,45.766,46.005,490470.1,2025-09-27 22:59:59.999,22649253.68395,51527,265851.51,12273117.9346700,0
2025-09-27 23:00:00,46.008,46.218,45.074,45.75,537753.69,2025-09-27 23:59:59.999,24510368.36159,58461,231423.82,10557943.3251800,0
2025-09-28 00:00:00,45.751,45.883,45.395,45.466,253108.17,2025-09-28 00:59:59.999,11551723.75741,43764,121923.88,5566637.5003000,0
2025-09-28 01:00:00,45.467,45.691,45.083,45.087,244451.17,2025-09-28 01:59:59.999,11095744.96458,39132,108608.15,4933113.3260800,0
2025-09-28 02:00:00,45.086,45.297,44.926,45.161,208709.39,2025-09-28 02:59:59.999,9411165.55031,31771,100156.14,4517242.0137900,0
2025-09-28 03:00:00,45.161,45.372,44.502,44.778,426483.3,2025-09-28 03:59:59.999,19097049.51997,46083,181822.17,8144466.8734100,0
2025-09-28 04:00:00,44.779,44.93,44.609,44.714,114478.7,2025-09-28 04:59:59.999,5123765.29063,22217,60113.67,2691534.2205900,0
2025-09-28 05:00:00,44.715,44.89,44.38,44.479,193979.48,2025-09-28 05:59:59.999,8653757.68879,27472,83625.91,3732825.8618500,0
2025-09-28 06:00:00,44.479,44.542,44.183,44.53,245353.1,2025-09-28 06:59:59.999,10889974.98264,31812,114152.34,5067354.8678200,0
2025-09-28 07:00:00,44.53,44.875,44.359,44.846,174380.24,2025-09-28 07:59:59.999,7792484.71341,27787,92372.64,4127689.4291700,0
2025-09-28 08:00:00,44.846,44.996,44.272,44.284,244686.88,2025-09-28 08:59:59.999,10907576.35659,38876,123184.99,5490626.8413900,0
2025-09-28 09:00:00,44.284,44.418,43.811,44.02,308960.06,2025-09-28 09:59:59.999,13604986.19222,41798,125552.79,5530490.3284200,0
2025-09-28 10:00:00,44.015,44.015,43.716,43.987,235171.92,2025-09-28 10:59:59.999,10311458.3512,31375,112863.57,4949553.5565800,0
2025-09-28 11:00:00,43.987,44.037,43.421,43.625,327075.55,2025-09-28 11:59:59.999,14280054.9744,35728,115948.14,5064328.4874900,0
2025-09-28 12:00:00,43.625,43.66,42.912,43.205,493464.96,2025-09-28 12:59:59.999,21331031.96848,54412,210821.62,9109201.3981400,0
2025-09-28 13:00:00,43.207,43.829,43.164,43.758,408193.87,2025-09-28 13:59:59.999,17770572.70649,47500,229845.52,10008368.7532900,0
2025-09-28 14:00:00,43.758,44.252,43.492,44.236,325084.13,2025-09-28 14:59:59.999,14264664.78439,43091,181041.25,7943414.9215400,0
2025-09-28 15:00:00,44.239,44.568,44.07,44.552,337941.76,2025-09-28 15:59:59.999,14958060.93303,45911,161373.23,7146956.8916700,0
2025-09-28 16:00:00,44.552,45.366,44.538,45.277,900149.18,2025-09-28 16:59:59.999,40509885.31512,101171,421680.70,18979687.5685000,0
2025-09-28 17:00:00,45.277,46.014,45.2,45.701,732209.71,2025-09-28 17:59:59.999,33444634.37822,99349,370131.40,16904777.4079200,0
2025-09-28 18:00:00,45.701,45.935,45.469,45.925,174158.87,2025-09-28 18:59:59.999,7949751.93577,33061,89826.16,4100829.2629800,0
2025-09-28 19:00:00,45.924,45.999,45.3,45.687,286354.98,2025-09-28 19:59:59.999,13040461.09043,38315,138804.90,6322342.8427600,0
2025-09-28 20:00:00,45.687,46.957,45.558,46.578,549774.24,2025-09-28 20:59:59.999,25555200.972,69897,308153.86,14322976.0158300,0
2025-09-28 21:00:00,46.581,47.22,46.248,46.471,444572.86,2025-09-28 21:59:59.999,20776125.18741,56102,251199.67,11751535.9990400,0
2025-09-28 22:00:00,46.473,47.23,46.277,47.144,1091780.4,2025-09-28 22:59:59.999,51222814.59305,112370,535110.47,25123386.7147300,0
2025-09-28 23:00:00,47.143,47.33,46.715,47.171,370034.41,2025-09-28 23:59:59.999,17421002.47132,55281,181533.29,8546371.6688700,0
2025-09-29 00:00:00,47.177,47.21,46.28,46.86,659172.31,2025-09-29 00:59:59.999,30773478.0631,61072,256686.02,11989403.4975200,0
2025-09-29 01:00:00,46.861,47.524,46.76,47.02,401430.33,2025-09-29 01:59:59.999,18936236.17828,52380,188478.38,8893867.7884500,0
2025-09-29 02:00:00,47.019,47.513,46.976,47.439,266357.56,2025-09-29 02:59:59.999,12579249.14339,41395,138425.79,6541238.6129700,0
2025-09-29 03:00:00,47.438,47.464,46.684,47.347,416322.21,2025-09-29 03:59:59.999,19562847.83313,49415,168639.42,7929076.4940600,0
2025-09-29 04:00:00,47.348,47.765,46.977,47.027,488917.19,2025-09-29 04:59:59.999,23173234.30663,63372,202746.56,9615300.8275200,0
2025-09-29 05:00:00,47.037,47.22,46.689,46.98,340231.22,2025-09-29 05:59:59.999,15950037.792,38694,177059.58,8299651.9722600,0
2025-09-29 06:00:00,46.98,47.134,46.686,46.987,198965.28,2025-09-29 06:59:59.999,9329786.90714,38085,95412.33,4474769.8926900,0
2025-09-29 07:00:00,46.985,47.944,46.768,47.738,413603.6,2025-09-29 07:59:59.999,19618518.6335,57100,198141.48,9403784.1679400,0
2025-09-29 08:00:00,47.739,48.08,47.394,47.965,382606.54,2025-09-29 08:59:59.999,18258913.02214,57280,192612.32,9197792.1320600,0
2025-09-29 09:00:00,47.963,48.124,47.173,47.201,361618.9,2025-09-29 09:59:59.999,17242704.79515,50740,179461.24,8559741.6203000,0
2025-09-29 10:00:00,47.2,47.34,46.565,46.604,319038.61,2025-09-29 10:59:59.999,14968361.00739,41753,135003.24,6338140.2496000,0
2025-09-29 11:00:00,46.605,46.769,45.909,46.256,827862.49,2025-09-29 11:59:59.999,38264095.98339,84067,417954.55,19308765.5250300,0
2025-09-29 12:00:00,46.256,46.644,45.924,46.059,407335.27,2025-09-29 12:59:59.999,18840708.85133,54324,200316.07,9269317.1980400,0
2025-09-29 13:00:00,46.058,47.25,45.75,46.949,934265.08,2025-09-29 13:59:59.999,43529290.43309,111024,441452.52,20575416.5950700,0
2025-09-29 14:00:00,46.953,47.866,46.726,47.582,814758.43,2025-09-29 14:59:59.999,38485038.10499,119507,401138.93,18948712.4978200,0
2025-09-29 15:00:00,47.584,47.81,46.528,46.67,427791.66,2025-09-29 15:59:59.999,20146440.11267,73672,192967.99,9090825.4143400,0
2025-09-29 16:00:00,46.672,47.158,46.104,46.129,377407.26,2025-09-29 16:59:59.999,17610368.37174,67209,172203.10,8040496.9366400,0
2025-09-29 17:00:00,46.129,46.191,44.964,45.57,1093899.25,2025-09-29 17:59:59.999,49687078.8152,120966,544198.36,24713798.2816600,0
2025-09-29 18:00:00,45.57,45.852,45.241,45.833,246888.61,2025-09-29 18:59:59.999,11243836.29256,45809,131340.94,5983232.5526600,0
2025-09-29 19:00:00,45.833,46.092,45.618,46.032,289797.94,2025-09-29 19:59:59.999,13277911.45591,47598,135333.08,6200654.2661600,0
2025-09-29 20:00:00,46.039,47.102,45.936,46.858,511654.83,2025-09-29 20:59:59.999,23889808.26217,58895,226232.83,10561581.5396300,0
2025-09-29 21:00:00,46.858,46.994,46.461,46.618,216233.67,2025-09-29 21:59:59.999,10099682.44263,32126,103522.67,4836036.5985100,0
2025-09-29 22:00:00,46.619,46.689,46.296,46.545,167161.36,2025-09-29 22:59:59.999,7775270.72238,23384,77340.57,3598829.4823400,0
2025-09-29 23:00:00,46.55,46.568,46.074,46.19,220585.67,2025-09-29 23:59:59.999,10200592.00293,30057,112392.08,5196573.7643300,0
2025-09-30 00:00:00,46.19,46.313,45.511,45.64,415502.09,2025-09-30 00:59:59.999,19076392.90896,53632,187282.45,8599224.7546100,0
2025-09-30 01:00:00,45.639,45.917,44.777,45.037,831573.16,2025-09-30 01:59:59.999,37620859.84312,85673,387819.80,17544427.6519600,0
2025-09-30 02:00:00,45.037,45.593,44.952,45.022,495711.67,2025-09-30 02:59:59.999,22469429.65577,59857,211726.64,9596320.0470600,0
2025-09-30 03:00:00,45.023,45.274,44.535,44.682,420414.65,2025-09-30 03:59:59.999,18882892.05973,50390,184351.60,8286326.1285900,0
2025-09-30 04:00:00,44.681,44.873,44.332,44.5,501324.79,2025-09-30 04:59:59.999,22368484.8952,57205,213742.52,9540401.9674100,0
2025-09-30 05:00:00,44.501,44.985,44.367,44.816,335096.58,2025-09-30 05:59:59.999,14978724.94212,43984,183586.37,8209635.2251800,0
2025-09-30 06:00:00,44.816,45.258,44.583,45.135,355592.25,2025-09-30 06:59:59.999,16016844.30171,40375,203871.56,9184545.8764600,0
2025-09-30 07:00:00,45.134,45.316,44.671,44.99,297830.62,2025-09-30 07:59:59.999,13385289.1935,44224,142625.81,6412416.8017200,0
2025-09-30 08:00:00,44.99,45.248,44.584,44.616,293764.6,2025-09-30 08:59:59.999,13211070.98541,48079,126565.64,5694398.0339700,0
2025-09-30 09:00:00,44.619,44.691,43.61,44.103,1010446.01,2025-09-30 09:59:59.999,44538043.81074,98490,436361.97,19232945.1227600,0
2025-09-30 10:00:00,44.103,45.639,44.027,45.495,869030.71,2025-09-30 10:59:59.999,39001415.74124,86747,420527.46,18861458.9748400,0
2025-09-30 11:00:00,45.495,45.7,45.112,45.645,517756.38,2025-09-30 11:59:59.999,23495816.10926,68254,245367.14,11143054.7016000,0
2025-09-30 12:00:00,45.647,45.648,44.84,44.948,378144.72,2025-09-30 12:59:59.999,17104808.485,58870,177377.39,8028042.0289900,0
2025-09-30 13:00:00,44.948,45.519,44.639,44.918,486377.81,2025-09-30 13:59:59.999,21900945.41955,77921,216845.07,9766881.9992400,0
2025-09-30 14:00:00,44.917,45.129,44.55,44.788,455351.98,2025-09-30 14:59:59.999,20397192.32471,87453,216378.07,9693945.2270400,0
2025-09-30 15:00:00,44.786,44.811,43.506,43.863,877941.68,2025-09-30 15:59:59.999,38540903.42015,107305,403754.31,17708137.3676300,0
2025-09-30 16:00:00,43.863,44.112,43.518,43.919,480622.8,2025-09-30 16:59:59.999,21067859.91372,67116,216089.41,9474529.3178000,0
2025-09-30 17:00:00,43.92,47.054,43.747,44.962,988313.41,2025-09-30 17:59:59.999,44154759.64145,116504,545178.56,24385379.1663100,0
2025-09-30 18:00:00,44.964,45.609,44.692,44.904,593276.14,2025-09-30 18:59:59.999,26783190.00633,84994,309620.97,13983670.3137000,0
2025-09-30 19:00:00,44.904,45.763,44.46,45.509,500300.51,2025-09-30 19:59:59.999,22560509.92144,73832,255587.08,11527716.6604100,0
2025-09-30 20:00:00,45.509,46.51,45.23,46.282,382035.04,2025-09-30 20:59:59.999,17519692.24278,59456,194511.87,8924107.0661600,0
2025-09-30 21:00:00,46.283,46.385,45.5,45.501,422974.75,2025-09-30 21:59:59.999,19434016.42639,56727,193076.94,8873234.1270100,0
2025-09-30 22:00:00,45.5,45.815,45.054,45.081,227703.5,2025-09-30 22:59:59.999,10344636.1574,39699,93251.82,4239620.5563700,0
2025-09-30 23:00:00,45.08,45.333,44.884,45.22,255728.99,2025-09-30 23:59:59.999,11525287.09667,35950,137048.00,6177663.6562400,0
2025-10-01 00:00:00,45.221,45.594,44.575,45.106,381137.06,2025-10-01 00:59:59.999,17161255.94552,49132,178013.98,8020161.4424900,0
2025-10-01 01:00:00,45.107,45.852,44.916,45.772,273643.54,2025-10-01 01:59:59.999,12393433.57429,41433,147251.37,6673944.1616500,0
2025-10-01 02:00:00,45.772,45.89,45.277,45.408,319683.0,2025-10-01 02:59:59.999,14584725.66994,43504,138431.07,6316631.0997400,0
2025-10-01 03:00:00,45.406,45.555,44.658,44.974,337037.99,2025-10-01 03:59:59.999,15182545.42435,44029,157119.72,7079616.3040300,0
2025-10-01 04:00:00,44.974,45.444,44.851,44.92,277606.46,2025-10-01 04:59:59.999,12532755.08284,43908,130231.36,5885039.3725200,0
2025-10-01 05:00:00,44.921,45.34,44.82,44.903,292807.84,2025-10-01 05:59:59.999,13190339.81029,43709,135584.60,6107298.6136800,0
2025-10-01 06:00:00,44.898,45.01,44.619,44.759,156204.39,2025-10-01 06:59:59.999,6999659.5549,34385,78867.40,3535282.9908000,0
2025-10-01 07:00:00,44.758,45.723,44.727,45.7,296903.86,2025-10-01 07:59:59.999,13434510.47006,42449,150457.27,6802474.8145800,0
2025-10-01 08:00:00,45.7,47.085,45.593,46.776,764219.16,2025-10-01 08:59:59.999,35535840.1954,89710,356573.56,16569555.5223600,0
2025-10-01 09:00:00,46.776,47.3,46.19,46.933,1058949.68,2025-10-01 09:59:59.999,49587147.26812,113012,500743.01,23467542.4510100,0
2025-10-01 10:00:00,46.933,47.139,46.54,46.8,332879.65,2025-10-01 10:59:59.999,15590194.75546,48136,155266.88,7274386.8804800,0
2025-10-01 11:00:00,46.8,47.689,46.684,47.586,340987.11,2025-10-01 11:59:59.999,16077298.53093,54393,182375.38,8601638.6885900,0
2025-10-01 12:00:00,47.578,47.678,47.243,47.293,360861.31,2025-10-01 12:59:59.999,17121333.0279,56830,151290.26,7180450.8526900,0
2025-10-01 13:00:00,47.293,47.885,47.293,47.705,327495.34,2025-10-01 13:59:59.999,15604751.38851,56905,163436.08,7788422.0592500,0
2025-10-01 14:00:00,47.7,48.106,47.149,47.268,638890.72,2025-10-01 14:59:59.999,30450723.85171,95170,315351.21,15031643.3221800,0
2025-10-01 15:00:00,47.267,47.596,46.88,47.234,463927.63,2025-10-01 15:59:59.999,21919940.42432,64963,228955.03,10822132.8041900,0
2025-10-01 16:00:00,47.236,48.006,47.116,47.32,452934.56,2025-10-01 16:59:59.999,21553804.41407,67155,231213.83,11004224.9583800,0
2025-10-01 17:00:00,47.321,47.499,46.673,46.96,411005.33,2025-10-01 17:59:59.999,19365556.24597,52428,187206.36,8827188.0707600,0
2025-10-01 18:00:00,46.959,47.145,46.673,46.938,294419.03,2025-10-01 18:59:59.999,13820366.45813,39230,148388.91,6967323.4026100,0
2025-10-01 19:00:00,46.937,47.353,46.874,47.094,216179.15,2025-10-01 19:59:59.999,10193107.69758,36312,117206.63,5526532.5661000,0
2025-10-01 20:00:00,47.094,47.186,46.607,46.711,273193.16,2025-10-01 20:59:59.999,12793621.87043,36195,159562.51,7470605.6653600,0
2025-10-01 21:00:00,46.711,46.808,46.329,46.792,253681.41,2025-10-01 21:59:59.999,11803262.19879,30486,131883.81,6136202.8461300,0
2025-10-01 22:00:00,46.793,47.258,46.64,47.042,338233.44,2025-10-01 22:59:59.999,15885812.37308,45290,174918.19,8216865.9150000,0
2025-10-01 23:00:00,47.045,47.279,46.829,47.233,224655.01,2025-10-01 23:59:59.999,10562251.18105,40937,113114.79,5318203.0924900,0
2025-10-02 00:00:00,47.228,47.988,46.993,47.145,556612.81,2025-10-02 00:59:59.999,26431118.0611,70020,256529.39,12179555.1371700,0
2025-10-02 01:00:00,47.152,48.849,47.058,48.66,721932.56,2025-10-02 01:59:59.999,34765295.76479,86773,367154.59,17675332.1092600,0
2025-10-02 02:00:00,48.669,48.842,48.125,48.333,476318.44,2025-10-02 02:59:59.999,23116080.81207,73578,212036.00,10288801.7398500,0
2025-10-02 03:00:00,48.333,49.369,48.29,49.359,529947.95,2025-10-02 03:59:59.999,25947405.39081,73446,304305.18,14901122.1010500,0
2025-10-02 04:00:00,49.359,49.621,48.812,49.356,471901.85,2025-10-02 04:59:59.999,23240757.94972,68877,224923.27,11078021.1982900,0
2025-10-02 05:00:00,49.356,49.714,49.061,49.079,472563.33,2025-10-02 05:59:59.999,23351584.06173,65430,235488.14,11639647.6798000,0
2025-10-02 06:00:00,49.079,49.577,48.912,49.203,321093.67,2025-10-02 06:59:59.999,15801681.71385,58015,151919.59,7478439.9671200,0
2025-10-02 07:00:00,49.202,49.231,48.583,48.807,305696.89,2025-10-02 07:59:59.999,14939452.43738,47774,122130.19,5971706.8497300,0
2025-10-02 08:00:00,48.806,49.244,48.676,49.23,295429.12,2025-10-02 08:59:59.999,14461074.59176,48574,138294.42,6771379.5939800,0
2025-10-02 09:00:00,49.231,49.514,48.985,49.432,265962.42,2025-10-02 09:59:59.999,13092492.79614,42940,143829.06,7082334.4782400,0
2025-10-02 10:00:00,49.432,49.548,49.139,49.41,237991.69,2025-10-02 10:59:59.999,11744487.70215,36664,111709.39,5512983.7962000,0
2025-10-02 11:00:00,49.401,49.845,49.329,49.583,293497.59,2025-10-02 11:59:59.999,14560781.89351,44177,166623.49,8264853.6795800,0
2025-10-02 12:00:00,49.581,49.89,49.376,49.689,298626.06,2025-10-02 12:59:59.999,14829527.60604,47418,143085.01,7105189.2857400,0
2025-10-02 13:00:00,49.688,49.694,48.895,49.085,465229.32,2025-10-02 13:59:59.999,22901762.01416,69476,218678.15,10768299.9158000,0
2025-10-02 14:00:00,49.085,49.106,48.551,48.79,817795.15,2025-10-02 14:59:59.999,39948558.63806,106997,380709.84,18603602.4185400,0
2025-10-02 15:00:00,48.79,49.343,48.58,49.181,541447.07,2025-10-02 15:59:59.999,26548752.41421,74121,232740.85,11409526.9548500,0
2025-10-02 16:00:00,49.179,49.975,49.076,49.181,558636.96,2025-10-02 16:59:59.999,27655237.66977,73277,302010.76,14963843.4466900,0
2025-10-02 17:00:00,49.182,49.976,48.952,49.812,421331.62,2025-10-02 17:59:59.999,20887503.03743,63379,179043.10,8874875.6855700,0
2025-10-02 18:00:00,49.812,50.415,49.766,50.016,570667.68,2025-10-02 18:59:59.999,28571372.28197,70603,292028.72,14622062.0316500,0
2025-10-02 19:00:00,50.018,51.089,49.995,50.855,579136.03,2025-10-02 19:59:59.999,29359239.63884,69853,288423.17,14621547.4945400,0
2025-10-02 20:00:00,50.854,50.868,50.105,50.736,426355.32,2025-10-02 20:59:59.999,21508585.02533,61793,203564.60,10269097.0357400,0
2025-10-02 21:00:00,50.736,50.912,50.004,50.153,317829.69,2025-10-02 21:59:59.999,16030467.29085,44771,157007.26,7925400.5267300,0
2025-10-02 22:00:00,50.152,50.471,49.935,50.139,236980.0,2025-10-02 22:59:59.999,11892059.70128,38967,121750.41,6112214.8373600,0
2025-10-02 23:00:00,50.134,50.868,50.11,50.811,267730.45,2025-10-02 23:59:59.999,13534626.40017,46219,142693.46,7213609.7971200,0
2025-10-03 00:00:00,50.812,50.829,50.248,50.498,237459.05,2025-10-03 00:59:59.999,11993141.75805,43372,117110.04,5913964.4217800,0
2025-10-03 01:00:00,50.497,50.736,49.647,49.726,444782.34,2025-10-03 01:59:59.999,22256302.34886,64719,218928.34,10959566.9002500,0
2025-10-03 02:00:00,49.726,50.595,49.692,50.587,266619.19,2025-10-03 02:59:59.999,13347952.12291,48273,156064.57,7811496.7224400,0
2025-10-03 03:00:00,50.586,50.828,50.064,50.106,316194.29,2025-10-03 03:59:59.999,15969235.86327,52854,141147.86,7131328.1481400,0
2025-10-03 04:00:00,50.113,50.374,49.549,50.324,499642.57,2025-10-03 04:59:59.999,24959678.93546,73307,265656.83,13270446.9152900,0
2025-10-03 05:00:00,50.327,50.378,49.939,50.13,203544.41,2025-10-03 05:59:59.999,10213382.48983,37120,108387.63,5438237.6221100,0
2025-10-03 06:00:00,50.13,50.4,49.645,49.797,229790.18,2025-10-03 06:59:59.999,11506857.84416,34509,121353.13,6079094.4241300,0
2025-10-03 07:00:00,49.796,49.965,49.323,49.542,359219.62,2025-10-03 07:59:59.999,17796257.39201,52416,187086.55,9269595.3682000,0
2025-10-03 08:00:00,49.542,49.682,48.5,49.08,867324.3,2025-10-03 08:59:59.999,42466431.15248,97510,466857.42,22854105.6740200,0
2025-10-03 09:00:00,49.08,49.498,48.857,49.353,478189.37,2025-10-03 09:59:59.999,23545470.1162,68604,265485.67,13076780.5645700,0
2025-10-03 10:00:00,49.355,49.924,49.235,49.915,318495.54,2025-10-03 10:59:59.999,15790163.17928,48411,199850.59,9909675.2453400,0
2025-10-03 11:00:00,49.912,49.915,49.164,49.486,450317.74,2025-10-03 11:59:59.999,22285263.36088,49425,188318.13,9319012.0247200,0
2025-10-03 12:00:00,49.487,49.649,48.877,49.056,322545.04,2025-10-03 12:59:59.999,15875299.40839,47069,127948.98,6298293.0278200,0
2025-10-03 13:00:00,49.057,49.291,48.753,48.908,364804.91,2025-10-03 13:59:59.999,17868028.86082,55897,177243.08,8681479.5576400,0
2025-10-03 14:00:00,48.908,49.675,48.387,49.305,605935.09,2025-10-03 14:59:59.999,29690543.99568,83708,279477.34,13709834.9517100,0
2025-10-03 15:00:00,49.304,50.733,48.96,50.432,825176.3,2025-10-03 15:59:59.999,41112983.15194,98189,378175.32,18842363.2198300,0
2025-10-03 16:00:00,50.432,50.878,50.036,50.124,915151.78,2025-10-03 16:59:59.999,46144019.82915,126018,433842.35,21873237.8059100,0
2025-10-03 17:00:00,50.124,50.875,49.603,50.029,1055838.74,2025-10-03 17:59:59.999,52994031.67758,129062,507730.34,25485519.5511100,0
2025-10-03 18:00:00,50.031,50.554,49.593,50.2,506053.93,2025-10-03 18:59:59.999,25311801.70488,75515,231755.50,11596380.3764900,0
2025-10-03 19:00:00,50.201,50.333,49.715,49.999,393293.58,2025-10-03 19:59:59.999,19665359.13357,59777,193323.62,9665251.2898200,0
2025-10-03 20:00:00,49.999,50.167,49.652,50.067,255623.21,2025-10-03 20:59:59.999,12764544.07723,46290,135350.90,6759198.0537900,0
2025-10-03 21:00:00,50.068,50.096,49.704,49.789,151068.18,2025-10-03 21:59:59.999,7540576.08333,26125,79259.81,3957022.9106700,0
2025-10-03 22:00:00,49.789,50.101,49.663,50.024,176241.21,2025-10-03 22:59:59.999,8794562.02339,32278,87362.97,4359115.9324200,0
2025-10-03 23:00:00,50.022,50.022,49.299,49.431,200104.51,2025-10-03 23:59:59.999,9921728.91614,38346,86995.13,4313373.0385100,0
2025-10-04 00:00:00,49.431,49.59,48.804,48.953,429242.12,2025-10-04 00:59:59.999,21072253.23049,55132,194098.84,9524972.2809800,0
2025-10-04 01:00:00,48.954,49.043,48.627,48.738,249616.0,2025-10-04 01:59:59.999,12185909.38853,35485,121411.68,5928791.7541900,0
2025-10-04 02:00:00,48.738,49.104,48.618,49.022,288133.45,2025-10-04 02:59:59.999,14085310.7181,37145,159645.13,7805627.7706500,0
2025-10-04 03:00:00,49.024,49.179,48.85,48.962,170458.43,2025-10-04 03:59:59.999,8357098.98032,27658,84132.53,4125259.6498700,0
2025-10-04 04:00:00,48.964,49.155,48.784,48.964,154357.35,2025-10-04 04:59:59.999,7557061.21084,24207,78383.48,3837840.9593600,0
2025-10-04 05:00:00,48.965,49.277,48.654,48.724,229027.14,2025-10-04 05:59:59.999,11217459.58851,35213,108613.64,5320397.5171300,0
2025-10-04 06:00:00,48.723,49.175,48.584,49.02,274200.7,2025-10-04 06:59:59.999,13401598.98881,48754,135600.80,6627060.6605600,0
2025-10-04 07:00:00,49.02,49.167,48.628,48.695,146605.73,2025-10-04 07:59:59.999,7168490.14781,26210,64006.03,3130527.2020900,0
2025-10-04 08:00:00,48.696,48.913,48.122,48.251,503428.06,2025-10-04 08:59:59.999,24379268.73689,57529,199139.56,9644943.7439200,0
2025-10-04 09:00:00,48.251,48.564,48.24,48.288,211028.05,2025-10-04 09:59:59.999,10218040.20439,29276,97396.54,4717514.2244800,0
2025-10-04 10:00:00,48.289,48.69,48.025,48.069,348970.89,2025-10-04 10:59:59.999,16852302.23242,31000,126814.05,6130370.3671900,0
2025-10-04 11:00:00,48.07,48.325,47.765,48.228,558904.56,2025-10-04 11:59:59.999,26842219.89148,53614,215812.51,10367768.5757500,0
2025-10-04 12:00:00,48.228,48.504,48.066,48.153,245904.55,2025-10-04 12:59:59.999,11871754.13442,37553,135356.92,6536336.0687700,0
2025-10-04 13:00:00,48.153,48.802,48.123,48.619,488411.58,2025-10-04 13:59:59.999,23719348.39569,50368,314753.07,15285193.2640300,0
2025-10-04 14:00:00,48.62,48.85,47.914,47.923,430795.0,2025-10-04 14:59:59.999,20825179.65855,42974,150133.76,7264049.2805900,0
2025-10-04 15:00:00,47.925,48.088,47.666,47.891,440843.5,2025-10-04 15:59:59.999,21116844.30117,49026,204455.26,9795539.7735800,0
2025-10-04 16:00:00,47.891,48.333,47.881,48.31,243559.27,2025-10-04 16:59:59.999,11727160.80349,37496,131013.55,6307783.8360500,0
2025-10-04 17:00:00,48.311,48.47,48.155,48.364,145939.51,2025-10-04 17:59:59.999,7049194.31045,24799,71044.39,3432143.5597200,0
2025-10-04 18:00:00,48.364,48.757,48.284,48.369,240074.88,2025-10-04 18:59:59.999,11655571.89332,29505,128317.82,6230469.0714800,0
2025-10-04 19:00:00,48.369,48.744,48.319,48.565,154915.58,2025-10-04 19:59:59.999,7521157.45758,20125,85189.60,4135564.4576400,0
2025-10-04 20:00:00,48.565,48.76,48.436,48.564,101452.38,2025-10-04 20:59:59.999,4931045.50229,19658,52354.32,2545003.0382600,0
2025-10-04 21:00:00,48.564,49.068,48.561,48.802,197861.55,2025-10-04 21:59:59.999,9669137.97653,23612,114089.46,5576098.0135500,0
2025-10-04 22:00:00,48.802,49.08,48.763,49.007,94072.88,2025-10-04 22:59:59.999,4602028.61917,16737,49358.97,2414451.9566700,0
2025-10-04 23:00:00,49.006,49.319,48.783,49.121,223696.42,2025-10-04 23:59:59.999,10983719.59695,30779,123417.01,6061528.7293400,0
2025-10-05 00:00:00,49.121,49.931,48.864,48.89,412936.2,2025-10-05 00:59:59.999,20403857.39751,47134,201720.51,9967886.4070100,0
2025-10-05 01:00:00,48.89,49.509,48.866,49.313,241916.08,2025-10-05 01:59:59.999,11887973.32804,34483,123340.83,6060725.6007900,0
2025-10-05 02:00:00,49.311,50.24,49.087,50.169,506733.7,2025-10-05 02:59:59.999,25233855.27846,71946,237784.31,11837868.6788500,0
2025-10-05 03:00:00,50.169,50.298,49.772,49.965,283280.66,2025-10-05 03:59:59.999,14178021.85404,50751,139815.36,6999241.2443900,0
2025-10-05 04:00:00,49.966,50.847,49.818,50.523,399120.49,2025-10-05 04:59:59.999,20132245.00396,62005,207095.65,10447692.5364900,0
2025-10-05 05:00:00,50.523,51.028,50.272,50.596,459662.86,2025-10-05 05:59:59.999,23291480.44386,65441,221551.92,11229399.2125200,0
2025-10-05 06:00:00,50.596,50.676,50.106,50.634,342564.06,2025-10-05 06:59:59.999,17286376.24544,52947,167100.56,8434575.5970900,0
2025-10-05 07:00:00,50.635,51.339,50.57,51.274,603295.57,2025-10-05 07:59:59.999,30777335.30929,76206,281177.68,14337867.1692200,0
2025-10-05 08:00:00,51.274,51.496,50.745,50.888,391281.68,2025-10-05 08:59:59.999,20012054.3711,63913,185111.36,9469525.3795000,0
2025-10-05 09:00:00,50.889,51.005,49.978,50.08,698571.71,2025-10-05 09:59:59.999,35232916.41799,84812,306271.21,15448439.3936500,0
2025-10-05 10:00:00,50.08,50.142,49.043,49.154,824125.32,2025-10-05 10:59:59.999,40769581.58757,98025,414456.71,20496803.0172900,0
2025-10-05 11:00:00,49.152,49.483,48.916,49.289,449381.7,2025-10-05 11:59:59.999,22105024.36904,61796,240009.19,11808599.5531500,0
2025-10-05 12:00:00,49.289,49.3,48.854,48.975,279880.78,2025-10-05 12:59:59.999,13732438.67235,43030,127406.80,6253577.9360100,0
2025-10-05 13:00:00,48.976,49.5,48.945,49.377,303134.04,2025-10-05 13:59:59.999,14940009.74251,42504,166788.42,8221316.6160200,0
2025-10-05 14:00:00,49.378,49.55,48.562,48.945,513108.5,2025-10-05 14:59:59.999,25144849.97038,57049,235772.41,11555401.8298000,0
2025-10-05 15:00:00,48.944,49.167,48.822,48.992,237097.86,2025-10-05 15:59:59.999,11616637.54095,37574,117609.16,5763554.0544500,0
2025-10-05 16:00:00,48.992,49.172,48.523,49.115,340956.62,2025-10-05 16:59:59.999,16670259.09044,48640,170563.80,8342174.0280700,0
2025-10-05 17:00:00,49.115,49.218,48.464,48.5,320156.91,2025-10-05 17:59:59.999,15653821.75748,49443,150027.74,7341077.3729400,0
2025-10-05 18:00:00,48.5,48.632,47.71,47.915,1040918.25,2025-10-05 18:59:59.999,50074301.46232,74339,340348.81,16381097.6673800,0
2025-10-05 19:00:00,47.916,48.066,47.333,47.447,596220.45,2025-10-05 19:59:59.999,28413712.59539,73233,266023.48,12676572.5187100,0
2025-10-05 20:00:00,47.444,48.014,47.336,47.856,389982.27,2025-10-05 20:59:59.999,18633623.42672,51147,199902.86,9552997.6667500,0
2025-10-05 21:00:00,47.856,47.993,47.717,47.885,162565.48,2025-10-05 21:59:59.999,7777055.83074,26337,82019.62,3924401.6558300,0
2025-10-05 22:00:00,47.885,48.326,47.885,48.265,264673.7,2025-10-05 22:59:59.999,12728023.92982,38873,162256.71,7803406.4087600,0
2025-10-05 23:00:00,48.262,48.459,48.12,48.195,216256.15,2025-10-05 23:59:59.999,10441819.19656,34091,129139.01,6236140.2778000,0
2025-10-06 00:00:00,48.195,48.693,47.828,48.025,472228.63,2025-10-06 00:59:59.999,22775652.71726,66223,215986.82,10421167.6799400,0
2025-10-06 01:00:00,48.024,48.817,47.916,48.522,484124.77,2025-10-06 01:59:59.999,23477183.00941,60514,213957.35,10371570.4879400,0
2025-10-06 02:00:00,48.521,48.748,48.173,48.555,269230.3,2025-10-06 02:59:59.999,13046259.43035,45228,126408.67,6125433.4705500,0
2025-10-06 03:00:00,48.553,48.577,48.286,48.413,180218.17,2025-10-06 03:59:59.999,8726706.19089,29685,76031.04,3681795.3446400,0
2025-10-06 04:00:00,48.413,48.722,48.262,48.316,240404.76,2025-10-06 04:59:59.999,11654667.51729,31840,108110.46,5241248.7435500,0
2025-10-06 05:00:00,48.316,48.746,48.235,48.629,238853.9,2025-10-06 05:59:59.999,11567425.74219,37710,116400.87,5637659.0213700,0
2025-10-06 06:00:00,48.629,49.005,48.575,48.848,273419.41,2025-10-06 06:59:59.999,13342398.5743,43407,149569.38,7299185.3335500,0
2025-10-06 07:00:00,48.85,49.124,48.271,48.479,412422.12,2025-10-06 07:59:59.999,20086636.25683,57863,178716.84,8707472.8248200,0
2025-10-06 08:00:00,48.48,48.886,48.48,48.782,224465.79,2025-10-06 08:59:59.999,10939141.47031,36533,122260.18,5958543.2326400,0
2025-10-06 09:00:00,48.783,49.1,48.618,48.71,276111.27,2025-10-06 09:59:59.999,13475624.68009,35678,156729.08,7649680.9736600,0
2025-10-06 10:00:00,48.708,48.744,48.333,48.364,300125.26,2025-10-06 10:59:59.999,14559693.13309,35742,157189.08,7625697.2834300,0
2025-10-06 11:00:00,48.364,48.6,48.054,48.275,368371.2,2025-10-06 11:59:59.999,17789680.67612,49996,161249.88,7788397.0908600,0
2025-10-06 12:00:00,48.281,49.05,48.25,48.626,514456.11,2025-10-06 12:59:59.999,25073983.27853,56407,280329.78,13662131.7029000,0
2025-10-06 13:00:00,48.625,48.954,48.278,48.826,614881.34,2025-10-06 13:59:59.999,29932460.7154,75117,318291.81,15498635.3858900,0
2025-10-06 14:00:00,48.83,49.173,48.32,48.409,717086.91,2025-10-06 14:59:59.999,35020128.65829,80978,353306.54,17247994.5229100,0
2025-10-06 15:00:00,48.408,49.01,48.332,48.797,361590.25,2025-10-06 15:59:59.999,17620041.3054,54643,174223.73,8486904.2205900,0
2025-10-06 16:00:00,48.796,49.008,48.248,48.709,387526.77,2025-10-06 16:59:59.999,18808311.90804,58671,208527.60,10119969.1936900,0
2025-10-06 17:00:00,48.707,48.945,48.31,48.854,376901.26,2025-10-06 17:59:59.999,18352502.5565,57712,181358.14,8828870.3361900,0
2025-10-06 18:00:00,48.855,49.465,48.684,49.365,376756.47,2025-10-06 18:59:59.999,18507474.05505,51102,189713.12,9319286.9951100,0
2025-10-06 19:00:00,49.365,49.587,49.062,49.312,311054.6,2025-10-06 19:59:59.999,15341264.71515,47673,159136.67,7849660.8113700,0
2025-10-06 20:00:00,49.325,49.736,48.727,49.012,361145.2,2025-10-06 20:59:59.999,17758356.91816,52831,184021.27,9051621.5004100,0
2025-10-06 21:00:00,49.008,49.115,48.475,48.853,247086.72,2025-10-06 21:59:59.999,12036749.50193,33555,129883.67,6326352.4513800,0
2025-10-06 22:00:00,48.853,48.889,48.234,48.317,209694.55,2025-10-06 22:59:59.999,10169578.31006,34613,85452.02,4144668.4932500,0
2025-10-06 23:00:00,48.318,48.372,47.2,47.213,850498.1,2025-10-06 23:59:59.999,40554399.53706,89828,357348.33,17044434.5202200,0
2025-10-07 00:00:00,47.212,47.748,47.01,47.275,699709.92,2025-10-07 00:59:59.999,33149764.83553,92515,332891.76,15777018.8144600,0
2025-10-07 01:00:00,47.276,47.276,46.587,46.952,642563.38,2025-10-07 01:59:59.999,30194266.13976,79847,270367.15,12708355.2710000,0
2025-10-07 02:00:00,46.952,47.126,46.704,46.86,333428.58,2025-10-07 02:59:59.999,15635045.24033,48880,133722.25,6271833.0726500,0
2025-10-07 03:00:00,46.864,47.012,46.336,46.584,473458.7,2025-10-07 03:59:59.999,22098727.81955,60838,174546.04,8149175.8884600,0
2025-10-07 04:00:00,46.584,46.584,46.062,46.458,629316.41,2025-10-07 04:59:59.999,29162631.71405,76834,272965.40,12653675.9035400,0
2025-10-07 05:00:00,46.453,46.638,46.082,46.629,446343.85,2025-10-07 05:59:59.999,20683119.22998,54545,238842.68,11070310.2265800,0
2025-10-07 06:00:00,46.632,46.633,45.772,45.954,587080.41,2025-10-07 06:59:59.999,27048931.57068,60261,226723.46,10443226.8132200,0
2025-10-07 07:00:00,45.956,46.206,45.69,45.828,370766.74,2025-10-07 07:59:59.999,17039770.14803,50185,175540.17,8071757.4524000,0
2025-10-07 08:00:00,45.828,46.218,45.555,46.012,619760.06,2025-10-07 08:59:59.999,28410775.74755,64854,339786.72,15582511.0998600,0
2025-10-07 09:00:00,46.012,46.33,45.979,46.203,320640.39,2025-10-07 09:59:59.999,14799034.65074,37454,191286.93,8828680.4310300,0
2025-10-07 10:00:00,46.203,46.528,46.064,46.114,328428.34,2025-10-07 10:59:59.999,15194785.20337,40903,168329.63,7792288.6587000,0
2025-10-07 11:00:00,46.115,46.359,45.87,45.96,323174.12,2025-10-07 11:59:59.999,14901186.07372,38733,160370.99,7398703.0471300,0
2025-10-07 12:00:00,45.96,46.47,45.831,46.444,333148.24,2025-10-07 12:59:59.999,15367461.25358,44532,177819.82,8206277.5489000,0
2025-10-07 13:00:00,46.45,46.542,45.539,45.646,932235.15,2025-10-07 13:59:59.999,42888828.44022,94988,423131.33,19484795.9156900,0
2025-10-07 14:00:00,45.649,45.736,44.82,44.912,1259782.09,2025-10-07 14:59:59.999,56945643.33503,98697,495869.28,22418872.2484200,0
2025-10-07 15:00:00,44.912,45.42,44.526,45.221,1102918.02,2025-10-07 15:59:59.999,49609335.06171,107162,545845.47,24561105.6435500,0
2025-10-07 16:00:00,45.22,45.733,45.052,45.552,601497.63,2025-10-07 16:59:59.999,27318998.95699,74817,329722.74,14982309.5999800,0
2025-10-07 17:00:00,45.551,45.715,45.025,45.029,418947.58,2025-10-07 17:59:59.999,18989596.45586,59115,195949.64,8883758.1619100,0
2025-10-07 18:00:00,45.03,45.28,44.659,44.771,433978.34,2025-10-07 18:59:59.999,19515521.39941,58322,180822.68,8131637.0961300,0
2025-10-07 19:00:00,44.771,45.179,44.697,44.968,267540.95,2025-10-07 19:59:59.999,12014170.86387,45688,143647.57,6452494.5522300,0
2025-10-07 20:00:00,44.972,45.423,44.955,45.188,275807.75,2025-10-07 20:59:59.999,12470557.87072,33627,153673.23,6949568.8155900,0
2025-10-07 21:00:00,45.189,45.569,45.048,45.153,206689.67,2025-10-07 21:59:59.999,9374765.97897,28804,107611.91,4884026.9672900,0
2025-10-07 22:00:00,45.154,45.686,45.044,45.389,247695.88,2025-10-07 22:59:59.999,11249251.09634,34742,125546.51,5704040.8547200,0
2025-10-07 23:00:00,45.39,45.417,45.0,45.123,181154.05,2025-10-07 23:59:59.999,8190882.48048,30262,70443.47,3184545.4653500,0
2025-10-08 00:00:00,45.124,45.676,44.84,45.439,294675.6,2025-10-08 00:59:59.999,13326727.17204,42960,145174.16,6568606.1467700,0
2025-10-08 01:00:00,45.439,45.97,45.28,45.785,396152.21,2025-10-08 01:59:59.999,18107577.82611,48894,197779.50,9041685.5289900,0
2025-10-08 02:00:00,45.785,46.252,45.643,45.991,277670.09,2025-10-08 02:59:59.999,12785002.19496,36896,160284.91,7380954.6136900,0
2025-10-08 03:00:00,45.99,46.143,45.315,45.532,325253.06,2025-10-08 03:59:59.999,14832167.38341,39132,120349.42,5488846.2727900,0
2025-10-08 04:00:00,45.532,46.134,45.411,45.984,298792.99,2025-10-08 04:59:59.999,13698582.19196,41994,140493.12,6440656.2846600,0
2025-10-08 05:00:00,45.983,45.983,45.367,45.626,219775.04,2025-10-08 05:59:59.999,10034437.52691,32206,92938.29,4241679.0567100,0
2025-10-08 06:00:00,45.625,45.784,45.363,45.777,181622.57,2025-10-08 06:59:59.999,8279496.83548,30212,97867.25,4462872.6034900,0
2025-10-08 07:00:00,45.779,46.36,45.756,46.352,391659.87,2025-10-08 07:59:59.999,18021442.50236,49538,195486.73,8999603.5079600,0
2025-10-08 08:00:00,46.357,46.503,46.249,46.408,321812.91,2025-10-08 08:59:59.999,14926003.07843,43905,165357.57,7670362.0043600,0
2025-10-08 09:00:00,46.408,46.508,46.07,46.123,192358.2,2025-10-08 09:59:59.999,8894051.28275,26761,90449.46,4182668.4008100,0
2025-10-08 10:00:00,46.123,46.665,46.056,46.436,334250.82,2025-10-08 10:59:59.999,15515051.58783,36486,167464.42,7769018.8364000,0
2025-10-08 11:00:00,46.433,46.567,45.794,45.945,401916.56,2025-10-08 11:59:59.999,18541068.35564,45604,194205.78,8959744.7360300,0
2025-10-08 12:00:00,45.945,46.124,45.82,45.966,220296.65,2025-10-08 12:59:59.999,10125893.76849,28416,116536.25,5356800.2650600,0
2025-10-08 13:00:00,45.964,46.182,45.627,46.15,423521.42,2025-10-08 13:59:59.999,19419577.34031,50636,214055.00,9818502.0597900,0
2025-10-08 14:00:00,46.151,46.557,45.703,45.867,650368.69,2025-10-08 14:59:59.999,30047537.39038,71601,284055.25,13128074.1174200,0
2025-10-08 15:00:00,45.87,46.157,45.735,45.76,315685.91,2025-10-08 15:59:59.999,14507307.44023,41445,122434.48,5626225.0958900,0
2025-10-08 16:00:00,45.759,47.03,45.747,46.916,747912.85,2025-10-08 16:59:59.999,34786684.73514,60054,373416.50,17366520.2394500,0
2025-10-08 17:00:00,46.916,47.213,46.47,46.572,704216.1,2025-10-08 17:59:59.999,32976226.94511,82461,308383.74,14446554.4906800,0
2025-10-08 18:00:00,46.572,47.352,46.412,46.916,812242.16,2025-10-08 18:59:59.999,38108834.8357,72536,411992.43,19317538.4688500,0
2025-10-08 19:00:00,46.916,47.01,46.474,46.778,292235.08,2025-10-08 19:59:59.999,13642028.76203,44488,135243.05,6311441.2334000,0
2025-10-08 20:00:00,46.779,46.842,46.325,46.346,124509.91,2025-10-08 20:59:59.999,5801641.47771,23907,57201.13,2666461.5948800,0
2025-10-08 21:00:00,46.348,46.605,46.184,46.272,154278.92,2025-10-08 21:59:59.999,7156085.45738,19697,72277.18,3352805.9769100,0
2025-10-08 22:00:00,46.271,46.487,46.209,46.21,89568.68,2025-10-08 22:59:59.999,4151790.57665,15969,47010.52,2179153.7088600,0
2025-10-08 23:00:00,46.21,46.646,45.902,46.645,269041.66,2025-10-08 23:59:59.999,12425775.56903,36482,130966.32,6052606.6546500,0
2025-10-09 00:00:00,46.645,46.804,46.096,46.14,301504.99,2025-10-09 00:59:59.999,14030439.17176,42112,129185.65,6010909.9198400,0
2025-10-09 01:00:00,46.14,46.246,45.413,45.777,532898.75,2025-10-09 01:59:59.999,24364524.36778,66281,243811.42,11145827.2499600,0
2025-10-09 02:00:00,45.777,45.823,44.926,45.053,522128.99,2025-10-09 02:59:59.999,23637198.25895,61291,225461.06,10206243.9366600,0
2025-10-09 03:00:00,45.053,45.64,45.044,45.362,277080.4,2025-10-09 03:59:59.999,12573117.10575,39800,144074.75,6536575.2493100,0
2025-10-09 04:00:00,45.365,45.918,45.039,45.736,419605.75,2025-10-09 04:59:59.999,19104557.04768,49593,219800.08,10012346.6719600,0
2025-10-09 05:00:00,45.734,45.836,45.528,45.719,182874.99,2025-10-09 05:59:59.999,8354884.40531,25870,70479.06,3220415.9005700,0
2025-10-09 06:00:00,45.72,45.928,45.248,45.552,361390.64,2025-10-09 06:59:59.999,16471660.26392,41308,171043.30,7801897.8275100,0
2025-10-09 07:00:00,45.553,45.627,45.101,45.293,240159.31,2025-10-09 07:59:59.999,10894376.56925,32607,112340.58,5095949.6705800,0
2025-10-09 08:00:00,45.293,45.42,44.53,44.697,679854.87,2025-10-09 08:59:59.999,30510501.69923,85333,326372.40,14649486.2079200,0
2025-10-09 09:00:00,44.7,45.019,44.3,44.612,563541.43,2025-10-09 09:59:59.999,25157458.15414,65331,252435.35,11270826.1252500,0
2025-10-09 10:00:00,44.611,44.868,44.41,44.442,260902.08,2025-10-09 10:59:59.999,11641905.50833,34129,115275.38,5145515.8896300,0
2025-10-09 11:00:00,44.442,44.67,44.268,44.278,310075.33,2025-10-09 11:59:59.999,13773990.36339,41989,144655.04,6426204.7892400,0
2025-10-09 12:00:00,44.279,44.98,44.179,44.742,400420.95,2025-10-09 12:59:59.999,17858879.66179,57100,197053.22,8788410.6588500,0
2025-10-09 13:00:00,44.742,44.853,44.209,44.252,319876.31,2025-10-09 13:59:59.999,14241363.32849,58220,142459.88,6343423.9107800,0
2025-10-09 14:00:00,44.253,44.537,43.275,43.404,1123146.51,2025-10-09 14:59:59.999,49148933.72934,133997,473637.57,20724657.5665200,0
2025-10-09 15:00:00,43.409,43.657,42.788,43.207,1025725.1,2025-10-09 15:59:59.999,44264602.60387,113678,514449.14,22209129.6628100,0
2025-10-09 16:00:00,43.207,43.45,42.359,42.567,752988.89,2025-10-09 16:59:59.999,32316557.4407,88768,339244.18,14564468.9314100,0
2025-10-09 17:00:00,42.567,43.179,42.38,43.126,623950.21,2025-10-09 17:59:59.999,26670910.91806,79725,335701.44,14349761.5561200,0
2025-10-09 18:00:00,43.126,43.171,42.675,42.976,360947.97,2025-10-09 18:59:59.999,15492646.32626,52337,176049.04,7556770.6194900,0
2025-10-09 19:00:00,42.978,43.616,42.952,43.533,493719.04,2025-10-09 19:59:59.999,21412170.53108,61646,266787.37,11567567.9155500,0
2025-10-09 20:00:00,43.533,44.064,43.499,43.809,534729.33,2025-10-09 20:59:59.999,23420769.81492,66083,252008.10,11039063.5561200,0
2025-10-09 21:00:00,43.809,44.1,43.697,44.076,164908.77,2025-10-09 21:59:59.999,7238618.41353,28264,85420.33,3750891.0793300,0
2025-10-09 22:00:00,44.077,44.566,43.966,44.232,363250.79,2025-10-09 22:59:59.999,16095987.42002,47317,194737.79,8627524.6136900,0
2025-10-09 23:00:00,44.231,44.31,43.918,43.965,264228.27,2025-10-09 23:59:59.999,11653338.75104,35691,132640.97,5851132.9131500,0
2025-10-10 00:00:00,43.966,44.183,43.945,44.09,183202.66,2025-10-10 00:59:59.999,8070459.54307,29630,97826.66,4309549.3403700,0
2025-10-10 01:00:00,44.091,44.302,44.021,44.246,169685.31,2025-10-10 01:59:59.999,7497608.34152,26420,102426.01,4526016.0516600,0
2025-10-10 02:00:00,44.246,44.453,44.093,44.127,163361.01,2025-10-10 02:59:59.999,7230541.55209,27430,82514.82,3652243.6021000,0
2025-10-10 03:00:00,44.127,44.564,43.946,44.202,216575.44,2025-10-10 03:59:59.999,9590079.7837,30611,110455.65,4893073.4357800,0
2025-10-10 04:00:00,44.2,44.341,43.491,43.714,319117.46,2025-10-10 04:59:59.999,14005570.04862,38320,118453.95,5206191.0480200,0
2025-10-10 05:00:00,43.714,43.968,43.444,43.922,345550.33,2025-10-10 05:59:59.999,15093873.3066,43839,190873.67,8338965.0331100,0
2025-10-10 06:00:00,43.924,44.251,43.82,43.96,320521.9,2025-10-10 06:59:59.999,14110315.59521,38873,159169.16,7007268.6313500,0
2025-10-10 07:00:00,43.96,43.97,43.466,43.688,379660.4,2025-10-10 07:59:59.999,16594601.94475,51579,185876.51,8124620.7089700,0
2025-10-10 08:00:00,43.69,44.355,43.69,44.31,239376.14,2025-10-10 08:59:59.999,10538422.07611,37673,128173.85,5643591.0950100,0
2025-10-10 09:00:00,44.309,44.759,44.212,44.339,416104.16,2025-10-10 09:59:59.999,18508337.98535,44641,197022.20,8759444.0800300,0
2025-10-10 10:00:00,44.339,44.67,44.301,44.566,177793.88,2025-10-10 10:59:59.999,7907025.57211,30815,92812.13,4128543.0252200,0
2025-10-10 11:00:00,44.567,44.844,44.43,44.716,251618.59,2025-10-10 11:59:59.999,11227188.2813,34804,127004.38,5666238.6234900,0
2025-10-10 12:00:00,44.717,44.815,44.404,44.7,139992.13,2025-10-10 12:59:59.999,6246201.22467,26247,73640.97,3285978.7770900,0
2025-10-10 13:00:00,44.7,45.192,44.529,45.054,401185.33,2025-10-10 13:59:59.999,18023321.31475,56318,210151.86,9442246.4607700,0
2025-10-10 14:00:00,45.053,45.411,44.231,44.3,611795.25,2025-10-10 14:59:59.999,27446251.09754,77060,289559.40,12997050.9613400,0
2025-10-10 15:00:00,44.301,44.364,42.1,42.6,2468077.16,2025-10-10 15:59:59.999,106379137.89042,222704,1132503.34,48832404.1234100,0
2025-10-10 16:00:00,42.599,43.172,42.2,42.674,932995.63,2025-10-10 16:59:59.999,39893540.3814,110862,455297.96,19476954.9000700,0
2025-10-10 17:00:00,42.674,43.562,42.537,42.848,588297.09,2025-10-10 17:59:59.999,25315682.41528,73502,292820.72,12596262.8640000,0
2025-10-10 18:00:00,42.849,43.176,42.318,42.402,494294.76,2025-10-10 18:59:59.999,21153027.87291,60914,229615.22,9823430.7985400,0
2025-10-10 19:00:00,42.401,42.987,42.113,42.862,674280.37,2025-10-10 19:59:59.999,28659832.84435,87003,329508.29,14007806.5816600,0
2025-10-10 20:00:00,42.865,43.386,40.612,40.858,1155742.24,2025-10-10 20:59:59.999,48555516.51784,126023,502136.23,21130279.6049100,0
2025-10-10 21:00:00,40.858,46.064,21.029,41.973,8475932.44,2025-10-10 21:59:59.999,301701590.96762,446194,4010857.39,142819218.5527800,0
2025-10-10 22:00:00,41.98,42.113,38.44,39.626,2273934.42,2025-10-10 22:59:59.999,90886180.6861,330506,1175488.66,47007051.6287300,0
2025-10-10 23:00:00,39.618,40.419,37.521,37.735,1687024.51,2025-10-10 23:59:59.999,65965516.38072,278794,857227.00,33559017.2552500,0
2025-10-11 00:00:00,37.735,39.113,37.238,38.62,1191115.35,2025-10-11 00:59:59.999,45547026.95534,122761,680575.35,26024364.4897700,0
2025-10-11 01:00:00,38.619,38.902,36.07,36.988,1317961.82,2025-10-11 01:59:59.999,49352154.54694,137261,734313.07,27531535.1671400,0
2025-10-11 02:00:00,36.99,39.352,36.906,39.214,955995.49,2025-10-11 02:59:59.999,36705976.26743,166081,471456.47,18089894.7560300,0
2025-10-11 03:00:00,39.219,39.244,37.493,37.989,893355.2,2025-10-11 03:59:59.999,34197805.07547,145937,427175.05,16345829.3573600,0
2025-10-11 04:00:00,37.991,39.272,37.928,39.272,698367.8,2025-10-11 04:59:59.999,27008844.57468,97222,444011.84,17181677.9824400,0
2025-10-11 05:00:00,39.272,39.783,38.861,38.897,604966.83,2025-10-11 05:59:59.999,23742367.16853,90776,300873.30,11809260.1757900,0
2025-10-11 06:00:00,38.898,39.341,38.384,39.049,620807.53,2025-10-11 06:59:59.999,24168962.10881,97092,323694.55,12600361.6910100,0
2025-10-11 07:00:00,39.052,40.034,38.595,39.165,867525.75,2025-10-11 07:59:59.999,34255543.28456,131961,424740.58,16766141.0296600,0
2025-10-11 08:00:00,39.165,40.028,38.721,39.92,848709.54,2025-10-11 08:59:59.999,33454461.24838,112480,481587.06,19007644.8171200,0
2025-10-11 09:00:00,39.915,40.99,39.762,40.292,847309.26,2025-10-11 09:59:59.999,34233382.94996,104411,408791.68,16520674.8167200,0
2025-10-11 10:00:00,40.294,40.943,39.981,40.322,655099.0,2025-10-11 10:59:59.999,26498509.94677,88447,324693.17,13133605.4294900,0
2025-10-11 11:00:00,40.322,40.328,39.431,39.936,630199.4,2025-10-11 11:59:59.999,25056464.52451,81050,342154.25,13600615.3053400,0
2025-10-11 12:00:00,39.933,40.035,38.894,39.387,581849.98,2025-10-11 12:59:59.999,23003737.48634,81033,283059.89,11202124.4332700,0
2025-10-11 13:00:00,39.387,39.485,38.487,38.639,839464.82,2025-10-11 13:59:59.999,32655217.75813,103378,340175.35,13240706.7620400,0
2025-10-11 14:00:00,38.639,38.754,37.924,38.297,801878.55,2025-10-11 14:59:59.999,30707727.28403,89604,415671.44,15915025.0880200,0
2025-10-11 15:00:00,38.297,38.851,37.444,38.101,818142.57,2025-10-11 15:59:59.999,31153451.16096,103817,423828.39,16158073.5231800,0
2025-10-11 16:00:00,38.1,38.558,37.563,37.815,505001.34,2025-10-11 16:59:59.999,19212509.83589,75586,261788.53,9960757.1635400,0
2025-10-11 17:00:00,37.812,38.435,37.805,38.301,570408.71,2025-10-11 17:59:59.999,21748745.64902,85458,295755.34,11277595.2603400,0
2025-10-11 18:00:00,38.301,38.301,37.684,37.854,292983.46,2025-10-11 18:59:59.999,11124425.87835,49307,124892.50,4741780.6876900,0
2025-10-11 19:00:00,37.858,37.912,36.15,36.439,1223610.48,2025-10-11 19:59:59.999,45096093.77645,147528,577170.56,21271669.8113900,0
2025-10-11 20:00:00,36.44,36.6,35.188,36.116,1782589.35,2025-10-11 20:59:59.999,63737008.13776,201018,818709.29,29284590.5290500,0
2025-10-11 21:00:00,36.116,37.421,35.662,36.944,1207499.18,2025-10-11 21:59:59.999,44197903.05537,121878,633223.92,23180261.0156900,0
2025-10-11 22:00:00,36.943,37.497,36.756,37.188,610498.44,2025-10-11 22:59:59.999,22674282.20302,92427,283584.59,10530342.3293600,0
2025-10-11 23:00:00,37.189,37.22,36.766,36.828,297425.92,2025-10-11 23:59:59.999,11005964.04514,52950,121588.39,4500142.7309600,0
2025-10-12 00:00:00,36.825,37.195,36.228,36.319,731351.77,2025-10-12 00:59:59.999,26871061.66019,81200,341538.58,12558440.4044500,0
2025-10-12 01:00:00,36.32,37.371,36.229,37.205,589775.28,2025-10-12 01:59:59.999,21759446.07021,100695,274223.99,10115289.7112300,0
2025-10-12 02:00:00,37.203,37.7,35.905,36.509,845076.93,2025-10-12 02:59:59.999,31131786.32949,121724,379159.64,13981352.9705000,0
2025-10-12 03:00:00,36.509,37.566,36.421,37.079,596894.88,2025-10-12 03:59:59.999,22123239.64718,104304,296629.25,10994593.3575500,0
2025-10-12 04:00:00,37.079,38.344,36.919,38.173,763420.79,2025-10-12 04:59:59.999,28971399.33953,97897,401339.61,15228568.9230600,0
2025-10-12 05:00:00,38.173,38.838,37.892,38.455,445723.18,2025-10-12 05:59:59.999,17147503.18827,66343,258381.64,9941501.7345800,0
2025-10-12 06:00:00,38.459,38.899,38.171,38.261,468961.09,2025-10-12 06:59:59.999,18063728.57978,68239,219203.93,8448002.6163100,0
2025-10-12 07:00:00,38.264,38.277,37.584,37.773,513826.78,2025-10-12 07:59:59.999,19480672.93437,67588,236287.92,8961757.7726100,0
2025-10-12 08:00:00,37.776,37.911,36.96,37.036,543180.11,2025-10-12 08:59:59.999,20307525.91992,73287,233223.08,8727015.6176900,0
2025-10-12 09:00:00,37.039,37.234,36.391,37.122,789744.35,2025-10-12 09:59:59.999,29081950.98568,90001,400551.49,14757217.1819300,0
2025-10-12 10:00:00,37.124,37.277,36.779,36.934,445851.89,2025-10-12 10:59:59.999,16516845.37798,62851,216682.73,8026070.9935800,0
2025-10-12 11:00:00,36.934,37.645,36.898,37.36,349566.56,2025-10-12 11:59:59.999,13041686.33399,60928,190778.02,7116881.0942700,0
2025-10-12 12:00:00,37.36,38.16,37.309,37.988,720631.38,2025-10-12 12:59:59.999,27289652.9375,95080,411759.89,15590388.3251600,0
2025-10-12 13:00:00,37.991,38.003,36.942,37.185,618835.94,2025-10-12 13:59:59.999,23121881.57876,85514,246125.57,9195378.7295300,0
2025-10-12 14:00:00,37.185,39.188,37.148,38.639,1046712.12,2025-10-12 14:59:59.999,40050758.57261,137974,547033.59,20938529.3601000,0
2025-10-12 15:00:00,38.639,40.031,38.594,39.402,1969249.59,2025-10-12 15:59:59.999,77535166.18951,223977,1033745.16,40721295.2827700,0
2025-10-12 16:00:00,39.402,40.552,39.401,40.142,1413706.96,2025-10-12 16:59:59.999,56486243.67947,195820,712727.29,28478123.0550300,0
2025-10-12 17:00:00,40.141,40.495,39.442,39.771,1003032.09,2025-10-12 17:59:59.999,40220904.5675,123403,452063.61,18131016.4900800,0
2025-10-12 18:00:00,39.772,40.135,39.151,39.551,653699.62,2025-10-12 18:59:59.999,25951678.64149,81300,320710.50,12739883.9981700,0
2025-10-12 19:00:00,39.555,40.378,39.537,40.271,336521.73,2025-10-12 19:59:59.999,13450303.6908,53636,185148.18,7400534.5585700,0
2025-10-12 20:00:00,40.272,40.923,40.011,40.435,752806.11,2025-10-12 20:59:59.999,30465423.19996,84269,352115.48,14255416.1795700,0
2025-10-12 21:00:00,40.433,40.451,39.42,39.926,604138.8,2025-10-12 21:59:59.999,24099455.96757,67610,295168.05,11774704.7230300,0
2025-10-12 22:00:00,39.928,40.407,39.735,40.306,516447.75,2025-10-12 22:59:59.999,20691879.13523,80756,252297.49,10107930.7245200,0
2025-10-12 23:00:00,40.306,40.335,39.481,39.621,414636.29,2025-10-12 23:59:59.999,16479324.44189,76334,184641.21,7337759.2368100,0
2025-10-13 00:00:00,39.62,40.074,39.291,39.513,442701.16,2025-10-13 00:59:59.999,17554327.54603,86242,210317.27,8340610.6630700,0
2025-10-13 01:00:00,39.512,40.173,39.241,40.08,463950.37,2025-10-13 01:59:59.999,18428444.92237,75023,226298.65,8986436.7139100,0
2025-10-13 02:00:00,40.079,40.211,39.298,39.747,390195.22,2025-10-13 02:59:59.999,15487035.25208,64542,186127.86,7385793.2687300,0
2025-10-13 03:00:00,39.746,39.83,38.936,39.115,555815.55,2025-10-13 03:59:59.999,21813308.69222,81385,257715.62,10112986.2776600,0
2025-10-13 04:00:00,39.114,39.141,38.571,38.936,447426.63,2025-10-13 04:59:59.999,17366500.43255,63359,189093.55,7341694.3452700,0
2025-10-13 05:00:00,38.935,38.951,38.177,38.341,418265.35,2025-10-13 05:59:59.999,16109155.4574,54911,193116.14,7437638.8625200,0
2025-10-13 06:00:00,38.34,41.814,38.21,41.673,1690383.79,2025-10-13 06:59:59.999,68006804.13129,187588,912572.90,36633498.8842200,0
2025-10-13 07:00:00,41.672,42.496,41.019,42.451,1593153.59,2025-10-13 07:59:59.999,66729224.26673,194409,781378.04,32719441.2030300,0
2025-10-13 08:00:00,42.45,42.601,41.717,41.798,777137.38,2025-10-13 08:59:59.999,32838526.1644,104548,373642.69,15805465.7537300,0
2025-10-13 09:00:00,41.798,42.088,41.349,41.874,644606.14,2025-10-13 09:59:59.999,26910304.69091,82121,318354.62,13298656.8454900,0
2025-10-13 10:00:00,41.875,42.169,40.88,40.937,544925.83,2025-10-13 10:59:59.999,22585836.19801,80801,234696.61,9739758.8393200,0
2025-10-13 11:00:00,40.94,40.965,39.427,40.278,1363489.6,2025-10-13 11:59:59.999,54778120.63429,147491,600850.26,24140068.3370700,0
2025-10-13 12:00:00,40.273,40.743,39.824,40.396,734903.36,2025-10-13 12:59:59.999,29629068.21319,92412,370843.68,14957902.0018200,0
2025-10-13 13:00:00,40.394,41.452,40.055,41.337,1301186.84,2025-10-13 13:59:59.999,53103670.0859,163456,645472.93,26352681.7028000,0
2025-10-13 14:00:00,41.339,41.44,39.798,39.857,1168077.44,2025-10-13 14:59:59.999,47322537.6084,156680,522535.06,21187746.6709600,0
2025-10-13 15:00:00,39.86,40.371,39.648,39.75,707240.05,2025-10-13 15:59:59.999,28307590.59284,103244,321522.82,12878054.4443200,0
2025-10-13 16:00:00,39.752,40.354,39.713,40.172,633690.07,2025-10-13 16:59:59.999,25374557.35386,100957,322983.04,12934717.7972500,0
2025-10-13 17:00:00,40.171,40.925,40.026,40.891,626929.71,2025-10-13 17:59:59.999,25346158.01874,90395,309629.94,12517385.3079700,0
2025-10-13 18:00:00,40.89,41.362,40.529,41.336,526646.13,2025-10-13 18:59:59.999,21564958.3025,80411,258925.46,10607629.0548900,0
2025-10-13 19:00:00,41.337,42.217,41.181,42.021,771336.14,2025-10-13 19:59:59.999,32161498.81165,100674,405188.11,16898019.7377800,0
2025-10-13 20:00:00,42.019,43.08,41.855,42.996,643074.62,2025-10-13 20:59:59.999,27345414.73514,91810,322372.33,13711480.0053100,0
2025-10-13 21:00:00,42.995,43.263,42.577,42.864,561935.94,2025-10-13 21:59:59.999,24102622.05929,70522,279626.32,11996244.7839300,0
2025-10-13 22:00:00,42.869,43.3,42.709,43.147,563121.52,2025-10-13 22:59:59.999,24253404.51751,70737,269530.65,11610491.1987900,0
2025-10-13 23:00:00,43.144,43.625,42.014,42.424,1163586.04,2025-10-13 23:59:59.999,49838870.95789,114112,549590.92,23549589.6353100,0
2025-10-14 00:00:00,42.427,43.169,42.366,42.77,676593.13,2025-10-14 00:59:59.999,28912559.87131,77224,326489.69,13947265.0379100,0
2025-10-14 01:00:00,42.768,42.805,41.905,42.103,658692.33,2025-10-14 01:59:59.999,27814311.38882,93045,341991.35,14441898.5070300,0
2025-10-14 02:00:00,42.1,42.157,41.508,41.613,464460.19,2025-10-14 02:59:59.999,19400719.3207,66659,223155.66,9321892.3570200,0
2025-10-14 03:00:00,41.613,41.836,41.188,41.226,490854.03,2025-10-14 03:59:59.999,20372592.13002,67012,202356.68,8401826.7329400,0
2025-10-14 04:00:00,41.22,41.351,40.248,40.535,677733.17,2025-10-14 04:59:59.999,27619918.61826,87030,301411.66,12286907.5949000,0
2025-10-14 05:00:00,40.536,40.969,39.8,39.968,658574.23,2025-10-14 05:59:59.999,26591566.22459,87561,303182.44,12251124.6246700,0
2025-10-14 06:00:00,39.968,40.421,38.5,39.167,1494810.48,2025-10-14 06:59:59.999,58783976.97255,162285,687389.86,27045163.1227100,0
2025-10-14 07:00:00,39.173,39.43,38.611,38.759,777502.25,2025-10-14 07:59:59.999,30322182.76283,118213,368661.66,14389921.3695100,0
2025-10-14 08:00:00,38.764,39.239,38.41,38.739,798047.29,2025-10-14 08:59:59.999,30945513.82443,104501,391540.81,15188840.3872200,0
2025-10-14 09:00:00,38.742,39.368,38.638,38.825,889368.99,2025-10-14 09:59:59.999,34738512.97788,118639,434915.42,16986741.5305200,0
2025-10-14 10:00:00,38.822,38.894,37.705,37.988,1501612.24,2025-10-14 10:59:59.999,57197223.94237,157817,635471.42,24210891.1059600,0
2025-10-14 11:00:00,37.99,38.467,37.82,38.199,605292.83,2025-10-14 11:59:59.999,23091734.02661,97393,296305.95,11307296.8396400,0
2025-10-14 12:00:00,38.198,38.315,37.486,37.612,528647.92,2025-10-14 12:59:59.999,20013900.33676,93325,234342.58,8875798.3593100,0
2025-10-14 13:00:00,37.611,38.555,37.349,38.244,946467.72,2025-10-14 13:59:59.999,35931053.08979,142301,461421.71,17528851.9960600,0
2025-10-14 14:00:00,38.243,39.399,38.178,38.615,1283077.89,2025-10-14 14:59:59.999,49701916.16567,149410,659910.21,25570450.7041900,0
2025-10-14 15:00:00,38.614,40.129,38.593,40.088,917642.4,2025-10-14 15:59:59.999,36073647.77945,113829,490728.18,19308122.4326200,0
2025-10-14 16:00:00,40.09,40.415,39.503,40.011,1024298.97,2025-10-14 16:59:59.999,40979854.4645,131613,471627.50,18873822.6710100,0
2025-10-14 17:00:00,40.012,40.724,39.561,40.114,852453.21,2025-10-14 17:59:59.999,34300297.313,112079,394746.74,15886623.4026000,0
2025-10-14 18:00:00,40.115,40.511,39.602,39.74,662981.22,2025-10-14 18:59:59.999,26507209.66054,89089,295639.41,11825832.3041700,0
2025-10-14 19:00:00,39.741,39.99,38.835,39.326,746859.33,2025-10-14 19:59:59.999,29427722.60013,97920,333260.54,13139138.8147700,0
2025-10-14 20:00:00,39.327,39.501,38.884,39.483,422842.58,2025-10-14 20:59:59.999,16589008.30664,63526,210944.01,8276265.8360000,0
2025-10-14 21:00:00,39.485,39.498,38.967,39.477,163811.45,2025-10-14 21:59:59.999,6431566.13534,30924,85607.18,3362138.7814600,0
2025-10-14 22:00:00,39.477,39.81,39.231,39.407,210228.6,2025-10-14 22:59:59.999,8317859.01354,37870,114861.06,4547445.2992800,0
2025-10-14 23:00:00,39.406,39.708,39.348,39.39,174168.12,2025-10-14 23:59:59.999,6889115.2075,35126,82506.84,3264079.8256400,0
2025-10-15 00:00:00,39.393,39.577,38.89,39.132,292352.72,2025-10-15 00:59:59.999,11437345.97394,50204,132120.01,5168837.6427100,0
2025-10-15 01:00:00,39.131,39.178,38.563,39.016,385858.53,2025-10-15 01:59:59.999,14968479.67695,61548,183139.45,7105330.1622200,0
2025-10-15 02:00:00,39.015,39.758,39.009,39.428,490465.59,2025-10-15 02:59:59.999,19336292.38721,81819,264826.09,10443467.8275200,0
2025-10-15 03:00:00,39.428,39.544,38.748,38.874,353000.42,2025-10-15 03:59:59.999,13816253.70876,61582,165967.70,6502578.2463100,0
2025-10-15 04:00:00,38.875,39.068,38.731,38.986,298236.01,2025-10-15 04:59:59.999,11596324.46861,49105,154677.83,6014110.0486900,0
2025-10-15 05:00:00,38.988,39.178,38.732,39.145,216643.69,2025-10-15 05:59:59.999,8445904.48142,43553,104349.22,4070552.7820200,0
2025-10-15 06:00:00,39.144,39.85,38.771,39.569,555549.29,2025-10-15 06:59:59.999,21818263.48689,76755,313264.53,12295905.0996900,0
2025-10-15 07:00:00,39.569,40.13,39.345,40.122,340046.79,2025-10-15 07:59:59.999,13515057.36197,60413,191351.09,7608008.3657300,0
2025-10-15 08:00:00,40.12,41.189,40.069,40.694,756893.51,2025-10-15 08:59:59.999,30821286.84775,104952,400868.62,16318675.3067400,0
2025-10-15 09:00:00,40.695,41.083,40.523,40.742,420793.97,2025-10-15 09:59:59.999,17173622.78799,68252,228507.21,9326343.7939800,0
2025-10-15 10:00:00,40.74,40.893,40.101,40.31,340137.09,2025-10-15 10:59:59.999,13751755.92243,54671,142317.38,5753440.2285200,0
2025-10-15 11:00:00,40.309,40.926,40.284,40.336,346154.79,2025-10-15 11:59:59.999,14039835.39593,54868,163026.58,6612434.7894700,0
2025-10-15 12:00:00,40.336,40.461,39.405,39.72,598322.63,2025-10-15 12:59:59.999,23830689.21081,94191,255439.28,10176092.8044200,0
2025-10-15 13:00:00,39.722,39.837,38.6,39.193,1132713.62,2025-10-15 13:59:59.999,44434212.76709,161914,457294.86,17948876.0766500,0
2025-10-15 14:00:00,39.193,40.344,38.808,38.951,1068656.25,2025-10-15 14:59:59.999,42354284.297,160726,465292.49,18445499.3388200,0
2025-10-15 15:00:00,38.948,39.328,38.55,38.795,771556.94,2025-10-15 15:59:59.999,30025958.59522,132670,346827.31,13504591.6094000,0
2025-10-15 16:00:00,38.796,39.043,38.534,38.676,508456.24,2025-10-15 16:59:59.999,19728657.16366,93690,210416.98,8168727.6517600,0
2025-10-15 17:00:00,38.676,38.812,38.202,38.752,606216.2,2025-10-15 17:59:59.999,23316819.15528,102833,278019.06,10693246.0649300,0
2025-10-15 18:00:00,38.75,39.118,38.436,39.071,371312.31,2025-10-15 18:59:59.999,14377194.38049,83024,171574.64,6646111.1090500,0
2025-10-15 19:00:00,39.071,39.098,38.475,38.709,217452.49,2025-10-15 19:59:59.999,8433793.20984,56803,101123.50,3921920.0895900,0
2025-10-15 20:00:00,38.707,38.882,37.768,38.276,484772.42,2025-10-15 20:59:59.999,18537936.36343,83709,193029.72,7384479.7634400,0
2025-10-15 21:00:00,38.275,38.461,37.502,37.621,495129.39,2025-10-15 21:59:59.999,18802148.43306,75613,227044.61,8626052.2070100,0
2025-10-15 22:00:00,37.622,37.793,36.815,37.194,589490.73,2025-10-15 22:59:59.999,22015328.87402,82930,259141.64,9681471.5803500,0
2025-10-15 23:00:00,37.194,37.528,37.06,37.364,444748.1,2025-10-15 23:59:59.999,16584934.43902,85079,196425.88,7325527.1456100,0
2025-10-16 00:00:00,37.362,37.543,37.1,37.249,343128.5,2025-10-16 00:59:59.999,12809382.61646,74805,165922.88,6195342.2394900,0
2025-10-16 01:00:00,37.251,37.952,37.204,37.878,377767.54,2025-10-16 01:59:59.999,14203322.493,65650,175452.83,6597593.3633000,0
2025-10-16 02:00:00,37.878,38.087,37.476,37.867,492970.36,2025-10-16 02:59:59.999,18616691.17408,68437,259283.51,9793439.1787000,0
2025-10-16 03:00:00,37.865,37.939,37.326,37.391,221281.74,2025-10-16 03:59:59.999,8322648.93859,47964,94359.41,3549623.8779400,0
2025-10-16 04:00:00,37.392,37.762,37.211,37.264,234287.92,2025-10-16 04:59:59.999,8784178.74876,46286,117298.14,4399504.8908800,0
2025-10-16 05:00:00,37.264,37.719,37.15,37.506,212271.52,2025-10-16 05:59:59.999,7939271.75833,49731,105297.27,3938272.6437100,0
2025-10-16 06:00:00,37.507,38.107,37.485,38.043,299840.06,2025-10-16 06:59:59.999,11338976.2586,54416,154642.28,5846726.6567000,0
2025-10-16 07:00:00,38.042,38.066,37.433,37.65,251724.34,2025-10-16 07:59:59.999,9489313.9443,52607,118230.44,4458399.5782000,0
2025-10-16 08:00:00,37.652,37.767,37.454,37.574,178545.13,2025-10-16 08:59:59.999,6711969.3764,37741,95506.30,3590395.5121300,0
2025-10-16 09:00:00,37.573,38.445,36.905,38.19,1044473.76,2025-10-16 09:59:59.999,39273648.13909,109989,523659.89,19695678.3298900,0
2025-10-16 10:00:00,38.19,38.626,38.063,38.545,489694.3,2025-10-16 10:59:59.999,18760100.46668,65409,237366.30,9095097.0665000,0
2025-10-16 11:00:00,38.543,38.846,38.354,38.839,368895.41,2025-10-16 11:59:59.999,14244067.82661,65667,174565.49,6742170.4995000,0
2025-10-16 12:00:00,38.839,39.459,38.775,39.206,611022.64,2025-10-16 12:59:59.999,23896840.57867,89382,317618.90,12412423.6470500,0
2025-10-16 13:00:00,39.203,39.405,38.248,38.483,778839.99,2025-10-16 13:59:59.999,30265168.35315,116019,356822.75,13873423.9250500,0
2025-10-16 14:00:00,38.483,38.866,37.74,38.287,1008420.39,2025-10-16 14:59:59.999,38532848.74815,148807,478122.09,18273387.1934300,0
2025-10-16 15:00:00,38.287,38.484,36.925,37.009,1027273.26,2025-10-16 15:59:59.999,38658003.64021,147042,448273.36,16883524.2120500,0
2025-10-16 16:00:00,37.008,38.127,36.562,38.101,1469083.77,2025-10-16 16:59:59.999,54627686.32002,200978,715971.24,26646851.1172600,0
2025-10-16 17:00:00,38.105,38.312,37.457,37.649,746388.31,2025-10-16 17:59:59.999,28249731.32007,125200,360187.65,13635403.5288400,0
2025-10-16 18:00:00,37.649,38.066,37.094,37.996,654273.31,2025-10-16 18:59:59.999,24562035.9041,111013,319217.33,11983744.6339500,0
2025-10-16 19:00:00,37.995,38.063,36.789,37.18,804189.43,2025-10-16 19:59:59.999,29994114.31641,120251,339944.44,12679942.6914400,0
2025-10-16 20:00:00,37.178,37.42,36.48,36.655,612534.85,2025-10-16 20:59:59.999,22549551.35631,109195,291865.85,10747573.2291600,0
2025-10-16 21:00:00,36.655,37.101,36.452,37.073,351879.21,2025-10-16 21:59:59.999,12921436.64763,58186,165956.02,6097611.3276200,0
2025-10-16 22:00:00,37.073,37.126,36.276,36.329,352002.64,2025-10-16 22:59:59.999,12892132.46433,57520,144794.40,5305102.1446600,0
2025-10-16 23:00:00,36.329,36.867,36.292,36.794,345775.21,2025-10-16 23:59:59.999,12672799.5561,53279,182954.26,6703469.6348800,0
2025-10-17 00:00:00,36.795,37.54,36.567,37.198,473989.99,2025-10-17 00:59:59.999,17580748.29338,81128,243032.33,9014118.7513000,0
2025-10-17 01:00:00,37.198,37.541,36.508,36.965,416272.16,2025-10-17 01:59:59.999,15405846.91595,74010,189007.54,6992466.1770100,0
2025-10-17 02:00:00,36.963,37.267,36.593,37.126,353198.91,2025-10-17 02:59:59.999,13026566.22319,61892,167259.48,6169386.8657900,0
2025-10-17 03:00:00,37.125,37.464,36.964,37.445,204983.47,2025-10-17 03:59:59.999,7624474.45791,45221,102795.35,3823409.1095300,0
2025-10-17 04:00:00,37.441,37.465,37.007,37.012,201044.19,2025-10-17 04:59:59.999,7493247.23234,44310,88031.01,3281666.2718700,0
2025-10-17 05:00:00,37.014,37.088,36.551,36.791,358718.01,2025-10-17 05:59:59.999,13221266.98811,63873,180671.58,6659460.6434200,0
2025-10-17 06:00:00,36.79,36.941,35.133,35.207,1271226.56,2025-10-17 06:59:59.999,45582818.22823,160092,554420.08,19893182.0032200,0
2025-10-17 07:00:00,35.211,35.416,33.512,33.674,2240572.0,2025-10-17 07:59:59.999,77345194.70613,248123,938766.48,32431141.1225300,0
2025-10-17 08:00:00,33.673,34.451,33.279,33.874,1890517.83,2025-10-17 08:59:59.999,63845748.50662,239984,933816.04,31541328.7963500,0
2025-10-17 09:00:00,33.876,35.04,33.658,34.045,1206207.52,2025-10-17 09:59:59.999,41477895.62289,167042,615074.47,21160928.7700000,0
2025-10-17 10:00:00,34.045,34.528,33.81,34.414,995455.52,2025-10-17 10:59:59.999,34015711.35661,151135,478725.45,16366111.5279500,0
2025-10-17 11:00:00,34.413,35.71,34.285,35.396,1524944.33,2025-10-17 11:59:59.999,53675756.90358,188264,775668.76,27303101.2069400,0
2025-10-17 12:00:00,35.395,35.734,34.962,35.119,557568.58,2025-10-17 12:59:59.999,19718630.32441,92549,261159.11,9245247.7538200,0
2025-10-17 13:00:00,35.119,35.993,34.93,35.573,1139833.31,2025-10-17 13:59:59.999,40489140.19414,159257,585390.26,20796572.8093000,0
2025-10-17 14:00:00,35.57,35.672,33.593,34.189,2030419.29,2025-10-17 14:59:59.999,69878828.24703,213293,997616.42,34334206.3317600,0
2025-10-17 15:00:00,34.188,35.5,34.109,35.488,1042406.28,2025-10-17 15:59:59.999,36095522.20039,151479,561239.34,19442828.0648700,0
2025-10-17 16:00:00,35.49,35.958,34.778,34.955,945050.03,2025-10-17 16:59:59.999,33455713.13321,144761,465412.48,16476831.1029700,0
2025-10-17 17:00:00,34.954,35.388,34.762,35.142,465787.88,2025-10-17 17:59:59.999,16311787.91759,86254,253892.61,8891684.6943400,0
2025-10-17 18:00:00,35.143,35.724,34.997,35.073,499184.41,2025-10-17 18:59:59.999,17652614.02137,84092,235422.13,8325280.9388600,0
2025-10-17 19:00:00,35.072,35.332,34.562,34.844,442321.09,2025-10-17 19:59:59.999,15438477.83792,76465,208646.48,7285244.5860200,0
2025-10-17 20:00:00,34.84,35.486,34.672,35.28,275229.01,2025-10-17 20:59:59.999,9689222.61981,53905,145549.92,5123402.3936400,0
2025-10-17 21:00:00,35.275,35.995,35.261,35.813,336903.19,2025-10-17 21:59:59.999,11994343.6135,47478,192812.37,6867828.5474800,0
2025-10-17 22:00:00,35.813,36.191,35.287,35.504,359959.15,2025-10-17 22:59:59.999,12832314.77077,53978,191353.71,6826297.1561800,0
2025-10-17 23:00:00,35.504,35.525,35.089,35.462,302603.72,2025-10-17 23:59:59.999,10678782.42874,46862,155246.21,5479411.2768100,0
2025-10-18 00:00:00,35.462,35.582,34.998,35.197,282370.85,2025-10-18 00:59:59.999,9950306.22196,44118,142955.69,5039409.5213100,0
2025-10-18 01:00:00,35.197,35.736,35.153,35.496,263255.4,2025-10-18 01:59:59.999,9332568.22796,43685,131344.89,4657697.8101500,0
2025-10-18 02:00:00,35.497,35.594,34.98,35.077,293912.87,2025-10-18 02:59:59.999,10365273.22776,46684,143286.47,5056090.1944800,0
2025-10-18 03:00:00,35.076,35.404,35.068,35.201,174756.74,2025-10-18 03:59:59.999,6155999.2669,31530,74296.21,2617197.9659300,0
2025-10-18 04:00:00,35.197,35.206,34.614,34.641,248679.08,2025-10-18 04:59:59.999,8664680.29491,38736,107690.35,3753762.3187700,0
2025-10-18 05:00:00,34.642,35.237,34.637,35.066,252161.25,2025-10-18 05:59:59.999,8816242.81324,33553,118776.30,4150916.2134200,0
2025-10-18 06:00:00,35.069,35.245,34.796,35.073,254072.36,2025-10-18 06:59:59.999,8906133.52018,39814,104295.26,3657469.3615400,0
2025-10-18 07:00:00,35.078,35.771,35.056,35.299,578762.87,2025-10-18 07:59:59.999,20530349.6237,77854,279283.24,9907770.4593100,0
2025-10-18 08:00:00,35.298,36.372,35.268,35.945,681359.27,2025-10-18 08:59:59.999,24516769.25357,86879,352814.54,12695165.5297100,0
2025-10-18 09:00:00,35.946,36.294,35.691,36.228,333758.32,2025-10-18 09:59:59.999,12010790.45092,51605,171913.20,6190031.0883400,0
2025-10-18 10:00:00,36.228,36.3,35.746,35.945,314848.01,2025-10-18 10:59:59.999,11356994.47452,46629,135107.25,4874839.7166900,0
2025-10-18 11:00:00,35.945,36.054,35.75,36.017,304844.16,2025-10-18 11:59:59.999,10935793.84851,45096,170314.72,6110825.9034200,0
2025-10-18 12:00:00,36.018,36.141,35.644,35.668,260606.55,2025-10-18 12:59:59.999,9351719.17169,39460,110192.16,3955476.8149400,0
2025-10-18 13:00:00,35.665,35.67,35.104,35.23,543409.0,2025-10-18 13:59:59.999,19183273.18525,63739,234300.61,8269438.9170400,0
2025-10-18 14:00:00,35.231,35.66,35.049,35.644,330433.41,2025-10-18 14:59:59.999,11690578.0403,46712,189314.79,6696752.8706800,0
2025-10-18 15:00:00,35.644,35.841,35.295,35.487,362966.44,2025-10-18 15:59:59.999,12920558.10228,47868,164153.57,5841571.3678600,0
2025-10-18 16:00:00,35.487,35.667,34.925,35.197,337080.01,2025-10-18 16:59:59.999,11869243.67704,49536,154220.65,5431430.2386400,0
2025-10-18 17:00:00,35.197,35.985,35.059,35.918,319634.18,2025-10-18 17:59:59.999,11353002.09378,49048,148741.39,5285167.6913400,0
2025-10-18 18:00:00,35.919,36.544,35.8,36.225,454558.15,2025-10-18 18:59:59.999,16424674.43917,61210,218543.63,7899882.7731300,0
2025-10-18 19:00:00,36.224,36.53,35.909,36.149,414180.13,2025-10-18 19:59:59.999,14980889.28531,56244,199255.90,7206637.4971800,0
2025-10-18 20:00:00,36.148,36.842,36.099,36.247,480567.66,2025-10-18 20:59:59.999,17538108.82955,70359,233449.99,8521115.4542600,0
2025-10-18 21:00:00,36.244,36.423,35.866,36.289,280882.42,2025-10-18 21:59:59.999,10154366.5755,39057,130641.53,4723158.3184800,0
2025-10-18 22:00:00,36.288,36.576,36.15,36.495,143857.97,2025-10-18 22:59:59.999,5236899.56611,26526,74767.38,2721942.2364900,0
2025-10-18 23:00:00,36.493,36.91,36.419,36.862,227680.4,2025-10-18 23:59:59.999,8350695.47405,32494,116232.31,4263801.7534200,0
2025-10-19 00:00:00,36.862,36.945,36.27,36.476,362622.16,2025-10-19 00:59:59.999,13268079.56417,56977,158446.84,5795487.5384600,0
2025-10-19 01:00:00,36.476,36.63,36.16,36.5,199607.5,2025-10-19 01:59:59.999,7268926.25749,36901,104253.72,3797186.5003300,0
2025-10-19 02:00:00,36.5,36.64,36.324,36.362,170143.18,2025-10-19 02:59:59.999,6202860.70484,26104,89717.52,3270682.1022500,0
2025-10-19 03:00:00,36.362,36.967,36.349,36.931,166990.22,2025-10-19 03:59:59.999,6123945.47256,32088,78981.63,2896693.3186300,0
2025-10-19 04:00:00,36.931,36.976,36.601,36.742,130140.33,2025-10-19 04:59:59.999,4780755.12764,27999,64358.18,2364620.2594800,0
2025-10-19 05:00:00,36.743,36.797,36.109,36.232,227776.84,2025-10-19 05:59:59.999,8298246.25046,34556,115323.38,4202875.0953900,0
2025-10-19 06:00:00,36.231,36.308,35.945,36.077,192014.73,2025-10-19 06:59:59.999,6938187.18919,31619,91025.29,3289573.0145500,0
2025-10-19 07:00:00,36.077,36.481,36.067,36.419,183681.01,2025-10-19 07:59:59.999,6676583.5322,30408,107689.10,3913852.6820300,0
2025-10-19 08:00:00,36.42,36.785,35.979,36.112,531871.28,2025-10-19 08:59:59.999,19341979.33493,80935,270366.28,9824440.4445300,0
2025-10-19 09:00:00,36.113,36.797,35.68,36.55,875562.57,2025-10-19 09:59:59.999,31736253.40232,98965,418536.54,15163241.9237000,0
2025-10-19 10:00:00,36.548,37.252,36.363,37.194,585695.89,2025-10-19 10:59:59.999,21623804.54068,82576,278224.11,10280911.2497400,0
2025-10-19 11:00:00,37.194,37.603,37.085,37.316,547692.38,2025-10-19 11:59:59.999,20456313.44553,91321,263624.15,9849097.0497200,0
2025-10-19 12:00:00,37.315,37.661,36.925,37.331,463955.5,2025-10-19 12:59:59.999,17284534.13042,70472,219706.50,8185527.3439900,0
2025-10-19 13:00:00,37.332,38.161,37.18,37.995,531205.02,2025-10-19 13:59:59.999,20057025.42846,85989,280658.85,10597454.7997500,0
2025-10-19 14:00:00,37.998,38.422,37.731,38.175,657422.91,2025-10-19 14:59:59.999,25072895.701,99700,329379.16,12565113.9730100,0
2025-10-19 15:00:00,38.174,38.389,37.997,38.274,326471.14,2025-10-19 15:59:59.999,12467509.87268,59064,153389.16,5858314.4011300,0
2025-10-19 16:00:00,38.273,38.322,37.747,37.934,428865.63,2025-10-19 16:59:59.999,16293548.1566,61796,208520.61,7923117.9616800,0
2025-10-19 17:00:00,37.935,38.436,37.814,38.029,430552.77,2025-10-19 17:59:59.999,16420668.56719,67576,210759.61,8035951.3793000,0
2025-10-19 18:00:00,38.031,38.513,38.013,38.282,299508.84,2025-10-19 18:59:59.999,11464549.95141,52106,153741.04,5884263.0201600,0
2025-10-19 19:00:00,38.281,38.405,37.569,37.836,331943.2,2025-10-19 19:59:59.999,12605571.00607,53820,154514.11,5867756.1193100,0
2025-10-19 20:00:00,37.836,37.986,37.67,37.767,162393.31,2025-10-19 20:59:59.999,6141122.59237,31825,96116.15,3634795.4113200,0
2025-10-19 21:00:00,37.767,37.971,37.464,37.944,247540.49,2025-10-19 21:59:59.999,9331097.67778,33738,144758.11,5459696.4847400,0
2025-10-19 22:00:00,37.946,38.147,37.808,37.86,257333.07,2025-10-19 22:59:59.999,9771258.04231,42344,129393.72,4913981.1295200,0
2025-10-19 23:00:00,37.862,37.875,37.35,37.398,372519.68,2025-10-19 23:59:59.999,13981403.08717,48334,190730.75,7158084.1566700,0
2025-10-20 00:00:00,37.399,37.4,36.838,37.184,460354.26,2025-10-20 00:59:59.999,17054395.37386,65651,223252.42,8270394.8151600,0
2025-10-20 01:00:00,37.183,37.834,36.843,36.883,498032.98,2025-10-20 01:59:59.999,18567831.16538,71158,248714.39,9278497.9555600,0
2025-10-20 02:00:00,36.882,37.407,36.7,37.232,301899.6,2025-10-20 02:59:59.999,11179286.45804,54798,149232.22,5528112.9940700,0
2025-10-20 03:00:00,37.234,38.339,36.934,38.277,630036.67,2025-10-20 03:59:59.999,23730801.22489,77870,333014.01,12545150.0585700,0
2025-10-20 04:00:00,38.278,38.546,38.196,38.493,380229.13,2025-10-20 04:59:59.999,14596562.41481,65799,184063.44,7068417.2019800,0
2025-10-20 05:00:00,38.496,38.8,37.859,38.581,904120.67,2025-10-20 05:59:59.999,34728589.58774,104668,445586.70,17118967.1863500,0
2025-10-20 06:00:00,38.582,38.692,38.314,38.58,360445.96,2025-10-20 06:59:59.999,13880997.13818,54649,166815.98,6426107.6653800,0
2025-10-20 07:00:00,38.58,38.831,38.293,38.416,314252.16,2025-10-20 07:59:59.999,12128935.90289,47370,159908.43,6174113.1206100,0
2025-10-20 08:00:00,38.41,39.193,38.244,38.545,662122.62,2025-10-20 08:59:59.999,25713005.25885,76485,295435.44,11468633.1915800,0
2025-10-20 09:00:00,38.544,38.616,38.262,38.448,343401.18,2025-10-20 09:59:59.999,13196255.54682,51381,178940.45,6876753.4505900,0
2025-10-20 10:00:00,38.446,38.794,38.034,38.206,409044.9,2025-10-20 10:59:59.999,15710935.11565,61952,184407.42,7082143.8726000,0
2025-10-20 11:00:00,38.208,38.438,37.911,38.395,306901.78,2025-10-20 11:59:59.999,11695416.62226,49468,161072.86,6140685.5178000,0
2025-10-20 12:00:00,38.395,38.881,38.316,38.824,446933.45,2025-10-20 12:59:59.999,17252103.19661,62504,228220.62,8810988.7914400,0
2025-10-20 13:00:00,38.823,39.385,38.624,39.18,493113.85,2025-10-20 13:59:59.999,19219809.33304,78419,254937.27,9941208.4628600,0
2025-10-20 14:00:00,39.182,39.396,38.672,39.322,460630.81,2025-10-20 14:59:59.999,18001708.20898,68303,209655.82,8199350.5663400,0
2025-10-20 15:00:00,39.323,39.574,38.801,38.849,417126.93,2025-10-20 15:59:59.999,16366226.64543,65053,187239.57,7348597.0706600,0
2025-10-20 16:00:00,38.849,38.876,37.765,38.278,1395569.67,2025-10-20 16:59:59.999,53378512.25685,140507,665994.79,25469494.1311900,0
2025-10-20 17:00:00,38.277,38.808,37.56,37.702,931054.89,2025-10-20 17:59:59.999,35522969.97519,99441,411213.98,15669965.9988600,0
2025-10-20 18:00:00,37.703,38.249,37.501,38.135,448473.27,2025-10-20 18:59:59.999,16970012.50959,61734,225463.93,8534290.3431000,0
2025-10-20 19:00:00,38.135,38.165,37.63,37.967,251711.59,2025-10-20 19:59:59.999,9530315.83188,38678,107351.70,4066776.6932600,0
2025-10-20 20:00:00,37.963,38.415,37.778,38.271,247453.71,2025-10-20 20:59:59.999,9446183.7928,39882,135277.86,5163954.6940100,0
2025-10-20 21:00:00,38.267,38.456,37.537,37.665,268563.9,2025-10-20 21:59:59.999,10177774.07074,35487,130647.84,4950389.5501800,0
2025-10-20 22:00:00,37.664,38.101,37.627,38.043,137945.0,2025-10-20 22:59:59.999,5229114.092,28769,87748.95,3326442.8792500,0
2025-10-20 23:00:00,38.044,38.091,37.828,37.939,96625.54,2025-10-20 23:59:59.999,3669080.48536,21307,45745.87,1737068.9946500,0
2025-10-21 00:00:00,37.936,38.064,37.596,37.974,184044.92,2025-10-21 00:59:59.999,6965103.90504,32541,98532.38,3728849.2254500,0
2025-10-21 01:00:00,37.974,38.052,37.347,37.486,273099.96,2025-10-21 01:59:59.999,10288657.07472,44612,132766.90,5004349.5190700,0
2025-10-21 02:00:00,37.495,37.531,37.177,37.193,325669.15,2025-10-21 02:59:59.999,12154984.79766,57492,150646.95,5623521.9118200,0
2025-10-21 03:00:00,37.193,37.287,37.032,37.083,182082.31,2025-10-21 03:59:59.999,6766404.21173,38026,86185.40,3203377.6296100,0
2025-10-21 04:00:00,37.083,37.121,36.097,36.23,1187269.83,2025-10-21 04:59:59.999,43447346.53656,135042,512505.51,18760155.0758900,0
2025-10-21 05:00:00,36.231,36.292,35.38,35.599,1097716.08,2025-10-21 05:59:59.999,39331498.24391,112833,462185.14,16559734.0140400,0
2025-10-21 06:00:00,35.599,36.115,35.462,35.876,628624.09,2025-10-21 06:59:59.999,22492690.82032,69575,340773.78,12198105.6187500,0
2025-10-21 07:00:00,35.876,36.095,35.459,35.997,694413.7,2025-10-21 07:59:59.999,24844327.63054,77837,349044.48,12491898.0648600,0
2025-10-21 08:00:00,35.997,36.0,35.4,35.71,393749.19,2025-10-21 08:59:59.999,14035181.56289,52091,174738.35,6227204.2521200,0
2025-10-21 09:00:00,35.71,35.876,35.497,35.776,278715.95,2025-10-21 09:59:59.999,9949017.13821,32917,150471.09,5369507.5395700,0
2025-10-21 10:00:00,35.776,36.243,35.585,35.868,363795.46,2025-10-21 10:59:59.999,13051165.77437,46097,201644.29,7234006.8710700,0
2025-10-21 11:00:00,35.867,36.19,35.627,36.09,326421.04,2025-10-21 11:59:59.999,11715090.67134,41426,176027.02,6322071.6302000,0
2025-10-21 12:00:00,36.09,36.854,35.913,36.455,690410.64,2025-10-21 12:59:59.999,25174577.64403,79825,352866.40,12865022.9683400,0
2025-10-21 13:00:00,36.454,36.575,35.766,35.976,735589.66,2025-10-21 13:59:59.999,26572367.63587,99014,319087.71,11526569.9412900,0
2025-10-21 14:00:00,35.977,37.816,35.949,37.762,1480082.54,2025-10-21 14:59:59.999,54769014.9367,160967,731638.39,27072570.7987100,0
2025-10-21 15:00:00,37.763,38.283,37.312,37.863,1367178.0,2025-10-21 15:59:59.999,51791206.99258,169854,651486.96,24687162.0030800,0
2025-10-21 16:00:00,37.862,38.36,37.07,37.276,1103442.93,2025-10-21 16:59:59.999,41723201.42053,141449,478881.98,18125054.7317400,0
2025-10-21 17:00:00,37.278,37.729,36.798,37.387,1129068.5,2025-10-21 17:59:59.999,42071888.72931,141883,553742.86,20637171.1885200,0
2025-10-21 18:00:00,37.39,37.513,36.759,37.097,507337.91,2025-10-21 18:59:59.999,18800450.46708,75489,222191.07,8235468.3992400,0
2025-10-21 19:00:00,37.089,37.147,36.826,36.897,228898.58,2025-10-21 19:59:59.999,8471701.46688,43772,108353.00,4010998.5285800,0
2025-10-21 20:00:00,36.901,37.023,36.11,36.196,539338.07,2025-10-21 20:59:59.999,19659645.72505,77260,229447.43,8365528.8042700,0
2025-10-21 21:00:00,36.195,36.692,35.701,36.684,594879.85,2025-10-21 21:59:59.999,21482046.15943,64449,320050.68,11562854.0493800,0
2025-10-21 22:00:00,36.684,36.684,35.563,35.663,794978.44,2025-10-21 22:59:59.999,28572534.93565,94930,390091.38,14020208.3721300,0
2025-10-21 23:00:00,35.663,35.857,35.149,35.346,587074.92,2025-10-21 23:59:59.999,20811370.83553,82312,279563.85,9913725.1144000,0
2025-10-22 00:00:00,35.345,35.556,34.81,34.881,652334.48,2025-10-22 00:59:59.999,22904080.87061,83371,293135.14,10293702.3611100,0
2025-10-22 01:00:00,34.883,35.205,34.627,35.013,590777.63,2025-10-22 01:59:59.999,20643246.52705,70613,275667.41,9637332.2544000,0
2025-10-22 02:00:00,35.013,35.444,34.938,35.39,417322.98,2025-10-22 02:59:59.999,14696194.3774,53691,227304.73,8005200.1173500,0
2025-10-22 03:00:00,35.388,35.45,34.926,35.223,359772.33,2025-10-22 03:59:59.999,12663912.49775,49537,173223.42,6099271.0113100,0
2025-10-22 04:00:00,35.223,35.342,34.742,34.906,450721.03,2025-10-22 04:59:59.999,15767201.97257,57066,192172.91,6724045.4216500,0
2025-10-22 05:00:00,34.907,34.939,34.454,34.795,482060.95,2025-10-22 05:59:59.999,16707507.88235,61446,217188.68,7529551.5501400,0
2025-10-22 06:00:00,34.795,35.079,34.621,34.77,406591.37,2025-10-22 06:59:59.999,14149858.11631,51667,205305.22,7146016.9241000,0
2025-10-22 07:00:00,34.77,35.016,34.515,34.811,580034.75,2025-10-22 07:59:59.999,20163629.73884,76142,298048.53,10363864.0865800,0
2025-10-22 08:00:00,34.81,35.261,34.703,35.039,421079.72,2025-10-22 08:59:59.999,14743936.01647,55528,225392.82,7893034.0988300,0
2025-10-22 09:00:00,35.039,35.199,34.773,35.018,273095.75,2025-10-22 09:59:59.999,9555954.1961,46231,143331.83,5016329.5819800,0
2025-10-22 10:00:00,35.018,35.497,34.987,35.133,424291.05,2025-10-22 10:59:59.999,14957934.55354,57340,217996.68,7686308.8377600,0
2025-10-22 11:00:00,35.135,36.098,34.843,35.832,984906.11,2025-10-22 11:59:59.999,35061947.16146,118533,513259.59,18279401.7024900,0
2025-10-22 12:00:00,35.833,36.477,35.713,36.044,634831.04,2025-10-22 12:59:59.999,22911455.32597,97006,305434.23,11024831.9541000,0
2025-10-22 13:00:00,36.042,36.531,35.783,36.391,645124.44,2025-10-22 13:59:59.999,23295109.86373,92266,286203.90,10336675.2528000,0
2025-10-22 14:00:00,36.389,36.419,35.607,36.13,1044612.84,2025-10-22 14:59:59.999,37557253.86081,129764,478716.38,17214229.1972500,0
2025-10-22 15:00:00,36.13,36.668,35.76,36.363,846142.12,2025-10-22 15:59:59.999,30618617.00818,102177,392943.32,14222068.0632900,0
2025-10-22 16:00:00,36.365,36.669,35.838,36.0,684914.1,2025-10-22 16:59:59.999,24759840.47075,84891,328285.76,11867477.2495900,0
2025-10-22 17:00:00,36.001,36.315,35.571,35.736,466924.0,2025-10-22 17:59:59.999,16786421.27209,65023,224357.24,8068970.2488400,0
2025-10-22 18:00:00,35.737,35.975,35.591,35.878,412316.56,2025-10-22 18:59:59.999,14740155.49186,65527,204838.28,7323048.2292300,0
2025-10-22 19:00:00,35.878,36.788,35.689,36.069,998942.62,2025-10-22 19:59:59.999,36269681.89274,112118,485720.00,17628105.0624500,0
2025-10-22 20:00:00,36.071,36.146,35.2,35.305,596290.8,2025-10-22 20:59:59.999,21270811.41005,82555,281569.89,10042989.3289400,0
2025-10-22 21:00:00,35.305,35.433,34.8,34.844,934852.12,2025-10-22 21:59:59.999,32857500.71213,90952,418307.88,14706957.5190800,0
2025-10-22 22:00:00,34.846,35.816,34.682,35.067,1099720.24,2025-10-22 22:59:59.999,38640230.63816,112203,580515.99,20410602.8748700,0
2025-10-22 23:00:00,35.066,36.831,35.03,36.233,1068848.17,2025-10-22 23:59:59.999,38503710.35655,121783,554471.84,19974380.2585800,0
2025-10-23 00:00:00,36.227,36.779,36.148,36.765,507848.23,2025-10-23 00:59:59.999,18540772.05707,79990,239835.65,8757757.5629100,0
2025-10-23 01:00:00,36.77,37.973,36.686,37.799,1073335.58,2025-10-23 01:59:59.999,40151823.77991,127387,577865.56,21613615.1701700,0
2025-10-23 02:00:00,37.8,38.428,37.51,38.406,809369.29,2025-10-23 02:59:59.999,30716493.45255,109427,407116.19,15452820.4102600,0
2025-10-23 03:00:00,38.406,38.423,37.6,37.72,762723.36,2025-10-23 03:59:59.999,29012369.2302,93369,347253.10,13210417.2564800,0
2025-10-23 04:00:00,37.724,37.881,37.331,37.371,673458.78,2025-10-23 04:59:59.999,25319696.97639,85156,310506.67,11677723.5036200,0
2025-10-23 05:00:00,37.374,38.105,37.01,38.098,547125.22,2025-10-23 05:59:59.999,20507576.95265,75674,278107.97,10433621.4342000,0
2025-10-23 06:00:00,38.096,39.22,38.017,39.113,1177140.59,2025-10-23 06:59:59.999,45504664.06477,166341,627332.05,24271417.9330200,0
2025-10-23 07:00:00,39.113,39.156,38.435,38.887,805591.91,2025-10-23 07:59:59.999,31245959.69089,103166,357737.13,13879456.6261500,0
2025-10-23 08:00:00,38.887,39.177,38.704,39.038,347894.89,2025-10-23 08:59:59.999,13543744.79401,62055,172128.50,6703533.4053300,0
2025-10-23 09:00:00,39.038,39.187,38.833,39.102,332999.59,2025-10-23 09:59:59.999,12995842.42094,58299,195772.41,7640538.9040600,0
2025-10-23 10:00:00,39.104,39.458,39.044,39.226,508467.96,2025-10-23 10:59:59.999,19966539.46745,84727,274211.89,10768307.4142400,0
2025-10-23 11:00:00,39.227,39.228,38.58,38.653,605854.41,2025-10-23 11:59:59.999,23582294.49596,82392,289793.98,11280685.4684400,0
2025-10-23 12:00:00,38.652,40.442,38.47,40.313,1950943.76,2025-10-23 12:59:59.999,76770780.8631,221461,1049687.01,41333326.0911900,0
2025-10-23 13:00:00,40.317,40.691,39.542,40.213,1269474.07,2025-10-23 13:59:59.999,50889220.41213,167628,631453.21,25325580.6277000,0
2025-10-23 14:00:00,40.215,40.798,39.471,40.389,1187240.69,2025-10-23 14:59:59.999,47718984.90721,144694,557341.08,22419920.9302500,0
2025-10-23 15:00:00,40.39,40.715,39.474,39.943,1244383.46,2025-10-23 15:59:59.999,49859931.4424,131329,609056.99,24417670.8823400,0
2025-10-23 16:00:00,39.943,40.281,39.508,39.764,590202.24,2025-10-23 16:59:59.999,23566373.71173,71111,273855.91,10933476.8676200,0
2025-10-23 17:00:00,39.762,39.945,39.22,39.527,809391.28,2025-10-23 17:59:59.999,32027183.83159,95438,379017.44,14998525.1572900,0
2025-10-23 18:00:00,39.526,39.597,39.168,39.376,332540.59,2025-10-23 18:59:59.999,13075094.46576,46119,157329.88,6188032.2440400,0
2025-10-23 19:00:00,39.376,39.615,38.99,39.415,422579.74,2025-10-23 19:59:59.999,16612580.79837,49417,202228.79,7951505.9659700,0
2025-10-23 20:00:00,39.415,39.486,38.888,39.024,551534.5,2025-10-23 20:59:59.999,21606800.74127,57834,234109.60,9171199.9347700,0
2025-10-23 21:00:00,39.024,39.87,38.918,39.829,372500.23,2025-10-23 21:59:59.999,14689395.315,38965,197055.32,7777288.1812200,0
2025-10-23 22:00:00,39.828,40.148,39.773,39.96,360464.99,2025-10-23 22:59:59.999,14400352.54929,47795,192166.52,7678502.8603200,0
2025-10-23 23:00:00,39.961,40.212,39.926,40.198,241989.57,2025-10-23 23:59:59.999,9702578.04661,32224,133939.62,5371510.8792700,0
2025-10-24 00:00:00,40.199,40.454,39.959,40.219,403796.07,2025-10-24 00:59:59.999,16248289.48231,52745,205317.38,8261933.3577800,0
2025-10-24 01:00:00,40.219,40.341,39.761,39.983,314387.18,2025-10-24 01:59:59.999,12576684.37137,39860,141381.90,5655779.6635600,0
2025-10-24 02:00:00,39.986,40.0,39.559,39.589,247316.69,2025-10-24 02:59:59.999,9826994.73368,32568,110463.96,4388932.7048700,0
2025-10-24 03:00:00,39.59,39.66,39.08,39.463,440905.38,2025-10-24 03:59:59.999,17316309.34697,48164,225560.80,8855603.4040400,0
2025-10-24 04:00:00,39.464,40.416,39.276,40.274,649260.19,2025-10-24 04:59:59.999,25976852.38245,70149,350982.16,14031000.4082300,0
2025-10-24 05:00:00,40.273,40.549,40.005,40.537,458287.32,2025-10-24 05:59:59.999,18466885.37955,57296,249348.30,10051782.4258300,0
2025-10-24 06:00:00,40.538,40.798,40.129,40.769,435167.84,2025-10-24 06:59:59.999,17602766.78816,53804,222944.38,9019052.1921700,0
2025-10-24 07:00:00,40.763,40.883,40.266,40.56,546558.56,2025-10-24 07:59:59.999,22172554.55198,61283,269531.82,10933063.5759900,0
2025-10-24 08:00:00,40.561,40.628,40.206,40.385,332546.31,2025-10-24 08:59:59.999,13430115.36145,46706,149996.44,6059098.0551100,0
2025-10-24 09:00:00,40.385,40.596,39.994,40.081,260257.15,2025-10-24 09:59:59.999,10488349.65097,35399,126122.95,5085867.5512700,0
2025-10-24 10:00:00,40.084,40.104,39.576,39.717,349549.07,2025-10-24 10:59:59.999,13912834.01877,35548,181550.55,7225855.0391700,0
2025-10-24 11:00:00,39.717,39.843,39.472,39.643,278810.79,2025-10-24 11:59:59.999,11054059.51108,44298,134925.15,5351257.5153800,0
2025-10-24 12:00:00,39.644,40.528,39.597,39.827,788509.44,2025-10-24 12:59:59.999,31598693.49889,92871,393483.70,15773669.8746300,0
2025-10-24 13:00:00,39.828,39.978,39.242,39.679,565421.07,2025-10-24 13:59:59.999,22406070.0634,79376,255000.54,10109775.3274500,0
2025-10-24 14:00:00,39.677,39.677,39.056,39.356,605296.27,2025-10-24 14:59:59.999,23803667.97684,79045,276970.69,10895726.9436400,0
2025-10-24 15:00:00,39.36,39.568,38.975,39.187,330227.66,2025-10-24 15:59:59.999,12977897.61006,53070,163515.91,6428006.8120300,0
2025-10-24 16:00:00,39.188,39.23,38.673,39.058,508442.57,2025-10-24 16:59:59.999,19810296.42855,62282,226856.13,8840528.2315200,0
2025-10-24 17:00:00,39.058,39.206,38.805,38.902,272624.32,2025-10-24 17:59:59.999,10625777.38767,38730,139170.88,5424228.8967900,0
2025-10-24 18:00:00,38.903,39.249,38.867,38.99,203377.48,2025-10-24 18:59:59.999,7940318.09244,30876,112001.37,4372904.6025600,0
2025-10-24 19:00:00,38.989,39.395,38.954,39.156,359805.44,2025-10-24 19:59:59.999,14097949.88999,42202,206261.65,8083646.3581000,0
2025-10-24 20:00:00,39.158,39.557,39.095,39.485,202110.15,2025-10-24 20:59:59.999,7957069.69043,30520,111147.38,4376393.5615200,0
2025-10-24 21:00:00,39.486,39.771,39.333,39.666,193276.76,2025-10-24 21:59:59.999,7643342.32477,27789,96188.64,3806086.5721100,0
2025-10-24 22:00:00,39.665,39.726,39.165,39.207,195553.7,2025-10-24 22:59:59.999,7714368.85141,30600,80984.57,3195337.4178700,0
2025-10-24 23:00:00,39.207,39.353,39.05,39.288,149645.05,2025-10-24 23:59:59.999,5868016.60164,22669,72531.28,2844506.6903100,0
2025-10-25 00:00:00,39.289,39.289,38.861,38.935,204792.43,2025-10-25 00:59:59.999,7994395.92627,31143,94614.78,3692157.1506300,0
2025-10-25 01:00:00,38.936,39.43,38.87,39.24,193341.44,2025-10-25 01:59:59.999,7580096.23342,28157,90001.47,3525078.3797300,0
2025-10-25 02:00:00,39.241,39.75,39.222,39.668,263008.03,2025-10-25 02:59:59.999,10405774.78824,36207,143518.22,5677885.6394200,0
2025-10-25 03:00:00,39.668,40.122,39.571,40.07,251311.67,2025-10-25 03:59:59.999,10031326.09186,32882,139321.33,5561361.9833500,0
2025-10-25 04:00:00,40.069,40.209,39.781,39.909,230190.14,2025-10-25 04:59:59.999,9200247.38202,33677,115451.56,4614939.3205500,0
2025-10-25 05:00:00,39.909,40.044,39.508,39.668,230519.73,2025-10-25 05:59:59.999,9176750.99153,29877,118506.68,4718428.7233600,0
2025-10-25 06:00:00,39.668,40.002,39.605,39.951,167551.12,2025-10-25 06:59:59.999,6660866.99809,27038,83516.69,3321208.1585100,0
2025-10-25 07:00:00,39.951,40.266,39.873,40.129,289337.11,2025-10-25 07:59:59.999,11593597.95653,41899,127378.79,5105123.4653400,0
2025-10-25 08:00:00,40.125,40.457,40.06,40.436,209407.05,2025-10-25 08:59:59.999,8435596.32164,31103,130681.42,5265443.3971400,0
2025-10-25 09:00:00,40.437,40.464,40.114,40.44,186290.86,2025-10-25 09:59:59.999,7511885.18582,26642,86623.85,3492588.8295700,0
2025-10-25 10:00:00,40.441,40.798,40.184,40.598,354952.26,2025-10-25 10:59:59.999,14384232.18788,40008,168584.43,6834314.6044600,0
2025-10-25 11:00:00,40.599,41.165,40.532,41.096,260284.11,2025-10-25 11:59:59.999,10638591.53129,41667,151072.77,6175389.0336000,0
2025-10-25 12:00:00,41.092,41.744,40.902,41.358,558385.88,2025-10-25 12:59:59.999,23101246.11141,72014,287225.06,11884144.1962400,0
2025-10-25 13:00:00,41.359,41.619,41.087,41.309,307605.56,2025-10-25 13:59:59.999,12713281.81307,49009,143357.79,5926390.5005900,0
2025-10-25 14:00:00,41.312,41.373,40.822,41.065,297027.07,2025-10-25 14:59:59.999,12191284.10089,40753,133800.33,5493790.8947700,0
2025-10-25 15:00:00,41.064,41.064,40.661,40.887,314576.79,2025-10-25 15:59:59.999,12858739.19099,35915,142526.96,5828000.1632700,0
2025-10-25 16:00:00,40.888,41.388,40.83,41.359,233742.61,2025-10-25 16:59:59.999,9599317.46421,30321,108434.03,4454036.5493500,0
2025-10-25 17:00:00,41.359,41.985,41.249,41.856,419951.17,2025-10-25 17:59:59.999,17464225.52879,44549,229017.08,9526817.2141700,0
2025-10-25 18:00:00,41.853,43.067,41.829,42.686,914399.73,2025-10-25 18:59:59.999,38958169.20176,99281,502088.02,21386052.9750400,0
2025-10-25 19:00:00,42.687,43.189,42.538,42.968,478139.0,2025-10-25 19:59:59.999,20539984.87886,57277,238554.70,10251340.7154600,0
2025-10-25 20:00:00,42.968,43.387,42.74,42.849,430814.91,2025-10-25 20:59:59.999,18557497.69117,55403,198497.15,8552198.0770200,0
2025-10-25 21:00:00,42.849,44.078,42.849,43.7,456882.87,2025-10-25 21:59:59.999,19844492.74843,53749,260083.97,11292202.7845100,0
2025-10-25 22:00:00,43.7,44.657,43.628,44.403,783783.15,2025-10-25 22:59:59.999,34576293.13064,105083,411795.46,18165836.7378200,0
2025-10-25 23:00:00,44.404,44.412,44.014,44.213,398256.78,2025-10-25 23:59:59.999,17603121.03808,51011,191464.65,8463107.3469100,0
2025-10-26 00:00:00,44.214,44.803,43.706,44.154,789977.45,2025-10-26 00:59:59.999,34942768.66742,100742,362368.90,16034701.1137200,0
2025-10-26 01:00:00,44.153,44.343,43.879,44.134,342670.28,2025-10-26 01:59:59.999,15128849.55016,48147,164217.94,7250474.5319400,0
2025-10-26 02:00:00,44.134,44.266,43.738,43.98,376871.17,2025-10-26 02:59:59.999,16577749.98003,53733,170603.36,7505733.4858800,0
2025-10-26 03:00:00,43.979,44.065,43.55,43.701,441591.3,2025-10-26 03:59:59.999,19346343.05362,50873,191786.71,8403413.3880200,0
2025-10-26 04:00:00,43.702,43.907,43.51,43.601,245208.76,2025-10-26 04:59:59.999,10709993.74173,32072,104645.01,4572861.9031700,0
2025-10-26 05:00:00,43.601,44.141,43.541,43.812,516725.62,2025-10-26 05:59:59.999,22654497.01393,52707,280430.88,12295219.5143400,0
2025-10-26 06:00:00,43.813,44.556,43.812,44.412,363694.79,2025-10-26 06:59:59.999,16076229.85148,48751,212204.67,9382379.6927800,0
2025-10-26 07:00:00,44.411,44.642,44.131,44.628,411619.16,2025-10-26 07:59:59.999,18270146.0025,42445,237307.82,10534657.0961700,0
2025-10-26 08:00:00,44.632,45.554,44.631,45.3,723218.75,2025-10-26 08:59:59.999,32566993.91629,77114,421069.15,18968164.8928200,0
2025-10-26 09:00:00,45.301,46.63,45.045,46.396,1246501.86,2025-10-26 09:59:59.999,57166224.70082,118044,652157.67,29920533.4073300,0
2025-10-26 10:00:00,46.401,46.552,45.954,46.189,649239.79,2025-10-26 10:59:59.999,30036453.96694,78134,300168.66,13891691.3247000,0
2025-10-26 11:00:00,46.19,47.95,46.14,47.853,1165363.89,2025-10-26 11:59:59.999,55037744.12447,137047,625667.82,29552038.8794000,0
2025-10-26 12:00:00,47.852,48.604,47.4,47.675,1152381.87,2025-10-26 12:59:59.999,55135754.7245,124836,564119.54,27006035.4128400,0
2025-10-26 13:00:00,47.674,48.149,47.322,47.525,697814.92,2025-10-26 13:59:59.999,33282559.5833,82891,350111.79,16700961.2718800,0
2025-10-26 14:00:00,47.524,47.595,46.924,46.969,693398.08,2025-10-26 14:59:59.999,32703154.9594,78771,278180.37,13122630.5536800,0
2025-10-26 15:00:00,46.97,47.726,46.828,47.304,565818.18,2025-10-26 15:59:59.999,26735542.06484,62787,313638.87,14826304.1664400,0
2025-10-26 16:00:00,47.304,47.485,46.816,46.877,435302.14,2025-10-26 16:59:59.999,20523551.55242,53326,195810.43,9234433.7830900,0
2025-10-26 17:00:00,46.876,47.567,46.745,47.46,386795.14,2025-10-26 17:59:59.999,18255022.87592,47230,212950.80,10052095.9016200,0
2025-10-26 18:00:00,47.461,47.828,47.106,47.404,361206.92,2025-10-26 18:59:59.999,17136694.69092,41264,190088.84,9020714.3424300,0
2025-10-26 19:00:00,47.403,47.552,47.223,47.348,175232.85,2025-10-26 19:59:59.999,8301148.88682,23382,87226.06,4132545.6003900,0
2025-10-26 20:00:00,47.348,47.373,46.622,47.03,429198.11,2025-10-26 20:59:59.999,20140750.77833,50674,193832.01,9096168.3678100,0
2025-10-26 21:00:00,47.031,47.39,46.572,47.302,509339.75,2025-10-26 21:59:59.999,23875908.89533,47897,274144.96,12851666.5912900,0
2025-10-26 22:00:00,47.302,48.324,47.302,48.03,955896.51,2025-10-26 22:59:59.999,45748353.04856,111375,523965.52,25080786.3566400,0
2025-10-26 23:00:00,48.029,48.098,47.207,47.295,408766.65,2025-10-26 23:59:59.999,19478805.11614,56792,181249.06,8637805.6881700,0
2025-10-27 00:00:00,47.3,48.204,47.092,48.179,443729.94,2025-10-27 00:59:59.999,21148459.75349,64980,225983.96,10773393.1825900,0
2025-10-27 01:00:00,48.178,48.693,47.764,48.669,481053.36,2025-10-27 01:59:59.999,23218913.05985,68396,271880.75,13128323.8404000,0
2025-10-27 02:00:00,48.669,48.75,47.626,47.733,508565.12,2025-10-27 02:59:59.999,24398721.51316,59612,238657.77,11446258.3461100,0
2025-10-27 03:00:00,47.733,48.239,47.503,48.082,324990.65,2025-10-27 03:59:59.999,15555337.50714,49456,144590.94,6922290.7237900,0
2025-10-27 04:00:00,48.088,48.902,48.025,48.599,557382.54,2025-10-27 04:59:59.999,27062916.63588,60466,297403.69,14443086.9024100,0
2025-10-27 05:00:00,48.598,49.5,48.5,48.651,628637.93,2025-10-27 05:59:59.999,30796179.61895,83460,312074.43,15301610.6887700,0
2025-10-27 06:00:00,48.65,48.924,47.866,48.66,803314.06,2025-10-27 06:59:59.999,38766235.2715,94058,398930.88,19254875.0030800,0
2025-10-27 07:00:00,48.66,48.752,46.659,47.314,1347036.1,2025-10-27 07:59:59.999,63834162.5496,115863,581300.56,27541703.8767100,0
2025-10-27 08:00:00,47.314,47.322,46.308,46.806,916553.85,2025-10-27 08:59:59.999,42913586.59028,90316,407836.00,19096338.1508000,0
2025-10-27 09:00:00,46.807,47.178,45.802,47.094,889651.31,2025-10-27 09:59:59.999,41389601.24157,86670,424398.09,19766313.3811400,0
2025-10-27 10:00:00,47.094,47.434,46.835,47.224,378885.01,2025-10-27 10:59:59.999,17865938.82944,49115,201689.35,9511227.9944800,0
2025-10-27 11:00:00,47.225,47.516,46.911,47.439,343762.23,2025-10-27 11:59:59.999,16240408.35425,44942,178579.97,8440053.0188200,0
2025-10-27 12:00:00,47.44,47.522,46.908,46.919,293292.81,2025-10-27 12:59:59.999,13842640.38346,42659,134474.66,6346788.3636600,0
2025-10-27 13:00:00,46.919,47.475,46.327,47.117,740498.44,2025-10-27 13:59:59.999,34771819.04603,80572,365331.70,17158629.7464800,0
2025-10-27 14:00:00,47.116,47.284,46.513,46.934,670809.24,2025-10-27 14:59:59.999,31430546.91671,74233,339892.66,15926409.7389900,0
2025-10-27 15:00:00,46.933,47.086,46.062,46.371,624888.44,2025-10-27 15:59:59.999,29073000.60778,76790,287283.50,13363825.8736100,0
2025-10-27 16:00:00,46.37,47.441,46.351,47.217,538698.85,2025-10-27 16:59:59.999,25351381.29194,77906,276647.79,13019790.9337000,0
2025-10-27 17:00:00,47.217,47.656,47.074,47.215,344757.39,2025-10-27 17:59:59.999,16325102.73164,59979,182291.83,8632717.6492500,0
2025-10-27 18:00:00,47.214,47.692,46.638,46.865,427005.92,2025-10-27 18:59:59.999,20104677.25651,64721,205788.92,9691539.3879600,0
2025-10-27 19:00:00,46.866,47.124,46.46,46.809,466164.26,2025-10-27 19:59:59.999,21826351.92706,65038,216658.72,10146282.4324700,0
2025-10-27 20:00:00,46.806,47.818,46.3,47.062,1081873.81,2025-10-27 20:59:59.999,50920666.54329,120735,513109.93,24168357.9193600,0
2025-10-27 21:00:00,47.063,48.807,47.021,48.421,1402468.01,2025-10-27 21:59:59.999,67295326.6749,161030,786891.72,37770648.0432200,0
2025-10-27 22:00:00,48.42,48.723,46.778,46.865,1421065.63,2025-10-27 22:59:59.999,67819052.67096,146049,762151.40,36382970.0092900,0
2025-10-27 23:00:00,46.866,46.901,45.39,46.52,1246490.12,2025-10-27 23:59:59.999,57494320.49587,128942,561895.61,25935561.7985000,0
2025-10-28 00:00:00,46.515,46.795,46.053,46.716,448284.43,2025-10-28 00:59:59.999,20801324.22403,64932,205647.61,9544568.7391000,0
2025-10-28 01:00:00,46.714,47.713,46.693,47.225,519726.16,2025-10-28 01:59:59.999,24524730.4464,65017,222272.42,10487588.1054000,0
2025-10-28 02:00:00,47.225,47.418,46.668,47.191,350949.64,2025-10-28 02:59:59.999,16502119.03908,51977,156593.69,7363649.5080200,0
2025-10-28 03:00:00,47.193,47.6,47.026,47.479,361442.65,2025-10-28 03:59:59.999,17096259.81711,52898,212014.92,10029913.4740300,0
2025-10-28 04:00:00,47.478,47.9,47.308,47.722,229085.06,2025-10-28 04:59:59.999,10911744.41242,48756,120499.89,5739488.1836500,0
2025-10-28 05:00:00,47.722,47.946,46.764,46.986,403019.12,2025-10-28 05:59:59.999,19063834.85428,59218,190028.29,8992083.1319400,0
2025-10-28 06:00:00,46.987,47.266,46.673,47.18,320533.96,2025-10-28 06:59:59.999,15067641.05293,54746,164872.62,7752248.4379000,0
2025-10-28 07:00:00,47.182,47.815,47.14,47.334,293243.37,2025-10-28 07:59:59.999,13918937.45954,53153,152786.07,7250161.1786800,0
2025-10-28 08:00:00,47.334,47.625,46.872,46.977,372410.08,2025-10-28 08:59:59.999,17592769.87336,52610,164145.49,7754429.4013800,0
2025-10-28 09:00:00,46.972,47.265,46.5,47.258,352942.52,2025-10-28 09:59:59.999,16545361.03636,57933,163022.22,7648756.9849200,0
2025-10-28 10:00:00,47.259,47.342,47.021,47.324,222303.87,2025-10-28 10:59:59.999,10493188.31547,41427,107592.35,5078292.8030500,0
2025-10-28 11:00:00,47.325,48.462,47.213,47.982,626705.32,2025-10-28 11:59:59.999,30081892.42193,93278,318105.80,15268626.7437000,0
2025-10-28 12:00:00,47.983,48.61,47.459,48.44,492482.9,2025-10-28 12:59:59.999,23630233.53986,84476,250121.87,12002104.5932400,0
2025-10-28 13:00:00,48.44,49.365,48.39,49.233,825847.25,2025-10-28 13:59:59.999,40338968.39473,134770,425237.53,20778346.5844500,0
2025-10-28 14:00:00,49.235,49.306,47.58,47.954,1145429.32,2025-10-28 14:59:59.999,55348152.02746,136745,561868.75,27144436.7405100,0
2025-10-28 15:00:00,47.956,48.38,47.501,47.67,675346.94,2025-10-28 15:59:59.999,32360366.00276,77770,279573.60,13404920.1440600,0
2025-10-28 16:00:00,47.672,48.288,47.575,48.047,332498.76,2025-10-28 16:59:59.999,15932686.84977,56247,176446.15,8455803.3852400,0
2025-10-28 17:00:00,48.047,48.897,47.9,48.06,533894.23,2025-10-28 17:59:59.999,25857455.44832,75961,255903.84,12397325.7852400,0
2025-10-28 18:00:00,48.06,48.177,47.08,47.736,484603.93,2025-10-28 18:59:59.999,23059641.11896,65218,248563.49,11825935.7344700,0
2025-10-28 19:00:00,47.737,47.761,46.283,46.383,886072.95,2025-10-28 19:59:59.999,41544500.35969,91587,344318.01,16146311.6631300,0
2025-10-28 20:00:00,46.38,47.386,45.932,47.158,1094270.12,2025-10-28 20:59:59.999,51051982.94996,117531,511984.82,23898969.1860700,0
2025-10-28 21:00:00,47.161,47.613,46.621,47.454,713583.64,2025-10-28 21:59:59.999,33604144.283,74446,352011.80,16579989.1405400,0
2025-10-28 22:00:00,47.453,48.241,47.335,48.149,465523.22,2025-10-28 22:59:59.999,22293036.93435,71415,236869.56,11341124.5748800,0
2025-10-28 23:00:00,48.149,48.173,47.356,47.657,336944.9,2025-10-28 23:59:59.999,16048113.91193,59661,143354.03,6826832.2541800,0
2025-10-29 00:00:00,47.65,48.152,47.346,47.476,368228.41,2025-10-29 00:59:59.999,17569997.19034,62528,181956.73,8682273.6235500,0
2025-10-29 01:00:00,47.476,48.129,47.4,48.063,313399.81,2025-10-29 01:59:59.999,14977948.04427,55699,167837.08,8023829.0546600,0
2025-10-29 02:00:00,48.062,48.584,47.954,48.216,415136.08,2025-10-29 02:59:59.999,20059157.79672,73170,198461.04,9593407.9339600,0
2025-10-29 03:00:00,48.217,48.247,47.7,47.783,254315.16,2025-10-29 03:59:59.999,12202136.15934,42941,103167.29,4951029.5252100,0
2025-10-29 04:00:00,47.783,48.24,47.713,48.117,209635.9,2025-10-29 04:59:59.999,10053731.42842,38730,110161.24,5282893.9836600,0
2025-10-29 05:00:00,48.116,48.848,47.736,47.944,469594.21,2025-10-29 05:59:59.999,22679331.58432,72283,236478.09,11423985.9172800,0
2025-10-29 06:00:00,47.944,47.986,47.351,47.724,297153.31,2025-10-29 06:59:59.999,14150222.70469,54900,142631.85,6792213.2885800,0
2025-10-29 07:00:00,47.724,47.935,47.475,47.631,256160.05,2025-10-29 07:59:59.999,12222917.757,49450,120787.03,5764594.3804900,0
2025-10-29 08:00:00,47.629,47.679,46.911,47.381,320824.97,2025-10-29 08:59:59.999,15188208.88158,56473,161195.60,7632279.9423700,0
2025-10-29 09:00:00,47.381,47.64,47.148,47.415,233889.54,2025-10-29 09:59:59.999,11095278.10028,44248,123594.23,5864433.1103000,0
2025-10-29 10:00:00,47.415,48.321,47.22,47.98,447147.58,2025-10-29 10:59:59.999,21381930.82898,64204,232968.36,11140323.2765800,0
2025-10-29 11:00:00,47.98,49.5,47.851,49.182,771819.24,2025-10-29 11:59:59.999,37645208.80259,100387,368340.63,17974386.4219700,0
2025-10-29 12:00:00,49.182,49.433,48.57,48.624,590283.46,2025-10-29 12:59:59.999,28945630.34087,91267,280123.83,13737852.9253400,0
2025-10-29 13:00:00,48.622,49.321,48.348,48.45,700550.49,2025-10-29 13:59:59.999,34153379.28958,102210,338393.88,16496620.2560900,0
2025-10-29 14:00:00,48.451,48.617,47.663,48.012,855826.82,2025-10-29 14:59:59.999,41106108.95707,102126,407280.05,19567987.0137900,0
2025-10-29 15:00:00,48.012,48.154,46.307,46.695,1774623.68,2025-10-29 15:59:59.999,83471416.08944,168853,884720.73,41620370.9955100,0
2025-10-29 16:00:00,46.694,47.394,46.262,47.261,1043642.57,2025-10-29 16:59:59.999,48996861.01839,128940,522566.44,24549879.2521100,0
2025-10-29 17:00:00,47.26,48.058,46.663,48.001,714052.26,2025-10-29 17:59:59.999,33841497.42052,107870,366270.40,17366963.7246300,0
2025-10-29 18:00:00,48.0,48.172,45.5,47.705,2321974.25,2025-10-29 18:59:59.999,109339605.80722,250556,1078162.71,50810352.9113700,0
2025-10-29 19:00:00,47.706,48.888,47.653,47.878,1234711.33,2025-10-29 19:59:59.999,59548682.58124,134785,574757.04,27712728.5043400,0
2025-10-29 20:00:00,47.879,49.277,47.346,49.151,979754.5,2025-10-29 20:59:59.999,47398354.5642,99403,511452.99,24738609.1191800,0
2025-10-29 21:00:00,49.148,49.971,48.92,49.007,713248.91,2025-10-29 21:59:59.999,35199215.63659,79131,364684.68,18015454.9685000,0
2025-10-29 22:00:00,49.007,49.193,48.505,48.671,464584.39,2025-10-29 22:59:59.999,22695917.50119,61478,223890.19,10935925.5878100,0
2025-10-29 23:00:00,48.672,48.69,47.401,47.952,668909.47,2025-10-29 23:59:59.999,32101182.2741,82565,291389.10,13981873.0009500,0
2025-10-30 00:00:00,47.952,48.127,47.4,47.946,628963.84,2025-10-30 00:59:59.999,30010894.33401,82150,349230.42,16664796.1316400,0
2025-10-30 01:00:00,47.945,48.0,47.33,47.793,341246.66,2025-10-30 01:59:59.999,16284375.20571,59734,166748.03,7957419.2923300,0
2025-10-30 02:00:00,47.794,48.819,47.614,48.511,457446.07,2025-10-30 02:59:59.999,22144148.32439,69642,223590.58,10818861.5442200,0
2025-10-30 03:00:00,48.512,48.6,48.054,48.456,283473.78,2025-10-30 03:59:59.999,13698689.0598,48927,134814.47,6515591.5847500,0
2025-10-30 04:00:00,48.451,48.489,46.626,46.924,1635093.44,2025-10-30 04:59:59.999,77410359.89956,188775,752199.85,35612896.3253600,0
2025-10-30 05:00:00,46.92,48.447,46.728,48.184,801580.56,2025-10-30 05:59:59.999,38116751.53397,117607,419935.50,19970956.1076900,0
2025-10-30 06:00:00,48.185,48.718,47.781,48.308,564214.13,2025-10-30 06:59:59.999,27203589.1247,93389,291641.29,14059165.5168300,0
2025-10-30 07:00:00,48.31,49.763,48.303,49.578,653797.69,2025-10-30 07:59:59.999,32078462.39276,96070,365391.79,17934756.2099200,0
2025-10-30 08:00:00,49.578,50.238,48.993,49.268,1036918.19,2025-10-30 08:59:59.999,51397663.78809,130497,518194.78,25707577.9802600,0
2025-10-30 09:00:00,49.268,49.659,48.067,48.421,896422.82,2025-10-30 09:59:59.999,43628272.43187,111568,416962.14,20293392.4411200,0
2025-10-30 10:00:00,48.421,48.59,47.96,48.305,447314.28,2025-10-30 10:59:59.999,21590997.41376,71074,219152.29,10581577.0831600,0
2025-10-30 11:00:00,48.304,48.329,47.388,47.5,557067.45,2025-10-30 11:59:59.999,26618256.80982,75690,249284.33,11909644.0088200,0
2025-10-30 12:00:00,47.5,47.62,46.055,46.322,1165769.1,2025-10-30 12:59:59.999,54598206.77771,145745,509510.69,23885467.1903300,0
2025-10-30 13:00:00,46.327,46.775,44.911,46.178,2102008.72,2025-10-30 13:59:59.999,96581984.32887,222036,959036.59,44082138.6932200,0
2025-10-30 14:00:00,46.18,47.453,46.175,46.779,1285011.39,2025-10-30 14:59:59.999,60337460.54359,167995,612158.95,28743093.9149500,0
2025-10-30 15:00:00,46.778,46.897,44.609,45.379,1751156.6,2025-10-30 15:59:59.999,79868057.73306,191158,771495.91,35198343.1399700,0
2025-10-30 16:00:00,45.375,45.981,44.948,45.926,867985.95,2025-10-30 16:59:59.999,39487002.20765,112501,447730.95,20375595.1634500,0
2025-10-30 17:00:00,45.926,45.926,43.286,44.156,1919681.33,2025-10-30 17:59:59.999,85121899.58606,197085,835906.86,37076902.5410700,0
2025-10-30 18:00:00,44.158,44.583,43.558,43.697,831986.66,2025-10-30 18:59:59.999,36686859.54772,122353,374554.69,16525959.6687400,0
2025-10-30 19:00:00,43.694,44.178,42.669,43.08,1386866.08,2025-10-30 19:59:59.999,60089373.15217,177153,617319.46,26750369.3409800,0
2025-10-30 20:00:00,43.08,44.481,42.82,44.419,981861.02,2025-10-30 20:59:59.999,42997067.8219,126596,521735.63,22860777.4534900,0
2025-10-30 21:00:00,44.419,44.742,43.844,44.611,549300.74,2025-10-30 21:59:59.999,24318573.33762,73481,274522.45,12147104.2411100,0
2025-10-30 22:00:00,44.606,45.18,44.408,45.066,1040110.99,2025-10-30 22:59:59.999,46718402.78184,103976,465412.54,20897937.1722700,0
2025-10-30 23:00:00,45.066,45.643,44.837,45.389,577929.24,2025-10-30 23:59:59.999,26107440.96432,76181,284928.66,12876120.6387900,0
2025-10-31 00:00:00,45.389,46.049,45.268,45.894,480066.38,2025-10-31 00:59:59.999,21911204.52626,68684,266929.40,12182186.2349100,0
2025-10-31 01:00:00,45.888,46.25,45.699,45.916,475101.96,2025-10-31 01:59:59.999,21838615.57484,96958,232139.32,10672043.4870200,0
2025-10-31 02:00:00,45.915,45.938,44.88,45.078,695750.85,2025-10-31 02:59:59.999,31494126.40278,90120,306614.47,13878792.6353900,0
2025-10-31 03:00:00,45.075,45.288,44.291,44.929,664159.34,2025-10-31 03:59:59.999,29737123.73727,84504,330151.79,14794240.4129800,0
2025-10-31 04:00:00,44.929,45.963,44.74,45.562,609384.06,2025-10-31 04:59:59.999,27723161.37635,99744,311881.76,14184973.3909700,0
2025-10-31 05:00:00,45.561,45.561,44.7,44.81,329150.13,2025-10-31 05:59:59.999,14831493.15575,55098,155084.93,6989081.1462200,0
2025-10-31 06:00:00,44.812,44.903,44.483,44.523,266208.43,2025-10-31 06:59:59.999,11893370.39294,46832,119794.43,5354191.8278800,0
2025-10-31 07:00:00,44.523,44.632,43.83,43.999,497478.09,2025-10-31 07:59:59.999,22016012.28825,65374,227092.57,10053353.1221800,0
2025-10-31 08:00:00,43.999,44.733,43.661,44.724,602316.85,2025-10-31 08:59:59.999,26605527.68541,71505,324262.54,14328493.9301300,0
2025-10-31 09:00:00,44.724,44.973,44.048,44.168,449438.8,2025-10-31 09:59:59.999,19997013.08347,68420,239021.72,10633819.7721700,0
2025-10-31 10:00:00,44.169,44.619,44.128,44.233,315223.03,2025-10-31 10:59:59.999,13978768.13348,51088,159469.09,7073034.4535100,0
2025-10-31 11:00:00,44.233,44.382,43.371,44.309,713145.97,2025-10-31 11:59:59.999,31298097.56098,95632,329778.76,14484338.5400300,0
2025-10-31 12:00:00,44.304,44.523,42.979,43.033,825700.12,2025-10-31 12:59:59.999,36043328.47214,114214,375466.42,16412302.4695200,0
2025-10-31 13:00:00,43.034,44.334,43.034,44.132,939496.99,2025-10-31 13:59:59.999,41256763.82129,136069,468567.72,20560397.4937500,0
2025-10-31 14:00:00,44.134,44.998,43.8,44.854,666614.56,2025-10-31 14:59:59.999,29546197.1508,124374,372687.01,16521935.2591500,0
2025-10-31 15:00:00,44.855,45.135,43.969,44.017,626082.19,2025-10-31 15:59:59.999,27856718.11841,101596,305578.90,13602586.0411800,0
2025-10-31 16:00:00,44.018,44.097,42.905,43.034,710126.42,2025-10-31 16:59:59.999,30831003.97367,105515,307044.51,13343022.4129200,0
2025-10-31 17:00:00,43.035,43.462,42.356,43.177,1235215.54,2025-10-31 17:59:59.999,52962037.08354,139974,604571.38,25955911.9356300,0
2025-10-31 18:00:00,43.176,43.598,42.375,42.849,911226.85,2025-10-31 18:59:59.999,39166388.71893,119841,428817.61,18438733.9702600,0
2025-10-31 19:00:00,42.85,43.665,42.502,43.431,521261.86,2025-10-31 19:59:59.999,22530339.04669,77394,277695.77,12004849.4092900,0
2025-10-31 20:00:00,43.431,43.809,43.128,43.387,382001.39,2025-10-31 20:59:59.999,16620084.64349,62661,186143.72,8098776.5949000,0
2025-10-31 21:00:00,43.386,43.978,43.187,43.967,188701.26,2025-10-31 21:59:59.999,8235377.69976,42644,103078.63,4499620.9701800,0
2025-10-31 22:00:00,43.966,44.103,43.59,43.934,184661.45,2025-10-31 22:59:59.999,8093740.57854,40812,91359.00,4003308.9434200,0
2025-10-31 23:00:00,43.929,44.071,43.561,43.685,172204.78,2025-10-31 23:59:59.999,7546419.147,34418,88923.77,3895910.9212300,0
2025-11-01 00:00:00,43.684,44.221,43.332,44.161,245862.97,2025-11-01 00:59:59.999,10747277.60319,49094,124889.52,5459602.1346700,0
2025-11-01 01:00:00,44.16,44.417,43.003,43.124,566123.49,2025-11-01 01:59:59.999,24762863.20699,82261,260715.58,11405680.0713300,0
2025-11-01 02:00:00,43.124,43.84,42.72,43.642,344151.93,2025-11-01 02:59:59.999,14872281.04999,53137,188666.93,8152743.5716300,0
2025-11-01 03:00:00,43.643,44.264,43.643,44.205,356092.03,2025-11-01 03:59:59.999,15664915.73903,68375,184080.86,8101910.1313200,0
2025-11-01 04:00:00,44.201,44.477,43.801,44.288,267673.38,2025-11-01 04:59:59.999,11806769.47645,54502,134870.92,5952764.4821600,0
2025-11-01 05:00:00,44.288,44.523,43.829,43.929,297080.8,2025-11-01 05:59:59.999,13138489.46492,50714,113100.51,5004322.6537700,0
2025-11-01 06:00:00,43.928,43.986,43.298,43.569,296888.3,2025-11-01 06:59:59.999,12959151.62942,55568,153598.95,6704721.3625200,0
2025-11-01 07:00:00,43.568,44.008,43.416,43.804,264187.17,2025-11-01 07:59:59.999,11560318.80113,68536,145481.67,6366738.1142800,0
2025-11-01 08:00:00,43.804,43.994,43.538,43.872,184744.73,2025-11-01 08:59:59.999,8092718.23393,38956,84964.06,3721613.3429400,0
2025-11-01 09:00:00,43.872,43.904,43.08,43.157,311653.77,2025-11-01 09:59:59.999,13535625.36335,56131,140617.90,6105768.9355400,0
2025-11-01 10:00:00,43.161,43.663,43.1,43.619,252343.91,2025-11-01 10:59:59.999,10931090.3785,42708,121364.86,5258564.1189100,0
2025-11-01 11:00:00,43.616,44.08,43.486,43.702,361003.2,2025-11-01 11:59:59.999,15794825.08674,49079,191540.06,8375993.6447600,0
2025-11-01 12:00:00,43.703,43.856,43.334,43.405,212893.54,2025-11-01 12:59:59.999,9286848.23594,37979,100344.95,4376936.1654800,0
2025-11-01 13:00:00,43.406,43.78,43.173,43.623,255043.81,2025-11-01 13:59:59.999,11091065.34951,41878,127489.18,5546655.0998200,0
2025-11-01 14:00:00,43.626,43.778,42.643,42.9,556111.6,2025-11-01 14:59:59.999,23958713.69727,75488,233533.38,10061810.6892000,0
2025-11-01 15:00:00,42.9,43.409,42.785,43.361,407825.84,2025-11-01 15:59:59.999,17590508.3224,65015,245192.98,10575973.2963300,0
2025-11-01 16:00:00,43.362,43.922,43.147,43.853,314724.45,2025-11-01 16:59:59.999,13714918.48448,57262,144449.70,6296051.7935000,0
2025-11-01 17:00:00,43.852,44.328,43.605,43.793,485677.99,2025-11-01 17:59:59.999,21347385.59797,82549,245630.38,10799240.8766400,0
2025-11-01 18:00:00,43.793,44.24,43.766,44.013,261381.97,2025-11-01 18:59:59.999,11512104.88029,47049,139240.81,6133211.4332500,0
2025-11-01 19:00:00,44.014,44.066,43.413,43.518,231219.75,2025-11-01 19:59:59.999,10104360.95591,41888,109638.71,4790990.1491800,0
2025-11-01 20:00:00,43.517,43.734,43.368,43.54,164376.24,2025-11-01 20:59:59.999,7161550.42287,38939,84449.10,3679331.5995900,0
2025-11-01 21:00:00,43.541,43.584,42.844,42.88,237600.77,2025-11-01 21:59:59.999,10245189.71842,40340,112988.98,4871300.6060500,0
2025-11-01 22:00:00,42.878,43.275,42.85,43.263,139747.24,2025-11-01 22:59:59.999,6019789.53736,34626,83081.00,3578530.5883100,0
2025-11-01 23:00:00,43.264,43.459,43.159,43.262,131252.93,2025-11-01 23:59:59.999,5682948.47429,28801,66685.91,2887547.3948200,0
2025-11-02 00:00:00,43.263,43.271,42.363,42.576,492053.78,2025-11-02 00:59:59.999,20989685.55431,70342,223282.32,9523394.2236100,0
2025-11-02 01:00:00,42.575,42.807,42.243,42.69,232203.77,2025-11-02 01:59:59.999,9878590.49962,41986,119932.32,5103631.8335100,0
2025-11-02 02:00:00,42.689,43.153,42.508,42.603,246243.51,2025-11-02 02:59:59.999,10548716.28366,41643,116858.54,5005951.7759800,0
2025-11-02 03:00:00,42.599,43.032,42.38,43.026,242179.7,2025-11-02 03:59:59.999,10350541.68698,40800,129712.09,5544619.9702900,0
2025-11-02 04:00:00,43.027,43.391,42.928,43.355,219226.34,2025-11-02 04:59:59.999,9450718.5123,42020,106938.29,4611567.4805300,0
2025-11-02 05:00:00,43.356,43.384,43.005,43.133,194868.57,2025-11-02 05:59:59.999,8414437.2973,37122,86092.43,3716957.9855600,0
2025-11-02 06:00:00,43.133,43.339,43.005,43.14,125303.46,2025-11-02 06:59:59.999,5405657.10456,29560,60225.37,2598302.8324300,0
2025-11-02 07:00:00,43.141,43.436,42.615,43.245,326025.28,2025-11-02 07:59:59.999,14009346.71231,52227,158472.78,6810891.9085400,0
2025-11-02 08:00:00,43.246,43.344,42.781,43.044,207702.76,2025-11-02 08:59:59.999,8930099.20158,43225,104608.38,4497085.8639000,0
2025-11-02 09:00:00,43.043,43.465,42.713,42.763,342393.14,2025-11-02 09:59:59.999,14748659.57524,56114,160600.40,6918778.0470400,0
2025-11-02 10:00:00,42.764,42.856,41.357,42.032,1368894.04,2025-11-02 10:59:59.999,57407188.31869,130921,626048.57,26244619.9638400,0
2025-11-02 11:00:00,42.033,42.938,41.75,42.89,856536.28,2025-11-02 11:59:59.999,36282942.68742,102138,416015.19,17637344.5714600,0
2025-11-02 12:00:00,42.891,43.042,41.8,42.144,640271.06,2025-11-02 12:59:59.999,27194739.08221,80040,231278.44,9834068.6294000,0
2025-11-02 13:00:00,42.144,42.4,41.853,42.335,354037.55,2025-11-02 13:59:59.999,14917614.90414,64405,192008.86,8092047.0817900,0
2025-11-02 14:00:00,42.335,42.574,41.8,41.93,557603.89,2025-11-02 14:59:59.999,23449973.18996,89027,274467.91,11546472.7669600,0
2025-11-02 15:00:00,41.93,42.196,41.474,41.497,774339.54,2025-11-02 15:59:59.999,32384069.28677,95831,396284.30,16581956.5721700,0
2025-11-02 16:00:00,41.498,41.902,41.092,41.72,831699.38,2025-11-02 16:59:59.999,34503799.75516,109506,374344.90,15536978.0502100,0
2025-11-02 17:00:00,41.72,41.998,41.383,41.64,402466.9,2025-11-02 17:59:59.999,16775672.39839,61527,213203.38,8887211.8692300,0
2025-11-02 18:00:00,41.638,42.056,41.517,41.836,221983.42,2025-11-02 18:59:59.999,9278387.75466,43076,122227.82,5110921.1056200,0
2025-11-02 19:00:00,41.833,41.896,41.24,41.658,297245.33,2025-11-02 19:59:59.999,12342694.59376,48024,143486.89,5956869.0833800,0
2025-11-02 20:00:00,41.658,41.705,41.293,41.648,296097.84,2025-11-02 20:59:59.999,12269869.18035,37028,187062.04,7745950.8113500,0
2025-11-02 21:00:00,41.648,42.0,41.603,41.87,154487.11,2025-11-02 21:59:59.999,6461388.87804,34015,77950.85,3260820.4338300,0
2025-11-02 22:00:00,41.87,41.888,41.524,41.826,112836.6,2025-11-02 22:59:59.999,4705704.53242,26740,50688.52,2114156.2922000,0
2025-11-02 23:00:00,41.826,42.652,41.825,42.443,362961.34,2025-11-02 23:59:59.999,15357404.074,66772,191491.88,8102163.8118600,0
2025-11-03 00:00:00,42.443,42.73,41.856,41.881,356875.56,2025-11-03 00:59:59.999,15115135.94239,60403,150644.34,6381611.6612100,0
2025-11-03 01:00:00,41.884,42.485,41.738,42.338,399651.5,2025-11-03 01:59:59.999,16836858.88017,71881,220564.41,9291611.6004200,0
2025-11-03 02:00:00,42.337,42.43,41.12,41.546,597116.4,2025-11-03 02:59:59.999,24845048.56707,93689,281825.05,11725842.6130800,0
2025-11-03 03:00:00,41.546,41.76,40.519,40.544,960212.43,2025-11-03 03:59:59.999,39372711.72554,110866,412032.45,16896146.8618300,0
2025-11-03 04:00:00,40.54,41.014,40.128,40.984,983328.92,2025-11-03 04:59:59.999,39821375.79728,105425,462506.97,18749249.2466400,0
2025-11-03 05:00:00,40.983,41.379,40.863,41.163,457078.02,2025-11-03 05:59:59.999,18786851.98042,70416,224221.60,9218359.2243800,0
2025-11-03 06:00:00,41.164,41.53,40.605,41.093,611166.25,2025-11-03 06:59:59.999,25085836.70122,86400,303741.85,12470683.9699500,0
2025-11-03 07:00:00,41.095,41.837,40.829,41.346,597908.12,2025-11-03 07:59:59.999,24757804.65968,85939,278172.18,11513703.6320800,0
2025-11-03 08:00:00,41.346,41.54,40.641,40.712,461326.88,2025-11-03 08:59:59.999,18898197.59952,72562,215195.27,8815915.5961000,0
2025-11-03 09:00:00,40.712,41.195,40.243,40.35,562126.52,2025-11-03 09:59:59.999,22888284.77349,82436,275523.99,11226934.9784900,0
2025-11-03 10:00:00,40.35,40.773,40.202,40.363,630038.35,2025-11-03 10:59:59.999,25515951.16074,81082,312950.02,12678479.0951600,0
2025-11-03 11:00:00,40.364,41.524,40.356,41.401,610311.18,2025-11-03 11:59:59.999,25103015.99039,94020,319784.46,13156297.0457500,0
2025-11-03 12:00:00,41.4,41.941,41.153,41.229,448202.89,2025-11-03 12:59:59.999,18629071.11387,79876,218689.38,9096635.2689700,0
2025-11-03 13:00:00,41.229,41.56,41.059,41.282,312745.17,2025-11-03 13:59:59.999,12914621.90399,58450,154945.76,6400683.8922100,0
2025-11-03 14:00:00,41.284,41.82,40.976,41.796,491337.47,2025-11-03 14:59:59.999,20300506.49658,82046,258095.02,10669363.3815600,0
2025-11-03 15:00:00,41.793,41.847,38.253,39.101,3661214.99,2025-11-03 15:59:59.999,144783083.33683,329564,1629442.74,64458664.3862400,0
2025-11-03 16:00:00,39.102,40.329,38.554,40.106,1766856.06,2025-11-03 16:59:59.999,70061648.86025,211694,913353.18,36228040.5310300,0
2025-11-03 17:00:00,40.105,41.157,39.885,41.066,846057.91,2025-11-03 17:59:59.999,34350790.55937,120112,455348.10,18486493.4044500,0
2025-11-03 18:00:00,41.066,41.292,40.223,40.283,465689.15,2025-11-03 18:59:59.999,18951766.6075,79914,201594.58,8208260.5124000,0
2025-11-03 19:00:00,40.282,40.542,39.793,39.858,413675.62,2025-11-03 19:59:59.999,16610907.01293,76478,202669.31,8142556.9900700,0
2025-11-03 20:00:00,39.86,39.942,39.038,39.281,549561.49,2025-11-03 20:59:59.999,21744112.48107,101743,269472.76,10664627.6062800,0
2025-11-03 21:00:00,39.281,40.366,39.251,40.313,693963.35,2025-11-03 21:59:59.999,27601802.62346,126537,358365.04,14252026.0157600,0
2025-11-03 22:00:00,40.313,40.356,39.448,39.726,355228.63,2025-11-03 22:59:59.999,14159233.82456,55854,190567.47,7594377.2824700,0
2025-11-03 23:00:00,39.726,40.28,39.388,40.187,301126.05,2025-11-03 23:59:59.999,12017991.97489,54205,153238.46,6117804.1620000,0
2025-11-04 00:00:00,40.186,40.274,39.209,39.79,541157.66,2025-11-04 00:59:59.999,21514618.06271,94520,267446.44,10625034.2145600,0
2025-11-04 01:00:00,39.792,40.181,39.478,39.91,387408.49,2025-11-04 01:59:59.999,15439058.25519,76957,191557.31,7634649.4465100,0
2025-11-04 02:00:00,39.909,40.46,39.769,40.008,362026.91,2025-11-04 02:59:59.999,14532161.24987,63905,179614.46,7211826.0378600,0
2025-11-04 03:00:00,40.008,40.829,39.741,40.573,394096.82,2025-11-04 03:59:59.999,15908178.85136,76938,202246.29,8162941.2987000,0
2025-11-04 04:00:00,40.574,40.788,40.044,40.064,244527.21,2025-11-04 04:59:59.999,9879051.66147,53666,115580.41,4668447.8281800,0
2025-11-04 05:00:00,40.064,40.162,37.334,37.352,1684106.98,2025-11-04 05:59:59.999,64674568.399,191191,748182.92,28744035.5277100,0
2025-11-04 06:00:00,37.353,38.579,36.711,37.768,2310056.46,2025-11-04 06:59:59.999,86643069.93848,258904,1141740.47,42842357.1048900,0
2025-11-04 07:00:00,37.768,38.145,37.35,37.967,784624.3,2025-11-04 07:59:59.999,29594556.73817,148799,374481.86,14127676.1408500,0
2025-11-04 08:00:00,37.966,37.972,36.949,37.189,1269256.65,2025-11-04 08:59:59.999,47366083.32323,174411,624170.82,23296304.6649300,0
2025-11-04 09:00:00,37.189,37.864,37.071,37.47,580039.12,2025-11-04 09:59:59.999,21755913.42996,125148,297330.01,11152210.3721200,0
2025-11-04 10:00:00,37.468,38.029,37.347,37.825,479567.77,2025-11-04 10:59:59.999,18085414.3263,102878,250819.28,9460491.0692800,0
2025-11-04 11:00:00,37.826,38.383,37.636,38.191,553171.73,2025-11-04 11:59:59.999,21058786.42479,94875,281478.10,10718020.9383900,0
2025-11-04 12:00:00,38.19,38.233,37.416,37.872,552970.81,2025-11-04 12:59:59.999,20877495.62886,89260,276756.32,10449038.4270800,0
2025-11-04 13:00:00,37.872,38.01,37.048,37.598,624344.09,2025-11-04 13:59:59.999,23395773.52921,103957,296396.60,11108292.8038200,0
2025-11-04 14:00:00,37.599,39.218,37.33,38.791,1095666.28,2025-11-04 14:59:59.999,41900076.32727,178067,528536.71,20219857.1543700,0
2025-11-04 15:00:00,38.788,40.296,38.778,39.129,1550174.21,2025-11-04 15:59:59.999,61340234.11446,203974,751568.62,29747611.0847000,0
2025-11-04 16:00:00,39.127,39.507,37.978,38.218,1088940.5,2025-11-04 16:59:59.999,42119380.10098,170495,535021.14,20710050.6499600,0
2025-11-04 17:00:00,38.218,38.792,37.006,37.844,1806465.46,2025-11-04 17:59:59.999,68576639.16797,237454,812586.20,30859230.9967500,0
2025-11-04 18:00:00,37.845,38.345,36.437,38.121,2233657.19,2025-11-04 18:59:59.999,83080123.99269,273069,1131999.89,42104337.6061100,0
2025-11-04 19:00:00,38.121,38.396,37.103,37.266,1266803.36,2025-11-04 19:59:59.999,47970636.56308,200627,607604.17,23018900.6142800,0
2025-11-04 20:00:00,37.259,37.563,35.408,37.124,2875923.01,2025-11-04 20:59:59.999,104782160.62589,321040,1310695.11,47801511.3794200,0
2025-11-04 21:00:00,37.125,37.645,35.567,37.622,1846679.87,2025-11-04 21:59:59.999,67664441.69658,250035,882997.54,32375597.3313500,0
2025-11-04 22:00:00,37.623,39.339,37.2,38.642,1572336.56,2025-11-04 22:59:59.999,60393184.86096,176185,827728.81,31806430.4303900,0
2025-11-04 23:00:00,38.642,39.3,38.422,39.012,769201.3,2025-11-04 23:59:59.999,29878960.53114,122871,407788.48,15837728.3547100,0
2025-11-05 00:00:00,39.014,39.28,38.431,38.876,581762.26,2025-11-05 00:59:59.999,22609847.9931,102075,259136.17,10073541.0491700,0
2025-11-05 01:00:00,38.878,38.964,37.5,38.677,1280269.39,2025-11-05 01:59:59.999,48864217.25113,202553,613940.31,23454128.6853600,0
2025-11-05 02:00:00,38.678,39.896,38.657,39.879,1044256.86,2025-11-05 02:59:59.999,41185723.48071,188917,528597.69,20855004.0956100,0
2025-11-05 03:00:00,39.878,40.456,39.64,40.147,797966.6,2025-11-05 03:59:59.999,31962553.01983,146279,398722.39,15974294.2792600,0
2025-11-05 04:00:00,40.147,40.762,39.95,40.179,656629.75,2025-11-05 04:59:59.999,26451629.50707,100562,321187.87,12947122.9863700,0
2025-11-05 05:00:00,40.171,40.438,39.736,40.208,530999.94,2025-11-05 05:59:59.999,21276070.47052,76854,270680.58,10848236.2129600,0
2025-11-05 06:00:00,40.205,41.034,40.002,40.955,469252.39,2025-11-05 06:59:59.999,18973987.54148,78496,228420.23,9244793.7835300,0
2025-11-05 07:00:00,40.955,40.96,40.136,40.669,377228.77,2025-11-05 07:59:59.999,15282014.12529,63918,179026.46,7254643.8976100,0
2025-11-05 08:00:00,40.669,40.686,39.398,40.01,674525.68,2025-11-05 08:59:59.999,26932237.38958,102922,300609.51,12003778.0854900,0
2025-11-05 09:00:00,40.009,40.677,39.7,40.48,470444.08,2025-11-05 09:59:59.999,18941137.14705,86750,236813.93,9541765.0296800,0
2025-11-05 10:00:00,40.479,40.527,39.88,40.034,295772.61,2025-11-05 10:59:59.999,11895927.51776,67478,137672.74,5537099.7037300,0
2025-11-05 11:00:00,40.034,41.585,40.016,41.547,912367.58,2025-11-05 11:59:59.999,37392099.49489,118996,554419.86,22737021.3251100,0
2025-11-05 12:00:00,41.556,41.596,41.006,41.323,603458.18,2025-11-05 12:59:59.999,24927986.71816,92955,302574.40,12502106.6380600,0
2025-11-05 13:00:00,41.322,41.811,40.9,41.258,668181.0,2025-11-05 13:59:59.999,27603042.6187,99434,296095.57,12239805.0871000,0
2025-11-05 14:00:00,41.258,41.452,40.709,41.269,723893.52,2025-11-05 14:59:59.999,29754509.42026,102498,346571.66,14248703.0519000,0
2025-11-05 15:00:00,41.27,42.24,41.041,42.094,750635.5,2025-11-05 15:59:59.999,31420287.44816,101548,359687.21,15057749.8135800,0
2025-11-05 16:00:00,42.093,42.169,41.292,41.957,673865.2,2025-11-05 16:59:59.999,28130214.2559,88089,297288.29,12401665.5259200,0
2025-11-05 17:00:00,41.958,41.98,41.373,41.557,357294.79,2025-11-05 17:59:59.999,14883854.37982,55816,162872.56,6785612.4921200,0
2025-11-05 18:00:00,41.558,41.981,41.386,41.671,316522.85,2025-11-05 18:59:59.999,13197328.06807,59026,154889.71,6458894.3403500,0
2025-11-05 19:00:00,41.669,41.842,41.328,41.497,289180.22,2025-11-05 19:59:59.999,12023067.09285,48499,139260.16,5792823.2737400,0
2025-11-05 20:00:00,41.495,41.649,40.912,40.97,356788.87,2025-11-05 20:59:59.999,14692882.67807,63387,146331.76,6027615.9491800,0
2025-11-05 21:00:00,40.973,41.264,40.7,41.138,313823.95,2025-11-05 21:59:59.999,12864109.91826,52348,134256.93,5510524.1935800,0
2025-11-05 22:00:00,41.14,41.424,41.023,41.384,135180.94,2025-11-05 22:59:59.999,5568329.34084,28335,67711.38,2789666.3610200,0
2025-11-05 23:00:00,41.384,41.558,41.122,41.357,220663.07,2025-11-05 23:59:59.999,9131174.30367,39391,108365.54,4485193.1180200,0
2025-11-06 00:00:00,41.357,41.357,40.717,41.176,368299.47,2025-11-06 00:59:59.999,15114840.09607,52369,165700.43,6802941.0489000,0
2025-11-06 01:00:00,41.175,41.18,40.41,40.863,399932.08,2025-11-06 01:59:59.999,16269928.64323,63884,176534.93,7181463.0309600,0
2025-11-06 02:00:00,40.862,41.074,40.467,40.724,310727.19,2025-11-06 02:59:59.999,12663378.68843,53013,144345.40,5885633.2561400,0
2025-11-06 03:00:00,40.722,41.263,40.693,40.988,227400.97,2025-11-06 03:59:59.999,9322461.72055,45631,108132.14,4433048.5623100,0
2025-11-06 04:00:00,40.989,41.212,40.916,41.128,116795.56,2025-11-06 04:59:59.999,4798123.40365,32670,64632.90,2655350.0802800,0
2025-11-06 05:00:00,41.127,41.164,39.848,40.061,389964.25,2025-11-06 05:59:59.999,15736144.22546,59565,164245.15,6627235.2191900,0
2025-11-06 06:00:00,40.06,40.301,39.772,39.89,275543.35,2025-11-06 06:59:59.999,11029656.45677,49793,119784.99,4796346.4037200,0
2025-11-06 07:00:00,39.891,40.151,39.496,39.639,426243.27,2025-11-06 07:59:59.999,16955225.68917,74354,175464.31,6983699.8063900,0
2025-11-06 08:00:00,39.638,39.84,39.357,39.624,300379.64,2025-11-06 08:59:59.999,11892783.56402,52721,138201.42,5473306.1083800,0
2025-11-06 09:00:00,39.623,40.144,39.493,39.705,486976.44,2025-11-06 09:59:59.999,19404991.11483,69951,243127.33,9690586.5563800,0
2025-11-06 10:00:00,39.705,40.058,39.362,40.017,330278.25,2025-11-06 10:59:59.999,13128435.12516,56039,182154.77,7241333.6340500,0
2025-11-06 11:00:00,40.016,40.411,39.688,40.391,373973.59,2025-11-06 11:59:59.999,15009034.36076,68641,186026.68,7466213.3859400,0
2025-11-06 12:00:00,40.391,40.441,39.494,39.497,529706.27,2025-11-06 12:59:59.999,21118632.27422,78635,222427.76,8870178.5918600,0
2025-11-06 13:00:00,39.497,40.526,39.491,40.353,430397.56,2025-11-06 13:59:59.999,17305611.08712,73834,262187.91,10544252.5392900,0
2025-11-06 14:00:00,40.353,40.543,39.368,39.417,650655.3,2025-11-06 14:59:59.999,25978550.17967,105289,284876.77,11365329.8444900,0
2025-11-06 15:00:00,39.417,39.825,38.555,38.944,1232192.76,2025-11-06 15:59:59.999,48223745.73334,174812,562223.07,22012652.2541300,0
2025-11-06 16:00:00,38.945,39.235,37.588,38.252,1567918.42,2025-11-06 16:59:59.999,59863488.61717,200126,737611.52,28161865.2499100,0
2025-11-06 17:00:00,38.253,38.968,38.001,38.886,758495.34,2025-11-06 17:59:59.999,29170101.96037,123125,413935.97,15922879.3642500,0
2025-11-06 18:00:00,38.884,39.114,38.062,38.855,666969.35,2025-11-06 18:59:59.999,25750060.33472,99428,353705.29,13648557.2606000,0
2025-11-06 19:00:00,38.852,39.04,38.43,38.746,456170.23,2025-11-06 19:59:59.999,17685127.2385,75561,226331.22,8776899.7134900,0
2025-11-06 20:00:00,38.746,38.967,38.156,38.661,397419.42,2025-11-06 20:59:59.999,15297942.1448,79017,208157.09,8012107.8830800,0
2025-11-06 21:00:00,38.66,38.981,38.218,38.761,418297.38,2025-11-06 21:59:59.999,16147313.5515,73126,214023.25,8257404.3125700,0
2025-11-06 22:00:00,38.761,38.946,38.374,38.765,292064.72,2025-11-06 22:59:59.999,11292481.51488,48233,140345.46,5428337.3794600,0
2025-11-06 23:00:00,38.765,38.765,38.28,38.498,291930.41,2025-11-06 23:59:59.999,11242040.85981,60166,141421.20,5446735.7052400,0
2025-11-07 00:00:00,38.499,39.426,38.295,39.385,495626.25,2025-11-07 00:59:59.999,19270181.06526,94232,252715.21,9826651.9585500,0
2025-11-07 01:00:00,39.384,39.486,38.253,38.872,712865.33,2025-11-07 01:59:59.999,27664592.9199,106591,274866.61,10686974.0364300,0
2025-11-07 02:00:00,38.871,38.981,38.265,38.944,292049.31,2025-11-07 02:59:59.999,11287060.08839,70699,139943.73,5409532.3920300,0
2025-11-07 03:00:00,38.944,39.303,38.579,38.584,328631.81,2025-11-07 03:59:59.999,12827816.73276,66233,145740.06,5689856.3534000,0
2025-11-07 04:00:00,38.584,38.715,38.155,38.677,497075.33,2025-11-07 04:59:59.999,19115630.18048,78698,241933.37,9302735.9129900,0
2025-11-07 05:00:00,38.677,39.69,38.624,39.657,466791.63,2025-11-07 05:59:59.999,18323604.64286,91498,245165.37,9626007.2883500,0
2025-11-07 06:00:00,39.656,39.78,39.321,39.512,363178.48,2025-11-07 06:59:59.999,14360992.21584,72898,186742.70,7385085.0228700,0
2025-11-07 07:00:00,39.513,40.388,39.407,40.366,397607.31,2025-11-07 07:59:59.999,15851891.33001,59128,204662.09,8162963.4618700,0
2025-11-07 08:00:00,40.363,40.767,39.81,40.007,713545.08,2025-11-07 08:59:59.999,28756446.22071,93465,341527.54,13766569.7664800,0
2025-11-07 09:00:00,40.007,40.113,39.349,39.865,565883.41,2025-11-07 09:59:59.999,22486289.50874,97535,272984.64,10850765.5170800,0
2025-11-07 10:00:00,39.865,39.999,39.201,39.246,355826.66,2025-11-07 10:59:59.999,14074016.70107,62167,161878.04,6404056.5006500,0
2025-11-07 11:00:00,39.245,39.245,38.301,38.856,933890.17,2025-11-07 11:59:59.999,36148582.85234,128988,423694.18,16398110.5357500,0
2025-11-07 12:00:00,38.854,39.098,38.0,38.563,712300.67,2025-11-07 12:59:59.999,27356115.94087,117427,314669.27,12088684.9001600,0
2025-11-07 13:00:00,38.561,39.574,38.449,39.4,573058.15,2025-11-07 13:59:59.999,22395129.22288,109055,267350.82,10445900.2220600,0
2025-11-07 14:00:00,39.4,40.489,38.749,40.392,1007466.02,2025-11-07 14:59:59.999,39849776.38865,134740,517441.33,20471899.9064700,0
2025-11-07 15:00:00,40.396,40.841,39.905,40.512,942528.05,2025-11-07 15:59:59.999,38135306.15156,132074,485776.98,19665486.9996900,0
2025-11-07 16:00:00,40.512,41.476,40.191,41.312,924768.46,2025-11-07 16:59:59.999,37729881.30506,115003,476321.95,19446882.5291500,0
2025-11-07 17:00:00,41.312,42.284,41.134,41.928,871492.1,2025-11-07 17:59:59.999,36429153.95674,121801,486224.47,20330370.1964400,0
2025-11-07 18:00:00,41.928,42.412,41.858,42.182,506082.14,2025-11-07 18:59:59.999,21311577.3776,90625,238452.71,10043402.8592600,0
2025-11-07 19:00:00,42.182,42.999,42.103,42.848,502028.79,2025-11-07 19:59:59.999,21376332.5951,83408,283721.81,12084072.9318900,0
2025-11-07 20:00:00,42.848,43.388,42.6,43.037,733381.23,2025-11-07 20:59:59.999,31529409.92153,95187,374755.61,16115185.4602300,0
2025-11-07 21:00:00,43.036,43.106,42.458,42.813,386319.8,2025-11-07 21:59:59.999,16519833.40593,56693,182392.29,7800049.6823400,0
2025-11-07 22:00:00,42.813,42.961,42.563,42.76,195222.01,2025-11-07 22:59:59.999,8347056.89519,34481,96786.62,4139316.0351000,0
2025-11-07 23:00:00,42.761,42.882,42.238,42.243,301823.96,2025-11-07 23:59:59.999,12835965.62098,54374,121370.81,5161987.9520600,0
2025-11-08 00:00:00,42.243,42.579,41.737,41.763,287835.59,2025-11-08 00:59:59.999,12138408.48837,52621,115580.85,4875384.2668700,0
2025-11-08 01:00:00,41.763,42.736,41.738,42.494,283935.7,2025-11-08 01:59:59.999,12029230.00772,59066,157929.79,6691430.7839300,0
2025-11-08 02:00:00,42.495,43.327,42.383,42.622,431784.23,2025-11-08 02:59:59.999,18510925.70392,72598,238901.70,10250135.6628000,0
2025-11-08 03:00:00,42.621,42.913,42.212,42.224,247692.35,2025-11-08 03:59:59.999,10549618.33333,53422,112033.01,4773170.8266300,0
2025-11-08 04:00:00,42.225,42.6,42.211,42.211,161974.0,2025-11-08 04:59:59.999,6873331.73774,40377,91238.92,3871922.5696900,0
2025-11-08 05:00:00,42.21,42.384,41.166,41.341,628781.67,2025-11-08 05:59:59.999,26236128.00538,73892,229029.33,9552714.7248000,0
2025-11-08 06:00:00,41.342,41.396,40.868,41.053,476775.38,2025-11-08 06:59:59.999,19602892.89642,63145,203468.72,8370822.7090100,0
2025-11-08 07:00:00,41.053,41.053,40.397,40.865,554801.72,2025-11-08 07:59:59.999,22575751.14035,75196,278596.60,11337583.5774800,0
2025-11-08 08:00:00,40.867,41.209,40.681,41.046,282813.91,2025-11-08 08:59:59.999,11587800.69116,48146,140840.96,5770279.3284100,0
2025-11-08 09:00:00,41.047,41.162,40.582,40.812,361149.99,2025-11-08 09:59:59.999,14758715.66597,55951,173247.11,7081321.8803000,0
2025-11-08 10:00:00,40.811,41.486,40.741,41.418,172989.75,2025-11-08 10:59:59.999,7104520.12533,38385,95604.54,3927134.2042000,0
2025-11-08 11:00:00,41.417,41.766,40.8,40.834,422316.16,2025-11-08 11:59:59.999,17448545.26553,61203,205084.23,8478591.6522600,0
2025-11-08 12:00:00,40.835,41.486,40.819,41.461,246210.37,2025-11-08 12:59:59.999,10120429.34319,45279,143951.81,5919294.1601400,0
2025-11-08 13:00:00,41.46,41.473,40.45,40.541,413945.39,2025-11-08 13:59:59.999,16942466.4028,60419,135777.79,5558174.5949900,0
2025-11-08 14:00:00,40.542,40.752,40.058,40.609,520370.6,2025-11-08 14:59:59.999,21030830.99107,68011,253519.47,10247964.4705200,0
2025-11-08 15:00:00,40.607,40.619,39.828,40.242,426328.43,2025-11-08 15:59:59.999,17116179.72873,57233,194355.87,7805020.8705200,0
2025-11-08 16:00:00,40.242,40.304,39.699,40.206,435173.74,2025-11-08 16:59:59.999,17402420.80571,71620,222488.24,8898318.3240000,0
2025-11-08 17:00:00,40.206,40.631,40.096,40.377,229693.4,2025-11-08 17:59:59.999,9274958.59289,39782,122694.86,4954870.4150700,0
2025-11-08 18:00:00,40.376,40.944,40.322,40.824,280132.4,2025-11-08 18:59:59.999,11401960.83481,35544,136473.19,5552019.7970700,0
2025-11-08 19:00:00,40.823,40.9,39.882,40.015,418123.58,2025-11-08 19:59:59.999,16812023.76959,54266,205406.88,8254679.5894800,0
2025-11-08 20:00:00,40.013,40.112,39.715,39.89,243767.14,2025-11-08 20:59:59.999,9720381.59139,41205,121777.26,4857769.7374000,0
2025-11-08 21:00:00,39.899,40.26,39.672,40.245,174555.58,2025-11-08 21:59:59.999,6973187.47083,37329,91896.13,3672338.6560500,0
2025-11-08 22:00:00,40.246,40.523,40.148,40.376,171071.04,2025-11-08 22:59:59.999,6900956.16876,28173,82018.78,3308813.4476400,0
2025-11-08 23:00:00,40.374,40.479,40.058,40.145,173664.41,2025-11-08 23:59:59.999,6987584.26346,27092,66361.52,2670676.8975300,0
2025-11-09 00:00:00,40.146,40.272,39.798,40.024,242434.19,2025-11-09 00:59:59.999,9712017.71249,41659,108906.22,4364362.2006600,0
2025-11-09 01:00:00,40.024,40.409,39.982,40.279,139593.91,2025-11-09 01:59:59.999,5608453.43677,30634,76441.80,3072161.4746400,0
2025-11-09 02:00:00,40.28,40.506,39.5,39.613,326223.24,2025-11-09 02:59:59.999,13025690.49083,55909,145795.11,5824339.3769500,0
2025-11-09 03:00:00,39.614,40.115,39.534,40.109,223240.95,2025-11-09 03:59:59.999,8878261.65049,45934,115640.88,4600695.4252800,0
2025-11-09 04:00:00,40.111,40.183,39.793,39.95,186119.11,2025-11-09 04:59:59.999,7444244.54478,36813,84278.78,3370045.5424100,0
2025-11-09 05:00:00,39.951,40.257,39.9,40.186,92346.1,2025-11-09 05:59:59.999,3701915.02015,26071,44594.12,1787915.2682400,0
2025-11-09 06:00:00,40.185,40.295,39.929,39.979,153939.31,2025-11-09 06:59:59.999,6178619.89869,31045,72461.73,2909476.6756100,0
2025-11-09 07:00:00,39.979,40.355,39.88,40.176,152782.65,2025-11-09 07:59:59.999,6136783.75042,29898,76310.59,3065149.4517800,0
2025-11-09 08:00:00,40.175,40.466,39.932,40.108,209907.95,2025-11-09 08:59:59.999,8445312.74405,43805,103034.41,4145981.8214100,0
2025-11-09 09:00:00,40.108,40.305,39.756,39.76,219629.46,2025-11-09 09:59:59.999,8789813.52958,41197,101212.51,4052860.5434700,0
2025-11-09 10:00:00,39.76,39.902,39.203,39.698,451532.7,2025-11-09 10:59:59.999,17860408.43484,69744,206513.33,8171072.1436100,0
2025-11-09 11:00:00,39.698,39.936,39.617,39.732,212039.76,2025-11-09 11:59:59.999,8438159.35716,42736,107289.17,4269349.2052400,0
2025-11-09 12:00:00,39.733,40.124,39.623,39.88,221802.31,2025-11-09 12:59:59.999,8845472.29758,51336,119219.53,4755123.2227500,0
2025-11-09 13:00:00,39.88,40.412,39.84,40.228,289751.53,2025-11-09 13:59:59.999,11638774.09705,51634,151959.54,6104313.7720900,0
2025-11-09 14:00:00,40.226,41.197,40.07,40.36,710121.71,2025-11-09 14:59:59.999,28893443.23558,92622,336684.38,13699426.6628900,0
2025-11-09 15:00:00,40.361,41.333,40.357,40.946,440965.69,2025-11-09 15:59:59.999,18070194.19938,65585,217434.92,8906466.8599000,0
2025-11-09 16:00:00,40.946,41.483,40.592,41.404,255880.78,2025-11-09 16:59:59.999,10478790.03222,49276,134679.90,5514905.1634200,0
2025-11-09 17:00:00,41.403,41.433,40.883,41.188,215637.03,2025-11-09 17:59:59.999,8872744.28946,46561,97003.39,3991924.3612500,0
2025-11-09 18:00:00,41.188,42.171,41.072,42.121,280138.42,2025-11-09 18:59:59.999,11656886.08409,53628,149108.48,6207240.0160600,0
2025-11-09 19:00:00,42.121,42.582,41.74,42.564,451888.37,2025-11-09 19:59:59.999,19033585.39037,74246,219855.96,9261718.3755500,0
2025-11-09 20:00:00,42.569,42.834,41.897,42.032,370133.42,2025-11-09 20:59:59.999,15651903.83231,69204,171376.23,7249590.5239600,0
2025-11-09 21:00:00,42.032,42.159,41.791,41.967,148785.37,2025-11-09 21:59:59.999,6242627.60214,34683,74030.69,3106446.8119700,0
2025-11-09 22:00:00,41.967,42.356,41.804,42.331,144653.61,2025-11-09 22:59:59.999,6083690.46937,30248,72162.76,3035392.1864200,0
2025-11-09 23:00:00,42.331,42.534,41.628,41.813,347644.94,2025-11-09 23:59:59.999,14587018.9317,57085,155009.34,6505478.8285900,0
2025-11-10 00:00:00,41.813,42.787,41.472,42.307,497990.19,2025-11-10 00:59:59.999,20986728.52342,88585,246667.86,10394920.2636300,0
2025-11-10 01:00:00,42.307,42.521,41.656,42.143,483838.28,2025-11-10 01:59:59.999,20362035.80358,84916,255851.31,10765571.0715700,0
2025-11-10 02:00:00,42.143,42.766,42.028,42.678,286224.75,2025-11-10 02:59:59.999,12123406.72591,64777,174940.13,7415067.3288000,0
2025-11-10 03:00:00,42.678,43.036,42.489,42.763,410868.88,2025-11-10 03:59:59.999,17561342.61185,68297,207680.03,8883342.9693900,0
2025-11-10 04:00:00,42.762,43.028,42.57,42.956,224322.04,2025-11-10 04:59:59.999,9602843.7188,61064,121441.92,5200584.4336100,0
2025-11-10 05:00:00,42.955,43.072,42.636,42.982,288511.56,2025-11-10 05:59:59.999,12389890.08069,56621,130371.84,5599307.3477500,0
2025-11-10 06:00:00,42.982,43.053,42.553,42.744,292997.87,2025-11-10 06:59:59.999,12534297.14909,43715,118752.06,5080140.0201800,0
2025-11-10 07:00:00,42.745,43.264,42.668,43.03,199137.85,2025-11-10 07:59:59.999,8559378.03313,35743,117690.81,5062623.3683200,0
2025-11-10 08:00:00,43.032,43.146,42.275,42.478,306947.69,2025-11-10 08:59:59.999,13070376.2036,49696,132451.67,5642507.2184300,0
2025-11-10 09:00:00,42.478,43.137,42.472,42.941,293344.84,2025-11-10 09:59:59.999,12560523.955,49970,174486.25,7473454.7885900,0
2025-11-10 10:00:00,42.942,42.977,42.057,42.188,326532.19,2025-11-10 10:59:59.999,13845210.33095,56186,118304.52,5015899.5171200,0
2025-11-10 11:00:00,42.188,42.471,41.92,42.117,283006.93,2025-11-10 11:59:59.999,11930597.29549,44160,124132.58,5235306.4630800,0
2025-11-10 12:00:00,42.116,42.146,41.49,41.884,369897.2,2025-11-10 12:59:59.999,15469286.66648,55057,173786.12,7270296.4420200,0
2025-11-10 13:00:00,41.884,42.408,41.838,42.186,289738.78,2025-11-10 13:59:59.999,12226606.72506,51212,174662.17,7372204.7973900,0
2025-11-10 14:00:00,42.187,42.194,41.079,41.524,500344.07,2025-11-10 14:59:59.999,20751982.44697,78101,213911.38,8876151.5972300,0
2025-11-10 15:00:00,41.522,41.833,41.001,41.214,490818.63,2025-11-10 15:59:59.999,20331660.87212,76727,220643.35,9148277.5161700,0
2025-11-10 16:00:00,41.213,41.532,40.828,40.988,455545.12,2025-11-10 16:59:59.999,18741723.13278,62732,232848.39,9586874.6365600,0
2025-11-10 17:00:00,40.986,41.736,40.915,41.705,242804.28,2025-11-10 17:59:59.999,10040815.08941,44372,137451.74,5684759.3549100,0
2025-11-10 18:00:00,41.705,41.815,41.463,41.49,165169.08,2025-11-10 18:59:59.999,6873549.30489,31948,70832.60,2948138.1252900,0
2025-11-10 19:00:00,41.49,41.954,41.395,41.721,136131.64,2025-11-10 19:59:59.999,5670906.8012,31406,69145.76,2882414.2002200,0
2025-11-10 20:00:00,41.72,42.387,41.71,42.222,328392.53,2025-11-10 20:59:59.999,13839914.23399,52347,159547.84,6723395.0942600,0
2025-11-10 21:00:00,42.221,42.224,41.306,41.519,280571.48,2025-11-10 21:59:59.999,11700628.77854,48764,115888.32,4832423.5002500,0
2025-11-10 22:00:00,41.519,42.028,41.354,41.974,150715.26,2025-11-10 22:59:59.999,6286548.39352,28346,72149.94,3009476.2244400,0
2025-11-10 23:00:00,41.978,42.034,41.346,41.443,146519.42,2025-11-10 23:59:59.999,6113553.53879,29221,63855.36,2664064.2600200,0
2025-11-11 00:00:00,41.444,41.5,40.587,40.965,349870.14,2025-11-11 00:59:59.999,14352512.4387,60020,155748.23,6391599.7319800,0
2025-11-11 01:00:00,40.963,41.69,40.886,41.186,459603.7,2025-11-11 01:59:59.999,19013370.73488,75517,224360.23,9276534.8229500,0
2025-11-11 02:00:00,41.186,41.938,40.932,41.601,424547.2,2025-11-11 02:59:59.999,17615629.53444,72856,207061.14,8592018.5135600,0
2025-11-11 03:00:00,41.604,41.995,41.432,41.54,296412.15,2025-11-11 03:59:59.999,12365827.25257,53873,141325.32,5898672.4991000,0
2025-11-11 04:00:00,41.54,41.555,40.73,40.804,360355.21,2025-11-11 04:59:59.999,14818452.71354,57298,162207.13,6672484.1132500,0
2025-11-11 05:00:00,40.804,40.807,40.135,40.184,490415.78,2025-11-11 05:59:59.999,19854397.77546,62472,247001.23,10004617.1832900,0
2025-11-11 06:00:00,40.188,40.376,39.805,40.348,388573.07,2025-11-11 06:59:59.999,15578655.24339,69077,177740.85,7128782.6128800,0
2025-11-11 07:00:00,40.348,40.365,39.702,39.83,391666.98,2025-11-11 07:59:59.999,15658000.55072,60476,164828.54,6593563.7929400,0
2025-11-11 08:00:00,39.829,40.284,39.682,40.176,375399.69,2025-11-11 08:59:59.999,14984252.67763,66043,188313.59,7521456.0276400,0
2025-11-11 09:00:00,40.172,40.468,39.992,40.032,253719.87,2025-11-11 09:59:59.999,10188735.83431,46798,125872.87,5056886.5170400,0
2025-11-11 10:00:00,40.031,40.321,40.0,40.208,143769.0,2025-11-11 10:59:59.999,5777386.98344,32431,86359.76,3471081.8007400,0
2025-11-11 11:00:00,40.207,40.474,40.148,40.325,188586.8,2025-11-11 11:59:59.999,7602844.17724,38184,99253.94,4001950.7879700,0
2025-11-11 12:00:00,40.325,40.439,39.867,40.035,249937.47,2025-11-11 12:59:59.999,10028011.66623,47368,114259.92,4585469.4470500,0
2025-11-11 13:00:00,40.039,40.341,39.954,40.124,222205.38,2025-11-11 13:59:59.999,8912620.38275,43303,107855.03,4325756.5188100,0
2025-11-11 14:00:00,40.126,40.47,39.805,40.44,359388.46,2025-11-11 14:59:59.999,14398194.62455,58773,145084.43,5816188.9684600,0
2025-11-11 15:00:00,40.44,40.444,39.563,39.888,567090.19,2025-11-11 15:59:59.999,22611348.09359,85306,308895.07,12316924.0179000,0
2025-11-11 16:00:00,39.893,39.912,39.391,39.692,331400.76,2025-11-11 16:59:59.999,13137556.06789,67192,146174.01,5797758.5991800,0
2025-11-11 17:00:00,39.687,39.935,39.384,39.725,234250.57,2025-11-11 17:59:59.999,9297087.27673,52951,113132.43,4493234.7363500,0
2025-11-11 18:00:00,39.724,39.812,39.047,39.446,313332.65,2025-11-11 18:59:59.999,12338313.27408,52855,135445.06,5336805.5706300,0
2025-11-11 19:00:00,39.449,39.588,39.219,39.346,141737.98,2025-11-11 19:59:59.999,5586474.74838,34382,66775.88,2632532.5661200,0
2025-11-11 20:00:00,39.346,39.408,38.844,39.051,329016.08,2025-11-11 20:59:59.999,12860819.09361,60768,130708.94,5111205.6558100,0
2025-11-11 21:00:00,39.053,39.425,38.448,38.752,375759.83,2025-11-11 21:59:59.999,14613267.36787,66567,138928.32,5408767.7889200,0
2025-11-11 22:00:00,38.75,39.131,38.592,38.953,168374.68,2025-11-11 22:59:59.999,6542287.52486,36612,75422.67,2932321.7837800,0
2025-11-11 23:00:00,38.953,38.966,38.569,38.682,249700.94,2025-11-11 23:59:59.999,9676821.13353,50207,120048.29,4652517.3625800,0
2025-11-12 00:00:00,38.683,38.958,38.379,38.484,441525.21,2025-11-12 00:59:59.999,17082691.01715,74785,206717.52,8001649.9688500,0
2025-11-12 01:00:00,38.483,38.957,38.456,38.957,215007.05,2025-11-12 01:59:59.999,8337430.35425,50986,115400.54,4474570.1155300,0
2025-11-12 02:00:00,38.956,39.351,38.885,39.156,344813.88,2025-11-12 02:59:59.999,13505056.84586,55283,171797.30,6730154.0961400,0
2025-11-12 03:00:00,39.156,39.269,39.064,39.131,88952.52,2025-11-12 03:59:59.999,3483241.19816,27010,41636.48,1630543.0331800,0
2025-11-12 04:00:00,39.127,39.26,38.91,39.136,119380.2,2025-11-12 04:59:59.999,4664459.10557,34343,50990.15,1992161.0343100,0
2025-11-12 05:00:00,39.137,39.345,39.025,39.049,125254.91,2025-11-12 05:59:59.999,4907298.79992,34184,55050.90,2157322.9697000,0
2025-11-12 06:00:00,39.049,39.7,39.037,39.484,421956.5,2025-11-12 06:59:59.999,16662332.82906,64323,203022.35,8016191.1428700,0
2025-11-12 07:00:00,39.484,39.643,39.216,39.269,185428.47,2025-11-12 07:59:59.999,7309751.54481,34282,77086.78,3039588.6071300,0
2025-11-12 08:00:00,39.269,39.947,39.265,39.805,291775.02,2025-11-12 08:59:59.999,11602161.90015,63438,147839.20,5878726.3268700,0
2025-11-12 09:00:00,39.804,40.045,39.643,39.863,383452.46,2025-11-12 09:59:59.999,15279804.34475,67214,183188.86,7301804.1212500,0
2025-11-12 10:00:00,39.863,40.567,39.818,40.534,412639.74,2025-11-12 10:59:59.999,16587729.82718,55681,217909.17,8756561.9609500,0
2025-11-12 11:00:00,40.534,40.859,40.227,40.461,462622.5,2025-11-12 11:59:59.999,18754866.41213,54540,196924.55,7991850.9968000,0
2025-11-12 12:00:00,40.461,40.691,40.059,40.204,369409.64,2025-11-12 12:59:59.999,14907093.16945,43597,163597.25,6607634.5986300,0
2025-11-12 13:00:00,40.204,40.399,39.83,40.114,382356.65,2025-11-12 13:59:59.999,15314001.97185,50280,178180.62,7139061.3470000,0
2025-11-12 14:00:00,40.112,40.112,39.022,39.307,825631.18,2025-11-12 14:59:59.999,32679898.22789,110468,365895.28,14492211.0484200,0
2025-11-12 15:00:00,39.307,39.592,38.616,38.753,808558.2,2025-11-12 15:59:59.999,31563192.06959,110804,364393.14,14236285.7327000,0
2025-11-12 16:00:00,38.752,38.821,37.45,38.624,2727248.2,2025-11-12 16:59:59.999,104044654.83954,242078,1267267.24,48374258.2345100,0
2025-11-12 17:00:00,38.624,39.041,38.205,38.903,710113.01,2025-11-12 17:59:59.999,27412875.2218,107080,341987.84,13208013.9878600,0
2025-11-12 18:00:00,38.902,39.001,38.43,38.435,321630.24,2025-11-12 18:59:59.999,12466539.95114,60828,160409.91,6221332.5978300,0
2025-11-12 19:00:00,38.434,38.571,38.033,38.367,373349.16,2025-11-12 19:59:59.999,14294151.8165,67188,174656.85,6689177.2605000,0
2025-11-12 20:00:00,38.369,38.983,38.17,38.58,409242.33,2025-11-12 20:59:59.999,15823997.98897,65751,225872.99,8735262.3280000,0
2025-11-12 21:00:00,38.58,38.726,38.253,38.538,276017.24,2025-11-12 21:59:59.999,10623660.37119,42367,122468.35,4714184.4928100,0
2025-11-12 22:00:00,38.538,38.54,38.148,38.452,144994.91,2025-11-12 22:59:59.999,5551026.96119,25254,69794.17,2672957.0159400,0
2025-11-12 23:00:00,38.452,38.463,38.148,38.356,147323.55,2025-11-12 23:59:59.999,5643816.08793,33068,72424.27,2775263.6030100,0
2025-11-13 00:00:00,38.356,38.625,38.177,38.402,197121.59,2025-11-13 00:59:59.999,7568050.60592,42996,106842.48,4103018.4078800,0
2025-11-13 01:00:00,38.402,39.114,38.362,38.735,394514.79,2025-11-13 01:59:59.999,15298227.55337,70376,219156.49,8503097.9599800,0
2025-11-13 02:00:00,38.736,38.852,38.439,38.449,198208.37,2025-11-13 02:59:59.999,7656470.41736,39598,85970.56,3322777.1217700,0
2025-11-13 03:00:00,38.447,38.916,37.902,38.536,553764.87,2025-11-13 03:59:59.999,21314316.5882,80350,246874.52,9504581.9829700,0
2025-11-13 04:00:00,38.537,38.739,38.279,38.545,238238.95,2025-11-13 04:59:59.999,9177727.79118,56414,118526.36,4567785.9138100,0
2025-11-13 05:00:00,38.545,39.673,38.365,39.426,464155.53,2025-11-13 05:59:59.999,18168361.76097,71402,258090.11,10103424.2420800,0
2025-11-13 06:00:00,39.426,39.832,39.174,39.513,553515.33,2025-11-13 06:59:59.999,21874753.56157,78955,280989.12,11106017.8352000,0
2025-11-13 07:00:00,39.513,39.846,39.076,39.197,382111.79,2025-11-13 07:59:59.999,15092700.19736,61989,161168.60,6371673.4367900,0
2025-11-13 08:00:00,39.196,39.433,39.066,39.176,212822.37,2025-11-13 08:59:59.999,8355167.03935,37902,100015.78,3927017.3475300,0
2025-11-13 09:00:00,39.178,39.246,38.69,38.78,395950.15,2025-11-13 09:59:59.999,15391039.99781,61604,168707.59,6555665.0217400,0
2025-11-13 10:00:00,38.78,39.139,38.725,38.824,178981.47,2025-11-13 10:59:59.999,6966796.34365,32118,87475.11,3406376.4333900,0
2025-11-13 11:00:00,38.824,39.146,38.824,39.053,167645.95,2025-11-13 11:59:59.999,6538312.85182,31241,96392.02,3758701.9067800,0
2025-11-13 12:00:00,39.052,39.239,38.962,39.11,143162.15,2025-11-13 12:59:59.999,5596961.37169,31341,63683.94,2490806.4590100,0
2025-11-13 13:00:00,39.11,39.124,38.436,38.635,351929.94,2025-11-13 13:59:59.999,13632789.30957,51865,154329.71,5980088.7136800,0
2025-11-13 14:00:00,38.636,39.144,38.215,38.848,622829.91,2025-11-13 14:59:59.999,24083266.32386,88171,302318.13,11702610.3054900,0
2025-11-13 15:00:00,38.85,39.0,38.1,38.357,529766.06,2025-11-13 15:59:59.999,20391802.82212,80097,218118.88,8398422.9597500,0
2025-11-13 16:00:00,38.357,38.491,37.8,37.871,538142.29,2025-11-13 16:59:59.999,20477335.49175,81561,232546.12,8854145.6943500,0
2025-11-13 17:00:00,37.87,37.946,37.226,37.315,759088.4,2025-11-13 17:59:59.999,28525740.85651,101797,343638.45,12923656.0808900,0
2025-11-13 18:00:00,37.314,37.654,36.6,37.654,1236674.01,2025-11-13 18:59:59.999,45846307.10597,141456,566300.22,21012809.8447700,0
2025-11-13 19:00:00,37.655,38.078,37.352,37.492,1042694.38,2025-11-13 19:59:59.999,39376049.17154,121597,512736.09,19365718.0554900,0
2025-11-13 20:00:00,37.49,37.955,37.144,37.443,671490.79,2025-11-13 20:59:59.999,25197274.21364,89186,339861.95,12754881.4782900,0
2025-11-13 21:00:00,37.442,37.903,37.386,37.773,376191.26,2025-11-13 21:59:59.999,14172291.73747,54996,185373.52,6984029.2237100,0
2025-11-13 22:00:00,37.772,38.525,37.582,38.478,613046.85,2025-11-13 22:59:59.999,23356536.80718,56746,378283.47,14419936.9331900,0
2025-11-13 23:00:00,38.477,39.105,38.31,38.527,560616.78,2025-11-13 23:59:59.999,21733930.05829,67890,268660.96,10419418.3603700,0
2025-11-14 00:00:00,38.529,38.598,37.8,37.999,818634.48,2025-11-14 00:59:59.999,31254575.26657,94167,395420.13,15101534.4607300,0
2025-11-14 01:00:00,37.999,38.25,37.701,37.762,411404.07,2025-11-14 01:59:59.999,15609977.89137,67044,186195.16,7071927.8636300,0
2025-11-14 02:00:00,37.762,38.361,37.747,38.121,275470.62,2025-11-14 02:59:59.999,10510963.86018,49488,151565.53,5781833.2455400,0
2025-11-14 03:00:00,38.122,38.187,37.532,37.812,377079.95,2025-11-14 03:59:59.999,14251559.0217,46548,169024.45,6388593.3954200,0
2025-11-14 04:00:00,37.811,37.82,36.59,37.122,967743.17,2025-11-14 04:59:59.999,35917309.29958,110566,411831.91,15276271.1142300,0
2025-11-14 05:00:00,37.122,37.366,36.946,37.095,604238.63,2025-11-14 05:59:59.999,22441129.66802,84049,264070.51,9814073.1119000,0
2025-11-14 06:00:00,37.096,37.406,36.356,37.377,1061298.25,2025-11-14 06:59:59.999,38971132.77626,113997,496457.03,18237340.7204500,0
2025-11-14 07:00:00,37.375,37.897,37.33,37.483,794279.67,2025-11-14 07:59:59.999,29856637.49804,103338,405073.03,15231529.3435700,0
2025-11-14 08:00:00,37.484,37.526,37.011,37.244,356999.31,2025-11-14 08:59:59.999,13298331.09233,54530,168762.11,6286261.9858300,0
2025-11-14 09:00:00,37.246,37.514,36.886,36.96,379566.05,2025-11-14 09:59:59.999,14104451.77305,62331,173887.78,6463524.0986900,0
2025-11-14 10:00:00,36.959,37.738,36.952,37.339,332515.55,2025-11-14 10:59:59.999,12448872.76766,59009,190892.35,7148151.3288100,0
2025-11-14 11:00:00,37.339,37.341,36.651,36.87,334069.63,2025-11-14 11:59:59.999,12341532.77084,62814,140719.21,5199681.2757600,0
2025-11-14 12:00:00,36.871,36.871,36.0,36.677,828218.75,2025-11-14 12:59:59.999,30213564.17881,119995,378458.53,13813633.6191100,0
2025-11-14 13:00:00,36.677,36.888,36.168,36.857,743609.31,2025-11-14 13:59:59.999,27147532.79634,109493,403819.03,14749987.8132000,0
2025-11-14 14:00:00,36.857,38.036,36.679,37.5,1513667.05,2025-11-14 14:59:59.999,56572086.11837,167594,823945.86,30798055.0345000,0
2025-11-14 15:00:00,37.501,38.063,37.075,38.022,912862.24,2025-11-14 15:59:59.999,34347152.06902,111653,494999.94,18632208.6615700,0
2025-11-14 16:00:00,38.023,38.287,37.603,37.761,761965.12,2025-11-14 16:59:59.999,28889924.04489,99360,451951.65,17138974.4934100,0
2025-11-14 17:00:00,37.759,37.866,36.774,36.848,762857.01,2025-11-14 17:59:59.999,28413862.88692,93407,395820.79,14748368.4724700,0
2025-11-14 18:00:00,36.848,37.436,36.759,37.355,543605.97,2025-11-14 18:59:59.999,20214184.44041,83487,358890.21,13347785.0985400,0
2025-11-14 19:00:00,37.354,37.993,37.252,37.983,484673.81,2025-11-14 19:59:59.999,18247402.68771,76163,291799.07,10989423.6880400,0
2025-11-14 20:00:00,37.984,37.997,37.029,37.428,454512.2,2025-11-14 20:59:59.999,17016259.14952,75960,274009.93,10258812.5627800,0
2025-11-14 21:00:00,37.427,37.957,37.38,37.885,467366.13,2025-11-14 21:59:59.999,17576575.43211,59263,239355.87,9008815.7519700,0
2025-11-14 22:00:00,37.888,38.563,37.869,38.114,339161.43,2025-11-14 22:59:59.999,12945832.07929,42842,165878.90,6333827.5558700,0
2025-11-14 23:00:00,38.114,38.133,37.067,37.492,484639.06,2025-11-14 23:59:59.999,18125578.30888,67058,239842.37,8968178.8402700,0
2025-11-15 00:00:00,37.493,37.8,37.31,37.627,208491.4,2025-11-15 00:59:59.999,7835633.67417,44832,94292.02,3543968.7502900,0
2025-11-15 01:00:00,37.626,38.122,37.532,38.068,158645.64,2025-11-15 01:59:59.999,6007079.7946,37234,86611.47,3279702.4355500,0
2025-11-15 02:00:00,38.068,38.697,37.925,38.685,314577.41,2025-11-15 02:59:59.999,12064771.95151,45372,199716.41,7658938.5583100,0
2025-11-15 03:00:00,38.685,38.859,38.52,38.817,299467.42,2025-11-15 03:59:59.999,11590535.67833,50227,159386.82,6168437.4237900,0
2025-11-15 04:00:00,38.816,38.817,38.311,38.458,204967.96,2025-11-15 04:59:59.999,7893916.88957,36230,95914.88,3692287.5471900,0
2025-11-15 05:00:00,38.457,38.661,38.328,38.593,151620.86,2025-11-15 05:59:59.999,5836999.44848,28215,79960.40,3079029.2654800,0
2025-11-15 06:00:00,38.593,38.9,38.567,38.738,200960.91,2025-11-15 06:59:59.999,7790997.60354,31916,111851.66,4336151.3050300,0
2025-11-15 07:00:00,38.738,39.292,38.734,39.118,271947.03,2025-11-15 07:59:59.999,10612761.8325,43368,157958.43,6163412.8153200,0
2025-11-15 08:00:00,39.117,39.218,38.777,39.015,395397.46,2025-11-15 08:59:59.999,15424305.6556,51696,176952.42,6904839.0003500,0
2025-11-15 09:00:00,39.014,39.56,38.872,38.936,294498.66,2025-11-15 09:59:59.999,11549058.55066,46182,156079.40,6122232.5175500,0
2025-11-15 10:00:00,38.936,39.199,38.801,38.996,176099.8,2025-11-15 10:59:59.999,6863949.57255,30920,85595.24,3336852.9876100,0
2025-11-15 11:00:00,38.997,39.066,38.468,38.66,206023.02,2025-11-15 11:59:59.999,7988841.35738,36395,78337.92,3039187.5528000,0
2025-11-15 12:00:00,38.659,39.015,38.568,38.767,221140.09,2025-11-15 12:59:59.999,8576393.01041,33056,113104.26,4387763.3083100,0
2025-11-15 13:00:00,38.767,39.046,38.599,39.031,169977.99,2025-11-15 13:59:59.999,6599980.87644,33544,86864.40,3373293.7876800,0
2025-11-15 14:00:00,39.03,39.064,38.51,38.917,218905.59,2025-11-15 14:59:59.999,8484586.72103,36851,94149.15,3647199.9367600,0
2025-11-15 15:00:00,38.917,39.297,38.73,39.201,230549.26,2025-11-15 15:59:59.999,9008637.76387,40355,118469.70,4629938.0949600,0
2025-11-15 16:00:00,39.2,39.2,38.774,39.096,210649.83,2025-11-15 16:59:59.999,8211650.27072,41507,88247.28,3440634.3989600,0
2025-11-15 17:00:00,39.096,39.125,38.502,38.791,456750.54,2025-11-15 17:59:59.999,17693428.37431,55855,139997.23,5424522.4247800,0
2025-11-15 18:00:00,38.791,39.001,38.717,38.796,128863.5,2025-11-15 18:59:59.999,5006116.57792,28672,71886.75,2793284.1823900,0
2025-11-15 19:00:00,38.796,38.93,38.575,38.669,101359.19,2025-11-15 19:59:59.999,3925936.71582,19471,37300.46,1444280.3774100,0
2025-11-15 20:00:00,38.668,38.705,38.327,38.451,140801.12,2025-11-15 20:59:59.999,5422059.71321,25556,54981.96,2118549.1687200,0
2025-11-15 21:00:00,38.45,38.816,38.358,38.368,163791.35,2025-11-15 21:59:59.999,6322516.56742,26655,79241.61,3058872.5787600,0
2025-11-15 22:00:00,38.366,38.622,38.293,38.612,86556.68,2025-11-15 22:59:59.999,3327066.29814,17346,46807.61,1799852.7044600,0
2025-11-15 23:00:00,38.611,38.727,38.458,38.567,183460.33,2025-11-15 23:59:59.999,7075383.66178,26310,113544.21,4378456.0481800,0
2025-11-16 00:00:00,38.569,38.641,38.312,38.451,145871.6,2025-11-16 00:59:59.999,5609691.57766,27804,73370.14,2821075.5026900,0
2025-11-16 01:00:00,38.451,38.63,38.033,38.392,310314.54,2025-11-16 01:59:59.999,11891536.60439,47124,134437.12,5153656.8719400,0
2025-11-16 02:00:00,38.392,38.848,38.258,38.737,204806.81,2025-11-16 02:59:59.999,7914187.15792,40644,98197.85,3794682.2885700,0
2025-11-16 03:00:00,38.732,38.875,38.538,38.657,164357.8,2025-11-16 03:59:59.999,6363843.57665,25797,81632.86,3160639.0434900,0
2025-11-16 04:00:00,38.656,38.943,38.532,38.754,223889.21,2025-11-16 04:59:59.999,8666386.08199,29913,107173.48,4149651.2475900,0
2025-11-16 05:00:00,38.754,39.007,38.736,38.838,135070.32,2025-11-16 05:59:59.999,5249936.53037,26324,68944.27,2679920.6787800,0
2025-11-16 06:00:00,38.837,39.262,38.798,39.113,180248.45,2025-11-16 06:59:59.999,7049295.13466,32723,96496.17,3772907.6575400,0
2025-11-16 07:00:00,39.116,39.286,39.02,39.187,148774.04,2025-11-16 07:59:59.999,5823200.68554,31224,69908.69,2736710.0699800,0
2025-11-16 08:00:00,39.189,39.294,38.984,39.104,267175.92,2025-11-16 08:59:59.999,10447655.39887,44553,117973.10,4612893.4275400,0
2025-11-16 09:00:00,39.104,39.772,38.877,39.74,359134.34,2025-11-16 09:59:59.999,14122327.79964,42915,228736.81,8998735.2118500,0
2025-11-16 10:00:00,39.741,40.502,39.589,40.045,853596.28,2025-11-16 10:59:59.999,34211445.78467,86030,534265.49,21422192.0385700,0
2025-11-16 11:00:00,40.044,40.201,39.066,39.269,734693.5,2025-11-16 11:59:59.999,29049253.2217,91829,279585.51,11053559.2387000,0
2025-11-16 12:00:00,39.267,39.525,38.912,39.104,378817.67,2025-11-16 12:59:59.999,14846251.4098,57517,188762.77,7403067.6660500,0
2025-11-16 13:00:00,39.104,39.222,38.33,38.656,748803.99,2025-11-16 13:59:59.999,29027719.80664,79609,300470.17,11675565.8746300,0
2025-11-16 14:00:00,38.656,38.873,38.55,38.65,242288.02,2025-11-16 14:59:59.999,9377561.09584,39263,134802.74,5218129.9200400,0
2025-11-16 15:00:00,38.65,38.682,38.054,38.167,382372.91,2025-11-16 15:59:59.999,14651899.44263,55260,183536.48,7036804.7527800,0
2025-11-16 16:00:00,38.166,38.492,37.808,37.913,544000.58,2025-11-16 16:59:59.999,20723600.95612,81060,260849.21,9938804.5204900,0
2025-11-16 17:00:00,37.911,37.994,37.45,37.853,571018.47,2025-11-16 17:59:59.999,21553957.73311,77170,257327.37,9715905.4625800,0
2025-11-16 18:00:00,37.852,38.477,37.67,37.88,549719.33,2025-11-16 18:59:59.999,20938884.98,87247,267741.90,10203145.5732000,0
2025-11-16 19:00:00,37.88,38.349,37.82,38.048,337271.04,2025-11-16 19:59:59.999,12862156.31571,47849,177791.49,6781402.4350300,0
2025-11-16 20:00:00,38.049,38.469,38.002,38.035,184135.83,2025-11-16 20:59:59.999,7038851.35386,36039,88112.91,3369277.2591300,0
2025-11-16 21:00:00,38.036,38.129,37.499,37.85,432980.3,2025-11-16 21:59:59.999,16369223.99242,52881,207058.96,7830289.2780200,0
2025-11-16 22:00:00,37.852,38.507,37.561,38.278,341094.11,2025-11-16 22:59:59.999,12959413.4947,46171,164777.59,6263199.4733200,0
2025-11-16 23:00:00,38.279,38.763,37.738,38.699,585769.01,2025-11-16 23:59:59.999,22490440.86734,83055,279968.47,10745133.0193200,0
2025-11-17 00:00:00,38.698,39.025,38.182,38.865,525798.48,2025-11-17 00:59:59.999,20340299.24583,74698,246182.70,9521184.9289900,0
2025-11-17 01:00:00,38.865,38.985,38.333,38.36,235344.46,2025-11-17 01:59:59.999,9099531.87703,45270,109745.77,4244799.7668400,0
2025-11-17 02:00:00,38.36,38.712,38.253,38.386,185540.28,2025-11-17 02:59:59.999,7132359.54225,36007,94265.56,3624186.7587900,0
2025-11-17 03:00:00,38.39,38.718,38.378,38.717,167811.97,2025-11-17 03:59:59.999,6469549.48941,32153,90476.11,3487865.1923900,0
2025-11-17 04:00:00,38.716,38.757,38.448,38.546,105496.66,2025-11-17 04:59:59.999,4069502.99031,28052,48644.57,1876882.1107200,0
2025-11-17 05:00:00,38.545,38.671,38.24,38.366,196368.09,2025-11-17 05:59:59.999,7542979.14949,35904,90529.11,3478254.7482200,0
2025-11-17 06:00:00,38.367,38.579,38.222,38.523,120995.52,2025-11-17 06:59:59.999,4644961.5081,23268,73150.39,2808359.9670400,0
2025-11-17 07:00:00,38.524,38.696,38.4,38.53,230686.4,2025-11-17 07:59:59.999,8889440.06575,42323,124310.48,4790668.6644100,0
2025-11-17 08:00:00,38.531,38.82,38.51,38.735,241090.51,2025-11-17 08:59:59.999,9329638.61997,44307,132798.27,5139156.5712700,0
2025-11-17 09:00:00,38.735,38.853,38.3,38.818,229720.71,2025-11-17 09:59:59.999,8874254.73821,35205,102229.44,3948716.7852300,0
2025-11-17 10:00:00,38.818,38.941,38.652,38.758,158997.95,2025-11-17 10:59:59.999,6172324.80645,29169,66387.66,2577827.2935100,0
2025-11-17 11:00:00,38.758,39.24,38.716,39.214,376086.0,2025-11-17 11:59:59.999,14685333.25621,49506,214073.27,8359792.3297700,0
2025-11-17 12:00:00,39.213,39.298,38.755,38.815,364256.97,2025-11-17 12:59:59.999,14222536.68036,47506,155654.81,6078246.6306800,0
2025-11-17 13:00:00,38.816,38.843,37.327,37.702,1051234.76,2025-11-17 13:59:59.999,39923676.57333,116484,455348.02,17285094.2123200,0
2025-11-17 14:00:00,37.702,38.529,37.478,38.002,951882.82,2025-11-17 14:59:59.999,36189394.64554,127245,493959.57,18771203.8115200,0
2025-11-17 15:00:00,38.008,38.127,37.434,37.527,656209.39,2025-11-17 15:59:59.999,24806298.32077,101721,327909.42,12404514.1905700,0
2025-11-17 16:00:00,37.526,38.13,37.101,38.126,690838.84,2025-11-17 16:59:59.999,25904302.15518,91728,347436.91,13038507.6124700,0
2025-11-17 17:00:00,38.124,38.152,37.372,37.711,447965.76,2025-11-17 17:59:59.999,16892786.02315,66359,192577.54,7261945.8259300,0
2025-11-17 18:00:00,37.711,38.2,37.543,38.048,499903.63,2025-11-17 18:59:59.999,18934852.77356,77485,227395.93,8613531.1818800,0
2025-11-17 19:00:00,38.049,38.075,37.324,37.681,585738.87,2025-11-17 19:59:59.999,22060640.71437,81842,272800.62,10275563.1080000,0
2025-11-17 20:00:00,37.68,38.703,37.566,38.465,689866.72,2025-11-17 20:59:59.999,26318876.28025,91029,352824.90,13464422.3371300,0
2025-11-17 21:00:00,38.465,38.922,38.11,38.295,485394.43,2025-11-17 21:59:59.999,18698573.63369,71728,227737.61,8777643.0383400,0
2025-11-17 22:00:00,38.296,38.574,38.119,38.266,254608.25,2025-11-17 22:59:59.999,9765143.99172,35410,132139.09,5068862.0071800,0
2025-11-17 23:00:00,38.266,39.341,38.204,39.335,623897.16,2025-11-17 23:59:59.999,24225618.09075,58371,278066.62,10782363.2956200,0
2025-11-18 00:00:00,39.335,39.526,38.533,39.228,618779.21,2025-11-18 00:59:59.999,24183604.26582,79618,308489.51,12055310.5732800,0
2025-11-18 01:00:00,39.23,39.811,39.017,39.137,413151.29,2025-11-18 01:59:59.999,16271385.0806,72696,206471.30,8131389.2167700,0
2025-11-18 02:00:00,39.136,40.118,38.705,39.596,825948.75,2025-11-18 02:59:59.999,32629065.82614,118355,420112.46,16586013.2282500,0
2025-11-18 03:00:00,39.596,40.92,39.329,40.413,1100809.33,2025-11-18 03:59:59.999,44086676.5252,148885,611671.75,24503476.1180700,0
2025-11-18 04:00:00,40.414,40.6,39.745,40.559,713472.05,2025-11-18 04:59:59.999,28671581.27933,101008,367711.24,14781107.8680900,0
2025-11-18 05:00:00,40.56,41.709,40.338,40.754,1014423.31,2025-11-18 05:59:59.999,41599585.97302,125566,474603.91,19481855.2597700,0
2025-11-18 06:00:00,40.754,40.794,39.669,39.746,777927.42,2025-11-18 06:59:59.999,31269234.14439,93007,334683.38,13449613.6170300,0
2025-11-18 07:00:00,39.746,40.528,39.571,40.262,656474.76,2025-11-18 07:59:59.999,26272411.55142,83041,316934.32,12687897.4031000,0
2025-11-18 08:00:00,40.261,41.488,40.225,41.152,704106.38,2025-11-18 08:59:59.999,28874056.54235,101149,379162.90,15550367.6133500,0
2025-11-18 09:00:00,41.152,41.354,40.71,41.295,456055.09,2025-11-18 09:59:59.999,18692688.71186,67552,223633.61,9168415.5389100,0
2025-11-18 10:00:00,41.296,41.382,40.862,41.15,264355.65,2025-11-18 10:59:59.999,10867434.07652,45814,140600.25,5781477.7053600,0
2025-11-18 11:00:00,41.158,41.298,40.708,41.106,337313.96,2025-11-18 11:59:59.999,13831192.75772,48886,158744.87,6512504.0167900,0
2025-11-18 12:00:00,41.107,41.664,40.902,41.13,638895.03,2025-11-18 12:59:59.999,26346282.80541,79275,288998.18,11923608.2353500,0
2025-11-18 13:00:00,41.13,41.203,40.1,40.447,794391.41,2025-11-18 13:59:59.999,32168880.71282,113724,368120.20,14895909.8292900,0
2025-11-18 14:00:00,40.441,40.567,38.322,38.557,2271089.79,2025-11-18 14:59:59.999,89597564.77175,260004,1034182.86,40812203.6309800,0
2025-11-18 15:00:00,38.557,39.349,38.414,38.881,1435113.67,2025-11-18 15:59:59.999,55758769.47763,203529,685969.74,26656471.5508500,0
2025-11-18 16:00:00,38.884,39.586,38.709,39.055,767501.94,2025-11-18 16:59:59.999,30017349.48953,118861,364273.58,14249894.4794800,0
2025-11-18 17:00:00,39.055,39.078,38.238,38.567,566710.21,2025-11-18 17:59:59.999,21842008.38089,81314,246781.42,9513594.3572700,0
2025-11-18 18:00:00,38.567,38.893,38.347,38.48,407314.0,2025-11-18 18:59:59.999,15757280.83263,62996,220479.60,8532627.8477200,0
2025-11-18 19:00:00,38.481,38.708,38.389,38.593,260634.76,2025-11-18 19:59:59.999,10047790.73005,52964,118198.40,4557463.2817700,0
2025-11-18 20:00:00,38.594,39.084,38.515,38.867,273125.29,2025-11-18 20:59:59.999,10598095.49451,55761,139950.59,5431949.0377900,0
2025-11-18 21:00:00,38.868,39.354,38.741,38.779,479094.02,2025-11-18 21:59:59.999,18696233.34134,61590,202231.80,7898802.4044100,0
2025-11-18 22:00:00,38.78,39.117,38.76,39.037,172116.84,2025-11-18 22:59:59.999,6699130.66296,29379,98084.10,3817842.6467800,0
2025-11-18 23:00:00,39.037,39.109,38.62,38.653,142928.64,2025-11-18 23:59:59.999,5551119.75758,31087,63861.72,2480875.0101800,0
2025-11-19 00:00:00,38.653,38.8,38.256,38.733,342080.91,2025-11-19 00:59:59.999,13168506.50819,49122,167206.45,6438911.6441800,0
2025-11-19 01:00:00,38.735,38.78,38.451,38.78,214622.04,2025-11-19 01:59:59.999,8288529.08424,47139,105560.86,4078096.4297500,0
2025-11-19 02:00:00,38.779,39.107,38.627,38.986,221885.0,2025-11-19 02:59:59.999,8633642.34202,43632,119090.55,4634291.3534300,0
2025-11-19 03:00:00,38.988,39.008,38.3,38.344,258734.78,2025-11-19 03:59:59.999,9981739.92426,42135,95378.45,3679221.1969900,0
2025-11-19 04:00:00,38.344,38.39,37.839,38.113,571042.59,2025-11-19 04:59:59.999,21777162.08131,68921,237841.99,9071752.9997100,0
2025-11-19 05:00:00,38.114,38.334,37.582,37.787,582154.8,2025-11-19 05:59:59.999,22058826.02842,78185,242405.44,9185575.4746400,0
2025-11-19 06:00:00,37.787,38.56,37.667,38.493,463635.25,2025-11-19 06:59:59.999,17663115.35002,65163,231558.39,8821590.6238800,0
2025-11-19 07:00:00,38.492,38.717,38.343,38.603,356863.03,2025-11-19 07:59:59.999,13764036.31155,57445,160541.18,6194216.8242100,0
2025-11-19 08:00:00,38.603,38.715,38.21,38.308,306731.51,2025-11-19 08:59:59.999,11812170.0033,42619,108870.77,4193598.4363200,0
2025-11-19 09:00:00,38.306,38.335,37.946,38.184,337502.07,2025-11-19 09:59:59.999,12867484.07771,32971,135535.98,5167428.7421700,0
2025-11-19 10:00:00,38.185,38.25,38.039,38.049,171019.3,2025-11-19 10:59:59.999,6522719.6701,22175,83716.58,3193910.2422900,0
2025-11-19 11:00:00,38.049,38.329,37.94,38.192,201209.91,2025-11-19 11:59:59.999,7671881.85773,32200,106259.21,4052496.0197200,0
2025-11-19 12:00:00,38.193,38.372,37.95,38.155,196346.17,2025-11-19 12:59:59.999,7491206.28148,38650,85486.53,3262130.7882300,0
2025-11-19 13:00:00,38.154,38.226,37.794,37.819,222454.39,2025-11-19 13:59:59.999,8458367.85683,40517,84786.76,3225231.7638600,0
2025-11-19 14:00:00,37.82,38.136,37.678,38.026,361210.72,2025-11-19 14:59:59.999,13696066.43725,69548,171746.73,6513513.1063400,0
2025-11-19 15:00:00,38.027,38.527,37.283,37.343,845258.32,2025-11-19 15:59:59.999,31927772.77033,107267,341424.24,12909376.5997500,0
2025-11-19 16:00:00,37.341,37.584,37.12,37.405,616232.73,2025-11-19 16:59:59.999,22993862.98538,97593,301387.04,11247631.1160400,0
2025-11-19 17:00:00,37.405,37.88,37.187,37.66,539375.77,2025-11-19 17:59:59.999,20229977.64232,93321,251175.03,9426117.4835100,0
2025-11-19 18:00:00,37.66,37.809,37.264,37.618,375813.24,2025-11-19 18:59:59.999,14087745.94016,68020,163864.87,6145058.2903900,0
2025-11-19 19:00:00,37.619,37.72,37.185,37.622,332874.27,2025-11-19 19:59:59.999,12477736.9888,51855,168484.77,6317490.9494200,0
2025-11-19 20:00:00,37.622,38.421,37.569,38.36,521350.58,2025-11-19 20:59:59.999,19823957.18237,76572,273624.94,10407912.8645200,0
2025-11-19 21:00:00,38.357,38.969,38.067,38.306,849444.15,2025-11-19 21:59:59.999,32744828.11673,114432,405233.19,15626912.0875900,0
2025-11-19 22:00:00,38.307,38.447,38.071,38.351,306973.2,2025-11-19 22:59:59.999,11737339.43182,42313,135712.50,5191382.6780300,0
2025-11-19 23:00:00,38.35,38.898,38.345,38.842,377401.02,2025-11-19 23:59:59.999,14584124.20434,59183,181642.07,7019302.7304700,0
2025-11-20 00:00:00,38.841,39.111,38.363,38.845,475159.94,2025-11-20 00:59:59.999,18425768.12062,65430,236942.17,9191035.7860200,0
2025-11-20 01:00:00,38.844,39.34,38.739,39.151,525491.47,2025-11-20 01:59:59.999,20526067.10629,71902,273946.00,10702582.0680700,0
2025-11-20 02:00:00,39.15,39.425,39.1,39.345,312378.67,2025-11-20 02:59:59.999,12266742.06847,57383,157132.12,6171595.5971700,0
2025-11-20 03:00:00,39.345,39.8,39.254,39.279,416754.89,2025-11-20 03:59:59.999,16464503.82047,60259,177121.45,6998178.2329400,0
2025-11-20 04:00:00,39.28,39.609,38.925,39.573,327560.95,2025-11-20 04:59:59.999,12846354.10608,51163,156320.23,6132799.2119700,0
2025-11-20 05:00:00,39.573,39.706,39.351,39.48,255392.31,2025-11-20 05:59:59.999,10094449.51912,45969,123987.95,4902074.2476500,0
2025-11-20 06:00:00,39.479,39.527,38.934,39.113,385945.27,2025-11-20 06:59:59.999,15139666.60913,54403,164937.29,6475420.2675800,0
2025-11-20 07:00:00,39.114,39.459,39.048,39.436,146185.54,2025-11-20 07:59:59.999,5737057.90448,25805,80155.29,3146386.1813000,0
2025-11-20 08:00:00,39.436,39.487,39.258,39.392,122391.58,2025-11-20 08:59:59.999,4819376.368,30110,64206.79,2528122.4113300,0
2025-11-20 09:00:00,39.39,39.394,38.978,39.215,278520.44,2025-11-20 09:59:59.999,10904769.55585,46652,127206.03,4981443.2242600,0
2025-11-20 10:00:00,39.215,39.271,38.983,39.207,172763.96,2025-11-20 10:59:59.999,6758256.85182,34506,86208.78,3372554.4573100,0
2025-11-20 11:00:00,39.206,39.309,39.047,39.287,160950.4,2025-11-20 11:59:59.999,6310270.01289,31743,78913.46,3094241.4770700,0
2025-11-20 12:00:00,39.287,39.423,39.166,39.247,224356.09,2025-11-20 12:59:59.999,8816252.53228,41067,107004.45,4205926.2311600,0
2025-11-20 13:00:00,39.246,39.368,38.895,38.955,388494.12,2025-11-20 13:59:59.999,15193636.97065,68024,186160.75,7282258.3726600,0
2025-11-20 14:00:00,38.956,39.126,38.58,38.915,603927.37,2025-11-20 14:59:59.999,23447757.181,95814,261950.94,10178869.3421100,0
2025-11-20 15:00:00,38.915,38.949,38.4,38.455,392350.65,2025-11-20 15:59:59.999,15167021.30564,73206,188289.41,7280456.1703100,0
2025-11-20 16:00:00,38.455,38.541,37.602,37.971,1226617.57,2025-11-20 16:59:59.999,46513586.11905,157621,589757.24,22363334.6177400,0
2025-11-20 17:00:00,37.97,38.248,37.42,38.211,885219.08,2025-11-20 17:59:59.999,33509668.67514,124150,481982.44,18254164.6666400,0
2025-11-20 18:00:00,38.209,38.291,37.402,37.542,630620.47,2025-11-20 18:59:59.999,23900840.99965,78017,261408.54,9910220.1029400,0
2025-11-20 19:00:00,37.542,37.945,37.346,37.88,454793.08,2025-11-20 19:59:59.999,17137111.67604,60205,259004.15,9768018.6087600,0
2025-11-20 20:00:00,37.879,37.879,37.45,37.612,275356.5,2025-11-20 20:59:59.999,10353604.81646,43438,145437.95,5469177.2186100,0
2025-11-20 21:00:00,37.615,38.276,37.603,37.943,416632.45,2025-11-20 21:59:59.999,15827100.39107,53582,252560.03,9594426.7757300,0
2025-11-20 22:00:00,37.942,38.379,37.878,38.344,184443.19,2025-11-20 22:59:59.999,7041417.89301,28484,99967.37,3817030.8623500,0
2025-11-20 23:00:00,38.344,38.384,37.48,37.541,382359.99,2025-11-20 23:59:59.999,14461321.64536,65221,149189.13,5641925.7924400,0
2025-11-21 00:00:00,37.542,38.489,37.526,38.373,493423.8,2025-11-21 00:59:59.999,18817029.58184,87879,255766.29,9752248.2339600,0
2025-11-21 01:00:00,38.373,38.547,37.93,37.952,365631.25,2025-11-21 01:59:59.999,13999774.36066,70377,159866.56,6125369.9207100,0
2025-11-21 02:00:00,37.953,38.109,37.5,37.591,426447.9,2025-11-21 02:59:59.999,16137309.36486,77642,192674.20,7294254.4289900,0
2025-11-21 03:00:00,37.59,38.001,36.803,36.865,1369758.39,2025-11-21 03:59:59.999,50997671.69978,161745,591052.47,22011619.4150300,0
2025-11-21 04:00:00,36.862,37.054,36.565,37.034,574654.47,2025-11-21 04:59:59.999,21120859.24728,91044,287390.83,10564927.8911400,0
2025-11-21 05:00:00,37.033,37.278,36.569,36.644,449980.37,2025-11-21 05:59:59.999,16612301.79613,80877,217638.45,8034330.6830600,0
2025-11-21 06:00:00,36.645,36.848,35.571,35.594,1597633.25,2025-11-21 06:59:59.999,57631514.67054,147450,616963.92,22260073.1646800,0
2025-11-21 07:00:00,35.593,35.627,32.758,34.267,3919028.29,2025-11-21 07:59:59.999,134066130.2564,364924,1771113.32,60554999.4702300,0
2025-11-21 08:00:00,34.273,34.785,33.989,34.276,1336479.71,2025-11-21 08:59:59.999,45987757.33542,207252,694795.05,23913692.0902200,0
2025-11-21 09:00:00,34.273,34.55,33.106,33.439,1637979.43,2025-11-21 09:59:59.999,55194424.69448,201054,676533.38,22800099.2720800,0
2025-11-21 10:00:00,33.438,33.708,32.312,32.93,2173572.85,2025-11-21 10:59:59.999,71656235.90099,286736,1034021.15,34085736.1644100,0
2025-11-21 11:00:00,32.93,33.386,32.241,32.485,1143016.31,2025-11-21 11:59:59.999,37539684.04368,175334,553903.47,18204830.1349100,0
2025-11-21 12:00:00,32.487,33.583,31.66,33.249,2960481.79,2025-11-21 12:59:59.999,96710258.38992,371728,1483516.41,48521766.5897900,0
2025-11-21 13:00:00,33.249,33.84,32.889,33.233,1500548.82,2025-11-21 13:59:59.999,50037858.81717,230931,766181.14,25554777.8522100,0
2025-11-21 14:00:00,33.232,34.12,32.791,34.051,1818974.09,2025-11-21 14:59:59.999,60941956.30378,254374,938113.17,31447223.2970500,0
2025-11-21 15:00:00,34.054,34.178,32.688,32.85,1354782.16,2025-11-21 15:59:59.999,45056806.89073,204846,613074.60,20394123.6613700,0
2025-11-21 16:00:00,32.85,34.376,32.095,34.32,2243971.23,2025-11-21 16:59:59.999,74441101.88283,277844,1244557.62,41394571.3546400,0
2025-11-21 17:00:00,34.32,34.597,33.212,33.3,1660749.61,2025-11-21 17:59:59.999,56292240.38935,219507,830420.19,28175121.8060000,0
2025-11-21 18:00:00,33.301,33.386,32.741,33.066,888106.48,2025-11-21 18:59:59.999,29391967.17292,131107,401843.32,13304791.3630200,0
2025-11-21 19:00:00,33.066,33.812,33.003,33.522,590516.38,2025-11-21 19:59:59.999,19756570.34734,102637,308087.76,10307271.6781000,0
2025-11-21 20:00:00,33.521,33.864,33.297,33.736,611528.77,2025-11-21 20:59:59.999,20528287.83184,108059,306272.47,10283797.1103900,0
2025-11-21 21:00:00,33.735,34.322,33.448,33.983,503537.67,2025-11-21 21:59:59.999,17086577.21938,87855,240605.35,8165254.0929500,0
2025-11-21 22:00:00,33.984,34.056,33.082,33.095,613550.66,2025-11-21 22:59:59.999,20579806.82902,70378,268542.35,9015368.5770300,0
2025-11-21 23:00:00,33.095,33.943,33.014,33.85,416706.12,2025-11-21 23:59:59.999,13944997.06876,68123,212385.35,7108667.3960300,0
2025-11-22 00:00:00,33.851,33.971,33.478,33.797,492928.75,2025-11-22 00:59:59.999,16614188.8814,78070,259204.34,8736602.7644600,0
2025-11-22 01:00:00,33.8,34.323,33.753,34.307,381133.74,2025-11-22 01:59:59.999,12965953.62318,70509,203682.03,6930384.6321100,0
2025-11-22 02:00:00,34.307,34.358,33.903,34.235,265334.8,2025-11-22 02:59:59.999,9048489.30976,49178,134680.12,4593807.5125700,0
2025-11-22 03:00:00,34.235,34.266,33.838,33.892,190026.85,2025-11-22 03:59:59.999,6464550.19145,41505,91355.01,3108472.9535600,0
2025-11-22 04:00:00,33.893,33.957,33.202,33.539,401786.64,2025-11-22 04:59:59.999,13458097.61493,60471,184483.71,6178902.1202700,0
2025-11-22 05:00:00,33.54,34.18,33.34,33.751,675485.71,2025-11-22 05:59:59.999,22765845.79232,84010,407368.36,13732843.7067000,0
2025-11-22 06:00:00,33.751,34.524,33.55,34.511,399263.35,2025-11-22 06:59:59.999,13602345.80072,61355,218308.59,7440730.0020300,0
2025-11-22 07:00:00,34.511,34.511,33.89,33.937,420125.43,2025-11-22 07:59:59.999,14355254.61372,53910,180639.90,6172763.3941500,0
2025-11-22 08:00:00,33.938,33.939,33.293,33.341,423330.13,2025-11-22 08:59:59.999,14216433.19459,54798,184046.48,6181116.0479800,0
2025-11-22 09:00:00,33.342,33.645,33.022,33.132,640470.68,2025-11-22 09:59:59.999,21315859.24246,76959,305505.47,10174419.0020600,0
2025-11-22 10:00:00,33.13,33.374,32.722,32.858,446313.47,2025-11-22 10:59:59.999,14723141.90782,57952,214711.77,7085097.0636400,0
2025-11-22 11:00:00,32.858,33.308,32.804,32.889,289939.16,2025-11-22 11:59:59.999,9584992.11925,48524,149121.71,4929623.3678600,0
2025-11-22 12:00:00,32.889,32.941,32.482,32.667,444636.26,2025-11-22 12:59:59.999,14512378.83304,66485,223037.67,7280017.9066900,0
2025-11-22 13:00:00,32.668,32.902,32.012,32.282,563928.04,2025-11-22 13:59:59.999,18261835.6217,76369,232351.04,7526265.5322700,0
2025-11-22 14:00:00,32.282,32.79,32.276,32.598,434946.32,2025-11-22 14:59:59.999,14148957.36729,81107,206784.21,6729162.7138600,0
2025-11-22 15:00:00,32.597,32.708,31.872,31.907,753312.81,2025-11-22 15:59:59.999,24264495.15068,97925,326682.97,10526099.5908500,0
2025-11-22 16:00:00,31.908,32.008,31.305,31.584,1381646.89,2025-11-22 16:59:59.999,43715960.04378,159817,615326.85,19477294.2315200,0
2025-11-22 17:00:00,31.584,31.714,31.044,31.079,655374.48,2025-11-22 17:59:59.999,20580185.70322,94033,291539.72,9154630.6016000,0
2025-11-22 18:00:00,31.08,31.295,30.554,30.793,805236.96,2025-11-22 18:59:59.999,24906335.24882,96652,384518.28,11900249.0058500,0
2025-11-22 19:00:00,30.794,31.37,30.479,30.513,941574.29,2025-11-22 19:59:59.999,29184726.49409,109542,411964.91,12769326.6689000,0
2025-11-22 20:00:00,30.512,30.637,29.35,29.974,2954181.69,2025-11-22 20:59:59.999,88463415.43333,337288,1395151.50,41784414.1685200,0
2025-11-22 21:00:00,29.976,30.345,29.739,30.007,914316.33,2025-11-22 21:59:59.999,27416569.16161,137979,425631.93,12764654.2992200,0
2025-11-22 22:00:00,30.009,30.556,29.604,30.51,924075.13,2025-11-22 22:59:59.999,27848122.34211,97690,434263.19,13099938.3081600,0
2025-11-22 23:00:00,30.511,30.578,29.613,29.977,720556.83,2025-11-22 23:59:59.999,21601751.86146,95924,320292.73,9603076.4403500,0
2025-11-23 00:00:00,29.977,30.37,29.614,30.318,736264.35,2025-11-23 00:59:59.999,22049938.76784,103546,380469.65,11399238.9372900,0
2025-11-23 01:00:00,30.319,31.576,30.236,31.212,1613739.82,2025-11-23 01:59:59.999,50041440.51817,183697,903093.58,28022240.8850300,0
2025-11-23 02:00:00,31.211,31.53,30.721,31.162,1062075.62,2025-11-23 02:59:59.999,33108619.2076,148735,482113.19,15040860.6701200,0
2025-11-23 03:00:00,31.162,31.541,31.005,31.245,594681.42,2025-11-23 03:59:59.999,18602571.35032,87590,315816.16,9879984.2169600,0
2025-11-23 04:00:00,31.242,31.774,31.165,31.508,610949.02,2025-11-23 04:59:59.999,19211704.57712,93183,344227.70,10825590.6789400,0
2025-11-23 05:00:00,31.509,31.753,31.39,31.717,330044.86,2025-11-23 05:59:59.999,10417380.92876,63001,170024.82,5368141.4115800,0
2025-11-23 06:00:00,31.717,31.86,31.022,31.16,584540.58,2025-11-23 06:59:59.999,18368208.16367,84091,284625.77,8954166.0761200,0
2025-11-23 07:00:00,31.161,31.206,30.353,30.882,673106.31,2025-11-23 07:59:59.999,20679923.73855,86527,288734.17,8865763.0929000,0
2025-11-23 08:00:00,30.883,31.198,30.722,31.075,642313.78,2025-11-23 08:59:59.999,19903082.20139,82893,303631.66,9408031.2881400,0
2025-11-23 09:00:00,31.076,31.604,30.973,31.534,444613.72,2025-11-23 09:59:59.999,13951458.4543,73675,240058.20,7534953.2667300,0
2025-11-23 10:00:00,31.535,31.595,31.279,31.387,391787.02,2025-11-23 10:59:59.999,12309708.4015,61790,210647.35,6617372.5545400,0
2025-11-23 11:00:00,31.387,31.689,31.315,31.554,277101.22,2025-11-23 11:59:59.999,8721117.41521,51988,129317.19,4071713.8260800,0
2025-11-23 12:00:00,31.555,32.069,31.282,31.37,851148.88,2025-11-23 12:59:59.999,27067661.26219,102369,476504.45,15170934.9253000,0
2025-11-23 13:00:00,31.373,31.392,30.858,31.255,694914.97,2025-11-23 13:59:59.999,21613417.45069,89366,336070.61,10452583.0632600,0
2025-11-23 14:00:00,31.254,31.417,30.61,30.727,560439.13,2025-11-23 14:59:59.999,17361961.41457,89391,248032.96,7690088.2037200,0
2025-11-23 15:00:00,30.727,31.271,30.614,31.181,421580.86,2025-11-23 15:59:59.999,13048597.76459,73863,217796.42,6741533.7312800,0
2025-11-23 16:00:00,31.18,31.212,30.239,30.274,630654.45,2025-11-23 16:59:59.999,19359356.8149,97672,263491.43,8093806.8549200,0
2025-11-23 17:00:00,30.275,30.729,30.252,30.609,512549.11,2025-11-23 17:59:59.999,15627741.78223,85739,269971.47,8230886.5894600,0
2025-11-23 18:00:00,30.609,30.89,30.537,30.808,311084.77,2025-11-23 18:59:59.999,9564102.80557,59603,177844.92,5468355.8879800,0
2025-11-23 19:00:00,30.808,31.24,30.706,31.012,347196.82,2025-11-23 19:59:59.999,10750530.31221,64568,165679.68,5131237.0937200,0
2025-11-23 20:00:00,31.011,31.928,30.895,31.86,751344.42,2025-11-23 20:59:59.999,23607875.1818,92594,397129.67,12488344.2312200,0
2025-11-23 21:00:00,31.862,32.5,31.516,32.279,916485.14,2025-11-23 21:59:59.999,29430409.05255,126165,473055.81,15200279.6344700,0
2025-11-23 22:00:00,32.278,32.642,32.008,32.328,589488.43,2025-11-23 22:59:59.999,19057962.11976,73614,307033.32,9935386.5020400,0
2025-11-23 23:00:00,32.33,32.354,31.486,31.863,768947.87,2025-11-23 23:59:59.999,24478413.75722,110121,359783.91,11455035.0980400,0
2025-11-24 00:00:00,31.863,32.239,31.497,31.855,699618.1,2025-11-24 00:59:59.999,22288254.54945,105627,376010.07,11987063.2177400,0
2025-11-24 01:00:00,31.853,32.781,31.713,32.718,606252.2,2025-11-24 01:59:59.999,19525608.23898,97971,339723.84,10955043.6812700,0
2025-11-24 02:00:00,32.718,33.729,32.661,33.67,1448075.61,2025-11-24 02:59:59.999,48268220.83321,176189,700821.48,23355980.7132300,0
2025-11-24 03:00:00,33.667,33.779,32.971,33.07,632115.72,2025-11-24 03:59:59.999,21104854.82089,100765,279286.02,9331955.8814700,0
2025-11-24 04:00:00,33.07,33.082,31.215,31.51,1537212.03,2025-11-24 04:59:59.999,49148673.3939,190781,680619.22,21764426.6894100,0
2025-11-24 05:00:00,31.509,32.167,31.411,31.594,779026.85,2025-11-24 05:59:59.999,24782356.70685,101903,410759.53,13074378.6723900,0
2025-11-24 06:00:00,31.594,31.627,31.148,31.509,571158.99,2025-11-24 06:59:59.999,17900802.2961,78365,277758.09,8705251.3409400,0
2025-11-24 07:00:00,31.508,31.826,31.34,31.578,496785.51,2025-11-24 07:59:59.999,15710831.22327,59132,223858.34,7082191.3958700,0
2025-11-24 08:00:00,31.577,31.709,31.188,31.453,357570.4,2025-11-24 08:59:59.999,11237259.1637,59346,185230.08,5822468.4695000,0
2025-11-24 09:00:00,31.456,31.644,31.049,31.532,571153.49,2025-11-24 09:59:59.999,17882403.59633,69682,278781.80,8724516.4675500,0
2025-11-24 10:00:00,31.53,31.794,31.504,31.696,295410.42,2025-11-24 10:59:59.999,9356387.51068,48007,139736.94,4426931.3697600,0
2025-11-24 11:00:00,31.695,31.765,31.196,31.212,395355.69,2025-11-24 11:59:59.999,12443930.0386,54367,171128.03,5386254.5713700,0
2025-11-24 12:00:00,31.212,31.284,30.407,30.546,685262.77,2025-11-24 12:59:59.999,21125473.2011,84755,265939.49,8202509.4118600,0
2025-11-24 13:00:00,30.547,31.488,30.466,31.158,738642.96,2025-11-24 13:59:59.999,22981635.61041,96576,391525.88,12175957.0697900,0
2025-11-24 14:00:00,31.156,31.945,30.905,31.143,960733.14,2025-11-24 14:59:59.999,30150451.07067,149356,492891.14,15477156.1732900,0
2025-11-24 15:00:00,31.144,31.261,30.617,31.029,866551.94,2025-11-24 15:59:59.999,26841515.76806,134545,443375.25,13736604.1597000,0
2025-11-24 16:00:00,31.03,31.505,31.03,31.146,544699.34,2025-11-24 16:59:59.999,17024771.66967,85709,272269.49,8512792.9970300,0
2025-11-24 17:00:00,31.148,31.915,31.105,31.878,748650.04,2025-11-24 17:59:59.999,23654075.55287,93549,423307.98,13375871.5217800,0
2025-11-24 18:00:00,31.877,32.392,31.871,32.238,738202.01,2025-11-24 18:59:59.999,23714174.14908,88064,378901.48,12172284.7761300,0
2025-11-24 19:00:00,32.237,32.468,32.062,32.458,429665.91,2025-11-24 19:59:59.999,13867351.00987,66497,203846.65,6581887.8600300,0
2025-11-24 20:00:00,32.459,32.985,32.459,32.888,593671.17,2025-11-24 20:59:59.999,19427598.28822,76129,262740.22,8601369.7922100,0
2025-11-24 21:00:00,32.891,32.92,32.374,32.421,384044.34,2025-11-24 21:59:59.999,12539055.48236,54345,155718.96,5087099.2954900,0
2025-11-24 22:00:00,32.421,33.674,32.404,33.403,814963.37,2025-11-24 22:59:59.999,27006084.84911,69339,397581.78,13190877.4366700,0
2025-11-24 23:00:00,33.4,34.66,33.189,33.728,1882127.85,2025-11-24 23:59:59.999,63893476.32723,210082,1062855.43,36079795.2142700,0
2025-11-25 00:00:00,33.728,33.746,33.106,33.278,713900.88,2025-11-25 00:59:59.999,23828815.7426,103291,291603.07,9734763.2630600,0
2025-11-25 01:00:00,33.278,33.82,33.103,33.135,426719.93,2025-11-25 01:59:59.999,14274781.15861,73334,213656.55,7153243.0561100,0
2025-11-25 02:00:00,33.137,33.272,32.601,33.047,779949.0,2025-11-25 02:59:59.999,25655377.28386,99017,373215.21,12279095.3089900,0
2025-11-25 03:00:00,33.047,33.162,32.212,32.599,644692.98,2025-11-25 03:59:59.999,21008759.96209,90201,299875.92,9770259.8948600,0
2025-11-25 04:00:00,32.6,32.895,32.51,32.696,370688.61,2025-11-25 04:59:59.999,12126537.08728,70839,180422.44,5902403.7442000,0
2025-11-25 05:00:00,32.697,32.797,32.416,32.663,192636.12,2025-11-25 05:59:59.999,6285584.5754,46456,97848.69,3194331.9174100,0
2025-11-25 06:00:00,32.663,32.664,31.943,32.127,469490.29,2025-11-25 06:59:59.999,15114159.4198,57297,202886.21,6533420.9013400,0
2025-11-25 07:00:00,32.128,32.241,31.789,31.882,395303.12,2025-11-25 07:59:59.999,12644597.5005,58250,186620.10,5972095.6377400,0
2025-11-25 08:00:00,31.882,33.707,31.882,32.934,1262080.17,2025-11-25 08:59:59.999,41504787.39251,149124,655061.86,21528262.7892400,0
2025-11-25 09:00:00,32.934,34.44,32.5,34.349,1816455.34,2025-11-25 09:59:59.999,60904370.2028,213801,1050595.69,35289685.3076800,0
2025-11-25 10:00:00,34.348,34.496,32.502,32.707,2401716.02,2025-11-25 10:59:59.999,79918974.83144,280343,1112206.03,37025774.4338100,0
2025-11-25 11:00:00,32.7,32.796,32.363,32.517,487983.29,2025-11-25 11:59:59.999,15908579.58935,87492,217684.26,7100634.7693900,0
2025-11-25 12:00:00,32.518,33.003,32.456,32.756,451948.11,2025-11-25 12:59:59.999,14800723.70936,76133,220295.49,7214584.9408500,0
2025-11-25 13:00:00,32.756,33.149,32.245,32.397,520044.18,2025-11-25 13:59:59.999,17005178.1236,84270,245057.67,8016448.2484200,0
2025-11-25 14:00:00,32.398,32.826,31.801,32.161,935966.76,2025-11-25 14:59:59.999,30270742.69816,125026,373905.44,12091893.7623000,0
2025-11-25 15:00:00,32.16,32.633,31.913,32.271,632223.15,2025-11-25 15:59:59.999,20436744.13296,87802,329202.67,10643700.2798300,0
2025-11-25 16:00:00,32.267,32.501,31.986,32.234,340450.99,2025-11-25 16:59:59.999,10984554.87366,61321,176124.60,5685279.4718800,0
2025-11-25 17:00:00,32.233,32.699,32.067,32.444,429825.58,2025-11-25 17:59:59.999,13911201.1986,70492,219775.91,7119209.2202000,0
2025-11-25 18:00:00,32.443,32.516,32.228,32.269,196760.99,2025-11-25 18:59:59.999,6374712.65812,41771,89901.96,2913146.4655400,0
2025-11-25 19:00:00,32.271,32.37,31.8,32.339,488236.28,2025-11-25 19:59:59.999,15657669.84962,71821,251815.57,8078813.5994400,0
2025-11-25 20:00:00,32.344,32.875,32.16,32.694,378270.62,2025-11-25 20:59:59.999,12316295.20983,57042,222727.36,7259784.3727000,0
2025-11-25 21:00:00,32.696,32.951,32.526,32.684,291361.58,2025-11-25 21:59:59.999,9538302.42822,48440,149421.52,4892746.6954300,0
2025-11-25 22:00:00,32.683,33.302,32.345,33.251,409761.32,2025-11-25 22:59:59.999,13431669.43725,53976,217297.12,7130030.4141200,0
2025-11-25 23:00:00,33.25,33.931,33.146,33.717,739738.96,2025-11-25 23:59:59.999,24920150.62202,97813,365765.89,12322731.7426700,0
2025-11-26 00:00:00,33.717,34.3,33.624,34.06,570102.62,2025-11-26 00:59:59.999,19365420.0284,78447,272095.65,9248941.8387100,0
2025-11-26 01:00:00,34.06,34.445,33.878,34.257,364327.07,2025-11-26 01:59:59.999,12465505.48022,62548,193087.55,6611502.8972600,0
2025-11-26 02:00:00,34.257,34.653,34.028,34.201,612524.86,2025-11-26 02:59:59.999,21042598.89558,75366,309356.37,10630654.7954500,0
2025-11-26 03:00:00,34.2,34.344,33.786,33.901,548546.18,2025-11-26 03:59:59.999,18668065.61227,74994,272849.38,9286923.0517600,0
2025-11-26 04:00:00,33.9,34.042,33.6,34.007,323855.2,2025-11-26 04:59:59.999,10960371.46212,52938,167638.53,5673332.7449600,0
2025-11-26 05:00:00,34.006,34.784,33.979,34.64,579029.67,2025-11-26 05:59:59.999,19936991.3026,74336,329626.58,11350798.1968900,0
2025-11-26 06:00:00,34.639,35.019,34.441,34.499,660880.97,2025-11-26 06:59:59.999,22970022.67212,100810,330155.02,11478279.0912100,0
2025-11-26 07:00:00,34.498,34.799,34.3,34.742,395744.5,2025-11-26 07:59:59.999,13654695.4685,59304,190110.56,6561551.2604800,0
2025-11-26 08:00:00,34.741,34.784,34.458,34.558,222828.36,2025-11-26 08:59:59.999,7718381.28616,39068,113832.34,3944834.7637000,0
2025-11-26 09:00:00,34.56,34.623,33.824,33.911,531197.5,2025-11-26 09:59:59.999,18142720.12246,64663,189404.83,6471966.9216900,0
2025-11-26 10:00:00,33.913,33.994,33.594,33.762,440201.12,2025-11-26 10:59:59.999,14858975.94858,53317,198356.84,6697309.2535700,0
2025-11-26 11:00:00,33.763,34.022,33.654,33.686,243199.9,2025-11-26 11:59:59.999,8224255.81613,42436,123800.90,4188737.0570600,0
2025-11-26 12:00:00,33.685,33.725,33.01,33.319,577506.71,2025-11-26 12:59:59.999,19230241.87486,80153,251210.04,8363339.0871700,0
2025-11-26 13:00:00,33.319,33.966,33.211,33.743,464408.68,2025-11-26 13:59:59.999,15608217.9797,61413,274576.44,9223751.5080000,0
2025-11-26 14:00:00,33.743,34.3,33.593,33.743,594187.55,2025-11-26 14:59:59.999,20146072.97635,80093,326558.58,11075700.6139400,0
2025-11-26 15:00:00,33.741,34.16,33.655,33.827,376726.4,2025-11-26 15:59:59.999,12775372.44936,66200,209855.25,7120031.7052200,0
2025-11-26 16:00:00,33.827,34.506,33.772,34.361,378153.72,2025-11-26 16:59:59.999,12916941.7854,62125,228478.13,7808690.2244900,0
2025-11-26 17:00:00,34.362,35.396,34.237,35.368,901563.69,2025-11-26 17:59:59.999,31573132.69243,116189,514497.03,18021263.7496500,0
2025-11-26 18:00:00,35.369,35.655,35.03,35.25,660355.29,2025-11-26 18:59:59.999,23326259.44208,88634,323348.16,11420264.9513400,0
2025-11-26 19:00:00,35.25,35.396,34.918,35.198,300414.92,2025-11-26 19:59:59.999,10542908.32314,55623,159293.12,5591152.6470000,0
2025-11-26 20:00:00,35.198,35.79,34.831,35.714,322298.81,2025-11-26 20:59:59.999,11378838.29663,57135,190738.33,6737789.6743900,0
2025-11-26 21:00:00,35.714,36.288,35.56,36.146,609173.9,2025-11-26 21:59:59.999,21879675.40601,88446,349941.23,12575124.9901700,0
2025-11-26 22:00:00,36.147,36.359,35.898,36.305,335885.82,2025-11-26 22:59:59.999,12136137.65498,56633,177528.64,6416147.9103400,0
2025-11-26 23:00:00,36.304,36.332,35.68,36.222,430244.06,2025-11-26 23:59:59.999,15482711.05999,59431,230724.85,8303408.0981000,0
2025-11-27 00:00:00,36.22,36.22,35.718,35.96,340474.81,2025-11-27 00:59:59.999,12232556.5998,58884,166206.42,5971042.2964900,0
2025-11-27 01:00:00,35.96,36.537,35.817,36.341,354079.87,2025-11-27 01:59:59.999,12796393.68642,58740,212455.79,7682662.2434600,0
2025-11-27 02:00:00,36.34,36.462,36.118,36.159,426033.48,2025-11-27 02:59:59.999,15452573.08156,69950,208453.22,7561863.2176800,0
2025-11-27 03:00:00,36.159,36.24,35.529,35.65,478286.13,2025-11-27 03:59:59.999,17172472.93208,73189,178457.57,6406717.8508700,0
2025-11-27 04:00:00,35.652,35.916,35.463,35.59,205063.05,2025-11-27 04:59:59.999,7316392.74156,40797,101635.16,3627361.3300600,0
2025-11-27 05:00:00,35.59,35.615,35.297,35.332,237543.18,2025-11-27 05:59:59.999,8417159.36294,42707,96894.63,3434220.9302700,0
2025-11-27 06:00:00,35.333,35.669,35.333,35.395,152380.95,2025-11-27 06:59:59.999,5410715.74889,35610,72075.29,2559986.2227500,0
2025-11-27 07:00:00,35.395,35.595,35.315,35.548,165534.69,2025-11-27 07:59:59.999,5866915.07193,24700,91430.29,3241288.1249300,0
2025-11-27 08:00:00,35.549,35.614,35.174,35.423,236978.86,2025-11-27 08:59:59.999,8381210.64312,31872,118321.59,4185257.3675000,0
2025-11-27 09:00:00,35.422,35.535,35.232,35.301,232179.7,2025-11-27 09:59:59.999,8216098.85516,36399,114625.90,4057484.4160500,0
2025-11-27 10:00:00,35.3,35.316,34.908,35.007,314922.21,2025-11-27 10:59:59.999,11054733.64867,42377,147527.13,5180148.2469800,0
2025-11-27 11:00:00,35.006,35.011,34.455,34.795,771056.33,2025-11-27 11:59:59.999,26720801.17399,88795,334786.07,11606226.6306000,0
2025-11-27 12:00:00,34.795,34.954,34.536,34.629,397124.69,2025-11-27 12:59:59.999,13796721.58068,56331,170880.08,5939419.9419100,0
2025-11-27 13:00:00,34.631,34.917,34.617,34.847,238646.0,2025-11-27 13:59:59.999,8297217.09311,40510,134747.58,4685870.2505100,0
2025-11-27 14:00:00,34.847,34.873,34.548,34.705,245987.51,2025-11-27 14:59:59.999,8542401.44816,41013,126036.14,4377607.9663500,0
2025-11-27 15:00:00,34.705,34.802,34.501,34.696,202133.1,2025-11-27 15:59:59.999,7001375.68855,34558,108624.40,3763148.3672700,0
2025-11-27 16:00:00,34.696,35.508,34.527,35.36,539061.79,2025-11-27 16:59:59.999,18893913.37331,73678,321707.27,11273961.6303500,0
2025-11-27 17:00:00,35.36,35.766,35.251,35.471,386816.88,2025-11-27 17:59:59.999,13736401.3305,53130,207456.94,7371951.2842900,0
2025-11-27 18:00:00,35.471,35.795,35.3,35.795,223592.7,2025-11-27 18:59:59.999,7930274.8195,31179,134612.08,4774406.8673400,0
2025-11-27 19:00:00,35.794,35.798,35.558,35.721,127455.24,2025-11-27 19:59:59.999,4549380.4103,22997,64898.09,2316608.8501600,0
2025-11-27 20:00:00,35.721,35.961,35.483,35.501,219331.27,2025-11-27 20:59:59.999,7834409.81707,33081,90444.30,3234918.6211800,0
2025-11-27 21:00:00,35.501,35.614,35.032,35.083,337987.41,2025-11-27 21:59:59.999,11937743.36476,38752,157707.78,5570920.0411200,0
2025-11-27 22:00:00,35.081,35.174,34.674,34.733,316954.36,2025-11-27 22:59:59.999,11066858.27382,35554,153554.17,5362055.4386000,0
2025-11-27 23:00:00,34.734,34.922,34.65,34.723,218545.71,2025-11-27 23:59:59.999,7602322.68239,34326,117488.19,4087146.5448300,0
2025-11-28 00:00:00,34.723,34.838,34.472,34.495,342414.91,2025-11-28 00:59:59.999,11867387.55927,40309,150235.44,5208236.7850600,0
2025-11-28 01:00:00,34.495,34.578,34.082,34.205,434654.76,2025-11-28 01:59:59.999,14910675.23478,55335,176440.24,6051962.5298800,0
2025-11-28 02:00:00,34.205,34.273,33.769,34.098,477012.56,2025-11-28 02:59:59.999,16220176.61927,65489,203755.54,6929444.8077200,0
2025-11-28 03:00:00,34.098,34.872,34.05,34.871,459708.9,2025-11-28 03:59:59.999,15828001.76484,47519,280572.91,9660758.2591000,0
2025-11-28 04:00:00,34.872,35.533,34.695,35.3,548528.57,2025-11-28 04:59:59.999,19332861.49784,67940,280051.18,9867452.4284700,0
2025-11-28 05:00:00,35.301,35.498,34.969,35.166,347057.31,2025-11-28 05:59:59.999,12219709.34498,57137,147078.44,5178459.5888600,0
2025-11-28 06:00:00,35.167,35.168,34.796,34.823,259219.79,2025-11-28 06:59:59.999,9059757.36361,37617,100641.16,3516442.2659600,0
2025-11-28 07:00:00,34.823,34.899,34.474,34.665,314378.96,2025-11-28 07:59:59.999,10889984.16248,40811,151293.74,5240126.1837300,0
2025-11-28 08:00:00,34.664,35.105,34.617,35.09,335754.88,2025-11-28 08:59:59.999,11694747.63749,52333,187259.10,6522669.1403000,0
2025-11-28 09:00:00,35.093,35.902,35.025,35.755,601299.4,2025-11-28 09:59:59.999,21282352.92915,89055,348510.70,12330503.0381500,0
2025-11-28 10:00:00,35.755,36.32,35.624,36.092,544487.42,2025-11-28 10:59:59.999,19594318.52296,82259,292854.93,10540790.8079100,0
2025-11-28 11:00:00,36.09,36.221,35.68,35.958,459694.07,2025-11-28 11:59:59.999,16547936.20169,68506,226761.37,8165640.7417300,0
2025-11-28 12:00:00,35.958,36.156,35.695,35.809,320972.2,2025-11-28 12:59:59.999,11520395.73828,51164,159858.19,5740179.0290100,0
2025-11-28 13:00:00,35.81,36.296,35.602,36.199,364695.92,2025-11-28 13:59:59.999,13113845.02421,56836,174339.83,6268062.1573600,0
2025-11-28 14:00:00,36.199,36.809,36.017,36.436,895265.3,2025-11-28 14:59:59.999,32564702.13543,128589,437499.52,15921092.1907200,0
2025-11-28 15:00:00,36.436,36.512,35.294,35.479,813174.21,2025-11-28 15:59:59.999,29153921.72505,129799,312107.49,11194597.9845000,0
2025-11-28 16:00:00,35.479,35.597,34.723,34.76,928246.01,2025-11-28 16:59:59.999,32568875.27183,108959,491746.66,17260793.2022600,0
2025-11-28 17:00:00,34.76,34.883,34.501,34.684,509667.5,2025-11-28 17:59:59.999,17676792.1191,84970,256254.31,8890852.6895500,0
2025-11-28 18:00:00,34.685,34.946,34.14,34.45,612540.14,2025-11-28 18:59:59.999,21129471.82195,81233,271104.21,9351643.8870500,0
2025-11-28 19:00:00,34.449,34.754,34.382,34.541,380156.01,2025-11-28 19:59:59.999,13147827.51194,51019,223959.26,7746345.8548900,0
2025-11-28 20:00:00,34.541,34.65,34.349,34.633,216537.08,2025-11-28 20:59:59.999,7470039.95938,33859,133041.66,4590121.4174400,0
2025-11-28 21:00:00,34.633,34.686,34.288,34.447,205215.09,2025-11-28 21:59:59.999,7083266.68044,33248,106607.78,3680979.7718700,0
2025-11-28 22:00:00,34.448,35.0,34.258,34.959,255501.52,2025-11-28 22:59:59.999,8836788.31439,35535,152958.00,5292870.0542300,0
2025-11-28 23:00:00,34.959,35.299,34.806,34.924,405947.45,2025-11-28 23:59:59.999,14238052.93573,55688,216567.91,7596922.5712100,0
2025-11-29 00:00:00,34.923,35.145,34.824,35.07,330958.72,2025-11-29 00:59:59.999,11575742.1478,51374,168297.89,5887421.8253100,0
2025-11-29 01:00:00,35.069,35.097,34.753,34.969,253369.06,2025-11-29 01:59:59.999,8846127.11489,43166,128257.10,4477576.1194800,0
2025-11-29 02:00:00,34.971,35.089,34.614,34.748,302182.87,2025-11-29 02:59:59.999,10532195.02594,48362,147657.35,5149834.8035700,0
2025-11-29 03:00:00,34.742,34.879,34.64,34.818,201030.17,2025-11-29 03:59:59.999,6985327.11998,27898,105949.88,3682044.3217400,0
2025-11-29 04:00:00,34.819,34.93,34.351,34.767,487501.47,2025-11-29 04:59:59.999,16853728.94517,59013,213044.58,7369632.1986300,0
2025-11-29 05:00:00,34.761,35.076,34.618,34.854,422186.03,2025-11-29 05:59:59.999,14711651.86075,51901,268854.43,9367796.6923200,0
2025-11-29 06:00:00,34.855,34.857,34.079,34.504,654490.38,2025-11-29 06:59:59.999,22530874.40381,76393,295509.41,10175478.4407900,0
2025-11-29 07:00:00,34.502,36.449,34.257,35.946,1832095.6,2025-11-29 07:59:59.999,65305031.04538,227457,895795.08,31894936.2119100,0
2025-11-29 08:00:00,35.946,36.037,35.3,35.43,451946.08,2025-11-29 08:59:59.999,16099533.27093,70442,189979.83,6769243.9059900,0
2025-11-29 09:00:00,35.431,35.713,35.313,35.467,372371.06,2025-11-29 09:59:59.999,13209793.02459,60365,191691.81,6800669.3342300,0
2025-11-29 10:00:00,35.468,35.956,35.258,35.5,481378.46,2025-11-29 10:59:59.999,17138068.55368,74996,220848.93,7858658.2430800,0
2025-11-29 11:00:00,35.501,35.768,35.241,35.715,366893.26,2025-11-29 11:59:59.999,12995048.37678,51533,184281.06,6527846.8729900,0
2025-11-29 12:00:00,35.716,36.233,35.641,36.005,509829.6,2025-11-29 12:59:59.999,18359994.97637,90647,246171.62,8868454.6295200,0
2025-11-29 13:00:00,36.005,36.156,35.782,35.982,391878.61,2025-11-29 13:59:59.999,14100715.76793,59211,147218.24,5297083.6054200,0
2025-11-29 14:00:00,35.98,35.987,34.899,35.06,718554.4,2025-11-29 14:59:59.999,25399508.17791,82164,272720.56,9647239.8099600,0
2025-11-29 15:00:00,35.061,35.15,34.5,34.745,1009475.08,2025-11-29 15:59:59.999,35120337.13178,108068,549519.67,19122317.0693100,0
2025-11-29 16:00:00,34.745,35.067,34.582,34.922,428445.01,2025-11-29 16:59:59.999,14929848.38069,59091,233080.40,8121801.1458800,0
2025-11-29 17:00:00,34.922,35.066,34.311,34.455,445263.42,2025-11-29 17:59:59.999,15443488.5382,59984,203226.38,7049525.9340500,0
2025-11-29 18:00:00,34.455,34.813,34.001,34.618,753671.89,2025-11-29 18:59:59.999,25941433.35024,83848,385470.64,13263036.6992600,0
2025-11-29 19:00:00,34.618,34.718,34.329,34.455,180473.92,2025-11-29 19:59:59.999,6229512.68485,33444,87176.78,3008992.1991300,0
2025-11-29 20:00:00,34.455,34.647,34.177,34.602,237643.34,2025-11-29 20:59:59.999,8171292.573,37281,116432.96,4005119.2274500,0
2025-11-29 21:00:00,34.601,34.745,34.376,34.658,216779.11,2025-11-29 21:59:59.999,7496372.85457,34816,112134.45,3878292.4686800,0
2025-11-29 22:00:00,34.659,34.773,34.448,34.509,87264.33,2025-11-29 22:59:59.999,3019507.22049,17799,42168.81,1459664.7517000,0
2025-11-29 23:00:00,34.512,34.512,34.281,34.329,135109.38,2025-11-29 23:59:59.999,4643811.06735,24977,61152.60,2101887.9873200,0
2025-11-30 00:00:00,34.33,34.549,34.015,34.129,313641.49,2025-11-30 00:59:59.999,10756120.19551,45578,159902.05,5486878.5845000,0
2025-11-30 01:00:00,34.129,34.485,34.106,34.3,188138.73,2025-11-30 01:59:59.999,6458566.58976,34362,107837.61,3701565.4913100,0
2025-11-30 02:00:00,34.301,34.464,34.233,34.272,123697.55,2025-11-30 02:59:59.999,4251305.72282,21415,56810.91,1952470.2763200,0
2025-11-30 03:00:00,34.272,34.452,34.001,34.278,286209.21,2025-11-30 03:59:59.999,9794425.70455,35855,144702.78,4953615.1732300,0
2025-11-30 04:00:00,34.278,34.331,34.062,34.109,124006.04,2025-11-30 04:59:59.999,4238298.23391,23345,52722.05,1802589.3063400,0
2025-11-30 05:00:00,34.11,34.115,33.459,33.579,548788.76,2025-11-30 05:59:59.999,18531054.811,55068,206154.71,6964096.5186600,0
2025-11-30 06:00:00,33.577,33.938,33.334,33.693,695011.33,2025-11-30 06:59:59.999,23382673.13555,74602,357208.99,12022379.8344300,0
2025-11-30 07:00:00,33.694,34.011,33.618,33.96,284429.51,2025-11-30 07:59:59.999,9634185.29745,39849,145323.02,4923684.7272900,0
2025-11-30 08:00:00,33.96,34.068,33.838,33.996,205833.59,2025-11-30 08:59:59.999,6992444.0279,40266,110196.19,3744770.8707400,0
2025-11-30 09:00:00,33.997,34.068,33.691,33.817,174124.62,2025-11-30 09:59:59.999,5900814.0566,32299,87587.84,2969623.9830000,0
2025-11-30 10:00:00,33.818,33.875,33.203,33.225,480310.26,2025-11-30 10:59:59.999,16079155.44573,60015,193407.62,6475972.4684600,0
2025-11-30 11:00:00,33.226,33.33,32.898,32.999,721984.19,2025-11-30 11:59:59.999,23885139.75551,79563,300220.93,9935966.2358800,0
2025-11-30 12:00:00,32.999,33.297,32.868,33.138,489053.26,2025-11-30 12:59:59.999,16180290.16864,54762,287515.49,9516065.5898900,0
2025-11-30 13:00:00,33.139,33.773,33.139,33.588,774877.66,2025-11-30 13:59:59.999,25967340.99902,71906,409973.71,13737356.3839900,0
2025-11-30 14:00:00,33.589,33.641,33.141,33.21,393866.56,2025-11-30 14:59:59.999,13101810.93279,50537,172677.50,5744129.8030500,0
2025-11-30 15:00:00,33.208,33.218,32.889,33.035,396344.32,2025-11-30 15:59:59.999,13105051.04441,51587,174590.90,5775035.0554800,0
2025-11-30 16:00:00,33.036,33.599,33.036,33.563,295027.29,2025-11-30 16:59:59.999,9850379.11179,37618,164825.87,5501978.1467100,0
2025-11-30 17:00:00,33.563,33.744,33.36,33.709,300794.93,2025-11-30 17:59:59.999,10099692.86934,36681,149511.87,5020622.0320500,0
2025-11-30 18:00:00,33.709,33.977,33.536,33.903,187942.02,2025-11-30 18:59:59.999,6335896.24263,26917,108294.27,3652122.2939200,0
2025-11-30 19:00:00,33.903,33.966,33.672,33.724,121013.09,2025-11-30 19:59:59.999,4088370.70676,20837,57651.21,1947248.2950700,0
2025-11-30 20:00:00,33.724,33.812,33.315,33.334,250658.01,2025-11-30 20:59:59.999,8403921.41406,31783,98520.93,3301111.1088900,0
2025-11-30 21:00:00,33.335,33.386,33.133,33.152,170053.28,2025-11-30 21:59:59.999,5654173.83544,28723,77179.66,2566208.8076000,0
2025-11-30 22:00:00,33.152,33.261,32.699,32.773,346012.57,2025-11-30 22:59:59.999,11402192.51873,36842,129780.34,4283241.7827900,0
2025-11-30 23:00:00,32.773,32.788,31.827,31.934,975130.72,2025-11-30 23:59:59.999,31463062.88903,92717,373551.39,12059259.0645700,0
2025-12-01 00:00:00,31.934,32.067,30.6,30.61,1933234.19,2025-12-01 00:59:59.999,60477453.13619,193314,812259.36,25419496.9971800,0
2025-12-01 01:00:00,30.608,31.372,30.511,31.24,1206223.23,2025-12-01 01:59:59.999,37367449.53842,136147,645254.54,19996611.9573400,0
2025-12-01 02:00:00,31.24,31.721,31.154,31.66,870956.1,2025-12-01 02:59:59.999,27362642.08459,116116,475137.54,14933888.1027600,0
2025-12-01 03:00:00,31.662,31.712,30.666,30.755,1174363.03,2025-12-01 03:59:59.999,36429377.61065,138634,532191.19,16512848.7095200,0
2025-12-01 04:00:00,30.753,30.85,30.502,30.511,529239.15,2025-12-01 04:59:59.999,16239324.60432,75937,245591.36,7540111.8784800,0
2025-12-01 05:00:00,30.512,30.752,30.277,30.437,572482.88,2025-12-01 05:59:59.999,17461345.83343,71688,274627.63,8384531.2042000,0
2025-12-01 06:00:00,30.438,30.767,30.41,30.74,313585.22,2025-12-01 06:59:59.999,9606224.86036,49843,172022.86,5270270.3012000,0
2025-12-01 07:00:00,30.739,31.243,30.693,31.198,376490.09,2025-12-01 07:59:59.999,11647170.99945,49310,210993.11,6529725.2439600,0
2025-12-01 08:00:00,31.198,31.376,30.782,31.146,397709.06,2025-12-01 08:59:59.999,12345609.45878,53972,190350.10,5909528.2101900,0
2025-12-01 09:00:00,31.144,31.365,30.93,31.058,326341.29,2025-12-01 09:59:59.999,10165403.84502,49319,164872.98,5135754.6787400,0
2025-12-01 10:00:00,31.058,31.428,31.009,31.256,303137.46,2025-12-01 10:59:59.999,9469846.46668,43442,159468.45,4980776.3118600,0
2025-12-01 11:00:00,31.256,31.256,30.564,30.629,464715.69,2025-12-01 11:59:59.999,14302749.59051,53164,205933.81,6339522.6942700,0
2025-12-01 12:00:00,30.63,30.809,29.85,30.236,952896.59,2025-12-01 12:59:59.999,28813400.5102,107276,372014.47,11258015.6211000,0
2025-12-01 13:00:00,30.236,30.579,29.135,29.609,1343824.13,2025-12-01 13:59:59.999,39987969.08628,157333,570867.16,17003344.0560200,0
2025-12-01 14:00:00,29.605,30.107,29.2,29.755,940800.11,2025-12-01 14:59:59.999,27944546.2434,152101,455292.40,13531407.0584000,0
2025-12-01 15:00:00,29.754,29.966,29.386,29.764,938287.47,2025-12-01 15:59:59.999,27831825.2457,134426,470943.60,13978598.7534100,0
2025-12-01 16:00:00,29.764,29.774,29.218,29.547,718285.61,2025-12-01 16:59:59.999,21188160.65442,105684,406698.84,12000739.3231500,0
2025-12-01 17:00:00,29.548,29.813,29.359,29.565,556221.92,2025-12-01 17:59:59.999,16470845.05743,96432,330873.68,9798494.1191800,0
2025-12-01 18:00:00,29.565,30.004,29.536,29.681,530522.15,2025-12-01 18:59:59.999,15779171.57446,82681,297007.80,8833370.4990900,0
2025-12-01 19:00:00,29.68,29.784,29.373,29.528,318012.6,2025-12-01 19:59:59.999,9395590.08871,57236,153495.69,4535816.1818800,0
2025-12-01 20:00:00,29.528,30.277,29.52,30.232,653633.03,2025-12-01 20:59:59.999,19575379.04026,94928,365507.68,10947710.9430600,0
2025-12-01 21:00:00,30.232,30.678,30.161,30.603,628199.88,2025-12-01 21:59:59.999,19141129.69373,91792,353442.77,10770112.4261000,0
2025-12-01 22:00:00,30.603,31.263,30.594,31.207,692567.53,2025-12-01 22:59:59.999,21415066.72216,74365,368833.31,11415430.9091600,0
2025-12-01 23:00:00,31.206,31.489,30.972,31.01,699446.51,2025-12-01 23:59:59.999,21850824.35548,90342,311183.18,9724419.7191700,0
2025-12-02 00:00:00,31.01,31.532,30.59,30.742,863938.26,2025-12-02 00:59:59.999,26814380.73645,94156,415575.79,12908757.1885800,0
2025-12-02 01:00:00,30.743,31.187,30.351,30.419,621615.16,2025-12-02 01:59:59.999,19067493.48147,92681,289497.06,8886000.1557600,0
2025-12-02 02:00:00,30.419,30.895,30.349,30.61,413091.85,2025-12-02 02:59:59.999,12662952.72608,65930,223185.36,6840877.2647700,0
2025-12-02 03:00:00,30.609,31.193,30.566,31.063,564516.06,2025-12-02 03:59:59.999,17444150.07283,81147,311241.55,9620278.0807600,0
2025-12-02 04:00:00,31.062,31.398,30.902,31.112,306315.38,2025-12-02 04:59:59.999,9537621.07772,55003,161999.89,5044678.0229700,0
2025-12-02 05:00:00,31.112,31.39,30.974,31.327,347296.66,2025-12-02 05:59:59.999,10830220.68829,62810,195775.69,6106264.7393100,0
2025-12-02 06:00:00,31.327,31.836,31.118,31.79,434991.6,2025-12-02 06:59:59.999,13718325.97241,59902,247494.46,7809035.2597600,0
2025-12-02 07:00:00,31.786,31.967,31.6,31.679,321948.73,2025-12-02 07:59:59.999,10229986.95763,50667,161934.61,5146795.5077400,0
2025-12-02 08:00:00,31.68,31.784,31.091,31.238,453829.78,2025-12-02 08:59:59.999,14243618.02317,61168,208840.19,6556613.9885000,0
2025-12-02 09:00:00,31.24,31.478,31.13,31.294,265222.18,2025-12-02 09:59:59.999,8309233.17418,49886,140525.99,4403668.6493300,0
2025-12-02 10:00:00,31.293,32.015,31.278,31.88,373272.83,2025-12-02 10:59:59.999,11821846.93937,56700,203301.38,6440382.2275800,0
2025-12-02 11:00:00,31.88,31.977,31.684,31.808,296267.42,2025-12-02 11:59:59.999,9423787.0187,56120,147676.10,4697901.5927200,0
2025-12-02 12:00:00,31.807,32.05,31.748,31.872,274539.06,2025-12-02 12:59:59.999,8749687.53286,54487,139083.50,4433598.7244400,0
2025-12-02 13:00:00,31.872,32.533,31.804,32.106,709732.29,2025-12-02 13:59:59.999,22888175.62295,82570,348194.51,11228104.4536800,0
2025-12-02 14:00:00,32.106,33.466,31.478,32.601,3630061.42,2025-12-02 14:59:59.999,118290522.15206,403347,1851450.89,60335939.8009000,0
2025-12-02 15:00:00,32.6,33.1,32.302,32.972,1490690.01,2025-12-02 15:59:59.999,48773155.96803,219121,752778.65,24639067.5561600,0
2025-12-02 16:00:00,32.971,33.715,32.638,32.759,1099951.3,2025-12-02 16:59:59.999,36418363.81678,141614,547365.87,18131468.2991700,0
2025-12-02 17:00:00,32.758,33.224,32.607,32.804,496768.43,2025-12-02 17:59:59.999,16375731.0293,73486,228363.08,7527771.3686600,0
2025-12-02 18:00:00,32.804,33.394,32.749,33.384,323250.92,2025-12-02 18:59:59.999,10693040.12211,54267,181721.55,6010839.7221600,0
2025-12-02 19:00:00,33.383,33.704,33.07,33.093,464945.27,2025-12-02 19:59:59.999,15543928.84313,64308,203729.52,6812940.3798400,0
2025-12-02 20:00:00,33.092,33.141,32.602,32.838,411702.3,2025-12-02 20:59:59.999,13535274.66482,60565,184075.96,6051651.6697600,0
2025-12-02 21:00:00,32.837,32.98,32.736,32.897,294977.91,2025-12-02 21:59:59.999,9696520.47416,42340,162773.30,5351570.9692100,0
2025-12-02 22:00:00,32.897,33.714,32.78,33.701,309480.72,2025-12-02 22:59:59.999,10294506.63394,38651,182862.34,6086638.9511500,0
2025-12-02 23:00:00,33.7,34.406,33.62,33.848,930957.98,2025-12-02 23:59:59.999,31687169.73019,127896,505216.61,17195358.7611400,0
2025-12-03 00:00:00,33.845,33.985,33.445,33.488,404476.34,2025-12-03 00:59:59.999,13625595.33038,66176,167005.05,5631689.0804100,0
2025-12-03 01:00:00,33.488,33.791,33.349,33.532,361757.45,2025-12-03 01:59:59.999,12139150.08642,53048,176779.20,5933957.0488100,0
2025-12-03 02:00:00,33.53,33.977,33.504,33.739,298682.9,2025-12-03 02:59:59.999,10089196.27092,59494,143943.88,4862633.6515300,0
2025-12-03 03:00:00,33.739,34.814,33.666,34.201,764726.92,2025-12-03 03:59:59.999,26301705.1373,96281,400588.18,13775540.0288100,0
2025-12-03 04:00:00,34.201,34.761,34.192,34.629,453389.41,2025-12-03 04:59:59.999,15630093.15531,72007,241342.00,8322601.8472500,0
2025-12-03 05:00:00,34.628,35.385,34.48,34.485,883713.79,2025-12-03 05:59:59.999,30833906.91042,98226,449527.42,15696571.2452100,0
2025-12-03 06:00:00,34.485,34.74,34.165,34.236,620728.15,2025-12-03 06:59:59.999,21387557.48308,87200,300002.38,10346480.3936800,0
2025-12-03 07:00:00,34.238,34.404,34.024,34.221,329051.82,2025-12-03 07:59:59.999,11255283.94493,51038,175073.94,5992024.2577400,0
2025-12-03 08:00:00,34.222,34.454,34.033,34.117,202905.73,2025-12-03 08:59:59.999,6942970.05536,39609,93295.91,3194051.2537100,0
2025-12-03 09:00:00,34.118,34.559,34.087,34.475,176067.41,2025-12-03 09:59:59.999,6035908.32134,35779,104622.95,3587777.3882100,0
2025-12-03 10:00:00,34.475,34.62,33.773,33.823,463055.89,2025-12-03 10:59:59.999,15852517.46714,58616,202227.30,6932573.4109600,0
2025-12-03 11:00:00,33.825,34.062,33.449,33.761,621604.64,2025-12-03 11:59:59.999,20954415.71114,63759,299582.62,10101972.1991800,0
2025-12-03 12:00:00,33.76,33.994,33.612,33.981,222675.79,2025-12-03 12:59:59.999,7524844.45977,39116,126977.03,4292792.0686100,0
2025-12-03 13:00:00,33.98,34.3,33.899,34.025,326652.41,2025-12-03 13:59:59.999,11136981.63257,50168,169460.87,5777764.7933000,0
2025-12-03 14:00:00,34.025,34.7,33.436,33.868,1017655.16,2025-12-03 14:59:59.999,34617715.10845,145380,492354.69,16758352.1541900,0
2025-12-03 15:00:00,33.869,34.278,33.636,34.049,482488.75,2025-12-03 15:59:59.999,16400914.98912,83925,224365.20,7633092.3669500,0
2025-12-03 16:00:00,34.049,34.501,33.864,34.133,474695.55,2025-12-03 16:59:59.999,16233177.97979,70188,256770.48,8784646.3351900,0
2025-12-03 17:00:00,34.133,34.472,33.905,34.419,368601.26,2025-12-03 17:59:59.999,12588933.47154,57485,186701.44,6378013.6696400,0
2025-12-03 18:00:00,34.418,34.593,33.989,34.14,439613.44,2025-12-03 18:59:59.999,15073622.80339,59747,197080.60,6759411.8346500,0
2025-12-03 19:00:00,34.14,34.775,34.055,34.747,303575.11,2025-12-03 19:59:59.999,10419180.35831,45872,169265.32,5811574.4194100,0
2025-12-03 20:00:00,34.747,34.912,34.285,34.554,363792.67,2025-12-03 20:59:59.999,12574770.76828,57711,173096.80,5984065.9763400,0
2025-12-03 21:00:00,34.555,35.1,34.546,35.083,262373.45,2025-12-03 21:59:59.999,9158411.06971,42905,159224.24,5560300.5059600,0
2025-12-03 22:00:00,35.082,35.1,34.627,34.889,304682.62,2025-12-03 22:59:59.999,10621404.6757,41504,167057.76,5827158.8852100,0
2025-12-03 23:00:00,34.89,35.027,34.561,34.65,286042.31,2025-12-03 23:59:59.999,9948820.14664,49389,151651.65,5275271.8891700,0
2025-12-04 00:00:00,34.651,35.183,34.224,35.094,706470.35,2025-12-04 00:59:59.999,24448401.41994,72947,387355.39,13411621.8465800,0
2025-12-04 01:00:00,35.094,35.853,34.95,35.799,723649.32,2025-12-04 01:59:59.999,25730162.39907,95645,420403.57,14958048.2675500,0
2025-12-04 02:00:00,35.8,36.189,35.667,35.939,536308.95,2025-12-04 02:59:59.999,19283047.79225,78575,285075.91,10247934.3982700,0
2025-12-04 03:00:00,35.94,36.043,35.296,35.579,351952.03,2025-12-04 03:59:59.999,12534867.49098,53224,149476.97,5321587.2587200,0
2025-12-04 04:00:00,35.579,35.579,35.176,35.389,310938.07,2025-12-04 04:59:59.999,10993290.70781,46986,145985.61,5161304.8768600,0
2025-12-04 05:00:00,35.39,35.421,34.75,34.864,350652.0,2025-12-04 05:59:59.999,12272939.90757,48766,144761.67,5069559.9655000,0
2025-12-04 06:00:00,34.864,35.158,34.832,34.996,216920.26,2025-12-04 06:59:59.999,7594365.68572,36473,112657.57,3943930.3304800,0
2025-12-04 07:00:00,34.995,35.259,34.661,35.231,356095.22,2025-12-04 07:59:59.999,12438612.64353,44438,200354.51,7003308.2264200,0
2025-12-04 08:00:00,35.233,35.362,34.793,34.837,253491.41,2025-12-04 08:59:59.999,8892753.86241,37746,115332.69,4048987.2922700,0
2025-12-04 09:00:00,34.837,35.074,34.782,34.878,186363.37,2025-12-04 09:59:59.999,6505763.67922,30387,97731.07,3412635.7011300,0
2025-12-04 10:00:00,34.878,35.001,34.729,34.754,116866.18,2025-12-04 10:59:59.999,4075641.02111,21252,51318.46,1790374.7284500,0
2025-12-04 11:00:00,34.754,34.976,34.561,34.749,258712.08,2025-12-04 11:59:59.999,8991073.45281,40743,122694.62,4264663.6213100,0
2025-12-04 12:00:00,34.75,34.788,34.227,34.435,452307.86,2025-12-04 12:59:59.999,15585499.42316,47380,206702.08,7125759.5309600,0
2025-12-04 13:00:00,34.434,34.532,34.22,34.386,256756.18,2025-12-04 13:59:59.999,8827691.70914,44414,121080.62,4164216.5315200,0
2025-12-04 14:00:00,34.386,34.738,34.02,34.104,476387.31,2025-12-04 14:59:59.999,16408794.96327,67799,211980.43,7306511.6134900,0
2025-12-04 15:00:00,34.102,34.953,34.096,34.542,588137.49,2025-12-04 15:59:59.999,20319532.20149,78360,303992.45,10500374.0741700,0
2025-12-04 16:00:00,34.542,34.906,34.255,34.549,368151.33,2025-12-04 16:59:59.999,12741239.46775,64312,175517.90,6077069.6908300,0
2025-12-04 17:00:00,34.549,34.609,33.934,34.31,485766.21,2025-12-04 17:59:59.999,16636925.04344,68681,216978.19,7431109.6953700,0
2025-12-04 18:00:00,34.309,34.373,33.781,33.824,354412.37,2025-12-04 18:59:59.999,12058557.69727,53025,126499.85,4309502.1222500,0
2025-12-04 19:00:00,33.825,33.876,33.203,33.472,849683.91,2025-12-04 19:59:59.999,28468035.66478,101747,343520.69,11506675.1995000,0
2025-12-04 20:00:00,33.474,33.693,33.229,33.533,292406.0,2025-12-04 20:59:59.999,9784072.11989,51040,155748.23,5212047.4305300,0
2025-12-04 21:00:00,33.532,33.692,33.061,33.18,404390.82,2025-12-04 21:59:59.999,13491551.45841,50303,168006.03,5608032.2154900,0
2025-12-04 22:00:00,33.18,33.561,33.169,33.501,216957.1,2025-12-04 22:59:59.999,7242723.60636,30715,122765.74,4098177.1757200,0
2025-12-04 23:00:00,33.502,33.598,33.356,33.519,131085.25,2025-12-04 23:59:59.999,4391010.58014,24520,67398.91,2258163.0467800,0
2025-12-05 00:00:00,33.519,33.58,33.299,33.364,155007.85,2025-12-05 00:59:59.999,5184164.97469,28729,74293.41,2484736.8765200,0
2025-12-05 01:00:00,33.364,33.739,33.238,33.682,236873.01,2025-12-05 01:59:59.999,7948095.75516,37280,133910.20,4495368.6041800,0
2025-12-05 02:00:00,33.682,33.89,33.615,33.742,223937.27,2025-12-05 02:59:59.999,7558810.37587,40582,118091.68,3986582.8774800,0
2025-12-05 03:00:00,33.743,33.76,33.417,33.682,256931.97,2025-12-05 03:59:59.999,8623487.65856,37425,113945.83,3824063.5481500,0
2025-12-05 04:00:00,33.682,33.814,33.307,33.41,248820.09,2025-12-05 04:59:59.999,8342234.13766,42046,111515.54,3738534.9043200,0
2025-12-05 05:00:00,33.41,33.529,33.378,33.524,91220.11,2025-12-05 05:59:59.999,3051804.98793,21076,39216.58,1312067.8247900,0
2025-12-05 06:00:00,33.525,33.625,33.285,33.363,277821.61,2025-12-05 06:59:59.999,9291711.00952,40575,121185.81,4053299.5810200,0
2025-12-05 07:00:00,33.363,33.557,33.172,33.196,206669.27,2025-12-05 07:59:59.999,6899297.3878,26987,97266.36,3249093.4419700,0
2025-12-05 08:00:00,33.197,33.276,32.65,32.718,687739.48,2025-12-05 08:59:59.999,22632582.09766,64613,249047.09,8199798.1721400,0
2025-12-05 09:00:00,32.719,32.768,32.09,32.122,857539.41,2025-12-05 09:59:59.999,27738369.08141,89685,320809.33,10375943.3244200,0
2025-12-05 10:00:00,32.121,32.497,32.086,32.246,549861.8,2025-12-05 10:59:59.999,17754366.58757,60952,282196.74,9112784.2266700,0
2025-12-05 11:00:00,32.246,32.292,31.811,31.914,465608.66,2025-12-05 11:59:59.999,14910679.14419,58648,191285.06,6126463.0651000,0
2025-12-05 12:00:00,31.913,32.053,31.757,31.906,442091.37,2025-12-05 12:59:59.999,14110071.9526,52634,203967.64,6511484.9870600,0
2025-12-05 13:00:00,31.906,31.987,31.245,31.375,869373.32,2025-12-05 13:59:59.999,27474873.92337,89366,327767.00,10363083.9132600,0
2025-12-05 14:00:00,31.38,31.504,31.092,31.211,729262.53,2025-12-05 14:59:59.999,22831212.3866,101738,358796.73,11237576.4551300,0
2025-12-05 15:00:00,31.208,32.049,31.186,31.491,1174003.08,2025-12-05 15:59:59.999,37228968.5532,128641,651397.69,20664123.4872000,0
2025-12-05 16:00:00,31.492,31.521,30.683,31.026,1226221.49,2025-12-05 16:59:59.999,38115996.95424,138127,576110.52,17919322.8139800,0
2025-12-05 17:00:00,31.028,31.213,30.808,31.01,607043.13,2025-12-05 17:59:59.999,18817290.33251,71136,298121.32,9243992.5944700,0
2025-12-05 18:00:00,31.009,31.274,30.556,30.58,674952.61,2025-12-05 18:59:59.999,20885652.5917,74164,288033.59,8921237.2354400,0
2025-12-05 19:00:00,30.581,31.18,30.454,31.084,589658.17,2025-12-05 19:59:59.999,18211019.37368,65686,320701.70,9907959.5415300,0
2025-12-05 20:00:00,31.083,31.303,30.871,31.203,381089.16,2025-12-05 20:59:59.999,11861245.22266,57820,208097.92,6477961.3790200,0
2025-12-05 21:00:00,31.203,31.326,30.936,31.15,262839.22,2025-12-05 21:59:59.999,8189230.69808,41017,127027.22,3959213.4677800,0
2025-12-05 22:00:00,31.151,31.176,30.988,31.107,176010.74,2025-12-05 22:59:59.999,5472669.99764,27497,86824.09,2700312.4373700,0
2025-12-05 23:00:00,31.107,31.129,30.782,30.965,861695.2,2025-12-05 23:59:59.999,26694905.50188,81414,418916.92,12981040.1734600,0
2025-12-06 00:00:00,30.965,31.0,30.605,30.773,364794.47,2025-12-06 00:59:59.999,11216410.88816,42285,165544.77,5090684.0823000,0
2025-12-06 01:00:00,30.773,31.014,30.763,30.922,198129.46,2025-12-06 01:59:59.999,6123581.03233,26339,108870.12,3364144.8679100,0
2025-12-06 02:00:00,30.921,30.921,30.637,30.894,146763.25,2025-12-06 02:59:59.999,4517235.81947,25690,71873.73,2212446.4167600,0
2025-12-06 03:00:00,30.894,31.216,30.855,31.084,254170.26,2025-12-06 03:59:59.999,7901544.13672,31498,133838.46,4160373.4841600,0
2025-12-06 04:00:00,31.082,31.262,31.012,31.132,152137.63,2025-12-06 04:59:59.999,4737471.74043,23583,79262.44,2468409.6000100,0
2025-12-06 05:00:00,31.133,31.293,31.08,31.147,189860.44,2025-12-06 05:59:59.999,5920279.29034,24098,90771.37,2830910.6515900,0
2025-12-06 06:00:00,31.147,31.381,31.078,31.266,146045.34,2025-12-06 06:59:59.999,4562204.61813,23266,70113.22,2190738.1150800,0
2025-12-06 07:00:00,31.266,31.29,31.01,31.061,125874.3,2025-12-06 07:59:59.999,3919979.8496,23432,53239.91,1658082.3736400,0
2025-12-06 08:00:00,31.062,31.085,30.64,30.676,440570.87,2025-12-06 08:59:59.999,13581519.31612,42976,178370.95,5497018.3763800,0
2025-12-06 09:00:00,30.677,31.008,30.655,30.895,248611.14,2025-12-06 09:59:59.999,7670538.4577,30622,124469.69,3839732.0513500,0
2025-12-06 10:00:00,30.896,30.963,30.72,30.766,140256.4,2025-12-06 10:59:59.999,4326526.06517,22839,72560.62,2238455.7856200,0
2025-12-06 11:00:00,30.767,30.858,30.735,30.847,141347.29,2025-12-06 11:59:59.999,4355326.71761,21364,69814.58,2151163.3356400,0
2025-12-06 12:00:00,30.846,30.89,30.567,30.646,184088.28,2025-12-06 12:59:59.999,5650505.79016,22528,64674.21,1985915.8904300,0
2025-12-06 13:00:00,30.647,30.934,30.644,30.706,252462.56,2025-12-06 13:59:59.999,7770143.73657,28880,126307.80,3887827.5366100,0
2025-12-06 14:00:00,30.707,31.177,30.65,31.093,409605.64,2025-12-06 14:59:59.999,12689527.58304,49733,204111.05,6323043.1074500,0
2025-12-06 15:00:00,31.093,31.122,30.704,30.847,265724.52,2025-12-06 15:59:59.999,8208262.35698,38257,130000.24,4015954.2841400,0
2025-12-06 16:00:00,30.847,31.184,30.83,31.094,203767.96,2025-12-06 16:59:59.999,6330206.24766,34299,95496.83,2966521.2751400,0
2025-12-06 17:00:00,31.094,31.4,31.08,31.394,185286.25,2025-12-06 17:59:59.999,5790633.99221,30978,96985.03,3031434.6762600,0
2025-12-06 18:00:00,31.393,31.473,31.176,31.216,188297.25,2025-12-06 18:59:59.999,5905294.36193,27308,96873.41,3039162.5036800,0
2025-12-06 19:00:00,31.216,31.313,30.9,31.006,247356.99,2025-12-06 19:59:59.999,7684273.2261,34559,106801.41,3319061.8826900,0
2025-12-06 20:00:00,31.006,31.161,31.001,31.097,114135.54,2025-12-06 20:59:59.999,3548387.45668,19808,59008.62,1834530.7011200,0
2025-12-06 21:00:00,31.096,31.243,31.077,31.215,96387.78,2025-12-06 21:59:59.999,3003846.87392,19860,54528.62,1699392.5016200,0
2025-12-06 22:00:00,31.214,31.275,30.953,31.048,166305.65,2025-12-06 22:59:59.999,5174600.93344,18945,64603.97,2011116.3055000,0
2025-12-06 23:00:00,31.047,31.11,30.729,30.946,340235.36,2025-12-06 23:59:59.999,10515420.79285,42564,141323.87,4367850.4682200,0
2025-12-07 00:00:00,30.946,31.17,30.923,31.097,155835.2,2025-12-07 00:59:59.999,4842660.50138,24579,79843.68,2481274.6319600,0
2025-12-07 01:00:00,31.098,31.135,30.852,30.852,137324.47,2025-12-07 01:59:59.999,4257459.6859,23665,57720.86,1790240.0197700,0
2025-12-07 02:00:00,30.853,30.986,30.795,30.928,120941.43,2025-12-07 02:59:59.999,3735489.73351,21597,53786.62,1661425.7178300,0
2025-12-07 03:00:00,30.928,30.976,30.816,30.95,103747.95,2025-12-07 03:59:59.999,3206027.92239,19365,43146.04,1333481.8141600,0
2025-12-07 04:00:00,30.951,31.018,30.801,30.851,76968.71,2025-12-07 04:59:59.999,2379361.1645,16231,39353.52,1216343.5212100,0
2025-12-07 05:00:00,30.852,30.888,30.774,30.846,83721.51,2025-12-07 05:59:59.999,2581081.83251,17800,34739.67,1071035.3101500,0
2025-12-07 06:00:00,30.846,31.178,30.823,31.172,115201.12,2025-12-07 06:59:59.999,3574745.00113,24597,69666.53,2161604.7463200,0
2025-12-07 07:00:00,31.172,31.237,30.499,30.516,429623.3,2025-12-07 07:59:59.999,13189693.28213,41540,188769.30,5795599.1149200,0
2025-12-07 08:00:00,30.516,30.539,29.784,29.841,946369.63,2025-12-07 08:59:59.999,28488124.57078,94680,338652.21,10187792.2776400,0
2025-12-07 09:00:00,29.841,29.897,29.133,29.306,1193556.72,2025-12-07 09:59:59.999,35132679.93224,124603,467173.68,13751789.0203200,0
2025-12-07 10:00:00,29.309,29.455,29.191,29.408,559855.92,2025-12-07 10:59:59.999,16419321.64526,69423,268437.14,7874290.2347000,0
2025-12-07 11:00:00,29.409,30.04,29.367,29.671,865941.09,2025-12-07 11:59:59.999,25757753.183,92084,399715.51,11888394.7138500,0
2025-12-07 12:00:00,29.672,30.088,29.627,29.891,494214.17,2025-12-07 12:59:59.999,14792670.93852,61905,234443.84,7017022.4583200,0
2025-12-07 13:00:00,29.89,29.954,29.175,29.429,709448.17,2025-12-07 13:59:59.999,20909395.52189,79285,353241.33,10409799.8612500,0
2025-12-07 14:00:00,29.43,29.458,28.2,28.327,2251873.08,2025-12-07 14:59:59.999,64632696.05104,212147,926273.16,26590431.7710000,0
2025-12-07 15:00:00,28.327,29.122,28.115,29.059,1382207.18,2025-12-07 15:59:59.999,39459890.2385,141989,724476.27,20691655.4346300,0
2025-12-07 16:00:00,29.057,29.36,28.766,29.36,807894.02,2025-12-07 16:59:59.999,23481821.05978,109319,434765.35,12643330.7557800,0
2025-12-07 17:00:00,29.359,29.68,29.143,29.645,993147.36,2025-12-07 17:59:59.999,29275565.11372,124382,477770.02,14086425.9300000,0
2025-12-07 18:00:00,29.645,29.767,29.249,29.277,522484.2,2025-12-07 18:59:59.999,15423840.94235,76154,247158.86,7296040.8945300,0
2025-12-07 19:00:00,29.277,29.87,29.194,29.68,513633.69,2025-12-07 19:59:59.999,15179244.15239,66451,293774.79,8684478.1463200,0
2025-12-07 20:00:00,29.68,29.912,29.473,29.849,322938.95,2025-12-07 20:59:59.999,9598074.96374,52164,177204.26,5269002.4612500,0
2025-12-07 21:00:00,29.848,29.911,28.9,29.035,658541.11,2025-12-07 21:59:59.999,19341158.0917,85301,320356.97,9412980.0325900,0
2025-12-07 22:00:00,29.035,29.658,28.404,29.215,1171383.15,2025-12-07 22:59:59.999,34034123.51032,115361,578568.42,16815167.2161200,0
2025-12-07 23:00:00,29.216,29.828,29.072,29.719,431224.32,2025-12-07 23:59:59.999,12679502.38369,63725,246833.99,7260265.8896100,0
2025-12-08 00:00:00,29.718,30.08,29.44,29.85,596470.28,2025-12-08 00:59:59.999,17758262.52728,71103,266229.17,7930636.6175300,0
2025-12-08 01:00:00,29.85,30.951,29.823,30.081,1311895.44,2025-12-08 01:59:59.999,39909768.5284,133153,652242.86,19847408.4340900,0
2025-12-08 02:00:00,30.081,30.241,29.861,29.962,397125.15,2025-12-08 02:59:59.999,11923948.07098,62396,195066.97,5857950.2681600,0
2025-12-08 03:00:00,29.961,30.053,29.813,29.984,279391.22,2025-12-08 03:59:59.999,8365532.42719,43923,141992.11,4252209.4237300,0
2025-12-08 04:00:00,29.984,30.272,29.891,29.996,290343.56,2025-12-08 04:59:59.999,8726090.72857,45980,129714.10,3897463.0967200,0
2025-12-08 05:00:00,29.995,30.349,29.852,30.334,318893.04,2025-12-08 05:59:59.999,9604998.46161,48113,157815.16,4753721.4960300,0
2025-12-08 06:00:00,30.334,30.53,30.127,30.203,334996.68,2025-12-08 06:59:59.999,10161782.37939,57391,147496.25,4476517.2539200,0
2025-12-08 07:00:00,30.204,30.276,29.936,29.993,387493.41,2025-12-08 07:59:59.999,11654657.88126,46595,194609.45,5853726.1438800,0
2025-12-08 08:00:00,29.991,30.698,29.954,30.631,409814.27,2025-12-08 08:59:59.999,12425123.97593,47347,264779.28,8034734.6313000,0
2025-12-08 09:00:00,30.632,30.842,30.33,30.471,579251.23,2025-12-08 09:59:59.999,17696726.86339,83804,272093.94,8312868.4002700,0
2025-12-08 10:00:00,30.47,30.725,30.312,30.542,515282.47,2025-12-08 10:59:59.999,15723918.43621,61107,269950.81,8241164.6732800,0
2025-12-08 11:00:00,30.542,30.71,30.333,30.651,359226.84,2025-12-08 11:59:59.999,10957587.05836,49880,184992.72,5643845.5554300,0
2025-12-08 12:00:00,30.651,30.693,30.238,30.374,315208.76,2025-12-08 12:59:59.999,9580136.24111,52960,147902.34,4494346.5873000,0
2025-12-08 13:00:00,30.373,30.56,30.168,30.221,304606.75,2025-12-08 13:59:59.999,9246258.53008,49498,145411.53,4416139.9596600,0
2025-12-08 14:00:00,30.22,30.566,29.58,29.68,1018719.29,2025-12-08 14:59:59.999,30611283.04848,110384,412327.75,12419936.7643900,0
2025-12-08 15:00:00,29.678,29.924,29.1,29.558,1450660.51,2025-12-08 15:59:59.999,42665097.52359,147300,662757.40,19507785.1351700,0
2025-12-08 16:00:00,29.558,29.985,29.433,29.828,584926.67,2025-12-08 16:59:59.999,17394755.21625,77761,299931.75,8922187.6957400,0
2025-12-08 17:00:00,29.828,30.013,29.605,29.778,433008.26,2025-12-08 17:59:59.999,12894777.10981,67430,235119.47,7003931.1386000,0
2025-12-08 18:00:00,29.778,29.853,28.89,29.075,888844.36,2025-12-08 18:59:59.999,26108488.08326,82827,406384.92,11942807.9042100,0
2025-12-08 19:00:00,29.075,29.153,28.638,29.078,803141.29,2025-12-08 19:59:59.999,23226768.92268,105187,361989.73,10470149.5942300,0
2025-12-08 20:00:00,29.076,29.717,29.039,29.654,669737.34,2025-12-08 20:59:59.999,19719908.44506,76819,385108.91,11338537.8125600,0
2025-12-08 21:00:00,29.655,29.883,29.615,29.826,380683.11,2025-12-08 21:59:59.999,11327511.50872,53671,184644.12,5495242.3674200,0
2025-12-08 22:00:00,29.826,29.863,29.4,29.493,408343.77,2025-12-08 22:59:59.999,12096700.88672,37225,161030.68,4768545.9273600,0
2025-12-08 23:00:00,29.493,29.565,29.2,29.484,290566.17,2025-12-08 23:59:59.999,8544359.78454,46875,155494.04,4574571.9886900,0
2025-12-09 00:00:00,29.483,29.527,29.094,29.379,332444.2,2025-12-09 00:59:59.999,9741225.07746,49289,169064.72,4955625.8822400,0
2025-12-09 01:00:00,29.378,29.439,29.211,29.261,224099.3,2025-12-09 01:59:59.999,6575510.25889,43171,109461.55,3212659.6579300,0
2025-12-09 02:00:00,29.262,29.382,28.847,28.857,391222.59,2025-12-09 02:59:59.999,11394982.86038,48572,169945.15,4952655.3506300,0
2025-12-09 03:00:00,28.857,28.891,28.444,28.631,1045241.38,2025-12-09 03:59:59.999,29929329.90273,81470,488806.74,13998007.7638200,0
2025-12-09 04:00:00,28.632,28.727,27.731,27.897,1205489.09,2025-12-09 04:59:59.999,33940289.1501,120137,451046.96,12702946.0879700,0
2025-12-09 05:00:00,27.897,28.298,27.766,28.097,796128.86,2025-12-09 05:59:59.999,22301219.9454,90290,421237.16,11801736.7317100,0
2025-12-09 06:00:00,28.098,28.111,27.431,27.815,1055653.47,2025-12-09 06:59:59.999,29255882.06232,105180,475711.90,13190359.7289800,0
2025-12-09 07:00:00,27.816,28.319,27.727,28.302,660491.44,2025-12-09 07:59:59.999,18534895.51474,76665,335266.97,9408768.0895800,0
2025-12-09 08:00:00,28.302,28.422,27.808,27.907,684834.56,2025-12-09 08:59:59.999,19225920.27434,75520,311850.28,8762104.0982400,0
2025-12-09 09:00:00,27.908,28.004,27.647,27.802,576737.78,2025-12-09 09:59:59.999,16041661.80674,54605,280662.27,7807346.3612800,0
2025-12-09 10:00:00,27.8,28.083,27.48,28.025,702996.26,2025-12-09 10:59:59.999,19531850.42356,84207,350670.53,9742422.8236100,0
2025-12-09 11:00:00,28.024,28.132,27.809,27.978,377388.5,2025-12-09 11:59:59.999,10550832.63802,54184,187751.72,5249919.5809200,0
2025-12-09 12:00:00,27.977,28.305,27.916,28.061,504544.9,2025-12-09 12:59:59.999,14191166.46134,57630,287481.88,8087016.1981300,0
2025-12-09 13:00:00,28.061,28.131,27.777,27.91,425979.96,2025-12-09 13:59:59.999,11896472.65349,62258,218772.61,6109945.5079700,0
2025-12-09 14:00:00,27.909,28.154,27.788,27.941,481609.63,2025-12-09 14:59:59.999,13462343.18676,75340,224405.39,6274258.0029300,0
2025-12-09 15:00:00,27.941,28.8,27.902,28.531,1800782.31,2025-12-09 15:59:59.999,51142153.36597,166475,1009897.61,28699875.8353600,0
2025-12-09 16:00:00,28.531,29.137,28.53,28.717,2051093.62,2025-12-09 16:59:59.999,59223958.72655,179529,981024.42,28330001.8005400,0
2025-12-09 17:00:00,28.716,29.114,28.25,28.746,1128397.14,2025-12-09 17:59:59.999,32387541.26852,120863,504942.20,14505993.8138900,0
2025-12-09 18:00:00,28.746,28.855,28.561,28.672,424638.72,2025-12-09 18:59:59.999,12195916.09509,57473,221132.51,6353420.6434500,0
2025-12-09 19:00:00,28.675,29.304,28.5,29.067,684059.96,2025-12-09 19:59:59.999,19784341.96865,91099,372301.70,10767428.2699600,0
2025-12-09 20:00:00,29.067,29.145,28.083,28.178,958421.44,2025-12-09 20:59:59.999,27298397.78858,107313,373946.50,10652397.6285300,0
2025-12-09 21:00:00,28.179,28.185,27.45,27.767,1168214.51,2025-12-09 21:59:59.999,32514775.94156,124008,542643.71,15103603.4370200,0
2025-12-09 22:00:00,27.766,28.203,27.735,28.066,511828.34,2025-12-09 22:59:59.999,14341572.37533,57108,292241.16,8188867.6173800,0
2025-12-09 23:00:00,28.065,28.093,27.733,27.896,352804.94,2025-12-09 23:59:59.999,9845843.30464,48926,172531.86,4815877.7686000,0
2025-12-10 00:00:00,27.897,28.388,27.61,28.085,727923.03,2025-12-10 00:59:59.999,20417907.22004,77529,398496.63,11183418.3510100,0
2025-12-10 01:00:00,28.085,28.195,27.733,28.113,443930.33,2025-12-10 01:59:59.999,12410043.39891,63781,216275.51,6048176.0085400,0
2025-12-10 02:00:00,28.112,28.531,27.964,28.527,444046.83,2025-12-10 02:59:59.999,12532361.3523,58026,236206.64,6669551.1549600,0
2025-12-10 03:00:00,28.528,28.928,28.31,28.83,1032963.87,2025-12-10 03:59:59.999,29606263.7709,124395,602318.70,17272649.5445100,0
2025-12-10 04:00:00,28.83,28.894,28.661,28.76,331340.83,2025-12-10 04:59:59.999,9536918.37418,57556,153431.73,4417180.8360900,0
2025-12-10 05:00:00,28.76,29.316,28.631,28.961,720595.32,2025-12-10 05:59:59.999,20898671.22224,77219,399533.63,11592822.3821200,0
2025-12-10 06:00:00,28.961,29.072,28.69,28.913,636772.68,2025-12-10 06:59:59.999,18365114.93204,75050,320028.41,9228839.9260500,0
2025-12-10 07:00:00,28.914,29.532,28.86,29.303,843898.61,2025-12-10 07:59:59.999,24690144.42874,96138,458001.37,13400078.0571000,0
2025-12-10 08:00:00,29.303,29.444,29.109,29.171,384985.41,2025-12-10 08:59:59.999,11257488.43255,55929,171353.06,5010769.7560800,0
2025-12-10 09:00:00,29.171,29.477,29.1,29.292,432050.43,2025-12-10 09:59:59.999,12652978.14148,61219,193001.99,5653680.8200500,0
2025-12-10 10:00:00,29.292,29.401,29.116,29.176,332331.87,2025-12-10 10:59:59.999,9714766.85113,54290,147740.05,4320242.7218200,0
2025-12-10 11:00:00,29.176,29.349,28.942,29.106,453562.12,2025-12-10 11:59:59.999,13211515.8325,62338,181752.01,5295737.4961600,0
2025-12-10 12:00:00,29.105,29.128,28.718,28.813,520293.45,2025-12-10 12:59:59.999,15019302.17016,66035,236206.94,6819543.2843000,0
2025-12-10 13:00:00,28.813,29.004,28.704,28.78,350461.33,2025-12-10 13:59:59.999,10105178.16555,47848,190474.63,5490379.5447800,0
2025-12-10 14:00:00,28.78,29.305,28.732,29.045,574907.85,2025-12-10 14:59:59.999,16682588.3794,82872,287885.52,8360160.8927100,0
2025-12-10 15:00:00,29.044,29.147,28.766,29.027,341992.63,2025-12-10 15:59:59.999,9892319.4581,63537,168606.37,4877558.2823100,0
2025-12-10 16:00:00,29.026,29.28,28.903,29.024,405884.47,2025-12-10 16:59:59.999,11802322.71916,71785,197741.70,5751431.5820100,0
2025-12-10 17:00:00,29.024,29.182,28.872,28.905,190208.21,2025-12-10 17:59:59.999,5522975.48217,49308,92735.29,2693171.0508400,0
2025-12-10 18:00:00,28.904,29.449,28.801,29.221,633711.08,2025-12-10 18:59:59.999,18467348.73067,91085,305468.60,8911920.4945400,0
2025-12-10 19:00:00,29.22,29.93,28.747,29.473,1867468.07,2025-12-10 19:59:59.999,54954412.57703,202705,946711.57,27876475.0740600,0
2025-12-10 20:00:00,29.473,29.985,28.991,29.198,1791702.24,2025-12-10 20:59:59.999,52829561.80342,189923,836706.36,24683429.3241500,0
2025-12-10 21:00:00,29.199,29.888,28.932,29.544,1064050.8,2025-12-10 21:59:59.999,31342507.28031,117058,587006.64,17306187.9642000,0
2025-12-10 22:00:00,29.544,29.709,29.129,29.282,609691.65,2025-12-10 22:59:59.999,17906007.30224,72115,301519.79,8858700.6402800,0
2025-12-10 23:00:00,29.282,29.311,28.792,28.817,310204.43,2025-12-10 23:59:59.999,9002300.3553,49843,121618.30,3531005.5039100,0
2025-12-11 00:00:00,28.817,28.936,28.368,28.664,706050.25,2025-12-11 00:59:59.999,20201304.41231,97633,308993.81,8844840.6125100,0
2025-12-11 01:00:00,28.664,29.158,28.417,28.621,772818.35,2025-12-11 01:59:59.999,22277838.15562,98762,415953.77,11999304.0577100,0
2025-12-11 02:00:00,28.621,28.733,28.201,28.652,626113.4,2025-12-11 02:59:59.999,17836654.34527,94152,303653.09,8654159.3264300,0
2025-12-11 03:00:00,28.652,28.757,28.12,28.594,793795.94,2025-12-11 03:59:59.999,22563782.7741,107756,388833.58,11056767.5077100,0
2025-12-11 04:00:00,28.594,28.831,28.363,28.509,374911.91,2025-12-11 04:59:59.999,10705412.18082,61529,178375.23,5092556.7717200,0
2025-12-11 05:00:00,28.509,28.749,28.428,28.54,252974.37,2025-12-11 05:59:59.999,7228078.08337,41228,137961.92,3941637.4491200,0
2025-12-11 06:00:00,28.54,28.58,27.863,27.983,592276.49,2025-12-11 06:59:59.999,16680826.35916,67771,275427.14,7759053.8727400,0
2025-12-11 07:00:00,27.983,28.178,27.896,28.056,335644.24,2025-12-11 07:59:59.999,9405445.56584,42431,181450.48,5084720.4157700,0
2025-12-11 08:00:00,28.056,28.085,27.767,27.925,329344.75,2025-12-11 08:59:59.999,9199902.32269,46452,145820.14,4074281.9490100,0
2025-12-11 09:00:00,27.925,28.078,27.84,27.899,216886.73,2025-12-11 09:59:59.999,6062843.64977,38407,113512.65,3173562.5709200,0
2025-12-11 10:00:00,27.9,27.93,27.277,27.523,839916.69,2025-12-11 10:59:59.999,23143388.24484,75675,307338.23,8471914.6655000,0
2025-12-11 11:00:00,27.522,27.685,27.065,27.206,1082413.43,2025-12-11 11:59:59.999,29560257.03745,116044,492529.90,13456486.9751900,0
2025-12-11 12:00:00,27.206,27.382,27.038,27.073,494045.18,2025-12-11 12:59:59.999,13452646.77607,63833,203921.93,5555576.6141100,0
2025-12-11 13:00:00,27.073,27.593,26.862,27.509,1125957.48,2025-12-11 13:59:59.999,30542252.20744,123484,527471.16,14320406.0369400,0
2025-12-11 14:00:00,27.51,27.737,27.164,27.457,913982.46,2025-12-11 14:59:59.999,25114752.49867,117155,455140.96,12512721.3141000,0
2025-12-11 15:00:00,27.456,28.103,27.378,27.525,1100161.4,2025-12-11 15:59:59.999,30546578.61693,153382,536227.82,14895995.8277700,0
2025-12-11 16:00:00,27.526,27.93,27.411,27.804,527077.21,2025-12-11 16:59:59.999,14561039.37184,84752,265687.25,7342291.6243200,0
2025-12-11 17:00:00,27.804,28.423,27.74,28.062,595908.48,2025-12-11 17:59:59.999,16784343.35737,85016,327786.72,9235929.0820100,0
2025-12-11 18:00:00,28.062,28.554,28.033,28.312,647245.31,2025-12-11 18:59:59.999,18320561.19552,89349,352915.55,9989172.9983200,0
2025-12-11 19:00:00,28.312,28.5,28.112,28.166,779603.61,2025-12-11 19:59:59.999,22056487.11987,109879,350338.87,9916261.7931900,0
2025-12-11 20:00:00,28.166,28.641,28.159,28.615,490738.73,2025-12-11 20:59:59.999,13974859.44354,83869,278981.51,7944095.0206300,0
2025-12-11 21:00:00,28.616,29.067,28.578,28.914,675314.13,2025-12-11 21:59:59.999,19466721.37981,103692,373678.86,10771235.4570300,0
2025-12-11 22:00:00,28.916,29.036,28.763,28.888,332232.08,2025-12-11 22:59:59.999,9604133.63273,56348,146265.24,4229268.1751800,0
2025-12-11 23:00:00,28.887,29.221,28.835,29.128,297302.06,2025-12-11 23:59:59.999,8641634.37597,50639,150612.70,4377396.4179900,0
2025-12-12 00:00:00,29.128,29.247,28.803,28.931,550980.42,2025-12-12 00:59:59.999,15986678.04728,77558,268491.08,7794747.6648200,0
2025-12-12 01:00:00,28.932,29.265,28.872,29.218,261604.74,2025-12-12 01:59:59.999,7605639.69464,53121,126397.79,3674774.6991900,0
2025-12-12 02:00:00,29.218,29.407,29.075,29.39,271252.0,2025-12-12 02:59:59.999,7938148.20057,48866,140687.10,4118322.7362100,0
2025-12-12 03:00:00,29.391,29.609,29.141,29.434,421986.12,2025-12-12 03:59:59.999,12397729.54754,61812,218579.12,6422777.2569600,0
2025-12-12 04:00:00,29.433,29.561,29.264,29.459,217895.01,2025-12-12 04:59:59.999,6399348.98164,41917,113176.62,3324850.7850000,0
2025-12-12 05:00:00,29.459,29.653,29.274,29.562,326556.29,2025-12-12 05:59:59.999,9625003.69109,52230,140403.30,4140095.4420900,0
2025-12-12 06:00:00,29.565,29.804,29.365,29.403,415645.92,2025-12-12 06:59:59.999,12305033.52142,61120,206467.27,6114401.8768400,0
2025-12-12 07:00:00,29.403,29.652,29.382,29.48,304061.5,2025-12-12 07:59:59.999,8976978.14919,49494,183049.46,5403587.0131200,0
2025-12-12 08:00:00,29.48,29.537,29.16,29.219,360970.31,2025-12-12 08:59:59.999,10591107.38851,42866,156604.53,4596070.9391600,0
2025-12-12 09:00:00,29.219,29.826,29.111,29.809,598728.67,2025-12-12 09:59:59.999,17611896.8017,50304,307537.39,9054670.8095900,0
2025-12-12 10:00:00,29.81,29.979,29.443,29.467,889891.24,2025-12-12 10:59:59.999,26453984.61252,91379,390825.38,11627651.6848700,0
2025-12-12 11:00:00,29.466,29.96,29.365,29.837,520577.89,2025-12-12 11:59:59.999,15396124.03381,70193,274534.81,8124501.2606600,0
2025-12-12 12:00:00,29.836,29.909,29.59,29.851,371924.61,2025-12-12 12:59:59.999,11057852.03345,50149,191928.15,5708042.5297700,0
2025-12-12 13:00:00,29.85,29.85,29.522,29.55,233676.72,2025-12-12 13:59:59.999,6931310.78503,39506,105190.81,3121021.0942500,0
2025-12-12 14:00:00,29.556,29.822,29.406,29.717,381856.48,2025-12-12 14:59:59.999,11314876.61802,60811,185125.27,5487574.7962800,0
2025-12-12 15:00:00,29.716,29.728,28.564,28.887,1790826.64,2025-12-12 15:59:59.999,51877744.11798,173683,785344.64,22740685.4267900,0
2025-12-12 16:00:00,28.885,29.345,28.668,28.974,1107860.16,2025-12-12 16:59:59.999,32151314.63536,134452,583021.13,16926608.9960900,0
2025-12-12 17:00:00,28.973,30.284,28.928,29.435,1896601.43,2025-12-12 17:59:59.999,56488604.88646,179931,1026889.06,30587941.0092500,0
2025-12-12 18:00:00,29.436,30.165,29.423,29.613,757837.04,2025-12-12 18:59:59.999,22619403.48355,107182,394979.14,11785339.2358900,0
2025-12-12 19:00:00,29.612,29.621,28.624,28.803,1589699.48,2025-12-12 19:59:59.999,46091539.3913,180639,737758.42,21381267.5024900,0
2025-12-12 20:00:00,28.804,29.039,28.347,28.375,723362.88,2025-12-12 20:59:59.999,20728488.06946,97970,336740.97,9654891.2731700,0
2025-12-12 21:00:00,28.376,28.676,28.304,28.632,435629.0,2025-12-12 21:59:59.999,12403746.3149,65361,230893.00,6575017.1188900,0
2025-12-12 22:00:00,28.632,28.862,28.564,28.828,375372.34,2025-12-12 22:59:59.999,10782282.1543,43758,187187.56,5378870.8948300,0
2025-12-12 23:00:00,28.828,28.902,28.529,28.588,292924.21,2025-12-12 23:59:59.999,8420420.41885,38150,127760.30,3673524.2730700,0
2025-12-13 00:00:00,28.589,28.803,28.537,28.72,201822.82,2025-12-13 00:59:59.999,5791036.53134,33113,106493.50,3055855.5506300,0
2025-12-13 01:00:00,28.721,28.843,28.353,28.419,232076.97,2025-12-13 01:59:59.999,6641795.53071,30612,84473.84,2418786.9995200,0
2025-12-13 02:00:00,28.419,28.482,28.328,28.348,170880.71,2025-12-13 02:59:59.999,4853486.27121,27079,92793.97,2635669.3432300,0
2025-12-13 03:00:00,28.349,28.646,28.335,28.505,250691.34,2025-12-13 03:59:59.999,7149331.12713,29974,126112.06,3596200.9400400,0
2025-12-13 04:00:00,28.505,28.523,28.204,28.233,272521.02,2025-12-13 04:59:59.999,7721890.01611,36297,113026.07,3202968.8282100,0
2025-12-13 05:00:00,28.231,28.385,28.006,28.195,493388.58,2025-12-13 05:59:59.999,13891765.90128,59229,174316.92,4911999.5571300,0
2025-12-13 06:00:00,28.195,28.355,27.957,28.209,442101.44,2025-12-13 06:59:59.999,12437274.39322,51706,222458.18,6261718.0635800,0
2025-12-13 07:00:00,28.208,28.223,27.905,28.024,349305.87,2025-12-13 07:59:59.999,9798061.25825,39598,165024.51,4629808.7634100,0
2025-12-13 08:00:00,28.024,28.328,27.975,28.0,495436.93,2025-12-13 08:59:59.999,13924893.42033,47919,249257.09,7007060.1133600,0
2025-12-13 09:00:00,28.0,28.255,27.897,28.117,394723.01,2025-12-13 09:59:59.999,11076546.44689,41708,196677.01,5520938.7859500,0
2025-12-13 10:00:00,28.116,28.45,27.997,28.35,383259.96,2025-12-13 10:59:59.999,10837879.59704,38600,206426.48,5839191.8283400,0
2025-12-13 11:00:00,28.35,29.0,28.32,28.889,692887.76,2025-12-13 11:59:59.999,19902136.01468,65989,378397.25,10862627.8726600,0
2025-12-13 12:00:00,28.888,29.333,28.828,29.304,570576.67,2025-12-13 12:59:59.999,16587591.6518,64001,299124.71,8697774.3980400,0
2025-12-13 13:00:00,29.305,29.452,29.008,29.06,414301.1,2025-12-13 13:59:59.999,12095917.68016,56486,182427.06,5328827.2626500,0
2025-12-13 14:00:00,29.061,29.193,28.808,28.936,392545.26,2025-12-13 14:59:59.999,11372943.54888,56652,179391.94,5198349.4218400,0
2025-12-13 15:00:00,28.936,29.188,28.936,29.154,185096.85,2025-12-13 15:59:59.999,5387463.12559,37095,85239.22,2481457.6609000,0
2025-12-13 16:00:00,29.153,29.359,28.736,28.903,477295.61,2025-12-13 16:59:59.999,13841481.16714,63138,211947.37,6147530.0203200,0
2025-12-13 17:00:00,28.904,29.051,28.751,28.973,237156.11,2025-12-13 17:59:59.999,6853100.96316,33622,118286.92,3419962.2315900,0
2025-12-13 18:00:00,28.973,29.067,28.862,28.886,95568.99,2025-12-13 18:59:59.999,2767342.40624,18432,49504.23,1433654.7736400,0
2025-12-13 19:00:00,28.885,29.059,28.779,28.892,195521.49,2025-12-13 19:59:59.999,5651498.32165,25963,97306.94,2813719.8893400,0
2025-12-13 20:00:00,28.892,29.033,28.621,28.69,268882.5,2025-12-13 20:59:59.999,7743404.89983,30084,128044.71,3689334.8069900,0
2025-12-13 21:00:00,28.69,29.153,28.576,29.054,338579.79,2025-12-13 21:59:59.999,9752381.80743,41351,175036.99,5042586.5253000,0
2025-12-13 22:00:00,29.056,29.185,28.908,28.988,163294.13,2025-12-13 22:59:59.999,4744418.75033,22558,75170.81,2184712.9394200,0
2025-12-13 23:00:00,28.987,29.724,28.92,29.576,430531.57,2025-12-13 23:59:59.999,12647700.65359,54548,249929.84,7340072.9637200,0
2025-12-14 00:00:00,29.575,29.828,29.427,29.443,438887.4,2025-12-14 00:59:59.999,13015555.63619,60707,192540.75,5710455.5133500,0
2025-12-14 01:00:00,29.44,29.72,29.313,29.492,294285.07,2025-12-14 01:59:59.999,8684816.13242,44754,138585.97,4092800.9251800,0
2025-12-14 02:00:00,29.491,29.6,29.43,29.465,84703.67,2025-12-14 02:59:59.999,2501031.85079,18568,37352.98,1102919.9087100,0
2025-12-14 03:00:00,29.465,29.495,29.152,29.234,192058.73,2025-12-14 03:59:59.999,5626505.65608,28112,90621.39,2654608.3623600,0
2025-12-14 04:00:00,29.234,29.439,29.105,29.18,165925.24,2025-12-14 04:59:59.999,4856451.19137,24305,83200.24,2435204.4046300,0
2025-12-14 05:00:00,29.181,29.251,28.877,29.208,423917.1,2025-12-14 05:59:59.999,12320108.73182,48179,205476.87,5971777.9314600,0
2025-12-14 06:00:00,29.207,29.27,29.115,29.22,106125.38,2025-12-14 06:59:59.999,3097256.27552,15084,63211.30,1845017.7286900,0
2025-12-14 07:00:00,29.219,29.568,29.104,29.524,206373.55,2025-12-14 07:59:59.999,6059617.04954,34170,112479.08,3302584.1326000,0
2025-12-14 08:00:00,29.525,29.583,29.222,29.24,239056.53,2025-12-14 08:59:59.999,7027569.73335,32267,97445.31,2865178.8107600,0
2025-12-14 09:00:00,29.241,29.302,28.925,29.019,356651.97,2025-12-14 09:59:59.999,10372011.86453,40421,141688.20,4120340.4441000,0
2025-12-14 10:00:00,29.02,29.259,28.751,29.11,542220.83,2025-12-14 10:59:59.999,15723822.58795,62651,295078.97,8561368.0375000,0
2025-12-14 11:00:00,29.111,29.18,28.575,28.794,567880.52,2025-12-14 11:59:59.999,16378048.87434,63888,267490.29,7716110.9043300,0
2025-12-14 12:00:00,28.793,29.896,28.732,29.776,1087645.1,2025-12-14 12:59:59.999,31999984.55103,105072,642455.64,18922382.5303700,0
2025-12-14 13:00:00,29.775,29.887,29.262,29.443,675968.48,2025-12-14 13:59:59.999,19952338.80794,82291,345513.96,10200386.3057600,0
2025-12-14 14:00:00,29.444,29.503,28.843,28.952,570469.36,2025-12-14 14:59:59.999,16615125.2351,64799,265192.12,7724389.3695100,0
2025-12-14 15:00:00,28.951,28.976,28.621,28.811,449595.35,2025-12-14 15:59:59.999,12933911.77359,63185,219294.46,6309773.4959500,0
2025-12-14 16:00:00,28.811,29.027,28.701,28.871,438035.06,2025-12-14 16:59:59.999,12639060.57417,58108,223107.39,6439235.8422200,0
2025-12-14 17:00:00,28.872,29.097,28.708,28.894,291272.83,2025-12-14 17:59:59.999,8428307.21425,51152,153298.49,4437046.3558000,0
2025-12-14 18:00:00,28.894,29.501,28.827,29.378,411612.11,2025-12-14 18:59:59.999,12026512.53647,58877,222913.26,6510365.7597100,0
2025-12-14 19:00:00,29.378,29.396,28.98,29.103,271513.21,2025-12-14 19:59:59.999,7907183.49919,44892,122693.79,3572134.4786800,0
2025-12-14 20:00:00,29.103,29.252,28.9,28.966,193509.63,2025-12-14 20:59:59.999,5622829.28726,40154,94319.59,2741203.7840200,0
2025-12-14 21:00:00,28.965,29.196,28.839,29.027,191680.49,2025-12-14 21:59:59.999,5560794.4538,32589,87973.95,2553133.4675000,0
2025-12-14 22:00:00,29.026,29.189,28.383,28.691,412758.03,2025-12-14 22:59:59.999,11849211.13871,46487,176445.19,5069405.3057900,0
2025-12-14 23:00:00,28.692,29.026,28.234,28.806,588832.6,2025-12-14 23:59:59.999,16903211.67716,80441,289699.04,8319284.4443000,0
2025-12-15 00:00:00,28.806,29.224,28.586,28.907,551444.19,2025-12-15 00:59:59.999,15933626.72069,82270,272282.77,7866301.5386700,0
2025-12-15 01:00:00,28.908,29.547,28.832,29.405,410979.7,2025-12-15 01:59:59.999,12026689.03763,65542,197693.64,5785321.3035600,0
2025-12-15 02:00:00,29.405,29.564,29.129,29.143,363146.81,2025-12-15 02:59:59.999,10676125.26494,65514,182486.18,5368650.9101200,0
2025-12-15 03:00:00,29.143,29.278,28.81,28.959,341314.81,2025-12-15 03:59:59.999,9910511.41039,51717,156314.13,4539107.9035800,0
2025-12-15 04:00:00,28.958,29.111,28.921,29.004,164905.81,2025-12-15 04:59:59.999,4785160.3808,36462,95165.64,2761246.1807400,0
2025-12-15 05:00:00,29.003,29.139,28.925,29.085,147338.33,2025-12-15 05:59:59.999,4278391.75818,36364,73713.75,2140942.1047300,0
2025-12-15 06:00:00,29.086,29.258,28.983,29.082,278599.18,2025-12-15 06:59:59.999,8105499.97809,40960,159970.84,4654313.2695100,0
2025-12-15 07:00:00,29.081,29.134,28.963,29.102,140938.48,2025-12-15 07:59:59.999,4094063.38336,30959,71763.66,2085010.4540000,0
2025-12-15 08:00:00,29.102,29.253,28.966,29.214,154844.24,2025-12-15 08:59:59.999,4509806.93614,29848,75846.49,2209111.6400300,0
2025-12-15 09:00:00,29.215,29.494,29.175,29.391,239011.54,2025-12-15 09:59:59.999,7009266.70466,37938,112064.99,3286953.1410400,0
2025-12-15 10:00:00,29.391,29.513,29.276,29.42,265012.06,2025-12-15 10:59:59.999,7790153.76143,38947,135240.40,3976055.6037300,0
2025-12-15 11:00:00,29.42,29.439,29.21,29.374,169974.36,2025-12-15 11:59:59.999,4985170.48546,28801,74590.86,2187822.7989200,0
2025-12-15 12:00:00,29.375,29.494,29.17,29.275,326257.18,2025-12-15 12:59:59.999,9575266.13656,45668,169014.81,4961212.9768000,0
2025-12-15 13:00:00,29.273,29.276,28.595,28.697,608962.24,2025-12-15 13:59:59.999,17550929.50442,72476,288980.62,8325612.2675000,0
2025-12-15 14:00:00,28.696,28.965,28.381,28.416,775883.82,2025-12-15 14:59:59.999,22223360.62849,105377,356019.19,10205910.3896600,0
2025-12-15 15:00:00,28.416,28.592,27.355,27.716,2249692.81,2025-12-15 15:59:59.999,62758142.95869,219994,1006691.81,28091633.6301600,0
2025-12-15 16:00:00,27.717,28.058,27.429,27.437,1230599.21,2025-12-15 16:59:59.999,34133939.41404,140306,571103.16,15842165.0878300,0
2025-12-15 17:00:00,27.437,27.861,27.255,27.382,921942.5,2025-12-15 17:59:59.999,25377485.41671,118828,435627.17,11994996.7867000,0
2025-12-15 18:00:00,27.383,27.703,27.154,27.483,1093177.34,2025-12-15 18:59:59.999,29977217.74122,116738,477369.70,13092177.9597700,0
2025-12-15 19:00:00,27.482,27.771,27.365,27.525,822609.09,2025-12-15 19:59:59.999,22669138.35005,92633,415188.16,11446147.2839600,0
2025-12-15 20:00:00,27.524,27.524,27.095,27.295,513777.41,2025-12-15 20:59:59.999,14024031.50939,66647,236850.06,6467669.1049600,0
2025-12-15 21:00:00,27.296,27.658,27.217,27.517,399683.74,2025-12-15 21:59:59.999,10975671.24195,57897,199024.79,5466830.3890300,0
2025-12-15 22:00:00,27.519,27.732,27.402,27.574,406686.56,2025-12-15 22:59:59.999,11212849.72632,44532,206305.75,5689375.2632000,0
2025-12-15 23:00:00,27.574,27.706,27.366,27.583,414001.33,2025-12-15 23:59:59.999,11393724.53885,48802,208078.98,5727670.5000000,0
2025-12-16 00:00:00,27.584,27.648,27.251,27.276,462655.42,2025-12-16 00:59:59.999,12699690.47711,46689,219995.41,6041696.2726200,0
2025-12-16 01:00:00,27.277,27.401,26.96,27.02,566386.07,2025-12-16 01:59:59.999,15394213.29407,61701,242113.71,6584770.2996100,0
2025-12-16 02:00:00,27.018,27.194,26.894,27.062,589997.5,2025-12-16 02:59:59.999,15951401.68684,75009,279251.24,7554252.8686200,0
2025-12-16 03:00:00,27.062,27.102,26.328,26.696,1324673.76,2025-12-16 03:59:59.999,35275835.93971,123165,504498.84,13442890.6958900,0
2025-12-16 04:00:00,26.69,26.773,26.034,26.328,1214421.88,2025-12-16 04:59:59.999,31945740.31111,111800,482879.03,12705265.5087800,0
2025-12-16 05:00:00,26.328,26.604,26.24,26.541,437374.82,2025-12-16 05:59:59.999,11565471.08669,59654,225720.04,5970139.6778800,0
2025-12-16 06:00:00,26.541,26.72,26.448,26.651,361421.66,2025-12-16 06:59:59.999,9617577.76433,51992,173587.01,4620267.9938300,0
2025-12-16 07:00:00,26.65,26.705,26.117,26.296,656804.96,2025-12-16 07:59:59.999,17286878.96983,70446,287944.23,7576747.2468900,0
2025-12-16 08:00:00,26.296,26.493,26.237,26.432,212848.58,2025-12-16 08:59:59.999,5612134.9062,39887,104069.51,2744712.5047400,0
2025-12-16 09:00:00,26.432,26.881,26.361,26.706,316136.42,2025-12-16 09:59:59.999,8426327.67158,44459,162496.20,4331265.8377100,0
2025-12-16 10:00:00,26.707,27.188,26.678,27.068,382779.77,2025-12-16 10:59:59.999,10310838.67755,53963,195572.02,5270121.4123200,0
2025-12-16 11:00:00,27.068,27.4,26.9,27.388,380813.06,2025-12-16 11:59:59.999,10320570.84689,54401,209522.96,5682673.2840500,0
2025-12-16 12:00:00,27.386,27.587,27.139,27.286,567796.85,2025-12-16 12:59:59.999,15546983.40812,69031,259850.69,7115736.1015200,0
2025-12-16 13:00:00,27.286,27.569,26.964,26.979,688373.1,2025-12-16 13:59:59.999,18779312.37822,92457,305952.98,8352789.7952000,0
2025-12-16 14:00:00,26.979,27.594,26.774,27.391,903070.04,2025-12-16 14:59:59.999,24603017.9472,114992,442735.93,12061074.0164400,0
2025-12-16 15:00:00,27.391,27.465,26.823,27.266,774113.27,2025-12-16 15:59:59.999,20991797.72905,100945,352999.87,9575276.5850300,0
2025-12-16 16:00:00,27.266,27.317,26.663,26.686,601067.14,2025-12-16 16:59:59.999,16223219.29997,84488,260537.65,7037908.2751100,0
2025-12-16 17:00:00,26.687,26.794,26.24,26.485,754596.98,2025-12-16 17:59:59.999,20023706.72062,93894,346473.95,9197525.7718800,0
2025-12-16 18:00:00,26.484,27.047,26.431,26.942,363561.65,2025-12-16 18:59:59.999,9736074.339,61728,180835.89,4841315.5801500,0
2025-12-16 19:00:00,26.941,27.0,26.511,26.897,654846.51,2025-12-16 19:59:59.999,17557738.81986,89114,314363.46,8424685.4250400,0
2025-12-16 20:00:00,26.899,27.176,26.665,26.666,424070.49,2025-12-16 20:59:59.999,11417549.77323,70276,192356.71,5179604.4472600,0
2025-12-16 21:00:00,26.667,26.885,26.596,26.789,226878.34,2025-12-16 21:59:59.999,6065465.52047,45961,103487.27,2766509.6525600,0
2025-12-16 22:00:00,26.788,26.957,26.623,26.623,234481.6,2025-12-16 22:59:59.999,6292900.50202,31909,104752.11,2813021.7554200,0
2025-12-16 23:00:00,26.624,26.815,26.504,26.79,337716.07,2025-12-16 23:59:59.999,9002516.73402,51689,173737.38,4631296.1827600,0
2025-12-17 00:00:00,26.792,26.82,26.335,26.492,381430.78,2025-12-17 00:59:59.999,10102891.49319,53409,174106.68,4611792.5414900,0
2025-12-17 01:00:00,26.492,26.7,26.374,26.408,202503.57,2025-12-17 01:59:59.999,5379121.82066,38274,107347.16,2851649.5819800,0
2025-12-17 02:00:00,26.408,26.534,26.2,26.513,331993.06,2025-12-17 02:59:59.999,8746781.63704,51599,165236.77,4354058.6297300,0
2025-12-17 03:00:00,26.513,28.36,26.504,27.019,3991835.41,2025-12-17 03:59:59.999,109498403.24837,310237,2071458.40,56807277.2075000,0
2025-12-17 04:00:00,27.019,27.138,26.54,26.723,770006.83,2025-12-17 04:59:59.999,20625992.46277,83637,333199.54,8930167.3872000,0
2025-12-17 05:00:00,26.723,27.175,26.618,27.074,446024.41,2025-12-17 05:59:59.999,11989548.96919,64639,229438.48,6170847.2561200,0
2025-12-17 06:00:00,27.073,27.144,26.935,27.138,256851.97,2025-12-17 06:59:59.999,6941284.92038,43737,123924.68,3349190.3998700,0
2025-12-17 07:00:00,27.139,27.268,27.063,27.168,220109.17,2025-12-17 07:59:59.999,5980556.0564,35692,103843.76,2822191.4967100,0
2025-12-17 08:00:00,27.168,27.174,26.656,26.787,518554.28,2025-12-17 08:59:59.999,13940374.89641,52521,232268.87,6242993.3140700,0
2025-12-17 09:00:00,26.786,26.956,26.692,26.895,331032.95,2025-12-17 09:59:59.999,8886104.96008,43548,167578.85,4499269.7718500,0
2025-12-17 10:00:00,26.895,27.153,26.79,27.109,228775.41,2025-12-17 10:59:59.999,6179469.25027,37480,120787.83,3262002.3869200,0
2025-12-17 11:00:00,27.11,27.666,27.104,27.612,498438.34,2025-12-17 11:59:59.999,13671351.42339,55209,281707.76,7727014.1860900,0
2025-12-17 12:00:00,27.61,27.876,27.116,27.416,972667.44,2025-12-17 12:59:59.999,26741350.16706,83792,372697.16,10257367.3927600,0
2025-12-17 13:00:00,27.415,27.569,27.187,27.448,301980.55,2025-12-17 13:59:59.999,8277371.71915,46320,146638.53,4020479.9647000,0
2025-12-17 14:00:00,27.447,27.623,26.878,27.599,982464.87,2025-12-17 14:59:59.999,26753746.81116,110795,504427.00,13735321.3488400,0
2025-12-17 15:00:00,27.594,27.872,26.563,26.719,1658464.73,2025-12-17 15:59:59.999,45255240.52937,178209,766624.34,20931862.8246200,0
2025-12-17 16:00:00,26.72,27.034,25.501,26.123,2333219.95,2025-12-17 16:59:59.999,60956170.8325,204377,1071768.60,28002492.3648900,0
2025-12-17 17:00:00,26.122,26.136,25.206,25.285,1364361.49,2025-12-17 17:59:59.999,35034912.82702,138729,604627.31,15531218.6009100,0
2025-12-17 18:00:00,25.286,25.519,24.826,24.874,1693823.44,2025-12-17 18:59:59.999,42582803.32329,163190,802471.71,20186724.0196200,0
2025-12-17 19:00:00,24.875,25.108,24.663,24.74,1141568.5,2025-12-17 19:59:59.999,28353847.09726,116133,529872.56,13162883.4053400,0
2025-12-17 20:00:00,24.74,24.923,24.463,24.877,961269.59,2025-12-17 20:59:59.999,23708856.76617,98475,496016.26,12243908.5418100,0
2025-12-17 21:00:00,24.877,25.02,24.662,24.678,894839.38,2025-12-17 21:59:59.999,22210523.5551,86832,448488.93,11130809.1836700,0
2025-12-17 22:00:00,24.678,24.842,24.497,24.779,618477.52,2025-12-17 22:59:59.999,15250025.99692,66056,322867.78,7960565.0054400,0
2025-12-17 23:00:00,24.778,24.794,24.187,24.473,598275.45,2025-12-17 23:59:59.999,14621191.65108,77599,249411.81,6098278.1365600,0
2025-12-18 00:00:00,24.472,24.561,24.126,24.443,706985.78,2025-12-18 00:59:59.999,17206267.31323,82361,327574.04,7973934.9610000,0
2025-12-18 01:00:00,24.443,24.469,24.132,24.407,511750.64,2025-12-18 01:59:59.999,12432643.52766,72042,280793.82,6822451.5556300,0
2025-12-18 02:00:00,24.407,24.778,24.209,24.279,630331.82,2025-12-18 02:59:59.999,15412192.89601,83461,316712.56,7746521.5492700,0
2025-12-18 03:00:00,24.278,24.371,24.097,24.187,365154.52,2025-12-18 03:59:59.999,8836277.80533,55031,179214.05,4338480.1685000,0
2025-12-18 04:00:00,24.187,24.574,24.171,24.528,308631.97,2025-12-18 04:59:59.999,7533662.26109,48448,145736.92,3556189.5974300,0
2025-12-18 05:00:00,24.528,24.559,24.317,24.37,318687.32,2025-12-18 05:59:59.999,7791365.46426,50590,135965.65,3325798.9157700,0
2025-12-18 06:00:00,24.369,24.449,24.077,24.339,365398.8,2025-12-18 06:59:59.999,8868969.68489,52355,196618.46,4774631.9177400,0
2025-12-18 07:00:00,24.339,24.488,23.864,23.979,786450.24,2025-12-18 07:59:59.999,18966937.40324,86694,347982.62,8402008.9297500,0
2025-12-18 08:00:00,23.979,24.278,23.892,24.199,642470.14,2025-12-18 08:59:59.999,15458875.75247,75444,337574.84,8124848.2699500,0
2025-12-18 09:00:00,24.2,24.451,23.656,24.36,1075777.44,2025-12-18 09:59:59.999,25884600.58458,126647,525478.43,12643611.9974400,0
2025-12-18 10:00:00,24.36,24.494,24.242,24.473,425973.05,2025-12-18 10:59:59.999,10382216.89088,65987,220607.68,5378527.0384600,0
2025-12-18 11:00:00,24.473,24.484,24.043,24.368,420954.94,2025-12-18 11:59:59.999,10199813.60119,61013,206941.58,5015170.0678400,0
2025-12-18 12:00:00,24.369,24.429,24.1,24.298,493876.89,2025-12-18 12:59:59.999,11976454.5379,65346,254271.51,6166230.2314100,0
2025-12-18 13:00:00,24.298,25.176,24.288,25.123,1973215.83,2025-12-18 13:59:59.999,48728679.44029,213429,1028363.95,25408734.3523900,0
2025-12-18 14:00:00,25.124,25.288,24.452,24.907,1735506.83,2025-12-18 14:59:59.999,43146971.78811,198405,839083.54,20869171.2715600,0
2025-12-18 15:00:00,24.908,25.24,24.629,24.674,919055.13,2025-12-18 15:59:59.999,22867414.39467,118139,451790.95,11238542.5959500,0
2025-12-18 16:00:00,24.675,24.81,24.25,24.645,924993.44,2025-12-18 16:59:59.999,22713390.01901,109371,432252.19,10618201.3899400,0
2025-12-18 17:00:00,24.646,24.66,23.446,23.703,2011647.49,2025-12-18 17:59:59.999,47992236.11195,209487,926133.58,22100152.6081700,0
2025-12-18 18:00:00,23.703,23.947,23.055,23.094,1230351.84,2025-12-18 18:59:59.999,28869396.47735,137846,505352.53,11873191.2874200,0
2025-12-18 19:00:00,23.094,23.274,22.568,22.787,2541593.76,2025-12-18 19:59:59.999,58291283.1215,199876,1153499.36,26472366.8228400,0
2025-12-18 20:00:00,22.787,23.237,22.786,22.852,900165.16,2025-12-18 20:59:59.999,20742236.2301,102462,444356.62,10241168.3075200,0
2025-12-18 21:00:00,22.857,23.227,22.85,23.143,539808.07,2025-12-18 21:59:59.999,12455070.50109,73491,303498.76,7002719.9166100,0
2025-12-18 22:00:00,23.142,23.241,22.905,22.912,340561.13,2025-12-18 22:59:59.999,7852969.67928,39145,169249.05,3903895.6423000,0
2025-12-18 23:00:00,22.911,22.935,22.4,22.458,624809.57,2025-12-18 23:59:59.999,14146108.33876,72092,274560.91,6219061.6751700,0
2025-12-19 00:00:00,22.459,22.675,22.238,22.356,760286.36,2025-12-19 00:59:59.999,17061203.98782,85960,385937.02,8660045.7375300,0
2025-12-19 01:00:00,22.355,22.628,22.185,22.604,676204.88,2025-12-19 01:59:59.999,15152548.86339,81060,326391.10,7316921.6904400,0
2025-12-19 02:00:00,22.604,22.993,22.459,22.821,707218.52,2025-12-19 02:59:59.999,16084107.42246,95424,365712.11,8319914.5388400,0
2025-12-19 03:00:00,22.821,23.292,22.678,23.077,1120317.96,2025-12-19 03:59:59.999,25815615.70185,144978,597852.96,13782757.2869200,0
2025-12-19 04:00:00,23.077,23.422,23.012,23.367,599714.53,2025-12-19 04:59:59.999,13948120.1332,91058,323236.26,7518589.2040300,0
2025-12-19 05:00:00,23.368,23.489,23.164,23.374,491386.43,2025-12-19 05:59:59.999,11466569.60551,69017,238635.08,5570047.0160500,0
2025-12-19 06:00:00,23.373,23.816,23.282,23.806,578662.66,2025-12-19 06:59:59.999,13653059.46362,73098,302419.49,7139645.1574900,0
2025-12-19 07:00:00,23.804,24.212,23.572,23.914,1142461.3,2025-12-19 07:59:59.999,27298744.25195,115164,543647.69,13001594.6274700,0
2025-12-19 08:00:00,23.913,24.059,23.755,23.994,512175.16,2025-12-19 08:59:59.999,12245726.06757,60755,277235.12,6629920.2559400,0
2025-12-19 09:00:00,23.993,24.176,23.814,23.995,396551.41,2025-12-19 09:59:59.999,9514886.24918,53983,208997.54,5016880.0806400,0
2025-12-19 10:00:00,23.995,24.411,23.976,24.395,458012.91,2025-12-19 10:59:59.999,11082993.90946,62381,287788.58,6965371.5587900,0
2025-12-19 11:00:00,24.394,24.79,24.336,24.581,864920.65,2025-12-19 11:59:59.999,21267599.41628,103263,497896.11,12244341.0182900,0
2025-12-19 12:00:00,24.581,24.61,24.22,24.33,702068.89,2025-12-19 12:59:59.999,17113354.35936,95818,346652.67,8452390.2419700,0
2025-12-19 13:00:00,24.331,24.438,24.169,24.41,401201.58,2025-12-19 13:59:59.999,9754182.38891,57523,193312.45,4700952.3556200,0
2025-12-19 14:00:00,24.411,24.525,23.91,24.058,989563.96,2025-12-19 14:59:59.999,23917592.74261,124445,411687.78,9956104.1474100,0
2025-12-19 15:00:00,24.059,24.708,23.699,23.865,1309422.86,2025-12-19 15:59:59.999,31616312.81587,159835,614122.96,14839740.3899700,0
2025-12-19 16:00:00,23.865,24.647,23.81,24.346,997540.25,2025-12-19 16:59:59.999,24224775.45895,115885,488162.03,11843495.6165700,0
2025-12-19 17:00:00,24.345,24.64,23.931,23.98,740764.53,2025-12-19 17:59:59.999,18032722.07922,105321,340346.73,8288776.1229900,0
2025-12-19 18:00:00,23.98,24.531,23.961,24.345,515505.57,2025-12-19 18:59:59.999,12517252.41609,78779,244623.18,5937681.3601700,0
2025-12-19 19:00:00,24.345,25.126,24.343,24.754,915251.98,2025-12-19 19:59:59.999,22694988.45405,94891,520686.68,12909442.1303400,0
2025-12-19 20:00:00,24.753,24.909,24.612,24.879,257577.58,2025-12-19 20:59:59.999,6378552.93126,59632,128601.74,3185719.7028800,0
2025-12-19 21:00:00,24.878,24.878,24.418,24.469,282984.4,2025-12-19 21:59:59.999,6971747.06127,48222,101030.20,2491381.0370500,0
2025-12-19 22:00:00,24.47,24.731,24.449,24.667,181818.1,2025-12-19 22:59:59.999,4475984.73217,30606,108127.66,2662235.3870000,0
2025-12-19 23:00:00,24.667,24.941,24.59,24.862,202298.78,2025-12-19 23:59:59.999,5011483.4574,38214,102086.44,2529350.5152800,0
2025-12-20 00:00:00,24.861,24.893,24.606,24.637,261770.53,2025-12-20 00:59:59.999,6472455.82543,37551,99122.46,2451345.1011200,0
2025-12-20 01:00:00,24.637,24.685,24.543,24.596,116694.93,2025-12-20 01:59:59.999,2872561.41901,22582,50903.79,1253071.4290900,0
2025-12-20 02:00:00,24.595,24.607,24.311,24.437,251331.92,2025-12-20 02:59:59.999,6139380.19449,31924,95461.60,2332018.3635900,0
2025-12-20 03:00:00,24.438,24.633,24.32,24.579,147651.73,2025-12-20 03:59:59.999,3618897.44093,25423,73573.69,1803552.6017400,0
2025-12-20 04:00:00,24.58,24.7,24.541,24.627,158762.86,2025-12-20 04:59:59.999,3907671.0736,29203,64714.14,1593367.2389500,0
2025-12-20 05:00:00,24.627,24.884,24.528,24.658,303786.07,2025-12-20 05:59:59.999,7507886.72588,45963,157323.30,3888554.1391700,0
2025-12-20 06:00:00,24.658,24.972,24.641,24.878,205993.95,2025-12-20 06:59:59.999,5108097.85682,33425,108982.24,2703660.0058900,0
2025-12-20 07:00:00,24.878,24.922,24.677,24.917,191808.06,2025-12-20 07:59:59.999,4755324.73375,26568,79151.76,1962447.3627900,0
2025-12-20 08:00:00,24.916,25.55,24.845,25.195,723904.99,2025-12-20 08:59:59.999,18301197.80884,81220,414261.05,10471810.5608500,0
2025-12-20 09:00:00,25.195,25.268,24.779,24.822,388954.71,2025-12-20 09:59:59.999,9736354.08213,47673,137035.71,3431820.4569400,0
2025-12-20 10:00:00,24.822,24.905,24.47,24.663,429785.21,2025-12-20 10:59:59.999,10598846.84555,52467,168763.42,4161643.5980300,0
2025-12-20 11:00:00,24.663,24.748,24.604,24.684,175160.94,2025-12-20 11:59:59.999,4322149.64532,27951,80244.93,1980268.5041200,0
2025-12-20 12:00:00,24.683,24.842,24.621,24.687,296596.86,2025-12-20 12:59:59.999,7338122.6906,33148,130371.32,3226477.3935700,0
2025-12-20 13:00:00,24.688,24.794,24.464,24.713,249280.55,2025-12-20 13:59:59.999,6134199.28054,37802,109725.46,2702009.7860100,0
2025-12-20 14:00:00,24.713,24.743,24.536,24.728,134552.68,2025-12-20 14:59:59.999,3312215.56015,25872,70359.28,1732203.8616300,0
2025-12-20 15:00:00,24.727,24.788,24.594,24.684,224004.02,2025-12-20 15:59:59.999,5529808.47184,33826,121347.75,2995987.6392400,0
2025-12-20 16:00:00,24.684,24.907,24.62,24.827,206104.49,2025-12-20 16:59:59.999,5099983.25646,31543,108274.83,2680520.7891900,0
2025-12-20 17:00:00,24.826,25.04,24.826,25.034,228687.27,2025-12-20 17:59:59.999,5706178.18898,32883,126519.80,3157382.0479400,0
2025-12-20 18:00:00,25.033,25.363,24.9,25.073,526365.98,2025-12-20 18:59:59.999,13244896.96734,54459,301480.06,7587202.8998300,0
2025-12-20 19:00:00,25.073,25.197,24.989,25.151,175189.61,2025-12-20 19:59:59.999,4391685.10853,33700,94336.89,2365403.5530100,0
2025-12-20 20:00:00,25.15,25.262,25.04,25.204,167501.92,2025-12-20 20:59:59.999,4212318.43447,27578,107421.27,2702110.8894200,0
2025-12-20 21:00:00,25.204,25.276,24.502,24.672,706498.8,2025-12-20 21:59:59.999,17521872.70408,63794,235652.42,5857908.8671600,0
2025-12-20 22:00:00,24.672,24.736,24.506,24.656,285035.21,2025-12-20 22:59:59.999,7012056.00885,39091,132746.20,3266195.1686100,0
2025-12-20 23:00:00,24.656,24.672,23.8,23.992,1294736.6,2025-12-20 23:59:59.999,31210964.56829,126232,555210.01,13363983.4280200,0
2025-12-21 00:00:00,23.992,24.123,23.78,24.009,607124.14,2025-12-21 00:59:59.999,14561069.79968,76597,283526.70,6802256.5613900,0
2025-12-21 01:00:00,24.01,24.071,23.655,23.661,395253.31,2025-12-21 01:59:59.999,9422566.52334,55630,192972.99,4603364.7300600,0
2025-12-21 02:00:00,23.661,23.816,23.552,23.617,288455.46,2025-12-21 02:59:59.999,6835856.76217,50675,124727.71,2957691.3049700,0
2025-12-21 03:00:00,23.617,23.945,23.61,23.894,305910.95,2025-12-21 03:59:59.999,7286099.59411,45539,161584.86,3847500.9222400,0
2025-12-21 04:00:00,23.893,23.959,23.827,23.936,115979.75,2025-12-21 04:59:59.999,2770820.99784,23586,56926.59,1360109.6656800,0
2025-12-21 05:00:00,23.936,24.059,23.901,23.956,169490.49,2025-12-21 05:59:59.999,4067134.31692,28004,98151.77,2355144.6855200,0
2025-12-21 06:00:00,23.956,24.299,23.916,24.134,313832.77,2025-12-21 06:59:59.999,7576667.91329,39645,161059.34,3888726.8327700,0
2025-12-21 07:00:00,24.134,24.202,24.04,24.186,152568.58,2025-12-21 07:59:59.999,3680701.19243,25759,74421.13,1795832.4036600,0
2025-12-21 08:00:00,24.185,24.619,24.0,24.273,771023.31,2025-12-21 08:59:59.999,18749462.63203,89198,372854.27,9071824.2551900,0
2025-12-21 09:00:00,24.274,24.38,24.113,24.372,336305.04,2025-12-21 09:59:59.999,8160195.85874,47014,160684.28,3900531.5679500,0
2025-12-21 10:00:00,24.372,24.396,24.163,24.233,173609.22,2025-12-21 10:59:59.999,4215401.56056,33186,69123.86,1679184.5393600,0
2025-12-21 11:00:00,24.233,24.301,24.069,24.282,342014.57,2025-12-21 11:59:59.999,8268259.4953,42424,150709.22,3644404.2073400,0
2025-12-21 12:00:00,24.282,24.407,23.998,24.189,673215.88,2025-12-21 12:59:59.999,16294265.23951,68843,309641.21,7494430.7276600,0
2025-12-21 13:00:00,24.189,24.192,23.706,23.747,621513.53,2025-12-21 13:59:59.999,14861439.14159,79428,280050.64,6696036.2014700,0
2025-12-21 14:00:00,23.746,24.081,23.673,24.071,443966.88,2025-12-21 14:59:59.999,10607691.10998,56313,207456.66,4959311.3134400,0
2025-12-21 15:00:00,24.072,24.224,23.946,24.166,258638.64,2025-12-21 15:59:59.999,6232356.82798,41562,135273.49,3259970.6273600,0
2025-12-21 16:00:00,24.165,24.338,24.007,24.282,412166.52,2025-12-21 16:59:59.999,9979151.71879,54684,183691.57,4447760.9613600,0
2025-12-21 17:00:00,24.283,24.496,24.22,24.38,321504.64,2025-12-21 17:59:59.999,7828252.81928,46762,163991.74,3994468.0709400,0
2025-12-21 18:00:00,24.38,24.471,24.249,24.451,226454.04,2025-12-21 18:59:59.999,5512555.14289,34423,99997.81,2435066.0729500,0
2025-12-21 19:00:00,24.451,24.555,24.313,24.357,228773.42,2025-12-21 19:59:59.999,5584916.38231,34342,101523.74,2478750.1704500,0
2025-12-21 20:00:00,24.358,24.395,24.086,24.12,184990.47,2025-12-21 20:59:59.999,4488509.5491,26988,81320.88,1974099.2782900,0
2025-12-21 21:00:00,24.119,24.191,24.02,24.068,161980.14,2025-12-21 21:59:59.999,3900587.54017,27564,83596.63,2013569.9898400,0
2025-12-21 22:00:00,24.069,24.556,24.055,24.456,265018.73,2025-12-21 22:59:59.999,6442756.48677,35280,146017.05,3550475.7457100,0
2025-12-21 23:00:00,24.455,24.841,24.39,24.825,334054.86,2025-12-21 23:59:59.999,8216357.77122,47856,169389.72,4169351.0166300,0
2025-12-22 00:00:00,24.824,24.991,24.443,24.525,749676.45,2025-12-22 00:59:59.999,18501699.97349,87713,304191.25,7514531.6551600,0
2025-12-22 01:00:00,24.525,25.0,24.474,24.737,361136.29,2025-12-22 01:59:59.999,8951651.73155,58386,159239.97,3945578.9261900,0
2025-12-22 02:00:00,24.737,24.82,24.49,24.601,351263.83,2025-12-22 02:59:59.999,8663157.74418,55915,146783.16,3621619.8894100,0
2025-12-22 03:00:00,24.601,24.797,24.52,24.761,156654.86,2025-12-22 03:59:59.999,3864268.40875,33567,78944.37,1947901.8211600,0
2025-12-22 04:00:00,24.761,25.09,24.64,24.751,370485.98,2025-12-22 04:59:59.999,9221227.07328,52358,189646.12,4721679.0297900,0
2025-12-22 05:00:00,24.751,24.916,24.69,24.876,117622.6,2025-12-22 05:59:59.999,2919149.89497,25089,62286.25,1546031.4483300,0
2025-12-22 06:00:00,24.876,24.996,24.776,24.961,176738.72,2025-12-22 06:59:59.999,4401993.34632,29898,87246.86,2173441.8778300,0
2025-12-22 07:00:00,24.962,25.405,24.927,25.38,351077.57,2025-12-22 07:59:59.999,8830081.01344,43647,208988.32,5257732.8174800,0
2025-12-22 08:00:00,25.38,25.698,25.211,25.22,776377.22,2025-12-22 08:59:59.999,19746688.63148,82380,393294.84,10009062.6703100,0
2025-12-22 09:00:00,25.22,25.4,25.124,25.326,324579.87,2025-12-22 09:59:59.999,8200242.22974,43043,175040.53,4426520.0337600,0
2025-12-22 10:00:00,25.326,25.365,25.105,25.231,201194.46,2025-12-22 10:59:59.999,5072751.16872,34995,91746.52,2314038.8171500,0
2025-12-22 11:00:00,25.232,25.323,24.966,25.06,449843.63,2025-12-22 11:59:59.999,11298383.22532,51894,243901.20,6124055.7307100,0
2025-12-22 12:00:00,25.061,25.438,25.051,25.238,277468.41,2025-12-22 12:59:59.999,7006547.32561,46676,122936.11,3105343.4958100,0
2025-12-22 13:00:00,25.238,25.341,24.771,24.923,396777.17,2025-12-22 13:59:59.999,9912993.46508,49847,169084.89,4222930.1062600,0
2025-12-22 14:00:00,24.923,25.126,24.693,24.734,733541.73,2025-12-22 14:59:59.999,18239617.00519,80617,333142.29,8287312.1748800,0
2025-12-22 15:00:00,24.733,24.87,24.383,24.699,849313.87,2025-12-22 15:59:59.999,20898877.10074,90925,377244.04,9283117.9065200,0
2025-12-22 16:00:00,24.7,24.956,24.553,24.861,579588.62,2025-12-22 16:59:59.999,14348419.28977,72692,280099.77,6937549.5129500,0
2025-12-22 17:00:00,24.862,25.216,24.684,25.059,556459.42,2025-12-22 17:59:59.999,13915911.47986,68483,273636.89,6841855.1382400,0
2025-12-22 18:00:00,25.059,25.09,24.818,24.958,246306.05,2025-12-22 18:59:59.999,6147509.81787,37929,123899.25,3092644.0116900,0
2025-12-22 19:00:00,24.957,24.962,24.528,24.642,512995.55,2025-12-22 19:59:59.999,12666351.09633,64397,231097.68,5705044.6884500,0
2025-12-22 20:00:00,24.641,24.807,24.515,24.655,335988.9,2025-12-22 20:59:59.999,8298519.04244,50168,160234.52,3959358.6017300,0
2025-12-22 21:00:00,24.654,24.918,24.631,24.753,204309.69,2025-12-22 21:59:59.999,5065441.05024,34016,95170.53,2359800.6610500,0
2025-12-22 22:00:00,24.752,24.937,24.584,24.897,241637.0,2025-12-22 22:59:59.999,5980208.77569,28311,119258.48,2953052.4971700,0
2025-12-22 23:00:00,24.897,25.103,24.809,24.871,319163.41,2025-12-22 23:59:59.999,7957649.48801,44643,166916.65,4162091.4340800,0
2025-12-23 00:00:00,24.872,24.968,24.758,24.961,164329.96,2025-12-23 00:59:59.999,4083124.41448,24939,90201.84,2241343.1073600,0
2025-12-23 01:00:00,24.961,25.0,24.686,24.767,152191.41,2025-12-23 01:59:59.999,3775477.60202,27855,70383.15,1745472.8038100,0
2025-12-23 02:00:00,24.766,24.945,24.548,24.579,223340.9,2025-12-23 02:59:59.999,5531277.91725,35187,107747.26,2669924.5258000,0
2025-12-23 03:00:00,24.58,24.594,24.319,24.336,338384.76,2025-12-23 03:59:59.999,8275186.24277,48583,157685.68,3856253.3547100,0
2025-12-23 04:00:00,24.336,24.396,24.218,24.318,212582.95,2025-12-23 04:59:59.999,5166394.16617,34143,95686.33,2326050.3642400,0
2025-12-23 05:00:00,24.317,24.385,24.027,24.339,422126.62,2025-12-23 05:59:59.999,10218458.94449,52702,183486.13,4443181.4693200,0
2025-12-23 06:00:00,24.338,24.491,24.25,24.395,353661.94,2025-12-23 06:59:59.999,8618480.7704,51332,159053.68,3876523.0755800,0
2025-12-23 07:00:00,24.395,24.483,24.169,24.266,296030.24,2025-12-23 07:59:59.999,7199932.3818,39227,156091.73,3796721.3387900,0
2025-12-23 08:00:00,24.266,24.284,23.823,23.974,390181.77,2025-12-23 08:59:59.999,9377248.37319,42171,166981.56,4015652.4835800,0
2025-12-23 09:00:00,23.974,24.145,23.928,24.136,234266.34,2025-12-23 09:59:59.999,5628194.41357,27894,122040.56,2931548.5137200,0
2025-12-23 10:00:00,24.135,24.261,24.052,24.224,237988.05,2025-12-23 10:59:59.999,5751476.23117,28466,114130.96,2757998.6060300,0
2025-12-23 11:00:00,24.224,24.422,24.218,24.301,189691.53,2025-12-23 11:59:59.999,4613337.67913,23306,98945.24,2405872.3142800,0
2025-12-23 12:00:00,24.302,24.427,24.212,24.286,174522.75,2025-12-23 12:59:59.999,4245276.08846,22541,93754.44,2281447.9320600,0
2025-12-23 13:00:00,24.285,24.603,24.061,24.371,714536.92,2025-12-23 13:59:59.999,17380197.39321,70048,370484.71,9011950.7725000,0
2025-12-23 14:00:00,24.37,24.519,23.635,23.8,830546.75,2025-12-23 14:59:59.999,19957139.25487,93651,336670.73,8093755.4491100,0
2025-12-23 15:00:00,23.8,24.085,23.695,24.068,421386.33,2025-12-23 15:59:59.999,10069083.96345,54290,224405.89,5365221.3339500,0
2025-12-23 16:00:00,24.068,24.369,24.03,24.342,355311.95,2025-12-23 16:59:59.999,8597357.54907,50572,186600.26,4516595.3223200,0
2025-12-23 17:00:00,24.341,24.493,24.157,24.162,296945.88,2025-12-23 17:59:59.999,7234905.90346,48529,138619.50,3379166.7504000,0
2025-12-23 18:00:00,24.162,24.537,24.118,24.479,218008.03,2025-12-23 18:59:59.999,5304029.87078,41076,117708.87,2864691.4816000,0
2025-12-23 19:00:00,24.479,24.591,24.358,24.555,133053.38,2025-12-23 19:59:59.999,3256768.60591,28078,72524.69,1775346.2548600,0
2025-12-23 20:00:00,24.555,24.748,24.436,24.601,226934.78,2025-12-23 20:59:59.999,5577583.59526,40536,111737.17,2747274.5817500,0
2025-12-23 21:00:00,24.602,24.658,24.4,24.425,144969.24,2025-12-23 21:59:59.999,3550152.4415,27275,67107.78,1643202.7585700,0
2025-12-23 22:00:00,24.425,24.535,23.896,24.01,445422.5,2025-12-23 22:59:59.999,10759543.10411,43448,196275.42,4743478.6717500,0
2025-12-23 23:00:00,24.01,24.06,23.8,23.956,365456.14,2025-12-23 23:59:59.999,8740314.22173,47241,190834.47,4563692.6248400,0
2025-12-24 00:00:00,23.956,24.305,23.929,24.294,357809.52,2025-12-24 00:59:59.999,8625638.141,51887,193302.11,4661673.5700800,0
2025-12-24 01:00:00,24.294,24.399,24.026,24.122,264335.26,2025-12-24 01:59:59.999,6402844.8248,44011,127332.76,3085110.1379900,0
2025-12-24 02:00:00,24.123,24.2,23.634,23.783,508314.51,2025-12-24 02:59:59.999,12124441.77488,67455,218928.37,5224352.6059400,0
2025-12-24 03:00:00,23.784,24.131,23.667,24.065,309974.71,2025-12-24 03:59:59.999,7423960.88634,48789,155810.37,3729532.4783600,0
2025-12-24 04:00:00,24.064,24.257,24.009,24.129,224625.22,2025-12-24 04:59:59.999,5420107.36969,37257,106634.58,2573595.1973400,0
2025-12-24 05:00:00,24.128,24.166,23.854,23.895,262439.06,2025-12-24 05:59:59.999,6297790.63191,43652,118962.41,2856670.5117000,0
2025-12-24 06:00:00,23.895,23.943,23.723,23.902,308253.33,2025-12-24 06:59:59.999,7347076.72983,43743,164624.14,3924746.2576800,0
2025-12-24 07:00:00,23.903,23.954,23.705,23.715,225651.14,2025-12-24 07:59:59.999,5382581.2101,33063,112372.33,2681888.1569900,0
2025-12-24 08:00:00,23.716,23.824,23.612,23.776,324176.72,2025-12-24 08:59:59.999,7686266.01091,41785,153927.19,3650870.6057700,0
2025-12-24 09:00:00,23.776,23.926,23.772,23.844,149847.41,2025-12-24 09:59:59.999,3573687.2306,26541,71382.00,1702642.9515800,0
2025-12-24 10:00:00,23.844,23.992,23.817,23.905,120221.98,2025-12-24 10:59:59.999,2875783.72593,20168,61234.10,1464679.3988900,0
2025-12-24 11:00:00,23.905,23.978,23.847,23.916,82416.85,2025-12-24 11:59:59.999,1971138.08411,17464,42299.88,1011794.9684600,0
2025-12-24 12:00:00,23.915,23.923,23.783,23.905,118298.92,2025-12-24 12:59:59.999,2820932.72875,21047,53827.20,1283958.5016500,0
2025-12-24 13:00:00,23.902,23.99,23.811,23.908,137964.99,2025-12-24 13:59:59.999,3296994.21653,23332,57918.55,1384032.2714300,0
2025-12-24 14:00:00,23.908,24.123,23.81,24.019,384904.1,2025-12-24 14:59:59.999,9242701.67713,51337,210380.25,5052757.1592700,0
2025-12-24 15:00:00,24.018,24.297,23.931,24.273,275276.86,2025-12-24 15:59:59.999,6643091.52046,51197,141431.78,3413456.7600700,0
2025-12-24 16:00:00,24.273,24.55,24.14,24.523,408716.85,2025-12-24 16:59:59.999,9937857.86412,53882,200418.35,4876678.1971200,0
2025-12-24 17:00:00,24.522,24.522,24.304,24.389,232339.21,2025-12-24 17:59:59.999,5671918.97815,35325,114319.89,2791507.8653000,0
2025-12-24 18:00:00,24.389,24.431,24.264,24.304,139602.43,2025-12-24 18:59:59.999,3398796.80389,25609,78962.68,1922532.1253100,0
2025-12-24 19:00:00,24.304,24.724,24.236,24.663,276093.47,2025-12-24 19:59:59.999,6758735.60212,37529,150856.65,3692263.5387000,0
2025-12-24 20:00:00,24.664,24.697,24.428,24.497,121008.95,2025-12-24 20:59:59.999,2971583.17204,24602,52723.12,1294696.9936000,0
2025-12-24 21:00:00,24.497,24.87,24.494,24.825,200920.93,2025-12-24 21:59:59.999,4958939.20191,34174,131325.21,3240408.3181900,0
2025-12-24 22:00:00,24.833,25.211,24.767,25.202,474120.06,2025-12-24 22:59:59.999,11838478.38506,66666,293287.66,7324143.8910700,0
2025-12-24 23:00:00,25.201,25.244,25.039,25.156,283840.45,2025-12-24 23:59:59.999,7140705.45944,41902,131411.91,3306134.6809800,0
2025-12-25 00:00:00,25.156,25.193,24.704,24.91,463019.62,2025-12-25 00:59:59.999,11533713.4467,48823,183086.92,4560550.2220500,0
2025-12-25 01:00:00,24.91,24.951,24.872,24.906,101524.93,2025-12-25 01:59:59.999,2528764.11038,14765,42794.63,1065982.7132400,0
2025-12-25 02:00:00,24.906,25.189,24.832,25.068,160193.31,2025-12-25 02:59:59.999,4009051.50707,24125,84648.69,2118876.2961700,0
2025-12-25 03:00:00,25.068,25.076,24.787,24.862,266688.66,2025-12-25 03:59:59.999,6645792.71342,33943,121843.90,3035921.9121600,0
2025-12-25 04:00:00,24.864,25.136,24.838,25.009,310394.8,2025-12-25 04:59:59.999,7756674.39414,35869,167249.20,4179424.0626500,0
2025-12-25 05:00:00,25.008,25.008,24.664,24.686,239035.77,2025-12-25 05:59:59.999,5929150.0713,31275,89482.72,2220089.1654900,0
2025-12-25 06:00:00,24.686,24.836,24.621,24.681,260229.07,2025-12-25 06:59:59.999,6430863.5748,27676,117532.31,2906067.6493200,0
2025-12-25 07:00:00,24.681,24.737,24.538,24.704,149449.91,2025-12-25 07:59:59.999,3685462.0112,18061,66897.93,1650582.9383500,0
2025-12-25 08:00:00,24.702,24.74,24.559,24.64,155533.64,2025-12-25 08:59:59.999,3831958.67365,21213,80736.36,1989529.7088600,0
2025-12-25 09:00:00,24.64,24.674,24.54,24.614,102927.36,2025-12-25 09:59:59.999,2533162.80664,15215,50125.71,1233753.8937700,0
2025-12-25 10:00:00,24.614,24.668,24.462,24.586,134985.1,2025-12-25 10:59:59.999,3315081.35228,18051,60666.25,1490429.0345900,0
2025-12-25 11:00:00,24.587,24.685,24.559,24.634,97915.51,2025-12-25 11:59:59.999,2411243.68415,15081,52825.03,1301064.1793600,0
2025-12-25 12:00:00,24.634,24.715,24.596,24.69,108219.45,2025-12-25 12:59:59.999,2669420.93639,13396,59791.79,1475392.2084600,0
2025-12-25 13:00:00,24.689,24.758,24.601,24.659,122447.72,2025-12-25 13:59:59.999,3021410.92631,15711,64214.94,1585022.3485200,0
2025-12-25 14:00:00,24.658,24.786,24.566,24.691,162831.47,2025-12-25 14:59:59.999,4017525.35114,20871,93432.73,2305708.6071200,0
2025-12-25 15:00:00,24.692,24.897,24.525,24.805,326355.35,2025-12-25 15:59:59.999,8060277.11335,36720,178225.75,4399332.2410700,0
2025-12-25 16:00:00,24.806,25.049,24.761,24.878,245232.78,2025-12-25 16:59:59.999,6107345.90362,32459,124567.87,3102168.6339000,0
2025-12-25 17:00:00,24.878,25.079,24.837,25.051,202845.88,2025-12-25 17:59:59.999,5067415.37728,25177,113066.43,2824877.5722500,0
2025-12-25 18:00:00,25.051,25.229,25.041,25.139,213679.81,2025-12-25 18:59:59.999,5369765.93366,24826,116984.75,2939862.1636400,0
2025-12-25 19:00:00,25.138,25.141,24.906,24.916,98033.25,2025-12-25 19:59:59.999,2450532.71502,15518,45493.09,1137134.3870600,0
2025-12-25 20:00:00,24.916,25.005,24.802,24.848,176468.21,2025-12-25 20:59:59.999,4390154.92349,16338,93927.65,2337364.4302800,0
2025-12-25 21:00:00,24.847,25.007,24.807,24.948,116552.5,2025-12-25 21:59:59.999,2902710.7648,14576,64593.31,1608808.5029400,0
2025-12-25 22:00:00,24.948,25.015,24.4,24.578,477472.61,2025-12-25 22:59:59.999,11771496.21102,38830,205955.36,5076849.9016200,0
2025-12-25 23:00:00,24.578,24.581,24.17,24.384,543984.16,2025-12-25 23:59:59.999,13257788.18133,54737,251886.18,6139622.2914300,0
2025-12-26 00:00:00,24.383,24.634,24.347,24.5,313187.15,2025-12-26 00:59:59.999,7664565.74808,39451,159940.66,3914138.5978100,0
2025-12-26 01:00:00,24.501,24.69,24.453,24.653,135103.55,2025-12-26 01:59:59.999,3321691.88022,22538,80173.47,1971975.2304200,0
2025-12-26 02:00:00,24.652,25.12,24.642,25.058,439060.49,2025-12-26 02:59:59.999,10956994.99754,61517,213398.47,5324817.4431900,0
2025-12-26 03:00:00,25.058,25.1,24.857,24.934,203566.81,2025-12-26 03:59:59.999,5080141.34964,29817,74740.10,1865244.4254800,0
2025-12-26 04:00:00,24.934,25.049,24.775,25.006,102868.12,2025-12-26 04:59:59.999,2562410.85853,18882,47631.40,1186658.6343400,0
2025-12-26 05:00:00,25.006,25.032,24.819,24.994,181051.46,2025-12-26 05:59:59.999,4511235.43223,23234,93774.30,2337390.6707200,0
2025-12-26 06:00:00,24.995,25.499,24.995,25.434,514331.45,2025-12-26 06:59:59.999,13028095.4813,44793,294674.11,7459213.8775600,0
2025-12-26 07:00:00,25.434,25.497,24.999,25.094,362905.06,2025-12-26 07:59:59.999,9167765.76713,40339,166558.16,4210186.0290500,0
2025-12-26 08:00:00,25.093,25.235,25.052,25.169,250444.32,2025-12-26 08:59:59.999,6295262.24473,32285,134724.92,3387747.2135100,0
2025-12-26 09:00:00,25.168,25.486,25.161,25.353,338232.37,2025-12-26 09:59:59.999,8580517.66443,37087,195561.94,4961520.8842900,0
2025-12-26 10:00:00,25.353,25.397,25.189,25.259,199383.83,2025-12-26 10:59:59.999,5041257.85846,23603,107390.77,2715458.4160400,0
2025-12-26 11:00:00,25.259,25.264,24.86,24.917,274315.95,2025-12-26 11:59:59.999,6875663.30643,27021,107507.69,2696208.3358900,0
2025-12-26 12:00:00,24.916,25.035,24.861,25.009,183126.47,2025-12-26 12:59:59.999,4568624.45539,22390,89661.86,2236725.9971900,0
2025-12-26 13:00:00,25.008,25.131,24.977,25.061,146573.38,2025-12-26 13:59:59.999,3674436.35138,18861,77983.04,1955451.2352200,0
2025-12-26 14:00:00,25.061,25.168,24.801,24.835,344147.41,2025-12-26 14:59:59.999,8592632.58688,45232,169346.80,4230111.6758000,0
2025-12-26 15:00:00,24.835,24.999,24.701,24.981,425068.92,2025-12-26 15:59:59.999,10565457.11652,62166,218680.92,5435743.0932800,0
2025-12-26 16:00:00,24.981,25.049,24.732,24.776,247769.62,2025-12-26 16:59:59.999,6174026.93063,32674,97631.82,2435051.4319900,0
2025-12-26 17:00:00,24.776,24.992,24.776,24.868,263526.92,2025-12-26 17:59:59.999,6558288.39698,29847,139497.96,3472448.1903600,0
2025-12-26 18:00:00,24.868,25.02,24.795,24.879,269339.04,2025-12-26 18:59:59.999,6707408.29667,25913,124639.49,3104369.7749000,0
2025-12-26 19:00:00,24.881,25.007,24.847,24.99,82063.68,2025-12-26 19:59:59.999,2046066.23063,14761,44646.39,1113274.1165000,0
2025-12-26 20:00:00,24.99,25.18,24.961,25.098,131134.52,2025-12-26 20:59:59.999,3290735.80136,22593,78813.68,1978044.4486200,0
2025-12-26 21:00:00,25.097,25.342,25.093,25.28,223150.4,2025-12-26 21:59:59.999,5636617.60378,27853,140156.23,3540088.7025600,0
2025-12-26 22:00:00,25.28,25.59,25.161,25.537,304332.78,2025-12-26 22:59:59.999,7741327.38126,25416,159975.47,4069923.4290500,0
2025-12-26 23:00:00,25.537,25.89,25.426,25.774,492794.6,2025-12-26 23:59:59.999,12659049.04407,47184,296231.43,7614707.5147900,0
2025-12-27 00:00:00,25.773,25.805,25.555,25.709,378029.1,2025-12-27 00:59:59.999,9705280.19284,38996,198521.31,5097430.7880900,0
2025-12-27 01:00:00,25.714,25.987,25.612,25.986,213681.74,2025-12-27 01:59:59.999,5512233.78831,26978,128129.70,3306801.5116700,0
2025-12-27 02:00:00,25.986,26.45,25.915,25.942,653239.7,2025-12-27 02:59:59.999,17112976.93332,61946,299559.50,7845430.2519500,0
2025-12-27 03:00:00,25.941,25.987,25.821,25.918,175013.97,2025-12-27 03:59:59.999,4533577.19786,25481,91712.94,2375998.9105200,0
2025-12-27 04:00:00,25.919,25.929,25.762,25.85,151762.21,2025-12-27 04:59:59.999,3920729.053,19941,60766.61,1570437.9464600,0
2025-12-27 05:00:00,25.851,26.001,25.811,25.991,113192.0,2025-12-27 05:59:59.999,2931958.41969,13912,63213.58,1637712.3346200,0
2025-12-27 06:00:00,25.991,26.092,25.853,25.855,156369.7,2025-12-27 06:59:59.999,4058240.89478,19053,81473.29,2115298.6448100,0
2025-12-27 07:00:00,25.856,26.059,25.841,25.937,171258.98,2025-12-27 07:59:59.999,4446137.17137,19713,99885.11,2593102.0279200,0
2025-12-27 08:00:00,25.938,26.139,25.938,26.025,189381.38,2025-12-27 08:59:59.999,4935005.42787,20902,113227.92,2950575.9341100,0
2025-12-27 09:00:00,26.025,26.355,26.023,26.179,315533.9,2025-12-27 09:59:59.999,8270178.11849,36384,176343.51,4623197.5558500,0
2025-12-27 10:00:00,26.179,26.224,26.013,26.059,164023.7,2025-12-27 10:59:59.999,4283648.52208,22765,63827.68,1667049.4768300,0
2025-12-27 11:00:00,26.055,26.19,26.035,26.096,110333.43,2025-12-27 11:59:59.999,2882359.93392,18402,58288.87,1522678.9993800,0
2025-12-27 12:00:00,26.095,26.168,25.927,26.059,211599.6,2025-12-27 12:59:59.999,5504062.74111,26364,100359.12,2610627.1267500,0
2025-12-27 13:00:00,26.06,26.072,25.693,25.826,376308.94,2025-12-27 13:59:59.999,9712653.50655,37667,169593.83,4374349.4097900,0
2025-12-27 14:00:00,25.827,25.941,25.779,25.816,155508.79,2025-12-27 14:59:59.999,4020892.92591,21482,80377.67,2078504.6537300,0
2025-12-27 15:00:00,25.816,25.962,25.816,25.949,135446.73,2025-12-27 15:59:59.999,3508810.40553,17911,74555.51,1931288.2741000,0
2025-12-27 16:00:00,25.95,25.963,25.482,25.494,349782.69,2025-12-27 16:59:59.999,8988155.71823,29996,118367.01,3043540.8911800,0
2025-12-27 17:00:00,25.494,25.614,25.383,25.542,286507.99,2025-12-27 17:59:59.999,7299770.03757,31604,143335.40,3652418.3768500,0
2025-12-27 18:00:00,25.543,25.639,25.43,25.611,168448.97,2025-12-27 18:59:59.999,4305305.49469,25538,79529.20,2032816.9495200,0
2025-12-27 19:00:00,25.611,25.71,25.574,25.688,83118.07,2025-12-27 19:59:59.999,2131972.30673,13351,50230.72,1288483.2794000,0
2025-12-27 20:00:00,25.688,25.748,25.576,25.66,107270.47,2025-12-27 20:59:59.999,2750785.49602,13833,52719.22,1352090.1321900,0
2025-12-27 21:00:00,25.659,26.166,25.626,25.977,389814.61,2025-12-27 21:59:59.999,10107807.54467,38035,241285.18,6254571.1527800,0
2025-12-27 22:00:00,25.978,25.991,25.739,25.77,156458.59,2025-12-27 22:59:59.999,4046528.07502,22704,58081.07,1502039.1790000,0
2025-12-27 23:00:00,25.77,26.059,25.748,25.961,217568.7,2025-12-27 23:59:59.999,5637341.53034,24991,114066.93,2955990.4924700,0
2025-12-28 00:00:00,25.961,26.073,25.874,26.005,118631.75,2025-12-28 00:59:59.999,3080163.27706,18620,70507.90,1830856.9167800,0
2025-12-28 01:00:00,26.003,26.058,25.877,25.892,218416.84,2025-12-28 01:59:59.999,5674229.57455,25620,98532.26,2559727.1300600,0
2025-12-28 02:00:00,25.892,26.02,25.867,26.01,74865.81,2025-12-28 02:59:59.999,1942951.79995,12148,41259.01,1070641.0590500,0
2025-12-28 03:00:00,26.009,26.197,25.952,26.104,135315.19,2025-12-28 03:59:59.999,3528642.62685,15287,75127.61,1958524.9907500,0
2025-12-28 04:00:00,26.1,26.37,26.063,26.244,307859.25,2025-12-28 04:59:59.999,8073117.98785,26963,184987.73,4852212.3780700,0
2025-12-28 05:00:00,26.243,26.243,25.959,26.01,188889.24,2025-12-28 05:59:59.999,4923470.7052,23113,76582.54,1994901.7446900,0
2025-12-28 06:00:00,26.011,26.08,25.798,25.828,269135.78,2025-12-28 06:59:59.999,6981042.83623,25087,113904.87,2955724.1805200,0
2025-12-28 07:00:00,25.828,25.891,25.688,25.816,186182.55,2025-12-28 07:59:59.999,4798791.93372,18722,80772.10,2082645.5918400,0
2025-12-28 08:00:00,25.816,25.892,25.751,25.87,117555.27,2025-12-28 08:59:59.999,3035868.34704,15179,62362.65,1611074.1192100,0
2025-12-28 09:00:00,25.869,25.931,25.781,25.922,107620.01,2025-12-28 09:59:59.999,2783661.38522,15014,56658.17,1465768.2275700,0
2025-12-28 10:00:00,25.922,26.062,25.906,25.928,112152.34,2025-12-28 10:59:59.999,2912111.48172,14242,62236.18,1616146.6828100,0
2025-12-28 11:00:00,25.928,25.975,25.833,25.867,94607.34,2025-12-28 11:59:59.999,2449819.0652,14009,40525.48,1049674.2984500,0
2025-12-28 12:00:00,25.868,25.906,25.739,25.81,111886.54,2025-12-28 12:59:59.999,2889897.79876,14791,45197.37,1167883.3559900,0
2025-12-28 13:00:00,25.81,25.909,25.81,25.888,70651.81,2025-12-28 13:59:59.999,1827793.8961,11375,37789.55,977674.4328100,0
2025-12-28 14:00:00,25.889,25.91,25.768,25.863,103833.33,2025-12-28 14:59:59.999,2684286.62896,15111,52492.34,1357291.6441500,0
2025-12-28 15:00:00,25.865,25.911,25.025,25.165,974833.16,2025-12-28 15:59:59.999,24829715.43778,81991,399067.41,10163943.3890400,0
2025-12-28 16:00:00,25.165,25.409,25.074,25.236,916374.97,2025-12-28 16:59:59.999,23119616.68664,86320,474198.96,11964951.7376800,0
2025-12-28 17:00:00,25.235,25.467,25.224,25.34,294412.01,2025-12-28 17:59:59.999,7471366.94735,29895,152873.32,3879745.1359300,0
2025-12-28 18:00:00,25.341,25.38,25.116,25.134,325538.29,2025-12-28 18:59:59.999,8220788.71126,32833,125662.55,3175394.6008200,0
2025-12-28 19:00:00,25.136,25.271,24.904,24.975,353461.88,2025-12-28 19:59:59.999,8862003.39709,36743,156237.79,3920008.4076400,0
2025-12-28 20:00:00,24.975,25.2,24.92,24.986,220465.22,2025-12-28 20:59:59.999,5523439.73481,28574,106703.96,2674627.2077100,0
2025-12-28 21:00:00,24.983,25.09,24.766,25.061,411652.72,2025-12-28 21:59:59.999,10272646.38688,40779,200129.51,4996805.9568700,0
2025-12-28 22:00:00,25.062,25.272,24.936,25.265,174618.69,2025-12-28 22:59:59.999,4384432.12824,18643,90503.89,2273732.8063600,0
2025-12-28 23:00:00,25.264,25.439,25.173,25.342,336671.75,2025-12-28 23:59:59.999,8529603.47877,41316,187380.06,4747908.9302100,0
2025-12-29 00:00:00,25.343,26.049,25.246,25.978,759356.21,2025-12-29 00:59:59.999,19536337.3396,81183,431282.08,11097681.9759200,0
2025-12-29 01:00:00,25.978,26.18,25.725,26.09,651110.03,2025-12-29 01:59:59.999,16894582.39663,73553,340554.32,8839045.1855800,0
2025-12-29 02:00:00,26.09,26.301,25.998,26.076,664221.96,2025-12-29 02:59:59.999,17363946.88037,75961,341537.44,8932727.1338500,0
2025-12-29 03:00:00,26.076,26.198,25.894,26.094,481477.63,2025-12-29 03:59:59.999,12545003.1083,58054,250743.57,6534397.6374300,0
2025-12-29 04:00:00,26.094,26.163,25.914,26.103,262782.79,2025-12-29 04:59:59.999,6842575.55248,38102,107973.93,2812284.6583600,0
2025-12-29 05:00:00,26.102,26.293,25.993,26.035,327584.81,2025-12-29 05:59:59.999,8566945.27811,40097,168254.11,4402123.2116400,0
2025-12-29 06:00:00,26.035,26.169,25.901,25.922,224837.86,2025-12-29 06:59:59.999,5855866.08654,30991,113966.23,2969840.2710300,0
2025-12-29 07:00:00,25.922,26.152,25.772,25.944,308073.83,2025-12-29 07:59:59.999,7999907.32322,38507,142200.40,3694143.7468200,0
2025-12-29 08:00:00,25.944,26.116,25.82,25.871,248980.11,2025-12-29 08:59:59.999,6461973.71844,36066,95515.11,2480320.9297600,0
2025-12-29 09:00:00,25.878,26.049,25.5,25.742,587738.51,2025-12-29 09:59:59.999,15133706.2902,69615,245201.73,6315723.3314200,0
2025-12-29 10:00:00,25.742,25.908,25.609,25.72,459302.46,2025-12-29 10:59:59.999,11821512.96868,60423,230583.25,5935768.0382000,0
2025-12-29 11:00:00,25.72,25.722,25.572,25.649,182314.34,2025-12-29 11:59:59.999,4673651.84314,27881,92519.75,2371490.2587400,0
2025-12-29 12:00:00,25.648,25.732,25.306,25.699,463346.1,2025-12-29 12:59:59.999,11823960.33562,63991,220515.27,5630393.4554800,0
2025-12-29 13:00:00,25.7,25.81,25.542,25.674,447984.47,2025-12-29 13:59:59.999,11491786.33799,36648,220264.79,5648452.3340400,0
2025-12-29 14:00:00,25.674,25.973,25.648,25.781,407354.84,2025-12-29 14:59:59.999,10518593.21844,55382,240661.03,6215569.6359500,0
2025-12-29 15:00:00,25.781,26.116,25.72,26.014,440836.9,2025-12-29 15:59:59.999,11444225.03244,55274,238995.13,6207329.1932300,0
2025-12-29 16:00:00,26.013,26.434,26.005,26.268,640591.36,2025-12-29 16:59:59.999,16806239.00483,70345,350974.88,9212966.9556400,0
2025-12-29 17:00:00,26.268,26.381,25.95,26.167,276101.33,2025-12-29 17:59:59.999,7215190.8982,41341,132781.74,3470580.2453800,0
2025-12-29 18:00:00,26.166,26.166,25.762,25.809,243329.26,2025-12-29 18:59:59.999,6312662.69697,38010,103805.14,2693754.4941600,0
2025-12-29 19:00:00,25.81,25.965,25.62,25.638,273271.42,2025-12-29 19:59:59.999,7042067.77093,37700,137132.52,3535661.0420900,0
2025-12-29 20:00:00,25.644,25.865,25.643,25.79,218884.57,2025-12-29 20:59:59.999,5639887.75298,33579,106264.31,2737878.9598100,0
2025-12-29 21:00:00,25.789,26.0,25.774,25.893,280636.54,2025-12-29 21:59:59.999,7266248.8727,34025,152234.17,3941763.5989700,0
2025-12-29 22:00:00,25.894,25.922,25.765,25.878,127387.51,2025-12-29 22:59:59.999,3293506.82484,18322,58153.14,1503502.7363800,0
2025-12-29 23:00:00,25.877,25.951,25.615,25.791,194961.49,2025-12-29 23:59:59.999,5024815.63506,26986,80417.70,2073667.8346900,0
2025-12-30 00:00:00,25.79,25.871,25.502,25.593,235563.66,2025-12-30 00:59:59.999,6049685.69739,33754,92192.12,2367341.3357400,0
2025-12-30 01:00:00,25.594,25.637,25.501,25.605,139537.1,2025-12-30 01:59:59.999,3568906.0621,20804,66550.47,1702268.9787500,0
2025-12-30 02:00:00,25.606,25.61,25.41,25.465,177228.21,2025-12-30 02:59:59.999,4517891.32078,23294,79051.37,2014992.8773500,0
2025-12-30 03:00:00,25.465,25.901,25.35,25.762,317099.19,2025-12-30 03:59:59.999,8123721.05524,37368,165797.87,4250078.4043100,0
2025-12-30 04:00:00,25.761,26.038,25.728,25.895,241545.91,2025-12-30 04:59:59.999,6255369.0558,30080,107240.69,2776943.0860700,0
2025-12-30 05:00:00,25.895,26.265,25.89,26.153,542533.53,2025-12-30 05:59:59.999,14151062.03505,60167,273924.38,7145400.1020800,0
2025-12-30 06:00:00,26.152,26.439,26.118,26.324,408406.15,2025-12-30 06:59:59.999,10751808.93423,50005,210659.27,5546413.7487900,0
2025-12-30 07:00:00,26.324,26.416,26.104,26.133,414254.23,2025-12-30 07:59:59.999,10870919.50058,48932,208603.61,5477468.6361100,0
2025-12-30 08:00:00,26.135,26.698,26.011,26.037,839131.95,2025-12-30 08:59:59.999,22149386.40742,90417,434573.32,11479066.5823200,0
2025-12-30 09:00:00,26.037,26.055,25.762,25.796,509599.15,2025-12-30 09:59:59.999,13193973.05772,56005,241208.97,6245528.8629100,0
2025-12-30 10:00:00,25.795,25.966,25.705,25.843,424468.24,2025-12-30 10:59:59.999,10962835.02845,46200,208642.16,5390646.7840800,0
2025-12-30 11:00:00,25.845,25.951,25.757,25.885,183954.31,2025-12-30 11:59:59.999,4754209.55092,26299,98255.84,2539810.3098100,0
2025-12-30 12:00:00,25.885,25.886,25.657,25.698,236243.86,2025-12-30 12:59:59.999,6085294.22227,34464,135191.51,3483209.4578300,0
2025-12-30 13:00:00,25.698,25.827,25.587,25.66,210747.53,2025-12-30 13:59:59.999,5415140.43295,35984,114859.41,2952032.3651300,0
2025-12-30 14:00:00,25.659,25.815,25.359,25.702,759007.06,2025-12-30 14:59:59.999,19394446.87513,87660,316274.47,8087737.2914200,0
2025-12-30 15:00:00,25.703,25.829,25.519,25.77,347640.85,2025-12-30 15:59:59.999,8923258.64463,49892,213602.21,5483582.2324700,0
2025-12-30 16:00:00,25.77,25.92,25.52,25.62,343883.99,2025-12-30 16:59:59.999,8859539.62996,48046,175875.23,4533414.8533700,0
2025-12-30 17:00:00,25.619,25.755,25.538,25.679,235359.34,2025-12-30 17:59:59.999,6037900.85617,34779,120972.47,3104167.6567800,0
2025-12-30 18:00:00,25.678,25.748,25.56,25.654,211609.09,2025-12-30 18:59:59.999,5431884.40456,25477,88993.66,2284328.9537300,0
2025-12-30 19:00:00,25.653,25.984,25.514,25.982,207959.12,2025-12-30 19:59:59.999,5351518.78217,32417,103711.43,2668595.6284200,0
2025-12-30 20:00:00,25.982,26.024,25.757,25.803,273664.37,2025-12-30 20:59:59.999,7078576.94521,30907,120350.72,3113443.1468100,0
2025-12-30 21:00:00,25.804,25.98,25.78,25.906,90468.36,2025-12-30 21:59:59.999,2341897.40674,21109,49530.97,1282236.9863200,0
2025-12-30 22:00:00,25.907,26.029,25.823,25.957,233180.64,2025-12-30 22:59:59.999,6047696.78525,22648,105698.22,2741784.4936500,0
2025-12-30 23:00:00,25.957,26.095,25.888,25.965,234820.74,2025-12-30 23:59:59.999,6102736.18449,26385,132532.08,3445603.0294500,0
2025-12-31 00:00:00,25.966,25.973,25.788,25.905,154696.49,2025-12-31 00:59:59.999,4003043.02531,23778,68527.45,1773380.2097100,0
2025-12-31 01:00:00,25.904,26.118,25.874,26.103,186130.77,2025-12-31 01:59:59.999,4847734.96298,26531,89753.69,2337197.0462900,0
2025-12-31 02:00:00,26.104,26.113,25.769,25.812,176532.43,2025-12-31 02:59:59.999,4577339.46856,25073,61666.64,1598829.0906900,0
2025-12-31 03:00:00,25.812,25.887,25.684,25.819,129953.46,2025-12-31 03:59:59.999,3350727.66777,19175,67480.90,1740604.8520100,0
2025-12-31 04:00:00,25.819,26.075,25.778,25.893,281379.16,2025-12-31 04:59:59.999,7296113.59916,33383,146114.19,3788630.5527000,0
2025-12-31 05:00:00,25.893,25.949,25.747,25.846,156450.32,2025-12-31 05:59:59.999,4042658.37275,23708,74821.20,1933814.1166400,0
2025-12-31 06:00:00,25.846,25.95,25.734,25.939,136008.85,2025-12-31 06:59:59.999,3512758.41062,21859,74561.07,1925934.4306300,0
2025-12-31 07:00:00,25.94,25.961,25.731,25.751,212870.29,2025-12-31 07:59:59.999,5494624.84934,24521,83235.57,2148400.3381000,0
2025-12-31 08:00:00,25.752,25.869,25.695,25.804,175117.07,2025-12-31 08:59:59.999,4510670.51478,21274,81877.48,2109774.3822500,0
2025-12-31 09:00:00,25.803,25.923,25.762,25.857,102586.89,2025-12-31 09:59:59.999,2652864.42327,15800,43170.12,1116067.2040700,0
2025-12-31 10:00:00,25.857,25.929,25.755,25.835,110754.03,2025-12-31 10:59:59.999,2862885.48833,16872,60048.20,1552437.0751100,0
2025-12-31 11:00:00,25.836,25.892,25.729,25.791,128841.01,2025-12-31 11:59:59.999,3323249.61868,18597,65879.50,1699436.0387800,0
2025-12-31 12:00:00,25.791,25.874,25.75,25.798,99810.47,2025-12-31 12:59:59.999,2573746.87073,18808,50007.77,1289676.5653300,0
2025-12-31 13:00:00,25.798,26.068,25.763,26.06,209769.55,2025-12-31 13:59:59.999,5440772.46413,27985,115240.57,2989436.5237000,0
2025-12-31 14:00:00,26.061,26.242,25.912,25.997,464374.9,2025-12-31 14:59:59.999,12105219.35386,52374,230654.46,6016912.5438100,0
2025-12-31 15:00:00,25.996,26.057,25.776,25.928,283422.94,2025-12-31 15:59:59.999,7348356.14722,40763,147737.28,3830787.8792800,0
2025-12-31 16:00:00,25.929,26.121,25.79,25.931,302375.83,2025-12-31 16:59:59.999,7837363.95975,40120,164040.68,4253405.6731600,0
2025-12-31 17:00:00,25.931,25.931,25.54,25.598,547299.69,2025-12-31 17:59:59.999,14053756.42184,53887,214543.55,5512521.7614400,0
2025-12-31 18:00:00,25.599,25.808,25.557,25.724,172062.42,2025-12-31 18:59:59.999,4424959.69518,21314,83552.88,2148956.1010000,0
2025-12-31 19:00:00,25.725,25.845,25.725,25.758,106055.3,2025-12-31 19:59:59.999,2735261.61885,17898,58299.52,1503676.6615300,0
2025-12-31 20:00:00,25.758,25.905,25.281,25.407,542536.08,2025-12-31 20:59:59.999,13845629.86179,54679,229220.90,5853630.9282900,0
2025-12-31 21:00:00,25.408,25.718,25.407,25.641,207688.72,2025-12-31 21:59:59.999,5307836.56805,23107,124728.09,3186375.1776200,0
2025-12-31 22:00:00,25.642,25.707,25.522,25.532,89544.66,2025-12-31 22:59:59.999,2293441.37128,13223,45304.07,1160722.5929300,0
2025-12-31 23:00:00,25.532,25.564,25.339,25.452,172336.04,2025-12-31 23:59:59.999,4386722.97795,22271,90216.10,2297006.9595100,0
2026-01-01 00:00:00,25.452,25.617,25.415,25.611,122793.0,2026-01-01 00:59:59.999,3133757.72073,18322,70269.42,1793637.0975500,0
2026-01-01 01:00:00,25.611,26.105,25.601,25.808,482128.46,2026-01-01 01:59:59.999,12488791.3106,49635,225568.45,5841421.8851400,0
2026-01-01 02:00:00,25.809,25.868,25.635,25.715,157732.77,2026-01-01 02:59:59.999,4060708.22139,20736,73650.43,1896644.8672700,0
2026-01-01 03:00:00,25.715,25.73,25.501,25.595,206821.99,2026-01-01 03:59:59.999,5289834.89662,26290,112186.65,2869359.3274800,0
2026-01-01 04:00:00,25.594,25.622,25.416,25.469,125998.25,2026-01-01 04:59:59.999,3214142.60824,17122,51431.91,1312332.6230700,0
2026-01-01 05:00:00,25.469,25.692,25.444,25.527,212302.35,2026-01-01 05:59:59.999,5432118.27504,25163,91263.62,2335574.2181600,0
2026-01-01 06:00:00,25.527,25.683,25.391,25.528,266263.12,2026-01-01 06:59:59.999,6803220.61207,28228,118049.41,3016799.3299600,0
2026-01-01 07:00:00,25.527,25.72,25.513,25.679,103907.77,2026-01-01 07:59:59.999,2662796.60988,15211,66734.77,1710202.6024200,0
2026-01-01 08:00:00,25.68,25.708,25.567,25.627,82985.7,2026-01-01 08:59:59.999,2126817.95102,12855,39931.77,1023415.7769800,0
2026-01-01 09:00:00,25.629,25.859,25.629,25.766,134643.56,2026-01-01 09:59:59.999,3465420.52174,18865,85340.82,2196574.9329900,0
2026-01-01 10:00:00,25.765,25.805,25.682,25.717,72600.44,2026-01-01 10:59:59.999,1868148.37929,10866,31815.42,818815.1500700,0
2026-01-01 11:00:00,25.718,25.804,25.62,25.792,88165.56,2026-01-01 11:59:59.999,2265748.69585,13444,43748.77,1124607.7394600,0
2026-01-01 12:00:00,25.793,25.801,25.651,25.694,89798.93,2026-01-01 12:59:59.999,2309110.03376,14460,45483.57,1169681.6916100,0
2026-01-01 13:00:00,25.694,25.739,25.515,25.516,109411.39,2026-01-01 13:59:59.999,2803993.50766,14413,50087.89,1284198.4488000,0
2026-01-01 14:00:00,25.517,25.617,25.195,25.31,486761.59,2026-01-01 14:59:59.999,12368272.11534,53013,215176.18,5469227.3627200,0
2026-01-01 15:00:00,25.311,25.416,24.041,24.326,2120878.45,2026-01-01 15:59:59.999,52396181.59574,186476,968727.92,23915494.6672900,0
2026-01-01 16:00:00,24.325,24.552,23.976,24.462,1825546.32,2026-01-01 16:59:59.999,44331552.01581,160135,991199.91,24079439.4124300,0
2026-01-01 17:00:00,24.461,24.651,24.365,24.428,560341.73,2026-01-01 17:59:59.999,13717619.80998,64634,268101.34,6565883.7702000,0
2026-01-01 18:00:00,24.429,24.514,24.217,24.367,406571.26,2026-01-01 18:59:59.999,9900289.10373,47303,185551.23,4519511.3426500,0
2026-01-01 19:00:00,24.367,24.423,24.11,24.408,551080.82,2026-01-01 19:59:59.999,13388148.19156,56546,265131.84,6443992.0277200,0
2026-01-01 20:00:00,24.408,24.507,23.72,24.088,1392894.92,2026-01-01 20:59:59.999,33554639.81398,123319,642193.48,15470780.1043200,0
2026-01-01 21:00:00,24.089,24.234,24.07,24.091,253625.25,2026-01-01 21:59:59.999,6123982.08843,37526,123364.07,2979010.4319800,0
2026-01-01 22:00:00,24.091,24.187,24.051,24.111,144984.67,2026-01-01 22:59:59.999,3497661.68606,23893,66834.27,1612457.7682800,0
2026-01-01 23:00:00,24.111,24.262,24.094,24.243,282104.4,2026-01-01 23:59:59.999,6823443.74995,39903,129681.67,3136667.6085000,0
2026-01-02 00:00:00,24.244,24.412,24.067,24.364,357300.67,2026-01-02 00:59:59.999,8659135.43714,44988,212460.87,5150187.2458900,0
2026-01-02 01:00:00,24.363,24.528,24.322,24.389,285965.54,2026-01-02 01:59:59.999,6984259.31674,47765,144530.41,3530791.6131800,0
2026-01-02 02:00:00,24.389,24.394,24.18,24.262,273075.15,2026-01-02 02:59:59.999,6631768.5217,35006,129063.68,3135304.4204400,0
2026-01-02 03:00:00,24.262,24.641,24.192,24.515,495872.08,2026-01-02 03:59:59.999,12135982.64728,67803,241421.14,5907337.5412600,0
2026-01-02 04:00:00,24.515,24.789,24.423,24.752,395499.55,2026-01-02 04:59:59.999,9737644.0329,56431,220360.99,5428517.8486300,0
2026-01-02 05:00:00,24.752,24.797,24.313,24.724,758404.85,2026-01-02 05:59:59.999,18638316.20579,79341,334737.69,8229889.1993000,0
2026-01-02 06:00:00,24.724,24.769,24.556,24.607,344119.69,2026-01-02 06:59:59.999,8490832.12164,48097,172563.20,4258624.0458500,0
2026-01-02 07:00:00,24.607,24.644,24.2,24.321,468188.42,2026-01-02 07:59:59.999,11434994.61003,57516,219718.98,5370014.8551500,0
2026-01-02 08:00:00,24.32,24.508,24.287,24.492,217621.49,2026-01-02 08:59:59.999,5312604.23045,33735,126956.84,3098493.5625800,0
2026-01-02 09:00:00,24.494,24.894,24.454,24.796,500677.08,2026-01-02 09:59:59.999,12374233.63029,57761,244124.26,6030988.4466000,0
2026-01-02 10:00:00,24.797,25.041,24.684,24.842,475988.25,2026-01-02 10:59:59.999,11837039.75559,54913,247292.66,6155090.5357200,0
2026-01-02 11:00:00,24.841,24.849,24.387,24.466,523932.31,2026-01-02 11:59:59.999,12877625.71132,52303,181178.15,4452258.4338100,0
2026-01-02 12:00:00,24.466,24.621,24.439,24.459,249012.64,2026-01-02 12:59:59.999,6108050.06062,36742,122900.00,3014941.4671200,0
2026-01-02 13:00:00,24.458,24.639,24.452,24.562,271149.01,2026-01-02 13:59:59.999,6659161.25837,35411,143930.97,3535086.0780100,0
2026-01-02 14:00:00,24.561,24.729,24.25,24.58,909227.68,2026-01-02 14:59:59.999,22269567.0262,101110,390174.86,9564202.4257500,0
2026-01-02 15:00:00,24.58,24.675,24.331,24.506,490889.46,2026-01-02 15:59:59.999,12030984.45669,70891,237086.91,5811395.4761300,0
2026-01-02 16:00:00,24.505,24.886,24.414,24.613,661870.46,2026-01-02 16:59:59.999,16306729.97576,84776,317999.65,7835430.8460400,0
2026-01-02 17:00:00,24.613,24.776,24.411,24.585,443665.71,2026-01-02 17:59:59.999,10918748.93037,61754,198315.12,4882661.6665400,0
2026-01-02 18:00:00,24.585,24.661,24.416,24.6,381607.77,2026-01-02 18:59:59.999,9374097.9246,51171,186826.05,4589889.2336900,0
2026-01-02 19:00:00,24.6,24.744,24.53,24.626,308584.75,2026-01-02 19:59:59.999,7596941.10842,45783,156583.00,3855180.6409600,0
2026-01-02 20:00:00,24.627,24.687,24.063,24.165,608825.45,2026-01-02 20:59:59.999,14807881.94664,66205,215958.60,5256683.1604700,0
2026-01-02 21:00:00,24.165,24.483,24.139,24.456,549248.39,2026-01-02 21:59:59.999,13354807.50934,56585,340401.37,8279040.7547400,0
2026-01-02 22:00:00,24.456,24.599,24.385,24.478,464304.54,2026-01-02 22:59:59.999,11372895.70415,41711,178543.71,4375713.0400800,0
2026-01-02 23:00:00,24.479,24.651,24.451,24.598,215147.61,2026-01-02 23:59:59.999,5282661.48885,29842,119586.04,2937477.5222900,0
2026-01-03 00:00:00,24.598,24.633,24.538,24.61,157609.57,2026-01-03 00:59:59.999,3876102.61219,22945,71778.64,1765370.8862300,0
2026-01-03 01:00:00,24.61,24.78,24.566,24.62,237716.37,2026-01-03 01:59:59.999,5867942.48255,29232,141705.91,3498550.5201100,0
2026-01-03 02:00:00,24.619,24.62,24.4,24.519,268071.52,2026-01-03 02:59:59.999,6567430.62987,33542,95880.89,2350069.8193900,0
2026-01-03 03:00:00,24.519,24.602,24.447,24.57,159284.75,2026-01-03 03:59:59.999,3905464.60007,23888,77670.79,1904571.8227500,0
2026-01-03 04:00:00,24.571,24.674,24.513,24.617,217874.94,2026-01-03 04:59:59.999,5357809.21744,30122,101780.78,2503481.9304500,0
2026-01-03 05:00:00,24.618,24.915,24.587,24.871,459162.68,2026-01-03 05:59:59.999,11373250.23852,49781,238773.99,5912712.9614000,0
2026-01-03 06:00:00,24.871,25.259,24.852,24.885,596719.43,2026-01-03 06:59:59.999,14953650.74865,62599,300055.23,7521022.0245800,0
2026-01-03 07:00:00,24.886,24.91,24.301,24.514,884640.42,2026-01-03 07:59:59.999,21740701.02727,83289,347173.10,8532075.2069000,0
2026-01-03 08:00:00,24.513,24.659,24.351,24.533,563293.76,2026-01-03 08:59:59.999,13809446.15879,61440,243232.35,5966848.7150900,0
2026-01-03 09:00:00,24.532,24.573,24.262,24.474,440208.65,2026-01-03 09:59:59.999,10741790.07501,53869,199887.30,4878672.6876100,0
2026-01-03 10:00:00,24.474,24.687,24.428,24.592,183801.47,2026-01-03 10:59:59.999,4521400.50722,28948,97240.93,2392192.1848500,0
2026-01-03 11:00:00,24.593,24.629,24.352,24.391,239484.04,2026-01-03 11:59:59.999,5858518.26342,30052,109703.09,2683383.0885400,0
2026-01-03 12:00:00,24.391,24.574,24.307,24.568,208110.09,2026-01-03 12:59:59.999,5082769.89361,27760,107494.86,2626167.5222700,0
2026-01-03 13:00:00,24.568,24.718,24.518,24.642,308056.86,2026-01-03 13:59:59.999,7592150.61918,33434,157809.37,3889894.1201900,0
2026-01-03 14:00:00,24.643,24.769,24.562,24.703,162890.85,2026-01-03 14:59:59.999,4021418.59213,23654,85819.37,2118803.0090500,0
2026-01-03 15:00:00,24.703,24.976,24.664,24.78,351669.28,2026-01-03 15:59:59.999,8726151.52777,39738,182150.78,4520895.6872500,0
2026-01-03 16:00:00,24.781,25.005,24.695,24.941,290325.86,2026-01-03 16:59:59.999,7220449.99882,39435,157045.54,3906227.8942900,0
2026-01-03 17:00:00,24.94,25.006,24.85,24.91,129576.25,2026-01-03 17:59:59.999,3229648.29695,24391,68441.16,1705892.0508000,0
2026-01-03 18:00:00,24.909,25.218,24.826,25.001,423006.21,2026-01-03 18:59:59.999,10594985.23908,44252,215741.93,5406681.4153300,0
2026-01-03 19:00:00,25.002,25.019,24.754,24.795,165897.57,2026-01-03 19:59:59.999,4123555.82262,26162,65012.21,1616532.8266500,0
2026-01-03 20:00:00,24.795,24.801,24.459,24.764,493479.57,2026-01-03 20:59:59.999,12149315.00232,50127,217982.12,5368122.4700500,0
2026-01-03 21:00:00,24.765,25.33,24.712,25.311,412611.85,2026-01-03 21:59:59.999,10334499.36652,52677,218269.51,5468987.5370900,0
2026-01-03 22:00:00,25.311,25.444,25.161,25.375,663850.23,2026-01-03 22:59:59.999,16801901.37194,57939,373793.82,9463009.7245500,0
2026-01-03 23:00:00,25.376,25.437,25.247,25.376,168275.2,2026-01-03 23:59:59.999,4266575.96834,28268,74116.93,1879625.7975100,0
2026-01-04 00:00:00,25.377,25.58,25.127,25.332,504473.43,2026-01-04 00:59:59.999,12786311.54362,72273,255482.46,6481157.7560400,0
2026-01-04 01:00:00,25.331,25.369,25.157,25.274,296065.11,2026-01-04 01:59:59.999,7480015.21532,42843,135596.17,3426704.6558700,0
2026-01-04 02:00:00,25.274,25.301,25.042,25.123,233016.11,2026-01-04 02:59:59.999,5861933.10853,33357,100026.41,2517123.8067500,0
2026-01-04 03:00:00,25.122,25.357,25.048,25.294,213385.63,2026-01-04 03:59:59.999,5377535.44693,35118,108433.11,2734170.9132500,0
2026-01-04 04:00:00,25.294,25.348,25.103,25.158,183840.17,2026-01-04 04:59:59.999,4640950.47836,25778,82809.97,2091988.1106600,0
2026-01-04 05:00:00,25.159,25.253,25.076,25.166,138090.64,2026-01-04 05:59:59.999,3475449.23041,23401,73284.15,1844975.5188000,0
2026-01-04 06:00:00,25.167,25.294,24.944,25.126,249311.8,2026-01-04 06:59:59.999,6258828.58462,38535,101841.69,2558759.2382500,0
2026-01-04 07:00:00,25.126,25.274,25.099,25.14,240513.98,2026-01-04 07:59:59.999,6059207.82396,34973,133069.21,3352486.6157100,0
2026-01-04 08:00:00,25.14,25.169,24.827,24.984,433806.55,2026-01-04 08:59:59.999,10837214.83372,54949,181044.51,4525555.9599200,0
2026-01-04 09:00:00,24.984,25.085,24.966,25.038,160574.39,2026-01-04 09:59:59.999,4017469.26511,28127,65081.91,1628477.1064300,0
2026-01-04 10:00:00,25.037,25.34,25.035,25.274,236991.38,2026-01-04 10:59:59.999,5978315.25051,30579,130753.68,3298415.9491800,0
2026-01-04 11:00:00,25.275,25.345,25.181,25.239,218755.53,2026-01-04 11:59:59.999,5526200.96536,29800,101781.72,2572359.4240100,0
2026-01-04 12:00:00,25.24,25.352,25.096,25.149,232598.97,2026-01-04 12:59:59.999,5860333.97123,35028,109323.56,2755898.0760400,0
2026-01-04 13:00:00,25.148,25.305,25.064,25.286,141850.37,2026-01-04 13:59:59.999,3570002.77523,23709,63696.34,1603654.0401600,0
2026-01-04 14:00:00,25.285,25.839,25.255,25.794,767666.23,2026-01-04 14:59:59.999,19665329.67101,86012,434023.40,11123017.8665500,0
2026-01-04 15:00:00,25.791,26.172,25.681,26.153,863143.97,2026-01-04 15:59:59.999,22380228.87748,99346,458162.92,11885353.6280900,0
2026-01-04 16:00:00,26.151,26.4,26.076,26.178,614041.69,2026-01-04 16:59:59.999,16106574.27636,69514,337918.01,8866182.9510700,0
2026-01-04 17:00:00,26.178,26.265,25.953,26.022,477747.18,2026-01-04 17:59:59.999,12478236.97874,47695,193066.48,5046099.5016000,0
2026-01-04 18:00:00,26.022,26.071,25.758,25.878,356496.43,2026-01-04 18:59:59.999,9236593.94112,47143,169225.95,4387024.2384200,0
2026-01-04 19:00:00,25.879,26.004,25.791,25.865,205521.42,2026-01-04 19:59:59.999,5318139.96335,37943,93111.60,2409881.9545700,0
2026-01-04 20:00:00,25.866,26.464,25.812,26.45,368402.57,2026-01-04 20:59:59.999,9634246.22378,47414,214160.13,5601789.9919200,0
2026-01-04 21:00:00,26.451,26.808,26.388,26.525,947877.14,2026-01-04 21:59:59.999,25231708.17761,101276,493862.60,13150766.3062800,0
2026-01-04 22:00:00,26.525,26.687,26.259,26.431,369771.45,2026-01-04 22:59:59.999,9782071.4014,48315,194255.33,5140491.0274600,0
2026-01-04 23:00:00,26.432,26.9,26.385,26.862,546690.12,2026-01-04 23:59:59.999,14540405.92509,72926,306146.95,8147184.8102000,0
2026-01-05 00:00:00,26.865,26.935,26.479,26.882,710791.02,2026-01-05 00:59:59.999,18980696.68594,83926,337396.47,9013492.5882100,0
2026-01-05 01:00:00,26.881,27.398,26.715,27.124,1048579.51,2026-01-05 01:59:59.999,28383546.01068,109553,593756.00,16074195.0193800,0
2026-01-05 02:00:00,27.124,27.243,26.337,26.569,891790.84,2026-01-05 02:59:59.999,23758461.8723,99964,384266.04,10238484.1510700,0
2026-01-05 03:00:00,26.569,26.623,26.344,26.423,344531.77,2026-01-05 03:59:59.999,9118441.83555,45385,167252.63,4427565.6755300,0
2026-01-05 04:00:00,26.423,26.643,26.08,26.534,607588.56,2026-01-05 04:59:59.999,15991367.92523,78929,260633.47,6864279.3852000,0
2026-01-05 05:00:00,26.533,26.569,26.201,26.272,293810.72,2026-01-05 05:59:59.999,7758292.59952,49225,117882.30,3112778.6020400,0
2026-01-05 06:00:00,26.272,26.412,26.162,26.318,326911.97,2026-01-05 06:59:59.999,8599928.60296,51615,173097.84,4554217.6630300,0
2026-01-05 07:00:00,26.317,26.551,26.272,26.402,293598.77,2026-01-05 07:59:59.999,7750911.07794,43896,170009.15,4487734.0607200,0
2026-01-05 08:00:00,26.402,26.51,26.334,26.436,176040.79,2026-01-05 08:59:59.999,4653461.72972,36035,83385.12,2204252.2346500,0
2026-01-05 09:00:00,26.435,26.777,26.298,26.582,311138.1,2026-01-05 09:59:59.999,8268322.62634,54154,166557.76,4426376.3656700,0
2026-01-05 10:00:00,26.581,26.666,25.925,26.104,1061349.65,2026-01-05 10:59:59.999,27794992.55086,110729,491915.82,12876585.9040100,0
2026-01-05 11:00:00,26.108,26.554,26.033,26.34,539595.58,2026-01-05 11:59:59.999,14170164.69566,71319,268112.77,7040804.3537500,0
2026-01-05 12:00:00,26.34,26.368,26.0,26.157,367851.91,2026-01-05 12:59:59.999,9617819.50376,55912,193770.63,5065771.0858100,0
2026-01-05 13:00:00,26.157,26.187,25.798,26.009,775590.25,2026-01-05 13:59:59.999,20147359.82084,82666,403436.78,10484541.9166700,0
2026-01-05 14:00:00,26.01,26.306,25.761,26.139,985225.46,2026-01-05 14:59:59.999,25644073.81914,128042,593632.23,15458557.2984100,0
2026-01-05 15:00:00,26.139,26.566,25.919,26.409,832950.46,2026-01-05 15:59:59.999,21868576.92408,104346,493974.10,12977143.0196800,0
2026-01-05 16:00:00,26.409,26.705,26.301,26.431,796093.95,2026-01-05 16:59:59.999,21103012.47217,103331,452865.41,12007071.7822000,0
2026-01-05 17:00:00,26.43,26.928,26.154,26.682,625456.92,2026-01-05 17:59:59.999,16583396.8,86583,365264.69,9686606.0936400,0
2026-01-05 18:00:00,26.683,27.2,26.603,27.092,692061.09,2026-01-05 18:59:59.999,18647140.11837,74355,376951.12,10156224.9446000,0
2026-01-05 19:00:00,27.093,27.202,26.856,27.059,397993.62,2026-01-05 19:59:59.999,10750095.35605,61113,178929.33,4834622.7612300,0
2026-01-05 20:00:00,27.059,27.48,26.796,26.899,889870.68,2026-01-05 20:59:59.999,24181152.35516,96257,421856.67,11477658.4798100,0
2026-01-05 21:00:00,26.9,27.055,26.477,26.538,659301.38,2026-01-05 21:59:59.999,17637378.3993,70952,292236.01,7826073.9084900,0
2026-01-05 22:00:00,26.538,26.878,26.39,26.863,741824.01,2026-01-05 22:59:59.999,19773579.67848,61910,395493.10,10549871.0094200,0
2026-01-05 23:00:00,26.865,26.905,26.47,26.5,271012.76,2026-01-05 23:59:59.999,7233697.75655,31744,93892.45,2509418.3477900,0
2026-01-06 00:00:00,26.501,26.718,26.362,26.413,329957.03,2026-01-06 00:59:59.999,8746219.78545,46301,157609.74,4181056.6422900,0
2026-01-06 01:00:00,26.412,26.803,26.3,26.486,517560.19,2026-01-06 01:59:59.999,13762055.35627,69222,257640.91,6851613.4985400,0
2026-01-06 02:00:00,26.486,26.556,26.18,26.28,496589.79,2026-01-06 02:59:59.999,13086211.99598,58073,233396.32,6151754.2323700,0
2026-01-06 03:00:00,26.28,26.627,26.081,26.392,709710.33,2026-01-06 03:59:59.999,18705500.82298,70928,380737.65,10036072.9957600,0
2026-01-06 04:00:00,26.392,26.728,26.375,26.653,432311.25,2026-01-06 04:59:59.999,11491763.36414,49968,247591.06,6581287.6427100,0
2026-01-06 05:00:00,26.653,26.716,26.371,26.638,499292.24,2026-01-06 05:59:59.999,13251552.62375,52432,261837.48,6949959.3462500,0
2026-01-06 06:00:00,26.638,27.149,26.55,26.941,585481.57,2026-01-06 06:59:59.999,15749125.25263,63429,298365.51,8022910.8544400,0
2026-01-06 07:00:00,26.942,27.011,26.311,26.381,675299.0,2026-01-06 07:59:59.999,17950991.75369,65518,249390.28,6631343.4019800,0
2026-01-06 08:00:00,26.381,26.648,26.321,26.522,276132.33,2026-01-06 08:59:59.999,7334826.3738,40784,136513.09,3627531.0442500,0
2026-01-06 09:00:00,26.521,26.741,26.462,26.478,230811.22,2026-01-06 09:59:59.999,6142247.08403,28419,103814.38,2763247.4223100,0
2026-01-06 10:00:00,26.478,26.643,26.2,26.522,605776.13,2026-01-06 10:59:59.999,15995430.13003,58777,304323.73,8038402.2319600,0
2026-01-06 11:00:00,26.523,27.014,26.511,26.924,480619.97,2026-01-06 11:59:59.999,12900705.33747,58990,243661.74,6537068.8209100,0
2026-01-06 12:00:00,26.924,27.286,26.869,27.251,485288.82,2026-01-06 12:59:59.999,13170302.18419,59968,259855.20,7052531.6501400,0
2026-01-06 13:00:00,27.25,27.29,26.983,27.145,309174.68,2026-01-06 13:59:59.999,8393055.65767,45436,119544.01,3246199.9440900,0
2026-01-06 14:00:00,27.144,27.44,26.969,27.075,711364.95,2026-01-06 14:59:59.999,19375453.42478,101503,363716.23,9910100.8374600,0
2026-01-06 15:00:00,27.076,27.435,27.03,27.168,698014.22,2026-01-06 15:59:59.999,19007198.7554,85171,354420.58,9654231.6222700,0
2026-01-06 16:00:00,27.167,27.364,26.761,27.065,779186.3,2026-01-06 16:59:59.999,21059532.78872,95793,348330.58,9415599.8444600,0
2026-01-06 17:00:00,27.064,27.5,26.661,26.707,875887.23,2026-01-06 17:59:59.999,23703397.0268,89729,411775.25,11156086.5423300,0
2026-01-06 18:00:00,26.707,26.95,26.458,26.92,1019743.9,2026-01-06 18:59:59.999,27202424.09221,97631,430368.14,11490909.6481900,0
2026-01-06 19:00:00,26.92,27.601,26.772,27.085,1483388.04,2026-01-06 19:59:59.999,40502283.51451,112577,828479.44,22611368.0028100,0
2026-01-06 20:00:00,27.085,27.576,27.076,27.463,662284.64,2026-01-06 20:59:59.999,18128060.23403,68015,367311.70,10057775.8335600,0
2026-01-06 21:00:00,27.462,27.914,27.278,27.533,964391.25,2026-01-06 21:59:59.999,26652899.4975,92197,469632.16,12988144.2083100,0
2026-01-06 22:00:00,27.531,27.675,27.359,27.62,317434.06,2026-01-06 22:59:59.999,8725906.80396,37650,171736.19,4720737.0688500,0
2026-01-06 23:00:00,27.619,28.4,27.614,28.236,952089.35,2026-01-06 23:59:59.999,26711733.80372,88882,506383.45,14209662.1877600,0
2026-01-07 00:00:00,28.237,28.387,27.629,27.646,640693.17,2026-01-07 00:59:59.999,17913792.38492,79085,260365.08,7284307.9728200,0
2026-01-07 01:00:00,27.645,27.924,27.448,27.753,468199.46,2026-01-07 01:59:59.999,12955216.89581,63031,239068.26,6617013.6974100,0
2026-01-07 02:00:00,27.753,28.04,27.594,27.885,296807.81,2026-01-07 02:59:59.999,8259546.8187,53422,146612.18,4079753.2800300,0
2026-01-07 03:00:00,27.886,27.957,27.636,27.803,273461.39,2026-01-07 03:59:59.999,7592568.38059,42440,133046.55,3694360.5673400,0
2026-01-07 04:00:00,27.804,27.988,27.393,27.435,309966.02,2026-01-07 04:59:59.999,8567932.55305,44714,135362.18,3742117.7074200,0
2026-01-07 05:00:00,27.435,27.696,27.4,27.447,251267.06,2026-01-07 05:59:59.999,6919587.98991,38270,132065.80,3637683.0776200,0
2026-01-07 06:00:00,27.447,27.569,27.278,27.399,254940.59,2026-01-07 06:59:59.999,6991768.7951,37277,106199.65,2912687.7865700,0
2026-01-07 07:00:00,27.399,27.635,27.387,27.609,153297.26,2026-01-07 07:59:59.999,4220958.11948,26882,79932.87,2200848.2129100,0
2026-01-07 08:00:00,27.609,27.739,27.434,27.52,218931.95,2026-01-07 08:59:59.999,6044842.15483,39109,103049.15,2845952.0206600,0
2026-01-07 09:00:00,27.521,27.631,27.044,27.111,577939.48,2026-01-07 09:59:59.999,15751416.20008,73108,247562.21,6746522.2443300,0
2026-01-07 10:00:00,27.112,27.538,27.067,27.484,629394.79,2026-01-07 10:59:59.999,17209233.71243,71677,327047.77,8940712.6561200,0
2026-01-07 11:00:00,27.484,27.542,26.984,27.032,507675.48,2026-01-07 11:59:59.999,13825200.27097,61447,218839.29,5965007.2910000,0
2026-01-07 12:00:00,27.031,27.077,26.72,26.807,560564.78,2026-01-07 12:59:59.999,15074980.691,54614,202221.89,5441687.5016600,0
2026-01-07 13:00:00,26.808,27.067,26.747,26.899,349918.29,2026-01-07 13:59:59.999,9418877.62806,48514,183382.60,4938867.2472700,0
2026-01-07 14:00:00,26.899,26.907,26.532,26.792,591228.13,2026-01-07 14:59:59.999,15792297.34766,77999,247824.93,6621364.3069100,0
2026-01-07 15:00:00,26.793,26.814,26.461,26.472,586231.17,2026-01-07 15:59:59.999,15583580.86689,80736,252084.81,6703955.9222200,0
2026-01-07 16:00:00,26.472,26.892,26.462,26.681,470196.37,2026-01-07 16:59:59.999,12560592.53242,56263,235300.81,6287014.5164500,0
2026-01-07 17:00:00,26.681,26.952,26.615,26.727,264330.93,2026-01-07 17:59:59.999,7080043.9231,38467,122020.28,3268580.9745400,0
2026-01-07 18:00:00,26.727,27.34,26.629,26.797,882164.08,2026-01-07 18:59:59.999,23786821.53372,82958,560616.10,15126569.7679200,0
2026-01-07 19:00:00,26.797,27.084,26.648,26.88,586743.44,2026-01-07 19:59:59.999,15778728.50369,70189,290228.46,7805738.8821200,0
2026-01-07 20:00:00,26.88,27.074,26.711,26.796,582833.63,2026-01-07 20:59:59.999,15659196.47221,59473,325604.81,8750631.2768000,0
2026-01-07 21:00:00,26.794,26.991,26.509,26.583,1371553.36,2026-01-07 21:59:59.999,36672637.53052,120922,677679.57,18134879.1768400,0
2026-01-07 22:00:00,26.582,27.034,26.54,26.887,569641.91,2026-01-07 22:59:59.999,15244443.47998,57135,315085.03,8427608.1844700,0
2026-01-07 23:00:00,26.887,27.036,26.697,26.864,254271.25,2026-01-07 23:59:59.999,6837192.34833,36827,135026.29,3632931.3655200,0
2026-01-08 00:00:00,26.864,27.09,26.742,26.971,223876.97,2026-01-08 00:59:59.999,6022442.93192,33266,117054.33,3149871.9463800,0
2026-01-08 01:00:00,26.971,27.038,26.812,26.82,154794.46,2026-01-08 01:59:59.999,4169013.84305,25273,70657.38,1903264.7926100,0
2026-01-08 02:00:00,26.822,26.908,26.583,26.741,273867.29,2026-01-08 02:59:59.999,7317979.53818,37262,141593.18,3782637.2849500,0
2026-01-08 03:00:00,26.741,26.835,26.351,26.494,424000.12,2026-01-08 03:59:59.999,11269520.80621,49475,195100.63,5191243.7908600,0
2026-01-08 04:00:00,26.494,26.613,26.353,26.529,210419.61,2026-01-08 04:59:59.999,5572580.88225,35797,97173.29,2573496.0127700,0
2026-01-08 05:00:00,26.529,26.725,26.504,26.537,192993.17,2026-01-08 05:59:59.999,5132210.96984,31149,98441.07,2618057.3666100,0
2026-01-08 06:00:00,26.538,26.602,26.128,26.208,431750.39,2026-01-08 06:59:59.999,11374564.01952,57355,167352.44,4410108.5456300,0
2026-01-08 07:00:00,26.208,26.7,26.116,26.699,505046.51,2026-01-08 07:59:59.999,13365853.39241,67081,259522.84,6871966.8033400,0
2026-01-08 08:00:00,26.699,26.742,26.325,26.392,478287.86,2026-01-08 08:59:59.999,12682805.47679,51495,222369.62,5894543.1610900,0
2026-01-08 09:00:00,26.394,26.527,26.1,26.114,379019.74,2026-01-08 09:59:59.999,9960075.28608,43386,175490.29,4616530.6133400,0
2026-01-08 10:00:00,26.114,26.312,25.836,26.265,610607.83,2026-01-08 10:59:59.999,15902029.19091,64182,298709.03,7783018.8035300,0
2026-01-08 11:00:00,26.264,26.307,26.02,26.152,334722.55,2026-01-08 11:59:59.999,8741984.35283,44127,145989.74,3813360.9810700,0
2026-01-08 12:00:00,26.152,26.157,25.851,25.963,309265.3,2026-01-08 12:59:59.999,8035304.88128,46122,148195.37,3850358.4181000,0
2026-01-08 13:00:00,25.963,26.03,25.807,25.921,241671.29,2026-01-08 13:59:59.999,6264027.87024,36597,122013.62,3162937.7303200,0
2026-01-08 14:00:00,25.92,26.175,25.68,26.156,592658.04,2026-01-08 14:59:59.999,15354938.7786,83695,310507.19,8048995.8480300,0
2026-01-08 15:00:00,26.157,26.266,25.967,26.189,458677.45,2026-01-08 15:59:59.999,11992356.4797,63471,224062.93,5860655.7144400,0
2026-01-08 16:00:00,26.189,26.245,25.998,26.127,348908.04,2026-01-08 16:59:59.999,9107477.90103,49972,190335.24,4967751.8872700,0
2026-01-08 17:00:00,26.128,26.296,25.989,26.179,313085.3,2026-01-08 17:59:59.999,8185950.8791,48607,149627.99,3913718.7396800,0
2026-01-08 18:00:00,26.18,26.237,25.768,25.97,386502.85,2026-01-08 18:59:59.999,10040716.83997,49008,163832.48,4255126.6168500,0
2026-01-08 19:00:00,25.97,26.088,25.89,25.95,170548.04,2026-01-08 19:59:59.999,4433080.17324,29235,86400.93,2246200.9715300,0
2026-01-08 20:00:00,25.95,25.95,25.613,25.837,342576.17,2026-01-08 20:59:59.999,8810472.59019,48376,143094.28,3681358.7499300,0
2026-01-08 21:00:00,25.838,25.909,25.732,25.885,156808.15,2026-01-08 21:59:59.999,4050009.13384,28527,75834.29,1958848.5039500,0
2026-01-08 22:00:00,25.884,25.97,25.639,25.749,188889.35,2026-01-08 22:59:59.999,4874546.20477,26256,89869.70,2318814.1144100,0
2026-01-08 23:00:00,25.75,25.777,25.582,25.672,315331.29,2026-01-08 23:59:59.999,8086599.70674,27096,115137.51,2954824.5062800,0
2026-01-09 00:00:00,25.673,25.684,25.484,25.61,248695.73,2026-01-09 00:59:59.999,6362021.97612,34947,118889.17,3042115.1876100,0
2026-01-09 01:00:00,25.61,25.766,25.417,25.496,347240.08,2026-01-09 01:59:59.999,8875497.31132,46251,157534.33,4027954.4702100,0
2026-01-09 02:00:00,25.497,25.75,25.469,25.623,140904.51,2026-01-09 02:59:59.999,3613348.36342,26226,72280.98,1853580.2056700,0
2026-01-09 03:00:00,25.624,25.796,25.509,25.74,175030.39,2026-01-09 03:59:59.999,4487026.05253,26755,83656.98,2145282.3943600,0
2026-01-09 04:00:00,25.741,25.907,25.699,25.853,206977.08,2026-01-09 04:59:59.999,5343084.15168,27742,116804.88,3015686.9385600,0
2026-01-09 05:00:00,25.854,26.038,25.823,26.005,199813.11,2026-01-09 05:59:59.999,5180878.46055,26376,100740.43,2612405.8057500,0
2026-01-09 06:00:00,26.005,26.202,25.916,26.173,253906.8,2026-01-09 06:59:59.999,6626122.83088,32044,138461.70,3613010.4654000,0
2026-01-09 07:00:00,26.172,26.177,26.003,26.087,182025.54,2026-01-09 07:59:59.999,4748051.69754,26117,87976.04,2294554.7819100,0
2026-01-09 08:00:00,26.087,26.129,25.463,25.524,609438.32,2026-01-09 08:59:59.999,15681097.47355,58567,249056.78,6405255.0827800,0
2026-01-09 09:00:00,25.525,25.613,25.255,25.366,864023.37,2026-01-09 09:59:59.999,21935541.4434,77348,388501.83,9864606.3878400,0
2026-01-09 10:00:00,25.372,25.433,25.24,25.302,519626.42,2026-01-09 10:59:59.999,13161207.00204,58318,259813.20,6581261.6023600,0
2026-01-09 11:00:00,25.302,25.654,25.301,25.505,326590.52,2026-01-09 11:59:59.999,8326244.28818,40366,190655.32,4860820.3836000,0
2026-01-09 12:00:00,25.505,25.516,25.321,25.504,153921.86,2026-01-09 12:59:59.999,3912806.70081,24120,80517.86,2047073.0437600,0
2026-01-09 13:00:00,25.504,25.768,25.467,25.565,313255.11,2026-01-09 13:59:59.999,8028295.25861,43642,137936.07,3536134.7437500,0
2026-01-09 14:00:00,25.565,25.626,25.375,25.553,331809.18,2026-01-09 14:59:59.999,8458312.91685,56450,145743.81,3716079.0298500,0
2026-01-09 15:00:00,25.554,25.996,25.455,25.615,569522.18,2026-01-09 15:59:59.999,14656726.6199,82813,254073.04,6539773.8267900,0
2026-01-09 16:00:00,25.617,25.883,25.577,25.695,331337.6,2026-01-09 16:59:59.999,8517493.45179,57576,147122.80,3783278.0206400,0
2026-01-09 17:00:00,25.695,25.841,25.539,25.753,306405.97,2026-01-09 17:59:59.999,7873490.24666,50903,125254.45,3220065.6060700,0
2026-01-09 18:00:00,25.753,25.914,25.301,25.487,623017.63,2026-01-09 18:59:59.999,15906064.12979,69532,262133.49,6691883.8864800,0
2026-01-09 19:00:00,25.487,25.491,24.971,25.114,583966.28,2026-01-09 19:59:59.999,14688671.95377,58553,232276.48,5843562.3399800,0
2026-01-09 20:00:00,25.116,25.205,24.918,25.04,298792.96,2026-01-09 20:59:59.999,7484571.1525,39487,132901.21,3330137.1340100,0
2026-01-09 21:00:00,25.043,25.172,24.984,25.126,173811.96,2026-01-09 21:59:59.999,4362177.50426,26263,72821.41,1827782.1584100,0
2026-01-09 22:00:00,25.126,25.231,25.095,25.184,125496.74,2026-01-09 22:59:59.999,3157803.0116,19168,62143.47,1563983.7879100,0
2026-01-09 23:00:00,25.184,25.21,25.002,25.071,201899.2,2026-01-09 23:59:59.999,5066661.45113,24666,79353.56,1991488.9180200,0
2026-01-10 00:00:00,25.072,25.084,24.58,24.661,915581.76,2026-01-10 00:59:59.999,22726035.9689,76152,345418.11,8574492.7143100,0
2026-01-10 01:00:00,24.661,24.721,24.414,24.615,548185.5,2026-01-10 01:59:59.999,13488745.8142,51660,232913.19,5735057.9379100,0
2026-01-10 02:00:00,24.615,24.678,24.283,24.437,595157.34,2026-01-10 02:59:59.999,14563924.28934,52061,260677.71,6381034.8974600,0
2026-01-10 03:00:00,24.437,24.49,24.224,24.406,337825.11,2026-01-10 03:59:59.999,8219693.74216,39289,176913.08,4304421.3510300,0
2026-01-10 04:00:00,24.407,24.443,24.247,24.374,299843.95,2026-01-10 04:59:59.999,7302693.16352,31022,166594.35,4058772.3372700,0
2026-01-10 05:00:00,24.374,24.445,24.301,24.319,223162.11,2026-01-10 05:59:59.999,5440056.60458,26136,89030.78,2171010.3109300,0
2026-01-10 06:00:00,24.319,24.385,24.238,24.312,135823.13,2026-01-10 06:59:59.999,3301430.74739,19327,68515.89,1665640.8336400,0
2026-01-10 07:00:00,24.312,24.376,24.175,24.335,220693.48,2026-01-10 07:59:59.999,5356375.1778,25932,101771.95,2470655.3678100,0
2026-01-10 08:00:00,24.335,24.403,24.254,24.395,152175.84,2026-01-10 08:59:59.999,3701356.45404,20715,75212.27,1829814.2519100,0
2026-01-10 09:00:00,24.394,24.634,24.376,24.621,356774.34,2026-01-10 09:59:59.999,8753340.65951,32620,215166.78,5278008.2902100,0
2026-01-10 10:00:00,24.62,24.698,24.562,24.686,150558.48,2026-01-10 10:59:59.999,3706635.89464,18679,76957.39,1894987.6503700,0
2026-01-10 11:00:00,24.686,24.686,24.436,24.57,166028.92,2026-01-10 11:59:59.999,4074924.63151,18381,53164.21,1305581.7204800,0
2026-01-10 12:00:00,24.572,24.641,24.524,24.597,110790.25,2026-01-10 12:59:59.999,2723153.25323,17784,57430.83,1411702.7487800,0
2026-01-10 13:00:00,24.597,24.597,24.51,24.519,94120.86,2026-01-10 13:59:59.999,2310784.67775,14163,41017.59,1006962.5787500,0
2026-01-10 14:00:00,24.52,24.524,24.222,24.306,336987.69,2026-01-10 14:59:59.999,8210416.48506,31470,125673.73,3061803.1430900,0
2026-01-10 15:00:00,24.306,24.353,24.238,24.334,183939.78,2026-01-10 15:59:59.999,4470415.31919,19201,93952.57,2283484.2884700,0
2026-01-10 16:00:00,24.334,24.359,24.0,24.141,431562.35,2026-01-10 16:59:59.999,10422459.33346,38767,150286.14,3635564.7499000,0
2026-01-10 17:00:00,24.14,24.27,23.812,23.964,512007.22,2026-01-10 17:59:59.999,12304300.0008,44466,214272.04,5158010.5345600,0
2026-01-10 18:00:00,23.963,24.136,23.928,24.075,377435.48,2026-01-10 18:59:59.999,9068485.97465,41381,201340.86,4837647.7478300,0
2026-01-10 19:00:00,24.076,24.156,24.07,24.134,100462.17,2026-01-10 19:59:59.999,2422484.67578,14829,56694.14,1367190.6293000,0
2026-01-10 20:00:00,24.135,24.22,24.093,24.171,115199.51,2026-01-10 20:59:59.999,2781341.38115,15801,65834.95,1589717.6206600,0
2026-01-10 21:00:00,24.17,24.252,24.129,24.152,126850.65,2026-01-10 21:59:59.999,3069556.78278,17614,67336.03,1629632.6153500,0
2026-01-10 22:00:00,24.152,24.224,23.751,23.884,273793.6,2026-01-10 22:59:59.999,6563920.40174,26652,90087.02,2162874.5526500,0
2026-01-10 23:00:00,23.884,24.076,23.847,24.037,179204.5,2026-01-10 23:59:59.999,4295324.85283,22668,92807.23,2224504.4292300,0
2026-01-11 00:00:00,24.038,24.165,23.988,24.119,137431.8,2026-01-11 00:59:59.999,3310828.6015,17631,73626.96,1773877.7600000,0
2026-01-11 01:00:00,24.118,24.194,24.034,24.143,176677.96,2026-01-11 01:59:59.999,4262117.87036,23569,97551.50,2353098.8132600,0
2026-01-11 02:00:00,24.143,24.159,24.02,24.154,113250.86,2026-01-11 02:59:59.999,2728526.3902,17524,52868.35,1274138.8382000,0
2026-01-11 03:00:00,24.154,24.212,24.093,24.206,91268.96,2026-01-11 03:59:59.999,2204075.32258,13740,47594.12,1149652.4185200,0
2026-01-11 04:00:00,24.207,24.255,24.145,24.246,98269.27,2026-01-11 04:59:59.999,2378087.73505,13526,51926.72,1257014.4760100,0
2026-01-11 05:00:00,24.246,24.331,24.231,24.304,108730.97,2026-01-11 05:59:59.999,2640334.69753,14479,56116.11,1362795.3932900,0
2026-01-11 06:00:00,24.303,24.5,24.206,24.39,341239.89,2026-01-11 06:59:59.999,8320075.49393,46422,224323.90,5472693.6686700,0
2026-01-11 07:00:00,24.39,24.5,24.351,24.461,140770.71,2026-01-11 07:59:59.999,3440848.35285,16725,76185.29,1862464.9746600,0
2026-01-11 08:00:00,24.461,24.462,24.319,24.436,172256.31,2026-01-11 08:59:59.999,4201949.06522,22639,93070.19,2270518.3863400,0
2026-01-11 09:00:00,24.436,24.521,24.352,24.415,186759.57,2026-01-11 09:59:59.999,4562493.31676,19562,84262.06,2058360.6001600,0
2026-01-11 10:00:00,24.415,24.514,24.367,24.41,174347.04,2026-01-11 10:59:59.999,4259933.27195,21180,90266.20,2205372.5458500,0
2026-01-11 11:00:00,24.41,24.453,24.372,24.44,75105.64,2026-01-11 11:59:59.999,1833319.62528,11139,34961.60,853537.8735500,0
2026-01-11 12:00:00,24.441,24.6,24.42,24.6,199780.42,2026-01-11 12:59:59.999,4899876.37368,23440,101238.33,2482938.0278300,0
2026-01-11 13:00:00,24.599,24.629,24.503,24.568,170605.66,2026-01-11 13:59:59.999,4191945.63284,20769,79439.53,1952359.9703100,0
2026-01-11 14:00:00,24.568,24.617,24.501,24.595,126524.66,2026-01-11 14:59:59.999,3106833.0306,19339,55306.81,1358288.7157900,0
2026-01-11 15:00:00,24.595,24.65,24.351,24.433,375858.25,2026-01-11 15:59:59.999,9213160.88354,49439,183509.80,4501745.4765300,0
2026-01-11 16:00:00,24.434,24.662,24.381,24.527,284137.03,2026-01-11 16:59:59.999,6973439.74126,33790,134693.90,3305667.1628100,0
2026-01-11 17:00:00,24.527,24.616,24.47,24.569,201059.9,2026-01-11 17:59:59.999,4938084.58428,22524,95638.89,2348917.4868900,0
2026-01-11 18:00:00,24.569,24.66,24.477,24.629,174228.28,2026-01-11 18:59:59.999,4281345.35077,18944,88980.80,2186911.7509100,0
2026-01-11 19:00:00,24.629,24.666,24.518,24.556,113770.69,2026-01-11 19:59:59.999,2797430.37279,17739,47520.97,1168709.0654800,0
2026-01-11 20:00:00,24.556,24.556,24.404,24.518,143728.17,2026-01-11 20:59:59.999,3520300.9658,24321,56104.60,1374449.7408600,0
2026-01-11 21:00:00,24.517,24.524,24.426,24.466,79881.61,2026-01-11 21:59:59.999,1954801.17934,17091,43181.33,1056583.2475700,0
2026-01-11 22:00:00,24.466,24.474,24.242,24.367,274791.92,2026-01-11 22:59:59.999,6690581.13843,24910,99844.75,2431839.5262400,0
2026-01-11 23:00:00,24.367,24.454,24.28,24.432,181207.45,2026-01-11 23:59:59.999,4414964.79159,29546,95812.54,2334276.1983900,0
2026-01-12 00:00:00,24.432,24.554,24.299,24.524,232809.33,2026-01-12 00:59:59.999,5681369.50893,38753,115891.98,2829175.6389500,0
2026-01-12 01:00:00,24.524,24.741,24.443,24.723,391428.54,2026-01-12 01:59:59.999,9635067.25097,50497,207219.15,5101549.6178500,0
2026-01-12 02:00:00,24.724,25.41,24.697,25.214,842836.8,2026-01-12 02:59:59.999,21127149.50843,78647,445835.14,11175364.5416500,0
2026-01-12 03:00:00,25.214,25.294,24.849,24.896,556523.07,2026-01-12 03:59:59.999,13964617.83064,56472,254149.28,6382743.0206500,0
2026-01-12 04:00:00,24.896,25.119,24.804,25.054,230718.86,2026-01-12 04:59:59.999,5762499.61168,30254,139939.56,3495914.4070700,0
2026-01-12 05:00:00,25.054,25.086,24.826,24.839,213441.0,2026-01-12 05:59:59.999,5323964.14782,28382,95615.63,2386009.2184900,0
2026-01-12 06:00:00,24.838,24.932,24.77,24.882,211447.23,2026-01-12 06:59:59.999,5253031.05844,27925,112692.27,2800111.7432000,0
2026-01-12 07:00:00,24.882,25.048,24.699,24.735,283105.75,2026-01-12 07:59:59.999,7040865.32859,37219,126447.48,3145896.1393500,0
2026-01-12 08:00:00,24.731,24.861,24.269,24.485,958683.46,2026-01-12 08:59:59.999,23560846.13765,83607,441843.30,10864568.8489500,0
2026-01-12 09:00:00,24.485,24.555,24.044,24.105,489768.86,2026-01-12 09:59:59.999,11901913.00056,47164,192195.25,4676431.1759200,0
2026-01-12 10:00:00,24.104,24.199,23.9,23.931,425879.31,2026-01-12 10:59:59.999,10237374.67971,42496,202062.61,4859687.7154300,0
2026-01-12 11:00:00,23.93,24.104,23.607,23.996,855113.5,2026-01-12 11:59:59.999,20412629.65318,65809,349441.88,8352827.6104500,0
2026-01-12 12:00:00,23.996,24.123,23.833,23.941,382272.37,2026-01-12 12:59:59.999,9159838.99402,33549,185177.66,4437834.4999000,0
2026-01-12 13:00:00,23.94,24.002,23.651,23.783,347899.48,2026-01-12 13:59:59.999,8277995.58253,44309,176885.41,4210579.6580900,0
2026-01-12 14:00:00,23.784,23.835,23.108,23.449,1417615.27,2026-01-12 14:59:59.999,33183021.46024,133095,608733.72,14248622.3718100,0
2026-01-12 15:00:00,23.448,23.639,23.262,23.583,1160078.03,2026-01-12 15:59:59.999,27203389.91362,101763,706037.96,16562274.9269100,0
2026-01-12 16:00:00,23.582,23.799,23.474,23.625,823819.42,2026-01-12 16:59:59.999,19488196.35754,94450,508408.03,12028477.6299100,0
2026-01-12 17:00:00,23.624,23.8,23.261,23.44,848951.84,2026-01-12 17:59:59.999,19969020.58873,86149,452933.32,10659054.0823500,0
2026-01-12 18:00:00,23.441,23.777,23.43,23.752,452526.08,2026-01-12 18:59:59.999,10674493.35074,49141,299158.42,7054162.1938800,0
2026-01-12 19:00:00,23.751,23.94,23.651,23.898,338254.78,2026-01-12 19:59:59.999,8053516.6128,40719,210480.26,5011307.5659700,0
2026-01-12 20:00:00,23.898,24.135,23.857,24.081,556196.53,2026-01-12 20:59:59.999,13364801.0615,58759,318659.39,7657249.8759000,0
2026-01-12 21:00:00,24.079,24.15,23.823,23.923,427746.03,2026-01-12 21:59:59.999,10263273.18263,55427,222531.06,5342795.6293900,0
2026-01-12 22:00:00,23.924,24.032,23.715,23.9,300432.96,2026-01-12 22:59:59.999,7180336.33877,34313,117819.74,2817383.6546800,0
2026-01-12 23:00:00,23.899,23.919,23.679,23.75,235864.79,2026-01-12 23:59:59.999,5605176.24488,37972,95078.87,2259615.6884800,0
2026-01-13 00:00:00,23.75,24.186,23.729,24.177,488552.59,2026-01-13 00:59:59.999,11734577.7731,52940,257159.22,6176730.6854500,0
2026-01-13 01:00:00,24.176,24.24,23.996,24.054,249923.57,2026-01-13 01:59:59.999,6031418.08486,32029,121280.22,2927574.7715300,0
2026-01-13 02:00:00,24.054,24.268,24.054,24.163,238835.33,2026-01-13 02:59:59.999,5772326.34164,25815,127527.19,3083338.1287300,0
2026-01-13 03:00:00,24.164,24.252,24.115,24.226,135367.02,2026-01-13 03:59:59.999,3273744.04716,22353,60847.37,1471700.2863100,0
2026-01-13 04:00:00,24.226,24.386,24.178,24.367,228896.57,2026-01-13 04:59:59.999,5562854.47786,28430,124080.52,3016349.9966900,0
2026-01-13 05:00:00,24.367,24.493,24.273,24.398,481391.61,2026-01-13 05:59:59.999,11739950.85439,36368,157095.23,3830899.4206400,0
2026-01-13 06:00:00,24.397,24.461,24.328,24.424,163335.6,2026-01-13 06:59:59.999,3986216.55654,23128,64906.29,1584125.3633100,0
2026-01-13 07:00:00,24.424,24.485,24.257,24.277,154583.19,2026-01-13 07:59:59.999,3765073.022,23075,85572.80,2084797.2975800,0
2026-01-13 08:00:00,24.276,24.611,24.27,24.569,236434.59,2026-01-13 08:59:59.999,5783432.83469,26543,127625.81,3123629.8783700,0
2026-01-13 09:00:00,24.569,24.673,24.312,24.346,505783.42,2026-01-13 09:59:59.999,12398034.47549,54516,236431.06,5797686.6992900,0
2026-01-13 10:00:00,24.345,24.35,24.041,24.258,453416.02,2026-01-13 10:59:59.999,10969059.661,44102,240760.55,5824240.6208300,0
2026-01-13 11:00:00,24.258,24.405,24.218,24.308,194162.07,2026-01-13 11:59:59.999,4722403.35776,26230,109034.87,2651824.7879800,0
2026-01-13 12:00:00,24.309,24.649,24.302,24.395,462853.59,2026-01-13 12:59:59.999,11338683.84619,51621,247422.74,6060697.2533300,0
2026-01-13 13:00:00,24.395,24.635,24.242,24.393,1464159.8,2026-01-13 13:59:59.999,35775796.7111,97929,744444.53,18216653.5640200,0
2026-01-13 14:00:00,24.392,24.698,24.303,24.477,478226.89,2026-01-13 14:59:59.999,11734494.55812,55968,209082.92,5129562.3132400,0
2026-01-13 15:00:00,24.476,24.573,24.241,24.393,542468.84,2026-01-13 15:59:59.999,13222784.36675,60345,253380.87,6178586.0499200,0
2026-01-13 16:00:00,24.393,24.727,24.387,24.579,614346.46,2026-01-13 16:59:59.999,15102494.67316,65719,349032.37,8580017.0474300,0
2026-01-13 17:00:00,24.579,24.64,24.38,24.497,297421.08,2026-01-13 17:59:59.999,7297287.22155,41178,131827.79,3234463.5464600,0
2026-01-13 18:00:00,24.496,24.912,24.467,24.818,414862.31,2026-01-13 18:59:59.999,10255882.61473,43091,260887.17,6449411.9482800,0
2026-01-13 19:00:00,24.817,25.03,24.739,24.97,430168.02,2026-01-13 19:59:59.999,10719551.89052,50573,229995.52,5731522.2096300,0
2026-01-13 20:00:00,24.97,25.156,24.84,24.903,361319.37,2026-01-13 20:59:59.999,9030391.89844,47935,182223.92,4555788.3036600,0
2026-01-13 21:00:00,24.903,24.968,24.702,24.746,175831.41,2026-01-13 21:59:59.999,4367814.13881,28749,83680.76,2079342.6835700,0
2026-01-13 22:00:00,24.747,25.842,24.715,25.783,1255095.52,2026-01-13 22:59:59.999,31772943.40955,99305,614405.63,15561396.5436200,0
2026-01-13 23:00:00,25.783,25.839,25.351,25.749,734751.44,2026-01-13 23:59:59.999,18812442.37388,75277,347797.72,8912676.1482800,0
2026-01-14 00:00:00,25.75,25.86,25.603,25.702,330924.94,2026-01-14 00:59:59.999,8512261.90229,45058,161339.50,4150500.9320900,0
2026-01-14 01:00:00,25.702,25.929,25.616,25.67,254002.99,2026-01-14 01:59:59.999,6549581.77718,38164,127223.43,3282280.3321000,0
2026-01-14 02:00:00,25.671,25.899,25.645,25.755,230074.25,2026-01-14 02:59:59.999,5937037.04015,38253,108289.62,2794910.8650200,0
2026-01-14 03:00:00,25.754,26.131,25.691,26.066,362442.94,2026-01-14 03:59:59.999,9402076.43748,41622,194927.68,5058164.7097600,0
2026-01-14 04:00:00,26.066,26.11,25.801,25.948,289147.3,2026-01-14 04:59:59.999,7501907.6897,40087,125794.44,3263230.9551900,0
2026-01-14 05:00:00,25.948,25.978,25.703,25.799,210358.1,2026-01-14 05:59:59.999,5432415.55561,33164,88251.24,2278699.9725900,0
2026-01-14 06:00:00,25.799,26.126,25.723,26.116,269207.51,2026-01-14 06:59:59.999,6980227.69575,36563,114000.49,2956008.5896800,0
2026-01-14 07:00:00,26.117,26.197,25.952,26.18,335449.53,2026-01-14 07:59:59.999,8749133.89464,45533,187836.50,4899779.3282900,0
2026-01-14 08:00:00,26.18,26.511,26.066,26.072,689940.64,2026-01-14 08:59:59.999,18114759.76746,62867,328173.49,8623396.7123000,0
2026-01-14 09:00:00,26.073,26.194,25.817,25.846,449783.79,2026-01-14 09:59:59.999,11700407.79042,44656,185000.47,4814891.2317600,0
2026-01-14 10:00:00,25.846,26.143,25.792,26.098,280961.97,2026-01-14 10:59:59.999,7297764.24852,36311,142659.55,3705581.7176900,0
2026-01-14 11:00:00,26.098,26.098,25.799,25.821,282683.27,2026-01-14 11:59:59.999,7342322.55882,35573,104950.59,2726595.7480100,0
2026-01-14 12:00:00,25.821,26.066,25.738,25.97,201605.82,2026-01-14 12:59:59.999,5224194.25086,29793,96922.31,2510787.2059900,0
2026-01-14 13:00:00,25.971,26.076,25.797,25.825,203450.98,2026-01-14 13:59:59.999,5283130.54204,29753,94993.67,2467248.2488700,0
2026-01-14 14:00:00,25.825,26.6,25.792,26.321,892210.33,2026-01-14 14:59:59.999,23469697.4052,101590,444037.27,11682000.9237200,0
2026-01-14 15:00:00,26.32,26.527,26.04,26.336,777727.56,2026-01-14 15:59:59.999,20436578.26513,91006,409361.81,10760611.7569200,0
2026-01-14 16:00:00,26.336,26.884,26.312,26.64,844208.1,2026-01-14 16:59:59.999,22463105.55655,82496,457269.95,12164490.2469200,0
2026-01-14 17:00:00,26.639,26.744,26.119,26.149,545485.72,2026-01-14 17:59:59.999,14404479.78337,68810,236302.77,6245659.9745800,0
2026-01-14 18:00:00,26.149,26.175,25.777,26.155,842496.45,2026-01-14 18:59:59.999,21876633.85891,87197,412099.26,10702598.5070300,0
2026-01-14 19:00:00,26.154,26.408,26.031,26.336,467792.34,2026-01-14 19:59:59.999,12286055.51049,58618,233599.02,6135827.2736900,0
2026-01-14 20:00:00,26.336,26.475,25.964,26.219,436524.32,2026-01-14 20:59:59.999,11453899.8779,55983,235882.71,6192092.7403600,0
2026-01-14 21:00:00,26.218,26.288,25.874,25.932,328179.42,2026-01-14 21:59:59.999,8548296.78845,36752,148545.01,3869654.0372100,0
2026-01-14 22:00:00,25.932,26.046,25.641,25.686,398690.84,2026-01-14 22:59:59.999,10300751.40672,33126,169592.57,4384200.4706300,0
2026-01-14 23:00:00,25.686,26.0,25.686,25.965,414513.91,2026-01-14 23:59:59.999,10733263.478,38767,234246.49,6065345.1725700,0
2026-01-15 00:00:00,25.966,25.976,25.661,25.909,348895.73,2026-01-15 00:59:59.999,8991828.97045,34743,175727.17,4528552.3022400,0
2026-01-15 01:00:00,25.909,26.095,25.364,25.465,696746.09,2026-01-15 01:59:59.999,17871690.88809,66661,296176.61,7603850.7633500,0
2026-01-15 02:00:00,25.466,25.555,25.084,25.16,593504.99,2026-01-15 02:59:59.999,15023156.46566,53466,257157.89,6509705.7813400,0
2026-01-15 03:00:00,25.161,25.231,24.709,24.742,624273.57,2026-01-15 03:59:59.999,15586404.44055,68164,260884.67,6517208.8376200,0
2026-01-15 04:00:00,24.742,25.292,24.715,25.263,768666.98,2026-01-15 04:59:59.999,19198654.40151,72846,448783.21,11211450.2399800,0
2026-01-15 05:00:00,25.263,25.273,25.081,25.099,241002.22,2026-01-15 05:59:59.999,6069356.82014,32444,113504.69,2858873.4418700,0
2026-01-15 06:00:00,25.099,25.162,24.875,24.893,244999.5,2026-01-15 06:59:59.999,6129510.94889,31245,108659.77,2719425.8548600,0
2026-01-15 07:00:00,24.894,25.119,24.879,25.034,207269.8,2026-01-15 07:59:59.999,5183774.08403,28752,106068.51,2651884.9708000,0
2026-01-15 08:00:00,25.033,25.173,24.934,25.135,233557.48,2026-01-15 08:59:59.999,5851127.48967,26066,137515.74,3446057.3119400,0
2026-01-15 09:00:00,25.135,25.281,24.944,25.122,579663.41,2026-01-15 09:59:59.999,14565403.19961,54560,280309.98,7043787.9267100,0
2026-01-15 10:00:00,25.123,25.299,25.006,25.283,370288.25,2026-01-15 10:59:59.999,9313262.34946,45109,205065.48,5160494.6313500,0
2026-01-15 11:00:00,25.282,25.346,25.147,25.204,165734.93,2026-01-15 11:59:59.999,4184316.49081,24105,86146.47,2175078.7989000,0
2026-01-15 12:00:00,25.203,25.318,25.118,25.29,193557.01,2026-01-15 12:59:59.999,4883041.44354,26098,86946.68,2194024.7571000,0
2026-01-15 13:00:00,25.289,25.57,25.227,25.5,303885.64,2026-01-15 13:59:59.999,7721731.38162,37569,168989.43,4294261.5215900,0
2026-01-15 14:00:00,25.499,25.592,25.051,25.212,581923.3,2026-01-15 14:59:59.999,14712272.22901,66868,265169.58,6707068.0591700,0
2026-01-15 15:00:00,25.211,25.276,24.446,24.896,1099869.0,2026-01-15 15:59:59.999,27283014.44706,102779,478244.31,11861061.5713400,0
2026-01-15 16:00:00,24.895,25.275,24.762,24.995,819923.96,2026-01-15 16:59:59.999,20498101.09374,86701,390239.92,9758784.6699700,0
2026-01-15 17:00:00,24.994,25.222,24.818,24.861,370811.93,2026-01-15 17:59:59.999,9271440.56216,49233,166782.49,4171627.7493800,0
2026-01-15 18:00:00,24.861,24.948,24.523,24.618,391026.61,2026-01-15 18:59:59.999,9668263.905,51698,177813.19,4398227.5360700,0
2026-01-15 19:00:00,24.618,25.022,24.493,24.991,556043.21,2026-01-15 19:59:59.999,13774871.58405,63024,296402.43,7348697.2265100,0
2026-01-15 20:00:00,24.99,25.174,24.338,24.403,595119.05,2026-01-15 20:59:59.999,14721471.45193,64055,258517.36,6398323.3435400,0
2026-01-15 21:00:00,24.405,24.582,24.367,24.452,221155.15,2026-01-15 21:59:59.999,5418390.00365,29539,120111.15,2942010.5173700,0
2026-01-15 22:00:00,24.453,24.662,24.405,24.624,192419.68,2026-01-15 22:59:59.999,4729371.38199,20331,86865.45,2133936.5525500,0
2026-01-15 23:00:00,24.623,24.722,24.571,24.722,92017.76,2026-01-15 23:59:59.999,2268349.6547,16331,51394.52,1266992.6741600,0
2026-01-16 00:00:00,24.722,24.855,24.706,24.771,94440.49,2026-01-16 00:59:59.999,2341436.96829,17014,53741.11,1332491.3496300,0
2026-01-16 01:00:00,24.771,24.843,24.674,24.692,111010.62,2026-01-16 01:59:59.999,2746801.84947,19928,48043.91,1189342.8146500,0
2026-01-16 02:00:00,24.693,24.744,24.531,24.645,272912.41,2026-01-16 02:59:59.999,6716895.59477,27001,121910.25,3000158.6518500,0
2026-01-16 03:00:00,24.645,24.716,24.556,24.583,116926.37,2026-01-16 03:59:59.999,2881026.04189,17811,55206.06,1360250.0427300,0
2026-01-16 04:00:00,24.583,24.77,24.475,24.589,149564.82,2026-01-16 04:59:59.999,3682308.46511,22920,73082.12,1800348.5194400,0
2026-01-16 05:00:00,24.589,24.955,24.56,24.882,224605.45,2026-01-16 05:59:59.999,5553961.34663,29251,134438.04,3326197.1257600,0
2026-01-16 06:00:00,24.882,25.035,24.863,24.968,146198.97,2026-01-16 06:59:59.999,3647954.67888,21757,60385.85,1507118.6890700,0
2026-01-16 07:00:00,24.967,25.014,24.773,24.82,176575.04,2026-01-16 07:59:59.999,4393767.60743,22023,64158.77,1597575.2867900,0
2026-01-16 08:00:00,24.821,25.115,24.812,24.945,210033.76,2026-01-16 08:59:59.999,5247028.77255,27471,102752.78,2566327.8003600,0
2026-01-16 09:00:00,24.945,25.011,24.83,24.848,184003.43,2026-01-16 09:59:59.999,4586497.43572,23651,93808.14,2338657.5589300,0
2026-01-16 10:00:00,24.849,24.911,24.681,24.887,209225.36,2026-01-16 10:59:59.999,5182615.49593,26459,111240.30,2755563.3207100,0
2026-01-16 11:00:00,24.888,25.121,24.835,25.115,183597.6,2026-01-16 11:59:59.999,4588809.71232,22587,100342.29,2508766.9198100,0
2026-01-16 12:00:00,25.114,25.132,24.886,24.987,186351.33,2026-01-16 12:59:59.999,4661077.12123,22893,65929.03,1649149.4562600,0
2026-01-16 13:00:00,24.986,25.145,24.866,25.008,156962.93,2026-01-16 13:59:59.999,3923117.54716,22196,86919.85,2173084.1313200,0
2026-01-16 14:00:00,25.009,25.233,24.988,25.007,269468.18,2026-01-16 14:59:59.999,6766343.51315,37771,129450.03,3252435.6349400,0
2026-01-16 15:00:00,25.006,25.19,24.593,24.804,700625.46,2026-01-16 15:59:59.999,17430473.56432,76197,295823.32,7366666.2874200,0
2026-01-16 16:00:00,24.804,25.042,24.73,24.851,328372.5,2026-01-16 16:59:59.999,8161871.52297,47221,164773.52,4095688.6735400,0
2026-01-16 17:00:00,24.851,25.105,24.76,25.069,185449.53,2026-01-16 17:59:59.999,4620640.82305,28427,92160.82,2296554.7677400,0
2026-01-16 18:00:00,25.069,25.104,24.882,24.883,156764.05,2026-01-16 18:59:59.999,3920481.75044,24301,58341.17,1458829.1659300,0
2026-01-16 19:00:00,24.884,24.894,24.73,24.816,129860.64,2026-01-16 19:59:59.999,3223362.23982,19875,51961.21,1289948.7633800,0
2026-01-16 20:00:00,24.817,25.031,24.658,24.976,223765.75,2026-01-16 20:59:59.999,5563572.33685,26890,117935.18,2932950.4181600,0
2026-01-16 21:00:00,24.976,25.051,24.826,24.97,168962.43,2026-01-16 21:59:59.999,4214229.48681,25354,73498.12,1833610.9481000,0
2026-01-16 22:00:00,24.97,24.985,24.793,24.896,105365.82,2026-01-16 22:59:59.999,2621753.81703,14895,52318.68,1301905.7844200,0
2026-01-16 23:00:00,24.896,25.084,24.873,24.994,138181.26,2026-01-16 23:59:59.999,3453705.57507,17054,79498.32,1987215.8432300,0
2026-01-17 00:00:00,24.995,25.021,24.929,24.98,130789.12,2026-01-17 00:59:59.999,3266139.14903,12384,44987.95,1123743.7329000,0
2026-01-17 01:00:00,24.982,25.025,24.881,24.963,103682.7,2026-01-17 01:59:59.999,2587819.73354,16106,56154.11,1401338.0271400,0
2026-01-17 02:00:00,24.963,24.984,24.84,24.88,64901.93,2026-01-17 02:59:59.999,1615348.69669,10294,26687.00,664190.6322600,0
2026-01-17 03:00:00,24.88,24.892,24.773,24.817,85222.63,2026-01-17 03:59:59.999,2116332.01223,11262,42456.59,1054465.0653000,0
2026-01-17 04:00:00,24.816,24.881,24.746,24.855,70301.64,2026-01-17 04:59:59.999,1744106.64583,10223,31327.79,777550.8529300,0
2026-01-17 05:00:00,24.855,24.922,24.816,24.849,69245.01,2026-01-17 05:59:59.999,1721676.78144,9518,38358.50,953710.6024000,0
2026-01-17 06:00:00,24.849,25.009,24.847,24.982,60801.77,2026-01-17 06:59:59.999,1516387.71088,9728,37403.83,932915.0585300,0
2026-01-17 07:00:00,24.982,25.025,24.894,24.938,65110.85,2026-01-17 07:59:59.999,1625462.08309,10361,28821.39,719676.4191600,0
2026-01-17 08:00:00,24.939,25.209,24.935,25.203,177688.66,2026-01-17 08:59:59.999,4459113.4983,20458,103142.24,2588924.1734900,0
2026-01-17 09:00:00,25.203,25.338,25.135,25.263,151715.28,2026-01-17 09:59:59.999,3829192.42558,20026,74842.06,1889127.1197500,0
2026-01-17 10:00:00,25.263,25.333,25.125,25.181,144789.85,2026-01-17 10:59:59.999,3655876.93311,17358,67124.14,1695295.3795900,0
2026-01-17 11:00:00,25.18,25.298,25.118,25.26,103200.98,2026-01-17 11:59:59.999,2602478.47042,15192,50720.01,1279394.8019000,0
2026-01-17 12:00:00,25.259,25.321,25.055,25.157,187225.16,2026-01-17 12:59:59.999,4710398.0102,23036,85877.15,2161169.0764000,0
2026-01-17 13:00:00,25.16,25.443,25.13,25.349,200810.54,2026-01-17 13:59:59.999,5081306.15896,24133,97060.16,2456695.4053900,0
2026-01-17 14:00:00,25.349,25.471,25.268,25.457,156885.08,2026-01-17 14:59:59.999,3984994.34827,20110,80993.28,2057582.7640700,0
2026-01-17 15:00:00,25.456,25.669,25.372,25.653,270850.47,2026-01-17 15:59:59.999,6914312.39684,29509,151193.64,3860245.4431200,0
2026-01-17 16:00:00,25.653,25.72,25.347,25.433,275171.44,2026-01-17 16:59:59.999,7025784.746,31667,111246.47,2841968.6681100,0
2026-01-17 17:00:00,25.434,25.693,25.415,25.691,113500.86,2026-01-17 17:59:59.999,2899314.92293,18790,63234.14,1615362.7835400,0
2026-01-17 18:00:00,25.691,25.835,25.646,25.787,158458.52,2026-01-17 18:59:59.999,4079126.19007,21724,79166.69,2037994.7731900,0
2026-01-17 19:00:00,25.787,25.801,25.569,25.641,111593.73,2026-01-17 19:59:59.999,2865770.25358,17547,48905.01,1256089.6867200,0
2026-01-17 20:00:00,25.64,25.714,25.567,25.665,99965.87,2026-01-17 20:59:59.999,2563584.91624,12591,39789.37,1020819.1132700,0
2026-01-17 21:00:00,25.665,25.729,25.523,25.578,75887.0,2026-01-17 21:59:59.999,1944036.36594,13723,37415.88,958930.4615100,0
2026-01-17 22:00:00,25.578,25.598,25.324,25.402,174800.96,2026-01-17 22:59:59.999,4450810.67656,17081,80182.14,2042307.6965100,0
2026-01-17 23:00:00,25.402,25.565,25.334,25.419,332477.53,2026-01-17 23:59:59.999,8463052.89894,38164,172852.70,4399597.9825600,0
2026-01-18 00:00:00,25.418,25.571,25.35,25.388,158014.58,2026-01-18 00:59:59.999,4023386.99622,19790,60873.84,1550792.8324900,0
2026-01-18 01:00:00,25.387,25.428,25.217,25.414,136611.06,2026-01-18 01:59:59.999,3460593.65668,19840,76302.67,1933987.3561700,0
2026-01-18 02:00:00,25.416,25.501,25.325,25.4,88858.16,2026-01-18 02:59:59.999,2258053.82989,15593,42061.17,1068775.3119800,0
2026-01-18 03:00:00,25.401,25.564,25.384,25.471,75360.92,2026-01-18 03:59:59.999,1920485.02891,12730,42583.61,1085064.0011700,0
2026-01-18 04:00:00,25.474,25.728,25.417,25.689,135923.93,2026-01-18 04:59:59.999,3479410.3643,17504,87599.57,2242589.1226000,0
2026-01-18 05:00:00,25.69,25.811,25.537,25.801,168865.24,2026-01-18 05:59:59.999,4334268.75263,24135,91819.71,2357840.0190900,0
2026-01-18 06:00:00,25.801,26.029,25.751,25.959,271938.92,2026-01-18 06:59:59.999,7046305.79717,30170,137982.04,3577106.0522100,0
2026-01-18 07:00:00,25.959,25.96,25.796,25.826,165431.84,2026-01-18 07:59:59.999,4280317.09289,22677,72769.67,1882997.5484500,0
2026-01-18 08:00:00,25.827,25.872,25.722,25.796,133456.11,2026-01-18 08:59:59.999,3442295.79394,18992,63610.41,1641215.9691400,0
2026-01-18 09:00:00,25.796,26.032,25.788,25.979,285291.06,2026-01-18 09:59:59.999,7399854.90711,25424,155274.00,4027177.5920600,0
2026-01-18 10:00:00,25.979,26.128,25.816,26.035,240485.8,2026-01-18 10:59:59.999,6251378.56946,24788,140914.98,3663255.6279500,0
2026-01-18 11:00:00,26.034,26.055,25.893,26.007,148588.69,2026-01-18 11:59:59.999,3858934.96105,17630,59290.50,1540630.1897500,0
2026-01-18 12:00:00,26.007,26.019,25.659,25.84,331276.61,2026-01-18 12:59:59.999,8552282.77354,28463,153836.80,3971867.1058100,0
2026-01-18 13:00:00,25.84,25.922,25.683,25.846,231306.1,2026-01-18 13:59:59.999,5971596.29991,22705,120846.48,3121491.3192500,0
2026-01-18 14:00:00,25.846,25.978,25.728,25.742,114982.43,2026-01-18 14:59:59.999,2975354.6832,17460,55602.85,1439287.8476100,0
2026-01-18 15:00:00,25.744,25.906,25.7,25.816,152840.93,2026-01-18 15:59:59.999,3943514.85253,20086,74458.43,1921862.1088200,0
2026-01-18 16:00:00,25.816,25.886,25.571,25.728,524384.72,2026-01-18 16:59:59.999,13492002.80026,42048,259613.06,6681287.7472800,0
2026-01-18 17:00:00,25.727,25.785,25.45,25.535,408234.28,2026-01-18 17:59:59.999,10441407.63067,41779,212300.79,5429691.4126100,0
2026-01-18 18:00:00,25.534,25.748,25.486,25.663,234519.22,2026-01-18 18:59:59.999,6016030.72816,30361,121879.15,3126898.0523000,0
2026-01-18 19:00:00,25.663,25.702,25.07,25.166,590793.76,2026-01-18 19:59:59.999,14965062.99424,48590,240890.68,6102284.0896100,0
2026-01-18 20:00:00,25.166,25.22,25.01,25.192,366664.0,2026-01-18 20:59:59.999,9208588.43723,31763,169661.32,4263084.9431700,0
2026-01-18 21:00:00,25.192,25.282,24.906,24.959,323810.11,2026-01-18 21:59:59.999,8113786.33707,34455,152374.16,3819952.6415800,0
2026-01-18 22:00:00,24.958,25.181,24.952,25.14,195357.88,2026-01-18 22:59:59.999,4897740.33821,21681,120319.34,3017792.0434100,0
2026-01-18 23:00:00,25.14,25.141,24.346,24.456,799440.39,2026-01-18 23:59:59.999,19745690.8967,77293,306841.16,7584645.5857000,0
2026-01-19 00:00:00,24.455,24.573,22.651,24.064,3100874.38,2026-01-19 00:59:59.999,73787493.56153,236018,1490630.14,35502368.3075900,0
2026-01-19 01:00:00,24.064,24.206,23.924,24.083,463779.83,2026-01-19 01:59:59.999,11154195.89312,58572,238425.49,5736610.7050600,0
2026-01-19 02:00:00,24.082,24.082,23.874,23.977,249272.56,2026-01-19 02:59:59.999,5974653.70346,37901,121893.44,2921652.0609100,0
2026-01-19 03:00:00,23.976,24.116,23.812,23.924,450741.48,2026-01-19 03:59:59.999,10795976.11517,44138,206496.74,4948653.3967000,0
2026-01-19 04:00:00,23.925,24.02,23.885,23.981,210568.21,2026-01-19 04:59:59.999,5048237.29258,26711,92597.51,2220338.8281300,0
2026-01-19 05:00:00,23.98,23.984,23.756,23.902,327584.86,2026-01-19 05:59:59.999,7819006.30071,37893,159569.68,3809224.7629700,0
2026-01-19 06:00:00,23.902,23.915,23.644,23.822,285062.47,2026-01-19 06:59:59.999,6776191.38435,32031,131401.28,3124595.7825300,0
2026-01-19 07:00:00,23.823,23.849,23.683,23.815,169046.49,2026-01-19 07:59:59.999,4020223.2235,22048,82154.83,1953894.8806300,0
2026-01-19 08:00:00,23.816,24.231,23.772,24.19,469488.13,2026-01-19 08:59:59.999,11294431.06107,40284,260924.38,6274988.4439900,0
2026-01-19 09:00:00,24.19,24.198,23.969,24.089,569552.01,2026-01-19 09:59:59.999,13716040.1594,35919,260862.62,6281043.3275700,0
2026-01-19 10:00:00,24.09,24.213,23.962,24.11,570747.64,2026-01-19 10:59:59.999,13764006.67876,43359,281079.97,6776018.4173700,0
2026-01-19 11:00:00,24.111,24.179,24.041,24.102,189669.15,2026-01-19 11:59:59.999,4572680.04967,21669,93662.05,2258264.8889500,0
2026-01-19 12:00:00,24.101,24.101,23.904,23.979,281377.9,2026-01-19 12:59:59.999,6752318.61594,27367,117247.87,2813960.7147500,0
2026-01-19 13:00:00,23.979,23.979,23.609,23.655,782794.6,2026-01-19 13:59:59.999,18589027.20058,60144,377183.70,8956690.0018100,0
2026-01-19 14:00:00,23.655,23.803,23.45,23.608,900655.5,2026-01-19 14:59:59.999,21267645.43703,64121,471673.81,11139731.6990200,0
2026-01-19 15:00:00,23.608,23.745,23.5,23.739,304962.37,2026-01-19 15:59:59.999,7205603.815,33537,151304.97,3576251.7964900,0
2026-01-19 16:00:00,23.739,24.078,23.716,24.019,329850.63,2026-01-19 16:59:59.999,7885739.37129,32075,176592.02,4222407.7535600,0
2026-01-19 17:00:00,24.019,24.056,23.889,23.922,152300.55,2026-01-19 17:59:59.999,3650016.24655,20300,61346.12,1470141.2712100,0
2026-01-19 18:00:00,23.922,24.042,23.836,23.986,614279.36,2026-01-19 18:59:59.999,14701983.2996,35085,302178.97,7231823.9672200,0
2026-01-19 19:00:00,23.985,24.133,23.959,24.031,141373.93,2026-01-19 19:59:59.999,3398767.89699,18631,59405.94,1428527.4597100,0
2026-01-19 20:00:00,24.03,24.1,23.935,23.948,141316.91,2026-01-19 20:59:59.999,3393386.87945,20676,69103.48,1659791.3922600,0
2026-01-19 21:00:00,23.951,23.986,23.674,23.706,195982.44,2026-01-19 21:59:59.999,4667930.14799,23460,68588.90,1634557.2518500,0
2026-01-19 22:00:00,23.707,23.802,23.604,23.609,233532.59,2026-01-19 22:59:59.999,5532647.04562,24896,99586.88,2359932.8570900,0
2026-01-19 23:00:00,23.61,23.803,23.533,23.714,304450.51,2026-01-19 23:59:59.999,7211761.87139,39209,146678.93,3476226.9174100,0
2026-01-20 00:00:00,23.713,23.746,23.428,23.561,344292.78,2026-01-20 00:59:59.999,8115351.84431,40530,141511.85,3337381.9925700,0
2026-01-20 01:00:00,23.56,23.761,23.49,23.642,218009.51,2026-01-20 01:59:59.999,5155285.12976,31060,119139.68,2817869.0342700,0
2026-01-20 02:00:00,23.642,23.754,23.54,23.734,221092.0,2026-01-20 02:59:59.999,5229046.91278,30157,120342.04,2847030.8548400,0
2026-01-20 03:00:00,23.738,23.75,23.485,23.749,213125.22,2026-01-20 03:59:59.999,5035288.58575,29593,96253.96,2274923.9773200,0
2026-01-20 04:00:00,23.749,23.857,23.564,23.625,280338.52,2026-01-20 04:59:59.999,6647463.94355,32204,115537.42,2740410.1900500,0
2026-01-20 05:00:00,23.625,23.731,23.132,23.438,802501.81,2026-01-20 05:59:59.999,18765639.29063,71045,342506.79,8008994.9304400,0
2026-01-20 06:00:00,23.438,23.448,23.112,23.186,487630.71,2026-01-20 06:59:59.999,11357999.56218,50822,227243.51,5295021.3865800,0
2026-01-20 07:00:00,23.186,23.274,23.081,23.095,432097.06,2026-01-20 07:59:59.999,10009686.6888,39001,198187.16,4590247.3458900,0
2026-01-20 08:00:00,23.096,23.224,22.807,23.218,822273.35,2026-01-20 08:59:59.999,18922452.53337,69452,370292.45,8526088.6891100,0
2026-01-20 09:00:00,23.218,23.264,22.855,22.929,612469.98,2026-01-20 09:59:59.999,14107301.37602,55669,290552.39,6693148.8273700,0
2026-01-20 10:00:00,22.928,23.106,22.87,22.95,398525.63,2026-01-20 10:59:59.999,9169844.82906,41739,215168.83,4952225.5775700,0
2026-01-20 11:00:00,22.949,23.088,22.713,22.754,560352.08,2026-01-20 11:59:59.999,12813868.29795,47224,233107.28,5334746.3439900,0
2026-01-20 12:00:00,22.755,22.886,22.463,22.525,684359.28,2026-01-20 12:59:59.999,15481681.00806,58690,296062.26,6698863.5042500,0
2026-01-20 13:00:00,22.525,22.555,21.592,21.758,2631883.36,2026-01-20 13:59:59.999,58051325.8011,169879,1203155.03,26504034.8000000,0
2026-01-20 14:00:00,21.758,22.201,21.571,22.073,2005257.57,2026-01-20 14:59:59.999,44001002.25484,147502,1159685.38,25450366.9135100,0
2026-01-20 15:00:00,22.072,22.249,21.805,22.073,1013063.56,2026-01-20 15:59:59.999,22340927.26582,105788,568285.43,12534308.3852600,0
2026-01-20 16:00:00,22.072,22.173,21.573,21.766,905715.64,2026-01-20 16:59:59.999,19791057.90877,85872,465207.41,10171366.1234300,0
2026-01-20 17:00:00,21.765,21.932,20.977,21.28,1692640.25,2026-01-20 17:59:59.999,36106224.10962,135240,717062.83,15308850.4685800,0
2026-01-20 18:00:00,21.276,21.644,21.268,21.541,794053.03,2026-01-20 18:59:59.999,17016519.19543,71761,435876.57,9346720.5932000,0
2026-01-20 19:00:00,21.541,21.615,21.369,21.529,366620.72,2026-01-20 19:59:59.999,7881148.05497,54359,180040.69,3871367.6305600,0
2026-01-20 20:00:00,21.528,21.842,21.456,21.561,522933.84,2026-01-20 20:59:59.999,11334478.55459,57117,258454.93,5603740.9716300,0
2026-01-20 21:00:00,21.563,21.578,21.161,21.207,368296.14,2026-01-20 21:59:59.999,7859678.43788,40103,141603.16,3021131.0054700,0
2026-01-20 22:00:00,21.208,21.42,20.965,21.31,657948.78,2026-01-20 22:59:59.999,13959295.50573,52392,290893.04,6178814.5087800,0
2026-01-20 23:00:00,21.311,21.347,20.811,20.982,793154.07,2026-01-20 23:59:59.999,16681524.85628,66587,324370.67,6827115.8926400,0
2026-01-21 00:00:00,20.983,21.283,20.887,21.179,703761.55,2026-01-21 00:59:59.999,14839968.07246,71955,348048.47,7339268.9449800,0
2026-01-21 01:00:00,21.179,21.552,21.138,21.38,608527.51,2026-01-21 01:59:59.999,13019937.41226,60542,324531.32,6943696.6119600,0
2026-01-21 02:00:00,21.381,21.491,21.171,21.307,329991.16,2026-01-21 02:59:59.999,7033456.55048,41105,154491.63,3294459.5055200,0
2026-01-21 03:00:00,21.308,21.493,21.292,21.429,320490.33,2026-01-21 03:59:59.999,6856327.61302,39054,172156.42,3683675.7377400,0
2026-01-21 04:00:00,21.428,21.628,21.404,21.542,363462.22,2026-01-21 04:59:59.999,7826509.74434,44876,198660.07,4278718.4405400,0
2026-01-21 05:00:00,21.541,21.786,21.518,21.694,527943.03,2026-01-21 05:59:59.999,11446480.17481,45964,279139.05,6048517.7182300,0
2026-01-21 06:00:00,21.694,21.702,21.415,21.435,399091.41,2026-01-21 06:59:59.999,8603245.45952,38942,206533.38,4453955.5150700,0
2026-01-21 07:00:00,21.435,21.503,21.225,21.263,265109.97,2026-01-21 07:59:59.999,5660467.00261,28911,112921.76,2412945.5263500,0
2026-01-21 08:00:00,21.263,21.268,20.966,21.02,424674.26,2026-01-21 08:59:59.999,8964261.58929,38285,175316.92,3701624.3594400,0
2026-01-21 09:00:00,21.019,21.161,20.863,20.987,492077.77,2026-01-21 09:59:59.999,10329810.83125,45481,236179.67,4957862.6805900,0
2026-01-21 10:00:00,20.986,21.164,20.559,20.608,768318.36,2026-01-21 10:59:59.999,16000048.16473,60810,337792.23,7035191.6540200,0
2026-01-21 11:00:00,20.609,20.99,20.594,20.705,724154.32,2026-01-21 11:59:59.999,15081209.29582,60891,340005.22,7080442.6409000,0
2026-01-21 12:00:00,20.703,20.887,20.501,20.861,775435.15,2026-01-21 12:59:59.999,16000087.69999,65998,404552.77,8348992.7377000,0
2026-01-21 13:00:00,20.86,20.963,20.706,20.749,550982.9,2026-01-21 13:59:59.999,11486903.2324,54546,315906.26,6586665.9229000,0
2026-01-21 14:00:00,20.748,21.32,20.733,21.165,1775865.49,2026-01-21 14:59:59.999,37506202.95668,142900,1045137.44,22069364.2238400,0
2026-01-21 15:00:00,21.164,21.593,21.095,21.568,1014699.77,2026-01-21 15:59:59.999,21635954.42242,91313,601081.38,12818688.8828200,0
2026-01-21 16:00:00,21.567,21.664,20.837,20.859,1593056.17,2026-01-21 16:59:59.999,33764752.62484,119033,828224.72,17548764.9660500,0
2026-01-21 17:00:00,20.86,21.056,20.475,20.702,1272398.18,2026-01-21 17:59:59.999,26401361.94347,109379,615577.90,12777690.9117900,0
2026-01-21 18:00:00,20.701,20.973,20.547,20.885,469050.96,2026-01-21 18:59:59.999,9746812.63873,48315,183418.63,3810051.1167000,0
2026-01-21 19:00:00,20.886,22.0,20.781,21.877,1536337.46,2026-01-21 19:59:59.999,33067825.10722,122293,817970.45,17611918.3310100,0
2026-01-21 20:00:00,21.877,21.981,21.479,21.902,817519.13,2026-01-21 20:59:59.999,17751908.08184,80047,381585.23,8288731.7349000,0
2026-01-21 21:00:00,21.902,22.035,21.813,21.86,335432.24,2026-01-21 21:59:59.999,7350407.49365,38490,147376.65,3232151.2383100,0
2026-01-21 22:00:00,21.86,22.108,21.669,21.671,363450.53,2026-01-21 22:59:59.999,7941623.00907,32483,164946.73,3604858.5479600,0
2026-01-21 23:00:00,21.67,21.77,21.407,21.528,283414.16,2026-01-21 23:59:59.999,6120564.2897,29853,151010.19,3264095.3692300,0
2026-01-22 00:00:00,21.529,21.945,21.52,21.885,387640.78,2026-01-22 00:59:59.999,8421709.05966,37729,206704.83,4491096.6838700,0
2026-01-22 01:00:00,21.885,22.092,21.861,22.071,331882.5,2026-01-22 01:59:59.999,7296845.64584,38419,138992.52,3056046.9715500,0
2026-01-22 02:00:00,22.071,22.194,21.925,21.984,277675.76,2026-01-22 02:59:59.999,6126904.37605,32860,124578.90,2750036.7790000,0
2026-01-22 03:00:00,21.984,22.096,21.5,21.578,632067.03,2026-01-22 03:59:59.999,13726255.1517,41143,267241.22,5799935.2718000,0
2026-01-22 04:00:00,21.578,21.88,21.577,21.81,309403.12,2026-01-22 04:59:59.999,6727169.42977,26924,183941.39,3999581.3005400,0
2026-01-22 05:00:00,21.81,21.876,21.674,21.769,191948.48,2026-01-22 05:59:59.999,4181294.71124,22325,88711.80,1932387.4579000,0
2026-01-22 06:00:00,21.77,21.85,21.645,21.814,150472.85,2026-01-22 06:59:59.999,3273186.33876,20922,76878.60,1672397.9188200,0
2026-01-22 07:00:00,21.814,21.963,21.75,21.933,212515.44,2026-01-22 07:59:59.999,4646827.33249,24522,107928.86,2359772.3220300,0
2026-01-22 08:00:00,21.932,22.095,21.854,22.083,285515.27,2026-01-22 08:59:59.999,6276325.50758,31686,146122.13,3212956.6379700,0
2026-01-22 09:00:00,22.082,22.226,21.961,21.977,474558.7,2026-01-22 09:59:59.999,10477705.14209,38931,224724.20,4963959.2529100,0
2026-01-22 10:00:00,21.978,22.086,21.802,21.89,434525.09,2026-01-22 10:59:59.999,9523726.24427,35030,233170.78,5111125.6859000,0
2026-01-22 11:00:00,21.89,21.988,21.806,21.808,182544.84,2026-01-22 11:59:59.999,3993173.07535,22157,91576.99,2003645.6877900,0
2026-01-22 12:00:00,21.808,21.874,21.776,21.8,214825.94,2026-01-22 12:59:59.999,4686895.6111,25768,115750.18,2525765.5118700,0
2026-01-22 13:00:00,21.8,21.971,21.602,21.673,421165.32,2026-01-22 13:59:59.999,9168223.60636,40887,181772.82,3961313.8589500,0
2026-01-22 14:00:00,21.672,21.75,21.217,21.422,810859.8,2026-01-22 14:59:59.999,17417011.37042,67986,354169.58,7611235.2829500,0
2026-01-22 15:00:00,21.423,21.543,21.101,21.265,803628.2,2026-01-22 15:59:59.999,17142900.87497,81006,367286.66,7840080.9478900,0
2026-01-22 16:00:00,21.266,21.42,21.115,21.331,514563.68,2026-01-22 16:59:59.999,10950980.69395,58328,232022.51,4941611.1517800,0
2026-01-22 17:00:00,21.332,21.719,21.312,21.704,648960.49,2026-01-22 17:59:59.999,13983129.66563,61096,320023.64,6896752.6229000,0
2026-01-22 18:00:00,21.704,21.746,21.111,21.183,827406.34,2026-01-22 18:59:59.999,17714044.14632,63441,321421.16,6880021.1549800,0
2026-01-22 19:00:00,21.183,21.541,21.171,21.416,492157.34,2026-01-22 19:59:59.999,10518683.57701,52125,242921.54,5188814.8797200,0
2026-01-22 20:00:00,21.416,21.492,21.25,21.372,243807.54,2026-01-22 20:59:59.999,5209261.57128,32114,118611.68,2533843.4195500,0
2026-01-22 21:00:00,21.373,21.467,21.305,21.338,164739.73,2026-01-22 21:59:59.999,3525010.30524,21016,60637.22,1298107.7371900,0
2026-01-22 22:00:00,21.338,21.429,21.266,21.383,157364.18,2026-01-22 22:59:59.999,3356652.25993,18792,74075.83,1580397.8742800,0
2026-01-22 23:00:00,21.383,21.471,21.283,21.44,179186.64,2026-01-22 23:59:59.999,3832245.88019,21890,94849.12,2028394.1140500,0
2026-01-23 00:00:00,21.44,21.632,21.36,21.597,259140.0,2026-01-23 00:59:59.999,5566824.2073,28329,138717.88,2980274.5587100,0
2026-01-23 01:00:00,21.597,21.736,21.593,21.728,133339.29,2026-01-23 01:59:59.999,2889203.58565,22521,64121.98,1389578.2894500,0
2026-01-23 02:00:00,21.727,21.758,21.638,21.643,174789.12,2026-01-23 02:59:59.999,3791723.58295,22032,64456.42,1398350.3413700,0
2026-01-23 03:00:00,21.644,21.812,21.6,21.807,204117.31,2026-01-23 03:59:59.999,4433699.74069,22643,91078.57,1978042.6112800,0
2026-01-23 04:00:00,21.808,21.864,21.739,21.819,158109.79,2026-01-23 04:59:59.999,3448174.79752,21043,73407.77,1600987.6547100,0
2026-01-23 05:00:00,21.82,21.848,21.647,21.718,221234.44,2026-01-23 05:59:59.999,4811865.19346,23309,92320.30,2007769.1117300,0
2026-01-23 06:00:00,21.718,21.786,21.452,21.472,263125.89,2026-01-23 06:59:59.999,5688005.64591,29638,106717.65,2307234.0510900,0
2026-01-23 07:00:00,21.473,21.583,21.402,21.452,215603.59,2026-01-23 07:59:59.999,4634420.20207,26981,111061.99,2387053.3190100,0
2026-01-23 08:00:00,21.451,21.492,21.202,21.211,345588.09,2026-01-23 08:59:59.999,7371179.67969,35490,154721.67,3301007.9962100,0
2026-01-23 09:00:00,21.212,21.258,20.887,20.91,568341.58,2026-01-23 09:59:59.999,11966595.97812,56026,268776.62,5659118.2564300,0
2026-01-23 10:00:00,20.909,21.131,20.829,21.038,719309.8,2026-01-23 10:59:59.999,15110063.69284,64218,401330.23,8429369.4387300,0
2026-01-23 11:00:00,21.037,21.267,21.011,21.236,380503.82,2026-01-23 11:59:59.999,8051304.9906,37446,210485.39,4453674.8525900,0
2026-01-23 12:00:00,21.237,21.342,21.157,21.319,215856.22,2026-01-23 12:59:59.999,4584225.95836,26024,108884.53,2312860.2483700,0
2026-01-23 13:00:00,21.32,21.527,21.312,21.479,348154.14,2026-01-23 13:59:59.999,7457034.48203,36099,164889.37,3532435.5853900,0
2026-01-23 14:00:00,21.478,21.688,21.362,21.48,654001.43,2026-01-23 14:59:59.999,14069537.28714,67264,294788.85,6344355.4385100,0
2026-01-23 15:00:00,21.482,22.366,21.439,22.322,1068045.46,2026-01-23 15:59:59.999,23357671.80339,98564,589211.69,12887010.6957300,0
2026-01-23 16:00:00,22.322,22.629,22.203,22.398,1447383.32,2026-01-23 16:59:59.999,32429291.8584,140184,659115.68,14773516.1207500,0
2026-01-23 17:00:00,22.397,23.103,22.263,22.735,1313217.6,2026-01-23 17:59:59.999,29879241.40462,121542,698429.55,15893045.3180200,0
2026-01-23 18:00:00,22.736,22.912,22.613,22.831,923282.89,2026-01-23 18:59:59.999,21014186.71414,91677,396987.06,9037571.9488500,0
2026-01-23 19:00:00,22.831,22.838,22.273,22.394,797112.1,2026-01-23 19:59:59.999,17974251.84949,82143,357694.95,8059173.9518300,0
2026-01-23 20:00:00,22.394,22.6,22.285,22.555,677445.08,2026-01-23 20:59:59.999,15208828.41551,76036,333960.39,7499654.9863900,0
2026-01-23 21:00:00,22.554,22.676,22.378,22.4,312631.16,2026-01-23 21:59:59.999,7048269.16014,42091,140392.17,3166916.3595800,0
2026-01-23 22:00:00,22.399,22.734,22.373,22.652,285319.43,2026-01-23 22:59:59.999,6434745.89813,33003,149821.71,3378946.2892200,0
2026-01-23 23:00:00,22.656,22.656,22.509,22.634,155862.67,2026-01-23 23:59:59.999,3520258.42017,24669,81120.03,1832320.4991300,0
2026-01-24 00:00:00,22.634,22.849,22.561,22.744,316430.9,2026-01-24 00:59:59.999,7184571.70915,34575,135166.04,3070187.1181700,0
2026-01-24 01:00:00,22.744,22.917,22.594,22.91,597525.1,2026-01-24 01:59:59.999,13597354.9204,48241,277594.08,6317560.4875000,0
2026-01-24 02:00:00,22.91,23.135,22.884,23.073,425527.52,2026-01-24 02:59:59.999,9795455.56261,44866,234018.94,5386571.3199200,0
2026-01-24 03:00:00,23.073,23.289,22.94,23.092,419222.07,2026-01-24 03:59:59.999,9702217.64064,43295,199023.59,4606884.1413800,0
2026-01-24 04:00:00,23.093,23.164,22.859,22.979,296519.02,2026-01-24 04:59:59.999,6814024.20271,32766,121321.97,2788187.1560700,0
2026-01-24 05:00:00,22.98,23.04,22.925,23.022,149727.08,2026-01-24 05:59:59.999,3438823.53198,19500,89924.65,2065178.7515500,0
2026-01-24 06:00:00,23.022,23.03,22.829,22.886,187987.46,2026-01-24 06:59:59.999,4309420.00335,24376,76411.62,1752187.4139100,0
2026-01-24 07:00:00,22.886,22.983,22.803,22.814,208716.08,2026-01-24 07:59:59.999,4776714.14226,23429,99976.20,2288562.8034500,0
2026-01-24 08:00:00,22.814,23.497,22.81,23.443,609931.23,2026-01-24 08:59:59.999,14151865.1776,52343,370251.61,8597474.2281500,0
2026-01-24 09:00:00,23.443,23.45,23.268,23.321,382118.98,2026-01-24 09:59:59.999,8926887.87127,39026,196940.64,4602235.0949200,0
2026-01-24 10:00:00,23.321,23.401,23.27,23.318,177919.63,2026-01-24 10:59:59.999,4148970.53662,26471,93696.20,2184931.5793700,0
2026-01-24 11:00:00,23.318,23.4,23.17,23.209,211477.65,2026-01-24 11:59:59.999,4922638.2549,28849,87072.45,2026927.5339200,0
2026-01-24 12:00:00,23.209,23.273,23.141,23.16,150620.89,2026-01-24 12:59:59.999,3495849.53646,19255,62507.61,1451118.7633000,0
2026-01-24 13:00:00,23.16,23.335,22.989,23.197,492507.83,2026-01-24 13:59:59.999,11394802.3184,42498,213734.82,4946113.7131200,0
2026-01-24 14:00:00,23.198,23.458,23.167,23.433,347200.46,2026-01-24 14:59:59.999,8100338.77715,43262,176624.58,4121407.1649800,0
2026-01-24 15:00:00,23.433,23.453,23.003,23.041,327459.19,2026-01-24 15:59:59.999,7601976.70522,36882,138579.54,3216341.7857700,0
2026-01-24 16:00:00,23.042,23.156,22.9,22.997,459530.47,2026-01-24 16:59:59.999,10583125.48613,44286,225983.91,5207489.6527000,0
2026-01-24 17:00:00,22.997,23.359,22.955,23.316,385051.37,2026-01-24 17:59:59.999,8922991.60272,38981,213620.45,4952121.5490000,0
2026-01-24 18:00:00,23.318,23.654,23.282,23.594,591358.05,2026-01-24 18:59:59.999,13883342.79005,58338,326481.09,7665665.6757300,0
2026-01-24 19:00:00,23.595,23.652,23.417,23.432,357638.91,2026-01-24 19:59:59.999,8415519.16289,39261,165346.53,3890852.3720400,0
2026-01-24 20:00:00,23.432,23.595,23.336,23.559,331400.5,2026-01-24 20:59:59.999,7775947.19316,33529,160388.89,3765026.7258800,0
2026-01-24 21:00:00,23.559,23.616,23.492,23.606,193655.19,2026-01-24 21:59:59.999,4561494.60882,27792,97665.65,2300991.5900800,0
2026-01-24 22:00:00,23.606,23.69,23.541,23.66,162462.0,2026-01-24 22:59:59.999,3836023.13228,20229,84550.42,1997052.0586900,0
2026-01-24 23:00:00,23.659,23.746,23.169,23.204,672097.48,2026-01-24 23:59:59.999,15738625.27072,61598,301279.51,7061892.8276600,0
2026-01-25 00:00:00,23.203,23.347,23.167,23.259,315884.79,2026-01-25 00:59:59.999,7344665.35645,29804,172548.76,4012628.6762800,0
2026-01-25 01:00:00,23.258,23.418,23.035,23.254,445952.09,2026-01-25 01:59:59.999,10349142.85037,36553,227870.62,5289253.1480900,0
2026-01-25 02:00:00,23.253,23.318,23.195,23.198,106373.87,2026-01-25 02:59:59.999,2475218.14319,15556,48422.55,1126910.8366800,0
2026-01-25 03:00:00,23.199,23.291,22.919,22.93,363507.02,2026-01-25 03:59:59.999,8373604.71882,32972,155624.32,3585191.0868900,0
2026-01-25 04:00:00,22.931,22.992,22.723,22.864,372828.96,2026-01-25 04:59:59.999,8520083.28559,33275,174000.69,3977695.6861000,0
2026-01-25 05:00:00,22.864,22.975,22.817,22.959,143849.82,2026-01-25 05:59:59.999,3295194.38047,17520,75139.38,1721356.2936900,0
2026-01-25 06:00:00,22.959,22.959,22.846,22.94,120354.36,2026-01-25 06:59:59.999,2755337.25295,16934,62652.81,1434431.2538600,0
2026-01-25 07:00:00,22.94,22.941,22.746,22.895,185496.28,2026-01-25 07:59:59.999,4237297.52573,17996,86344.86,1971580.0786300,0
2026-01-25 08:00:00,22.896,22.992,22.384,22.446,636716.1,2026-01-25 08:59:59.999,14420948.56153,50895,253994.67,5754106.0240700,0
2026-01-25 09:00:00,22.447,22.574,22.334,22.342,357806.99,2026-01-25 09:59:59.999,8036474.43111,28726,189866.02,4266458.9709100,0
2026-01-25 10:00:00,22.34,22.548,22.336,22.51,162024.33,2026-01-25 10:59:59.999,3638764.77366,20054,88800.18,1994046.2158900,0
2026-01-25 11:00:00,22.51,22.547,22.429,22.501,130674.73,2026-01-25 11:59:59.999,2938933.8543,15588,58568.72,1317230.1606300,0
2026-01-25 12:00:00,22.501,22.639,22.463,22.617,145189.75,2026-01-25 12:59:59.999,3275068.25466,18492,86891.12,1960404.6109600,0
2026-01-25 13:00:00,22.617,22.71,22.526,22.62,146874.28,2026-01-25 13:59:59.999,3321491.65693,17379,79219.24,1791733.5587600,0
2026-01-25 14:00:00,22.62,22.638,22.422,22.544,245615.05,2026-01-25 14:59:59.999,5528380.26821,23354,117876.85,2653515.9103000,0
2026-01-25 15:00:00,22.544,22.714,22.439,22.454,233888.34,2026-01-25 15:59:59.999,5283566.31329,21759,106926.62,2417130.8584600,0
2026-01-25 16:00:00,22.454,22.615,22.102,22.228,1236851.94,2026-01-25 16:59:59.999,27625161.06973,82049,567392.59,12674956.1414900,0
2026-01-25 17:00:00,22.229,22.296,22.026,22.202,335751.74,2026-01-25 17:59:59.999,7432715.90472,44913,145366.53,3218338.5386300,0
2026-01-25 18:00:00,22.201,22.304,21.983,22.231,576148.19,2026-01-25 18:59:59.999,12769029.6384,64555,272244.76,6037800.4456000,0
2026-01-25 19:00:00,22.232,22.284,21.655,21.798,952325.22,2026-01-25 19:59:59.999,20833560.72916,75468,364943.93,7985292.1032000,0
2026-01-25 20:00:00,21.797,22.015,21.754,21.972,632692.23,2026-01-25 20:59:59.999,13860377.59001,46729,240543.53,5266191.1184100,0
2026-01-25 21:00:00,21.972,22.215,21.875,21.914,497128.93,2026-01-25 21:59:59.999,10960156.13093,44600,298590.90,6584027.5734800,0
2026-01-25 22:00:00,21.915,22.116,21.622,21.921,461648.32,2026-01-25 22:59:59.999,10091522.05959,37951,246645.21,5396452.6952400,0
2026-01-25 23:00:00,21.921,22.27,21.793,22.193,450918.97,2026-01-25 23:59:59.999,9957967.42595,50122,247004.21,5458020.6182200,0
2026-01-26 00:00:00,22.193,22.312,21.812,22.111,550050.11,2026-01-26 00:59:59.999,12144566.38244,51075,247421.18,5461803.0819700,0
2026-01-26 01:00:00,22.111,22.52,22.08,22.332,519407.82,2026-01-26 01:59:59.999,11618415.19805,56988,264575.45,5918710.9130100,0
2026-01-26 02:00:00,22.333,22.366,22.053,22.088,352880.51,2026-01-26 02:59:59.999,7835135.59978,40784,158391.35,3518568.3733900,0
2026-01-26 03:00:00,22.089,22.156,21.87,21.963,228221.07,2026-01-26 03:59:59.999,5020184.28148,31037,105203.16,2314785.8783000,0
2026-01-26 04:00:00,21.963,22.333,21.935,22.218,186494.24,2026-01-26 04:59:59.999,4137227.95755,29658,99105.15,2197650.9980300,0
2026-01-26 05:00:00,22.217,22.265,22.112,22.222,125276.32,2026-01-26 05:59:59.999,2778824.56209,18614,65957.61,1463629.8800900,0
2026-01-26 06:00:00,22.221,22.23,22.043,22.161,172621.58,2026-01-26 06:59:59.999,3819689.3919,23760,87686.38,1940068.5633800,0
2026-01-26 07:00:00,22.16,22.327,22.116,22.312,161710.82,2026-01-26 07:59:59.999,3591455.25224,22387,86425.29,1919435.8209400,0
2026-01-26 08:00:00,22.311,22.618,22.155,22.529,499239.34,2026-01-26 08:59:59.999,11186399.08119,42656,269393.28,6037971.4436400,0
2026-01-26 09:00:00,22.529,22.569,22.053,22.2,499247.24,2026-01-26 09:59:59.999,11123264.30526,40169,254255.91,5663247.9910900,0
2026-01-26 10:00:00,22.2,22.529,22.171,22.297,293910.74,2026-01-26 10:59:59.999,6574700.27413,29858,145390.56,3250813.4021500,0
2026-01-26 11:00:00,22.298,22.376,22.014,22.271,537357.71,2026-01-26 11:59:59.999,11935162.93969,47104,283579.57,6298389.8591300,0
2026-01-26 12:00:00,22.271,22.383,22.172,22.255,221536.25,2026-01-26 12:59:59.999,4931747.5031,25788,109546.24,2439166.9512500,0
2026-01-26 13:00:00,22.254,22.423,22.222,22.373,236975.85,2026-01-26 13:59:59.999,5291381.30538,26134,113435.38,2532557.8505400,0
2026-01-26 14:00:00,22.375,22.522,22.114,22.471,436403.08,2026-01-26 14:59:59.999,9755418.28949,52767,223719.88,5002457.7390300,0
2026-01-26 15:00:00,22.47,22.878,22.353,22.446,1012709.84,2026-01-26 15:59:59.999,22900845.8259,78021,440794.64,9972276.7306700,0
2026-01-26 16:00:00,22.447,23.57,22.406,23.48,1319753.97,2026-01-26 16:59:59.999,30464911.62011,103948,725179.02,16740241.7727100,0
2026-01-26 17:00:00,23.482,23.923,23.352,23.868,1305438.03,2026-01-26 17:59:59.999,30860460.43698,108754,665604.43,15730553.4619800,0
2026-01-26 18:00:00,23.869,24.217,23.686,24.207,897599.65,2026-01-26 18:59:59.999,21523607.59784,83843,507816.68,12183611.6145300,0
2026-01-26 19:00:00,24.206,24.418,23.952,24.117,1170328.97,2026-01-26 19:59:59.999,28350964.03144,109606,615924.62,14928150.3440400,0
2026-01-26 20:00:00,24.116,24.247,23.97,24.065,437181.31,2026-01-26 20:59:59.999,10539150.89033,57925,212288.93,5118995.9155700,0
2026-01-26 21:00:00,24.065,24.962,23.992,24.803,835220.6,2026-01-26 21:59:59.999,20536599.30071,81779,497332.59,12222904.1934500,0
2026-01-26 22:00:00,24.804,25.338,24.63,25.078,1010444.37,2026-01-26 22:59:59.999,25242897.08165,81433,541969.47,13535468.4073500,0
2026-01-26 23:00:00,25.079,25.214,24.817,24.931,566597.18,2026-01-26 23:59:59.999,14182620.70217,58197,282385.07,7072832.6897800,0
2026-01-27 00:00:00,24.93,25.485,24.894,25.317,866380.51,2026-01-27 00:59:59.999,21787076.34652,68043,485996.09,12220417.6742500,0
2026-01-27 01:00:00,25.317,25.556,25.152,25.534,609559.42,2026-01-27 01:59:59.999,15456963.85094,62030,299614.35,7598461.0082200,0
2026-01-27 02:00:00,25.535,25.988,25.524,25.861,961193.1,2026-01-27 02:59:59.999,24731074.55077,87309,480612.92,12371891.3384400,0
2026-01-27 03:00:00,25.864,26.451,25.794,26.088,1673519.47,2026-01-27 03:59:59.999,43773787.48842,140586,827318.58,21636512.1404300,0
2026-01-27 04:00:00,26.088,26.95,26.025,26.909,1452458.98,2026-01-27 04:59:59.999,38622988.99433,136997,746890.20,19861061.0797000,0
2026-01-27 05:00:00,26.91,27.41,26.647,26.823,1441530.27,2026-01-27 05:59:59.999,38862612.52563,136770,686438.31,18512811.6665000,0
2026-01-27 06:00:00,26.824,27.453,26.823,27.119,1207141.42,2026-01-27 06:59:59.999,32834673.26239,130998,592993.39,16127724.0677400,0
2026-01-27 07:00:00,27.12,27.799,26.963,27.413,1719610.93,2026-01-27 07:59:59.999,47168439.29386,171434,834685.16,22903314.1988300,0
2026-01-27 08:00:00,27.414,28.081,27.255,27.831,1666952.68,2026-01-27 08:59:59.999,46238622.11751,156666,838444.62,23278753.4574200,0
2026-01-27 09:00:00,27.831,28.025,27.252,27.565,2631726.7,2026-01-27 09:59:59.999,72655253.81953,206272,1250734.69,34532694.5970800,0
2026-01-27 10:00:00,27.565,27.852,27.196,27.228,1716165.03,2026-01-27 10:59:59.999,47213496.9427,144187,761188.77,20961055.9552500,0
2026-01-27 11:00:00,27.229,27.841,27.211,27.722,1025951.98,2026-01-27 11:59:59.999,28246094.38067,106634,546899.66,15060054.6312800,0
2026-01-27 12:00:00,27.72,28.3,27.494,27.637,1568443.54,2026-01-27 12:59:59.999,43619230.62363,143900,804520.06,22395218.3608600,0
2026-01-27 13:00:00,27.636,27.663,27.23,27.311,962887.43,2026-01-27 13:59:59.999,26444775.7906,98584,428765.17,11778222.3005000,0
2026-01-27 14:00:00,27.311,27.698,27.145,27.364,1179001.58,2026-01-27 14:59:59.999,32329934.54711,128486,596508.12,16362602.5447800,0
2026-01-27 15:00:00,27.365,28.17,27.317,28.153,1454741.81,2026-01-27 15:59:59.999,40388216.62563,149783,827148.93,22974219.0423500,0
2026-01-27 16:00:00,28.152,28.94,27.839,28.496,2281640.07,2026-01-27 16:59:59.999,64374786.97584,209878,1212250.20,34215343.3911300,0
2026-01-27 17:00:00,28.496,28.613,27.42,27.777,2571154.73,2026-01-27 17:59:59.999,71662660.14036,245552,1245661.81,34733606.2104500,0
2026-01-27 18:00:00,27.777,28.472,27.532,28.363,1132435.9,2026-01-27 18:59:59.999,31754072.1365,120783,577273.27,16203843.9613200,0
2026-01-27 19:00:00,28.364,29.135,28.301,28.791,1471479.1,2026-01-27 19:59:59.999,42305966.7377,151669,754370.11,21697643.5768200,0
2026-01-27 20:00:00,28.79,29.832,28.734,29.758,2036584.46,2026-01-27 20:59:59.999,59814067.09759,202668,1081809.16,31794392.0669100,0
2026-01-27 21:00:00,29.757,29.924,29.558,29.788,1294822.13,2026-01-27 21:59:59.999,38492290.95786,138013,640177.03,19036975.8995500,0
2026-01-27 22:00:00,29.787,30.5,29.519,30.493,1981573.81,2026-01-27 22:59:59.999,59497578.32089,174928,1068693.04,32116444.8731200,0
2026-01-27 23:00:00,30.485,30.99,30.352,30.8,2156666.87,2026-01-27 23:59:59.999,66134949.69658,209168,1177001.66,36110085.6886400,0
2026-01-28 00:00:00,30.8,31.617,30.71,31.475,2668031.08,2026-01-28 00:59:59.999,82893424.84513,286545,1444562.14,44896273.9707400,0
2026-01-28 01:00:00,31.475,32.927,31.4,32.894,4400061.46,2026-01-28 01:59:59.999,141378541.98,478553,2389849.56,76805317.4272900,0
2026-01-28 02:00:00,32.894,33.691,32.45,32.854,3383958.61,2026-01-28 02:59:59.999,111941005.13471,429692,1752322.22,57996448.0300700,0
2026-01-28 03:00:00,32.856,33.92,32.634,33.542,2656568.49,2026-01-28 03:59:59.999,88523315.51729,296329,1365130.71,45511147.8399900,0
2026-01-28 04:00:00,33.541,34.224,33.356,34.007,2065053.2,2026-01-28 04:59:59.999,69841087.53172,224933,1104448.19,37378192.8807200,0
2026-01-28 05:00:00,34.008,34.281,32.39,32.78,3353009.81,2026-01-28 05:59:59.999,111225988.00607,303727,1469384.36,48791079.0428600,0
2026-01-28 06:00:00,32.781,33.859,32.76,33.842,1871481.0,2026-01-28 06:59:59.999,62211017.32003,207678,1106390.25,36800026.2256500,0
2026-01-28 07:00:00,33.842,33.926,33.263,33.508,1435303.83,2026-01-28 07:59:59.999,48197348.24548,166294,735487.49,24703601.5613300,0
2026-01-28 08:00:00,33.509,34.742,33.403,33.752,3526516.06,2026-01-28 08:59:59.999,120076307.32816,316561,1790365.18,60979114.4060200,0
2026-01-28 09:00:00,33.75,34.65,33.5,34.631,1671491.31,2026-01-28 09:59:59.999,57035928.24107,181944,821187.57,28039024.8284100,0
2026-01-28 10:00:00,34.632,34.849,34.33,34.42,1981487.02,2026-01-28 10:59:59.999,68480334.79246,205671,1010892.13,34940509.7368200,0
2026-01-28 11:00:00,34.42,34.625,33.848,33.904,1398050.33,2026-01-28 11:59:59.999,47772556.46383,155847,648706.17,22170544.5170900,0
2026-01-28 12:00:00,33.909,34.034,33.218,33.582,1627745.14,2026-01-28 12:59:59.999,54676765.86186,155012,737579.25,24781494.1364200,0
2026-01-28 13:00:00,33.582,34.695,33.537,34.371,2107141.05,2026-01-28 13:59:59.999,72046871.92306,192211,1119081.69,38233514.2557100,0
2026-01-28 14:00:00,34.369,34.37,33.508,33.655,1651232.69,2026-01-28 14:59:59.999,55823681.89671,182390,764491.02,25842014.6605800,0
2026-01-28 15:00:00,33.656,33.958,33.013,33.475,1973203.42,2026-01-28 15:59:59.999,66022378.31952,188720,956754.70,32012585.9010900,0
2026-01-28 16:00:00,33.476,33.506,32.623,33.042,2023388.01,2026-01-28 16:59:59.999,66740029.3804,190372,965808.25,31858715.8228400,0
2026-01-28 17:00:00,33.042,33.166,32.504,32.923,1081065.65,2026-01-28 17:59:59.999,35491946.98003,137020,519376.47,17058469.1139800,0
2026-01-28 18:00:00,32.924,33.083,32.339,32.908,1185948.25,2026-01-28 18:59:59.999,38736786.6729,142059,561696.43,18354492.4263900,0
2026-01-28 19:00:00,32.908,33.594,32.632,33.366,1427832.25,2026-01-28 19:59:59.999,47284922.35189,193302,748675.63,24816474.5489400,0
2026-01-28 20:00:00,33.367,33.74,32.93,33.033,916971.56,2026-01-28 20:59:59.999,30592970.74004,128202,448145.48,14962515.7632200,0
2026-01-28 21:00:00,33.032,33.354,32.803,33.009,817093.99,2026-01-28 21:59:59.999,27006890.28261,113670,390607.91,12914405.5551800,0
2026-01-28 22:00:00,33.01,33.713,32.821,33.343,1321441.08,2026-01-28 22:59:59.999,43900138.80611,128181,686509.61,22810181.7913600,0
2026-01-28 23:00:00,33.343,34.527,33.295,34.428,1795638.14,2026-01-28 23:59:59.999,60938553.6265,193538,1007632.88,34213294.9557900,0
2026-01-29 00:00:00,34.428,34.443,33.598,33.964,1016323.09,2026-01-29 00:59:59.999,34463322.92421,131933,439179.70,14889292.5377200,0
2026-01-29 01:00:00,33.964,34.141,33.068,33.126,1020044.12,2026-01-29 01:59:59.999,34337984.93533,135068,445317.47,15000762.8277000,0
2026-01-29 02:00:00,33.126,33.417,31.819,31.996,1985503.68,2026-01-29 02:59:59.999,64596926.2651,201768,851260.83,27727187.1371600,0
2026-01-29 03:00:00,31.996,32.495,31.651,31.748,1520822.58,2026-01-29 03:59:59.999,48698967.74702,166568,785232.36,25158832.2607600,0
2026-01-29 04:00:00,31.748,32.154,31.129,31.877,2047541.02,2026-01-29 04:59:59.999,64710654.80048,189736,985764.06,31153598.0243400,0
2026-01-29 05:00:00,31.876,32.056,31.558,31.955,985953.09,2026-01-29 05:59:59.999,31339448.71634,108219,514403.07,16352183.0742600,0
2026-01-29 06:00:00,31.954,33.248,31.905,32.854,1855259.89,2026-01-29 06:59:59.999,60695441.84484,192384,1011919.12,33101438.5757800,0
2026-01-29 07:00:00,32.853,32.999,32.202,32.429,878711.71,2026-01-29 07:59:59.999,28552936.76395,115348,416961.71,13544543.8130600,0
2026-01-29 08:00:00,32.43,33.075,32.218,32.456,856112.5,2026-01-29 08:59:59.999,27903899.49321,107360,429551.64,14005889.8785100,0
2026-01-29 09:00:00,32.456,32.624,32.234,32.271,506596.95,2026-01-29 09:59:59.999,16406510.23919,70619,238511.31,7726673.6535700,0
2026-01-29 10:00:00,32.271,32.761,32.234,32.618,369257.34,2026-01-29 10:59:59.999,12001448.79769,60425,196290.44,6381148.1342800,0
2026-01-29 11:00:00,32.616,33.694,31.853,33.295,1933518.09,2026-01-29 11:59:59.999,63398198.38107,188149,993496.74,32577824.5378900,0
2026-01-29 12:00:00,33.295,34.282,33.181,33.382,2500261.23,2026-01-29 12:59:59.999,84139129.84737,265665,1307503.88,44006679.7712600,0
2026-01-29 13:00:00,33.381,34.333,33.187,34.032,1424958.68,2026-01-29 13:59:59.999,48219350.96069,151264,755362.12,25561784.4354600,0
2026-01-29 14:00:00,34.033,34.566,32.982,33.029,2290301.34,2026-01-29 14:59:59.999,77337391.10853,224582,1128190.06,38108802.8702300,0
2026-01-29 15:00:00,33.031,33.368,31.798,33.141,4280840.87,2026-01-29 15:59:59.999,139279549.73088,348655,2149777.92,69987866.9406900,0
2026-01-29 16:00:00,33.14,33.935,32.717,33.691,2494424.92,2026-01-29 16:59:59.999,83039117.17916,211090,1262529.41,42040695.3221600,0
2026-01-29 17:00:00,33.69,33.979,32.833,33.403,1775862.91,2026-01-29 17:59:59.999,59191430.78069,170780,820154.85,27339618.4904400,0
2026-01-29 18:00:00,33.403,33.667,32.409,32.496,1518144.77,2026-01-29 18:59:59.999,50020127.86726,166378,698940.29,23042869.8149400,0
2026-01-29 19:00:00,32.496,32.755,31.971,32.127,1217055.49,2026-01-29 19:59:59.999,39370422.62791,132570,586099.35,18968591.7970500,0
2026-01-29 20:00:00,32.127,32.909,31.849,32.764,1030256.95,2026-01-29 20:59:59.999,33388265.8352,122665,516083.40,16721124.4259100,0
2026-01-29 21:00:00,32.765,32.765,31.5,31.845,1715346.92,2026-01-29 21:59:59.999,54971975.71689,168832,822868.15,26368204.3706100,0
2026-01-29 22:00:00,31.846,32.09,30.579,31.088,1563756.17,2026-01-29 22:59:59.999,48741798.05554,133990,698433.06,21783040.3102000,0
2026-01-29 23:00:00,31.088,31.139,30.377,30.79,1016095.29,2026-01-29 23:59:59.999,31247987.66091,125559,492863.31,15162605.0403800,0
2026-01-30 00:00:00,30.791,30.845,29.894,29.913,1596185.55,2026-01-30 00:59:59.999,48314497.69419,167825,597417.59,18090933.3303500,0
2026-01-30 01:00:00,29.916,30.136,28.945,29.502,2388426.68,2026-01-30 01:59:59.999,70557530.06742,258489,1004055.33,29654715.9464600,0
2026-01-30 02:00:00,29.503,29.513,28.139,28.667,4469338.24,2026-01-30 02:59:59.999,128236198.24099,440924,1923416.13,55255057.4617500,0
2026-01-30 03:00:00,28.666,29.351,28.579,29.214,1588782.2,2026-01-30 03:59:59.999,45996375.04808,158754,893025.89,25861351.8382800,0
2026-01-30 04:00:00,29.216,29.769,29.041,29.1,1426262.86,2026-01-30 04:59:59.999,41955296.85729,153118,770210.57,22667148.9985800,0
2026-01-30 05:00:00,29.102,29.574,28.912,28.941,759663.97,2026-01-30 05:59:59.999,22219295.0545,92105,409808.34,11990309.7823000,0
2026-01-30 06:00:00,28.943,29.171,28.552,28.795,1136582.58,2026-01-30 06:59:59.999,32735058.15518,119385,544582.67,15692618.0035400,0
2026-01-30 07:00:00,28.795,29.289,28.61,29.133,1142625.79,2026-01-30 07:59:59.999,33119177.4062,123813,621207.85,18011899.8681600,0
2026-01-30 08:00:00,29.134,29.564,29.009,29.207,993677.24,2026-01-30 08:59:59.999,29076959.62694,111677,545304.03,15961990.9469800,0
2026-01-30 09:00:00,29.208,29.65,29.13,29.255,860266.07,2026-01-30 09:59:59.999,25312250.15327,114618,482204.28,14195029.8027900,0
2026-01-30 10:00:00,29.254,30.0,29.195,29.765,981907.56,2026-01-30 10:59:59.999,29204053.22174,121077,576914.60,17158785.4716300,0
2026-01-30 11:00:00,29.766,30.925,29.689,30.626,1768028.28,2026-01-30 11:59:59.999,53773191.26105,230636,955342.46,29060417.7193900,0
2026-01-30 12:00:00,30.627,30.71,29.825,30.002,1079811.35,2026-01-30 12:59:59.999,32595371.88897,122872,522990.14,15783187.0378100,0
2026-01-30 13:00:00,30.002,30.022,29.241,29.332,1145490.26,2026-01-30 13:59:59.999,33898703.68489,129912,531380.57,15735154.2648300,0
2026-01-30 14:00:00,29.332,30.005,29.073,29.146,1527435.16,2026-01-30 14:59:59.999,45071092.87693,167861,771030.22,22775520.5309900,0
2026-01-30 15:00:00,29.147,29.665,28.732,28.984,1682596.92,2026-01-30 15:59:59.999,49056042.79847,195429,815441.00,23780429.8978100,0
2026-01-30 16:00:00,28.983,29.483,28.542,29.27,1478329.6,2026-01-30 16:59:59.999,42834091.93877,180943,735020.67,21296628.2941100,0
2026-01-30 17:00:00,29.27,29.858,28.927,29.561,1139000.34,2026-01-30 17:59:59.999,33555009.37841,143898,587150.44,17303729.0006500,0
2026-01-30 18:00:00,29.56,31.817,29.073,31.714,3070200.66,2026-01-30 18:59:59.999,93189357.65099,287777,1670319.45,50786026.0365300,0
2026-01-30 19:00:00,31.715,32.898,31.567,32.099,3052736.6,2026-01-30 19:59:59.999,98399207.41393,313957,1500147.37,48372860.9078000,0
2026-01-30 20:00:00,32.099,32.123,31.021,31.041,2286258.16,2026-01-30 20:59:59.999,72332913.12829,214766,1083947.13,34301381.1760300,0
2026-01-30 21:00:00,31.038,31.537,30.945,31.094,1074386.69,2026-01-30 21:59:59.999,33589181.62814,112116,591477.61,18493932.5368800,0
2026-01-30 22:00:00,31.095,31.274,30.725,31.216,612994.51,2026-01-30 22:59:59.999,19002290.16281,64297,310949.32,9642650.8389100,0
2026-01-30 23:00:00,31.214,31.23,30.32,30.623,787915.48,2026-01-30 23:59:59.999,24109242.02947,70260,342465.19,10467241.5388100,0
2026-01-31 00:00:00,30.623,31.384,30.534,31.004,812441.33,2026-01-31 00:59:59.999,25182731.26357,86783,445363.03,13800793.6711400,0
2026-01-31 01:00:00,31.003,31.572,30.947,31.466,790781.0,2026-01-31 01:59:59.999,24764869.71374,98012,423619.77,13265201.0869800,0
2026-01-31 02:00:00,31.465,32.018,30.94,31.828,981233.99,2026-01-31 02:59:59.999,30875178.06485,112029,504606.58,15895107.3058200,0
2026-01-31 03:00:00,31.829,32.15,31.529,31.677,784057.98,2026-01-31 03:59:59.999,24932027.7152,95541,411364.48,13087116.5988500,0
2026-01-31 04:00:00,31.678,31.876,31.055,31.17,640596.98,2026-01-31 04:59:59.999,20204499.2122,87323,330707.40,10434301.9623200,0
2026-01-31 05:00:00,31.17,31.331,30.852,31.206,821519.91,2026-01-31 05:59:59.999,25557040.66474,94246,406673.59,12656778.1079400,0
2026-01-31 06:00:00,31.205,31.291,30.449,30.642,752445.73,2026-01-31 06:59:59.999,23140561.16009,93588,323346.90,9947604.3691300,0
2026-01-31 07:00:00,30.641,30.879,30.464,30.653,565176.39,2026-01-31 07:59:59.999,17320344.56474,77550,288061.74,8830213.9216200,0
2026-01-31 08:00:00,30.652,30.932,30.34,30.667,1099503.85,2026-01-31 08:59:59.999,33695386.37263,131256,532607.98,16326635.7939800,0
2026-01-31 09:00:00,30.667,30.728,30.024,30.094,1045022.94,2026-01-31 09:59:59.999,31642820.60465,129360,493819.21,14956675.4983800,0
2026-01-31 10:00:00,30.093,30.444,29.8,30.294,579980.0,2026-01-31 10:59:59.999,17484661.62613,84572,280529.04,8463973.6784000,0
2026-01-31 11:00:00,30.293,30.559,29.959,30.27,830382.64,2026-01-31 11:59:59.999,25125267.04134,94826,413108.37,12506768.6269100,0
2026-01-31 12:00:00,30.268,30.498,30.075,30.248,565805.88,2026-01-31 12:59:59.999,17147590.23798,72912,273357.77,8289400.9395500,0
2026-01-31 13:00:00,30.249,30.418,29.881,30.116,664990.24,2026-01-31 13:59:59.999,20015621.97324,87895,322164.76,9698592.6721200,0
2026-01-31 14:00:00,30.116,30.231,28.712,29.336,3014037.31,2026-01-31 14:59:59.999,88298822.46763,283764,1366616.70,40033374.9257700,0
2026-01-31 15:00:00,29.336,29.388,28.474,28.68,1323775.05,2026-01-31 15:59:59.999,38418371.01738,126857,607388.46,17641103.3827500,0
2026-01-31 16:00:00,28.681,28.82,28.015,28.276,2256831.0,2026-01-31 16:59:59.999,64206682.27113,201158,1067341.83,30385500.7371900,0
2026-01-31 17:00:00,28.274,28.748,27.455,28.649,3161447.01,2026-01-31 17:59:59.999,89071934.74554,287290,1458236.56,41121528.3437200,0
2026-01-31 18:00:00,28.649,30.0,27.417,29.15,3550544.25,2026-01-31 18:59:59.999,101552979.98911,306262,1843190.89,52848992.8761200,0
2026-01-31 19:00:00,29.152,29.973,28.57,29.079,2655228.18,2026-01-31 19:59:59.999,77772779.25552,215023,1286815.39,37724453.4478100,0
2026-01-31 20:00:00,29.08,29.5,28.631,29.461,1253855.05,2026-01-31 20:59:59.999,36368308.35911,102495,648491.67,18819987.2904900,0
2026-01-31 21:00:00,29.461,30.395,29.445,30.035,1564004.31,2026-01-31 21:59:59.999,46761151.23954,130831,748266.65,22387073.8945000,0
2026-01-31 22:00:00,30.034,30.576,29.854,30.398,726554.85,2026-01-31 22:59:59.999,21903816.52474,75118,359785.02,10854886.6995300,0
2026-01-31 23:00:00,30.399,31.181,30.149,31.012,1408303.66,2026-01-31 23:59:59.999,43318112.78605,148646,739224.39,22743641.8209500,0
2026-02-01 00:00:00,31.011,32.464,30.959,32.317,2257776.85,2026-02-01 00:59:59.999,72048980.73026,211158,1276427.58,40709566.6336600,0
2026-02-01 01:00:00,32.316,32.59,31.658,31.845,1617787.69,2026-02-01 01:59:59.999,51820516.65022,170980,795047.99,25473462.0057500,0
2026-02-01 02:00:00,31.845,32.468,31.341,32.164,1584727.18,2026-02-01 02:59:59.999,50626439.2441,163402,805533.61,25751988.5950500,0
2026-02-01 03:00:00,32.164,32.248,31.329,31.469,1186770.62,2026-02-01 03:59:59.999,37741431.31981,109759,538937.60,17158105.4824900,0
2026-02-01 04:00:00,31.47,32.024,31.45,31.703,766887.55,2026-02-01 04:59:59.999,24355443.49793,92069,408148.90,12961375.2154800,0
2026-02-01 05:00:00,31.704,31.755,30.726,30.815,1175967.1,2026-02-01 05:59:59.999,36598383.50969,123290,431874.56,13450876.8667000,0
2026-02-01 06:00:00,30.815,30.878,30.311,30.515,970921.07,2026-02-01 06:59:59.999,29689533.98496,102555,440383.64,13470548.6209400,0
2026-02-01 07:00:00,30.515,30.934,30.221,30.701,937664.72,2026-02-01 07:59:59.999,28654277.39142,103978,521310.72,15936548.0886400,0
2026-02-01 08:00:00,30.702,31.074,30.55,30.949,789865.18,2026-02-01 08:59:59.999,24348575.42882,92218,367741.90,11339683.7749200,0
2026-02-01 09:00:00,30.945,31.449,30.811,31.352,1219318.43,2026-02-01 09:59:59.999,38034657.7066,109887,569019.79,17752228.3043900,0
2026-02-01 10:00:00,31.355,31.563,30.223,30.382,1125055.79,2026-02-01 10:59:59.999,34792007.66344,125363,481152.51,14896439.9912200,0
2026-02-01 11:00:00,30.384,31.218,30.373,30.964,887923.67,2026-02-01 11:59:59.999,27341584.80752,103078,476990.63,14692819.6896000,0
2026-02-01 12:00:00,30.964,31.092,30.331,30.337,971049.68,2026-02-01 12:59:59.999,29877551.37666,119647,436627.38,13449694.7221100,0
2026-02-01 13:00:00,30.338,30.52,29.421,29.489,1482339.85,2026-02-01 13:59:59.999,44399180.25232,153671,586605.85,17584702.5389300,0
2026-02-01 14:00:00,29.488,29.683,28.92,29.126,1607267.65,2026-02-01 14:59:59.999,47089324.37465,182564,752823.29,22069330.2395000,0
2026-02-01 15:00:00,29.127,29.231,28.455,28.994,1770243.9,2026-02-01 15:59:59.999,50995687.28929,201983,883738.54,25472215.8398200,0
2026-02-01 16:00:00,28.996,29.489,28.771,29.432,1290114.06,2026-02-01 16:59:59.999,37633748.83608,164856,643880.81,18792666.1368000,0
2026-02-01 17:00:00,29.432,29.741,29.188,29.612,1063245.54,2026-02-01 17:59:59.999,31343996.87486,125660,501914.68,14800582.2921800,0
2026-02-01 18:00:00,29.613,30.266,29.613,29.924,1214181.46,2026-02-01 18:59:59.999,36333568.47161,144860,635128.40,19012467.5278200,0
2026-02-01 19:00:00,29.924,29.988,29.145,29.418,808651.17,2026-02-01 19:59:59.999,23803273.82484,96987,349216.57,10283671.2628300,0
2026-02-01 20:00:00,29.417,29.874,29.032,29.643,953602.59,2026-02-01 20:59:59.999,28119275.18468,112988,473053.76,13955420.0759100,0
2026-02-01 21:00:00,29.643,30.189,28.931,30.182,1168045.17,2026-02-01 21:59:59.999,34543849.64267,136160,600294.78,17769856.4661900,0
2026-02-01 22:00:00,30.182,30.469,29.77,30.081,1062373.56,2026-02-01 22:59:59.999,32080873.57078,101706,579478.70,17515050.4946700,0
2026-02-01 23:00:00,30.081,31.202,29.319,30.573,2401199.05,2026-02-01 23:59:59.999,72777872.5378,261903,1219338.28,37032961.4009900,0
2026-02-02 00:00:00,30.573,31.832,30.43,30.993,1700482.77,2026-02-02 00:59:59.999,53132279.92371,192419,912511.72,28519733.2951200,0
2026-02-02 01:00:00,30.994,31.658,30.544,31.229,1169465.01,2026-02-02 01:59:59.999,36366761.41754,143745,542877.17,16885236.5333900,0
2026-02-02 02:00:00,31.229,31.55,31.041,31.223,967495.35,2026-02-02 02:59:59.999,30225831.31319,102564,469857.61,14683621.3385500,0
2026-02-02 03:00:00,31.223,32.089,30.089,31.997,3184571.76,2026-02-02 03:59:59.999,98661860.25281,261291,1483998.03,46046930.3151100,0
2026-02-02 04:00:00,31.999,32.047,30.918,31.205,1606716.23,2026-02-02 04:59:59.999,50451052.13375,150889,743347.85,23338988.9513900,0
2026-02-02 05:00:00,31.206,31.247,30.45,30.81,2027245.09,2026-02-02 05:59:59.999,62267179.0698,180697,902857.39,27735103.7653700,0
2026-02-02 06:00:00,30.809,30.9,29.492,30.304,2234360.61,2026-02-02 06:59:59.999,67575283.23784,229065,1010800.18,30581612.1473300,0
2026-02-02 07:00:00,30.305,31.515,29.806,31.221,1630144.6,2026-02-02 07:59:59.999,50089671.35304,183929,836171.43,25717598.3468900,0
2026-02-02 08:00:00,31.223,31.571,30.693,30.917,822371.81,2026-02-02 08:59:59.999,25524956.86566,110555,388505.16,12064079.5191000,0
2026-02-02 09:00:00,30.917,31.411,30.544,31.073,821108.12,2026-02-02 09:59:59.999,25387446.34771,115309,390086.18,12061971.5998300,0
2026-02-02 10:00:00,31.073,31.636,30.905,30.955,912592.32,2026-02-02 10:59:59.999,28541793.50644,104917,465803.71,14574850.7505500,0
2026-02-02 11:00:00,30.955,31.543,30.876,30.92,696991.16,2026-02-02 11:59:59.999,21760579.07688,95188,355307.59,11095413.1966400,0
2026-02-02 12:00:00,30.923,31.156,30.57,30.913,662545.33,2026-02-02 12:59:59.999,20441568.23081,95852,339925.61,10493956.6923600,0
2026-02-02 13:00:00,30.912,31.076,30.415,30.902,645959.34,2026-02-02 13:59:59.999,19833738.07723,96849,314413.41,9657063.1354000,0
2026-02-02 14:00:00,30.902,33.382,30.602,31.889,4663438.97,2026-02-02 14:59:59.999,150477188.84499,434837,2367869.82,76393349.3845800,0
2026-02-02 15:00:00,31.889,32.732,31.591,32.725,2136483.8,2026-02-02 15:59:59.999,68725083.55032,256874,1074217.97,34581047.4697800,0
2026-02-02 16:00:00,32.725,33.735,32.477,32.624,2534430.4,2026-02-02 16:59:59.999,83894015.71795,275912,1189841.82,39417449.0751700,0
2026-02-02 17:00:00,32.626,33.47,32.574,32.698,1221265.29,2026-02-02 17:59:59.999,40333007.27891,158734,599019.52,19787893.9000200,0
2026-02-02 18:00:00,32.697,32.714,31.616,32.095,1344530.39,2026-02-02 18:59:59.999,43081419.45538,150658,590716.95,18923738.7271900,0
2026-02-02 19:00:00,32.095,32.544,31.928,32.467,955807.71,2026-02-02 19:59:59.999,30778233.80936,115072,500548.18,16117514.3431500,0
2026-02-02 20:00:00,32.466,33.131,32.224,32.27,1125995.23,2026-02-02 20:59:59.999,36835348.0953,152029,483278.46,15812080.2239100,0
2026-02-02 21:00:00,32.271,33.394,32.202,33.298,822714.59,2026-02-02 21:59:59.999,26945496.33655,109052,424511.38,13904891.9097100,0
2026-02-02 22:00:00,33.298,33.958,33.287,33.935,1020447.46,2026-02-02 22:59:59.999,34336652.35665,119639,484740.88,16317550.4317500,0
2026-02-02 23:00:00,33.935,33.951,33.201,33.282,1031061.06,2026-02-02 23:59:59.999,34599152.52985,115740,475825.95,15963335.9680400,0
2026-02-03 00:00:00,33.281,34.166,33.124,34.082,996111.58,2026-02-03 00:59:59.999,33491105.80614,105648,520753.44,17525374.3578000,0
2026-02-03 01:00:00,34.083,35.523,33.806,35.413,2331500.24,2026-02-03 01:59:59.999,80879402.54934,267502,1266568.72,43977978.0325200,0
2026-02-03 02:00:00,35.414,36.242,35.175,35.854,2988572.87,2026-02-03 02:59:59.999,106923900.41799,354156,1635396.11,58550351.0250400,0
2026-02-03 03:00:00,35.854,38.236,35.636,37.92,4525702.48,2026-02-03 03:59:59.999,167197176.20086,514296,2435317.15,90153143.8901900,0
2026-02-03 04:00:00,37.92,38.483,37.375,37.849,2726833.46,2026-02-03 04:59:59.999,103353032.32555,355790,1376062.52,52185756.9451000,0
2026-02-03 05:00:00,37.848,37.848,36.925,37.218,1998982.77,2026-02-03 05:59:59.999,74517014.1743,234757,930885.62,34719136.9688400,0
2026-02-03 06:00:00,37.217,37.596,36.71,37.044,1462056.68,2026-02-03 06:59:59.999,54304814.35951,171041,783972.83,29137638.3320800,0
2026-02-03 07:00:00,37.045,37.454,36.78,37.286,969531.68,2026-02-03 07:59:59.999,36038713.22009,140490,522822.84,19437293.7865800,0
2026-02-03 08:00:00,37.286,37.988,36.866,37.56,1199910.9,2026-02-03 08:59:59.999,44910608.71391,170127,655718.81,24556315.7385900,0
2026-02-03 09:00:00,37.56,37.616,36.311,37.066,1979747.16,2026-02-03 09:59:59.999,72943136.15438,208345,884663.58,32611033.2848000,0
2026-02-03 10:00:00,37.067,37.183,35.7,36.034,1708242.92,2026-02-03 10:59:59.999,62062099.29539,155435,741707.53,26970955.3732800,0
2026-02-03 11:00:00,36.033,36.498,35.907,36.07,1032430.32,2026-02-03 11:59:59.999,37357403.46752,128679,503630.36,18229725.4282100,0
2026-02-03 12:00:00,36.071,36.43,35.74,36.081,1110483.11,2026-02-03 12:59:59.999,40092868.67825,127614,548467.49,19810031.9537100,0
2026-02-03 13:00:00,36.079,36.277,35.515,36.177,1420514.17,2026-02-03 13:59:59.999,50991642.50385,158534,679641.10,24401612.1844500,0
2026-02-03 14:00:00,36.176,36.394,34.843,34.924,2381648.12,2026-02-03 14:59:59.999,84609437.98224,253013,1053484.82,37492773.5184200,0
2026-02-03 15:00:00,34.924,35.017,33.5,34.184,5682503.13,2026-02-03 15:59:59.999,194299205.2247,648805,2351731.00,80431378.9369300,0
2026-02-03 16:00:00,34.19,34.203,32.747,33.599,3143881.08,2026-02-03 16:59:59.999,104926301.44083,356072,1351410.22,45127229.7614200,0
2026-02-03 17:00:00,33.601,33.757,32.269,32.306,2299203.27,2026-02-03 17:59:59.999,76109521.84944,248980,1039653.12,34462840.9468500,0
2026-02-03 18:00:00,32.306,33.304,32.245,32.581,2693500.28,2026-02-03 18:59:59.999,88525422.50018,277184,1392444.88,45784831.5442500,0
2026-02-03 19:00:00,32.581,34.698,32.575,33.859,4245583.23,2026-02-03 19:59:59.999,143759746.72873,409076,2381605.12,80621388.9319900,0
2026-02-03 20:00:00,33.859,35.458,33.516,35.373,2575862.23,2026-02-03 20:59:59.999,89372707.486,274633,1516793.92,52649492.8341400,0
2026-02-03 21:00:00,35.374,35.728,33.517,33.871,2030315.82,2026-02-03 21:59:59.999,70115634.5128,248994,899655.34,31164301.7310700,0
2026-02-03 22:00:00,33.87,33.998,32.832,33.064,1286473.41,2026-02-03 22:59:59.999,43038463.08581,120195,492620.05,16505547.1205400,0
2026-02-03 23:00:00,33.066,33.428,32.483,32.695,1338025.66,2026-02-03 23:59:59.999,44089459.14663,141949,593302.39,19567976.9467100,0
2026-02-04 00:00:00,32.695,33.542,32.375,32.973,1443184.02,2026-02-04 00:59:59.999,47544117.36699,148967,742790.16,24494285.9559100,0
2026-02-04 01:00:00,32.973,33.831,32.826,32.991,1018356.98,2026-02-04 01:59:59.999,33968871.00429,130498,518549.65,17305737.9971400,0
2026-02-04 02:00:00,32.991,33.5,32.537,32.729,950354.55,2026-02-04 02:59:59.999,31337348.64264,123496,424035.93,13997840.2144200,0
2026-02-04 03:00:00,32.729,33.732,32.7,33.671,870662.69,2026-02-04 03:59:59.999,29011057.40114,141609,481811.26,16064453.0888100,0
2026-02-04 04:00:00,33.671,33.909,33.389,33.509,757793.54,2026-02-04 04:59:59.999,25478089.86079,118249,363544.75,12225320.3509800,0
2026-02-04 05:00:00,33.508,34.042,32.848,33.08,946983.18,2026-02-04 05:59:59.999,31648520.62802,127708,430698.45,14416632.4023400,0
2026-02-04 06:00:00,33.082,33.906,33.051,33.857,893046.34,2026-02-04 06:59:59.999,29936502.85717,119004,521630.39,17487212.8548600,0
2026-02-04 07:00:00,33.856,33.864,33.302,33.37,711289.03,2026-02-04 07:59:59.999,23852440.6439,118699,330160.30,11071466.2287200,0
2026-02-04 08:00:00,33.371,33.423,32.95,33.158,1176629.81,2026-02-04 08:59:59.999,39031220.86945,164844,551341.61,18290986.8541900,0
2026-02-04 09:00:00,33.155,33.448,32.814,33.351,820186.19,2026-02-04 09:59:59.999,27236178.62234,119044,391504.86,13001585.3888800,0
2026-02-04 10:00:00,33.351,33.536,33.069,33.128,490560.24,2026-02-04 10:59:59.999,16319423.00392,82002,241375.62,8030413.7833100,0
2026-02-04 11:00:00,33.128,33.624,32.516,33.319,945317.2,2026-02-04 11:59:59.999,31273364.75882,122927,452785.54,14994870.3315900,0
2026-02-04 12:00:00,33.32,33.874,33.279,33.633,896329.47,2026-02-04 12:59:59.999,30169709.67379,103866,407455.68,13714741.5051300,0
2026-02-04 13:00:00,33.632,33.815,32.677,32.678,985518.97,2026-02-04 13:59:59.999,32783774.94463,125860,439172.11,14626698.3687200,0
2026-02-04 14:00:00,32.676,33.613,32.469,33.007,1755339.03,2026-02-04 14:59:59.999,58072492.68745,212923,829721.07,27437319.9695900,0
2026-02-04 15:00:00,33.008,34.322,32.894,34.038,2903135.61,2026-02-04 15:59:59.999,98140263.04351,309367,1533704.94,51864361.8102900,0
2026-02-04 16:00:00,34.038,35.067,33.969,34.588,2721717.59,2026-02-04 16:59:59.999,93749154.41034,303391,1325235.47,45677386.1345400,0
2026-02-04 17:00:00,34.587,34.704,33.087,34.434,2492357.9,2026-02-04 17:59:59.999,84461229.53052,273542,1138746.98,38638064.4606900,0
2026-02-04 18:00:00,34.434,35.038,33.804,34.359,2305161.55,2026-02-04 18:59:59.999,79484414.51999,266682,1111077.02,38342993.5983600,0
2026-02-04 19:00:00,34.358,35.38,33.734,35.362,1505477.17,2026-02-04 19:59:59.999,51941498.53959,187574,798441.50,27592153.1658900,0
2026-02-04 20:00:00,35.362,35.9,34.789,35.815,1347084.85,2026-02-04 20:59:59.999,47654589.41659,184431,672193.14,23785820.7379100,0
2026-02-04 21:00:00,35.815,35.954,34.864,35.159,1337650.92,2026-02-04 21:59:59.999,47292596.06898,172579,641088.14,22678339.2353100,0
2026-02-04 22:00:00,35.161,36.267,34.453,34.938,1539518.16,2026-02-04 22:59:59.999,54451132.21182,167273,747127.62,26432946.0855900,0
2026-02-04 23:00:00,34.938,36.046,34.533,35.48,1243040.36,2026-02-04 23:59:59.999,43960202.39907,164752,645939.80,22828822.7913000,0
2026-02-05 00:00:00,35.481,35.513,34.65,34.756,1028699.18,2026-02-05 00:59:59.999,36122130.32119,142483,485904.37,17066486.7738900,0
2026-02-05 01:00:00,34.755,35.154,33.72,33.746,1475000.07,2026-02-05 01:59:59.999,50783683.53172,189358,577256.08,19916860.7603900,0
2026-02-05 02:00:00,33.745,34.081,33.305,33.455,1255333.6,2026-02-05 02:59:59.999,42276388.84792,166241,599836.82,20218759.5832000,0
2026-02-05 03:00:00,33.456,33.75,33.204,33.487,1077068.28,2026-02-05 03:59:59.999,36077051.86525,143707,494832.69,16580267.8726200,0
2026-02-05 04:00:00,33.486,34.056,33.257,33.76,946456.65,2026-02-05 04:59:59.999,31909310.16568,133451,519642.38,17523322.6455500,0
2026-02-05 05:00:00,33.761,34.0,33.445,33.524,858496.85,2026-02-05 05:59:59.999,28957620.45521,131172,382666.46,12909844.0607300,0
2026-02-05 06:00:00,33.524,33.985,33.35,33.882,659711.53,2026-02-05 06:59:59.999,22194816.72114,108679,340167.11,11449256.1128800,0
2026-02-05 07:00:00,33.882,34.746,33.807,34.213,1116398.05,2026-02-05 07:59:59.999,38364509.50394,158050,609501.95,20949597.3374900,0
2026-02-05 08:00:00,34.213,35.263,34.096,34.716,1148745.32,2026-02-05 08:59:59.999,39935366.60492,162109,582912.63,20260496.1141400,0
2026-02-05 09:00:00,34.716,35.297,34.566,34.747,886446.23,2026-02-05 09:59:59.999,30927781.56894,149807,459879.25,16051443.9435400,0
2026-02-05 10:00:00,34.746,34.909,34.118,34.119,796773.32,2026-02-05 10:59:59.999,27524183.84032,122387,387570.14,13391397.1824000,0
2026-02-05 11:00:00,34.119,34.375,32.6,32.905,2210329.9,2026-02-05 11:59:59.999,73869270.55982,243157,938934.47,31392158.2054600,0
2026-02-05 12:00:00,32.903,33.05,31.086,32.217,3574316.7,2026-02-05 12:59:59.999,114431355.46274,412320,1644930.72,52654460.2834600,0
2026-02-05 13:00:00,32.218,32.613,31.683,32.591,1262350.94,2026-02-05 13:59:59.999,40558115.31957,190196,616059.71,19804863.1251700,0
2026-02-05 14:00:00,32.593,32.914,31.901,31.965,1551402.59,2026-02-05 14:59:59.999,50325814.28451,226450,759693.96,24663190.2089700,0
2026-02-05 15:00:00,31.967,32.395,31.373,31.851,3189238.93,2026-02-05 15:59:59.999,101747710.19386,360623,1514672.07,48372063.5778200,0
2026-02-05 16:00:00,31.851,33.085,31.056,32.876,2727427.95,2026-02-05 16:59:59.999,87257127.29399,337114,1358596.54,43522134.1003200,0
2026-02-05 17:00:00,32.876,33.396,32.086,33.228,2285813.28,2026-02-05 17:59:59.999,74977299.32954,318055,1137021.11,37323753.9464500,0
2026-02-05 18:00:00,33.228,33.275,32.094,32.832,1738628.21,2026-02-05 18:59:59.999,56732363.55659,248632,874471.00,28543845.3639700,0
2026-02-05 19:00:00,32.828,33.04,32.259,32.52,981296.0,2026-02-05 19:59:59.999,32095414.13963,179266,500117.73,16363560.8658200,0
2026-02-05 20:00:00,32.518,32.996,31.887,32.5,2110526.27,2026-02-05 20:59:59.999,68351664.09098,293310,1043158.99,33786729.3899900,0
2026-02-05 21:00:00,32.501,33.764,32.107,33.133,2201215.94,2026-02-05 21:59:59.999,72388515.22635,318365,1115218.88,36681626.5877000,0
2026-02-05 22:00:00,33.132,33.944,32.676,33.704,1361655.59,2026-02-05 22:59:59.999,45306122.02954,173870,719868.28,23953402.6157800,0
2026-02-05 23:00:00,33.703,34.533,32.814,33.087,1743100.78,2026-02-05 23:59:59.999,58743464.66142,239647,886469.05,29922154.3206300,0
2026-02-06 00:00:00,33.088,33.694,31.373,33.22,4059428.61,2026-02-06 00:59:59.999,132561823.96756,413724,1921076.13,62798587.4584400,0
2026-02-06 01:00:00,33.219,36.792,33.168,36.327,3600765.76,2026-02-06 01:59:59.999,126281654.0114,437802,1962593.41,68834058.1324700,0
2026-02-06 02:00:00,36.327,36.826,34.942,35.146,2785642.45,2026-02-06 02:59:59.999,99413620.732,338819,1303241.66,46504669.7423300,0
2026-02-06 03:00:00,35.146,35.433,34.597,34.756,1449062.39,2026-02-06 03:59:59.999,50658197.20845,199495,689040.80,24111254.8988000,0
2026-02-06 04:00:00,34.756,35.337,34.468,34.787,1220003.52,2026-02-06 04:59:59.999,42577126.53453,170936,659070.54,23006053.3689200,0
2026-02-06 05:00:00,34.786,35.321,34.151,35.102,1730057.51,2026-02-06 05:59:59.999,60060681.83169,215662,850458.66,29558257.3053800,0
2026-02-06 06:00:00,35.102,35.572,33.451,33.667,1886637.53,2026-02-06 06:59:59.999,65230986.38392,222712,869552.14,30105700.0293900,0
2026-02-06 07:00:00,33.666,33.968,32.868,32.916,1371519.15,2026-02-06 07:59:59.999,45921660.43137,182181,637144.04,21372702.6740900,0
2026-02-06 08:00:00,32.915,33.143,32.368,32.478,1566439.58,2026-02-06 08:59:59.999,51300104.81889,202998,787747.22,25807248.2733700,0
2026-02-06 09:00:00,32.478,33.399,32.2,33.049,1492509.74,2026-02-06 09:59:59.999,49074121.94401,181685,753557.20,24811124.6551500,0
2026-02-06 10:00:00,33.05,33.827,32.9,33.761,946757.4,2026-02-06 10:59:59.999,31620838.95271,133456,520857.08,17403460.9022200,0
2026-02-06 11:00:00,33.761,34.386,33.45,33.903,990762.19,2026-02-06 11:59:59.999,33659504.42853,138796,551792.25,18757165.5323200,0
2026-02-06 12:00:00,33.903,34.554,33.6,34.381,882783.9,2026-02-06 12:59:59.999,30130525.18818,138070,452235.68,15448129.6116300,0
2026-02-06 13:00:00,34.38,34.967,33.69,33.728,1557268.79,2026-02-06 13:59:59.999,53457467.2653,203759,774858.71,26604761.5340800,0
2026-02-06 14:00:00,33.728,34.161,32.961,33.537,2121712.83,2026-02-06 14:59:59.999,71197291.63636,233178,1044888.72,35094100.3412000,0
2026-02-06 15:00:00,33.539,33.891,32.301,32.449,2453343.19,2026-02-06 15:59:59.999,80893061.19435,248269,1180686.47,38983794.0763200,0
2026-02-06 16:00:00,32.45,34.208,32.231,34.187,2446309.35,2026-02-06 16:59:59.999,81446992.71908,263198,1326090.84,44174521.2340200,0
2026-02-06 17:00:00,34.186,34.537,32.975,33.32,1811953.21,2026-02-06 17:59:59.999,61291612.77095,242195,885230.48,29952312.8756300,0
2026-02-06 18:00:00,33.32,33.511,32.668,32.86,1212767.33,2026-02-06 18:59:59.999,40137705.5218,181605,561291.74,18581754.7564900,0
2026-02-06 19:00:00,32.861,33.318,32.565,33.254,722664.61,2026-02-06 19:59:59.999,23824317.94147,123165,370751.69,12224199.5957100,0
2026-02-06 20:00:00,33.25,33.255,32.138,32.567,1270801.32,2026-02-06 20:59:59.999,41447264.69675,169814,553993.04,18082857.7014500,0
2026-02-06 21:00:00,32.567,32.901,32.323,32.832,598693.65,2026-02-06 21:59:59.999,19524934.75708,97919,288241.93,9398844.8604000,0
2026-02-06 22:00:00,32.831,33.103,32.668,32.85,413215.74,2026-02-06 22:59:59.999,13600440.39206,67863,216348.16,7121546.7149800,0
2026-02-06 23:00:00,32.852,33.186,32.303,32.377,584320.21,2026-02-06 23:59:59.999,19146704.94537,95699,274121.87,8984644.1430300,0
2026-02-07 00:00:00,32.376,32.473,31.713,31.93,1549408.8,2026-02-07 00:59:59.999,49630212.97004,154949,660356.40,21150166.3584200,0
2026-02-07 01:00:00,31.923,32.494,31.507,32.343,1131238.37,2026-02-07 01:59:59.999,36104566.53005,136704,547790.21,17499710.7790000,0
2026-02-07 02:00:00,32.342,32.794,32.158,32.269,893841.82,2026-02-07 02:59:59.999,29039438.97302,115601,459030.12,14922343.5267200,0
2026-02-07 03:00:00,32.275,33.123,32.101,33.114,892207.53,2026-02-07 03:59:59.999,29226356.44645,121479,488908.47,16005564.1298800,0
2026-02-07 04:00:00,33.114,33.326,32.388,32.527,986589.18,2026-02-07 04:59:59.999,32434273.69238,157979,466947.58,15362336.8662100,0
2026-02-07 05:00:00,32.526,33.227,32.449,32.867,626998.2,2026-02-07 05:59:59.999,20647226.7227,103012,344866.56,11353740.9579500,0
2026-02-07 06:00:00,32.868,33.226,32.739,32.845,556979.17,2026-02-07 06:59:59.999,18384307.11988,97445,244874.80,8084175.3680500,0
2026-02-07 07:00:00,32.846,33.272,32.34,32.968,1155591.55,2026-02-07 07:59:59.999,37929622.52478,164664,590511.72,19395733.5694700,0
2026-02-07 08:00:00,32.969,33.218,32.599,33.05,720411.75,2026-02-07 08:59:59.999,23715868.37466,105585,345244.09,11366329.0167300,0
2026-02-07 09:00:00,33.05,33.858,32.96,33.258,883951.67,2026-02-07 09:59:59.999,29503254.00404,130177,479244.33,15999616.2015800,0
2026-02-07 10:00:00,33.257,33.371,32.488,32.817,896472.49,2026-02-07 10:59:59.999,29449817.00742,114634,412701.22,13556117.7284300,0
2026-02-07 11:00:00,32.816,33.0,32.482,32.736,460380.41,2026-02-07 11:59:59.999,15059355.45865,80096,222906.59,7293893.6707200,0
2026-02-07 12:00:00,32.735,33.273,32.645,32.81,784556.27,2026-02-07 12:59:59.999,25861306.66136,120400,403038.74,13286761.5221100,0
2026-02-07 13:00:00,32.811,33.1,32.35,32.477,580042.6,2026-02-07 13:59:59.999,18950311.65218,95596,287456.75,9391083.6555300,0
2026-02-07 14:00:00,32.478,32.668,32.067,32.123,727281.13,2026-02-07 14:59:59.999,23517156.01632,94772,344171.24,11131703.8124200,0
2026-02-07 15:00:00,32.122,32.445,31.877,32.062,841100.67,2026-02-07 15:59:59.999,27041588.74348,111676,360344.97,11585409.2466300,0
2026-02-07 16:00:00,32.06,32.414,31.18,31.525,2382131.67,2026-02-07 16:59:59.999,76206365.92884,242529,1151521.49,36888608.3469400,0
2026-02-07 17:00:00,31.524,31.766,31.2,31.617,682074.45,2026-02-07 17:59:59.999,21470975.38127,102519,337867.41,10640984.4693100,0
2026-02-07 18:00:00,31.618,32.526,31.526,32.367,836453.58,2026-02-07 18:59:59.999,26899529.89342,112250,463612.13,14908435.3779000,0
2026-02-07 19:00:00,32.367,32.373,31.442,31.549,613962.61,2026-02-07 19:59:59.999,19526947.18209,81806,269009.16,8554021.8261100,0
2026-02-07 20:00:00,31.55,31.928,31.472,31.853,306777.82,2026-02-07 20:59:59.999,9730413.13436,52574,166572.36,5282054.7458600,0
2026-02-07 21:00:00,31.854,32.066,31.548,31.639,273868.58,2026-02-07 21:59:59.999,8723062.68004,46725,131672.63,4195829.9846100,0
2026-02-07 22:00:00,31.641,31.824,31.5,31.536,190470.68,2026-02-07 22:59:59.999,6035455.52155,32164,94736.64,3002716.4720300,0
2026-02-07 23:00:00,31.537,31.559,31.003,31.401,697285.65,2026-02-07 23:59:59.999,21785865.3365,78952,333895.20,10435203.0549100,0
2026-02-08 00:00:00,31.401,31.532,31.101,31.419,477598.31,2026-02-08 00:59:59.999,14954704.72301,59941,229372.02,7180491.1599900,0
2026-02-08 01:00:00,31.419,31.957,31.419,31.73,547958.81,2026-02-08 01:59:59.999,17391259.96369,75068,305497.47,9695793.9658700,0
2026-02-08 02:00:00,31.727,31.913,31.118,31.214,479157.39,2026-02-08 02:59:59.999,15067947.95087,69787,255907.19,8047461.1626700,0
2026-02-08 03:00:00,31.214,31.458,30.931,31.311,509925.08,2026-02-08 03:59:59.999,15915460.00134,69472,250579.02,7828967.6309900,0
2026-02-08 04:00:00,31.312,31.682,31.221,31.554,510690.55,2026-02-08 04:59:59.999,16074511.08941,64411,225659.99,7103995.5385100,0
2026-02-08 05:00:00,31.555,31.895,31.445,31.491,395314.39,2026-02-08 05:59:59.999,12511252.51037,57457,211393.81,6690648.9843900,0
2026-02-08 06:00:00,31.492,31.549,30.48,30.824,962878.88,2026-02-08 06:59:59.999,29774292.52436,92501,413599.79,12806044.3818100,0
2026-02-08 07:00:00,30.824,31.184,30.708,31.03,735961.93,2026-02-08 07:59:59.999,22780266.15065,93938,331761.44,10268335.4133400,0
2026-02-08 08:00:00,31.03,31.629,30.702,31.498,1062282.23,2026-02-08 08:59:59.999,33230806.61794,124946,526514.77,16490260.2377400,0
2026-02-08 09:00:00,31.498,31.999,31.457,31.564,738474.84,2026-02-08 09:59:59.999,23438316.93008,104728,390006.20,12378345.6157900,0
2026-02-08 10:00:00,31.564,31.88,31.374,31.693,477299.63,2026-02-08 10:59:59.999,15091152.47446,75603,222872.61,7046021.1278000,0
2026-02-08 11:00:00,31.695,32.166,31.597,32.048,785641.92,2026-02-08 11:59:59.999,25089345.52119,107880,444125.23,14187230.7060000,0
2026-02-08 12:00:00,32.048,32.264,31.263,31.547,889961.25,2026-02-08 12:59:59.999,28213050.63322,97296,450001.09,14265172.8103000,0
2026-02-08 13:00:00,31.546,31.859,31.338,31.756,464074.22,2026-02-08 13:59:59.999,14658588.8038,73382,225451.04,7124094.9624300,0
2026-02-08 14:00:00,31.755,31.83,31.412,31.503,330655.72,2026-02-08 14:59:59.999,10448084.12307,61600,151603.22,4789056.9442300,0
2026-02-08 15:00:00,31.504,31.726,31.076,31.619,641249.04,2026-02-08 15:59:59.999,20129569.09071,82335,306110.67,9613743.4007100,0
2026-02-08 16:00:00,31.618,31.994,31.396,31.802,683930.37,2026-02-08 16:59:59.999,21698205.75332,92185,344893.34,10945403.8489700,0
2026-02-08 17:00:00,31.8,32.446,31.708,32.264,847517.83,2026-02-08 17:59:59.999,27280761.91934,115719,441664.63,14214012.8663800,0
2026-02-08 18:00:00,32.265,32.911,32.215,32.567,673582.16,2026-02-08 18:59:59.999,21960832.04894,94942,371867.01,12125049.3308500,0
2026-02-08 19:00:00,32.567,32.967,32.511,32.738,345962.48,2026-02-08 19:59:59.999,11317586.99025,65230,191888.12,6277735.4663400,0
2026-02-08 20:00:00,32.739,32.886,32.273,32.353,353760.43,2026-02-08 20:59:59.999,11535716.00882,66138,170851.80,5573846.9458800,0
2026-02-08 21:00:00,32.352,32.617,32.053,32.173,374911.17,2026-02-08 21:59:59.999,12096586.03512,60451,159700.02,5156642.4226700,0
2026-02-08 22:00:00,32.173,32.427,32.037,32.321,193595.75,2026-02-08 22:59:59.999,6242667.57106,36872,94975.84,3062437.4013900,0
2026-02-08 23:00:00,32.32,33.031,32.121,32.441,959672.33,2026-02-08 23:59:59.999,31260159.17712,137345,531545.75,17324707.8721900,0
2026-02-09 00:00:00,32.441,33.039,32.226,32.955,525718.22,2026-02-09 00:59:59.999,17157833.95943,77764,247868.96,8093726.6696800,0
2026-02-09 01:00:00,32.955,33.313,32.647,33.091,722158.25,2026-02-09 01:59:59.999,23826340.26631,104779,357283.47,11791078.7472200,0
2026-02-09 02:00:00,33.09,33.281,32.808,32.946,505604.38,2026-02-09 02:59:59.999,16697270.16017,77966,256459.95,8470534.4615000,0
2026-02-09 03:00:00,32.945,33.52,32.774,33.121,666824.6,2026-02-09 03:59:59.999,22108033.13158,91435,339391.41,11255390.9600800,0
2026-02-09 04:00:00,33.121,33.253,32.681,32.813,460020.98,2026-02-09 04:59:59.999,15151171.92311,64998,237814.23,7834440.9919200,0
2026-02-09 05:00:00,32.817,32.849,32.5,32.74,398689.53,2026-02-09 05:59:59.999,13017255.31683,58097,170937.64,5583291.8927500,0
2026-02-09 06:00:00,32.739,32.77,32.506,32.574,370451.26,2026-02-09 06:59:59.999,12084576.7459,57052,191783.65,6256171.9258100,0
2026-02-09 07:00:00,32.573,32.717,32.272,32.427,385508.23,2026-02-09 07:59:59.999,12524547.25007,56610,154857.59,5035299.9220800,0
2026-02-09 08:00:00,32.426,32.528,31.92,32.289,660571.02,2026-02-09 08:59:59.999,21289932.97463,86298,287662.22,9277927.0406400,0
2026-02-09 09:00:00,32.289,32.428,31.678,31.736,506243.58,2026-02-09 09:59:59.999,16227987.39682,72244,238861.67,7661281.8178400,0
2026-02-09 10:00:00,31.736,31.868,31.28,31.638,783166.75,2026-02-09 10:59:59.999,24731678.04918,108244,358812.84,11334480.0186500,0
2026-02-09 11:00:00,31.638,31.76,31.231,31.369,423531.76,2026-02-09 11:59:59.999,13348682.56644,68611,203224.45,6404871.3343600,0
2026-02-09 12:00:00,31.37,31.616,31.317,31.388,363684.94,2026-02-09 12:59:59.999,11447103.22199,63213,182776.01,5755063.7383000,0
2026-02-09 13:00:00,31.389,31.65,31.295,31.306,351396.38,2026-02-09 13:59:59.999,11052284.28373,60086,151607.25,4770703.1988000,0
2026-02-09 14:00:00,31.305,32.099,31.154,31.944,983506.61,2026-02-09 14:59:59.999,31137969.34287,119859,499183.95,15816002.7972600,0
2026-02-09 15:00:00,31.944,32.157,31.204,31.271,853147.84,2026-02-09 15:59:59.999,27012572.52979,104253,368674.44,11675056.3171600,0
2026-02-09 16:00:00,31.271,31.574,30.902,31.536,1078969.05,2026-02-09 16:59:59.999,33638768.395,133757,546103.56,17038911.3003400,0
2026-02-09 17:00:00,31.536,31.995,31.269,31.91,746535.83,2026-02-09 17:59:59.999,23630575.70772,105169,372594.85,11797280.4850400,0
2026-02-09 18:00:00,31.905,32.248,31.544,31.6,607922.99,2026-02-09 18:59:59.999,19383591.4555,91773,290714.81,9274700.7650100,0
2026-02-09 19:00:00,31.599,32.094,31.369,32.057,371037.09,2026-02-09 19:59:59.999,11802512.49733,70313,176803.60,5625762.4520200,0
2026-02-09 20:00:00,32.056,32.161,31.75,31.843,262136.45,2026-02-09 20:59:59.999,8370467.92987,55359,117880.99,3764187.6923800,0
2026-02-09 21:00:00,31.844,31.898,31.266,31.596,484418.94,2026-02-09 21:59:59.999,15273979.11534,64301,237029.96,7473995.7527500,0
2026-02-09 22:00:00,31.597,31.717,31.278,31.42,240436.8,2026-02-09 22:59:59.999,7570650.86587,35947,125269.53,3944236.8335000,0
2026-02-09 23:00:00,31.42,31.453,31.224,31.329,203256.65,2026-02-09 23:59:59.999,6369909.74225,39758,96367.09,3020708.2223800,0
2026-02-10 00:00:00,31.328,31.396,30.913,31.098,507845.94,2026-02-10 00:59:59.999,15800814.08944,57313,249405.50,7757379.1710600,0
2026-02-10 01:00:00,31.098,31.518,31.077,31.499,356953.46,2026-02-10 01:59:59.999,11201063.39182,53985,181284.41,5687571.7096700,0
2026-02-10 02:00:00,31.499,31.557,30.799,30.977,527125.54,2026-02-10 02:59:59.999,16388820.9526,61131,252287.85,7841634.9985200,0
2026-02-10 03:00:00,30.978,30.999,30.586,30.78,557824.74,2026-02-10 03:59:59.999,17176462.48955,77038,247823.63,7634007.7046500,0
2026-02-10 04:00:00,30.78,31.015,30.497,30.869,474404.62,2026-02-10 04:59:59.999,14573029.79491,60167,193302.53,5941621.2059000,0
2026-02-10 05:00:00,30.869,30.87,30.27,30.419,546754.56,2026-02-10 05:59:59.999,16674393.90692,67927,213259.79,6505725.5874400,0
2026-02-10 06:00:00,30.419,30.504,29.717,30.011,954516.15,2026-02-10 06:59:59.999,28684136.82487,97713,362390.93,10887934.2105800,0
2026-02-10 07:00:00,30.011,30.15,29.884,30.008,511765.5,2026-02-10 07:59:59.999,15361072.52861,63355,262651.72,7885549.2409800,0
2026-02-10 08:00:00,30.008,30.106,29.758,29.906,564558.77,2026-02-10 08:59:59.999,16888531.01731,63304,252927.49,7569905.8382700,0
2026-02-10 09:00:00,29.907,30.295,29.901,30.074,433241.21,2026-02-10 09:59:59.999,13038493.78744,62040,237178.45,7138890.8218900,0
2026-02-10 10:00:00,30.074,30.197,29.526,29.581,634969.13,2026-02-10 10:59:59.999,18935032.14917,72394,267936.53,7996396.9058600,0
2026-02-10 11:00:00,29.582,29.902,29.504,29.54,489677.04,2026-02-10 11:59:59.999,14537814.85506,67984,233599.11,6940663.4361300,0
2026-02-10 12:00:00,29.54,29.642,29.264,29.399,538320.4,2026-02-10 12:59:59.999,15861272.69452,72517,246171.21,7258022.7500900,0
2026-02-10 13:00:00,29.397,30.008,29.302,29.929,586717.86,2026-02-10 13:59:59.999,17414333.98175,80968,344358.61,10228355.1787100,0
2026-02-10 14:00:00,29.93,30.063,29.222,29.594,936480.74,2026-02-10 14:59:59.999,27724224.85257,119230,495391.99,14671090.7832700,0
2026-02-10 15:00:00,29.594,29.926,29.502,29.802,532008.82,2026-02-10 15:59:59.999,15812391.32705,89753,260367.06,7740127.9742700,0
2026-02-10 16:00:00,29.803,30.32,29.73,30.215,621977.54,2026-02-10 16:59:59.999,18698309.64263,84698,329169.05,9895824.5844200,0
2026-02-10 17:00:00,30.215,30.532,30.016,30.372,416382.23,2026-02-10 17:59:59.999,12623864.69261,65972,227120.17,6884607.0633700,0
2026-02-10 18:00:00,30.372,30.405,29.659,29.901,638178.54,2026-02-10 18:59:59.999,19140059.05411,82514,282788.50,8480051.2349600,0
2026-02-10 19:00:00,29.9,29.917,29.57,29.837,275287.76,2026-02-10 19:59:59.999,8193662.32227,53382,133748.38,3981959.8636300,0
2026-02-10 20:00:00,29.837,29.893,29.544,29.558,195031.96,2026-02-10 20:59:59.999,5795314.65355,40946,91087.68,2707699.0599400,0
2026-02-10 21:00:00,29.558,29.621,29.135,29.507,546989.85,2026-02-10 21:59:59.999,16068887.89211,70389,232960.01,6845817.8575300,0
2026-02-10 22:00:00,29.508,29.563,29.052,29.076,240350.83,2026-02-10 22:59:59.999,7047498.21431,34401,105100.77,3083616.3123500,0
2026-02-10 23:00:00,29.075,29.191,28.751,28.842,749078.77,2026-02-10 23:59:59.999,21659392.64866,84705,304519.23,8809369.3139900,0
2026-02-11 00:00:00,28.843,29.255,28.704,29.196,483138.15,2026-02-11 00:59:59.999,14003176.56967,61484,250499.16,7266524.9024800,0
2026-02-11 01:00:00,29.195,29.227,28.905,29.126,303858.26,2026-02-11 01:59:59.999,8839387.78142,48069,134179.94,3903787.5824000,0
2026-02-11 02:00:00,29.126,29.256,28.847,28.866,298801.71,2026-02-11 02:59:59.999,8688092.08031,44952,146202.31,4250297.4011300,0
2026-02-11 03:00:00,28.867,28.978,28.688,28.791,489938.52,2026-02-11 03:59:59.999,14106289.73257,62162,227018.25,6538039.1551200,0
2026-02-11 04:00:00,28.791,29.113,28.562,29.098,694260.75,2026-02-11 04:59:59.999,19957019.82661,79632,333494.35,9594458.5693300,0
2026-02-11 05:00:00,29.099,29.372,29.011,29.035,413541.1,2026-02-11 05:59:59.999,12076842.51833,59261,200110.19,5846192.0417400,0
2026-02-11 06:00:00,29.036,29.424,28.928,28.95,540673.2,2026-02-11 06:59:59.999,15779709.37758,75975,286019.93,8349778.9751700,0
2026-02-11 07:00:00,28.949,28.999,28.653,28.74,451641.89,2026-02-11 07:59:59.999,13016615.08547,72833,220098.11,6344002.6801300,0
2026-02-11 08:00:00,28.74,29.048,28.58,28.87,362830.23,2026-02-11 08:59:59.999,10448912.18177,60879,176771.74,5091294.5908500,0
2026-02-11 09:00:00,28.87,28.978,28.433,28.568,368436.61,2026-02-11 09:59:59.999,10559404.61741,50764,150894.50,4328673.5825700,0
2026-02-11 10:00:00,28.567,28.608,28.359,28.522,531098.66,2026-02-11 10:59:59.999,15123726.12748,63986,228387.39,6507255.7685100,0
2026-02-11 11:00:00,28.522,29.297,28.472,29.093,687066.02,2026-02-11 11:59:59.999,19822495.69335,84443,350452.78,10114025.0708700,0
2026-02-11 12:00:00,29.092,29.336,28.927,28.952,548768.8,2026-02-11 12:59:59.999,15978295.13141,63187,270030.68,7860807.6537300,0
2026-02-11 13:00:00,28.951,29.194,28.833,29.15,447254.13,2026-02-11 13:59:59.999,12984157.26175,67730,244445.90,7100655.4983900,0
2026-02-11 14:00:00,29.151,29.378,28.697,28.794,1066837.91,2026-02-11 14:59:59.999,30958692.80941,119815,506231.30,14702903.9638500,0
2026-02-11 15:00:00,28.795,28.965,28.273,28.902,912801.11,2026-02-11 15:59:59.999,26167142.83008,116890,452419.76,12978252.4810700,0
2026-02-11 16:00:00,28.902,29.497,28.899,29.294,831654.52,2026-02-11 16:59:59.999,24314574.1107,93896,430977.79,12601401.3125500,0
2026-02-11 17:00:00,29.293,29.8,29.097,29.448,770897.59,2026-02-11 17:59:59.999,22751548.40963,89467,404221.71,11936571.4683900,0
2026-02-11 18:00:00,29.448,29.79,29.252,29.747,358102.77,2026-02-11 18:59:59.999,10575212.2595,58882,176119.45,5201413.1986700,0
2026-02-11 19:00:00,29.75,29.763,29.397,29.513,298785.38,2026-02-11 19:59:59.999,8822761.34095,55969,131696.39,3888374.6575700,0
2026-02-11 20:00:00,29.512,30.198,29.455,30.046,456735.09,2026-02-11 20:59:59.999,13643368.23451,71916,271191.61,8104963.6989700,0
2026-02-11 21:00:00,30.045,30.199,29.862,29.957,357994.36,2026-02-11 21:59:59.999,10749451.21111,58904,172609.72,5184285.6242500,0
2026-02-11 22:00:00,29.958,29.968,29.507,29.53,315459.48,2026-02-11 22:59:59.999,9383156.68878,45622,135565.21,4034269.5512400,0
2026-02-11 23:00:00,29.531,29.554,29.173,29.38,506037.97,2026-02-11 23:59:59.999,14865170.92947,69990,239302.71,7030748.2031600,0
2026-02-12 00:00:00,29.38,29.971,29.366,29.896,427987.71,2026-02-12 00:59:59.999,12706612.62764,49115,225651.59,6694555.2834100,0
2026-02-12 01:00:00,29.896,30.47,29.856,30.411,509886.01,2026-02-12 01:59:59.999,15372573.88667,69609,299096.59,9021878.2581300,0
2026-02-12 02:00:00,30.409,30.949,30.269,30.814,799722.42,2026-02-12 02:59:59.999,24504841.14331,97362,445205.80,13646771.6826500,0
2026-02-12 03:00:00,30.814,30.891,30.516,30.54,391817.96,2026-02-12 03:59:59.999,12018889.6654,59461,204706.70,6280250.2809400,0
2026-02-12 04:00:00,30.539,30.7,30.223,30.314,364131.53,2026-02-12 04:59:59.999,11086639.69194,52997,154372.93,4703487.2912500,0
2026-02-12 05:00:00,30.313,30.411,30.08,30.338,341720.98,2026-02-12 05:59:59.999,10335079.72678,49321,164513.88,4978943.9254100,0
2026-02-12 06:00:00,30.337,30.651,30.212,30.48,344737.01,2026-02-12 06:59:59.999,10499090.92277,49769,201536.68,6139476.0871700,0
2026-02-12 07:00:00,30.479,30.51,29.965,30.223,418791.4,2026-02-12 07:59:59.999,12672405.32228,47235,188272.38,5697090.2166300,0
2026-02-12 08:00:00,30.223,30.441,30.108,30.418,362759.24,2026-02-12 08:59:59.999,10985466.41483,54255,166020.38,5031276.6904400,0
2026-02-12 09:00:00,30.418,30.869,30.355,30.755,702599.52,2026-02-12 09:59:59.999,21493768.77847,73913,383250.68,11724146.0791500,0
2026-02-12 10:00:00,30.755,30.883,30.57,30.787,420149.34,2026-02-12 10:59:59.999,12913938.03757,56467,222913.11,6851670.9468300,0
2026-02-12 11:00:00,30.786,31.797,30.715,31.624,1187800.57,2026-02-12 11:59:59.999,37205414.17824,130484,670700.38,21001552.9948800,0
2026-02-12 12:00:00,31.623,31.824,30.939,30.991,823983.96,2026-02-12 12:59:59.999,25811518.31462,90312,356285.45,11156891.3757900,0
2026-02-12 13:00:00,30.99,31.361,30.631,31.359,812864.6,2026-02-12 13:59:59.999,25131043.78343,87223,432150.36,13367341.9198900,0
2026-02-12 14:00:00,31.358,31.437,30.862,31.372,774982.19,2026-02-12 14:59:59.999,24146549.67438,105034,394039.35,12280466.1544600,0
2026-02-12 15:00:00,31.372,31.526,30.728,30.78,971685.77,2026-02-12 15:59:59.999,30224337.09649,123427,438629.43,13654810.4975200,0
2026-02-12 16:00:00,30.781,30.903,29.755,29.984,1469499.99,2026-02-12 16:59:59.999,44469464.31077,168717,576427.49,17445234.2771600,0
2026-02-12 17:00:00,29.988,30.169,29.381,29.525,877438.2,2026-02-12 17:59:59.999,26109681.73616,114673,389552.23,11601290.0067000,0
2026-02-12 18:00:00,29.524,29.663,29.281,29.564,603821.04,2026-02-12 18:59:59.999,17790321.75209,89207,288013.39,8490731.1823400,0
2026-02-12 19:00:00,29.564,30.127,29.549,29.735,611067.6,2026-02-12 19:59:59.999,18253590.90192,80526,311949.93,9321412.8323000,0
2026-02-12 20:00:00,29.736,29.811,29.371,29.707,383373.73,2026-02-12 20:59:59.999,11319935.53981,59085,195319.10,5768309.4615500,0
2026-02-12 21:00:00,29.706,29.91,29.532,29.818,320410.61,2026-02-12 21:59:59.999,9536072.01864,49640,150619.90,4482819.3156100,0
2026-02-12 22:00:00,29.817,30.486,29.806,30.447,294226.34,2026-02-12 22:59:59.999,8871377.13059,35565,176155.69,5314929.6655200,0
2026-02-12 23:00:00,30.446,31.127,30.338,31.09,764642.85,2026-02-12 23:59:59.999,23497208.76113,84262,413886.18,12720364.6961800,0
2026-02-13 00:00:00,31.089,31.36,30.545,30.546,779723.35,2026-02-13 00:59:59.999,24129815.47247,86467,350614.37,10857485.6607700,0
2026-02-13 01:00:00,30.546,30.851,30.415,30.837,418852.89,2026-02-13 01:59:59.999,12830244.78092,58620,224577.24,6884324.2694200,0
2026-02-13 02:00:00,30.836,31.409,30.746,31.345,487298.93,2026-02-13 02:59:59.999,15175930.55492,76549,251440.77,7833192.1263600,0
2026-02-13 03:00:00,31.346,31.374,30.698,30.749,330653.49,2026-02-13 03:59:59.999,10260889.93613,55769,141762.21,4399657.7945000,0
2026-02-13 04:00:00,30.748,30.97,30.621,30.742,252036.24,2026-02-13 04:59:59.999,7759500.40511,44314,126008.11,3879728.8336900,0
2026-02-13 05:00:00,30.742,30.886,30.586,30.635,202176.34,2026-02-13 05:59:59.999,6213516.57423,39598,100391.83,3085894.8766400,0
2026-02-13 06:00:00,30.634,30.822,30.525,30.642,200933.18,2026-02-13 06:59:59.999,6159243.58523,40271,108178.12,3316503.0745600,0
2026-02-13 07:00:00,30.642,30.888,30.461,30.715,339337.83,2026-02-13 07:59:59.999,10410493.92806,55820,162107.58,4973451.1515500,0
2026-02-13 08:00:00,30.715,30.775,30.423,30.643,371480.79,2026-02-13 08:59:59.999,11368669.75409,54387,192541.79,5892604.1106600,0
2026-02-13 09:00:00,30.643,30.655,30.186,30.369,477165.58,2026-02-13 09:59:59.999,14481277.14056,62842,207664.31,6303387.9418700,0
2026-02-13 10:00:00,30.369,30.656,30.25,30.55,268280.48,2026-02-13 10:59:59.999,8178295.29326,44677,147805.48,4506158.7301800,0
2026-02-13 11:00:00,30.551,30.622,30.2,30.529,391510.31,2026-02-13 11:59:59.999,11904212.07079,56484,186121.26,5659263.5121800,0
2026-02-13 12:00:00,30.528,30.528,29.953,30.262,465930.12,2026-02-13 12:59:59.999,14079775.00755,62068,217023.74,6559031.9545300,0
2026-02-13 13:00:00,30.262,31.0,30.227,30.57,904568.45,2026-02-13 13:59:59.999,27722307.11699,87285,464210.37,14230395.6142200,0
2026-02-13 14:00:00,30.57,31.141,30.254,30.85,793059.31,2026-02-13 14:59:59.999,24322305.43588,109385,408254.74,12517132.8254600,0
2026-02-13 15:00:00,30.851,32.344,30.836,31.549,1782702.59,2026-02-13 15:59:59.999,56418170.70838,202853,994272.08,31453725.2667400,0
2026-02-13 16:00:00,31.533,32.132,31.379,31.64,913804.42,2026-02-13 16:59:59.999,29053165.41269,129893,452016.39,14372044.2805100,0
2026-02-13 17:00:00,31.641,32.049,31.493,31.852,431171.2,2026-02-13 17:59:59.999,13705547.01097,75824,203420.30,6466968.9143000,0
2026-02-13 18:00:00,31.853,32.122,31.717,31.949,628418.97,2026-02-13 18:59:59.999,20055548.85361,91809,292082.54,9323523.9776300,0
2026-02-13 19:00:00,31.948,31.978,31.312,31.392,426733.09,2026-02-13 19:59:59.999,13495713.51364,64392,185176.40,5858371.6087500,0
2026-02-13 20:00:00,31.392,31.41,31.005,31.121,471136.09,2026-02-13 20:59:59.999,14691667.23549,63600,244402.24,7622672.0823400,0
2026-02-13 21:00:00,31.12,31.543,31.11,31.485,316838.85,2026-02-13 21:59:59.999,9933595.63847,50036,193427.08,6065429.0493500,0
2026-02-13 22:00:00,31.484,31.599,31.367,31.517,228220.13,2026-02-13 22:59:59.999,7185988.8253,32279,118883.03,3743243.4373400,0
2026-02-13 23:00:00,31.516,31.75,31.511,31.563,157077.83,2026-02-13 23:59:59.999,4968014.44979,35215,79719.20,2521812.1649800,0
2026-02-14 00:00:00,31.564,31.994,31.458,31.94,297851.7,2026-02-14 00:59:59.999,9455221.00639,39176,189718.41,6028549.8649600,0
2026-02-14 01:00:00,31.94,32.236,31.775,32.132,299935.2,2026-02-14 01:59:59.999,9611055.1869,47966,152107.92,4875487.4055800,0
2026-02-14 02:00:00,32.131,32.249,31.705,31.752,307793.21,2026-02-14 02:59:59.999,9827995.27047,50211,130073.32,4156187.4974100,0
2026-02-14 03:00:00,31.753,32.064,31.692,31.901,208067.93,2026-02-14 03:59:59.999,6635933.07498,29086,117891.62,3759234.3586700,0
2026-02-14 04:00:00,31.9,31.914,31.36,31.48,382497.93,2026-02-14 04:59:59.999,12081009.56739,45651,156497.24,4941155.2123500,0
2026-02-14 05:00:00,31.481,31.62,31.287,31.308,249133.59,2026-02-14 05:59:59.999,7838833.71054,37937,117660.85,3703560.4825300,0
2026-02-14 06:00:00,31.309,31.588,31.24,31.511,345399.33,2026-02-14 06:59:59.999,10836430.80178,47770,185252.75,5814398.0391400,0
2026-02-14 07:00:00,31.51,31.872,31.503,31.775,320514.14,2026-02-14 07:59:59.999,10158327.41439,40732,190007.32,6022834.3339400,0
2026-02-14 08:00:00,31.775,31.949,31.53,31.704,322849.96,2026-02-14 08:59:59.999,10240314.24133,48177,162242.69,5146443.9091000,0
2026-02-14 09:00:00,31.703,31.753,31.469,31.616,251491.6,2026-02-14 09:59:59.999,7945477.69122,32468,118984.94,3757839.1336000,0
2026-02-14 10:00:00,31.616,31.924,31.5,31.793,248535.58,2026-02-14 10:59:59.999,7880042.49774,37372,110441.99,3503539.3601300,0
2026-02-14 11:00:00,31.793,32.295,31.781,32.095,571154.5,2026-02-14 11:59:59.999,18320335.85398,72342,309293.42,9922914.6969500,0
2026-02-14 12:00:00,32.094,32.209,31.36,31.394,596650.06,2026-02-14 12:59:59.999,18936137.52606,74053,257363.84,8170183.9105700,0
2026-02-14 13:00:00,31.394,31.469,30.959,31.038,621759.78,2026-02-14 13:59:59.999,19371524.82315,80601,268913.81,8382104.5208100,0
2026-02-14 14:00:00,31.036,31.486,31.025,31.362,404758.6,2026-02-14 14:59:59.999,12642646.39194,60146,215044.38,6716166.7069300,0
2026-02-14 15:00:00,31.362,31.525,31.272,31.452,248808.31,2026-02-14 15:59:59.999,7818488.2812,42321,133347.11,4191409.3896800,0
2026-02-14 16:00:00,31.453,31.475,31.003,31.304,407083.7,2026-02-14 16:59:59.999,12702888.05418,51837,171013.66,5335360.3748500,0
2026-02-14 17:00:00,31.304,31.529,30.703,30.872,506773.98,2026-02-14 17:59:59.999,15759508.58507,64894,200906.71,6246360.1339800,0
2026-02-14 18:00:00,30.872,31.082,30.717,31.019,299892.45,2026-02-14 18:59:59.999,9277546.04194,54832,160557.57,4967817.2975700,0
2026-02-14 19:00:00,31.018,31.494,30.925,31.458,273171.7,2026-02-14 19:59:59.999,8538284.79816,42548,134989.51,4222005.6140400,0
2026-02-14 20:00:00,31.458,31.807,31.348,31.767,443583.61,2026-02-14 20:59:59.999,14008688.16351,58139,194141.82,6131878.4780800,0
2026-02-14 21:00:00,31.768,31.882,31.409,31.606,349596.71,2026-02-14 21:59:59.999,11074437.5481,49603,147554.34,4675179.1133400,0
2026-02-14 22:00:00,31.604,31.744,31.481,31.597,166459.14,2026-02-14 22:59:59.999,5262746.81204,28608,77887.64,2462467.3367500,0
2026-02-14 23:00:00,31.597,31.952,31.519,31.835,316112.69,2026-02-14 23:59:59.999,10040215.35584,46503,156247.30,4962878.8516200,0
2026-02-15 00:00:00,31.832,31.954,31.66,31.914,311953.96,2026-02-15 00:59:59.999,9926067.60878,46244,150138.21,4778924.4356900,0
2026-02-15 01:00:00,31.914,32.005,31.17,31.413,550973.2,2026-02-15 01:59:59.999,17363942.7487,70643,227315.47,7167057.5100000,0
2026-02-15 02:00:00,31.413,31.532,31.181,31.482,233175.91,2026-02-15 02:59:59.999,7313970.2215,45217,123482.68,3873609.0833100,0
2026-02-15 03:00:00,31.482,31.63,31.135,31.421,286801.2,2026-02-15 03:59:59.999,8998627.12122,48647,141594.18,4443008.4490700,0
2026-02-15 04:00:00,31.421,31.798,31.405,31.64,509013.78,2026-02-15 04:59:59.999,16081492.29794,63259,253894.36,8022857.1338300,0
2026-02-15 05:00:00,31.64,31.806,31.622,31.662,170623.5,2026-02-15 05:59:59.999,5409507.42535,34196,78312.75,2483484.3976900,0
2026-02-15 06:00:00,31.662,31.662,31.222,31.352,277155.56,2026-02-15 06:59:59.999,8713336.73963,44510,133989.83,4211819.1917100,0
2026-02-15 07:00:00,31.352,31.463,31.213,31.337,378008.57,2026-02-15 07:59:59.999,11839221.08375,53514,227233.58,7116900.7430400,0
2026-02-15 08:00:00,31.337,31.473,30.68,30.917,768524.78,2026-02-15 08:59:59.999,23787334.11357,84839,314034.15,9724217.8798100,0
2026-02-15 09:00:00,30.916,31.184,30.854,31.132,223173.67,2026-02-15 09:59:59.999,6932943.1581,41346,124703.64,3874084.7140500,0
2026-02-15 10:00:00,31.131,31.436,30.96,31.341,304515.59,2026-02-15 10:59:59.999,9509529.70032,48624,135614.20,4236694.5630100,0
2026-02-15 11:00:00,31.341,31.655,31.312,31.472,342340.46,2026-02-15 11:59:59.999,10788385.82195,48582,131191.33,4134833.1176300,0
2026-02-15 12:00:00,31.474,31.67,31.072,31.082,482905.22,2026-02-15 12:59:59.999,15156545.03404,72043,195111.34,6129081.3036500,0
2026-02-15 13:00:00,31.082,31.299,30.476,30.679,776948.22,2026-02-15 13:59:59.999,23975964.70102,103998,316802.50,9783854.3770300,0
2026-02-15 14:00:00,30.679,31.014,30.592,30.955,365613.25,2026-02-15 14:59:59.999,11267094.04597,58910,189775.50,5851146.7962800,0
2026-02-15 15:00:00,30.955,31.043,30.785,30.943,161888.2,2026-02-15 15:59:59.999,5003665.79858,36653,75694.83,2340039.5737300,0
2026-02-15 16:00:00,30.945,31.146,30.691,31.092,304316.37,2026-02-15 16:59:59.999,9410603.79881,47577,147256.61,4557971.0349800,0
2026-02-15 17:00:00,31.093,31.106,30.634,31.016,324423.18,2026-02-15 17:59:59.999,10020575.10104,52683,159747.48,4935167.6625700,0
2026-02-15 18:00:00,31.014,31.056,30.511,30.671,336566.27,2026-02-15 18:59:59.999,10366916.33104,61077,137444.12,4235872.2529200,0
2026-02-15 19:00:00,30.671,30.71,30.421,30.562,313597.61,2026-02-15 19:59:59.999,9586855.04022,58714,145196.04,4439810.0387800,0
2026-02-15 20:00:00,30.562,30.644,30.327,30.49,180083.75,2026-02-15 20:59:59.999,5494182.07478,41400,79853.03,2437246.2983300,0
2026-02-15 21:00:00,30.493,30.694,30.326,30.411,191051.77,2026-02-15 21:59:59.999,5832600.57141,40763,97719.70,2983891.1874800,0
2026-02-15 22:00:00,30.412,30.633,30.359,30.559,117825.86,2026-02-15 22:59:59.999,3597291.54499,25451,50316.17,1535906.3165600,0
2026-02-15 23:00:00,30.559,30.712,30.235,30.699,284604.01,2026-02-15 23:59:59.999,8676330.97183,47395,155338.91,4739353.6119900,0
2026-02-16 00:00:00,30.698,30.959,30.45,30.461,338627.85,2026-02-16 00:59:59.999,10403513.06975,50692,145624.52,4474131.1747400,0
2026-02-16 01:00:00,30.462,30.505,30.086,30.272,390411.62,2026-02-16 01:59:59.999,11812707.33871,58068,162878.95,4930939.4605800,0
2026-02-16 02:00:00,30.272,30.413,30.0,30.055,293731.41,2026-02-16 02:59:59.999,8859144.64655,47510,113910.22,3439982.0412900,0
2026-02-16 03:00:00,30.056,30.31,30.014,30.301,238932.01,2026-02-16 03:59:59.999,7199705.68973,40859,129742.67,3910969.3982400,0
2026-02-16 04:00:00,30.301,30.354,30.029,30.036,155022.37,2026-02-16 04:59:59.999,4685805.64539,31705,71087.50,2149052.4668800,0
2026-02-16 05:00:00,30.036,30.07,29.564,29.797,662583.56,2026-02-16 05:59:59.999,19732978.89121,70431,235361.66,7003845.5938800,0
2026-02-16 06:00:00,29.797,29.923,29.751,29.842,176272.06,2026-02-16 06:59:59.999,5260747.24183,31687,87809.13,2621351.2618100,0
2026-02-16 07:00:00,29.843,29.987,29.528,29.662,288168.96,2026-02-16 07:59:59.999,8569692.76531,41245,122109.92,3633648.2465500,0
2026-02-16 08:00:00,29.663,29.898,29.634,29.741,261919.44,2026-02-16 08:59:59.999,7800396.0924,42562,128870.50,3838950.8583400,0
2026-02-16 09:00:00,29.742,30.073,29.741,29.825,333921.4,2026-02-16 09:59:59.999,9997007.39439,49355,159953.02,4790651.4307100,0
2026-02-16 10:00:00,29.823,30.163,29.773,29.946,246080.2,2026-02-16 10:59:59.999,7379873.32483,42376,137398.86,4121917.4642000,0
2026-02-16 11:00:00,29.946,30.04,29.597,29.926,389973.07,2026-02-16 11:59:59.999,11632030.66576,55334,193697.27,5776804.5334500,0
2026-02-16 12:00:00,29.926,30.596,29.89,30.412,530961.51,2026-02-16 12:59:59.999,16094927.54989,74955,293211.39,8886882.7277300,0
2026-02-16 13:00:00,30.412,30.613,30.142,30.29,733049.89,2026-02-16 13:59:59.999,22293263.49943,90235,281307.81,8557099.9355600,0
2026-02-16 14:00:00,30.289,30.54,30.14,30.329,446479.98,2026-02-16 14:59:59.999,13550107.23635,71961,229412.33,6962266.9884100,0
2026-02-16 15:00:00,30.33,30.502,29.56,29.815,813601.02,2026-02-16 15:59:59.999,24347620.5352,100778,352860.70,10557296.3294900,0
2026-02-16 16:00:00,29.815,30.063,29.711,29.92,341627.1,2026-02-16 16:59:59.999,10205751.35797,65418,173208.08,5175850.5370600,0
2026-02-16 17:00:00,29.919,30.012,29.673,29.844,252989.62,2026-02-16 17:59:59.999,7544300.9287,44632,125591.80,3747284.4890500,0
2026-02-16 18:00:00,29.843,30.026,29.753,29.862,280386.44,2026-02-16 18:59:59.999,8379883.23992,47655,142601.59,4263386.2029600,0
2026-02-16 19:00:00,29.865,30.035,29.827,29.87,160828.39,2026-02-16 19:59:59.999,4810586.78056,32095,85522.67,2558857.4048500,0
2026-02-16 20:00:00,29.869,30.411,29.829,30.286,274642.25,2026-02-16 20:59:59.999,8282129.54609,42207,156804.90,4727117.4786600,0
2026-02-16 21:00:00,30.286,30.618,30.102,30.602,499152.8,2026-02-16 21:59:59.999,15171697.11575,60238,273539.43,8317214.0023900,0
2026-02-16 22:00:00,30.602,30.877,30.52,30.726,361139.04,2026-02-16 22:59:59.999,11101098.3165,47088,173649.10,5339540.5646500,0
2026-02-16 23:00:00,30.726,31.274,30.654,31.246,493083.44,2026-02-16 23:59:59.999,15263181.01251,74381,317075.19,9819805.0635800,0
2026-02-17 00:00:00,31.247,31.415,31.072,31.277,504682.52,2026-02-17 00:59:59.999,15770961.2803,77247,275246.30,8603311.6315200,0
2026-02-17 01:00:00,31.277,31.398,30.937,31.03,330486.8,2026-02-17 01:59:59.999,10298353.15631,59067,155089.83,4836531.9306700,0
2026-02-17 02:00:00,31.03,31.273,30.918,31.01,279616.38,2026-02-17 02:59:59.999,8689772.11014,53823,143071.85,4448498.8043900,0
2026-02-17 03:00:00,31.008,31.054,30.761,30.86,213483.75,2026-02-17 03:59:59.999,6588066.4321,41816,96162.32,2967649.1151300,0
2026-02-17 04:00:00,30.86,31.067,30.663,30.681,311393.1,2026-02-17 04:59:59.999,9602632.38233,41355,142024.66,4381685.7491200,0
2026-02-17 05:00:00,30.682,30.704,30.128,30.214,505637.84,2026-02-17 05:59:59.999,15360915.77485,67390,233055.85,7077109.0713800,0
2026-02-17 06:00:00,30.215,30.409,30.155,30.26,235150.51,2026-02-17 06:59:59.999,7120131.57203,43481,138398.56,4191273.0138900,0
2026-02-17 07:00:00,30.26,30.317,30.02,30.128,237547.95,2026-02-17 07:59:59.999,7166286.67207,43991,103912.67,3134990.9395700,0
2026-02-17 08:00:00,30.128,30.234,29.754,29.768,491952.74,2026-02-17 08:59:59.999,14754472.39577,68392,236570.10,7098413.6659100,0
2026-02-17 09:00:00,29.769,30.149,29.736,29.871,397023.14,2026-02-17 09:59:59.999,11864656.77305,58204,260732.69,7793380.8832900,0
2026-02-17 10:00:00,29.871,29.924,29.578,29.646,235010.09,2026-02-17 10:59:59.999,6981021.51653,38947,101381.95,3012462.7900600,0
2026-02-17 11:00:00,29.648,29.777,29.233,29.356,387521.78,2026-02-17 11:59:59.999,11414248.03759,51292,165000.81,4862724.7196500,0
2026-02-17 12:00:00,29.355,29.626,29.291,29.476,295063.86,2026-02-17 12:59:59.999,8695959.68753,51462,180466.72,5320295.9421600,0
2026-02-17 13:00:00,29.476,29.773,29.345,29.684,293317.18,2026-02-17 13:59:59.999,8670539.05916,50556,165539.31,4896831.8710400,0
2026-02-17 14:00:00,29.685,29.841,29.024,29.18,705532.94,2026-02-17 14:59:59.999,20737773.00496,90432,289692.19,8521116.4588400,0
2026-02-17 15:00:00,29.18,29.7,29.011,29.567,682951.27,2026-02-17 15:59:59.999,20022899.31266,95130,353837.71,10385958.2766200,0
2026-02-17 16:00:00,29.568,30.139,29.556,29.868,654553.48,2026-02-17 16:59:59.999,19585839.48083,93138,357909.99,10710030.8148900,0
2026-02-17 17:00:00,29.868,30.079,29.249,29.359,543376.85,2026-02-17 17:59:59.999,16074765.64072,80319,203292.75,6022573.1987800,0
2026-02-17 18:00:00,29.359,29.748,29.261,29.638,373532.93,2026-02-17 18:59:59.999,11030261.05957,64333,188451.69,5562973.5164400,0
2026-02-17 19:00:00,29.639,29.742,29.477,29.535,172001.91,2026-02-17 19:59:59.999,5092203.32941,43041,77256.63,2287585.7760700,0
2026-02-17 20:00:00,29.535,29.7,29.338,29.682,211250.46,2026-02-17 20:59:59.999,6232936.14543,39077,92048.55,2717866.0283500,0
2026-02-17 21:00:00,29.678,29.913,29.642,29.864,157766.04,2026-02-17 21:59:59.999,4698378.65005,32653,79198.76,2358806.7182200,0
2026-02-17 22:00:00,29.863,29.911,29.545,29.565,109074.35,2026-02-17 22:59:59.999,3244611.75925,20926,39453.48,1173343.7596600,0
2026-02-17 23:00:00,29.564,29.645,29.445,29.502,136471.53,2026-02-17 23:59:59.999,4031998.81626,26434,65506.14,1935252.6858800,0
2026-02-18 00:00:00,29.503,29.605,29.036,29.088,359834.51,2026-02-18 00:59:59.999,10552383.52921,51749,126536.05,3713526.0224200,0
2026-02-18 01:00:00,29.088,29.136,28.817,29.063,389248.76,2026-02-18 01:59:59.999,11289345.22444,53534,158791.09,4606383.0876400,0
2026-02-18 02:00:00,29.063,29.211,29.031,29.169,153698.09,2026-02-18 02:59:59.999,4475242.95585,28344,80997.19,2358408.9907700,0
2026-02-18 03:00:00,29.168,29.449,29.116,29.267,213974.83,2026-02-18 03:59:59.999,6270154.80709,34382,114606.26,3358627.2986300,0
2026-02-18 04:00:00,29.268,29.413,29.198,29.328,153260.68,2026-02-18 04:59:59.999,4490528.87918,29186,67142.47,1967563.4542500,0
2026-02-18 05:00:00,29.327,29.42,29.263,29.347,136068.54,2026-02-18 05:59:59.999,3993778.02694,24875,70834.88,2079158.1813600,0
2026-02-18 06:00:00,29.347,29.499,29.334,29.47,160016.63,2026-02-18 06:59:59.999,4709956.98751,28133,80392.10,2366446.8258100,0
2026-02-18 07:00:00,29.47,29.715,29.401,29.653,324697.43,2026-02-18 07:59:59.999,9598990.022,47420,184560.37,5457856.7110800,0
2026-02-18 08:00:00,29.653,29.779,29.409,29.467,368227.91,2026-02-18 08:59:59.999,10898008.02736,53314,171030.82,5064027.4554700,0
2026-02-18 09:00:00,29.468,29.58,29.293,29.343,231322.82,2026-02-18 09:59:59.999,6810755.08028,38724,110736.23,3260748.7487400,0
2026-02-18 10:00:00,29.343,29.439,28.92,29.082,541485.7,2026-02-18 10:59:59.999,15787974.6998,62489,266865.94,7786362.6001700,0
2026-02-18 11:00:00,29.081,29.122,28.8,28.889,461768.29,2026-02-18 11:59:59.999,13364674.69051,57386,190503.38,5513784.2996700,0
2026-02-18 12:00:00,28.889,29.194,28.834,29.128,257941.25,2026-02-18 12:59:59.999,7499463.54489,39449,147132.46,4278387.3484000,0
2026-02-18 13:00:00,29.129,29.394,28.913,29.116,714900.48,2026-02-18 13:59:59.999,20852018.89688,85135,340501.94,9936083.7328800,0
2026-02-18 14:00:00,29.118,29.234,28.528,28.858,853403.06,2026-02-18 14:59:59.999,24611360.14933,104431,372805.75,10762223.1800600,0
2026-02-18 15:00:00,28.857,29.591,28.853,29.201,733133.79,2026-02-18 15:59:59.999,21433269.31473,89565,348803.58,10192050.4148800,0
2026-02-18 16:00:00,29.201,29.283,28.768,28.827,472815.18,2026-02-18 16:59:59.999,13738884.46257,65041,209311.02,6078838.5304300,0
2026-02-18 17:00:00,28.827,29.01,28.557,28.794,322759.44,2026-02-18 17:59:59.999,9279409.53055,50090,157745.75,4534654.6141000,0
2026-02-18 18:00:00,28.794,28.904,28.565,28.592,439995.57,2026-02-18 18:59:59.999,12637854.83482,53894,180995.64,5199880.8197200,0
2026-02-18 19:00:00,28.591,28.826,28.4,28.74,518738.81,2026-02-18 19:59:59.999,14833660.77044,62639,202398.86,5790474.4886700,0
2026-02-18 20:00:00,28.741,28.962,28.6,28.731,242207.31,2026-02-18 20:59:59.999,6969897.42553,47695,115571.77,3326015.7077200,0
2026-02-18 21:00:00,28.733,28.799,28.472,28.476,273527.53,2026-02-18 21:59:59.999,7825530.08367,36085,114125.44,3266415.7070400,0
2026-02-18 22:00:00,28.476,28.617,28.21,28.544,321649.7,2026-02-18 22:59:59.999,9130082.69853,41179,133787.45,3799481.6111300,0
2026-02-18 23:00:00,28.545,28.719,28.464,28.672,211327.04,2026-02-18 23:59:59.999,6042503.521,39694,94410.95,2700291.0541000,0
2026-02-19 00:00:00,28.675,28.691,28.227,28.339,317428.84,2026-02-19 00:59:59.999,9016784.00658,48727,124616.50,3539186.3685000,0
2026-02-19 01:00:00,28.339,28.636,28.322,28.488,225133.86,2026-02-19 01:59:59.999,6413812.17048,46931,122817.66,3499474.6474800,0
2026-02-19 02:00:00,28.488,28.637,28.399,28.536,146923.36,2026-02-19 02:59:59.999,4190107.16821,31039,83142.49,2371210.3161600,0
2026-02-19 03:00:00,28.537,28.785,28.48,28.737,184824.03,2026-02-19 03:59:59.999,5295686.74971,31862,109048.89,3125714.1042400,0
2026-02-19 04:00:00,28.737,28.89,28.582,28.671,204197.25,2026-02-19 04:59:59.999,5870827.24287,31916,95576.41,2749240.1387500,0
2026-02-19 05:00:00,28.672,28.743,28.512,28.612,102986.49,2026-02-19 05:59:59.999,2947268.65418,24950,43670.95,1249704.3309100,0
2026-02-19 06:00:00,28.612,28.804,28.607,28.782,139211.72,2026-02-19 06:59:59.999,3995571.20276,29685,71466.75,2051074.8143900,0
2026-02-19 07:00:00,28.783,29.198,28.747,29.184,483364.32,2026-02-19 07:59:59.999,14014379.25248,64930,300661.18,8717153.6676400,0
2026-02-19 08:00:00,29.184,29.209,28.873,28.929,237315.05,2026-02-19 08:59:59.999,6887118.73476,44632,98711.43,2864916.7762100,0
2026-02-19 09:00:00,28.93,29.065,28.623,28.665,337549.0,2026-02-19 09:59:59.999,9729830.06665,49658,167349.11,4825344.8569600,0
2026-02-19 10:00:00,28.666,28.745,28.412,28.471,252468.63,2026-02-19 10:59:59.999,7212914.06587,44372,109873.40,3141126.9932700,0
2026-02-19 11:00:00,28.47,28.514,28.281,28.388,405960.88,2026-02-19 11:59:59.999,11528638.03699,47539,182493.12,5185141.3619900,0
2026-02-19 12:00:00,28.387,28.398,28.05,28.142,405698.54,2026-02-19 12:59:59.999,11449247.15892,50970,164877.74,4655691.6454900,0
2026-02-19 13:00:00,28.143,28.3,27.912,27.982,630240.58,2026-02-19 13:59:59.999,17692920.72651,65102,254366.68,7146850.1749900,0
2026-02-19 14:00:00,27.982,28.321,27.69,28.055,991024.16,2026-02-19 14:59:59.999,27781625.05269,113271,480482.45,13479530.6655500,0
2026-02-19 15:00:00,28.049,28.454,28.026,28.353,397934.61,2026-02-19 15:59:59.999,11262832.8832,66352,199964.04,5660256.4093000,0
2026-02-19 16:00:00,28.353,28.485,28.143,28.336,289034.72,2026-02-19 16:59:59.999,8192664.90982,54127,139584.23,3957728.4436000,0
2026-02-19 17:00:00,28.337,28.6,28.232,28.381,262589.28,2026-02-19 17:59:59.999,7466836.53473,57869,128323.85,3649772.1102800,0
2026-02-19 18:00:00,28.381,28.934,28.309,28.784,337823.97,2026-02-19 18:59:59.999,9689352.67308,63929,192833.29,5534278.5445300,0
2026-02-19 19:00:00,28.783,28.796,28.546,28.674,247043.33,2026-02-19 19:59:59.999,7082511.07181,49704,122323.74,3506948.6035700,0
2026-02-19 20:00:00,28.673,29.114,28.63,29.035,329855.94,2026-02-19 20:59:59.999,9524971.18297,56988,175042.79,5055903.0028700,0
2026-02-19 21:00:00,29.033,29.41,28.957,29.14,320918.91,2026-02-19 21:59:59.999,9368101.49976,51399,157039.70,4583861.1049600,0
2026-02-19 22:00:00,29.14,29.169,28.813,28.94,218353.7,2026-02-19 22:59:59.999,6325211.20833,29837,106801.86,3093104.5073900,0
2026-02-19 23:00:00,28.939,29.097,28.859,29.0,125785.51,2026-02-19 23:59:59.999,3645556.13846,24886,66725.85,1933943.8824500,0
2026-02-20 00:00:00,28.999,29.321,28.968,29.261,317122.63,2026-02-20 00:59:59.999,9255975.49474,45754,188245.32,5494422.7367100,0
2026-02-20 01:00:00,29.26,29.591,29.224,29.478,424160.9,2026-02-20 01:59:59.999,12484427.06697,55947,209954.95,6180560.9061800,0
2026-02-20 02:00:00,29.478,29.492,29.288,29.404,137755.15,2026-02-20 02:59:59.999,4047153.04216,28397,61954.20,1820313.6860000,0
2026-02-20 03:00:00,29.403,29.524,29.224,29.488,251170.37,2026-02-20 03:59:59.999,7385058.92559,40826,130322.49,3833181.0643000,0
2026-02-20 04:00:00,29.488,29.509,29.259,29.344,239763.6,2026-02-20 04:59:59.999,7044090.08185,40078,121238.09,3561848.1593300,0
2026-02-20 05:00:00,29.345,29.523,29.174,29.48,303196.58,2026-02-20 05:59:59.999,8901516.9976,52579,143414.76,4213751.1243400,0
2026-02-20 06:00:00,29.48,29.5,29.198,29.318,264038.2,2026-02-20 06:59:59.999,7740097.77715,36322,97698.14,2864236.9849000,0
2026-02-20 07:00:00,29.318,29.329,29.003,29.058,414625.08,2026-02-20 07:59:59.999,12087848.87594,42481,231962.41,6764223.3901800,0
2026-02-20 08:00:00,29.058,29.183,28.927,29.032,274166.74,2026-02-20 08:59:59.999,7967572.07934,39160,111308.93,3235564.9109100,0
2026-02-20 09:00:00,29.032,29.386,29.032,29.335,246359.66,2026-02-20 09:59:59.999,7210798.31821,40802,141134.40,4130101.1382200,0
2026-02-20 10:00:00,29.335,29.743,29.329,29.55,500400.51,2026-02-20 10:59:59.999,14774119.08089,71046,261004.54,7708343.7242400,0
2026-02-20 11:00:00,29.551,29.649,29.331,29.398,283043.0,2026-02-20 11:59:59.999,8349500.69711,52821,136706.82,4033608.7214500,0
2026-02-20 12:00:00,29.398,29.483,29.166,29.395,269643.06,2026-02-20 12:59:59.999,7903033.7278,49386,132801.55,3894813.7776100,0
2026-02-20 13:00:00,29.395,29.405,28.612,28.783,617414.46,2026-02-20 13:59:59.999,17850227.82631,77333,283186.82,8185521.7014000,0
2026-02-20 14:00:00,28.783,29.05,28.608,28.888,515890.19,2026-02-20 14:59:59.999,14883592.37882,67734,237161.04,6840710.1321400,0
2026-02-20 15:00:00,28.889,29.907,28.878,29.831,1168918.12,2026-02-20 15:59:59.999,34374505.40015,129165,624260.14,18358751.3649300,0
2026-02-20 16:00:00,29.831,30.361,29.689,30.104,976215.58,2026-02-20 16:59:59.999,29323484.13586,129041,523299.81,15725043.5625400,0
2026-02-20 17:00:00,30.103,30.133,29.516,29.937,642873.16,2026-02-20 17:59:59.999,19137491.01037,95573,332621.75,9900733.3350600,0
2026-02-20 18:00:00,29.937,30.086,29.515,30.077,468273.3,2026-02-20 18:59:59.999,13940961.11896,82021,206115.64,6137785.4593200,0
2026-02-20 19:00:00,30.077,30.142,29.827,30.075,299278.2,2026-02-20 19:59:59.999,8971594.5114,53414,135720.18,4068224.3887500,0
2026-02-20 20:00:00,30.076,30.199,29.918,30.147,230130.78,2026-02-20 20:59:59.999,6921315.38332,42587,110017.71,3309668.1507300,0
2026-02-20 21:00:00,30.145,30.187,29.895,30.023,112473.64,2026-02-20 21:59:59.999,3377496.34725,29233,53013.24,1592089.0213100,0
2026-02-20 22:00:00,30.022,30.43,29.915,30.334,179715.19,2026-02-20 22:59:59.999,5421693.46739,35059,107233.95,3237404.0027000,0
2026-02-20 23:00:00,30.333,30.4,30.174,30.364,175721.19,2026-02-20 23:59:59.999,5321440.69189,41242,88123.49,2668296.7317000,0
2026-02-21 00:00:00,30.364,30.58,30.122,30.187,249368.9,2026-02-21 00:59:59.999,7568057.9732,39097,110895.73,3368577.9633600,0
2026-02-21 01:00:00,30.186,30.469,30.129,30.341,186975.79,2026-02-21 01:59:59.999,5661174.81417,30883,98639.70,2986710.2516500,0
2026-02-21 02:00:00,30.342,30.574,30.329,30.534,146235.59,2026-02-21 02:59:59.999,4452561.2466,35037,78460.38,2389382.9931900,0
2026-02-21 03:00:00,30.533,30.55,30.176,30.274,251016.4,2026-02-21 03:59:59.999,7616789.65865,40593,98392.15,2986394.6447800,0
2026-02-21 04:00:00,30.274,30.383,30.218,30.315,126616.14,2026-02-21 04:59:59.999,3836787.14183,21708,58522.61,1773532.9255300,0
2026-02-21 05:00:00,30.314,30.42,30.17,30.373,142669.3,2026-02-21 05:59:59.999,4320202.49348,24866,74864.49,2266997.3707500,0
2026-02-21 06:00:00,30.373,30.389,30.198,30.232,132295.99,2026-02-21 06:59:59.999,4007878.41676,22680,61196.87,1853798.5010200,0
2026-02-21 07:00:00,30.232,30.305,30.055,30.087,168921.0,2026-02-21 07:59:59.999,5096105.17077,23333,74980.51,2262683.7918200,0
2026-02-21 08:00:00,30.087,30.383,30.087,30.279,179604.55,2026-02-21 08:59:59.999,5435749.62399,30947,102000.23,3086625.5352300,0
2026-02-21 09:00:00,30.279,30.546,30.27,30.35,275570.6,2026-02-21 09:59:59.999,8379455.78124,38531,155114.98,4717089.6533200,0
2026-02-21 10:00:00,30.351,30.412,30.289,30.333,100807.1,2026-02-21 10:59:59.999,3059543.4591,17912,47498.09,1441805.7711700,0
2026-02-21 11:00:00,30.334,30.425,30.118,30.122,145911.56,2026-02-21 11:59:59.999,4416881.40127,22501,72001.73,2178906.3252000,0
2026-02-21 12:00:00,30.122,30.21,29.881,29.949,301380.87,2026-02-21 12:59:59.999,9048416.57431,38453,133048.25,3994759.3445100,0
2026-02-21 13:00:00,29.948,30.074,29.834,30.047,200298.33,2026-02-21 13:59:59.999,5994506.9612,30283,102034.22,3054143.3745700,0
2026-02-21 14:00:00,30.046,30.174,29.931,30.003,242009.45,2026-02-21 14:59:59.999,7275081.22615,38783,133314.78,4008488.2658400,0
2026-02-21 15:00:00,30.002,30.062,29.732,29.918,308700.95,2026-02-21 15:59:59.999,9227277.27243,45198,130419.30,3898550.3188400,0
2026-02-21 16:00:00,29.918,29.926,29.659,29.834,199477.16,2026-02-21 16:59:59.999,5938303.98717,35374,93859.02,2794172.7048800,0
2026-02-21 17:00:00,29.834,29.949,29.725,29.902,121330.06,2026-02-21 17:59:59.999,3619878.79953,25130,59542.37,1776852.4908300,0
2026-02-21 18:00:00,29.902,30.098,29.833,29.912,249023.39,2026-02-21 18:59:59.999,7460406.36609,31066,142833.04,4280282.1544500,0
2026-02-21 19:00:00,29.911,30.011,29.758,29.843,131972.12,2026-02-21 19:59:59.999,3946185.15375,24060,63403.88,1896303.6751900,0
2026-02-21 20:00:00,29.842,29.886,29.524,29.648,232781.95,2026-02-21 20:59:59.999,6923376.7235,27967,79389.32,2363907.3111800,0
2026-02-21 21:00:00,29.648,29.762,29.532,29.726,133005.64,2026-02-21 21:59:59.999,3943911.6487,26183,59242.57,1756944.7525700,0
2026-02-21 22:00:00,29.725,29.754,29.563,29.563,79256.42,2026-02-21 22:59:59.999,2352285.60884,15159,37649.24,1117558.5422800,0
2026-02-21 23:00:00,29.564,29.766,29.555,29.73,149881.75,2026-02-21 23:59:59.999,4447614.57113,22971,86601.23,2569693.6961900,0
2026-02-22 00:00:00,29.731,29.778,29.587,29.691,128571.75,2026-02-22 00:59:59.999,3815827.6155,18739,61655.43,1829763.0831600,0
2026-02-22 01:00:00,29.692,29.931,29.646,29.873,125225.77,2026-02-22 01:59:59.999,3735591.60968,20987,65615.84,1956893.5471500,0
2026-02-22 02:00:00,29.873,29.951,29.738,29.765,94792.6,2026-02-22 02:59:59.999,2827271.02628,17118,38468.64,1147317.6988400,0
2026-02-22 03:00:00,29.767,29.899,29.682,29.716,129109.67,2026-02-22 03:59:59.999,3846768.33219,20741,67183.25,2002202.9091000,0
2026-02-22 04:00:00,29.715,29.759,29.59,29.644,115370.22,2026-02-22 04:59:59.999,3420120.48518,18533,60047.09,1780266.6588500,0
2026-02-22 05:00:00,29.645,29.686,29.606,29.683,57160.02,2026-02-22 05:59:59.999,1694925.80627,14236,34775.43,1031235.0913600,0
2026-02-22 06:00:00,29.683,29.76,29.506,29.559,124814.52,2026-02-22 06:59:59.999,3698376.01323,19416,51756.67,1534220.6755700,0
2026-02-22 07:00:00,29.559,29.631,29.425,29.433,144958.83,2026-02-22 07:59:59.999,4279552.65557,20198,62783.48,1854325.9043500,0
2026-02-22 08:00:00,29.432,29.491,29.351,29.443,112125.59,2026-02-22 08:59:59.999,3299207.22461,17463,62876.18,1850431.5908000,0
2026-02-22 09:00:00,29.445,29.58,29.433,29.472,89543.2,2026-02-22 09:59:59.999,2640730.81337,15389,42296.45,1247327.7501200,0
2026-02-22 10:00:00,29.471,29.717,29.43,29.671,201673.6,2026-02-22 10:59:59.999,5970632.99551,20559,119363.85,3534414.9837700,0
2026-02-22 11:00:00,29.666,29.85,29.64,29.686,156396.94,2026-02-22 11:59:59.999,4654470.34458,22855,79714.71,2372386.9460000,0
2026-02-22 12:00:00,29.685,29.713,29.201,29.32,414659.73,2026-02-22 12:59:59.999,12177348.00547,43836,200000.70,5871949.4757000,0
2026-02-22 13:00:00,29.321,29.5,29.236,29.337,249971.47,2026-02-22 13:59:59.999,7343705.83623,34577,146589.50,4308325.7447000,0
2026-02-22 14:00:00,29.337,29.39,29.146,29.291,222047.44,2026-02-22 14:59:59.999,6492644.62106,35888,113792.49,3328036.3083200,0
2026-02-22 15:00:00,29.291,29.291,28.983,29.202,377974.03,2026-02-22 15:59:59.999,11019063.14457,39594,137534.93,4008739.0205400,0
2026-02-22 16:00:00,29.203,29.212,28.952,29.034,144797.03,2026-02-22 16:59:59.999,4207480.61283,25821,66398.92,1929788.0317600,0
2026-02-22 17:00:00,29.035,29.045,28.86,28.933,194609.85,2026-02-22 17:59:59.999,5631053.25361,30546,86705.46,2509171.5220500,0
2026-02-22 18:00:00,28.933,28.992,28.747,28.777,139729.49,2026-02-22 18:59:59.999,4031076.55855,27369,66235.63,1911230.6642100,0
2026-02-22 19:00:00,28.776,28.848,28.68,28.757,138691.43,2026-02-22 19:59:59.999,3987823.53018,24513,62259.48,1790422.6830600,0
2026-02-22 20:00:00,28.757,28.966,28.753,28.881,131522.89,2026-02-22 20:59:59.999,3797604.62035,24827,74764.68,2158676.5759800,0
2026-02-22 21:00:00,28.881,29.004,28.835,28.948,72141.34,2026-02-22 21:59:59.999,2086389.05583,16861,36650.81,1060082.1763400,0
2026-02-22 22:00:00,28.947,29.023,28.824,28.98,103103.92,2026-02-22 22:59:59.999,2982921.67666,16650,55156.19,1596209.0245100,0
2026-02-22 23:00:00,28.979,29.038,28.843,29.015,168990.85,2026-02-22 23:59:59.999,4892093.0805,22921,68019.79,1968722.2770100,0
2026-02-23 00:00:00,29.016,29.048,28.375,28.479,395549.81,2026-02-23 00:59:59.999,11322165.99149,57398,178513.71,5111237.6832100,0
2026-02-23 01:00:00,28.48,28.503,27.51,27.587,2017842.96,2026-02-23 01:59:59.999,56272587.20221,193318,932865.29,26010117.8406300,0
2026-02-23 02:00:00,27.587,27.804,27.401,27.516,610908.98,2026-02-23 02:59:59.999,16885709.70057,84891,285363.50,7892497.6164800,0
2026-02-23 03:00:00,27.514,27.553,26.842,27.245,896663.93,2026-02-23 03:59:59.999,24357255.19545,107261,382632.26,10394630.1125900,0
2026-02-23 04:00:00,27.245,27.28,26.918,27.172,443297.12,2026-02-23 04:59:59.999,12004977.64337,64696,224292.45,6074281.6710300,0
2026-02-23 05:00:00,27.171,27.65,27.134,27.574,643947.19,2026-02-23 05:59:59.999,17680206.90362,63096,415727.42,11411156.0427300,0
2026-02-23 06:00:00,27.573,27.876,27.497,27.797,461176.08,2026-02-23 06:59:59.999,12791063.64989,60258,253131.41,7021859.6362200,0
2026-02-23 07:00:00,27.796,27.888,27.627,27.699,379368.66,2026-02-23 07:59:59.999,10527081.24313,47821,178156.46,4944702.2179100,0
2026-02-23 08:00:00,27.7,27.719,27.409,27.55,405657.2,2026-02-23 08:59:59.999,11181829.29005,43161,178663.57,4926057.1139700,0
2026-02-23 09:00:00,27.551,28.184,27.551,28.129,485856.26,2026-02-23 09:59:59.999,13556495.17549,62786,275099.45,7675335.1641400,0
2026-02-23 10:00:00,28.128,28.236,27.64,27.707,438464.56,2026-02-23 10:59:59.999,12250660.13858,59185,171848.95,4806936.4429100,0
2026-02-23 11:00:00,27.706,27.818,27.567,27.631,324740.89,2026-02-23 11:59:59.999,8995916.95923,44069,146478.79,4057778.4987200,0
2026-02-23 12:00:00,27.631,27.693,27.335,27.652,679565.68,2026-02-23 12:59:59.999,18712737.29087,71406,280558.65,7724270.5048500,0
2026-02-23 13:00:00,27.652,27.69,27.018,27.121,657583.56,2026-02-23 13:59:59.999,17947674.45182,81946,286311.58,7816938.1854500,0
2026-02-23 14:00:00,27.122,27.129,26.465,26.631,1329933.09,2026-02-23 14:59:59.999,35584888.63335,145660,609655.20,16311667.8611700,0
2026-02-23 15:00:00,26.632,26.817,26.351,26.57,835443.55,2026-02-23 15:59:59.999,22204303.37346,107036,421835.25,11217978.5247700,0
2026-02-23 16:00:00,26.569,26.749,26.205,26.413,703687.99,2026-02-23 16:59:59.999,18619026.42102,99941,350937.28,9290851.7930300,0
2026-02-23 17:00:00,26.416,26.44,25.613,26.123,1255596.82,2026-02-23 17:59:59.999,32655797.22847,140052,545478.84,14190610.4537700,0
2026-02-23 18:00:00,26.122,26.469,25.914,26.428,969140.09,2026-02-23 18:59:59.999,25383154.48954,110648,527937.33,13829269.7332200,0
2026-02-23 19:00:00,26.427,26.518,26.165,26.293,543151.47,2026-02-23 19:59:59.999,14291312.81867,60351,222661.04,5860949.5615800,0
2026-02-23 20:00:00,26.293,26.543,26.252,26.428,404622.46,2026-02-23 20:59:59.999,10683265.53983,59417,217067.19,5731824.8892400,0
2026-02-23 21:00:00,26.427,26.609,26.38,26.42,267124.65,2026-02-23 21:59:59.999,7080401.75343,43137,147502.85,3910035.6288100,0
2026-02-23 22:00:00,26.419,26.653,26.163,26.168,464741.76,2026-02-23 22:59:59.999,12258946.16437,47647,181794.62,4803408.9211900,0
2026-02-23 23:00:00,26.169,26.394,26.093,26.368,271596.2,2026-02-23 23:59:59.999,7132259.6354,39662,154285.81,4051735.6406500,0
2026-02-24 00:00:00,26.369,26.54,26.307,26.499,246619.59,2026-02-24 00:59:59.999,6517897.00715,37983,135388.36,3578649.9898500,0
2026-02-24 01:00:00,26.498,26.503,25.842,26.054,924549.03,2026-02-24 01:59:59.999,24176707.65603,105442,432781.20,11318722.2565100,0
2026-02-24 02:00:00,26.056,26.17,25.829,25.847,476869.64,2026-02-24 02:59:59.999,12399066.51242,64296,245858.16,6394260.4974800,0
2026-02-24 03:00:00,25.847,26.544,25.621,26.246,827627.71,2026-02-24 03:59:59.999,21641655.36035,101953,468981.14,12268170.9323700,0
2026-02-24 04:00:00,26.246,26.269,25.877,26.191,454889.15,2026-02-24 04:59:59.999,11874148.75423,65954,217834.44,5686788.5410900,0
2026-02-24 05:00:00,26.19,26.374,26.138,26.323,302168.85,2026-02-24 05:59:59.999,7939979.64202,51919,159569.76,4193134.4313600,0
2026-02-24 06:00:00,26.322,26.323,26.088,26.241,299530.99,2026-02-24 06:59:59.999,7847432.24327,51619,135757.86,3556950.2443800,0
2026-02-24 07:00:00,26.24,26.361,26.144,26.274,216592.66,2026-02-24 07:59:59.999,5688422.37741,35757,103315.53,2713817.4754700,0
2026-02-24 08:00:00,26.275,26.588,26.164,26.469,350190.37,2026-02-24 08:59:59.999,9235063.36995,49150,210697.74,5557772.9846200,0
2026-02-24 09:00:00,26.468,26.555,26.212,26.55,425340.75,2026-02-24 09:59:59.999,11228057.21468,46134,200386.48,5291876.7979000,0
2026-02-24 10:00:00,26.549,26.626,26.373,26.561,295702.14,2026-02-24 10:59:59.999,7837054.61535,44977,139135.05,3689433.5775900,0
2026-02-24 11:00:00,26.561,26.674,26.341,26.472,288599.99,2026-02-24 11:59:59.999,7641578.92339,40141,143163.43,3792876.6719100,0
2026-02-24 12:00:00,26.47,26.52,26.354,26.367,177113.49,2026-02-24 12:59:59.999,4681740.18927,32744,77843.78,2058005.1416700,0
2026-02-24 13:00:00,26.367,26.578,26.079,26.514,546075.58,2026-02-24 13:59:59.999,14385718.94338,67672,279230.75,7362345.3003500,0
2026-02-24 14:00:00,26.513,27.052,26.357,26.783,681706.1,2026-02-24 14:59:59.999,18202932.02233,92300,368898.81,9855855.2923200,0
2026-02-24 15:00:00,26.783,26.875,26.379,26.772,744529.32,2026-02-24 15:59:59.999,19833148.94661,93076,382301.82,10182481.2681300,0
2026-02-24 16:00:00,26.771,27.2,26.739,27.155,783467.6,2026-02-24 16:59:59.999,21169538.21011,95842,417694.35,11290872.9309500,0
2026-02-24 17:00:00,27.155,27.293,26.81,26.849,425067.94,2026-02-24 17:59:59.999,11501160.01345,60229,209663.28,5679096.7658800,0
2026-02-24 18:00:00,26.848,27.085,26.845,26.916,252083.94,2026-02-24 18:59:59.999,6800455.01598,45590,108057.80,2914840.1012700,0
2026-02-24 19:00:00,26.915,27.257,26.896,27.21,229152.53,2026-02-24 19:59:59.999,6201044.06285,42009,113713.15,3077682.3592100,0
2026-02-24 20:00:00,27.21,27.357,27.095,27.216,321574.99,2026-02-24 20:59:59.999,8752538.85637,53694,147040.78,4002809.8983000,0
2026-02-24 21:00:00,27.218,27.267,26.949,27.142,374861.83,2026-02-24 21:59:59.999,10161452.9921,56171,165470.48,4485735.7578100,0
2026-02-24 22:00:00,27.142,27.302,27.05,27.209,218788.44,2026-02-24 22:59:59.999,5947848.05228,34250,93299.71,2536339.6909300,0
2026-02-24 23:00:00,27.209,27.421,26.989,27.08,284590.7,2026-02-24 23:59:59.999,7745235.46931,41443,134331.55,3657516.9126800,0
2026-02-25 00:00:00,27.08,27.414,27.065,27.397,194144.74,2026-02-25 00:59:59.999,5287040.88167,38569,94593.98,2576284.2827200,0
2026-02-25 01:00:00,27.398,27.984,27.382,27.555,879981.73,2026-02-25 01:59:59.999,24413822.58443,103364,446756.75,12390560.9505100,0
2026-02-25 02:00:00,27.555,27.791,27.436,27.51,390093.02,2026-02-25 02:59:59.999,10771560.62931,63459,174252.78,4812835.4375100,0
2026-02-25 03:00:00,27.511,27.576,26.958,27.045,430497.78,2026-02-25 03:59:59.999,11711557.19426,62017,187437.00,5098147.8501100,0
2026-02-25 04:00:00,27.044,27.281,26.851,27.238,346677.1,2026-02-25 04:59:59.999,9387738.64272,51924,174019.28,4715391.8520700,0
2026-02-25 05:00:00,27.238,27.265,26.739,26.91,377996.38,2026-02-25 05:59:59.999,10180510.21559,51297,137432.22,3702202.8117500,0
2026-02-25 06:00:00,26.91,27.017,26.805,26.901,165736.33,2026-02-25 06:59:59.999,4464701.84591,31747,81772.81,2203281.0626300,0
2026-02-25 07:00:00,26.901,26.977,26.796,26.904,195401.47,2026-02-25 07:59:59.999,5255174.09322,31710,92198.55,2480369.5714500,0
2026-02-25 08:00:00,26.904,27.09,26.829,27.007,212331.13,2026-02-25 08:59:59.999,5725701.93201,35274,129163.63,3483565.1213700,0
2026-02-25 09:00:00,27.006,27.006,26.748,26.781,266659.77,2026-02-25 09:59:59.999,7165005.36606,43225,135131.64,3631605.8709100,0
2026-02-25 10:00:00,26.781,26.981,26.76,26.893,142067.34,2026-02-25 10:59:59.999,3816891.24312,27302,78823.11,2118017.8202300,0
2026-02-25 11:00:00,26.892,27.182,26.821,27.175,269498.43,2026-02-25 11:59:59.999,7288580.74748,40652,138608.36,3749568.3347100,0
2026-02-25 12:00:00,27.174,27.646,27.018,27.589,535052.83,2026-02-25 12:59:59.999,14629820.33353,69538,293163.91,8017971.6506000,0
2026-02-25 13:00:00,27.588,27.732,27.323,27.659,550051.05,2026-02-25 13:59:59.999,15155121.95419,71151,239923.86,6613339.2474100,0
2026-02-25 14:00:00,27.66,28.515,27.645,28.28,1317816.51,2026-02-25 14:59:59.999,37010552.01998,135890,738441.62,20732631.6308900,0
2026-02-25 15:00:00,28.28,28.299,27.8,27.972,771221.86,2026-02-25 15:59:59.999,21618157.07774,116779,307295.78,8617514.1966800,0
2026-02-25 16:00:00,27.971,28.685,27.898,28.535,853282.23,2026-02-25 16:59:59.999,24115788.70965,103326,474395.18,13407300.6182900,0
2026-02-25 17:00:00,28.535,28.777,28.276,28.666,649176.93,2026-02-25 17:59:59.999,18539675.40569,91896,291657.05,8331772.7436600,0
2026-02-25 18:00:00,28.666,29.057,28.613,28.778,443226.06,2026-02-25 18:59:59.999,12779394.78664,73582,220389.04,6355464.8053900,0
2026-02-25 19:00:00,28.779,28.856,28.621,28.775,277583.54,2026-02-25 19:59:59.999,7968298.13783,46551,118592.85,3404800.9825100,0
2026-02-25 20:00:00,28.775,28.838,28.522,28.788,328148.78,2026-02-25 20:59:59.999,9402641.00412,58841,150883.60,4324469.4499700,0
2026-02-25 21:00:00,28.786,28.994,28.324,28.698,743245.54,2026-02-25 21:59:59.999,21313436.2492,97859,360688.65,10344962.1762000,0
2026-02-25 22:00:00,28.698,28.886,28.206,28.383,361062.51,2026-02-25 22:59:59.999,10322178.2068,51016,150625.97,4310109.1053000,0
2026-02-25 23:00:00,28.382,28.434,27.593,27.884,701751.64,2026-02-25 23:59:59.999,19585367.72828,82815,313577.17,8746738.7709100,0
2026-02-26 00:00:00,27.883,28.516,27.765,28.301,566333.01,2026-02-26 00:59:59.999,15946817.4284,82768,295085.09,8307023.3787300,0
2026-02-26 01:00:00,28.302,28.64,28.09,28.117,464325.94,2026-02-26 01:59:59.999,13170775.1782,70903,221440.65,6284013.3110000,0
2026-02-26 02:00:00,28.118,28.123,27.719,28.009,401084.04,2026-02-26 02:59:59.999,11190733.72466,58318,189006.53,5273709.9372800,0
2026-02-26 03:00:00,28.01,28.098,27.878,28.029,158111.07,2026-02-26 03:59:59.999,4423405.69323,29060,76599.39,2143726.7623600,0
2026-02-26 04:00:00,28.03,28.37,28.001,28.219,328204.22,2026-02-26 04:59:59.999,9252737.31246,48066,196150.15,5530865.8791800,0
2026-02-26 05:00:00,28.219,28.311,27.997,28.204,178810.32,2026-02-26 05:59:59.999,5036557.58179,36407,90012.81,2536051.9174100,0
2026-02-26 06:00:00,28.204,28.436,28.112,28.181,162361.47,2026-02-26 06:59:59.999,4588243.45527,32707,79803.57,2254809.3815400,0
2026-02-26 07:00:00,28.181,28.574,28.148,28.237,274362.44,2026-02-26 07:59:59.999,7778179.93683,46248,139258.76,3948462.7728100,0
2026-02-26 08:00:00,28.237,28.36,28.077,28.258,285875.06,2026-02-26 08:59:59.999,8060917.343,43625,149586.86,4219969.9085000,0
2026-02-26 09:00:00,28.258,29.388,28.175,29.217,851936.03,2026-02-26 09:59:59.999,24647075.73735,97131,446060.28,12902470.7670800,0
2026-02-26 10:00:00,29.217,29.325,28.824,28.928,689493.66,2026-02-26 10:59:59.999,20067800.32918,83770,307833.15,8965085.3276100,0
2026-02-26 11:00:00,28.928,28.997,28.348,28.441,562829.8,2026-02-26 11:59:59.999,16092833.61371,71244,277526.75,7933606.1490000,0
2026-02-26 12:00:00,28.441,28.827,28.35,28.772,378626.47,2026-02-26 12:59:59.999,10811427.6416,53051,196767.12,5619087.1273100,0
2026-02-26 13:00:00,28.772,29.056,28.728,28.991,289357.91,2026-02-26 13:59:59.999,8354870.28196,48495,133247.85,3848465.0258800,0
2026-02-26 14:00:00,28.991,29.414,28.658,29.333,740168.71,2026-02-26 14:59:59.999,21429231.4187,104319,367254.18,10643362.1962800,0
2026-02-26 15:00:00,29.332,29.346,28.121,28.445,1224751.77,2026-02-26 15:59:59.999,34956831.55269,165773,587285.21,16745859.6963200,0
2026-02-26 16:00:00,28.445,28.613,28.112,28.271,642328.03,2026-02-26 16:59:59.999,18204109.50224,108361,306239.49,8680959.2375800,0
2026-02-26 17:00:00,28.273,28.455,27.849,28.008,518759.3,2026-02-26 17:59:59.999,14617034.75653,81797,238343.72,6722029.0686800,0
2026-02-26 18:00:00,28.007,28.311,27.822,28.223,333556.73,2026-02-26 18:59:59.999,9364322.50746,63612,175393.35,4927247.7456900,0
2026-02-26 19:00:00,28.223,28.735,28.184,28.506,495303.55,2026-02-26 19:59:59.999,14125020.25806,69696,278129.10,7930943.0760000,0
2026-02-26 20:00:00,28.506,28.712,28.236,28.287,280227.2,2026-02-26 20:59:59.999,7976934.90791,45257,130859.72,3729401.7452600,0
2026-02-26 21:00:00,28.285,28.363,28.121,28.175,168605.87,2026-02-26 21:59:59.999,4758923.9227,29894,66288.36,1872191.1066900,0
2026-02-26 22:00:00,28.175,28.42,28.089,28.404,157780.74,2026-02-26 22:59:59.999,4459616.09883,23201,82478.84,2331622.7994400,0
2026-02-26 23:00:00,28.405,28.449,28.101,28.108,204802.08,2026-02-26 23:59:59.999,5790358.90423,37152,103701.54,2932353.2255600,0
2026-02-27 00:00:00,28.107,28.202,27.869,28.177,288168.24,2026-02-27 00:59:59.999,8089529.6755,45764,147046.53,4130225.0049100,0
2026-02-27 01:00:00,28.178,28.252,28.046,28.235,135102.56,2026-02-27 01:59:59.999,3805824.31075,27048,70482.35,1985629.2922600,0
2026-02-27 02:00:00,28.235,28.621,28.226,28.484,217542.7,2026-02-27 02:59:59.999,6183456.71489,33527,115722.51,3289487.4845500,0
2026-02-27 03:00:00,28.484,28.846,28.392,28.828,231505.69,2026-02-27 03:59:59.999,6622211.50193,39765,130241.11,3726438.7107200,0
2026-02-27 04:00:00,28.829,29.618,28.782,29.135,974311.8,2026-02-27 04:59:59.999,28475992.03194,108454,464306.10,13572412.1246000,0
2026-02-27 05:00:00,29.134,29.205,28.912,29.078,272656.58,2026-02-27 05:59:59.999,7929212.79115,41894,126628.40,3683727.7663700,0
2026-02-27 06:00:00,29.078,29.159,28.769,29.064,374105.31,2026-02-27 06:59:59.999,10834085.35431,46444,163822.73,4745216.5566000,0
2026-02-27 07:00:00,29.064,29.437,28.987,29.288,282925.59,2026-02-27 07:59:59.999,8252934.13709,36084,152455.91,4446997.4675600,0
2026-02-27 08:00:00,29.288,29.663,29.288,29.498,523723.79,2026-02-27 08:59:59.999,15441496.7507,66575,239504.71,7062432.5371500,0
2026-02-27 09:00:00,29.499,29.947,29.231,29.448,582262.41,2026-02-27 09:59:59.999,17227024.00262,80098,301675.00,8932292.8860800,0
2026-02-27 10:00:00,29.447,29.56,28.951,28.974,915918.47,2026-02-27 10:59:59.999,26805621.57282,115024,444233.87,13004914.4909900,0
2026-02-27 11:00:00,28.975,29.107,28.254,28.315,808442.07,2026-02-27 11:59:59.999,23160042.0448,103754,390701.54,11195819.7277600,0
2026-02-27 12:00:00,28.314,28.323,27.841,28.102,736031.65,2026-02-27 12:59:59.999,20675116.13983,92380,353112.08,9924571.5456600,0
2026-02-27 13:00:00,28.102,28.237,27.807,28.099,607374.92,2026-02-27 13:59:59.999,17048625.96736,81994,325144.84,9131772.5048800,0
2026-02-27 14:00:00,28.098,28.417,27.91,28.062,582427.09,2026-02-27 14:59:59.999,16381057.57888,90583,293883.54,8269363.2957800,0
2026-02-27 15:00:00,28.061,28.33,28.011,28.164,349356.7,2026-02-27 15:59:59.999,9847191.28674,67466,203212.98,5730333.2043300,0
2026-02-27 16:00:00,28.164,28.179,27.304,27.321,916043.28,2026-02-27 16:59:59.999,25367293.66124,99434,301116.80,8339365.2672800,0
2026-02-27 17:00:00,27.321,27.494,27.158,27.459,602847.2,2026-02-27 17:59:59.999,16470191.41829,78577,272464.65,7449796.2068000,0
2026-02-27 18:00:00,27.458,27.546,27.129,27.208,301243.11,2026-02-27 18:59:59.999,8248010.39724,46125,150853.02,4134679.7435100,0
2026-02-27 19:00:00,27.208,27.223,26.834,27.087,508044.81,2026-02-27 19:59:59.999,13734200.6457,60466,218754.90,5916371.7291300,0
2026-02-27 20:00:00,27.088,27.423,27.063,27.355,267458.01,2026-02-27 20:59:59.999,7272832.88909,39044,170163.34,4628301.3272300,0
2026-02-27 21:00:00,27.356,27.406,27.053,27.091,197648.41,2026-02-27 21:59:59.999,5382757.97491,27866,95635.67,2606428.3421600,0
2026-02-27 22:00:00,27.091,27.131,26.729,27.088,274176.63,2026-02-27 22:59:59.999,7391055.11815,34761,104406.29,2816021.2598500,0
2026-02-27 23:00:00,27.089,27.333,27.089,27.279,195995.34,2026-02-27 23:59:59.999,5333303.71948,31905,116591.51,3172857.8003600,0
2026-02-28 00:00:00,27.28,27.558,27.217,27.48,216271.85,2026-02-28 00:59:59.999,5923114.09093,35152,124272.13,3404365.9749300,0
2026-02-28 01:00:00,27.479,27.518,27.072,27.074,283359.42,2026-02-28 01:59:59.999,7732746.3051,32507,103800.91,2832725.0110000,0
2026-02-28 02:00:00,27.074,27.131,26.78,26.951,336801.74,2026-02-28 02:59:59.999,9084807.60259,40631,168199.29,4538239.8677500,0
2026-02-28 03:00:00,26.952,27.08,26.821,26.878,225944.97,2026-02-28 03:59:59.999,6084983.40883,35014,111539.94,3004883.7797000,0
2026-02-28 04:00:00,26.878,27.05,26.804,26.975,187045.21,2026-02-28 04:59:59.999,5038516.01193,28847,98580.39,2656382.9406900,0
2026-02-28 05:00:00,26.976,27.026,26.848,26.908,90427.33,2026-02-28 05:59:59.999,2436522.35902,19178,38925.72,1048944.4479900,0
2026-02-28 06:00:00,26.906,26.949,26.075,26.212,1197357.25,2026-02-28 06:59:59.999,31678478.54488,145645,487101.77,12888881.8943200,0
2026-02-28 07:00:00,26.213,26.906,26.103,26.625,1134469.46,2026-02-28 07:59:59.999,30159719.74266,133449,589427.18,15673731.9263500,0
2026-02-28 08:00:00,26.624,26.959,26.539,26.788,534372.5,2026-02-28 08:59:59.999,14302698.87062,75271,275919.05,7387608.5374500,0
2026-02-28 09:00:00,26.787,27.35,26.78,27.26,746500.11,2026-02-28 09:59:59.999,20233652.77404,87742,456700.55,12382568.7976700,0
2026-02-28 10:00:00,27.259,27.543,26.901,27.363,537008.17,2026-02-28 10:59:59.999,14634272.67164,72152,299114.05,8159696.4572600,0
2026-02-28 11:00:00,27.363,27.706,27.157,27.261,515772.26,2026-02-28 11:59:59.999,14162349.22095,68173,254563.38,6993683.4471500,0
2026-02-28 12:00:00,27.262,27.543,27.243,27.331,280456.18,2026-02-28 12:59:59.999,7679873.91429,47894,147541.48,4041705.8208800,0
2026-02-28 13:00:00,27.332,27.729,27.109,27.606,507219.36,2026-02-28 13:59:59.999,13904897.44631,71576,255832.08,7019756.6388200,0
2026-02-28 14:00:00,27.606,27.984,27.368,27.828,804146.63,2026-02-28 14:59:59.999,22257331.06022,109054,379990.38,10525293.5015800,0
2026-02-28 15:00:00,27.827,28.22,27.755,28.163,697052.97,2026-02-28 15:59:59.999,19513517.05568,88464,357268.13,10000789.4352700,0
2026-02-28 16:00:00,28.163,28.595,28.004,28.55,709823.29,2026-02-28 16:59:59.999,20096970.02045,78117,324739.49,9201377.5093100,0
2026-02-28 17:00:00,28.551,29.509,28.521,29.409,1153203.57,2026-02-28 17:59:59.999,33478422.42151,140558,585755.34,17009881.5592800,0
2026-02-28 18:00:00,29.41,29.688,29.087,29.368,1069731.07,2026-02-28 18:59:59.999,31462723.18627,143568,469582.59,13812219.1287400,0
2026-02-28 19:00:00,29.367,29.681,29.032,29.484,646560.32,2026-02-28 19:59:59.999,19004593.69906,98270,310053.46,9115106.6686400,0
2026-02-28 20:00:00,29.485,30.517,29.373,30.296,1296567.85,2026-02-28 20:59:59.999,38910957.5008,141372,739336.19,22179256.0588000,0
2026-02-28 21:00:00,30.296,30.75,30.012,30.548,881101.08,2026-02-28 21:59:59.999,26817208.28286,137865,458926.23,13973700.7990900,0
2026-02-28 22:00:00,30.549,31.034,30.434,30.714,812883.71,2026-02-28 22:59:59.999,25005670.4195,96267,403736.09,12424796.3119400,0
2026-02-28 23:00:00,30.708,31.4,30.707,31.204,793884.2,2026-02-28 23:59:59.999,24634959.4089,107362,445065.95,13818719.3206100,0
2026-03-01 00:00:00,31.204,31.3,30.502,30.635,819411.11,2026-03-01 00:59:59.999,25288397.76495,99447,295151.06,9112562.1930800,0
