timestamp,value,datetime
1735689600,0.0001,2025-01-01 00:00:00+00:00
1735718400,0.0001,2025-01-01 08:00:00+00:00
1735747200,0.0001,2025-01-01 16:00:00+00:00
1735776000,0.0001,2025-01-02 00:00:00+00:00
1735804800,0.0001,2025-01-02 08:00:00+00:00
1735822800,0.0001,2025-01-02 13:00:00+00:00
1735833600,0.0001,2025-01-02 16:00:00+00:00
1735862400,0.0001,2025-01-03 00:00:00+00:00
1735891200,0.0001,2025-01-03 08:00:00+00:00
1735920000,0.0001,2025-01-03 16:00:00+00:00
1735948800,0.0001,2025-01-04 00:00:00+00:00
1735977600,0.0001,2025-01-04 08:00:00+00:00
1736006400,0.0001,2025-01-04 16:00:00+00:00
1736035200,0.0001,2025-01-05 00:00:00+00:00
1736064000,0.0001,2025-01-05 08:00:00+00:00
1736092800,0.0001,2025-01-05 16:00:00+00:00
1736121600,0.0001,2025-01-06 00:00:00+00:00
1736150400,0.0001,2025-01-06 08:00:00+00:00
1736179200,0.0001,2025-01-06 16:00:00+00:00
1736208000,0.0001,2025-01-07 00:00:00+00:00
1736236800,0.0001,2025-01-07 08:00:00+00:00
1736247600,0.0001,2025-01-07 11:00:00+00:00
1736265600,0.0001,2025-01-07 16:00:00+00:00
1736290800,9.658e-05,2025-01-07 23:00:00+00:00
1736294400,8.882e-05,2025-01-08 00:00:00+00:00
1736298000,7.113e-05,2025-01-08 01:00:00+00:00
1736301600,7.02e-05,2025-01-08 02:00:00+00:00
1736305200,8.147e-05,2025-01-08 03:00:00+00:00
1736308800,0.0001,2025-01-08 04:00:00+00:00
1736323200,0.0001,2025-01-08 08:00:00+00:00
1736352000,0.0001,2025-01-08 16:00:00+00:00
1736373600,9.416e-05,2025-01-08 22:00:00+00:00
1736377200,6.675e-05,2025-01-08 23:00:00+00:00
1736380800,5.5e-05,2025-01-09 00:00:00+00:00
1736384400,4.031e-05,2025-01-09 01:00:00+00:00
1736388000,5.296e-05,2025-01-09 02:00:00+00:00
1736391600,7.538e-05,2025-01-09 03:00:00+00:00
1736395200,0.0001,2025-01-09 04:00:00+00:00
1736409600,0.0001,2025-01-09 08:00:00+00:00
1736438400,8.124e-05,2025-01-09 16:00:00+00:00
1736442000,6.029e-05,2025-01-09 17:00:00+00:00
1736445600,7.571e-05,2025-01-09 18:00:00+00:00
1736449200,8.046e-05,2025-01-09 19:00:00+00:00
1736452800,5.411e-05,2025-01-09 20:00:00+00:00
1736456400,4.907e-05,2025-01-09 21:00:00+00:00
1736460000,6.181e-05,2025-01-09 22:00:00+00:00
1736463600,7.566e-05,2025-01-09 23:00:00+00:00
1736467200,8.653e-05,2025-01-10 00:00:00+00:00
1736470800,9.273e-05,2025-01-10 01:00:00+00:00
1736474400,7.051e-05,2025-01-10 02:00:00+00:00
1736478000,6.571e-05,2025-01-10 03:00:00+00:00
1736481600,6.402e-05,2025-01-10 04:00:00+00:00
1736485200,6.912e-05,2025-01-10 05:00:00+00:00
1736488800,6.226e-05,2025-01-10 06:00:00+00:00
1736492400,6.112e-05,2025-01-10 07:00:00+00:00
1736496000,6.554e-05,2025-01-10 08:00:00+00:00
1736499600,7.321e-05,2025-01-10 09:00:00+00:00
1736503200,8.299e-05,2025-01-10 10:00:00+00:00
1736506800,8.409e-05,2025-01-10 11:00:00+00:00
1736510400,8.996e-05,2025-01-10 12:00:00+00:00
1736514000,9.917e-05,2025-01-10 13:00:00+00:00
1736517600,0.0001,2025-01-10 14:00:00+00:00
1736524800,0.0001,2025-01-10 16:00:00+00:00
1736532000,8.342e-05,2025-01-10 18:00:00+00:00
1736535600,6.777e-05,2025-01-10 19:00:00+00:00
1736539200,6.21e-05,2025-01-10 20:00:00+00:00
1736542800,7.432e-05,2025-01-10 21:00:00+00:00
1736546400,7.261e-05,2025-01-10 22:00:00+00:00
1736550000,6.574e-05,2025-01-10 23:00:00+00:00
1736553600,8.015e-05,2025-01-11 00:00:00+00:00
1736557200,8.607e-05,2025-01-11 01:00:00+00:00
1736560800,8.397e-05,2025-01-11 02:00:00+00:00
1736564400,8.575e-05,2025-01-11 03:00:00+00:00
1736568000,9.405e-05,2025-01-11 04:00:00+00:00
1736571600,8.596e-05,2025-01-11 05:00:00+00:00
1736575200,6.439e-05,2025-01-11 06:00:00+00:00
1736578800,5.626e-05,2025-01-11 07:00:00+00:00
1736582400,6.854e-05,2025-01-11 08:00:00+00:00
1736586000,9.768e-05,2025-01-11 09:00:00+00:00
1736589600,0.0001,2025-01-11 10:00:00+00:00
1736611200,0.0001,2025-01-11 16:00:00+00:00
1736640000,0.0001,2025-01-12 00:00:00+00:00
1736668800,0.0001,2025-01-12 08:00:00+00:00
1736676000,9.035e-05,2025-01-12 10:00:00+00:00
1736679600,6.778e-05,2025-01-12 11:00:00+00:00
1736683200,4.448e-05,2025-01-12 12:00:00+00:00
1736686800,5.888e-05,2025-01-12 13:00:00+00:00
1736690400,6.501e-05,2025-01-12 14:00:00+00:00
1736694000,8.061e-05,2025-01-12 15:00:00+00:00
1736697600,0.0001,2025-01-12 16:00:00+00:00
1736726400,0.0001,2025-01-13 00:00:00+00:00
1736744400,9.921e-05,2025-01-13 05:00:00+00:00
1736748000,9.994e-05,2025-01-13 06:00:00+00:00
1736751600,9.353e-05,2025-01-13 07:00:00+00:00
1736755200,5.16e-05,2025-01-13 08:00:00+00:00
1736758800,-4.449e-05,2025-01-13 09:00:00+00:00
1736762400,-0.0001361,2025-01-13 10:00:00+00:00
1736766000,-0.00016102,2025-01-13 11:00:00+00:00
1736769600,-6.428e-05,2025-01-13 12:00:00+00:00
1736773200,1.87e-06,2025-01-13 13:00:00+00:00
1736776800,3.452e-05,2025-01-13 14:00:00+00:00
1736780400,3.402e-05,2025-01-13 15:00:00+00:00
1736784000,5.199e-05,2025-01-13 16:00:00+00:00
1736787600,6.214e-05,2025-01-13 17:00:00+00:00
1736791200,6.375e-05,2025-01-13 18:00:00+00:00
1736794800,5.899e-05,2025-01-13 19:00:00+00:00
1736798400,6.007e-05,2025-01-13 20:00:00+00:00
1736802000,5.519e-05,2025-01-13 21:00:00+00:00
1736805600,5.27e-05,2025-01-13 22:00:00+00:00
1736809200,5.423e-05,2025-01-13 23:00:00+00:00
1736812800,5.288e-05,2025-01-14 00:00:00+00:00
1736816400,5.667e-05,2025-01-14 01:00:00+00:00
1736820000,5.755e-05,2025-01-14 02:00:00+00:00
1736823600,5.905e-05,2025-01-14 03:00:00+00:00
1736827200,6.965e-05,2025-01-14 04:00:00+00:00
1736830800,6.004e-05,2025-01-14 05:00:00+00:00
1736834400,6.815e-05,2025-01-14 06:00:00+00:00
1736838000,7.452e-05,2025-01-14 07:00:00+00:00
1736841600,8.223e-05,2025-01-14 08:00:00+00:00
1736845200,8.771e-05,2025-01-14 09:00:00+00:00
1736848800,8.784e-05,2025-01-14 10:00:00+00:00
1736852400,9.745e-05,2025-01-14 11:00:00+00:00
1736856000,9.606e-05,2025-01-14 12:00:00+00:00
1736859600,9.098e-05,2025-01-14 13:00:00+00:00
1736863200,8.043e-05,2025-01-14 14:00:00+00:00
1736866800,7.652e-05,2025-01-14 15:00:00+00:00
1736870400,9.169e-05,2025-01-14 16:00:00+00:00
1736874000,9.634e-05,2025-01-14 17:00:00+00:00
1736877600,8.331e-05,2025-01-14 18:00:00+00:00
1736881200,6.432e-05,2025-01-14 19:00:00+00:00
1736884800,5.342e-05,2025-01-14 20:00:00+00:00
1736888400,5.072e-05,2025-01-14 21:00:00+00:00
1736892000,5.508e-05,2025-01-14 22:00:00+00:00
1736895600,4.563e-05,2025-01-14 23:00:00+00:00
1736899200,3.509e-05,2025-01-15 00:00:00+00:00
1736902800,3.589e-05,2025-01-15 01:00:00+00:00
1736906400,3.18e-05,2025-01-15 02:00:00+00:00
1736910000,4.773e-05,2025-01-15 03:00:00+00:00
1736913600,4.727e-05,2025-01-15 04:00:00+00:00
1736917200,5.734e-05,2025-01-15 05:00:00+00:00
1736920800,6.061e-05,2025-01-15 06:00:00+00:00
1736924400,5.973e-05,2025-01-15 07:00:00+00:00
1736928000,5.764e-05,2025-01-15 08:00:00+00:00
1736931600,5.34e-05,2025-01-15 09:00:00+00:00
1736935200,5.764e-05,2025-01-15 10:00:00+00:00
1736938800,7.505e-05,2025-01-15 11:00:00+00:00
1736942400,8.306e-05,2025-01-15 12:00:00+00:00
1736946000,6.156e-05,2025-01-15 13:00:00+00:00
1736949600,5.48e-05,2025-01-15 14:00:00+00:00
1736953200,5.443e-05,2025-01-15 15:00:00+00:00
1736956800,5.896e-05,2025-01-15 16:00:00+00:00
1736960400,6.322e-05,2025-01-15 17:00:00+00:00
1736964000,6.664e-05,2025-01-15 18:00:00+00:00
1736967600,8.884e-05,2025-01-15 19:00:00+00:00
1736971200,0.0001,2025-01-15 20:00:00+00:00
1736985600,0.0001,2025-01-16 00:00:00+00:00
1737010800,8.365e-05,2025-01-16 07:00:00+00:00
1737014400,5.094e-05,2025-01-16 08:00:00+00:00
1737018000,3.644e-05,2025-01-16 09:00:00+00:00
1737021600,2.408e-05,2025-01-16 10:00:00+00:00
1737025200,3.216e-05,2025-01-16 11:00:00+00:00
1737028800,2.552e-05,2025-01-16 12:00:00+00:00
1737032400,2.569e-05,2025-01-16 13:00:00+00:00
1737036000,3.627e-05,2025-01-16 14:00:00+00:00
1737039600,5.161e-05,2025-01-16 15:00:00+00:00
1737043200,6.959e-05,2025-01-16 16:00:00+00:00
1737046800,9.138e-05,2025-01-16 17:00:00+00:00
1737050400,0.0001,2025-01-16 18:00:00+00:00
1737072000,0.0001,2025-01-17 00:00:00+00:00
1737100800,0.0001,2025-01-17 08:00:00+00:00
1737129600,0.0001,2025-01-17 16:00:00+00:00
1737158400,0.0001,2025-01-18 00:00:00+00:00
1737165600,8.181e-05,2025-01-18 02:00:00+00:00
1737169200,7.834e-05,2025-01-18 03:00:00+00:00
1737172800,8.764e-05,2025-01-18 04:00:00+00:00
1737176400,7.61e-05,2025-01-18 05:00:00+00:00
1737180000,0.0001,2025-01-18 06:00:00+00:00
1737187200,0.0001,2025-01-18 08:00:00+00:00
1737208800,9.983e-05,2025-01-18 14:00:00+00:00
1737212400,0.0001,2025-01-18 15:00:00+00:00
1737216000,0.0001,2025-01-18 16:00:00+00:00
1737244800,0.0001,2025-01-19 00:00:00+00:00
1737273600,0.0001,2025-01-19 08:00:00+00:00
1737302400,0.0001,2025-01-19 16:00:00+00:00
1737331200,0.0001,2025-01-20 00:00:00+00:00
1737360000,0.0001,2025-01-20 08:00:00+00:00
1737388800,0.0001,2025-01-20 16:00:00+00:00
1737392400,0.0001,2025-01-20 17:00:00+00:00
1737417600,0.0001,2025-01-21 00:00:00+00:00
1737446400,0.0001,2025-01-21 08:00:00+00:00
1737475200,0.0001,2025-01-21 16:00:00+00:00
1737504000,0.0001,2025-01-22 00:00:00+00:00
1737532800,0.0001,2025-01-22 08:00:00+00:00
1737561600,0.0001,2025-01-22 16:00:00+00:00
1737590400,0.0001,2025-01-23 00:00:00+00:00
1737619200,0.0001,2025-01-23 08:00:00+00:00
1737648000,0.0001,2025-01-23 16:00:00+00:00
1737676800,0.0001,2025-01-24 00:00:00+00:00
1737705600,0.0001,2025-01-24 08:00:00+00:00
1737734400,0.0001,2025-01-24 16:00:00+00:00
1737752400,9.278e-05,2025-01-24 21:00:00+00:00
1737756000,8.026e-05,2025-01-24 22:00:00+00:00
1737759600,6.881e-05,2025-01-24 23:00:00+00:00
1737763200,6.089e-05,2025-01-25 00:00:00+00:00
1737766800,5.928e-05,2025-01-25 01:00:00+00:00
1737770400,6.083e-05,2025-01-25 02:00:00+00:00
1737774000,6.968e-05,2025-01-25 03:00:00+00:00
1737777600,6.221e-05,2025-01-25 04:00:00+00:00
1737781200,8.072e-05,2025-01-25 05:00:00+00:00
1737784800,8.415e-05,2025-01-25 06:00:00+00:00
1737788400,7.096e-05,2025-01-25 07:00:00+00:00
1737792000,7.454e-05,2025-01-25 08:00:00+00:00
1737795600,8.013e-05,2025-01-25 09:00:00+00:00
1737799200,8.392e-05,2025-01-25 10:00:00+00:00
1737802800,8.638e-05,2025-01-25 11:00:00+00:00
1737806400,8.192e-05,2025-01-25 12:00:00+00:00
1737810000,8.386e-05,2025-01-25 13:00:00+00:00
1737813600,8.218e-05,2025-01-25 14:00:00+00:00
1737817200,8.469e-05,2025-01-25 15:00:00+00:00
1737820800,7.136e-05,2025-01-25 16:00:00+00:00
1737824400,6.848e-05,2025-01-25 17:00:00+00:00
1737828000,6.728e-05,2025-01-25 18:00:00+00:00
1737831600,6.403e-05,2025-01-25 19:00:00+00:00
1737835200,6.334e-05,2025-01-25 20:00:00+00:00
1737838800,7.25e-05,2025-01-25 21:00:00+00:00
1737842400,8.4e-05,2025-01-25 22:00:00+00:00
1737846000,9.556e-05,2025-01-25 23:00:00+00:00
1737849600,0.0001,2025-01-26 00:00:00+00:00
1737874800,9.682e-05,2025-01-26 07:00:00+00:00
1737878400,8.671e-05,2025-01-26 08:00:00+00:00
1737882000,7.004e-05,2025-01-26 09:00:00+00:00
1737885600,6.77e-05,2025-01-26 10:00:00+00:00
1737889200,6.085e-05,2025-01-26 11:00:00+00:00
1737892800,5.077e-05,2025-01-26 12:00:00+00:00
1737896400,5.141e-05,2025-01-26 13:00:00+00:00
1737900000,4.641e-05,2025-01-26 14:00:00+00:00
1737903600,3.839e-05,2025-01-26 15:00:00+00:00
1737907200,4.036e-05,2025-01-26 16:00:00+00:00
1737910800,4.55e-05,2025-01-26 17:00:00+00:00
1737914400,5.083e-05,2025-01-26 18:00:00+00:00
1737918000,5.804e-05,2025-01-26 19:00:00+00:00
1737921600,6.155e-05,2025-01-26 20:00:00+00:00
1737925200,5.143e-05,2025-01-26 21:00:00+00:00
1737928800,3.473e-05,2025-01-26 22:00:00+00:00
1737932400,-1.93e-06,2025-01-26 23:00:00+00:00
1737936000,-1.53e-05,2025-01-27 00:00:00+00:00
1737939600,-1.596e-05,2025-01-27 01:00:00+00:00
1737943200,-1.743e-05,2025-01-27 02:00:00+00:00
1737946800,-9.9e-06,2025-01-27 03:00:00+00:00
1737950400,-7.81e-06,2025-01-27 04:00:00+00:00
1737954000,6.34e-06,2025-01-27 05:00:00+00:00
1737957600,1.86e-05,2025-01-27 06:00:00+00:00
1737961200,3.975e-05,2025-01-27 07:00:00+00:00
1737964800,3.2e-05,2025-01-27 08:00:00+00:00
1737968400,3.89e-05,2025-01-27 09:00:00+00:00
1737972000,3.224e-05,2025-01-27 10:00:00+00:00
1737975600,2.586e-05,2025-01-27 11:00:00+00:00
1737979200,2.816e-05,2025-01-27 12:00:00+00:00
1737982800,2.108e-05,2025-01-27 13:00:00+00:00
1737986400,2.95e-05,2025-01-27 14:00:00+00:00
1737990000,3.094e-05,2025-01-27 15:00:00+00:00
1737993600,4.218e-05,2025-01-27 16:00:00+00:00
1737997200,7.083e-05,2025-01-27 17:00:00+00:00
1738000800,8.817e-05,2025-01-27 18:00:00+00:00
1738004400,0.0001,2025-01-27 19:00:00+00:00
1738022400,0.0001,2025-01-28 00:00:00+00:00
1738029600,9.536e-05,2025-01-28 02:00:00+00:00
1738033200,8.125e-05,2025-01-28 03:00:00+00:00
1738036800,6.5e-05,2025-01-28 04:00:00+00:00
1738040400,5.88e-05,2025-01-28 05:00:00+00:00
1738044000,5.712e-05,2025-01-28 06:00:00+00:00
1738047600,4.071e-05,2025-01-28 07:00:00+00:00
1738051200,5.481e-05,2025-01-28 08:00:00+00:00
1738054800,6.761e-05,2025-01-28 09:00:00+00:00
1738058400,6.832e-05,2025-01-28 10:00:00+00:00
1738062000,5.851e-05,2025-01-28 11:00:00+00:00
1738065600,5.113e-05,2025-01-28 12:00:00+00:00
1738069200,4.859e-05,2025-01-28 13:00:00+00:00
1738072800,6.162e-05,2025-01-28 14:00:00+00:00
1738076400,5.829e-05,2025-01-28 15:00:00+00:00
1738080000,5.659e-05,2025-01-28 16:00:00+00:00
1738083600,6.881e-05,2025-01-28 17:00:00+00:00
1738087200,7.758e-05,2025-01-28 18:00:00+00:00
1738090800,0.0001,2025-01-28 19:00:00+00:00
1738108800,0.0001,2025-01-29 00:00:00+00:00
1738119600,9.112e-05,2025-01-29 03:00:00+00:00
1738123200,8.076e-05,2025-01-29 04:00:00+00:00
1738126800,7.795e-05,2025-01-29 05:00:00+00:00
1738130400,7.207e-05,2025-01-29 06:00:00+00:00
1738134000,6.567e-05,2025-01-29 07:00:00+00:00
1738137600,7.28e-05,2025-01-29 08:00:00+00:00
1738141200,9.494e-05,2025-01-29 09:00:00+00:00
1738144800,0.0001,2025-01-29 10:00:00+00:00
1738159200,9.519e-05,2025-01-29 14:00:00+00:00
1738162800,8.692e-05,2025-01-29 15:00:00+00:00
1738166400,8.264e-05,2025-01-29 16:00:00+00:00
1738170000,8.98e-05,2025-01-29 17:00:00+00:00
1738173600,9.904e-05,2025-01-29 18:00:00+00:00
1738177200,0.0001,2025-01-29 19:00:00+00:00
1738180800,8.845e-05,2025-01-29 20:00:00+00:00
1738184400,7.205e-05,2025-01-29 21:00:00+00:00
1738188000,4.969e-05,2025-01-29 22:00:00+00:00
1738191600,2.258e-05,2025-01-29 23:00:00+00:00
1738195200,1.545e-05,2025-01-30 00:00:00+00:00
1738198800,2.193e-05,2025-01-30 01:00:00+00:00
1738202400,3.718e-05,2025-01-30 02:00:00+00:00
1738206000,6.218e-05,2025-01-30 03:00:00+00:00
1738209600,8.532e-05,2025-01-30 04:00:00+00:00
1738213200,0.0001,2025-01-30 05:00:00+00:00
1738224000,0.0001,2025-01-30 08:00:00+00:00
1738234800,9.826e-05,2025-01-30 11:00:00+00:00
1738238400,9.583e-05,2025-01-30 12:00:00+00:00
1738242000,0.0001,2025-01-30 13:00:00+00:00
1738245600,8.889e-05,2025-01-30 14:00:00+00:00
1738249200,7.152e-05,2025-01-30 15:00:00+00:00
1738252800,7.023e-05,2025-01-30 16:00:00+00:00
1738256400,6.769e-05,2025-01-30 17:00:00+00:00
1738260000,7.068e-05,2025-01-30 18:00:00+00:00
1738263600,7.552e-05,2025-01-30 19:00:00+00:00
1738267200,7.183e-05,2025-01-30 20:00:00+00:00
1738270800,8.825e-05,2025-01-30 21:00:00+00:00
1738274400,9.572e-05,2025-01-30 22:00:00+00:00
1738278000,9.412e-05,2025-01-30 23:00:00+00:00
1738281600,0.0001,2025-01-31 00:00:00+00:00
1738285200,0.0001,2025-01-31 01:00:00+00:00
1738288800,9.703e-05,2025-01-31 02:00:00+00:00
1738292400,9.174e-05,2025-01-31 03:00:00+00:00
1738296000,7.917e-05,2025-01-31 04:00:00+00:00
1738299600,7.743e-05,2025-01-31 05:00:00+00:00
1738303200,8.323e-05,2025-01-31 06:00:00+00:00
1738306800,7.998e-05,2025-01-31 07:00:00+00:00
1738310400,5.642e-05,2025-01-31 08:00:00+00:00
1738314000,5.929e-05,2025-01-31 09:00:00+00:00
1738317600,9.389e-05,2025-01-31 10:00:00+00:00
1738321200,0.0001,2025-01-31 11:00:00+00:00
1738339200,0.0001,2025-01-31 16:00:00+00:00
1738360800,8.681e-05,2025-01-31 22:00:00+00:00
1738364400,8.42e-05,2025-01-31 23:00:00+00:00
1738368000,8.928e-05,2025-02-01 00:00:00+00:00
1738371600,8.946e-05,2025-02-01 01:00:00+00:00
1738375200,9.654e-05,2025-02-01 02:00:00+00:00
1738378800,0.0001,2025-02-01 03:00:00+00:00
1738393200,9.742e-05,2025-02-01 07:00:00+00:00
1738396800,9.994e-05,2025-02-01 08:00:00+00:00
1738400400,9.551e-05,2025-02-01 09:00:00+00:00
1738404000,8.145e-05,2025-02-01 10:00:00+00:00
1738407600,7.547e-05,2025-02-01 11:00:00+00:00
1738411200,6.093e-05,2025-02-01 12:00:00+00:00
1738414800,5.362e-05,2025-02-01 13:00:00+00:00
1738418400,4.329e-05,2025-02-01 14:00:00+00:00
1738422000,3.584e-05,2025-02-01 15:00:00+00:00
1738425600,2.991e-05,2025-02-01 16:00:00+00:00
1738429200,3.249e-05,2025-02-01 17:00:00+00:00
1738432800,3.066e-05,2025-02-01 18:00:00+00:00
1738436400,3.691e-05,2025-02-01 19:00:00+00:00
1738440000,5.405e-05,2025-02-01 20:00:00+00:00
1738443600,4.861e-05,2025-02-01 21:00:00+00:00
1738447200,5.497e-05,2025-02-01 22:00:00+00:00
1738450800,7.576e-05,2025-02-01 23:00:00+00:00
1738454400,8.392e-05,2025-02-02 00:00:00+00:00
1738458000,9.355e-05,2025-02-02 01:00:00+00:00
1738461600,0.0001,2025-02-02 02:00:00+00:00
1738483200,0.0001,2025-02-02 08:00:00+00:00
1738497600,9.055e-05,2025-02-02 12:00:00+00:00
1738501200,7.259e-05,2025-02-02 13:00:00+00:00
1738504800,4.667e-05,2025-02-02 14:00:00+00:00
1738508400,2.626e-05,2025-02-02 15:00:00+00:00
1738512000,2.82e-06,2025-02-02 16:00:00+00:00
1738515600,3.7e-06,2025-02-02 17:00:00+00:00
1738519200,1.009e-05,2025-02-02 18:00:00+00:00
1738522800,3.954e-05,2025-02-02 19:00:00+00:00
1738526400,5.052e-05,2025-02-02 20:00:00+00:00
1738530000,5.341e-05,2025-02-02 21:00:00+00:00
1738533600,4.863e-05,2025-02-02 22:00:00+00:00
1738537200,3.31e-05,2025-02-02 23:00:00+00:00
1738540800,4.127e-05,2025-02-03 00:00:00+00:00
1738544400,9.575e-05,2025-02-03 01:00:00+00:00
1738548000,3.164e-05,2025-02-03 02:00:00+00:00
1738551600,1.807e-05,2025-02-03 03:00:00+00:00
1738555200,-4.37e-06,2025-02-03 04:00:00+00:00
1738558800,1.177e-05,2025-02-03 05:00:00+00:00
1738562400,-5.505e-05,2025-02-03 06:00:00+00:00
1738566000,-0.00016402,2025-02-03 07:00:00+00:00
1738569600,-0.00021027,2025-02-03 08:00:00+00:00
1738573200,-0.00022343,2025-02-03 09:00:00+00:00
1738576800,-0.00018463,2025-02-03 10:00:00+00:00
1738580400,-0.00019566,2025-02-03 11:00:00+00:00
1738584000,-0.0002275,2025-02-03 12:00:00+00:00
1738587600,-0.00023911,2025-02-03 13:00:00+00:00
1738591200,-0.00024239,2025-02-03 14:00:00+00:00
1738594800,-0.00025061,2025-02-03 15:00:00+00:00
1738598400,-0.00025806,2025-02-03 16:00:00+00:00
1738602000,-0.00026492,2025-02-03 17:00:00+00:00
1738605600,-0.00025413,2025-02-03 18:00:00+00:00
1738609200,-0.000244,2025-02-03 19:00:00+00:00
1738612800,-0.00021521,2025-02-03 20:00:00+00:00
1738616400,-0.0001713,2025-02-03 21:00:00+00:00
1738620000,-0.00015661,2025-02-03 22:00:00+00:00
1738623600,-0.00010796,2025-02-03 23:00:00+00:00
1738627200,-5.986e-05,2025-02-04 00:00:00+00:00
1738630800,-1.523e-05,2025-02-04 01:00:00+00:00
1738634400,1.072e-05,2025-02-04 02:00:00+00:00
1738638000,4.909e-05,2025-02-04 03:00:00+00:00
1738641600,6.506e-05,2025-02-04 04:00:00+00:00
1738645200,5.593e-05,2025-02-04 05:00:00+00:00
1738648800,4.569e-05,2025-02-04 06:00:00+00:00
1738652400,1.07e-05,2025-02-04 07:00:00+00:00
1738656000,-2.77e-06,2025-02-04 08:00:00+00:00
1738659600,-2.502e-05,2025-02-04 09:00:00+00:00
1738663200,-4.323e-05,2025-02-04 10:00:00+00:00
1738666800,-4.792e-05,2025-02-04 11:00:00+00:00
1738670400,-5.069e-05,2025-02-04 12:00:00+00:00
1738674000,-5.395e-05,2025-02-04 13:00:00+00:00
1738677600,-5.512e-05,2025-02-04 14:00:00+00:00
1738681200,-8.104e-05,2025-02-04 15:00:00+00:00
1738684800,-8.988e-05,2025-02-04 16:00:00+00:00
1738688400,-9.057e-05,2025-02-04 17:00:00+00:00
1738692000,-8.256e-05,2025-02-04 18:00:00+00:00
1738695600,-9.247e-05,2025-02-04 19:00:00+00:00
1738699200,-8.149e-05,2025-02-04 20:00:00+00:00
1738702800,-9.596e-05,2025-02-04 21:00:00+00:00
1738706400,-0.00010984,2025-02-04 22:00:00+00:00
1738710000,-8.329e-05,2025-02-04 23:00:00+00:00
1738713600,-6.762e-05,2025-02-05 00:00:00+00:00
1738717200,-4.481e-05,2025-02-05 01:00:00+00:00
1738720800,-7.85e-06,2025-02-05 02:00:00+00:00
1738724400,8e-06,2025-02-05 03:00:00+00:00
1738728000,3.198e-05,2025-02-05 04:00:00+00:00
1738731600,5.768e-05,2025-02-05 05:00:00+00:00
1738735200,5.523e-05,2025-02-05 06:00:00+00:00
1738738800,5.752e-05,2025-02-05 07:00:00+00:00
1738742400,4.019e-05,2025-02-05 08:00:00+00:00
1738746000,7.17e-06,2025-02-05 09:00:00+00:00
1738749600,-1.575e-05,2025-02-05 10:00:00+00:00
1738753200,-3.928e-05,2025-02-05 11:00:00+00:00
1738756800,-6.007e-05,2025-02-05 12:00:00+00:00
1738760400,-6.128e-05,2025-02-05 13:00:00+00:00
1738764000,-4.977e-05,2025-02-05 14:00:00+00:00
1738767600,-2.452e-05,2025-02-05 15:00:00+00:00
1738771200,-6.8e-07,2025-02-05 16:00:00+00:00
1738774800,-2e-08,2025-02-05 17:00:00+00:00
1738778400,1.294e-05,2025-02-05 18:00:00+00:00
1738782000,3.907e-05,2025-02-05 19:00:00+00:00
1738785600,3.905e-05,2025-02-05 20:00:00+00:00
1738789200,3.76e-05,2025-02-05 21:00:00+00:00
1738792800,3.298e-05,2025-02-05 22:00:00+00:00
1738796400,4.904e-05,2025-02-05 23:00:00+00:00
1738800000,4.316e-05,2025-02-06 00:00:00+00:00
1738803600,2.699e-05,2025-02-06 01:00:00+00:00
1738807200,1.729e-05,2025-02-06 02:00:00+00:00
1738810800,1.178e-05,2025-02-06 03:00:00+00:00
1738814400,5.21e-06,2025-02-06 04:00:00+00:00
1738818000,-4.78e-06,2025-02-06 05:00:00+00:00
1738821600,-7.31e-06,2025-02-06 06:00:00+00:00
1738825200,-5.33e-06,2025-02-06 07:00:00+00:00
1738828800,1.403e-05,2025-02-06 08:00:00+00:00
1738832400,2.113e-05,2025-02-06 09:00:00+00:00
1738836000,4.21e-06,2025-02-06 10:00:00+00:00
1738839600,-2.307e-05,2025-02-06 11:00:00+00:00
1738843200,-4.015e-05,2025-02-06 12:00:00+00:00
1738846800,-5.488e-05,2025-02-06 13:00:00+00:00
1738850400,-7.278e-05,2025-02-06 14:00:00+00:00
1738854000,-7.747e-05,2025-02-06 15:00:00+00:00
1738857600,-6.718e-05,2025-02-06 16:00:00+00:00
1738861200,-5.349e-05,2025-02-06 17:00:00+00:00
1738864800,-3.231e-05,2025-02-06 18:00:00+00:00
1738868400,-1.327e-05,2025-02-06 19:00:00+00:00
1738872000,1.963e-05,2025-02-06 20:00:00+00:00
1738875600,2.587e-05,2025-02-06 21:00:00+00:00
1738879200,3.174e-05,2025-02-06 22:00:00+00:00
1738882800,2.477e-05,2025-02-06 23:00:00+00:00
1738886400,2.569e-05,2025-02-07 00:00:00+00:00
1738890000,3.333e-05,2025-02-07 01:00:00+00:00
1738893600,5.71e-06,2025-02-07 02:00:00+00:00
1738897200,-3.8e-06,2025-02-07 03:00:00+00:00
1738900800,-6.11e-06,2025-02-07 04:00:00+00:00
1738904400,5.04e-06,2025-02-07 05:00:00+00:00
1738908000,1.495e-05,2025-02-07 06:00:00+00:00
1738911600,2.918e-05,2025-02-07 07:00:00+00:00
1738915200,4.195e-05,2025-02-07 08:00:00+00:00
1738918800,5.297e-05,2025-02-07 09:00:00+00:00
1738922400,5.183e-05,2025-02-07 10:00:00+00:00
1738926000,4.925e-05,2025-02-07 11:00:00+00:00
1738929600,4.508e-05,2025-02-07 12:00:00+00:00
1738933200,4.221e-05,2025-02-07 13:00:00+00:00
1738936800,1.203e-05,2025-02-07 14:00:00+00:00
1738940400,-1.204e-05,2025-02-07 15:00:00+00:00
1738944000,-1.702e-05,2025-02-07 16:00:00+00:00
1738947600,-3.478e-05,2025-02-07 17:00:00+00:00
1738951200,-4.352e-05,2025-02-07 18:00:00+00:00
1738954800,-3.781e-05,2025-02-07 19:00:00+00:00
1738958400,-4.252e-05,2025-02-07 20:00:00+00:00
1738962000,-2.658e-05,2025-02-07 21:00:00+00:00
1738965600,-1.993e-05,2025-02-07 22:00:00+00:00
1738969200,-1.887e-05,2025-02-07 23:00:00+00:00
1738972800,-1.5e-07,2025-02-08 00:00:00+00:00
1738976400,1.277e-05,2025-02-08 01:00:00+00:00
1738980000,3.13e-05,2025-02-08 02:00:00+00:00
1738983600,3.965e-05,2025-02-08 03:00:00+00:00
1738987200,5.334e-05,2025-02-08 04:00:00+00:00
1738990800,8.076e-05,2025-02-08 05:00:00+00:00
1738994400,8.792e-05,2025-02-08 06:00:00+00:00
1738998000,9.632e-05,2025-02-08 07:00:00+00:00
1739001600,9.507e-05,2025-02-08 08:00:00+00:00
1739005200,9.709e-05,2025-02-08 09:00:00+00:00
1739008800,8.535e-05,2025-02-08 10:00:00+00:00
1739012400,8.217e-05,2025-02-08 11:00:00+00:00
1739016000,8.032e-05,2025-02-08 12:00:00+00:00
1739019600,7.951e-05,2025-02-08 13:00:00+00:00
1739023200,7.477e-05,2025-02-08 14:00:00+00:00
1739026800,6.849e-05,2025-02-08 15:00:00+00:00
1739030400,7.606e-05,2025-02-08 16:00:00+00:00
1739034000,8.604e-05,2025-02-08 17:00:00+00:00
1739037600,6.991e-05,2025-02-08 18:00:00+00:00
1739041200,5.205e-05,2025-02-08 19:00:00+00:00
1739044800,3.906e-05,2025-02-08 20:00:00+00:00
1739048400,2.415e-05,2025-02-08 21:00:00+00:00
1739052000,1.91e-06,2025-02-08 22:00:00+00:00
1739055600,-2.65e-06,2025-02-08 23:00:00+00:00
1739059200,-1.141e-05,2025-02-09 00:00:00+00:00
1739062800,-5.26e-06,2025-02-09 01:00:00+00:00
1739066400,-1.193e-05,2025-02-09 02:00:00+00:00
1739070000,2.13e-06,2025-02-09 03:00:00+00:00
1739073600,1.037e-05,2025-02-09 04:00:00+00:00
1739077200,1.888e-05,2025-02-09 05:00:00+00:00
1739080800,3.705e-05,2025-02-09 06:00:00+00:00
1739084400,5.436e-05,2025-02-09 07:00:00+00:00
1739088000,6.831e-05,2025-02-09 08:00:00+00:00
1739091600,7.05e-05,2025-02-09 09:00:00+00:00
1739095200,8.743e-05,2025-02-09 10:00:00+00:00
1739098800,8.831e-05,2025-02-09 11:00:00+00:00
1739102400,8.215e-05,2025-02-09 12:00:00+00:00
1739106000,7.334e-05,2025-02-09 13:00:00+00:00
1739109600,6.106e-05,2025-02-09 14:00:00+00:00
1739113200,5.04e-05,2025-02-09 15:00:00+00:00
1739116800,5.541e-05,2025-02-09 16:00:00+00:00
1739120400,5.301e-05,2025-02-09 17:00:00+00:00
1739124000,5.446e-05,2025-02-09 18:00:00+00:00
1739127600,4.119e-05,2025-02-09 19:00:00+00:00
1739131200,3.413e-05,2025-02-09 20:00:00+00:00
1739134800,1.172e-05,2025-02-09 21:00:00+00:00
1739138400,3.62e-06,2025-02-09 22:00:00+00:00
1739142000,9.49e-06,2025-02-09 23:00:00+00:00
1739145600,1.805e-05,2025-02-10 00:00:00+00:00
1739149200,9.94e-06,2025-02-10 01:00:00+00:00
1739152800,-1.269e-05,2025-02-10 02:00:00+00:00
1739156400,2.52e-06,2025-02-10 03:00:00+00:00
1739160000,2.67e-05,2025-02-10 04:00:00+00:00
1739163600,4.724e-05,2025-02-10 05:00:00+00:00
1739167200,6.035e-05,2025-02-10 06:00:00+00:00
1739170800,7.129e-05,2025-02-10 07:00:00+00:00
1739174400,8e-05,2025-02-10 08:00:00+00:00
1739178000,5.849e-05,2025-02-10 09:00:00+00:00
1739181600,5.076e-05,2025-02-10 10:00:00+00:00
1739185200,5.905e-05,2025-02-10 11:00:00+00:00
1739188800,6.645e-05,2025-02-10 12:00:00+00:00
1739192400,8.37e-05,2025-02-10 13:00:00+00:00
1739196000,6.477e-05,2025-02-10 14:00:00+00:00
1739199600,5.396e-05,2025-02-10 15:00:00+00:00
1739203200,7.032e-05,2025-02-10 16:00:00+00:00
1739206800,7.837e-05,2025-02-10 17:00:00+00:00
1739210400,6.476e-05,2025-02-10 18:00:00+00:00
1739214000,3.477e-05,2025-02-10 19:00:00+00:00
1739217600,2e-05,2025-02-10 20:00:00+00:00
1739221200,1.357e-05,2025-02-10 21:00:00+00:00
1739224800,3.82e-06,2025-02-10 22:00:00+00:00
1739228400,-6.29e-06,2025-02-10 23:00:00+00:00
1739232000,-4e-08,2025-02-11 00:00:00+00:00
1739235600,8.89e-06,2025-02-11 01:00:00+00:00
1739239200,1.13e-05,2025-02-11 02:00:00+00:00
1739242800,9.82e-06,2025-02-11 03:00:00+00:00
1739246400,1.724e-05,2025-02-11 04:00:00+00:00
1739250000,3.503e-05,2025-02-11 05:00:00+00:00
1739253600,4.307e-05,2025-02-11 06:00:00+00:00
1739257200,4.273e-05,2025-02-11 07:00:00+00:00
1739260800,6.039e-05,2025-02-11 08:00:00+00:00
1739264400,6.287e-05,2025-02-11 09:00:00+00:00
1739268000,5.692e-05,2025-02-11 10:00:00+00:00
1739271600,4.058e-05,2025-02-11 11:00:00+00:00
1739275200,2.759e-05,2025-02-11 12:00:00+00:00
1739278800,9.9e-06,2025-02-11 13:00:00+00:00
1739282400,-9.63e-06,2025-02-11 14:00:00+00:00
1739286000,-1.202e-05,2025-02-11 15:00:00+00:00
1739289600,-5.95e-06,2025-02-11 16:00:00+00:00
1739293200,9.57e-06,2025-02-11 17:00:00+00:00
1739296800,2.575e-05,2025-02-11 18:00:00+00:00
1739300400,5.153e-05,2025-02-11 19:00:00+00:00
1739304000,6.376e-05,2025-02-11 20:00:00+00:00
1739307600,6.492e-05,2025-02-11 21:00:00+00:00
1739311200,6.463e-05,2025-02-11 22:00:00+00:00
1739314800,6.17e-05,2025-02-11 23:00:00+00:00
1739318400,6.142e-05,2025-02-12 00:00:00+00:00
1739322000,5.09e-05,2025-02-12 01:00:00+00:00
1739325600,4.027e-05,2025-02-12 02:00:00+00:00
1739329200,3.096e-05,2025-02-12 03:00:00+00:00
1739332800,2.412e-05,2025-02-12 04:00:00+00:00
1739336400,2.138e-05,2025-02-12 05:00:00+00:00
1739340000,2.567e-05,2025-02-12 06:00:00+00:00
1739343600,3.36e-05,2025-02-12 07:00:00+00:00
1739347200,5.055e-05,2025-02-12 08:00:00+00:00
1739350800,4.826e-05,2025-02-12 09:00:00+00:00
1739354400,6.052e-05,2025-02-12 10:00:00+00:00
1739358000,6.957e-05,2025-02-12 11:00:00+00:00
1739361600,5.93e-05,2025-02-12 12:00:00+00:00
1739365200,5.965e-05,2025-02-12 13:00:00+00:00
1739368800,7.014e-05,2025-02-12 14:00:00+00:00
1739372400,8.407e-05,2025-02-12 15:00:00+00:00
1739376000,8.943e-05,2025-02-12 16:00:00+00:00
1739379600,9.356e-05,2025-02-12 17:00:00+00:00
1739383200,9.337e-05,2025-02-12 18:00:00+00:00
1739386800,8.954e-05,2025-02-12 19:00:00+00:00
1739390400,9.38e-05,2025-02-12 20:00:00+00:00
1739394000,9.73e-05,2025-02-12 21:00:00+00:00
1739397600,0.0001,2025-02-12 22:00:00+00:00
1739401200,9.557e-05,2025-02-12 23:00:00+00:00
1739404800,9.758e-05,2025-02-13 00:00:00+00:00
1739408400,8.826e-05,2025-02-13 01:00:00+00:00
1739412000,0.0001,2025-02-13 02:00:00+00:00
1739433600,0.0001,2025-02-13 08:00:00+00:00
1739437200,9.137e-05,2025-02-13 09:00:00+00:00
1739440800,8.032e-05,2025-02-13 10:00:00+00:00
1739444400,6.317e-05,2025-02-13 11:00:00+00:00
1739448000,4.129e-05,2025-02-13 12:00:00+00:00
1739451600,3.826e-05,2025-02-13 13:00:00+00:00
1739455200,2.199e-05,2025-02-13 14:00:00+00:00
1739458800,1.093e-05,2025-02-13 15:00:00+00:00
1739462400,-2.09e-06,2025-02-13 16:00:00+00:00
1739466000,7.99e-06,2025-02-13 17:00:00+00:00
1739469600,1.99e-05,2025-02-13 18:00:00+00:00
1739473200,1.834e-05,2025-02-13 19:00:00+00:00
1739476800,1.791e-05,2025-02-13 20:00:00+00:00
1739480400,9.04e-06,2025-02-13 21:00:00+00:00
1739484000,-1.52e-06,2025-02-13 22:00:00+00:00
1739487600,2.42e-06,2025-02-13 23:00:00+00:00
1739491200,3.75e-06,2025-02-14 00:00:00+00:00
1739494800,1.892e-05,2025-02-14 01:00:00+00:00
1739498400,2.937e-05,2025-02-14 02:00:00+00:00
1739502000,4.711e-05,2025-02-14 03:00:00+00:00
1739505600,5.33e-05,2025-02-14 04:00:00+00:00
1739509200,6.829e-05,2025-02-14 05:00:00+00:00
1739512800,7.664e-05,2025-02-14 06:00:00+00:00
1739516400,8.246e-05,2025-02-14 07:00:00+00:00
1739520000,9.095e-05,2025-02-14 08:00:00+00:00
1739523600,0.0001,2025-02-14 09:00:00+00:00
1739538000,8.629e-05,2025-02-14 13:00:00+00:00
1739541600,7.655e-05,2025-02-14 14:00:00+00:00
1739545200,7.814e-05,2025-02-14 15:00:00+00:00
1739548800,7.807e-05,2025-02-14 16:00:00+00:00
1739552400,8.427e-05,2025-02-14 17:00:00+00:00
1739556000,8.516e-05,2025-02-14 18:00:00+00:00
1739559600,7.556e-05,2025-02-14 19:00:00+00:00
1739563200,6.007e-05,2025-02-14 20:00:00+00:00
1739566800,4.811e-05,2025-02-14 21:00:00+00:00
1739570400,4.2e-05,2025-02-14 22:00:00+00:00
1739574000,4.412e-05,2025-02-14 23:00:00+00:00
1739577600,4.459e-05,2025-02-15 00:00:00+00:00
1739581200,5.037e-05,2025-02-15 01:00:00+00:00
1739584800,3.71e-05,2025-02-15 02:00:00+00:00
1739588400,2.975e-05,2025-02-15 03:00:00+00:00
1739592000,3.838e-05,2025-02-15 04:00:00+00:00
1739595600,4.397e-05,2025-02-15 05:00:00+00:00
1739599200,3.394e-05,2025-02-15 06:00:00+00:00
1739602800,3.786e-05,2025-02-15 07:00:00+00:00
1739606400,3.43e-05,2025-02-15 08:00:00+00:00
1739610000,2.504e-05,2025-02-15 09:00:00+00:00
1739613600,1.443e-05,2025-02-15 10:00:00+00:00
1739617200,4.77e-06,2025-02-15 11:00:00+00:00
1739620800,9.22e-06,2025-02-15 12:00:00+00:00
1739624400,1.315e-05,2025-02-15 13:00:00+00:00
1739628000,5.01e-06,2025-02-15 14:00:00+00:00
1739631600,8.02e-06,2025-02-15 15:00:00+00:00
1739635200,2.525e-05,2025-02-15 16:00:00+00:00
1739638800,3.147e-05,2025-02-15 17:00:00+00:00
1739642400,3.675e-05,2025-02-15 18:00:00+00:00
1739646000,3.521e-05,2025-02-15 19:00:00+00:00
1739649600,2.9e-05,2025-02-15 20:00:00+00:00
1739653200,3.348e-05,2025-02-15 21:00:00+00:00
1739656800,2.865e-05,2025-02-15 22:00:00+00:00
1739660400,3.859e-05,2025-02-15 23:00:00+00:00
1739664000,3.586e-05,2025-02-16 00:00:00+00:00
1739667600,3.153e-05,2025-02-16 01:00:00+00:00
1739671200,2.597e-05,2025-02-16 02:00:00+00:00
1739674800,2.617e-05,2025-02-16 03:00:00+00:00
1739678400,4.415e-05,2025-02-16 04:00:00+00:00
1739682000,5.669e-05,2025-02-16 05:00:00+00:00
1739685600,6.209e-05,2025-02-16 06:00:00+00:00
1739689200,5.945e-05,2025-02-16 07:00:00+00:00
1739692800,6.939e-05,2025-02-16 08:00:00+00:00
1739696400,6.821e-05,2025-02-16 09:00:00+00:00
1739700000,6.072e-05,2025-02-16 10:00:00+00:00
1739703600,4.741e-05,2025-02-16 11:00:00+00:00
1739707200,4.592e-05,2025-02-16 12:00:00+00:00
1739710800,3.073e-05,2025-02-16 13:00:00+00:00
1739714400,2.621e-05,2025-02-16 14:00:00+00:00
1739718000,3.758e-05,2025-02-16 15:00:00+00:00
1739721600,4.297e-05,2025-02-16 16:00:00+00:00
1739725200,3.199e-05,2025-02-16 17:00:00+00:00
1739728800,2.058e-05,2025-02-16 18:00:00+00:00
1739732400,2.796e-05,2025-02-16 19:00:00+00:00
1739736000,4.146e-05,2025-02-16 20:00:00+00:00
1739739600,4.698e-05,2025-02-16 21:00:00+00:00
1739743200,4.286e-05,2025-02-16 22:00:00+00:00
1739746800,3.661e-05,2025-02-16 23:00:00+00:00
1739750400,4.747e-05,2025-02-17 00:00:00+00:00
1739754000,5.574e-05,2025-02-17 01:00:00+00:00
1739757600,5.501e-05,2025-02-17 02:00:00+00:00
1739761200,4.076e-05,2025-02-17 03:00:00+00:00
1739764800,2.545e-05,2025-02-17 04:00:00+00:00
1739768400,2.28e-05,2025-02-17 05:00:00+00:00
1739772000,4.312e-05,2025-02-17 06:00:00+00:00
1739775600,5.626e-05,2025-02-17 07:00:00+00:00
1739779200,8.297e-05,2025-02-17 08:00:00+00:00
1739782800,0.0001,2025-02-17 09:00:00+00:00
1739808000,8.112e-05,2025-02-17 16:00:00+00:00
1739811600,5.558e-05,2025-02-17 17:00:00+00:00
1739815200,4.217e-05,2025-02-17 18:00:00+00:00
1739818800,2.723e-05,2025-02-17 19:00:00+00:00
1739822400,2.378e-05,2025-02-17 20:00:00+00:00
1739826000,3.6e-05,2025-02-17 21:00:00+00:00
1739829600,4.38e-05,2025-02-17 22:00:00+00:00
1739833200,4.7e-05,2025-02-17 23:00:00+00:00
1739836800,5.042e-05,2025-02-18 00:00:00+00:00
1739840400,4.401e-05,2025-02-18 01:00:00+00:00
1739844000,3.73e-05,2025-02-18 02:00:00+00:00
1739847600,4.03e-05,2025-02-18 03:00:00+00:00
1739851200,3.173e-05,2025-02-18 04:00:00+00:00
1739854800,1.763e-05,2025-02-18 05:00:00+00:00
1739858400,3.83e-06,2025-02-18 06:00:00+00:00
1739862000,-1.595e-05,2025-02-18 07:00:00+00:00
1739865600,-2.938e-05,2025-02-18 08:00:00+00:00
1739869200,-2.673e-05,2025-02-18 09:00:00+00:00
1739872800,-1.86e-05,2025-02-18 10:00:00+00:00
1739876400,1.89e-06,2025-02-18 11:00:00+00:00
1739880000,3.599e-05,2025-02-18 12:00:00+00:00
1739883600,4.825e-05,2025-02-18 13:00:00+00:00
1739887200,5.522e-05,2025-02-18 14:00:00+00:00
1739890800,5.532e-05,2025-02-18 15:00:00+00:00
1739894400,3.231e-05,2025-02-18 16:00:00+00:00
1739898000,2.494e-05,2025-02-18 17:00:00+00:00
1739901600,3.002e-05,2025-02-18 18:00:00+00:00
1739905200,3.951e-05,2025-02-18 19:00:00+00:00
1739908800,4.744e-05,2025-02-18 20:00:00+00:00
1739912400,5.638e-05,2025-02-18 21:00:00+00:00
1739916000,5.644e-05,2025-02-18 22:00:00+00:00
1739919600,4.964e-05,2025-02-18 23:00:00+00:00
1739923200,5.009e-05,2025-02-19 00:00:00+00:00
1739926800,5.758e-05,2025-02-19 01:00:00+00:00
1739930400,6.507e-05,2025-02-19 02:00:00+00:00
1739934000,6.525e-05,2025-02-19 03:00:00+00:00
1739937600,6.44e-05,2025-02-19 04:00:00+00:00
1739941200,7.579e-05,2025-02-19 05:00:00+00:00
1739944800,8.102e-05,2025-02-19 06:00:00+00:00
1739948400,7.336e-05,2025-02-19 07:00:00+00:00
1739952000,5.465e-05,2025-02-19 08:00:00+00:00
1739955600,5.009e-05,2025-02-19 09:00:00+00:00
1739959200,3.974e-05,2025-02-19 10:00:00+00:00
1739962800,4.326e-05,2025-02-19 11:00:00+00:00
1739966400,4.201e-05,2025-02-19 12:00:00+00:00
1739970000,4.735e-05,2025-02-19 13:00:00+00:00
1739973600,4.053e-05,2025-02-19 14:00:00+00:00
1739977200,3.163e-05,2025-02-19 15:00:00+00:00
1739980800,3.441e-05,2025-02-19 16:00:00+00:00
1739984400,2.954e-05,2025-02-19 17:00:00+00:00
1739988000,1.797e-05,2025-02-19 18:00:00+00:00
1739991600,1.893e-05,2025-02-19 19:00:00+00:00
1739995200,1.131e-05,2025-02-19 20:00:00+00:00
1739998800,-4.28e-06,2025-02-19 21:00:00+00:00
1740002400,-7.25e-06,2025-02-19 22:00:00+00:00
1740006000,-2.07e-06,2025-02-19 23:00:00+00:00
1740009600,1.816e-05,2025-02-20 00:00:00+00:00
1740013200,2.079e-05,2025-02-20 01:00:00+00:00
1740016800,3.785e-05,2025-02-20 02:00:00+00:00
1740020400,3.459e-05,2025-02-20 03:00:00+00:00
1740024000,4.582e-05,2025-02-20 04:00:00+00:00
1740027600,5.399e-05,2025-02-20 05:00:00+00:00
1740031200,5.184e-05,2025-02-20 06:00:00+00:00
1740034800,5.629e-05,2025-02-20 07:00:00+00:00
1740038400,5.976e-05,2025-02-20 08:00:00+00:00
1740042000,5.173e-05,2025-02-20 09:00:00+00:00
1740045600,5.866e-05,2025-02-20 10:00:00+00:00
1740049200,5.612e-05,2025-02-20 11:00:00+00:00
1740052800,5.247e-05,2025-02-20 12:00:00+00:00
1740056400,4.281e-05,2025-02-20 13:00:00+00:00
1740060000,5.61e-05,2025-02-20 14:00:00+00:00
1740063600,6.425e-05,2025-02-20 15:00:00+00:00
1740067200,7.006e-05,2025-02-20 16:00:00+00:00
1740070800,8.507e-05,2025-02-20 17:00:00+00:00
1740074400,8.582e-05,2025-02-20 18:00:00+00:00
1740078000,9.02e-05,2025-02-20 19:00:00+00:00
1740081600,7.688e-05,2025-02-20 20:00:00+00:00
1740085200,7.133e-05,2025-02-20 21:00:00+00:00
1740088800,5.109e-05,2025-02-20 22:00:00+00:00
1740092400,3.658e-05,2025-02-20 23:00:00+00:00
1740096000,2.461e-05,2025-02-21 00:00:00+00:00
1740099600,1.76e-05,2025-02-21 01:00:00+00:00
1740103200,1.95e-05,2025-02-21 02:00:00+00:00
1740106800,3.97e-05,2025-02-21 03:00:00+00:00
1740110400,5.925e-05,2025-02-21 04:00:00+00:00
1740114000,7.2e-05,2025-02-21 05:00:00+00:00
1740117600,7.383e-05,2025-02-21 06:00:00+00:00
1740121200,6.62e-05,2025-02-21 07:00:00+00:00
1740124800,7.258e-05,2025-02-21 08:00:00+00:00
1740128400,8.238e-05,2025-02-21 09:00:00+00:00
1740132000,6.215e-05,2025-02-21 10:00:00+00:00
1740135600,4.353e-05,2025-02-21 11:00:00+00:00
1740139200,4.065e-05,2025-02-21 12:00:00+00:00
1740142800,5.578e-05,2025-02-21 13:00:00+00:00
1740146400,6.277e-05,2025-02-21 14:00:00+00:00
1740150000,4.228e-05,2025-02-21 15:00:00+00:00
1740153600,6.428e-05,2025-02-21 16:00:00+00:00
1740157200,8.027e-05,2025-02-21 17:00:00+00:00
1740160800,0.0001,2025-02-21 18:00:00+00:00
1740168000,8.189e-05,2025-02-21 20:00:00+00:00
1740171600,6.637e-05,2025-02-21 21:00:00+00:00
1740175200,6.095e-05,2025-02-21 22:00:00+00:00
1740178800,3.254e-05,2025-02-21 23:00:00+00:00
1740182400,-1.844e-05,2025-02-22 00:00:00+00:00
1740186000,-7.856e-05,2025-02-22 01:00:00+00:00
1740189600,-8.259e-05,2025-02-22 02:00:00+00:00
1740193200,-5.765e-05,2025-02-22 03:00:00+00:00
1740196800,-3.378e-05,2025-02-22 04:00:00+00:00
1740200400,-2.064e-05,2025-02-22 05:00:00+00:00
1740204000,-9.43e-06,2025-02-22 06:00:00+00:00
1740207600,-1.427e-05,2025-02-22 07:00:00+00:00
1740211200,-9.29e-06,2025-02-22 08:00:00+00:00
1740214800,-1.61e-05,2025-02-22 09:00:00+00:00
1740218400,-1.336e-05,2025-02-22 10:00:00+00:00
1740222000,-1.108e-05,2025-02-22 11:00:00+00:00
1740225600,-1.155e-05,2025-02-22 12:00:00+00:00
1740229200,-1.184e-05,2025-02-22 13:00:00+00:00
1740232800,1.246e-05,2025-02-22 14:00:00+00:00
1740236400,3.41e-05,2025-02-22 15:00:00+00:00
1740240000,6.047e-05,2025-02-22 16:00:00+00:00
1740243600,7.29e-05,2025-02-22 17:00:00+00:00
1740247200,9.082e-05,2025-02-22 18:00:00+00:00
1740250800,0.0001,2025-02-22 19:00:00+00:00
1740261600,0.0001,2025-02-22 22:00:00+00:00
1740265200,9.72e-05,2025-02-22 23:00:00+00:00
1740268800,0.0001,2025-02-23 00:00:00+00:00
1740272400,7.602e-05,2025-02-23 01:00:00+00:00
1740276000,7.593e-05,2025-02-23 02:00:00+00:00
1740279600,8.573e-05,2025-02-23 03:00:00+00:00
1740283200,8.673e-05,2025-02-23 04:00:00+00:00
1740286800,5.117e-05,2025-02-23 05:00:00+00:00
1740290400,4.379e-05,2025-02-23 06:00:00+00:00
1740294000,3.83e-05,2025-02-23 07:00:00+00:00
1740297600,5.695e-05,2025-02-23 08:00:00+00:00
1740301200,6.533e-05,2025-02-23 09:00:00+00:00
1740304800,6.166e-05,2025-02-23 10:00:00+00:00
1740308400,5.747e-05,2025-02-23 11:00:00+00:00
1740312000,5.036e-05,2025-02-23 12:00:00+00:00
1740315600,4.279e-05,2025-02-23 13:00:00+00:00
1740319200,1.962e-05,2025-02-23 14:00:00+00:00
1740322800,2.15e-06,2025-02-23 15:00:00+00:00
1740326400,9.25e-06,2025-02-23 16:00:00+00:00
1740330000,3.637e-05,2025-02-23 17:00:00+00:00
1740333600,3.833e-05,2025-02-23 18:00:00+00:00
1740337200,4.341e-05,2025-02-23 19:00:00+00:00
1740340800,6.918e-05,2025-02-23 20:00:00+00:00
1740344400,8.281e-05,2025-02-23 21:00:00+00:00
1740348000,6.179e-05,2025-02-23 22:00:00+00:00
1740351600,7.156e-05,2025-02-23 23:00:00+00:00
1740355200,6.59e-05,2025-02-24 00:00:00+00:00
1740358800,3.528e-05,2025-02-24 01:00:00+00:00
1740362400,7.19e-06,2025-02-24 02:00:00+00:00
1740366000,-8.83e-06,2025-02-24 03:00:00+00:00
1740369600,-5e-07,2025-02-24 04:00:00+00:00
1740373200,4.93e-06,2025-02-24 05:00:00+00:00
1740376800,7.41e-06,2025-02-24 06:00:00+00:00
1740380400,9.52e-06,2025-02-24 07:00:00+00:00
1740384000,4.8e-07,2025-02-24 08:00:00+00:00
1740387600,6.73e-06,2025-02-24 09:00:00+00:00
1740391200,2.063e-05,2025-02-24 10:00:00+00:00
1740394800,2.764e-05,2025-02-24 11:00:00+00:00
1740398400,3.734e-05,2025-02-24 12:00:00+00:00
1740402000,4.425e-05,2025-02-24 13:00:00+00:00
1740405600,2.997e-05,2025-02-24 14:00:00+00:00
1740409200,3.055e-05,2025-02-24 15:00:00+00:00
1740412800,3.442e-05,2025-02-24 16:00:00+00:00
1740416400,4.107e-05,2025-02-24 17:00:00+00:00
1740420000,4.498e-05,2025-02-24 18:00:00+00:00
1740423600,4.143e-05,2025-02-24 19:00:00+00:00
1740427200,3.278e-05,2025-02-24 20:00:00+00:00
1740430800,2.639e-05,2025-02-24 21:00:00+00:00
1740434400,-2.423e-05,2025-02-24 22:00:00+00:00
1740438000,-3.62e-05,2025-02-24 23:00:00+00:00
1740441600,-2.875e-05,2025-02-25 00:00:00+00:00
1740445200,-2.752e-05,2025-02-25 01:00:00+00:00
1740448800,-2.89e-05,2025-02-25 02:00:00+00:00
1740452400,-3.23e-05,2025-02-25 03:00:00+00:00
1740456000,-3.665e-05,2025-02-25 04:00:00+00:00
1740459600,-1.657e-05,2025-02-25 05:00:00+00:00
1740463200,-1.364e-05,2025-02-25 06:00:00+00:00
1740466800,4.71e-06,2025-02-25 07:00:00+00:00
1740470400,-5.3e-07,2025-02-25 08:00:00+00:00
1740474000,-1.394e-05,2025-02-25 09:00:00+00:00
1740477600,5.96e-06,2025-02-25 10:00:00+00:00
1740481200,8.56e-06,2025-02-25 11:00:00+00:00
1740484800,1.7e-07,2025-02-25 12:00:00+00:00
1740488400,-8.11e-06,2025-02-25 13:00:00+00:00
1740492000,1.15e-06,2025-02-25 14:00:00+00:00
1740495600,2.864e-05,2025-02-25 15:00:00+00:00
1740499200,5.547e-05,2025-02-25 16:00:00+00:00
1740502800,7.399e-05,2025-02-25 17:00:00+00:00
1740506400,7.657e-05,2025-02-25 18:00:00+00:00
1740510000,8.225e-05,2025-02-25 19:00:00+00:00
1740513600,6.27e-05,2025-02-25 20:00:00+00:00
1740517200,5.53e-05,2025-02-25 21:00:00+00:00
1740520800,3.234e-05,2025-02-25 22:00:00+00:00
1740524400,1.883e-05,2025-02-25 23:00:00+00:00
1740528000,2.343e-05,2025-02-26 00:00:00+00:00
1740531600,2.297e-05,2025-02-26 01:00:00+00:00
1740535200,2.361e-05,2025-02-26 02:00:00+00:00
1740538800,2.413e-05,2025-02-26 03:00:00+00:00
1740542400,2.72e-05,2025-02-26 04:00:00+00:00
1740546000,4.353e-05,2025-02-26 05:00:00+00:00
1740549600,6.158e-05,2025-02-26 06:00:00+00:00
1740553200,6.162e-05,2025-02-26 07:00:00+00:00
1740556800,4.515e-05,2025-02-26 08:00:00+00:00
1740560400,4.047e-05,2025-02-26 09:00:00+00:00
1740564000,2.673e-05,2025-02-26 10:00:00+00:00
1740567600,9.76e-06,2025-02-26 11:00:00+00:00
1740571200,8.23e-06,2025-02-26 12:00:00+00:00
1740574800,5e-06,2025-02-26 13:00:00+00:00
1740578400,1.674e-05,2025-02-26 14:00:00+00:00
1740582000,3.368e-05,2025-02-26 15:00:00+00:00
1740585600,4.315e-05,2025-02-26 16:00:00+00:00
1740589200,3.518e-05,2025-02-26 17:00:00+00:00
1740592800,1.647e-05,2025-02-26 18:00:00+00:00
1740596400,2.16e-05,2025-02-26 19:00:00+00:00
1740600000,5.291e-05,2025-02-26 20:00:00+00:00
1740603600,6.021e-05,2025-02-26 21:00:00+00:00
1740607200,7.28e-05,2025-02-26 22:00:00+00:00
1740610800,8.449e-05,2025-02-26 23:00:00+00:00
1740614400,8.654e-05,2025-02-27 00:00:00+00:00
1740618000,8.867e-05,2025-02-27 01:00:00+00:00
1740621600,8.296e-05,2025-02-27 02:00:00+00:00
1740625200,9.568e-05,2025-02-27 03:00:00+00:00
1740628800,9.813e-05,2025-02-27 04:00:00+00:00
1740632400,0.0001,2025-02-27 05:00:00+00:00
1740643200,0.0001,2025-02-27 08:00:00+00:00
1740650400,9.809e-05,2025-02-27 10:00:00+00:00
1740654000,7.898e-05,2025-02-27 11:00:00+00:00
1740657600,6.069e-05,2025-02-27 12:00:00+00:00
1740661200,5.47e-05,2025-02-27 13:00:00+00:00
1740664800,4.986e-05,2025-02-27 14:00:00+00:00
1740668400,4.957e-05,2025-02-27 15:00:00+00:00
1740672000,4.583e-05,2025-02-27 16:00:00+00:00
1740675600,6.688e-05,2025-02-27 17:00:00+00:00
1740679200,8.095e-05,2025-02-27 18:00:00+00:00
1740682800,6.144e-05,2025-02-27 19:00:00+00:00
1740686400,3.775e-05,2025-02-27 20:00:00+00:00
1740690000,2.936e-05,2025-02-27 21:00:00+00:00
1740693600,3.586e-05,2025-02-27 22:00:00+00:00
1740697200,4.097e-05,2025-02-27 23:00:00+00:00
1740700800,3.812e-05,2025-02-28 00:00:00+00:00
1740704400,5.33e-06,2025-02-28 01:00:00+00:00
1740708000,-1.361e-05,2025-02-28 02:00:00+00:00
1740711600,-1.423e-05,2025-02-28 03:00:00+00:00
1740715200,-6.14e-06,2025-02-28 04:00:00+00:00
1740718800,5.64e-06,2025-02-28 05:00:00+00:00
1740722400,1.224e-05,2025-02-28 06:00:00+00:00
1740726000,1.118e-05,2025-02-28 07:00:00+00:00
1740729600,2.802e-05,2025-02-28 08:00:00+00:00
1740733200,3.197e-05,2025-02-28 09:00:00+00:00
1740736800,2.361e-05,2025-02-28 10:00:00+00:00
1740740400,1.311e-05,2025-02-28 11:00:00+00:00
1740744000,-3.74e-06,2025-02-28 12:00:00+00:00
1740747600,6.86e-06,2025-02-28 13:00:00+00:00
1740751200,1.97e-06,2025-02-28 14:00:00+00:00
1740754800,1.249e-05,2025-02-28 15:00:00+00:00
1740758400,1.766e-05,2025-02-28 16:00:00+00:00
1740762000,2.431e-05,2025-02-28 17:00:00+00:00
1740765600,5.364e-05,2025-02-28 18:00:00+00:00
1740769200,5.824e-05,2025-02-28 19:00:00+00:00
1740772800,6.67e-05,2025-02-28 20:00:00+00:00
1740776400,6.376e-05,2025-02-28 21:00:00+00:00
1740780000,4.762e-05,2025-02-28 22:00:00+00:00
1740783600,4.853e-05,2025-02-28 23:00:00+00:00
1740787200,3.669e-05,2025-03-01 00:00:00+00:00
1740790800,4.759e-05,2025-03-01 01:00:00+00:00
1740794400,2.989e-05,2025-03-01 02:00:00+00:00
1740798000,6.64e-06,2025-03-01 03:00:00+00:00
1740801600,-1.102e-05,2025-03-01 04:00:00+00:00
1740805200,-2.197e-05,2025-03-01 05:00:00+00:00
1740808800,-1.925e-05,2025-03-01 06:00:00+00:00
1740812400,-1.061e-05,2025-03-01 07:00:00+00:00
1740816000,-6.84e-06,2025-03-01 08:00:00+00:00
1740819600,-1.252e-05,2025-03-01 09:00:00+00:00
1740823200,-5.18e-06,2025-03-01 10:00:00+00:00
1740826800,9.47e-06,2025-03-01 11:00:00+00:00
1740830400,1.522e-05,2025-03-01 12:00:00+00:00
1740834000,3.66e-06,2025-03-01 13:00:00+00:00
1740837600,1.46e-06,2025-03-01 14:00:00+00:00
1740841200,-9.01e-06,2025-03-01 15:00:00+00:00
1740844800,-9.72e-06,2025-03-01 16:00:00+00:00
1740848400,-1.295e-05,2025-03-01 17:00:00+00:00
1740852000,-1.125e-05,2025-03-01 18:00:00+00:00
1740855600,-9.59e-06,2025-03-01 19:00:00+00:00
1740859200,9e-07,2025-03-01 20:00:00+00:00
1740862800,1.475e-05,2025-03-01 21:00:00+00:00
1740866400,2.353e-05,2025-03-01 22:00:00+00:00
1740870000,3.185e-05,2025-03-01 23:00:00+00:00
1740873600,3.242e-05,2025-03-02 00:00:00+00:00
1740877200,4.127e-05,2025-03-02 01:00:00+00:00
1740880800,4.806e-05,2025-03-02 02:00:00+00:00
1740884400,6.669e-05,2025-03-02 03:00:00+00:00
1740888000,8.369e-05,2025-03-02 04:00:00+00:00
1740891600,9.118e-05,2025-03-02 05:00:00+00:00
1740895200,8.156e-05,2025-03-02 06:00:00+00:00
1740898800,6.221e-05,2025-03-02 07:00:00+00:00
1740902400,5.977e-05,2025-03-02 08:00:00+00:00
1740906000,6.873e-05,2025-03-02 09:00:00+00:00
1740909600,7.045e-05,2025-03-02 10:00:00+00:00
1740913200,5.844e-05,2025-03-02 11:00:00+00:00
1740916800,5.832e-05,2025-03-02 12:00:00+00:00
1740920400,6.02e-05,2025-03-02 13:00:00+00:00
1740924000,5.674e-05,2025-03-02 14:00:00+00:00
1740927600,6.102e-05,2025-03-02 15:00:00+00:00
1740931200,8.896e-05,2025-03-02 16:00:00+00:00
1740934800,6.828e-05,2025-03-02 17:00:00+00:00
1740938400,7.845e-05,2025-03-02 18:00:00+00:00
1740942000,7.659e-05,2025-03-02 19:00:00+00:00
1740945600,6.81e-05,2025-03-02 20:00:00+00:00
1740949200,3.837e-05,2025-03-02 21:00:00+00:00
1740952800,6.48e-06,2025-03-02 22:00:00+00:00
1740956400,-7.88e-06,2025-03-02 23:00:00+00:00
1740960000,9.57e-06,2025-03-03 00:00:00+00:00
1740963600,2.974e-05,2025-03-03 01:00:00+00:00
1740967200,3.929e-05,2025-03-03 02:00:00+00:00
1740970800,4.534e-05,2025-03-03 03:00:00+00:00
1740974400,6.315e-05,2025-03-03 04:00:00+00:00
1740978000,6.589e-05,2025-03-03 05:00:00+00:00
1740981600,4.7e-05,2025-03-03 06:00:00+00:00
1740985200,3.109e-05,2025-03-03 07:00:00+00:00
1740988800,1.033e-05,2025-03-03 08:00:00+00:00
1740992400,1.557e-05,2025-03-03 09:00:00+00:00
1740996000,1.322e-05,2025-03-03 10:00:00+00:00
1740999600,4.36e-06,2025-03-03 11:00:00+00:00
1741003200,5.68e-06,2025-03-03 12:00:00+00:00
1741006800,1.58e-05,2025-03-03 13:00:00+00:00
1741010400,5.43e-06,2025-03-03 14:00:00+00:00
1741014000,7.07e-06,2025-03-03 15:00:00+00:00
1741017600,1.162e-05,2025-03-03 16:00:00+00:00
1741021200,1.073e-05,2025-03-03 17:00:00+00:00
1741024800,8.95e-06,2025-03-03 18:00:00+00:00
1741028400,-4.21e-06,2025-03-03 19:00:00+00:00
1741032000,-1.537e-05,2025-03-03 20:00:00+00:00
1741035600,-3.942e-05,2025-03-03 21:00:00+00:00
1741039200,-4.219e-05,2025-03-03 22:00:00+00:00
1741042800,-4.482e-05,2025-03-03 23:00:00+00:00
1741046400,-3.074e-05,2025-03-04 00:00:00+00:00
1741050000,-3.362e-05,2025-03-04 01:00:00+00:00
1741053600,-3.635e-05,2025-03-04 02:00:00+00:00
1741057200,-5.311e-05,2025-03-04 03:00:00+00:00
1741060800,-5.671e-05,2025-03-04 04:00:00+00:00
1741064400,-6.054e-05,2025-03-04 05:00:00+00:00
1741068000,-5.42e-05,2025-03-04 06:00:00+00:00
1741071600,-3.784e-05,2025-03-04 07:00:00+00:00
1741075200,-2.618e-05,2025-03-04 08:00:00+00:00
1741078800,-2.47e-05,2025-03-04 09:00:00+00:00
1741082400,-1.558e-05,2025-03-04 10:00:00+00:00
1741086000,-2.293e-05,2025-03-04 11:00:00+00:00
1741089600,-6.24e-06,2025-03-04 12:00:00+00:00
1741093200,1.48e-06,2025-03-04 13:00:00+00:00
1741096800,1.865e-05,2025-03-04 14:00:00+00:00
1741100400,2.03e-06,2025-03-04 15:00:00+00:00
1741104000,-1.775e-05,2025-03-04 16:00:00+00:00
1741107600,-1.558e-05,2025-03-04 17:00:00+00:00
1741111200,3.22e-06,2025-03-04 18:00:00+00:00
1741114800,1.173e-05,2025-03-04 19:00:00+00:00
1741118400,2.909e-05,2025-03-04 20:00:00+00:00
1741122000,4.319e-05,2025-03-04 21:00:00+00:00
1741125600,5.584e-05,2025-03-04 22:00:00+00:00
1741129200,6.403e-05,2025-03-04 23:00:00+00:00
1741132800,6.327e-05,2025-03-05 00:00:00+00:00
1741136400,5.538e-05,2025-03-05 01:00:00+00:00
1741140000,3.94e-05,2025-03-05 02:00:00+00:00
1741143600,2.953e-05,2025-03-05 03:00:00+00:00
1741147200,4.59e-05,2025-03-05 04:00:00+00:00
1741150800,5.619e-05,2025-03-05 05:00:00+00:00
1741154400,5.615e-05,2025-03-05 06:00:00+00:00
1741158000,7.064e-05,2025-03-05 07:00:00+00:00
1741161600,6.681e-05,2025-03-05 08:00:00+00:00
1741165200,6.685e-05,2025-03-05 09:00:00+00:00
1741168800,5.178e-05,2025-03-05 10:00:00+00:00
1741172400,3.165e-05,2025-03-05 11:00:00+00:00
1741176000,1.393e-05,2025-03-05 12:00:00+00:00
1741179600,2.219e-05,2025-03-05 13:00:00+00:00
1741183200,2.615e-05,2025-03-05 14:00:00+00:00
1741186800,2.567e-05,2025-03-05 15:00:00+00:00
1741190400,2.436e-05,2025-03-05 16:00:00+00:00
1741194000,7.4e-06,2025-03-05 17:00:00+00:00
1741197600,-3.28e-06,2025-03-05 18:00:00+00:00
1741201200,-1.51e-05,2025-03-05 19:00:00+00:00
1741204800,-3.287e-05,2025-03-05 20:00:00+00:00
1741208400,-3.364e-05,2025-03-05 21:00:00+00:00
1741212000,-2.284e-05,2025-03-05 22:00:00+00:00
1741215600,-1.048e-05,2025-03-05 23:00:00+00:00
1741219200,-9.38e-06,2025-03-06 00:00:00+00:00
1741222800,3.94e-06,2025-03-06 01:00:00+00:00
1741226400,4.01e-06,2025-03-06 02:00:00+00:00
1741230000,2.29e-06,2025-03-06 03:00:00+00:00
1741233600,-2.7e-06,2025-03-06 04:00:00+00:00
1741237200,-1.405e-05,2025-03-06 05:00:00+00:00
1741240800,-9.3e-06,2025-03-06 06:00:00+00:00
1741244400,1.027e-05,2025-03-06 07:00:00+00:00
1741248000,2.599e-05,2025-03-06 08:00:00+00:00
1741251600,3.588e-05,2025-03-06 09:00:00+00:00
1741255200,2.9e-05,2025-03-06 10:00:00+00:00
1741258800,2.182e-05,2025-03-06 11:00:00+00:00
1741262400,2.791e-05,2025-03-06 12:00:00+00:00
1741266000,4.12e-05,2025-03-06 13:00:00+00:00
1741269600,3.333e-05,2025-03-06 14:00:00+00:00
1741273200,2.685e-05,2025-03-06 15:00:00+00:00
1741276800,2.064e-05,2025-03-06 16:00:00+00:00
1741280400,1.56e-06,2025-03-06 17:00:00+00:00
1741284000,-1.598e-05,2025-03-06 18:00:00+00:00
1741287600,-2.301e-05,2025-03-06 19:00:00+00:00
1741291200,-2.926e-05,2025-03-06 20:00:00+00:00
1741294800,-2.553e-05,2025-03-06 21:00:00+00:00
1741298400,-1.751e-05,2025-03-06 22:00:00+00:00
1741302000,-2.539e-05,2025-03-06 23:00:00+00:00
1741305600,-4.834e-05,2025-03-07 00:00:00+00:00
1741309200,-3.632e-05,2025-03-07 01:00:00+00:00
1741312800,-9.63e-06,2025-03-07 02:00:00+00:00
1741316400,8.98e-06,2025-03-07 03:00:00+00:00
1741320000,7.67e-06,2025-03-07 04:00:00+00:00
1741323600,9.02e-06,2025-03-07 05:00:00+00:00
1741327200,1.717e-05,2025-03-07 06:00:00+00:00
1741330800,2.835e-05,2025-03-07 07:00:00+00:00
1741334400,4.53e-05,2025-03-07 08:00:00+00:00
1741338000,5.57e-05,2025-03-07 09:00:00+00:00
1741341600,6.185e-05,2025-03-07 10:00:00+00:00
1741345200,7.018e-05,2025-03-07 11:00:00+00:00
1741348800,6.797e-05,2025-03-07 12:00:00+00:00
1741352400,6.178e-05,2025-03-07 13:00:00+00:00
1741356000,5.839e-05,2025-03-07 14:00:00+00:00
1741359600,5.578e-05,2025-03-07 15:00:00+00:00
1741363200,6.077e-05,2025-03-07 16:00:00+00:00
1741366800,6.666e-05,2025-03-07 17:00:00+00:00
1741370400,8.036e-05,2025-03-07 18:00:00+00:00
1741374000,8.486e-05,2025-03-07 19:00:00+00:00
1741377600,8.408e-05,2025-03-07 20:00:00+00:00
1741381200,6.678e-05,2025-03-07 21:00:00+00:00
1741384800,4.736e-05,2025-03-07 22:00:00+00:00
1741388400,3.072e-05,2025-03-07 23:00:00+00:00
1741392000,3.482e-05,2025-03-08 00:00:00+00:00
1741395600,3.366e-05,2025-03-08 01:00:00+00:00
1741399200,5.283e-05,2025-03-08 02:00:00+00:00
1741402800,5.915e-05,2025-03-08 03:00:00+00:00
1741406400,7.612e-05,2025-03-08 04:00:00+00:00
1741410000,7.521e-05,2025-03-08 05:00:00+00:00
1741413600,6.052e-05,2025-03-08 06:00:00+00:00
1741417200,3.743e-05,2025-03-08 07:00:00+00:00
1741420800,2.463e-05,2025-03-08 08:00:00+00:00
1741424400,1.192e-05,2025-03-08 09:00:00+00:00
1741428000,1.726e-05,2025-03-08 10:00:00+00:00
1741431600,2.59e-05,2025-03-08 11:00:00+00:00
1741435200,3.098e-05,2025-03-08 12:00:00+00:00
1741438800,4.469e-05,2025-03-08 13:00:00+00:00
1741442400,6.202e-05,2025-03-08 14:00:00+00:00
1741446000,6.874e-05,2025-03-08 15:00:00+00:00
1741449600,8.312e-05,2025-03-08 16:00:00+00:00
1741453200,9.862e-05,2025-03-08 17:00:00+00:00
1741456800,0.0001,2025-03-08 18:00:00+00:00
1741460400,9.523e-05,2025-03-08 19:00:00+00:00
1741464000,9.095e-05,2025-03-08 20:00:00+00:00
1741467600,7.866e-05,2025-03-08 21:00:00+00:00
1741471200,7.397e-05,2025-03-08 22:00:00+00:00
1741474800,6.876e-05,2025-03-08 23:00:00+00:00
1741478400,7.419e-05,2025-03-09 00:00:00+00:00
1741482000,6.949e-05,2025-03-09 01:00:00+00:00
1741485600,7.308e-05,2025-03-09 02:00:00+00:00
1741489200,6.552e-05,2025-03-09 03:00:00+00:00
1741492800,5.557e-05,2025-03-09 04:00:00+00:00
1741496400,3.819e-05,2025-03-09 05:00:00+00:00
1741500000,3.568e-05,2025-03-09 06:00:00+00:00
1741503600,3.597e-05,2025-03-09 07:00:00+00:00
1741507200,3.339e-05,2025-03-09 08:00:00+00:00
1741510800,1.88e-05,2025-03-09 09:00:00+00:00
1741514400,1.157e-05,2025-03-09 10:00:00+00:00
1741518000,1.92e-06,2025-03-09 11:00:00+00:00
1741521600,8.57e-06,2025-03-09 12:00:00+00:00
1741525200,1.237e-05,2025-03-09 13:00:00+00:00
1741528800,5.08e-06,2025-03-09 14:00:00+00:00
1741532400,-1.3e-07,2025-03-09 15:00:00+00:00
1741536000,-2.049e-05,2025-03-09 16:00:00+00:00
1741539600,-4.598e-05,2025-03-09 17:00:00+00:00
1741543200,-6.967e-05,2025-03-09 18:00:00+00:00
1741546800,-7.877e-05,2025-03-09 19:00:00+00:00
1741550400,-8.672e-05,2025-03-09 20:00:00+00:00
1741554000,-7.126e-05,2025-03-09 21:00:00+00:00
1741557600,-5.196e-05,2025-03-09 22:00:00+00:00
1741561200,-4.247e-05,2025-03-09 23:00:00+00:00
1741564800,-3.864e-05,2025-03-10 00:00:00+00:00
1741568400,-3.49e-05,2025-03-10 01:00:00+00:00
1741572000,-2.253e-05,2025-03-10 02:00:00+00:00
1741575600,-9.9e-06,2025-03-10 03:00:00+00:00
1741579200,3.84e-06,2025-03-10 04:00:00+00:00
1741582800,7.11e-06,2025-03-10 05:00:00+00:00
1741586400,2.033e-05,2025-03-10 06:00:00+00:00
1741590000,2.546e-05,2025-03-10 07:00:00+00:00
1741593600,2.172e-05,2025-03-10 08:00:00+00:00
1741597200,4.465e-05,2025-03-10 09:00:00+00:00
1741600800,3.843e-05,2025-03-10 10:00:00+00:00
1741604400,4.422e-05,2025-03-10 11:00:00+00:00
1741608000,3.84e-05,2025-03-10 12:00:00+00:00
1741611600,3.709e-05,2025-03-10 13:00:00+00:00
1741615200,8.86e-06,2025-03-10 14:00:00+00:00
1741618800,3.433e-05,2025-03-10 15:00:00+00:00
1741622400,3.633e-05,2025-03-10 16:00:00+00:00
1741626000,1.698e-05,2025-03-10 17:00:00+00:00
1741629600,2.819e-05,2025-03-10 18:00:00+00:00
1741633200,3.822e-05,2025-03-10 19:00:00+00:00
1741636800,2.525e-05,2025-03-10 20:00:00+00:00
1741640400,1.11e-06,2025-03-10 21:00:00+00:00
1741644000,-2.317e-05,2025-03-10 22:00:00+00:00
1741647600,-4.045e-05,2025-03-10 23:00:00+00:00
1741651200,-4.048e-05,2025-03-11 00:00:00+00:00
1741654800,-3.748e-05,2025-03-11 01:00:00+00:00
1741658400,-1.896e-05,2025-03-11 02:00:00+00:00
1741662000,-6.65e-06,2025-03-11 03:00:00+00:00
1741665600,5.74e-06,2025-03-11 04:00:00+00:00
1741669200,2.016e-05,2025-03-11 05:00:00+00:00
1741672800,2.124e-05,2025-03-11 06:00:00+00:00
1741676400,2.17e-05,2025-03-11 07:00:00+00:00
1741680000,4.79e-06,2025-03-11 08:00:00+00:00
1741683600,-1.551e-05,2025-03-11 09:00:00+00:00
1741687200,-9.52e-06,2025-03-11 10:00:00+00:00
1741690800,-1.38e-06,2025-03-11 11:00:00+00:00
1741694400,1.916e-05,2025-03-11 12:00:00+00:00
1741698000,4.687e-05,2025-03-11 13:00:00+00:00
1741701600,5.432e-05,2025-03-11 14:00:00+00:00
1741705200,7.635e-05,2025-03-11 15:00:00+00:00
1741708800,7.784e-05,2025-03-11 16:00:00+00:00
1741712400,6.589e-05,2025-03-11 17:00:00+00:00
1741716000,7.026e-05,2025-03-11 18:00:00+00:00
1741719600,4.567e-05,2025-03-11 19:00:00+00:00
1741723200,2.934e-05,2025-03-11 20:00:00+00:00
1741726800,1.882e-05,2025-03-11 21:00:00+00:00
1741730400,1.479e-05,2025-03-11 22:00:00+00:00
1741734000,1.698e-05,2025-03-11 23:00:00+00:00
1741737600,6.45e-06,2025-03-12 00:00:00+00:00
1741741200,-5.07e-06,2025-03-12 01:00:00+00:00
1741744800,-1.026e-05,2025-03-12 02:00:00+00:00
1741748400,-1.347e-05,2025-03-12 03:00:00+00:00
1741752000,-1.632e-05,2025-03-12 04:00:00+00:00
1741755600,-1.438e-05,2025-03-12 05:00:00+00:00
1741759200,-1.178e-05,2025-03-12 06:00:00+00:00
1741762800,1.107e-05,2025-03-12 07:00:00+00:00
1741766400,2.415e-05,2025-03-12 08:00:00+00:00
1741770000,4.251e-05,2025-03-12 09:00:00+00:00
1741773600,5.999e-05,2025-03-12 10:00:00+00:00
1741777200,5.816e-05,2025-03-12 11:00:00+00:00
1741780800,4.935e-05,2025-03-12 12:00:00+00:00
1741784400,1.164e-05,2025-03-12 13:00:00+00:00
1741788000,-9.52e-06,2025-03-12 14:00:00+00:00
1741791600,-3.413e-05,2025-03-12 15:00:00+00:00
1741795200,-4.876e-05,2025-03-12 16:00:00+00:00
1741798800,-5.247e-05,2025-03-12 17:00:00+00:00
1741802400,-3.153e-05,2025-03-12 18:00:00+00:00
1741806000,-1.144e-05,2025-03-12 19:00:00+00:00
1741809600,8.49e-06,2025-03-12 20:00:00+00:00
1741813200,1.457e-05,2025-03-12 21:00:00+00:00
1741816800,1.073e-05,2025-03-12 22:00:00+00:00
1741820400,2.971e-05,2025-03-12 23:00:00+00:00
1741824000,4.254e-05,2025-03-13 00:00:00+00:00
1741827600,4.557e-05,2025-03-13 01:00:00+00:00
1741831200,4.107e-05,2025-03-13 02:00:00+00:00
1741834800,4.552e-05,2025-03-13 03:00:00+00:00
1741838400,4.589e-05,2025-03-13 04:00:00+00:00
1741842000,3.434e-05,2025-03-13 05:00:00+00:00
1741845600,1.652e-05,2025-03-13 06:00:00+00:00
1741849200,1.41e-06,2025-03-13 07:00:00+00:00
1741852800,-8.39e-06,2025-03-13 08:00:00+00:00
1741856400,9.36e-06,2025-03-13 09:00:00+00:00
1741860000,4.33e-06,2025-03-13 10:00:00+00:00
1741863600,1.583e-05,2025-03-13 11:00:00+00:00
1741867200,2.274e-05,2025-03-13 12:00:00+00:00
1741870800,2.96e-05,2025-03-13 13:00:00+00:00
1741874400,3.389e-05,2025-03-13 14:00:00+00:00
1741878000,4.164e-05,2025-03-13 15:00:00+00:00
1741881600,4.548e-05,2025-03-13 16:00:00+00:00
1741885200,4.733e-05,2025-03-13 17:00:00+00:00
1741888800,1.951e-05,2025-03-13 18:00:00+00:00
1741892400,2.402e-05,2025-03-13 19:00:00+00:00
1741896000,2.463e-05,2025-03-13 20:00:00+00:00
1741899600,5.61e-06,2025-03-13 21:00:00+00:00
1741903200,1.802e-05,2025-03-13 22:00:00+00:00
1741906800,2.704e-05,2025-03-13 23:00:00+00:00
1741910400,3.279e-05,2025-03-14 00:00:00+00:00
1741914000,3.459e-05,2025-03-14 01:00:00+00:00
1741917600,3.593e-05,2025-03-14 02:00:00+00:00
1741921200,4.819e-05,2025-03-14 03:00:00+00:00
1741924800,5.659e-05,2025-03-14 04:00:00+00:00
1741928400,6.611e-05,2025-03-14 05:00:00+00:00
1741932000,7.702e-05,2025-03-14 06:00:00+00:00
1741935600,7.733e-05,2025-03-14 07:00:00+00:00
1741939200,8.224e-05,2025-03-14 08:00:00+00:00
1741942800,6.985e-05,2025-03-14 09:00:00+00:00
1741946400,6.312e-05,2025-03-14 10:00:00+00:00
1741950000,6.202e-05,2025-03-14 11:00:00+00:00
1741953600,5.864e-05,2025-03-14 12:00:00+00:00
1741957200,5.718e-05,2025-03-14 13:00:00+00:00
1741960800,5.795e-05,2025-03-14 14:00:00+00:00
1741964400,5.576e-05,2025-03-14 15:00:00+00:00
1741968000,5.414e-05,2025-03-14 16:00:00+00:00
1741971600,5.89e-05,2025-03-14 17:00:00+00:00
1741975200,4.519e-05,2025-03-14 18:00:00+00:00
1741978800,3.589e-05,2025-03-14 19:00:00+00:00
1741982400,3.775e-05,2025-03-14 20:00:00+00:00
1741986000,3.166e-05,2025-03-14 21:00:00+00:00
1741989600,2.235e-05,2025-03-14 22:00:00+00:00
1741993200,2.884e-05,2025-03-14 23:00:00+00:00
1741996800,3.387e-05,2025-03-15 00:00:00+00:00
1742000400,3.322e-05,2025-03-15 01:00:00+00:00
1742004000,4.424e-05,2025-03-15 02:00:00+00:00
1742007600,4.146e-05,2025-03-15 03:00:00+00:00
1742011200,4.66e-05,2025-03-15 04:00:00+00:00
1742014800,4.939e-05,2025-03-15 05:00:00+00:00
1742018400,5.543e-05,2025-03-15 06:00:00+00:00
1742022000,5.41e-05,2025-03-15 07:00:00+00:00
1742025600,5.76e-05,2025-03-15 08:00:00+00:00
1742029200,5.727e-05,2025-03-15 09:00:00+00:00
1742032800,4.775e-05,2025-03-15 10:00:00+00:00
1742036400,4.045e-05,2025-03-15 11:00:00+00:00
1742040000,2.542e-05,2025-03-15 12:00:00+00:00
1742043600,9.68e-06,2025-03-15 13:00:00+00:00
1742047200,-1.26e-06,2025-03-15 14:00:00+00:00
1742050800,1.248e-05,2025-03-15 15:00:00+00:00
1742054400,2.3e-05,2025-03-15 16:00:00+00:00
1742058000,1.048e-05,2025-03-15 17:00:00+00:00
1742061600,4e-07,2025-03-15 18:00:00+00:00
1742065200,-1.2e-05,2025-03-15 19:00:00+00:00
1742068800,-5.82e-06,2025-03-15 20:00:00+00:00
1742072400,-2.61e-06,2025-03-15 21:00:00+00:00
1742076000,-1.731e-05,2025-03-15 22:00:00+00:00
1742079600,-3.042e-05,2025-03-15 23:00:00+00:00
1742083200,-3.107e-05,2025-03-16 00:00:00+00:00
1742086800,-3.022e-05,2025-03-16 01:00:00+00:00
1742090400,-2.894e-05,2025-03-16 02:00:00+00:00
1742094000,-3.013e-05,2025-03-16 03:00:00+00:00
1742097600,-3.248e-05,2025-03-16 04:00:00+00:00
1742101200,-3.283e-05,2025-03-16 05:00:00+00:00
1742104800,-2.704e-05,2025-03-16 06:00:00+00:00
1742108400,-2.386e-05,2025-03-16 07:00:00+00:00
1742112000,-2.07e-05,2025-03-16 08:00:00+00:00
1742115600,-2.255e-05,2025-03-16 09:00:00+00:00
1742119200,-1.697e-05,2025-03-16 10:00:00+00:00
1742122800,-2.195e-05,2025-03-16 11:00:00+00:00
1742126400,-4.07e-05,2025-03-16 12:00:00+00:00
1742130000,-4.282e-05,2025-03-16 13:00:00+00:00
1742133600,-3.36e-05,2025-03-16 14:00:00+00:00
1742137200,-2.942e-05,2025-03-16 15:00:00+00:00
1742140800,-1.671e-05,2025-03-16 16:00:00+00:00
1742144400,3.99e-06,2025-03-16 17:00:00+00:00
1742148000,1.421e-05,2025-03-16 18:00:00+00:00
1742151600,1.014e-05,2025-03-16 19:00:00+00:00
1742155200,5.41e-06,2025-03-16 20:00:00+00:00
1742158800,8.82e-06,2025-03-16 21:00:00+00:00
1742162400,2.136e-05,2025-03-16 22:00:00+00:00
1742166000,2.062e-05,2025-03-16 23:00:00+00:00
1742169600,2.666e-05,2025-03-17 00:00:00+00:00
1742173200,4.115e-05,2025-03-17 01:00:00+00:00
1742176800,5.887e-05,2025-03-17 02:00:00+00:00
1742180400,7.433e-05,2025-03-17 03:00:00+00:00
1742184000,8.136e-05,2025-03-17 04:00:00+00:00
1742187600,7.397e-05,2025-03-17 05:00:00+00:00
1742191200,6.869e-05,2025-03-17 06:00:00+00:00
1742194800,5.631e-05,2025-03-17 07:00:00+00:00
1742198400,5.375e-05,2025-03-17 08:00:00+00:00
1742202000,5.07e-05,2025-03-17 09:00:00+00:00
1742205600,5.299e-05,2025-03-17 10:00:00+00:00
1742209200,5.721e-05,2025-03-17 11:00:00+00:00
1742212800,6.168e-05,2025-03-17 12:00:00+00:00
1742216400,5.059e-05,2025-03-17 13:00:00+00:00
1742220000,4.216e-05,2025-03-17 14:00:00+00:00
1742223600,3.701e-05,2025-03-17 15:00:00+00:00
1742227200,3.397e-05,2025-03-17 16:00:00+00:00
1742230800,3.19e-05,2025-03-17 17:00:00+00:00
1742234400,4.209e-05,2025-03-17 18:00:00+00:00
1742238000,4.591e-05,2025-03-17 19:00:00+00:00
1742241600,5.814e-05,2025-03-17 20:00:00+00:00
1742245200,6.025e-05,2025-03-17 21:00:00+00:00
1742248800,5.406e-05,2025-03-17 22:00:00+00:00
1742252400,5.327e-05,2025-03-17 23:00:00+00:00
1742256000,4.745e-05,2025-03-18 00:00:00+00:00
1742259600,2.947e-05,2025-03-18 01:00:00+00:00
1742263200,1.944e-05,2025-03-18 02:00:00+00:00
1742266800,2.983e-05,2025-03-18 03:00:00+00:00
1742270400,3.438e-05,2025-03-18 04:00:00+00:00
1742274000,3.744e-05,2025-03-18 05:00:00+00:00
1742277600,3.852e-05,2025-03-18 06:00:00+00:00
1742281200,4.096e-05,2025-03-18 07:00:00+00:00
1742284800,4.605e-05,2025-03-18 08:00:00+00:00
1742288400,5.191e-05,2025-03-18 09:00:00+00:00
1742292000,4.211e-05,2025-03-18 10:00:00+00:00
1742295600,3.747e-05,2025-03-18 11:00:00+00:00
1742299200,3.054e-05,2025-03-18 12:00:00+00:00
1742302800,1.763e-05,2025-03-18 13:00:00+00:00
1742306400,2.014e-05,2025-03-18 14:00:00+00:00
1742310000,1.499e-05,2025-03-18 15:00:00+00:00
1742313600,6.84e-06,2025-03-18 16:00:00+00:00
1742317200,3.3e-06,2025-03-18 17:00:00+00:00
1742320800,1.589e-05,2025-03-18 18:00:00+00:00
1742324400,1.992e-05,2025-03-18 19:00:00+00:00
1742328000,2.547e-05,2025-03-18 20:00:00+00:00
1742331600,3.532e-05,2025-03-18 21:00:00+00:00
1742335200,4.152e-05,2025-03-18 22:00:00+00:00
1742338800,5.978e-05,2025-03-18 23:00:00+00:00
1742342400,8.563e-05,2025-03-19 00:00:00+00:00
1742346000,9.8e-05,2025-03-19 01:00:00+00:00
1742349600,0.0001,2025-03-19 02:00:00+00:00
1742364000,9.956e-05,2025-03-19 06:00:00+00:00
1742367600,9.037e-05,2025-03-19 07:00:00+00:00
1742371200,9.517e-05,2025-03-19 08:00:00+00:00
1742374800,9.58e-05,2025-03-19 09:00:00+00:00
1742378400,0.0001,2025-03-19 10:00:00+00:00
1742385600,0.0001,2025-03-19 12:00:00+00:00
1742389200,9.581e-05,2025-03-19 13:00:00+00:00
1742392800,8.939e-05,2025-03-19 14:00:00+00:00
1742396400,6.807e-05,2025-03-19 15:00:00+00:00
1742400000,4.772e-05,2025-03-19 16:00:00+00:00
1742403600,2.052e-05,2025-03-19 17:00:00+00:00
1742407200,-7.28e-06,2025-03-19 18:00:00+00:00
1742410800,-3.1e-05,2025-03-19 19:00:00+00:00
1742414400,-4.093e-05,2025-03-19 20:00:00+00:00
1742418000,-3.571e-05,2025-03-19 21:00:00+00:00
1742421600,-2.043e-05,2025-03-19 22:00:00+00:00
1742425200,-1.71e-05,2025-03-19 23:00:00+00:00
1742428800,-1.458e-05,2025-03-20 00:00:00+00:00
1742432400,1.007e-05,2025-03-20 01:00:00+00:00
1742436000,2.801e-05,2025-03-20 02:00:00+00:00
1742439600,3.036e-05,2025-03-20 03:00:00+00:00
1742443200,2.808e-05,2025-03-20 04:00:00+00:00
1742446800,3.335e-05,2025-03-20 05:00:00+00:00
1742450400,2.582e-05,2025-03-20 06:00:00+00:00
1742454000,1.631e-05,2025-03-20 07:00:00+00:00
1742457600,1.437e-05,2025-03-20 08:00:00+00:00
1742461200,-9.11e-06,2025-03-20 09:00:00+00:00
1742464800,-1.227e-05,2025-03-20 10:00:00+00:00
1742468400,4.75e-06,2025-03-20 11:00:00+00:00
1742472000,5.98e-06,2025-03-20 12:00:00+00:00
1742475600,4.66e-06,2025-03-20 13:00:00+00:00
1742479200,-1.81e-06,2025-03-20 14:00:00+00:00
1742482800,-8.57e-06,2025-03-20 15:00:00+00:00
1742486400,1.085e-05,2025-03-20 16:00:00+00:00
1742490000,2.602e-05,2025-03-20 17:00:00+00:00
1742493600,3.209e-05,2025-03-20 18:00:00+00:00
1742497200,4.444e-05,2025-03-20 19:00:00+00:00
1742500800,5.068e-05,2025-03-20 20:00:00+00:00
1742504400,4.507e-05,2025-03-20 21:00:00+00:00
1742508000,4.481e-05,2025-03-20 22:00:00+00:00
1742511600,5.215e-05,2025-03-20 23:00:00+00:00
1742515200,5.315e-05,2025-03-21 00:00:00+00:00
1742518800,5.183e-05,2025-03-21 01:00:00+00:00
1742522400,4.793e-05,2025-03-21 02:00:00+00:00
1742526000,5.867e-05,2025-03-21 03:00:00+00:00
1742529600,6.624e-05,2025-03-21 04:00:00+00:00
1742533200,6.169e-05,2025-03-21 05:00:00+00:00
1742536800,6.313e-05,2025-03-21 06:00:00+00:00
1742540400,6.763e-05,2025-03-21 07:00:00+00:00
1742544000,7.785e-05,2025-03-21 08:00:00+00:00
1742547600,8.177e-05,2025-03-21 09:00:00+00:00
1742551200,7.655e-05,2025-03-21 10:00:00+00:00
1742554800,6.34e-05,2025-03-21 11:00:00+00:00
1742558400,5.255e-05,2025-03-21 12:00:00+00:00
1742562000,4.146e-05,2025-03-21 13:00:00+00:00
1742565600,3.144e-05,2025-03-21 14:00:00+00:00
1742569200,2.646e-05,2025-03-21 15:00:00+00:00
1742572800,1.244e-05,2025-03-21 16:00:00+00:00
1742576400,-2.36e-06,2025-03-21 17:00:00+00:00
1742580000,-1.031e-05,2025-03-21 18:00:00+00:00
1742583600,-1.049e-05,2025-03-21 19:00:00+00:00
1742587200,-6.51e-06,2025-03-21 20:00:00+00:00
1742590800,-1.13e-05,2025-03-21 21:00:00+00:00
1742594400,-1.48e-05,2025-03-21 22:00:00+00:00
1742598000,-1.467e-05,2025-03-21 23:00:00+00:00
1742601600,-1.073e-05,2025-03-22 00:00:00+00:00
1742605200,-4.98e-06,2025-03-22 01:00:00+00:00
1742608800,9.2e-07,2025-03-22 02:00:00+00:00
1742612400,1.22e-06,2025-03-22 03:00:00+00:00
1742616000,-7.6e-07,2025-03-22 04:00:00+00:00
1742619600,-1.157e-05,2025-03-22 05:00:00+00:00
1742623200,-1.963e-05,2025-03-22 06:00:00+00:00
1742626800,-2.585e-05,2025-03-22 07:00:00+00:00
1742630400,-1.806e-05,2025-03-22 08:00:00+00:00
1742634000,-4.13e-06,2025-03-22 09:00:00+00:00
1742637600,-1.902e-05,2025-03-22 10:00:00+00:00
1742641200,-2.635e-05,2025-03-22 11:00:00+00:00
1742644800,-2.232e-05,2025-03-22 12:00:00+00:00
1742648400,-5.78e-06,2025-03-22 13:00:00+00:00
1742652000,6.92e-06,2025-03-22 14:00:00+00:00
1742655600,2.608e-05,2025-03-22 15:00:00+00:00
1742659200,3.79e-05,2025-03-22 16:00:00+00:00
1742662800,4.699e-05,2025-03-22 17:00:00+00:00
1742666400,5.437e-05,2025-03-22 18:00:00+00:00
1742670000,5.63e-05,2025-03-22 19:00:00+00:00
1742673600,4.09e-05,2025-03-22 20:00:00+00:00
1742677200,2.341e-05,2025-03-22 21:00:00+00:00
1742680800,1.7e-05,2025-03-22 22:00:00+00:00
1742684400,1.559e-05,2025-03-22 23:00:00+00:00
1742688000,1.55e-05,2025-03-23 00:00:00+00:00
1742691600,2.463e-05,2025-03-23 01:00:00+00:00
1742695200,3.36e-05,2025-03-23 02:00:00+00:00
1742698800,5.191e-05,2025-03-23 03:00:00+00:00
1742702400,4.966e-05,2025-03-23 04:00:00+00:00
1742706000,6.121e-05,2025-03-23 05:00:00+00:00
1742709600,6.625e-05,2025-03-23 06:00:00+00:00
1742713200,6.128e-05,2025-03-23 07:00:00+00:00
1742716800,5.605e-05,2025-03-23 08:00:00+00:00
1742720400,4.495e-05,2025-03-23 09:00:00+00:00
1742724000,3.463e-05,2025-03-23 10:00:00+00:00
1742727600,1.992e-05,2025-03-23 11:00:00+00:00
1742731200,7.8e-06,2025-03-23 12:00:00+00:00
1742734800,7.66e-06,2025-03-23 13:00:00+00:00
1742738400,-1.25e-06,2025-03-23 14:00:00+00:00
1742742000,-3.62e-06,2025-03-23 15:00:00+00:00
1742745600,-1.503e-05,2025-03-23 16:00:00+00:00
1742749200,-1.943e-05,2025-03-23 17:00:00+00:00
1742752800,-1.849e-05,2025-03-23 18:00:00+00:00
1742756400,-1.68e-05,2025-03-23 19:00:00+00:00
1742760000,-1.772e-05,2025-03-23 20:00:00+00:00
1742763600,-1.19e-05,2025-03-23 21:00:00+00:00
1742767200,-2.613e-05,2025-03-23 22:00:00+00:00
1742770800,-1.29e-05,2025-03-23 23:00:00+00:00
1742774400,-1.001e-05,2025-03-24 00:00:00+00:00
1742778000,-1.815e-05,2025-03-24 01:00:00+00:00
1742781600,-2.395e-05,2025-03-24 02:00:00+00:00
1742785200,-1.203e-05,2025-03-24 03:00:00+00:00
1742788800,2.97e-06,2025-03-24 04:00:00+00:00
1742792400,4.26e-05,2025-03-24 05:00:00+00:00
1742796000,7.913e-05,2025-03-24 06:00:00+00:00
1742799600,9.386e-05,2025-03-24 07:00:00+00:00
1742803200,0.0001,2025-03-24 08:00:00+00:00
1742814000,9.957e-05,2025-03-24 11:00:00+00:00
1742817600,7.621e-05,2025-03-24 12:00:00+00:00
1742821200,5.485e-05,2025-03-24 13:00:00+00:00
1742824800,3.27e-05,2025-03-24 14:00:00+00:00
1742828400,3.052e-05,2025-03-24 15:00:00+00:00
1742832000,2.238e-05,2025-03-24 16:00:00+00:00
1742835600,2.216e-05,2025-03-24 17:00:00+00:00
1742839200,3.711e-05,2025-03-24 18:00:00+00:00
1742842800,4.609e-05,2025-03-24 19:00:00+00:00
1742846400,5.138e-05,2025-03-24 20:00:00+00:00
1742850000,5.673e-05,2025-03-24 21:00:00+00:00
1742853600,5.851e-05,2025-03-24 22:00:00+00:00
1742857200,6.688e-05,2025-03-24 23:00:00+00:00
1742860800,7.765e-05,2025-03-25 00:00:00+00:00
1742864400,7.926e-05,2025-03-25 01:00:00+00:00
1742868000,8.828e-05,2025-03-25 02:00:00+00:00
1742871600,8.399e-05,2025-03-25 03:00:00+00:00
1742875200,7.472e-05,2025-03-25 04:00:00+00:00
1742878800,4.906e-05,2025-03-25 05:00:00+00:00
1742882400,2.088e-05,2025-03-25 06:00:00+00:00
1742886000,1.462e-05,2025-03-25 07:00:00+00:00
1742889600,1.765e-05,2025-03-25 08:00:00+00:00
1742893200,1.507e-05,2025-03-25 09:00:00+00:00
1742896800,9.58e-06,2025-03-25 10:00:00+00:00
1742900400,2.37e-06,2025-03-25 11:00:00+00:00
1742904000,-1.381e-05,2025-03-25 12:00:00+00:00
1742907600,-1.925e-05,2025-03-25 13:00:00+00:00
1742911200,-1.496e-05,2025-03-25 14:00:00+00:00
1742914800,-4.81e-06,2025-03-25 15:00:00+00:00
1742918400,-1.83e-06,2025-03-25 16:00:00+00:00
1742922000,2.101e-05,2025-03-25 17:00:00+00:00
1742925600,2.727e-05,2025-03-25 18:00:00+00:00
1742929200,3.437e-05,2025-03-25 19:00:00+00:00
1742932800,3.802e-05,2025-03-25 20:00:00+00:00
1742936400,3.499e-05,2025-03-25 21:00:00+00:00
1742940000,2.879e-05,2025-03-25 22:00:00+00:00
1742943600,2.982e-05,2025-03-25 23:00:00+00:00
1742947200,2.955e-05,2025-03-26 00:00:00+00:00
1742950800,2.317e-05,2025-03-26 01:00:00+00:00
1742954400,1.138e-05,2025-03-26 02:00:00+00:00
1742958000,1.65e-06,2025-03-26 03:00:00+00:00
1742961600,-1.245e-05,2025-03-26 04:00:00+00:00
1742965200,-9.08e-06,2025-03-26 05:00:00+00:00
1742968800,1.92e-06,2025-03-26 06:00:00+00:00
1742972400,1.074e-05,2025-03-26 07:00:00+00:00
1742976000,3.012e-05,2025-03-26 08:00:00+00:00
1742979600,4.68e-05,2025-03-26 09:00:00+00:00
1742983200,5.721e-05,2025-03-26 10:00:00+00:00
1742986800,5.644e-05,2025-03-26 11:00:00+00:00
1742990400,3.868e-05,2025-03-26 12:00:00+00:00
1742994000,1.568e-05,2025-03-26 13:00:00+00:00
1742997600,-7.42e-06,2025-03-26 14:00:00+00:00
1743001200,-2.29e-05,2025-03-26 15:00:00+00:00
1743004800,-3.172e-05,2025-03-26 16:00:00+00:00
1743008400,-3.32e-05,2025-03-26 17:00:00+00:00
1743012000,-2.016e-05,2025-03-26 18:00:00+00:00
1743015600,8.97e-06,2025-03-26 19:00:00+00:00
1743019200,2.038e-05,2025-03-26 20:00:00+00:00
1743022800,4.103e-05,2025-03-26 21:00:00+00:00
1743026400,4.332e-05,2025-03-26 22:00:00+00:00
1743030000,4.48e-05,2025-03-26 23:00:00+00:00
1743033600,5.431e-05,2025-03-27 00:00:00+00:00
1743037200,4.671e-05,2025-03-27 01:00:00+00:00
1743040800,4.203e-05,2025-03-27 02:00:00+00:00
1743044400,4.26e-05,2025-03-27 03:00:00+00:00
1743048000,4.743e-05,2025-03-27 04:00:00+00:00
1743051600,5.652e-05,2025-03-27 05:00:00+00:00
1743055200,7.039e-05,2025-03-27 06:00:00+00:00
1743058800,7.434e-05,2025-03-27 07:00:00+00:00
1743062400,8.65e-05,2025-03-27 08:00:00+00:00
1743066000,9.242e-05,2025-03-27 09:00:00+00:00
1743069600,8.779e-05,2025-03-27 10:00:00+00:00
1743073200,8.051e-05,2025-03-27 11:00:00+00:00
1743076800,6.883e-05,2025-03-27 12:00:00+00:00
1743080400,5.101e-05,2025-03-27 13:00:00+00:00
1743084000,3.873e-05,2025-03-27 14:00:00+00:00
1743087600,3.153e-05,2025-03-27 15:00:00+00:00
1743091200,2.432e-05,2025-03-27 16:00:00+00:00
1743094800,3.432e-05,2025-03-27 17:00:00+00:00
1743098400,3.735e-05,2025-03-27 18:00:00+00:00
1743102000,4.991e-05,2025-03-27 19:00:00+00:00
1743105600,6.638e-05,2025-03-27 20:00:00+00:00
1743109200,7.551e-05,2025-03-27 21:00:00+00:00
1743112800,7.686e-05,2025-03-27 22:00:00+00:00
1743116400,6.547e-05,2025-03-27 23:00:00+00:00
1743120000,6.645e-05,2025-03-28 00:00:00+00:00
1743123600,6.564e-05,2025-03-28 01:00:00+00:00
1743127200,6.896e-05,2025-03-28 02:00:00+00:00
1743130800,6.619e-05,2025-03-28 03:00:00+00:00
1743134400,4.734e-05,2025-03-28 04:00:00+00:00
1743138000,9.09e-06,2025-03-28 05:00:00+00:00
1743141600,-1.844e-05,2025-03-28 06:00:00+00:00
1743145200,-2.897e-05,2025-03-28 07:00:00+00:00
1743148800,-2.99e-05,2025-03-28 08:00:00+00:00
1743152400,-2.487e-05,2025-03-28 09:00:00+00:00
1743156000,-2.4e-05,2025-03-28 10:00:00+00:00
1743159600,-1.936e-05,2025-03-28 11:00:00+00:00
1743163200,-3.246e-05,2025-03-28 12:00:00+00:00
1743166800,-4.221e-05,2025-03-28 13:00:00+00:00
1743170400,-2.211e-05,2025-03-28 14:00:00+00:00
1743174000,-1.163e-05,2025-03-28 15:00:00+00:00
1743177600,1.71e-06,2025-03-28 16:00:00+00:00
1743181200,2.532e-05,2025-03-28 17:00:00+00:00
1743184800,3.314e-05,2025-03-28 18:00:00+00:00
1743188400,4.47e-05,2025-03-28 19:00:00+00:00
1743192000,3.884e-05,2025-03-28 20:00:00+00:00
1743195600,3.535e-05,2025-03-28 21:00:00+00:00
1743199200,2.027e-05,2025-03-28 22:00:00+00:00
1743202800,3.76e-06,2025-03-28 23:00:00+00:00
1743206400,-2.38e-06,2025-03-29 00:00:00+00:00
1743210000,-1.38e-06,2025-03-29 01:00:00+00:00
1743213600,7.04e-06,2025-03-29 02:00:00+00:00
1743217200,2.23e-05,2025-03-29 03:00:00+00:00
1743220800,1.843e-05,2025-03-29 04:00:00+00:00
1743224400,2.213e-05,2025-03-29 05:00:00+00:00
1743228000,3.768e-05,2025-03-29 06:00:00+00:00
1743231600,4.472e-05,2025-03-29 07:00:00+00:00
1743235200,6.375e-05,2025-03-29 08:00:00+00:00
1743238800,6.655e-05,2025-03-29 09:00:00+00:00
1743242400,7.214e-05,2025-03-29 10:00:00+00:00
1743246000,7.079e-05,2025-03-29 11:00:00+00:00
1743249600,7.953e-05,2025-03-29 12:00:00+00:00
1743253200,6.509e-05,2025-03-29 13:00:00+00:00
1743256800,5.727e-05,2025-03-29 14:00:00+00:00
1743260400,3.552e-05,2025-03-29 15:00:00+00:00
1743264000,2.185e-05,2025-03-29 16:00:00+00:00
1743267600,4e-06,2025-03-29 17:00:00+00:00
1743271200,-8.33e-06,2025-03-29 18:00:00+00:00
1743274800,-1.511e-05,2025-03-29 19:00:00+00:00
1743278400,-2.272e-05,2025-03-29 20:00:00+00:00
1743282000,-2.35e-05,2025-03-29 21:00:00+00:00
1743285600,-1.866e-05,2025-03-29 22:00:00+00:00
1743289200,-1.081e-05,2025-03-29 23:00:00+00:00
1743292800,-1.633e-05,2025-03-30 00:00:00+00:00
1743296400,-2.759e-05,2025-03-30 01:00:00+00:00
1743300000,-3.848e-05,2025-03-30 02:00:00+00:00
1743303600,-4.084e-05,2025-03-30 03:00:00+00:00
1743307200,-3.05e-05,2025-03-30 04:00:00+00:00
1743310800,-3.356e-05,2025-03-30 05:00:00+00:00
1743314400,-2.408e-05,2025-03-30 06:00:00+00:00
1743318000,-1.946e-05,2025-03-30 07:00:00+00:00
1743321600,-1.922e-05,2025-03-30 08:00:00+00:00
1743325200,-2.417e-05,2025-03-30 09:00:00+00:00
1743328800,-2.573e-05,2025-03-30 10:00:00+00:00
1743332400,-1.635e-05,2025-03-30 11:00:00+00:00
1743336000,-4.07e-06,2025-03-30 12:00:00+00:00
1743339600,-1.129e-05,2025-03-30 13:00:00+00:00
1743343200,3.38e-06,2025-03-30 14:00:00+00:00
1743346800,1.191e-05,2025-03-30 15:00:00+00:00
1743350400,1.758e-05,2025-03-30 16:00:00+00:00
1743354000,1.448e-05,2025-03-30 17:00:00+00:00
1743357600,1.8e-05,2025-03-30 18:00:00+00:00
1743361200,1.817e-05,2025-03-30 19:00:00+00:00
1743364800,1.111e-05,2025-03-30 20:00:00+00:00
1743368400,-2.25e-06,2025-03-30 21:00:00+00:00
1743372000,-7.72e-06,2025-03-30 22:00:00+00:00
1743375600,-3.25e-06,2025-03-30 23:00:00+00:00
1743379200,4.16e-06,2025-03-31 00:00:00+00:00
1743382800,2.346e-05,2025-03-31 01:00:00+00:00
1743386400,3.458e-05,2025-03-31 02:00:00+00:00
1743390000,4.408e-05,2025-03-31 03:00:00+00:00
1743393600,5.774e-05,2025-03-31 04:00:00+00:00
1743397200,5.401e-05,2025-03-31 05:00:00+00:00
1743400800,3.77e-05,2025-03-31 06:00:00+00:00
1743404400,2.596e-05,2025-03-31 07:00:00+00:00
1743408000,3.473e-05,2025-03-31 08:00:00+00:00
1743411600,2.193e-05,2025-03-31 09:00:00+00:00
1743415200,2.634e-05,2025-03-31 10:00:00+00:00
1743418800,2.265e-05,2025-03-31 11:00:00+00:00
1743422400,2.854e-05,2025-03-31 12:00:00+00:00
1743426000,2.297e-05,2025-03-31 13:00:00+00:00
1743429600,2.153e-05,2025-03-31 14:00:00+00:00
1743433200,2.047e-05,2025-03-31 15:00:00+00:00
1743436800,2.075e-05,2025-03-31 16:00:00+00:00
1743440400,1.998e-05,2025-03-31 17:00:00+00:00
1743444000,1.484e-05,2025-03-31 18:00:00+00:00
1743447600,2.13e-05,2025-03-31 19:00:00+00:00
1743451200,1.268e-05,2025-03-31 20:00:00+00:00
1743454800,5.46e-06,2025-03-31 21:00:00+00:00
1743458400,-2.18e-06,2025-03-31 22:00:00+00:00
1743462000,-6.49e-06,2025-03-31 23:00:00+00:00
1743465600,-6e-07,2025-04-01 00:00:00+00:00
1743469200,-1.12e-06,2025-04-01 01:00:00+00:00
1743472800,1.474e-05,2025-04-01 02:00:00+00:00
1743476400,1.907e-05,2025-04-01 03:00:00+00:00
1743480000,3.282e-05,2025-04-01 04:00:00+00:00
1743483600,3.553e-05,2025-04-01 05:00:00+00:00
1743487200,4.419e-05,2025-04-01 06:00:00+00:00
1743490800,2.877e-05,2025-04-01 07:00:00+00:00
1743494400,3.684e-05,2025-04-01 08:00:00+00:00
1743498000,3.761e-05,2025-04-01 09:00:00+00:00
1743501600,3.756e-05,2025-04-01 10:00:00+00:00
1743505200,3.161e-05,2025-04-01 11:00:00+00:00
1743508800,3.038e-05,2025-04-01 12:00:00+00:00
1743512400,2.148e-05,2025-04-01 13:00:00+00:00
1743516000,1.684e-05,2025-04-01 14:00:00+00:00
1743519600,3.266e-05,2025-04-01 15:00:00+00:00
1743523200,5.478e-05,2025-04-01 16:00:00+00:00
1743526800,6.008e-05,2025-04-01 17:00:00+00:00
1743530400,6.563e-05,2025-04-01 18:00:00+00:00
1743534000,6.484e-05,2025-04-01 19:00:00+00:00
1743537600,5.772e-05,2025-04-01 20:00:00+00:00
1743541200,4.223e-05,2025-04-01 21:00:00+00:00
1743544800,3.544e-05,2025-04-01 22:00:00+00:00
1743548400,3.676e-05,2025-04-01 23:00:00+00:00
1743552000,3.941e-05,2025-04-02 00:00:00+00:00
1743555600,4.657e-05,2025-04-02 01:00:00+00:00
1743559200,4.176e-05,2025-04-02 02:00:00+00:00
1743562800,3.499e-05,2025-04-02 03:00:00+00:00
1743566400,3.586e-05,2025-04-02 04:00:00+00:00
1743570000,2.393e-05,2025-04-02 05:00:00+00:00
1743573600,1.625e-05,2025-04-02 06:00:00+00:00
1743577200,-9e-08,2025-04-02 07:00:00+00:00
1743580800,-1.927e-05,2025-04-02 08:00:00+00:00
1743584400,-2.01e-05,2025-04-02 09:00:00+00:00
1743588000,-5.55e-06,2025-04-02 10:00:00+00:00
1743591600,1.843e-05,2025-04-02 11:00:00+00:00
1743595200,2.64e-05,2025-04-02 12:00:00+00:00
1743598800,2.415e-05,2025-04-02 13:00:00+00:00
1743602400,2.989e-05,2025-04-02 14:00:00+00:00
1743606000,4.262e-05,2025-04-02 15:00:00+00:00
1743609600,4.662e-05,2025-04-02 16:00:00+00:00
1743613200,2.98e-05,2025-04-02 17:00:00+00:00
1743616800,1.874e-05,2025-04-02 18:00:00+00:00
1743620400,2.343e-05,2025-04-02 19:00:00+00:00
1743624000,1.981e-05,2025-04-02 20:00:00+00:00
1743627600,1.765e-05,2025-04-02 21:00:00+00:00
1743631200,3.02e-06,2025-04-02 22:00:00+00:00
1743634800,-6.39e-06,2025-04-02 23:00:00+00:00
1743638400,-1.129e-05,2025-04-03 00:00:00+00:00
1743642000,-3.85e-06,2025-04-03 01:00:00+00:00
1743645600,1.217e-05,2025-04-03 02:00:00+00:00
1743649200,2.75e-05,2025-04-03 03:00:00+00:00
1743652800,4.397e-05,2025-04-03 04:00:00+00:00
1743656400,5.51e-05,2025-04-03 05:00:00+00:00
1743660000,5.989e-05,2025-04-03 06:00:00+00:00
1743663600,6.411e-05,2025-04-03 07:00:00+00:00
1743667200,6.432e-05,2025-04-03 08:00:00+00:00
1743670800,4.987e-05,2025-04-03 09:00:00+00:00
1743674400,2.797e-05,2025-04-03 10:00:00+00:00
1743678000,1.534e-05,2025-04-03 11:00:00+00:00
1743681600,9.52e-06,2025-04-03 12:00:00+00:00
1743685200,4.65e-06,2025-04-03 13:00:00+00:00
1743688800,-6.1e-06,2025-04-03 14:00:00+00:00
1743692400,-6.21e-06,2025-04-03 15:00:00+00:00
1743696000,-1.68e-06,2025-04-03 16:00:00+00:00
1743699600,1.109e-05,2025-04-03 17:00:00+00:00
1743703200,2.124e-05,2025-04-03 18:00:00+00:00
1743706800,3.543e-05,2025-04-03 19:00:00+00:00
1743710400,5.102e-05,2025-04-03 20:00:00+00:00
1743714000,5.526e-05,2025-04-03 21:00:00+00:00
1743717600,5.73e-05,2025-04-03 22:00:00+00:00
1743721200,6.701e-05,2025-04-03 23:00:00+00:00
1743724800,7.302e-05,2025-04-04 00:00:00+00:00
1743728400,8.704e-05,2025-04-04 01:00:00+00:00
1743732000,7.87e-05,2025-04-04 02:00:00+00:00
1743735600,6.092e-05,2025-04-04 03:00:00+00:00
1743739200,4.055e-05,2025-04-04 04:00:00+00:00
1743742800,2.506e-05,2025-04-04 05:00:00+00:00
1743746400,3e-08,2025-04-04 06:00:00+00:00
1743750000,-2.033e-05,2025-04-04 07:00:00+00:00
1743753600,-2.908e-05,2025-04-04 08:00:00+00:00
1743757200,-2.292e-05,2025-04-04 09:00:00+00:00
1743760800,-2.965e-05,2025-04-04 10:00:00+00:00
1743764400,-3.303e-05,2025-04-04 11:00:00+00:00
1743768000,-8.83e-06,2025-04-04 12:00:00+00:00
1743771600,2.091e-05,2025-04-04 13:00:00+00:00
1743775200,3.178e-05,2025-04-04 14:00:00+00:00
1743778800,3.78e-05,2025-04-04 15:00:00+00:00
1743782400,3.118e-05,2025-04-04 16:00:00+00:00
1743786000,3.197e-05,2025-04-04 17:00:00+00:00
1743789600,2.799e-05,2025-04-04 18:00:00+00:00
1743793200,1.544e-05,2025-04-04 19:00:00+00:00
1743796800,3.72e-06,2025-04-04 20:00:00+00:00
1743800400,8.61e-06,2025-04-04 21:00:00+00:00
1743804000,1.263e-05,2025-04-04 22:00:00+00:00
1743807600,2.162e-05,2025-04-04 23:00:00+00:00
1743811200,3.737e-05,2025-04-05 00:00:00+00:00
1743814800,4.068e-05,2025-04-05 01:00:00+00:00
1743818400,4.541e-05,2025-04-05 02:00:00+00:00
1743822000,4.777e-05,2025-04-05 03:00:00+00:00
1743825600,3.734e-05,2025-04-05 04:00:00+00:00
1743829200,4.212e-05,2025-04-05 05:00:00+00:00
1743832800,5.199e-05,2025-04-05 06:00:00+00:00
1743836400,5.919e-05,2025-04-05 07:00:00+00:00
1743840000,5.79e-05,2025-04-05 08:00:00+00:00
1743843600,5.899e-05,2025-04-05 09:00:00+00:00
1743847200,5.115e-05,2025-04-05 10:00:00+00:00
1743850800,4.516e-05,2025-04-05 11:00:00+00:00
1743854400,4.496e-05,2025-04-05 12:00:00+00:00
1743858000,2.607e-05,2025-04-05 13:00:00+00:00
1743861600,9e-08,2025-04-05 14:00:00+00:00
1743865200,-7.47e-06,2025-04-05 15:00:00+00:00
1743868800,-1.308e-05,2025-04-05 16:00:00+00:00
1743872400,-1.484e-05,2025-04-05 17:00:00+00:00
1743876000,-1.553e-05,2025-04-05 18:00:00+00:00
1743879600,-1.923e-05,2025-04-05 19:00:00+00:00
1743883200,-1.112e-05,2025-04-05 20:00:00+00:00
1743886800,-1.69e-06,2025-04-05 21:00:00+00:00
1743890400,1.728e-05,2025-04-05 22:00:00+00:00
1743894000,2.381e-05,2025-04-05 23:00:00+00:00
1743897600,3.043e-05,2025-04-06 00:00:00+00:00
1743901200,4.022e-05,2025-04-06 01:00:00+00:00
1743904800,5.03e-05,2025-04-06 02:00:00+00:00
1743908400,5.934e-05,2025-04-06 03:00:00+00:00
1743912000,5.873e-05,2025-04-06 04:00:00+00:00
1743915600,5.963e-05,2025-04-06 05:00:00+00:00
1743919200,6.449e-05,2025-04-06 06:00:00+00:00
1743922800,5.428e-05,2025-04-06 07:00:00+00:00
1743926400,4.795e-05,2025-04-06 08:00:00+00:00
1743930000,3.053e-05,2025-04-06 09:00:00+00:00
1743933600,1.517e-05,2025-04-06 10:00:00+00:00
1743937200,3.8e-07,2025-04-06 11:00:00+00:00
1743940800,-1.285e-05,2025-04-06 12:00:00+00:00
1743944400,-2.278e-05,2025-04-06 13:00:00+00:00
1743948000,-3.23e-05,2025-04-06 14:00:00+00:00
1743951600,-2.401e-05,2025-04-06 15:00:00+00:00
1743955200,-3.6e-06,2025-04-06 16:00:00+00:00
1743958800,-4.11e-06,2025-04-06 17:00:00+00:00
1743962400,2.86e-06,2025-04-06 18:00:00+00:00
1743966000,-1.127e-05,2025-04-06 19:00:00+00:00
1743969600,-1.638e-05,2025-04-06 20:00:00+00:00
1743973200,-2.549e-05,2025-04-06 21:00:00+00:00
1743976800,-3.695e-05,2025-04-06 22:00:00+00:00
1743980400,-3.797e-05,2025-04-06 23:00:00+00:00
1743984000,-5.094e-05,2025-04-07 00:00:00+00:00
1743987600,-5.995e-05,2025-04-07 01:00:00+00:00
1743991200,-6.605e-05,2025-04-07 02:00:00+00:00
1743994800,-6.891e-05,2025-04-07 03:00:00+00:00
1743998400,-5.486e-05,2025-04-07 04:00:00+00:00
1744002000,-4.571e-05,2025-04-07 05:00:00+00:00
1744005600,-2.328e-05,2025-04-07 06:00:00+00:00
1744009200,-9.52e-06,2025-04-07 07:00:00+00:00
1744012800,-1.473e-05,2025-04-07 08:00:00+00:00
1744016400,-1.611e-05,2025-04-07 09:00:00+00:00
1744020000,-1.291e-05,2025-04-07 10:00:00+00:00
1744023600,-1.854e-05,2025-04-07 11:00:00+00:00
1744027200,-3.057e-05,2025-04-07 12:00:00+00:00
1744030800,-4.354e-05,2025-04-07 13:00:00+00:00
1744034400,-4.132e-05,2025-04-07 14:00:00+00:00
1744038000,-3.461e-05,2025-04-07 15:00:00+00:00
1744041600,-2.328e-05,2025-04-07 16:00:00+00:00
1744045200,-2.53e-06,2025-04-07 17:00:00+00:00
1744048800,-1.1e-06,2025-04-07 18:00:00+00:00
1744052400,2.3e-07,2025-04-07 19:00:00+00:00
1744056000,1.053e-05,2025-04-07 20:00:00+00:00
1744059600,2.174e-05,2025-04-07 21:00:00+00:00
1744063200,1.335e-05,2025-04-07 22:00:00+00:00
1744066800,-4.48e-06,2025-04-07 23:00:00+00:00
1744070400,-2.083e-05,2025-04-08 00:00:00+00:00
1744074000,-1.928e-05,2025-04-08 01:00:00+00:00
1744077600,-9.1e-07,2025-04-08 02:00:00+00:00
1744081200,1.974e-05,2025-04-08 03:00:00+00:00
1744084800,1.348e-05,2025-04-08 04:00:00+00:00
1744088400,1.284e-05,2025-04-08 05:00:00+00:00
1744092000,1.579e-05,2025-04-08 06:00:00+00:00
1744095600,1.226e-05,2025-04-08 07:00:00+00:00
1744099200,1.584e-05,2025-04-08 08:00:00+00:00
1744102800,1.391e-05,2025-04-08 09:00:00+00:00
1744106400,1.958e-05,2025-04-08 10:00:00+00:00
1744110000,1.937e-05,2025-04-08 11:00:00+00:00
1744113600,1.614e-05,2025-04-08 12:00:00+00:00
1744117200,3.96e-06,2025-04-08 13:00:00+00:00
1744120800,-8.33e-06,2025-04-08 14:00:00+00:00
1744124400,-1.429e-05,2025-04-08 15:00:00+00:00
1744128000,-1.928e-05,2025-04-08 16:00:00+00:00
1744131600,-5.083e-05,2025-04-08 17:00:00+00:00
1744135200,-7.655e-05,2025-04-08 18:00:00+00:00
1744138800,-7.301e-05,2025-04-08 19:00:00+00:00
1744142400,-6.021e-05,2025-04-08 20:00:00+00:00
1744146000,-4.893e-05,2025-04-08 21:00:00+00:00
1744149600,-3.902e-05,2025-04-08 22:00:00+00:00
1744153200,-4.82e-05,2025-04-08 23:00:00+00:00
1744156800,-5.713e-05,2025-04-09 00:00:00+00:00
1744160400,-7.831e-05,2025-04-09 01:00:00+00:00
1744164000,-7.682e-05,2025-04-09 02:00:00+00:00
1744167600,-7.786e-05,2025-04-09 03:00:00+00:00
1744171200,-8.795e-05,2025-04-09 04:00:00+00:00
1744174800,-9.943e-05,2025-04-09 05:00:00+00:00
1744178400,-8.253e-05,2025-04-09 06:00:00+00:00
1744182000,-6.638e-05,2025-04-09 07:00:00+00:00
1744185600,-3.372e-05,2025-04-09 08:00:00+00:00
1744189200,-6.39e-06,2025-04-09 09:00:00+00:00
1744192800,1.459e-05,2025-04-09 10:00:00+00:00
1744196400,2.238e-05,2025-04-09 11:00:00+00:00
1744200000,3.228e-05,2025-04-09 12:00:00+00:00
1744203600,3.186e-05,2025-04-09 13:00:00+00:00
1744207200,1.243e-05,2025-04-09 14:00:00+00:00
1744210800,1.576e-05,2025-04-09 15:00:00+00:00
1744214400,2.451e-05,2025-04-09 16:00:00+00:00
1744218000,6.327e-05,2025-04-09 17:00:00+00:00
1744221600,6.552e-05,2025-04-09 18:00:00+00:00
1744225200,7.193e-05,2025-04-09 19:00:00+00:00
1744228800,8.062e-05,2025-04-09 20:00:00+00:00
1744232400,8.869e-05,2025-04-09 21:00:00+00:00
1744236000,0.0001,2025-04-09 22:00:00+00:00
1744239600,0.0001,2025-04-09 23:00:00+00:00
1744243200,9.878e-05,2025-04-10 00:00:00+00:00
1744246800,9.934e-05,2025-04-10 01:00:00+00:00
1744250400,0.0001,2025-04-10 02:00:00+00:00
1744254000,8.798e-05,2025-04-10 03:00:00+00:00
1744257600,7.421e-05,2025-04-10 04:00:00+00:00
1744261200,5.317e-05,2025-04-10 05:00:00+00:00
1744264800,4.887e-05,2025-04-10 06:00:00+00:00
1744268400,3.066e-05,2025-04-10 07:00:00+00:00
1744272000,3.055e-05,2025-04-10 08:00:00+00:00
1744275600,3.174e-05,2025-04-10 09:00:00+00:00
1744279200,1.143e-05,2025-04-10 10:00:00+00:00
1744282800,-2.06e-06,2025-04-10 11:00:00+00:00
1744286400,-8.02e-06,2025-04-10 12:00:00+00:00
1744290000,-9.1e-06,2025-04-10 13:00:00+00:00
1744293600,1.04e-05,2025-04-10 14:00:00+00:00
1744297200,-1.1e-07,2025-04-10 15:00:00+00:00
1744300800,-3.43e-05,2025-04-10 16:00:00+00:00
1744304400,-4.912e-05,2025-04-10 17:00:00+00:00
1744308000,-5.727e-05,2025-04-10 18:00:00+00:00
1744311600,-6.472e-05,2025-04-10 19:00:00+00:00
1744315200,-5.87e-05,2025-04-10 20:00:00+00:00
1744318800,-4.186e-05,2025-04-10 21:00:00+00:00
1744322400,-2.364e-05,2025-04-10 22:00:00+00:00
1744326000,-9.18e-06,2025-04-10 23:00:00+00:00
1744329600,-1.629e-05,2025-04-11 00:00:00+00:00
1744333200,-2.657e-05,2025-04-11 01:00:00+00:00
1744336800,-5.512e-05,2025-04-11 02:00:00+00:00
1744340400,-6.472e-05,2025-04-11 03:00:00+00:00
1744344000,-7.072e-05,2025-04-11 04:00:00+00:00
1744347600,-5.992e-05,2025-04-11 05:00:00+00:00
1744351200,-5.458e-05,2025-04-11 06:00:00+00:00
1744354800,-5.794e-05,2025-04-11 07:00:00+00:00
1744358400,-4.757e-05,2025-04-11 08:00:00+00:00
1744362000,-4.04e-05,2025-04-11 09:00:00+00:00
1744365600,-4.979e-05,2025-04-11 10:00:00+00:00
1744369200,-5.553e-05,2025-04-11 11:00:00+00:00
1744372800,-5.121e-05,2025-04-11 12:00:00+00:00
1744376400,-3.377e-05,2025-04-11 13:00:00+00:00
1744380000,-1.637e-05,2025-04-11 14:00:00+00:00
1744383600,-4.37e-06,2025-04-11 15:00:00+00:00
1744387200,1.039e-05,2025-04-11 16:00:00+00:00
1744390800,8.44e-06,2025-04-11 17:00:00+00:00
1744394400,4.5e-07,2025-04-11 18:00:00+00:00
1744398000,-2.62e-06,2025-04-11 19:00:00+00:00
1744401600,-1.028e-05,2025-04-11 20:00:00+00:00
1744405200,4.6e-06,2025-04-11 21:00:00+00:00
1744408800,1.853e-05,2025-04-11 22:00:00+00:00
1744412400,2.543e-05,2025-04-11 23:00:00+00:00
1744416000,2.87e-05,2025-04-12 00:00:00+00:00
1744419600,3.052e-05,2025-04-12 01:00:00+00:00
1744423200,3.425e-05,2025-04-12 02:00:00+00:00
1744426800,2.592e-05,2025-04-12 03:00:00+00:00
1744430400,2.862e-05,2025-04-12 04:00:00+00:00
1744434000,1.76e-05,2025-04-12 05:00:00+00:00
1744437600,1.01e-05,2025-04-12 06:00:00+00:00
1744441200,-6e-06,2025-04-12 07:00:00+00:00
1744444800,-8.35e-06,2025-04-12 08:00:00+00:00
1744448400,-1.232e-05,2025-04-12 09:00:00+00:00
1744452000,-1.36e-05,2025-04-12 10:00:00+00:00
1744455600,-1.279e-05,2025-04-12 11:00:00+00:00
1744459200,-2.303e-05,2025-04-12 12:00:00+00:00
1744462800,-1.859e-05,2025-04-12 13:00:00+00:00
1744466400,2.7e-06,2025-04-12 14:00:00+00:00
1744470000,2.341e-05,2025-04-12 15:00:00+00:00
1744473600,4.93e-05,2025-04-12 16:00:00+00:00
1744477200,5.705e-05,2025-04-12 17:00:00+00:00
1744480800,5.525e-05,2025-04-12 18:00:00+00:00
1744484400,6.549e-05,2025-04-12 19:00:00+00:00
1744488000,6.386e-05,2025-04-12 20:00:00+00:00
1744491600,7.374e-05,2025-04-12 21:00:00+00:00
1744495200,7.227e-05,2025-04-12 22:00:00+00:00
1744498800,7.639e-05,2025-04-12 23:00:00+00:00
1744502400,7.699e-05,2025-04-13 00:00:00+00:00
1744506000,6.358e-05,2025-04-13 01:00:00+00:00
1744509600,7.165e-05,2025-04-13 02:00:00+00:00
1744513200,6.798e-05,2025-04-13 03:00:00+00:00
1744516800,7.339e-05,2025-04-13 04:00:00+00:00
1744520400,8.19e-05,2025-04-13 05:00:00+00:00
1744524000,6.205e-05,2025-04-13 06:00:00+00:00
1744527600,5.182e-05,2025-04-13 07:00:00+00:00
1744531200,3.832e-05,2025-04-13 08:00:00+00:00
1744534800,1.158e-05,2025-04-13 09:00:00+00:00
1744538400,-4.8e-07,2025-04-13 10:00:00+00:00
1744542000,1.35e-06,2025-04-13 11:00:00+00:00
1744545600,-1.18e-06,2025-04-13 12:00:00+00:00
1744549200,1.601e-05,2025-04-13 13:00:00+00:00
1744552800,3.003e-05,2025-04-13 14:00:00+00:00
1744556400,5.299e-05,2025-04-13 15:00:00+00:00
1744560000,6.193e-05,2025-04-13 16:00:00+00:00
1744563600,6.441e-05,2025-04-13 17:00:00+00:00
1744567200,6.66e-05,2025-04-13 18:00:00+00:00
1744570800,6.6e-05,2025-04-13 19:00:00+00:00
1744574400,7.496e-05,2025-04-13 20:00:00+00:00
1744578000,7.763e-05,2025-04-13 21:00:00+00:00
1744581600,7.488e-05,2025-04-13 22:00:00+00:00
1744585200,7.387e-05,2025-04-13 23:00:00+00:00
1744588800,6.368e-05,2025-04-14 00:00:00+00:00
1744592400,4.696e-05,2025-04-14 01:00:00+00:00
1744596000,5.27e-05,2025-04-14 02:00:00+00:00
1744599600,5.781e-05,2025-04-14 03:00:00+00:00
1744603200,5.946e-05,2025-04-14 04:00:00+00:00
1744606800,6.564e-05,2025-04-14 05:00:00+00:00
1744610400,6.122e-05,2025-04-14 06:00:00+00:00
1744614000,5.872e-05,2025-04-14 07:00:00+00:00
1744617600,6.666e-05,2025-04-14 08:00:00+00:00
1744621200,8.538e-05,2025-04-14 09:00:00+00:00
1744624800,0.0001,2025-04-14 10:00:00+00:00
1744628400,0.0001,2025-04-14 11:00:00+00:00
1744632000,0.0001,2025-04-14 12:00:00+00:00
1744635600,8.934e-05,2025-04-14 13:00:00+00:00
1744639200,7.904e-05,2025-04-14 14:00:00+00:00
1744642800,5.501e-05,2025-04-14 15:00:00+00:00
1744646400,3.747e-05,2025-04-14 16:00:00+00:00
1744650000,3.535e-05,2025-04-14 17:00:00+00:00
1744653600,2.609e-05,2025-04-14 18:00:00+00:00
1744657200,2.306e-05,2025-04-14 19:00:00+00:00
1744660800,2.214e-05,2025-04-14 20:00:00+00:00
1744664400,2.604e-05,2025-04-14 21:00:00+00:00
1744668000,2.735e-05,2025-04-14 22:00:00+00:00
1744671600,2.59e-05,2025-04-14 23:00:00+00:00
1744675200,2.179e-05,2025-04-15 00:00:00+00:00
1744678800,2.498e-05,2025-04-15 01:00:00+00:00
1744682400,2.157e-05,2025-04-15 02:00:00+00:00
1744686000,2.144e-05,2025-04-15 03:00:00+00:00
1744689600,2.501e-05,2025-04-15 04:00:00+00:00
1744693200,1.492e-05,2025-04-15 05:00:00+00:00
1744696800,8.74e-06,2025-04-15 06:00:00+00:00
1744700400,1.812e-05,2025-04-15 07:00:00+00:00
1744704000,1.585e-05,2025-04-15 08:00:00+00:00
1744707600,3.18e-06,2025-04-15 09:00:00+00:00
1744711200,-6.66e-06,2025-04-15 10:00:00+00:00
1744714800,-4.34e-06,2025-04-15 11:00:00+00:00
1744718400,-1.21e-06,2025-04-15 12:00:00+00:00
1744722000,3.56e-06,2025-04-15 13:00:00+00:00
1744725600,1.35e-06,2025-04-15 14:00:00+00:00
1744729200,3.1e-06,2025-04-15 15:00:00+00:00
1744732800,1.67e-06,2025-04-15 16:00:00+00:00
1744736400,5.34e-06,2025-04-15 17:00:00+00:00
1744740000,1.29e-05,2025-04-15 18:00:00+00:00
1744743600,2.627e-05,2025-04-15 19:00:00+00:00
1744747200,3.448e-05,2025-04-15 20:00:00+00:00
1744750800,4.657e-05,2025-04-15 21:00:00+00:00
1744754400,4.827e-05,2025-04-15 22:00:00+00:00
1744758000,4.284e-05,2025-04-15 23:00:00+00:00
1744761600,3.147e-05,2025-04-16 00:00:00+00:00
1744765200,2.245e-05,2025-04-16 01:00:00+00:00
1744768800,1.72e-06,2025-04-16 02:00:00+00:00
1744772400,-1.831e-05,2025-04-16 03:00:00+00:00
1744776000,-3.044e-05,2025-04-16 04:00:00+00:00
1744779600,-3.868e-05,2025-04-16 05:00:00+00:00
1744783200,-2.797e-05,2025-04-16 06:00:00+00:00
1744786800,-2.96e-05,2025-04-16 07:00:00+00:00
1744790400,-3.031e-05,2025-04-16 08:00:00+00:00
1744794000,-3.394e-05,2025-04-16 09:00:00+00:00
1744797600,-3.709e-05,2025-04-16 10:00:00+00:00
1744801200,-4.636e-05,2025-04-16 11:00:00+00:00
1744804800,-5.62e-05,2025-04-16 12:00:00+00:00
1744808400,-3.763e-05,2025-04-16 13:00:00+00:00
1744812000,-2.424e-05,2025-04-16 14:00:00+00:00
1744815600,-2.522e-05,2025-04-16 15:00:00+00:00
1744819200,-1.347e-05,2025-04-16 16:00:00+00:00
1744822800,-4.06e-06,2025-04-16 17:00:00+00:00
1744826400,1.191e-05,2025-04-16 18:00:00+00:00
1744830000,2.133e-05,2025-04-16 19:00:00+00:00
1744833600,2.225e-05,2025-04-16 20:00:00+00:00
1744837200,4.162e-05,2025-04-16 21:00:00+00:00
1744840800,4.448e-05,2025-04-16 22:00:00+00:00
1744844400,4.376e-05,2025-04-16 23:00:00+00:00
1744848000,4.889e-05,2025-04-17 00:00:00+00:00
1744851600,5.561e-05,2025-04-17 01:00:00+00:00
1744855200,5.788e-05,2025-04-17 02:00:00+00:00
1744858800,5.593e-05,2025-04-17 03:00:00+00:00
1744862400,5.868e-05,2025-04-17 04:00:00+00:00
1744866000,5.643e-05,2025-04-17 05:00:00+00:00
1744869600,5.291e-05,2025-04-17 06:00:00+00:00
1744873200,5.186e-05,2025-04-17 07:00:00+00:00
1744876800,4.836e-05,2025-04-17 08:00:00+00:00
1744880400,3.951e-05,2025-04-17 09:00:00+00:00
1744884000,2.964e-05,2025-04-17 10:00:00+00:00
1744887600,1.514e-05,2025-04-17 11:00:00+00:00
1744891200,9.39e-06,2025-04-17 12:00:00+00:00
1744894800,6.65e-06,2025-04-17 13:00:00+00:00
1744898400,-1.124e-05,2025-04-17 14:00:00+00:00
1744902000,-1.781e-05,2025-04-17 15:00:00+00:00
1744905600,1.294e-05,2025-04-17 16:00:00+00:00
1744909200,3.96e-05,2025-04-17 17:00:00+00:00
1744912800,4.758e-05,2025-04-17 18:00:00+00:00
1744916400,2.727e-05,2025-04-17 19:00:00+00:00
1744920000,5.03e-06,2025-04-17 20:00:00+00:00
1744923600,-1.065e-05,2025-04-17 21:00:00+00:00
1744927200,-2.367e-05,2025-04-17 22:00:00+00:00
1744930800,-3.125e-05,2025-04-17 23:00:00+00:00
1744934400,-4.517e-05,2025-04-18 00:00:00+00:00
1744938000,-4.603e-05,2025-04-18 01:00:00+00:00
1744941600,-3.182e-05,2025-04-18 02:00:00+00:00
1744945200,-2.356e-05,2025-04-18 03:00:00+00:00
1744948800,-9.17e-06,2025-04-18 04:00:00+00:00
1744952400,1.76e-06,2025-04-18 05:00:00+00:00
1744956000,2.269e-05,2025-04-18 06:00:00+00:00
1744959600,2.723e-05,2025-04-18 07:00:00+00:00
1744963200,2.499e-05,2025-04-18 08:00:00+00:00
1744966800,1.865e-05,2025-04-18 09:00:00+00:00
1744970400,1.533e-05,2025-04-18 10:00:00+00:00
1744974000,1.153e-05,2025-04-18 11:00:00+00:00
1744977600,5.19e-06,2025-04-18 12:00:00+00:00
1744981200,-8.18e-06,2025-04-18 13:00:00+00:00
1744984800,-1.233e-05,2025-04-18 14:00:00+00:00
1744988400,-1.492e-05,2025-04-18 15:00:00+00:00
1744992000,-1.644e-05,2025-04-18 16:00:00+00:00
1744995600,-1.623e-05,2025-04-18 17:00:00+00:00
1744999200,-1.39e-05,2025-04-18 18:00:00+00:00
1745002800,-1.73e-05,2025-04-18 19:00:00+00:00
1745006400,-2.539e-05,2025-04-18 20:00:00+00:00
1745010000,-3.051e-05,2025-04-18 21:00:00+00:00
1745013600,-3.166e-05,2025-04-18 22:00:00+00:00
1745017200,-2.41e-05,2025-04-18 23:00:00+00:00
1745020800,-1.813e-05,2025-04-19 00:00:00+00:00
1745024400,1e-07,2025-04-19 01:00:00+00:00
1745028000,2.489e-05,2025-04-19 02:00:00+00:00
1745031600,5.13e-05,2025-04-19 03:00:00+00:00
1745035200,7.366e-05,2025-04-19 04:00:00+00:00
1745038800,8.604e-05,2025-04-19 05:00:00+00:00
1745042400,8.547e-05,2025-04-19 06:00:00+00:00
1745046000,8.846e-05,2025-04-19 07:00:00+00:00
1745049600,9.219e-05,2025-04-19 08:00:00+00:00
1745053200,9.232e-05,2025-04-19 09:00:00+00:00
1745056800,9.173e-05,2025-04-19 10:00:00+00:00
1745060400,8.395e-05,2025-04-19 11:00:00+00:00
1745064000,7.272e-05,2025-04-19 12:00:00+00:00
1745067600,6.976e-05,2025-04-19 13:00:00+00:00
1745071200,7.14e-05,2025-04-19 14:00:00+00:00
1745074800,7.17e-05,2025-04-19 15:00:00+00:00
1745078400,7.372e-05,2025-04-19 16:00:00+00:00
1745082000,8.107e-05,2025-04-19 17:00:00+00:00
1745085600,6.986e-05,2025-04-19 18:00:00+00:00
1745089200,6.185e-05,2025-04-19 19:00:00+00:00
1745092800,5.554e-05,2025-04-19 20:00:00+00:00
1745096400,5.159e-05,2025-04-19 21:00:00+00:00
1745100000,4.931e-05,2025-04-19 22:00:00+00:00
1745103600,5.764e-05,2025-04-19 23:00:00+00:00
1745107200,5.502e-05,2025-04-20 00:00:00+00:00
1745110800,5.619e-05,2025-04-20 01:00:00+00:00
1745114400,5.6e-05,2025-04-20 02:00:00+00:00
1745118000,6.483e-05,2025-04-20 03:00:00+00:00
1745121600,7.985e-05,2025-04-20 04:00:00+00:00
1745125200,8.522e-05,2025-04-20 05:00:00+00:00
1745128800,8.912e-05,2025-04-20 06:00:00+00:00
1745132400,7.75e-05,2025-04-20 07:00:00+00:00
1745136000,6.706e-05,2025-04-20 08:00:00+00:00
1745139600,5.346e-05,2025-04-20 09:00:00+00:00
1745143200,2.509e-05,2025-04-20 10:00:00+00:00
1745146800,1.274e-05,2025-04-20 11:00:00+00:00
1745150400,-8.55e-06,2025-04-20 12:00:00+00:00
1745154000,-2.721e-05,2025-04-20 13:00:00+00:00
1745157600,-4.359e-05,2025-04-20 14:00:00+00:00
1745161200,-5.363e-05,2025-04-20 15:00:00+00:00
1745164800,-5.761e-05,2025-04-20 16:00:00+00:00
1745168400,-6.224e-05,2025-04-20 17:00:00+00:00
1745172000,-5.899e-05,2025-04-20 18:00:00+00:00
1745175600,-4.659e-05,2025-04-20 19:00:00+00:00
1745179200,-3.812e-05,2025-04-20 20:00:00+00:00
1745182800,-1.945e-05,2025-04-20 21:00:00+00:00
1745186400,-1.232e-05,2025-04-20 22:00:00+00:00
1745190000,-1.24e-06,2025-04-20 23:00:00+00:00
1745193600,2.876e-05,2025-04-21 00:00:00+00:00
1745197200,5.136e-05,2025-04-21 01:00:00+00:00
1745200800,7.72e-05,2025-04-21 02:00:00+00:00
1745204400,0.0001,2025-04-21 03:00:00+00:00
1745222400,0.0001,2025-04-21 08:00:00+00:00
1745244000,8.322e-05,2025-04-21 14:00:00+00:00
1745247600,8.017e-05,2025-04-21 15:00:00+00:00
1745251200,6.04e-05,2025-04-21 16:00:00+00:00
1745254800,3.321e-05,2025-04-21 17:00:00+00:00
1745258400,1.376e-05,2025-04-21 18:00:00+00:00
1745262000,1.127e-05,2025-04-21 19:00:00+00:00
1745265600,1.095e-05,2025-04-21 20:00:00+00:00
1745269200,-6.82e-06,2025-04-21 21:00:00+00:00
1745272800,-2.391e-05,2025-04-21 22:00:00+00:00
1745276400,-3.6e-05,2025-04-21 23:00:00+00:00
1745280000,-3.891e-05,2025-04-22 00:00:00+00:00
1745283600,-4.436e-05,2025-04-22 01:00:00+00:00
1745287200,-5.364e-05,2025-04-22 02:00:00+00:00
1745290800,-5.059e-05,2025-04-22 03:00:00+00:00
1745294400,-5.153e-05,2025-04-22 04:00:00+00:00
1745298000,-3.795e-05,2025-04-22 05:00:00+00:00
1745301600,-2.927e-05,2025-04-22 06:00:00+00:00
1745305200,-1.08e-06,2025-04-22 07:00:00+00:00
1745308800,2.647e-05,2025-04-22 08:00:00+00:00
1745312400,4.155e-05,2025-04-22 09:00:00+00:00
1745316000,4.752e-05,2025-04-22 10:00:00+00:00
1745319600,5.106e-05,2025-04-22 11:00:00+00:00
1745323200,4.684e-05,2025-04-22 12:00:00+00:00
1745326800,3.748e-05,2025-04-22 13:00:00+00:00
1745330400,5.201e-05,2025-04-22 14:00:00+00:00
1745334000,8.047e-05,2025-04-22 15:00:00+00:00
1745337600,0.0001,2025-04-22 16:00:00+00:00
1745355600,9.222e-05,2025-04-22 21:00:00+00:00
1745359200,7.579e-05,2025-04-22 22:00:00+00:00
1745362800,6.679e-05,2025-04-22 23:00:00+00:00
1745366400,7.271e-05,2025-04-23 00:00:00+00:00
1745370000,7.202e-05,2025-04-23 01:00:00+00:00
1745373600,7.799e-05,2025-04-23 02:00:00+00:00
1745377200,7.896e-05,2025-04-23 03:00:00+00:00
1745380800,7.723e-05,2025-04-23 04:00:00+00:00
1745384400,6.191e-05,2025-04-23 05:00:00+00:00
1745388000,7.578e-05,2025-04-23 06:00:00+00:00
1745391600,9.588e-05,2025-04-23 07:00:00+00:00
1745395200,0.0001,2025-04-23 08:00:00+00:00
1745413200,9.103e-05,2025-04-23 13:00:00+00:00
1745416800,8.871e-05,2025-04-23 14:00:00+00:00
1745420400,0.0001,2025-04-23 15:00:00+00:00
1745424000,0.0001,2025-04-23 16:00:00+00:00
1745452800,0.0001,2025-04-24 00:00:00+00:00
1745456400,9.765e-05,2025-04-24 01:00:00+00:00
1745460000,7.73e-05,2025-04-24 02:00:00+00:00
1745463600,6.294e-05,2025-04-24 03:00:00+00:00
1745467200,5.978e-05,2025-04-24 04:00:00+00:00
1745470800,6.043e-05,2025-04-24 05:00:00+00:00
1745474400,6.661e-05,2025-04-24 06:00:00+00:00
1745478000,7.173e-05,2025-04-24 07:00:00+00:00
1745481600,6.338e-05,2025-04-24 08:00:00+00:00
1745485200,5.421e-05,2025-04-24 09:00:00+00:00
1745488800,5.012e-05,2025-04-24 10:00:00+00:00
1745492400,4.211e-05,2025-04-24 11:00:00+00:00
1745496000,2.509e-05,2025-04-24 12:00:00+00:00
1745499600,1.085e-05,2025-04-24 13:00:00+00:00
1745503200,6.2e-07,2025-04-24 14:00:00+00:00
1745506800,6.43e-06,2025-04-24 15:00:00+00:00
1745510400,1.293e-05,2025-04-24 16:00:00+00:00
1745514000,1.935e-05,2025-04-24 17:00:00+00:00
1745517600,2.531e-05,2025-04-24 18:00:00+00:00
1745521200,2.758e-05,2025-04-24 19:00:00+00:00
1745524800,3.755e-05,2025-04-24 20:00:00+00:00
1745528400,3.816e-05,2025-04-24 21:00:00+00:00
1745532000,5.128e-05,2025-04-24 22:00:00+00:00
1745535600,5.891e-05,2025-04-24 23:00:00+00:00
1745539200,6.833e-05,2025-04-25 00:00:00+00:00
1745542800,4.49e-05,2025-04-25 01:00:00+00:00
1745546400,2.967e-05,2025-04-25 02:00:00+00:00
1745550000,2.684e-05,2025-04-25 03:00:00+00:00
1745553600,4.138e-05,2025-04-25 04:00:00+00:00
1745557200,6.018e-05,2025-04-25 05:00:00+00:00
1745560800,7.784e-05,2025-04-25 06:00:00+00:00
1745564400,7.791e-05,2025-04-25 07:00:00+00:00
1745568000,7.387e-05,2025-04-25 08:00:00+00:00
1745571600,7.657e-05,2025-04-25 09:00:00+00:00
1745575200,6.101e-05,2025-04-25 10:00:00+00:00
1745578800,4.003e-05,2025-04-25 11:00:00+00:00
1745582400,1.722e-05,2025-04-25 12:00:00+00:00
1745586000,-1.621e-05,2025-04-25 13:00:00+00:00
1745589600,-8.72e-06,2025-04-25 14:00:00+00:00
1745593200,-9.65e-06,2025-04-25 15:00:00+00:00
1745596800,1.12e-06,2025-04-25 16:00:00+00:00
1745600400,-1.166e-05,2025-04-25 17:00:00+00:00
1745604000,-1.3e-07,2025-04-25 18:00:00+00:00
1745607600,1.088e-05,2025-04-25 19:00:00+00:00
1745611200,1.856e-05,2025-04-25 20:00:00+00:00
1745614800,1.24e-05,2025-04-25 21:00:00+00:00
1745618400,1.802e-05,2025-04-25 22:00:00+00:00
1745622000,8.3e-06,2025-04-25 23:00:00+00:00
1745625600,2.271e-05,2025-04-26 00:00:00+00:00
1745629200,3.254e-05,2025-04-26 01:00:00+00:00
1745632800,3.681e-05,2025-04-26 02:00:00+00:00
1745636400,1.52e-05,2025-04-26 03:00:00+00:00
1745640000,-2.79e-06,2025-04-26 04:00:00+00:00
1745643600,-1.572e-05,2025-04-26 05:00:00+00:00
1745647200,-2.469e-05,2025-04-26 06:00:00+00:00
1745650800,-2.883e-05,2025-04-26 07:00:00+00:00
1745654400,-2.448e-05,2025-04-26 08:00:00+00:00
1745658000,-3.454e-05,2025-04-26 09:00:00+00:00
1745661600,-4.363e-05,2025-04-26 10:00:00+00:00
1745665200,-5.328e-05,2025-04-26 11:00:00+00:00
1745668800,-4.897e-05,2025-04-26 12:00:00+00:00
1745672400,-2.633e-05,2025-04-26 13:00:00+00:00
1745676000,-1.183e-05,2025-04-26 14:00:00+00:00
1745679600,7.28e-06,2025-04-26 15:00:00+00:00
1745683200,3.616e-05,2025-04-26 16:00:00+00:00
1745686800,6.054e-05,2025-04-26 17:00:00+00:00
1745690400,8.516e-05,2025-04-26 18:00:00+00:00
1745694000,0.0001,2025-04-26 19:00:00+00:00
1745697600,0.0001,2025-04-26 20:00:00+00:00
1745701200,9.131e-05,2025-04-26 21:00:00+00:00
1745704800,7.529e-05,2025-04-26 22:00:00+00:00
1745708400,5.731e-05,2025-04-26 23:00:00+00:00
1745712000,6.464e-05,2025-04-27 00:00:00+00:00
1745715600,2.716e-05,2025-04-27 01:00:00+00:00
1745719200,4.61e-06,2025-04-27 02:00:00+00:00
1745722800,-2.192e-05,2025-04-27 03:00:00+00:00
1745726400,-5.261e-05,2025-04-27 04:00:00+00:00
1745730000,-6.371e-05,2025-04-27 05:00:00+00:00
1745733600,-6.483e-05,2025-04-27 06:00:00+00:00
1745737200,-6.779e-05,2025-04-27 07:00:00+00:00
1745740800,-6.666e-05,2025-04-27 08:00:00+00:00
1745744400,-6.29e-05,2025-04-27 09:00:00+00:00
1745748000,-5.137e-05,2025-04-27 10:00:00+00:00
1745751600,-3.011e-05,2025-04-27 11:00:00+00:00
1745755200,-1.564e-05,2025-04-27 12:00:00+00:00
1745758800,-2.121e-05,2025-04-27 13:00:00+00:00
1745762400,-3.69e-05,2025-04-27 14:00:00+00:00
1745766000,-3.852e-05,2025-04-27 15:00:00+00:00
1745769600,-2.707e-05,2025-04-27 16:00:00+00:00
1745773200,-1.139e-05,2025-04-27 17:00:00+00:00
1745776800,3.08e-06,2025-04-27 18:00:00+00:00
1745780400,1.634e-05,2025-04-27 19:00:00+00:00
1745784000,2.324e-05,2025-04-27 20:00:00+00:00
1745787600,2.608e-05,2025-04-27 21:00:00+00:00
1745791200,1.786e-05,2025-04-27 22:00:00+00:00
1745794800,1.32e-06,2025-04-27 23:00:00+00:00
1745798400,-6.61e-06,2025-04-28 00:00:00+00:00
1745802000,-1.701e-05,2025-04-28 01:00:00+00:00
1745805600,-1.914e-05,2025-04-28 02:00:00+00:00
1745809200,-2.59e-05,2025-04-28 03:00:00+00:00
1745812800,-3.203e-05,2025-04-28 04:00:00+00:00
1745816400,-4.688e-05,2025-04-28 05:00:00+00:00
1745820000,-4.86e-05,2025-04-28 06:00:00+00:00
1745823600,-4.769e-05,2025-04-28 07:00:00+00:00
1745827200,-3.865e-05,2025-04-28 08:00:00+00:00
1745830800,-2.71e-05,2025-04-28 09:00:00+00:00
1745834400,-1.705e-05,2025-04-28 10:00:00+00:00
1745838000,-1.36e-05,2025-04-28 11:00:00+00:00
1745841600,-2.653e-05,2025-04-28 12:00:00+00:00
1745845200,-5.194e-05,2025-04-28 13:00:00+00:00
1745848800,-6.679e-05,2025-04-28 14:00:00+00:00
1745852400,-8.693e-05,2025-04-28 15:00:00+00:00
1745856000,-0.0001036,2025-04-28 16:00:00+00:00
1745859600,-0.00010425,2025-04-28 17:00:00+00:00
1745863200,-9.11e-05,2025-04-28 18:00:00+00:00
1745866800,-3.998e-05,2025-04-28 19:00:00+00:00
1745870400,9.8e-07,2025-04-28 20:00:00+00:00
1745874000,2.343e-05,2025-04-28 21:00:00+00:00
1745877600,5.666e-05,2025-04-28 22:00:00+00:00
1745881200,8.215e-05,2025-04-28 23:00:00+00:00
1745884800,9.434e-05,2025-04-29 00:00:00+00:00
1745888400,9.796e-05,2025-04-29 01:00:00+00:00
1745892000,9.48e-05,2025-04-29 02:00:00+00:00
1745895600,8.344e-05,2025-04-29 03:00:00+00:00
1745899200,6.788e-05,2025-04-29 04:00:00+00:00
1745902800,6.042e-05,2025-04-29 05:00:00+00:00
1745906400,6.324e-05,2025-04-29 06:00:00+00:00
1745910000,5.755e-05,2025-04-29 07:00:00+00:00
1745913600,4.98e-05,2025-04-29 08:00:00+00:00
1745917200,4.106e-05,2025-04-29 09:00:00+00:00
1745920800,4.137e-05,2025-04-29 10:00:00+00:00
1745924400,5.181e-05,2025-04-29 11:00:00+00:00
1745928000,5.125e-05,2025-04-29 12:00:00+00:00
1745931600,2.606e-05,2025-04-29 13:00:00+00:00
1745935200,6.37e-06,2025-04-29 14:00:00+00:00
1745938800,-1.393e-05,2025-04-29 15:00:00+00:00
1745942400,-2.687e-05,2025-04-29 16:00:00+00:00
1745946000,-3.524e-05,2025-04-29 17:00:00+00:00
1745949600,-3.206e-05,2025-04-29 18:00:00+00:00
1745953200,-3.247e-05,2025-04-29 19:00:00+00:00
1745956800,-3.556e-05,2025-04-29 20:00:00+00:00
1745960400,-5.77e-05,2025-04-29 21:00:00+00:00
1745964000,-6.77e-05,2025-04-29 22:00:00+00:00
1745967600,-7.383e-05,2025-04-29 23:00:00+00:00
1745971200,-7.484e-05,2025-04-30 00:00:00+00:00
1745974800,-7.62e-05,2025-04-30 01:00:00+00:00
1745978400,-6.076e-05,2025-04-30 02:00:00+00:00
1745982000,-4.247e-05,2025-04-30 03:00:00+00:00
1745985600,-2.034e-05,2025-04-30 04:00:00+00:00
1745989200,-4.44e-06,2025-04-30 05:00:00+00:00
1745992800,2.87e-06,2025-04-30 06:00:00+00:00
1745996400,9.37e-06,2025-04-30 07:00:00+00:00
1746000000,1.076e-05,2025-04-30 08:00:00+00:00
1746003600,1.208e-05,2025-04-30 09:00:00+00:00
1746007200,1.766e-05,2025-04-30 10:00:00+00:00
1746010800,1.616e-05,2025-04-30 11:00:00+00:00
1746014400,-1.884e-05,2025-04-30 12:00:00+00:00
1746018000,-4.023e-05,2025-04-30 13:00:00+00:00
1746021600,-5.818e-05,2025-04-30 14:00:00+00:00
1746025200,-6.127e-05,2025-04-30 15:00:00+00:00
1746028800,-5.849e-05,2025-04-30 16:00:00+00:00
1746032400,-4.957e-05,2025-04-30 17:00:00+00:00
1746036000,-2.694e-05,2025-04-30 18:00:00+00:00
1746039600,8e-08,2025-04-30 19:00:00+00:00
1746043200,2.851e-05,2025-04-30 20:00:00+00:00
1746046800,4.288e-05,2025-04-30 21:00:00+00:00
1746050400,5.471e-05,2025-04-30 22:00:00+00:00
1746054000,5.408e-05,2025-04-30 23:00:00+00:00
1746057600,5.868e-05,2025-05-01 00:00:00+00:00
1746061200,6.761e-05,2025-05-01 01:00:00+00:00
1746064800,7.049e-05,2025-05-01 02:00:00+00:00
1746068400,6.99e-05,2025-05-01 03:00:00+00:00
1746072000,6.268e-05,2025-05-01 04:00:00+00:00
1746075600,5.261e-05,2025-05-01 05:00:00+00:00
1746079200,3.962e-05,2025-05-01 06:00:00+00:00
1746082800,4.508e-05,2025-05-01 07:00:00+00:00
1746086400,5.12e-05,2025-05-01 08:00:00+00:00
1746090000,5.83e-05,2025-05-01 09:00:00+00:00
1746093600,8.432e-05,2025-05-01 10:00:00+00:00
1746097200,9.948e-05,2025-05-01 11:00:00+00:00
1746100800,9.686e-05,2025-05-01 12:00:00+00:00
1746104400,6.501e-05,2025-05-01 13:00:00+00:00
1746108000,3.686e-05,2025-05-01 14:00:00+00:00
1746111600,7.23e-06,2025-05-01 15:00:00+00:00
1746115200,-2.761e-05,2025-05-01 16:00:00+00:00
1746118800,-5.032e-05,2025-05-01 17:00:00+00:00
1746122400,-5.412e-05,2025-05-01 18:00:00+00:00
1746126000,-4.999e-05,2025-05-01 19:00:00+00:00
1746129600,-3.957e-05,2025-05-01 20:00:00+00:00
1746133200,-3.197e-05,2025-05-01 21:00:00+00:00
1746136800,-2.189e-05,2025-05-01 22:00:00+00:00
1746140400,-6.22e-06,2025-05-01 23:00:00+00:00
1746144000,-2.179e-05,2025-05-02 00:00:00+00:00
1746147600,-3.34e-05,2025-05-02 01:00:00+00:00
1746151200,-3.022e-05,2025-05-02 02:00:00+00:00
1746154800,-3.829e-05,2025-05-02 03:00:00+00:00
1746158400,-5.17e-05,2025-05-02 04:00:00+00:00
1746162000,-5.555e-05,2025-05-02 05:00:00+00:00
1746165600,-5.878e-05,2025-05-02 06:00:00+00:00
1746169200,-5.758e-05,2025-05-02 07:00:00+00:00
1746172800,-5.816e-05,2025-05-02 08:00:00+00:00
1746176400,-6.799e-05,2025-05-02 09:00:00+00:00
1746180000,-6.186e-05,2025-05-02 10:00:00+00:00
1746183600,-4.207e-05,2025-05-02 11:00:00+00:00
1746187200,-1.855e-05,2025-05-02 12:00:00+00:00
1746190800,-1.032e-05,2025-05-02 13:00:00+00:00
1746194400,-6.79e-06,2025-05-02 14:00:00+00:00
1746198000,-5.88e-06,2025-05-02 15:00:00+00:00
1746201600,1.785e-05,2025-05-02 16:00:00+00:00
1746205200,2.422e-05,2025-05-02 17:00:00+00:00
1746208800,2.541e-05,2025-05-02 18:00:00+00:00
1746212400,3.567e-05,2025-05-02 19:00:00+00:00
1746216000,4.475e-05,2025-05-02 20:00:00+00:00
1746219600,4.777e-05,2025-05-02 21:00:00+00:00
1746223200,5.31e-05,2025-05-02 22:00:00+00:00
1746226800,4.915e-05,2025-05-02 23:00:00+00:00
1746230400,4.631e-05,2025-05-03 00:00:00+00:00
1746234000,5.088e-05,2025-05-03 01:00:00+00:00
1746237600,4.607e-05,2025-05-03 02:00:00+00:00
1746241200,4.272e-05,2025-05-03 03:00:00+00:00
1746244800,4.102e-05,2025-05-03 04:00:00+00:00
1746248400,3.571e-05,2025-05-03 05:00:00+00:00
1746252000,2.349e-05,2025-05-03 06:00:00+00:00
1746255600,1.551e-05,2025-05-03 07:00:00+00:00
1746259200,1.904e-05,2025-05-03 08:00:00+00:00
1746262800,1.529e-05,2025-05-03 09:00:00+00:00
1746266400,2.323e-05,2025-05-03 10:00:00+00:00
1746270000,4.144e-05,2025-05-03 11:00:00+00:00
1746273600,6.048e-05,2025-05-03 12:00:00+00:00
1746277200,4.927e-05,2025-05-03 13:00:00+00:00
1746280800,3.597e-05,2025-05-03 14:00:00+00:00
1746284400,2.041e-05,2025-05-03 15:00:00+00:00
1746288000,1.444e-05,2025-05-03 16:00:00+00:00
1746291600,9.5e-06,2025-05-03 17:00:00+00:00
1746295200,2.865e-05,2025-05-03 18:00:00+00:00
1746298800,5.85e-05,2025-05-03 19:00:00+00:00
1746302400,7.803e-05,2025-05-03 20:00:00+00:00
1746306000,8.362e-05,2025-05-03 21:00:00+00:00
1746309600,8.156e-05,2025-05-03 22:00:00+00:00
1746313200,6.696e-05,2025-05-03 23:00:00+00:00
1746316800,5.422e-05,2025-05-04 00:00:00+00:00
1746320400,4.646e-05,2025-05-04 01:00:00+00:00
1746324000,3.085e-05,2025-05-04 02:00:00+00:00
1746327600,1.619e-05,2025-05-04 03:00:00+00:00
1746331200,8.64e-06,2025-05-04 04:00:00+00:00
1746334800,2.014e-05,2025-05-04 05:00:00+00:00
1746338400,2.442e-05,2025-05-04 06:00:00+00:00
1746342000,3.177e-05,2025-05-04 07:00:00+00:00
1746345600,3.49e-05,2025-05-04 08:00:00+00:00
1746349200,1.255e-05,2025-05-04 09:00:00+00:00
1746352800,1.022e-05,2025-05-04 10:00:00+00:00
1746356400,5.96e-06,2025-05-04 11:00:00+00:00
1746360000,-1.92e-06,2025-05-04 12:00:00+00:00
1746363600,-1.511e-05,2025-05-04 13:00:00+00:00
1746367200,-2.397e-05,2025-05-04 14:00:00+00:00
1746370800,-2.643e-05,2025-05-04 15:00:00+00:00
1746374400,-2.574e-05,2025-05-04 16:00:00+00:00
1746378000,-1.605e-05,2025-05-04 17:00:00+00:00
1746381600,-1.36e-06,2025-05-04 18:00:00+00:00
1746385200,1.1e-05,2025-05-04 19:00:00+00:00
1746388800,2.774e-05,2025-05-04 20:00:00+00:00
1746392400,3.632e-05,2025-05-04 21:00:00+00:00
1746396000,1.717e-05,2025-05-04 22:00:00+00:00
1746399600,1.82e-06,2025-05-04 23:00:00+00:00
1746403200,-6.87e-06,2025-05-05 00:00:00+00:00
1746406800,-2.797e-05,2025-05-05 01:00:00+00:00
1746410400,-2.34e-05,2025-05-05 02:00:00+00:00
1746414000,-1.031e-05,2025-05-05 03:00:00+00:00
1746417600,1.301e-05,2025-05-05 04:00:00+00:00
1746421200,1.552e-05,2025-05-05 05:00:00+00:00
1746424800,1.906e-05,2025-05-05 06:00:00+00:00
1746428400,1.977e-05,2025-05-05 07:00:00+00:00
1746432000,1.926e-05,2025-05-05 08:00:00+00:00
1746435600,2.968e-05,2025-05-05 09:00:00+00:00
1746439200,3.265e-05,2025-05-05 10:00:00+00:00
1746442800,3.337e-05,2025-05-05 11:00:00+00:00
1746446400,3.525e-05,2025-05-05 12:00:00+00:00
1746450000,3.602e-05,2025-05-05 13:00:00+00:00
1746453600,2.308e-05,2025-05-05 14:00:00+00:00
1746457200,1.194e-05,2025-05-05 15:00:00+00:00
1746460800,8.48e-06,2025-05-05 16:00:00+00:00
1746464400,7.83e-06,2025-05-05 17:00:00+00:00
1746468000,2.678e-05,2025-05-05 18:00:00+00:00
1746471600,4.611e-05,2025-05-05 19:00:00+00:00
1746475200,5.257e-05,2025-05-05 20:00:00+00:00
1746478800,6.393e-05,2025-05-05 21:00:00+00:00
1746482400,6.838e-05,2025-05-05 22:00:00+00:00
1746486000,6.878e-05,2025-05-05 23:00:00+00:00
1746489600,6.157e-05,2025-05-06 00:00:00+00:00
1746493200,4.76e-05,2025-05-06 01:00:00+00:00
1746496800,1.219e-05,2025-05-06 02:00:00+00:00
1746500400,-5.57e-06,2025-05-06 03:00:00+00:00
1746504000,-5.75e-06,2025-05-06 04:00:00+00:00
1746507600,-1.204e-05,2025-05-06 05:00:00+00:00
1746511200,-2.109e-05,2025-05-06 06:00:00+00:00
1746514800,-1.814e-05,2025-05-06 07:00:00+00:00
1746518400,-2.574e-05,2025-05-06 08:00:00+00:00
1746522000,-1.769e-05,2025-05-06 09:00:00+00:00
1746525600,-1.433e-05,2025-05-06 10:00:00+00:00
1746529200,-3.262e-05,2025-05-06 11:00:00+00:00
1746532800,-3.76e-05,2025-05-06 12:00:00+00:00
1746536400,-3.945e-05,2025-05-06 13:00:00+00:00
1746540000,-3.559e-05,2025-05-06 14:00:00+00:00
1746543600,-3.612e-05,2025-05-06 15:00:00+00:00
1746547200,-4.268e-05,2025-05-06 16:00:00+00:00
1746550800,-3.695e-05,2025-05-06 17:00:00+00:00
1746554400,-1.801e-05,2025-05-06 18:00:00+00:00
1746558000,-7.05e-06,2025-05-06 19:00:00+00:00
1746561600,4e-08,2025-05-06 20:00:00+00:00
1746565200,4.01e-06,2025-05-06 21:00:00+00:00
1746568800,2.152e-05,2025-05-06 22:00:00+00:00
1746572400,3.265e-05,2025-05-06 23:00:00+00:00
1746576000,5.995e-05,2025-05-07 00:00:00+00:00
1746579600,8.11e-05,2025-05-07 01:00:00+00:00
1746583200,8.473e-05,2025-05-07 02:00:00+00:00
1746586800,8.67e-05,2025-05-07 03:00:00+00:00
1746590400,9.248e-05,2025-05-07 04:00:00+00:00
1746594000,9.149e-05,2025-05-07 05:00:00+00:00
1746597600,8.897e-05,2025-05-07 06:00:00+00:00
1746601200,8.548e-05,2025-05-07 07:00:00+00:00
1746604800,8.107e-05,2025-05-07 08:00:00+00:00
1746608400,8.974e-05,2025-05-07 09:00:00+00:00
1746612000,8.083e-05,2025-05-07 10:00:00+00:00
1746615600,5.836e-05,2025-05-07 11:00:00+00:00
1746619200,3.193e-05,2025-05-07 12:00:00+00:00
1746622800,1.981e-05,2025-05-07 13:00:00+00:00
1746626400,3.9e-07,2025-05-07 14:00:00+00:00
1746630000,-6.31e-06,2025-05-07 15:00:00+00:00
1746633600,-1.486e-05,2025-05-07 16:00:00+00:00
1746637200,-1.959e-05,2025-05-07 17:00:00+00:00
1746640800,-1.543e-05,2025-05-07 18:00:00+00:00
1746644400,-2.57e-06,2025-05-07 19:00:00+00:00
1746648000,1.051e-05,2025-05-07 20:00:00+00:00
1746651600,1.754e-05,2025-05-07 21:00:00+00:00
1746655200,3.71e-05,2025-05-07 22:00:00+00:00
1746658800,4.544e-05,2025-05-07 23:00:00+00:00
1746662400,5.496e-05,2025-05-08 00:00:00+00:00
1746666000,6.611e-05,2025-05-08 01:00:00+00:00
1746669600,8.89e-05,2025-05-08 02:00:00+00:00
1746673200,0.0001,2025-05-08 03:00:00+00:00
1746691200,0.0001,2025-05-08 08:00:00+00:00
1746702000,9.864e-05,2025-05-08 11:00:00+00:00
1746705600,8.525e-05,2025-05-08 12:00:00+00:00
1746709200,8.587e-05,2025-05-08 13:00:00+00:00
1746712800,7.484e-05,2025-05-08 14:00:00+00:00
1746716400,8.631e-05,2025-05-08 15:00:00+00:00
1746720000,0.0001,2025-05-08 16:00:00+00:00
1746748800,0.0001,2025-05-09 00:00:00+00:00
1746777600,0.0001,2025-05-09 08:00:00+00:00
1746806400,0.0001,2025-05-09 16:00:00+00:00
1746835200,0.0001,2025-05-10 00:00:00+00:00
1746856800,9.584e-05,2025-05-10 06:00:00+00:00
1746860400,9.892e-05,2025-05-10 07:00:00+00:00
1746864000,9.582e-05,2025-05-10 08:00:00+00:00
1746867600,0.0001,2025-05-10 09:00:00+00:00
1746889200,9.114e-05,2025-05-10 15:00:00+00:00
1746892800,8.402e-05,2025-05-10 16:00:00+00:00
1746896400,7.976e-05,2025-05-10 17:00:00+00:00
1746900000,7.881e-05,2025-05-10 18:00:00+00:00
1746903600,6.509e-05,2025-05-10 19:00:00+00:00
1746907200,6.523e-05,2025-05-10 20:00:00+00:00
1746910800,9.424e-05,2025-05-10 21:00:00+00:00
1746914400,0.0001,2025-05-10 22:00:00+00:00
1746921600,0.0001,2025-05-11 00:00:00+00:00
1746943200,9.035e-05,2025-05-11 06:00:00+00:00
1746946800,7.332e-05,2025-05-11 07:00:00+00:00
1746950400,8.537e-05,2025-05-11 08:00:00+00:00
1746954000,9.083e-05,2025-05-11 09:00:00+00:00
1746957600,8.986e-05,2025-05-11 10:00:00+00:00
1746961200,0.0001,2025-05-11 11:00:00+00:00
1746968400,7.376e-05,2025-05-11 13:00:00+00:00
1746972000,5.333e-05,2025-05-11 14:00:00+00:00
1746975600,2.438e-05,2025-05-11 15:00:00+00:00
1746979200,3.969e-05,2025-05-11 16:00:00+00:00
1746982800,8.627e-05,2025-05-11 17:00:00+00:00
1746986400,9.905e-05,2025-05-11 18:00:00+00:00
1746990000,9.488e-05,2025-05-11 19:00:00+00:00
1746993600,8.582e-05,2025-05-11 20:00:00+00:00
1746997200,7.739e-05,2025-05-11 21:00:00+00:00
1747000800,7.476e-05,2025-05-11 22:00:00+00:00
1747004400,7.088e-05,2025-05-11 23:00:00+00:00
1747008000,7.468e-05,2025-05-12 00:00:00+00:00
1747011600,6.322e-05,2025-05-12 01:00:00+00:00
1747015200,6.54e-05,2025-05-12 02:00:00+00:00
1747018800,8.097e-05,2025-05-12 03:00:00+00:00
1747022400,8.5e-05,2025-05-12 04:00:00+00:00
1747026000,8.123e-05,2025-05-12 05:00:00+00:00
1747029600,8.869e-05,2025-05-12 06:00:00+00:00
1747033200,0.0001,2025-05-12 07:00:00+00:00
1747036800,0.0001,2025-05-12 08:00:00+00:00
1747047600,8.829e-05,2025-05-12 11:00:00+00:00
1747051200,7.741e-05,2025-05-12 12:00:00+00:00
1747054800,7.938e-05,2025-05-12 13:00:00+00:00
1747058400,4.954e-05,2025-05-12 14:00:00+00:00
1747062000,5.677e-05,2025-05-12 15:00:00+00:00
1747065600,6.889e-05,2025-05-12 16:00:00+00:00
1747069200,7.212e-05,2025-05-12 17:00:00+00:00
1747072800,7.861e-05,2025-05-12 18:00:00+00:00
1747076400,9.026e-05,2025-05-12 19:00:00+00:00
1747080000,8.5e-05,2025-05-12 20:00:00+00:00
1747083600,9.097e-05,2025-05-12 21:00:00+00:00
1747087200,7.839e-05,2025-05-12 22:00:00+00:00
1747090800,6.249e-05,2025-05-12 23:00:00+00:00
1747094400,6.474e-05,2025-05-13 00:00:00+00:00
1747098000,7.502e-05,2025-05-13 01:00:00+00:00
1747101600,8.838e-05,2025-05-13 02:00:00+00:00
1747105200,9.728e-05,2025-05-13 03:00:00+00:00
1747108800,0.0001,2025-05-13 04:00:00+00:00
1747123200,0.0001,2025-05-13 08:00:00+00:00
1747130400,9.628e-05,2025-05-13 10:00:00+00:00
1747134000,9.151e-05,2025-05-13 11:00:00+00:00
1747137600,9.277e-05,2025-05-13 12:00:00+00:00
1747141200,0.0001,2025-05-13 13:00:00+00:00
1747152000,0.0001,2025-05-13 16:00:00+00:00
1747180800,0.0001,2025-05-14 00:00:00+00:00
1747191600,8.816e-05,2025-05-14 03:00:00+00:00
1747195200,7.101e-05,2025-05-14 04:00:00+00:00
1747198800,7.568e-05,2025-05-14 05:00:00+00:00
1747202400,6.959e-05,2025-05-14 06:00:00+00:00
1747206000,5.538e-05,2025-05-14 07:00:00+00:00
1747209600,2.759e-05,2025-05-14 08:00:00+00:00
1747213200,6.36e-06,2025-05-14 09:00:00+00:00
1747216800,7.11e-06,2025-05-14 10:00:00+00:00
1747220400,2.918e-05,2025-05-14 11:00:00+00:00
1747224000,3.786e-05,2025-05-14 12:00:00+00:00
1747227600,2.87e-05,2025-05-14 13:00:00+00:00
1747231200,3.63e-05,2025-05-14 14:00:00+00:00
1747234800,4.703e-05,2025-05-14 15:00:00+00:00
1747238400,6.31e-05,2025-05-14 16:00:00+00:00
1747242000,7.497e-05,2025-05-14 17:00:00+00:00
1747245600,8.204e-05,2025-05-14 18:00:00+00:00
1747249200,9.873e-05,2025-05-14 19:00:00+00:00
1747252800,0.0001,2025-05-14 20:00:00+00:00
1747267200,0.0001,2025-05-15 00:00:00+00:00
1747296000,9.901e-05,2025-05-15 08:00:00+00:00
1747299600,8.988e-05,2025-05-15 09:00:00+00:00
1747303200,7.442e-05,2025-05-15 10:00:00+00:00
1747306800,7.911e-05,2025-05-15 11:00:00+00:00
1747310400,7.652e-05,2025-05-15 12:00:00+00:00
1747314000,6.854e-05,2025-05-15 13:00:00+00:00
1747317600,4.995e-05,2025-05-15 14:00:00+00:00
1747321200,5.603e-05,2025-05-15 15:00:00+00:00
1747324800,8.742e-05,2025-05-15 16:00:00+00:00
1747328400,0.0001,2025-05-15 17:00:00+00:00
1747339200,8.032e-05,2025-05-15 20:00:00+00:00
1747342800,7.156e-05,2025-05-15 21:00:00+00:00
1747346400,7.027e-05,2025-05-15 22:00:00+00:00
1747350000,6.737e-05,2025-05-15 23:00:00+00:00
1747353600,7.682e-05,2025-05-16 00:00:00+00:00
1747357200,9.58e-05,2025-05-16 01:00:00+00:00
1747360800,0.0001,2025-05-16 02:00:00+00:00
1747382400,0.0001,2025-05-16 08:00:00+00:00
1747404000,8.753e-05,2025-05-16 14:00:00+00:00
1747407600,7.202e-05,2025-05-16 15:00:00+00:00
1747411200,7.037e-05,2025-05-16 16:00:00+00:00
1747414800,5.682e-05,2025-05-16 17:00:00+00:00
1747418400,5.621e-05,2025-05-16 18:00:00+00:00
1747422000,6.081e-05,2025-05-16 19:00:00+00:00
1747425600,4.875e-05,2025-05-16 20:00:00+00:00
1747429200,4.807e-05,2025-05-16 21:00:00+00:00
1747432800,3.245e-05,2025-05-16 22:00:00+00:00
1747436400,2.543e-05,2025-05-16 23:00:00+00:00
1747440000,-3.85e-06,2025-05-17 00:00:00+00:00
1747443600,-3.346e-05,2025-05-17 01:00:00+00:00
1747447200,-4.52e-05,2025-05-17 02:00:00+00:00
1747450800,-4.611e-05,2025-05-17 03:00:00+00:00
1747454400,-3.45e-05,2025-05-17 04:00:00+00:00
1747458000,-3.438e-05,2025-05-17 05:00:00+00:00
1747461600,-1.652e-05,2025-05-17 06:00:00+00:00
1747465200,-1.979e-05,2025-05-17 07:00:00+00:00
1747468800,-1.195e-05,2025-05-17 08:00:00+00:00
1747472400,2e-06,2025-05-17 09:00:00+00:00
1747476000,1.581e-05,2025-05-17 10:00:00+00:00
1747479600,2.456e-05,2025-05-17 11:00:00+00:00
1747483200,3.223e-05,2025-05-17 12:00:00+00:00
1747486800,2.719e-05,2025-05-17 13:00:00+00:00
1747490400,3.194e-05,2025-05-17 14:00:00+00:00
1747494000,2.356e-05,2025-05-17 15:00:00+00:00
1747497600,1.399e-05,2025-05-17 16:00:00+00:00
1747501200,1.845e-05,2025-05-17 17:00:00+00:00
1747504800,1.762e-05,2025-05-17 18:00:00+00:00
1747508400,2.297e-05,2025-05-17 19:00:00+00:00
1747512000,3.339e-05,2025-05-17 20:00:00+00:00
1747515600,4.744e-05,2025-05-17 21:00:00+00:00
1747519200,4.278e-05,2025-05-17 22:00:00+00:00
1747522800,5.393e-05,2025-05-17 23:00:00+00:00
1747526400,6.147e-05,2025-05-18 00:00:00+00:00
1747530000,6.515e-05,2025-05-18 01:00:00+00:00
1747533600,6.24e-05,2025-05-18 02:00:00+00:00
1747537200,6.366e-05,2025-05-18 03:00:00+00:00
1747540800,7.441e-05,2025-05-18 04:00:00+00:00
1747544400,8.047e-05,2025-05-18 05:00:00+00:00
1747548000,5.904e-05,2025-05-18 06:00:00+00:00
1747551600,4.909e-05,2025-05-18 07:00:00+00:00
1747555200,3.342e-05,2025-05-18 08:00:00+00:00
1747558800,1.872e-05,2025-05-18 09:00:00+00:00
1747562400,4.23e-06,2025-05-18 10:00:00+00:00
1747566000,-9.25e-06,2025-05-18 11:00:00+00:00
1747569600,-1.35e-06,2025-05-18 12:00:00+00:00
1747573200,8.39e-06,2025-05-18 13:00:00+00:00
1747576800,1.46e-06,2025-05-18 14:00:00+00:00
1747580400,7.8e-07,2025-05-18 15:00:00+00:00
1747584000,-5.01e-06,2025-05-18 16:00:00+00:00
1747587600,-3.247e-05,2025-05-18 17:00:00+00:00
1747591200,-6.566e-05,2025-05-18 18:00:00+00:00
1747594800,-9.524e-05,2025-05-18 19:00:00+00:00
1747598400,-0.00011795,2025-05-18 20:00:00+00:00
1747602000,-0.00010153,2025-05-18 21:00:00+00:00
1747605600,-7.697e-05,2025-05-18 22:00:00+00:00
1747609200,-4.923e-05,2025-05-18 23:00:00+00:00
1747612800,-2.185e-05,2025-05-19 00:00:00+00:00
1747616400,1.117e-05,2025-05-19 01:00:00+00:00
1747620000,2.319e-05,2025-05-19 02:00:00+00:00
1747623600,3.851e-05,2025-05-19 03:00:00+00:00
1747627200,4.367e-05,2025-05-19 04:00:00+00:00
1747630800,5.682e-05,2025-05-19 05:00:00+00:00
1747634400,5.973e-05,2025-05-19 06:00:00+00:00
1747638000,6.531e-05,2025-05-19 07:00:00+00:00
1747641600,6.831e-05,2025-05-19 08:00:00+00:00
1747645200,7.99e-05,2025-05-19 09:00:00+00:00
1747648800,9.214e-05,2025-05-19 10:00:00+00:00
1747652400,9.729e-05,2025-05-19 11:00:00+00:00
1747656000,9.207e-05,2025-05-19 12:00:00+00:00
1747659600,9.959e-05,2025-05-19 13:00:00+00:00
1747663200,9.967e-05,2025-05-19 14:00:00+00:00
1747666800,9.166e-05,2025-05-19 15:00:00+00:00
1747670400,8.846e-05,2025-05-19 16:00:00+00:00
1747674000,0.0001,2025-05-19 17:00:00+00:00
1747677600,9.892e-05,2025-05-19 18:00:00+00:00
1747681200,9.968e-05,2025-05-19 19:00:00+00:00
1747684800,0.0001,2025-05-19 20:00:00+00:00
1747688400,0.0001,2025-05-19 21:00:00+00:00
1747692000,8.566e-05,2025-05-19 22:00:00+00:00
1747695600,8.038e-05,2025-05-19 23:00:00+00:00
1747699200,8.429e-05,2025-05-20 00:00:00+00:00
1747702800,9.168e-05,2025-05-20 01:00:00+00:00
1747706400,0.0001,2025-05-20 02:00:00+00:00
1747713600,9.724e-05,2025-05-20 04:00:00+00:00
1747717200,8.653e-05,2025-05-20 05:00:00+00:00
1747720800,7.829e-05,2025-05-20 06:00:00+00:00
1747724400,6.778e-05,2025-05-20 07:00:00+00:00
1747728000,7.457e-05,2025-05-20 08:00:00+00:00
1747731600,7.148e-05,2025-05-20 09:00:00+00:00
1747735200,8.068e-05,2025-05-20 10:00:00+00:00
1747738800,8.979e-05,2025-05-20 11:00:00+00:00
1747742400,7.672e-05,2025-05-20 12:00:00+00:00
1747746000,5.926e-05,2025-05-20 13:00:00+00:00
1747749600,3.418e-05,2025-05-20 14:00:00+00:00
1747753200,1.26e-05,2025-05-20 15:00:00+00:00
1747756800,-1.26e-05,2025-05-20 16:00:00+00:00
1747760400,-2.352e-05,2025-05-20 17:00:00+00:00
1747764000,-4.489e-05,2025-05-20 18:00:00+00:00
1747767600,-2.619e-05,2025-05-20 19:00:00+00:00
1747771200,-5.73e-06,2025-05-20 20:00:00+00:00
1747774800,1.917e-05,2025-05-20 21:00:00+00:00
1747778400,2.772e-05,2025-05-20 22:00:00+00:00
1747782000,3.628e-05,2025-05-20 23:00:00+00:00
1747785600,4.056e-05,2025-05-21 00:00:00+00:00
1747789200,4.696e-05,2025-05-21 01:00:00+00:00
1747792800,6.152e-05,2025-05-21 02:00:00+00:00
1747796400,6.225e-05,2025-05-21 03:00:00+00:00
1747800000,7.163e-05,2025-05-21 04:00:00+00:00
1747803600,9.73e-05,2025-05-21 05:00:00+00:00
1747807200,0.0001,2025-05-21 06:00:00+00:00
1747810800,9.338e-05,2025-05-21 07:00:00+00:00
1747814400,7.965e-05,2025-05-21 08:00:00+00:00
1747818000,7.48e-05,2025-05-21 09:00:00+00:00
1747821600,5.173e-05,2025-05-21 10:00:00+00:00
1747825200,2.045e-05,2025-05-21 11:00:00+00:00
1747828800,3.9e-06,2025-05-21 12:00:00+00:00
1747832400,-1.059e-05,2025-05-21 13:00:00+00:00
1747836000,-4.95e-06,2025-05-21 14:00:00+00:00
1747839600,6.33e-06,2025-05-21 15:00:00+00:00
1747843200,2.591e-05,2025-05-21 16:00:00+00:00
1747846800,-2.222e-05,2025-05-21 17:00:00+00:00
1747850400,-2.551e-05,2025-05-21 18:00:00+00:00
1747854000,-2.837e-05,2025-05-21 19:00:00+00:00
1747857600,-3.28e-05,2025-05-21 20:00:00+00:00
1747861200,-3.338e-05,2025-05-21 21:00:00+00:00
1747864800,-2.435e-05,2025-05-21 22:00:00+00:00
1747868400,1.028e-05,2025-05-21 23:00:00+00:00
1747872000,5.748e-05,2025-05-22 00:00:00+00:00
1747875600,0.0001,2025-05-22 01:00:00+00:00
1747900800,0.0001,2025-05-22 08:00:00+00:00
1747929600,0.0001,2025-05-22 16:00:00+00:00
1747958400,0.0001,2025-05-23 00:00:00+00:00
1747987200,0.0001,2025-05-23 08:00:00+00:00
1747998000,8.512e-05,2025-05-23 11:00:00+00:00
1748001600,4.911e-05,2025-05-23 12:00:00+00:00
1748005200,2.669e-05,2025-05-23 13:00:00+00:00
1748008800,-3.69e-06,2025-05-23 14:00:00+00:00
1748012400,-7.28e-06,2025-05-23 15:00:00+00:00
1748016000,1.25e-06,2025-05-23 16:00:00+00:00
1748019600,7.7e-06,2025-05-23 17:00:00+00:00
1748023200,2.089e-05,2025-05-23 18:00:00+00:00
1748026800,4.324e-05,2025-05-23 19:00:00+00:00
1748030400,7.185e-05,2025-05-23 20:00:00+00:00
1748034000,9.167e-05,2025-05-23 21:00:00+00:00
1748037600,0.0001,2025-05-23 22:00:00+00:00
1748044800,0.0001,2025-05-24 00:00:00+00:00
1748055600,9.213e-05,2025-05-24 03:00:00+00:00
1748059200,7.484e-05,2025-05-24 04:00:00+00:00
1748062800,5.996e-05,2025-05-24 05:00:00+00:00
1748066400,4.91e-05,2025-05-24 06:00:00+00:00
1748070000,4.045e-05,2025-05-24 07:00:00+00:00
1748073600,3.32e-05,2025-05-24 08:00:00+00:00
1748077200,2.912e-05,2025-05-24 09:00:00+00:00
1748080800,1.961e-05,2025-05-24 10:00:00+00:00
1748084400,5.49e-06,2025-05-24 11:00:00+00:00
1748088000,5.01e-06,2025-05-24 12:00:00+00:00
1748091600,4.66e-06,2025-05-24 13:00:00+00:00
1748095200,1.217e-05,2025-05-24 14:00:00+00:00
1748098800,2.097e-05,2025-05-24 15:00:00+00:00
1748102400,3.374e-05,2025-05-24 16:00:00+00:00
1748106000,4.834e-05,2025-05-24 17:00:00+00:00
1748109600,5.652e-05,2025-05-24 18:00:00+00:00
1748113200,6.749e-05,2025-05-24 19:00:00+00:00
1748116800,6.626e-05,2025-05-24 20:00:00+00:00
1748120400,6.338e-05,2025-05-24 21:00:00+00:00
1748124000,6.514e-05,2025-05-24 22:00:00+00:00
1748127600,6.041e-05,2025-05-24 23:00:00+00:00
1748131200,4.255e-05,2025-05-25 00:00:00+00:00
1748134800,2.367e-05,2025-05-25 01:00:00+00:00
1748138400,1.511e-05,2025-05-25 02:00:00+00:00
1748142000,1.86e-06,2025-05-25 03:00:00+00:00
1748145600,2.7e-06,2025-05-25 04:00:00+00:00
1748149200,-3e-06,2025-05-25 05:00:00+00:00
1748152800,1.69e-05,2025-05-25 06:00:00+00:00
1748156400,3.75e-05,2025-05-25 07:00:00+00:00
1748160000,4.716e-05,2025-05-25 08:00:00+00:00
1748163600,4.821e-05,2025-05-25 09:00:00+00:00
1748167200,6.162e-05,2025-05-25 10:00:00+00:00
1748170800,8.138e-05,2025-05-25 11:00:00+00:00
1748174400,7.72e-05,2025-05-25 12:00:00+00:00
1748178000,8.528e-05,2025-05-25 13:00:00+00:00
1748181600,9.45e-05,2025-05-25 14:00:00+00:00
1748185200,8.491e-05,2025-05-25 15:00:00+00:00
1748188800,7.667e-05,2025-05-25 16:00:00+00:00
1748192400,5.107e-05,2025-05-25 17:00:00+00:00
1748196000,2.415e-05,2025-05-25 18:00:00+00:00
1748199600,1.481e-05,2025-05-25 19:00:00+00:00
1748203200,6.18e-06,2025-05-25 20:00:00+00:00
1748206800,7.1e-06,2025-05-25 21:00:00+00:00
1748210400,3.54e-06,2025-05-25 22:00:00+00:00
1748214000,3.85e-06,2025-05-25 23:00:00+00:00
1748217600,4.08e-06,2025-05-26 00:00:00+00:00
1748221200,1.371e-05,2025-05-26 01:00:00+00:00
1748224800,2.811e-05,2025-05-26 02:00:00+00:00
1748228400,5.207e-05,2025-05-26 03:00:00+00:00
1748232000,6.662e-05,2025-05-26 04:00:00+00:00
1748235600,8.041e-05,2025-05-26 05:00:00+00:00
1748239200,8.034e-05,2025-05-26 06:00:00+00:00
1748242800,8.067e-05,2025-05-26 07:00:00+00:00
1748246400,8.43e-05,2025-05-26 08:00:00+00:00
1748250000,7.564e-05,2025-05-26 09:00:00+00:00
1748253600,6.892e-05,2025-05-26 10:00:00+00:00
1748257200,5.635e-05,2025-05-26 11:00:00+00:00
1748260800,4.247e-05,2025-05-26 12:00:00+00:00
1748264400,2.698e-05,2025-05-26 13:00:00+00:00
1748268000,3.25e-05,2025-05-26 14:00:00+00:00
1748271600,4.711e-05,2025-05-26 15:00:00+00:00
1748275200,4.05e-05,2025-05-26 16:00:00+00:00
1748278800,3.796e-05,2025-05-26 17:00:00+00:00
1748282400,4.55e-05,2025-05-26 18:00:00+00:00
1748286000,5.3e-05,2025-05-26 19:00:00+00:00
1748289600,4.666e-05,2025-05-26 20:00:00+00:00
1748293200,4.455e-05,2025-05-26 21:00:00+00:00
1748296800,3.88e-05,2025-05-26 22:00:00+00:00
1748300400,4e-05,2025-05-26 23:00:00+00:00
1748304000,5.169e-05,2025-05-27 00:00:00+00:00
1748307600,4.824e-05,2025-05-27 01:00:00+00:00
1748311200,5.024e-05,2025-05-27 02:00:00+00:00
1748314800,6.084e-05,2025-05-27 03:00:00+00:00
1748318400,6.937e-05,2025-05-27 04:00:00+00:00
1748322000,8.897e-05,2025-05-27 05:00:00+00:00
1748325600,9.999e-05,2025-05-27 06:00:00+00:00
1748329200,0.0001,2025-05-27 07:00:00+00:00
1748332800,0.0001,2025-05-27 08:00:00+00:00
1748361600,0.0001,2025-05-27 16:00:00+00:00
1748390400,0.0001,2025-05-28 00:00:00+00:00
1748419200,0.0001,2025-05-28 08:00:00+00:00
1748448000,0.0001,2025-05-28 16:00:00+00:00
1748476800,0.0001,2025-05-29 00:00:00+00:00
1748505600,0.0001,2025-05-29 08:00:00+00:00
1748516400,9.326e-05,2025-05-29 11:00:00+00:00
1748520000,9.711e-05,2025-05-29 12:00:00+00:00
1748523600,9.813e-05,2025-05-29 13:00:00+00:00
1748527200,9.096e-05,2025-05-29 14:00:00+00:00
1748530800,8.419e-05,2025-05-29 15:00:00+00:00
1748534400,7.989e-05,2025-05-29 16:00:00+00:00
1748538000,9.196e-05,2025-05-29 17:00:00+00:00
1748541600,9.535e-05,2025-05-29 18:00:00+00:00
1748545200,0.0001,2025-05-29 19:00:00+00:00
1748556000,9.023e-05,2025-05-29 22:00:00+00:00
1748559600,7.477e-05,2025-05-29 23:00:00+00:00
1748563200,6.3e-05,2025-05-30 00:00:00+00:00
1748566800,6.025e-05,2025-05-30 01:00:00+00:00
1748570400,6.2e-05,2025-05-30 02:00:00+00:00
1748574000,6.438e-05,2025-05-30 03:00:00+00:00
1748577600,7.862e-05,2025-05-30 04:00:00+00:00
1748581200,8.462e-05,2025-05-30 05:00:00+00:00
1748584800,9.841e-05,2025-05-30 06:00:00+00:00
1748588400,0.0001,2025-05-30 07:00:00+00:00
1748592000,0.0001,2025-05-30 08:00:00+00:00
1748602800,9.75e-05,2025-05-30 11:00:00+00:00
1748606400,8.497e-05,2025-05-30 12:00:00+00:00
1748610000,7.833e-05,2025-05-30 13:00:00+00:00
1748613600,7.084e-05,2025-05-30 14:00:00+00:00
1748617200,5.744e-05,2025-05-30 15:00:00+00:00
1748620800,3.278e-05,2025-05-30 16:00:00+00:00
1748624400,1.382e-05,2025-05-30 17:00:00+00:00
1748628000,1.086e-05,2025-05-30 18:00:00+00:00
1748631600,1.812e-05,2025-05-30 19:00:00+00:00
1748635200,3.337e-05,2025-05-30 20:00:00+00:00
1748638800,4.601e-05,2025-05-30 21:00:00+00:00
1748642400,5.749e-05,2025-05-30 22:00:00+00:00
1748646000,3.403e-05,2025-05-30 23:00:00+00:00
1748649600,2.628e-05,2025-05-31 00:00:00+00:00
1748653200,2.354e-05,2025-05-31 01:00:00+00:00
1748656800,4.05e-05,2025-05-31 02:00:00+00:00
1748660400,5.308e-05,2025-05-31 03:00:00+00:00
1748664000,7.441e-05,2025-05-31 04:00:00+00:00
1748667600,8.629e-05,2025-05-31 05:00:00+00:00
1748671200,9.527e-05,2025-05-31 06:00:00+00:00
1748674800,8.054e-05,2025-05-31 07:00:00+00:00
1748678400,7.783e-05,2025-05-31 08:00:00+00:00
1748682000,8.118e-05,2025-05-31 09:00:00+00:00
1748685600,7.917e-05,2025-05-31 10:00:00+00:00
1748689200,8.657e-05,2025-05-31 11:00:00+00:00
1748692800,8.975e-05,2025-05-31 12:00:00+00:00
1748696400,6.806e-05,2025-05-31 13:00:00+00:00
1748700000,5.382e-05,2025-05-31 14:00:00+00:00
1748703600,2.785e-05,2025-05-31 15:00:00+00:00
1748707200,1.818e-05,2025-05-31 16:00:00+00:00
1748710800,6.67e-06,2025-05-31 17:00:00+00:00
1748714400,2.404e-05,2025-05-31 18:00:00+00:00
1748718000,3.602e-05,2025-05-31 19:00:00+00:00
1748721600,5.125e-05,2025-05-31 20:00:00+00:00
1748725200,6.157e-05,2025-05-31 21:00:00+00:00
1748728800,6.62e-05,2025-05-31 22:00:00+00:00
1748732400,7.499e-05,2025-05-31 23:00:00+00:00
1748736000,9.344e-05,2025-06-01 00:00:00+00:00
1748739600,0.0001,2025-06-01 01:00:00+00:00
1748754000,8.836e-05,2025-06-01 05:00:00+00:00
1748757600,6.975e-05,2025-06-01 06:00:00+00:00
1748761200,4.016e-05,2025-06-01 07:00:00+00:00
1748764800,1.918e-05,2025-06-01 08:00:00+00:00
1748768400,1.616e-05,2025-06-01 09:00:00+00:00
1748772000,2.478e-05,2025-06-01 10:00:00+00:00
1748775600,3.891e-05,2025-06-01 11:00:00+00:00
1748779200,4.204e-05,2025-06-01 12:00:00+00:00
1748782800,4.646e-05,2025-06-01 13:00:00+00:00
1748786400,3.528e-05,2025-06-01 14:00:00+00:00
1748790000,3.395e-05,2025-06-01 15:00:00+00:00
1748793600,3.681e-05,2025-06-01 16:00:00+00:00
1748797200,4.884e-05,2025-06-01 17:00:00+00:00
1748800800,4.723e-05,2025-06-01 18:00:00+00:00
1748804400,5.273e-05,2025-06-01 19:00:00+00:00
1748808000,4.947e-05,2025-06-01 20:00:00+00:00
1748811600,4.33e-05,2025-06-01 21:00:00+00:00
1748815200,3.412e-05,2025-06-01 22:00:00+00:00
1748818800,1.586e-05,2025-06-01 23:00:00+00:00
1748822400,1.697e-05,2025-06-02 00:00:00+00:00
1748826000,1.693e-05,2025-06-02 01:00:00+00:00
1748829600,3.124e-05,2025-06-02 02:00:00+00:00
1748833200,3.846e-05,2025-06-02 03:00:00+00:00
1748836800,4.134e-05,2025-06-02 04:00:00+00:00
1748840400,4.877e-05,2025-06-02 05:00:00+00:00
1748844000,5.597e-05,2025-06-02 06:00:00+00:00
1748847600,5.359e-05,2025-06-02 07:00:00+00:00
1748851200,4.201e-05,2025-06-02 08:00:00+00:00
1748854800,2.916e-05,2025-06-02 09:00:00+00:00
1748858400,2.407e-05,2025-06-02 10:00:00+00:00
1748862000,2.512e-05,2025-06-02 11:00:00+00:00
1748865600,3.712e-05,2025-06-02 12:00:00+00:00
1748869200,6.115e-05,2025-06-02 13:00:00+00:00
1748872800,7.833e-05,2025-06-02 14:00:00+00:00
1748876400,8.593e-05,2025-06-02 15:00:00+00:00
1748880000,9.484e-05,2025-06-02 16:00:00+00:00
1748883600,8.58e-05,2025-06-02 17:00:00+00:00
1748887200,7.143e-05,2025-06-02 18:00:00+00:00
1748890800,5.448e-05,2025-06-02 19:00:00+00:00
1748894400,4.354e-05,2025-06-02 20:00:00+00:00
1748898000,3.631e-05,2025-06-02 21:00:00+00:00
1748901600,3.6e-05,2025-06-02 22:00:00+00:00
1748905200,3.34e-05,2025-06-02 23:00:00+00:00
1748908800,3.659e-05,2025-06-03 00:00:00+00:00
1748912400,4.628e-05,2025-06-03 01:00:00+00:00
1748916000,6.434e-05,2025-06-03 02:00:00+00:00
1748919600,8.254e-05,2025-06-03 03:00:00+00:00
1748923200,0.0001,2025-06-03 04:00:00+00:00
1748926800,9.91e-05,2025-06-03 05:00:00+00:00
1748930400,7.866e-05,2025-06-03 06:00:00+00:00
1748934000,6.111e-05,2025-06-03 07:00:00+00:00
1748937600,6.853e-05,2025-06-03 08:00:00+00:00
1748941200,6.494e-05,2025-06-03 09:00:00+00:00
1748944800,5.19e-05,2025-06-03 10:00:00+00:00
1748948400,4.861e-05,2025-06-03 11:00:00+00:00
1748952000,4.405e-05,2025-06-03 12:00:00+00:00
1748955600,5.07e-05,2025-06-03 13:00:00+00:00
1748959200,5.616e-05,2025-06-03 14:00:00+00:00
1748962800,5.411e-05,2025-06-03 15:00:00+00:00
1748966400,6.06e-05,2025-06-03 16:00:00+00:00
1748970000,5.236e-05,2025-06-03 17:00:00+00:00
1748973600,4.492e-05,2025-06-03 18:00:00+00:00
1748977200,3.959e-05,2025-06-03 19:00:00+00:00
1748980800,4.175e-05,2025-06-03 20:00:00+00:00
1748984400,5.033e-05,2025-06-03 21:00:00+00:00
1748988000,4.63e-05,2025-06-03 22:00:00+00:00
1748991600,4.39e-05,2025-06-03 23:00:00+00:00
1748995200,4.693e-05,2025-06-04 00:00:00+00:00
1748998800,5.269e-05,2025-06-04 01:00:00+00:00
1749002400,4.921e-05,2025-06-04 02:00:00+00:00
1749006000,5.752e-05,2025-06-04 03:00:00+00:00
1749009600,7.425e-05,2025-06-04 04:00:00+00:00
1749013200,8.358e-05,2025-06-04 05:00:00+00:00
1749016800,8.586e-05,2025-06-04 06:00:00+00:00
1749020400,7.621e-05,2025-06-04 07:00:00+00:00
1749024000,6.692e-05,2025-06-04 08:00:00+00:00
1749027600,6.4e-05,2025-06-04 09:00:00+00:00
1749031200,6.073e-05,2025-06-04 10:00:00+00:00
1749034800,5.762e-05,2025-06-04 11:00:00+00:00
1749038400,7.32e-05,2025-06-04 12:00:00+00:00
1749042000,6.696e-05,2025-06-04 13:00:00+00:00
1749045600,6.915e-05,2025-06-04 14:00:00+00:00
1749049200,7.897e-05,2025-06-04 15:00:00+00:00
1749052800,7.34e-05,2025-06-04 16:00:00+00:00
1749056400,6.923e-05,2025-06-04 17:00:00+00:00
1749060000,6.716e-05,2025-06-04 18:00:00+00:00
1749063600,6.322e-05,2025-06-04 19:00:00+00:00
1749067200,4.899e-05,2025-06-04 20:00:00+00:00
1749070800,2.805e-05,2025-06-04 21:00:00+00:00
1749074400,1.987e-05,2025-06-04 22:00:00+00:00
1749078000,2.319e-05,2025-06-04 23:00:00+00:00
1749081600,4.403e-05,2025-06-05 00:00:00+00:00
1749085200,5.052e-05,2025-06-05 01:00:00+00:00
1749088800,6.475e-05,2025-06-05 02:00:00+00:00
1749092400,6.944e-05,2025-06-05 03:00:00+00:00
1749096000,7.958e-05,2025-06-05 04:00:00+00:00
1749099600,8.509e-05,2025-06-05 05:00:00+00:00
1749103200,9.085e-05,2025-06-05 06:00:00+00:00
1749106800,8.535e-05,2025-06-05 07:00:00+00:00
1749110400,8.606e-05,2025-06-05 08:00:00+00:00
1749114000,9.116e-05,2025-06-05 09:00:00+00:00
1749117600,9.445e-05,2025-06-05 10:00:00+00:00
1749121200,9.682e-05,2025-06-05 11:00:00+00:00
1749124800,8.886e-05,2025-06-05 12:00:00+00:00
1749128400,7.335e-05,2025-06-05 13:00:00+00:00
1749132000,6.939e-05,2025-06-05 14:00:00+00:00
1749135600,6.396e-05,2025-06-05 15:00:00+00:00
1749139200,6.575e-05,2025-06-05 16:00:00+00:00
1749142800,8.007e-05,2025-06-05 17:00:00+00:00
1749146400,0.0001,2025-06-05 18:00:00+00:00
1749153600,6.647e-05,2025-06-05 20:00:00+00:00
1749157200,4.064e-05,2025-06-05 21:00:00+00:00
1749160800,1.26e-05,2025-06-05 22:00:00+00:00
1749164400,-1.07e-05,2025-06-05 23:00:00+00:00
1749168000,-1.171e-05,2025-06-06 00:00:00+00:00
1749171600,-1.909e-05,2025-06-06 01:00:00+00:00
1749175200,-1.66e-06,2025-06-06 02:00:00+00:00
1749178800,2.207e-05,2025-06-06 03:00:00+00:00
1749182400,3.262e-05,2025-06-06 04:00:00+00:00
1749186000,4.139e-05,2025-06-06 05:00:00+00:00
1749189600,4.518e-05,2025-06-06 06:00:00+00:00
1749193200,2.653e-05,2025-06-06 07:00:00+00:00
1749196800,2.22e-05,2025-06-06 08:00:00+00:00
1749200400,1.958e-05,2025-06-06 09:00:00+00:00
1749204000,1.56e-05,2025-06-06 10:00:00+00:00
1749207600,1.016e-05,2025-06-06 11:00:00+00:00
1749211200,1.079e-05,2025-06-06 12:00:00+00:00
1749214800,1.818e-05,2025-06-06 13:00:00+00:00
1749218400,2.474e-05,2025-06-06 14:00:00+00:00
1749222000,2.658e-05,2025-06-06 15:00:00+00:00
1749225600,3.435e-05,2025-06-06 16:00:00+00:00
1749229200,5.025e-05,2025-06-06 17:00:00+00:00
1749232800,5.877e-05,2025-06-06 18:00:00+00:00
1749236400,7.827e-05,2025-06-06 19:00:00+00:00
1749240000,9.807e-05,2025-06-06 20:00:00+00:00
1749243600,0.0001,2025-06-06 21:00:00+00:00
1749247200,9.765e-05,2025-06-06 22:00:00+00:00
1749250800,8.751e-05,2025-06-06 23:00:00+00:00
1749254400,9.317e-05,2025-06-07 00:00:00+00:00
1749258000,8.244e-05,2025-06-07 01:00:00+00:00
1749261600,7.306e-05,2025-06-07 02:00:00+00:00
1749265200,7.085e-05,2025-06-07 03:00:00+00:00
1749268800,7.238e-05,2025-06-07 04:00:00+00:00
1749272400,6.743e-05,2025-06-07 05:00:00+00:00
1749276000,5.96e-05,2025-06-07 06:00:00+00:00
1749279600,5.495e-05,2025-06-07 07:00:00+00:00
1749283200,4.033e-05,2025-06-07 08:00:00+00:00
1749286800,3.465e-05,2025-06-07 09:00:00+00:00
1749290400,4.113e-05,2025-06-07 10:00:00+00:00
1749294000,3.974e-05,2025-06-07 11:00:00+00:00
1749297600,4.519e-05,2025-06-07 12:00:00+00:00
1749301200,5.681e-05,2025-06-07 13:00:00+00:00
1749304800,6.167e-05,2025-06-07 14:00:00+00:00
1749308400,6.69e-05,2025-06-07 15:00:00+00:00
1749312000,7.546e-05,2025-06-07 16:00:00+00:00
1749315600,8.724e-05,2025-06-07 17:00:00+00:00
1749319200,9.394e-05,2025-06-07 18:00:00+00:00
1749322800,9.885e-05,2025-06-07 19:00:00+00:00
1749326400,0.0001,2025-06-07 20:00:00+00:00
1749340800,0.0001,2025-06-08 00:00:00+00:00
1749348000,0.0001,2025-06-08 02:00:00+00:00
1749358800,0.0001,2025-06-08 05:00:00+00:00
1749362400,9.552e-05,2025-06-08 06:00:00+00:00
1749366000,9.526e-05,2025-06-08 07:00:00+00:00
1749369600,9.14e-05,2025-06-08 08:00:00+00:00
1749373200,8.797e-05,2025-06-08 09:00:00+00:00
1749376800,9.276e-05,2025-06-08 10:00:00+00:00
1749380400,7.977e-05,2025-06-08 11:00:00+00:00
1749384000,6.441e-05,2025-06-08 12:00:00+00:00
1749387600,5.129e-05,2025-06-08 13:00:00+00:00
1749391200,4.388e-05,2025-06-08 14:00:00+00:00
1749394800,4.695e-05,2025-06-08 15:00:00+00:00
1749398400,5.403e-05,2025-06-08 16:00:00+00:00
1749402000,6.386e-05,2025-06-08 17:00:00+00:00
1749405600,6.659e-05,2025-06-08 18:00:00+00:00
1749409200,7.198e-05,2025-06-08 19:00:00+00:00
1749412800,6.537e-05,2025-06-08 20:00:00+00:00
1749416400,6.998e-05,2025-06-08 21:00:00+00:00
1749420000,5.096e-05,2025-06-08 22:00:00+00:00
1749423600,2.237e-05,2025-06-08 23:00:00+00:00
1749427200,4.86e-06,2025-06-09 00:00:00+00:00
1749430800,-1.155e-05,2025-06-09 01:00:00+00:00
1749434400,-1.521e-05,2025-06-09 02:00:00+00:00
1749438000,-4.9e-06,2025-06-09 03:00:00+00:00
1749441600,-3.08e-06,2025-06-09 04:00:00+00:00
1749445200,1.1e-05,2025-06-09 05:00:00+00:00
1749448800,2.665e-05,2025-06-09 06:00:00+00:00
1749452400,1.95e-05,2025-06-09 07:00:00+00:00
1749456000,2.392e-05,2025-06-09 08:00:00+00:00
1749459600,3.497e-05,2025-06-09 09:00:00+00:00
1749463200,6.319e-05,2025-06-09 10:00:00+00:00
1749466800,8.902e-05,2025-06-09 11:00:00+00:00
1749470400,9.799e-05,2025-06-09 12:00:00+00:00
1749474000,0.0001,2025-06-09 13:00:00+00:00
1749481200,8.748e-05,2025-06-09 15:00:00+00:00
1749484800,8.667e-05,2025-06-09 16:00:00+00:00
1749488400,7.486e-05,2025-06-09 17:00:00+00:00
1749492000,6.516e-05,2025-06-09 18:00:00+00:00
1749495600,6.242e-05,2025-06-09 19:00:00+00:00
1749499200,6.9e-05,2025-06-09 20:00:00+00:00
1749502800,0.0001,2025-06-09 21:00:00+00:00
1749513600,0.0001,2025-06-10 00:00:00+00:00
1749542400,0.0001,2025-06-10 08:00:00+00:00
1749571200,0.0001,2025-06-10 16:00:00+00:00
1749600000,0.0001,2025-06-11 00:00:00+00:00
1749628800,0.0001,2025-06-11 08:00:00+00:00
1749657600,0.0001,2025-06-11 16:00:00+00:00
1749672000,8.648e-05,2025-06-11 20:00:00+00:00
1749675600,6.971e-05,2025-06-11 21:00:00+00:00
1749679200,6.435e-05,2025-06-11 22:00:00+00:00
1749682800,6.082e-05,2025-06-11 23:00:00+00:00
1749686400,6.191e-05,2025-06-12 00:00:00+00:00
1749690000,6.537e-05,2025-06-12 01:00:00+00:00
1749693600,7.032e-05,2025-06-12 02:00:00+00:00
1749697200,8.58e-05,2025-06-12 03:00:00+00:00
1749700800,0.0001,2025-06-12 04:00:00+00:00
1749715200,0.0001,2025-06-12 08:00:00+00:00
1749736800,8.332e-05,2025-06-12 14:00:00+00:00
1749740400,5.35e-05,2025-06-12 15:00:00+00:00
1749744000,3.589e-05,2025-06-12 16:00:00+00:00
1749747600,1.926e-05,2025-06-12 17:00:00+00:00
1749751200,6.57e-06,2025-06-12 18:00:00+00:00
1749754800,-6.6e-06,2025-06-12 19:00:00+00:00
1749758400,-2.483e-05,2025-06-12 20:00:00+00:00
1749762000,-2.177e-05,2025-06-12 21:00:00+00:00
1749765600,-1.75e-05,2025-06-12 22:00:00+00:00
1749769200,-1.266e-05,2025-06-12 23:00:00+00:00
1749772800,-4.532e-05,2025-06-13 00:00:00+00:00
1749776400,-6.743e-05,2025-06-13 01:00:00+00:00
1749780000,-7.209e-05,2025-06-13 02:00:00+00:00
1749783600,-5.049e-05,2025-06-13 03:00:00+00:00
1749787200,-3.81e-05,2025-06-13 04:00:00+00:00
1749790800,-3.649e-05,2025-06-13 05:00:00+00:00
1749794400,-1.717e-05,2025-06-13 06:00:00+00:00
1749798000,-1.013e-05,2025-06-13 07:00:00+00:00
1749801600,-2.146e-05,2025-06-13 08:00:00+00:00
1749805200,-2.376e-05,2025-06-13 09:00:00+00:00
1749808800,-3.8e-06,2025-06-13 10:00:00+00:00
1749812400,5.45e-06,2025-06-13 11:00:00+00:00
1749816000,5.68e-06,2025-06-13 12:00:00+00:00
1749819600,1.628e-05,2025-06-13 13:00:00+00:00
1749823200,1.548e-05,2025-06-13 14:00:00+00:00
1749826800,2.018e-05,2025-06-13 15:00:00+00:00
1749830400,2.847e-05,2025-06-13 16:00:00+00:00
1749834000,2.529e-05,2025-06-13 17:00:00+00:00
1749837600,2.977e-05,2025-06-13 18:00:00+00:00
1749841200,4.326e-05,2025-06-13 19:00:00+00:00
1749844800,5.322e-05,2025-06-13 20:00:00+00:00
1749848400,4.522e-05,2025-06-13 21:00:00+00:00
1749852000,4.511e-05,2025-06-13 22:00:00+00:00
1749855600,4.589e-05,2025-06-13 23:00:00+00:00
1749859200,4.78e-05,2025-06-14 00:00:00+00:00
1749862800,4.834e-05,2025-06-14 01:00:00+00:00
1749866400,4.733e-05,2025-06-14 02:00:00+00:00
1749870000,4.84e-05,2025-06-14 03:00:00+00:00
1749873600,4.952e-05,2025-06-14 04:00:00+00:00
1749877200,4.777e-05,2025-06-14 05:00:00+00:00
1749880800,3.127e-05,2025-06-14 06:00:00+00:00
1749884400,2.039e-05,2025-06-14 07:00:00+00:00
1749888000,7.62e-06,2025-06-14 08:00:00+00:00
1749891600,-1.109e-05,2025-06-14 09:00:00+00:00
1749895200,-2.689e-05,2025-06-14 10:00:00+00:00
1749898800,-3.291e-05,2025-06-14 11:00:00+00:00
1749902400,-3.665e-05,2025-06-14 12:00:00+00:00
1749906000,-2.768e-05,2025-06-14 13:00:00+00:00
1749909600,-9.77e-06,2025-06-14 14:00:00+00:00
1749913200,3.81e-06,2025-06-14 15:00:00+00:00
1749916800,1.822e-05,2025-06-14 16:00:00+00:00
1749920400,2.337e-05,2025-06-14 17:00:00+00:00
1749924000,2.476e-05,2025-06-14 18:00:00+00:00
1749927600,2.764e-05,2025-06-14 19:00:00+00:00
1749931200,2.687e-05,2025-06-14 20:00:00+00:00
1749934800,3.132e-05,2025-06-14 21:00:00+00:00
1749938400,2.421e-05,2025-06-14 22:00:00+00:00
1749942000,1.787e-05,2025-06-14 23:00:00+00:00
1749945600,2.571e-05,2025-06-15 00:00:00+00:00
1749949200,3.801e-05,2025-06-15 01:00:00+00:00
1749952800,5.456e-05,2025-06-15 02:00:00+00:00
1749956400,7.054e-05,2025-06-15 03:00:00+00:00
1749960000,8.704e-05,2025-06-15 04:00:00+00:00
1749963600,0.0001,2025-06-15 05:00:00+00:00
1749967200,9.67e-05,2025-06-15 06:00:00+00:00
1749970800,8.518e-05,2025-06-15 07:00:00+00:00
1749974400,7.715e-05,2025-06-15 08:00:00+00:00
1749978000,8.075e-05,2025-06-15 09:00:00+00:00
1749981600,6.617e-05,2025-06-15 10:00:00+00:00
1749985200,5.028e-05,2025-06-15 11:00:00+00:00
1749988800,4.659e-05,2025-06-15 12:00:00+00:00
1749992400,5.277e-05,2025-06-15 13:00:00+00:00
1749996000,6.917e-05,2025-06-15 14:00:00+00:00
1749999600,7.119e-05,2025-06-15 15:00:00+00:00
1750003200,8.992e-05,2025-06-15 16:00:00+00:00
1750006800,0.0001,2025-06-15 17:00:00+00:00
1750017600,9.578e-05,2025-06-15 20:00:00+00:00
1750021200,6.903e-05,2025-06-15 21:00:00+00:00
1750024800,5.319e-05,2025-06-15 22:00:00+00:00
1750028400,4.573e-05,2025-06-15 23:00:00+00:00
1750032000,4.149e-05,2025-06-16 00:00:00+00:00
1750035600,5.177e-05,2025-06-16 01:00:00+00:00
1750039200,6.185e-05,2025-06-16 02:00:00+00:00
1750042800,6.944e-05,2025-06-16 03:00:00+00:00
1750046400,8.716e-05,2025-06-16 04:00:00+00:00
1750050000,9.205e-05,2025-06-16 05:00:00+00:00
1750053600,8.634e-05,2025-06-16 06:00:00+00:00
1750057200,9.04e-05,2025-06-16 07:00:00+00:00
1750060800,9.923e-05,2025-06-16 08:00:00+00:00
1750064400,0.0001,2025-06-16 09:00:00+00:00
1750078800,8.903e-05,2025-06-16 13:00:00+00:00
1750082400,5.705e-05,2025-06-16 14:00:00+00:00
1750086000,3.963e-05,2025-06-16 15:00:00+00:00
1750089600,2.792e-05,2025-06-16 16:00:00+00:00
1750093200,2.575e-05,2025-06-16 17:00:00+00:00
1750096800,2.393e-05,2025-06-16 18:00:00+00:00
1750100400,2.418e-05,2025-06-16 19:00:00+00:00
1750104000,2.44e-05,2025-06-16 20:00:00+00:00
1750107600,2.895e-05,2025-06-16 21:00:00+00:00
1750111200,2.195e-05,2025-06-16 22:00:00+00:00
1750114800,-8.95e-06,2025-06-16 23:00:00+00:00
1750118400,2.396e-05,2025-06-17 00:00:00+00:00
1750122000,4.77e-05,2025-06-17 01:00:00+00:00
1750125600,8.102e-05,2025-06-17 02:00:00+00:00
1750129200,9.884e-05,2025-06-17 03:00:00+00:00
1750132800,0.0001,2025-06-17 04:00:00+00:00
1750147200,0.0001,2025-06-17 08:00:00+00:00
1750172400,5.627e-05,2025-06-17 15:00:00+00:00
1750176000,1.464e-05,2025-06-17 16:00:00+00:00
1750179600,-2.073e-05,2025-06-17 17:00:00+00:00
1750183200,-3.895e-05,2025-06-17 18:00:00+00:00
1750186800,-3.623e-05,2025-06-17 19:00:00+00:00
1750190400,-1.14e-05,2025-06-17 20:00:00+00:00
1750194000,2.069e-05,2025-06-17 21:00:00+00:00
1750197600,3.601e-05,2025-06-17 22:00:00+00:00
1750201200,5.82e-05,2025-06-17 23:00:00+00:00
1750204800,7.293e-05,2025-06-18 00:00:00+00:00
1750208400,7.557e-05,2025-06-18 01:00:00+00:00
1750212000,7.587e-05,2025-06-18 02:00:00+00:00
1750215600,7.482e-05,2025-06-18 03:00:00+00:00
1750219200,7.978e-05,2025-06-18 04:00:00+00:00
1750222800,7.456e-05,2025-06-18 05:00:00+00:00
1750226400,6.816e-05,2025-06-18 06:00:00+00:00
1750230000,6.782e-05,2025-06-18 07:00:00+00:00
1750233600,6.803e-05,2025-06-18 08:00:00+00:00
1750237200,6.529e-05,2025-06-18 09:00:00+00:00
1750240800,6.24e-05,2025-06-18 10:00:00+00:00
1750244400,5.787e-05,2025-06-18 11:00:00+00:00
1750248000,4.535e-05,2025-06-18 12:00:00+00:00
1750251600,4.044e-05,2025-06-18 13:00:00+00:00
1750255200,3.351e-05,2025-06-18 14:00:00+00:00
1750258800,2.406e-05,2025-06-18 15:00:00+00:00
1750262400,2.035e-05,2025-06-18 16:00:00+00:00
1750266000,7.16e-06,2025-06-18 17:00:00+00:00
1750269600,3.43e-06,2025-06-18 18:00:00+00:00
1750273200,1.399e-05,2025-06-18 19:00:00+00:00
1750276800,3.236e-05,2025-06-18 20:00:00+00:00
1750280400,5.052e-05,2025-06-18 21:00:00+00:00
1750284000,5.329e-05,2025-06-18 22:00:00+00:00
1750287600,5.385e-05,2025-06-18 23:00:00+00:00
1750291200,5.23e-05,2025-06-19 00:00:00+00:00
1750294800,4.78e-05,2025-06-19 01:00:00+00:00
1750298400,4.694e-05,2025-06-19 02:00:00+00:00
1750302000,5.094e-05,2025-06-19 03:00:00+00:00
1750305600,4.783e-05,2025-06-19 04:00:00+00:00
1750309200,4.773e-05,2025-06-19 05:00:00+00:00
1750312800,4.187e-05,2025-06-19 06:00:00+00:00
1750316400,4.793e-05,2025-06-19 07:00:00+00:00
1750320000,6.362e-05,2025-06-19 08:00:00+00:00
1750323600,8.451e-05,2025-06-19 09:00:00+00:00
1750327200,0.0001,2025-06-19 10:00:00+00:00
1750334400,9.948e-05,2025-06-19 12:00:00+00:00
1750338000,8.882e-05,2025-06-19 13:00:00+00:00
1750341600,6.696e-05,2025-06-19 14:00:00+00:00
1750345200,4.928e-05,2025-06-19 15:00:00+00:00
1750348800,3.561e-05,2025-06-19 16:00:00+00:00
1750352400,3.141e-05,2025-06-19 17:00:00+00:00
1750356000,3.414e-05,2025-06-19 18:00:00+00:00
1750359600,3.778e-05,2025-06-19 19:00:00+00:00
1750363200,4.237e-05,2025-06-19 20:00:00+00:00
1750366800,5.083e-05,2025-06-19 21:00:00+00:00
1750370400,5.98e-05,2025-06-19 22:00:00+00:00
1750374000,8.113e-05,2025-06-19 23:00:00+00:00
1750377600,0.0001,2025-06-20 00:00:00+00:00
1750399200,9.403e-05,2025-06-20 06:00:00+00:00
1750402800,8.995e-05,2025-06-20 07:00:00+00:00
1750406400,9.073e-05,2025-06-20 08:00:00+00:00
1750410000,9.671e-05,2025-06-20 09:00:00+00:00
1750413600,9.689e-05,2025-06-20 10:00:00+00:00
1750417200,9.772e-05,2025-06-20 11:00:00+00:00
1750420800,9.293e-05,2025-06-20 12:00:00+00:00
1750424400,8.037e-05,2025-06-20 13:00:00+00:00
1750428000,5.359e-05,2025-06-20 14:00:00+00:00
1750431600,2.645e-05,2025-06-20 15:00:00+00:00
1750435200,1.346e-05,2025-06-20 16:00:00+00:00
1750438800,-2.626e-05,2025-06-20 17:00:00+00:00
1750442400,-6.548e-05,2025-06-20 18:00:00+00:00
1750446000,-8.034e-05,2025-06-20 19:00:00+00:00
1750449600,-8.053e-05,2025-06-20 20:00:00+00:00
1750453200,-7.912e-05,2025-06-20 21:00:00+00:00
1750456800,-6.588e-05,2025-06-20 22:00:00+00:00
1750460400,-5.035e-05,2025-06-20 23:00:00+00:00
1750464000,-4.774e-05,2025-06-21 00:00:00+00:00
1750467600,-4.518e-05,2025-06-21 01:00:00+00:00
1750471200,-3.435e-05,2025-06-21 02:00:00+00:00
1750474800,-2.368e-05,2025-06-21 03:00:00+00:00
1750478400,-1.771e-05,2025-06-21 04:00:00+00:00
1750482000,-1.158e-05,2025-06-21 05:00:00+00:00
1750485600,-1.162e-05,2025-06-21 06:00:00+00:00
1750489200,-1.379e-05,2025-06-21 07:00:00+00:00
1750492800,-1.186e-05,2025-06-21 08:00:00+00:00
1750496400,-2.12e-05,2025-06-21 09:00:00+00:00
1750500000,-1.904e-05,2025-06-21 10:00:00+00:00
1750503600,-8.16e-06,2025-06-21 11:00:00+00:00
1750507200,-6.1e-07,2025-06-21 12:00:00+00:00
1750510800,1.134e-05,2025-06-21 13:00:00+00:00
1750514400,3.196e-05,2025-06-21 14:00:00+00:00
1750518000,4.981e-05,2025-06-21 15:00:00+00:00
1750521600,6.49e-05,2025-06-21 16:00:00+00:00
1750525200,7.214e-05,2025-06-21 17:00:00+00:00
1750528800,8.074e-05,2025-06-21 18:00:00+00:00
1750532400,9.702e-05,2025-06-21 19:00:00+00:00
1750536000,0.0001,2025-06-21 20:00:00+00:00
1750539600,7.535e-05,2025-06-21 21:00:00+00:00
1750543200,2.301e-05,2025-06-21 22:00:00+00:00
1750546800,-7.34e-06,2025-06-21 23:00:00+00:00
1750550400,-4.05e-05,2025-06-22 00:00:00+00:00
1750554000,-6.376e-05,2025-06-22 01:00:00+00:00
1750557600,-6.859e-05,2025-06-22 02:00:00+00:00
1750561200,-7.571e-05,2025-06-22 03:00:00+00:00
1750564800,-5.436e-05,2025-06-22 04:00:00+00:00
1750568400,-3.94e-05,2025-06-22 05:00:00+00:00
1750572000,-1.921e-05,2025-06-22 06:00:00+00:00
1750575600,-1.761e-05,2025-06-22 07:00:00+00:00
1750579200,-2.002e-05,2025-06-22 08:00:00+00:00
1750582800,-2.602e-05,2025-06-22 09:00:00+00:00
1750586400,-2.088e-05,2025-06-22 10:00:00+00:00
1750590000,-3.099e-05,2025-06-22 11:00:00+00:00
1750593600,-2.293e-05,2025-06-22 12:00:00+00:00
1750597200,-2.914e-05,2025-06-22 13:00:00+00:00
1750600800,1.336e-05,2025-06-22 14:00:00+00:00
1750604400,4.688e-05,2025-06-22 15:00:00+00:00
1750608000,7.771e-05,2025-06-22 16:00:00+00:00
1750611600,8.988e-05,2025-06-22 17:00:00+00:00
1750615200,8.473e-05,2025-06-22 18:00:00+00:00
1750618800,7.701e-05,2025-06-22 19:00:00+00:00
1750622400,6.209e-05,2025-06-22 20:00:00+00:00
1750626000,4.895e-05,2025-06-22 21:00:00+00:00
1750629600,3.764e-05,2025-06-22 22:00:00+00:00
1750633200,2.293e-05,2025-06-22 23:00:00+00:00
1750636800,7.7e-06,2025-06-23 00:00:00+00:00
1750640400,-1.125e-05,2025-06-23 01:00:00+00:00
1750644000,-2.698e-05,2025-06-23 02:00:00+00:00
1750647600,-2.974e-05,2025-06-23 03:00:00+00:00
1750651200,-1.749e-05,2025-06-23 04:00:00+00:00
1750654800,-3.11e-06,2025-06-23 05:00:00+00:00
1750658400,-1.341e-05,2025-06-23 06:00:00+00:00
1750662000,-1.456e-05,2025-06-23 07:00:00+00:00
1750665600,-1.914e-05,2025-06-23 08:00:00+00:00
1750669200,-1.559e-05,2025-06-23 09:00:00+00:00
1750672800,-1.098e-05,2025-06-23 10:00:00+00:00
1750676400,-8e-07,2025-06-23 11:00:00+00:00
1750680000,4.82e-06,2025-06-23 12:00:00+00:00
1750683600,1.008e-05,2025-06-23 13:00:00+00:00
1750687200,9.76e-06,2025-06-23 14:00:00+00:00
1750690800,2.37e-06,2025-06-23 15:00:00+00:00
1750694400,-1.33e-06,2025-06-23 16:00:00+00:00
1750698000,1.14e-05,2025-06-23 17:00:00+00:00
1750701600,2.763e-05,2025-06-23 18:00:00+00:00
1750705200,3.934e-05,2025-06-23 19:00:00+00:00
1750708800,4.326e-05,2025-06-23 20:00:00+00:00
1750712400,2.895e-05,2025-06-23 21:00:00+00:00
1750716000,3.321e-05,2025-06-23 22:00:00+00:00
1750719600,2.334e-05,2025-06-23 23:00:00+00:00
1750723200,1.667e-05,2025-06-24 00:00:00+00:00
1750726800,2.421e-05,2025-06-24 01:00:00+00:00
1750730400,3.139e-05,2025-06-24 02:00:00+00:00
1750734000,4.587e-05,2025-06-24 03:00:00+00:00
1750737600,5.136e-05,2025-06-24 04:00:00+00:00
1750741200,5.083e-05,2025-06-24 05:00:00+00:00
1750744800,3.528e-05,2025-06-24 06:00:00+00:00
1750748400,1.266e-05,2025-06-24 07:00:00+00:00
1750752000,3.92e-06,2025-06-24 08:00:00+00:00
1750755600,1.125e-05,2025-06-24 09:00:00+00:00
1750759200,1.1e-05,2025-06-24 10:00:00+00:00
1750762800,6.93e-06,2025-06-24 11:00:00+00:00
1750766400,3.08e-06,2025-06-24 12:00:00+00:00
1750770000,9.42e-06,2025-06-24 13:00:00+00:00
1750773600,1.723e-05,2025-06-24 14:00:00+00:00
1750777200,4.35e-06,2025-06-24 15:00:00+00:00
1750780800,8.65e-06,2025-06-24 16:00:00+00:00
1750784400,3.92e-06,2025-06-24 17:00:00+00:00
1750788000,-1.83e-06,2025-06-24 18:00:00+00:00
1750791600,-7.57e-06,2025-06-24 19:00:00+00:00
1750795200,-1.551e-05,2025-06-24 20:00:00+00:00
1750798800,-2.102e-05,2025-06-24 21:00:00+00:00
1750802400,-1.497e-05,2025-06-24 22:00:00+00:00
1750806000,-9.15e-06,2025-06-24 23:00:00+00:00
1750809600,4.64e-06,2025-06-25 00:00:00+00:00
1750813200,1.442e-05,2025-06-25 01:00:00+00:00
1750816800,7.01e-06,2025-06-25 02:00:00+00:00
1750820400,3.45e-06,2025-06-25 03:00:00+00:00
1750824000,-5.22e-06,2025-06-25 04:00:00+00:00
1750827600,-1.565e-05,2025-06-25 05:00:00+00:00
1750831200,-8.59e-06,2025-06-25 06:00:00+00:00
1750834800,-5.1e-07,2025-06-25 07:00:00+00:00
1750838400,1.95e-06,2025-06-25 08:00:00+00:00
1750842000,1.12e-06,2025-06-25 09:00:00+00:00
1750845600,-2.103e-05,2025-06-25 10:00:00+00:00
1750849200,-4.191e-05,2025-06-25 11:00:00+00:00
1750852800,-4.388e-05,2025-06-25 12:00:00+00:00
1750856400,-2.89e-05,2025-06-25 13:00:00+00:00
1750860000,-5.91e-06,2025-06-25 14:00:00+00:00
1750863600,1.143e-05,2025-06-25 15:00:00+00:00
1750867200,3.723e-05,2025-06-25 16:00:00+00:00
1750870800,6.039e-05,2025-06-25 17:00:00+00:00
1750874400,7.225e-05,2025-06-25 18:00:00+00:00
1750878000,8.666e-05,2025-06-25 19:00:00+00:00
1750881600,8.824e-05,2025-06-25 20:00:00+00:00
1750885200,7.06e-05,2025-06-25 21:00:00+00:00
1750888800,5.138e-05,2025-06-25 22:00:00+00:00
1750892400,2.82e-05,2025-06-25 23:00:00+00:00
1750896000,8.76e-06,2025-06-26 00:00:00+00:00
1750899600,1.35e-06,2025-06-26 01:00:00+00:00
1750903200,1.479e-05,2025-06-26 02:00:00+00:00
1750906800,4.055e-05,2025-06-26 03:00:00+00:00
1750910400,4.814e-05,2025-06-26 04:00:00+00:00
1750914000,5.402e-05,2025-06-26 05:00:00+00:00
1750917600,6.778e-05,2025-06-26 06:00:00+00:00
1750921200,8.057e-05,2025-06-26 07:00:00+00:00
1750924800,9.655e-05,2025-06-26 08:00:00+00:00
1750928400,9.551e-05,2025-06-26 09:00:00+00:00
1750932000,7.706e-05,2025-06-26 10:00:00+00:00
1750935600,5.707e-05,2025-06-26 11:00:00+00:00
1750939200,3.534e-05,2025-06-26 12:00:00+00:00
1750942800,2.47e-05,2025-06-26 13:00:00+00:00
1750946400,2.688e-05,2025-06-26 14:00:00+00:00
1750950000,9.85e-06,2025-06-26 15:00:00+00:00
1750953600,-1.36e-06,2025-06-26 16:00:00+00:00
1750957200,-9.17e-06,2025-06-26 17:00:00+00:00
1750960800,-8.24e-06,2025-06-26 18:00:00+00:00
1750964400,4.25e-06,2025-06-26 19:00:00+00:00
1750968000,8.14e-06,2025-06-26 20:00:00+00:00
1750971600,-5.2e-07,2025-06-26 21:00:00+00:00
1750975200,1.3e-07,2025-06-26 22:00:00+00:00
1750978800,3.52e-06,2025-06-26 23:00:00+00:00
1750982400,2.69e-06,2025-06-27 00:00:00+00:00
1750986000,1.322e-05,2025-06-27 01:00:00+00:00
1750989600,2.203e-05,2025-06-27 02:00:00+00:00
1750993200,1.502e-05,2025-06-27 03:00:00+00:00
1750996800,2.039e-05,2025-06-27 04:00:00+00:00
1751000400,1.169e-05,2025-06-27 05:00:00+00:00
1751004000,8.39e-06,2025-06-27 06:00:00+00:00
1751007600,4.57e-06,2025-06-27 07:00:00+00:00
1751011200,4.18e-06,2025-06-27 08:00:00+00:00
1751014800,1.071e-05,2025-06-27 09:00:00+00:00
1751018400,2.26e-05,2025-06-27 10:00:00+00:00
1751022000,3.009e-05,2025-06-27 11:00:00+00:00
1751025600,3.544e-05,2025-06-27 12:00:00+00:00
1751029200,2.439e-05,2025-06-27 13:00:00+00:00
1751032800,3.383e-05,2025-06-27 14:00:00+00:00
1751036400,5.506e-05,2025-06-27 15:00:00+00:00
1751040000,6.238e-05,2025-06-27 16:00:00+00:00
1751043600,5.122e-05,2025-06-27 17:00:00+00:00
1751047200,4.059e-05,2025-06-27 18:00:00+00:00
1751050800,4.474e-05,2025-06-27 19:00:00+00:00
1751054400,5.984e-05,2025-06-27 20:00:00+00:00
1751058000,7.39e-05,2025-06-27 21:00:00+00:00
1751061600,8.292e-05,2025-06-27 22:00:00+00:00
1751065200,8.444e-05,2025-06-27 23:00:00+00:00
1751068800,8.94e-05,2025-06-28 00:00:00+00:00
1751072400,9.79e-05,2025-06-28 01:00:00+00:00
1751076000,9.546e-05,2025-06-28 02:00:00+00:00
1751079600,7.943e-05,2025-06-28 03:00:00+00:00
1751083200,5.464e-05,2025-06-28 04:00:00+00:00
1751086800,3.422e-05,2025-06-28 05:00:00+00:00
1751090400,1.185e-05,2025-06-28 06:00:00+00:00
1751094000,6.58e-06,2025-06-28 07:00:00+00:00
1751097600,-9.8e-07,2025-06-28 08:00:00+00:00
1751101200,7.3e-06,2025-06-28 09:00:00+00:00
1751104800,7.84e-06,2025-06-28 10:00:00+00:00
1751108400,3.93e-06,2025-06-28 11:00:00+00:00
1751112000,2.12e-06,2025-06-28 12:00:00+00:00
1751115600,2.32e-06,2025-06-28 13:00:00+00:00
1751119200,1.549e-05,2025-06-28 14:00:00+00:00
1751122800,4.011e-05,2025-06-28 15:00:00+00:00
1751126400,4.93e-05,2025-06-28 16:00:00+00:00
1751130000,7.043e-05,2025-06-28 17:00:00+00:00
1751133600,7.491e-05,2025-06-28 18:00:00+00:00
1751137200,8.059e-05,2025-06-28 19:00:00+00:00
1751140800,8.097e-05,2025-06-28 20:00:00+00:00
1751144400,7.591e-05,2025-06-28 21:00:00+00:00
1751148000,6.886e-05,2025-06-28 22:00:00+00:00
1751151600,6.192e-05,2025-06-28 23:00:00+00:00
1751155200,5.899e-05,2025-06-29 00:00:00+00:00
1751158800,4.749e-05,2025-06-29 01:00:00+00:00
1751162400,5.579e-05,2025-06-29 02:00:00+00:00
1751166000,6.151e-05,2025-06-29 03:00:00+00:00
1751169600,6.648e-05,2025-06-29 04:00:00+00:00
1751173200,7.34e-05,2025-06-29 05:00:00+00:00
1751176800,8.075e-05,2025-06-29 06:00:00+00:00
1751180400,8.727e-05,2025-06-29 07:00:00+00:00
1751184000,9.307e-05,2025-06-29 08:00:00+00:00
1751187600,9.28e-05,2025-06-29 09:00:00+00:00
1751191200,8.086e-05,2025-06-29 10:00:00+00:00
1751194800,5.888e-05,2025-06-29 11:00:00+00:00
1751198400,3.622e-05,2025-06-29 12:00:00+00:00
1751202000,2.921e-05,2025-06-29 13:00:00+00:00
1751205600,1.364e-05,2025-06-29 14:00:00+00:00
1751209200,4.2e-07,2025-06-29 15:00:00+00:00
1751212800,-8.76e-06,2025-06-29 16:00:00+00:00
1751216400,-1.602e-05,2025-06-29 17:00:00+00:00
1751220000,-1.354e-05,2025-06-29 18:00:00+00:00
1751223600,-8.63e-06,2025-06-29 19:00:00+00:00
1751227200,-1.128e-05,2025-06-29 20:00:00+00:00
1751230800,-2.36e-06,2025-06-29 21:00:00+00:00
1751234400,4.037e-05,2025-06-29 22:00:00+00:00
1751238000,5.102e-05,2025-06-29 23:00:00+00:00
1751241600,7.16e-05,2025-06-30 00:00:00+00:00
1751245200,8.534e-05,2025-06-30 01:00:00+00:00
1751248800,9.445e-05,2025-06-30 02:00:00+00:00
1751252400,0.0001,2025-06-30 03:00:00+00:00
1751263200,9.003e-05,2025-06-30 06:00:00+00:00
1751266800,9.152e-05,2025-06-30 07:00:00+00:00
1751270400,0.0001,2025-06-30 08:00:00+00:00
1751274000,9.706e-05,2025-06-30 09:00:00+00:00
1751277600,6.381e-05,2025-06-30 10:00:00+00:00
1751281200,3.176e-05,2025-06-30 11:00:00+00:00
1751284800,8e-06,2025-06-30 12:00:00+00:00
1751288400,-3.66e-06,2025-06-30 13:00:00+00:00
1751292000,-7.73e-06,2025-06-30 14:00:00+00:00
1751295600,3.96e-06,2025-06-30 15:00:00+00:00
1751299200,2.126e-05,2025-06-30 16:00:00+00:00
1751302800,4.312e-05,2025-06-30 17:00:00+00:00
1751306400,6.538e-05,2025-06-30 18:00:00+00:00
1751310000,8.635e-05,2025-06-30 19:00:00+00:00
1751313600,0.0001,2025-06-30 20:00:00+00:00
1751324400,8.191e-05,2025-06-30 23:00:00+00:00
1751328000,6.271e-05,2025-07-01 00:00:00+00:00
1751331600,4.312e-05,2025-07-01 01:00:00+00:00
1751335200,3.513e-05,2025-07-01 02:00:00+00:00
1751338800,3.544e-05,2025-07-01 03:00:00+00:00
1751342400,3.356e-05,2025-07-01 04:00:00+00:00
1751346000,2.797e-05,2025-07-01 05:00:00+00:00
1751349600,1.571e-05,2025-07-01 06:00:00+00:00
1751353200,1.553e-05,2025-07-01 07:00:00+00:00
1751356800,2.393e-05,2025-07-01 08:00:00+00:00
1751360400,3.695e-05,2025-07-01 09:00:00+00:00
1751364000,4.212e-05,2025-07-01 10:00:00+00:00
1751367600,4.166e-05,2025-07-01 11:00:00+00:00
1751371200,4.211e-05,2025-07-01 12:00:00+00:00
1751374800,2.304e-05,2025-07-01 13:00:00+00:00
1751378400,-1.84e-06,2025-07-01 14:00:00+00:00
1751382000,-1.486e-05,2025-07-01 15:00:00+00:00
1751385600,-2.101e-05,2025-07-01 16:00:00+00:00
1751389200,-2.817e-05,2025-07-01 17:00:00+00:00
1751392800,-2.386e-05,2025-07-01 18:00:00+00:00
1751396400,-1.887e-05,2025-07-01 19:00:00+00:00
1751400000,-9.7e-06,2025-07-01 20:00:00+00:00
1751403600,4.15e-06,2025-07-01 21:00:00+00:00
1751407200,1.285e-05,2025-07-01 22:00:00+00:00
1751410800,1.967e-05,2025-07-01 23:00:00+00:00
1751414400,1.761e-05,2025-07-02 00:00:00+00:00
1751418000,1.84e-05,2025-07-02 01:00:00+00:00
1751421600,9.52e-06,2025-07-02 02:00:00+00:00
1751425200,4.28e-06,2025-07-02 03:00:00+00:00
1751428800,9.5e-07,2025-07-02 04:00:00+00:00
1751432400,6.14e-06,2025-07-02 05:00:00+00:00
1751436000,3.677e-05,2025-07-02 06:00:00+00:00
1751439600,4.864e-05,2025-07-02 07:00:00+00:00
1751443200,5.621e-05,2025-07-02 08:00:00+00:00
1751446800,6.604e-05,2025-07-02 09:00:00+00:00
1751450400,6.294e-05,2025-07-02 10:00:00+00:00
1751454000,5.05e-05,2025-07-02 11:00:00+00:00
1751457600,3.791e-05,2025-07-02 12:00:00+00:00
1751461200,2.849e-05,2025-07-02 13:00:00+00:00
1751464800,2.36e-05,2025-07-02 14:00:00+00:00
1751468400,5.209e-05,2025-07-02 15:00:00+00:00
1751472000,9.958e-05,2025-07-02 16:00:00+00:00
1751475600,0.0001,2025-07-02 17:00:00+00:00
1751500800,0.0001,2025-07-03 00:00:00+00:00
1751526000,9.875e-05,2025-07-03 07:00:00+00:00
1751529600,8.307e-05,2025-07-03 08:00:00+00:00
1751533200,6.494e-05,2025-07-03 09:00:00+00:00
1751536800,3.632e-05,2025-07-03 10:00:00+00:00
1751540400,2.402e-05,2025-07-03 11:00:00+00:00
1751544000,2.391e-05,2025-07-03 12:00:00+00:00
1751547600,4.492e-05,2025-07-03 13:00:00+00:00
1751551200,5.336e-05,2025-07-03 14:00:00+00:00
1751554800,4.388e-05,2025-07-03 15:00:00+00:00
1751558400,3.724e-05,2025-07-03 16:00:00+00:00
1751562000,1.85e-05,2025-07-03 17:00:00+00:00
1751565600,2.71e-06,2025-07-03 18:00:00+00:00
1751569200,-1.571e-05,2025-07-03 19:00:00+00:00
1751572800,-2.501e-05,2025-07-03 20:00:00+00:00
1751576400,-2.095e-05,2025-07-03 21:00:00+00:00
1751580000,-4.21e-06,2025-07-03 22:00:00+00:00
1751583600,1.353e-05,2025-07-03 23:00:00+00:00
1751587200,3.636e-05,2025-07-04 00:00:00+00:00
1751590800,5.007e-05,2025-07-04 01:00:00+00:00
1751594400,6.247e-05,2025-07-04 02:00:00+00:00
1751598000,7.464e-05,2025-07-04 03:00:00+00:00
1751601600,8.795e-05,2025-07-04 04:00:00+00:00
1751605200,0.0001,2025-07-04 05:00:00+00:00
1751608800,8.552e-05,2025-07-04 06:00:00+00:00
1751612400,6.656e-05,2025-07-04 07:00:00+00:00
1751616000,6.069e-05,2025-07-04 08:00:00+00:00
1751619600,7.311e-05,2025-07-04 09:00:00+00:00
1751623200,6.986e-05,2025-07-04 10:00:00+00:00
1751626800,7.056e-05,2025-07-04 11:00:00+00:00
1751630400,6.818e-05,2025-07-04 12:00:00+00:00
1751634000,5.417e-05,2025-07-04 13:00:00+00:00
1751637600,3.058e-05,2025-07-04 14:00:00+00:00
1751641200,2.671e-05,2025-07-04 15:00:00+00:00
1751644800,2.391e-05,2025-07-04 16:00:00+00:00
1751648400,1.799e-05,2025-07-04 17:00:00+00:00
1751652000,3.514e-05,2025-07-04 18:00:00+00:00
1751655600,5.114e-05,2025-07-04 19:00:00+00:00
1751659200,4.751e-05,2025-07-04 20:00:00+00:00
1751662800,4.232e-05,2025-07-04 21:00:00+00:00
1751666400,2.782e-05,2025-07-04 22:00:00+00:00
1751670000,1.385e-05,2025-07-04 23:00:00+00:00
1751673600,7.72e-06,2025-07-05 00:00:00+00:00
1751677200,2.08e-06,2025-07-05 01:00:00+00:00
1751680800,9.66e-06,2025-07-05 02:00:00+00:00
1751684400,1.196e-05,2025-07-05 03:00:00+00:00
1751688000,1.713e-05,2025-07-05 04:00:00+00:00
1751691600,2.896e-05,2025-07-05 05:00:00+00:00
1751695200,3.634e-05,2025-07-05 06:00:00+00:00
1751698800,3.958e-05,2025-07-05 07:00:00+00:00
1751702400,5.18e-05,2025-07-05 08:00:00+00:00
1751706000,7.233e-05,2025-07-05 09:00:00+00:00
1751709600,7.226e-05,2025-07-05 10:00:00+00:00
1751713200,7.082e-05,2025-07-05 11:00:00+00:00
1751716800,6.393e-05,2025-07-05 12:00:00+00:00
1751720400,6.056e-05,2025-07-05 13:00:00+00:00
1751724000,6.1e-05,2025-07-05 14:00:00+00:00
1751727600,5.542e-05,2025-07-05 15:00:00+00:00
1751731200,5.83e-05,2025-07-05 16:00:00+00:00
1751734800,5.262e-05,2025-07-05 17:00:00+00:00
1751738400,4.862e-05,2025-07-05 18:00:00+00:00
1751742000,5.036e-05,2025-07-05 19:00:00+00:00
1751745600,5.275e-05,2025-07-05 20:00:00+00:00
1751749200,5.058e-05,2025-07-05 21:00:00+00:00
1751752800,4.722e-05,2025-07-05 22:00:00+00:00
1751756400,3.944e-05,2025-07-05 23:00:00+00:00
1751760000,3.89e-05,2025-07-06 00:00:00+00:00
1751763600,3.424e-05,2025-07-06 01:00:00+00:00
1751767200,3.171e-05,2025-07-06 02:00:00+00:00
1751770800,3.613e-05,2025-07-06 03:00:00+00:00
1751774400,4.331e-05,2025-07-06 04:00:00+00:00
1751778000,5.057e-05,2025-07-06 05:00:00+00:00
1751781600,5.77e-05,2025-07-06 06:00:00+00:00
1751785200,6.593e-05,2025-07-06 07:00:00+00:00
1751788800,5.302e-05,2025-07-06 08:00:00+00:00
1751792400,4.093e-05,2025-07-06 09:00:00+00:00
1751796000,3.34e-05,2025-07-06 10:00:00+00:00
1751799600,2.318e-05,2025-07-06 11:00:00+00:00
1751803200,1.272e-05,2025-07-06 12:00:00+00:00
1751806800,2.497e-05,2025-07-06 13:00:00+00:00
1751810400,5.375e-05,2025-07-06 14:00:00+00:00
1751814000,8.083e-05,2025-07-06 15:00:00+00:00
1751817600,9.418e-05,2025-07-06 16:00:00+00:00
1751821200,0.0001,2025-07-06 17:00:00+00:00
1751846400,0.0001,2025-07-07 00:00:00+00:00
1751868000,9.728e-05,2025-07-07 06:00:00+00:00
1751871600,0.0001,2025-07-07 07:00:00+00:00
1751875200,0.0001,2025-07-07 08:00:00+00:00
1751882400,8.383e-05,2025-07-07 10:00:00+00:00
1751886000,5.851e-05,2025-07-07 11:00:00+00:00
1751889600,4.039e-05,2025-07-07 12:00:00+00:00
1751893200,2.899e-05,2025-07-07 13:00:00+00:00
1751896800,-5.74e-06,2025-07-07 14:00:00+00:00
1751900400,-2.985e-05,2025-07-07 15:00:00+00:00
1751904000,-3.697e-05,2025-07-07 16:00:00+00:00
1751907600,-1.985e-05,2025-07-07 17:00:00+00:00
1751911200,8.4e-06,2025-07-07 18:00:00+00:00
1751914800,3.85e-05,2025-07-07 19:00:00+00:00
1751918400,4.47e-05,2025-07-07 20:00:00+00:00
1751922000,6.081e-05,2025-07-07 21:00:00+00:00
1751925600,7.393e-05,2025-07-07 22:00:00+00:00
1751929200,7.585e-05,2025-07-07 23:00:00+00:00
1751932800,7.23e-05,2025-07-08 00:00:00+00:00
1751936400,4.907e-05,2025-07-08 01:00:00+00:00
1751940000,3.451e-05,2025-07-08 02:00:00+00:00
1751943600,4.166e-05,2025-07-08 03:00:00+00:00
1751947200,3.55e-05,2025-07-08 04:00:00+00:00
1751950800,2.829e-05,2025-07-08 05:00:00+00:00
1751954400,3.815e-05,2025-07-08 06:00:00+00:00
1751958000,2.827e-05,2025-07-08 07:00:00+00:00
1751961600,1.746e-05,2025-07-08 08:00:00+00:00
1751965200,2.02e-05,2025-07-08 09:00:00+00:00
1751968800,2.532e-05,2025-07-08 10:00:00+00:00
1751972400,3.248e-05,2025-07-08 11:00:00+00:00
1751976000,4.622e-05,2025-07-08 12:00:00+00:00
1751979600,5.911e-05,2025-07-08 13:00:00+00:00
1751983200,6.237e-05,2025-07-08 14:00:00+00:00
1751986800,6.466e-05,2025-07-08 15:00:00+00:00
1751990400,7.192e-05,2025-07-08 16:00:00+00:00
1751994000,0.0001,2025-07-08 17:00:00+00:00
1752004800,9.155e-05,2025-07-08 20:00:00+00:00
1752008400,7.842e-05,2025-07-08 21:00:00+00:00
1752012000,6.555e-05,2025-07-08 22:00:00+00:00
1752015600,4.956e-05,2025-07-08 23:00:00+00:00
1752019200,3.851e-05,2025-07-09 00:00:00+00:00
1752022800,3.887e-05,2025-07-09 01:00:00+00:00
1752026400,3.664e-05,2025-07-09 02:00:00+00:00
1752030000,4.138e-05,2025-07-09 03:00:00+00:00
1752033600,4.001e-05,2025-07-09 04:00:00+00:00
1752037200,5.352e-05,2025-07-09 05:00:00+00:00
1752040800,5.244e-05,2025-07-09 06:00:00+00:00
1752044400,6.771e-05,2025-07-09 07:00:00+00:00
1752048000,6.621e-05,2025-07-09 08:00:00+00:00
1752051600,5.127e-05,2025-07-09 09:00:00+00:00
1752055200,3.162e-05,2025-07-09 10:00:00+00:00
1752058800,1.698e-05,2025-07-09 11:00:00+00:00
1752062400,4.229e-05,2025-07-09 12:00:00+00:00
1752066000,6.608e-05,2025-07-09 13:00:00+00:00
1752069600,7.388e-05,2025-07-09 14:00:00+00:00
1752073200,6.27e-05,2025-07-09 15:00:00+00:00
1752076800,5.459e-05,2025-07-09 16:00:00+00:00
1752080400,4.206e-05,2025-07-09 17:00:00+00:00
1752084000,6.063e-05,2025-07-09 18:00:00+00:00
1752087600,5.965e-05,2025-07-09 19:00:00+00:00
1752091200,7.251e-05,2025-07-09 20:00:00+00:00
1752094800,9.324e-05,2025-07-09 21:00:00+00:00
1752098400,0.0001,2025-07-09 22:00:00+00:00
1752105600,0.0001,2025-07-10 00:00:00+00:00
1752123600,5.929e-05,2025-07-10 05:00:00+00:00
1752127200,3.533e-05,2025-07-10 06:00:00+00:00
1752130800,2.84e-05,2025-07-10 07:00:00+00:00
1752134400,2.756e-05,2025-07-10 08:00:00+00:00
1752138000,3.3e-05,2025-07-10 09:00:00+00:00
1752141600,5.721e-05,2025-07-10 10:00:00+00:00
1752145200,5.959e-05,2025-07-10 11:00:00+00:00
1752148800,5.687e-05,2025-07-10 12:00:00+00:00
1752152400,4.675e-05,2025-07-10 13:00:00+00:00
1752156000,3.357e-05,2025-07-10 14:00:00+00:00
1752159600,3.174e-05,2025-07-10 15:00:00+00:00
1752163200,2.239e-05,2025-07-10 16:00:00+00:00
1752166800,-4.1e-06,2025-07-10 17:00:00+00:00
1752170400,-2.258e-05,2025-07-10 18:00:00+00:00
1752174000,-3.598e-05,2025-07-10 19:00:00+00:00
1752177600,-3.912e-05,2025-07-10 20:00:00+00:00
1752181200,1.899e-05,2025-07-10 21:00:00+00:00
1752184800,0.0001,2025-07-10 22:00:00+00:00
1752192000,0.0001,2025-07-11 00:00:00+00:00
1752220800,0.0001,2025-07-11 08:00:00+00:00
1752249600,0.0001,2025-07-11 16:00:00+00:00
1752274800,8.071e-05,2025-07-11 23:00:00+00:00
1752278400,8.137e-05,2025-07-12 00:00:00+00:00
1752282000,0.0001,2025-07-12 01:00:00+00:00
1752300000,8.787e-05,2025-07-12 06:00:00+00:00
1752303600,7.648e-05,2025-07-12 07:00:00+00:00
1752307200,8.348e-05,2025-07-12 08:00:00+00:00
1752310800,9.246e-05,2025-07-12 09:00:00+00:00
1752314400,9.409e-05,2025-07-12 10:00:00+00:00
1752318000,0.0001,2025-07-12 11:00:00+00:00
1752321600,9.076e-05,2025-07-12 12:00:00+00:00
1752325200,7.58e-05,2025-07-12 13:00:00+00:00
1752328800,7.172e-05,2025-07-12 14:00:00+00:00
1752332400,6.111e-05,2025-07-12 15:00:00+00:00
1752336000,6.188e-05,2025-07-12 16:00:00+00:00
1752339600,6.554e-05,2025-07-12 17:00:00+00:00
1752343200,7.571e-05,2025-07-12 18:00:00+00:00
1752346800,7.259e-05,2025-07-12 19:00:00+00:00
1752350400,6.447e-05,2025-07-12 20:00:00+00:00
1752354000,6.192e-05,2025-07-12 21:00:00+00:00
1752357600,5.623e-05,2025-07-12 22:00:00+00:00
1752361200,4.179e-05,2025-07-12 23:00:00+00:00
1752364800,3.231e-05,2025-07-13 00:00:00+00:00
1752368400,3.204e-05,2025-07-13 01:00:00+00:00
1752372000,2.1e-05,2025-07-13 02:00:00+00:00
1752375600,1.917e-05,2025-07-13 03:00:00+00:00
1752379200,1.937e-05,2025-07-13 04:00:00+00:00
1752382800,1.72e-05,2025-07-13 05:00:00+00:00
1752386400,3.075e-05,2025-07-13 06:00:00+00:00
1752390000,4.441e-05,2025-07-13 07:00:00+00:00
1752393600,5.515e-05,2025-07-13 08:00:00+00:00
1752397200,7.192e-05,2025-07-13 09:00:00+00:00
1752400800,8.291e-05,2025-07-13 10:00:00+00:00
1752404400,9.645e-05,2025-07-13 11:00:00+00:00
1752408000,9.721e-05,2025-07-13 12:00:00+00:00
1752411600,9.726e-05,2025-07-13 13:00:00+00:00
1752415200,8.644e-05,2025-07-13 14:00:00+00:00
1752418800,7.217e-05,2025-07-13 15:00:00+00:00
1752422400,6.524e-05,2025-07-13 16:00:00+00:00
1752426000,6.368e-05,2025-07-13 17:00:00+00:00
1752429600,6.224e-05,2025-07-13 18:00:00+00:00
1752433200,5.845e-05,2025-07-13 19:00:00+00:00
1752436800,4.831e-05,2025-07-13 20:00:00+00:00
1752440400,2.448e-05,2025-07-13 21:00:00+00:00
1752444000,1.991e-05,2025-07-13 22:00:00+00:00
1752447600,1.051e-05,2025-07-13 23:00:00+00:00
1752451200,-2.74e-06,2025-07-14 00:00:00+00:00
1752454800,-5e-06,2025-07-14 01:00:00+00:00
1752458400,9.73e-06,2025-07-14 02:00:00+00:00
1752462000,4.675e-05,2025-07-14 03:00:00+00:00
1752465600,9.056e-05,2025-07-14 04:00:00+00:00
1752469200,9.476e-05,2025-07-14 05:00:00+00:00
1752472800,9.491e-05,2025-07-14 06:00:00+00:00
1752476400,0.0001,2025-07-14 07:00:00+00:00
1752480000,0.0001,2025-07-14 08:00:00+00:00
1752508800,0.0001,2025-07-14 16:00:00+00:00
1752516000,8.008e-05,2025-07-14 18:00:00+00:00
1752519600,6.075e-05,2025-07-14 19:00:00+00:00
1752523200,4.699e-05,2025-07-14 20:00:00+00:00
1752526800,4.992e-05,2025-07-14 21:00:00+00:00
1752530400,5.736e-05,2025-07-14 22:00:00+00:00
1752534000,6.13e-05,2025-07-14 23:00:00+00:00
1752537600,7.076e-05,2025-07-15 00:00:00+00:00
1752541200,8.579e-05,2025-07-15 01:00:00+00:00
1752544800,0.0001,2025-07-15 02:00:00+00:00
1752566400,0.0001,2025-07-15 08:00:00+00:00
1752595200,0.0001,2025-07-15 16:00:00+00:00
1752624000,0.0001,2025-07-16 00:00:00+00:00
1752652800,0.0001,2025-07-16 08:00:00+00:00
1752681600,0.0001,2025-07-16 16:00:00+00:00
1752710400,0.0001,2025-07-17 00:00:00+00:00
1752739200,0.0001,2025-07-17 08:00:00+00:00
1752768000,0.0001,2025-07-17 16:00:00+00:00
1752796800,0.0001,2025-07-18 00:00:00+00:00
1752825600,0.0001,2025-07-18 08:00:00+00:00
1752854400,0.0001,2025-07-18 16:00:00+00:00
1752883200,0.0001,2025-07-19 00:00:00+00:00
1752912000,0.0001,2025-07-19 08:00:00+00:00
1752940800,0.0001,2025-07-19 16:00:00+00:00
1752969600,0.0001,2025-07-20 00:00:00+00:00
1752998400,0.0001,2025-07-20 08:00:00+00:00
1753027200,0.0001,2025-07-20 16:00:00+00:00
1753056000,0.0001,2025-07-21 00:00:00+00:00
1753084800,0.0001,2025-07-21 08:00:00+00:00
1753113600,0.0001,2025-07-21 16:00:00+00:00
1753142400,0.0001,2025-07-22 00:00:00+00:00
1753171200,0.0001,2025-07-22 08:00:00+00:00
1753200000,0.0001,2025-07-22 16:00:00+00:00
1753228800,0.0001,2025-07-23 00:00:00+00:00
1753257600,0.0001,2025-07-23 08:00:00+00:00
1753286400,0.0001,2025-07-23 16:00:00+00:00
1753315200,0.0001,2025-07-24 00:00:00+00:00
1753344000,0.0001,2025-07-24 08:00:00+00:00
1753372800,0.0001,2025-07-24 16:00:00+00:00
1753401600,0.0001,2025-07-25 00:00:00+00:00
1753430400,0.0001,2025-07-25 08:00:00+00:00
1753459200,8.869e-05,2025-07-25 16:00:00+00:00
1753462800,5.729e-05,2025-07-25 17:00:00+00:00
1753466400,3.301e-05,2025-07-25 18:00:00+00:00
1753470000,1.341e-05,2025-07-25 19:00:00+00:00
1753473600,1.303e-05,2025-07-25 20:00:00+00:00
1753477200,3.667e-05,2025-07-25 21:00:00+00:00
1753480800,7.787e-05,2025-07-25 22:00:00+00:00
1753484400,0.0001,2025-07-25 23:00:00+00:00
1753488000,0.0001,2025-07-26 00:00:00+00:00
1753516800,0.0001,2025-07-26 08:00:00+00:00
1753545600,0.0001,2025-07-26 16:00:00+00:00
1753570800,9.322e-05,2025-07-26 23:00:00+00:00
1753574400,8.628e-05,2025-07-27 00:00:00+00:00
1753578000,8.72e-05,2025-07-27 01:00:00+00:00
1753581600,0.0001,2025-07-27 02:00:00+00:00
1753599600,8.921e-05,2025-07-27 07:00:00+00:00
1753603200,9.931e-05,2025-07-27 08:00:00+00:00
1753606800,9.697e-05,2025-07-27 09:00:00+00:00
1753610400,0.0001,2025-07-27 10:00:00+00:00
1753632000,0.0001,2025-07-27 16:00:00+00:00
1753660800,0.0001,2025-07-28 00:00:00+00:00
1753689600,0.0001,2025-07-28 08:00:00+00:00
1753718400,0.0001,2025-07-28 16:00:00+00:00
1753725600,9.339e-05,2025-07-28 18:00:00+00:00
1753729200,7.699e-05,2025-07-28 19:00:00+00:00
1753732800,7.29e-05,2025-07-28 20:00:00+00:00
1753736400,6.713e-05,2025-07-28 21:00:00+00:00
1753740000,6.085e-05,2025-07-28 22:00:00+00:00
1753743600,4.494e-05,2025-07-28 23:00:00+00:00
1753747200,2.576e-05,2025-07-29 00:00:00+00:00
1753750800,9.27e-06,2025-07-29 01:00:00+00:00
1753754400,-6.28e-06,2025-07-29 02:00:00+00:00
1753758000,2.136e-05,2025-07-29 03:00:00+00:00
1753761600,2.592e-05,2025-07-29 04:00:00+00:00
1753765200,3.949e-05,2025-07-29 05:00:00+00:00
1753768800,6.407e-05,2025-07-29 06:00:00+00:00
1753772400,0.0001,2025-07-29 07:00:00+00:00
1753776000,0.0001,2025-07-29 08:00:00+00:00
1753804800,0.0001,2025-07-29 16:00:00+00:00
1753812000,8.438e-05,2025-07-29 18:00:00+00:00
1753815600,4.294e-05,2025-07-29 19:00:00+00:00
1753819200,2.458e-05,2025-07-29 20:00:00+00:00
1753822800,3.48e-05,2025-07-29 21:00:00+00:00
1753826400,3.854e-05,2025-07-29 22:00:00+00:00
1753830000,2.488e-05,2025-07-29 23:00:00+00:00
1753833600,1.235e-05,2025-07-30 00:00:00+00:00
1753837200,2.264e-05,2025-07-30 01:00:00+00:00
1753840800,3.162e-05,2025-07-30 02:00:00+00:00
1753844400,3.584e-05,2025-07-30 03:00:00+00:00
1753848000,4.027e-05,2025-07-30 04:00:00+00:00
1753851600,5.416e-05,2025-07-30 05:00:00+00:00
1753855200,5.957e-05,2025-07-30 06:00:00+00:00
1753858800,5.07e-05,2025-07-30 07:00:00+00:00
1753862400,5.287e-05,2025-07-30 08:00:00+00:00
1753866000,3.597e-05,2025-07-30 09:00:00+00:00
1753869600,3.418e-05,2025-07-30 10:00:00+00:00
1753873200,1.45e-05,2025-07-30 11:00:00+00:00
1753876800,1.42e-05,2025-07-30 12:00:00+00:00
1753880400,9.96e-06,2025-07-30 13:00:00+00:00
1753884000,1.796e-05,2025-07-30 14:00:00+00:00
1753887600,1.54e-05,2025-07-30 15:00:00+00:00
1753891200,2.93e-05,2025-07-30 16:00:00+00:00
1753894800,5.383e-05,2025-07-30 17:00:00+00:00
1753898400,5.636e-05,2025-07-30 18:00:00+00:00
1753902000,3.046e-05,2025-07-30 19:00:00+00:00
1753905600,3.247e-05,2025-07-30 20:00:00+00:00
1753909200,3.911e-05,2025-07-30 21:00:00+00:00
1753912800,4.179e-05,2025-07-30 22:00:00+00:00
1753916400,5.133e-05,2025-07-30 23:00:00+00:00
1753920000,7.133e-05,2025-07-31 00:00:00+00:00
1753923600,9.027e-05,2025-07-31 01:00:00+00:00
1753927200,0.0001,2025-07-31 02:00:00+00:00
1753930800,0.0001,2025-07-31 03:00:00+00:00
1753934400,0.0001,2025-07-31 04:00:00+00:00
1753948800,0.0001,2025-07-31 08:00:00+00:00
1753966800,8.333e-05,2025-07-31 13:00:00+00:00
1753970400,3.4e-05,2025-07-31 14:00:00+00:00
1753974000,-1.18e-05,2025-07-31 15:00:00+00:00
1753977600,-4.616e-05,2025-07-31 16:00:00+00:00
1753981200,-6.575e-05,2025-07-31 17:00:00+00:00
1753984800,-6.162e-05,2025-07-31 18:00:00+00:00
1753988400,-4.23e-05,2025-07-31 19:00:00+00:00
1753992000,-4.304e-05,2025-07-31 20:00:00+00:00
1753995600,-4.244e-05,2025-07-31 21:00:00+00:00
1753999200,-3.732e-05,2025-07-31 22:00:00+00:00
1754002800,-3.768e-05,2025-07-31 23:00:00+00:00
1754006400,-3.169e-05,2025-08-01 00:00:00+00:00
1754010000,-3.245e-05,2025-08-01 01:00:00+00:00
1754013600,-3.473e-05,2025-08-01 02:00:00+00:00
1754017200,-2.95e-05,2025-08-01 03:00:00+00:00
1754020800,-1.484e-05,2025-08-01 04:00:00+00:00
1754024400,-9.36e-06,2025-08-01 05:00:00+00:00
1754028000,7.1e-06,2025-08-01 06:00:00+00:00
1754031600,1.11e-05,2025-08-01 07:00:00+00:00
1754035200,1.326e-05,2025-08-01 08:00:00+00:00
1754038800,1.979e-05,2025-08-01 09:00:00+00:00
1754042400,4.976e-05,2025-08-01 10:00:00+00:00
1754046000,7.135e-05,2025-08-01 11:00:00+00:00
1754049600,6.226e-05,2025-08-01 12:00:00+00:00
1754053200,5.5e-05,2025-08-01 13:00:00+00:00
1754056800,5.442e-05,2025-08-01 14:00:00+00:00
1754060400,4.87e-05,2025-08-01 15:00:00+00:00
1754064000,4.883e-05,2025-08-01 16:00:00+00:00
1754067600,3.364e-05,2025-08-01 17:00:00+00:00
1754071200,3.517e-05,2025-08-01 18:00:00+00:00
1754074800,5.321e-05,2025-08-01 19:00:00+00:00
1754078400,6.263e-05,2025-08-01 20:00:00+00:00
1754082000,5.593e-05,2025-08-01 21:00:00+00:00
1754085600,5.208e-05,2025-08-01 22:00:00+00:00
1754089200,5.787e-05,2025-08-01 23:00:00+00:00
1754092800,7.186e-05,2025-08-02 00:00:00+00:00
1754096400,6.666e-05,2025-08-02 01:00:00+00:00
1754100000,5.512e-05,2025-08-02 02:00:00+00:00
1754103600,4.251e-05,2025-08-02 03:00:00+00:00
1754107200,3.955e-05,2025-08-02 04:00:00+00:00
1754110800,2.639e-05,2025-08-02 05:00:00+00:00
1754114400,1.941e-05,2025-08-02 06:00:00+00:00
1754118000,6.94e-06,2025-08-02 07:00:00+00:00
1754121600,1.935e-05,2025-08-02 08:00:00+00:00
1754125200,1.865e-05,2025-08-02 09:00:00+00:00
1754128800,2.475e-05,2025-08-02 10:00:00+00:00
1754132400,2.989e-05,2025-08-02 11:00:00+00:00
1754136000,4.806e-05,2025-08-02 12:00:00+00:00
1754139600,7.358e-05,2025-08-02 13:00:00+00:00
1754143200,8.35e-05,2025-08-02 14:00:00+00:00
1754146800,7.965e-05,2025-08-02 15:00:00+00:00
1754150400,9.049e-05,2025-08-02 16:00:00+00:00
1754154000,9.751e-05,2025-08-02 17:00:00+00:00
1754157600,9.283e-05,2025-08-02 18:00:00+00:00
1754161200,8.291e-05,2025-08-02 19:00:00+00:00
1754164800,8.141e-05,2025-08-02 20:00:00+00:00
1754168400,8.27e-05,2025-08-02 21:00:00+00:00
1754172000,8.569e-05,2025-08-02 22:00:00+00:00
1754175600,6.76e-05,2025-08-02 23:00:00+00:00
1754179200,6.765e-05,2025-08-03 00:00:00+00:00
1754182800,7.489e-05,2025-08-03 01:00:00+00:00
1754186400,6.68e-05,2025-08-03 02:00:00+00:00
1754190000,3.769e-05,2025-08-03 03:00:00+00:00
1754193600,3.605e-05,2025-08-03 04:00:00+00:00
1754197200,4.805e-05,2025-08-03 05:00:00+00:00
1754200800,6.103e-05,2025-08-03 06:00:00+00:00
1754204400,5.796e-05,2025-08-03 07:00:00+00:00
1754208000,4.225e-05,2025-08-03 08:00:00+00:00
1754211600,3.5e-05,2025-08-03 09:00:00+00:00
1754215200,1.662e-05,2025-08-03 10:00:00+00:00
1754218800,-1.7e-06,2025-08-03 11:00:00+00:00
1754222400,-3.86e-06,2025-08-03 12:00:00+00:00
1754226000,-8.66e-06,2025-08-03 13:00:00+00:00
1754229600,1.493e-05,2025-08-03 14:00:00+00:00
1754233200,3.77e-05,2025-08-03 15:00:00+00:00
1754236800,4.815e-05,2025-08-03 16:00:00+00:00
1754240400,5.453e-05,2025-08-03 17:00:00+00:00
1754244000,6.09e-05,2025-08-03 18:00:00+00:00
1754247600,4.844e-05,2025-08-03 19:00:00+00:00
1754251200,4.007e-05,2025-08-03 20:00:00+00:00
1754254800,3.228e-05,2025-08-03 21:00:00+00:00
1754258400,3.014e-05,2025-08-03 22:00:00+00:00
1754262000,1.729e-05,2025-08-03 23:00:00+00:00
1754265600,1.228e-05,2025-08-04 00:00:00+00:00
1754269200,-3.61e-06,2025-08-04 01:00:00+00:00
1754272800,6.8e-07,2025-08-04 02:00:00+00:00
1754276400,3.49e-06,2025-08-04 03:00:00+00:00
1754280000,8.79e-06,2025-08-04 04:00:00+00:00
1754283600,5.94e-06,2025-08-04 05:00:00+00:00
1754287200,6.05e-06,2025-08-04 06:00:00+00:00
1754290800,1.08e-05,2025-08-04 07:00:00+00:00
1754294400,1.146e-05,2025-08-04 08:00:00+00:00
1754298000,1.723e-05,2025-08-04 09:00:00+00:00
1754301600,4.043e-05,2025-08-04 10:00:00+00:00
1754305200,5.435e-05,2025-08-04 11:00:00+00:00
1754308800,6.523e-05,2025-08-04 12:00:00+00:00
1754312400,6.01e-05,2025-08-04 13:00:00+00:00
1754316000,5.291e-05,2025-08-04 14:00:00+00:00
1754319600,3.688e-05,2025-08-04 15:00:00+00:00
1754323200,1.18e-06,2025-08-04 16:00:00+00:00
1754326800,-1.823e-05,2025-08-04 17:00:00+00:00
1754330400,-2.137e-05,2025-08-04 18:00:00+00:00
1754334000,-2.113e-05,2025-08-04 19:00:00+00:00
1754337600,-2.098e-05,2025-08-04 20:00:00+00:00
1754341200,-1.53e-05,2025-08-04 21:00:00+00:00
1754344800,-9.19e-06,2025-08-04 22:00:00+00:00
1754348400,4.4e-07,2025-08-04 23:00:00+00:00
1754352000,-6.4e-07,2025-08-05 00:00:00+00:00
1754355600,-7.71e-06,2025-08-05 01:00:00+00:00
1754359200,6.1e-06,2025-08-05 02:00:00+00:00
1754362800,2.661e-05,2025-08-05 03:00:00+00:00
1754366400,3.86e-05,2025-08-05 04:00:00+00:00
1754370000,4.504e-05,2025-08-05 05:00:00+00:00
1754373600,3.021e-05,2025-08-05 06:00:00+00:00
1754377200,3.133e-05,2025-08-05 07:00:00+00:00
1754380800,3.029e-05,2025-08-05 08:00:00+00:00
1754384400,1.403e-05,2025-08-05 09:00:00+00:00
1754388000,4.91e-06,2025-08-05 10:00:00+00:00
1754391600,9.79e-06,2025-08-05 11:00:00+00:00
1754395200,2.209e-05,2025-08-05 12:00:00+00:00
1754398800,2.879e-05,2025-08-05 13:00:00+00:00
1754402400,2.067e-05,2025-08-05 14:00:00+00:00
1754406000,1.263e-05,2025-08-05 15:00:00+00:00
1754409600,2.244e-05,2025-08-05 16:00:00+00:00
1754413200,2.067e-05,2025-08-05 17:00:00+00:00
1754416800,2.139e-05,2025-08-05 18:00:00+00:00
1754420400,2.563e-05,2025-08-05 19:00:00+00:00
1754424000,3.515e-05,2025-08-05 20:00:00+00:00
1754427600,3.704e-05,2025-08-05 21:00:00+00:00
1754431200,4.298e-05,2025-08-05 22:00:00+00:00
1754434800,2.392e-05,2025-08-05 23:00:00+00:00
1754438400,2.728e-05,2025-08-06 00:00:00+00:00
1754442000,3.713e-05,2025-08-06 01:00:00+00:00
1754445600,4.616e-05,2025-08-06 02:00:00+00:00
1754449200,5.427e-05,2025-08-06 03:00:00+00:00
1754452800,5.704e-05,2025-08-06 04:00:00+00:00
1754456400,7.847e-05,2025-08-06 05:00:00+00:00
1754460000,7.695e-05,2025-08-06 06:00:00+00:00
1754463600,8.244e-05,2025-08-06 07:00:00+00:00
1754467200,7.765e-05,2025-08-06 08:00:00+00:00
1754470800,8.342e-05,2025-08-06 09:00:00+00:00
1754474400,9.036e-05,2025-08-06 10:00:00+00:00
1754478000,9.431e-05,2025-08-06 11:00:00+00:00
1754481600,8.999e-05,2025-08-06 12:00:00+00:00
1754485200,8.637e-05,2025-08-06 13:00:00+00:00
1754488800,7.771e-05,2025-08-06 14:00:00+00:00
1754492400,6.236e-05,2025-08-06 15:00:00+00:00
1754496000,4.824e-05,2025-08-06 16:00:00+00:00
1754499600,3.79e-05,2025-08-06 17:00:00+00:00
1754503200,4.673e-05,2025-08-06 18:00:00+00:00
1754506800,5.216e-05,2025-08-06 19:00:00+00:00
1754510400,5.112e-05,2025-08-06 20:00:00+00:00
1754514000,5.646e-05,2025-08-06 21:00:00+00:00
1754517600,5.766e-05,2025-08-06 22:00:00+00:00
1754521200,6.237e-05,2025-08-06 23:00:00+00:00
1754524800,6.729e-05,2025-08-07 00:00:00+00:00
1754528400,7.016e-05,2025-08-07 01:00:00+00:00
1754532000,6.66e-05,2025-08-07 02:00:00+00:00
1754535600,7.363e-05,2025-08-07 03:00:00+00:00
1754539200,5.996e-05,2025-08-07 04:00:00+00:00
1754542800,4.456e-05,2025-08-07 05:00:00+00:00
1754546400,4.156e-05,2025-08-07 06:00:00+00:00
1754550000,4.285e-05,2025-08-07 07:00:00+00:00
1754553600,5.434e-05,2025-08-07 08:00:00+00:00
1754557200,7.029e-05,2025-08-07 09:00:00+00:00
1754560800,9.457e-05,2025-08-07 10:00:00+00:00
1754564400,0.0001,2025-08-07 11:00:00+00:00
1754582400,0.0001,2025-08-07 16:00:00+00:00
1754586000,9.787e-05,2025-08-07 17:00:00+00:00
1754589600,8.348e-05,2025-08-07 18:00:00+00:00
1754593200,6.312e-05,2025-08-07 19:00:00+00:00
1754596800,4.14e-05,2025-08-07 20:00:00+00:00
1754600400,2.617e-05,2025-08-07 21:00:00+00:00
1754604000,2.695e-05,2025-08-07 22:00:00+00:00
1754607600,4.194e-05,2025-08-07 23:00:00+00:00
1754611200,6.206e-05,2025-08-08 00:00:00+00:00
1754614800,5.571e-05,2025-08-08 01:00:00+00:00
1754618400,5.829e-05,2025-08-08 02:00:00+00:00
1754622000,8.071e-05,2025-08-08 03:00:00+00:00
1754625600,9.353e-05,2025-08-08 04:00:00+00:00
1754629200,0.0001,2025-08-08 05:00:00+00:00
1754640000,0.0001,2025-08-08 08:00:00+00:00
1754668800,0.0001,2025-08-08 16:00:00+00:00
1754697600,0.0001,2025-08-09 00:00:00+00:00
1754726400,0.0001,2025-08-09 08:00:00+00:00
1754755200,0.0001,2025-08-09 16:00:00+00:00
1754780400,9.962e-05,2025-08-09 23:00:00+00:00
1754784000,0.0001,2025-08-10 00:00:00+00:00
1754787600,9.467e-05,2025-08-10 01:00:00+00:00
1754791200,7.009e-05,2025-08-10 02:00:00+00:00
1754794800,9.259e-05,2025-08-10 03:00:00+00:00
1754798400,9.166e-05,2025-08-10 04:00:00+00:00
1754802000,9.096e-05,2025-08-10 05:00:00+00:00
1754805600,0.0001,2025-08-10 06:00:00+00:00
1754812800,0.0001,2025-08-10 08:00:00+00:00
1754841600,0.0001,2025-08-10 16:00:00+00:00
1754863200,9.201e-05,2025-08-10 22:00:00+00:00
1754866800,8.873e-05,2025-08-10 23:00:00+00:00
1754870400,9.072e-05,2025-08-11 00:00:00+00:00
1754874000,8.205e-05,2025-08-11 01:00:00+00:00
1754877600,7.112e-05,2025-08-11 02:00:00+00:00
1754881200,6.408e-05,2025-08-11 03:00:00+00:00
1754884800,8.65e-05,2025-08-11 04:00:00+00:00
1754888400,9.38e-05,2025-08-11 05:00:00+00:00
1754892000,8.659e-05,2025-08-11 06:00:00+00:00
1754895600,9.284e-05,2025-08-11 07:00:00+00:00
1754899200,0.0001,2025-08-11 08:00:00+00:00
1754928000,0.0001,2025-08-11 16:00:00+00:00
1754946000,9.128e-05,2025-08-11 21:00:00+00:00
1754949600,6.449e-05,2025-08-11 22:00:00+00:00
1754953200,3.659e-05,2025-08-11 23:00:00+00:00
1754956800,3.46e-05,2025-08-12 00:00:00+00:00
1754960400,5.151e-05,2025-08-12 01:00:00+00:00
1754964000,7.788e-05,2025-08-12 02:00:00+00:00
1754967600,9.89e-05,2025-08-12 03:00:00+00:00
1754971200,0.0001,2025-08-12 04:00:00+00:00
1754985600,0.0001,2025-08-12 08:00:00+00:00
1755014400,0.0001,2025-08-12 16:00:00+00:00
1755043200,0.0001,2025-08-13 00:00:00+00:00
1755072000,0.0001,2025-08-13 08:00:00+00:00
1755100800,0.0001,2025-08-13 16:00:00+00:00
1755129600,0.0001,2025-08-14 00:00:00+00:00
1755158400,0.0001,2025-08-14 08:00:00+00:00
1755187200,0.0001,2025-08-14 16:00:00+00:00
1755216000,0.0001,2025-08-15 00:00:00+00:00
1755223200,9.681e-05,2025-08-15 02:00:00+00:00
1755226800,8.261e-05,2025-08-15 03:00:00+00:00
1755230400,7.378e-05,2025-08-15 04:00:00+00:00
1755234000,8.815e-05,2025-08-15 05:00:00+00:00
1755237600,8.619e-05,2025-08-15 06:00:00+00:00
1755241200,9.642e-05,2025-08-15 07:00:00+00:00
1755244800,0.0001,2025-08-15 08:00:00+00:00
1755266400,8.144e-05,2025-08-15 14:00:00+00:00
1755270000,6.495e-05,2025-08-15 15:00:00+00:00
1755273600,6.613e-05,2025-08-15 16:00:00+00:00
1755277200,5.026e-05,2025-08-15 17:00:00+00:00
1755280800,3.464e-05,2025-08-15 18:00:00+00:00
1755284400,2.916e-05,2025-08-15 19:00:00+00:00
1755288000,3.276e-05,2025-08-15 20:00:00+00:00
1755291600,3.506e-05,2025-08-15 21:00:00+00:00
1755295200,5.558e-05,2025-08-15 22:00:00+00:00
1755298800,5.967e-05,2025-08-15 23:00:00+00:00
1755302400,6.526e-05,2025-08-16 00:00:00+00:00
1755306000,5.455e-05,2025-08-16 01:00:00+00:00
1755309600,4.555e-05,2025-08-16 02:00:00+00:00
1755313200,4.565e-05,2025-08-16 03:00:00+00:00
1755316800,6.283e-05,2025-08-16 04:00:00+00:00
1755320400,7.265e-05,2025-08-16 05:00:00+00:00
1755324000,8.855e-05,2025-08-16 06:00:00+00:00
1755327600,9.077e-05,2025-08-16 07:00:00+00:00
1755331200,8.433e-05,2025-08-16 08:00:00+00:00
1755334800,7.514e-05,2025-08-16 09:00:00+00:00
1755338400,5e-05,2025-08-16 10:00:00+00:00
1755342000,3.896e-05,2025-08-16 11:00:00+00:00
1755345600,4.526e-05,2025-08-16 12:00:00+00:00
1755349200,3.798e-05,2025-08-16 13:00:00+00:00
1755352800,3.487e-05,2025-08-16 14:00:00+00:00
1755356400,1.968e-05,2025-08-16 15:00:00+00:00
1755360000,1.259e-05,2025-08-16 16:00:00+00:00
1755363600,2.08e-06,2025-08-16 17:00:00+00:00
1755367200,1.163e-05,2025-08-16 18:00:00+00:00
1755370800,1.854e-05,2025-08-16 19:00:00+00:00
1755374400,2.376e-05,2025-08-16 20:00:00+00:00
1755378000,2.86e-05,2025-08-16 21:00:00+00:00
1755381600,4.51e-05,2025-08-16 22:00:00+00:00
1755385200,4.669e-05,2025-08-16 23:00:00+00:00
1755388800,4.486e-05,2025-08-17 00:00:00+00:00
1755392400,3.555e-05,2025-08-17 01:00:00+00:00
1755396000,3.469e-05,2025-08-17 02:00:00+00:00
1755399600,2.331e-05,2025-08-17 03:00:00+00:00
1755403200,1.124e-05,2025-08-17 04:00:00+00:00
1755406800,-5.7e-07,2025-08-17 05:00:00+00:00
1755410400,-9.27e-06,2025-08-17 06:00:00+00:00
1755414000,-6.43e-06,2025-08-17 07:00:00+00:00
1755417600,-8.66e-06,2025-08-17 08:00:00+00:00
1755421200,9.78e-06,2025-08-17 09:00:00+00:00
1755424800,1.936e-05,2025-08-17 10:00:00+00:00
1755428400,2.144e-05,2025-08-17 11:00:00+00:00
1755432000,2.424e-05,2025-08-17 12:00:00+00:00
1755435600,4.252e-05,2025-08-17 13:00:00+00:00
1755439200,4.978e-05,2025-08-17 14:00:00+00:00
1755442800,5.335e-05,2025-08-17 15:00:00+00:00
1755446400,4.25e-05,2025-08-17 16:00:00+00:00
1755450000,3.306e-05,2025-08-17 17:00:00+00:00
1755453600,2.413e-05,2025-08-17 18:00:00+00:00
1755457200,1.428e-05,2025-08-17 19:00:00+00:00
1755460800,1.287e-05,2025-08-17 20:00:00+00:00
1755464400,4.13e-06,2025-08-17 21:00:00+00:00
1755468000,-5.01e-06,2025-08-17 22:00:00+00:00
1755471600,6.2e-06,2025-08-17 23:00:00+00:00
1755475200,1.429e-05,2025-08-18 00:00:00+00:00
1755478800,1.825e-05,2025-08-18 01:00:00+00:00
1755482400,4.017e-05,2025-08-18 02:00:00+00:00
1755486000,7.243e-05,2025-08-18 03:00:00+00:00
1755489600,7.531e-05,2025-08-18 04:00:00+00:00
1755493200,8.152e-05,2025-08-18 05:00:00+00:00
1755496800,9.117e-05,2025-08-18 06:00:00+00:00
1755500400,9.214e-05,2025-08-18 07:00:00+00:00
1755504000,7.451e-05,2025-08-18 08:00:00+00:00
1755507600,8.355e-05,2025-08-18 09:00:00+00:00
1755511200,8.596e-05,2025-08-18 10:00:00+00:00
1755514800,9.492e-05,2025-08-18 11:00:00+00:00
1755518400,9.868e-05,2025-08-18 12:00:00+00:00
1755522000,9.372e-05,2025-08-18 13:00:00+00:00
1755525600,9.867e-05,2025-08-18 14:00:00+00:00
1755529200,8.958e-05,2025-08-18 15:00:00+00:00
1755532800,8.501e-05,2025-08-18 16:00:00+00:00
1755536400,9.46e-05,2025-08-18 17:00:00+00:00
1755540000,9.662e-05,2025-08-18 18:00:00+00:00
1755543600,0.0001,2025-08-18 19:00:00+00:00
1755561600,0.0001,2025-08-19 00:00:00+00:00
1755590400,0.0001,2025-08-19 08:00:00+00:00
1755619200,0.0001,2025-08-19 16:00:00+00:00
1755648000,0.0001,2025-08-20 00:00:00+00:00
1755651600,8.766e-05,2025-08-20 01:00:00+00:00
1755655200,5.864e-05,2025-08-20 02:00:00+00:00
1755658800,2.659e-05,2025-08-20 03:00:00+00:00
1755662400,1.335e-05,2025-08-20 04:00:00+00:00
1755666000,1.582e-05,2025-08-20 05:00:00+00:00
1755669600,3.81e-06,2025-08-20 06:00:00+00:00
1755673200,3.18e-06,2025-08-20 07:00:00+00:00
1755676800,2.405e-05,2025-08-20 08:00:00+00:00
1755680400,3.921e-05,2025-08-20 09:00:00+00:00
1755684000,7.186e-05,2025-08-20 10:00:00+00:00
1755687600,9.533e-05,2025-08-20 11:00:00+00:00
1755691200,0.0001,2025-08-20 12:00:00+00:00
1755694800,9.694e-05,2025-08-20 13:00:00+00:00
1755698400,9.89e-05,2025-08-20 14:00:00+00:00
1755702000,9.124e-05,2025-08-20 15:00:00+00:00
1755705600,8.054e-05,2025-08-20 16:00:00+00:00
1755709200,6.275e-05,2025-08-20 17:00:00+00:00
1755712800,5.398e-05,2025-08-20 18:00:00+00:00
1755716400,4.391e-05,2025-08-20 19:00:00+00:00
1755720000,4.291e-05,2025-08-20 20:00:00+00:00
1755723600,5.143e-05,2025-08-20 21:00:00+00:00
1755727200,6.367e-05,2025-08-20 22:00:00+00:00
1755730800,6.18e-05,2025-08-20 23:00:00+00:00
1755734400,8.562e-05,2025-08-21 00:00:00+00:00
1755738000,0.0001,2025-08-21 01:00:00+00:00
1755741600,0.0001,2025-08-21 02:00:00+00:00
1755745200,8.998e-05,2025-08-21 03:00:00+00:00
1755748800,7.481e-05,2025-08-21 04:00:00+00:00
1755752400,7.175e-05,2025-08-21 05:00:00+00:00
1755756000,5.948e-05,2025-08-21 06:00:00+00:00
1755759600,5.839e-05,2025-08-21 07:00:00+00:00
1755763200,5.525e-05,2025-08-21 08:00:00+00:00
1755766800,5.375e-05,2025-08-21 09:00:00+00:00
1755770400,5.637e-05,2025-08-21 10:00:00+00:00
1755774000,6.788e-05,2025-08-21 11:00:00+00:00
1755777600,6.22e-05,2025-08-21 12:00:00+00:00
1755781200,6.47e-05,2025-08-21 13:00:00+00:00
1755784800,4.965e-05,2025-08-21 14:00:00+00:00
1755788400,2.689e-05,2025-08-21 15:00:00+00:00
1755792000,1.672e-05,2025-08-21 16:00:00+00:00
1755795600,1.73e-05,2025-08-21 17:00:00+00:00
1755799200,1.113e-05,2025-08-21 18:00:00+00:00
1755802800,1.633e-05,2025-08-21 19:00:00+00:00
1755806400,3.027e-05,2025-08-21 20:00:00+00:00
1755810000,5.363e-05,2025-08-21 21:00:00+00:00
1755813600,6.756e-05,2025-08-21 22:00:00+00:00
1755817200,6.357e-05,2025-08-21 23:00:00+00:00
1755820800,7.052e-05,2025-08-22 00:00:00+00:00
1755824400,8.287e-05,2025-08-22 01:00:00+00:00
1755828000,9.03e-05,2025-08-22 02:00:00+00:00
1755831600,8.23e-05,2025-08-22 03:00:00+00:00
1755835200,7.092e-05,2025-08-22 04:00:00+00:00
1755838800,6.475e-05,2025-08-22 05:00:00+00:00
1755842400,6.287e-05,2025-08-22 06:00:00+00:00
1755846000,6.687e-05,2025-08-22 07:00:00+00:00
1755849600,7.061e-05,2025-08-22 08:00:00+00:00
1755853200,7.239e-05,2025-08-22 09:00:00+00:00
1755856800,6.358e-05,2025-08-22 10:00:00+00:00
1755860400,6.409e-05,2025-08-22 11:00:00+00:00
1755864000,5.782e-05,2025-08-22 12:00:00+00:00
1755867600,4.812e-05,2025-08-22 13:00:00+00:00
1755871200,7.205e-05,2025-08-22 14:00:00+00:00
1755874800,6.054e-05,2025-08-22 15:00:00+00:00
1755878400,8.579e-05,2025-08-22 16:00:00+00:00
1755882000,0.0001,2025-08-22 17:00:00+00:00
1755907200,0.0001,2025-08-23 00:00:00+00:00
1755936000,0.0001,2025-08-23 08:00:00+00:00
1755964800,0.0001,2025-08-23 16:00:00+00:00
1755993600,0.0001,2025-08-24 00:00:00+00:00
1756022400,0.0001,2025-08-24 08:00:00+00:00
1756051200,0.0001,2025-08-24 16:00:00+00:00
1756069200,7.917e-05,2025-08-24 21:00:00+00:00
1756072800,5.838e-05,2025-08-24 22:00:00+00:00
1756076400,4.96e-05,2025-08-24 23:00:00+00:00
1756080000,3.999e-05,2025-08-25 00:00:00+00:00
1756083600,4.644e-05,2025-08-25 01:00:00+00:00
1756087200,6.429e-05,2025-08-25 02:00:00+00:00
1756090800,7.992e-05,2025-08-25 03:00:00+00:00
1756094400,8.023e-05,2025-08-25 04:00:00+00:00
1756098000,7.601e-05,2025-08-25 05:00:00+00:00
1756101600,5.851e-05,2025-08-25 06:00:00+00:00
1756105200,4.558e-05,2025-08-25 07:00:00+00:00
1756108800,5.04e-05,2025-08-25 08:00:00+00:00
1756112400,4.707e-05,2025-08-25 09:00:00+00:00
1756116000,3.962e-05,2025-08-25 10:00:00+00:00
1756119600,4.311e-05,2025-08-25 11:00:00+00:00
1756123200,2.633e-05,2025-08-25 12:00:00+00:00
1756126800,1.599e-05,2025-08-25 13:00:00+00:00
1756130400,7.74e-06,2025-08-25 14:00:00+00:00
1756134000,1.674e-05,2025-08-25 15:00:00+00:00
1756137600,2.653e-05,2025-08-25 16:00:00+00:00
1756141200,4.466e-05,2025-08-25 17:00:00+00:00
1756144800,5.525e-05,2025-08-25 18:00:00+00:00
1756148400,6.752e-05,2025-08-25 19:00:00+00:00
1756152000,4.633e-05,2025-08-25 20:00:00+00:00
1756155600,1.773e-05,2025-08-25 21:00:00+00:00
1756159200,-3.83e-06,2025-08-25 22:00:00+00:00
1756162800,-7.22e-06,2025-08-25 23:00:00+00:00
1756166400,2.6e-07,2025-08-26 00:00:00+00:00
1756170000,1.035e-05,2025-08-26 01:00:00+00:00
1756173600,2.033e-05,2025-08-26 02:00:00+00:00
1756177200,2.567e-05,2025-08-26 03:00:00+00:00
1756180800,2.072e-05,2025-08-26 04:00:00+00:00
1756184400,1.467e-05,2025-08-26 05:00:00+00:00
1756188000,1.113e-05,2025-08-26 06:00:00+00:00
1756191600,1.118e-05,2025-08-26 07:00:00+00:00
1756195200,1.113e-05,2025-08-26 08:00:00+00:00
1756198800,1.389e-05,2025-08-26 09:00:00+00:00
1756202400,2.099e-05,2025-08-26 10:00:00+00:00
1756206000,2.739e-05,2025-08-26 11:00:00+00:00
1756209600,4.419e-05,2025-08-26 12:00:00+00:00
1756213200,4.747e-05,2025-08-26 13:00:00+00:00
1756216800,3.78e-05,2025-08-26 14:00:00+00:00
1756220400,1.074e-05,2025-08-26 15:00:00+00:00
1756224000,-1.084e-05,2025-08-26 16:00:00+00:00
1756227600,-3.9e-05,2025-08-26 17:00:00+00:00
1756231200,-4.649e-05,2025-08-26 18:00:00+00:00
1756234800,-4.782e-05,2025-08-26 19:00:00+00:00
1756238400,-6.228e-05,2025-08-26 20:00:00+00:00
1756242000,-5.114e-05,2025-08-26 21:00:00+00:00
1756245600,-2.871e-05,2025-08-26 22:00:00+00:00
1756249200,-8.19e-06,2025-08-26 23:00:00+00:00
1756252800,5.16e-06,2025-08-27 00:00:00+00:00
1756256400,3.611e-05,2025-08-27 01:00:00+00:00
1756260000,5.427e-05,2025-08-27 02:00:00+00:00
1756263600,6.842e-05,2025-08-27 03:00:00+00:00
1756267200,6.52e-05,2025-08-27 04:00:00+00:00
1756270800,4.604e-05,2025-08-27 05:00:00+00:00
1756274400,3.088e-05,2025-08-27 06:00:00+00:00
1756278000,1.916e-05,2025-08-27 07:00:00+00:00
1756281600,2.338e-05,2025-08-27 08:00:00+00:00
1756285200,2.439e-05,2025-08-27 09:00:00+00:00
1756288800,2.691e-05,2025-08-27 10:00:00+00:00
1756292400,3.067e-05,2025-08-27 11:00:00+00:00
1756296000,4.372e-05,2025-08-27 12:00:00+00:00
1756299600,5.373e-05,2025-08-27 13:00:00+00:00
1756303200,4.608e-05,2025-08-27 14:00:00+00:00
1756306800,4.152e-05,2025-08-27 15:00:00+00:00
1756310400,3.188e-05,2025-08-27 16:00:00+00:00
1756314000,2.802e-05,2025-08-27 17:00:00+00:00
1756317600,2.121e-05,2025-08-27 18:00:00+00:00
1756321200,1.468e-05,2025-08-27 19:00:00+00:00
1756324800,2.3e-05,2025-08-27 20:00:00+00:00
1756328400,3.771e-05,2025-08-27 21:00:00+00:00
1756332000,5.017e-05,2025-08-27 22:00:00+00:00
1756335600,5.936e-05,2025-08-27 23:00:00+00:00
1756339200,7.68e-05,2025-08-28 00:00:00+00:00
1756342800,8.817e-05,2025-08-28 01:00:00+00:00
1756346400,8.118e-05,2025-08-28 02:00:00+00:00
1756350000,6.992e-05,2025-08-28 03:00:00+00:00
1756353600,4.891e-05,2025-08-28 04:00:00+00:00
1756357200,3.767e-05,2025-08-28 05:00:00+00:00
1756360800,3.424e-05,2025-08-28 06:00:00+00:00
1756364400,2.598e-05,2025-08-28 07:00:00+00:00
1756368000,3.882e-05,2025-08-28 08:00:00+00:00
1756371600,4.907e-05,2025-08-28 09:00:00+00:00
1756375200,6.061e-05,2025-08-28 10:00:00+00:00
1756378800,7.237e-05,2025-08-28 11:00:00+00:00
1756382400,6.568e-05,2025-08-28 12:00:00+00:00
1756386000,4.708e-05,2025-08-28 13:00:00+00:00
1756389600,3.855e-05,2025-08-28 14:00:00+00:00
1756393200,2.211e-05,2025-08-28 15:00:00+00:00
1756396800,3.05e-06,2025-08-28 16:00:00+00:00
1756400400,1.6e-07,2025-08-28 17:00:00+00:00
1756404000,9.02e-06,2025-08-28 18:00:00+00:00
1756407600,-1.27e-06,2025-08-28 19:00:00+00:00
1756411200,1.412e-05,2025-08-28 20:00:00+00:00
1756414800,2.678e-05,2025-08-28 21:00:00+00:00
1756418400,1.939e-05,2025-08-28 22:00:00+00:00
1756422000,1.663e-05,2025-08-28 23:00:00+00:00
1756425600,1.856e-05,2025-08-29 00:00:00+00:00
1756429200,2.325e-05,2025-08-29 01:00:00+00:00
1756432800,3.48e-05,2025-08-29 02:00:00+00:00
1756436400,4.544e-05,2025-08-29 03:00:00+00:00
1756440000,5.384e-05,2025-08-29 04:00:00+00:00
1756443600,7.396e-05,2025-08-29 05:00:00+00:00
1756447200,7.725e-05,2025-08-29 06:00:00+00:00
1756450800,5.025e-05,2025-08-29 07:00:00+00:00
1756454400,3.832e-05,2025-08-29 08:00:00+00:00
1756458000,2.326e-05,2025-08-29 09:00:00+00:00
1756461600,-3.62e-06,2025-08-29 10:00:00+00:00
1756465200,-6.04e-06,2025-08-29 11:00:00+00:00
1756468800,-3.83e-06,2025-08-29 12:00:00+00:00
1756472400,4.75e-06,2025-08-29 13:00:00+00:00
1756476000,1.791e-05,2025-08-29 14:00:00+00:00
1756479600,1.562e-05,2025-08-29 15:00:00+00:00
1756483200,2.031e-05,2025-08-29 16:00:00+00:00
1756486800,8.1e-06,2025-08-29 17:00:00+00:00
1756490400,-7.4e-07,2025-08-29 18:00:00+00:00
1756494000,8.69e-06,2025-08-29 19:00:00+00:00
1756497600,2.406e-05,2025-08-29 20:00:00+00:00
1756501200,4.76e-05,2025-08-29 21:00:00+00:00
1756504800,4.506e-05,2025-08-29 22:00:00+00:00
1756508400,4.18e-05,2025-08-29 23:00:00+00:00
1756512000,5.313e-05,2025-08-30 00:00:00+00:00
1756515600,6.047e-05,2025-08-30 01:00:00+00:00
1756519200,4.79e-05,2025-08-30 02:00:00+00:00
1756522800,5.403e-05,2025-08-30 03:00:00+00:00
1756526400,4.515e-05,2025-08-30 04:00:00+00:00
1756530000,3.398e-05,2025-08-30 05:00:00+00:00
1756533600,1.894e-05,2025-08-30 06:00:00+00:00
1756537200,-1.038e-05,2025-08-30 07:00:00+00:00
1756540800,-2.439e-05,2025-08-30 08:00:00+00:00
1756544400,-1.634e-05,2025-08-30 09:00:00+00:00
1756548000,2.01e-06,2025-08-30 10:00:00+00:00
1756551600,2.231e-05,2025-08-30 11:00:00+00:00
1756555200,4.26e-05,2025-08-30 12:00:00+00:00
1756558800,5.258e-05,2025-08-30 13:00:00+00:00
1756562400,6.076e-05,2025-08-30 14:00:00+00:00
1756566000,4.089e-05,2025-08-30 15:00:00+00:00
1756569600,1.56e-05,2025-08-30 16:00:00+00:00
1756573200,-1.1e-06,2025-08-30 17:00:00+00:00
1756576800,-7.3e-07,2025-08-30 18:00:00+00:00
1756580400,-4.41e-06,2025-08-30 19:00:00+00:00
1756584000,-1.46e-05,2025-08-30 20:00:00+00:00
1756587600,-1.495e-05,2025-08-30 21:00:00+00:00
1756591200,-1.136e-05,2025-08-30 22:00:00+00:00
1756594800,-1.331e-05,2025-08-30 23:00:00+00:00
1756598400,-2.68e-06,2025-08-31 00:00:00+00:00
1756602000,2.139e-05,2025-08-31 01:00:00+00:00
1756605600,4.624e-05,2025-08-31 02:00:00+00:00
1756609200,6.613e-05,2025-08-31 03:00:00+00:00
1756612800,5.401e-05,2025-08-31 04:00:00+00:00
1756616400,4.617e-05,2025-08-31 05:00:00+00:00
1756620000,4.507e-05,2025-08-31 06:00:00+00:00
1756623600,5.543e-05,2025-08-31 07:00:00+00:00
1756627200,5.692e-05,2025-08-31 08:00:00+00:00
1756630800,4.858e-05,2025-08-31 09:00:00+00:00
1756634400,3.573e-05,2025-08-31 10:00:00+00:00
1756638000,4.059e-05,2025-08-31 11:00:00+00:00
1756641600,4.001e-05,2025-08-31 12:00:00+00:00
1756645200,1.56e-05,2025-08-31 13:00:00+00:00
1756648800,-1.221e-05,2025-08-31 14:00:00+00:00
1756652400,-1.111e-05,2025-08-31 15:00:00+00:00
1756656000,-2.021e-05,2025-08-31 16:00:00+00:00
1756659600,-2.92e-05,2025-08-31 17:00:00+00:00
1756663200,-2.634e-05,2025-08-31 18:00:00+00:00
1756666800,-2.962e-05,2025-08-31 19:00:00+00:00
1756670400,-2.694e-05,2025-08-31 20:00:00+00:00
1756674000,-1.673e-05,2025-08-31 21:00:00+00:00
1756677600,-2.031e-05,2025-08-31 22:00:00+00:00
1756681200,-2.118e-05,2025-08-31 23:00:00+00:00
1756684800,-3.098e-05,2025-09-01 00:00:00+00:00
1756688400,-4.512e-05,2025-09-01 01:00:00+00:00
1756692000,-6.853e-05,2025-09-01 02:00:00+00:00
1756695600,-7.441e-05,2025-09-01 03:00:00+00:00
1756699200,-7.243e-05,2025-09-01 04:00:00+00:00
1756702800,-5.426e-05,2025-09-01 05:00:00+00:00
1756706400,-3.748e-05,2025-09-01 06:00:00+00:00
1756710000,-1.347e-05,2025-09-01 07:00:00+00:00
1756713600,1.308e-05,2025-09-01 08:00:00+00:00
1756717200,2.941e-05,2025-09-01 09:00:00+00:00
1756720800,2.522e-05,2025-09-01 10:00:00+00:00
1756724400,1.513e-05,2025-09-01 11:00:00+00:00
1756728000,4.88e-06,2025-09-01 12:00:00+00:00
1756731600,-3.16e-06,2025-09-01 13:00:00+00:00
1756735200,5.3e-06,2025-09-01 14:00:00+00:00
1756738800,8.7e-07,2025-09-01 15:00:00+00:00
1756742400,-4.33e-06,2025-09-01 16:00:00+00:00
1756746000,-1.561e-05,2025-09-01 17:00:00+00:00
1756749600,-1.649e-05,2025-09-01 18:00:00+00:00
1756753200,-2.64e-06,2025-09-01 19:00:00+00:00
1756756800,-1.081e-05,2025-09-01 20:00:00+00:00
1756760400,-3.788e-05,2025-09-01 21:00:00+00:00
1756764000,-2.279e-05,2025-09-01 22:00:00+00:00
1756767600,3.37e-06,2025-09-01 23:00:00+00:00
1756771200,3.508e-05,2025-09-02 00:00:00+00:00
1756774800,6.2e-05,2025-09-02 01:00:00+00:00
1756778400,7.868e-05,2025-09-02 02:00:00+00:00
1756782000,8.826e-05,2025-09-02 03:00:00+00:00
1756785600,8.324e-05,2025-09-02 04:00:00+00:00
1756789200,7.08e-05,2025-09-02 05:00:00+00:00
1756792800,5.954e-05,2025-09-02 06:00:00+00:00
1756796400,5.513e-05,2025-09-02 07:00:00+00:00
1756800000,6.023e-05,2025-09-02 08:00:00+00:00
1756803600,5.722e-05,2025-09-02 09:00:00+00:00
1756807200,6.155e-05,2025-09-02 10:00:00+00:00
1756810800,6.814e-05,2025-09-02 11:00:00+00:00
1756814400,7.274e-05,2025-09-02 12:00:00+00:00
1756818000,7.756e-05,2025-09-02 13:00:00+00:00
1756821600,4.976e-05,2025-09-02 14:00:00+00:00
1756825200,3.016e-05,2025-09-02 15:00:00+00:00
1756828800,1.508e-05,2025-09-02 16:00:00+00:00
1756832400,9.4e-07,2025-09-02 17:00:00+00:00
1756836000,-8.42e-06,2025-09-02 18:00:00+00:00
1756839600,-4.46e-06,2025-09-02 19:00:00+00:00
1756843200,1.542e-05,2025-09-02 20:00:00+00:00
1756846800,1.218e-05,2025-09-02 21:00:00+00:00
1756850400,9.73e-06,2025-09-02 22:00:00+00:00
1756854000,1.759e-05,2025-09-02 23:00:00+00:00
1756857600,2.054e-05,2025-09-03 00:00:00+00:00
1756861200,3.176e-05,2025-09-03 01:00:00+00:00
1756864800,2.931e-05,2025-09-03 02:00:00+00:00
1756868400,2.718e-05,2025-09-03 03:00:00+00:00
1756872000,3.046e-05,2025-09-03 04:00:00+00:00
1756875600,3.365e-05,2025-09-03 05:00:00+00:00
1756879200,1.514e-05,2025-09-03 06:00:00+00:00
1756882800,-1.14e-06,2025-09-03 07:00:00+00:00
1756886400,-1.073e-05,2025-09-03 08:00:00+00:00
1756890000,-9.41e-06,2025-09-03 09:00:00+00:00
1756893600,-2.14e-06,2025-09-03 10:00:00+00:00
1756897200,-2.73e-06,2025-09-03 11:00:00+00:00
1756900800,1.762e-05,2025-09-03 12:00:00+00:00
1756904400,3.395e-05,2025-09-03 13:00:00+00:00
1756908000,3.156e-05,2025-09-03 14:00:00+00:00
1756911600,3.211e-05,2025-09-03 15:00:00+00:00
1756915200,3.52e-06,2025-09-03 16:00:00+00:00
1756918800,-1.51e-05,2025-09-03 17:00:00+00:00
1756922400,-2.677e-05,2025-09-03 18:00:00+00:00
1756926000,-2.643e-05,2025-09-03 19:00:00+00:00
1756929600,-2.869e-05,2025-09-03 20:00:00+00:00
1756933200,-1.499e-05,2025-09-03 21:00:00+00:00
1756936800,1.18e-06,2025-09-03 22:00:00+00:00
1756940400,2.274e-05,2025-09-03 23:00:00+00:00
1756944000,3.846e-05,2025-09-04 00:00:00+00:00
1756947600,3.809e-05,2025-09-04 01:00:00+00:00
1756951200,3.855e-05,2025-09-04 02:00:00+00:00
1756954800,4.471e-05,2025-09-04 03:00:00+00:00
1756958400,3.593e-05,2025-09-04 04:00:00+00:00
1756962000,6.75e-06,2025-09-04 05:00:00+00:00
1756965600,-5.59e-06,2025-09-04 06:00:00+00:00
1756969200,-1.94e-05,2025-09-04 07:00:00+00:00
1756972800,-5.663e-05,2025-09-04 08:00:00+00:00
1756976400,-7.832e-05,2025-09-04 09:00:00+00:00
1756980000,-9.335e-05,2025-09-04 10:00:00+00:00
1756983600,-9.824e-05,2025-09-04 11:00:00+00:00
1756987200,-8.936e-05,2025-09-04 12:00:00+00:00
1756990800,-6.399e-05,2025-09-04 13:00:00+00:00
1756994400,-3.997e-05,2025-09-04 14:00:00+00:00
1756998000,-2.527e-05,2025-09-04 15:00:00+00:00
1757001600,-1.353e-05,2025-09-04 16:00:00+00:00
1757005200,-1.305e-05,2025-09-04 17:00:00+00:00
1757008800,-2.565e-05,2025-09-04 18:00:00+00:00
1757012400,-1.431e-05,2025-09-04 19:00:00+00:00
1757016000,-1.231e-05,2025-09-04 20:00:00+00:00
1757019600,-3.503e-05,2025-09-04 21:00:00+00:00
1757023200,-5.007e-05,2025-09-04 22:00:00+00:00
1757026800,-5.54e-05,2025-09-04 23:00:00+00:00
1757030400,-5.376e-05,2025-09-05 00:00:00+00:00
1757034000,-5.09e-05,2025-09-05 01:00:00+00:00
1757037600,-5.337e-05,2025-09-05 02:00:00+00:00
1757041200,-5.63e-05,2025-09-05 03:00:00+00:00
1757044800,-5.03e-05,2025-09-05 04:00:00+00:00
1757048400,-4.391e-05,2025-09-05 05:00:00+00:00
1757052000,-4.18e-05,2025-09-05 06:00:00+00:00
1757055600,-3.456e-05,2025-09-05 07:00:00+00:00
1757059200,-1.204e-05,2025-09-05 08:00:00+00:00
1757062800,8.78e-06,2025-09-05 09:00:00+00:00
1757066400,3.296e-05,2025-09-05 10:00:00+00:00
1757070000,5.151e-05,2025-09-05 11:00:00+00:00
1757073600,8.02e-05,2025-09-05 12:00:00+00:00
1757077200,0.0001,2025-09-05 13:00:00+00:00
1757080800,8.192e-05,2025-09-05 14:00:00+00:00
1757084400,2.984e-05,2025-09-05 15:00:00+00:00
1757088000,-9.85e-06,2025-09-05 16:00:00+00:00
1757091600,-3.993e-05,2025-09-05 17:00:00+00:00
1757095200,-6.702e-05,2025-09-05 18:00:00+00:00
1757098800,-7.908e-05,2025-09-05 19:00:00+00:00
1757102400,-7.905e-05,2025-09-05 20:00:00+00:00
1757106000,-7.17e-05,2025-09-05 21:00:00+00:00
1757109600,-5.009e-05,2025-09-05 22:00:00+00:00
1757113200,-2.104e-05,2025-09-05 23:00:00+00:00
1757116800,5.3e-07,2025-09-06 00:00:00+00:00
1757120400,1.645e-05,2025-09-06 01:00:00+00:00
1757124000,3.167e-05,2025-09-06 02:00:00+00:00
1757127600,4.463e-05,2025-09-06 03:00:00+00:00
1757131200,4.38e-05,2025-09-06 04:00:00+00:00
1757134800,4.377e-05,2025-09-06 05:00:00+00:00
1757138400,4.039e-05,2025-09-06 06:00:00+00:00
1757142000,3.992e-05,2025-09-06 07:00:00+00:00
1757145600,4.215e-05,2025-09-06 08:00:00+00:00
1757149200,3.887e-05,2025-09-06 09:00:00+00:00
1757152800,4.262e-05,2025-09-06 10:00:00+00:00
1757156400,4.706e-05,2025-09-06 11:00:00+00:00
1757160000,4.675e-05,2025-09-06 12:00:00+00:00
1757163600,5.399e-05,2025-09-06 13:00:00+00:00
1757167200,5.707e-05,2025-09-06 14:00:00+00:00
1757170800,4.099e-05,2025-09-06 15:00:00+00:00
1757174400,1.149e-05,2025-09-06 16:00:00+00:00
1757178000,3.89e-06,2025-09-06 17:00:00+00:00
1757181600,6.57e-06,2025-09-06 18:00:00+00:00
1757185200,1.466e-05,2025-09-06 19:00:00+00:00
1757188800,2.622e-05,2025-09-06 20:00:00+00:00
1757192400,3.174e-05,2025-09-06 21:00:00+00:00
1757196000,4.587e-05,2025-09-06 22:00:00+00:00
1757199600,5.949e-05,2025-09-06 23:00:00+00:00
1757203200,7.523e-05,2025-09-07 00:00:00+00:00
1757206800,7.924e-05,2025-09-07 01:00:00+00:00
1757210400,8.248e-05,2025-09-07 02:00:00+00:00
1757214000,7.663e-05,2025-09-07 03:00:00+00:00
1757217600,7.417e-05,2025-09-07 04:00:00+00:00
1757221200,8.375e-05,2025-09-07 05:00:00+00:00
1757224800,8.689e-05,2025-09-07 06:00:00+00:00
1757228400,8.938e-05,2025-09-07 07:00:00+00:00
1757232000,9.381e-05,2025-09-07 08:00:00+00:00
1757235600,9.408e-05,2025-09-07 09:00:00+00:00
1757239200,8.72e-05,2025-09-07 10:00:00+00:00
1757242800,6.612e-05,2025-09-07 11:00:00+00:00
1757246400,5.357e-05,2025-09-07 12:00:00+00:00
1757250000,4.859e-05,2025-09-07 13:00:00+00:00
1757253600,4.482e-05,2025-09-07 14:00:00+00:00
1757257200,3.335e-05,2025-09-07 15:00:00+00:00
1757260800,2.529e-05,2025-09-07 16:00:00+00:00
1757264400,2.126e-05,2025-09-07 17:00:00+00:00
1757268000,1.702e-05,2025-09-07 18:00:00+00:00
1757271600,1.426e-05,2025-09-07 19:00:00+00:00
1757275200,1.186e-05,2025-09-07 20:00:00+00:00
1757278800,5.92e-06,2025-09-07 21:00:00+00:00
1757282400,9.98e-06,2025-09-07 22:00:00+00:00
1757286000,2.547e-05,2025-09-07 23:00:00+00:00
1757289600,1.977e-05,2025-09-08 00:00:00+00:00
1757293200,1.48e-05,2025-09-08 01:00:00+00:00
1757296800,1.601e-05,2025-09-08 02:00:00+00:00
1757300400,2.816e-05,2025-09-08 03:00:00+00:00
1757304000,3.386e-05,2025-09-08 04:00:00+00:00
1757307600,2.653e-05,2025-09-08 05:00:00+00:00
1757311200,2.301e-05,2025-09-08 06:00:00+00:00
1757314800,2.063e-05,2025-09-08 07:00:00+00:00
1757318400,2.076e-05,2025-09-08 08:00:00+00:00
1757322000,4.734e-05,2025-09-08 09:00:00+00:00
1757325600,7.796e-05,2025-09-08 10:00:00+00:00
1757329200,8.74e-05,2025-09-08 11:00:00+00:00
1757332800,8.943e-05,2025-09-08 12:00:00+00:00
1757336400,8.935e-05,2025-09-08 13:00:00+00:00
1757340000,8.905e-05,2025-09-08 14:00:00+00:00
1757343600,9.082e-05,2025-09-08 15:00:00+00:00
1757347200,8.45e-05,2025-09-08 16:00:00+00:00
1757350800,7.538e-05,2025-09-08 17:00:00+00:00
1757354400,6.339e-05,2025-09-08 18:00:00+00:00
1757358000,4.995e-05,2025-09-08 19:00:00+00:00
1757361600,3.984e-05,2025-09-08 20:00:00+00:00
1757365200,2.361e-05,2025-09-08 21:00:00+00:00
1757368800,4.033e-05,2025-09-08 22:00:00+00:00
1757372400,4.706e-05,2025-09-08 23:00:00+00:00
1757376000,4.039e-05,2025-09-09 00:00:00+00:00
1757379600,3.138e-05,2025-09-09 01:00:00+00:00
1757383200,3.781e-05,2025-09-09 02:00:00+00:00
1757386800,4.503e-05,2025-09-09 03:00:00+00:00
1757390400,5.913e-05,2025-09-09 04:00:00+00:00
1757394000,6.81e-05,2025-09-09 05:00:00+00:00
1757397600,9.466e-05,2025-09-09 06:00:00+00:00
1757401200,0.0001,2025-09-09 07:00:00+00:00
1757404800,0.0001,2025-09-09 08:00:00+00:00
1757426400,9.279e-05,2025-09-09 14:00:00+00:00
1757430000,6.645e-05,2025-09-09 15:00:00+00:00
1757433600,6.332e-05,2025-09-09 16:00:00+00:00
1757437200,6.409e-05,2025-09-09 17:00:00+00:00
1757440800,6.39e-05,2025-09-09 18:00:00+00:00
1757444400,6.164e-05,2025-09-09 19:00:00+00:00
1757448000,5.546e-05,2025-09-09 20:00:00+00:00
1757451600,5.683e-05,2025-09-09 21:00:00+00:00
1757455200,6.079e-05,2025-09-09 22:00:00+00:00
1757458800,6.114e-05,2025-09-09 23:00:00+00:00
1757462400,6.221e-05,2025-09-10 00:00:00+00:00
1757466000,7.203e-05,2025-09-10 01:00:00+00:00
1757469600,7.569e-05,2025-09-10 02:00:00+00:00
1757473200,8.024e-05,2025-09-10 03:00:00+00:00
1757476800,8.195e-05,2025-09-10 04:00:00+00:00
1757480400,8.105e-05,2025-09-10 05:00:00+00:00
1757484000,8.438e-05,2025-09-10 06:00:00+00:00
1757487600,8.775e-05,2025-09-10 07:00:00+00:00
1757491200,8.161e-05,2025-09-10 08:00:00+00:00
1757494800,7.865e-05,2025-09-10 09:00:00+00:00
1757498400,8.242e-05,2025-09-10 10:00:00+00:00
1757502000,8.107e-05,2025-09-10 11:00:00+00:00
1757505600,9.743e-05,2025-09-10 12:00:00+00:00
1757509200,0.0001,2025-09-10 13:00:00+00:00
1757520000,0.0001,2025-09-10 16:00:00+00:00
1757530800,6.706e-05,2025-09-10 19:00:00+00:00
1757534400,3.429e-05,2025-09-10 20:00:00+00:00
1757538000,1.719e-05,2025-09-10 21:00:00+00:00
1757541600,1.401e-05,2025-09-10 22:00:00+00:00
1757545200,1.286e-05,2025-09-10 23:00:00+00:00
1757548800,2.109e-05,2025-09-11 00:00:00+00:00
1757552400,2.858e-05,2025-09-11 01:00:00+00:00
1757556000,4.685e-05,2025-09-11 02:00:00+00:00
1757559600,4.953e-05,2025-09-11 03:00:00+00:00
1757563200,6.868e-05,2025-09-11 04:00:00+00:00
1757566800,9.718e-05,2025-09-11 05:00:00+00:00
1757570400,0.0001,2025-09-11 06:00:00+00:00
1757577600,0.0001,2025-09-11 08:00:00+00:00
1757602800,8.501e-05,2025-09-11 15:00:00+00:00
1757606400,5.739e-05,2025-09-11 16:00:00+00:00
1757610000,5.547e-05,2025-09-11 17:00:00+00:00
1757613600,4.456e-05,2025-09-11 18:00:00+00:00
1757617200,4.032e-05,2025-09-11 19:00:00+00:00
1757620800,3.971e-05,2025-09-11 20:00:00+00:00
1757624400,4.718e-05,2025-09-11 21:00:00+00:00
1757628000,4.825e-05,2025-09-11 22:00:00+00:00
1757631600,4.873e-05,2025-09-11 23:00:00+00:00
1757635200,6.345e-05,2025-09-12 00:00:00+00:00
1757638800,8.799e-05,2025-09-12 01:00:00+00:00
1757642400,0.0001,2025-09-12 02:00:00+00:00
1757664000,0.0001,2025-09-12 08:00:00+00:00
1757692800,0.0001,2025-09-12 16:00:00+00:00
1757703600,7.588e-05,2025-09-12 19:00:00+00:00
1757707200,7.762e-05,2025-09-12 20:00:00+00:00
1757710800,7.922e-05,2025-09-12 21:00:00+00:00
1757714400,0.0001,2025-09-12 22:00:00+00:00
1757721600,0.0001,2025-09-13 00:00:00+00:00
1757746800,9.822e-05,2025-09-13 07:00:00+00:00
1757750400,0.0001,2025-09-13 08:00:00+00:00
1757779200,8.4e-05,2025-09-13 16:00:00+00:00
1757782800,7.024e-05,2025-09-13 17:00:00+00:00
1757786400,4.686e-05,2025-09-13 18:00:00+00:00
1757790000,3.316e-05,2025-09-13 19:00:00+00:00
1757793600,1.037e-05,2025-09-13 20:00:00+00:00
1757797200,-5.94e-06,2025-09-13 21:00:00+00:00
1757800800,-9.6e-07,2025-09-13 22:00:00+00:00
1757804400,3.52e-06,2025-09-13 23:00:00+00:00
1757808000,1.247e-05,2025-09-14 00:00:00+00:00
1757811600,3.766e-05,2025-09-14 01:00:00+00:00
1757815200,4.7e-05,2025-09-14 02:00:00+00:00
1757818800,4.9e-05,2025-09-14 03:00:00+00:00
1757822400,6.307e-05,2025-09-14 04:00:00+00:00
1757826000,7.797e-05,2025-09-14 05:00:00+00:00
1757829600,8.375e-05,2025-09-14 06:00:00+00:00
1757833200,8.319e-05,2025-09-14 07:00:00+00:00
1757836800,8.096e-05,2025-09-14 08:00:00+00:00
1757840400,8.353e-05,2025-09-14 09:00:00+00:00
1757844000,7.568e-05,2025-09-14 10:00:00+00:00
1757847600,5.933e-05,2025-09-14 11:00:00+00:00
1757851200,5.253e-05,2025-09-14 12:00:00+00:00
1757854800,4.776e-05,2025-09-14 13:00:00+00:00
1757858400,5.006e-05,2025-09-14 14:00:00+00:00
1757862000,5.553e-05,2025-09-14 15:00:00+00:00
1757865600,6.453e-05,2025-09-14 16:00:00+00:00
1757869200,8.112e-05,2025-09-14 17:00:00+00:00
1757872800,9.805e-05,2025-09-14 18:00:00+00:00
1757876400,0.0001,2025-09-14 19:00:00+00:00
1757890800,7.416e-05,2025-09-14 23:00:00+00:00
1757894400,7.65e-05,2025-09-15 00:00:00+00:00
1757898000,7.515e-05,2025-09-15 01:00:00+00:00
1757901600,8.599e-05,2025-09-15 02:00:00+00:00
1757905200,9.386e-05,2025-09-15 03:00:00+00:00
1757908800,9.678e-05,2025-09-15 04:00:00+00:00
1757912400,9.957e-05,2025-09-15 05:00:00+00:00
1757916000,8.613e-05,2025-09-15 06:00:00+00:00
1757919600,6.663e-05,2025-09-15 07:00:00+00:00
1757923200,3.817e-05,2025-09-15 08:00:00+00:00
1757926800,2.18e-05,2025-09-15 09:00:00+00:00
1757930400,3.407e-05,2025-09-15 10:00:00+00:00
1757934000,3.546e-05,2025-09-15 11:00:00+00:00
1757937600,3.632e-05,2025-09-15 12:00:00+00:00
1757941200,3.937e-05,2025-09-15 13:00:00+00:00
1757944800,3.759e-05,2025-09-15 14:00:00+00:00
1757948400,3.588e-05,2025-09-15 15:00:00+00:00
1757952000,4.68e-05,2025-09-15 16:00:00+00:00
1757955600,6.003e-05,2025-09-15 17:00:00+00:00
1757959200,6.422e-05,2025-09-15 18:00:00+00:00
1757962800,7.233e-05,2025-09-15 19:00:00+00:00
1757966400,7.7e-05,2025-09-15 20:00:00+00:00
1757970000,6.278e-05,2025-09-15 21:00:00+00:00
1757973600,5.162e-05,2025-09-15 22:00:00+00:00
1757977200,4.558e-05,2025-09-15 23:00:00+00:00
1757980800,4.131e-05,2025-09-16 00:00:00+00:00
1757984400,4.261e-05,2025-09-16 01:00:00+00:00
1757988000,3.997e-05,2025-09-16 02:00:00+00:00
1757991600,4.731e-05,2025-09-16 03:00:00+00:00
1757995200,5.262e-05,2025-09-16 04:00:00+00:00
1757998800,5.852e-05,2025-09-16 05:00:00+00:00
1758002400,5.453e-05,2025-09-16 06:00:00+00:00
1758006000,4.562e-05,2025-09-16 07:00:00+00:00
1758009600,4.424e-05,2025-09-16 08:00:00+00:00
1758013200,3.701e-05,2025-09-16 09:00:00+00:00
1758016800,2.718e-05,2025-09-16 10:00:00+00:00
1758020400,2.204e-05,2025-09-16 11:00:00+00:00
1758024000,1.623e-05,2025-09-16 12:00:00+00:00
1758027600,7.03e-06,2025-09-16 13:00:00+00:00
1758031200,1.314e-05,2025-09-16 14:00:00+00:00
1758034800,2.039e-05,2025-09-16 15:00:00+00:00
1758038400,2.253e-05,2025-09-16 16:00:00+00:00
1758042000,2.564e-05,2025-09-16 17:00:00+00:00
1758045600,1.65e-05,2025-09-16 18:00:00+00:00
1758049200,1.758e-05,2025-09-16 19:00:00+00:00
1758052800,2.058e-05,2025-09-16 20:00:00+00:00
1758056400,3.025e-05,2025-09-16 21:00:00+00:00
1758060000,2.656e-05,2025-09-16 22:00:00+00:00
1758063600,2.388e-05,2025-09-16 23:00:00+00:00
1758067200,2.642e-05,2025-09-17 00:00:00+00:00
1758070800,2.768e-05,2025-09-17 01:00:00+00:00
1758074400,3.36e-05,2025-09-17 02:00:00+00:00
1758078000,2.594e-05,2025-09-17 03:00:00+00:00
1758081600,2.217e-05,2025-09-17 04:00:00+00:00
1758085200,2.046e-05,2025-09-17 05:00:00+00:00
1758088800,3.778e-05,2025-09-17 06:00:00+00:00
1758092400,5.289e-05,2025-09-17 07:00:00+00:00
1758096000,6.478e-05,2025-09-17 08:00:00+00:00
1758099600,5.83e-05,2025-09-17 09:00:00+00:00
1758103200,6.158e-05,2025-09-17 10:00:00+00:00
1758106800,4.799e-05,2025-09-17 11:00:00+00:00
1758110400,4.2e-05,2025-09-17 12:00:00+00:00
1758114000,4.077e-05,2025-09-17 13:00:00+00:00
1758117600,4.147e-05,2025-09-17 14:00:00+00:00
1758121200,4.414e-05,2025-09-17 15:00:00+00:00
1758124800,5.327e-05,2025-09-17 16:00:00+00:00
1758128400,6.184e-05,2025-09-17 17:00:00+00:00
1758132000,3.816e-05,2025-09-17 18:00:00+00:00
1758135600,2.3e-05,2025-09-17 19:00:00+00:00
1758139200,1.104e-05,2025-09-17 20:00:00+00:00
1758142800,1.401e-05,2025-09-17 21:00:00+00:00
1758146400,3.55e-05,2025-09-17 22:00:00+00:00
1758150000,5.114e-05,2025-09-17 23:00:00+00:00
1758153600,3.732e-05,2025-09-18 00:00:00+00:00
1758157200,3.952e-05,2025-09-18 01:00:00+00:00
1758160800,4.247e-05,2025-09-18 02:00:00+00:00
1758164400,3.474e-05,2025-09-18 03:00:00+00:00
1758168000,3.044e-05,2025-09-18 04:00:00+00:00
1758171600,3.426e-05,2025-09-18 05:00:00+00:00
1758175200,3.408e-05,2025-09-18 06:00:00+00:00
1758178800,4.281e-05,2025-09-18 07:00:00+00:00
1758182400,3.611e-05,2025-09-18 08:00:00+00:00
1758186000,3.692e-05,2025-09-18 09:00:00+00:00
1758189600,4.905e-05,2025-09-18 10:00:00+00:00
1758193200,3.75e-05,2025-09-18 11:00:00+00:00
1758196800,2.931e-05,2025-09-18 12:00:00+00:00
1758200400,1.923e-05,2025-09-18 13:00:00+00:00
1758204000,9.84e-06,2025-09-18 14:00:00+00:00
1758207600,1.971e-05,2025-09-18 15:00:00+00:00
1758211200,2.697e-05,2025-09-18 16:00:00+00:00
1758214800,3.645e-05,2025-09-18 17:00:00+00:00
1758218400,4.589e-05,2025-09-18 18:00:00+00:00
1758222000,4.999e-05,2025-09-18 19:00:00+00:00
1758225600,5.236e-05,2025-09-18 20:00:00+00:00
1758229200,5.719e-05,2025-09-18 21:00:00+00:00
1758232800,5.361e-05,2025-09-18 22:00:00+00:00
1758236400,5.745e-05,2025-09-18 23:00:00+00:00
1758240000,5.982e-05,2025-09-19 00:00:00+00:00
1758243600,7.455e-05,2025-09-19 01:00:00+00:00
1758247200,7.079e-05,2025-09-19 02:00:00+00:00
1758250800,4.978e-05,2025-09-19 03:00:00+00:00
1758254400,2.085e-05,2025-09-19 04:00:00+00:00
1758258000,1.368e-05,2025-09-19 05:00:00+00:00
1758261600,-2.71e-06,2025-09-19 06:00:00+00:00
1758265200,-9.04e-06,2025-09-19 07:00:00+00:00
1758268800,-1.975e-05,2025-09-19 08:00:00+00:00
1758272400,-2.888e-05,2025-09-19 09:00:00+00:00
1758276000,-2.198e-05,2025-09-19 10:00:00+00:00
1758279600,-2.162e-05,2025-09-19 11:00:00+00:00
1758283200,-2.147e-05,2025-09-19 12:00:00+00:00
1758286800,-2.346e-05,2025-09-19 13:00:00+00:00
1758290400,-3.256e-05,2025-09-19 14:00:00+00:00
1758294000,-4.324e-05,2025-09-19 15:00:00+00:00
1758297600,-6.024e-05,2025-09-19 16:00:00+00:00
1758301200,-6.268e-05,2025-09-19 17:00:00+00:00
1758304800,-5.353e-05,2025-09-19 18:00:00+00:00
1758308400,-3.774e-05,2025-09-19 19:00:00+00:00
1758312000,-2.583e-05,2025-09-19 20:00:00+00:00
1758315600,-2.327e-05,2025-09-19 21:00:00+00:00
1758319200,-3.472e-05,2025-09-19 22:00:00+00:00
1758322800,-4.366e-05,2025-09-19 23:00:00+00:00
1758326400,-4.327e-05,2025-09-20 00:00:00+00:00
1758330000,-5.11e-05,2025-09-20 01:00:00+00:00
1758333600,-4.089e-05,2025-09-20 02:00:00+00:00
1758337200,-2.627e-05,2025-09-20 03:00:00+00:00
1758340800,-9.11e-06,2025-09-20 04:00:00+00:00
1758344400,3.23e-06,2025-09-20 05:00:00+00:00
1758348000,7e-08,2025-09-20 06:00:00+00:00
1758351600,-5.57e-06,2025-09-20 07:00:00+00:00
1758355200,-2.285e-05,2025-09-20 08:00:00+00:00
1758358800,-3.468e-05,2025-09-20 09:00:00+00:00
1758362400,-3.752e-05,2025-09-20 10:00:00+00:00
1758366000,-2.765e-05,2025-09-20 11:00:00+00:00
1758369600,-1.693e-05,2025-09-20 12:00:00+00:00
1758373200,8.16e-06,2025-09-20 13:00:00+00:00
1758376800,3.183e-05,2025-09-20 14:00:00+00:00
1758380400,4.167e-05,2025-09-20 15:00:00+00:00
1758384000,4.346e-05,2025-09-20 16:00:00+00:00
1758387600,3.628e-05,2025-09-20 17:00:00+00:00
1758391200,1.892e-05,2025-09-20 18:00:00+00:00
1758394800,5.57e-06,2025-09-20 19:00:00+00:00
1758398400,-9.6e-06,2025-09-20 20:00:00+00:00
1758402000,-2.099e-05,2025-09-20 21:00:00+00:00
1758405600,-2.428e-05,2025-09-20 22:00:00+00:00
1758409200,-2.388e-05,2025-09-20 23:00:00+00:00
1758412800,-1.939e-05,2025-09-21 00:00:00+00:00
1758416400,-9.36e-06,2025-09-21 01:00:00+00:00
1758420000,3.21e-06,2025-09-21 02:00:00+00:00
1758423600,7.31e-06,2025-09-21 03:00:00+00:00
1758427200,1.316e-05,2025-09-21 04:00:00+00:00
1758430800,1.916e-05,2025-09-21 05:00:00+00:00
1758434400,3.604e-05,2025-09-21 06:00:00+00:00
1758438000,4.828e-05,2025-09-21 07:00:00+00:00
1758441600,4.223e-05,2025-09-21 08:00:00+00:00
1758445200,2.987e-05,2025-09-21 09:00:00+00:00
1758448800,3.049e-05,2025-09-21 10:00:00+00:00
1758452400,2.758e-05,2025-09-21 11:00:00+00:00
1758456000,2.554e-05,2025-09-21 12:00:00+00:00
1758459600,2.337e-05,2025-09-21 13:00:00+00:00
1758463200,2.398e-05,2025-09-21 14:00:00+00:00
1758466800,3.039e-05,2025-09-21 15:00:00+00:00
1758470400,3.772e-05,2025-09-21 16:00:00+00:00
1758474000,5.098e-05,2025-09-21 17:00:00+00:00
1758477600,6.524e-05,2025-09-21 18:00:00+00:00
1758481200,6.449e-05,2025-09-21 19:00:00+00:00
1758484800,5.215e-05,2025-09-21 20:00:00+00:00
1758488400,2.88e-05,2025-09-21 21:00:00+00:00
1758492000,3.3e-06,2025-09-21 22:00:00+00:00
1758495600,-2.019e-05,2025-09-21 23:00:00+00:00
1758499200,-4.727e-05,2025-09-22 00:00:00+00:00
1758502800,-8.006e-05,2025-09-22 01:00:00+00:00
1758506400,-8.139e-05,2025-09-22 02:00:00+00:00
1758510000,-6.241e-05,2025-09-22 03:00:00+00:00
1758513600,-4.853e-05,2025-09-22 04:00:00+00:00
1758517200,-3.586e-05,2025-09-22 05:00:00+00:00
1758520800,-3.218e-05,2025-09-22 06:00:00+00:00
1758524400,-5.47e-06,2025-09-22 07:00:00+00:00
1758528000,1.051e-05,2025-09-22 08:00:00+00:00
1758531600,2.118e-05,2025-09-22 09:00:00+00:00
1758535200,1.218e-05,2025-09-22 10:00:00+00:00
1758538800,-3.39e-06,2025-09-22 11:00:00+00:00
1758542400,-6.13e-06,2025-09-22 12:00:00+00:00
1758546000,9.9e-06,2025-09-22 13:00:00+00:00
1758549600,1.301e-05,2025-09-22 14:00:00+00:00
1758553200,5.68e-06,2025-09-22 15:00:00+00:00
1758556800,-7.5e-07,2025-09-22 16:00:00+00:00
1758560400,-3.05e-06,2025-09-22 17:00:00+00:00
1758564000,-5.93e-06,2025-09-22 18:00:00+00:00
1758567600,-4.22e-06,2025-09-22 19:00:00+00:00
1758571200,-2.25e-06,2025-09-22 20:00:00+00:00
1758574800,-2.65e-06,2025-09-22 21:00:00+00:00
1758578400,-3.65e-06,2025-09-22 22:00:00+00:00
1758582000,-1.93e-06,2025-09-22 23:00:00+00:00
1758585600,4.66e-06,2025-09-23 00:00:00+00:00
1758589200,2.007e-05,2025-09-23 01:00:00+00:00
1758592800,3.091e-05,2025-09-23 02:00:00+00:00
1758596400,5.208e-05,2025-09-23 03:00:00+00:00
1758600000,6.321e-05,2025-09-23 04:00:00+00:00
1758603600,6.807e-05,2025-09-23 05:00:00+00:00
1758607200,6.197e-05,2025-09-23 06:00:00+00:00
1758610800,5.639e-05,2025-09-23 07:00:00+00:00
1758614400,4.908e-05,2025-09-23 08:00:00+00:00
1758618000,3.614e-05,2025-09-23 09:00:00+00:00
1758621600,1.603e-05,2025-09-23 10:00:00+00:00
1758625200,-2.13e-06,2025-09-23 11:00:00+00:00
1758628800,-2.08e-05,2025-09-23 12:00:00+00:00
1758632400,-2.518e-05,2025-09-23 13:00:00+00:00
1758636000,-2.632e-05,2025-09-23 14:00:00+00:00
1758639600,-2.199e-05,2025-09-23 15:00:00+00:00
1758643200,-1.565e-05,2025-09-23 16:00:00+00:00
1758646800,-1.752e-05,2025-09-23 17:00:00+00:00
1758650400,-9.25e-06,2025-09-23 18:00:00+00:00
1758654000,1.255e-05,2025-09-23 19:00:00+00:00
1758657600,1.881e-05,2025-09-23 20:00:00+00:00
1758661200,1.422e-05,2025-09-23 21:00:00+00:00
1758664800,1.706e-05,2025-09-23 22:00:00+00:00
1758668400,9.78e-06,2025-09-23 23:00:00+00:00
1758672000,7.22e-06,2025-09-24 00:00:00+00:00
1758675600,1.335e-05,2025-09-24 01:00:00+00:00
1758679200,3.46e-06,2025-09-24 02:00:00+00:00
1758682800,-4.49e-06,2025-09-24 03:00:00+00:00
1758686400,-2.08e-06,2025-09-24 04:00:00+00:00
1758690000,-1.26e-06,2025-09-24 05:00:00+00:00
1758693600,1.096e-05,2025-09-24 06:00:00+00:00
1758697200,6.94e-06,2025-09-24 07:00:00+00:00
1758700800,1.686e-05,2025-09-24 08:00:00+00:00
1758704400,2.296e-05,2025-09-24 09:00:00+00:00
1758708000,1.041e-05,2025-09-24 10:00:00+00:00
1758711600,-4.41e-06,2025-09-24 11:00:00+00:00
1758715200,-1.281e-05,2025-09-24 12:00:00+00:00
1758718800,-1.358e-05,2025-09-24 13:00:00+00:00
1758722400,-1.951e-05,2025-09-24 14:00:00+00:00
1758726000,-3.609e-05,2025-09-24 15:00:00+00:00
1758729600,-5.339e-05,2025-09-24 16:00:00+00:00
1758733200,-6.367e-05,2025-09-24 17:00:00+00:00
1758736800,-6.59e-05,2025-09-24 18:00:00+00:00
1758740400,-7.401e-05,2025-09-24 19:00:00+00:00
1758744000,-7.583e-05,2025-09-24 20:00:00+00:00
1758747600,-8.729e-05,2025-09-24 21:00:00+00:00
1758751200,-9.153e-05,2025-09-24 22:00:00+00:00
1758754800,-8.658e-05,2025-09-24 23:00:00+00:00
1758758400,-7.365e-05,2025-09-25 00:00:00+00:00
1758762000,-8.335e-05,2025-09-25 01:00:00+00:00
1758765600,-9.557e-05,2025-09-25 02:00:00+00:00
1758769200,-0.00011451,2025-09-25 03:00:00+00:00
1758772800,-0.00012229,2025-09-25 04:00:00+00:00
1758776400,-0.00011692,2025-09-25 05:00:00+00:00
1758780000,-0.00011079,2025-09-25 06:00:00+00:00
1758783600,-8.155e-05,2025-09-25 07:00:00+00:00
1758787200,-5.655e-05,2025-09-25 08:00:00+00:00
1758790800,-1.635e-05,2025-09-25 09:00:00+00:00
1758794400,1.627e-05,2025-09-25 10:00:00+00:00
1758798000,4.61e-05,2025-09-25 11:00:00+00:00
1758801600,7.034e-05,2025-09-25 12:00:00+00:00
1758805200,0.0001,2025-09-25 13:00:00+00:00
1758816000,7.749e-05,2025-09-25 16:00:00+00:00
1758819600,6.918e-05,2025-09-25 17:00:00+00:00
1758823200,7.267e-05,2025-09-25 18:00:00+00:00
1758826800,7.38e-05,2025-09-25 19:00:00+00:00
1758830400,7.607e-05,2025-09-25 20:00:00+00:00
1758834000,7.816e-05,2025-09-25 21:00:00+00:00
1758837600,8.675e-05,2025-09-25 22:00:00+00:00
1758841200,8.941e-05,2025-09-25 23:00:00+00:00
1758844800,0.0001,2025-09-26 00:00:00+00:00
1758862800,9.124e-05,2025-09-26 05:00:00+00:00
1758866400,5.913e-05,2025-09-26 06:00:00+00:00
1758870000,3.202e-05,2025-09-26 07:00:00+00:00
1758873600,3.323e-05,2025-09-26 08:00:00+00:00
1758877200,2.939e-05,2025-09-26 09:00:00+00:00
1758880800,3.01e-05,2025-09-26 10:00:00+00:00
1758884400,2.46e-05,2025-09-26 11:00:00+00:00
1758888000,2.468e-05,2025-09-26 12:00:00+00:00
1758891600,2.578e-05,2025-09-26 13:00:00+00:00
1758895200,3.406e-05,2025-09-26 14:00:00+00:00
1758898800,4.775e-05,2025-09-26 15:00:00+00:00
1758902400,5.216e-05,2025-09-26 16:00:00+00:00
1758906000,2.806e-05,2025-09-26 17:00:00+00:00
1758909600,-2.09e-06,2025-09-26 18:00:00+00:00
1758913200,-2.572e-05,2025-09-26 19:00:00+00:00
1758916800,-3.848e-05,2025-09-26 20:00:00+00:00
1758920400,-4.033e-05,2025-09-26 21:00:00+00:00
1758924000,-3.535e-05,2025-09-26 22:00:00+00:00
1758927600,-1.588e-05,2025-09-26 23:00:00+00:00
1758931200,-1.55e-06,2025-09-27 00:00:00+00:00
1758934800,2.159e-05,2025-09-27 01:00:00+00:00
1758938400,4.611e-05,2025-09-27 02:00:00+00:00
1758942000,6.26e-05,2025-09-27 03:00:00+00:00
1758945600,6.684e-05,2025-09-27 04:00:00+00:00
1758949200,6.195e-05,2025-09-27 05:00:00+00:00
1758952800,5.236e-05,2025-09-27 06:00:00+00:00
1758956400,4.387e-05,2025-09-27 07:00:00+00:00
1758960000,4.346e-05,2025-09-27 08:00:00+00:00
1758963600,6.33e-05,2025-09-27 09:00:00+00:00
1758967200,6.764e-05,2025-09-27 10:00:00+00:00
1758970800,7.932e-05,2025-09-27 11:00:00+00:00
1758974400,9.177e-05,2025-09-27 12:00:00+00:00
1758978000,0.0001,2025-09-27 13:00:00+00:00
1758988800,0.0001,2025-09-27 16:00:00+00:00
1758992400,9.711e-05,2025-09-27 17:00:00+00:00
1758996000,9.683e-05,2025-09-27 18:00:00+00:00
1758999600,8.295e-05,2025-09-27 19:00:00+00:00
1759003200,7.837e-05,2025-09-27 20:00:00+00:00
1759006800,8.518e-05,2025-09-27 21:00:00+00:00
1759010400,8.967e-05,2025-09-27 22:00:00+00:00
1759014000,7.974e-05,2025-09-27 23:00:00+00:00
1759017600,7.996e-05,2025-09-28 00:00:00+00:00
1759021200,7.099e-05,2025-09-28 01:00:00+00:00
1759024800,5.801e-05,2025-09-28 02:00:00+00:00
1759028400,4.567e-05,2025-09-28 03:00:00+00:00
1759032000,2.822e-05,2025-09-28 04:00:00+00:00
1759035600,3.227e-05,2025-09-28 05:00:00+00:00
1759039200,2.417e-05,2025-09-28 06:00:00+00:00
1759042800,4.158e-05,2025-09-28 07:00:00+00:00
1759046400,4.883e-05,2025-09-28 08:00:00+00:00
1759050000,4.775e-05,2025-09-28 09:00:00+00:00
1759053600,4.189e-05,2025-09-28 10:00:00+00:00
1759057200,4.87e-05,2025-09-28 11:00:00+00:00
1759060800,4.957e-05,2025-09-28 12:00:00+00:00
1759064400,5.918e-05,2025-09-28 13:00:00+00:00
1759068000,7.28e-05,2025-09-28 14:00:00+00:00
1759071600,8.19e-05,2025-09-28 15:00:00+00:00
1759075200,9e-05,2025-09-28 16:00:00+00:00
1759078800,9.017e-05,2025-09-28 17:00:00+00:00
1759082400,8.399e-05,2025-09-28 18:00:00+00:00
1759086000,7.856e-05,2025-09-28 19:00:00+00:00
1759089600,6.635e-05,2025-09-28 20:00:00+00:00
1759093200,5.143e-05,2025-09-28 21:00:00+00:00
1759096800,4.854e-05,2025-09-28 22:00:00+00:00
1759100400,3.52e-05,2025-09-28 23:00:00+00:00
1759104000,2.518e-05,2025-09-29 00:00:00+00:00
1759107600,1.775e-05,2025-09-29 01:00:00+00:00
1759111200,1.995e-05,2025-09-29 02:00:00+00:00
1759114800,2.227e-05,2025-09-29 03:00:00+00:00
1759118400,1.767e-05,2025-09-29 04:00:00+00:00
1759122000,2.684e-05,2025-09-29 05:00:00+00:00
1759125600,3.319e-05,2025-09-29 06:00:00+00:00
1759129200,3.842e-05,2025-09-29 07:00:00+00:00
1759132800,3.384e-05,2025-09-29 08:00:00+00:00
1759136400,2.565e-05,2025-09-29 09:00:00+00:00
1759140000,1.983e-05,2025-09-29 10:00:00+00:00
1759143600,-1.34e-06,2025-09-29 11:00:00+00:00
1759147200,-1.691e-05,2025-09-29 12:00:00+00:00
1759150800,-1.206e-05,2025-09-29 13:00:00+00:00
1759154400,-3.091e-05,2025-09-29 14:00:00+00:00
1759158000,-3.49e-05,2025-09-29 15:00:00+00:00
1759161600,-3.429e-05,2025-09-29 16:00:00+00:00
1759165200,-4.992e-05,2025-09-29 17:00:00+00:00
1759168800,-5.549e-05,2025-09-29 18:00:00+00:00
1759172400,-7.189e-05,2025-09-29 19:00:00+00:00
1759176000,-6.935e-05,2025-09-29 20:00:00+00:00
1759179600,-3.646e-05,2025-09-29 21:00:00+00:00
1759183200,-1.33e-06,2025-09-29 22:00:00+00:00
1759186800,9.16e-06,2025-09-29 23:00:00+00:00
1759190400,7.43e-06,2025-09-30 00:00:00+00:00
1759194000,-1.559e-05,2025-09-30 01:00:00+00:00
1759197600,-3.216e-05,2025-09-30 02:00:00+00:00
1759201200,-5.781e-05,2025-09-30 03:00:00+00:00
1759204800,-5.831e-05,2025-09-30 04:00:00+00:00
1759208400,-5.228e-05,2025-09-30 05:00:00+00:00
1759212000,-3.618e-05,2025-09-30 06:00:00+00:00
1759215600,-1.353e-05,2025-09-30 07:00:00+00:00
1759219200,9.75e-06,2025-09-30 08:00:00+00:00
1759222800,3.402e-05,2025-09-30 09:00:00+00:00
1759226400,5.172e-05,2025-09-30 10:00:00+00:00
1759230000,4.455e-05,2025-09-30 11:00:00+00:00
1759233600,2.079e-05,2025-09-30 12:00:00+00:00
1759237200,5.46e-06,2025-09-30 13:00:00+00:00
1759240800,4.81e-06,2025-09-30 14:00:00+00:00
1759244400,4.42e-06,2025-09-30 15:00:00+00:00
1759248000,1.778e-05,2025-09-30 16:00:00+00:00
1759251600,4.509e-05,2025-09-30 17:00:00+00:00
1759255200,6.668e-05,2025-09-30 18:00:00+00:00
1759258800,7.743e-05,2025-09-30 19:00:00+00:00
1759262400,7.755e-05,2025-09-30 20:00:00+00:00
1759266000,5.58e-05,2025-09-30 21:00:00+00:00
1759269600,2.843e-05,2025-09-30 22:00:00+00:00
1759273200,-1.497e-05,2025-09-30 23:00:00+00:00
1759276800,-4.274e-05,2025-10-01 00:00:00+00:00
1759280400,-5.461e-05,2025-10-01 01:00:00+00:00
1759284000,-5.806e-05,2025-10-01 02:00:00+00:00
1759287600,-5.937e-05,2025-10-01 03:00:00+00:00
1759291200,-5.303e-05,2025-10-01 04:00:00+00:00
1759294800,-2.907e-05,2025-10-01 05:00:00+00:00
1759298400,-5.96e-06,2025-10-01 06:00:00+00:00
1759302000,2.543e-05,2025-10-01 07:00:00+00:00
1759305600,7.057e-05,2025-10-01 08:00:00+00:00
1759309200,7.192e-05,2025-10-01 09:00:00+00:00
1759312800,6.337e-05,2025-10-01 10:00:00+00:00
1759316400,4.676e-05,2025-10-01 11:00:00+00:00
1759320000,1.703e-05,2025-10-01 12:00:00+00:00
1759323600,1.582e-05,2025-10-01 13:00:00+00:00
1759327200,5.85e-06,2025-10-01 14:00:00+00:00
1759330800,-6.87e-06,2025-10-01 15:00:00+00:00
1759334400,-8.41e-06,2025-10-01 16:00:00+00:00
1759338000,1.364e-05,2025-10-01 17:00:00+00:00
1759341600,3.293e-05,2025-10-01 18:00:00+00:00
1759345200,3.032e-05,2025-10-01 19:00:00+00:00
1759348800,4.139e-05,2025-10-01 20:00:00+00:00
1759352400,5.113e-05,2025-10-01 21:00:00+00:00
1759356000,2.779e-05,2025-10-01 22:00:00+00:00
1759359600,1.487e-05,2025-10-01 23:00:00+00:00
1759363200,-1.267e-05,2025-10-02 00:00:00+00:00
1759366800,-8.68e-06,2025-10-02 01:00:00+00:00
1759370400,-2.342e-05,2025-10-02 02:00:00+00:00
1759374000,-1.446e-05,2025-10-02 03:00:00+00:00
1759377600,1.99e-06,2025-10-02 04:00:00+00:00
1759381200,2.743e-05,2025-10-02 05:00:00+00:00
1759384800,4.603e-05,2025-10-02 06:00:00+00:00
1759388400,3.033e-05,2025-10-02 07:00:00+00:00
1759392000,2.437e-05,2025-10-02 08:00:00+00:00
1759395600,1.759e-05,2025-10-02 09:00:00+00:00
1759399200,1.513e-05,2025-10-02 10:00:00+00:00
1759402800,1.656e-05,2025-10-02 11:00:00+00:00
1759406400,1.272e-05,2025-10-02 12:00:00+00:00
1759410000,1.896e-05,2025-10-02 13:00:00+00:00
1759413600,1.167e-05,2025-10-02 14:00:00+00:00
1759417200,3.662e-05,2025-10-02 15:00:00+00:00
1759420800,4.322e-05,2025-10-02 16:00:00+00:00
1759424400,4.835e-05,2025-10-02 17:00:00+00:00
1759428000,4.677e-05,2025-10-02 18:00:00+00:00
1759431600,4.876e-05,2025-10-02 19:00:00+00:00
1759435200,5.114e-05,2025-10-02 20:00:00+00:00
1759438800,4.3e-05,2025-10-02 21:00:00+00:00
1759442400,3.448e-05,2025-10-02 22:00:00+00:00
1759446000,1.383e-05,2025-10-02 23:00:00+00:00
1759449600,8.5e-07,2025-10-03 00:00:00+00:00
1759453200,6.81e-06,2025-10-03 01:00:00+00:00
1759456800,8.03e-06,2025-10-03 02:00:00+00:00
1759460400,1.886e-05,2025-10-03 03:00:00+00:00
1759464000,1.353e-05,2025-10-03 04:00:00+00:00
1759467600,3.611e-05,2025-10-03 05:00:00+00:00
1759471200,5.355e-05,2025-10-03 06:00:00+00:00
1759474800,7.889e-05,2025-10-03 07:00:00+00:00
1759478400,9.66e-05,2025-10-03 08:00:00+00:00
1759482000,9.181e-05,2025-10-03 09:00:00+00:00
1759485600,8.368e-05,2025-10-03 10:00:00+00:00
1759489200,6.868e-05,2025-10-03 11:00:00+00:00
1759492800,5.606e-05,2025-10-03 12:00:00+00:00
1759496400,5.137e-05,2025-10-03 13:00:00+00:00
1759500000,5.113e-05,2025-10-03 14:00:00+00:00
1759503600,5.593e-05,2025-10-03 15:00:00+00:00
1759507200,5.856e-05,2025-10-03 16:00:00+00:00
1759510800,2.846e-05,2025-10-03 17:00:00+00:00
1759514400,1.717e-05,2025-10-03 18:00:00+00:00
1759518000,1.438e-05,2025-10-03 19:00:00+00:00
1759521600,2.431e-05,2025-10-03 20:00:00+00:00
1759525200,3.765e-05,2025-10-03 21:00:00+00:00
1759528800,5.041e-05,2025-10-03 22:00:00+00:00
1759532400,5.555e-05,2025-10-03 23:00:00+00:00
1759536000,6.841e-05,2025-10-04 00:00:00+00:00
1759539600,7.935e-05,2025-10-04 01:00:00+00:00
1759543200,7.684e-05,2025-10-04 02:00:00+00:00
1759546800,6.27e-05,2025-10-04 03:00:00+00:00
1759550400,3.544e-05,2025-10-04 04:00:00+00:00
1759554000,1.309e-05,2025-10-04 05:00:00+00:00
1759557600,1.05e-05,2025-10-04 06:00:00+00:00
1759561200,7.11e-06,2025-10-04 07:00:00+00:00
1759564800,-4.01e-06,2025-10-04 08:00:00+00:00
1759568400,-1.53e-06,2025-10-04 09:00:00+00:00
1759572000,1.767e-05,2025-10-04 10:00:00+00:00
1759575600,3.154e-05,2025-10-04 11:00:00+00:00
1759579200,4.986e-05,2025-10-04 12:00:00+00:00
1759582800,6.223e-05,2025-10-04 13:00:00+00:00
1759586400,6.034e-05,2025-10-04 14:00:00+00:00
1759590000,4.8e-05,2025-10-04 15:00:00+00:00
1759593600,5.83e-05,2025-10-04 16:00:00+00:00
1759597200,6.443e-05,2025-10-04 17:00:00+00:00
1759600800,6.767e-05,2025-10-04 18:00:00+00:00
1759604400,7.137e-05,2025-10-04 19:00:00+00:00
1759608000,7.196e-05,2025-10-04 20:00:00+00:00
1759611600,6.786e-05,2025-10-04 21:00:00+00:00
1759615200,6.273e-05,2025-10-04 22:00:00+00:00
1759618800,5.793e-05,2025-10-04 23:00:00+00:00
1759622400,5.697e-05,2025-10-05 00:00:00+00:00
1759626000,6.98e-05,2025-10-05 01:00:00+00:00
1759629600,9.496e-05,2025-10-05 02:00:00+00:00
1759633200,0.0001,2025-10-05 03:00:00+00:00
1759672800,9.95e-05,2025-10-05 14:00:00+00:00
1759676400,9.741e-05,2025-10-05 15:00:00+00:00
1759680000,0.0001,2025-10-05 16:00:00+00:00
1759683600,9.285e-05,2025-10-05 17:00:00+00:00
1759687200,9.7e-05,2025-10-05 18:00:00+00:00
1759690800,9.95e-05,2025-10-05 19:00:00+00:00
1759694400,0.0001,2025-10-05 20:00:00+00:00
1759705200,7.928e-05,2025-10-05 23:00:00+00:00
1759708800,6.922e-05,2025-10-06 00:00:00+00:00
1759712400,8.609e-05,2025-10-06 01:00:00+00:00
1759716000,9.305e-05,2025-10-06 02:00:00+00:00
1759719600,0.0001,2025-10-06 03:00:00+00:00
1759748400,9.493e-05,2025-10-06 11:00:00+00:00
1759752000,8.715e-05,2025-10-06 12:00:00+00:00
1759755600,9e-05,2025-10-06 13:00:00+00:00
1759759200,0.0001,2025-10-06 14:00:00+00:00
1759802400,0.0001,2025-10-07 02:00:00+00:00
1759845600,0.0001,2025-10-07 14:00:00+00:00
1759856400,9.338e-05,2025-10-07 17:00:00+00:00
1759860000,9.298e-05,2025-10-07 18:00:00+00:00
1759863600,6.475e-05,2025-10-07 19:00:00+00:00
1759867200,4.212e-05,2025-10-07 20:00:00+00:00
1759870800,2.32e-05,2025-10-07 21:00:00+00:00
1759874400,1.305e-05,2025-10-07 22:00:00+00:00
1759878000,1.254e-05,2025-10-07 23:00:00+00:00
1759881600,1.77e-05,2025-10-08 00:00:00+00:00
1759885200,9.97e-06,2025-10-08 01:00:00+00:00
1759888800,7.38e-06,2025-10-08 02:00:00+00:00
1759892400,6.42e-06,2025-10-08 03:00:00+00:00
1759896000,2.614e-05,2025-10-08 04:00:00+00:00
1759899600,4.837e-05,2025-10-08 05:00:00+00:00
1759903200,6.481e-05,2025-10-08 06:00:00+00:00
1759906800,6.08e-05,2025-10-08 07:00:00+00:00
1759910400,4.192e-05,2025-10-08 08:00:00+00:00
1759914000,2.614e-05,2025-10-08 09:00:00+00:00
1759917600,1.088e-05,2025-10-08 10:00:00+00:00
1759921200,-6.5e-07,2025-10-08 11:00:00+00:00
1759924800,-4.22e-06,2025-10-08 12:00:00+00:00
1759928400,-1.36e-06,2025-10-08 13:00:00+00:00
1759932000,3.47e-06,2025-10-08 14:00:00+00:00
1759935600,1.261e-05,2025-10-08 15:00:00+00:00
1759939200,4.186e-05,2025-10-08 16:00:00+00:00
1759942800,7.507e-05,2025-10-08 17:00:00+00:00
1759946400,9.962e-05,2025-10-08 18:00:00+00:00
1759950000,8.91e-05,2025-10-08 19:00:00+00:00
1759953600,6.972e-05,2025-10-08 20:00:00+00:00
1759957200,6.428e-05,2025-10-08 21:00:00+00:00
1759960800,5.255e-05,2025-10-08 22:00:00+00:00
1759964400,3.675e-05,2025-10-08 23:00:00+00:00
1759968000,2.289e-05,2025-10-09 00:00:00+00:00
1759971600,1.45e-05,2025-10-09 01:00:00+00:00
1759975200,1.898e-05,2025-10-09 02:00:00+00:00
1759978800,2.129e-05,2025-10-09 03:00:00+00:00
1759982400,2.237e-05,2025-10-09 04:00:00+00:00
1759986000,2.418e-05,2025-10-09 05:00:00+00:00
1759989600,1.096e-05,2025-10-09 06:00:00+00:00
1759993200,-1.97e-06,2025-10-09 07:00:00+00:00
1759996800,-2.28e-05,2025-10-09 08:00:00+00:00
1760000400,-1.73e-05,2025-10-09 09:00:00+00:00
1760004000,-3.1e-06,2025-10-09 10:00:00+00:00
1760007600,-4.77e-06,2025-10-09 11:00:00+00:00
1760011200,3.12e-06,2025-10-09 12:00:00+00:00
1760014800,2.11e-05,2025-10-09 13:00:00+00:00
1760018400,4.305e-05,2025-10-09 14:00:00+00:00
1760022000,5.725e-05,2025-10-09 15:00:00+00:00
1760025600,6.735e-05,2025-10-09 16:00:00+00:00
1760029200,8.164e-05,2025-10-09 17:00:00+00:00
1760032800,8.723e-05,2025-10-09 18:00:00+00:00
1760036400,8.397e-05,2025-10-09 19:00:00+00:00
1760040000,7.345e-05,2025-10-09 20:00:00+00:00
1760043600,5.635e-05,2025-10-09 21:00:00+00:00
1760047200,3.382e-05,2025-10-09 22:00:00+00:00
1760050800,2.595e-05,2025-10-09 23:00:00+00:00
1760054400,2.341e-05,2025-10-10 00:00:00+00:00
1760058000,1.96e-05,2025-10-10 01:00:00+00:00
1760061600,3.352e-05,2025-10-10 02:00:00+00:00
1760065200,4.416e-05,2025-10-10 03:00:00+00:00
1760068800,4.453e-05,2025-10-10 04:00:00+00:00
1760072400,5.277e-05,2025-10-10 05:00:00+00:00
1760076000,4.64e-05,2025-10-10 06:00:00+00:00
1760079600,2.604e-05,2025-10-10 07:00:00+00:00
1760083200,2.192e-05,2025-10-10 08:00:00+00:00
1760086800,4.36e-06,2025-10-10 09:00:00+00:00
1760090400,3.65e-06,2025-10-10 10:00:00+00:00
1760094000,4.28e-06,2025-10-10 11:00:00+00:00
1760097600,2.47e-06,2025-10-10 12:00:00+00:00
1760101200,-1.272e-05,2025-10-10 13:00:00+00:00
1760104800,-3.03e-06,2025-10-10 14:00:00+00:00
1760108400,-5.041e-05,2025-10-10 15:00:00+00:00
1760112000,-8.353e-05,2025-10-10 16:00:00+00:00
1760115600,-9.297e-05,2025-10-10 17:00:00+00:00
1760119200,-8.984e-05,2025-10-10 18:00:00+00:00
1760122800,-9.155e-05,2025-10-10 19:00:00+00:00
1760126400,-0.00014371,2025-10-10 20:00:00+00:00
1760130000,0.0001,2025-10-10 21:00:00+00:00
1760140800,6.481e-05,2025-10-11 00:00:00+00:00
1760144400,8.79e-06,2025-10-11 01:00:00+00:00
1760148000,-2.072e-05,2025-10-11 02:00:00+00:00
1760151600,-6.661e-05,2025-10-11 03:00:00+00:00
1760155200,-0.00011841,2025-10-11 04:00:00+00:00
1760158800,-0.00016326,2025-10-11 05:00:00+00:00
1760162400,-0.00015636,2025-10-11 06:00:00+00:00
1760166000,-0.00013053,2025-10-11 07:00:00+00:00
1760169600,-0.00010543,2025-10-11 08:00:00+00:00
1760173200,-9.017e-05,2025-10-11 09:00:00+00:00
1760176800,-6.136e-05,2025-10-11 10:00:00+00:00
1760180400,-2.77e-05,2025-10-11 11:00:00+00:00
1760184000,-9e-08,2025-10-11 12:00:00+00:00
1760187600,6.54e-06,2025-10-11 13:00:00+00:00
1760191200,-5.63e-06,2025-10-11 14:00:00+00:00
1760194800,-5.6e-07,2025-10-11 15:00:00+00:00
1760198400,-1.857e-05,2025-10-11 16:00:00+00:00
1760202000,-3.234e-05,2025-10-11 17:00:00+00:00
1760205600,-6.108e-05,2025-10-11 18:00:00+00:00
1760209200,-9.766e-05,2025-10-11 19:00:00+00:00
1760212800,-0.0001029,2025-10-11 20:00:00+00:00
1760216400,-8.82e-05,2025-10-11 21:00:00+00:00
1760220000,-8.375e-05,2025-10-11 22:00:00+00:00
1760223600,-6.987e-05,2025-10-11 23:00:00+00:00
1760227200,-3.493e-05,2025-10-12 00:00:00+00:00
1760230800,-1.934e-05,2025-10-12 01:00:00+00:00
1760234400,3.76e-06,2025-10-12 02:00:00+00:00
1760238000,3.582e-05,2025-10-12 03:00:00+00:00
1760241600,4.74e-05,2025-10-12 04:00:00+00:00
1760245200,4.914e-05,2025-10-12 05:00:00+00:00
1760248800,3.421e-05,2025-10-12 06:00:00+00:00
1760252400,9.55e-06,2025-10-12 07:00:00+00:00
1760256000,-2.215e-05,2025-10-12 08:00:00+00:00
1760259600,-3.927e-05,2025-10-12 09:00:00+00:00
1760263200,-7.691e-05,2025-10-12 10:00:00+00:00
1760266800,-9.974e-05,2025-10-12 11:00:00+00:00
1760270400,-0.00011011,2025-10-12 12:00:00+00:00
1760274000,-0.00011145,2025-10-12 13:00:00+00:00
1760277600,-5.613e-05,2025-10-12 14:00:00+00:00
1760281200,-4.545e-05,2025-10-12 15:00:00+00:00
1760284800,-4.394e-05,2025-10-12 16:00:00+00:00
1760288400,-6.659e-05,2025-10-12 17:00:00+00:00
1760292000,-8.097e-05,2025-10-12 18:00:00+00:00
1760295600,-8.394e-05,2025-10-12 19:00:00+00:00
1760299200,-7.087e-05,2025-10-12 20:00:00+00:00
1760302800,-5.384e-05,2025-10-12 21:00:00+00:00
1760306400,-4.547e-05,2025-10-12 22:00:00+00:00
1760310000,-2.566e-05,2025-10-12 23:00:00+00:00
1760313600,-4.018e-05,2025-10-13 00:00:00+00:00
1760317200,-4.444e-05,2025-10-13 01:00:00+00:00
1760320800,-4.165e-05,2025-10-13 02:00:00+00:00
1760324400,-2.296e-05,2025-10-13 03:00:00+00:00
1760328000,3.25e-06,2025-10-13 04:00:00+00:00
1760331600,1.899e-05,2025-10-13 05:00:00+00:00
1760335200,4.089e-05,2025-10-13 06:00:00+00:00
1760338800,5.298e-05,2025-10-13 07:00:00+00:00
1760342400,5.702e-05,2025-10-13 08:00:00+00:00
1760346000,4.736e-05,2025-10-13 09:00:00+00:00
1760349600,3.25e-05,2025-10-13 10:00:00+00:00
1760353200,2.881e-05,2025-10-13 11:00:00+00:00
1760356800,3.562e-05,2025-10-13 12:00:00+00:00
1760360400,5.333e-05,2025-10-13 13:00:00+00:00
1760364000,4.417e-05,2025-10-13 14:00:00+00:00
1760367600,5.238e-05,2025-10-13 15:00:00+00:00
1760371200,5.033e-05,2025-10-13 16:00:00+00:00
1760374800,5.84e-05,2025-10-13 17:00:00+00:00
1760378400,5.038e-05,2025-10-13 18:00:00+00:00
1760382000,4.693e-05,2025-10-13 19:00:00+00:00
1760385600,4.592e-05,2025-10-13 20:00:00+00:00
1760389200,5.175e-05,2025-10-13 21:00:00+00:00
1760392800,5.099e-05,2025-10-13 22:00:00+00:00
1760396400,5.557e-05,2025-10-13 23:00:00+00:00
1760400000,5.903e-05,2025-10-14 00:00:00+00:00
1760403600,6.888e-05,2025-10-14 01:00:00+00:00
1760407200,8.399e-05,2025-10-14 02:00:00+00:00
1760410800,6.353e-05,2025-10-14 03:00:00+00:00
1760414400,3.95e-05,2025-10-14 04:00:00+00:00
1760418000,1.875e-05,2025-10-14 05:00:00+00:00
1760421600,1.966e-05,2025-10-14 06:00:00+00:00
1760425200,2.82e-06,2025-10-14 07:00:00+00:00
1760428800,8.21e-06,2025-10-14 08:00:00+00:00
1760432400,8.97e-06,2025-10-14 09:00:00+00:00
1760436000,2.668e-05,2025-10-14 10:00:00+00:00
1760439600,3.367e-05,2025-10-14 11:00:00+00:00
1760443200,3.796e-05,2025-10-14 12:00:00+00:00
1760446800,4.119e-05,2025-10-14 13:00:00+00:00
1760450400,2.945e-05,2025-10-14 14:00:00+00:00
1760454000,2.688e-05,2025-10-14 15:00:00+00:00
1760457600,1.912e-05,2025-10-14 16:00:00+00:00
1760461200,3.86e-06,2025-10-14 17:00:00+00:00
1760464800,1.219e-05,2025-10-14 18:00:00+00:00
1760468400,1.041e-05,2025-10-14 19:00:00+00:00
1760472000,3e-06,2025-10-14 20:00:00+00:00
1760475600,7.19e-06,2025-10-14 21:00:00+00:00
1760479200,8.68e-06,2025-10-14 22:00:00+00:00
1760482800,1.392e-05,2025-10-14 23:00:00+00:00
1760486400,2.681e-05,2025-10-15 00:00:00+00:00
1760490000,3.451e-05,2025-10-15 01:00:00+00:00
1760493600,4.733e-05,2025-10-15 02:00:00+00:00
1760497200,5.804e-05,2025-10-15 03:00:00+00:00
1760500800,7.106e-05,2025-10-15 04:00:00+00:00
1760504400,7.473e-05,2025-10-15 05:00:00+00:00
1760508000,5.808e-05,2025-10-15 06:00:00+00:00
1760511600,4.269e-05,2025-10-15 07:00:00+00:00
1760515200,4.06e-05,2025-10-15 08:00:00+00:00
1760518800,4.662e-05,2025-10-15 09:00:00+00:00
1760522400,4.343e-05,2025-10-15 10:00:00+00:00
1760526000,3.698e-05,2025-10-15 11:00:00+00:00
1760529600,4.307e-05,2025-10-15 12:00:00+00:00
1760533200,3.759e-05,2025-10-15 13:00:00+00:00
1760536800,2.453e-05,2025-10-15 14:00:00+00:00
1760540400,2.473e-05,2025-10-15 15:00:00+00:00
1760544000,1.507e-05,2025-10-15 16:00:00+00:00
1760547600,1.413e-05,2025-10-15 17:00:00+00:00
1760551200,5.18e-06,2025-10-15 18:00:00+00:00
1760554800,-3.52e-06,2025-10-15 19:00:00+00:00
1760558400,1.81e-06,2025-10-15 20:00:00+00:00
1760562000,8e-06,2025-10-15 21:00:00+00:00
1760565600,-1.24e-06,2025-10-15 22:00:00+00:00
1760569200,-4.91e-06,2025-10-15 23:00:00+00:00
1760572800,1.97e-06,2025-10-16 00:00:00+00:00
1760576400,5.02e-06,2025-10-16 01:00:00+00:00
1760580000,-1.395e-05,2025-10-16 02:00:00+00:00
1760583600,-2.713e-05,2025-10-16 03:00:00+00:00
1760587200,-1.804e-05,2025-10-16 04:00:00+00:00
1760590800,-9.31e-06,2025-10-16 05:00:00+00:00
1760594400,5.89e-06,2025-10-16 06:00:00+00:00
1760598000,7.22e-06,2025-10-16 07:00:00+00:00
1760601600,9.76e-06,2025-10-16 08:00:00+00:00
1760605200,8.94e-06,2025-10-16 09:00:00+00:00
1760608800,2.552e-05,2025-10-16 10:00:00+00:00
1760612400,4.803e-05,2025-10-16 11:00:00+00:00
1760616000,6.18e-05,2025-10-16 12:00:00+00:00
1760619600,5.621e-05,2025-10-16 13:00:00+00:00
1760623200,3.598e-05,2025-10-16 14:00:00+00:00
1760626800,6.98e-06,2025-10-16 15:00:00+00:00
1760630400,2.1e-06,2025-10-16 16:00:00+00:00
1760634000,-3.61e-06,2025-10-16 17:00:00+00:00
1760637600,1.478e-05,2025-10-16 18:00:00+00:00
1760641200,4.399e-05,2025-10-16 19:00:00+00:00
1760644800,6.436e-05,2025-10-16 20:00:00+00:00
1760648400,6.372e-05,2025-10-16 21:00:00+00:00
1760652000,5.012e-05,2025-10-16 22:00:00+00:00
1760655600,3.415e-05,2025-10-16 23:00:00+00:00
1760659200,4.84e-06,2025-10-17 00:00:00+00:00
1760662800,-1.201e-05,2025-10-17 01:00:00+00:00
1760666400,-4.61e-06,2025-10-17 02:00:00+00:00
1760670000,1.341e-05,2025-10-17 03:00:00+00:00
1760673600,2.794e-05,2025-10-17 04:00:00+00:00
1760677200,3.48e-05,2025-10-17 05:00:00+00:00
1760680800,4.852e-05,2025-10-17 06:00:00+00:00
1760684400,5.605e-05,2025-10-17 07:00:00+00:00
1760688000,6.871e-05,2025-10-17 08:00:00+00:00
1760691600,5.657e-05,2025-10-17 09:00:00+00:00
1760695200,5.415e-05,2025-10-17 10:00:00+00:00
1760698800,4.336e-05,2025-10-17 11:00:00+00:00
1760702400,2.181e-05,2025-10-17 12:00:00+00:00
1760706000,9.9e-06,2025-10-17 13:00:00+00:00
1760709600,5.73e-06,2025-10-17 14:00:00+00:00
1760713200,2.847e-05,2025-10-17 15:00:00+00:00
1760716800,3.35e-05,2025-10-17 16:00:00+00:00
1760720400,4.553e-05,2025-10-17 17:00:00+00:00
1760724000,3.791e-05,2025-10-17 18:00:00+00:00
1760727600,3.801e-05,2025-10-17 19:00:00+00:00
1760731200,3.264e-05,2025-10-17 20:00:00+00:00
1760734800,2.612e-05,2025-10-17 21:00:00+00:00
1760738400,1.541e-05,2025-10-17 22:00:00+00:00
1760742000,1.423e-05,2025-10-17 23:00:00+00:00
1760745600,1.457e-05,2025-10-18 00:00:00+00:00
1760749200,1.176e-05,2025-10-18 01:00:00+00:00
1760752800,6.54e-06,2025-10-18 02:00:00+00:00
1760756400,2.307e-05,2025-10-18 03:00:00+00:00
1760760000,1.628e-05,2025-10-18 04:00:00+00:00
1760763600,2.006e-05,2025-10-18 05:00:00+00:00
1760767200,2.756e-05,2025-10-18 06:00:00+00:00
1760770800,1.593e-05,2025-10-18 07:00:00+00:00
1760774400,-2e-06,2025-10-18 08:00:00+00:00
1760778000,-6.41e-06,2025-10-18 09:00:00+00:00
1760781600,4.42e-06,2025-10-18 10:00:00+00:00
1760785200,2.988e-05,2025-10-18 11:00:00+00:00
1760788800,3.559e-05,2025-10-18 12:00:00+00:00
1760792400,3.618e-05,2025-10-18 13:00:00+00:00
1760796000,5.72e-05,2025-10-18 14:00:00+00:00
1760799600,6.086e-05,2025-10-18 15:00:00+00:00
1760803200,7.16e-05,2025-10-18 16:00:00+00:00
1760806800,8.776e-05,2025-10-18 17:00:00+00:00
1760810400,9.54e-05,2025-10-18 18:00:00+00:00
1760814000,9.684e-05,2025-10-18 19:00:00+00:00
1760817600,9.856e-05,2025-10-18 20:00:00+00:00
1760821200,9.175e-05,2025-10-18 21:00:00+00:00
1760824800,8.794e-05,2025-10-18 22:00:00+00:00
1760828400,6.239e-05,2025-10-18 23:00:00+00:00
1760832000,3.475e-05,2025-10-19 00:00:00+00:00
1760835600,4.11e-05,2025-10-19 01:00:00+00:00
1760839200,4.95e-05,2025-10-19 02:00:00+00:00
1760842800,6.228e-05,2025-10-19 03:00:00+00:00
1760846400,6.09e-05,2025-10-19 04:00:00+00:00
1760850000,4.757e-05,2025-10-19 05:00:00+00:00
1760853600,3.062e-05,2025-10-19 06:00:00+00:00
1760857200,2.08e-05,2025-10-19 07:00:00+00:00
1760860800,1.43e-05,2025-10-19 08:00:00+00:00
1760864400,2.657e-05,2025-10-19 09:00:00+00:00
1760868000,4.311e-05,2025-10-19 10:00:00+00:00
1760871600,3.49e-05,2025-10-19 11:00:00+00:00
1760875200,3.681e-05,2025-10-19 12:00:00+00:00
1760878800,3.569e-05,2025-10-19 13:00:00+00:00
1760882400,2.947e-05,2025-10-19 14:00:00+00:00
1760886000,3.459e-05,2025-10-19 15:00:00+00:00
1760889600,4.582e-05,2025-10-19 16:00:00+00:00
1760893200,3.314e-05,2025-10-19 17:00:00+00:00
1760896800,1.132e-05,2025-10-19 18:00:00+00:00
1760900400,2.127e-05,2025-10-19 19:00:00+00:00
1760904000,3.531e-05,2025-10-19 20:00:00+00:00
1760907600,4.108e-05,2025-10-19 21:00:00+00:00
1760911200,4.159e-05,2025-10-19 22:00:00+00:00
1760914800,2.491e-05,2025-10-19 23:00:00+00:00
1760918400,4.003e-05,2025-10-20 00:00:00+00:00
1760922000,3.522e-05,2025-10-20 01:00:00+00:00
1760925600,3.321e-05,2025-10-20 02:00:00+00:00
1760929200,4.441e-05,2025-10-20 03:00:00+00:00
1760932800,6.274e-05,2025-10-20 04:00:00+00:00
1760936400,5.006e-05,2025-10-20 05:00:00+00:00
1760940000,3.942e-05,2025-10-20 06:00:00+00:00
1760943600,5.335e-05,2025-10-20 07:00:00+00:00
1760947200,5.983e-05,2025-10-20 08:00:00+00:00
1760950800,7.081e-05,2025-10-20 09:00:00+00:00
1760954400,4.98e-05,2025-10-20 10:00:00+00:00
1760958000,4.063e-05,2025-10-20 11:00:00+00:00
1760961600,3.191e-05,2025-10-20 12:00:00+00:00
1760965200,3.664e-05,2025-10-20 13:00:00+00:00
1760968800,4.628e-05,2025-10-20 14:00:00+00:00
1760972400,5.968e-05,2025-10-20 15:00:00+00:00
1760976000,6.875e-05,2025-10-20 16:00:00+00:00
1760979600,7.05e-05,2025-10-20 17:00:00+00:00
1760983200,6.165e-05,2025-10-20 18:00:00+00:00
1760986800,4.444e-05,2025-10-20 19:00:00+00:00
1760990400,3.576e-05,2025-10-20 20:00:00+00:00
1760994000,3.021e-05,2025-10-20 21:00:00+00:00
1760997600,3.456e-05,2025-10-20 22:00:00+00:00
1761001200,3.544e-05,2025-10-20 23:00:00+00:00
1761004800,4.08e-05,2025-10-21 00:00:00+00:00
1761008400,4.398e-05,2025-10-21 01:00:00+00:00
1761012000,5.345e-05,2025-10-21 02:00:00+00:00
1761015600,4.913e-05,2025-10-21 03:00:00+00:00
1761019200,3.863e-05,2025-10-21 04:00:00+00:00
1761022800,2.544e-05,2025-10-21 05:00:00+00:00
1761026400,1.272e-05,2025-10-21 06:00:00+00:00
1761030000,1.28e-06,2025-10-21 07:00:00+00:00
1761033600,-4.25e-06,2025-10-21 08:00:00+00:00
1761037200,6.77e-06,2025-10-21 09:00:00+00:00
1761040800,1.834e-05,2025-10-21 10:00:00+00:00
1761044400,1.778e-05,2025-10-21 11:00:00+00:00
1761048000,1.711e-05,2025-10-21 12:00:00+00:00
1761051600,2.634e-05,2025-10-21 13:00:00+00:00
1761055200,6.252e-05,2025-10-21 14:00:00+00:00
1761058800,7.666e-05,2025-10-21 15:00:00+00:00
1761062400,6.866e-05,2025-10-21 16:00:00+00:00
1761066000,7.445e-05,2025-10-21 17:00:00+00:00
1761069600,7.565e-05,2025-10-21 18:00:00+00:00
1761073200,5.818e-05,2025-10-21 19:00:00+00:00
1761076800,4.025e-05,2025-10-21 20:00:00+00:00
1761080400,1.138e-05,2025-10-21 21:00:00+00:00
1761084000,-9.06e-06,2025-10-21 22:00:00+00:00
1761087600,-2.491e-05,2025-10-21 23:00:00+00:00
1761091200,-3.739e-05,2025-10-22 00:00:00+00:00
1761094800,-5.086e-05,2025-10-22 01:00:00+00:00
1761098400,-6.018e-05,2025-10-22 02:00:00+00:00
1761102000,-6.074e-05,2025-10-22 03:00:00+00:00
1761105600,-5.379e-05,2025-10-22 04:00:00+00:00
1761109200,-3.072e-05,2025-10-22 05:00:00+00:00
1761112800,-4.73e-06,2025-10-22 06:00:00+00:00
1761116400,2.154e-05,2025-10-22 07:00:00+00:00
1761120000,3.606e-05,2025-10-22 08:00:00+00:00
1761123600,4.192e-05,2025-10-22 09:00:00+00:00
1761127200,4.14e-05,2025-10-22 10:00:00+00:00
1761130800,3.355e-05,2025-10-22 11:00:00+00:00
1761134400,8.43e-06,2025-10-22 12:00:00+00:00
1761138000,2.8e-07,2025-10-22 13:00:00+00:00
1761141600,1.483e-05,2025-10-22 14:00:00+00:00
1761145200,2.392e-05,2025-10-22 15:00:00+00:00
1761148800,6.31e-06,2025-10-22 16:00:00+00:00
1761152400,5.43e-06,2025-10-22 17:00:00+00:00
1761156000,2.056e-05,2025-10-22 18:00:00+00:00
1761159600,3.707e-05,2025-10-22 19:00:00+00:00
1761163200,4.785e-05,2025-10-22 20:00:00+00:00
1761166800,3.849e-05,2025-10-22 21:00:00+00:00
1761170400,8.77e-06,2025-10-22 22:00:00+00:00
1761174000,5.46e-06,2025-10-22 23:00:00+00:00
1761177600,1.848e-05,2025-10-23 00:00:00+00:00
1761181200,2.581e-05,2025-10-23 01:00:00+00:00
1761184800,1.905e-05,2025-10-23 02:00:00+00:00
1761188400,1.387e-05,2025-10-23 03:00:00+00:00
1761192000,1.184e-05,2025-10-23 04:00:00+00:00
1761195600,9.38e-06,2025-10-23 05:00:00+00:00
1761199200,2.024e-05,2025-10-23 06:00:00+00:00
1761202800,4.105e-05,2025-10-23 07:00:00+00:00
1761206400,5.599e-05,2025-10-23 08:00:00+00:00
1761210000,6.489e-05,2025-10-23 09:00:00+00:00
1761213600,5.203e-05,2025-10-23 10:00:00+00:00
1761217200,4.878e-05,2025-10-23 11:00:00+00:00
1761220800,4.86e-05,2025-10-23 12:00:00+00:00
1761224400,5.774e-05,2025-10-23 13:00:00+00:00
1761228000,6.949e-05,2025-10-23 14:00:00+00:00
1761231600,5.277e-05,2025-10-23 15:00:00+00:00
1761235200,4.3e-05,2025-10-23 16:00:00+00:00
1761238800,1.224e-05,2025-10-23 17:00:00+00:00
1761242400,-5.45e-06,2025-10-23 18:00:00+00:00
1761246000,-8.9e-07,2025-10-23 19:00:00+00:00
1761249600,1.007e-05,2025-10-23 20:00:00+00:00
1761253200,7.58e-06,2025-10-23 21:00:00+00:00
1761256800,6.3e-07,2025-10-23 22:00:00+00:00
1761260400,8.26e-06,2025-10-23 23:00:00+00:00
1761264000,1.263e-05,2025-10-24 00:00:00+00:00
1761267600,1.047e-05,2025-10-24 01:00:00+00:00
1761271200,8.69e-06,2025-10-24 02:00:00+00:00
1761274800,1.344e-05,2025-10-24 03:00:00+00:00
1761278400,4.168e-05,2025-10-24 04:00:00+00:00
1761282000,7.629e-05,2025-10-24 05:00:00+00:00
1761285600,9.096e-05,2025-10-24 06:00:00+00:00
1761289200,9.401e-05,2025-10-24 07:00:00+00:00
1761292800,9.664e-05,2025-10-24 08:00:00+00:00
1761296400,8.262e-05,2025-10-24 09:00:00+00:00
1761300000,7.959e-05,2025-10-24 10:00:00+00:00
1761303600,7.342e-05,2025-10-24 11:00:00+00:00
1761307200,6.752e-05,2025-10-24 12:00:00+00:00
1761310800,4.919e-05,2025-10-24 13:00:00+00:00
1761314400,3.449e-05,2025-10-24 14:00:00+00:00
1761318000,3.012e-05,2025-10-24 15:00:00+00:00
1761321600,2.494e-05,2025-10-24 16:00:00+00:00
1761325200,2.359e-05,2025-10-24 17:00:00+00:00
1761328800,1.34e-05,2025-10-24 18:00:00+00:00
1761332400,5.97e-06,2025-10-24 19:00:00+00:00
1761336000,4.62e-06,2025-10-24 20:00:00+00:00
1761339600,7.85e-06,2025-10-24 21:00:00+00:00
1761343200,7.38e-06,2025-10-24 22:00:00+00:00
1761346800,1.282e-05,2025-10-24 23:00:00+00:00
1761350400,1.996e-05,2025-10-25 00:00:00+00:00
1761354000,3.621e-05,2025-10-25 01:00:00+00:00
1761357600,3.708e-05,2025-10-25 02:00:00+00:00
1761361200,3.264e-05,2025-10-25 03:00:00+00:00
1761364800,3.211e-05,2025-10-25 04:00:00+00:00
1761368400,2.349e-05,2025-10-25 05:00:00+00:00
1761372000,1.709e-05,2025-10-25 06:00:00+00:00
1761375600,1.517e-05,2025-10-25 07:00:00+00:00
1761379200,2.691e-05,2025-10-25 08:00:00+00:00
1761382800,3.558e-05,2025-10-25 09:00:00+00:00
1761386400,4.161e-05,2025-10-25 10:00:00+00:00
1761390000,4.981e-05,2025-10-25 11:00:00+00:00
1761393600,5.869e-05,2025-10-25 12:00:00+00:00
1761397200,5.593e-05,2025-10-25 13:00:00+00:00
1761400800,5.347e-05,2025-10-25 14:00:00+00:00
1761404400,6.394e-05,2025-10-25 15:00:00+00:00
1761408000,8.028e-05,2025-10-25 16:00:00+00:00
1761411600,9.853e-05,2025-10-25 17:00:00+00:00
1761415200,0.0001,2025-10-25 18:00:00+00:00
1761436800,9.692e-05,2025-10-26 00:00:00+00:00
1761440400,7.215e-05,2025-10-26 01:00:00+00:00
1761444000,5.417e-05,2025-10-26 02:00:00+00:00
1761447600,3.547e-05,2025-10-26 03:00:00+00:00
1761451200,2.263e-05,2025-10-26 04:00:00+00:00
1761454800,1.785e-05,2025-10-26 05:00:00+00:00
1761458400,2.074e-05,2025-10-26 06:00:00+00:00
1761462000,2.079e-05,2025-10-26 07:00:00+00:00
1761465600,3.116e-05,2025-10-26 08:00:00+00:00
1761469200,5.586e-05,2025-10-26 09:00:00+00:00
1761472800,5.873e-05,2025-10-26 10:00:00+00:00
1761476400,6.503e-05,2025-10-26 11:00:00+00:00
1761480000,6.096e-05,2025-10-26 12:00:00+00:00
1761483600,7.153e-05,2025-10-26 13:00:00+00:00
1761487200,9.677e-05,2025-10-26 14:00:00+00:00
1761490800,0.0001,2025-10-26 15:00:00+00:00
1761494400,0.0001,2025-10-26 16:00:00+00:00
1761523200,9.782e-05,2025-10-27 00:00:00+00:00
1761526800,7.669e-05,2025-10-27 01:00:00+00:00
1761530400,7.584e-05,2025-10-27 02:00:00+00:00
1761534000,7.762e-05,2025-10-27 03:00:00+00:00
1761537600,9.329e-05,2025-10-27 04:00:00+00:00
1761541200,0.0001,2025-10-27 05:00:00+00:00
1761552000,0.0001,2025-10-27 08:00:00+00:00
1761573600,8.371e-05,2025-10-27 14:00:00+00:00
1761577200,7.848e-05,2025-10-27 15:00:00+00:00
1761580800,5.637e-05,2025-10-27 16:00:00+00:00
1761584400,4.175e-05,2025-10-27 17:00:00+00:00
1761588000,3.102e-05,2025-10-27 18:00:00+00:00
1761591600,3.736e-05,2025-10-27 19:00:00+00:00
1761595200,4.664e-05,2025-10-27 20:00:00+00:00
1761598800,4.894e-05,2025-10-27 21:00:00+00:00
1761602400,3.65e-05,2025-10-27 22:00:00+00:00
1761606000,3.949e-05,2025-10-27 23:00:00+00:00
1761609600,4.193e-05,2025-10-28 00:00:00+00:00
1761613200,5.264e-05,2025-10-28 01:00:00+00:00
1761616800,4.367e-05,2025-10-28 02:00:00+00:00
1761620400,4.902e-05,2025-10-28 03:00:00+00:00
1761624000,4.988e-05,2025-10-28 04:00:00+00:00
1761627600,4.433e-05,2025-10-28 05:00:00+00:00
1761631200,4.924e-05,2025-10-28 06:00:00+00:00
1761634800,4.642e-05,2025-10-28 07:00:00+00:00
1761638400,4.718e-05,2025-10-28 08:00:00+00:00
1761642000,4.813e-05,2025-10-28 09:00:00+00:00
1761645600,3.605e-05,2025-10-28 10:00:00+00:00
1761649200,2.163e-05,2025-10-28 11:00:00+00:00
1761652800,1.487e-05,2025-10-28 12:00:00+00:00
1761656400,1.345e-05,2025-10-28 13:00:00+00:00
1761660000,1.155e-05,2025-10-28 14:00:00+00:00
1761663600,1.754e-05,2025-10-28 15:00:00+00:00
1761667200,3.176e-05,2025-10-28 16:00:00+00:00
1761670800,4.768e-05,2025-10-28 17:00:00+00:00
1761674400,6.012e-05,2025-10-28 18:00:00+00:00
1761678000,4.974e-05,2025-10-28 19:00:00+00:00
1761681600,2.187e-05,2025-10-28 20:00:00+00:00
1761685200,-1.314e-05,2025-10-28 21:00:00+00:00
1761688800,-4.039e-05,2025-10-28 22:00:00+00:00
1761692400,-5.131e-05,2025-10-28 23:00:00+00:00
1761696000,-5.338e-05,2025-10-29 00:00:00+00:00
1761699600,-5.012e-05,2025-10-29 01:00:00+00:00
1761703200,-4.006e-05,2025-10-29 02:00:00+00:00
1761706800,-1.572e-05,2025-10-29 03:00:00+00:00
1761710400,-8.1e-06,2025-10-29 04:00:00+00:00
1761714000,-1.369e-05,2025-10-29 05:00:00+00:00
1761717600,-7.22e-06,2025-10-29 06:00:00+00:00
1761721200,-9.75e-06,2025-10-29 07:00:00+00:00
1761724800,-1.833e-05,2025-10-29 08:00:00+00:00
1761728400,-7.22e-06,2025-10-29 09:00:00+00:00
1761732000,-3.58e-06,2025-10-29 10:00:00+00:00
1761735600,-2.26e-06,2025-10-29 11:00:00+00:00
1761739200,-1.81e-06,2025-10-29 12:00:00+00:00
1761742800,8.63e-06,2025-10-29 13:00:00+00:00
1761746400,2.426e-05,2025-10-29 14:00:00+00:00
1761750000,3.872e-05,2025-10-29 15:00:00+00:00
1761753600,5.54e-05,2025-10-29 16:00:00+00:00
1761757200,6.238e-05,2025-10-29 17:00:00+00:00
1761760800,3.407e-05,2025-10-29 18:00:00+00:00
1761764400,9.23e-06,2025-10-29 19:00:00+00:00
1761768000,-4.42e-06,2025-10-29 20:00:00+00:00
1761771600,-1.123e-05,2025-10-29 21:00:00+00:00
1761775200,-2.308e-05,2025-10-29 22:00:00+00:00
1761778800,-3.319e-05,2025-10-29 23:00:00+00:00
1761782400,-5.178e-05,2025-10-30 00:00:00+00:00
1761786000,-4.749e-05,2025-10-30 01:00:00+00:00
1761789600,-4.303e-05,2025-10-30 02:00:00+00:00
1761793200,-4.068e-05,2025-10-30 03:00:00+00:00
1761796800,-5.191e-05,2025-10-30 04:00:00+00:00
1761800400,-4.105e-05,2025-10-30 05:00:00+00:00
1761804000,-2.243e-05,2025-10-30 06:00:00+00:00
1761807600,-2.243e-05,2025-10-30 07:00:00+00:00
1761811200,-1.155e-05,2025-10-30 08:00:00+00:00
1761814800,6.43e-06,2025-10-30 09:00:00+00:00
1761818400,2.475e-05,2025-10-30 10:00:00+00:00
1761822000,4.404e-05,2025-10-30 11:00:00+00:00
1761825600,3.845e-05,2025-10-30 12:00:00+00:00
1761829200,-1.65e-06,2025-10-30 13:00:00+00:00
1761832800,-4.085e-05,2025-10-30 14:00:00+00:00
1761836400,-6.33e-05,2025-10-30 15:00:00+00:00
1761840000,-7.168e-05,2025-10-30 16:00:00+00:00
1761843600,-4.922e-05,2025-10-30 17:00:00+00:00
1761847200,-1.496e-05,2025-10-30 18:00:00+00:00
1761850800,2.277e-05,2025-10-30 19:00:00+00:00
1761854400,5.933e-05,2025-10-30 20:00:00+00:00
1761858000,5.222e-05,2025-10-30 21:00:00+00:00
1761861600,4.447e-05,2025-10-30 22:00:00+00:00
1761865200,3.267e-05,2025-10-30 23:00:00+00:00
1761868800,2.201e-05,2025-10-31 00:00:00+00:00
1761872400,1.917e-05,2025-10-31 01:00:00+00:00
1761876000,2.497e-05,2025-10-31 02:00:00+00:00
1761879600,3.754e-05,2025-10-31 03:00:00+00:00
1761883200,6.844e-05,2025-10-31 04:00:00+00:00
1761886800,8.369e-05,2025-10-31 05:00:00+00:00
1761890400,9.339e-05,2025-10-31 06:00:00+00:00
1761894000,7.791e-05,2025-10-31 07:00:00+00:00
1761897600,8.028e-05,2025-10-31 08:00:00+00:00
1761901200,8.826e-05,2025-10-31 09:00:00+00:00
1761904800,9.613e-05,2025-10-31 10:00:00+00:00
1761908400,0.0001,2025-10-31 11:00:00+00:00
1761912000,9.906e-05,2025-10-31 12:00:00+00:00
1761915600,8.497e-05,2025-10-31 13:00:00+00:00
1761919200,3.962e-05,2025-10-31 14:00:00+00:00
1761922800,-1.205e-05,2025-10-31 15:00:00+00:00
1761926400,-2.994e-05,2025-10-31 16:00:00+00:00
1761930000,-5.44e-06,2025-10-31 17:00:00+00:00
1761933600,2.377e-05,2025-10-31 18:00:00+00:00
1761937200,5.972e-05,2025-10-31 19:00:00+00:00
1761940800,7.661e-05,2025-10-31 20:00:00+00:00
1761944400,6.381e-05,2025-10-31 21:00:00+00:00
1761948000,5.719e-05,2025-10-31 22:00:00+00:00
1761951600,6.035e-05,2025-10-31 23:00:00+00:00
1761955200,6.886e-05,2025-11-01 00:00:00+00:00
1761958800,6.861e-05,2025-11-01 01:00:00+00:00
1761962400,5.602e-05,2025-11-01 02:00:00+00:00
1761966000,5.989e-05,2025-11-01 03:00:00+00:00
1761969600,6.134e-05,2025-11-01 04:00:00+00:00
1761973200,5.808e-05,2025-11-01 05:00:00+00:00
1761976800,7.136e-05,2025-11-01 06:00:00+00:00
1761980400,7.748e-05,2025-11-01 07:00:00+00:00
1761984000,8.404e-05,2025-11-01 08:00:00+00:00
1761987600,9.309e-05,2025-11-01 09:00:00+00:00
1761991200,0.0001,2025-11-01 10:00:00+00:00
1762012800,0.0001,2025-11-01 16:00:00+00:00
1762016400,8.319e-05,2025-11-01 17:00:00+00:00
1762020000,6.829e-05,2025-11-01 18:00:00+00:00
1762023600,6.295e-05,2025-11-01 19:00:00+00:00
1762027200,6.038e-05,2025-11-01 20:00:00+00:00
1762030800,5.622e-05,2025-11-01 21:00:00+00:00
1762034400,6.149e-05,2025-11-01 22:00:00+00:00
1762038000,6.688e-05,2025-11-01 23:00:00+00:00
1762041600,6.755e-05,2025-11-02 00:00:00+00:00
1762045200,7.945e-05,2025-11-02 01:00:00+00:00
1762048800,9.044e-05,2025-11-02 02:00:00+00:00
1762052400,9.888e-05,2025-11-02 03:00:00+00:00
1762056000,0.0001,2025-11-02 04:00:00+00:00
1762066800,9.288e-05,2025-11-02 07:00:00+00:00
1762070400,7.794e-05,2025-11-02 08:00:00+00:00
1762074000,6.895e-05,2025-11-02 09:00:00+00:00
1762077600,5.142e-05,2025-11-02 10:00:00+00:00
1762081200,3.08e-05,2025-11-02 11:00:00+00:00
1762084800,3.494e-05,2025-11-02 12:00:00+00:00
1762088400,2.575e-05,2025-11-02 13:00:00+00:00
1762092000,2.579e-05,2025-11-02 14:00:00+00:00
1762095600,3.269e-05,2025-11-02 15:00:00+00:00
1762099200,5.136e-05,2025-11-02 16:00:00+00:00
1762102800,6.17e-05,2025-11-02 17:00:00+00:00
1762106400,7.012e-05,2025-11-02 18:00:00+00:00
1762110000,7.418e-05,2025-11-02 19:00:00+00:00
1762113600,8.227e-05,2025-11-02 20:00:00+00:00
1762117200,8.731e-05,2025-11-02 21:00:00+00:00
1762120800,8.469e-05,2025-11-02 22:00:00+00:00
1762124400,8.969e-05,2025-11-02 23:00:00+00:00
1762128000,9.786e-05,2025-11-03 00:00:00+00:00
1762131600,9.095e-05,2025-11-03 01:00:00+00:00
1762135200,7.971e-05,2025-11-03 02:00:00+00:00
1762138800,5.31e-05,2025-11-03 03:00:00+00:00
1762142400,2.928e-05,2025-11-03 04:00:00+00:00
1762146000,1.72e-05,2025-11-03 05:00:00+00:00
1762149600,1.457e-05,2025-11-03 06:00:00+00:00
1762153200,2.393e-05,2025-11-03 07:00:00+00:00
1762156800,4.989e-05,2025-11-03 08:00:00+00:00
1762160400,6.638e-05,2025-11-03 09:00:00+00:00
1762164000,6.813e-05,2025-11-03 10:00:00+00:00
1762167600,6.71e-05,2025-11-03 11:00:00+00:00
1762171200,5.304e-05,2025-11-03 12:00:00+00:00
1762174800,4.566e-05,2025-11-03 13:00:00+00:00
1762178400,2.802e-05,2025-11-03 14:00:00+00:00
1762182000,5.31e-06,2025-11-03 15:00:00+00:00
1762185600,2.354e-05,2025-11-03 16:00:00+00:00
1762189200,2.444e-05,2025-11-03 17:00:00+00:00
1762192800,2.843e-05,2025-11-03 18:00:00+00:00
1762196400,4.515e-05,2025-11-03 19:00:00+00:00
1762200000,6.333e-05,2025-11-03 20:00:00+00:00
1762203600,7.684e-05,2025-11-03 21:00:00+00:00
1762207200,8.04e-05,2025-11-03 22:00:00+00:00
1762210800,7.896e-05,2025-11-03 23:00:00+00:00
1762214400,9.155e-05,2025-11-04 00:00:00+00:00
1762218000,9.844e-05,2025-11-04 01:00:00+00:00
1762221600,0.0001,2025-11-04 02:00:00+00:00
1762232400,8.489e-05,2025-11-04 05:00:00+00:00
1762236000,9.1e-05,2025-11-04 06:00:00+00:00
1762239600,9.009e-05,2025-11-04 07:00:00+00:00
1762243200,0.0001,2025-11-04 08:00:00+00:00
1762264800,8.408e-05,2025-11-04 14:00:00+00:00
1762268400,4.777e-05,2025-11-04 15:00:00+00:00
1762272000,2.555e-05,2025-11-04 16:00:00+00:00
1762275600,7.72e-06,2025-11-04 17:00:00+00:00
1762279200,-1.76e-05,2025-11-04 18:00:00+00:00
1762282800,-4.69e-05,2025-11-04 19:00:00+00:00
1762286400,-5.315e-05,2025-11-04 20:00:00+00:00
1762290000,-5.538e-05,2025-11-04 21:00:00+00:00
1762293600,-3.286e-05,2025-11-04 22:00:00+00:00
1762297200,1.147e-05,2025-11-04 23:00:00+00:00
1762300800,3.79e-06,2025-11-05 00:00:00+00:00
1762304400,1.389e-05,2025-11-05 01:00:00+00:00
1762308000,3.139e-05,2025-11-05 02:00:00+00:00
1762311600,3.681e-05,2025-11-05 03:00:00+00:00
1762315200,4.524e-05,2025-11-05 04:00:00+00:00
1762318800,3.508e-05,2025-11-05 05:00:00+00:00
1762322400,2.08e-05,2025-11-05 06:00:00+00:00
1762326000,6.56e-06,2025-11-05 07:00:00+00:00
1762329600,4.06e-06,2025-11-05 08:00:00+00:00
1762333200,4.87e-06,2025-11-05 09:00:00+00:00
1762336800,-5.95e-06,2025-11-05 10:00:00+00:00
1762340400,2e-08,2025-11-05 11:00:00+00:00
1762344000,1.973e-05,2025-11-05 12:00:00+00:00
1762347600,4.56e-05,2025-11-05 13:00:00+00:00
1762351200,4.555e-05,2025-11-05 14:00:00+00:00
1762354800,4.328e-05,2025-11-05 15:00:00+00:00
1762358400,3.015e-05,2025-11-05 16:00:00+00:00
1762362000,4.66e-06,2025-11-05 17:00:00+00:00
1762365600,-1.699e-05,2025-11-05 18:00:00+00:00
1762369200,-1.208e-05,2025-11-05 19:00:00+00:00
1762372800,-1.08e-05,2025-11-05 20:00:00+00:00
1762376400,1.175e-05,2025-11-05 21:00:00+00:00
1762380000,3.939e-05,2025-11-05 22:00:00+00:00
1762383600,4.956e-05,2025-11-05 23:00:00+00:00
1762387200,7.283e-05,2025-11-06 00:00:00+00:00
1762390800,9.134e-05,2025-11-06 01:00:00+00:00
1762394400,0.0001,2025-11-06 02:00:00+00:00
1762398000,9.435e-05,2025-11-06 03:00:00+00:00
1762401600,7.793e-05,2025-11-06 04:00:00+00:00
1762405200,5.854e-05,2025-11-06 05:00:00+00:00
1762408800,5.359e-05,2025-11-06 06:00:00+00:00
1762412400,5.023e-05,2025-11-06 07:00:00+00:00
1762416000,5.038e-05,2025-11-06 08:00:00+00:00
1762419600,4.677e-05,2025-11-06 09:00:00+00:00
1762423200,4.918e-05,2025-11-06 10:00:00+00:00
1762426800,4.887e-05,2025-11-06 11:00:00+00:00
1762430400,2.56e-05,2025-11-06 12:00:00+00:00
1762434000,9.33e-06,2025-11-06 13:00:00+00:00
1762437600,-1.599e-05,2025-11-06 14:00:00+00:00
1762441200,4.3e-07,2025-11-06 15:00:00+00:00
1762444800,3.999e-05,2025-11-06 16:00:00+00:00
1762448400,8.11e-05,2025-11-06 17:00:00+00:00
1762452000,9.588e-05,2025-11-06 18:00:00+00:00
1762455600,8.367e-05,2025-11-06 19:00:00+00:00
1762459200,8.436e-05,2025-11-06 20:00:00+00:00
1762462800,9.884e-05,2025-11-06 21:00:00+00:00
1762466400,8.892e-05,2025-11-06 22:00:00+00:00
1762470000,7.613e-05,2025-11-06 23:00:00+00:00
1762473600,7.005e-05,2025-11-07 00:00:00+00:00
1762477200,6.001e-05,2025-11-07 01:00:00+00:00
1762480800,7.938e-05,2025-11-07 02:00:00+00:00
1762484400,8.182e-05,2025-11-07 03:00:00+00:00
1762488000,7.669e-05,2025-11-07 04:00:00+00:00
1762491600,7.713e-05,2025-11-07 05:00:00+00:00
1762495200,6.554e-05,2025-11-07 06:00:00+00:00
1762498800,4.83e-05,2025-11-07 07:00:00+00:00
1762502400,4.142e-05,2025-11-07 08:00:00+00:00
1762506000,3.736e-05,2025-11-07 09:00:00+00:00
1762509600,2.962e-05,2025-11-07 10:00:00+00:00
1762513200,3.135e-05,2025-11-07 11:00:00+00:00
1762516800,5.544e-05,2025-11-07 12:00:00+00:00
1762520400,7.522e-05,2025-11-07 13:00:00+00:00
1762524000,9.766e-05,2025-11-07 14:00:00+00:00
1762527600,8.341e-05,2025-11-07 15:00:00+00:00
1762531200,7.26e-05,2025-11-07 16:00:00+00:00
1762534800,6.988e-05,2025-11-07 17:00:00+00:00
1762538400,6.663e-05,2025-11-07 18:00:00+00:00
1762542000,6.176e-05,2025-11-07 19:00:00+00:00
1762545600,4.192e-05,2025-11-07 20:00:00+00:00
1762549200,4.742e-05,2025-11-07 21:00:00+00:00
1762552800,5.404e-05,2025-11-07 22:00:00+00:00
1762556400,7.722e-05,2025-11-07 23:00:00+00:00
1762560000,9.405e-05,2025-11-08 00:00:00+00:00
1762563600,0.0001,2025-11-08 01:00:00+00:00
1762581600,8.679e-05,2025-11-08 06:00:00+00:00
1762585200,8.414e-05,2025-11-08 07:00:00+00:00
1762588800,7.853e-05,2025-11-08 08:00:00+00:00
1762592400,7.479e-05,2025-11-08 09:00:00+00:00
1762596000,7.609e-05,2025-11-08 10:00:00+00:00
1762599600,7.354e-05,2025-11-08 11:00:00+00:00
1762603200,6.456e-05,2025-11-08 12:00:00+00:00
1762606800,6.847e-05,2025-11-08 13:00:00+00:00
1762610400,6.506e-05,2025-11-08 14:00:00+00:00
1762614000,6.487e-05,2025-11-08 15:00:00+00:00
1762617600,6.642e-05,2025-11-08 16:00:00+00:00
1762621200,7.163e-05,2025-11-08 17:00:00+00:00
1762624800,7.201e-05,2025-11-08 18:00:00+00:00
1762628400,6.456e-05,2025-11-08 19:00:00+00:00
1762632000,5.059e-05,2025-11-08 20:00:00+00:00
1762635600,3.239e-05,2025-11-08 21:00:00+00:00
1762639200,2.526e-05,2025-11-08 22:00:00+00:00
1762642800,1.209e-05,2025-11-08 23:00:00+00:00
1762646400,4.1e-07,2025-11-09 00:00:00+00:00
1762650000,7.8e-06,2025-11-09 01:00:00+00:00
1762653600,1.704e-05,2025-11-09 02:00:00+00:00
1762657200,3.569e-05,2025-11-09 03:00:00+00:00
1762660800,6.195e-05,2025-11-09 04:00:00+00:00
1762664400,6.348e-05,2025-11-09 05:00:00+00:00
1762668000,6.171e-05,2025-11-09 06:00:00+00:00
1762671600,6.598e-05,2025-11-09 07:00:00+00:00
1762675200,6.691e-05,2025-11-09 08:00:00+00:00
1762678800,7.035e-05,2025-11-09 09:00:00+00:00
1762682400,7.705e-05,2025-11-09 10:00:00+00:00
1762686000,8.724e-05,2025-11-09 11:00:00+00:00
1762689600,0.0001,2025-11-09 12:00:00+00:00
1762696800,7.891e-05,2025-11-09 14:00:00+00:00
1762700400,4.775e-05,2025-11-09 15:00:00+00:00
1762704000,3.655e-05,2025-11-09 16:00:00+00:00
1762707600,3.34e-05,2025-11-09 17:00:00+00:00
1762711200,2.748e-05,2025-11-09 18:00:00+00:00
1762714800,1.634e-05,2025-11-09 19:00:00+00:00
1762718400,1.844e-05,2025-11-09 20:00:00+00:00
1762722000,2.647e-05,2025-11-09 21:00:00+00:00
1762725600,4.369e-05,2025-11-09 22:00:00+00:00
1762729200,3.686e-05,2025-11-09 23:00:00+00:00
1762732800,2.895e-05,2025-11-10 00:00:00+00:00
1762736400,4.116e-05,2025-11-10 01:00:00+00:00
1762740000,5.767e-05,2025-11-10 02:00:00+00:00
1762743600,7.289e-05,2025-11-10 03:00:00+00:00
1762747200,8.859e-05,2025-11-10 04:00:00+00:00
1762750800,9.589e-05,2025-11-10 05:00:00+00:00
1762754400,9.359e-05,2025-11-10 06:00:00+00:00
1762758000,9.063e-05,2025-11-10 07:00:00+00:00
1762761600,0.0001,2025-11-10 08:00:00+00:00
1762783200,8.129e-05,2025-11-10 14:00:00+00:00
1762786800,7.795e-05,2025-11-10 15:00:00+00:00
1762790400,8.265e-05,2025-11-10 16:00:00+00:00
1762794000,5.493e-05,2025-11-10 17:00:00+00:00
1762797600,2.691e-05,2025-11-10 18:00:00+00:00
1762801200,1.289e-05,2025-11-10 19:00:00+00:00
1762804800,5.87e-06,2025-11-10 20:00:00+00:00
1762808400,-1.41e-06,2025-11-10 21:00:00+00:00
1762812000,1.532e-05,2025-11-10 22:00:00+00:00
1762815600,2.915e-05,2025-11-10 23:00:00+00:00
1762819200,4.8e-05,2025-11-11 00:00:00+00:00
1762822800,5.196e-05,2025-11-11 01:00:00+00:00
1762826400,5.342e-05,2025-11-11 02:00:00+00:00
1762830000,3.204e-05,2025-11-11 03:00:00+00:00
1762833600,1.168e-05,2025-11-11 04:00:00+00:00
1762837200,3.77e-06,2025-11-11 05:00:00+00:00
1762840800,-2.359e-05,2025-11-11 06:00:00+00:00
1762844400,-2.489e-05,2025-11-11 07:00:00+00:00
1762848000,-1.474e-05,2025-11-11 08:00:00+00:00
1762851600,-2.009e-05,2025-11-11 09:00:00+00:00
1762855200,-2.335e-05,2025-11-11 10:00:00+00:00
1762858800,-1.195e-05,2025-11-11 11:00:00+00:00
1762862400,-7.5e-07,2025-11-11 12:00:00+00:00
1762866000,1.081e-05,2025-11-11 13:00:00+00:00
1762869600,2.145e-05,2025-11-11 14:00:00+00:00
1762873200,2.804e-05,2025-11-11 15:00:00+00:00
1762876800,2.214e-05,2025-11-11 16:00:00+00:00
1762880400,7.46e-06,2025-11-11 17:00:00+00:00
1762884000,1e-07,2025-11-11 18:00:00+00:00
1762887600,8.15e-06,2025-11-11 19:00:00+00:00
1762891200,1.979e-05,2025-11-11 20:00:00+00:00
1762894800,3.736e-05,2025-11-11 21:00:00+00:00
1762898400,3.729e-05,2025-11-11 22:00:00+00:00
1762902000,3.613e-05,2025-11-11 23:00:00+00:00
1762905600,4.826e-05,2025-11-12 00:00:00+00:00
1762909200,5.466e-05,2025-11-12 01:00:00+00:00
1762912800,4.022e-05,2025-11-12 02:00:00+00:00
1762916400,3.681e-05,2025-11-12 03:00:00+00:00
1762920000,2.338e-05,2025-11-12 04:00:00+00:00
1762923600,-1.029e-05,2025-11-12 05:00:00+00:00
1762927200,-2.184e-05,2025-11-12 06:00:00+00:00
1762930800,-3.94e-05,2025-11-12 07:00:00+00:00
1762934400,-4.809e-05,2025-11-12 08:00:00+00:00
1762938000,-4.157e-05,2025-11-12 09:00:00+00:00
1762941600,-2.928e-05,2025-11-12 10:00:00+00:00
1762945200,-5.49e-06,2025-11-12 11:00:00+00:00
1762948800,2.237e-05,2025-11-12 12:00:00+00:00
1762952400,5.099e-05,2025-11-12 13:00:00+00:00
1762956000,6.356e-05,2025-11-12 14:00:00+00:00
1762959600,7.005e-05,2025-11-12 15:00:00+00:00
1762963200,6.056e-05,2025-11-12 16:00:00+00:00
1762966800,7.626e-05,2025-11-12 17:00:00+00:00
1762970400,8.697e-05,2025-11-12 18:00:00+00:00
1762974000,9.599e-05,2025-11-12 19:00:00+00:00
1762977600,9.735e-05,2025-11-12 20:00:00+00:00
1762981200,9.224e-05,2025-11-12 21:00:00+00:00
1762984800,8.4e-05,2025-11-12 22:00:00+00:00
1762988400,6.916e-05,2025-11-12 23:00:00+00:00
1762992000,7.347e-05,2025-11-13 00:00:00+00:00
1762995600,7.02e-05,2025-11-13 01:00:00+00:00
1762999200,6.453e-05,2025-11-13 02:00:00+00:00
1763002800,6.476e-05,2025-11-13 03:00:00+00:00
1763006400,7.853e-05,2025-11-13 04:00:00+00:00
1763010000,0.0001,2025-11-13 05:00:00+00:00
1763020800,0.0001,2025-11-13 08:00:00+00:00
1763031600,9.991e-05,2025-11-13 11:00:00+00:00
1763035200,8.384e-05,2025-11-13 12:00:00+00:00
1763038800,5.064e-05,2025-11-13 13:00:00+00:00
1763042400,3.606e-05,2025-11-13 14:00:00+00:00
1763046000,2.321e-05,2025-11-13 15:00:00+00:00
1763049600,3.005e-05,2025-11-13 16:00:00+00:00
1763053200,4.295e-05,2025-11-13 17:00:00+00:00
1763056800,6.292e-05,2025-11-13 18:00:00+00:00
1763060400,4.673e-05,2025-11-13 19:00:00+00:00
1763064000,5.183e-05,2025-11-13 20:00:00+00:00
1763067600,3.737e-05,2025-11-13 21:00:00+00:00
1763071200,1.621e-05,2025-11-13 22:00:00+00:00
1763074800,-3.74e-06,2025-11-13 23:00:00+00:00
1763078400,-6.5e-07,2025-11-14 00:00:00+00:00
1763082000,3.9e-06,2025-11-14 01:00:00+00:00
1763085600,5.11e-06,2025-11-14 02:00:00+00:00
1763089200,1.769e-05,2025-11-14 03:00:00+00:00
1763092800,1.94e-05,2025-11-14 04:00:00+00:00
1763096400,3.231e-05,2025-11-14 05:00:00+00:00
1763100000,4.727e-05,2025-11-14 06:00:00+00:00
1763103600,3.573e-05,2025-11-14 07:00:00+00:00
1763107200,3.366e-05,2025-11-14 08:00:00+00:00
1763110800,1.87e-05,2025-11-14 09:00:00+00:00
1763114400,9.25e-06,2025-11-14 10:00:00+00:00
1763118000,7.5e-07,2025-11-14 11:00:00+00:00
1763121600,1.825e-05,2025-11-14 12:00:00+00:00
1763125200,4.457e-05,2025-11-14 13:00:00+00:00
1763128800,6.809e-05,2025-11-14 14:00:00+00:00
1763132400,7.962e-05,2025-11-14 15:00:00+00:00
1763136000,9.145e-05,2025-11-14 16:00:00+00:00
1763139600,9.615e-05,2025-11-14 17:00:00+00:00
1763143200,0.0001,2025-11-14 18:00:00+00:00
1763150400,8.588e-05,2025-11-14 20:00:00+00:00
1763154000,8.549e-05,2025-11-14 21:00:00+00:00
1763157600,7.364e-05,2025-11-14 22:00:00+00:00
1763161200,4.983e-05,2025-11-14 23:00:00+00:00
1763164800,5.394e-05,2025-11-15 00:00:00+00:00
1763168400,5.722e-05,2025-11-15 01:00:00+00:00
1763172000,6.074e-05,2025-11-15 02:00:00+00:00
1763175600,6.703e-05,2025-11-15 03:00:00+00:00
1763179200,7.627e-05,2025-11-15 04:00:00+00:00
1763182800,7.667e-05,2025-11-15 05:00:00+00:00
1763186400,5.97e-05,2025-11-15 06:00:00+00:00
1763190000,4.459e-05,2025-11-15 07:00:00+00:00
1763193600,3.158e-05,2025-11-15 08:00:00+00:00
1763197200,2.944e-05,2025-11-15 09:00:00+00:00
1763200800,3.113e-05,2025-11-15 10:00:00+00:00
1763204400,3.642e-05,2025-11-15 11:00:00+00:00
1763208000,4.402e-05,2025-11-15 12:00:00+00:00
1763211600,4.293e-05,2025-11-15 13:00:00+00:00
1763215200,4.471e-05,2025-11-15 14:00:00+00:00
1763218800,4.753e-05,2025-11-15 15:00:00+00:00
1763222400,4.943e-05,2025-11-15 16:00:00+00:00
1763226000,6.548e-05,2025-11-15 17:00:00+00:00
1763229600,8.951e-05,2025-11-15 18:00:00+00:00
1763233200,0.0001,2025-11-15 19:00:00+00:00
1763251200,0.0001,2025-11-16 00:00:00+00:00
1763276400,0.0001,2025-11-16 07:00:00+00:00
1763280000,0.0001,2025-11-16 08:00:00+00:00
1763294400,8.965e-05,2025-11-16 12:00:00+00:00
1763298000,9.176e-05,2025-11-16 13:00:00+00:00
1763301600,9.038e-05,2025-11-16 14:00:00+00:00
1763305200,7.828e-05,2025-11-16 15:00:00+00:00
1763308800,4.61e-05,2025-11-16 16:00:00+00:00
1763312400,1.396e-05,2025-11-16 17:00:00+00:00
1763316000,4.485e-05,2025-11-16 18:00:00+00:00
1763319600,7.628e-05,2025-11-16 19:00:00+00:00
1763323200,9.4e-05,2025-11-16 20:00:00+00:00
1763326800,0.0001,2025-11-16 21:00:00+00:00
1763337600,0.0001,2025-11-17 00:00:00+00:00
1763366400,0.0001,2025-11-17 08:00:00+00:00
1763370000,0.0001,2025-11-17 09:00:00+00:00
1763380800,0.0001,2025-11-17 12:00:00+00:00
1763388000,9.603e-05,2025-11-17 14:00:00+00:00
1763391600,5.992e-05,2025-11-17 15:00:00+00:00
1763395200,5.683e-05,2025-11-17 16:00:00+00:00
1763398800,5.257e-05,2025-11-17 17:00:00+00:00
1763402400,4.584e-05,2025-11-17 18:00:00+00:00
1763406000,4.358e-05,2025-11-17 19:00:00+00:00
1763409600,6.104e-05,2025-11-17 20:00:00+00:00
1763413200,7.932e-05,2025-11-17 21:00:00+00:00
1763416800,8.649e-05,2025-11-17 22:00:00+00:00
1763420400,9.067e-05,2025-11-17 23:00:00+00:00
1763424000,8.908e-05,2025-11-18 00:00:00+00:00
1763427600,0.0001,2025-11-18 01:00:00+00:00
1763452800,0.0001,2025-11-18 08:00:00+00:00
1763463600,9.001e-05,2025-11-18 11:00:00+00:00
1763467200,7.131e-05,2025-11-18 12:00:00+00:00
1763470800,5.48e-05,2025-11-18 13:00:00+00:00
1763474400,5.434e-05,2025-11-18 14:00:00+00:00
1763478000,5.928e-05,2025-11-18 15:00:00+00:00
1763481600,7.169e-05,2025-11-18 16:00:00+00:00
1763485200,9.05e-05,2025-11-18 17:00:00+00:00
1763488800,9.79e-05,2025-11-18 18:00:00+00:00
1763492400,0.0001,2025-11-18 19:00:00+00:00
1763503200,0.0001,2025-11-18 22:00:00+00:00
1763506800,0.0001,2025-11-18 23:00:00+00:00
1763510400,0.0001,2025-11-19 00:00:00+00:00
1763532000,8.267e-05,2025-11-19 06:00:00+00:00
1763535600,6.748e-05,2025-11-19 07:00:00+00:00
1763539200,7.591e-05,2025-11-19 08:00:00+00:00
1763542800,9.668e-05,2025-11-19 09:00:00+00:00
1763546400,0.0001,2025-11-19 10:00:00+00:00
1763557200,9.682e-05,2025-11-19 13:00:00+00:00
1763560800,6.884e-05,2025-11-19 14:00:00+00:00
1763564400,3.25e-05,2025-11-19 15:00:00+00:00
1763568000,2.183e-05,2025-11-19 16:00:00+00:00
1763571600,2.244e-05,2025-11-19 17:00:00+00:00
1763575200,3.243e-05,2025-11-19 18:00:00+00:00
1763578800,5.062e-05,2025-11-19 19:00:00+00:00
1763582400,6.035e-05,2025-11-19 20:00:00+00:00
1763586000,7.634e-05,2025-11-19 21:00:00+00:00
1763589600,8.035e-05,2025-11-19 22:00:00+00:00
1763593200,7.158e-05,2025-11-19 23:00:00+00:00
1763596800,5.6e-05,2025-11-20 00:00:00+00:00
1763600400,6.539e-05,2025-11-20 01:00:00+00:00
1763604000,6.295e-05,2025-11-20 02:00:00+00:00
1763607600,5.692e-05,2025-11-20 03:00:00+00:00
1763611200,7.296e-05,2025-11-20 04:00:00+00:00
1763614800,7.985e-05,2025-11-20 05:00:00+00:00
1763618400,7.79e-05,2025-11-20 06:00:00+00:00
1763622000,7.923e-05,2025-11-20 07:00:00+00:00
1763625600,8.498e-05,2025-11-20 08:00:00+00:00
1763629200,8.034e-05,2025-11-20 09:00:00+00:00
1763632800,8.866e-05,2025-11-20 10:00:00+00:00
1763636400,9.845e-05,2025-11-20 11:00:00+00:00
1763640000,0.0001,2025-11-20 12:00:00+00:00
1763643600,8.762e-05,2025-11-20 13:00:00+00:00
1763647200,8.499e-05,2025-11-20 14:00:00+00:00
1763650800,6.788e-05,2025-11-20 15:00:00+00:00
1763654400,4.581e-05,2025-11-20 16:00:00+00:00
1763658000,3.73e-05,2025-11-20 17:00:00+00:00
1763661600,1.45e-05,2025-11-20 18:00:00+00:00
1763665200,3.32e-06,2025-11-20 19:00:00+00:00
1763668800,-1.94e-06,2025-11-20 20:00:00+00:00
1763672400,5.69e-06,2025-11-20 21:00:00+00:00
1763676000,1.755e-05,2025-11-20 22:00:00+00:00
1763679600,3.335e-05,2025-11-20 23:00:00+00:00
1763683200,6.105e-05,2025-11-21 00:00:00+00:00
1763686800,9.253e-05,2025-11-21 01:00:00+00:00
1763690400,0.0001,2025-11-21 02:00:00+00:00
1763697600,9.259e-05,2025-11-21 04:00:00+00:00
1763701200,8.762e-05,2025-11-21 05:00:00+00:00
1763704800,7.49e-05,2025-11-21 06:00:00+00:00
1763708400,1.947e-05,2025-11-21 07:00:00+00:00
1763712000,4.57e-06,2025-11-21 08:00:00+00:00
1763715600,1.749e-05,2025-11-21 09:00:00+00:00
1763719200,4.231e-05,2025-11-21 10:00:00+00:00
1763722800,5.971e-05,2025-11-21 11:00:00+00:00
1763726400,8.909e-05,2025-11-21 12:00:00+00:00
1763730000,8.218e-05,2025-11-21 13:00:00+00:00
1763733600,7.669e-05,2025-11-21 14:00:00+00:00
1763737200,5.527e-05,2025-11-21 15:00:00+00:00
1763740800,6.204e-05,2025-11-21 16:00:00+00:00
1763744400,4.645e-05,2025-11-21 17:00:00+00:00
1763748000,3.086e-05,2025-11-21 18:00:00+00:00
1763751600,1.429e-05,2025-11-21 19:00:00+00:00
1763755200,4.8e-06,2025-11-21 20:00:00+00:00
1763758800,9.34e-06,2025-11-21 21:00:00+00:00
1763762400,6.32e-06,2025-11-21 22:00:00+00:00
1763766000,1.858e-05,2025-11-21 23:00:00+00:00
1763769600,2.881e-05,2025-11-22 00:00:00+00:00
1763773200,3.096e-05,2025-11-22 01:00:00+00:00
1763776800,3.293e-05,2025-11-22 02:00:00+00:00
1763780400,4.683e-05,2025-11-22 03:00:00+00:00
1763784000,5.069e-05,2025-11-22 04:00:00+00:00
1763787600,6.336e-05,2025-11-22 05:00:00+00:00
1763791200,6.85e-05,2025-11-22 06:00:00+00:00
1763794800,7.133e-05,2025-11-22 07:00:00+00:00
1763798400,6.931e-05,2025-11-22 08:00:00+00:00
1763802000,8.275e-05,2025-11-22 09:00:00+00:00
1763805600,7.317e-05,2025-11-22 10:00:00+00:00
1763809200,7.723e-05,2025-11-22 11:00:00+00:00
1763812800,6.908e-05,2025-11-22 12:00:00+00:00
1763816400,6.18e-05,2025-11-22 13:00:00+00:00
1763820000,5.916e-05,2025-11-22 14:00:00+00:00
1763823600,4.511e-05,2025-11-22 15:00:00+00:00
1763827200,4.24e-05,2025-11-22 16:00:00+00:00
1763830800,3.942e-05,2025-11-22 17:00:00+00:00
1763834400,3.211e-05,2025-11-22 18:00:00+00:00
1763838000,2.985e-05,2025-11-22 19:00:00+00:00
1763841600,3.488e-05,2025-11-22 20:00:00+00:00
1763845200,5.149e-05,2025-11-22 21:00:00+00:00
1763848800,6.759e-05,2025-11-22 22:00:00+00:00
1763852400,6.412e-05,2025-11-22 23:00:00+00:00
1763856000,6.459e-05,2025-11-23 00:00:00+00:00
1763859600,5.92e-05,2025-11-23 01:00:00+00:00
1763863200,4.116e-05,2025-11-23 02:00:00+00:00
1763866800,3.169e-05,2025-11-23 03:00:00+00:00
1763870400,9.25e-06,2025-11-23 04:00:00+00:00
1763874000,-1.006e-05,2025-11-23 05:00:00+00:00
1763877600,-2.207e-05,2025-11-23 06:00:00+00:00
1763881200,-2.501e-05,2025-11-23 07:00:00+00:00
1763884800,-2.864e-05,2025-11-23 08:00:00+00:00
1763888400,-2.928e-05,2025-11-23 09:00:00+00:00
1763892000,-2.889e-05,2025-11-23 10:00:00+00:00
1763895600,-1.993e-05,2025-11-23 11:00:00+00:00
1763899200,-9.18e-06,2025-11-23 12:00:00+00:00
1763902800,7.72e-06,2025-11-23 13:00:00+00:00
1763906400,2.32e-06,2025-11-23 14:00:00+00:00
1763910000,-5.86e-06,2025-11-23 15:00:00+00:00
1763913600,-1.383e-05,2025-11-23 16:00:00+00:00
1763917200,-1.796e-05,2025-11-23 17:00:00+00:00
1763920800,-9.54e-06,2025-11-23 18:00:00+00:00
1763924400,-2.34e-06,2025-11-23 19:00:00+00:00
1763928000,-2.12e-06,2025-11-23 20:00:00+00:00
1763931600,8.81e-06,2025-11-23 21:00:00+00:00
1763935200,8.43e-06,2025-11-23 22:00:00+00:00
1763938800,-8e-08,2025-11-23 23:00:00+00:00
1763942400,1.3e-07,2025-11-24 00:00:00+00:00
1763946000,-9.6e-07,2025-11-24 01:00:00+00:00
1763949600,3.177e-05,2025-11-24 02:00:00+00:00
1763953200,6.865e-05,2025-11-24 03:00:00+00:00
1763956800,8.823e-05,2025-11-24 04:00:00+00:00
1763960400,0.0001,2025-11-24 05:00:00+00:00
1763967600,7.672e-05,2025-11-24 07:00:00+00:00
1763971200,5.465e-05,2025-11-24 08:00:00+00:00
1763974800,3.32e-05,2025-11-24 09:00:00+00:00
1763978400,2.905e-05,2025-11-24 10:00:00+00:00
1763982000,2.358e-05,2025-11-24 11:00:00+00:00
1763985600,2.844e-05,2025-11-24 12:00:00+00:00
1763989200,3.137e-05,2025-11-24 13:00:00+00:00
1763992800,3.891e-05,2025-11-24 14:00:00+00:00
1763996400,4.931e-05,2025-11-24 15:00:00+00:00
1764000000,6.003e-05,2025-11-24 16:00:00+00:00
1764003600,8.663e-05,2025-11-24 17:00:00+00:00
1764007200,5.853e-05,2025-11-24 18:00:00+00:00
1764010800,4.368e-05,2025-11-24 19:00:00+00:00
1764014400,4.069e-05,2025-11-24 20:00:00+00:00
1764018000,4.755e-05,2025-11-24 21:00:00+00:00
1764021600,4.643e-05,2025-11-24 22:00:00+00:00
1764025200,4.005e-05,2025-11-24 23:00:00+00:00
1764028800,5.288e-05,2025-11-25 00:00:00+00:00
1764032400,6.497e-05,2025-11-25 01:00:00+00:00
1764036000,7.08e-05,2025-11-25 02:00:00+00:00
1764039600,6.798e-05,2025-11-25 03:00:00+00:00
1764043200,5.545e-05,2025-11-25 04:00:00+00:00
1764046800,4.556e-05,2025-11-25 05:00:00+00:00
1764050400,4.291e-05,2025-11-25 06:00:00+00:00
1764054000,3.668e-05,2025-11-25 07:00:00+00:00
1764057600,1.846e-05,2025-11-25 08:00:00+00:00
1764061200,1.45e-05,2025-11-25 09:00:00+00:00
1764064800,1.91e-05,2025-11-25 10:00:00+00:00
1764068400,2.239e-05,2025-11-25 11:00:00+00:00
1764072000,2.702e-05,2025-11-25 12:00:00+00:00
1764075600,2.69e-05,2025-11-25 13:00:00+00:00
1764079200,1.058e-05,2025-11-25 14:00:00+00:00
1764082800,5.62e-06,2025-11-25 15:00:00+00:00
1764086400,9.93e-06,2025-11-25 16:00:00+00:00
1764090000,4.23e-06,2025-11-25 17:00:00+00:00
1764093600,3.52e-06,2025-11-25 18:00:00+00:00
1764097200,3.4e-07,2025-11-25 19:00:00+00:00
1764100800,5.5e-06,2025-11-25 20:00:00+00:00
1764104400,1.467e-05,2025-11-25 21:00:00+00:00
1764108000,2.298e-05,2025-11-25 22:00:00+00:00
1764111600,4.616e-05,2025-11-25 23:00:00+00:00
1764115200,5.708e-05,2025-11-26 00:00:00+00:00
1764118800,6.194e-05,2025-11-26 01:00:00+00:00
1764122400,6.497e-05,2025-11-26 02:00:00+00:00
1764126000,6.684e-05,2025-11-26 03:00:00+00:00
1764129600,3.483e-05,2025-11-26 04:00:00+00:00
1764133200,5.38e-06,2025-11-26 05:00:00+00:00
1764136800,-1.51e-06,2025-11-26 06:00:00+00:00
1764140400,-9.65e-06,2025-11-26 07:00:00+00:00
1764144000,-1.702e-05,2025-11-26 08:00:00+00:00
1764147600,-2.067e-05,2025-11-26 09:00:00+00:00
1764151200,-1.22e-05,2025-11-26 10:00:00+00:00
1764154800,-1.379e-05,2025-11-26 11:00:00+00:00
1764158400,-4.28e-06,2025-11-26 12:00:00+00:00
1764162000,-3.3e-07,2025-11-26 13:00:00+00:00
1764165600,1.57e-06,2025-11-26 14:00:00+00:00
1764169200,1.809e-05,2025-11-26 15:00:00+00:00
1764172800,4.598e-05,2025-11-26 16:00:00+00:00
1764176400,7.783e-05,2025-11-26 17:00:00+00:00
1764180000,8.158e-05,2025-11-26 18:00:00+00:00
1764183600,6.202e-05,2025-11-26 19:00:00+00:00
1764187200,3.937e-05,2025-11-26 20:00:00+00:00
1764190800,2.546e-05,2025-11-26 21:00:00+00:00
1764194400,2.786e-05,2025-11-26 22:00:00+00:00
1764198000,2.486e-05,2025-11-26 23:00:00+00:00
1764201600,1.449e-05,2025-11-27 00:00:00+00:00
1764205200,-2.9e-06,2025-11-27 01:00:00+00:00
1764208800,-1.397e-05,2025-11-27 02:00:00+00:00
1764212400,-2.895e-05,2025-11-27 03:00:00+00:00
1764216000,-1.957e-05,2025-11-27 04:00:00+00:00
1764219600,-1.088e-05,2025-11-27 05:00:00+00:00
1764223200,3.28e-06,2025-11-27 06:00:00+00:00
1764226800,1.598e-05,2025-11-27 07:00:00+00:00
1764230400,1.879e-05,2025-11-27 08:00:00+00:00
1764234000,2.302e-05,2025-11-27 09:00:00+00:00
1764237600,2.138e-05,2025-11-27 10:00:00+00:00
1764241200,7.42e-06,2025-11-27 11:00:00+00:00
1764244800,-6.47e-06,2025-11-27 12:00:00+00:00
1764248400,3.5e-07,2025-11-27 13:00:00+00:00
1764252000,3.77e-06,2025-11-27 14:00:00+00:00
1764255600,9.64e-06,2025-11-27 15:00:00+00:00
1764259200,3.3e-06,2025-11-27 16:00:00+00:00
1764262800,-6.87e-06,2025-11-27 17:00:00+00:00
1764266400,1.75e-06,2025-11-27 18:00:00+00:00
1764270000,-8.4e-06,2025-11-27 19:00:00+00:00
1764273600,-8.07e-06,2025-11-27 20:00:00+00:00
1764277200,-8.45e-06,2025-11-27 21:00:00+00:00
1764280800,-8.82e-06,2025-11-27 22:00:00+00:00
1764284400,-1.85e-06,2025-11-27 23:00:00+00:00
1764288000,1.163e-05,2025-11-28 00:00:00+00:00
1764291600,7.67e-06,2025-11-28 01:00:00+00:00
1764295200,-4.45e-06,2025-11-28 02:00:00+00:00
1764298800,-8.64e-06,2025-11-28 03:00:00+00:00
1764302400,8e-06,2025-11-28 04:00:00+00:00
1764306000,2.357e-05,2025-11-28 05:00:00+00:00
1764309600,3.587e-05,2025-11-28 06:00:00+00:00
1764313200,2.638e-05,2025-11-28 07:00:00+00:00
1764316800,3.383e-05,2025-11-28 08:00:00+00:00
1764320400,5.337e-05,2025-11-28 09:00:00+00:00
1764324000,6.781e-05,2025-11-28 10:00:00+00:00
1764327600,5.354e-05,2025-11-28 11:00:00+00:00
1764331200,3.926e-05,2025-11-28 12:00:00+00:00
1764334800,3.802e-05,2025-11-28 13:00:00+00:00
1764338400,1.718e-05,2025-11-28 14:00:00+00:00
1764342000,-7.85e-06,2025-11-28 15:00:00+00:00
1764345600,-3.793e-05,2025-11-28 16:00:00+00:00
1764349200,-3.838e-05,2025-11-28 17:00:00+00:00
1764352800,-3.29e-05,2025-11-28 18:00:00+00:00
1764356400,-6.62e-06,2025-11-28 19:00:00+00:00
1764360000,7.41e-06,2025-11-28 20:00:00+00:00
1764363600,1.793e-05,2025-11-28 21:00:00+00:00
1764367200,2.559e-05,2025-11-28 22:00:00+00:00
1764370800,2.59e-05,2025-11-28 23:00:00+00:00
1764374400,4.31e-05,2025-11-29 00:00:00+00:00
1764378000,4.495e-05,2025-11-29 01:00:00+00:00
1764381600,4.412e-05,2025-11-29 02:00:00+00:00
1764385200,4.205e-05,2025-11-29 03:00:00+00:00
1764388800,4.541e-05,2025-11-29 04:00:00+00:00
1764392400,5.249e-05,2025-11-29 05:00:00+00:00
1764396000,3.66e-05,2025-11-29 06:00:00+00:00
1764399600,5.74e-06,2025-11-29 07:00:00+00:00
1764403200,-1.236e-05,2025-11-29 08:00:00+00:00
1764406800,-2.911e-05,2025-11-29 09:00:00+00:00
1764410400,-4.676e-05,2025-11-29 10:00:00+00:00
1764414000,-5.264e-05,2025-11-29 11:00:00+00:00
1764417600,-6.149e-05,2025-11-29 12:00:00+00:00
1764421200,-6.037e-05,2025-11-29 13:00:00+00:00
1764424800,-3.835e-05,2025-11-29 14:00:00+00:00
1764428400,-2.01e-06,2025-11-29 15:00:00+00:00
1764432000,2.152e-05,2025-11-29 16:00:00+00:00
1764435600,3.781e-05,2025-11-29 17:00:00+00:00
1764439200,5e-05,2025-11-29 18:00:00+00:00
1764442800,6.91e-05,2025-11-29 19:00:00+00:00
1764446400,8.514e-05,2025-11-29 20:00:00+00:00
1764450000,8.876e-05,2025-11-29 21:00:00+00:00
1764453600,8.428e-05,2025-11-29 22:00:00+00:00
1764457200,7.955e-05,2025-11-29 23:00:00+00:00
1764460800,7.386e-05,2025-11-30 00:00:00+00:00
1764464400,5.841e-05,2025-11-30 01:00:00+00:00
1764468000,5.886e-05,2025-11-30 02:00:00+00:00
1764471600,6.174e-05,2025-11-30 03:00:00+00:00
1764475200,7.088e-05,2025-11-30 04:00:00+00:00
1764478800,5.355e-05,2025-11-30 05:00:00+00:00
1764482400,4.752e-05,2025-11-30 06:00:00+00:00
1764486000,4.019e-05,2025-11-30 07:00:00+00:00
1764489600,3.358e-05,2025-11-30 08:00:00+00:00
1764493200,2.899e-05,2025-11-30 09:00:00+00:00
1764496800,1.006e-05,2025-11-30 10:00:00+00:00
1764500400,-6.6e-07,2025-11-30 11:00:00+00:00
1764504000,4.88e-06,2025-11-30 12:00:00+00:00
1764507600,1.43e-05,2025-11-30 13:00:00+00:00
1764511200,2.557e-05,2025-11-30 14:00:00+00:00
1764514800,3.707e-05,2025-11-30 15:00:00+00:00
1764518400,6.481e-05,2025-11-30 16:00:00+00:00
1764522000,8.086e-05,2025-11-30 17:00:00+00:00
1764525600,8.397e-05,2025-11-30 18:00:00+00:00
1764529200,9.58e-05,2025-11-30 19:00:00+00:00
1764532800,9.556e-05,2025-11-30 20:00:00+00:00
1764536400,8.318e-05,2025-11-30 21:00:00+00:00
1764540000,7.541e-05,2025-11-30 22:00:00+00:00
1764543600,5.351e-05,2025-11-30 23:00:00+00:00
1764547200,1.855e-05,2025-12-01 00:00:00+00:00
1764550800,-2.5e-07,2025-12-01 01:00:00+00:00
1764554400,7.41e-06,2025-12-01 02:00:00+00:00
1764558000,2.719e-05,2025-12-01 03:00:00+00:00
1764561600,5.55e-05,2025-12-01 04:00:00+00:00
1764565200,7.655e-05,2025-12-01 05:00:00+00:00
1764568800,8.535e-05,2025-12-01 06:00:00+00:00
1764572400,7.88e-05,2025-12-01 07:00:00+00:00
1764576000,4.884e-05,2025-12-01 08:00:00+00:00
1764579600,9.22e-06,2025-12-01 09:00:00+00:00
1764583200,-2.809e-05,2025-12-01 10:00:00+00:00
1764586800,-8.497e-05,2025-12-01 11:00:00+00:00
1764590400,-9.211e-05,2025-12-01 12:00:00+00:00
1764594000,-8.391e-05,2025-12-01 13:00:00+00:00
1764597600,-6.346e-05,2025-12-01 14:00:00+00:00
1764601200,-2.685e-05,2025-12-01 15:00:00+00:00
1764604800,2.373e-05,2025-12-01 16:00:00+00:00
1764608400,5.809e-05,2025-12-01 17:00:00+00:00
1764612000,7.129e-05,2025-12-01 18:00:00+00:00
1764615600,8.859e-05,2025-12-01 19:00:00+00:00
1764619200,8.207e-05,2025-12-01 20:00:00+00:00
1764622800,9.067e-05,2025-12-01 21:00:00+00:00
1764626400,7.85e-05,2025-12-01 22:00:00+00:00
1764630000,6.935e-05,2025-12-01 23:00:00+00:00
1764633600,6.057e-05,2025-12-02 00:00:00+00:00
1764637200,4.665e-05,2025-12-02 01:00:00+00:00
1764640800,4.433e-05,2025-12-02 02:00:00+00:00
1764644400,4.122e-05,2025-12-02 03:00:00+00:00
1764648000,4.225e-05,2025-12-02 04:00:00+00:00
1764651600,4.804e-05,2025-12-02 05:00:00+00:00
1764655200,5.387e-05,2025-12-02 06:00:00+00:00
1764658800,5.552e-05,2025-12-02 07:00:00+00:00
1764662400,6.254e-05,2025-12-02 08:00:00+00:00
1764666000,6.978e-05,2025-12-02 09:00:00+00:00
1764669600,7.082e-05,2025-12-02 10:00:00+00:00
1764673200,5.187e-05,2025-12-02 11:00:00+00:00
1764676800,2.776e-05,2025-12-02 12:00:00+00:00
1764680400,1.04e-05,2025-12-02 13:00:00+00:00
1764684000,-1.31e-06,2025-12-02 14:00:00+00:00
1764687600,4.119e-05,2025-12-02 15:00:00+00:00
1764691200,6.799e-05,2025-12-02 16:00:00+00:00
1764694800,6.67e-05,2025-12-02 17:00:00+00:00
1764698400,5.426e-05,2025-12-02 18:00:00+00:00
1764702000,6.334e-05,2025-12-02 19:00:00+00:00
1764705600,6.73e-05,2025-12-02 20:00:00+00:00
1764709200,7.554e-05,2025-12-02 21:00:00+00:00
1764712800,7.059e-05,2025-12-02 22:00:00+00:00
1764716400,4.698e-05,2025-12-02 23:00:00+00:00
1764720000,4.199e-05,2025-12-03 00:00:00+00:00
1764723600,3.668e-05,2025-12-03 01:00:00+00:00
1764727200,3.395e-05,2025-12-03 02:00:00+00:00
1764730800,3.17e-05,2025-12-03 03:00:00+00:00
1764734400,2.999e-05,2025-12-03 04:00:00+00:00
1764738000,1.627e-05,2025-12-03 05:00:00+00:00
1764741600,1.164e-05,2025-12-03 06:00:00+00:00
1764745200,1.085e-05,2025-12-03 07:00:00+00:00
1764748800,3.268e-05,2025-12-03 08:00:00+00:00
1764752400,4.087e-05,2025-12-03 09:00:00+00:00
1764756000,4.385e-05,2025-12-03 10:00:00+00:00
1764759600,5.772e-05,2025-12-03 11:00:00+00:00
1764763200,7.78e-05,2025-12-03 12:00:00+00:00
1764766800,8.103e-05,2025-12-03 13:00:00+00:00
1764770400,8.083e-05,2025-12-03 14:00:00+00:00
1764774000,5.015e-05,2025-12-03 15:00:00+00:00
1764777600,3.116e-05,2025-12-03 16:00:00+00:00
1764781200,2.79e-05,2025-12-03 17:00:00+00:00
1764784800,5.3e-06,2025-12-03 18:00:00+00:00
1764788400,-3.52e-06,2025-12-03 19:00:00+00:00
1764792000,-2.56e-06,2025-12-03 20:00:00+00:00
1764795600,2.981e-05,2025-12-03 21:00:00+00:00
1764799200,4.798e-05,2025-12-03 22:00:00+00:00
1764802800,6.435e-05,2025-12-03 23:00:00+00:00
1764806400,7.095e-05,2025-12-04 00:00:00+00:00
1764810000,5.319e-05,2025-12-04 01:00:00+00:00
1764813600,4.334e-05,2025-12-04 02:00:00+00:00
1764817200,2.993e-05,2025-12-04 03:00:00+00:00
1764820800,4.583e-05,2025-12-04 04:00:00+00:00
1764824400,7.429e-05,2025-12-04 05:00:00+00:00
1764828000,8.812e-05,2025-12-04 06:00:00+00:00
1764831600,0.0001,2025-12-04 07:00:00+00:00
1764835200,0.0001,2025-12-04 08:00:00+00:00
1764856800,9.352e-05,2025-12-04 14:00:00+00:00
1764860400,9.685e-05,2025-12-04 15:00:00+00:00
1764864000,6.73e-05,2025-12-04 16:00:00+00:00
1764867600,4.212e-05,2025-12-04 17:00:00+00:00
1764871200,2.08e-05,2025-12-04 18:00:00+00:00
1764874800,1.117e-05,2025-12-04 19:00:00+00:00
1764878400,6.16e-06,2025-12-04 20:00:00+00:00
1764882000,-2.57e-06,2025-12-04 21:00:00+00:00
1764885600,7.98e-06,2025-12-04 22:00:00+00:00
1764889200,2.405e-05,2025-12-04 23:00:00+00:00
1764892800,4.48e-05,2025-12-05 00:00:00+00:00
1764896400,5.789e-05,2025-12-05 01:00:00+00:00
1764900000,6.257e-05,2025-12-05 02:00:00+00:00
1764903600,6.443e-05,2025-12-05 03:00:00+00:00
1764907200,7.148e-05,2025-12-05 04:00:00+00:00
1764910800,8.57e-05,2025-12-05 05:00:00+00:00
1764914400,0.0001,2025-12-05 06:00:00+00:00
1764918000,9.771e-05,2025-12-05 07:00:00+00:00
1764921600,0.0001,2025-12-05 08:00:00+00:00
1764925200,9.262e-05,2025-12-05 09:00:00+00:00
1764928800,8.318e-05,2025-12-05 10:00:00+00:00
1764932400,6.476e-05,2025-12-05 11:00:00+00:00
1764936000,4.519e-05,2025-12-05 12:00:00+00:00
1764939600,3.23e-05,2025-12-05 13:00:00+00:00
1764943200,3.529e-05,2025-12-05 14:00:00+00:00
1764946800,4.863e-05,2025-12-05 15:00:00+00:00
1764950400,4.726e-05,2025-12-05 16:00:00+00:00
1764954000,5.728e-05,2025-12-05 17:00:00+00:00
1764957600,6.208e-05,2025-12-05 18:00:00+00:00
1764961200,7.772e-05,2025-12-05 19:00:00+00:00
1764964800,6.275e-05,2025-12-05 20:00:00+00:00
1764968400,4.516e-05,2025-12-05 21:00:00+00:00
1764972000,3.992e-05,2025-12-05 22:00:00+00:00
1764975600,4.481e-05,2025-12-05 23:00:00+00:00
1764979200,5.922e-05,2025-12-06 00:00:00+00:00
1764982800,5.469e-05,2025-12-06 01:00:00+00:00
1764986400,4.839e-05,2025-12-06 02:00:00+00:00
1764990000,4.364e-05,2025-12-06 03:00:00+00:00
1764993600,2.26e-05,2025-12-06 04:00:00+00:00
1764997200,4e-06,2025-12-06 05:00:00+00:00
1765000800,1.21e-06,2025-12-06 06:00:00+00:00
1765004400,4.55e-06,2025-12-06 07:00:00+00:00
1765008000,5.62e-06,2025-12-06 08:00:00+00:00
1765011600,1.675e-05,2025-12-06 09:00:00+00:00
1765015200,2.302e-05,2025-12-06 10:00:00+00:00
1765018800,3.01e-05,2025-12-06 11:00:00+00:00
1765022400,5.028e-05,2025-12-06 12:00:00+00:00
1765026000,6.243e-05,2025-12-06 13:00:00+00:00
1765029600,5.049e-05,2025-12-06 14:00:00+00:00
1765033200,3.215e-05,2025-12-06 15:00:00+00:00
1765036800,1.933e-05,2025-12-06 16:00:00+00:00
1765040400,6.39e-06,2025-12-06 17:00:00+00:00
1765044000,7.92e-06,2025-12-06 18:00:00+00:00
1765047600,6.83e-06,2025-12-06 19:00:00+00:00
1765051200,1.56e-05,2025-12-06 20:00:00+00:00
1765054800,2.629e-05,2025-12-06 21:00:00+00:00
1765058400,3.529e-05,2025-12-06 22:00:00+00:00
1765062000,3.76e-05,2025-12-06 23:00:00+00:00
1765065600,3.716e-05,2025-12-07 00:00:00+00:00
1765069200,4.289e-05,2025-12-07 01:00:00+00:00
1765072800,4.702e-05,2025-12-07 02:00:00+00:00
1765076400,4.396e-05,2025-12-07 03:00:00+00:00
1765080000,3.471e-05,2025-12-07 04:00:00+00:00
1765083600,1.786e-05,2025-12-07 05:00:00+00:00
1765087200,1.59e-06,2025-12-07 06:00:00+00:00
1765090800,-1.008e-05,2025-12-07 07:00:00+00:00
1765094400,-3.88e-06,2025-12-07 08:00:00+00:00
1765098000,1.202e-05,2025-12-07 09:00:00+00:00
1765101600,3.167e-05,2025-12-07 10:00:00+00:00
1765105200,4.576e-05,2025-12-07 11:00:00+00:00
1765108800,5.068e-05,2025-12-07 12:00:00+00:00
1765112400,4.023e-05,2025-12-07 13:00:00+00:00
1765116000,1.314e-05,2025-12-07 14:00:00+00:00
1765119600,1.445e-05,2025-12-07 15:00:00+00:00
1765123200,6.26e-06,2025-12-07 16:00:00+00:00
1765126800,2.663e-05,2025-12-07 17:00:00+00:00
1765130400,4.389e-05,2025-12-07 18:00:00+00:00
1765134000,7.267e-05,2025-12-07 19:00:00+00:00
1765137600,9.58e-05,2025-12-07 20:00:00+00:00
1765141200,9.049e-05,2025-12-07 21:00:00+00:00
1765144800,4.877e-05,2025-12-07 22:00:00+00:00
1765148400,2.807e-05,2025-12-07 23:00:00+00:00
1765152000,1.631e-05,2025-12-08 00:00:00+00:00
1765155600,2.081e-05,2025-12-08 01:00:00+00:00
1765159200,2.791e-05,2025-12-08 02:00:00+00:00
1765162800,3.46e-05,2025-12-08 03:00:00+00:00
1765166400,5.395e-05,2025-12-08 04:00:00+00:00
1765170000,7.343e-05,2025-12-08 05:00:00+00:00
1765173600,8.792e-05,2025-12-08 06:00:00+00:00
1765177200,7.237e-05,2025-12-08 07:00:00+00:00
1765180800,6.613e-05,2025-12-08 08:00:00+00:00
1765184400,7.728e-05,2025-12-08 09:00:00+00:00
1765188000,8.427e-05,2025-12-08 10:00:00+00:00
1765191600,7.055e-05,2025-12-08 11:00:00+00:00
1765195200,6.597e-05,2025-12-08 12:00:00+00:00
1765198800,6.639e-05,2025-12-08 13:00:00+00:00
1765202400,6.528e-05,2025-12-08 14:00:00+00:00
1765206000,4.312e-05,2025-12-08 15:00:00+00:00
1765209600,1.882e-05,2025-12-08 16:00:00+00:00
1765213200,9.17e-06,2025-12-08 17:00:00+00:00
1765216800,-2.16e-06,2025-12-08 18:00:00+00:00
1765220400,7.56e-06,2025-12-08 19:00:00+00:00
1765224000,9.17e-06,2025-12-08 20:00:00+00:00
1765227600,2.098e-05,2025-12-08 21:00:00+00:00
1765231200,3.493e-05,2025-12-08 22:00:00+00:00
1765234800,5.215e-05,2025-12-08 23:00:00+00:00
1765238400,6.955e-05,2025-12-09 00:00:00+00:00
1765242000,7.392e-05,2025-12-09 01:00:00+00:00
1765245600,7.74e-05,2025-12-09 02:00:00+00:00
1765249200,9.074e-05,2025-12-09 03:00:00+00:00
1765252800,8.277e-05,2025-12-09 04:00:00+00:00
1765256400,8.079e-05,2025-12-09 05:00:00+00:00
1765260000,7.064e-05,2025-12-09 06:00:00+00:00
1765263600,6.272e-05,2025-12-09 07:00:00+00:00
1765267200,5.613e-05,2025-12-09 08:00:00+00:00
1765270800,5.2e-05,2025-12-09 09:00:00+00:00
1765274400,4.282e-05,2025-12-09 10:00:00+00:00
1765278000,3.081e-05,2025-12-09 11:00:00+00:00
1765281600,1.991e-05,2025-12-09 12:00:00+00:00
1765285200,1.1e-05,2025-12-09 13:00:00+00:00
1765288800,9.08e-06,2025-12-09 14:00:00+00:00
1765292400,3.873e-05,2025-12-09 15:00:00+00:00
1765296000,7.915e-05,2025-12-09 16:00:00+00:00
1765299600,0.0001,2025-12-09 17:00:00+00:00
1765324800,0.0001,2025-12-10 00:00:00+00:00
1765335600,9.484e-05,2025-12-10 03:00:00+00:00
1765339200,8.65e-05,2025-12-10 04:00:00+00:00
1765342800,7.878e-05,2025-12-10 05:00:00+00:00
1765346400,7.803e-05,2025-12-10 06:00:00+00:00
1765350000,7.418e-05,2025-12-10 07:00:00+00:00
1765353600,6.837e-05,2025-12-10 08:00:00+00:00
1765357200,7.059e-05,2025-12-10 09:00:00+00:00
1765360800,6.362e-05,2025-12-10 10:00:00+00:00
1765364400,5.21e-05,2025-12-10 11:00:00+00:00
1765368000,5.45e-05,2025-12-10 12:00:00+00:00
1765371600,3.974e-05,2025-12-10 13:00:00+00:00
1765375200,3.292e-05,2025-12-10 14:00:00+00:00
1765378800,3.452e-05,2025-12-10 15:00:00+00:00
1765382400,4.153e-05,2025-12-10 16:00:00+00:00
1765386000,3.604e-05,2025-12-10 17:00:00+00:00
1765389600,3.419e-05,2025-12-10 18:00:00+00:00
1765393200,3.514e-05,2025-12-10 19:00:00+00:00
1765396800,3.071e-05,2025-12-10 20:00:00+00:00
1765400400,5.158e-05,2025-12-10 21:00:00+00:00
1765404000,7.257e-05,2025-12-10 22:00:00+00:00
1765407600,6.936e-05,2025-12-10 23:00:00+00:00
1765411200,7.524e-05,2025-12-11 00:00:00+00:00
1765414800,7.629e-05,2025-12-11 01:00:00+00:00
1765418400,6.804e-05,2025-12-11 02:00:00+00:00
1765422000,5.03e-05,2025-12-11 03:00:00+00:00
1765425600,2.783e-05,2025-12-11 04:00:00+00:00
1765429200,1.33e-05,2025-12-11 05:00:00+00:00
1765432800,1.319e-05,2025-12-11 06:00:00+00:00
1765436400,1.67e-06,2025-12-11 07:00:00+00:00
1765440000,1.887e-05,2025-12-11 08:00:00+00:00
1765443600,3.198e-05,2025-12-11 09:00:00+00:00
1765447200,3.09e-05,2025-12-11 10:00:00+00:00
1765450800,3.072e-05,2025-12-11 11:00:00+00:00
1765454400,3.442e-05,2025-12-11 12:00:00+00:00
1765458000,3.017e-05,2025-12-11 13:00:00+00:00
1765461600,1.935e-05,2025-12-11 14:00:00+00:00
1765465200,2.598e-05,2025-12-11 15:00:00+00:00
1765468800,4.179e-05,2025-12-11 16:00:00+00:00
1765472400,5.257e-05,2025-12-11 17:00:00+00:00
1765476000,4.697e-05,2025-12-11 18:00:00+00:00
1765479600,3.846e-05,2025-12-11 19:00:00+00:00
1765483200,2.211e-05,2025-12-11 20:00:00+00:00
1765486800,4.93e-06,2025-12-11 21:00:00+00:00
1765490400,-4.05e-06,2025-12-11 22:00:00+00:00
1765494000,-2.74e-06,2025-12-11 23:00:00+00:00
1765497600,8.5e-07,2025-12-12 00:00:00+00:00
1765501200,1.355e-05,2025-12-12 01:00:00+00:00
1765504800,1.958e-05,2025-12-12 02:00:00+00:00
1765508400,2.28e-05,2025-12-12 03:00:00+00:00
1765512000,2.616e-05,2025-12-12 04:00:00+00:00
1765515600,2.777e-05,2025-12-12 05:00:00+00:00
1765519200,3.194e-05,2025-12-12 06:00:00+00:00
1765522800,3.202e-05,2025-12-12 07:00:00+00:00
1765526400,3.688e-05,2025-12-12 08:00:00+00:00
1765530000,4.692e-05,2025-12-12 09:00:00+00:00
1765533600,4.802e-05,2025-12-12 10:00:00+00:00
1765537200,4.773e-05,2025-12-12 11:00:00+00:00
1765540800,5.171e-05,2025-12-12 12:00:00+00:00
1765544400,4.462e-05,2025-12-12 13:00:00+00:00
1765548000,3.029e-05,2025-12-12 14:00:00+00:00
1765551600,-7.3e-07,2025-12-12 15:00:00+00:00
1765555200,-2.72e-05,2025-12-12 16:00:00+00:00
1765558800,-4.042e-05,2025-12-12 17:00:00+00:00
1765562400,-4.003e-05,2025-12-12 18:00:00+00:00
1765566000,-3.464e-05,2025-12-12 19:00:00+00:00
1765569600,-2.633e-05,2025-12-12 20:00:00+00:00
1765573200,-1.688e-05,2025-12-12 21:00:00+00:00
1765576800,-5.8e-06,2025-12-12 22:00:00+00:00
1765580400,2.5e-07,2025-12-12 23:00:00+00:00
1765584000,9.21e-06,2025-12-13 00:00:00+00:00
1765587600,1.271e-05,2025-12-13 01:00:00+00:00
1765591200,3.234e-05,2025-12-13 02:00:00+00:00
1765594800,2.861e-05,2025-12-13 03:00:00+00:00
1765598400,1.502e-05,2025-12-13 04:00:00+00:00
1765602000,8.73e-06,2025-12-13 05:00:00+00:00
1765605600,-1.43e-06,2025-12-13 06:00:00+00:00
1765609200,-1.347e-05,2025-12-13 07:00:00+00:00
1765612800,-1.056e-05,2025-12-13 08:00:00+00:00
1765616400,-6.07e-06,2025-12-13 09:00:00+00:00
1765620000,1.1e-07,2025-12-13 10:00:00+00:00
1765623600,2.5e-06,2025-12-13 11:00:00+00:00
1765627200,1.394e-05,2025-12-13 12:00:00+00:00
1765630800,2.159e-05,2025-12-13 13:00:00+00:00
1765634400,2.789e-05,2025-12-13 14:00:00+00:00
1765638000,3.277e-05,2025-12-13 15:00:00+00:00
1765641600,3.56e-05,2025-12-13 16:00:00+00:00
1765645200,4.974e-05,2025-12-13 17:00:00+00:00
1765648800,6.23e-05,2025-12-13 18:00:00+00:00
1765652400,7.237e-05,2025-12-13 19:00:00+00:00
1765656000,7.102e-05,2025-12-13 20:00:00+00:00
1765659600,8.406e-05,2025-12-13 21:00:00+00:00
1765663200,8.642e-05,2025-12-13 22:00:00+00:00
1765666800,8.286e-05,2025-12-13 23:00:00+00:00
1765670400,8.262e-05,2025-12-14 00:00:00+00:00
1765674000,7.89e-05,2025-12-14 01:00:00+00:00
1765677600,6.329e-05,2025-12-14 02:00:00+00:00
1765681200,5.194e-05,2025-12-14 03:00:00+00:00
1765684800,5.149e-05,2025-12-14 04:00:00+00:00
1765688400,4.951e-05,2025-12-14 05:00:00+00:00
1765692000,4.505e-05,2025-12-14 06:00:00+00:00
1765695600,4.879e-05,2025-12-14 07:00:00+00:00
1765699200,4.888e-05,2025-12-14 08:00:00+00:00
1765702800,5.417e-05,2025-12-14 09:00:00+00:00
1765706400,5.685e-05,2025-12-14 10:00:00+00:00
1765710000,6.301e-05,2025-12-14 11:00:00+00:00
1765713600,7.071e-05,2025-12-14 12:00:00+00:00
1765717200,7.043e-05,2025-12-14 13:00:00+00:00
1765720800,7.598e-05,2025-12-14 14:00:00+00:00
1765724400,8.237e-05,2025-12-14 15:00:00+00:00
1765728000,9.368e-05,2025-12-14 16:00:00+00:00
1765731600,9.112e-05,2025-12-14 17:00:00+00:00
1765735200,7.049e-05,2025-12-14 18:00:00+00:00
1765738800,4.217e-05,2025-12-14 19:00:00+00:00
1765742400,2.807e-05,2025-12-14 20:00:00+00:00
1765746000,3.297e-05,2025-12-14 21:00:00+00:00
1765749600,5.008e-05,2025-12-14 22:00:00+00:00
1765753200,6.154e-05,2025-12-14 23:00:00+00:00
1765756800,8.517e-05,2025-12-15 00:00:00+00:00
1765760400,9.605e-05,2025-12-15 01:00:00+00:00
1765764000,8.967e-05,2025-12-15 02:00:00+00:00
1765767600,7.486e-05,2025-12-15 03:00:00+00:00
1765771200,6.212e-05,2025-12-15 04:00:00+00:00
1765774800,5.656e-05,2025-12-15 05:00:00+00:00
1765778400,4.976e-05,2025-12-15 06:00:00+00:00
1765782000,3.462e-05,2025-12-15 07:00:00+00:00
1765785600,2.258e-05,2025-12-15 08:00:00+00:00
1765789200,3.565e-05,2025-12-15 09:00:00+00:00
1765792800,5.483e-05,2025-12-15 10:00:00+00:00
1765796400,7.462e-05,2025-12-15 11:00:00+00:00
1765800000,8.327e-05,2025-12-15 12:00:00+00:00
1765803600,6.72e-05,2025-12-15 13:00:00+00:00
1765807200,3.61e-05,2025-12-15 14:00:00+00:00
1765810800,1.943e-05,2025-12-15 15:00:00+00:00
1765814400,2.144e-05,2025-12-15 16:00:00+00:00
1765818000,1.694e-05,2025-12-15 17:00:00+00:00
1765821600,4.25e-06,2025-12-15 18:00:00+00:00
1765825200,-1.305e-05,2025-12-15 19:00:00+00:00
1765828800,-6.23e-06,2025-12-15 20:00:00+00:00
1765832400,7.82e-06,2025-12-15 21:00:00+00:00
1765836000,-2.11e-06,2025-12-15 22:00:00+00:00
1765839600,-6.5e-06,2025-12-15 23:00:00+00:00
1765843200,-6.59e-06,2025-12-16 00:00:00+00:00
1765846800,1.28e-05,2025-12-16 01:00:00+00:00
1765850400,2.988e-05,2025-12-16 02:00:00+00:00
1765854000,2.27e-05,2025-12-16 03:00:00+00:00
1765857600,2.366e-05,2025-12-16 04:00:00+00:00
1765861200,3.636e-05,2025-12-16 05:00:00+00:00
1765864800,4.137e-05,2025-12-16 06:00:00+00:00
1765868400,2.281e-05,2025-12-16 07:00:00+00:00
1765872000,3.46e-06,2025-12-16 08:00:00+00:00
1765875600,3.8e-06,2025-12-16 09:00:00+00:00
1765879200,6.82e-06,2025-12-16 10:00:00+00:00
1765882800,-9.56e-06,2025-12-16 11:00:00+00:00
1765886400,-2.375e-05,2025-12-16 12:00:00+00:00
1765890000,-2.409e-05,2025-12-16 13:00:00+00:00
1765893600,-2.517e-05,2025-12-16 14:00:00+00:00
1765897200,-1.856e-05,2025-12-16 15:00:00+00:00
1765900800,-2.262e-05,2025-12-16 16:00:00+00:00
1765904400,-1.864e-05,2025-12-16 17:00:00+00:00
1765908000,-9.34e-06,2025-12-16 18:00:00+00:00
1765911600,2.26e-06,2025-12-16 19:00:00+00:00
1765915200,1.012e-05,2025-12-16 20:00:00+00:00
1765918800,1.24e-05,2025-12-16 21:00:00+00:00
1765922400,6.87e-06,2025-12-16 22:00:00+00:00
1765926000,3.5e-06,2025-12-16 23:00:00+00:00
1765929600,4.36e-06,2025-12-17 00:00:00+00:00
1765933200,8.47e-06,2025-12-17 01:00:00+00:00
1765936800,1.293e-05,2025-12-17 02:00:00+00:00
1765940400,2.148e-05,2025-12-17 03:00:00+00:00
1765944000,3.664e-05,2025-12-17 04:00:00+00:00
1765947600,5.038e-05,2025-12-17 05:00:00+00:00
1765951200,4.936e-05,2025-12-17 06:00:00+00:00
1765954800,3.728e-05,2025-12-17 07:00:00+00:00
1765958400,3.771e-05,2025-12-17 08:00:00+00:00
1765962000,3.783e-05,2025-12-17 09:00:00+00:00
1765965600,2.854e-05,2025-12-17 10:00:00+00:00
1765969200,2.802e-05,2025-12-17 11:00:00+00:00
1765972800,1.167e-05,2025-12-17 12:00:00+00:00
1765976400,1.25e-05,2025-12-17 13:00:00+00:00
1765980000,1.549e-05,2025-12-17 14:00:00+00:00
1765983600,1.97e-06,2025-12-17 15:00:00+00:00
1765987200,5.05e-06,2025-12-17 16:00:00+00:00
1765990800,2.11e-06,2025-12-17 17:00:00+00:00
1765994400,9.6e-07,2025-12-17 18:00:00+00:00
1765998000,-3.13e-06,2025-12-17 19:00:00+00:00
1766001600,6.23e-06,2025-12-17 20:00:00+00:00
1766005200,2.22e-06,2025-12-17 21:00:00+00:00
1766008800,-7.8e-06,2025-12-17 22:00:00+00:00
1766012400,-1.807e-05,2025-12-17 23:00:00+00:00
1766016000,-2.945e-05,2025-12-18 00:00:00+00:00
1766019600,-1.718e-05,2025-12-18 01:00:00+00:00
1766023200,-2.1e-05,2025-12-18 02:00:00+00:00
1766026800,-2.263e-05,2025-12-18 03:00:00+00:00
1766030400,-3.355e-05,2025-12-18 04:00:00+00:00
1766034000,-4.432e-05,2025-12-18 05:00:00+00:00
1766037600,-3.162e-05,2025-12-18 06:00:00+00:00
1766041200,-3.186e-05,2025-12-18 07:00:00+00:00
1766044800,-3.492e-05,2025-12-18 08:00:00+00:00
1766048400,-2.3e-05,2025-12-18 09:00:00+00:00
1766052000,-2.602e-05,2025-12-18 10:00:00+00:00
1766055600,-1.754e-05,2025-12-18 11:00:00+00:00
1766059200,-8.25e-06,2025-12-18 12:00:00+00:00
1766062800,2.49e-06,2025-12-18 13:00:00+00:00
1766066400,4.085e-05,2025-12-18 14:00:00+00:00
1766070000,5.843e-05,2025-12-18 15:00:00+00:00
1766073600,7.357e-05,2025-12-18 16:00:00+00:00
1766077200,5.955e-05,2025-12-18 17:00:00+00:00
1766080800,3.549e-05,2025-12-18 18:00:00+00:00
1766084400,1.678e-05,2025-12-18 19:00:00+00:00
1766088000,1.551e-05,2025-12-18 20:00:00+00:00
1766091600,2.904e-05,2025-12-18 21:00:00+00:00
1766095200,4.333e-05,2025-12-18 22:00:00+00:00
1766098800,5.738e-05,2025-12-18 23:00:00+00:00
1766102400,8.043e-05,2025-12-19 00:00:00+00:00
1766106000,8.969e-05,2025-12-19 01:00:00+00:00
1766109600,0.0001,2025-12-19 02:00:00+00:00
1766113200,9.716e-05,2025-12-19 03:00:00+00:00
1766116800,8.522e-05,2025-12-19 04:00:00+00:00
1766120400,8.549e-05,2025-12-19 05:00:00+00:00
1766124000,7.972e-05,2025-12-19 06:00:00+00:00
1766127600,7.285e-05,2025-12-19 07:00:00+00:00
1766131200,7.323e-05,2025-12-19 08:00:00+00:00
1766134800,8.222e-05,2025-12-19 09:00:00+00:00
1766138400,9.421e-05,2025-12-19 10:00:00+00:00
1766142000,0.0001,2025-12-19 11:00:00+00:00
1766145600,0.0001,2025-12-19 12:00:00+00:00
1766152800,0.0001,2025-12-19 14:00:00+00:00
1766156400,9.212e-05,2025-12-19 15:00:00+00:00
1766160000,7.921e-05,2025-12-19 16:00:00+00:00
1766163600,5.932e-05,2025-12-19 17:00:00+00:00
1766167200,4.45e-05,2025-12-19 18:00:00+00:00
1766170800,3.21e-05,2025-12-19 19:00:00+00:00
1766174400,2.688e-05,2025-12-19 20:00:00+00:00
1766178000,1.9e-05,2025-12-19 21:00:00+00:00
1766181600,1.805e-05,2025-12-19 22:00:00+00:00
1766185200,1.938e-05,2025-12-19 23:00:00+00:00
1766188800,1.969e-05,2025-12-20 00:00:00+00:00
1766192400,2.899e-05,2025-12-20 01:00:00+00:00
1766196000,4.208e-05,2025-12-20 02:00:00+00:00
1766199600,4.656e-05,2025-12-20 03:00:00+00:00
1766203200,4.495e-05,2025-12-20 04:00:00+00:00
1766206800,3.406e-05,2025-12-20 05:00:00+00:00
1766210400,2.006e-05,2025-12-20 06:00:00+00:00
1766214000,1.909e-05,2025-12-20 07:00:00+00:00
1766217600,2.969e-05,2025-12-20 08:00:00+00:00
1766221200,3.427e-05,2025-12-20 09:00:00+00:00
1766224800,3.374e-05,2025-12-20 10:00:00+00:00
1766228400,4.738e-05,2025-12-20 11:00:00+00:00
1766232000,5.372e-05,2025-12-20 12:00:00+00:00
1766235600,4.538e-05,2025-12-20 13:00:00+00:00
1766239200,2.562e-05,2025-12-20 14:00:00+00:00
1766242800,9.5e-06,2025-12-20 15:00:00+00:00
1766246400,-2.4e-06,2025-12-20 16:00:00+00:00
1766250000,-3.62e-06,2025-12-20 17:00:00+00:00
1766253600,-8.71e-06,2025-12-20 18:00:00+00:00
1766257200,-1.498e-05,2025-12-20 19:00:00+00:00
1766260800,-1.137e-05,2025-12-20 20:00:00+00:00
1766264400,-3.9e-07,2025-12-20 21:00:00+00:00
1766268000,1.292e-05,2025-12-20 22:00:00+00:00
1766271600,1.814e-05,2025-12-20 23:00:00+00:00
1766275200,1.641e-05,2025-12-21 00:00:00+00:00
1766278800,2.415e-05,2025-12-21 01:00:00+00:00
1766282400,3.028e-05,2025-12-21 02:00:00+00:00
1766286000,5.189e-05,2025-12-21 03:00:00+00:00
1766289600,5.033e-05,2025-12-21 04:00:00+00:00
1766293200,4.913e-05,2025-12-21 05:00:00+00:00
1766296800,4.434e-05,2025-12-21 06:00:00+00:00
1766300400,4.184e-05,2025-12-21 07:00:00+00:00
1766304000,5.098e-05,2025-12-21 08:00:00+00:00
1766307600,5.868e-05,2025-12-21 09:00:00+00:00
1766311200,4.03e-05,2025-12-21 10:00:00+00:00
1766314800,2.743e-05,2025-12-21 11:00:00+00:00
1766318400,1.912e-05,2025-12-21 12:00:00+00:00
1766322000,8.94e-06,2025-12-21 13:00:00+00:00
1766325600,-5.4e-07,2025-12-21 14:00:00+00:00
1766329200,3.29e-06,2025-12-21 15:00:00+00:00
1766332800,1.506e-05,2025-12-21 16:00:00+00:00
1766336400,1.099e-05,2025-12-21 17:00:00+00:00
1766340000,1.212e-05,2025-12-21 18:00:00+00:00
1766343600,-3.82e-06,2025-12-21 19:00:00+00:00
1766347200,-2.88e-05,2025-12-21 20:00:00+00:00
1766350800,-4.108e-05,2025-12-21 21:00:00+00:00
1766354400,-3.944e-05,2025-12-21 22:00:00+00:00
1766358000,-2.319e-05,2025-12-21 23:00:00+00:00
1766361600,3.23e-06,2025-12-22 00:00:00+00:00
1766365200,1.72e-05,2025-12-22 01:00:00+00:00
1766368800,8.17e-06,2025-12-22 02:00:00+00:00
1766372400,9.69e-06,2025-12-22 03:00:00+00:00
1766376000,8.71e-06,2025-12-22 04:00:00+00:00
1766379600,1.357e-05,2025-12-22 05:00:00+00:00
1766383200,1.181e-05,2025-12-22 06:00:00+00:00
1766386800,5.23e-06,2025-12-22 07:00:00+00:00
1766390400,9.75e-06,2025-12-22 08:00:00+00:00
1766394000,1.678e-05,2025-12-22 09:00:00+00:00
1766397600,9.1e-06,2025-12-22 10:00:00+00:00
1766401200,7.1e-07,2025-12-22 11:00:00+00:00
1766404800,-8.13e-06,2025-12-22 12:00:00+00:00
1766408400,-1.124e-05,2025-12-22 13:00:00+00:00
1766412000,-6.05e-06,2025-12-22 14:00:00+00:00
1766415600,-5.86e-06,2025-12-22 15:00:00+00:00
1766419200,3.4e-06,2025-12-22 16:00:00+00:00
1766422800,1.669e-05,2025-12-22 17:00:00+00:00
1766426400,2.696e-05,2025-12-22 18:00:00+00:00
1766430000,3.535e-05,2025-12-22 19:00:00+00:00
1766433600,3.536e-05,2025-12-22 20:00:00+00:00
1766437200,3.31e-05,2025-12-22 21:00:00+00:00
1766440800,3.391e-05,2025-12-22 22:00:00+00:00
1766444400,3.835e-05,2025-12-22 23:00:00+00:00
1766448000,5.281e-05,2025-12-23 00:00:00+00:00
1766451600,6.638e-05,2025-12-23 01:00:00+00:00
1766455200,8.329e-05,2025-12-23 02:00:00+00:00
1766458800,9.705e-05,2025-12-23 03:00:00+00:00
1766462400,9.3e-05,2025-12-23 04:00:00+00:00
1766466000,8.448e-05,2025-12-23 05:00:00+00:00
1766469600,7.941e-05,2025-12-23 06:00:00+00:00
1766473200,6.79e-05,2025-12-23 07:00:00+00:00
1766476800,6.391e-05,2025-12-23 08:00:00+00:00
1766480400,6.034e-05,2025-12-23 09:00:00+00:00
1766484000,5.17e-05,2025-12-23 10:00:00+00:00
1766487600,2.777e-05,2025-12-23 11:00:00+00:00
1766491200,1.094e-05,2025-12-23 12:00:00+00:00
1766494800,3.55e-06,2025-12-23 13:00:00+00:00
1766498400,1.631e-05,2025-12-23 14:00:00+00:00
1766502000,2.554e-05,2025-12-23 15:00:00+00:00
1766505600,2.169e-05,2025-12-23 16:00:00+00:00
1766509200,1.17e-05,2025-12-23 17:00:00+00:00
1766512800,2.576e-05,2025-12-23 18:00:00+00:00
1766516400,4.534e-05,2025-12-23 19:00:00+00:00
1766520000,5.3e-05,2025-12-23 20:00:00+00:00
1766523600,5.461e-05,2025-12-23 21:00:00+00:00
1766527200,4.477e-05,2025-12-23 22:00:00+00:00
1766530800,2.667e-05,2025-12-23 23:00:00+00:00
1766534400,1.819e-05,2025-12-24 00:00:00+00:00
1766538000,5.43e-06,2025-12-24 01:00:00+00:00
1766541600,4.05e-06,2025-12-24 02:00:00+00:00
1766545200,2.08e-06,2025-12-24 03:00:00+00:00
1766548800,1.221e-05,2025-12-24 04:00:00+00:00
1766552400,2.402e-05,2025-12-24 05:00:00+00:00
1766556000,4.523e-05,2025-12-24 06:00:00+00:00
1766559600,6.182e-05,2025-12-24 07:00:00+00:00
1766563200,7.53e-05,2025-12-24 08:00:00+00:00
1766566800,8.5e-05,2025-12-24 09:00:00+00:00
1766570400,8.701e-05,2025-12-24 10:00:00+00:00
1766574000,8.71e-05,2025-12-24 11:00:00+00:00
1766577600,6.93e-05,2025-12-24 12:00:00+00:00
1766581200,6.153e-05,2025-12-24 13:00:00+00:00
1766584800,5.117e-05,2025-12-24 14:00:00+00:00
1766588400,5.629e-05,2025-12-24 15:00:00+00:00
1766592000,6.162e-05,2025-12-24 16:00:00+00:00
1766595600,6.406e-05,2025-12-24 17:00:00+00:00
1766599200,6.714e-05,2025-12-24 18:00:00+00:00
1766602800,6.734e-05,2025-12-24 19:00:00+00:00
1766606400,7.12e-05,2025-12-24 20:00:00+00:00
1766610000,6.33e-05,2025-12-24 21:00:00+00:00
1766613600,6.695e-05,2025-12-24 22:00:00+00:00
1766617200,6.527e-05,2025-12-24 23:00:00+00:00
1766620800,5.806e-05,2025-12-25 00:00:00+00:00
1766624400,6.255e-05,2025-12-25 01:00:00+00:00
1766628000,6.396e-05,2025-12-25 02:00:00+00:00
1766631600,5.773e-05,2025-12-25 03:00:00+00:00
1766635200,5.435e-05,2025-12-25 04:00:00+00:00
1766638800,5.4e-05,2025-12-25 05:00:00+00:00
1766642400,6.089e-05,2025-12-25 06:00:00+00:00
1766646000,6.688e-05,2025-12-25 07:00:00+00:00
1766649600,6.975e-05,2025-12-25 08:00:00+00:00
1766653200,7.457e-05,2025-12-25 09:00:00+00:00
1766656800,8.02e-05,2025-12-25 10:00:00+00:00
1766660400,7.527e-05,2025-12-25 11:00:00+00:00
1766664000,6.559e-05,2025-12-25 12:00:00+00:00
1766667600,5.717e-05,2025-12-25 13:00:00+00:00
1766671200,5.342e-05,2025-12-25 14:00:00+00:00
1766674800,5.029e-05,2025-12-25 15:00:00+00:00
1766678400,4.06e-05,2025-12-25 16:00:00+00:00
1766682000,5.608e-05,2025-12-25 17:00:00+00:00
1766685600,6.462e-05,2025-12-25 18:00:00+00:00
1766689200,6.758e-05,2025-12-25 19:00:00+00:00
1766692800,7.374e-05,2025-12-25 20:00:00+00:00
1766696400,8.23e-05,2025-12-25 21:00:00+00:00
1766700000,7.706e-05,2025-12-25 22:00:00+00:00
1766703600,5.119e-05,2025-12-25 23:00:00+00:00
1766707200,3.301e-05,2025-12-26 00:00:00+00:00
1766710800,2.792e-05,2025-12-26 01:00:00+00:00
1766714400,4.189e-05,2025-12-26 02:00:00+00:00
1766718000,4.893e-05,2025-12-26 03:00:00+00:00
1766721600,5.107e-05,2025-12-26 04:00:00+00:00
1766725200,5.964e-05,2025-12-26 05:00:00+00:00
1766728800,6.589e-05,2025-12-26 06:00:00+00:00
1766732400,6.501e-05,2025-12-26 07:00:00+00:00
1766736000,7.468e-05,2025-12-26 08:00:00+00:00
1766739600,9.059e-05,2025-12-26 09:00:00+00:00
1766743200,0.0001,2025-12-26 10:00:00+00:00
1766746800,9.964e-05,2025-12-26 11:00:00+00:00
1766750400,8.347e-05,2025-12-26 12:00:00+00:00
1766754000,7.43e-05,2025-12-26 13:00:00+00:00
1766757600,5.298e-05,2025-12-26 14:00:00+00:00
1766761200,3.458e-05,2025-12-26 15:00:00+00:00
1766764800,7.44e-06,2025-12-26 16:00:00+00:00
1766768400,-1e-06,2025-12-26 17:00:00+00:00
1766772000,5.93e-06,2025-12-26 18:00:00+00:00
1766775600,1.71e-05,2025-12-26 19:00:00+00:00
1766779200,2.915e-05,2025-12-26 20:00:00+00:00
1766782800,3.257e-05,2025-12-26 21:00:00+00:00
1766786400,4.095e-05,2025-12-26 22:00:00+00:00
1766790000,4.038e-05,2025-12-26 23:00:00+00:00
1766793600,4.607e-05,2025-12-27 00:00:00+00:00
1766797200,5.334e-05,2025-12-27 01:00:00+00:00
1766800800,6.085e-05,2025-12-27 02:00:00+00:00
1766804400,5.443e-05,2025-12-27 03:00:00+00:00
1766808000,4.514e-05,2025-12-27 04:00:00+00:00
1766811600,2.397e-05,2025-12-27 05:00:00+00:00
1766815200,2.29e-06,2025-12-27 06:00:00+00:00
1766818800,-4.65e-06,2025-12-27 07:00:00+00:00
1766822400,-1.166e-05,2025-12-27 08:00:00+00:00
1766826000,-2.81e-06,2025-12-27 09:00:00+00:00
1766829600,2.244e-05,2025-12-27 10:00:00+00:00
1766833200,4.329e-05,2025-12-27 11:00:00+00:00
1766836800,6.539e-05,2025-12-27 12:00:00+00:00
1766840400,7.506e-05,2025-12-27 13:00:00+00:00
1766844000,8.448e-05,2025-12-27 14:00:00+00:00
1766847600,8.176e-05,2025-12-27 15:00:00+00:00
1766851200,8.189e-05,2025-12-27 16:00:00+00:00
1766854800,8.377e-05,2025-12-27 17:00:00+00:00
1766858400,8.052e-05,2025-12-27 18:00:00+00:00
1766862000,7.426e-05,2025-12-27 19:00:00+00:00
1766865600,5.59e-05,2025-12-27 20:00:00+00:00
1766869200,4.437e-05,2025-12-27 21:00:00+00:00
1766872800,4.559e-05,2025-12-27 22:00:00+00:00
1766876400,5.192e-05,2025-12-27 23:00:00+00:00
1766880000,4.722e-05,2025-12-28 00:00:00+00:00
1766883600,4.793e-05,2025-12-28 01:00:00+00:00
1766887200,5.074e-05,2025-12-28 02:00:00+00:00
1766890800,5.417e-05,2025-12-28 03:00:00+00:00
1766894400,6.152e-05,2025-12-28 04:00:00+00:00
1766898000,7.059e-05,2025-12-28 05:00:00+00:00
1766901600,7.902e-05,2025-12-28 06:00:00+00:00
1766905200,7.88e-05,2025-12-28 07:00:00+00:00
1766908800,8.191e-05,2025-12-28 08:00:00+00:00
1766912400,8.426e-05,2025-12-28 09:00:00+00:00
1766916000,8.436e-05,2025-12-28 10:00:00+00:00
1766919600,7.947e-05,2025-12-28 11:00:00+00:00
1766923200,6.94e-05,2025-12-28 12:00:00+00:00
1766926800,6.15e-05,2025-12-28 13:00:00+00:00
1766930400,5.965e-05,2025-12-28 14:00:00+00:00
1766934000,4.862e-05,2025-12-28 15:00:00+00:00
1766937600,4.939e-05,2025-12-28 16:00:00+00:00
1766941200,6.36e-05,2025-12-28 17:00:00+00:00
1766944800,8.182e-05,2025-12-28 18:00:00+00:00
1766948400,8.607e-05,2025-12-28 19:00:00+00:00
1766952000,9.831e-05,2025-12-28 20:00:00+00:00
1766955600,0.0001,2025-12-28 21:00:00+00:00
1766959200,0.0001,2025-12-28 22:00:00+00:00
1766962800,9.172e-05,2025-12-28 23:00:00+00:00
1766966400,9.622e-05,2025-12-29 00:00:00+00:00
1766970000,9.276e-05,2025-12-29 01:00:00+00:00
1766973600,0.0001,2025-12-29 02:00:00+00:00
1766980800,9.51e-05,2025-12-29 04:00:00+00:00
1766984400,9.292e-05,2025-12-29 05:00:00+00:00
1766988000,8.208e-05,2025-12-29 06:00:00+00:00
1766991600,8.473e-05,2025-12-29 07:00:00+00:00
1766995200,9.075e-05,2025-12-29 08:00:00+00:00
1766998800,9.173e-05,2025-12-29 09:00:00+00:00
1767002400,8.245e-05,2025-12-29 10:00:00+00:00
1767006000,7.959e-05,2025-12-29 11:00:00+00:00
1767009600,6.634e-05,2025-12-29 12:00:00+00:00
1767013200,5.15e-05,2025-12-29 13:00:00+00:00
1767016800,3.815e-05,2025-12-29 14:00:00+00:00
1767020400,1.885e-05,2025-12-29 15:00:00+00:00
1767024000,1.937e-05,2025-12-29 16:00:00+00:00
1767027600,2.371e-05,2025-12-29 17:00:00+00:00
1767031200,1.899e-05,2025-12-29 18:00:00+00:00
1767034800,8.59e-06,2025-12-29 19:00:00+00:00
1767038400,-1.52e-06,2025-12-29 20:00:00+00:00
1767042000,-1.195e-05,2025-12-29 21:00:00+00:00
1767045600,-1.012e-05,2025-12-29 22:00:00+00:00
1767049200,-1.544e-05,2025-12-29 23:00:00+00:00
1767052800,-1.671e-05,2025-12-30 00:00:00+00:00
1767056400,-7.13e-06,2025-12-30 01:00:00+00:00
1767060000,8.04e-06,2025-12-30 02:00:00+00:00
1767063600,2.567e-05,2025-12-30 03:00:00+00:00
1767067200,1.875e-05,2025-12-30 04:00:00+00:00
1767070800,1.858e-05,2025-12-30 05:00:00+00:00
1767074400,3.481e-05,2025-12-30 06:00:00+00:00
1767078000,3.92e-05,2025-12-30 07:00:00+00:00
1767081600,6.791e-05,2025-12-30 08:00:00+00:00
1767085200,9.332e-05,2025-12-30 09:00:00+00:00
1767088800,0.0001,2025-12-30 10:00:00+00:00
1767110400,0.0001,2025-12-30 16:00:00+00:00
1767124800,8.259e-05,2025-12-30 20:00:00+00:00
1767128400,6.917e-05,2025-12-30 21:00:00+00:00
1767132000,5.905e-05,2025-12-30 22:00:00+00:00
1767135600,5.185e-05,2025-12-30 23:00:00+00:00
1767139200,5.305e-05,2025-12-31 00:00:00+00:00
1767142800,5.705e-05,2025-12-31 01:00:00+00:00
1767146400,4.98e-05,2025-12-31 02:00:00+00:00
1767150000,2.922e-05,2025-12-31 03:00:00+00:00
1767153600,1.693e-05,2025-12-31 04:00:00+00:00
1767157200,1.912e-05,2025-12-31 05:00:00+00:00
1767160800,1.406e-05,2025-12-31 06:00:00+00:00
1767164400,1.185e-05,2025-12-31 07:00:00+00:00
1767168000,1.363e-05,2025-12-31 08:00:00+00:00
1767171600,1.628e-05,2025-12-31 09:00:00+00:00
1767175200,1.966e-05,2025-12-31 10:00:00+00:00
1767178800,2.008e-05,2025-12-31 11:00:00+00:00
1767182400,1.694e-05,2025-12-31 12:00:00+00:00
1767186000,3.198e-05,2025-12-31 13:00:00+00:00
1767189600,4.219e-05,2025-12-31 14:00:00+00:00
1767193200,3.527e-05,2025-12-31 15:00:00+00:00
1767196800,4.065e-05,2025-12-31 16:00:00+00:00
1767200400,5.203e-05,2025-12-31 17:00:00+00:00
1767204000,6.684e-05,2025-12-31 18:00:00+00:00
1767207600,7.97e-05,2025-12-31 19:00:00+00:00
1767211200,9.863e-05,2025-12-31 20:00:00+00:00
1767214800,0.0001,2025-12-31 21:00:00+00:00
1767225600,0.0001,2026-01-01 00:00:00+00:00
1767232800,8.352e-05,2026-01-01 02:00:00+00:00
1767236400,7.369e-05,2026-01-01 03:00:00+00:00
1767240000,6.972e-05,2026-01-01 04:00:00+00:00
1767243600,7.745e-05,2026-01-01 05:00:00+00:00
1767247200,7.981e-05,2026-01-01 06:00:00+00:00
1767250800,8.774e-05,2026-01-01 07:00:00+00:00
1767254400,9.506e-05,2026-01-01 08:00:00+00:00
1767258000,9.231e-05,2026-01-01 09:00:00+00:00
1767261600,7.063e-05,2026-01-01 10:00:00+00:00
1767265200,4.558e-05,2026-01-01 11:00:00+00:00
1767268800,2.149e-05,2026-01-01 12:00:00+00:00
1767272400,1.67e-06,2026-01-01 13:00:00+00:00
1767276000,-1.171e-05,2026-01-01 14:00:00+00:00
1767279600,-5.84e-06,2026-01-01 15:00:00+00:00
1767283200,1.365e-05,2026-01-01 16:00:00+00:00
1767286800,4.377e-05,2026-01-01 17:00:00+00:00
1767290400,6.111e-05,2026-01-01 18:00:00+00:00
1767294000,7.494e-05,2026-01-01 19:00:00+00:00
1767297600,7.464e-05,2026-01-01 20:00:00+00:00
1767301200,7.421e-05,2026-01-01 21:00:00+00:00
1767304800,6.654e-05,2026-01-01 22:00:00+00:00
1767308400,5.106e-05,2026-01-01 23:00:00+00:00
1767312000,2.984e-05,2026-01-02 00:00:00+00:00
1767315600,2.332e-05,2026-01-02 01:00:00+00:00
1767319200,2.11e-05,2026-01-02 02:00:00+00:00
1767322800,3.48e-05,2026-01-02 03:00:00+00:00
1767326400,2.265e-05,2026-01-02 04:00:00+00:00
1767330000,2.832e-05,2026-01-02 05:00:00+00:00
1767333600,2.691e-05,2026-01-02 06:00:00+00:00
1767337200,3.085e-05,2026-01-02 07:00:00+00:00
1767340800,3.359e-05,2026-01-02 08:00:00+00:00
1767344400,5.27e-05,2026-01-02 09:00:00+00:00
1767348000,7.92e-05,2026-01-02 10:00:00+00:00
1767351600,9.889e-05,2026-01-02 11:00:00+00:00
1767355200,0.0001,2026-01-02 12:00:00+00:00
1767369600,0.0001,2026-01-02 16:00:00+00:00
1767373200,8.245e-05,2026-01-02 17:00:00+00:00
1767376800,7.501e-05,2026-01-02 18:00:00+00:00
1767380400,7.52e-05,2026-01-02 19:00:00+00:00
1767384000,5.416e-05,2026-01-02 20:00:00+00:00
1767387600,4.807e-05,2026-01-02 21:00:00+00:00
1767391200,5.089e-05,2026-01-02 22:00:00+00:00
1767394800,5.183e-05,2026-01-02 23:00:00+00:00
1767398400,4.35e-05,2026-01-03 00:00:00+00:00
1767402000,2.008e-05,2026-01-03 01:00:00+00:00
1767405600,2.59e-06,2026-01-03 02:00:00+00:00
1767409200,-3.98e-06,2026-01-03 03:00:00+00:00
1767412800,-7.88e-06,2026-01-03 04:00:00+00:00
1767416400,3.44e-06,2026-01-03 05:00:00+00:00
1767420000,1.697e-05,2026-01-03 06:00:00+00:00
1767423600,3.421e-05,2026-01-03 07:00:00+00:00
1767427200,5.849e-05,2026-01-03 08:00:00+00:00
1767430800,7.446e-05,2026-01-03 09:00:00+00:00
1767434400,7.988e-05,2026-01-03 10:00:00+00:00
1767438000,7.737e-05,2026-01-03 11:00:00+00:00
1767441600,6.486e-05,2026-01-03 12:00:00+00:00
1767445200,4.477e-05,2026-01-03 13:00:00+00:00
1767448800,2.542e-05,2026-01-03 14:00:00+00:00
1767452400,3.231e-05,2026-01-03 15:00:00+00:00
1767456000,4.562e-05,2026-01-03 16:00:00+00:00
1767459600,6.356e-05,2026-01-03 17:00:00+00:00
1767463200,7.699e-05,2026-01-03 18:00:00+00:00
1767466800,8.419e-05,2026-01-03 19:00:00+00:00
1767470400,9.331e-05,2026-01-03 20:00:00+00:00
1767474000,9.979e-05,2026-01-03 21:00:00+00:00
1767477600,9.041e-05,2026-01-03 22:00:00+00:00
1767481200,7.652e-05,2026-01-03 23:00:00+00:00
1767484800,7.967e-05,2026-01-04 00:00:00+00:00
1767488400,6.538e-05,2026-01-04 01:00:00+00:00
1767492000,5.046e-05,2026-01-04 02:00:00+00:00
1767495600,3.323e-05,2026-01-04 03:00:00+00:00
1767499200,1.472e-05,2026-01-04 04:00:00+00:00
1767502800,5.92e-06,2026-01-04 05:00:00+00:00
1767506400,2.5e-07,2026-01-04 06:00:00+00:00
1767510000,2.12e-06,2026-01-04 07:00:00+00:00
1767513600,6.9e-06,2026-01-04 08:00:00+00:00
1767517200,2.374e-05,2026-01-04 09:00:00+00:00
1767520800,2.964e-05,2026-01-04 10:00:00+00:00
1767524400,3.274e-05,2026-01-04 11:00:00+00:00
1767528000,4.036e-05,2026-01-04 12:00:00+00:00
1767531600,5.07e-05,2026-01-04 13:00:00+00:00
1767535200,6.176e-05,2026-01-04 14:00:00+00:00
1767538800,7.154e-05,2026-01-04 15:00:00+00:00
1767542400,8.837e-05,2026-01-04 16:00:00+00:00
1767546000,8.604e-05,2026-01-04 17:00:00+00:00
1767549600,8.133e-05,2026-01-04 18:00:00+00:00
1767553200,7.523e-05,2026-01-04 19:00:00+00:00
1767556800,6.876e-05,2026-01-04 20:00:00+00:00
1767560400,6.848e-05,2026-01-04 21:00:00+00:00
1767564000,6.64e-05,2026-01-04 22:00:00+00:00
1767567600,7.926e-05,2026-01-04 23:00:00+00:00
1767571200,8.588e-05,2026-01-05 00:00:00+00:00
1767574800,9.731e-05,2026-01-05 01:00:00+00:00
1767578400,9.706e-05,2026-01-05 02:00:00+00:00
1767582000,9.049e-05,2026-01-05 03:00:00+00:00
1767585600,7.425e-05,2026-01-05 04:00:00+00:00
1767589200,4.101e-05,2026-01-05 05:00:00+00:00
1767592800,1.068e-05,2026-01-05 06:00:00+00:00
1767596400,9.5e-06,2026-01-05 07:00:00+00:00
1767600000,1.395e-05,2026-01-05 08:00:00+00:00
1767603600,2.517e-05,2026-01-05 09:00:00+00:00
1767607200,3.806e-05,2026-01-05 10:00:00+00:00
1767610800,4.073e-05,2026-01-05 11:00:00+00:00
1767614400,4.037e-05,2026-01-05 12:00:00+00:00
1767618000,4.676e-05,2026-01-05 13:00:00+00:00
1767621600,5.059e-05,2026-01-05 14:00:00+00:00
1767625200,4.996e-05,2026-01-05 15:00:00+00:00
1767628800,6.118e-05,2026-01-05 16:00:00+00:00
1767632400,6.917e-05,2026-01-05 17:00:00+00:00
1767636000,8.58e-05,2026-01-05 18:00:00+00:00
1767639600,8.637e-05,2026-01-05 19:00:00+00:00
1767643200,8.371e-05,2026-01-05 20:00:00+00:00
1767646800,9.13e-05,2026-01-05 21:00:00+00:00
1767650400,9.264e-05,2026-01-05 22:00:00+00:00
1767654000,8.035e-05,2026-01-05 23:00:00+00:00
1767657600,7.547e-05,2026-01-06 00:00:00+00:00
1767661200,7.045e-05,2026-01-06 01:00:00+00:00
1767664800,7.271e-05,2026-01-06 02:00:00+00:00
1767668400,6.925e-05,2026-01-06 03:00:00+00:00
1767672000,6.213e-05,2026-01-06 04:00:00+00:00
1767675600,4.756e-05,2026-01-06 05:00:00+00:00
1767679200,6.177e-05,2026-01-06 06:00:00+00:00
1767682800,6.905e-05,2026-01-06 07:00:00+00:00
1767686400,7.245e-05,2026-01-06 08:00:00+00:00
1767690000,8.014e-05,2026-01-06 09:00:00+00:00
1767693600,7.882e-05,2026-01-06 10:00:00+00:00
1767697200,6.902e-05,2026-01-06 11:00:00+00:00
1767700800,5.065e-05,2026-01-06 12:00:00+00:00
1767704400,3.069e-05,2026-01-06 13:00:00+00:00
1767708000,4.558e-05,2026-01-06 14:00:00+00:00
1767711600,4.25e-05,2026-01-06 15:00:00+00:00
1767715200,3.256e-05,2026-01-06 16:00:00+00:00
1767718800,3.066e-05,2026-01-06 17:00:00+00:00
1767722400,2.499e-05,2026-01-06 18:00:00+00:00
1767726000,2.578e-05,2026-01-06 19:00:00+00:00
1767729600,1.68e-05,2026-01-06 20:00:00+00:00
1767733200,2.659e-05,2026-01-06 21:00:00+00:00
1767736800,4.698e-05,2026-01-06 22:00:00+00:00
1767740400,7.672e-05,2026-01-06 23:00:00+00:00
1767744000,9.111e-05,2026-01-07 00:00:00+00:00
1767747600,0.0001,2026-01-07 01:00:00+00:00
1767751200,0.0001,2026-01-07 02:00:00+00:00
1767758400,8.951e-05,2026-01-07 04:00:00+00:00
1767762000,8.832e-05,2026-01-07 05:00:00+00:00
1767765600,7.635e-05,2026-01-07 06:00:00+00:00
1767769200,7.268e-05,2026-01-07 07:00:00+00:00
1767772800,6.944e-05,2026-01-07 08:00:00+00:00
1767776400,5.475e-05,2026-01-07 09:00:00+00:00
1767780000,3.51e-05,2026-01-07 10:00:00+00:00
1767783600,1.516e-05,2026-01-07 11:00:00+00:00
1767787200,6.19e-06,2026-01-07 12:00:00+00:00
1767790800,1.047e-05,2026-01-07 13:00:00+00:00
1767794400,2.311e-05,2026-01-07 14:00:00+00:00
1767798000,3.868e-05,2026-01-07 15:00:00+00:00
1767801600,5.85e-05,2026-01-07 16:00:00+00:00
1767805200,7.299e-05,2026-01-07 17:00:00+00:00
1767808800,8.662e-05,2026-01-07 18:00:00+00:00
1767812400,9.771e-05,2026-01-07 19:00:00+00:00
1767816000,9.448e-05,2026-01-07 20:00:00+00:00
1767819600,8.802e-05,2026-01-07 21:00:00+00:00
1767823200,8.39e-05,2026-01-07 22:00:00+00:00
1767826800,7.088e-05,2026-01-07 23:00:00+00:00
1767830400,7.185e-05,2026-01-08 00:00:00+00:00
1767834000,7.756e-05,2026-01-08 01:00:00+00:00
1767837600,7.638e-05,2026-01-08 02:00:00+00:00
1767841200,8.566e-05,2026-01-08 03:00:00+00:00
1767844800,8.709e-05,2026-01-08 04:00:00+00:00
1767848400,8.679e-05,2026-01-08 05:00:00+00:00
1767852000,9.2e-05,2026-01-08 06:00:00+00:00
1767855600,7.728e-05,2026-01-08 07:00:00+00:00
1767859200,7.463e-05,2026-01-08 08:00:00+00:00
1767862800,7.982e-05,2026-01-08 09:00:00+00:00
1767866400,8.734e-05,2026-01-08 10:00:00+00:00
1767870000,6.35e-05,2026-01-08 11:00:00+00:00
1767873600,3.843e-05,2026-01-08 12:00:00+00:00
1767877200,2.14e-05,2026-01-08 13:00:00+00:00
1767880800,7.58e-06,2026-01-08 14:00:00+00:00
1767884400,-1.29e-06,2026-01-08 15:00:00+00:00
1767888000,3.6e-07,2026-01-08 16:00:00+00:00
1767891600,-7.3e-07,2026-01-08 17:00:00+00:00
1767895200,-5.16e-06,2026-01-08 18:00:00+00:00
1767898800,7.89e-06,2026-01-08 19:00:00+00:00
1767902400,3.402e-05,2026-01-08 20:00:00+00:00
1767906000,5.656e-05,2026-01-08 21:00:00+00:00
1767909600,6.654e-05,2026-01-08 22:00:00+00:00
1767913200,6.634e-05,2026-01-08 23:00:00+00:00
1767916800,7.652e-05,2026-01-09 00:00:00+00:00
1767920400,8.342e-05,2026-01-09 01:00:00+00:00
1767924000,7.63e-05,2026-01-09 02:00:00+00:00
1767927600,6.727e-05,2026-01-09 03:00:00+00:00
1767931200,5.677e-05,2026-01-09 04:00:00+00:00
1767934800,5.279e-05,2026-01-09 05:00:00+00:00
1767938400,4.329e-05,2026-01-09 06:00:00+00:00
1767942000,3.757e-05,2026-01-09 07:00:00+00:00
1767945600,5.456e-05,2026-01-09 08:00:00+00:00
1767949200,5.73e-05,2026-01-09 09:00:00+00:00
1767952800,5.666e-05,2026-01-09 10:00:00+00:00
1767956400,5.155e-05,2026-01-09 11:00:00+00:00
1767960000,4.878e-05,2026-01-09 12:00:00+00:00
1767963600,4.376e-05,2026-01-09 13:00:00+00:00
1767967200,4.113e-05,2026-01-09 14:00:00+00:00
1767970800,5.432e-05,2026-01-09 15:00:00+00:00
1767974400,7.263e-05,2026-01-09 16:00:00+00:00
1767978000,8.598e-05,2026-01-09 17:00:00+00:00
1767981600,9.674e-05,2026-01-09 18:00:00+00:00
1767985200,9.285e-05,2026-01-09 19:00:00+00:00
1767988800,9.643e-05,2026-01-09 20:00:00+00:00
1767992400,9.653e-05,2026-01-09 21:00:00+00:00
1767996000,9.468e-05,2026-01-09 22:00:00+00:00
1767999600,8.951e-05,2026-01-09 23:00:00+00:00
1768003200,9.671e-05,2026-01-10 00:00:00+00:00
1768006800,0.0001,2026-01-10 01:00:00+00:00
1768032000,0.0001,2026-01-10 08:00:00+00:00
1768050000,8.158e-05,2026-01-10 13:00:00+00:00
1768053600,6.592e-05,2026-01-10 14:00:00+00:00
1768057200,5.313e-05,2026-01-10 15:00:00+00:00
1768060800,4.413e-05,2026-01-10 16:00:00+00:00
1768064400,3.195e-05,2026-01-10 17:00:00+00:00
1768068000,3.164e-05,2026-01-10 18:00:00+00:00
1768071600,4.054e-05,2026-01-10 19:00:00+00:00
1768075200,5.645e-05,2026-01-10 20:00:00+00:00
1768078800,7.591e-05,2026-01-10 21:00:00+00:00
1768082400,8.895e-05,2026-01-10 22:00:00+00:00
1768086000,9.773e-05,2026-01-10 23:00:00+00:00
1768089600,0.0001,2026-01-11 00:00:00+00:00
1768100400,9.225e-05,2026-01-11 03:00:00+00:00
1768104000,7.986e-05,2026-01-11 04:00:00+00:00
1768107600,6.507e-05,2026-01-11 05:00:00+00:00
1768111200,6.753e-05,2026-01-11 06:00:00+00:00
1768114800,6.573e-05,2026-01-11 07:00:00+00:00
1768118400,6.51e-05,2026-01-11 08:00:00+00:00
1768122000,6.953e-05,2026-01-11 09:00:00+00:00
1768125600,7.585e-05,2026-01-11 10:00:00+00:00
1768129200,6.697e-05,2026-01-11 11:00:00+00:00
1768132800,5.846e-05,2026-01-11 12:00:00+00:00
1768136400,4.57e-05,2026-01-11 13:00:00+00:00
1768140000,5.03e-05,2026-01-11 14:00:00+00:00
1768143600,5.876e-05,2026-01-11 15:00:00+00:00
1768147200,8.133e-05,2026-01-11 16:00:00+00:00
1768150800,0.0001,2026-01-11 17:00:00+00:00
1768176000,9.021e-05,2026-01-12 00:00:00+00:00
1768179600,8.622e-05,2026-01-12 01:00:00+00:00
1768183200,8.873e-05,2026-01-12 02:00:00+00:00
1768186800,8.411e-05,2026-01-12 03:00:00+00:00
1768190400,7.837e-05,2026-01-12 04:00:00+00:00
1768194000,6.509e-05,2026-01-12 05:00:00+00:00
1768197600,4.904e-05,2026-01-12 06:00:00+00:00
1768201200,3.472e-05,2026-01-12 07:00:00+00:00
1768204800,2.913e-05,2026-01-12 08:00:00+00:00
1768208400,3.214e-05,2026-01-12 09:00:00+00:00
1768212000,4.825e-05,2026-01-12 10:00:00+00:00
1768215600,5.834e-05,2026-01-12 11:00:00+00:00
1768219200,5.485e-05,2026-01-12 12:00:00+00:00
1768222800,6.297e-05,2026-01-12 13:00:00+00:00
1768226400,6.325e-05,2026-01-12 14:00:00+00:00
1768230000,6.663e-05,2026-01-12 15:00:00+00:00
1768233600,7.088e-05,2026-01-12 16:00:00+00:00
1768237200,7.869e-05,2026-01-12 17:00:00+00:00
1768240800,8.943e-05,2026-01-12 18:00:00+00:00
1768244400,0.0001,2026-01-12 19:00:00+00:00
1768248000,9.206e-05,2026-01-12 20:00:00+00:00
1768251600,7.335e-05,2026-01-12 21:00:00+00:00
1768255200,5.505e-05,2026-01-12 22:00:00+00:00
1768258800,4.731e-05,2026-01-12 23:00:00+00:00
1768262400,3.81e-05,2026-01-13 00:00:00+00:00
1768266000,3.822e-05,2026-01-13 01:00:00+00:00
1768269600,3.883e-05,2026-01-13 02:00:00+00:00
1768273200,4.241e-05,2026-01-13 03:00:00+00:00
1768276800,4.846e-05,2026-01-13 04:00:00+00:00
1768280400,6.875e-05,2026-01-13 05:00:00+00:00
1768284000,8.75e-05,2026-01-13 06:00:00+00:00
1768287600,9.164e-05,2026-01-13 07:00:00+00:00
1768291200,0.0001,2026-01-13 08:00:00+00:00
1768305600,8.44e-05,2026-01-13 12:00:00+00:00
1768309200,6.895e-05,2026-01-13 13:00:00+00:00
1768312800,4.191e-05,2026-01-13 14:00:00+00:00
1768316400,2.673e-05,2026-01-13 15:00:00+00:00
1768320000,4.324e-05,2026-01-13 16:00:00+00:00
1768323600,5.231e-05,2026-01-13 17:00:00+00:00
1768327200,6.064e-05,2026-01-13 18:00:00+00:00
1768330800,6.351e-05,2026-01-13 19:00:00+00:00
1768334400,4.984e-05,2026-01-13 20:00:00+00:00
1768338000,5.096e-05,2026-01-13 21:00:00+00:00
1768341600,0.0001,2026-01-13 22:00:00+00:00
1768348800,0.0001,2026-01-14 00:00:00+00:00
1768377600,0.0001,2026-01-14 08:00:00+00:00
1768384800,0.0001,2026-01-14 10:00:00+00:00
1768402800,8.394e-05,2026-01-14 15:00:00+00:00
1768406400,6.025e-05,2026-01-14 16:00:00+00:00
1768410000,3.448e-05,2026-01-14 17:00:00+00:00
1768413600,3.532e-05,2026-01-14 18:00:00+00:00
1768417200,5.444e-05,2026-01-14 19:00:00+00:00
1768420800,6.684e-05,2026-01-14 20:00:00+00:00
1768424400,6.147e-05,2026-01-14 21:00:00+00:00
1768428000,6.173e-05,2026-01-14 22:00:00+00:00
1768431600,5.393e-05,2026-01-14 23:00:00+00:00
1768435200,5.585e-05,2026-01-15 00:00:00+00:00
1768438800,7.192e-05,2026-01-15 01:00:00+00:00
1768442400,7.048e-05,2026-01-15 02:00:00+00:00
1768446000,5.703e-05,2026-01-15 03:00:00+00:00
1768449600,4.447e-05,2026-01-15 04:00:00+00:00
1768453200,3.001e-05,2026-01-15 05:00:00+00:00
1768456800,1.159e-05,2026-01-15 06:00:00+00:00
1768460400,6.19e-06,2026-01-15 07:00:00+00:00
1768464000,1.477e-05,2026-01-15 08:00:00+00:00
1768467600,3.771e-05,2026-01-15 09:00:00+00:00
1768471200,8.069e-05,2026-01-15 10:00:00+00:00
1768474800,0.0001,2026-01-15 11:00:00+00:00
1768489200,9.722e-05,2026-01-15 15:00:00+00:00
1768492800,6.239e-05,2026-01-15 16:00:00+00:00
1768496400,1.991e-05,2026-01-15 17:00:00+00:00
1768500000,5.2e-06,2026-01-15 18:00:00+00:00
1768503600,1.04e-06,2026-01-15 19:00:00+00:00
1768507200,-2.92e-06,2026-01-15 20:00:00+00:00
1768510800,3.59e-06,2026-01-15 21:00:00+00:00
1768514400,1.712e-05,2026-01-15 22:00:00+00:00
1768518000,3.269e-05,2026-01-15 23:00:00+00:00
1768521600,3.317e-05,2026-01-16 00:00:00+00:00
1768525200,3.877e-05,2026-01-16 01:00:00+00:00
1768528800,3.949e-05,2026-01-16 02:00:00+00:00
1768532400,3.555e-05,2026-01-16 03:00:00+00:00
1768536000,3.512e-05,2026-01-16 04:00:00+00:00
1768539600,3.164e-05,2026-01-16 05:00:00+00:00
1768543200,2.706e-05,2026-01-16 06:00:00+00:00
1768546800,3.512e-05,2026-01-16 07:00:00+00:00
1768550400,4.808e-05,2026-01-16 08:00:00+00:00
1768554000,5.836e-05,2026-01-16 09:00:00+00:00
1768557600,6.76e-05,2026-01-16 10:00:00+00:00
1768561200,7.74e-05,2026-01-16 11:00:00+00:00
1768564800,7.539e-05,2026-01-16 12:00:00+00:00
1768568400,5.82e-05,2026-01-16 13:00:00+00:00
1768572000,3.671e-05,2026-01-16 14:00:00+00:00
1768575600,2.772e-05,2026-01-16 15:00:00+00:00
1768579200,3.959e-05,2026-01-16 16:00:00+00:00
1768582800,5.563e-05,2026-01-16 17:00:00+00:00
1768586400,6.693e-05,2026-01-16 18:00:00+00:00
1768590000,7.612e-05,2026-01-16 19:00:00+00:00
1768593600,9.194e-05,2026-01-16 20:00:00+00:00
1768597200,9.191e-05,2026-01-16 21:00:00+00:00
1768600800,9.332e-05,2026-01-16 22:00:00+00:00
1768604400,8.399e-05,2026-01-16 23:00:00+00:00
1768608000,7.423e-05,2026-01-17 00:00:00+00:00
1768611600,7.601e-05,2026-01-17 01:00:00+00:00
1768615200,8.254e-05,2026-01-17 02:00:00+00:00
1768618800,8.506e-05,2026-01-17 03:00:00+00:00
1768622400,8.708e-05,2026-01-17 04:00:00+00:00
1768626000,8.68e-05,2026-01-17 05:00:00+00:00
1768629600,8.243e-05,2026-01-17 06:00:00+00:00
1768633200,8.079e-05,2026-01-17 07:00:00+00:00
1768636800,9.316e-05,2026-01-17 08:00:00+00:00
1768640400,0.0001,2026-01-17 09:00:00+00:00
1768654800,8.797e-05,2026-01-17 13:00:00+00:00
1768658400,8.124e-05,2026-01-17 14:00:00+00:00
1768662000,6.09e-05,2026-01-17 15:00:00+00:00
1768665600,3.461e-05,2026-01-17 16:00:00+00:00
1768669200,2.399e-05,2026-01-17 17:00:00+00:00
1768672800,2.435e-05,2026-01-17 18:00:00+00:00
1768676400,2.462e-05,2026-01-17 19:00:00+00:00
1768680000,2.632e-05,2026-01-17 20:00:00+00:00
1768683600,2.993e-05,2026-01-17 21:00:00+00:00
1768687200,3.227e-05,2026-01-17 22:00:00+00:00
1768690800,3.787e-05,2026-01-17 23:00:00+00:00
1768694400,3.93e-05,2026-01-18 00:00:00+00:00
1768698000,4.775e-05,2026-01-18 01:00:00+00:00
1768701600,5.461e-05,2026-01-18 02:00:00+00:00
1768705200,6.064e-05,2026-01-18 03:00:00+00:00
1768708800,5.33e-05,2026-01-18 04:00:00+00:00
1768712400,5.002e-05,2026-01-18 05:00:00+00:00
1768716000,3.192e-05,2026-01-18 06:00:00+00:00
1768719600,1.403e-05,2026-01-18 07:00:00+00:00
1768723200,9.4e-07,2026-01-18 08:00:00+00:00
1768726800,1.83e-06,2026-01-18 09:00:00+00:00
1768730400,-2.05e-06,2026-01-18 10:00:00+00:00
1768734000,5.1e-07,2026-01-18 11:00:00+00:00
1768737600,4.37e-06,2026-01-18 12:00:00+00:00
1768741200,5.4e-06,2026-01-18 13:00:00+00:00
1768744800,1.314e-05,2026-01-18 14:00:00+00:00
1768748400,2.457e-05,2026-01-18 15:00:00+00:00
1768752000,3.382e-05,2026-01-18 16:00:00+00:00
1768755600,4.101e-05,2026-01-18 17:00:00+00:00
1768759200,5.264e-05,2026-01-18 18:00:00+00:00
1768762800,5.253e-05,2026-01-18 19:00:00+00:00
1768766400,5.645e-05,2026-01-18 20:00:00+00:00
1768770000,5.94e-05,2026-01-18 21:00:00+00:00
1768773600,6.471e-05,2026-01-18 22:00:00+00:00
1768777200,5.154e-05,2026-01-18 23:00:00+00:00
1768780800,3.703e-05,2026-01-19 00:00:00+00:00
1768784400,3.777e-05,2026-01-19 01:00:00+00:00
1768788000,4.179e-05,2026-01-19 02:00:00+00:00
1768791600,2.031e-05,2026-01-19 03:00:00+00:00
1768795200,-9.36e-06,2026-01-19 04:00:00+00:00
1768798800,-3.058e-05,2026-01-19 05:00:00+00:00
1768802400,-2.15e-05,2026-01-19 06:00:00+00:00
1768806000,-1.14e-05,2026-01-19 07:00:00+00:00
1768809600,-1.125e-05,2026-01-19 08:00:00+00:00
1768813200,-7.55e-06,2026-01-19 09:00:00+00:00
1768816800,-7.85e-06,2026-01-19 10:00:00+00:00
1768820400,-1.243e-05,2026-01-19 11:00:00+00:00
1768824000,-1.262e-05,2026-01-19 12:00:00+00:00
1768827600,-8.15e-06,2026-01-19 13:00:00+00:00
1768831200,6.74e-06,2026-01-19 14:00:00+00:00
1768834800,1.428e-05,2026-01-19 15:00:00+00:00
1768838400,2.678e-05,2026-01-19 16:00:00+00:00
1768842000,3.303e-05,2026-01-19 17:00:00+00:00
1768845600,4.211e-05,2026-01-19 18:00:00+00:00
1768849200,5.715e-05,2026-01-19 19:00:00+00:00
1768852800,6.841e-05,2026-01-19 20:00:00+00:00
1768856400,7.601e-05,2026-01-19 21:00:00+00:00
1768860000,8.192e-05,2026-01-19 22:00:00+00:00
1768863600,8.59e-05,2026-01-19 23:00:00+00:00
1768867200,8.642e-05,2026-01-20 00:00:00+00:00
1768870800,8.951e-05,2026-01-20 01:00:00+00:00
1768874400,8.269e-05,2026-01-20 02:00:00+00:00
1768878000,7.085e-05,2026-01-20 03:00:00+00:00
1768881600,7.047e-05,2026-01-20 04:00:00+00:00
1768885200,7.554e-05,2026-01-20 05:00:00+00:00
1768888800,6.628e-05,2026-01-20 06:00:00+00:00
1768892400,6.101e-05,2026-01-20 07:00:00+00:00
1768896000,5.711e-05,2026-01-20 08:00:00+00:00
1768899600,6.976e-05,2026-01-20 09:00:00+00:00
1768903200,6.861e-05,2026-01-20 10:00:00+00:00
1768906800,4.6e-05,2026-01-20 11:00:00+00:00
1768910400,2.865e-05,2026-01-20 12:00:00+00:00
1768914000,2.552e-05,2026-01-20 13:00:00+00:00
1768917600,3.007e-05,2026-01-20 14:00:00+00:00
1768921200,1.214e-05,2026-01-20 15:00:00+00:00
1768924800,-3.57e-06,2026-01-20 16:00:00+00:00
1768928400,-6.75e-06,2026-01-20 17:00:00+00:00
1768932000,9.8e-06,2026-01-20 18:00:00+00:00
1768935600,3.103e-05,2026-01-20 19:00:00+00:00
1768939200,5.397e-05,2026-01-20 20:00:00+00:00
1768942800,3.576e-05,2026-01-20 21:00:00+00:00
1768946400,2.703e-05,2026-01-20 22:00:00+00:00
1768950000,6.02e-06,2026-01-20 23:00:00+00:00
1768953600,7.54e-06,2026-01-21 00:00:00+00:00
1768957200,-4.6e-06,2026-01-21 01:00:00+00:00
1768960800,-1.115e-05,2026-01-21 02:00:00+00:00
1768964400,6.35e-06,2026-01-21 03:00:00+00:00
1768968000,1.03e-05,2026-01-21 04:00:00+00:00
1768971600,1.633e-05,2026-01-21 05:00:00+00:00
1768975200,1.52e-05,2026-01-21 06:00:00+00:00
1768978800,5.58e-06,2026-01-21 07:00:00+00:00
1768982400,-1.074e-05,2026-01-21 08:00:00+00:00
1768986000,-2.359e-05,2026-01-21 09:00:00+00:00
1768989600,-1.802e-05,2026-01-21 10:00:00+00:00
1768993200,-1.392e-05,2026-01-21 11:00:00+00:00
1768996800,-1.052e-05,2026-01-21 12:00:00+00:00
1769000400,-8.19e-06,2026-01-21 13:00:00+00:00
1769004000,5.57e-06,2026-01-21 14:00:00+00:00
1769007600,1.113e-05,2026-01-21 15:00:00+00:00
1769011200,2.44e-06,2026-01-21 16:00:00+00:00
1769014800,-9.75e-06,2026-01-21 17:00:00+00:00
1769018400,-2.055e-05,2026-01-21 18:00:00+00:00
1769022000,-1.333e-05,2026-01-21 19:00:00+00:00
1769025600,1.11e-06,2026-01-21 20:00:00+00:00
1769029200,1.196e-05,2026-01-21 21:00:00+00:00
1769032800,2.099e-05,2026-01-21 22:00:00+00:00
1769036400,2.108e-05,2026-01-21 23:00:00+00:00
1769040000,1.349e-05,2026-01-22 00:00:00+00:00
1769043600,1.324e-05,2026-01-22 01:00:00+00:00
1769047200,1.67e-05,2026-01-22 02:00:00+00:00
1769050800,3.176e-05,2026-01-22 03:00:00+00:00
1769054400,4.966e-05,2026-01-22 04:00:00+00:00
1769058000,6.609e-05,2026-01-22 05:00:00+00:00
1769061600,7.211e-05,2026-01-22 06:00:00+00:00
1769065200,7.673e-05,2026-01-22 07:00:00+00:00
1769068800,7.679e-05,2026-01-22 08:00:00+00:00
1769072400,7.746e-05,2026-01-22 09:00:00+00:00
1769076000,6.091e-05,2026-01-22 10:00:00+00:00
1769079600,3.91e-05,2026-01-22 11:00:00+00:00
1769083200,1.36e-05,2026-01-22 12:00:00+00:00
1769086800,-2.95e-06,2026-01-22 13:00:00+00:00
1769090400,-2.129e-05,2026-01-22 14:00:00+00:00
1769094000,-2.946e-05,2026-01-22 15:00:00+00:00
1769097600,-3.982e-05,2026-01-22 16:00:00+00:00
1769101200,-3.373e-05,2026-01-22 17:00:00+00:00
1769104800,-2.814e-05,2026-01-22 18:00:00+00:00
1769108400,-9.82e-06,2026-01-22 19:00:00+00:00
1769112000,6.87e-06,2026-01-22 20:00:00+00:00
1769115600,1.328e-05,2026-01-22 21:00:00+00:00
1769119200,1.995e-05,2026-01-22 22:00:00+00:00
1769122800,1.674e-05,2026-01-22 23:00:00+00:00
1769126400,1.793e-05,2026-01-23 00:00:00+00:00
1769130000,2.313e-05,2026-01-23 01:00:00+00:00
1769133600,1.931e-05,2026-01-23 02:00:00+00:00
1769137200,2.949e-05,2026-01-23 03:00:00+00:00
1769140800,3.399e-05,2026-01-23 04:00:00+00:00
1769144400,1.857e-05,2026-01-23 05:00:00+00:00
1769148000,2.679e-05,2026-01-23 06:00:00+00:00
1769151600,2.957e-05,2026-01-23 07:00:00+00:00
1769155200,1.579e-05,2026-01-23 08:00:00+00:00
1769158800,2.364e-05,2026-01-23 09:00:00+00:00
1769162400,4.146e-05,2026-01-23 10:00:00+00:00
1769166000,6.137e-05,2026-01-23 11:00:00+00:00
1769169600,7.606e-05,2026-01-23 12:00:00+00:00
1769173200,7.564e-05,2026-01-23 13:00:00+00:00
1769176800,5.745e-05,2026-01-23 14:00:00+00:00
1769180400,5.047e-05,2026-01-23 15:00:00+00:00
1769184000,3.978e-05,2026-01-23 16:00:00+00:00
1769187600,2.329e-05,2026-01-23 17:00:00+00:00
1769191200,1.868e-05,2026-01-23 18:00:00+00:00
1769194800,4.92e-06,2026-01-23 19:00:00+00:00
1769198400,1.2e-06,2026-01-23 20:00:00+00:00
1769202000,1.178e-05,2026-01-23 21:00:00+00:00
1769205600,2.92e-05,2026-01-23 22:00:00+00:00
1769209200,3.665e-05,2026-01-23 23:00:00+00:00
1769212800,3.943e-05,2026-01-24 00:00:00+00:00
1769216400,5.099e-05,2026-01-24 01:00:00+00:00
1769220000,5.589e-05,2026-01-24 02:00:00+00:00
1769223600,4.645e-05,2026-01-24 03:00:00+00:00
1769227200,2.938e-05,2026-01-24 04:00:00+00:00
1769230800,1.542e-05,2026-01-24 05:00:00+00:00
1769234400,6.55e-06,2026-01-24 06:00:00+00:00
1769238000,1.186e-05,2026-01-24 07:00:00+00:00
1769241600,3.384e-05,2026-01-24 08:00:00+00:00
1769245200,4.356e-05,2026-01-24 09:00:00+00:00
1769248800,5.032e-05,2026-01-24 10:00:00+00:00
1769252400,6.501e-05,2026-01-24 11:00:00+00:00
1769256000,7.28e-05,2026-01-24 12:00:00+00:00
1769259600,5.733e-05,2026-01-24 13:00:00+00:00
1769263200,3.434e-05,2026-01-24 14:00:00+00:00
1769266800,1.292e-05,2026-01-24 15:00:00+00:00
1769270400,8.36e-06,2026-01-24 16:00:00+00:00
1769274000,1.103e-05,2026-01-24 17:00:00+00:00
1769277600,1.002e-05,2026-01-24 18:00:00+00:00
1769281200,1.819e-05,2026-01-24 19:00:00+00:00
1769284800,3.502e-05,2026-01-24 20:00:00+00:00
1769288400,4.113e-05,2026-01-24 21:00:00+00:00
1769292000,4.115e-05,2026-01-24 22:00:00+00:00
1769295600,4.065e-05,2026-01-24 23:00:00+00:00
1769299200,3.723e-05,2026-01-25 00:00:00+00:00
1769302800,3.222e-05,2026-01-25 01:00:00+00:00
1769306400,3.29e-05,2026-01-25 02:00:00+00:00
1769310000,2.974e-05,2026-01-25 03:00:00+00:00
1769313600,3.716e-05,2026-01-25 04:00:00+00:00
1769317200,5.427e-05,2026-01-25 05:00:00+00:00
1769320800,6.629e-05,2026-01-25 06:00:00+00:00
1769324400,6.745e-05,2026-01-25 07:00:00+00:00
1769328000,7.061e-05,2026-01-25 08:00:00+00:00
1769331600,7.189e-05,2026-01-25 09:00:00+00:00
1769335200,7.594e-05,2026-01-25 10:00:00+00:00
1769338800,6.868e-05,2026-01-25 11:00:00+00:00
1769342400,6.541e-05,2026-01-25 12:00:00+00:00
1769346000,5.362e-05,2026-01-25 13:00:00+00:00
1769349600,4.307e-05,2026-01-25 14:00:00+00:00
1769353200,4.075e-05,2026-01-25 15:00:00+00:00
1769356800,1.943e-05,2026-01-25 16:00:00+00:00
1769360400,7.97e-06,2026-01-25 17:00:00+00:00
1769364000,-2.578e-05,2026-01-25 18:00:00+00:00
1769367600,-7.576e-05,2026-01-25 19:00:00+00:00
1769371200,-0.00013892,2026-01-25 20:00:00+00:00
1769374800,-0.00017124,2026-01-25 21:00:00+00:00
1769378400,-0.00017007,2026-01-25 22:00:00+00:00
1769382000,-0.00013635,2026-01-25 23:00:00+00:00
1769385600,-0.00010748,2026-01-26 00:00:00+00:00
1769389200,-6.273e-05,2026-01-26 01:00:00+00:00
1769392800,-2.708e-05,2026-01-26 02:00:00+00:00
1769396400,-4.11e-06,2026-01-26 03:00:00+00:00
1769400000,1.976e-05,2026-01-26 04:00:00+00:00
1769403600,3.923e-05,2026-01-26 05:00:00+00:00
1769407200,5.637e-05,2026-01-26 06:00:00+00:00
1769410800,6.54e-05,2026-01-26 07:00:00+00:00
1769414400,7.39e-05,2026-01-26 08:00:00+00:00
1769418000,6.951e-05,2026-01-26 09:00:00+00:00
1769421600,5.625e-05,2026-01-26 10:00:00+00:00
1769425200,4.301e-05,2026-01-26 11:00:00+00:00
1769428800,3.217e-05,2026-01-26 12:00:00+00:00
1769432400,2.822e-05,2026-01-26 13:00:00+00:00
1769436000,9.32e-06,2026-01-26 14:00:00+00:00
1769439600,1.342e-05,2026-01-26 15:00:00+00:00
1769443200,4.205e-05,2026-01-26 16:00:00+00:00
1769446800,7.196e-05,2026-01-26 17:00:00+00:00
1769450400,8.994e-05,2026-01-26 18:00:00+00:00
1769454000,7.393e-05,2026-01-26 19:00:00+00:00
1769457600,5.221e-05,2026-01-26 20:00:00+00:00
1769461200,5.583e-05,2026-01-26 21:00:00+00:00
1769464800,7.821e-05,2026-01-26 22:00:00+00:00
1769468400,7.271e-05,2026-01-26 23:00:00+00:00
1769472000,5.676e-05,2026-01-27 00:00:00+00:00
1769475600,5.654e-05,2026-01-27 01:00:00+00:00
1769479200,7.094e-05,2026-01-27 02:00:00+00:00
1769482800,6.621e-05,2026-01-27 03:00:00+00:00
1769486400,6.639e-05,2026-01-27 04:00:00+00:00
1769490000,6.915e-05,2026-01-27 05:00:00+00:00
1769493600,7.698e-05,2026-01-27 06:00:00+00:00
1769497200,8.681e-05,2026-01-27 07:00:00+00:00
1769500800,9.377e-05,2026-01-27 08:00:00+00:00
1769504400,9.917e-05,2026-01-27 09:00:00+00:00
1769508000,0.0001,2026-01-27 10:00:00+00:00
1769522400,9.409e-05,2026-01-27 14:00:00+00:00
1769526000,9.511e-05,2026-01-27 15:00:00+00:00
1769529600,0.0001,2026-01-27 16:00:00+00:00
1769533200,8.91e-05,2026-01-27 17:00:00+00:00
1769536800,8.916e-05,2026-01-27 18:00:00+00:00
1769540400,9.311e-05,2026-01-27 19:00:00+00:00
1769544000,0.0001,2026-01-27 20:00:00+00:00
1769554800,8.817e-05,2026-01-27 23:00:00+00:00
1769558400,8.734e-05,2026-01-28 00:00:00+00:00
1769562000,9.181e-05,2026-01-28 01:00:00+00:00
1769565600,9.119e-05,2026-01-28 02:00:00+00:00
1769569200,8.533e-05,2026-01-28 03:00:00+00:00
1769572800,7.757e-05,2026-01-28 04:00:00+00:00
1769576400,7.981e-05,2026-01-28 05:00:00+00:00
1769580000,8.813e-05,2026-01-28 06:00:00+00:00
1769583600,9.559e-05,2026-01-28 07:00:00+00:00
1769587200,0.0001,2026-01-28 08:00:00+00:00
1769594400,0.0001,2026-01-28 10:00:00+00:00
1769601600,9.981e-05,2026-01-28 12:00:00+00:00
1769605200,7.424e-05,2026-01-28 13:00:00+00:00
1769608800,6.181e-05,2026-01-28 14:00:00+00:00
1769612400,4.588e-05,2026-01-28 15:00:00+00:00
1769616000,4.478e-05,2026-01-28 16:00:00+00:00
1769619600,5.097e-05,2026-01-28 17:00:00+00:00
1769623200,4.865e-05,2026-01-28 18:00:00+00:00
1769626800,6.214e-05,2026-01-28 19:00:00+00:00
1769630400,6.616e-05,2026-01-28 20:00:00+00:00
1769634000,7.215e-05,2026-01-28 21:00:00+00:00
1769637600,6.474e-05,2026-01-28 22:00:00+00:00
1769641200,4.731e-05,2026-01-28 23:00:00+00:00
1769644800,3.678e-05,2026-01-29 00:00:00+00:00
1769648400,2.387e-05,2026-01-29 01:00:00+00:00
1769652000,2.224e-05,2026-01-29 02:00:00+00:00
1769655600,1.718e-05,2026-01-29 03:00:00+00:00
1769659200,3.431e-05,2026-01-29 04:00:00+00:00
1769662800,3.114e-05,2026-01-29 05:00:00+00:00
1769666400,3.93e-05,2026-01-29 06:00:00+00:00
1769670000,4.162e-05,2026-01-29 07:00:00+00:00
1769673600,4.631e-05,2026-01-29 08:00:00+00:00
1769677200,5.077e-05,2026-01-29 09:00:00+00:00
1769680800,5.91e-05,2026-01-29 10:00:00+00:00
1769684400,5.958e-05,2026-01-29 11:00:00+00:00
1769688000,5.73e-05,2026-01-29 12:00:00+00:00
1769691600,4.273e-05,2026-01-29 13:00:00+00:00
1769695200,2.605e-05,2026-01-29 14:00:00+00:00
1769698800,-1.039e-05,2026-01-29 15:00:00+00:00
1769702400,-1.044e-05,2026-01-29 16:00:00+00:00
1769706000,-1.02e-05,2026-01-29 17:00:00+00:00
1769709600,-1.522e-05,2026-01-29 18:00:00+00:00
1769713200,-1.283e-05,2026-01-29 19:00:00+00:00
1769716800,-1.46e-06,2026-01-29 20:00:00+00:00
1769720400,1.293e-05,2026-01-29 21:00:00+00:00
1769724000,1.389e-05,2026-01-29 22:00:00+00:00
1769727600,5.09e-06,2026-01-29 23:00:00+00:00
1769731200,5.85e-06,2026-01-30 00:00:00+00:00
1769734800,5.04e-06,2026-01-30 01:00:00+00:00
1769738400,-6.05e-06,2026-01-30 02:00:00+00:00
1769742000,-2.66e-06,2026-01-30 03:00:00+00:00
1769745600,7.61e-06,2026-01-30 04:00:00+00:00
1769749200,1.632e-05,2026-01-30 05:00:00+00:00
1769752800,1.435e-05,2026-01-30 06:00:00+00:00
1769756400,-1.29e-06,2026-01-30 07:00:00+00:00
1769760000,-1.667e-05,2026-01-30 08:00:00+00:00
1769763600,-1.61e-05,2026-01-30 09:00:00+00:00
1769767200,-5.75e-06,2026-01-30 10:00:00+00:00
1769770800,5.31e-06,2026-01-30 11:00:00+00:00
1769774400,-2.81e-06,2026-01-30 12:00:00+00:00
1769778000,-6.23e-06,2026-01-30 13:00:00+00:00
1769781600,-7.53e-06,2026-01-30 14:00:00+00:00
1769785200,-5.2e-07,2026-01-30 15:00:00+00:00
1769788800,-1e-05,2026-01-30 16:00:00+00:00
1769792400,-2.146e-05,2026-01-30 17:00:00+00:00
1769796000,-2.65e-05,2026-01-30 18:00:00+00:00
1769799600,-1.225e-05,2026-01-30 19:00:00+00:00
1769803200,-3.992e-05,2026-01-30 20:00:00+00:00
1769806800,-5.579e-05,2026-01-30 21:00:00+00:00
1769810400,-5.639e-05,2026-01-30 22:00:00+00:00
1769814000,-7.003e-05,2026-01-30 23:00:00+00:00
1769817600,-7.713e-05,2026-01-31 00:00:00+00:00
1769821200,-7.286e-05,2026-01-31 01:00:00+00:00
1769824800,-5.84e-05,2026-01-31 02:00:00+00:00
1769828400,-5.195e-05,2026-01-31 03:00:00+00:00
1769832000,-2.926e-05,2026-01-31 04:00:00+00:00
1769835600,-4.38e-06,2026-01-31 05:00:00+00:00
1769839200,1.297e-05,2026-01-31 06:00:00+00:00
1769842800,1.854e-05,2026-01-31 07:00:00+00:00
1769846400,3.39e-06,2026-01-31 08:00:00+00:00
1769850000,-1.45e-05,2026-01-31 09:00:00+00:00
1769853600,-2.04e-05,2026-01-31 10:00:00+00:00
1769857200,-2.864e-05,2026-01-31 11:00:00+00:00
1769860800,-3.918e-05,2026-01-31 12:00:00+00:00
1769864400,-4.128e-05,2026-01-31 13:00:00+00:00
1769868000,-7.169e-05,2026-01-31 14:00:00+00:00
1769871600,-8.796e-05,2026-01-31 15:00:00+00:00
1769875200,-0.00010529,2026-01-31 16:00:00+00:00
1769878800,-0.00017551,2026-01-31 17:00:00+00:00
1769882400,-0.0002638,2026-01-31 18:00:00+00:00
1769886000,-0.0002789,2026-01-31 19:00:00+00:00
1769889600,-0.00026319,2026-01-31 20:00:00+00:00
1769893200,-0.00021383,2026-01-31 21:00:00+00:00
1769896800,-0.00019854,2026-01-31 22:00:00+00:00
1769900400,-0.00016427,2026-01-31 23:00:00+00:00
1769904000,-0.00013796,2026-02-01 00:00:00+00:00
1769907600,-0.00011061,2026-02-01 01:00:00+00:00
1769911200,-8.604e-05,2026-02-01 02:00:00+00:00
1769914800,-7.493e-05,2026-02-01 03:00:00+00:00
1769918400,-4.944e-05,2026-02-01 04:00:00+00:00
1769922000,-2.897e-05,2026-02-01 05:00:00+00:00
1769925600,-3.36e-06,2026-02-01 06:00:00+00:00
1769929200,1.452e-05,2026-02-01 07:00:00+00:00
1769932800,1.388e-05,2026-02-01 08:00:00+00:00
1769936400,2.68e-06,2026-02-01 09:00:00+00:00
1769940000,-2.283e-05,2026-02-01 10:00:00+00:00
1769943600,-3.128e-05,2026-02-01 11:00:00+00:00
1769947200,-3.123e-05,2026-02-01 12:00:00+00:00
1769950800,-3.702e-05,2026-02-01 13:00:00+00:00
1769954400,-5.054e-05,2026-02-01 14:00:00+00:00
1769958000,-7.123e-05,2026-02-01 15:00:00+00:00
1769961600,-0.00010163,2026-02-01 16:00:00+00:00
1769965200,-0.00011995,2026-02-01 17:00:00+00:00
1769968800,-0.00011401,2026-02-01 18:00:00+00:00
1769972400,-9.579e-05,2026-02-01 19:00:00+00:00
1769976000,-7.781e-05,2026-02-01 20:00:00+00:00
1769979600,-9.266e-05,2026-02-01 21:00:00+00:00
1769983200,-8.701e-05,2026-02-01 22:00:00+00:00
1769986800,-0.00015266,2026-02-01 23:00:00+00:00
1769990400,-0.00016911,2026-02-02 00:00:00+00:00
1769994000,-0.00019423,2026-02-02 01:00:00+00:00
1769997600,-0.00022532,2026-02-02 02:00:00+00:00
1770001200,-0.00028977,2026-02-02 03:00:00+00:00
1770004800,-0.00023694,2026-02-02 04:00:00+00:00
1770008400,-0.00019617,2026-02-02 05:00:00+00:00
1770012000,-0.00013626,2026-02-02 06:00:00+00:00
1770015600,-8.237e-05,2026-02-02 07:00:00+00:00
1770019200,-4.307e-05,2026-02-02 08:00:00+00:00
1770022800,-3.756e-05,2026-02-02 09:00:00+00:00
1770026400,-5.706e-05,2026-02-02 10:00:00+00:00
1770030000,-6.057e-05,2026-02-02 11:00:00+00:00
1770033600,-6.976e-05,2026-02-02 12:00:00+00:00
1770037200,-8.087e-05,2026-02-02 13:00:00+00:00
1770040800,-8.381e-05,2026-02-02 14:00:00+00:00
1770044400,-0.00010921,2026-02-02 15:00:00+00:00
1770048000,-0.0001591,2026-02-02 16:00:00+00:00
1770051600,-0.0001963,2026-02-02 17:00:00+00:00
1770055200,-0.00021458,2026-02-02 18:00:00+00:00
1770058800,-0.00023337,2026-02-02 19:00:00+00:00
1770062400,-0.0002136,2026-02-02 20:00:00+00:00
1770066000,-0.00018975,2026-02-02 21:00:00+00:00
1770069600,-0.00016744,2026-02-02 22:00:00+00:00
1770073200,-0.00015529,2026-02-02 23:00:00+00:00
1770076800,-0.0001441,2026-02-03 00:00:00+00:00
1770080400,-0.0001414,2026-02-03 01:00:00+00:00
1770084000,-0.00014802,2026-02-03 02:00:00+00:00
1770087600,-0.00011342,2026-02-03 03:00:00+00:00
1770091200,-6.044e-05,2026-02-03 04:00:00+00:00
1770094800,-2.169e-05,2026-02-03 05:00:00+00:00
1770098400,-7.92e-06,2026-02-03 06:00:00+00:00
1770102000,9.84e-06,2026-02-03 07:00:00+00:00
1770105600,1.315e-05,2026-02-03 08:00:00+00:00
1770109200,-1.826e-05,2026-02-03 09:00:00+00:00
1770112800,-5.127e-05,2026-02-03 10:00:00+00:00
1770116400,-5.616e-05,2026-02-03 11:00:00+00:00
1770120000,-4.704e-05,2026-02-03 12:00:00+00:00
1770123600,-4.464e-05,2026-02-03 13:00:00+00:00
1770127200,-5.119e-05,2026-02-03 14:00:00+00:00
1770130800,-3.97e-05,2026-02-03 15:00:00+00:00
1770134400,-4.364e-05,2026-02-03 16:00:00+00:00
1770138000,-3.205e-05,2026-02-03 17:00:00+00:00
1770141600,-9.103e-05,2026-02-03 18:00:00+00:00
1770145200,-8.17e-05,2026-02-03 19:00:00+00:00
1770148800,-1.71e-05,2026-02-03 20:00:00+00:00
1770152400,2.66e-05,2026-02-03 21:00:00+00:00
1770156000,2.185e-05,2026-02-03 22:00:00+00:00
1770159600,-2.411e-05,2026-02-03 23:00:00+00:00
1770163200,-5.535e-05,2026-02-04 00:00:00+00:00
1770166800,-7.305e-05,2026-02-04 01:00:00+00:00
1770170400,-9.467e-05,2026-02-04 02:00:00+00:00
1770174000,-9.025e-05,2026-02-04 03:00:00+00:00
1770177600,-8.138e-05,2026-02-04 04:00:00+00:00
1770181200,-5.174e-05,2026-02-04 05:00:00+00:00
1770184800,-9.37e-06,2026-02-04 06:00:00+00:00
1770188400,2.029e-05,2026-02-04 07:00:00+00:00
1770192000,4.645e-05,2026-02-04 08:00:00+00:00
1770195600,5.716e-05,2026-02-04 09:00:00+00:00
1770199200,6.409e-05,2026-02-04 10:00:00+00:00
1770202800,6.271e-05,2026-02-04 11:00:00+00:00
1770206400,6.366e-05,2026-02-04 12:00:00+00:00
1770210000,4.272e-05,2026-02-04 13:00:00+00:00
1770213600,-1.333e-05,2026-02-04 14:00:00+00:00
1770217200,-6.057e-05,2026-02-04 15:00:00+00:00
1770220800,-0.0001088,2026-02-04 16:00:00+00:00
1770224400,-0.00010117,2026-02-04 17:00:00+00:00
1770228000,-8.469e-05,2026-02-04 18:00:00+00:00
1770231600,-3.834e-05,2026-02-04 19:00:00+00:00
1770235200,1.029e-05,2026-02-04 20:00:00+00:00
1770238800,3.153e-05,2026-02-04 21:00:00+00:00
1770242400,4.226e-05,2026-02-04 22:00:00+00:00
1770246000,5.491e-05,2026-02-04 23:00:00+00:00
1770249600,6.247e-05,2026-02-05 00:00:00+00:00
1770253200,6.238e-05,2026-02-05 01:00:00+00:00
1770256800,4.793e-05,2026-02-05 02:00:00+00:00
1770260400,5.446e-05,2026-02-05 03:00:00+00:00
1770264000,5.653e-05,2026-02-05 04:00:00+00:00
1770267600,4.856e-05,2026-02-05 05:00:00+00:00
1770271200,1.446e-05,2026-02-05 06:00:00+00:00
1770274800,-3.3e-06,2026-02-05 07:00:00+00:00
1770278400,-2.287e-05,2026-02-05 08:00:00+00:00
1770282000,-1.232e-05,2026-02-05 09:00:00+00:00
1770285600,-2.783e-05,2026-02-05 10:00:00+00:00
1770289200,-6.789e-05,2026-02-05 11:00:00+00:00
1770292800,-6.992e-05,2026-02-05 12:00:00+00:00
1770296400,-5.082e-05,2026-02-05 13:00:00+00:00
1770300000,-2.59e-05,2026-02-05 14:00:00+00:00
1770303600,-7.582e-05,2026-02-05 15:00:00+00:00
1770307200,-0.00014881,2026-02-05 16:00:00+00:00
1770310800,-0.00018031,2026-02-05 17:00:00+00:00
1770314400,-0.00018243,2026-02-05 18:00:00+00:00
1770318000,-0.00019968,2026-02-05 19:00:00+00:00
1770321600,-0.0002256,2026-02-05 20:00:00+00:00
1770325200,-0.00026099,2026-02-05 21:00:00+00:00
1770328800,-0.00027793,2026-02-05 22:00:00+00:00
1770332400,-0.0002751,2026-02-05 23:00:00+00:00
1770336000,-0.00042099,2026-02-06 00:00:00+00:00
1770339600,-0.00038064,2026-02-06 01:00:00+00:00
1770343200,-0.00032425,2026-02-06 02:00:00+00:00
1770346800,-0.00023285,2026-02-06 03:00:00+00:00
1770350400,-0.00015359,2026-02-06 04:00:00+00:00
1770354000,-0.00010077,2026-02-06 05:00:00+00:00
1770357600,-7.807e-05,2026-02-06 06:00:00+00:00
1770361200,-8.445e-05,2026-02-06 07:00:00+00:00
1770364800,-8.046e-05,2026-02-06 08:00:00+00:00
1770368400,-5.486e-05,2026-02-06 09:00:00+00:00
1770372000,-2.079e-05,2026-02-06 10:00:00+00:00
1770375600,-1.2e-06,2026-02-06 11:00:00+00:00
1770379200,1.974e-05,2026-02-06 12:00:00+00:00
1770382800,3.334e-05,2026-02-06 13:00:00+00:00
1770386400,4.648e-05,2026-02-06 14:00:00+00:00
1770390000,1.852e-05,2026-02-06 15:00:00+00:00
1770393600,5.08e-06,2026-02-06 16:00:00+00:00
1770397200,1.697e-05,2026-02-06 17:00:00+00:00
1770400800,3.808e-05,2026-02-06 18:00:00+00:00
1770404400,5.835e-05,2026-02-06 19:00:00+00:00
1770408000,7.091e-05,2026-02-06 20:00:00+00:00
1770411600,9.117e-05,2026-02-06 21:00:00+00:00
1770415200,0.0001,2026-02-06 22:00:00+00:00
1770422400,0.0001,2026-02-07 00:00:00+00:00
1770433200,9.453e-05,2026-02-07 03:00:00+00:00
1770436800,6.846e-05,2026-02-07 04:00:00+00:00
1770440400,4.295e-05,2026-02-07 05:00:00+00:00
1770444000,1.973e-05,2026-02-07 06:00:00+00:00
1770447600,-1.7e-06,2026-02-07 07:00:00+00:00
1770451200,6.89e-06,2026-02-07 08:00:00+00:00
1770454800,1.543e-05,2026-02-07 09:00:00+00:00
1770458400,2.749e-05,2026-02-07 10:00:00+00:00
1770462000,3.48e-05,2026-02-07 11:00:00+00:00
1770465600,3.353e-05,2026-02-07 12:00:00+00:00
1770469200,4.079e-05,2026-02-07 13:00:00+00:00
1770472800,3.557e-05,2026-02-07 14:00:00+00:00
1770476400,1.687e-05,2026-02-07 15:00:00+00:00
1770480000,-5e-08,2026-02-07 16:00:00+00:00
1770483600,-8.58e-06,2026-02-07 17:00:00+00:00
1770487200,-2.61e-06,2026-02-07 18:00:00+00:00
1770490800,-3.02e-06,2026-02-07 19:00:00+00:00
1770494400,1.81e-06,2026-02-07 20:00:00+00:00
1770498000,1.794e-05,2026-02-07 21:00:00+00:00
1770501600,2.472e-05,2026-02-07 22:00:00+00:00
1770505200,2.665e-05,2026-02-07 23:00:00+00:00
1770508800,1.055e-05,2026-02-08 00:00:00+00:00
1770512400,-4.01e-06,2026-02-08 01:00:00+00:00
1770516000,-2.261e-05,2026-02-08 02:00:00+00:00
1770519600,-3.305e-05,2026-02-08 03:00:00+00:00
1770523200,-3.101e-05,2026-02-08 04:00:00+00:00
1770526800,-3.713e-05,2026-02-08 05:00:00+00:00
1770530400,-4.141e-05,2026-02-08 06:00:00+00:00
1770534000,-3.046e-05,2026-02-08 07:00:00+00:00
1770537600,-3.15e-06,2026-02-08 08:00:00+00:00
1770541200,8.67e-06,2026-02-08 09:00:00+00:00
1770544800,5.96e-06,2026-02-08 10:00:00+00:00
1770548400,1.016e-05,2026-02-08 11:00:00+00:00
1770552000,1.076e-05,2026-02-08 12:00:00+00:00
1770555600,-1.545e-05,2026-02-08 13:00:00+00:00
1770559200,-2.978e-05,2026-02-08 14:00:00+00:00
1770562800,-5.34e-05,2026-02-08 15:00:00+00:00
1770566400,-7.335e-05,2026-02-08 16:00:00+00:00
1770570000,-7.845e-05,2026-02-08 17:00:00+00:00
1770573600,-7.635e-05,2026-02-08 18:00:00+00:00
1770577200,-6.625e-05,2026-02-08 19:00:00+00:00
1770580800,-5.765e-05,2026-02-08 20:00:00+00:00
1770584400,-4.852e-05,2026-02-08 21:00:00+00:00
1770588000,-3.952e-05,2026-02-08 22:00:00+00:00
1770591600,-3.941e-05,2026-02-08 23:00:00+00:00
1770595200,-3.939e-05,2026-02-09 00:00:00+00:00
1770598800,-4.317e-05,2026-02-09 01:00:00+00:00
1770602400,-2.462e-05,2026-02-09 02:00:00+00:00
1770606000,-1.258e-05,2026-02-09 03:00:00+00:00
1770609600,-2.47e-06,2026-02-09 04:00:00+00:00
1770613200,-3.82e-06,2026-02-09 05:00:00+00:00
1770616800,-2.96e-05,2026-02-09 06:00:00+00:00
1770620400,-4.76e-05,2026-02-09 07:00:00+00:00
1770624000,-6.365e-05,2026-02-09 08:00:00+00:00
1770627600,-6.24e-05,2026-02-09 09:00:00+00:00
1770631200,-6.439e-05,2026-02-09 10:00:00+00:00
1770634800,-4.673e-05,2026-02-09 11:00:00+00:00
1770638400,-3.524e-05,2026-02-09 12:00:00+00:00
1770642000,-1.754e-05,2026-02-09 13:00:00+00:00
1770645600,-7.7e-06,2026-02-09 14:00:00+00:00
1770649200,-3.28e-06,2026-02-09 15:00:00+00:00
1770652800,9.46e-06,2026-02-09 16:00:00+00:00
1770656400,3.645e-05,2026-02-09 17:00:00+00:00
1770660000,6.312e-05,2026-02-09 18:00:00+00:00
1770663600,7.78e-05,2026-02-09 19:00:00+00:00
1770667200,7.974e-05,2026-02-09 20:00:00+00:00
1770670800,7.245e-05,2026-02-09 21:00:00+00:00
1770674400,6.132e-05,2026-02-09 22:00:00+00:00
1770678000,4.29e-05,2026-02-09 23:00:00+00:00
1770681600,3.168e-05,2026-02-10 00:00:00+00:00
1770685200,3.308e-05,2026-02-10 01:00:00+00:00
1770688800,2.791e-05,2026-02-10 02:00:00+00:00
1770692400,-5.64e-06,2026-02-10 03:00:00+00:00
1770696000,-3.027e-05,2026-02-10 04:00:00+00:00
1770699600,-5.603e-05,2026-02-10 05:00:00+00:00
1770703200,-0.00010391,2026-02-10 06:00:00+00:00
1770706800,-0.0001521,2026-02-10 07:00:00+00:00
1770710400,-0.00018752,2026-02-10 08:00:00+00:00
1770714000,-0.00020156,2026-02-10 09:00:00+00:00
1770717600,-0.00019868,2026-02-10 10:00:00+00:00
1770721200,-0.00019625,2026-02-10 11:00:00+00:00
1770724800,-0.00019455,2026-02-10 12:00:00+00:00
1770728400,-0.00020041,2026-02-10 13:00:00+00:00
1770732000,-0.00020616,2026-02-10 14:00:00+00:00
1770735600,-0.00019437,2026-02-10 15:00:00+00:00
1770739200,-0.00018915,2026-02-10 16:00:00+00:00
1770742800,-0.00018334,2026-02-10 17:00:00+00:00
1770746400,-0.00017709,2026-02-10 18:00:00+00:00
1770750000,-0.00015955,2026-02-10 19:00:00+00:00
1770753600,-0.00013551,2026-02-10 20:00:00+00:00
1770757200,-0.00012433,2026-02-10 21:00:00+00:00
1770760800,-9.517e-05,2026-02-10 22:00:00+00:00
1770764400,-8.439e-05,2026-02-10 23:00:00+00:00
1770768000,-8.601e-05,2026-02-11 00:00:00+00:00
1770771600,-0.00010618,2026-02-11 01:00:00+00:00
1770775200,-0.00011893,2026-02-11 02:00:00+00:00
1770778800,-0.0001216,2026-02-11 03:00:00+00:00
1770782400,-0.00011762,2026-02-11 04:00:00+00:00
1770786000,-9.991e-05,2026-02-11 05:00:00+00:00
1770789600,-0.0001114,2026-02-11 06:00:00+00:00
1770793200,-0.00012875,2026-02-11 07:00:00+00:00
1770796800,-0.00015566,2026-02-11 08:00:00+00:00
1770800400,-0.00016624,2026-02-11 09:00:00+00:00
1770804000,-0.00015749,2026-02-11 10:00:00+00:00
1770807600,-0.00015094,2026-02-11 11:00:00+00:00
1770811200,-0.00014877,2026-02-11 12:00:00+00:00
1770814800,-0.00014139,2026-02-11 13:00:00+00:00
1770818400,-0.00013331,2026-02-11 14:00:00+00:00
1770822000,-0.00012326,2026-02-11 15:00:00+00:00
1770825600,-0.00011988,2026-02-11 16:00:00+00:00
1770829200,-0.00010824,2026-02-11 17:00:00+00:00
1770832800,-8.511e-05,2026-02-11 18:00:00+00:00
1770836400,-6.144e-05,2026-02-11 19:00:00+00:00
1770840000,-5.067e-05,2026-02-11 20:00:00+00:00
1770843600,-3.806e-05,2026-02-11 21:00:00+00:00
1770847200,-2.857e-05,2026-02-11 22:00:00+00:00
1770850800,-2.516e-05,2026-02-11 23:00:00+00:00
1770854400,-3.661e-05,2026-02-12 00:00:00+00:00
1770858000,-4.515e-05,2026-02-12 01:00:00+00:00
1770861600,-5.03e-05,2026-02-12 02:00:00+00:00
1770865200,-3.61e-05,2026-02-12 03:00:00+00:00
1770868800,-2.059e-05,2026-02-12 04:00:00+00:00
1770872400,-3.8e-06,2026-02-12 05:00:00+00:00
1770876000,1.123e-05,2026-02-12 06:00:00+00:00
1770879600,2.247e-05,2026-02-12 07:00:00+00:00
1770883200,1.735e-05,2026-02-12 08:00:00+00:00
1770886800,1.3e-05,2026-02-12 09:00:00+00:00
1770890400,6.2e-07,2026-02-12 10:00:00+00:00
1770894000,-7.3e-06,2026-02-12 11:00:00+00:00
1770897600,-2.084e-05,2026-02-12 12:00:00+00:00
1770901200,-2.633e-05,2026-02-12 13:00:00+00:00
1770904800,-2.888e-05,2026-02-12 14:00:00+00:00
1770908400,-4.045e-05,2026-02-12 15:00:00+00:00
1770912000,-8.207e-05,2026-02-12 16:00:00+00:00
1770915600,-0.00011496,2026-02-12 17:00:00+00:00
1770919200,-0.00014962,2026-02-12 18:00:00+00:00
1770922800,-0.00015354,2026-02-12 19:00:00+00:00
1770926400,-0.00015508,2026-02-12 20:00:00+00:00
1770930000,-0.00016131,2026-02-12 21:00:00+00:00
1770933600,-0.0001482,2026-02-12 22:00:00+00:00
1770937200,-0.00010716,2026-02-12 23:00:00+00:00
1770940800,-7.296e-05,2026-02-13 00:00:00+00:00
1770944400,-3.966e-05,2026-02-13 01:00:00+00:00
1770948000,-1.364e-05,2026-02-13 02:00:00+00:00
1770951600,-7.94e-06,2026-02-13 03:00:00+00:00
1770955200,-1.229e-05,2026-02-13 04:00:00+00:00
1770958800,-2.461e-05,2026-02-13 05:00:00+00:00
1770962400,-2.794e-05,2026-02-13 06:00:00+00:00
1770966000,-2.871e-05,2026-02-13 07:00:00+00:00
1770969600,-2.634e-05,2026-02-13 08:00:00+00:00
1770973200,-7.16e-06,2026-02-13 09:00:00+00:00
1770976800,6.74e-06,2026-02-13 10:00:00+00:00
1770980400,2.202e-05,2026-02-13 11:00:00+00:00
1770984000,2.034e-05,2026-02-13 12:00:00+00:00
1770987600,2.616e-05,2026-02-13 13:00:00+00:00
1770991200,3.327e-05,2026-02-13 14:00:00+00:00
1770994800,4.245e-05,2026-02-13 15:00:00+00:00
1770998400,4.717e-05,2026-02-13 16:00:00+00:00
1771002000,3.771e-05,2026-02-13 17:00:00+00:00
1771005600,2.185e-05,2026-02-13 18:00:00+00:00
1771009200,-4.9e-07,2026-02-13 19:00:00+00:00
1771012800,6.4e-07,2026-02-13 20:00:00+00:00
1771016400,4.9e-07,2026-02-13 21:00:00+00:00
1771020000,-1.02e-06,2026-02-13 22:00:00+00:00
1771023600,-2.54e-06,2026-02-13 23:00:00+00:00
1771027200,-8.08e-06,2026-02-14 00:00:00+00:00
1771030800,4.3e-07,2026-02-14 01:00:00+00:00
1771034400,9.35e-06,2026-02-14 02:00:00+00:00
1771038000,2.525e-05,2026-02-14 03:00:00+00:00
1771041600,1.998e-05,2026-02-14 04:00:00+00:00
1771045200,6.56e-06,2026-02-14 05:00:00+00:00
1771048800,5.75e-06,2026-02-14 06:00:00+00:00
1771052400,1.442e-05,2026-02-14 07:00:00+00:00
1771056000,1.759e-05,2026-02-14 08:00:00+00:00
1771059600,1.71e-06,2026-02-14 09:00:00+00:00
1771063200,-1.031e-05,2026-02-14 10:00:00+00:00
1771066800,-2.139e-05,2026-02-14 11:00:00+00:00
1771070400,-2.833e-05,2026-02-14 12:00:00+00:00
1771074000,-2.376e-05,2026-02-14 13:00:00+00:00
1771077600,-2.434e-05,2026-02-14 14:00:00+00:00
1771081200,-2.056e-05,2026-02-14 15:00:00+00:00
1771084800,-1.275e-05,2026-02-14 16:00:00+00:00
1771088400,-2.96e-06,2026-02-14 17:00:00+00:00
1771092000,1.52e-06,2026-02-14 18:00:00+00:00
1771095600,-1.179e-05,2026-02-14 19:00:00+00:00
1771099200,-3.184e-05,2026-02-14 20:00:00+00:00
1771102800,-4.28e-05,2026-02-14 21:00:00+00:00
1771106400,-5.699e-05,2026-02-14 22:00:00+00:00
1771110000,-6.367e-05,2026-02-14 23:00:00+00:00
1771113600,-6.59e-05,2026-02-15 00:00:00+00:00
1771117200,-6.296e-05,2026-02-15 01:00:00+00:00
1771120800,-4.069e-05,2026-02-15 02:00:00+00:00
1771124400,-1.62e-05,2026-02-15 03:00:00+00:00
1771128000,1.88e-05,2026-02-15 04:00:00+00:00
1771131600,5.163e-05,2026-02-15 05:00:00+00:00
1771135200,5.211e-05,2026-02-15 06:00:00+00:00
1771138800,6.204e-05,2026-02-15 07:00:00+00:00
1771142400,5.248e-05,2026-02-15 08:00:00+00:00
1771146000,4.273e-05,2026-02-15 09:00:00+00:00
1771149600,2.698e-05,2026-02-15 10:00:00+00:00
1771153200,7.36e-06,2026-02-15 11:00:00+00:00
1771156800,-1.407e-05,2026-02-15 12:00:00+00:00
1771160400,-3.24e-05,2026-02-15 13:00:00+00:00
1771164000,-6.029e-05,2026-02-15 14:00:00+00:00
1771167600,-7.55e-05,2026-02-15 15:00:00+00:00
1771171200,-6.061e-05,2026-02-15 16:00:00+00:00
1771174800,-5.936e-05,2026-02-15 17:00:00+00:00
1771178400,-5.443e-05,2026-02-15 18:00:00+00:00
1771182000,-3.22e-05,2026-02-15 19:00:00+00:00
1771185600,-3.587e-05,2026-02-15 20:00:00+00:00
1771189200,-4.674e-05,2026-02-15 21:00:00+00:00
1771192800,-5.03e-05,2026-02-15 22:00:00+00:00
1771196400,-5.31e-05,2026-02-15 23:00:00+00:00
1771200000,-6.387e-05,2026-02-16 00:00:00+00:00
1771203600,-7.087e-05,2026-02-16 01:00:00+00:00
1771207200,-7.513e-05,2026-02-16 02:00:00+00:00
1771210800,-7.001e-05,2026-02-16 03:00:00+00:00
1771214400,-5.811e-05,2026-02-16 04:00:00+00:00
1771218000,-6.568e-05,2026-02-16 05:00:00+00:00
1771221600,-6.261e-05,2026-02-16 06:00:00+00:00
1771225200,-5.958e-05,2026-02-16 07:00:00+00:00
1771228800,-6.276e-05,2026-02-16 08:00:00+00:00
1771232400,-7.542e-05,2026-02-16 09:00:00+00:00
1771236000,-7.764e-05,2026-02-16 10:00:00+00:00
1771239600,-7.84e-05,2026-02-16 11:00:00+00:00
1771243200,-6.154e-05,2026-02-16 12:00:00+00:00
1771246800,-3.83e-05,2026-02-16 13:00:00+00:00
1771250400,-3.68e-05,2026-02-16 14:00:00+00:00
1771254000,-3.458e-05,2026-02-16 15:00:00+00:00
1771257600,-3.298e-05,2026-02-16 16:00:00+00:00
1771261200,-1.349e-05,2026-02-16 17:00:00+00:00
1771264800,3.53e-06,2026-02-16 18:00:00+00:00
1771268400,1.551e-05,2026-02-16 19:00:00+00:00
1771272000,2.157e-05,2026-02-16 20:00:00+00:00
1771275600,3.828e-05,2026-02-16 21:00:00+00:00
1771279200,4.947e-05,2026-02-16 22:00:00+00:00
1771282800,5.298e-05,2026-02-16 23:00:00+00:00
1771286400,4.713e-05,2026-02-17 00:00:00+00:00
1771290000,3.926e-05,2026-02-17 01:00:00+00:00
1771293600,4.287e-05,2026-02-17 02:00:00+00:00
1771297200,4.379e-05,2026-02-17 03:00:00+00:00
1771300800,3.78e-05,2026-02-17 04:00:00+00:00
1771304400,2.339e-05,2026-02-17 05:00:00+00:00
1771308000,1.637e-05,2026-02-17 06:00:00+00:00
1771311600,8.64e-06,2026-02-17 07:00:00+00:00
1771315200,-8.87e-06,2026-02-17 08:00:00+00:00
1771318800,-3.453e-05,2026-02-17 09:00:00+00:00
1771322400,-5.223e-05,2026-02-17 10:00:00+00:00
1771326000,-6.417e-05,2026-02-17 11:00:00+00:00
1771329600,-6.525e-05,2026-02-17 12:00:00+00:00
1771333200,-6.729e-05,2026-02-17 13:00:00+00:00
1771336800,-4.86e-05,2026-02-17 14:00:00+00:00
1771340400,-4.738e-05,2026-02-17 15:00:00+00:00
1771344000,-1.098e-05,2026-02-17 16:00:00+00:00
1771347600,-1.436e-05,2026-02-17 17:00:00+00:00
1771351200,-2.29e-06,2026-02-17 18:00:00+00:00
1771354800,1.702e-05,2026-02-17 19:00:00+00:00
1771358400,1.557e-05,2026-02-17 20:00:00+00:00
1771362000,1.538e-05,2026-02-17 21:00:00+00:00
1771365600,1.767e-05,2026-02-17 22:00:00+00:00
1771369200,1.16e-05,2026-02-17 23:00:00+00:00
1771372800,-2.44e-06,2026-02-18 00:00:00+00:00
1771376400,-2.006e-05,2026-02-18 01:00:00+00:00
1771380000,-3.806e-05,2026-02-18 02:00:00+00:00
1771383600,-4.55e-05,2026-02-18 03:00:00+00:00
1771387200,-4.974e-05,2026-02-18 04:00:00+00:00
1771390800,-4.682e-05,2026-02-18 05:00:00+00:00
1771394400,-4.661e-05,2026-02-18 06:00:00+00:00
1771398000,-3.824e-05,2026-02-18 07:00:00+00:00
1771401600,-2.739e-05,2026-02-18 08:00:00+00:00
1771405200,-2.329e-05,2026-02-18 09:00:00+00:00
1771408800,-2.412e-05,2026-02-18 10:00:00+00:00
1771412400,-4.342e-05,2026-02-18 11:00:00+00:00
1771416000,-4.908e-05,2026-02-18 12:00:00+00:00
1771419600,-4.865e-05,2026-02-18 13:00:00+00:00
1771423200,-3.254e-05,2026-02-18 14:00:00+00:00
1771426800,-8.66e-06,2026-02-18 15:00:00+00:00
1771430400,2.94e-06,2026-02-18 16:00:00+00:00
1771434000,7.84e-06,2026-02-18 17:00:00+00:00
1771437600,5.5e-06,2026-02-18 18:00:00+00:00
1771441200,-1.903e-05,2026-02-18 19:00:00+00:00
1771444800,-5.413e-05,2026-02-18 20:00:00+00:00
1771448400,-8.362e-05,2026-02-18 21:00:00+00:00
1771452000,-9.611e-05,2026-02-18 22:00:00+00:00
1771455600,-0.00010561,2026-02-18 23:00:00+00:00
1771459200,-0.00010577,2026-02-19 00:00:00+00:00
1771462800,-0.00010657,2026-02-19 01:00:00+00:00
1771466400,-9.207e-05,2026-02-19 02:00:00+00:00
1771470000,-8.322e-05,2026-02-19 03:00:00+00:00
1771473600,-8.066e-05,2026-02-19 04:00:00+00:00
1771477200,-6.859e-05,2026-02-19 05:00:00+00:00
1771480800,-5.034e-05,2026-02-19 06:00:00+00:00
1771484400,-3.064e-05,2026-02-19 07:00:00+00:00
1771488000,-2.523e-05,2026-02-19 08:00:00+00:00
1771491600,-2.367e-05,2026-02-19 09:00:00+00:00
1771495200,-1.485e-05,2026-02-19 10:00:00+00:00
1771498800,-3.17e-06,2026-02-19 11:00:00+00:00
1771502400,-7.4e-06,2026-02-19 12:00:00+00:00
1771506000,-2.334e-05,2026-02-19 13:00:00+00:00
1771509600,-4.912e-05,2026-02-19 14:00:00+00:00
1771513200,-7.865e-05,2026-02-19 15:00:00+00:00
1771516800,-0.00010676,2026-02-19 16:00:00+00:00
1771520400,-0.00011185,2026-02-19 17:00:00+00:00
1771524000,-0.00011213,2026-02-19 18:00:00+00:00
1771527600,-9.793e-05,2026-02-19 19:00:00+00:00
1771531200,-8.132e-05,2026-02-19 20:00:00+00:00
1771534800,-7.362e-05,2026-02-19 21:00:00+00:00
1771538400,-6.273e-05,2026-02-19 22:00:00+00:00
1771542000,-4.67e-05,2026-02-19 23:00:00+00:00
1771545600,-3.431e-05,2026-02-20 00:00:00+00:00
1771549200,-2.636e-05,2026-02-20 01:00:00+00:00
1771552800,-2.249e-05,2026-02-20 02:00:00+00:00
1771556400,-1.486e-05,2026-02-20 03:00:00+00:00
1771560000,-6.56e-06,2026-02-20 04:00:00+00:00
1771563600,-2.049e-05,2026-02-20 05:00:00+00:00
1771567200,-2.301e-05,2026-02-20 06:00:00+00:00
1771570800,-3.179e-05,2026-02-20 07:00:00+00:00
1771574400,-5.156e-05,2026-02-20 08:00:00+00:00
1771578000,-6.081e-05,2026-02-20 09:00:00+00:00
1771581600,-7.305e-05,2026-02-20 10:00:00+00:00
1771585200,-9.486e-05,2026-02-20 11:00:00+00:00
1771588800,-0.00010781,2026-02-20 12:00:00+00:00
1771592400,-0.00010996,2026-02-20 13:00:00+00:00
1771596000,-0.00010576,2026-02-20 14:00:00+00:00
1771599600,-7.248e-05,2026-02-20 15:00:00+00:00
1771603200,-5.048e-05,2026-02-20 16:00:00+00:00
1771606800,-2.801e-05,2026-02-20 17:00:00+00:00
1771610400,1.71e-06,2026-02-20 18:00:00+00:00
1771614000,1.017e-05,2026-02-20 19:00:00+00:00
1771617600,2.145e-05,2026-02-20 20:00:00+00:00
1771621200,3.448e-05,2026-02-20 21:00:00+00:00
1771624800,3.516e-05,2026-02-20 22:00:00+00:00
1771628400,3.039e-05,2026-02-20 23:00:00+00:00
1771632000,2.743e-05,2026-02-21 00:00:00+00:00
1771635600,2.14e-05,2026-02-21 01:00:00+00:00
1771639200,2.441e-05,2026-02-21 02:00:00+00:00
1771642800,2.072e-05,2026-02-21 03:00:00+00:00
1771646400,2.399e-05,2026-02-21 04:00:00+00:00
1771650000,3.483e-05,2026-02-21 05:00:00+00:00
1771653600,3.875e-05,2026-02-21 06:00:00+00:00
1771657200,4.53e-05,2026-02-21 07:00:00+00:00
1771660800,5.307e-05,2026-02-21 08:00:00+00:00
1771664400,5.237e-05,2026-02-21 09:00:00+00:00
1771668000,5.196e-05,2026-02-21 10:00:00+00:00
1771671600,5.877e-05,2026-02-21 11:00:00+00:00
1771675200,5.099e-05,2026-02-21 12:00:00+00:00
1771678800,5.047e-05,2026-02-21 13:00:00+00:00
1771682400,6.022e-05,2026-02-21 14:00:00+00:00
1771686000,6.624e-05,2026-02-21 15:00:00+00:00
1771689600,6.657e-05,2026-02-21 16:00:00+00:00
1771693200,5.699e-05,2026-02-21 17:00:00+00:00
1771696800,4.843e-05,2026-02-21 18:00:00+00:00
1771700400,3.541e-05,2026-02-21 19:00:00+00:00
1771704000,2.766e-05,2026-02-21 20:00:00+00:00
1771707600,2.299e-05,2026-02-21 21:00:00+00:00
1771711200,3.074e-05,2026-02-21 22:00:00+00:00
1771714800,3.818e-05,2026-02-21 23:00:00+00:00
1771718400,4.715e-05,2026-02-22 00:00:00+00:00
1771722000,4.771e-05,2026-02-22 01:00:00+00:00
1771725600,4.106e-05,2026-02-22 02:00:00+00:00
1771729200,3.436e-05,2026-02-22 03:00:00+00:00
1771732800,3.509e-05,2026-02-22 04:00:00+00:00
1771736400,2.951e-05,2026-02-22 05:00:00+00:00
1771740000,1.678e-05,2026-02-22 06:00:00+00:00
1771743600,1.588e-05,2026-02-22 07:00:00+00:00
1771747200,1.384e-05,2026-02-22 08:00:00+00:00
1771750800,1.679e-05,2026-02-22 09:00:00+00:00
1771754400,1.698e-05,2026-02-22 10:00:00+00:00
1771758000,2.258e-05,2026-02-22 11:00:00+00:00
1771761600,1.316e-05,2026-02-22 12:00:00+00:00
1771765200,-6.2e-06,2026-02-22 13:00:00+00:00
1771768800,-3.02e-05,2026-02-22 14:00:00+00:00
1771772400,-4.325e-05,2026-02-22 15:00:00+00:00
1771776000,-4.139e-05,2026-02-22 16:00:00+00:00
1771779600,-4.553e-05,2026-02-22 17:00:00+00:00
1771783200,-3.474e-05,2026-02-22 18:00:00+00:00
1771786800,-3.24e-05,2026-02-22 19:00:00+00:00
1771790400,-2.966e-05,2026-02-22 20:00:00+00:00
1771794000,-2.405e-05,2026-02-22 21:00:00+00:00
1771797600,-2.996e-05,2026-02-22 22:00:00+00:00
1771801200,-3.369e-05,2026-02-22 23:00:00+00:00
1771804800,-4.634e-05,2026-02-23 00:00:00+00:00
1771808400,-0.00012139,2026-02-23 01:00:00+00:00
1771812000,-0.00020409,2026-02-23 02:00:00+00:00
1771815600,-0.00028182,2026-02-23 03:00:00+00:00
1771819200,-0.00035432,2026-02-23 04:00:00+00:00
1771822800,-0.00039347,2026-02-23 05:00:00+00:00
1771826400,-0.00040555,2026-02-23 06:00:00+00:00
1771830000,-0.00036622,2026-02-23 07:00:00+00:00
1771833600,-0.00032646,2026-02-23 08:00:00+00:00
1771837200,-0.00027747,2026-02-23 09:00:00+00:00
1771840800,-0.00020543,2026-02-23 10:00:00+00:00
1771844400,-0.00012435,2026-02-23 11:00:00+00:00
1771848000,-6.261e-05,2026-02-23 12:00:00+00:00
1771851600,-2.358e-05,2026-02-23 13:00:00+00:00
1771855200,1.36e-06,2026-02-23 14:00:00+00:00
1771858800,1.63e-05,2026-02-23 15:00:00+00:00
1771862400,3.964e-05,2026-02-23 16:00:00+00:00
1771866000,5.379e-05,2026-02-23 17:00:00+00:00
1771869600,4.25e-05,2026-02-23 18:00:00+00:00
1771873200,2.153e-05,2026-02-23 19:00:00+00:00
1771876800,2.258e-05,2026-02-23 20:00:00+00:00
1771880400,3.53e-05,2026-02-23 21:00:00+00:00
1771884000,2.817e-05,2026-02-23 22:00:00+00:00
1771887600,2.579e-05,2026-02-23 23:00:00+00:00
1771891200,3.51e-05,2026-02-24 00:00:00+00:00
1771894800,1.556e-05,2026-02-24 01:00:00+00:00
1771898400,-2.9e-07,2026-02-24 02:00:00+00:00
1771902000,-2.021e-05,2026-02-24 03:00:00+00:00
1771905600,-3.403e-05,2026-02-24 04:00:00+00:00
1771909200,-4.189e-05,2026-02-24 05:00:00+00:00
1771912800,-4.258e-05,2026-02-24 06:00:00+00:00
1771916400,-4.446e-05,2026-02-24 07:00:00+00:00
1771920000,-4.456e-05,2026-02-24 08:00:00+00:00
1771923600,-4.101e-05,2026-02-24 09:00:00+00:00
1771927200,-3.254e-05,2026-02-24 10:00:00+00:00
1771930800,-1.457e-05,2026-02-24 11:00:00+00:00
1771934400,-3.54e-06,2026-02-24 12:00:00+00:00
1771938000,-1.225e-05,2026-02-24 13:00:00+00:00
1771941600,-1.673e-05,2026-02-24 14:00:00+00:00
1771945200,-3.031e-05,2026-02-24 15:00:00+00:00
1771948800,-5.36e-05,2026-02-24 16:00:00+00:00
1771952400,-7.269e-05,2026-02-24 17:00:00+00:00
1771956000,-6.574e-05,2026-02-24 18:00:00+00:00
1771959600,-5.93e-05,2026-02-24 19:00:00+00:00
1771963200,-4.796e-05,2026-02-24 20:00:00+00:00
1771966800,-3.032e-05,2026-02-24 21:00:00+00:00
1771970400,-2.938e-05,2026-02-24 22:00:00+00:00
1771974000,-2.478e-05,2026-02-24 23:00:00+00:00
1771977600,-1.329e-05,2026-02-25 00:00:00+00:00
1771981200,1.557e-05,2026-02-25 01:00:00+00:00
1771984800,2.728e-05,2026-02-25 02:00:00+00:00
1771988400,3.353e-05,2026-02-25 03:00:00+00:00
1771992000,4.324e-05,2026-02-25 04:00:00+00:00
1771995600,4.346e-05,2026-02-25 05:00:00+00:00
1771999200,4.022e-05,2026-02-25 06:00:00+00:00
1772002800,4.57e-05,2026-02-25 07:00:00+00:00
1772006400,3.539e-05,2026-02-25 08:00:00+00:00
1772010000,4.162e-05,2026-02-25 09:00:00+00:00
1772013600,4.48e-05,2026-02-25 10:00:00+00:00
1772017200,3.856e-05,2026-02-25 11:00:00+00:00
1772020800,4.102e-05,2026-02-25 12:00:00+00:00
1772024400,5.388e-05,2026-02-25 13:00:00+00:00
1772028000,5.891e-05,2026-02-25 14:00:00+00:00
1772031600,5.807e-05,2026-02-25 15:00:00+00:00
1772035200,6.161e-05,2026-02-25 16:00:00+00:00
1772038800,6.623e-05,2026-02-25 17:00:00+00:00
1772042400,8.379e-05,2026-02-25 18:00:00+00:00
1772046000,0.0001,2026-02-25 19:00:00+00:00
1772053200,9.201e-05,2026-02-25 21:00:00+00:00
1772056800,8.938e-05,2026-02-25 22:00:00+00:00
1772060400,7.84e-05,2026-02-25 23:00:00+00:00
1772064000,5.861e-05,2026-02-26 00:00:00+00:00
1772067600,3.735e-05,2026-02-26 01:00:00+00:00
1772071200,2.479e-05,2026-02-26 02:00:00+00:00
1772074800,1.683e-05,2026-02-26 03:00:00+00:00
1772078400,-2.96e-06,2026-02-26 04:00:00+00:00
1772082000,-2.124e-05,2026-02-26 05:00:00+00:00
1772085600,-2.86e-05,2026-02-26 06:00:00+00:00
1772089200,-2.599e-05,2026-02-26 07:00:00+00:00
1772092800,-2.274e-05,2026-02-26 08:00:00+00:00
1772096400,-1.572e-05,2026-02-26 09:00:00+00:00
1772100000,-1.79e-06,2026-02-26 10:00:00+00:00
1772103600,1.063e-05,2026-02-26 11:00:00+00:00
1772107200,2.142e-05,2026-02-26 12:00:00+00:00
1772110800,2.843e-05,2026-02-26 13:00:00+00:00
1772114400,3.825e-05,2026-02-26 14:00:00+00:00
1772118000,3.923e-05,2026-02-26 15:00:00+00:00
1772121600,2.294e-05,2026-02-26 16:00:00+00:00
1772125200,1.729e-05,2026-02-26 17:00:00+00:00
1772128800,2.383e-05,2026-02-26 18:00:00+00:00
1772132400,2.373e-05,2026-02-26 19:00:00+00:00
1772136000,1.96e-05,2026-02-26 20:00:00+00:00
1772139600,1.856e-05,2026-02-26 21:00:00+00:00
1772143200,1.081e-05,2026-02-26 22:00:00+00:00
1772146800,1.39e-05,2026-02-26 23:00:00+00:00
1772150400,2.28e-05,2026-02-27 00:00:00+00:00
1772154000,3.054e-05,2026-02-27 01:00:00+00:00
1772157600,2.043e-05,2026-02-27 02:00:00+00:00
1772161200,1.837e-05,2026-02-27 03:00:00+00:00
1772164800,2.192e-05,2026-02-27 04:00:00+00:00
1772168400,1.974e-05,2026-02-27 05:00:00+00:00
1772172000,1.669e-05,2026-02-27 06:00:00+00:00
1772175600,4.13e-06,2026-02-27 07:00:00+00:00
1772179200,-8.58e-06,2026-02-27 08:00:00+00:00
1772182800,-1.667e-05,2026-02-27 09:00:00+00:00
1772186400,-4.302e-05,2026-02-27 10:00:00+00:00
1772190000,-7.247e-05,2026-02-27 11:00:00+00:00
1772193600,-9.708e-05,2026-02-27 12:00:00+00:00
1772197200,-0.00011227,2026-02-27 13:00:00+00:00
1772200800,-0.00010976,2026-02-27 14:00:00+00:00
1772204400,-0.00011006,2026-02-27 15:00:00+00:00
1772208000,-0.00010967,2026-02-27 16:00:00+00:00
1772211600,-0.00010896,2026-02-27 17:00:00+00:00
1772215200,-0.00010024,2026-02-27 18:00:00+00:00
1772218800,-8.609e-05,2026-02-27 19:00:00+00:00
1772222400,-8.925e-05,2026-02-27 20:00:00+00:00
1772226000,-9.443e-05,2026-02-27 21:00:00+00:00
1772229600,-9.256e-05,2026-02-27 22:00:00+00:00
1772233200,-8.821e-05,2026-02-27 23:00:00+00:00
1772236800,-8.942e-05,2026-02-28 00:00:00+00:00
1772240400,-8.174e-05,2026-02-28 01:00:00+00:00
1772244000,-7.235e-05,2026-02-28 02:00:00+00:00
1772247600,-6.888e-05,2026-02-28 03:00:00+00:00
1772251200,-6.036e-05,2026-02-28 04:00:00+00:00
1772254800,-6.384e-05,2026-02-28 05:00:00+00:00
1772258400,-8.325e-05,2026-02-28 06:00:00+00:00
1772262000,-9.398e-05,2026-02-28 07:00:00+00:00
1772265600,-0.0001012,2026-02-28 08:00:00+00:00
1772269200,-0.00010868,2026-02-28 09:00:00+00:00
1772272800,-0.00012645,2026-02-28 10:00:00+00:00
1772276400,-0.00014113,2026-02-28 11:00:00+00:00
1772280000,-0.00013416,2026-02-28 12:00:00+00:00
1772283600,-0.00011349,2026-02-28 13:00:00+00:00
1772287200,-9.5e-05,2026-02-28 14:00:00+00:00
1772290800,-7.186e-05,2026-02-28 15:00:00+00:00
1772294400,-6.633e-05,2026-02-28 16:00:00+00:00
1772298000,-5.422e-05,2026-02-28 17:00:00+00:00
1772301600,-3.863e-05,2026-02-28 18:00:00+00:00
1772305200,-4.851e-05,2026-02-28 19:00:00+00:00
1772308800,-5.449e-05,2026-02-28 20:00:00+00:00
1772312400,-5.545e-05,2026-02-28 21:00:00+00:00
1772316000,-4.742e-05,2026-02-28 22:00:00+00:00
1772319600,-3.461e-05,2026-02-28 23:00:00+00:00
1772323200,-1.61e-05,2026-03-01 00:00:00+00:00
1772326800,1.322e-05,2026-03-01 01:00:00+00:00
1772330400,5.868e-05,2026-03-01 02:00:00+00:00
1772334000,7.473e-05,2026-03-01 03:00:00+00:00
1772337600,7.318e-05,2026-03-01 04:00:00+00:00
1772341200,5.577e-05,2026-03-01 05:00:00+00:00
1772344800,4.793e-05,2026-03-01 06:00:00+00:00
1772348400,4.933e-05,2026-03-01 07:00:00+00:00
1772352000,3.854e-05,2026-03-01 08:00:00+00:00
1772355600,4.29e-05,2026-03-01 09:00:00+00:00
1772359200,4.686e-05,2026-03-01 10:00:00+00:00
1772362800,4.466e-05,2026-03-01 11:00:00+00:00
1772366400,5.212e-05,2026-03-01 12:00:00+00:00
1772370000,6.265e-05,2026-03-01 13:00:00+00:00
1772373600,6.404e-05,2026-03-01 14:00:00+00:00
1772377200,5.291e-05,2026-03-01 15:00:00+00:00
1772380800,4.378e-05,2026-03-01 16:00:00+00:00
1772384400,3.499e-05,2026-03-01 17:00:00+00:00
1772388000,2.23e-05,2026-03-01 18:00:00+00:00
1772391600,7.22e-06,2026-03-01 19:00:00+00:00
1772395200,-2.774e-05,2026-03-01 20:00:00+00:00
1772398800,-5.082e-05,2026-03-01 21:00:00+00:00
1772402400,-7.747e-05,2026-03-01 22:00:00+00:00
1772406000,-7.63e-05,2026-03-01 23:00:00+00:00
1772409600,-7.265e-05,2026-03-02 00:00:00+00:00
1772413200,-6.153e-05,2026-03-02 01:00:00+00:00
1772416800,-5.9e-05,2026-03-02 02:00:00+00:00
1772420400,-5.46e-05,2026-03-02 03:00:00+00:00
1772424000,-3.508e-05,2026-03-02 04:00:00+00:00
1772427600,-2.199e-05,2026-03-02 05:00:00+00:00
1772431200,-1.963e-05,2026-03-02 06:00:00+00:00
1772434800,-4.271e-05,2026-03-02 07:00:00+00:00
1772438400,-6.479e-05,2026-03-02 08:00:00+00:00
1772442000,-7.711e-05,2026-03-02 09:00:00+00:00
1772445600,-8.677e-05,2026-03-02 10:00:00+00:00
1772449200,-9.485e-05,2026-03-02 11:00:00+00:00
1772452800,-9.96e-05,2026-03-02 12:00:00+00:00
1772456400,-0.00011414,2026-03-02 13:00:00+00:00
1772460000,-0.00010957,2026-03-02 14:00:00+00:00
1772463600,-6.839e-05,2026-03-02 15:00:00+00:00
1772467200,-3.749e-05,2026-03-02 16:00:00+00:00
1772470800,-1.492e-05,2026-03-02 17:00:00+00:00
1772474400,-1.3e-07,2026-03-02 18:00:00+00:00
1772478000,1.606e-05,2026-03-02 19:00:00+00:00
1772481600,2.956e-05,2026-03-02 20:00:00+00:00
1772485200,4.446e-05,2026-03-02 21:00:00+00:00
1772488800,4.677e-05,2026-03-02 22:00:00+00:00
1772492400,4.904e-05,2026-03-02 23:00:00+00:00
1772496000,5.449e-05,2026-03-03 00:00:00+00:00
1772499600,4.118e-05,2026-03-03 01:00:00+00:00
1772503200,1.219e-05,2026-03-03 02:00:00+00:00
1772506800,-7.83e-06,2026-03-03 03:00:00+00:00
1772510400,-2.875e-05,2026-03-03 04:00:00+00:00
1772514000,-3.016e-05,2026-03-03 05:00:00+00:00
1772517600,-3.083e-05,2026-03-03 06:00:00+00:00
1772521200,-2.828e-05,2026-03-03 07:00:00+00:00
1772524800,-3.179e-05,2026-03-03 08:00:00+00:00
1772528400,-4.771e-05,2026-03-03 09:00:00+00:00
1772532000,-6.77e-05,2026-03-03 10:00:00+00:00
1772535600,-7.993e-05,2026-03-03 11:00:00+00:00
1772539200,-9.544e-05,2026-03-03 12:00:00+00:00
1772542800,-0.00010459,2026-03-03 13:00:00+00:00
1772546400,-0.00011126,2026-03-03 14:00:00+00:00
1772550000,-9.692e-05,2026-03-03 15:00:00+00:00
1772553600,-6.285e-05,2026-03-03 16:00:00+00:00
1772557200,-4.537e-05,2026-03-03 17:00:00+00:00
1772560800,-3.092e-05,2026-03-03 18:00:00+00:00
1772564400,-8.11e-06,2026-03-03 19:00:00+00:00
1772568000,-2.98e-06,2026-03-03 20:00:00+00:00
1772571600,-2.7e-07,2026-03-03 21:00:00+00:00
1772575200,-6.25e-06,2026-03-03 22:00:00+00:00
1772578800,-3.88e-06,2026-03-03 23:00:00+00:00
1772582400,-7.75e-06,2026-03-04 00:00:00+00:00
1772586000,-1.448e-05,2026-03-04 01:00:00+00:00
1772589600,-2.119e-05,2026-03-04 02:00:00+00:00
1772593200,-5.089e-05,2026-03-04 03:00:00+00:00
1772596800,-7.71e-05,2026-03-04 04:00:00+00:00
1772600400,-9.88e-05,2026-03-04 05:00:00+00:00
1772604000,-9.895e-05,2026-03-04 06:00:00+00:00
1772607600,-7.107e-05,2026-03-04 07:00:00+00:00
1772611200,-1.503e-05,2026-03-04 08:00:00+00:00
1772614800,3.216e-05,2026-03-04 09:00:00+00:00
1772618400,6.405e-05,2026-03-04 10:00:00+00:00
1772622000,8.248e-05,2026-03-04 11:00:00+00:00
1772625600,8.441e-05,2026-03-04 12:00:00+00:00
1772629200,7.493e-05,2026-03-04 13:00:00+00:00
1772632800,6.446e-05,2026-03-04 14:00:00+00:00
1772636400,6.652e-05,2026-03-04 15:00:00+00:00
1772640000,6.979e-05,2026-03-04 16:00:00+00:00
1772643600,5.667e-05,2026-03-04 17:00:00+00:00
1772647200,4.028e-05,2026-03-04 18:00:00+00:00
1772650800,2.956e-05,2026-03-04 19:00:00+00:00
1772654400,1.159e-05,2026-03-04 20:00:00+00:00
1772658000,4.61e-06,2026-03-04 21:00:00+00:00
1772661600,-1.053e-05,2026-03-04 22:00:00+00:00
1772665200,-1.372e-05,2026-03-04 23:00:00+00:00
1772668800,-2.312e-05,2026-03-05 00:00:00+00:00
1772672400,-2.903e-05,2026-03-05 01:00:00+00:00
1772676000,-2.321e-05,2026-03-05 02:00:00+00:00
1772679600,-1.736e-05,2026-03-05 03:00:00+00:00
1772683200,-9.29e-06,2026-03-05 04:00:00+00:00
1772686800,-8.66e-06,2026-03-05 05:00:00+00:00
1772690400,-1.056e-05,2026-03-05 06:00:00+00:00
1772694000,-9.58e-06,2026-03-05 07:00:00+00:00
1772697600,3.53e-06,2026-03-05 08:00:00+00:00
1772701200,8.89e-06,2026-03-05 09:00:00+00:00
1772704800,1.127e-05,2026-03-05 10:00:00+00:00
1772708400,-1.33e-06,2026-03-05 11:00:00+00:00
1772712000,-1.867e-05,2026-03-05 12:00:00+00:00
1772715600,-3.181e-05,2026-03-05 13:00:00+00:00
1772719200,-3.204e-05,2026-03-05 14:00:00+00:00
1772722800,-1.571e-05,2026-03-05 15:00:00+00:00
1772726400,-1.53e-06,2026-03-05 16:00:00+00:00
1772730000,6.89e-06,2026-03-05 17:00:00+00:00
1772733600,1.675e-05,2026-03-05 18:00:00+00:00
1772737200,2.007e-05,2026-03-05 19:00:00+00:00
1772740800,2.947e-05,2026-03-05 20:00:00+00:00
1772744400,3.274e-05,2026-03-05 21:00:00+00:00
1772748000,4.132e-05,2026-03-05 22:00:00+00:00
1772751600,4.376e-05,2026-03-05 23:00:00+00:00
1772755200,6.445e-05,2026-03-06 00:00:00+00:00
1772758800,6.695e-05,2026-03-06 01:00:00+00:00
1772762400,5.14e-05,2026-03-06 02:00:00+00:00
1772766000,3.761e-05,2026-03-06 03:00:00+00:00
1772769600,3.127e-05,2026-03-06 04:00:00+00:00
1772773200,4.99e-06,2026-03-06 05:00:00+00:00
1772776800,-1.758e-05,2026-03-06 06:00:00+00:00
1772780400,-2.383e-05,2026-03-06 07:00:00+00:00
1772784000,-3.327e-05,2026-03-06 08:00:00+00:00
1772787600,-5.432e-05,2026-03-06 09:00:00+00:00
1772791200,-6.795e-05,2026-03-06 10:00:00+00:00
1772794800,-6.981e-05,2026-03-06 11:00:00+00:00
1772798400,-4.878e-05,2026-03-06 12:00:00+00:00
1772802000,-4.973e-05,2026-03-06 13:00:00+00:00
1772805600,-7.43e-05,2026-03-06 14:00:00+00:00
1772809200,-9.805e-05,2026-03-06 15:00:00+00:00
1772812800,-9.66e-05,2026-03-06 16:00:00+00:00
1772816400,-9.461e-05,2026-03-06 17:00:00+00:00
1772820000,-9.326e-05,2026-03-06 18:00:00+00:00
1772823600,-9.104e-05,2026-03-06 19:00:00+00:00
1772827200,-7.111e-05,2026-03-06 20:00:00+00:00
1772830800,-4.979e-05,2026-03-06 21:00:00+00:00
1772834400,-4.068e-05,2026-03-06 22:00:00+00:00
1772838000,-4.995e-05,2026-03-06 23:00:00+00:00
1772841600,-5.505e-05,2026-03-07 00:00:00+00:00
1772845200,-6.563e-05,2026-03-07 01:00:00+00:00
1772848800,-7.135e-05,2026-03-07 02:00:00+00:00
1772852400,-5.729e-05,2026-03-07 03:00:00+00:00
1772856000,-4.103e-05,2026-03-07 04:00:00+00:00
1772859600,-3.218e-05,2026-03-07 05:00:00+00:00
1772863200,-2.469e-05,2026-03-07 06:00:00+00:00
1772866800,-9.48e-06,2026-03-07 07:00:00+00:00
1772870400,-7.3e-06,2026-03-07 08:00:00+00:00
1772874000,-2.435e-05,2026-03-07 09:00:00+00:00
1772877600,-4.527e-05,2026-03-07 10:00:00+00:00
1772881200,-6.355e-05,2026-03-07 11:00:00+00:00
1772884800,-7.922e-05,2026-03-07 12:00:00+00:00
1772888400,-5.189e-05,2026-03-07 13:00:00+00:00
1772892000,-3.81e-05,2026-03-07 14:00:00+00:00
1772895600,-2.321e-05,2026-03-07 15:00:00+00:00
1772899200,-4.75e-06,2026-03-07 16:00:00+00:00
1772902800,3.97e-06,2026-03-07 17:00:00+00:00
1772906400,7.38e-06,2026-03-07 18:00:00+00:00
1772910000,-6.63e-06,2026-03-07 19:00:00+00:00
1772913600,-1.626e-05,2026-03-07 20:00:00+00:00
1772917200,-2.814e-05,2026-03-07 21:00:00+00:00
1772920800,-3.784e-05,2026-03-07 22:00:00+00:00
1772924400,-4.689e-05,2026-03-07 23:00:00+00:00
1772928000,-4.536e-05,2026-03-08 00:00:00+00:00
1772931600,-3.213e-05,2026-03-08 01:00:00+00:00
1772935200,-4.471e-05,2026-03-08 02:00:00+00:00
1772938800,-6.165e-05,2026-03-08 03:00:00+00:00
1772942400,-7.768e-05,2026-03-08 04:00:00+00:00
1772946000,-7.304e-05,2026-03-08 05:00:00+00:00
1772949600,-7.631e-05,2026-03-08 06:00:00+00:00
1772953200,-8.711e-05,2026-03-08 07:00:00+00:00
1772956800,-9.249e-05,2026-03-08 08:00:00+00:00
1772960400,-0.00010171,2026-03-08 09:00:00+00:00
1772964000,-8.322e-05,2026-03-08 10:00:00+00:00
1772967600,-7.22e-05,2026-03-08 11:00:00+00:00
1772971200,-7.828e-05,2026-03-08 12:00:00+00:00
1772974800,-8.979e-05,2026-03-08 13:00:00+00:00
1772978400,-9.14e-05,2026-03-08 14:00:00+00:00
1772982000,-7.519e-05,2026-03-08 15:00:00+00:00
1772985600,-6.796e-05,2026-03-08 16:00:00+00:00
1772989200,-7.848e-05,2026-03-08 17:00:00+00:00
1772992800,-8.113e-05,2026-03-08 18:00:00+00:00
1772996400,-0.00011529,2026-03-08 19:00:00+00:00
1773000000,-0.0001388,2026-03-08 20:00:00+00:00
1773003600,-0.00016868,2026-03-08 21:00:00+00:00
1773007200,-0.00024793,2026-03-08 22:00:00+00:00
1773010800,-0.00022629,2026-03-08 23:00:00+00:00
1773014400,-0.00017909,2026-03-09 00:00:00+00:00
1773018000,-0.00013047,2026-03-09 01:00:00+00:00
1773021600,-6.882e-05,2026-03-09 02:00:00+00:00
1773025200,-1.271e-05,2026-03-09 03:00:00+00:00
1773028800,2.412e-05,2026-03-09 04:00:00+00:00
1773032400,5.066e-05,2026-03-09 05:00:00+00:00
1773036000,4.306e-05,2026-03-09 06:00:00+00:00
1773039600,2.604e-05,2026-03-09 07:00:00+00:00
1773043200,9.42e-06,2026-03-09 08:00:00+00:00
1773046800,-6.99e-06,2026-03-09 09:00:00+00:00
1773050400,7.9e-06,2026-03-09 10:00:00+00:00
1773054000,2.051e-05,2026-03-09 11:00:00+00:00
1773057600,2.999e-05,2026-03-09 12:00:00+00:00
1773061200,3.953e-05,2026-03-09 13:00:00+00:00
1773064800,4.859e-05,2026-03-09 14:00:00+00:00
1773068400,5.507e-05,2026-03-09 15:00:00+00:00
1773072000,5.437e-05,2026-03-09 16:00:00+00:00
1773075600,5.441e-05,2026-03-09 17:00:00+00:00
1773079200,5.488e-05,2026-03-09 18:00:00+00:00
1773082800,5.527e-05,2026-03-09 19:00:00+00:00
1773086400,3.912e-05,2026-03-09 20:00:00+00:00
1773090000,2.892e-05,2026-03-09 21:00:00+00:00
1773093600,2.576e-05,2026-03-09 22:00:00+00:00
1773097200,4.253e-05,2026-03-09 23:00:00+00:00
1773100800,5.216e-05,2026-03-10 00:00:00+00:00
1773104400,6.29e-05,2026-03-10 01:00:00+00:00
1773108000,7.155e-05,2026-03-10 02:00:00+00:00
1773111600,6.995e-05,2026-03-10 03:00:00+00:00
1773115200,7.804e-05,2026-03-10 04:00:00+00:00
1773118800,8.237e-05,2026-03-10 05:00:00+00:00
1773122400,7.403e-05,2026-03-10 06:00:00+00:00
1773126000,5.066e-05,2026-03-10 07:00:00+00:00
1773129600,2.556e-05,2026-03-10 08:00:00+00:00
1773133200,1.29e-06,2026-03-10 09:00:00+00:00
1773136800,-1.624e-05,2026-03-10 10:00:00+00:00
1773140400,-3.201e-05,2026-03-10 11:00:00+00:00
1773144000,-2.508e-05,2026-03-10 12:00:00+00:00
1773147600,-2.525e-05,2026-03-10 13:00:00+00:00
1773151200,6.5e-06,2026-03-10 14:00:00+00:00
1773154800,2.664e-05,2026-03-10 15:00:00+00:00
1773158400,3.714e-05,2026-03-10 16:00:00+00:00
1773162000,4.08e-05,2026-03-10 17:00:00+00:00
1773165600,4.769e-05,2026-03-10 18:00:00+00:00
1773169200,5.78e-05,2026-03-10 19:00:00+00:00
1773172800,5.033e-05,2026-03-10 20:00:00+00:00
1773176400,3.968e-05,2026-03-10 21:00:00+00:00
1773180000,1.987e-05,2026-03-10 22:00:00+00:00
1773183600,-3.4e-06,2026-03-10 23:00:00+00:00
1773187200,-6.62e-06,2026-03-11 00:00:00+00:00
1773190800,-1.207e-05,2026-03-11 01:00:00+00:00
1773194400,-1.023e-05,2026-03-11 02:00:00+00:00
1773198000,5.33e-06,2026-03-11 03:00:00+00:00
1773201600,1.663e-05,2026-03-11 04:00:00+00:00
1773205200,1.834e-05,2026-03-11 05:00:00+00:00
1773208800,5.17e-06,2026-03-11 06:00:00+00:00
1773212400,-5.7e-07,2026-03-11 07:00:00+00:00
1773216000,-3.96e-06,2026-03-11 08:00:00+00:00
1773219600,-9.59e-06,2026-03-11 09:00:00+00:00
1773223200,-6.78e-06,2026-03-11 10:00:00+00:00
1773226800,-9.88e-06,2026-03-11 11:00:00+00:00
1773230400,-2.78e-06,2026-03-11 12:00:00+00:00
1773234000,4.65e-06,2026-03-11 13:00:00+00:00
1773237600,2.185e-05,2026-03-11 14:00:00+00:00
1773241200,3.012e-05,2026-03-11 15:00:00+00:00
1773244800,3.329e-05,2026-03-11 16:00:00+00:00
1773248400,3.458e-05,2026-03-11 17:00:00+00:00
1773252000,4.098e-05,2026-03-11 18:00:00+00:00
1773255600,2.96e-05,2026-03-11 19:00:00+00:00
1773259200,2.555e-05,2026-03-11 20:00:00+00:00
1773262800,1.933e-05,2026-03-11 21:00:00+00:00
1773266400,1.083e-05,2026-03-11 22:00:00+00:00
1773270000,8.68e-06,2026-03-11 23:00:00+00:00
1773273600,7e-06,2026-03-12 00:00:00+00:00
1773277200,-1.12e-06,2026-03-12 01:00:00+00:00
1773280800,-1.197e-05,2026-03-12 02:00:00+00:00
1773284400,-4.364e-05,2026-03-12 03:00:00+00:00
1773288000,-5.863e-05,2026-03-12 04:00:00+00:00
1773291600,-6.664e-05,2026-03-12 05:00:00+00:00
1773295200,-7.165e-05,2026-03-12 06:00:00+00:00
1773298800,-6.811e-05,2026-03-12 07:00:00+00:00
1773302400,-5.367e-05,2026-03-12 08:00:00+00:00
1773306000,-4.363e-05,2026-03-12 09:00:00+00:00
1773309600,-2.788e-05,2026-03-12 10:00:00+00:00
1773313200,-1.608e-05,2026-03-12 11:00:00+00:00
1773316800,-2.304e-05,2026-03-12 12:00:00+00:00
1773320400,-2.974e-05,2026-03-12 13:00:00+00:00
1773324000,-1.942e-05,2026-03-12 14:00:00+00:00
1773327600,-1.536e-05,2026-03-12 15:00:00+00:00
1773331200,-3.58e-06,2026-03-12 16:00:00+00:00
1773334800,-5.54e-06,2026-03-12 17:00:00+00:00
1773338400,-2.702e-05,2026-03-12 18:00:00+00:00
1773342000,-4.026e-05,2026-03-12 19:00:00+00:00
1773345600,-3.587e-05,2026-03-12 20:00:00+00:00
1773349200,-2.536e-05,2026-03-12 21:00:00+00:00
1773352800,-2.4e-06,2026-03-12 22:00:00+00:00
1773356400,2.204e-05,2026-03-12 23:00:00+00:00
1773360000,5.872e-05,2026-03-13 00:00:00+00:00
1773363600,6.383e-05,2026-03-13 01:00:00+00:00
1773367200,5.545e-05,2026-03-13 02:00:00+00:00
1773370800,4.853e-05,2026-03-13 03:00:00+00:00
1773374400,2.462e-05,2026-03-13 04:00:00+00:00
1773378000,1.694e-05,2026-03-13 05:00:00+00:00
1773381600,6.62e-06,2026-03-13 06:00:00+00:00
1773385200,-1.47e-06,2026-03-13 07:00:00+00:00
1773388800,3e-08,2026-03-13 08:00:00+00:00
1773392400,3.3e-07,2026-03-13 09:00:00+00:00
1773396000,1.717e-05,2026-03-13 10:00:00+00:00
1773399600,3.238e-05,2026-03-13 11:00:00+00:00
1773403200,2.715e-05,2026-03-13 12:00:00+00:00
1773406800,3.572e-05,2026-03-13 13:00:00+00:00
1773410400,2.847e-05,2026-03-13 14:00:00+00:00
1773414000,2.041e-05,2026-03-13 15:00:00+00:00
1773417600,3.489e-05,2026-03-13 16:00:00+00:00
1773421200,2.751e-05,2026-03-13 17:00:00+00:00
1773424800,4.015e-05,2026-03-13 18:00:00+00:00
1773428400,3.729e-05,2026-03-13 19:00:00+00:00
1773432000,3.644e-05,2026-03-13 20:00:00+00:00
1773435600,3.317e-05,2026-03-13 21:00:00+00:00
1773439200,3.503e-05,2026-03-13 22:00:00+00:00
1773442800,2.621e-05,2026-03-13 23:00:00+00:00
1773446400,2.677e-05,2026-03-14 00:00:00+00:00
1773450000,3.893e-05,2026-03-14 01:00:00+00:00
1773453600,2.994e-05,2026-03-14 02:00:00+00:00
1773457200,4.78e-06,2026-03-14 03:00:00+00:00
1773460800,-1.276e-05,2026-03-14 04:00:00+00:00
1773464400,-2.01e-05,2026-03-14 05:00:00+00:00
1773468000,-1.834e-05,2026-03-14 06:00:00+00:00
1773471600,-2.356e-05,2026-03-14 07:00:00+00:00
1773475200,-3.254e-05,2026-03-14 08:00:00+00:00
1773478800,-3.447e-05,2026-03-14 09:00:00+00:00
1773482400,-2.716e-05,2026-03-14 10:00:00+00:00
1773486000,-3.458e-05,2026-03-14 11:00:00+00:00
1773489600,-3.474e-05,2026-03-14 12:00:00+00:00
1773493200,-3.88e-05,2026-03-14 13:00:00+00:00
1773496800,-4.196e-05,2026-03-14 14:00:00+00:00
1773500400,-4.122e-05,2026-03-14 15:00:00+00:00
1773504000,-3.599e-05,2026-03-14 16:00:00+00:00
1773507600,-4.081e-05,2026-03-14 17:00:00+00:00
1773511200,-3.326e-05,2026-03-14 18:00:00+00:00
1773514800,-4.493e-05,2026-03-14 19:00:00+00:00
1773518400,-5.299e-05,2026-03-14 20:00:00+00:00
1773522000,-5.127e-05,2026-03-14 21:00:00+00:00
1773525600,-5.267e-05,2026-03-14 22:00:00+00:00
1773529200,-4.662e-05,2026-03-14 23:00:00+00:00
1773532800,-4.301e-05,2026-03-15 00:00:00+00:00
1773536400,-3.838e-05,2026-03-15 01:00:00+00:00
1773540000,-4.018e-05,2026-03-15 02:00:00+00:00
1773543600,-3.911e-05,2026-03-15 03:00:00+00:00
1773547200,-2.973e-05,2026-03-15 04:00:00+00:00
1773550800,-1.581e-05,2026-03-15 05:00:00+00:00
1773554400,-4.36e-06,2026-03-15 06:00:00+00:00
1773558000,1.355e-05,2026-03-15 07:00:00+00:00
1773561600,3.229e-05,2026-03-15 08:00:00+00:00
1773565200,3.157e-05,2026-03-15 09:00:00+00:00
1773568800,1.999e-05,2026-03-15 10:00:00+00:00
1773572400,2.001e-05,2026-03-15 11:00:00+00:00
1773576000,1.969e-05,2026-03-15 12:00:00+00:00
1773579600,2.988e-05,2026-03-15 13:00:00+00:00
1773583200,3.265e-05,2026-03-15 14:00:00+00:00
1773586800,3.446e-05,2026-03-15 15:00:00+00:00
1773590400,3.208e-05,2026-03-15 16:00:00+00:00
1773594000,3.845e-05,2026-03-15 17:00:00+00:00
1773597600,3.211e-05,2026-03-15 18:00:00+00:00
1773601200,1.664e-05,2026-03-15 19:00:00+00:00
1773604800,5.9e-06,2026-03-15 20:00:00+00:00
1773608400,7.92e-06,2026-03-15 21:00:00+00:00
1773612000,3.244e-05,2026-03-15 22:00:00+00:00
1773615600,7.536e-05,2026-03-15 23:00:00+00:00
1773619200,0.0001,2026-03-16 00:00:00+00:00
1773648000,0.0001,2026-03-16 08:00:00+00:00
1773662400,0.0001,2026-03-16 12:00:00+00:00
1773669600,9.733e-05,2026-03-16 14:00:00+00:00
1773673200,7.073e-05,2026-03-16 15:00:00+00:00
1773676800,6.311e-05,2026-03-16 16:00:00+00:00
1773680400,5.921e-05,2026-03-16 17:00:00+00:00
1773684000,4.737e-05,2026-03-16 18:00:00+00:00
1773687600,5.317e-05,2026-03-16 19:00:00+00:00
1773691200,6.082e-05,2026-03-16 20:00:00+00:00
1773694800,6.777e-05,2026-03-16 21:00:00+00:00
1773698400,5.933e-05,2026-03-16 22:00:00+00:00
1773702000,5.155e-05,2026-03-16 23:00:00+00:00
1773705600,4.828e-05,2026-03-17 00:00:00+00:00
1773709200,3.511e-05,2026-03-17 01:00:00+00:00
1773712800,2.047e-05,2026-03-17 02:00:00+00:00
1773716400,7.32e-06,2026-03-17 03:00:00+00:00
1773720000,1.49e-06,2026-03-17 04:00:00+00:00
1773723600,6.68e-06,2026-03-17 05:00:00+00:00
1773727200,1.594e-05,2026-03-17 06:00:00+00:00
1773730800,1.928e-05,2026-03-17 07:00:00+00:00
1773734400,2.198e-05,2026-03-17 08:00:00+00:00
1773738000,1.709e-05,2026-03-17 09:00:00+00:00
1773741600,1.583e-05,2026-03-17 10:00:00+00:00
1773745200,8.03e-06,2026-03-17 11:00:00+00:00
1773748800,9.26e-06,2026-03-17 12:00:00+00:00
1773752400,6.63e-06,2026-03-17 13:00:00+00:00
1773756000,-4.5e-07,2026-03-17 14:00:00+00:00
1773759600,-1.044e-05,2026-03-17 15:00:00+00:00
1773763200,-1.029e-05,2026-03-17 16:00:00+00:00
1773766800,-1.377e-05,2026-03-17 17:00:00+00:00
1773770400,-1.073e-05,2026-03-17 18:00:00+00:00
1773774000,-5.43e-06,2026-03-17 19:00:00+00:00
1773777600,-6.05e-06,2026-03-17 20:00:00+00:00
1773781200,-2.8e-07,2026-03-17 21:00:00+00:00
1773784800,9.86e-06,2026-03-17 22:00:00+00:00
1773788400,1.478e-05,2026-03-17 23:00:00+00:00
1773792000,2.526e-05,2026-03-18 00:00:00+00:00
1773795600,1.404e-05,2026-03-18 01:00:00+00:00
1773799200,3.58e-06,2026-03-18 02:00:00+00:00
1773802800,3.1e-07,2026-03-18 03:00:00+00:00
1773806400,-4.28e-06,2026-03-18 04:00:00+00:00
1773810000,6.68e-06,2026-03-18 05:00:00+00:00
1773813600,1.526e-05,2026-03-18 06:00:00+00:00
1773817200,1.301e-05,2026-03-18 07:00:00+00:00
1773820800,2.015e-05,2026-03-18 08:00:00+00:00
1773824400,3.482e-05,2026-03-18 09:00:00+00:00
1773828000,2.868e-05,2026-03-18 10:00:00+00:00
1773831600,1.432e-05,2026-03-18 11:00:00+00:00
1773835200,2.821e-05,2026-03-18 12:00:00+00:00
1773838800,1.841e-05,2026-03-18 13:00:00+00:00
1773842400,1.306e-05,2026-03-18 14:00:00+00:00
1773846000,-1.399e-05,2026-03-18 15:00:00+00:00
1773849600,-2.4e-05,2026-03-18 16:00:00+00:00
1773853200,-2.787e-05,2026-03-18 17:00:00+00:00
1773856800,-3.143e-05,2026-03-18 18:00:00+00:00
1773860400,-1.709e-05,2026-03-18 19:00:00+00:00
1773864000,-1.036e-05,2026-03-18 20:00:00+00:00
1773867600,-4.3e-07,2026-03-18 21:00:00+00:00
1773871200,6.27e-06,2026-03-18 22:00:00+00:00
1773874800,-2.7e-06,2026-03-18 23:00:00+00:00
1773878400,-1.033e-05,2026-03-19 00:00:00+00:00
1773882000,-9.67e-06,2026-03-19 01:00:00+00:00
1773885600,-1.758e-05,2026-03-19 02:00:00+00:00
1773889200,-2.389e-05,2026-03-19 03:00:00+00:00
1773892800,-2.349e-05,2026-03-19 04:00:00+00:00
1773896400,-1.619e-05,2026-03-19 05:00:00+00:00
1773900000,1.26e-06,2026-03-19 06:00:00+00:00
1773903600,-7.82e-06,2026-03-19 07:00:00+00:00
1773907200,-1.5e-05,2026-03-19 08:00:00+00:00
1773910800,-8.13e-06,2026-03-19 09:00:00+00:00
1773914400,-1.289e-05,2026-03-19 10:00:00+00:00
1773918000,-1.003e-05,2026-03-19 11:00:00+00:00
1773921600,-2.874e-05,2026-03-19 12:00:00+00:00
1773925200,-2.659e-05,2026-03-19 13:00:00+00:00
1773928800,-1.019e-05,2026-03-19 14:00:00+00:00
1773932400,1.19e-06,2026-03-19 15:00:00+00:00
1773936000,-3.19e-06,2026-03-19 16:00:00+00:00
1773939600,-3.55e-06,2026-03-19 17:00:00+00:00
1773943200,-6.63e-06,2026-03-19 18:00:00+00:00
1773946800,-1.349e-05,2026-03-19 19:00:00+00:00
1773950400,-1.669e-05,2026-03-19 20:00:00+00:00
1773954000,-3.793e-05,2026-03-19 21:00:00+00:00
1773957600,-6e-05,2026-03-19 22:00:00+00:00
1773961200,-6.324e-05,2026-03-19 23:00:00+00:00
1773964800,-6.771e-05,2026-03-20 00:00:00+00:00
1773968400,-7.688e-05,2026-03-20 01:00:00+00:00
1773972000,-8.02e-05,2026-03-20 02:00:00+00:00
1773975600,-8.212e-05,2026-03-20 03:00:00+00:00
1773979200,-8.095e-05,2026-03-20 04:00:00+00:00
1773982800,-7.782e-05,2026-03-20 05:00:00+00:00
1773986400,-6.85e-05,2026-03-20 06:00:00+00:00
1773990000,-5.947e-05,2026-03-20 07:00:00+00:00
1773993600,-6.111e-05,2026-03-20 08:00:00+00:00
1773997200,-6.781e-05,2026-03-20 09:00:00+00:00
1774000800,-6.248e-05,2026-03-20 10:00:00+00:00
1774004400,-6.295e-05,2026-03-20 11:00:00+00:00
1774008000,-5.518e-05,2026-03-20 12:00:00+00:00
1774011600,-4.486e-05,2026-03-20 13:00:00+00:00
1774015200,-1.922e-05,2026-03-20 14:00:00+00:00
1774018800,-1.52e-06,2026-03-20 15:00:00+00:00
1774022400,2.033e-05,2026-03-20 16:00:00+00:00
1774026000,2.74e-05,2026-03-20 17:00:00+00:00
1774029600,3.341e-05,2026-03-20 18:00:00+00:00
1774033200,5.373e-05,2026-03-20 19:00:00+00:00
1774036800,4.584e-05,2026-03-20 20:00:00+00:00
1774040400,5.079e-05,2026-03-20 21:00:00+00:00
1774044000,4.563e-05,2026-03-20 22:00:00+00:00
1774047600,2.353e-05,2026-03-20 23:00:00+00:00
1774051200,2.516e-05,2026-03-21 00:00:00+00:00
1774054800,2.628e-05,2026-03-21 01:00:00+00:00
1774058400,3.217e-05,2026-03-21 02:00:00+00:00
1774062000,3.116e-05,2026-03-21 03:00:00+00:00
1774065600,3.423e-05,2026-03-21 04:00:00+00:00
1774069200,3.152e-05,2026-03-21 05:00:00+00:00
1774072800,2.057e-05,2026-03-21 06:00:00+00:00
1774076400,1.181e-05,2026-03-21 07:00:00+00:00
1774080000,5.68e-06,2026-03-21 08:00:00+00:00
1774083600,-3.87e-06,2026-03-21 09:00:00+00:00
1774087200,-1.011e-05,2026-03-21 10:00:00+00:00
1774090800,8.19e-06,2026-03-21 11:00:00+00:00
1774094400,2.402e-05,2026-03-21 12:00:00+00:00
1774098000,3.137e-05,2026-03-21 13:00:00+00:00
1774101600,2.391e-05,2026-03-21 14:00:00+00:00
1774105200,2.063e-05,2026-03-21 15:00:00+00:00
1774108800,1.689e-05,2026-03-21 16:00:00+00:00
1774112400,1.585e-05,2026-03-21 17:00:00+00:00
1774116000,-3.6e-06,2026-03-21 18:00:00+00:00
1774119600,-6.98e-06,2026-03-21 19:00:00+00:00
1774123200,-5.91e-06,2026-03-21 20:00:00+00:00
1774126800,-2.7e-07,2026-03-21 21:00:00+00:00
1774130400,8.05e-06,2026-03-21 22:00:00+00:00
1774134000,-1.141e-05,2026-03-21 23:00:00+00:00
1774137600,-5.38e-05,2026-03-22 00:00:00+00:00
1774141200,-8.721e-05,2026-03-22 01:00:00+00:00
1774144800,-0.00010062,2026-03-22 02:00:00+00:00
1774148400,-0.00010243,2026-03-22 03:00:00+00:00
1774152000,-8.963e-05,2026-03-22 04:00:00+00:00
1774155600,-5.965e-05,2026-03-22 05:00:00+00:00
1774159200,-2.243e-05,2026-03-22 06:00:00+00:00
1774162800,1.104e-05,2026-03-22 07:00:00+00:00
1774166400,3.51e-06,2026-03-22 08:00:00+00:00
1774170000,-1.795e-05,2026-03-22 09:00:00+00:00
1774173600,-4.139e-05,2026-03-22 10:00:00+00:00
1774177200,-5.775e-05,2026-03-22 11:00:00+00:00
1774180800,-6.875e-05,2026-03-22 12:00:00+00:00
1774184400,-7.424e-05,2026-03-22 13:00:00+00:00
1774188000,-7.456e-05,2026-03-22 14:00:00+00:00
1774191600,-7.495e-05,2026-03-22 15:00:00+00:00
1774195200,-6.861e-05,2026-03-22 16:00:00+00:00
1774198800,-6.414e-05,2026-03-22 17:00:00+00:00
1774202400,-6.113e-05,2026-03-22 18:00:00+00:00
1774206000,-5.572e-05,2026-03-22 19:00:00+00:00
1774209600,-6.603e-05,2026-03-22 20:00:00+00:00
1774213200,-7.873e-05,2026-03-22 21:00:00+00:00
1774216800,-7.529e-05,2026-03-22 22:00:00+00:00
1774220400,-5.997e-05,2026-03-22 23:00:00+00:00
1774224000,-4.391e-05,2026-03-23 00:00:00+00:00
1774227600,-1.961e-05,2026-03-23 01:00:00+00:00
1774231200,1.21e-06,2026-03-23 02:00:00+00:00
1774234800,1.81e-05,2026-03-23 03:00:00+00:00
1774238400,2.127e-05,2026-03-23 04:00:00+00:00
1774242000,3.373e-05,2026-03-23 05:00:00+00:00
1774245600,1.248e-05,2026-03-23 06:00:00+00:00
1774249200,-2.31e-06,2026-03-23 07:00:00+00:00
1774252800,-1.139e-05,2026-03-23 08:00:00+00:00
1774256400,-2.188e-05,2026-03-23 09:00:00+00:00
1774260000,-2.502e-05,2026-03-23 10:00:00+00:00
1774263600,2.747e-05,2026-03-23 11:00:00+00:00
1774267200,2.913e-05,2026-03-23 12:00:00+00:00
1774270800,2.939e-05,2026-03-23 13:00:00+00:00
1774274400,5.858e-05,2026-03-23 14:00:00+00:00
1774278000,6.187e-05,2026-03-23 15:00:00+00:00
1774281600,4.333e-05,2026-03-23 16:00:00+00:00
1774285200,2.292e-05,2026-03-23 17:00:00+00:00
1774288800,4.14e-06,2026-03-23 18:00:00+00:00
1774292400,1.064e-05,2026-03-23 19:00:00+00:00
1774296000,1.41e-05,2026-03-23 20:00:00+00:00
1774299600,1.936e-05,2026-03-23 21:00:00+00:00
1774303200,2.18e-05,2026-03-23 22:00:00+00:00
1774306800,2.835e-05,2026-03-23 23:00:00+00:00
1774310400,1.556e-05,2026-03-24 00:00:00+00:00
1774314000,-9.48e-06,2026-03-24 01:00:00+00:00
1774317600,-1.945e-05,2026-03-24 02:00:00+00:00
1774321200,-9.61e-06,2026-03-24 03:00:00+00:00
1774324800,-5.67e-06,2026-03-24 04:00:00+00:00
1774328400,1.86e-06,2026-03-24 05:00:00+00:00
1774332000,6.57e-06,2026-03-24 06:00:00+00:00
1774335600,2.122e-05,2026-03-24 07:00:00+00:00
1774339200,1.25e-05,2026-03-24 08:00:00+00:00
1774342800,8e-08,2026-03-24 09:00:00+00:00
1774346400,-1.438e-05,2026-03-24 10:00:00+00:00
1774350000,-1.943e-05,2026-03-24 11:00:00+00:00
1774353600,-3.305e-05,2026-03-24 12:00:00+00:00
1774357200,-3.966e-05,2026-03-24 13:00:00+00:00
1774360800,-4.278e-05,2026-03-24 14:00:00+00:00
1774364400,-2.763e-05,2026-03-24 15:00:00+00:00
1774368000,1.36e-06,2026-03-24 16:00:00+00:00
1774371600,2.609e-05,2026-03-24 17:00:00+00:00
1774375200,4.066e-05,2026-03-24 18:00:00+00:00
1774378800,4.717e-05,2026-03-24 19:00:00+00:00
1774382400,5.972e-05,2026-03-24 20:00:00+00:00
1774386000,5.508e-05,2026-03-24 21:00:00+00:00
1774389600,4.112e-05,2026-03-24 22:00:00+00:00
1774393200,3.564e-05,2026-03-24 23:00:00+00:00
1774396800,2.927e-05,2026-03-25 00:00:00+00:00
1774400400,4.69e-06,2026-03-25 01:00:00+00:00
1774404000,-1.438e-05,2026-03-25 02:00:00+00:00
1774407600,-1.242e-05,2026-03-25 03:00:00+00:00
1774411200,-2.775e-05,2026-03-25 04:00:00+00:00
1774414800,-3.371e-05,2026-03-25 05:00:00+00:00
1774418400,-3.544e-05,2026-03-25 06:00:00+00:00
1774422000,-4.168e-05,2026-03-25 07:00:00+00:00
1774425600,-3.851e-05,2026-03-25 08:00:00+00:00
1774429200,-4.433e-05,2026-03-25 09:00:00+00:00
1774432800,-5.354e-05,2026-03-25 10:00:00+00:00
1774436400,-5.887e-05,2026-03-25 11:00:00+00:00
1774440000,-4.879e-05,2026-03-25 12:00:00+00:00
1774443600,-3.131e-05,2026-03-25 13:00:00+00:00
1774447200,-1.974e-05,2026-03-25 14:00:00+00:00
1774450800,5.03e-06,2026-03-25 15:00:00+00:00
1774454400,4.017e-05,2026-03-25 16:00:00+00:00
1774458000,5.86e-05,2026-03-25 17:00:00+00:00
1774461600,6.912e-05,2026-03-25 18:00:00+00:00
1774465200,7.221e-05,2026-03-25 19:00:00+00:00
1774468800,6.632e-05,2026-03-25 20:00:00+00:00
1774472400,5.508e-05,2026-03-25 21:00:00+00:00
1774476000,4.939e-05,2026-03-25 22:00:00+00:00
1774479600,4.453e-05,2026-03-25 23:00:00+00:00
1774483200,3.047e-05,2026-03-26 00:00:00+00:00
1774486800,2.854e-05,2026-03-26 01:00:00+00:00
1774490400,2.876e-05,2026-03-26 02:00:00+00:00
1774494000,3.963e-05,2026-03-26 03:00:00+00:00
1774497600,3.253e-05,2026-03-26 04:00:00+00:00
1774501200,1.673e-05,2026-03-26 05:00:00+00:00
1774504800,9.82e-06,2026-03-26 06:00:00+00:00
1774508400,7.66e-06,2026-03-26 07:00:00+00:00
1774512000,-1.215e-05,2026-03-26 08:00:00+00:00
1774515600,-3.989e-05,2026-03-26 09:00:00+00:00
1774519200,-6.672e-05,2026-03-26 10:00:00+00:00
1774522800,-9.253e-05,2026-03-26 11:00:00+00:00
1774526400,-0.00011892,2026-03-26 12:00:00+00:00
1774530000,-0.0001373,2026-03-26 13:00:00+00:00
1774533600,-0.00011547,2026-03-26 14:00:00+00:00
1774537200,-8.206e-05,2026-03-26 15:00:00+00:00
1774540800,-4.797e-05,2026-03-26 16:00:00+00:00
1774544400,-1.339e-05,2026-03-26 17:00:00+00:00
1774548000,-3.9e-07,2026-03-26 18:00:00+00:00
1774551600,-9.45e-06,2026-03-26 19:00:00+00:00
1774555200,-4.6e-07,2026-03-26 20:00:00+00:00
1774558800,1.015e-05,2026-03-26 21:00:00+00:00
1774562400,6.78e-06,2026-03-26 22:00:00+00:00
1774566000,-2.16e-06,2026-03-26 23:00:00+00:00
1774569600,-8.07e-06,2026-03-27 00:00:00+00:00
1774573200,-2.8e-06,2026-03-27 01:00:00+00:00
1774576800,-2.048e-05,2026-03-27 02:00:00+00:00
1774580400,-2.386e-05,2026-03-27 03:00:00+00:00
1774584000,-1.965e-05,2026-03-27 04:00:00+00:00
1774587600,-1.647e-05,2026-03-27 05:00:00+00:00
1774591200,-2.574e-05,2026-03-27 06:00:00+00:00
1774594800,-5.115e-05,2026-03-27 07:00:00+00:00
1774598400,-6.72e-05,2026-03-27 08:00:00+00:00
1774602000,-7.156e-05,2026-03-27 09:00:00+00:00
1774605600,-9.471e-05,2026-03-27 10:00:00+00:00
1774609200,-0.00014009,2026-03-27 11:00:00+00:00
1774612800,-0.00018959,2026-03-27 12:00:00+00:00
1774616400,-0.00023034,2026-03-27 13:00:00+00:00
1774620000,-0.00020979,2026-03-27 14:00:00+00:00
1774623600,-0.00018104,2026-03-27 15:00:00+00:00
1774627200,-0.00013959,2026-03-27 16:00:00+00:00
1774630800,-9.273e-05,2026-03-27 17:00:00+00:00
1774634400,-5.062e-05,2026-03-27 18:00:00+00:00
1774638000,-4.27e-05,2026-03-27 19:00:00+00:00
1774641600,-3.557e-05,2026-03-27 20:00:00+00:00
1774645200,-3.56e-05,2026-03-27 21:00:00+00:00
1774648800,-4.224e-05,2026-03-27 22:00:00+00:00
1774652400,-4.912e-05,2026-03-27 23:00:00+00:00
1774656000,-5.855e-05,2026-03-28 00:00:00+00:00
1774659600,-7.015e-05,2026-03-28 01:00:00+00:00
1774663200,-8.372e-05,2026-03-28 02:00:00+00:00
1774666800,-8.844e-05,2026-03-28 03:00:00+00:00
1774670400,-9.898e-05,2026-03-28 04:00:00+00:00
1774674000,-9.477e-05,2026-03-28 05:00:00+00:00
1774677600,-8.707e-05,2026-03-28 06:00:00+00:00
1774681200,-8.079e-05,2026-03-28 07:00:00+00:00
1774684800,-8.577e-05,2026-03-28 08:00:00+00:00
1774688400,-8.118e-05,2026-03-28 09:00:00+00:00
1774692000,-7.387e-05,2026-03-28 10:00:00+00:00
1774695600,-6.569e-05,2026-03-28 11:00:00+00:00
1774699200,-4.126e-05,2026-03-28 12:00:00+00:00
1774702800,-1.392e-05,2026-03-28 13:00:00+00:00
1774706400,-3.76e-06,2026-03-28 14:00:00+00:00
1774710000,3.5e-07,2026-03-28 15:00:00+00:00
1774713600,-9.59e-06,2026-03-28 16:00:00+00:00
1774717200,-9.92e-06,2026-03-28 17:00:00+00:00
1774720800,-1.269e-05,2026-03-28 18:00:00+00:00
1774724400,-1.848e-05,2026-03-28 19:00:00+00:00
1774728000,-2.542e-05,2026-03-28 20:00:00+00:00
1774731600,-2.372e-05,2026-03-28 21:00:00+00:00
1774735200,-9.86e-06,2026-03-28 22:00:00+00:00
1774738800,-1.122e-05,2026-03-28 23:00:00+00:00
1774742400,-1.438e-05,2026-03-29 00:00:00+00:00
1774746000,-1.804e-05,2026-03-29 01:00:00+00:00
1774749600,-2.183e-05,2026-03-29 02:00:00+00:00
1774753200,-1.744e-05,2026-03-29 03:00:00+00:00
1774756800,-1.116e-05,2026-03-29 04:00:00+00:00
1774760400,-1.283e-05,2026-03-29 05:00:00+00:00
1774764000,-2.855e-05,2026-03-29 06:00:00+00:00
1774767600,-3.646e-05,2026-03-29 07:00:00+00:00
1774771200,-4.681e-05,2026-03-29 08:00:00+00:00
1774774800,-5.178e-05,2026-03-29 09:00:00+00:00
1774778400,-4.707e-05,2026-03-29 10:00:00+00:00
1774782000,-3.939e-05,2026-03-29 11:00:00+00:00
1774785600,-4.031e-05,2026-03-29 12:00:00+00:00
1774789200,-3.875e-05,2026-03-29 13:00:00+00:00
1774792800,-3.823e-05,2026-03-29 14:00:00+00:00
1774796400,-3.76e-05,2026-03-29 15:00:00+00:00
1774800000,-3.913e-05,2026-03-29 16:00:00+00:00
1774803600,-4.295e-05,2026-03-29 17:00:00+00:00
1774807200,-2.145e-05,2026-03-29 18:00:00+00:00
1774810800,2.06e-06,2026-03-29 19:00:00+00:00
1774814400,5.6e-06,2026-03-29 20:00:00+00:00
1774818000,1.063e-05,2026-03-29 21:00:00+00:00
1774821600,-8.1e-06,2026-03-29 22:00:00+00:00
1774825200,-2.478e-05,2026-03-29 23:00:00+00:00
1774828800,-4.244e-05,2026-03-30 00:00:00+00:00
1774832400,-3.697e-05,2026-03-30 01:00:00+00:00
1774836000,-2.143e-05,2026-03-30 02:00:00+00:00
1774839600,-1.72e-05,2026-03-30 03:00:00+00:00
1774843200,-6.62e-06,2026-03-30 04:00:00+00:00
1774846800,-3.7e-07,2026-03-30 05:00:00+00:00
1774850400,7.17e-06,2026-03-30 06:00:00+00:00
1774854000,1.124e-05,2026-03-30 07:00:00+00:00
1774857600,1.984e-05,2026-03-30 08:00:00+00:00
1774861200,2.524e-05,2026-03-30 09:00:00+00:00
1774864800,3.66e-05,2026-03-30 10:00:00+00:00
1774868400,4.547e-05,2026-03-30 11:00:00+00:00
1774872000,4.432e-05,2026-03-30 12:00:00+00:00
1774875600,4.483e-05,2026-03-30 13:00:00+00:00
1774879200,5.622e-05,2026-03-30 14:00:00+00:00
1774882800,4.113e-05,2026-03-30 15:00:00+00:00
1774886400,2.347e-05,2026-03-30 16:00:00+00:00
1774890000,5.55e-06,2026-03-30 17:00:00+00:00
1774893600,-7.2e-06,2026-03-30 18:00:00+00:00
1774897200,-2.165e-05,2026-03-30 19:00:00+00:00
1774900800,-3.112e-05,2026-03-30 20:00:00+00:00
1774904400,-1.656e-05,2026-03-30 21:00:00+00:00
1774908000,-1.15e-06,2026-03-30 22:00:00+00:00
1774911600,2.39e-06,2026-03-30 23:00:00+00:00
1774915200,1.57e-06,2026-03-31 00:00:00+00:00
1774918800,2.003e-05,2026-03-31 01:00:00+00:00
1774922400,4.221e-05,2026-03-31 02:00:00+00:00
1774926000,5.023e-05,2026-03-31 03:00:00+00:00
1774929600,4.41e-05,2026-03-31 04:00:00+00:00
1774933200,4.103e-05,2026-03-31 05:00:00+00:00
1774936800,3.058e-05,2026-03-31 06:00:00+00:00
1774940400,1.749e-05,2026-03-31 07:00:00+00:00
1774944000,4.35e-06,2026-03-31 08:00:00+00:00
1774947600,-1.941e-05,2026-03-31 09:00:00+00:00
1774951200,-3.779e-05,2026-03-31 10:00:00+00:00
1774954800,-4.946e-05,2026-03-31 11:00:00+00:00
1774958400,-4.697e-05,2026-03-31 12:00:00+00:00
1774962000,-2.967e-05,2026-03-31 13:00:00+00:00
1774965600,-1.401e-05,2026-03-31 14:00:00+00:00
1774969200,-9.11e-06,2026-03-31 15:00:00+00:00
1774972800,-5.6e-07,2026-03-31 16:00:00+00:00
1774976400,9.88e-06,2026-03-31 17:00:00+00:00
1774980000,2.509e-05,2026-03-31 18:00:00+00:00
1774983600,2.411e-05,2026-03-31 19:00:00+00:00
1774987200,1.273e-05,2026-03-31 20:00:00+00:00
1774990800,7.3e-06,2026-03-31 21:00:00+00:00
1774994400,1.32e-06,2026-03-31 22:00:00+00:00
1774998000,-3.47e-06,2026-03-31 23:00:00+00:00
1775001600,4.69e-06,2026-04-01 00:00:00+00:00
1775005200,-3.72e-06,2026-04-01 01:00:00+00:00
1775008800,9.5e-06,2026-04-01 02:00:00+00:00
1775012400,1.546e-05,2026-04-01 03:00:00+00:00
1775016000,2.059e-05,2026-04-01 04:00:00+00:00
1775019600,2.718e-05,2026-04-01 05:00:00+00:00
1775023200,4.114e-05,2026-04-01 06:00:00+00:00
1775026800,4.765e-05,2026-04-01 07:00:00+00:00
1775030400,6.643e-05,2026-04-01 08:00:00+00:00
1775034000,8.178e-05,2026-04-01 09:00:00+00:00
1775037600,8.343e-05,2026-04-01 10:00:00+00:00
1775041200,7.771e-05,2026-04-01 11:00:00+00:00
1775044800,6.22e-05,2026-04-01 12:00:00+00:00
1775048400,5.673e-05,2026-04-01 13:00:00+00:00
1775052000,5.223e-05,2026-04-01 14:00:00+00:00
1775055600,4.46e-05,2026-04-01 15:00:00+00:00
1775059200,2.576e-05,2026-04-01 16:00:00+00:00
1775062800,8.97e-06,2026-04-01 17:00:00+00:00
1775066400,4.8e-06,2026-04-01 18:00:00+00:00
1775070000,-3.88e-06,2026-04-01 19:00:00+00:00
1775073600,-2.206e-05,2026-04-01 20:00:00+00:00
1775077200,-3.901e-05,2026-04-01 21:00:00+00:00
1775080800,-7.166e-05,2026-04-01 22:00:00+00:00
1775084400,-8.956e-05,2026-04-01 23:00:00+00:00
1775088000,-0.00010496,2026-04-02 00:00:00+00:00
1775091600,-0.00013739,2026-04-02 01:00:00+00:00
1775095200,-0.00014312,2026-04-02 02:00:00+00:00
1775098800,-0.00014471,2026-04-02 03:00:00+00:00
1775102400,-0.00013228,2026-04-02 04:00:00+00:00
1775106000,-0.00012603,2026-04-02 05:00:00+00:00
1775109600,-0.00012839,2026-04-02 06:00:00+00:00
1775113200,-0.00013332,2026-04-02 07:00:00+00:00
1775116800,-0.00015472,2026-04-02 08:00:00+00:00
1775120400,-0.00014557,2026-04-02 09:00:00+00:00
1775124000,-0.00012821,2026-04-02 10:00:00+00:00
1775127600,-0.00011736,2026-04-02 11:00:00+00:00
1775131200,-0.00011256,2026-04-02 12:00:00+00:00
1775134800,-0.00010398,2026-04-02 13:00:00+00:00
1775138400,-9.216e-05,2026-04-02 14:00:00+00:00
1775142000,-7.373e-05,2026-04-02 15:00:00+00:00
1775145600,-6.544e-05,2026-04-02 16:00:00+00:00
1775149200,-6.526e-05,2026-04-02 17:00:00+00:00
1775152800,-7.193e-05,2026-04-02 18:00:00+00:00
1775156400,-5.998e-05,2026-04-02 19:00:00+00:00
1775160000,-5.259e-05,2026-04-02 20:00:00+00:00
1775163600,-4.549e-05,2026-04-02 21:00:00+00:00
1775167200,-3.616e-05,2026-04-02 22:00:00+00:00
1775170800,-2.992e-05,2026-04-02 23:00:00+00:00
1775174400,-2.088e-05,2026-04-03 00:00:00+00:00
1775178000,-2.217e-05,2026-04-03 01:00:00+00:00
1775181600,-1.35e-05,2026-04-03 02:00:00+00:00
1775185200,-4.02e-06,2026-04-03 03:00:00+00:00
1775188800,1.173e-05,2026-04-03 04:00:00+00:00
1775192400,1.833e-05,2026-04-03 05:00:00+00:00
1775196000,2.186e-05,2026-04-03 06:00:00+00:00
1775199600,6.46e-06,2026-04-03 07:00:00+00:00
1775203200,-1.626e-05,2026-04-03 08:00:00+00:00
1775206800,-2.522e-05,2026-04-03 09:00:00+00:00
1775210400,-2.421e-05,2026-04-03 10:00:00+00:00
1775214000,-2.799e-05,2026-04-03 11:00:00+00:00
1775217600,-3.338e-05,2026-04-03 12:00:00+00:00
1775221200,-2.628e-05,2026-04-03 13:00:00+00:00
1775224800,-1.003e-05,2026-04-03 14:00:00+00:00
1775228400,-9.62e-06,2026-04-03 15:00:00+00:00
1775232000,-1.186e-05,2026-04-03 16:00:00+00:00
1775235600,-2.83e-06,2026-04-03 17:00:00+00:00
1775239200,-5.53e-06,2026-04-03 18:00:00+00:00
1775242800,-1.409e-05,2026-04-03 19:00:00+00:00
1775246400,-1.813e-05,2026-04-03 20:00:00+00:00
1775250000,-1.853e-05,2026-04-03 21:00:00+00:00
1775253600,-2.02e-05,2026-04-03 22:00:00+00:00
1775257200,-7.2e-07,2026-04-03 23:00:00+00:00
1775260800,8.66e-06,2026-04-04 00:00:00+00:00
1775264400,1.783e-05,2026-04-04 01:00:00+00:00
1775268000,2.594e-05,2026-04-04 02:00:00+00:00
1775271600,3.789e-05,2026-04-04 03:00:00+00:00
1775275200,4.849e-05,2026-04-04 04:00:00+00:00
1775278800,5.278e-05,2026-04-04 05:00:00+00:00
1775282400,5.807e-05,2026-04-04 06:00:00+00:00
1775286000,4.969e-05,2026-04-04 07:00:00+00:00
1775289600,3.262e-05,2026-04-04 08:00:00+00:00
1775293200,1.075e-05,2026-04-04 09:00:00+00:00
1775296800,5.4e-07,2026-04-04 10:00:00+00:00
1775300400,7.02e-06,2026-04-04 11:00:00+00:00
1775304000,1.8e-07,2026-04-04 12:00:00+00:00
1775307600,-1.407e-05,2026-04-04 13:00:00+00:00
1775311200,-1.301e-05,2026-04-04 14:00:00+00:00
1775314800,6.82e-06,2026-04-04 15:00:00+00:00
1775318400,8.18e-06,2026-04-04 16:00:00+00:00
1775322000,4.11e-06,2026-04-04 17:00:00+00:00
1775325600,4.32e-06,2026-04-04 18:00:00+00:00
1775329200,1.42e-06,2026-04-04 19:00:00+00:00
1775332800,2.186e-05,2026-04-04 20:00:00+00:00
1775336400,3.174e-05,2026-04-04 21:00:00+00:00
1775340000,3.483e-05,2026-04-04 22:00:00+00:00
1775343600,2.442e-05,2026-04-04 23:00:00+00:00
1775347200,2.032e-05,2026-04-05 00:00:00+00:00
1775350800,2.835e-05,2026-04-05 01:00:00+00:00
1775354400,3.813e-05,2026-04-05 02:00:00+00:00
1775358000,3.34e-05,2026-04-05 03:00:00+00:00
1775361600,2.688e-05,2026-04-05 04:00:00+00:00
1775365200,3.249e-05,2026-04-05 05:00:00+00:00
1775368800,1.944e-05,2026-04-05 06:00:00+00:00
1775372400,6.23e-06,2026-04-05 07:00:00+00:00
1775376000,-9.17e-06,2026-04-05 08:00:00+00:00
1775379600,-1.763e-05,2026-04-05 09:00:00+00:00
1775383200,-2.808e-05,2026-04-05 10:00:00+00:00
1775386800,-2.75e-05,2026-04-05 11:00:00+00:00
1775390400,-4.517e-05,2026-04-05 12:00:00+00:00
1775394000,-6.191e-05,2026-04-05 13:00:00+00:00
1775397600,-6.259e-05,2026-04-05 14:00:00+00:00
1775401200,-4.404e-05,2026-04-05 15:00:00+00:00
1775404800,-1.162e-05,2026-04-05 16:00:00+00:00
1775408400,1.89e-06,2026-04-05 17:00:00+00:00
1775412000,-1.31e-06,2026-04-05 18:00:00+00:00
1775415600,-3.32e-06,2026-04-05 19:00:00+00:00
1775419200,-1.03e-05,2026-04-05 20:00:00+00:00
1775422800,-1.725e-05,2026-04-05 21:00:00+00:00
1775426400,-6.79e-06,2026-04-05 22:00:00+00:00
1775430000,2.356e-05,2026-04-05 23:00:00+00:00
1775433600,4.506e-05,2026-04-06 00:00:00+00:00
1775437200,6.462e-05,2026-04-06 01:00:00+00:00
1775440800,8.226e-05,2026-04-06 02:00:00+00:00
1775444400,8.634e-05,2026-04-06 03:00:00+00:00
1775448000,9.064e-05,2026-04-06 04:00:00+00:00
1775451600,8.243e-05,2026-04-06 05:00:00+00:00
1775455200,6.894e-05,2026-04-06 06:00:00+00:00
1775458800,6.234e-05,2026-04-06 07:00:00+00:00
1775462400,5.381e-05,2026-04-06 08:00:00+00:00
1775466000,4.497e-05,2026-04-06 09:00:00+00:00
1775469600,3.266e-05,2026-04-06 10:00:00+00:00
1775473200,3.431e-05,2026-04-06 11:00:00+00:00
1775476800,3.109e-05,2026-04-06 12:00:00+00:00
1775480400,3.022e-05,2026-04-06 13:00:00+00:00
1775484000,3.343e-05,2026-04-06 14:00:00+00:00
1775487600,2.033e-05,2026-04-06 15:00:00+00:00
1775491200,-4.3e-07,2026-04-06 16:00:00+00:00
1775494800,-2.54e-06,2026-04-06 17:00:00+00:00
1775498400,-4.86e-06,2026-04-06 18:00:00+00:00
1775502000,-1.395e-05,2026-04-06 19:00:00+00:00
1775505600,-1.91e-05,2026-04-06 20:00:00+00:00
1775509200,-1.921e-05,2026-04-06 21:00:00+00:00
1775512800,-2.84e-05,2026-04-06 22:00:00+00:00
1775516400,-3.921e-05,2026-04-06 23:00:00+00:00
1775520000,-4.531e-05,2026-04-07 00:00:00+00:00
1775523600,-4.208e-05,2026-04-07 01:00:00+00:00
1775527200,-4.055e-05,2026-04-07 02:00:00+00:00
1775530800,-3.464e-05,2026-04-07 03:00:00+00:00
1775534400,-3.211e-05,2026-04-07 04:00:00+00:00
1775538000,-3.825e-05,2026-04-07 05:00:00+00:00
1775541600,-3.727e-05,2026-04-07 06:00:00+00:00
1775545200,-2.984e-05,2026-04-07 07:00:00+00:00
1775548800,-5.41e-06,2026-04-07 08:00:00+00:00
1775552400,1.075e-05,2026-04-07 09:00:00+00:00
1775556000,1.031e-05,2026-04-07 10:00:00+00:00
1775559600,6.82e-06,2026-04-07 11:00:00+00:00
1775563200,5.79e-06,2026-04-07 12:00:00+00:00
1775566800,2e-08,2026-04-07 13:00:00+00:00
1775570400,1.28e-05,2026-04-07 14:00:00+00:00
1775574000,1.031e-05,2026-04-07 15:00:00+00:00
1775577600,1.3e-05,2026-04-07 16:00:00+00:00
1775581200,1.787e-05,2026-04-07 17:00:00+00:00
1775584800,2.473e-05,2026-04-07 18:00:00+00:00
1775588400,4.338e-05,2026-04-07 19:00:00+00:00
1775592000,4.725e-05,2026-04-07 20:00:00+00:00
1775595600,6.174e-05,2026-04-07 21:00:00+00:00
1775599200,7.995e-05,2026-04-07 22:00:00+00:00
1775602800,0.0001,2026-04-07 23:00:00+00:00
1775606400,0.0001,2026-04-08 00:00:00+00:00
1775628000,8.022e-05,2026-04-08 06:00:00+00:00
1775631600,5.797e-05,2026-04-08 07:00:00+00:00
1775635200,3.855e-05,2026-04-08 08:00:00+00:00
1775638800,3.114e-05,2026-04-08 09:00:00+00:00
1775642400,2.678e-05,2026-04-08 10:00:00+00:00
1775646000,3.726e-05,2026-04-08 11:00:00+00:00
1775649600,3.724e-05,2026-04-08 12:00:00+00:00
1775653200,2.595e-05,2026-04-08 13:00:00+00:00
1775656800,4.121e-05,2026-04-08 14:00:00+00:00
1775660400,6.71e-05,2026-04-08 15:00:00+00:00
1775664000,6.745e-05,2026-04-08 16:00:00+00:00
1775667600,5.575e-05,2026-04-08 17:00:00+00:00
1775671200,5.561e-05,2026-04-08 18:00:00+00:00
1775674800,5.995e-05,2026-04-08 19:00:00+00:00
1775678400,5.431e-05,2026-04-08 20:00:00+00:00
1775682000,4.312e-05,2026-04-08 21:00:00+00:00
1775685600,3.506e-05,2026-04-08 22:00:00+00:00
1775689200,3.247e-05,2026-04-08 23:00:00+00:00
1775692800,3.194e-05,2026-04-09 00:00:00+00:00
1775696400,2.701e-05,2026-04-09 01:00:00+00:00
1775700000,2.332e-05,2026-04-09 02:00:00+00:00
1775703600,1.623e-05,2026-04-09 03:00:00+00:00
1775707200,1.805e-05,2026-04-09 04:00:00+00:00
1775710800,1.657e-05,2026-04-09 05:00:00+00:00
1775714400,4.85e-06,2026-04-09 06:00:00+00:00
1775718000,-1.399e-05,2026-04-09 07:00:00+00:00
1775721600,-2.874e-05,2026-04-09 08:00:00+00:00
1775725200,-3.634e-05,2026-04-09 09:00:00+00:00
1775728800,-4.547e-05,2026-04-09 10:00:00+00:00
1775732400,-5.426e-05,2026-04-09 11:00:00+00:00
1775736000,-4.774e-05,2026-04-09 12:00:00+00:00
1775739600,-3.407e-05,2026-04-09 13:00:00+00:00
1775743200,-7.7e-06,2026-04-09 14:00:00+00:00
1775746800,1.995e-05,2026-04-09 15:00:00+00:00
1775750400,2.904e-05,2026-04-09 16:00:00+00:00
1775754000,3.413e-05,2026-04-09 17:00:00+00:00
1775757600,3.186e-05,2026-04-09 18:00:00+00:00
1775761200,2.408e-05,2026-04-09 19:00:00+00:00
1775764800,1.845e-05,2026-04-09 20:00:00+00:00
1775768400,2.218e-05,2026-04-09 21:00:00+00:00
1775772000,2.319e-05,2026-04-09 22:00:00+00:00
1775775600,1.283e-05,2026-04-09 23:00:00+00:00
1775779200,7.34e-06,2026-04-10 00:00:00+00:00
1775782800,-4.09e-06,2026-04-10 01:00:00+00:00
1775786400,-1.009e-05,2026-04-10 02:00:00+00:00
1775790000,-2.058e-05,2026-04-10 03:00:00+00:00
1775793600,-1.691e-05,2026-04-10 04:00:00+00:00
1775797200,-1.302e-05,2026-04-10 05:00:00+00:00
1775800800,1.1e-07,2026-04-10 06:00:00+00:00
1775804400,2.62e-06,2026-04-10 07:00:00+00:00
1775808000,1.385e-05,2026-04-10 08:00:00+00:00
1775811600,2.389e-05,2026-04-10 09:00:00+00:00
1775815200,2.797e-05,2026-04-10 10:00:00+00:00
1775818800,3.366e-05,2026-04-10 11:00:00+00:00
1775822400,3.652e-05,2026-04-10 12:00:00+00:00
1775826000,3.566e-05,2026-04-10 13:00:00+00:00
1775829600,1.073e-05,2026-04-10 14:00:00+00:00
1775833200,-4.48e-06,2026-04-10 15:00:00+00:00
1775836800,-1.706e-05,2026-04-10 16:00:00+00:00
1775840400,-4.719e-05,2026-04-10 17:00:00+00:00
1775844000,-6.53e-05,2026-04-10 18:00:00+00:00
1775847600,-7.726e-05,2026-04-10 19:00:00+00:00
1775851200,-9.09e-05,2026-04-10 20:00:00+00:00
1775854800,-8.439e-05,2026-04-10 21:00:00+00:00
1775858400,-7.75e-05,2026-04-10 22:00:00+00:00
1775862000,-6.627e-05,2026-04-10 23:00:00+00:00
1775865600,-6.13e-05,2026-04-11 00:00:00+00:00
1775869200,-4.645e-05,2026-04-11 01:00:00+00:00
1775872800,-5.32e-05,2026-04-11 02:00:00+00:00
1775876400,-6.669e-05,2026-04-11 03:00:00+00:00
1775880000,-6.585e-05,2026-04-11 04:00:00+00:00
1775883600,-7.168e-05,2026-04-11 05:00:00+00:00
1775887200,-7.389e-05,2026-04-11 06:00:00+00:00
1775890800,-7.635e-05,2026-04-11 07:00:00+00:00
1775894400,-7.764e-05,2026-04-11 08:00:00+00:00
1775898000,-7.016e-05,2026-04-11 09:00:00+00:00
1775901600,-6.446e-05,2026-04-11 10:00:00+00:00
1775905200,-5.696e-05,2026-04-11 11:00:00+00:00
1775908800,-5.712e-05,2026-04-11 12:00:00+00:00
1775912400,-5.04e-05,2026-04-11 13:00:00+00:00
1775916000,-4.397e-05,2026-04-11 14:00:00+00:00
1775919600,-3.295e-05,2026-04-11 15:00:00+00:00
1775923200,-2.867e-05,2026-04-11 16:00:00+00:00
1775926800,-3.217e-05,2026-04-11 17:00:00+00:00
1775930400,-1.53e-05,2026-04-11 18:00:00+00:00
1775934000,2.774e-05,2026-04-11 19:00:00+00:00
1775937600,5.703e-05,2026-04-11 20:00:00+00:00
1775941200,8.275e-05,2026-04-11 21:00:00+00:00
1775944800,9.01e-05,2026-04-11 22:00:00+00:00
1775948400,8.315e-05,2026-04-11 23:00:00+00:00
1775952000,8.033e-05,2026-04-12 00:00:00+00:00
1775955600,5.028e-05,2026-04-12 01:00:00+00:00
1775959200,9.14e-06,2026-04-12 02:00:00+00:00
1775962800,-1.951e-05,2026-04-12 03:00:00+00:00
1775966400,-2.409e-05,2026-04-12 04:00:00+00:00
1775970000,-3.246e-05,2026-04-12 05:00:00+00:00
1775973600,-3.598e-05,2026-04-12 06:00:00+00:00
1775977200,-3.576e-05,2026-04-12 07:00:00+00:00
1775980800,-3.752e-05,2026-04-12 08:00:00+00:00
1775984400,-2.999e-05,2026-04-12 09:00:00+00:00
1775988000,-3.857e-05,2026-04-12 10:00:00+00:00
1775991600,-5.717e-05,2026-04-12 11:00:00+00:00
1775995200,-6.431e-05,2026-04-12 12:00:00+00:00
1775998800,-6.774e-05,2026-04-12 13:00:00+00:00
1776002400,-6.595e-05,2026-04-12 14:00:00+00:00
1776006000,-5.409e-05,2026-04-12 15:00:00+00:00
1776009600,-5.744e-05,2026-04-12 16:00:00+00:00
1776013200,-5.893e-05,2026-04-12 17:00:00+00:00
1776016800,-6.114e-05,2026-04-12 18:00:00+00:00
1776020400,-4.835e-05,2026-04-12 19:00:00+00:00
1776024000,-3.617e-05,2026-04-12 20:00:00+00:00
1776027600,-3.025e-05,2026-04-12 21:00:00+00:00
1776031200,-1.961e-05,2026-04-12 22:00:00+00:00
1776034800,-1.033e-05,2026-04-12 23:00:00+00:00
1776038400,4.9e-06,2026-04-13 00:00:00+00:00
1776042000,8.81e-06,2026-04-13 01:00:00+00:00
1776045600,6.23e-06,2026-04-13 02:00:00+00:00
1776049200,2.035e-05,2026-04-13 03:00:00+00:00
1776052800,2.859e-05,2026-04-13 04:00:00+00:00
1776056400,2.968e-05,2026-04-13 05:00:00+00:00
1776060000,4.419e-05,2026-04-13 06:00:00+00:00
1776063600,3.105e-05,2026-04-13 07:00:00+00:00
1776067200,3.321e-05,2026-04-13 08:00:00+00:00
1776070800,4.471e-05,2026-04-13 09:00:00+00:00
1776074400,4.99e-05,2026-04-13 10:00:00+00:00
1776078000,5.764e-05,2026-04-13 11:00:00+00:00
1776081600,6.644e-05,2026-04-13 12:00:00+00:00
1776085200,6.233e-05,2026-04-13 13:00:00+00:00
1776088800,5.615e-05,2026-04-13 14:00:00+00:00
1776092400,2.997e-05,2026-04-13 15:00:00+00:00
1776096000,3.078e-05,2026-04-13 16:00:00+00:00
1776099600,2.365e-05,2026-04-13 17:00:00+00:00
1776103200,3.407e-05,2026-04-13 18:00:00+00:00
1776106800,4.382e-05,2026-04-13 19:00:00+00:00
1776110400,5.234e-05,2026-04-13 20:00:00+00:00
1776114000,5.944e-05,2026-04-13 21:00:00+00:00
1776117600,0.0001,2026-04-13 22:00:00+00:00
1776124800,0.0001,2026-04-14 00:00:00+00:00
1776153600,0.0001,2026-04-14 08:00:00+00:00
1776160800,0.0001,2026-04-14 10:00:00+00:00
1776171600,8.871e-05,2026-04-14 13:00:00+00:00
1776175200,5.206e-05,2026-04-14 14:00:00+00:00
1776178800,3.611e-05,2026-04-14 15:00:00+00:00
1776182400,1.271e-05,2026-04-14 16:00:00+00:00
1776186000,2.073e-05,2026-04-14 17:00:00+00:00
1776189600,1.736e-05,2026-04-14 18:00:00+00:00
1776193200,2.012e-05,2026-04-14 19:00:00+00:00
1776196800,1.883e-05,2026-04-14 20:00:00+00:00
1776200400,1.434e-05,2026-04-14 21:00:00+00:00
1776204000,9.27e-06,2026-04-14 22:00:00+00:00
1776207600,1.812e-05,2026-04-14 23:00:00+00:00
1776211200,1.871e-05,2026-04-15 00:00:00+00:00
1776214800,1.852e-05,2026-04-15 01:00:00+00:00
1776218400,1.948e-05,2026-04-15 02:00:00+00:00
1776222000,1.695e-05,2026-04-15 03:00:00+00:00
1776225600,8.26e-06,2026-04-15 04:00:00+00:00
1776229200,3.8e-07,2026-04-15 05:00:00+00:00
1776232800,9.38e-06,2026-04-15 06:00:00+00:00
1776236400,1.648e-05,2026-04-15 07:00:00+00:00
1776240000,1.483e-05,2026-04-15 08:00:00+00:00
1776243600,1.818e-05,2026-04-15 09:00:00+00:00
1776247200,2.444e-05,2026-04-15 10:00:00+00:00
1776250800,3.883e-05,2026-04-15 11:00:00+00:00
1776254400,4.197e-05,2026-04-15 12:00:00+00:00
1776258000,3.073e-05,2026-04-15 13:00:00+00:00
1776261600,2.403e-05,2026-04-15 14:00:00+00:00
1776265200,2.61e-06,2026-04-15 15:00:00+00:00
1776268800,-5.96e-06,2026-04-15 16:00:00+00:00
1776272400,-9.91e-06,2026-04-15 17:00:00+00:00
1776276000,-5.47e-06,2026-04-15 18:00:00+00:00
1776279600,-1.419e-05,2026-04-15 19:00:00+00:00
1776283200,-2.431e-05,2026-04-15 20:00:00+00:00
1776286800,-2.7e-05,2026-04-15 21:00:00+00:00
1776290400,-2.39e-05,2026-04-15 22:00:00+00:00
1776294000,-1.664e-05,2026-04-15 23:00:00+00:00
1776297600,-1.87e-05,2026-04-16 00:00:00+00:00
1776301200,-2.144e-05,2026-04-16 01:00:00+00:00
1776304800,-2.373e-05,2026-04-16 02:00:00+00:00
1776308400,-2.241e-05,2026-04-16 03:00:00+00:00
1776312000,-2.878e-05,2026-04-16 04:00:00+00:00
1776315600,-4.13e-05,2026-04-16 05:00:00+00:00
1776319200,-5.183e-05,2026-04-16 06:00:00+00:00
1776322800,-5.246e-05,2026-04-16 07:00:00+00:00
1776326400,-4.685e-05,2026-04-16 08:00:00+00:00
1776330000,-5.224e-05,2026-04-16 09:00:00+00:00
1776333600,-5.731e-05,2026-04-16 10:00:00+00:00
1776337200,-6.234e-05,2026-04-16 11:00:00+00:00
1776340800,-6.109e-05,2026-04-16 12:00:00+00:00
1776344400,-6.746e-05,2026-04-16 13:00:00+00:00
1776348000,-4.362e-05,2026-04-16 14:00:00+00:00
1776351600,-3.744e-05,2026-04-16 15:00:00+00:00
1776355200,-4.441e-05,2026-04-16 16:00:00+00:00
1776358800,-2.888e-05,2026-04-16 17:00:00+00:00
1776362400,-1.196e-05,2026-04-16 18:00:00+00:00
1776366000,9.29e-06,2026-04-16 19:00:00+00:00
1776369600,1.132e-05,2026-04-16 20:00:00+00:00
1776373200,2.74e-06,2026-04-16 21:00:00+00:00
1776376800,5.89e-06,2026-04-16 22:00:00+00:00
1776380400,8.21e-06,2026-04-16 23:00:00+00:00
1776384000,1.671e-05,2026-04-17 00:00:00+00:00
1776387600,2.032e-05,2026-04-17 01:00:00+00:00
1776391200,7.11e-06,2026-04-17 02:00:00+00:00
1776394800,-2.78e-06,2026-04-17 03:00:00+00:00
1776398400,1.08e-06,2026-04-17 04:00:00+00:00
1776402000,-8e-08,2026-04-17 05:00:00+00:00
1776405600,6.95e-06,2026-04-17 06:00:00+00:00
1776409200,7.34e-06,2026-04-17 07:00:00+00:00
1776412800,2.132e-05,2026-04-17 08:00:00+00:00
1776416400,1.889e-05,2026-04-17 09:00:00+00:00
1776420000,7.35e-06,2026-04-17 10:00:00+00:00
1776423600,-1.17e-05,2026-04-17 11:00:00+00:00
1776427200,-2.667e-05,2026-04-17 12:00:00+00:00
1776430800,1.7e-07,2026-04-17 13:00:00+00:00
1776434400,1.376e-05,2026-04-17 14:00:00+00:00
1776438000,1.848e-05,2026-04-17 15:00:00+00:00
1776441600,2.35e-06,2026-04-17 16:00:00+00:00
1776445200,-3.74e-06,2026-04-17 17:00:00+00:00
1776448800,2.53e-06,2026-04-17 18:00:00+00:00
1776452400,1.08e-05,2026-04-17 19:00:00+00:00
1776456000,-1.35e-06,2026-04-17 20:00:00+00:00
1776459600,1.119e-05,2026-04-17 21:00:00+00:00
1776463200,-2.49e-06,2026-04-17 22:00:00+00:00
1776466800,-2.305e-05,2026-04-17 23:00:00+00:00
1776470400,-2.043e-05,2026-04-18 00:00:00+00:00
1776474000,1.9e-07,2026-04-18 01:00:00+00:00
1776477600,1.039e-05,2026-04-18 02:00:00+00:00
1776481200,2.156e-05,2026-04-18 03:00:00+00:00
1776484800,2.564e-05,2026-04-18 04:00:00+00:00
1776488400,1.757e-05,2026-04-18 05:00:00+00:00
1776492000,4.44e-06,2026-04-18 06:00:00+00:00
1776495600,-1.075e-05,2026-04-18 07:00:00+00:00
1776499200,-3.036e-05,2026-04-18 08:00:00+00:00
1776502800,-5.314e-05,2026-04-18 09:00:00+00:00
1776506400,-8.351e-05,2026-04-18 10:00:00+00:00
1776510000,-0.00010105,2026-04-18 11:00:00+00:00
1776513600,-0.00012126,2026-04-18 12:00:00+00:00
1776517200,-0.00012939,2026-04-18 13:00:00+00:00
1776520800,-0.00013022,2026-04-18 14:00:00+00:00
1776524400,-0.00015053,2026-04-18 15:00:00+00:00
1776528000,-0.00016453,2026-04-18 16:00:00+00:00
1776531600,-0.0001632,2026-04-18 17:00:00+00:00
1776535200,-0.00016677,2026-04-18 18:00:00+00:00
1776538800,-0.00015247,2026-04-18 19:00:00+00:00
1776542400,-0.00014099,2026-04-18 20:00:00+00:00
1776546000,-0.00012288,2026-04-18 21:00:00+00:00
1776549600,-0.00011093,2026-04-18 22:00:00+00:00
1776553200,-0.00010377,2026-04-18 23:00:00+00:00
1776556800,-8.424e-05,2026-04-19 00:00:00+00:00
1776560400,-7.723e-05,2026-04-19 01:00:00+00:00
1776564000,-6.823e-05,2026-04-19 02:00:00+00:00
1776567600,-4.973e-05,2026-04-19 03:00:00+00:00
1776571200,-5.757e-05,2026-04-19 04:00:00+00:00
1776574800,-7.333e-05,2026-04-19 05:00:00+00:00
1776578400,-8.509e-05,2026-04-19 06:00:00+00:00
1776582000,-0.00011333,2026-04-19 07:00:00+00:00
1776585600,-0.00014302,2026-04-19 08:00:00+00:00
1776589200,-0.00015831,2026-04-19 09:00:00+00:00
1776592800,-0.00016049,2026-04-19 10:00:00+00:00
1776596400,-0.00018222,2026-04-19 11:00:00+00:00
1776600000,-0.00021231,2026-04-19 12:00:00+00:00
1776603600,-0.0002389,2026-04-19 13:00:00+00:00
1776607200,-0.00024421,2026-04-19 14:00:00+00:00
1776610800,-0.00022976,2026-04-19 15:00:00+00:00
1776614400,-0.00019259,2026-04-19 16:00:00+00:00
1776618000,-0.00019183,2026-04-19 17:00:00+00:00
1776621600,-0.00015754,2026-04-19 18:00:00+00:00
1776625200,-0.00011067,2026-04-19 19:00:00+00:00
1776628800,-6.752e-05,2026-04-19 20:00:00+00:00
1776632400,-4.3e-05,2026-04-19 21:00:00+00:00
1776636000,-2.581e-05,2026-04-19 22:00:00+00:00
1776639600,-9.27e-06,2026-04-19 23:00:00+00:00
1776643200,-1.289e-05,2026-04-20 00:00:00+00:00
1776646800,-3.158e-05,2026-04-20 01:00:00+00:00
1776650400,-5.519e-05,2026-04-20 02:00:00+00:00
1776654000,-5.418e-05,2026-04-20 03:00:00+00:00
1776657600,-4.611e-05,2026-04-20 04:00:00+00:00
1776661200,-3.35e-05,2026-04-20 05:00:00+00:00
1776664800,-1.539e-05,2026-04-20 06:00:00+00:00
1776668400,-1.408e-05,2026-04-20 07:00:00+00:00
1776672000,-4.395e-05,2026-04-20 08:00:00+00:00
1776675600,-3.94e-05,2026-04-20 09:00:00+00:00
1776679200,-4.667e-05,2026-04-20 10:00:00+00:00
1776682800,-4.531e-05,2026-04-20 11:00:00+00:00
1776686400,-3.468e-05,2026-04-20 12:00:00+00:00
1776690000,-2.642e-05,2026-04-20 13:00:00+00:00
1776693600,-1.802e-05,2026-04-20 14:00:00+00:00
1776697200,8.1e-06,2026-04-20 15:00:00+00:00
1776700800,1.64e-06,2026-04-20 16:00:00+00:00
1776704400,-3.7e-07,2026-04-20 17:00:00+00:00
1776708000,-1.15e-06,2026-04-20 18:00:00+00:00
1776711600,-2.132e-05,2026-04-20 19:00:00+00:00
1776715200,-3.571e-05,2026-04-20 20:00:00+00:00
1776718800,-3.405e-05,2026-04-20 21:00:00+00:00
1776722400,-3.894e-05,2026-04-20 22:00:00+00:00
1776726000,-4.353e-05,2026-04-20 23:00:00+00:00
1776729600,-5.048e-05,2026-04-21 00:00:00+00:00
1776733200,-6.588e-05,2026-04-21 01:00:00+00:00
1776736800,-5.897e-05,2026-04-21 02:00:00+00:00
1776740400,-4.977e-05,2026-04-21 03:00:00+00:00
1776744000,-3.722e-05,2026-04-21 04:00:00+00:00
1776747600,-3.054e-05,2026-04-21 05:00:00+00:00
1776751200,-2.583e-05,2026-04-21 06:00:00+00:00
1776754800,-3.669e-05,2026-04-21 07:00:00+00:00
1776758400,-3.467e-05,2026-04-21 08:00:00+00:00
1776762000,-3.064e-05,2026-04-21 09:00:00+00:00
1776765600,-3.152e-05,2026-04-21 10:00:00+00:00
1776769200,-4.95e-05,2026-04-21 11:00:00+00:00
1776772800,-5.846e-05,2026-04-21 12:00:00+00:00
1776776400,-5.238e-05,2026-04-21 13:00:00+00:00
1776780000,-4.365e-05,2026-04-21 14:00:00+00:00
1776783600,-3.676e-05,2026-04-21 15:00:00+00:00
1776787200,-4.419e-05,2026-04-21 16:00:00+00:00
1776790800,-4.291e-05,2026-04-21 17:00:00+00:00
1776794400,-3.645e-05,2026-04-21 18:00:00+00:00
1776798000,-4.095e-05,2026-04-21 19:00:00+00:00
1776801600,-4.138e-05,2026-04-21 20:00:00+00:00
1776805200,-3.789e-05,2026-04-21 21:00:00+00:00
1776808800,-2.722e-05,2026-04-21 22:00:00+00:00
1776812400,-2.128e-05,2026-04-21 23:00:00+00:00
1776816000,-1.88e-05,2026-04-22 00:00:00+00:00
1776819600,-1.562e-05,2026-04-22 01:00:00+00:00
1776823200,1.076e-05,2026-04-22 02:00:00+00:00
1776826800,3.934e-05,2026-04-22 03:00:00+00:00
1776830400,5.14e-05,2026-04-22 04:00:00+00:00
1776834000,7.96e-05,2026-04-22 05:00:00+00:00
1776837600,0.0001,2026-04-22 06:00:00+00:00
1776844800,0.0001,2026-04-22 08:00:00+00:00
1776848400,0.0001,2026-04-22 09:00:00+00:00
1776866400,9.314e-05,2026-04-22 14:00:00+00:00
1776870000,7.954e-05,2026-04-22 15:00:00+00:00
1776873600,8.522e-05,2026-04-22 16:00:00+00:00
1776877200,9.505e-05,2026-04-22 17:00:00+00:00
1776880800,9.848e-05,2026-04-22 18:00:00+00:00
1776884400,0.0001,2026-04-22 19:00:00+00:00
1776902400,9.971e-05,2026-04-23 00:00:00+00:00
1776906000,9.517e-05,2026-04-23 01:00:00+00:00
1776909600,8.36e-05,2026-04-23 02:00:00+00:00
1776913200,6.382e-05,2026-04-23 03:00:00+00:00
1776916800,3.904e-05,2026-04-23 04:00:00+00:00
1776920400,1.416e-05,2026-04-23 05:00:00+00:00
1776924000,-4.36e-06,2026-04-23 06:00:00+00:00
1776927600,-1.984e-05,2026-04-23 07:00:00+00:00
1776931200,-4.57e-05,2026-04-23 08:00:00+00:00
1776934800,-8.208e-05,2026-04-23 09:00:00+00:00
1776938400,-9.058e-05,2026-04-23 10:00:00+00:00
1776942000,-8.958e-05,2026-04-23 11:00:00+00:00
1776945600,-8.181e-05,2026-04-23 12:00:00+00:00
1776949200,-7.594e-05,2026-04-23 13:00:00+00:00
1776952800,-6.083e-05,2026-04-23 14:00:00+00:00
1776956400,-6.092e-05,2026-04-23 15:00:00+00:00
1776960000,-5.052e-05,2026-04-23 16:00:00+00:00
1776963600,-4.868e-05,2026-04-23 17:00:00+00:00
1776974400,-5.288e-05,2026-04-23 20:00:00+00:00
1776978000,-3.652e-05,2026-04-23 21:00:00+00:00
1776981600,-3.756e-05,2026-04-23 22:00:00+00:00
1776985200,-3.607e-05,2026-04-23 23:00:00+00:00
1776988800,-4.345e-05,2026-04-24 00:00:00+00:00
1776992400,-2.967e-05,2026-04-24 01:00:00+00:00
1776996000,-2.701e-05,2026-04-24 02:00:00+00:00
1776999600,-3.294e-05,2026-04-24 03:00:00+00:00
1777003200,-5.725e-05,2026-04-24 04:00:00+00:00
1777006800,-6.394e-05,2026-04-24 05:00:00+00:00
1777010400,-6.458e-05,2026-04-24 06:00:00+00:00
1777014000,-6.978e-05,2026-04-24 07:00:00+00:00
1777017600,-7.975e-05,2026-04-24 08:00:00+00:00
1777021200,-9.175e-05,2026-04-24 09:00:00+00:00
1777024800,-0.00010025,2026-04-24 10:00:00+00:00
1777028400,-9.713e-05,2026-04-24 11:00:00+00:00
1777032000,-0.00011113,2026-04-24 12:00:00+00:00
1777035600,-0.00012693,2026-04-24 13:00:00+00:00
1777039200,-0.0001326,2026-04-24 14:00:00+00:00
1777042800,-0.00012211,2026-04-24 15:00:00+00:00
1777046400,-0.00010822,2026-04-24 16:00:00+00:00
1777050000,-8.48e-05,2026-04-24 17:00:00+00:00
1777053600,-7.074e-05,2026-04-24 18:00:00+00:00
1777057200,-5.311e-05,2026-04-24 19:00:00+00:00
1777060800,-4.17e-05,2026-04-24 20:00:00+00:00
1777064400,-3.94e-05,2026-04-24 21:00:00+00:00
1777068000,-5.191e-05,2026-04-24 22:00:00+00:00
1777071600,-4.387e-05,2026-04-24 23:00:00+00:00
1777075200,-4.017e-05,2026-04-25 00:00:00+00:00
1777078800,-3.393e-05,2026-04-25 01:00:00+00:00
1777082400,-3.046e-05,2026-04-25 02:00:00+00:00
1777086000,-2.243e-05,2026-04-25 03:00:00+00:00
1777089600,-1.245e-05,2026-04-25 04:00:00+00:00
1777093200,-1.082e-05,2026-04-25 05:00:00+00:00
1777096800,-1.032e-05,2026-04-25 06:00:00+00:00
1777100400,-2.073e-05,2026-04-25 07:00:00+00:00
1777104000,-2.322e-05,2026-04-25 08:00:00+00:00
1777107600,-2.15e-05,2026-04-25 09:00:00+00:00
1777111200,-2.696e-05,2026-04-25 10:00:00+00:00
1777114800,-4.323e-05,2026-04-25 11:00:00+00:00
1777118400,-5.569e-05,2026-04-25 12:00:00+00:00
1777122000,-5.348e-05,2026-04-25 13:00:00+00:00
1777125600,-4.811e-05,2026-04-25 14:00:00+00:00
1777129200,-4.431e-05,2026-04-25 15:00:00+00:00
1777132800,-4.845e-05,2026-04-25 16:00:00+00:00
1777136400,-4.272e-05,2026-04-25 17:00:00+00:00
1777140000,-2.284e-05,2026-04-25 18:00:00+00:00
1777143600,-1.236e-05,2026-04-25 19:00:00+00:00
1777147200,-1.067e-05,2026-04-25 20:00:00+00:00
1777150800,-8.82e-06,2026-04-25 21:00:00+00:00
1777154400,-9.44e-06,2026-04-25 22:00:00+00:00
1777158000,-1.135e-05,2026-04-25 23:00:00+00:00
1777161600,-2.552e-05,2026-04-26 00:00:00+00:00
1777165200,-3.075e-05,2026-04-26 01:00:00+00:00
1777168800,-3.448e-05,2026-04-26 02:00:00+00:00
1777172400,-5.243e-05,2026-04-26 03:00:00+00:00
1777176000,-6.37e-05,2026-04-26 04:00:00+00:00
1777179600,-5.159e-05,2026-04-26 05:00:00+00:00
1777183200,-3.372e-05,2026-04-26 06:00:00+00:00
1777186800,-1.961e-05,2026-04-26 07:00:00+00:00
1777190400,-6.36e-06,2026-04-26 08:00:00+00:00
1777194000,-8.92e-06,2026-04-26 09:00:00+00:00
1777197600,-8.68e-06,2026-04-26 10:00:00+00:00
1777201200,-8.44e-06,2026-04-26 11:00:00+00:00
1777204800,-2.332e-05,2026-04-26 12:00:00+00:00
1777208400,-3.621e-05,2026-04-26 13:00:00+00:00
1777212000,-3.352e-05,2026-04-26 14:00:00+00:00
1777215600,-2.862e-05,2026-04-26 15:00:00+00:00
1777219200,-2.805e-05,2026-04-26 16:00:00+00:00
1777222800,-2.58e-05,2026-04-26 17:00:00+00:00
1777226400,-5.449e-05,2026-04-26 18:00:00+00:00
1777230000,-6.284e-05,2026-04-26 19:00:00+00:00
1777233600,-6.573e-05,2026-04-26 20:00:00+00:00
1777237200,-6.234e-05,2026-04-26 21:00:00+00:00
1777240800,-7.841e-05,2026-04-26 22:00:00+00:00
1777244400,-6.636e-05,2026-04-26 23:00:00+00:00
1777248000,-6.701e-05,2026-04-27 00:00:00+00:00
1777251600,-4.539e-05,2026-04-27 01:00:00+00:00
1777255200,-2.657e-05,2026-04-27 02:00:00+00:00
1777258800,-1.018e-05,2026-04-27 03:00:00+00:00
1777262400,2.9e-06,2026-04-27 04:00:00+00:00
1777266000,-1.332e-05,2026-04-27 05:00:00+00:00
1777269600,-4.505e-05,2026-04-27 06:00:00+00:00
1777273200,-7.707e-05,2026-04-27 07:00:00+00:00
1777276800,-9.721e-05,2026-04-27 08:00:00+00:00
1777280400,-0.00012041,2026-04-27 09:00:00+00:00
1777284000,-0.00014096,2026-04-27 10:00:00+00:00
1777287600,-0.00014495,2026-04-27 11:00:00+00:00
1777291200,-0.00013641,2026-04-27 12:00:00+00:00
1777294800,-0.0001049,2026-04-27 13:00:00+00:00
1777298400,-8.381e-05,2026-04-27 14:00:00+00:00
1777302000,-7.574e-05,2026-04-27 15:00:00+00:00
1777305600,-7.672e-05,2026-04-27 16:00:00+00:00
1777309200,-0.00011372,2026-04-27 17:00:00+00:00
1777312800,-0.00013987,2026-04-27 18:00:00+00:00
1777316400,-0.0001484,2026-04-27 19:00:00+00:00
1777320000,-0.00015703,2026-04-27 20:00:00+00:00
1777323600,-0.00017329,2026-04-27 21:00:00+00:00
1777327200,-0.0001692,2026-04-27 22:00:00+00:00
1777330800,-0.00016104,2026-04-27 23:00:00+00:00
1777334400,-0.00016157,2026-04-28 00:00:00+00:00
1777338000,-0.00015922,2026-04-28 01:00:00+00:00
1777341600,-0.00014473,2026-04-28 02:00:00+00:00
1777345200,-0.00012684,2026-04-28 03:00:00+00:00
1777348800,-0.0001163,2026-04-28 04:00:00+00:00
1777352400,-0.00011061,2026-04-28 05:00:00+00:00
1777356000,-0.00011657,2026-04-28 06:00:00+00:00
1777359600,-0.00011633,2026-04-28 07:00:00+00:00
1777363200,-0.00012322,2026-04-28 08:00:00+00:00
1777366800,-9.927e-05,2026-04-28 09:00:00+00:00
1777370400,-5.898e-05,2026-04-28 10:00:00+00:00
1777374000,-3.543e-05,2026-04-28 11:00:00+00:00
1777377600,-1.361e-05,2026-04-28 12:00:00+00:00
1777381200,-9.23e-06,2026-04-28 13:00:00+00:00
1777384800,-2.41e-06,2026-04-28 14:00:00+00:00
1777388400,8.8e-07,2026-04-28 15:00:00+00:00
1777392000,-1.121e-05,2026-04-28 16:00:00+00:00
1777395600,-2.801e-05,2026-04-28 17:00:00+00:00
1777399200,-4.223e-05,2026-04-28 18:00:00+00:00
1777402800,-2.923e-05,2026-04-28 19:00:00+00:00
1777406400,-1.051e-05,2026-04-28 20:00:00+00:00
1777410000,9.86e-06,2026-04-28 21:00:00+00:00
1777413600,1.516e-05,2026-04-28 22:00:00+00:00
1777417200,2.842e-05,2026-04-28 23:00:00+00:00
1777420800,4.101e-05,2026-04-29 00:00:00+00:00
1777424400,5.429e-05,2026-04-29 01:00:00+00:00
1777428000,5.925e-05,2026-04-29 02:00:00+00:00
1777431600,6.189e-05,2026-04-29 03:00:00+00:00
1777435200,5.719e-05,2026-04-29 04:00:00+00:00
1777438800,4.114e-05,2026-04-29 05:00:00+00:00
1777442400,4.362e-05,2026-04-29 06:00:00+00:00
1777446000,4.614e-05,2026-04-29 07:00:00+00:00
1777449600,5.621e-05,2026-04-29 08:00:00+00:00
1777453200,6.863e-05,2026-04-29 09:00:00+00:00
1777456800,7.885e-05,2026-04-29 10:00:00+00:00
1777460400,7.524e-05,2026-04-29 11:00:00+00:00
1777464000,7.281e-05,2026-04-29 12:00:00+00:00
1777467600,6.821e-05,2026-04-29 13:00:00+00:00
1777471200,5.828e-05,2026-04-29 14:00:00+00:00
1777474800,4.782e-05,2026-04-29 15:00:00+00:00
1777478400,3.788e-05,2026-04-29 16:00:00+00:00
1777482000,2.627e-05,2026-04-29 17:00:00+00:00
1777485600,-9.41e-06,2026-04-29 18:00:00+00:00
1777489200,-2.132e-05,2026-04-29 19:00:00+00:00
1777492800,-2.634e-05,2026-04-29 20:00:00+00:00
1777496400,-4.547e-05,2026-04-29 21:00:00+00:00
1777500000,-5.57e-05,2026-04-29 22:00:00+00:00
1777503600,-6.094e-05,2026-04-29 23:00:00+00:00
1777507200,-7.102e-05,2026-04-30 00:00:00+00:00
1777510800,-7.974e-05,2026-04-30 01:00:00+00:00
1777514400,-7.848e-05,2026-04-30 02:00:00+00:00
1777518000,-6.996e-05,2026-04-30 03:00:00+00:00
1777521600,-7.47e-05,2026-04-30 04:00:00+00:00
1777525200,-6.728e-05,2026-04-30 05:00:00+00:00
1777528800,-5.16e-05,2026-04-30 06:00:00+00:00
1777532400,-4.555e-05,2026-04-30 07:00:00+00:00
1777536000,-6.588e-05,2026-04-30 08:00:00+00:00
1777539600,-7.954e-05,2026-04-30 09:00:00+00:00
1777543200,-8.554e-05,2026-04-30 10:00:00+00:00
1777546800,-8.089e-05,2026-04-30 11:00:00+00:00
1777550400,-7.763e-05,2026-04-30 12:00:00+00:00
1777554000,-8.546e-05,2026-04-30 13:00:00+00:00
1777557600,-9.033e-05,2026-04-30 14:00:00+00:00
1777561200,-7.717e-05,2026-04-30 15:00:00+00:00
1777564800,-7.631e-05,2026-04-30 16:00:00+00:00
1777568400,-6.529e-05,2026-04-30 17:00:00+00:00
1777572000,-4.738e-05,2026-04-30 18:00:00+00:00
1777575600,-3.808e-05,2026-04-30 19:00:00+00:00
1777579200,-3.869e-05,2026-04-30 20:00:00+00:00
1777582800,-4.022e-05,2026-04-30 21:00:00+00:00
1777586400,-4.365e-05,2026-04-30 22:00:00+00:00
1777590000,-4.003e-05,2026-04-30 23:00:00+00:00
1777593600,-3.803e-05,2026-05-01 00:00:00+00:00
1777597200,-3.904e-05,2026-05-01 01:00:00+00:00
1777600800,-4.636e-05,2026-05-01 02:00:00+00:00
1777604400,-4.931e-05,2026-05-01 03:00:00+00:00
1777608000,-5.013e-05,2026-05-01 04:00:00+00:00
1777611600,-4.527e-05,2026-05-01 05:00:00+00:00
1777615200,-3.672e-05,2026-05-01 06:00:00+00:00
1777618800,-1.929e-05,2026-05-01 07:00:00+00:00
1777622400,-1.809e-05,2026-05-01 08:00:00+00:00
1777626000,-2.246e-05,2026-05-01 09:00:00+00:00
1777629600,-2.739e-05,2026-05-01 10:00:00+00:00
1777633200,-2.274e-05,2026-05-01 11:00:00+00:00
1777636800,-1.581e-05,2026-05-01 12:00:00+00:00
1777640400,-2.845e-05,2026-05-01 13:00:00+00:00
1777644000,-3.601e-05,2026-05-01 14:00:00+00:00
1777647600,-2.211e-05,2026-05-01 15:00:00+00:00
1777651200,5.3e-07,2026-05-01 16:00:00+00:00
1777654800,1.034e-05,2026-05-01 17:00:00+00:00
1777658400,1.679e-05,2026-05-01 18:00:00+00:00
1777662000,2.965e-05,2026-05-01 19:00:00+00:00
1777665600,3.204e-05,2026-05-01 20:00:00+00:00
1777669200,2.474e-05,2026-05-01 21:00:00+00:00
1777672800,5.1e-06,2026-05-01 22:00:00+00:00
1777676400,-4.36e-06,2026-05-01 23:00:00+00:00
1777680000,-2.113e-05,2026-05-02 00:00:00+00:00
1777683600,-3.177e-05,2026-05-02 01:00:00+00:00
1777687200,-4.035e-05,2026-05-02 02:00:00+00:00
1777690800,-4.579e-05,2026-05-02 03:00:00+00:00
1777694400,-4.244e-05,2026-05-02 04:00:00+00:00
1777698000,-3.496e-05,2026-05-02 05:00:00+00:00
1777701600,-3.196e-05,2026-05-02 06:00:00+00:00
1777705200,-3.796e-05,2026-05-02 07:00:00+00:00
1777708800,-3.146e-05,2026-05-02 08:00:00+00:00
1777712400,-2.216e-05,2026-05-02 09:00:00+00:00
1777716000,-1.158e-05,2026-05-02 10:00:00+00:00
1777719600,-4.2e-06,2026-05-02 11:00:00+00:00
1777723200,-4.46e-06,2026-05-02 12:00:00+00:00
1777726800,4.8e-07,2026-05-02 13:00:00+00:00
1777730400,1.72e-06,2026-05-02 14:00:00+00:00
1777734000,-4.02e-06,2026-05-02 15:00:00+00:00
1777737600,-6.3e-06,2026-05-02 16:00:00+00:00
1777741200,-1.314e-05,2026-05-02 17:00:00+00:00
1777744800,-1.151e-05,2026-05-02 18:00:00+00:00
1777748400,-7.96e-06,2026-05-02 19:00:00+00:00
1777752000,-1.339e-05,2026-05-02 20:00:00+00:00
1777755600,-3.71e-06,2026-05-02 21:00:00+00:00
1777759200,2.047e-05,2026-05-02 22:00:00+00:00
1777762800,3.472e-05,2026-05-02 23:00:00+00:00
1777766400,4.338e-05,2026-05-03 00:00:00+00:00
1777770000,4.661e-05,2026-05-03 01:00:00+00:00
1777773600,3.109e-05,2026-05-03 02:00:00+00:00
1777777200,1.582e-05,2026-05-03 03:00:00+00:00
1777780800,1.361e-05,2026-05-03 04:00:00+00:00
1777784400,-1.13e-06,2026-05-03 05:00:00+00:00
1777788000,-1.527e-05,2026-05-03 06:00:00+00:00
1777791600,-1.635e-05,2026-05-03 07:00:00+00:00
1777795200,-1.974e-05,2026-05-03 08:00:00+00:00
1777798800,-2.32e-06,2026-05-03 09:00:00+00:00
1777802400,2.305e-05,2026-05-03 10:00:00+00:00
1777806000,4.53e-05,2026-05-03 11:00:00+00:00
1777809600,5.939e-05,2026-05-03 12:00:00+00:00
1777813200,7.214e-05,2026-05-03 13:00:00+00:00
1777816800,8.588e-05,2026-05-03 14:00:00+00:00
1777820400,8.768e-05,2026-05-03 15:00:00+00:00
1777824000,8.549e-05,2026-05-03 16:00:00+00:00
1777827600,6.93e-05,2026-05-03 17:00:00+00:00
1777831200,5.105e-05,2026-05-03 18:00:00+00:00
1777834800,4.128e-05,2026-05-03 19:00:00+00:00
1777838400,3.375e-05,2026-05-03 20:00:00+00:00
1777842000,3.95e-05,2026-05-03 21:00:00+00:00
1777845600,5.027e-05,2026-05-03 22:00:00+00:00
1777849200,4.389e-05,2026-05-03 23:00:00+00:00
1777852800,4.169e-05,2026-05-04 00:00:00+00:00
1777856400,4.373e-05,2026-05-04 01:00:00+00:00
1777860000,6.304e-05,2026-05-04 02:00:00+00:00
1777863600,7.402e-05,2026-05-04 03:00:00+00:00
1777867200,8.885e-05,2026-05-04 04:00:00+00:00
1777870800,9.413e-05,2026-05-04 05:00:00+00:00
1777874400,9.322e-05,2026-05-04 06:00:00+00:00
1777878000,8.669e-05,2026-05-04 07:00:00+00:00
1777881600,9.326e-05,2026-05-04 08:00:00+00:00
1777885200,9.033e-05,2026-05-04 09:00:00+00:00
1777888800,7.199e-05,2026-05-04 10:00:00+00:00
1777892400,5.506e-05,2026-05-04 11:00:00+00:00
1777896000,3.997e-05,2026-05-04 12:00:00+00:00
1777899600,2.857e-05,2026-05-04 13:00:00+00:00
1777903200,2.081e-05,2026-05-04 14:00:00+00:00
1777906800,-2.09e-06,2026-05-04 15:00:00+00:00
1777910400,-1.832e-05,2026-05-04 16:00:00+00:00
1777914000,-2.789e-05,2026-05-04 17:00:00+00:00
1777917600,-3.611e-05,2026-05-04 18:00:00+00:00
1777921200,-3.614e-05,2026-05-04 19:00:00+00:00
1777924800,-3.422e-05,2026-05-04 20:00:00+00:00
1777928400,-2.988e-05,2026-05-04 21:00:00+00:00
1777932000,-3.257e-05,2026-05-04 22:00:00+00:00
1777935600,-1.957e-05,2026-05-04 23:00:00+00:00
1777939200,-1.259e-05,2026-05-05 00:00:00+00:00
1777942800,-1.23e-05,2026-05-05 01:00:00+00:00
1777946400,-1.104e-05,2026-05-05 02:00:00+00:00
1777950000,-8.08e-06,2026-05-05 03:00:00+00:00
1777953600,-9.57e-06,2026-05-05 04:00:00+00:00
1777957200,-1.631e-05,2026-05-05 05:00:00+00:00
1777960800,-1.105e-05,2026-05-05 06:00:00+00:00
1777964400,-2.311e-05,2026-05-05 07:00:00+00:00
1777968000,-3.776e-05,2026-05-05 08:00:00+00:00
1777971600,-4.106e-05,2026-05-05 09:00:00+00:00
1777975200,-4.446e-05,2026-05-05 10:00:00+00:00
1777978800,-4.35e-05,2026-05-05 11:00:00+00:00
1777982400,-3.99e-05,2026-05-05 12:00:00+00:00
1777986000,-4.323e-05,2026-05-05 13:00:00+00:00
1777989600,-5.038e-05,2026-05-05 14:00:00+00:00
1777993200,-6.485e-05,2026-05-05 15:00:00+00:00
1777996800,-8.066e-05,2026-05-05 16:00:00+00:00
1778000400,-7.72e-05,2026-05-05 17:00:00+00:00
1778004000,-6.096e-05,2026-05-05 18:00:00+00:00
1778007600,-5.962e-05,2026-05-05 19:00:00+00:00
1778011200,-3.52e-05,2026-05-05 20:00:00+00:00
1778014800,-1.471e-05,2026-05-05 21:00:00+00:00
1778018400,-1.182e-05,2026-05-05 22:00:00+00:00
1778022000,-2.041e-05,2026-05-05 23:00:00+00:00
1778025600,-3.756e-05,2026-05-06 00:00:00+00:00
1778029200,-5.835e-05,2026-05-06 01:00:00+00:00
1778032800,-8e-05,2026-05-06 02:00:00+00:00
1778036400,-9.385e-05,2026-05-06 03:00:00+00:00
1778040000,-0.00010194,2026-05-06 04:00:00+00:00
1778043600,-0.00011636,2026-05-06 05:00:00+00:00
1778047200,-0.00012056,2026-05-06 06:00:00+00:00
1778050800,-9.546e-05,2026-05-06 07:00:00+00:00
1778054400,-5.807e-05,2026-05-06 08:00:00+00:00
1778058000,-2.311e-05,2026-05-06 09:00:00+00:00
1778061600,-2.519e-05,2026-05-06 10:00:00+00:00
1778065200,-5.299e-05,2026-05-06 11:00:00+00:00
1778068800,-6.065e-05,2026-05-06 12:00:00+00:00
1778072400,-5.022e-05,2026-05-06 13:00:00+00:00
1778076000,-5.157e-05,2026-05-06 14:00:00+00:00
1778079600,-5.102e-05,2026-05-06 15:00:00+00:00
1778083200,-4.453e-05,2026-05-06 16:00:00+00:00
1778086800,-4.919e-05,2026-05-06 17:00:00+00:00
1778090400,-4.581e-05,2026-05-06 18:00:00+00:00
1778094000,-3.631e-05,2026-05-06 19:00:00+00:00
1778097600,-5.118e-05,2026-05-06 20:00:00+00:00
1778101200,-6.137e-05,2026-05-06 21:00:00+00:00
1778104800,-8.508e-05,2026-05-06 22:00:00+00:00
1778108400,-6.601e-05,2026-05-06 23:00:00+00:00
1778112000,-7.399e-05,2026-05-07 00:00:00+00:00
1778115600,-0.00011606,2026-05-07 01:00:00+00:00
1778119200,-0.00016883,2026-05-07 02:00:00+00:00
1778122800,-0.00018008,2026-05-07 03:00:00+00:00
1778126400,-0.00016127,2026-05-07 04:00:00+00:00
1778130000,-0.00014527,2026-05-07 05:00:00+00:00
1778133600,-0.00014328,2026-05-07 06:00:00+00:00
1778137200,-0.00012138,2026-05-07 07:00:00+00:00
1778140800,-0.00010843,2026-05-07 08:00:00+00:00
1778144400,-7.664e-05,2026-05-07 09:00:00+00:00
1778148000,-5.378e-05,2026-05-07 10:00:00+00:00
1778151600,-3.608e-05,2026-05-07 11:00:00+00:00
1778155200,-1.874e-05,2026-05-07 12:00:00+00:00
1778158800,-1.648e-05,2026-05-07 13:00:00+00:00
1778162400,-3.089e-05,2026-05-07 14:00:00+00:00
1778166000,-4.306e-05,2026-05-07 15:00:00+00:00
1778169600,-3.541e-05,2026-05-07 16:00:00+00:00
1778173200,-1.839e-05,2026-05-07 17:00:00+00:00
1778176800,-1.776e-05,2026-05-07 18:00:00+00:00
1778180400,-2.091e-05,2026-05-07 19:00:00+00:00
1778184000,-1.51e-05,2026-05-07 20:00:00+00:00
1778187600,-1.057e-05,2026-05-07 21:00:00+00:00
1778191200,-7.1e-06,2026-05-07 22:00:00+00:00
1778194800,-9.68e-06,2026-05-07 23:00:00+00:00
1778198400,-1.557e-05,2026-05-08 00:00:00+00:00
1778202000,-1.288e-05,2026-05-08 01:00:00+00:00
1778205600,-9.26e-06,2026-05-08 02:00:00+00:00
1778209200,-1.82e-05,2026-05-08 03:00:00+00:00
1778212800,-2.981e-05,2026-05-08 04:00:00+00:00
1778216400,-3.472e-05,2026-05-08 05:00:00+00:00
1778220000,-2.464e-05,2026-05-08 06:00:00+00:00
1778223600,-2.849e-05,2026-05-08 07:00:00+00:00
1778227200,-4.56e-05,2026-05-08 08:00:00+00:00
1778230800,-3.85e-05,2026-05-08 09:00:00+00:00
1778234400,-3.32e-05,2026-05-08 10:00:00+00:00
1778238000,-4.806e-05,2026-05-08 11:00:00+00:00
1778241600,-5.38e-05,2026-05-08 12:00:00+00:00
1778245200,-4.595e-05,2026-05-08 13:00:00+00:00
1778248800,-5.014e-05,2026-05-08 14:00:00+00:00
1778252400,-3.382e-05,2026-05-08 15:00:00+00:00
1778256000,-1.566e-05,2026-05-08 16:00:00+00:00
1778259600,9.99e-06,2026-05-08 17:00:00+00:00
1778263200,1.831e-05,2026-05-08 18:00:00+00:00
1778266800,3.241e-05,2026-05-08 19:00:00+00:00
1778270400,4.47e-05,2026-05-08 20:00:00+00:00
1778274000,5.66e-05,2026-05-08 21:00:00+00:00
1778277600,5.713e-05,2026-05-08 22:00:00+00:00
1778281200,6.199e-05,2026-05-08 23:00:00+00:00
1778284800,7.012e-05,2026-05-09 00:00:00+00:00
1778288400,7.63e-05,2026-05-09 01:00:00+00:00
1778292000,7.273e-05,2026-05-09 02:00:00+00:00
1778295600,6.952e-05,2026-05-09 03:00:00+00:00
1778299200,6.969e-05,2026-05-09 04:00:00+00:00
1778302800,6.649e-05,2026-05-09 05:00:00+00:00
1778306400,5.455e-05,2026-05-09 06:00:00+00:00
1778310000,4.35e-05,2026-05-09 07:00:00+00:00
1778313600,4.606e-05,2026-05-09 08:00:00+00:00
1778317200,4.678e-05,2026-05-09 09:00:00+00:00
1778320800,5.542e-05,2026-05-09 10:00:00+00:00
1778324400,6.976e-05,2026-05-09 11:00:00+00:00
1778328000,7.922e-05,2026-05-09 12:00:00+00:00
1778331600,8.872e-05,2026-05-09 13:00:00+00:00
1778335200,8.404e-05,2026-05-09 14:00:00+00:00
1778338800,8.716e-05,2026-05-09 15:00:00+00:00
1778342400,9.265e-05,2026-05-09 16:00:00+00:00
1778346000,9.629e-05,2026-05-09 17:00:00+00:00
1778349600,0.0001,2026-05-09 18:00:00+00:00
1778371200,0.0001,2026-05-10 00:00:00+00:00
1778392800,9.552e-05,2026-05-10 06:00:00+00:00
1778396400,8.268e-05,2026-05-10 07:00:00+00:00
1778400000,8.168e-05,2026-05-10 08:00:00+00:00
1778403600,7.843e-05,2026-05-10 09:00:00+00:00
1778407200,6.776e-05,2026-05-10 10:00:00+00:00
1778410800,6.191e-05,2026-05-10 11:00:00+00:00
1778414400,5.092e-05,2026-05-10 12:00:00+00:00
1778418000,5.213e-05,2026-05-10 13:00:00+00:00
1778421600,4.831e-05,2026-05-10 14:00:00+00:00
1778425200,6.648e-05,2026-05-10 15:00:00+00:00
1778428800,7.661e-05,2026-05-10 16:00:00+00:00
1778432400,0.0001,2026-05-10 17:00:00+00:00
1778443200,9.79e-05,2026-05-10 20:00:00+00:00
1778446800,7.338e-05,2026-05-10 21:00:00+00:00
1778450400,7.47e-05,2026-05-10 22:00:00+00:00
1778454000,7.463e-05,2026-05-10 23:00:00+00:00
1778457600,6.448e-05,2026-05-11 00:00:00+00:00
1778461200,7.114e-05,2026-05-11 01:00:00+00:00
1778464800,6.536e-05,2026-05-11 02:00:00+00:00
1778468400,5.086e-05,2026-05-11 03:00:00+00:00
1778472000,3.915e-05,2026-05-11 04:00:00+00:00
1778475600,2.354e-05,2026-05-11 05:00:00+00:00
1778479200,1.576e-05,2026-05-11 06:00:00+00:00
1778482800,1.941e-05,2026-05-11 07:00:00+00:00
1778486400,2.415e-05,2026-05-11 08:00:00+00:00
1778490000,3.051e-05,2026-05-11 09:00:00+00:00
1778493600,3.771e-05,2026-05-11 10:00:00+00:00
1778497200,4.56e-05,2026-05-11 11:00:00+00:00
1778500800,3.809e-05,2026-05-11 12:00:00+00:00
1778504400,3.125e-05,2026-05-11 13:00:00+00:00
1778508000,2.693e-05,2026-05-11 14:00:00+00:00
1778511600,3.344e-05,2026-05-11 15:00:00+00:00
1778515200,2.583e-05,2026-05-11 16:00:00+00:00
1778518800,4.171e-05,2026-05-11 17:00:00+00:00
1778522400,4.311e-05,2026-05-11 18:00:00+00:00
1778526000,4.753e-05,2026-05-11 19:00:00+00:00
1778529600,4.694e-05,2026-05-11 20:00:00+00:00
1778533200,4.409e-05,2026-05-11 21:00:00+00:00
1778536800,4.168e-05,2026-05-11 22:00:00+00:00
1778540400,3.998e-05,2026-05-11 23:00:00+00:00
1778544000,3.199e-05,2026-05-12 00:00:00+00:00
1778547600,1.861e-05,2026-05-12 01:00:00+00:00
1778551200,1.567e-05,2026-05-12 02:00:00+00:00
1778554800,1.372e-05,2026-05-12 03:00:00+00:00
1778558400,1.753e-05,2026-05-12 04:00:00+00:00
1778562000,1.721e-05,2026-05-12 05:00:00+00:00
1778565600,1.174e-05,2026-05-12 06:00:00+00:00
1778569200,8e-06,2026-05-12 07:00:00+00:00
1778572800,-4.17e-06,2026-05-12 08:00:00+00:00
1778576400,1.118e-05,2026-05-12 09:00:00+00:00
1778580000,2.439e-05,2026-05-12 10:00:00+00:00
1778583600,3.367e-05,2026-05-12 11:00:00+00:00
1778587200,4.051e-05,2026-05-12 12:00:00+00:00
1778590800,3.185e-05,2026-05-12 13:00:00+00:00
1778594400,3.451e-05,2026-05-12 14:00:00+00:00
1778598000,3.948e-05,2026-05-12 15:00:00+00:00
1778601600,6.041e-05,2026-05-12 16:00:00+00:00
1778605200,6.845e-05,2026-05-12 17:00:00+00:00
1778608800,6.651e-05,2026-05-12 18:00:00+00:00
1778612400,6.251e-05,2026-05-12 19:00:00+00:00
1778616000,5.102e-05,2026-05-12 20:00:00+00:00
1778619600,3.694e-05,2026-05-12 21:00:00+00:00
1778623200,1.903e-05,2026-05-12 22:00:00+00:00
1778626800,1.315e-05,2026-05-12 23:00:00+00:00
1778630400,1.395e-05,2026-05-13 00:00:00+00:00
1778634000,9.38e-06,2026-05-13 01:00:00+00:00
1778637600,1.238e-05,2026-05-13 02:00:00+00:00
1778641200,2.03e-05,2026-05-13 03:00:00+00:00
1778644800,3.207e-05,2026-05-13 04:00:00+00:00
1778648400,3.411e-05,2026-05-13 05:00:00+00:00
1778652000,4.437e-05,2026-05-13 06:00:00+00:00
1778655600,4.996e-05,2026-05-13 07:00:00+00:00
1778659200,5.712e-05,2026-05-13 08:00:00+00:00
1778662800,7.167e-05,2026-05-13 09:00:00+00:00
1778666400,7.437e-05,2026-05-13 10:00:00+00:00
1778670000,7.458e-05,2026-05-13 11:00:00+00:00
1778673600,6.744e-05,2026-05-13 12:00:00+00:00
1778677200,3.607e-05,2026-05-13 13:00:00+00:00
1778680800,1.89e-05,2026-05-13 14:00:00+00:00
1778684400,6.44e-06,2026-05-13 15:00:00+00:00
1778688000,2.903e-05,2026-05-13 16:00:00+00:00
1778691600,4.499e-05,2026-05-13 17:00:00+00:00
1778695200,4.437e-05,2026-05-13 18:00:00+00:00
1778698800,5.224e-05,2026-05-13 19:00:00+00:00
1778702400,5.598e-05,2026-05-13 20:00:00+00:00
1778706000,6.194e-05,2026-05-13 21:00:00+00:00
1778709600,6.877e-05,2026-05-13 22:00:00+00:00
1778713200,5.977e-05,2026-05-13 23:00:00+00:00
1778716800,5.694e-05,2026-05-14 00:00:00+00:00
1778720400,5.404e-05,2026-05-14 01:00:00+00:00
1778724000,5.637e-05,2026-05-14 02:00:00+00:00
1778727600,5.372e-05,2026-05-14 03:00:00+00:00
1778731200,5.483e-05,2026-05-14 04:00:00+00:00
1778734800,5.81e-05,2026-05-14 05:00:00+00:00
1778738400,6.201e-05,2026-05-14 06:00:00+00:00
1778742000,5.632e-05,2026-05-14 07:00:00+00:00
1778745600,4.023e-05,2026-05-14 08:00:00+00:00
1778749200,2.075e-05,2026-05-14 09:00:00+00:00
1778752800,8.8e-06,2026-05-14 10:00:00+00:00
1778756400,1.058e-05,2026-05-14 11:00:00+00:00
1778760000,1.606e-05,2026-05-14 12:00:00+00:00
1778763600,1.461e-05,2026-05-14 13:00:00+00:00
1778767200,3.078e-05,2026-05-14 14:00:00+00:00
1778770800,3.863e-05,2026-05-14 15:00:00+00:00
1778774400,4.257e-05,2026-05-14 16:00:00+00:00
1778778000,3.496e-05,2026-05-14 17:00:00+00:00
1778781600,4.678e-05,2026-05-14 18:00:00+00:00
1778785200,4.02e-05,2026-05-14 19:00:00+00:00
1778788800,3.697e-05,2026-05-14 20:00:00+00:00
1778792400,2.753e-05,2026-05-14 21:00:00+00:00
1778796000,1.76e-05,2026-05-14 22:00:00+00:00
1778799600,-6.82e-06,2026-05-14 23:00:00+00:00
1778803200,-1.941e-05,2026-05-15 00:00:00+00:00
1778806800,-2.652e-05,2026-05-15 01:00:00+00:00
1778810400,-8.93e-06,2026-05-15 02:00:00+00:00
1778814000,2.132e-05,2026-05-15 03:00:00+00:00
1778817600,2.588e-05,2026-05-15 04:00:00+00:00
1778821200,1.261e-05,2026-05-15 05:00:00+00:00
1778824800,9.52e-06,2026-05-15 06:00:00+00:00
1778828400,4.41e-06,2026-05-15 07:00:00+00:00
1778832000,-1.33e-05,2026-05-15 08:00:00+00:00
1778835600,-2.281e-05,2026-05-15 09:00:00+00:00
1778839200,-3.252e-05,2026-05-15 10:00:00+00:00
1778842800,-3.661e-05,2026-05-15 11:00:00+00:00
1778846400,-3.37e-05,2026-05-15 12:00:00+00:00
1778850000,-3.747e-05,2026-05-15 13:00:00+00:00
1778853600,-2.036e-05,2026-05-15 14:00:00+00:00
1778857200,1.273e-05,2026-05-15 15:00:00+00:00
1778860800,3.172e-05,2026-05-15 16:00:00+00:00
1778864400,3.239e-05,2026-05-15 17:00:00+00:00
1778868000,3.582e-05,2026-05-15 18:00:00+00:00
1778871600,5.067e-05,2026-05-15 19:00:00+00:00
1778875200,6.023e-05,2026-05-15 20:00:00+00:00
1778878800,6.653e-05,2026-05-15 21:00:00+00:00
1778882400,7.13e-05,2026-05-15 22:00:00+00:00
1778886000,7.065e-05,2026-05-15 23:00:00+00:00
1778889600,8.201e-05,2026-05-16 00:00:00+00:00
1778893200,8.594e-05,2026-05-16 01:00:00+00:00
1778896800,8.136e-05,2026-05-16 02:00:00+00:00
1778900400,7.109e-05,2026-05-16 03:00:00+00:00
1778904000,7.387e-05,2026-05-16 04:00:00+00:00
1778907600,7.851e-05,2026-05-16 05:00:00+00:00
1778911200,7.634e-05,2026-05-16 06:00:00+00:00
1778914800,4.543e-05,2026-05-16 07:00:00+00:00
1778918400,3.888e-05,2026-05-16 08:00:00+00:00
1778922000,2.875e-05,2026-05-16 09:00:00+00:00
1778925600,3.526e-05,2026-05-16 10:00:00+00:00
1778929200,4.01e-05,2026-05-16 11:00:00+00:00
1778932800,5.228e-05,2026-05-16 12:00:00+00:00
1778936400,5.816e-05,2026-05-16 13:00:00+00:00
1778940000,6.025e-05,2026-05-16 14:00:00+00:00
1778943600,6.484e-05,2026-05-16 15:00:00+00:00
1778947200,7.654e-05,2026-05-16 16:00:00+00:00
1778950800,8.382e-05,2026-05-16 17:00:00+00:00
1778954400,7.934e-05,2026-05-16 18:00:00+00:00
1778958000,8.052e-05,2026-05-16 19:00:00+00:00
1778961600,8.105e-05,2026-05-16 20:00:00+00:00
1778965200,8.52e-05,2026-05-16 21:00:00+00:00
1778968800,7.87e-05,2026-05-16 22:00:00+00:00
1778972400,7.241e-05,2026-05-16 23:00:00+00:00
1778976000,7.047e-05,2026-05-17 00:00:00+00:00
1778979600,7.305e-05,2026-05-17 01:00:00+00:00
1778983200,8.027e-05,2026-05-17 02:00:00+00:00
1778986800,8.786e-05,2026-05-17 03:00:00+00:00
1778990400,8.317e-05,2026-05-17 04:00:00+00:00
1778994000,7.276e-05,2026-05-17 05:00:00+00:00
1778997600,6.485e-05,2026-05-17 06:00:00+00:00
1779001200,4.911e-05,2026-05-17 07:00:00+00:00
1779004800,3.408e-05,2026-05-17 08:00:00+00:00
1779008400,2.741e-05,2026-05-17 09:00:00+00:00
1779012000,1.122e-05,2026-05-17 10:00:00+00:00
1779015600,1.636e-05,2026-05-17 11:00:00+00:00
1779019200,2.163e-05,2026-05-17 12:00:00+00:00
1779022800,3.688e-05,2026-05-17 13:00:00+00:00
1779026400,4.809e-05,2026-05-17 14:00:00+00:00
1779030000,5.323e-05,2026-05-17 15:00:00+00:00
1779033600,5.414e-05,2026-05-17 16:00:00+00:00
1779037200,5.776e-05,2026-05-17 17:00:00+00:00
1779040800,6.014e-05,2026-05-17 18:00:00+00:00
1779044400,5.26e-05,2026-05-17 19:00:00+00:00
1779048000,3.492e-05,2026-05-17 20:00:00+00:00
1779051600,3.268e-05,2026-05-17 21:00:00+00:00
1779055200,3.073e-05,2026-05-17 22:00:00+00:00
1779058800,1.932e-05,2026-05-17 23:00:00+00:00
1779062400,3.89e-06,2026-05-18 00:00:00+00:00
1779066000,7.79e-06,2026-05-18 01:00:00+00:00
1779069600,1.674e-05,2026-05-18 02:00:00+00:00
1779073200,3.309e-05,2026-05-18 03:00:00+00:00
1779076800,3.732e-05,2026-05-18 04:00:00+00:00
1779080400,2.158e-05,2026-05-18 05:00:00+00:00
1779084000,2.193e-05,2026-05-18 06:00:00+00:00
1779087600,7.35e-06,2026-05-18 07:00:00+00:00
1779091200,-8.47e-06,2026-05-18 08:00:00+00:00
1779094800,-1.544e-05,2026-05-18 09:00:00+00:00
1779098400,-6.48e-06,2026-05-18 10:00:00+00:00
1779102000,1.293e-05,2026-05-18 11:00:00+00:00
1779105600,2.025e-05,2026-05-18 12:00:00+00:00
1779109200,2.064e-05,2026-05-18 13:00:00+00:00
1779112800,3.78e-05,2026-05-18 14:00:00+00:00
1779116400,5.228e-05,2026-05-18 15:00:00+00:00
1779120000,4.923e-05,2026-05-18 16:00:00+00:00
1779123600,5.735e-05,2026-05-18 17:00:00+00:00
1779127200,6.51e-05,2026-05-18 18:00:00+00:00
1779130800,9.483e-05,2026-05-18 19:00:00+00:00
1779134400,0.0001,2026-05-18 20:00:00+00:00
1779148800,8.422e-05,2026-05-19 00:00:00+00:00
1779152400,8.039e-05,2026-05-19 01:00:00+00:00
1779156000,7.794e-05,2026-05-19 02:00:00+00:00
1779159600,8.023e-05,2026-05-19 03:00:00+00:00
1779163200,7.797e-05,2026-05-19 04:00:00+00:00
1779166800,7.004e-05,2026-05-19 05:00:00+00:00
1779170400,6.426e-05,2026-05-19 06:00:00+00:00
1779174000,5.678e-05,2026-05-19 07:00:00+00:00
1779177600,4.664e-05,2026-05-19 08:00:00+00:00
1779181200,2.628e-05,2026-05-19 09:00:00+00:00
1779184800,2.461e-05,2026-05-19 10:00:00+00:00
1779188400,1.909e-05,2026-05-19 11:00:00+00:00
1779192000,2.82e-05,2026-05-19 12:00:00+00:00
1779195600,3.34e-05,2026-05-19 13:00:00+00:00
1779199200,3.39e-05,2026-05-19 14:00:00+00:00
1779202800,3.588e-05,2026-05-19 15:00:00+00:00
1779206400,5.411e-05,2026-05-19 16:00:00+00:00
1779210000,6.282e-05,2026-05-19 17:00:00+00:00
1779213600,6.984e-05,2026-05-19 18:00:00+00:00
1779217200,6.938e-05,2026-05-19 19:00:00+00:00
1779220800,7.616e-05,2026-05-19 20:00:00+00:00
1779224400,7.5e-05,2026-05-19 21:00:00+00:00
1779228000,6e-05,2026-05-19 22:00:00+00:00
1779231600,5.583e-05,2026-05-19 23:00:00+00:00
1779235200,5.755e-05,2026-05-20 00:00:00+00:00
1779238800,6.826e-05,2026-05-20 01:00:00+00:00
1779242400,6.12e-05,2026-05-20 02:00:00+00:00
1779246000,5.688e-05,2026-05-20 03:00:00+00:00
1779249600,5.21e-05,2026-05-20 04:00:00+00:00
1779253200,4.576e-05,2026-05-20 05:00:00+00:00
1779256800,3.455e-05,2026-05-20 06:00:00+00:00
1779260400,3.051e-05,2026-05-20 07:00:00+00:00
1779264000,3.18e-05,2026-05-20 08:00:00+00:00
1779267600,3.534e-05,2026-05-20 09:00:00+00:00
1779271200,4.255e-05,2026-05-20 10:00:00+00:00
1779274800,5.673e-05,2026-05-20 11:00:00+00:00
1779278400,7.737e-05,2026-05-20 12:00:00+00:00
1779282000,6.726e-05,2026-05-20 13:00:00+00:00
1779285600,6.826e-05,2026-05-20 14:00:00+00:00
1779289200,5.236e-05,2026-05-20 15:00:00+00:00
1779292800,4.049e-05,2026-05-20 16:00:00+00:00
1779296400,3.278e-05,2026-05-20 17:00:00+00:00
1779300000,2.47e-05,2026-05-20 18:00:00+00:00
1779303600,2.867e-05,2026-05-20 19:00:00+00:00
1779307200,3.285e-05,2026-05-20 20:00:00+00:00
1779310800,3.93e-05,2026-05-20 21:00:00+00:00
1779314400,4.837e-05,2026-05-20 22:00:00+00:00
1779318000,5.861e-05,2026-05-20 23:00:00+00:00
1779321600,7.264e-05,2026-05-21 00:00:00+00:00
1779325200,6.367e-05,2026-05-21 01:00:00+00:00
1779328800,5.631e-05,2026-05-21 02:00:00+00:00
1779332400,5.016e-05,2026-05-21 03:00:00+00:00
1779336000,4.027e-05,2026-05-21 04:00:00+00:00
1779339600,2.801e-05,2026-05-21 05:00:00+00:00
1779343200,1.642e-05,2026-05-21 06:00:00+00:00
1779346800,2.532e-05,2026-05-21 07:00:00+00:00
1779350400,3.765e-05,2026-05-21 08:00:00+00:00
1779354000,4.982e-05,2026-05-21 09:00:00+00:00
1779357600,5.41e-05,2026-05-21 10:00:00+00:00
1779361200,5.072e-05,2026-05-21 11:00:00+00:00
1779364800,4.67e-05,2026-05-21 12:00:00+00:00
1779368400,4.419e-05,2026-05-21 13:00:00+00:00
1779372000,4.148e-05,2026-05-21 14:00:00+00:00
1779375600,3.882e-05,2026-05-21 15:00:00+00:00
1779379200,3.837e-05,2026-05-21 16:00:00+00:00
1779382800,5.923e-05,2026-05-21 17:00:00+00:00
1779386400,4.925e-05,2026-05-21 18:00:00+00:00
1779390000,5.265e-05,2026-05-21 19:00:00+00:00
1779393600,4.361e-05,2026-05-21 20:00:00+00:00
1779397200,3.752e-05,2026-05-21 21:00:00+00:00
1779400800,4.346e-05,2026-05-21 22:00:00+00:00
1779404400,4.962e-05,2026-05-21 23:00:00+00:00
1779408000,4.638e-05,2026-05-22 00:00:00+00:00
1779411600,5.191e-05,2026-05-22 01:00:00+00:00
1779415200,6.423e-05,2026-05-22 02:00:00+00:00
1779418800,6.431e-05,2026-05-22 03:00:00+00:00
1779422400,5.366e-05,2026-05-22 04:00:00+00:00
1779426000,4.459e-05,2026-05-22 05:00:00+00:00
1779429600,3.79e-05,2026-05-22 06:00:00+00:00
1779433200,3.166e-05,2026-05-22 07:00:00+00:00
1779436800,3.351e-05,2026-05-22 08:00:00+00:00
1779440400,5.209e-05,2026-05-22 09:00:00+00:00
1779444000,6.256e-05,2026-05-22 10:00:00+00:00
1779447600,6.204e-05,2026-05-22 11:00:00+00:00
1779451200,6.781e-05,2026-05-22 12:00:00+00:00
1779454800,6.568e-05,2026-05-22 13:00:00+00:00
1779458400,5.484e-05,2026-05-22 14:00:00+00:00
1779462000,5.943e-05,2026-05-22 15:00:00+00:00
1779465600,5.845e-05,2026-05-22 16:00:00+00:00
1779469200,6.449e-05,2026-05-22 17:00:00+00:00
1779472800,6.207e-05,2026-05-22 18:00:00+00:00
1779476400,5.241e-05,2026-05-22 19:00:00+00:00
1779480000,6.185e-05,2026-05-22 20:00:00+00:00
1779483600,4.984e-05,2026-05-22 21:00:00+00:00
1779487200,5.246e-05,2026-05-22 22:00:00+00:00
1779490800,5.711e-05,2026-05-22 23:00:00+00:00
1779494400,7.495e-05,2026-05-23 00:00:00+00:00
1779498000,8.79e-05,2026-05-23 01:00:00+00:00
1779501600,9.195e-05,2026-05-23 02:00:00+00:00
1779505200,9.047e-05,2026-05-23 03:00:00+00:00
1779508800,8.245e-05,2026-05-23 04:00:00+00:00
1779512400,7.231e-05,2026-05-23 05:00:00+00:00
1779516000,6.1e-05,2026-05-23 06:00:00+00:00
1779519600,4.455e-05,2026-05-23 07:00:00+00:00
1779523200,3.987e-05,2026-05-23 08:00:00+00:00
1779526800,4.087e-05,2026-05-23 09:00:00+00:00
1779530400,4.607e-05,2026-05-23 10:00:00+00:00
1779534000,4.001e-05,2026-05-23 11:00:00+00:00
1779537600,4.098e-05,2026-05-23 12:00:00+00:00
1779541200,5.024e-05,2026-05-23 13:00:00+00:00
1779544800,5.63e-05,2026-05-23 14:00:00+00:00
1779548400,6.316e-05,2026-05-23 15:00:00+00:00
1779552000,7.79e-05,2026-05-23 16:00:00+00:00
1779555600,8.399e-05,2026-05-23 17:00:00+00:00
1779559200,8.407e-05,2026-05-23 18:00:00+00:00
1779562800,7.005e-05,2026-05-23 19:00:00+00:00
1779566400,9.266e-05,2026-05-23 20:00:00+00:00
1779570000,9.596e-05,2026-05-23 21:00:00+00:00
1779573600,8.801e-05,2026-05-23 22:00:00+00:00
1779577200,8.068e-05,2026-05-23 23:00:00+00:00
1779580800,8.538e-05,2026-05-24 00:00:00+00:00
1779584400,8.03e-05,2026-05-24 01:00:00+00:00
1779588000,9.075e-05,2026-05-24 02:00:00+00:00
1779591600,8.675e-05,2026-05-24 03:00:00+00:00
1779595200,7.707e-05,2026-05-24 04:00:00+00:00
1779598800,7.791e-05,2026-05-24 05:00:00+00:00
1779602400,8.514e-05,2026-05-24 06:00:00+00:00
1779606000,7.979e-05,2026-05-24 07:00:00+00:00
1779609600,8.536e-05,2026-05-24 08:00:00+00:00
1779613200,8.045e-05,2026-05-24 09:00:00+00:00
1779616800,6.523e-05,2026-05-24 10:00:00+00:00
1779620400,5.032e-05,2026-05-24 11:00:00+00:00
1779624000,2.87e-05,2026-05-24 12:00:00+00:00
1779627600,1.958e-05,2026-05-24 13:00:00+00:00
1779631200,2.875e-05,2026-05-24 14:00:00+00:00
1779634800,4.195e-05,2026-05-24 15:00:00+00:00
1779638400,4.586e-05,2026-05-24 16:00:00+00:00
1779642000,6.062e-05,2026-05-24 17:00:00+00:00
1779645600,7.166e-05,2026-05-24 18:00:00+00:00
1779649200,8.171e-05,2026-05-24 19:00:00+00:00
1779652800,8.089e-05,2026-05-24 20:00:00+00:00
1779656400,6.086e-05,2026-05-24 21:00:00+00:00
1779660000,5.58e-05,2026-05-24 22:00:00+00:00
1779663600,5.352e-05,2026-05-24 23:00:00+00:00
1779667200,6.356e-05,2026-05-25 00:00:00+00:00
1779670800,7.375e-05,2026-05-25 01:00:00+00:00
1779674400,7.497e-05,2026-05-25 02:00:00+00:00
1779678000,8.575e-05,2026-05-25 03:00:00+00:00
1779681600,8.083e-05,2026-05-25 04:00:00+00:00
1779685200,7.236e-05,2026-05-25 05:00:00+00:00
1779688800,6.282e-05,2026-05-25 06:00:00+00:00
1779692400,5.476e-05,2026-05-25 07:00:00+00:00
1779696000,5.979e-05,2026-05-25 08:00:00+00:00
1779699600,5.311e-05,2026-05-25 09:00:00+00:00
1779703200,5.213e-05,2026-05-25 10:00:00+00:00
1779706800,5.756e-05,2026-05-25 11:00:00+00:00
1779710400,5.577e-05,2026-05-25 12:00:00+00:00
1779714000,4.877e-05,2026-05-25 13:00:00+00:00
1779717600,3.647e-05,2026-05-25 14:00:00+00:00
1779721200,3.29e-05,2026-05-25 15:00:00+00:00
1779724800,4.031e-05,2026-05-25 16:00:00+00:00
1779728400,4.846e-05,2026-05-25 17:00:00+00:00
1779732000,5.994e-05,2026-05-25 18:00:00+00:00
1779735600,7.253e-05,2026-05-25 19:00:00+00:00
1779739200,6.467e-05,2026-05-25 20:00:00+00:00
1779742800,4.822e-05,2026-05-25 21:00:00+00:00
1779746400,4.144e-05,2026-05-25 22:00:00+00:00
1779750000,3.521e-05,2026-05-25 23:00:00+00:00
1779753600,2.08e-05,2026-05-26 00:00:00+00:00
1779757200,1.038e-05,2026-05-26 01:00:00+00:00
1779760800,2.6e-07,2026-05-26 02:00:00+00:00
1779764400,1.36e-05,2026-05-26 03:00:00+00:00
1779768000,2.308e-05,2026-05-26 04:00:00+00:00
1779771600,2.876e-05,2026-05-26 05:00:00+00:00
1779775200,3.703e-05,2026-05-26 06:00:00+00:00
1779778800,3.795e-05,2026-05-26 07:00:00+00:00
1779782400,2.759e-05,2026-05-26 08:00:00+00:00
1779786000,2.039e-05,2026-05-26 09:00:00+00:00
1779789600,2.986e-05,2026-05-26 10:00:00+00:00
1779793200,4.162e-05,2026-05-26 11:00:00+00:00
1779796800,5.096e-05,2026-05-26 12:00:00+00:00
1779800400,5.889e-05,2026-05-26 13:00:00+00:00
1779804000,5.48e-05,2026-05-26 14:00:00+00:00
1779807600,3.411e-05,2026-05-26 15:00:00+00:00
1779811200,1.291e-05,2026-05-26 16:00:00+00:00
1779814800,-2.08e-06,2026-05-26 17:00:00+00:00
1779818400,2.72e-06,2026-05-26 18:00:00+00:00
1779822000,2.63e-05,2026-05-26 19:00:00+00:00
1779825600,4.198e-05,2026-05-26 20:00:00+00:00
1779829200,5.565e-05,2026-05-26 21:00:00+00:00
1779832800,6.726e-05,2026-05-26 22:00:00+00:00
1779836400,7.351e-05,2026-05-26 23:00:00+00:00
1779840000,8.642e-05,2026-05-27 00:00:00+00:00
1779843600,9.169e-05,2026-05-27 01:00:00+00:00
1779847200,8.204e-05,2026-05-27 02:00:00+00:00
1779850800,6.248e-05,2026-05-27 03:00:00+00:00
1779854400,4.914e-05,2026-05-27 04:00:00+00:00
1779858000,4.238e-05,2026-05-27 05:00:00+00:00
1779861600,3.304e-05,2026-05-27 06:00:00+00:00
1779865200,3.063e-05,2026-05-27 07:00:00+00:00
1779868800,2.209e-05,2026-05-27 08:00:00+00:00
1779872400,1.931e-05,2026-05-27 09:00:00+00:00
1779876000,7.9e-06,2026-05-27 10:00:00+00:00
1779879600,7.57e-06,2026-05-27 11:00:00+00:00
1779883200,6.14e-06,2026-05-27 12:00:00+00:00
1779886800,1.112e-05,2026-05-27 13:00:00+00:00
1779890400,3.216e-05,2026-05-27 14:00:00+00:00
1779894000,6.097e-05,2026-05-27 15:00:00+00:00
1779897600,8.393e-05,2026-05-27 16:00:00+00:00
1779901200,9.404e-05,2026-05-27 17:00:00+00:00
1779904800,9.847e-05,2026-05-27 18:00:00+00:00
1779908400,0.0001,2026-05-27 19:00:00+00:00
1779915600,9.751e-05,2026-05-27 21:00:00+00:00
1779919200,5.572e-05,2026-05-27 22:00:00+00:00
1779922800,2.421e-05,2026-05-27 23:00:00+00:00
1779926400,1.468e-05,2026-05-28 00:00:00+00:00
1779930000,8.67e-06,2026-05-28 01:00:00+00:00
1779933600,1.675e-05,2026-05-28 02:00:00+00:00
1779937200,1.894e-05,2026-05-28 03:00:00+00:00
1779940800,2.174e-05,2026-05-28 04:00:00+00:00
1779944400,2.209e-05,2026-05-28 05:00:00+00:00
1779948000,3.497e-05,2026-05-28 06:00:00+00:00
1779951600,2.61e-05,2026-05-28 07:00:00+00:00
1779955200,2.333e-05,2026-05-28 08:00:00+00:00
1779958800,1.555e-05,2026-05-28 09:00:00+00:00
1779962400,-2.09e-06,2026-05-28 10:00:00+00:00
1779966000,-7.82e-06,2026-05-28 11:00:00+00:00
1779969600,-6.61e-06,2026-05-28 12:00:00+00:00
1779973200,4.64e-06,2026-05-28 13:00:00+00:00
1779976800,1.61e-05,2026-05-28 14:00:00+00:00
1779980400,2.977e-05,2026-05-28 15:00:00+00:00
1779984000,4.977e-05,2026-05-28 16:00:00+00:00
1779987600,6.913e-05,2026-05-28 17:00:00+00:00
1779991200,8.325e-05,2026-05-28 18:00:00+00:00
1779994800,9.296e-05,2026-05-28 19:00:00+00:00
1779998400,9.746e-05,2026-05-28 20:00:00+00:00
1780002000,9.042e-05,2026-05-28 21:00:00+00:00
1780005600,8.147e-05,2026-05-28 22:00:00+00:00
1780009200,8.553e-05,2026-05-28 23:00:00+00:00
1780012800,7.721e-05,2026-05-29 00:00:00+00:00
1780016400,7.659e-05,2026-05-29 01:00:00+00:00
1780020000,7.939e-05,2026-05-29 02:00:00+00:00
1780023600,8.866e-05,2026-05-29 03:00:00+00:00
1780027200,8.745e-05,2026-05-29 04:00:00+00:00
1780030800,8.998e-05,2026-05-29 05:00:00+00:00
1780034400,9.162e-05,2026-05-29 06:00:00+00:00
1780038000,7.083e-05,2026-05-29 07:00:00+00:00
1780041600,5.836e-05,2026-05-29 08:00:00+00:00
1780045200,6.554e-05,2026-05-29 09:00:00+00:00
1780048800,6.04e-05,2026-05-29 10:00:00+00:00
1780052400,5.962e-05,2026-05-29 11:00:00+00:00
1780056000,5.43e-05,2026-05-29 12:00:00+00:00
1780059600,4.658e-05,2026-05-29 13:00:00+00:00
1780063200,4.785e-05,2026-05-29 14:00:00+00:00
1780066800,6.595e-05,2026-05-29 15:00:00+00:00
1780070400,7.679e-05,2026-05-29 16:00:00+00:00
1780074000,8.281e-05,2026-05-29 17:00:00+00:00
1780077600,8.859e-05,2026-05-29 18:00:00+00:00
1780081200,7.205e-05,2026-05-29 19:00:00+00:00
1780084800,6.922e-05,2026-05-29 20:00:00+00:00
1780088400,6.135e-05,2026-05-29 21:00:00+00:00
1780092000,5.299e-05,2026-05-29 22:00:00+00:00
1780095600,4.622e-05,2026-05-29 23:00:00+00:00
1780099200,3.897e-05,2026-05-30 00:00:00+00:00
1780102800,4.597e-05,2026-05-30 01:00:00+00:00
1780106400,5.95e-05,2026-05-30 02:00:00+00:00
1780110000,6.713e-05,2026-05-30 03:00:00+00:00
1780113600,6.699e-05,2026-05-30 04:00:00+00:00
1780117200,6.618e-05,2026-05-30 05:00:00+00:00
1780120800,7.312e-05,2026-05-30 06:00:00+00:00
1780124400,6.842e-05,2026-05-30 07:00:00+00:00
1780128000,6.291e-05,2026-05-30 08:00:00+00:00
1780131600,6.411e-05,2026-05-30 09:00:00+00:00
1780135200,6.537e-05,2026-05-30 10:00:00+00:00
1780138800,7.173e-05,2026-05-30 11:00:00+00:00
1780142400,6.775e-05,2026-05-30 12:00:00+00:00
1780146000,5.735e-05,2026-05-30 13:00:00+00:00
1780149600,5.16e-05,2026-05-30 14:00:00+00:00
1780153200,5.65e-05,2026-05-30 15:00:00+00:00
1780156800,7.005e-05,2026-05-30 16:00:00+00:00
1780160400,8.26e-05,2026-05-30 17:00:00+00:00
1780164000,9.138e-05,2026-05-30 18:00:00+00:00
1780167600,9.49e-05,2026-05-30 19:00:00+00:00
1780171200,0.0001,2026-05-30 20:00:00+00:00
1780182000,9.419e-05,2026-05-30 23:00:00+00:00
1780185600,8.278e-05,2026-05-31 00:00:00+00:00
1780189200,7.808e-05,2026-05-31 01:00:00+00:00
1780192800,7.61e-05,2026-05-31 02:00:00+00:00
1780196400,7.96e-05,2026-05-31 03:00:00+00:00
1780200000,7.794e-05,2026-05-31 04:00:00+00:00
1780203600,7.168e-05,2026-05-31 05:00:00+00:00
1780207200,6.976e-05,2026-05-31 06:00:00+00:00
1780210800,7.226e-05,2026-05-31 07:00:00+00:00
1780214400,8.43e-05,2026-05-31 08:00:00+00:00
1780218000,8.807e-05,2026-05-31 09:00:00+00:00
1780221600,8.147e-05,2026-05-31 10:00:00+00:00
1780225200,7.264e-05,2026-05-31 11:00:00+00:00
1780228800,5.839e-05,2026-05-31 12:00:00+00:00
1780232400,5.239e-05,2026-05-31 13:00:00+00:00
1780236000,3.333e-05,2026-05-31 14:00:00+00:00
1780239600,1.711e-05,2026-05-31 15:00:00+00:00
1780243200,1.191e-05,2026-05-31 16:00:00+00:00
1780246800,9.93e-06,2026-05-31 17:00:00+00:00
1780250400,2.107e-05,2026-05-31 18:00:00+00:00
1780254000,3.859e-05,2026-05-31 19:00:00+00:00
1780257600,5.252e-05,2026-05-31 20:00:00+00:00
1780261200,5.95e-05,2026-05-31 21:00:00+00:00
1780264800,6.324e-05,2026-05-31 22:00:00+00:00
1780268400,6.445e-05,2026-05-31 23:00:00+00:00
1780272000,8.575e-05,2026-06-01 00:00:00+00:00
1780275600,9.19e-05,2026-06-01 01:00:00+00:00
1780279200,0.0001,2026-06-01 02:00:00+00:00
1780286400,0.0001,2026-06-01 04:00:00+00:00
1780290000,9.663e-05,2026-06-01 05:00:00+00:00
1780293600,7.56e-05,2026-06-01 06:00:00+00:00
1780297200,5.339e-05,2026-06-01 07:00:00+00:00
1780300800,4.79e-05,2026-06-01 08:00:00+00:00
1780304400,4.819e-05,2026-06-01 09:00:00+00:00
1780308000,6.343e-05,2026-06-01 10:00:00+00:00
1780311600,7.293e-05,2026-06-01 11:00:00+00:00
1780315200,8.707e-05,2026-06-01 12:00:00+00:00
1780318800,8.896e-05,2026-06-01 13:00:00+00:00
1780322400,0.0001,2026-06-01 14:00:00+00:00
1780326000,9.572e-05,2026-06-01 15:00:00+00:00
1780329600,0.0001,2026-06-01 16:00:00+00:00
1780358400,0.0001,2026-06-02 00:00:00+00:00
1780372800,0.0001,2026-06-02 04:00:00+00:00
1780383600,0.0001,2026-06-02 07:00:00+00:00
1780387200,8.825e-05,2026-06-02 08:00:00+00:00
1780390800,8.507e-05,2026-06-02 09:00:00+00:00
1780394400,7.768e-05,2026-06-02 10:00:00+00:00
1780398000,8.303e-05,2026-06-02 11:00:00+00:00
1780401600,8.315e-05,2026-06-02 12:00:00+00:00
1780405200,8.641e-05,2026-06-02 13:00:00+00:00
1780408800,6.707e-05,2026-06-02 14:00:00+00:00
1780412400,5.699e-05,2026-06-02 15:00:00+00:00
1780416000,6.509e-05,2026-06-02 16:00:00+00:00
1780419600,7.821e-05,2026-06-02 17:00:00+00:00
1780423200,9.414e-05,2026-06-02 18:00:00+00:00
1780426800,9.415e-05,2026-06-02 19:00:00+00:00
1780430400,7.957e-05,2026-06-02 20:00:00+00:00
1780434000,5.844e-05,2026-06-02 21:00:00+00:00
1780437600,4.626e-05,2026-06-02 22:00:00+00:00
1780441200,2.021e-05,2026-06-02 23:00:00+00:00
1780444800,1.287e-05,2026-06-03 00:00:00+00:00
1780448400,3.03e-06,2026-06-03 01:00:00+00:00
1780452000,2.95e-05,2026-06-03 02:00:00+00:00
1780455600,4.755e-05,2026-06-03 03:00:00+00:00
1780459200,8.022e-05,2026-06-03 04:00:00+00:00
1780462800,0.0001,2026-06-03 05:00:00+00:00
1780470000,9.925e-05,2026-06-03 07:00:00+00:00
1780473600,0.0001,2026-06-03 08:00:00+00:00
1780480800,0.0001,2026-06-03 10:00:00+00:00
1780498800,7.483e-05,2026-06-03 15:00:00+00:00
1780502400,4.719e-05,2026-06-03 16:00:00+00:00
1780506000,3.705e-05,2026-06-03 17:00:00+00:00
1780509600,5.152e-05,2026-06-03 18:00:00+00:00
1780513200,5.555e-05,2026-06-03 19:00:00+00:00
1780516800,3.423e-05,2026-06-03 20:00:00+00:00
1780520400,5.783e-05,2026-06-03 21:00:00+00:00
1780524000,7.244e-05,2026-06-03 22:00:00+00:00
1780527600,7.651e-05,2026-06-03 23:00:00+00:00
1780531200,6.109e-05,2026-06-04 00:00:00+00:00
1780534800,5.355e-05,2026-06-04 01:00:00+00:00
1780538400,4.69e-05,2026-06-04 02:00:00+00:00
1780542000,6.883e-05,2026-06-04 03:00:00+00:00
1780545600,7.232e-05,2026-06-04 04:00:00+00:00
1780549200,6.822e-05,2026-06-04 05:00:00+00:00
1780552800,6.18e-05,2026-06-04 06:00:00+00:00
1780556400,4.482e-05,2026-06-04 07:00:00+00:00
1780560000,3.648e-05,2026-06-04 08:00:00+00:00
1780563600,2.9e-05,2026-06-04 09:00:00+00:00
1780567200,1.586e-05,2026-06-04 10:00:00+00:00
1780570800,2.036e-05,2026-06-04 11:00:00+00:00
1780574400,4.509e-05,2026-06-04 12:00:00+00:00
1780578000,4.994e-05,2026-06-04 13:00:00+00:00
1780581600,4.175e-05,2026-06-04 14:00:00+00:00
1780585200,3.946e-05,2026-06-04 15:00:00+00:00
1780588800,3.769e-05,2026-06-04 16:00:00+00:00
1780592400,4.468e-05,2026-06-04 17:00:00+00:00
1780596000,5.108e-05,2026-06-04 18:00:00+00:00
1780599600,5.739e-05,2026-06-04 19:00:00+00:00
1780603200,6.119e-05,2026-06-04 20:00:00+00:00
1780606800,5.38e-05,2026-06-04 21:00:00+00:00
1780610400,4.423e-05,2026-06-04 22:00:00+00:00
1780614000,4.653e-05,2026-06-04 23:00:00+00:00
1780617600,3.879e-05,2026-06-05 00:00:00+00:00
1780621200,3.658e-05,2026-06-05 01:00:00+00:00
1780624800,2.167e-05,2026-06-05 02:00:00+00:00
1780628400,2.963e-05,2026-06-05 03:00:00+00:00
1780632000,1.896e-05,2026-06-05 04:00:00+00:00
1780635600,-1.176e-05,2026-06-05 05:00:00+00:00
1780639200,-3.272e-05,2026-06-05 06:00:00+00:00
1780642800,-3.169e-05,2026-06-05 07:00:00+00:00
1780646400,-5.005e-05,2026-06-05 08:00:00+00:00
1780650000,-5.548e-05,2026-06-05 09:00:00+00:00
1780653600,-3.944e-05,2026-06-05 10:00:00+00:00
1780657200,-3.721e-05,2026-06-05 11:00:00+00:00
1780660800,-4.205e-05,2026-06-05 12:00:00+00:00
1780664400,-5.083e-05,2026-06-05 13:00:00+00:00
1780668000,-6.169e-05,2026-06-05 14:00:00+00:00
