timestamp,value,datetime
1735689600,90942.029,2025-01-01 00:00:00+00:00
1735693200,90926.002,2025-01-01 01:00:00+00:00
1735696800,91040.801,2025-01-01 02:00:00+00:00
1735700400,91175.893,2025-01-01 03:00:00+00:00
1735704000,91389.355,2025-01-01 04:00:00+00:00
1735707600,91380.818,2025-01-01 05:00:00+00:00
1735711200,91424.581,2025-01-01 06:00:00+00:00
1735714800,91611.878,2025-01-01 07:00:00+00:00
1735718400,91677.34,2025-01-01 08:00:00+00:00
1735722000,91403.987,2025-01-01 09:00:00+00:00
1735725600,91478.761,2025-01-01 10:00:00+00:00
1735729200,91674.698,2025-01-01 11:00:00+00:00
1735732800,91458.013,2025-01-01 12:00:00+00:00
1735736400,91634.299,2025-01-01 13:00:00+00:00
1735740000,91627.579,2025-01-01 14:00:00+00:00
1735743600,91507.456,2025-01-01 15:00:00+00:00
1735747200,91441.35,2025-01-01 16:00:00+00:00
1735750800,91187.654,2025-01-01 17:00:00+00:00
1735754400,91401.137,2025-01-01 18:00:00+00:00
1735758000,91461.423,2025-01-01 19:00:00+00:00
1735761600,91731.033,2025-01-01 20:00:00+00:00
1735765200,92436.982,2025-01-01 21:00:00+00:00
1735768800,92240.576,2025-01-01 22:00:00+00:00
1735772400,92288.363,2025-01-01 23:00:00+00:00
1735776000,92796.225,2025-01-02 00:00:00+00:00
1735779600,92995.85,2025-01-02 01:00:00+00:00
1735783200,92906.66,2025-01-02 02:00:00+00:00
1735786800,92709.719,2025-01-02 03:00:00+00:00
1735790400,92763.794,2025-01-02 04:00:00+00:00
1735794000,93108.238,2025-01-02 05:00:00+00:00
1735797600,93086.086,2025-01-02 06:00:00+00:00
1735801200,93093.48,2025-01-02 07:00:00+00:00
1735804800,93467.5,2025-01-02 08:00:00+00:00
1735808400,93496.082,2025-01-02 09:00:00+00:00
1735812000,93825.252,2025-01-02 10:00:00+00:00
1735815600,93871.051,2025-01-02 11:00:00+00:00
1735819200,94320.404,2025-01-02 12:00:00+00:00
1735822800,94247.253,2025-01-02 13:00:00+00:00
1735826400,93236.823,2025-01-02 14:00:00+00:00
1735830000,92607.895,2025-01-02 15:00:00+00:00
1735833600,92433.942,2025-01-02 16:00:00+00:00
1735837200,91932.301,2025-01-02 17:00:00+00:00
1735840800,92095.199,2025-01-02 18:00:00+00:00
1735844400,92242.004,2025-01-02 19:00:00+00:00
1735848000,92366.737,2025-01-02 20:00:00+00:00
1735851600,92027.166,2025-01-02 21:00:00+00:00
1735855200,91844.219,2025-01-02 22:00:00+00:00
1735858800,91928.113,2025-01-02 23:00:00+00:00
1735862400,91931.087,2025-01-03 00:00:00+00:00
1735866000,91697.432,2025-01-03 01:00:00+00:00
1735869600,91825.832,2025-01-03 02:00:00+00:00
1735873200,91785.311,2025-01-03 03:00:00+00:00
1735876800,91677.953,2025-01-03 04:00:00+00:00
1735880400,91572.992,2025-01-03 05:00:00+00:00
1735884000,91817.341,2025-01-03 06:00:00+00:00
1735887600,92151.357,2025-01-03 07:00:00+00:00
1735891200,91787.984,2025-01-03 08:00:00+00:00
1735894800,91700.129,2025-01-03 09:00:00+00:00
1735898400,91555.319,2025-01-03 10:00:00+00:00
1735902000,91449.522,2025-01-03 11:00:00+00:00
1735905600,91431.164,2025-01-03 12:00:00+00:00
1735909200,91563.11,2025-01-03 13:00:00+00:00
1735912800,91472.988,2025-01-03 14:00:00+00:00
1735916400,90982.42,2025-01-03 15:00:00+00:00
1735920000,90571.116,2025-01-03 16:00:00+00:00
1735923600,90498.921,2025-01-03 17:00:00+00:00
1735927200,90777.285,2025-01-03 18:00:00+00:00
1735930800,91066.318,2025-01-03 19:00:00+00:00
1735934400,90777.944,2025-01-03 20:00:00+00:00
1735938000,90870.568,2025-01-03 21:00:00+00:00
1735941600,90667.492,2025-01-03 22:00:00+00:00
1735945200,90563.995,2025-01-03 23:00:00+00:00
1735948800,90425.454,2025-01-04 00:00:00+00:00
1735952400,90202.982,2025-01-04 01:00:00+00:00
1735956000,90090.066,2025-01-04 02:00:00+00:00
1735959600,90143.775,2025-01-04 03:00:00+00:00
1735963200,90007.567,2025-01-04 04:00:00+00:00
1735966800,89688.985,2025-01-04 05:00:00+00:00
1735970400,89565.242,2025-01-04 06:00:00+00:00
1735974000,89636.629,2025-01-04 07:00:00+00:00
1735977600,89310.387,2025-01-04 08:00:00+00:00
1735981200,88490.483,2025-01-04 09:00:00+00:00
1735984800,88201.899,2025-01-04 10:00:00+00:00
1735988400,88299.212,2025-01-04 11:00:00+00:00
1735992000,88181.301,2025-01-04 12:00:00+00:00
1735995600,87886.777,2025-01-04 13:00:00+00:00
1735999200,88202.864,2025-01-04 14:00:00+00:00
1736002800,87939.236,2025-01-04 15:00:00+00:00
1736006400,87913.409,2025-01-04 16:00:00+00:00
1736010000,87856.488,2025-01-04 17:00:00+00:00
1736013600,87676.626,2025-01-04 18:00:00+00:00
1736017200,87536.428,2025-01-04 19:00:00+00:00
1736020800,87687.916,2025-01-04 20:00:00+00:00
1736024400,87616.277,2025-01-04 21:00:00+00:00
1736028000,87502.09,2025-01-04 22:00:00+00:00
1736031600,87453.251,2025-01-04 23:00:00+00:00
1736035200,87502.205,2025-01-05 00:00:00+00:00
1736038800,87452.851,2025-01-05 01:00:00+00:00
1736042400,87439.68,2025-01-05 02:00:00+00:00
1736046000,87528.464,2025-01-05 03:00:00+00:00
1736049600,88002.791,2025-01-05 04:00:00+00:00
1736053200,88319.158,2025-01-05 05:00:00+00:00
1736056800,88357.295,2025-01-05 06:00:00+00:00
1736060400,88371.878,2025-01-05 07:00:00+00:00
1736064000,88507.502,2025-01-05 08:00:00+00:00
1736067600,88531.8,2025-01-05 09:00:00+00:00
1736071200,88649.147,2025-01-05 10:00:00+00:00
1736074800,88719.551,2025-01-05 11:00:00+00:00
1736078400,88590.193,2025-01-05 12:00:00+00:00
1736082000,88527.183,2025-01-05 13:00:00+00:00
1736085600,88498.2,2025-01-05 14:00:00+00:00
1736089200,88619.688,2025-01-05 15:00:00+00:00
1736092800,88666.54,2025-01-05 16:00:00+00:00
1736096400,88206.679,2025-01-05 17:00:00+00:00
1736100000,88165.249,2025-01-05 18:00:00+00:00
1736103600,88832.523,2025-01-05 19:00:00+00:00
1736107200,89331.063,2025-01-05 20:00:00+00:00
1736110800,89290.809,2025-01-05 21:00:00+00:00
1736114400,89783.03,2025-01-05 22:00:00+00:00
1736118000,90091.742,2025-01-05 23:00:00+00:00
1736121600,90373.112,2025-01-06 00:00:00+00:00
1736125200,90488.49,2025-01-06 01:00:00+00:00
1736128800,90729.837,2025-01-06 02:00:00+00:00
1736132400,91008.156,2025-01-06 03:00:00+00:00
1736136000,91576.278,2025-01-06 04:00:00+00:00
1736139600,92955.943,2025-01-06 05:00:00+00:00
1736143200,92824.761,2025-01-06 06:00:00+00:00
1736146800,92784.861,2025-01-06 07:00:00+00:00
1736150400,92294.724,2025-01-06 08:00:00+00:00
1736154000,91953.614,2025-01-06 09:00:00+00:00
1736157600,91268.628,2025-01-06 10:00:00+00:00
1736161200,91389.185,2025-01-06 11:00:00+00:00
1736164800,91788.178,2025-01-06 12:00:00+00:00
1736168400,91833.793,2025-01-06 13:00:00+00:00
1736172000,91102.302,2025-01-06 14:00:00+00:00
1736175600,93138.455,2025-01-06 15:00:00+00:00
1736179200,94453.483,2025-01-06 16:00:00+00:00
1736182800,93555.455,2025-01-06 17:00:00+00:00
1736186400,93858.345,2025-01-06 18:00:00+00:00
1736190000,93644.525,2025-01-06 19:00:00+00:00
1736193600,93786.821,2025-01-06 20:00:00+00:00
1736197200,93697.868,2025-01-06 21:00:00+00:00
1736200800,93749.653,2025-01-06 22:00:00+00:00
1736204400,93910.84,2025-01-06 23:00:00+00:00
1736208000,93404.097,2025-01-07 00:00:00+00:00
1736211600,93187.727,2025-01-07 01:00:00+00:00
1736215200,93237.851,2025-01-07 02:00:00+00:00
1736218800,93074.417,2025-01-07 03:00:00+00:00
1736222400,93017.911,2025-01-07 04:00:00+00:00
1736226000,93196.885,2025-01-07 05:00:00+00:00
1736229600,93161.257,2025-01-07 06:00:00+00:00
1736233200,93098.051,2025-01-07 07:00:00+00:00
1736236800,92962.71,2025-01-07 08:00:00+00:00
1736240400,92853.997,2025-01-07 09:00:00+00:00
1736244000,92508.473,2025-01-07 10:00:00+00:00
1736247600,90925.79,2025-01-07 11:00:00+00:00
1736251200,90702.71,2025-01-07 12:00:00+00:00
1736254800,90684.728,2025-01-07 13:00:00+00:00
1736258400,90735.528,2025-01-07 14:00:00+00:00
1736262000,90589.498,2025-01-07 15:00:00+00:00
1736265600,91847.304,2025-01-07 16:00:00+00:00
1736269200,90710.501,2025-01-07 17:00:00+00:00
1736272800,90909.672,2025-01-07 18:00:00+00:00
1736276400,91126.024,2025-01-07 19:00:00+00:00
1736280000,92019.567,2025-01-07 20:00:00+00:00
1736283600,91895.097,2025-01-07 21:00:00+00:00
1736287200,92020.103,2025-01-07 22:00:00+00:00
1736290800,92128.652,2025-01-07 23:00:00+00:00
1736294400,92150.011,2025-01-08 00:00:00+00:00
1736298000,92098.629,2025-01-08 01:00:00+00:00
1736301600,92015.069,2025-01-08 02:00:00+00:00
1736305200,91757.18,2025-01-08 03:00:00+00:00
1736308800,91929.993,2025-01-08 04:00:00+00:00
1736312400,91874.234,2025-01-08 05:00:00+00:00
1736316000,92449.633,2025-01-08 06:00:00+00:00
1736319600,92142.689,2025-01-08 07:00:00+00:00
1736323200,92163.711,2025-01-08 08:00:00+00:00
1736326800,92429.013,2025-01-08 09:00:00+00:00
1736330400,92441.635,2025-01-08 10:00:00+00:00
1736334000,91411.013,2025-01-08 11:00:00+00:00
1736337600,90955.184,2025-01-08 12:00:00+00:00
1736341200,90728.095,2025-01-08 13:00:00+00:00
1736344800,90615.1,2025-01-08 14:00:00+00:00
1736348400,90725.278,2025-01-08 15:00:00+00:00
1736352000,91036.361,2025-01-08 16:00:00+00:00
1736355600,91161.073,2025-01-08 17:00:00+00:00
1736359200,91011.533,2025-01-08 18:00:00+00:00
1736362800,90709.013,2025-01-08 19:00:00+00:00
1736366400,90319.719,2025-01-08 20:00:00+00:00
1736370000,90105.359,2025-01-08 21:00:00+00:00
1736373600,90652.486,2025-01-08 22:00:00+00:00
1736377200,90705.563,2025-01-08 23:00:00+00:00
1736380800,90538.962,2025-01-09 00:00:00+00:00
1736384400,90762.937,2025-01-09 01:00:00+00:00
1736388000,90498.371,2025-01-09 02:00:00+00:00
1736391600,90674.399,2025-01-09 03:00:00+00:00
1736395200,91038.026,2025-01-09 04:00:00+00:00
1736398800,91277.79,2025-01-09 05:00:00+00:00
1736402400,91329.501,2025-01-09 06:00:00+00:00
1736406000,90910.553,2025-01-09 07:00:00+00:00
1736409600,90609.096,2025-01-09 08:00:00+00:00
1736413200,90406.873,2025-01-09 09:00:00+00:00
1736416800,90468.959,2025-01-09 10:00:00+00:00
1736420400,90787.721,2025-01-09 11:00:00+00:00
1736424000,90931.898,2025-01-09 12:00:00+00:00
1736427600,90080.275,2025-01-09 13:00:00+00:00
1736431200,89594.695,2025-01-09 14:00:00+00:00
1736434800,88984.634,2025-01-09 15:00:00+00:00
1736438400,88819.713,2025-01-09 16:00:00+00:00
1736442000,88392.271,2025-01-09 17:00:00+00:00
1736445600,88334.947,2025-01-09 18:00:00+00:00
1736449200,88568.595,2025-01-09 19:00:00+00:00
1736452800,88088.418,2025-01-09 20:00:00+00:00
1736456400,87675.05,2025-01-09 21:00:00+00:00
1736460000,87303.935,2025-01-09 22:00:00+00:00
1736463600,87389.401,2025-01-09 23:00:00+00:00
1736467200,87875.526,2025-01-10 00:00:00+00:00
1736470800,88282.197,2025-01-10 01:00:00+00:00
1736474400,88246.206,2025-01-10 02:00:00+00:00
1736478000,88117.615,2025-01-10 03:00:00+00:00
1736481600,87919.241,2025-01-10 04:00:00+00:00
1736485200,87966.233,2025-01-10 05:00:00+00:00
1736488800,87947.984,2025-01-10 06:00:00+00:00
1736492400,88206.669,2025-01-10 07:00:00+00:00
1736496000,88552.456,2025-01-10 08:00:00+00:00
1736499600,89002.934,2025-01-10 09:00:00+00:00
1736503200,88899.027,2025-01-10 10:00:00+00:00
1736506800,89001.515,2025-01-10 11:00:00+00:00
1736510400,89406.38,2025-01-10 12:00:00+00:00
1736514000,88697.3,2025-01-10 13:00:00+00:00
1736517600,89416.201,2025-01-10 14:00:00+00:00
1736521200,88829.194,2025-01-10 15:00:00+00:00
1736524800,88328.965,2025-01-10 16:00:00+00:00
1736528400,89126.169,2025-01-10 17:00:00+00:00
1736532000,89176.354,2025-01-10 18:00:00+00:00
1736535600,88907.297,2025-01-10 19:00:00+00:00
1736539200,88574.646,2025-01-10 20:00:00+00:00
1736542800,88385.856,2025-01-10 21:00:00+00:00
1736546400,88294.006,2025-01-10 22:00:00+00:00
1736550000,88466.53,2025-01-10 23:00:00+00:00
1736553600,88176.202,2025-01-11 00:00:00+00:00
1736557200,88103.022,2025-01-11 01:00:00+00:00
1736560800,87977.408,2025-01-11 02:00:00+00:00
1736564400,88057.228,2025-01-11 03:00:00+00:00
1736568000,88023.466,2025-01-11 04:00:00+00:00
1736571600,87856.489,2025-01-11 05:00:00+00:00
1736575200,87990.641,2025-01-11 06:00:00+00:00
1736578800,88075.324,2025-01-11 07:00:00+00:00
1736582400,88245.718,2025-01-11 08:00:00+00:00
1736586000,88469.668,2025-01-11 09:00:00+00:00
1736589600,88488.951,2025-01-11 10:00:00+00:00
1736593200,88411.245,2025-01-11 11:00:00+00:00
1736596800,88374.445,2025-01-11 12:00:00+00:00
1736600400,88539.02,2025-01-11 13:00:00+00:00
1736604000,88395.759,2025-01-11 14:00:00+00:00
1736607600,88479.031,2025-01-11 15:00:00+00:00
1736611200,88414.933,2025-01-11 16:00:00+00:00
1736614800,87961.697,2025-01-11 17:00:00+00:00
1736618400,87913.407,2025-01-11 18:00:00+00:00
1736622000,87993.558,2025-01-11 19:00:00+00:00
1736625600,87798.16,2025-01-11 20:00:00+00:00
1736629200,87835.91,2025-01-11 21:00:00+00:00
1736632800,87740.489,2025-01-11 22:00:00+00:00
1736636400,87661.243,2025-01-11 23:00:00+00:00
1736640000,87604.176,2025-01-12 00:00:00+00:00
1736643600,87592.92,2025-01-12 01:00:00+00:00
1736647200,87701.134,2025-01-12 02:00:00+00:00
1736650800,87673.119,2025-01-12 03:00:00+00:00
1736654400,87685.802,2025-01-12 04:00:00+00:00
1736658000,87710.512,2025-01-12 05:00:00+00:00
1736661600,87716.505,2025-01-12 06:00:00+00:00
1736665200,87860.624,2025-01-12 07:00:00+00:00
1736668800,87965.104,2025-01-12 08:00:00+00:00
1736672400,88264.735,2025-01-12 09:00:00+00:00
1736676000,88491.318,2025-01-12 10:00:00+00:00
1736679600,88263.376,2025-01-12 11:00:00+00:00
1736683200,88395.943,2025-01-12 12:00:00+00:00
1736686800,88827.002,2025-01-12 13:00:00+00:00
1736690400,88631.033,2025-01-12 14:00:00+00:00
1736694000,88344.58,2025-01-12 15:00:00+00:00
1736697600,88370.718,2025-01-12 16:00:00+00:00
1736701200,88513.276,2025-01-12 17:00:00+00:00
1736704800,88564.448,2025-01-12 18:00:00+00:00
1736708400,88375.375,2025-01-12 19:00:00+00:00
1736712000,88452.629,2025-01-12 20:00:00+00:00
1736715600,88266.913,2025-01-12 21:00:00+00:00
1736719200,87618.365,2025-01-12 22:00:00+00:00
1736722800,87545.784,2025-01-12 23:00:00+00:00
1736726400,87399.885,2025-01-13 00:00:00+00:00
1736730000,87267.269,2025-01-13 01:00:00+00:00
1736733600,87691.742,2025-01-13 02:00:00+00:00
1736737200,87879.525,2025-01-13 03:00:00+00:00
1736740800,87074.83,2025-01-13 04:00:00+00:00
1736744400,87165.469,2025-01-13 05:00:00+00:00
1736748000,87445.022,2025-01-13 06:00:00+00:00
1736751600,88026.982,2025-01-13 07:00:00+00:00
1736755200,87792.188,2025-01-13 08:00:00+00:00
1736758800,88112.275,2025-01-13 09:00:00+00:00
1736762400,89790.065,2025-01-13 10:00:00+00:00
1736766000,90000.284,2025-01-13 11:00:00+00:00
1736769600,89945.441,2025-01-13 12:00:00+00:00
1736773200,90430.274,2025-01-13 13:00:00+00:00
1736776800,89502.926,2025-01-13 14:00:00+00:00
1736780400,88725.032,2025-01-13 15:00:00+00:00
1736784000,86968.323,2025-01-13 16:00:00+00:00
1736787600,86403.791,2025-01-13 17:00:00+00:00
1736791200,86074.446,2025-01-13 18:00:00+00:00
1736794800,85673.261,2025-01-13 19:00:00+00:00
1736798400,85093.774,2025-01-13 20:00:00+00:00
1736802000,84214.763,2025-01-13 21:00:00+00:00
1736805600,83659.82,2025-01-13 22:00:00+00:00
1736809200,83840.927,2025-01-13 23:00:00+00:00
1736812800,84122.834,2025-01-14 00:00:00+00:00
1736816400,84811.255,2025-01-14 01:00:00+00:00
1736820000,84789.274,2025-01-14 02:00:00+00:00
1736823600,84916.027,2025-01-14 03:00:00+00:00
1736827200,85112.407,2025-01-14 04:00:00+00:00
1736830800,85097.093,2025-01-14 05:00:00+00:00
1736834400,84975.809,2025-01-14 06:00:00+00:00
1736838000,84806.123,2025-01-14 07:00:00+00:00
1736841600,85599.85,2025-01-14 08:00:00+00:00
1736845200,85996.693,2025-01-14 09:00:00+00:00
1736848800,85630.784,2025-01-14 10:00:00+00:00
1736852400,85341.719,2025-01-14 11:00:00+00:00
1736856000,85758.861,2025-01-14 12:00:00+00:00
1736859600,85400.527,2025-01-14 13:00:00+00:00
1736863200,85019.54,2025-01-14 14:00:00+00:00
1736866800,85293.149,2025-01-14 15:00:00+00:00
1736870400,84651.07,2025-01-14 16:00:00+00:00
1736874000,84114.544,2025-01-14 17:00:00+00:00
1736877600,84292.515,2025-01-14 18:00:00+00:00
1736881200,84664.424,2025-01-14 19:00:00+00:00
1736884800,84644.074,2025-01-14 20:00:00+00:00
1736888400,84465.017,2025-01-14 21:00:00+00:00
1736892000,84414.442,2025-01-14 22:00:00+00:00
1736895600,84488.805,2025-01-14 23:00:00+00:00
1736899200,85097.703,2025-01-15 00:00:00+00:00
1736902800,85735.302,2025-01-15 01:00:00+00:00
1736906400,86249.843,2025-01-15 02:00:00+00:00
1736910000,86300.792,2025-01-15 03:00:00+00:00
1736913600,86570.114,2025-01-15 04:00:00+00:00
1736917200,85773.447,2025-01-15 05:00:00+00:00
1736920800,85786.661,2025-01-15 06:00:00+00:00
1736924400,86122.461,2025-01-15 07:00:00+00:00
1736928000,86500.982,2025-01-15 08:00:00+00:00
1736931600,85835.851,2025-01-15 09:00:00+00:00
1736935200,85727.731,2025-01-15 10:00:00+00:00
1736938800,85630.937,2025-01-15 11:00:00+00:00
1736942400,85490.478,2025-01-15 12:00:00+00:00
1736946000,86352.169,2025-01-15 13:00:00+00:00
1736949600,86524.236,2025-01-15 14:00:00+00:00
1736953200,87440.932,2025-01-15 15:00:00+00:00
1736956800,87018.35,2025-01-15 16:00:00+00:00
1736960400,86659.115,2025-01-15 17:00:00+00:00
1736964000,86299.65,2025-01-15 18:00:00+00:00
1736967600,86921.17,2025-01-15 19:00:00+00:00
1736971200,86703.703,2025-01-15 20:00:00+00:00
1736974800,86862.324,2025-01-15 21:00:00+00:00
1736978400,86717.979,2025-01-15 22:00:00+00:00
1736982000,86633.834,2025-01-15 23:00:00+00:00
1736985600,86538.172,2025-01-16 00:00:00+00:00
1736989200,86561.825,2025-01-16 01:00:00+00:00
1736992800,86485.06,2025-01-16 02:00:00+00:00
1736996400,86232.657,2025-01-16 03:00:00+00:00
1737000000,86261.675,2025-01-16 04:00:00+00:00
1737003600,86304.032,2025-01-16 05:00:00+00:00
1737007200,86855.503,2025-01-16 06:00:00+00:00
1737010800,86732.684,2025-01-16 07:00:00+00:00
1737014400,85855.274,2025-01-16 08:00:00+00:00
1737018000,85896.221,2025-01-16 09:00:00+00:00
1737021600,85777.366,2025-01-16 10:00:00+00:00
1737025200,85739.303,2025-01-16 11:00:00+00:00
1737028800,85640.632,2025-01-16 12:00:00+00:00
1737032400,85696.402,2025-01-16 13:00:00+00:00
1737036000,85965.225,2025-01-16 14:00:00+00:00
1737039600,84992.295,2025-01-16 15:00:00+00:00
1737043200,85442.763,2025-01-16 16:00:00+00:00
1737046800,85724.113,2025-01-16 17:00:00+00:00
1737050400,85553.297,2025-01-16 18:00:00+00:00
1737054000,86878.031,2025-01-16 19:00:00+00:00
1737057600,86800.569,2025-01-16 20:00:00+00:00
1737061200,86271.06,2025-01-16 21:00:00+00:00
1737064800,85832.231,2025-01-16 22:00:00+00:00
1737068400,86229.683,2025-01-16 23:00:00+00:00
1737072000,86368.816,2025-01-17 00:00:00+00:00
1737075600,87225.919,2025-01-17 01:00:00+00:00
1737079200,85978.82,2025-01-17 02:00:00+00:00
1737082800,85935.999,2025-01-17 03:00:00+00:00
1737086400,86210.881,2025-01-17 04:00:00+00:00
1737090000,86285.869,2025-01-17 05:00:00+00:00
1737093600,86469.731,2025-01-17 06:00:00+00:00
1737097200,86511.138,2025-01-17 07:00:00+00:00
1737100800,87820.31,2025-01-17 08:00:00+00:00
1737104400,87862.694,2025-01-17 09:00:00+00:00
1737108000,88227.554,2025-01-17 10:00:00+00:00
1737111600,88378.576,2025-01-17 11:00:00+00:00
1737115200,89018.593,2025-01-17 12:00:00+00:00
1737118800,88808.109,2025-01-17 13:00:00+00:00
1737122400,89553.23,2025-01-17 14:00:00+00:00
1737126000,90698.319,2025-01-17 15:00:00+00:00
1737129600,91390.406,2025-01-17 16:00:00+00:00
1737133200,90992.16,2025-01-17 17:00:00+00:00
1737136800,91175.534,2025-01-17 18:00:00+00:00
1737140400,91223.856,2025-01-17 19:00:00+00:00
1737144000,90934.447,2025-01-17 20:00:00+00:00
1737147600,90941.897,2025-01-17 21:00:00+00:00
1737151200,90525.488,2025-01-17 22:00:00+00:00
1737154800,90555.312,2025-01-17 23:00:00+00:00
1737158400,90546.13,2025-01-18 00:00:00+00:00
1737162000,90513.397,2025-01-18 01:00:00+00:00
1737165600,90487.595,2025-01-18 02:00:00+00:00
1737169200,90160.083,2025-01-18 03:00:00+00:00
1737172800,89216.24,2025-01-18 04:00:00+00:00
1737176400,88627.943,2025-01-18 05:00:00+00:00
1737180000,89750.535,2025-01-18 06:00:00+00:00
1737183600,89657.182,2025-01-18 07:00:00+00:00
1737187200,89925.725,2025-01-18 08:00:00+00:00
1737190800,89861.344,2025-01-18 09:00:00+00:00
1737194400,89699.949,2025-01-18 10:00:00+00:00
1737198000,89785.366,2025-01-18 11:00:00+00:00
1737201600,89829.846,2025-01-18 12:00:00+00:00
1737205200,89720.849,2025-01-18 13:00:00+00:00
1737208800,89444.738,2025-01-18 14:00:00+00:00
1737212400,89338.602,2025-01-18 15:00:00+00:00
1737216000,88334.279,2025-01-18 16:00:00+00:00
1737219600,88256.94,2025-01-18 17:00:00+00:00
1737223200,88292.624,2025-01-18 18:00:00+00:00
1737226800,87988.381,2025-01-18 19:00:00+00:00
1737230400,87681.149,2025-01-18 20:00:00+00:00
1737234000,87572.163,2025-01-18 21:00:00+00:00
1737237600,87549.718,2025-01-18 22:00:00+00:00
1737241200,87809.624,2025-01-18 23:00:00+00:00
1737244800,87935.932,2025-01-19 00:00:00+00:00
1737248400,88221.889,2025-01-19 01:00:00+00:00
1737252000,88323.531,2025-01-19 02:00:00+00:00
1737255600,88376.427,2025-01-19 03:00:00+00:00
1737259200,87987.123,2025-01-19 04:00:00+00:00
1737262800,87658.019,2025-01-19 05:00:00+00:00
1737266400,88808.307,2025-01-19 06:00:00+00:00
1737270000,89408.399,2025-01-19 07:00:00+00:00
1737273600,90169.586,2025-01-19 08:00:00+00:00
1737277200,90202.342,2025-01-19 09:00:00+00:00
1737280800,89191.341,2025-01-19 10:00:00+00:00
1737284400,88944.295,2025-01-19 11:00:00+00:00
1737288000,88745.051,2025-01-19 12:00:00+00:00
1737291600,89433.079,2025-01-19 13:00:00+00:00
1737295200,88375.314,2025-01-19 14:00:00+00:00
1737298800,88292.876,2025-01-19 15:00:00+00:00
1737302400,88455.616,2025-01-19 16:00:00+00:00
1737306000,88010.598,2025-01-19 17:00:00+00:00
1737309600,88149.362,2025-01-19 18:00:00+00:00
1737313200,88216.194,2025-01-19 19:00:00+00:00
1737316800,87940.301,2025-01-19 20:00:00+00:00
1737320400,87115.808,2025-01-19 21:00:00+00:00
1737324000,86445.107,2025-01-19 22:00:00+00:00
1737327600,84137.653,2025-01-19 23:00:00+00:00
1737331200,83973.823,2025-01-20 00:00:00+00:00
1737334800,83239.858,2025-01-20 01:00:00+00:00
1737338400,84736.022,2025-01-20 02:00:00+00:00
1737342000,84627.188,2025-01-20 03:00:00+00:00
1737345600,84765.523,2025-01-20 04:00:00+00:00
1737349200,84838.197,2025-01-20 05:00:00+00:00
1737352800,85094.57,2025-01-20 06:00:00+00:00
1737356400,86967.206,2025-01-20 07:00:00+00:00
1737360000,87560.2,2025-01-20 08:00:00+00:00
1737363600,87722.948,2025-01-20 09:00:00+00:00
1737367200,88008.709,2025-01-20 10:00:00+00:00
1737370800,88097.863,2025-01-20 11:00:00+00:00
1737374400,87696.375,2025-01-20 12:00:00+00:00
1737378000,87303.995,2025-01-20 13:00:00+00:00
1737381600,87368.012,2025-01-20 14:00:00+00:00
1737385200,88437.704,2025-01-20 15:00:00+00:00
1737388800,88313.879,2025-01-20 16:00:00+00:00
1737392400,85746.652,2025-01-20 17:00:00+00:00
1737396000,85089.992,2025-01-20 18:00:00+00:00
1737399600,84680.977,2025-01-20 19:00:00+00:00
1737403200,84526.905,2025-01-20 20:00:00+00:00
1737406800,84305.131,2025-01-20 21:00:00+00:00
1737410400,83914.021,2025-01-20 22:00:00+00:00
1737414000,84058.659,2025-01-20 23:00:00+00:00
1737417600,84328.456,2025-01-21 00:00:00+00:00
1737421200,84954.025,2025-01-21 01:00:00+00:00
1737424800,86174.891,2025-01-21 02:00:00+00:00
1737428400,86387.641,2025-01-21 03:00:00+00:00
1737432000,86547.502,2025-01-21 04:00:00+00:00
1737435600,86790.867,2025-01-21 05:00:00+00:00
1737439200,86968.493,2025-01-21 06:00:00+00:00
1737442800,86754.701,2025-01-21 07:00:00+00:00
1737446400,87011.842,2025-01-21 08:00:00+00:00
1737450000,86668.791,2025-01-21 09:00:00+00:00
1737453600,87000.022,2025-01-21 10:00:00+00:00
1737457200,86403.96,2025-01-21 11:00:00+00:00
1737460800,85789.75,2025-01-21 12:00:00+00:00
1737464400,85350.128,2025-01-21 13:00:00+00:00
1737468000,85965.04,2025-01-21 14:00:00+00:00
1737471600,86046.187,2025-01-21 15:00:00+00:00
1737475200,85047.361,2025-01-21 16:00:00+00:00
1737478800,85617.569,2025-01-21 17:00:00+00:00
1737482400,86692.585,2025-01-21 18:00:00+00:00
1737486000,86660.577,2025-01-21 19:00:00+00:00
1737489600,86275.178,2025-01-21 20:00:00+00:00
1737493200,85888.914,2025-01-21 21:00:00+00:00
1737496800,85965.889,2025-01-21 22:00:00+00:00
1737500400,86594.988,2025-01-21 23:00:00+00:00
1737504000,86405.322,2025-01-22 00:00:00+00:00
1737507600,86140.634,2025-01-22 01:00:00+00:00
1737511200,85865.067,2025-01-22 02:00:00+00:00
1737514800,86002.607,2025-01-22 03:00:00+00:00
1737518400,85919.389,2025-01-22 04:00:00+00:00
1737522000,85765.0,2025-01-22 05:00:00+00:00
1737525600,85834.358,2025-01-22 06:00:00+00:00
1737529200,85904.169,2025-01-22 07:00:00+00:00
1737532800,86240.649,2025-01-22 08:00:00+00:00
1737536400,86398.214,2025-01-22 09:00:00+00:00
1737540000,86428.976,2025-01-22 10:00:00+00:00
1737543600,86189.224,2025-01-22 11:00:00+00:00
1737547200,86222.714,2025-01-22 12:00:00+00:00
1737550800,85940.702,2025-01-22 13:00:00+00:00
1737554400,85686.285,2025-01-22 14:00:00+00:00
1737558000,85415.539,2025-01-22 15:00:00+00:00
1737561600,85797.297,2025-01-22 16:00:00+00:00
1737565200,85537.932,2025-01-22 17:00:00+00:00
1737568800,85447.491,2025-01-22 18:00:00+00:00
1737572400,85224.202,2025-01-22 19:00:00+00:00
1737576000,84376.887,2025-01-22 20:00:00+00:00
1737579600,83986.647,2025-01-22 21:00:00+00:00
1737583200,83852.207,2025-01-22 22:00:00+00:00
1737586800,83831.542,2025-01-22 23:00:00+00:00
1737590400,83909.781,2025-01-23 00:00:00+00:00
1737594000,83898.786,2025-01-23 01:00:00+00:00
1737597600,84127.732,2025-01-23 02:00:00+00:00
1737601200,83885.88,2025-01-23 03:00:00+00:00
1737604800,84324.828,2025-01-23 04:00:00+00:00
1737608400,84963.629,2025-01-23 05:00:00+00:00
1737612000,85236.211,2025-01-23 06:00:00+00:00
1737615600,85227.117,2025-01-23 07:00:00+00:00
1737619200,85524.762,2025-01-23 08:00:00+00:00
1737622800,85609.476,2025-01-23 09:00:00+00:00
1737626400,85627.441,2025-01-23 10:00:00+00:00
1737630000,85595.046,2025-01-23 11:00:00+00:00
1737633600,85270.898,2025-01-23 12:00:00+00:00
1737637200,85621.11,2025-01-23 13:00:00+00:00
1737640800,85852.87,2025-01-23 14:00:00+00:00
1737644400,84152.255,2025-01-23 15:00:00+00:00
1737648000,83266.861,2025-01-23 16:00:00+00:00
1737651600,83195.251,2025-01-23 17:00:00+00:00
1737655200,83989.401,2025-01-23 18:00:00+00:00
1737658800,83366.525,2025-01-23 19:00:00+00:00
1737662400,81573.339,2025-01-23 20:00:00+00:00
1737666000,81716.704,2025-01-23 21:00:00+00:00
1737669600,80576.5,2025-01-23 22:00:00+00:00
1737673200,80451.537,2025-01-23 23:00:00+00:00
1737676800,80460.303,2025-01-24 00:00:00+00:00
1737680400,80271.282,2025-01-24 01:00:00+00:00
1737684000,80219.638,2025-01-24 02:00:00+00:00
1737687600,81228.821,2025-01-24 03:00:00+00:00
1737691200,80877.582,2025-01-24 04:00:00+00:00
1737694800,80935.042,2025-01-24 05:00:00+00:00
1737698400,81017.538,2025-01-24 06:00:00+00:00
1737702000,81226.003,2025-01-24 07:00:00+00:00
1737705600,81338.547,2025-01-24 08:00:00+00:00
1737709200,81571.908,2025-01-24 09:00:00+00:00
1737712800,81270.926,2025-01-24 10:00:00+00:00
1737716400,81502.816,2025-01-24 11:00:00+00:00
1737720000,81909.464,2025-01-24 12:00:00+00:00
1737723600,81964.949,2025-01-24 13:00:00+00:00
1737727200,82863.013,2025-01-24 14:00:00+00:00
1737730800,83185.33,2025-01-24 15:00:00+00:00
1737734400,83326.642,2025-01-24 16:00:00+00:00
1737738000,83590.254,2025-01-24 17:00:00+00:00
1737741600,83319.941,2025-01-24 18:00:00+00:00
1737745200,83150.819,2025-01-24 19:00:00+00:00
1737748800,82713.243,2025-01-24 20:00:00+00:00
1737752400,82450.841,2025-01-24 21:00:00+00:00
1737756000,82314.145,2025-01-24 22:00:00+00:00
1737759600,82341.398,2025-01-24 23:00:00+00:00
1737763200,81953.868,2025-01-25 00:00:00+00:00
1737766800,81591.842,2025-01-25 01:00:00+00:00
1737770400,81260.277,2025-01-25 02:00:00+00:00
1737774000,81324.53,2025-01-25 03:00:00+00:00
1737777600,81195.153,2025-01-25 04:00:00+00:00
1737781200,81168.841,2025-01-25 05:00:00+00:00
1737784800,81069.677,2025-01-25 06:00:00+00:00
1737788400,81089.64,2025-01-25 07:00:00+00:00
1737792000,81178.047,2025-01-25 08:00:00+00:00
1737795600,81244.175,2025-01-25 09:00:00+00:00
1737799200,81097.104,2025-01-25 10:00:00+00:00
1737802800,81486.921,2025-01-25 11:00:00+00:00
1737806400,81435.712,2025-01-25 12:00:00+00:00
1737810000,81396.719,2025-01-25 13:00:00+00:00
1737813600,81363.103,2025-01-25 14:00:00+00:00
1737817200,81042.829,2025-01-25 15:00:00+00:00
1737820800,81035.836,2025-01-25 16:00:00+00:00
1737824400,81316.45,2025-01-25 17:00:00+00:00
1737828000,81253.351,2025-01-25 18:00:00+00:00
1737831600,81396.291,2025-01-25 19:00:00+00:00
1737835200,81505.645,2025-01-25 20:00:00+00:00
1737838800,81350.303,2025-01-25 21:00:00+00:00
1737842400,81399.68,2025-01-25 22:00:00+00:00
1737846000,81552.446,2025-01-25 23:00:00+00:00
1737849600,81685.459,2025-01-26 00:00:00+00:00
1737853200,81479.396,2025-01-26 01:00:00+00:00
1737856800,81498.748,2025-01-26 02:00:00+00:00
1737860400,82273.845,2025-01-26 03:00:00+00:00
1737864000,82707.819,2025-01-26 04:00:00+00:00
1737867600,82812.083,2025-01-26 05:00:00+00:00
1737871200,82847.627,2025-01-26 06:00:00+00:00
1737874800,82858.772,2025-01-26 07:00:00+00:00
1737878400,82973.937,2025-01-26 08:00:00+00:00
1737882000,82166.367,2025-01-26 09:00:00+00:00
1737885600,82127.332,2025-01-26 10:00:00+00:00
1737889200,82191.302,2025-01-26 11:00:00+00:00
1737892800,82034.25,2025-01-26 12:00:00+00:00
1737896400,81865.607,2025-01-26 13:00:00+00:00
1737900000,81822.311,2025-01-26 14:00:00+00:00
1737903600,81840.633,2025-01-26 15:00:00+00:00
1737907200,81893.856,2025-01-26 16:00:00+00:00
1737910800,81933.384,2025-01-26 17:00:00+00:00
1737914400,82080.113,2025-01-26 18:00:00+00:00
1737918000,82088.982,2025-01-26 19:00:00+00:00
1737921600,81956.135,2025-01-26 20:00:00+00:00
1737925200,81729.336,2025-01-26 21:00:00+00:00
1737928800,81759.076,2025-01-26 22:00:00+00:00
1737932400,81643.976,2025-01-26 23:00:00+00:00
1737936000,84083.741,2025-01-27 00:00:00+00:00
1737939600,84235.868,2025-01-27 01:00:00+00:00
1737943200,84938.026,2025-01-27 02:00:00+00:00
1737946800,85425.044,2025-01-27 03:00:00+00:00
1737950400,85714.31,2025-01-27 04:00:00+00:00
1737954000,86118.236,2025-01-27 05:00:00+00:00
1737957600,86452.192,2025-01-27 06:00:00+00:00
1737961200,86061.709,2025-01-27 07:00:00+00:00
1737964800,86376.558,2025-01-27 08:00:00+00:00
1737968400,86475.075,2025-01-27 09:00:00+00:00
1737972000,86455.861,2025-01-27 10:00:00+00:00
1737975600,87027.898,2025-01-27 11:00:00+00:00
1737979200,85894.332,2025-01-27 12:00:00+00:00
1737982800,84898.88,2025-01-27 13:00:00+00:00
1737986400,84845.088,2025-01-27 14:00:00+00:00
1737990000,84565.652,2025-01-27 15:00:00+00:00
1737993600,85020.264,2025-01-27 16:00:00+00:00
1737997200,85347.824,2025-01-27 17:00:00+00:00
1738000800,85305.661,2025-01-27 18:00:00+00:00
1738004400,85185.229,2025-01-27 19:00:00+00:00
1738008000,84288.959,2025-01-27 20:00:00+00:00
1738011600,84480.79,2025-01-27 21:00:00+00:00
1738015200,84274.434,2025-01-27 22:00:00+00:00
1738018800,84003.451,2025-01-27 23:00:00+00:00
1738022400,83378.995,2025-01-28 00:00:00+00:00
1738026000,83043.599,2025-01-28 01:00:00+00:00
1738029600,82473.289,2025-01-28 02:00:00+00:00
1738033200,82399.937,2025-01-28 03:00:00+00:00
1738036800,82053.356,2025-01-28 04:00:00+00:00
1738040400,82052.329,2025-01-28 05:00:00+00:00
1738044000,82125.143,2025-01-28 06:00:00+00:00
1738047600,81661.673,2025-01-28 07:00:00+00:00
1738051200,81467.3,2025-01-28 08:00:00+00:00
1738054800,81148.647,2025-01-28 09:00:00+00:00
1738058400,81199.631,2025-01-28 10:00:00+00:00
1738062000,81187.904,2025-01-28 11:00:00+00:00
1738065600,81319.443,2025-01-28 12:00:00+00:00
1738069200,81363.222,2025-01-28 13:00:00+00:00
1738072800,81855.072,2025-01-28 14:00:00+00:00
1738076400,81777.424,2025-01-28 15:00:00+00:00
1738080000,82174.448,2025-01-28 16:00:00+00:00
1738083600,81759.885,2025-01-28 17:00:00+00:00
1738087200,81049.271,2025-01-28 18:00:00+00:00
1738090800,80920.591,2025-01-28 19:00:00+00:00
1738094400,80705.94,2025-01-28 20:00:00+00:00
1738098000,81018.511,2025-01-28 21:00:00+00:00
1738101600,80362.645,2025-01-28 22:00:00+00:00
1738105200,80330.102,2025-01-28 23:00:00+00:00
1738108800,80302.063,2025-01-29 00:00:00+00:00
1738112400,80538.05,2025-01-29 01:00:00+00:00
1738116000,80272.435,2025-01-29 02:00:00+00:00
1738119600,80404.422,2025-01-29 03:00:00+00:00
1738123200,80518.815,2025-01-29 04:00:00+00:00
1738126800,80424.576,2025-01-29 05:00:00+00:00
1738130400,80552.65,2025-01-29 06:00:00+00:00
1738134000,81135.268,2025-01-29 07:00:00+00:00
1738137600,81821.08,2025-01-29 08:00:00+00:00
1738141200,81790.154,2025-01-29 09:00:00+00:00
1738144800,81747.514,2025-01-29 10:00:00+00:00
1738148400,81699.306,2025-01-29 11:00:00+00:00
1738152000,81131.106,2025-01-29 12:00:00+00:00
1738155600,81417.857,2025-01-29 13:00:00+00:00
1738159200,81433.471,2025-01-29 14:00:00+00:00
1738162800,81559.259,2025-01-29 15:00:00+00:00
1738166400,81466.746,2025-01-29 16:00:00+00:00
1738170000,81616.702,2025-01-29 17:00:00+00:00
1738173600,81286.151,2025-01-29 18:00:00+00:00
1738177200,80770.19,2025-01-29 19:00:00+00:00
1738180800,81332.095,2025-01-29 20:00:00+00:00
1738184400,81130.454,2025-01-29 21:00:00+00:00
1738188000,81084.365,2025-01-29 22:00:00+00:00
1738191600,81401.591,2025-01-29 23:00:00+00:00
1738195200,81246.485,2025-01-30 00:00:00+00:00
1738198800,81705.918,2025-01-30 01:00:00+00:00
1738202400,81922.496,2025-01-30 02:00:00+00:00
1738206000,82205.209,2025-01-30 03:00:00+00:00
1738209600,82502.562,2025-01-30 04:00:00+00:00
1738213200,83671.261,2025-01-30 05:00:00+00:00
1738216800,84415.479,2025-01-30 06:00:00+00:00
1738220400,84141.397,2025-01-30 07:00:00+00:00
1738224000,84485.616,2025-01-30 08:00:00+00:00
1738227600,85006.921,2025-01-30 09:00:00+00:00
1738231200,85249.44,2025-01-30 10:00:00+00:00
1738234800,85328.502,2025-01-30 11:00:00+00:00
1738238400,85146.159,2025-01-30 12:00:00+00:00
1738242000,85090.458,2025-01-30 13:00:00+00:00
1738245600,84001.764,2025-01-30 14:00:00+00:00
1738249200,83451.49,2025-01-30 15:00:00+00:00
1738252800,83625.842,2025-01-30 16:00:00+00:00
1738256400,83323.667,2025-01-30 17:00:00+00:00
1738260000,83533.11,2025-01-30 18:00:00+00:00
1738263600,83503.331,2025-01-30 19:00:00+00:00
1738267200,83033.912,2025-01-30 20:00:00+00:00
1738270800,82864.795,2025-01-30 21:00:00+00:00
1738274400,82688.289,2025-01-30 22:00:00+00:00
1738278000,82972.844,2025-01-30 23:00:00+00:00
1738281600,82881.197,2025-01-31 00:00:00+00:00
1738285200,82680.076,2025-01-31 01:00:00+00:00
1738288800,82506.175,2025-01-31 02:00:00+00:00
1738292400,81690.975,2025-01-31 03:00:00+00:00
1738296000,81701.073,2025-01-31 04:00:00+00:00
1738299600,81921.342,2025-01-31 05:00:00+00:00
1738303200,81788.883,2025-01-31 06:00:00+00:00
1738306800,81906.826,2025-01-31 07:00:00+00:00
1738310400,81976.426,2025-01-31 08:00:00+00:00
1738314000,82192.173,2025-01-31 09:00:00+00:00
1738317600,82250.891,2025-01-31 10:00:00+00:00
1738321200,81892.077,2025-01-31 11:00:00+00:00
1738324800,81761.97,2025-01-31 12:00:00+00:00
1738328400,81741.524,2025-01-31 13:00:00+00:00
1738332000,81885.193,2025-01-31 14:00:00+00:00
1738335600,83297.599,2025-01-31 15:00:00+00:00
1738339200,82982.374,2025-01-31 16:00:00+00:00
1738342800,82593.294,2025-01-31 17:00:00+00:00
1738346400,83479.421,2025-01-31 18:00:00+00:00
1738350000,83651.333,2025-01-31 19:00:00+00:00
1738353600,83442.515,2025-01-31 20:00:00+00:00
1738357200,83447.858,2025-01-31 21:00:00+00:00
1738360800,83398.883,2025-01-31 22:00:00+00:00
1738364400,83383.564,2025-01-31 23:00:00+00:00
1738368000,83156.667,2025-02-01 00:00:00+00:00
1738371600,83110.225,2025-02-01 01:00:00+00:00
1738375200,83136.169,2025-02-01 02:00:00+00:00
1738378800,82978.584,2025-02-01 03:00:00+00:00
1738382400,82908.945,2025-02-01 04:00:00+00:00
1738386000,82913.411,2025-02-01 05:00:00+00:00
1738389600,82895.184,2025-02-01 06:00:00+00:00
1738393200,82916.501,2025-02-01 07:00:00+00:00
1738396800,82828.471,2025-02-01 08:00:00+00:00
1738400400,83428.901,2025-02-01 09:00:00+00:00
1738404000,83334.538,2025-02-01 10:00:00+00:00
1738407600,83279.936,2025-02-01 11:00:00+00:00
1738411200,83312.724,2025-02-01 12:00:00+00:00
1738414800,83142.342,2025-02-01 13:00:00+00:00
1738418400,83225.503,2025-02-01 14:00:00+00:00
1738422000,83098.416,2025-02-01 15:00:00+00:00
1738425600,83128.296,2025-02-01 16:00:00+00:00
1738429200,82948.986,2025-02-01 17:00:00+00:00
1738432800,82773.504,2025-02-01 18:00:00+00:00
1738436400,83677.594,2025-02-01 19:00:00+00:00
1738440000,83682.961,2025-02-01 20:00:00+00:00
1738443600,83800.842,2025-02-01 21:00:00+00:00
1738447200,83965.033,2025-02-01 22:00:00+00:00
1738450800,84241.901,2025-02-01 23:00:00+00:00
1738454400,84018.778,2025-02-02 00:00:00+00:00
1738458000,83910.568,2025-02-02 01:00:00+00:00
1738461600,84137.693,2025-02-02 02:00:00+00:00
1738465200,84478.188,2025-02-02 03:00:00+00:00
1738468800,84522.616,2025-02-02 04:00:00+00:00
1738472400,84546.663,2025-02-02 05:00:00+00:00
1738476000,84570.746,2025-02-02 06:00:00+00:00
1738479600,84419.682,2025-02-02 07:00:00+00:00
1738483200,84404.007,2025-02-02 08:00:00+00:00
1738486800,84084.572,2025-02-02 09:00:00+00:00
1738490400,83800.19,2025-02-02 10:00:00+00:00
1738494000,84354.849,2025-02-02 11:00:00+00:00
1738497600,84892.629,2025-02-02 12:00:00+00:00
1738501200,84406.92,2025-02-02 13:00:00+00:00
1738504800,84125.784,2025-02-02 14:00:00+00:00
1738508400,84291.866,2025-02-02 15:00:00+00:00
1738512000,84568.642,2025-02-02 16:00:00+00:00
1738515600,84295.869,2025-02-02 17:00:00+00:00
1738519200,83403.536,2025-02-02 18:00:00+00:00
1738522800,83822.785,2025-02-02 19:00:00+00:00
1738526400,84013.35,2025-02-02 20:00:00+00:00
1738530000,83353.114,2025-02-02 21:00:00+00:00
1738533600,82902.497,2025-02-02 22:00:00+00:00
1738537200,83569.331,2025-02-02 23:00:00+00:00
1738540800,83363.111,2025-02-03 00:00:00+00:00
1738544400,80674.509,2025-02-03 01:00:00+00:00
1738548000,79680.27,2025-02-03 02:00:00+00:00
1738551600,78496.756,2025-02-03 03:00:00+00:00
1738555200,78504.345,2025-02-03 04:00:00+00:00
1738558800,78831.918,2025-02-03 05:00:00+00:00
1738562400,78905.191,2025-02-03 06:00:00+00:00
1738566000,78591.243,2025-02-03 07:00:00+00:00
1738569600,78618.418,2025-02-03 08:00:00+00:00
1738573200,79223.678,2025-02-03 09:00:00+00:00
1738576800,78390.356,2025-02-03 10:00:00+00:00
1738580400,78729.182,2025-02-03 11:00:00+00:00
1738584000,78909.868,2025-02-03 12:00:00+00:00
1738587600,78793.118,2025-02-03 13:00:00+00:00
1738591200,78729.643,2025-02-03 14:00:00+00:00
1738594800,80257.997,2025-02-03 15:00:00+00:00
1738598400,80895.978,2025-02-03 16:00:00+00:00
1738602000,80344.038,2025-02-03 17:00:00+00:00
1738605600,80771.682,2025-02-03 18:00:00+00:00
1738609200,79387.444,2025-02-03 19:00:00+00:00
1738612800,78955.779,2025-02-03 20:00:00+00:00
1738616400,78499.953,2025-02-03 21:00:00+00:00
1738620000,78186.952,2025-02-03 22:00:00+00:00
1738623600,78320.273,2025-02-03 23:00:00+00:00
1738627200,78709.739,2025-02-04 00:00:00+00:00
1738630800,78997.101,2025-02-04 01:00:00+00:00
1738634400,78943.972,2025-02-04 02:00:00+00:00
1738638000,79604.1,2025-02-04 03:00:00+00:00
1738641600,79175.098,2025-02-04 04:00:00+00:00
1738645200,77337.08,2025-02-04 05:00:00+00:00
1738648800,77012.185,2025-02-04 06:00:00+00:00
1738652400,77556.075,2025-02-04 07:00:00+00:00
1738656000,77931.661,2025-02-04 08:00:00+00:00
1738659600,78006.246,2025-02-04 09:00:00+00:00
1738663200,78071.665,2025-02-04 10:00:00+00:00
1738666800,77866.458,2025-02-04 11:00:00+00:00
1738670400,78044.8,2025-02-04 12:00:00+00:00
1738674000,78153.549,2025-02-04 13:00:00+00:00
1738677600,78041.466,2025-02-04 14:00:00+00:00
1738681200,77122.365,2025-02-04 15:00:00+00:00
1738684800,77250.499,2025-02-04 16:00:00+00:00
1738688400,76877.25,2025-02-04 17:00:00+00:00
1738692000,77039.406,2025-02-04 18:00:00+00:00
1738695600,76927.065,2025-02-04 19:00:00+00:00
1738699200,76701.322,2025-02-04 20:00:00+00:00
1738702800,76324.852,2025-02-04 21:00:00+00:00
1738706400,75291.177,2025-02-04 22:00:00+00:00
1738710000,74870.861,2025-02-04 23:00:00+00:00
1738713600,74861.106,2025-02-05 00:00:00+00:00
1738717200,75030.742,2025-02-05 01:00:00+00:00
1738720800,76130.336,2025-02-05 02:00:00+00:00
1738724400,76155.006,2025-02-05 03:00:00+00:00
1738728000,76261.188,2025-02-05 04:00:00+00:00
1738731600,76458.366,2025-02-05 05:00:00+00:00
1738735200,76492.092,2025-02-05 06:00:00+00:00
1738738800,76318.447,2025-02-05 07:00:00+00:00
1738742400,76322.449,2025-02-05 08:00:00+00:00
1738746000,76197.263,2025-02-05 09:00:00+00:00
1738749600,76183.631,2025-02-05 10:00:00+00:00
1738753200,76560.381,2025-02-05 11:00:00+00:00
1738756800,76856.577,2025-02-05 12:00:00+00:00
1738760400,77342.279,2025-02-05 13:00:00+00:00
1738764000,77598.21,2025-02-05 14:00:00+00:00
1738767600,77021.609,2025-02-05 15:00:00+00:00
1738771200,76372.774,2025-02-05 16:00:00+00:00
1738774800,76427.871,2025-02-05 17:00:00+00:00
1738778400,76295.887,2025-02-05 18:00:00+00:00
1738782000,76150.903,2025-02-05 19:00:00+00:00
1738785600,76022.346,2025-02-05 20:00:00+00:00
1738789200,75699.205,2025-02-05 21:00:00+00:00
1738792800,75995.679,2025-02-05 22:00:00+00:00
1738796400,76435.87,2025-02-05 23:00:00+00:00
1738800000,76332.417,2025-02-06 00:00:00+00:00
1738803600,76200.385,2025-02-06 01:00:00+00:00
1738807200,76154.295,2025-02-06 02:00:00+00:00
1738810800,76102.919,2025-02-06 03:00:00+00:00
1738814400,76035.529,2025-02-06 04:00:00+00:00
1738818000,76000.998,2025-02-06 05:00:00+00:00
1738821600,75997.877,2025-02-06 06:00:00+00:00
1738825200,76310.613,2025-02-06 07:00:00+00:00
1738828800,76287.094,2025-02-06 08:00:00+00:00
1738832400,76984.061,2025-02-06 09:00:00+00:00
1738836000,76959.039,2025-02-06 10:00:00+00:00
1738839600,76978.867,2025-02-06 11:00:00+00:00
1738843200,76521.869,2025-02-06 12:00:00+00:00
1738846800,76754.253,2025-02-06 13:00:00+00:00
1738850400,76359.714,2025-02-06 14:00:00+00:00
1738854000,76098.997,2025-02-06 15:00:00+00:00
1738857600,75616.793,2025-02-06 16:00:00+00:00
1738861200,75122.811,2025-02-06 17:00:00+00:00
1738864800,75477.598,2025-02-06 18:00:00+00:00
1738868400,75500.59,2025-02-06 19:00:00+00:00
1738872000,75587.536,2025-02-06 20:00:00+00:00
1738875600,75434.926,2025-02-06 21:00:00+00:00
1738879200,75133.206,2025-02-06 22:00:00+00:00
1738882800,75205.92,2025-02-06 23:00:00+00:00
1738886400,75345.198,2025-02-07 00:00:00+00:00
1738890000,75203.192,2025-02-07 01:00:00+00:00
1738893600,75438.613,2025-02-07 02:00:00+00:00
1738897200,75571.295,2025-02-07 03:00:00+00:00
1738900800,75635.081,2025-02-07 04:00:00+00:00
1738904400,75621.202,2025-02-07 05:00:00+00:00
1738908000,75722.807,2025-02-07 06:00:00+00:00
1738911600,75650.876,2025-02-07 07:00:00+00:00
1738915200,75428.554,2025-02-07 08:00:00+00:00
1738918800,75326.358,2025-02-07 09:00:00+00:00
1738922400,75345.64,2025-02-07 10:00:00+00:00
1738926000,75368.393,2025-02-07 11:00:00+00:00
1738929600,75679.147,2025-02-07 12:00:00+00:00
1738933200,75664.964,2025-02-07 13:00:00+00:00
1738936800,77310.693,2025-02-07 14:00:00+00:00
1738940400,77380.208,2025-02-07 15:00:00+00:00
1738944000,77222.89,2025-02-07 16:00:00+00:00
1738947600,77240.963,2025-02-07 17:00:00+00:00
1738951200,76700.681,2025-02-07 18:00:00+00:00
1738954800,76748.602,2025-02-07 19:00:00+00:00
1738958400,75719.968,2025-02-07 20:00:00+00:00
1738962000,75794.836,2025-02-07 21:00:00+00:00
1738965600,75877.027,2025-02-07 22:00:00+00:00
1738969200,75992.829,2025-02-07 23:00:00+00:00
1738972800,75626.049,2025-02-08 00:00:00+00:00
1738976400,75556.505,2025-02-08 01:00:00+00:00
1738980000,75557.233,2025-02-08 02:00:00+00:00
1738983600,75394.453,2025-02-08 03:00:00+00:00
1738987200,75713.224,2025-02-08 04:00:00+00:00
1738990800,75789.523,2025-02-08 05:00:00+00:00
1738994400,76092.183,2025-02-08 06:00:00+00:00
1738998000,76573.997,2025-02-08 07:00:00+00:00
1739001600,76891.435,2025-02-08 08:00:00+00:00
1739005200,76855.149,2025-02-08 09:00:00+00:00
1739008800,76851.142,2025-02-08 10:00:00+00:00
1739012400,77028.385,2025-02-08 11:00:00+00:00
1739016000,76772.767,2025-02-08 12:00:00+00:00
1739019600,76600.703,2025-02-08 13:00:00+00:00
1739023200,76739.27,2025-02-08 14:00:00+00:00
1739026800,77858.251,2025-02-08 15:00:00+00:00
1739030400,77090.583,2025-02-08 16:00:00+00:00
1739034000,76588.671,2025-02-08 17:00:00+00:00
1739037600,76232.342,2025-02-08 18:00:00+00:00
1739041200,76434.283,2025-02-08 19:00:00+00:00
1739044800,76303.579,2025-02-08 20:00:00+00:00
1739048400,76309.436,2025-02-08 21:00:00+00:00
1739052000,76189.546,2025-02-08 22:00:00+00:00
1739055600,76259.943,2025-02-08 23:00:00+00:00
1739059200,76277.016,2025-02-09 00:00:00+00:00
1739062800,75845.326,2025-02-09 01:00:00+00:00
1739066400,75934.335,2025-02-09 02:00:00+00:00
1739070000,76154.408,2025-02-09 03:00:00+00:00
1739073600,76081.064,2025-02-09 04:00:00+00:00
1739077200,76081.945,2025-02-09 05:00:00+00:00
1739080800,75937.296,2025-02-09 06:00:00+00:00
1739084400,76048.267,2025-02-09 07:00:00+00:00
1739088000,76116.641,2025-02-09 08:00:00+00:00
1739091600,75945.002,2025-02-09 09:00:00+00:00
1739095200,74950.948,2025-02-09 10:00:00+00:00
1739098800,74844.381,2025-02-09 11:00:00+00:00
1739102400,74759.684,2025-02-09 12:00:00+00:00
1739106000,74755.162,2025-02-09 13:00:00+00:00
1739109600,74676.825,2025-02-09 14:00:00+00:00
1739113200,74547.575,2025-02-09 15:00:00+00:00
1739116800,74575.798,2025-02-09 16:00:00+00:00
1739120400,74747.109,2025-02-09 17:00:00+00:00
1739124000,74879.302,2025-02-09 18:00:00+00:00
1739127600,75457.664,2025-02-09 19:00:00+00:00
1739131200,75535.594,2025-02-09 20:00:00+00:00
1739134800,75142.28,2025-02-09 21:00:00+00:00
1739138400,74492.957,2025-02-09 22:00:00+00:00
1739142000,74483.984,2025-02-09 23:00:00+00:00
1739145600,74432.55,2025-02-10 00:00:00+00:00
1739149200,74587.448,2025-02-10 01:00:00+00:00
1739152800,74901.798,2025-02-10 02:00:00+00:00
1739156400,74582.405,2025-02-10 03:00:00+00:00
1739160000,74746.84,2025-02-10 04:00:00+00:00
1739163600,75869.83,2025-02-10 05:00:00+00:00
1739167200,75748.879,2025-02-10 06:00:00+00:00
1739170800,75976.353,2025-02-10 07:00:00+00:00
1739174400,76322.707,2025-02-10 08:00:00+00:00
1739178000,76451.082,2025-02-10 09:00:00+00:00
1739181600,76380.449,2025-02-10 10:00:00+00:00
1739185200,76562.62,2025-02-10 11:00:00+00:00
1739188800,76696.352,2025-02-10 12:00:00+00:00
1739192400,77144.192,2025-02-10 13:00:00+00:00
1739196000,76753.423,2025-02-10 14:00:00+00:00
1739199600,76603.132,2025-02-10 15:00:00+00:00
1739203200,76480.134,2025-02-10 16:00:00+00:00
1739206800,76415.885,2025-02-10 17:00:00+00:00
1739210400,76448.969,2025-02-10 18:00:00+00:00
1739214000,76439.241,2025-02-10 19:00:00+00:00
1739217600,76314.458,2025-02-10 20:00:00+00:00
1739221200,76116.255,2025-02-10 21:00:00+00:00
1739224800,76100.101,2025-02-10 22:00:00+00:00
1739228400,75990.377,2025-02-10 23:00:00+00:00
1739232000,76015.223,2025-02-11 00:00:00+00:00
1739235600,76031.984,2025-02-11 01:00:00+00:00
1739239200,75850.609,2025-02-11 02:00:00+00:00
1739242800,75936.764,2025-02-11 03:00:00+00:00
1739246400,76327.451,2025-02-11 04:00:00+00:00
1739250000,76623.888,2025-02-11 05:00:00+00:00
1739253600,76916.686,2025-02-11 06:00:00+00:00
1739257200,77442.816,2025-02-11 07:00:00+00:00
1739260800,77624.629,2025-02-11 08:00:00+00:00
1739264400,77489.222,2025-02-11 09:00:00+00:00
1739268000,77262.869,2025-02-11 10:00:00+00:00
1739271600,77210.883,2025-02-11 11:00:00+00:00
1739275200,77023.279,2025-02-11 12:00:00+00:00
1739278800,76059.41,2025-02-11 13:00:00+00:00
1739282400,76532.362,2025-02-11 14:00:00+00:00
1739286000,77224.036,2025-02-11 15:00:00+00:00
1739289600,76996.221,2025-02-11 16:00:00+00:00
1739293200,77518.747,2025-02-11 17:00:00+00:00
1739296800,78193.907,2025-02-11 18:00:00+00:00
1739300400,78954.778,2025-02-11 19:00:00+00:00
1739304000,80006.419,2025-02-11 20:00:00+00:00
1739307600,79399.867,2025-02-11 21:00:00+00:00
1739311200,78693.551,2025-02-11 22:00:00+00:00
1739314800,79154.983,2025-02-11 23:00:00+00:00
1739318400,79446.643,2025-02-12 00:00:00+00:00
1739322000,79592.618,2025-02-12 01:00:00+00:00
1739325600,79557.978,2025-02-12 02:00:00+00:00
1739329200,79669.422,2025-02-12 03:00:00+00:00
1739332800,79893.285,2025-02-12 04:00:00+00:00
1739336400,79706.846,2025-02-12 05:00:00+00:00
1739340000,79618.224,2025-02-12 06:00:00+00:00
1739343600,79588.519,2025-02-12 07:00:00+00:00
1739347200,80045.011,2025-02-12 08:00:00+00:00
1739350800,79716.043,2025-02-12 09:00:00+00:00
1739354400,79671.198,2025-02-12 10:00:00+00:00
1739358000,79391.064,2025-02-12 11:00:00+00:00
1739361600,79433.369,2025-02-12 12:00:00+00:00
1739365200,80358.077,2025-02-12 13:00:00+00:00
1739368800,80029.666,2025-02-12 14:00:00+00:00
1739372400,79767.69,2025-02-12 15:00:00+00:00
1739376000,79052.996,2025-02-12 16:00:00+00:00
1739379600,78247.126,2025-02-12 17:00:00+00:00
1739383200,78152.914,2025-02-12 18:00:00+00:00
1739386800,77304.517,2025-02-12 19:00:00+00:00
1739390400,77493.433,2025-02-12 20:00:00+00:00
1739394000,78177.314,2025-02-12 21:00:00+00:00
1739397600,77907.318,2025-02-12 22:00:00+00:00
1739401200,78373.572,2025-02-12 23:00:00+00:00
1739404800,78614.805,2025-02-13 00:00:00+00:00
1739408400,78887.92,2025-02-13 01:00:00+00:00
1739412000,78517.495,2025-02-13 02:00:00+00:00
1739415600,78402.115,2025-02-13 03:00:00+00:00
1739419200,78167.432,2025-02-13 04:00:00+00:00
1739422800,77888.331,2025-02-13 05:00:00+00:00
1739426400,78337.944,2025-02-13 06:00:00+00:00
1739430000,78474.277,2025-02-13 07:00:00+00:00
1739433600,78669.729,2025-02-13 08:00:00+00:00
1739437200,78704.072,2025-02-13 09:00:00+00:00
1739440800,78810.52,2025-02-13 10:00:00+00:00
1739444400,79044.321,2025-02-13 11:00:00+00:00
1739448000,79186.537,2025-02-13 12:00:00+00:00
1739451600,79435.354,2025-02-13 13:00:00+00:00
1739455200,79194.282,2025-02-13 14:00:00+00:00
1739458800,79092.869,2025-02-13 15:00:00+00:00
1739462400,79525.031,2025-02-13 16:00:00+00:00
1739466000,79262.578,2025-02-13 17:00:00+00:00
1739469600,79046.423,2025-02-13 18:00:00+00:00
1739473200,78833.4,2025-02-13 19:00:00+00:00
1739476800,78868.397,2025-02-13 20:00:00+00:00
1739480400,78750.696,2025-02-13 21:00:00+00:00
1739484000,78511.545,2025-02-13 22:00:00+00:00
1739487600,78469.954,2025-02-13 23:00:00+00:00
1739491200,78205.277,2025-02-14 00:00:00+00:00
1739494800,77913.451,2025-02-14 01:00:00+00:00
1739498400,77923.262,2025-02-14 02:00:00+00:00
1739502000,77971.367,2025-02-14 03:00:00+00:00
1739505600,77686.424,2025-02-14 04:00:00+00:00
1739509200,77661.858,2025-02-14 05:00:00+00:00
1739512800,77597.148,2025-02-14 06:00:00+00:00
1739516400,77726.168,2025-02-14 07:00:00+00:00
1739520000,77671.343,2025-02-14 08:00:00+00:00
1739523600,77688.806,2025-02-14 09:00:00+00:00
1739527200,77722.208,2025-02-14 10:00:00+00:00
1739530800,77726.138,2025-02-14 11:00:00+00:00
1739534400,77478.323,2025-02-14 12:00:00+00:00
1739538000,77359.366,2025-02-14 13:00:00+00:00
1739541600,78165.292,2025-02-14 14:00:00+00:00
1739545200,77939.676,2025-02-14 15:00:00+00:00
1739548800,79224.17,2025-02-14 16:00:00+00:00
1739552400,79158.056,2025-02-14 17:00:00+00:00
1739556000,79529.93,2025-02-14 18:00:00+00:00
1739559600,79037.079,2025-02-14 19:00:00+00:00
1739563200,78391.828,2025-02-14 20:00:00+00:00
1739566800,77500.488,2025-02-14 21:00:00+00:00
1739570400,77187.432,2025-02-14 22:00:00+00:00
1739574000,76974.391,2025-02-14 23:00:00+00:00
1739577600,76979.32,2025-02-15 00:00:00+00:00
1739581200,76725.714,2025-02-15 01:00:00+00:00
1739584800,76627.542,2025-02-15 02:00:00+00:00
1739588400,76575.385,2025-02-15 03:00:00+00:00
1739592000,76660.068,2025-02-15 04:00:00+00:00
1739595600,76684.589,2025-02-15 05:00:00+00:00
1739599200,76788.662,2025-02-15 06:00:00+00:00
1739602800,76793.834,2025-02-15 07:00:00+00:00
1739606400,76988.691,2025-02-15 08:00:00+00:00
1739610000,77009.427,2025-02-15 09:00:00+00:00
1739613600,77048.588,2025-02-15 10:00:00+00:00
1739617200,77200.473,2025-02-15 11:00:00+00:00
1739620800,77146.235,2025-02-15 12:00:00+00:00
1739624400,77217.716,2025-02-15 13:00:00+00:00
1739628000,77218.411,2025-02-15 14:00:00+00:00
1739631600,77194.144,2025-02-15 15:00:00+00:00
1739635200,77230.624,2025-02-15 16:00:00+00:00
1739638800,77101.441,2025-02-15 17:00:00+00:00
1739642400,77095.638,2025-02-15 18:00:00+00:00
1739646000,77009.271,2025-02-15 19:00:00+00:00
1739649600,77042.345,2025-02-15 20:00:00+00:00
1739653200,77055.395,2025-02-15 21:00:00+00:00
1739656800,76953.484,2025-02-15 22:00:00+00:00
1739660400,76874.859,2025-02-15 23:00:00+00:00
1739664000,76921.376,2025-02-16 00:00:00+00:00
1739667600,76983.144,2025-02-16 01:00:00+00:00
1739671200,76908.658,2025-02-16 02:00:00+00:00
1739674800,76824.265,2025-02-16 03:00:00+00:00
1739678400,76751.43,2025-02-16 04:00:00+00:00
1739682000,76820.667,2025-02-16 05:00:00+00:00
1739685600,76894.188,2025-02-16 06:00:00+00:00
1739689200,76876.305,2025-02-16 07:00:00+00:00
1739692800,76815.394,2025-02-16 08:00:00+00:00
1739696400,76576.04,2025-02-16 09:00:00+00:00
1739700000,76587.069,2025-02-16 10:00:00+00:00
1739703600,76554.338,2025-02-16 11:00:00+00:00
1739707200,76482.925,2025-02-16 12:00:00+00:00
1739710800,76362.633,2025-02-16 13:00:00+00:00
1739714400,76274.022,2025-02-16 14:00:00+00:00
1739718000,76201.103,2025-02-16 15:00:00+00:00
1739721600,76488.157,2025-02-16 16:00:00+00:00
1739725200,76492.785,2025-02-16 17:00:00+00:00
1739728800,76386.29,2025-02-16 18:00:00+00:00
1739732400,76438.935,2025-02-16 19:00:00+00:00
1739736000,76382.691,2025-02-16 20:00:00+00:00
1739739600,76265.943,2025-02-16 21:00:00+00:00
1739743200,76264.441,2025-02-16 22:00:00+00:00
1739746800,76100.201,2025-02-16 23:00:00+00:00
1739750400,76211.783,2025-02-17 00:00:00+00:00
1739754000,76421.862,2025-02-17 01:00:00+00:00
1739757600,76371.857,2025-02-17 02:00:00+00:00
1739761200,76658.592,2025-02-17 03:00:00+00:00
1739764800,76933.119,2025-02-17 04:00:00+00:00
1739768400,76618.017,2025-02-17 05:00:00+00:00
1739772000,76595.859,2025-02-17 06:00:00+00:00
1739775600,76998.184,2025-02-17 07:00:00+00:00
1739779200,77551.567,2025-02-17 08:00:00+00:00
1739782800,77660.534,2025-02-17 09:00:00+00:00
1739786400,77801.949,2025-02-17 10:00:00+00:00
1739790000,77860.645,2025-02-17 11:00:00+00:00
1739793600,78106.483,2025-02-17 12:00:00+00:00
1739797200,78201.638,2025-02-17 13:00:00+00:00
1739800800,77731.566,2025-02-17 14:00:00+00:00
1739804400,77806.21,2025-02-17 15:00:00+00:00
1739808000,77926.56,2025-02-17 16:00:00+00:00
1739811600,77760.224,2025-02-17 17:00:00+00:00
1739815200,77855.603,2025-02-17 18:00:00+00:00
1739818800,78182.723,2025-02-17 19:00:00+00:00
1739822400,77717.828,2025-02-17 20:00:00+00:00
1739826000,77046.034,2025-02-17 21:00:00+00:00
1739829600,76831.667,2025-02-17 22:00:00+00:00
1739833200,76978.684,2025-02-17 23:00:00+00:00
1739836800,77220.797,2025-02-18 00:00:00+00:00
1739840400,77908.556,2025-02-18 01:00:00+00:00
1739844000,78249.229,2025-02-18 02:00:00+00:00
1739847600,78307.596,2025-02-18 03:00:00+00:00
1739851200,78323.657,2025-02-18 04:00:00+00:00
1739854800,78429.604,2025-02-18 05:00:00+00:00
1739858400,79139.209,2025-02-18 06:00:00+00:00
1739862000,79195.416,2025-02-18 07:00:00+00:00
1739865600,79939.289,2025-02-18 08:00:00+00:00
1739869200,79610.927,2025-02-18 09:00:00+00:00
1739872800,79717.045,2025-02-18 10:00:00+00:00
1739876400,79848.613,2025-02-18 11:00:00+00:00
1739880000,79322.415,2025-02-18 12:00:00+00:00
1739883600,79363.852,2025-02-18 13:00:00+00:00
1739887200,78728.625,2025-02-18 14:00:00+00:00
1739890800,79397.189,2025-02-18 15:00:00+00:00
1739894400,80331.36,2025-02-18 16:00:00+00:00
1739898000,81465.46,2025-02-18 17:00:00+00:00
1739901600,83534.272,2025-02-18 18:00:00+00:00
1739905200,84007.93,2025-02-18 19:00:00+00:00
1739908800,83700.303,2025-02-18 20:00:00+00:00
1739912400,82964.821,2025-02-18 21:00:00+00:00
1739916000,82744.025,2025-02-18 22:00:00+00:00
1739919600,82017.136,2025-02-18 23:00:00+00:00
1739923200,81240.248,2025-02-19 00:00:00+00:00
1739926800,81238.792,2025-02-19 01:00:00+00:00
1739930400,80934.491,2025-02-19 02:00:00+00:00
1739934000,80448.587,2025-02-19 03:00:00+00:00
1739937600,80669.573,2025-02-19 04:00:00+00:00
1739941200,80377.655,2025-02-19 05:00:00+00:00
1739944800,80047.258,2025-02-19 06:00:00+00:00
1739948400,79592.554,2025-02-19 07:00:00+00:00
1739952000,79720.397,2025-02-19 08:00:00+00:00
1739955600,79738.658,2025-02-19 09:00:00+00:00
1739959200,78492.928,2025-02-19 10:00:00+00:00
1739962800,78560.147,2025-02-19 11:00:00+00:00
1739966400,78634.113,2025-02-19 12:00:00+00:00
1739970000,78732.607,2025-02-19 13:00:00+00:00
1739973600,78849.648,2025-02-19 14:00:00+00:00
1739977200,78574.109,2025-02-19 15:00:00+00:00
1739980800,78582.248,2025-02-19 16:00:00+00:00
1739984400,78893.059,2025-02-19 17:00:00+00:00
1739988000,78448.228,2025-02-19 18:00:00+00:00
1739991600,78324.656,2025-02-19 19:00:00+00:00
1739995200,78453.033,2025-02-19 20:00:00+00:00
1739998800,78173.584,2025-02-19 21:00:00+00:00
1740002400,78154.331,2025-02-19 22:00:00+00:00
1740006000,77709.297,2025-02-19 23:00:00+00:00
1740009600,77799.627,2025-02-20 00:00:00+00:00
1740013200,77795.498,2025-02-20 01:00:00+00:00
1740016800,77955.156,2025-02-20 02:00:00+00:00
1740020400,78098.146,2025-02-20 03:00:00+00:00
1740024000,77959.325,2025-02-20 04:00:00+00:00
1740027600,77942.3,2025-02-20 05:00:00+00:00
1740031200,77950.018,2025-02-20 06:00:00+00:00
1740034800,77961.926,2025-02-20 07:00:00+00:00
1740038400,77923.485,2025-02-20 08:00:00+00:00
1740042000,78112.123,2025-02-20 09:00:00+00:00
1740045600,78148.75,2025-02-20 10:00:00+00:00
1740049200,78347.392,2025-02-20 11:00:00+00:00
1740052800,78702.27,2025-02-20 12:00:00+00:00
1740056400,79009.947,2025-02-20 13:00:00+00:00
1740060000,78941.864,2025-02-20 14:00:00+00:00
1740063600,79026.318,2025-02-20 15:00:00+00:00
1740067200,79918.384,2025-02-20 16:00:00+00:00
1740070800,80705.191,2025-02-20 17:00:00+00:00
1740074400,82038.599,2025-02-20 18:00:00+00:00
1740078000,82546.224,2025-02-20 19:00:00+00:00
1740081600,82463.926,2025-02-20 20:00:00+00:00
1740085200,82464.319,2025-02-20 21:00:00+00:00
1740088800,82472.632,2025-02-20 22:00:00+00:00
1740092400,82419.973,2025-02-20 23:00:00+00:00
1740096000,82326.575,2025-02-21 00:00:00+00:00
1740099600,82273.462,2025-02-21 01:00:00+00:00
1740103200,82240.932,2025-02-21 02:00:00+00:00
1740106800,82162.759,2025-02-21 03:00:00+00:00
1740110400,81985.923,2025-02-21 04:00:00+00:00
1740114000,81870.609,2025-02-21 05:00:00+00:00
1740117600,81984.609,2025-02-21 06:00:00+00:00
1740121200,81664.823,2025-02-21 07:00:00+00:00
1740124800,81552.365,2025-02-21 08:00:00+00:00
1740128400,80899.368,2025-02-21 09:00:00+00:00
1740132000,80629.073,2025-02-21 10:00:00+00:00
1740135600,80775.732,2025-02-21 11:00:00+00:00
1740139200,81474.822,2025-02-21 12:00:00+00:00
1740142800,81865.847,2025-02-21 13:00:00+00:00
1740146400,80639.225,2025-02-21 14:00:00+00:00
1740150000,79762.339,2025-02-21 15:00:00+00:00
1740153600,80183.029,2025-02-21 16:00:00+00:00
1740157200,79940.598,2025-02-21 17:00:00+00:00
1740160800,80414.42,2025-02-21 18:00:00+00:00
1740164400,79374.245,2025-02-21 19:00:00+00:00
1740168000,80649.325,2025-02-21 20:00:00+00:00
1740171600,81856.367,2025-02-21 21:00:00+00:00
1740175200,82096.901,2025-02-21 22:00:00+00:00
1740178800,81284.373,2025-02-21 23:00:00+00:00
1740182400,81800.464,2025-02-22 00:00:00+00:00
1740186000,81589.588,2025-02-22 01:00:00+00:00
1740189600,81534.338,2025-02-22 02:00:00+00:00
1740193200,81366.358,2025-02-22 03:00:00+00:00
1740196800,81303.327,2025-02-22 04:00:00+00:00
1740200400,81294.359,2025-02-22 05:00:00+00:00
1740204000,81345.726,2025-02-22 06:00:00+00:00
1740207600,81285.322,2025-02-22 07:00:00+00:00
1740211200,81199.436,2025-02-22 08:00:00+00:00
1740214800,80975.277,2025-02-22 09:00:00+00:00
1740218400,80624.434,2025-02-22 10:00:00+00:00
1740222000,80553.028,2025-02-22 11:00:00+00:00
1740225600,81219.867,2025-02-22 12:00:00+00:00
1740229200,81218.267,2025-02-22 13:00:00+00:00
1740232800,81166.957,2025-02-22 14:00:00+00:00
1740236400,80833.933,2025-02-22 15:00:00+00:00
1740240000,80291.016,2025-02-22 16:00:00+00:00
1740243600,80184.833,2025-02-22 17:00:00+00:00
1740247200,79867.155,2025-02-22 18:00:00+00:00
1740250800,79913.033,2025-02-22 19:00:00+00:00
1740254400,79716.62,2025-02-22 20:00:00+00:00
1740258000,79649.016,2025-02-22 21:00:00+00:00
1740261600,79587.081,2025-02-22 22:00:00+00:00
1740265200,79661.52,2025-02-22 23:00:00+00:00
1740268800,79562.233,2025-02-23 00:00:00+00:00
1740272400,79379.587,2025-02-23 01:00:00+00:00
1740276000,79338.163,2025-02-23 02:00:00+00:00
1740279600,79337.419,2025-02-23 03:00:00+00:00
1740283200,79377.471,2025-02-23 04:00:00+00:00
1740286800,79609.569,2025-02-23 05:00:00+00:00
1740290400,79643.889,2025-02-23 06:00:00+00:00
1740294000,79787.756,2025-02-23 07:00:00+00:00
1740297600,80032.399,2025-02-23 08:00:00+00:00
1740301200,79997.924,2025-02-23 09:00:00+00:00
1740304800,80057.678,2025-02-23 10:00:00+00:00
1740308400,79864.847,2025-02-23 11:00:00+00:00
1740312000,80053.523,2025-02-23 12:00:00+00:00
1740315600,80349.017,2025-02-23 13:00:00+00:00
1740319200,80498.125,2025-02-23 14:00:00+00:00
1740322800,80686.038,2025-02-23 15:00:00+00:00
1740326400,80615.888,2025-02-23 16:00:00+00:00
1740330000,80889.664,2025-02-23 17:00:00+00:00
1740333600,80597.513,2025-02-23 18:00:00+00:00
1740337200,80491.488,2025-02-23 19:00:00+00:00
1740340800,80488.349,2025-02-23 20:00:00+00:00
1740344400,80431.831,2025-02-23 21:00:00+00:00
1740348000,80469.75,2025-02-23 22:00:00+00:00
1740351600,80418.763,2025-02-23 23:00:00+00:00
1740355200,80520.5,2025-02-24 00:00:00+00:00
1740358800,80389.604,2025-02-24 01:00:00+00:00
1740362400,80441.875,2025-02-24 02:00:00+00:00
1740366000,80483.525,2025-02-24 03:00:00+00:00
1740369600,81007.601,2025-02-24 04:00:00+00:00
1740373200,81388.845,2025-02-24 05:00:00+00:00
1740376800,81363.84,2025-02-24 06:00:00+00:00
1740380400,81485.241,2025-02-24 07:00:00+00:00
1740384000,81411.679,2025-02-24 08:00:00+00:00
1740387600,81547.695,2025-02-24 09:00:00+00:00
1740391200,81701.512,2025-02-24 10:00:00+00:00
1740394800,81696.28,2025-02-24 11:00:00+00:00
1740398400,82104.431,2025-02-24 12:00:00+00:00
1740402000,82738.227,2025-02-24 13:00:00+00:00
1740405600,83925.394,2025-02-24 14:00:00+00:00
1740409200,86426.084,2025-02-24 15:00:00+00:00
1740412800,86567.163,2025-02-24 16:00:00+00:00
1740416400,86991.421,2025-02-24 17:00:00+00:00
1740420000,87287.753,2025-02-24 18:00:00+00:00
1740423600,87696.344,2025-02-24 19:00:00+00:00
1740427200,88136.722,2025-02-24 20:00:00+00:00
1740430800,88837.216,2025-02-24 21:00:00+00:00
1740434400,89280.113,2025-02-24 22:00:00+00:00
1740438000,90343.969,2025-02-24 23:00:00+00:00
1740441600,91384.065,2025-02-25 00:00:00+00:00
1740445200,92139.508,2025-02-25 01:00:00+00:00
1740448800,92243.173,2025-02-25 02:00:00+00:00
1740452400,92288.083,2025-02-25 03:00:00+00:00
1740456000,92395.843,2025-02-25 04:00:00+00:00
1740459600,92639.402,2025-02-25 05:00:00+00:00
1740463200,93323.52,2025-02-25 06:00:00+00:00
1740466800,86914.311,2025-02-25 07:00:00+00:00
1740470400,87110.101,2025-02-25 08:00:00+00:00
1740474000,86904.194,2025-02-25 09:00:00+00:00
1740477600,85491.673,2025-02-25 10:00:00+00:00
1740481200,86133.91,2025-02-25 11:00:00+00:00
1740484800,85607.703,2025-02-25 12:00:00+00:00
1740488400,85688.476,2025-02-25 13:00:00+00:00
1740492000,85769.843,2025-02-25 14:00:00+00:00
1740495600,86792.341,2025-02-25 15:00:00+00:00
1740499200,87781.057,2025-02-25 16:00:00+00:00
1740502800,88310.836,2025-02-25 17:00:00+00:00
1740506400,88007.017,2025-02-25 18:00:00+00:00
1740510000,88105.07,2025-02-25 19:00:00+00:00
1740513600,87258.297,2025-02-25 20:00:00+00:00
1740517200,87099.259,2025-02-25 21:00:00+00:00
1740520800,86475.416,2025-02-25 22:00:00+00:00
1740524400,85156.472,2025-02-25 23:00:00+00:00
1740528000,84977.199,2025-02-26 00:00:00+00:00
1740531600,84929.211,2025-02-26 01:00:00+00:00
1740535200,85028.087,2025-02-26 02:00:00+00:00
1740538800,85012.125,2025-02-26 03:00:00+00:00
1740542400,84948.195,2025-02-26 04:00:00+00:00
1740546000,84708.725,2025-02-26 05:00:00+00:00
1740549600,84916.18,2025-02-26 06:00:00+00:00
1740553200,85034.713,2025-02-26 07:00:00+00:00
1740556800,85571.521,2025-02-26 08:00:00+00:00
1740560400,85309.116,2025-02-26 09:00:00+00:00
1740564000,85533.827,2025-02-26 10:00:00+00:00
1740567600,85493.063,2025-02-26 11:00:00+00:00
1740571200,85919.794,2025-02-26 12:00:00+00:00
1740574800,86070.451,2025-02-26 13:00:00+00:00
1740578400,87318.726,2025-02-26 14:00:00+00:00
1740582000,87089.402,2025-02-26 15:00:00+00:00
1740585600,86959.095,2025-02-26 16:00:00+00:00
1740589200,86835.396,2025-02-26 17:00:00+00:00
1740592800,85899.538,2025-02-26 18:00:00+00:00
1740596400,83219.124,2025-02-26 19:00:00+00:00
1740600000,82638.794,2025-02-26 20:00:00+00:00
1740603600,82297.146,2025-02-26 21:00:00+00:00
1740607200,82187.717,2025-02-26 22:00:00+00:00
1740610800,82325.31,2025-02-26 23:00:00+00:00
1740614400,82436.801,2025-02-27 00:00:00+00:00
1740618000,82126.424,2025-02-27 01:00:00+00:00
1740621600,82108.473,2025-02-27 02:00:00+00:00
1740625200,82050.283,2025-02-27 03:00:00+00:00
1740628800,81804.89,2025-02-27 04:00:00+00:00
1740632400,81795.776,2025-02-27 05:00:00+00:00
1740636000,81701.446,2025-02-27 06:00:00+00:00
1740639600,81178.793,2025-02-27 07:00:00+00:00
1740643200,80754.309,2025-02-27 08:00:00+00:00
1740646800,80974.814,2025-02-27 09:00:00+00:00
1740650400,80557.593,2025-02-27 10:00:00+00:00
1740654000,80125.462,2025-02-27 11:00:00+00:00
1740657600,79636.868,2025-02-27 12:00:00+00:00
1740661200,79506.719,2025-02-27 13:00:00+00:00
1740664800,80348.991,2025-02-27 14:00:00+00:00
1740668400,80573.38,2025-02-27 15:00:00+00:00
1740672000,80656.383,2025-02-27 16:00:00+00:00
1740675600,80994.892,2025-02-27 17:00:00+00:00
1740679200,81206.038,2025-02-27 18:00:00+00:00
1740682800,81269.075,2025-02-27 19:00:00+00:00
1740686400,82711.707,2025-02-27 20:00:00+00:00
1740690000,82286.483,2025-02-27 21:00:00+00:00
1740693600,82214.021,2025-02-27 22:00:00+00:00
1740697200,82508.864,2025-02-27 23:00:00+00:00
1740700800,82566.594,2025-02-28 00:00:00+00:00
1740704400,81383.943,2025-02-28 01:00:00+00:00
1740708000,81685.197,2025-02-28 02:00:00+00:00
1740711600,81258.528,2025-02-28 03:00:00+00:00
1740715200,81298.079,2025-02-28 04:00:00+00:00
1740718800,81554.605,2025-02-28 05:00:00+00:00
1740722400,82669.034,2025-02-28 06:00:00+00:00
1740726000,83609.311,2025-02-28 07:00:00+00:00
1740729600,83758.304,2025-02-28 08:00:00+00:00
1740733200,84125.621,2025-02-28 09:00:00+00:00
1740736800,84110.967,2025-02-28 10:00:00+00:00
1740740400,84066.649,2025-02-28 11:00:00+00:00
1740744000,83975.579,2025-02-28 12:00:00+00:00
1740747600,83539.324,2025-02-28 13:00:00+00:00
1740751200,82648.023,2025-02-28 14:00:00+00:00
1740754800,81135.666,2025-02-28 15:00:00+00:00
1740758400,80705.931,2025-02-28 16:00:00+00:00
1740762000,79917.945,2025-02-28 17:00:00+00:00
1740765600,80199.824,2025-02-28 18:00:00+00:00
1740769200,79927.246,2025-02-28 19:00:00+00:00
1740772800,79252.66,2025-02-28 20:00:00+00:00
1740776400,79090.178,2025-02-28 21:00:00+00:00
1740780000,78980.647,2025-02-28 22:00:00+00:00
1740783600,78949.552,2025-02-28 23:00:00+00:00
1740787200,79129.712,2025-03-01 00:00:00+00:00
1740790800,79289.34,2025-03-01 01:00:00+00:00
1740794400,79273.107,2025-03-01 02:00:00+00:00
1740798000,79349.05,2025-03-01 03:00:00+00:00
1740801600,80459.849,2025-03-01 04:00:00+00:00
1740805200,80287.137,2025-03-01 05:00:00+00:00
1740808800,79079.194,2025-03-01 06:00:00+00:00
1740812400,78673.973,2025-03-01 07:00:00+00:00
1740816000,79115.823,2025-03-01 08:00:00+00:00
1740819600,79567.839,2025-03-01 09:00:00+00:00
1740823200,79137.584,2025-03-01 10:00:00+00:00
1740826800,79071.508,2025-03-01 11:00:00+00:00
1740830400,79059.403,2025-03-01 12:00:00+00:00
1740834000,79133.793,2025-03-01 13:00:00+00:00
1740837600,78937.391,2025-03-01 14:00:00+00:00
1740841200,78759.03,2025-03-01 15:00:00+00:00
1740844800,78757.17,2025-03-01 16:00:00+00:00
1740848400,78901.968,2025-03-01 17:00:00+00:00
1740852000,79147.96,2025-03-01 18:00:00+00:00
1740855600,78873.737,2025-03-01 19:00:00+00:00
1740859200,78775.972,2025-03-01 20:00:00+00:00
1740862800,78527.712,2025-03-01 21:00:00+00:00
1740866400,78499.781,2025-03-01 22:00:00+00:00
1740870000,78476.866,2025-03-01 23:00:00+00:00
1740873600,78687.67,2025-03-02 00:00:00+00:00
1740877200,78572.166,2025-03-02 01:00:00+00:00
1740880800,78174.459,2025-03-02 02:00:00+00:00
1740884400,78167.114,2025-03-02 03:00:00+00:00
1740888000,78123.269,2025-03-02 04:00:00+00:00
1740891600,78191.183,2025-03-02 05:00:00+00:00
1740895200,78363.649,2025-03-02 06:00:00+00:00
1740898800,78130.776,2025-03-02 07:00:00+00:00
1740902400,80245.689,2025-03-02 08:00:00+00:00
1740906000,80146.494,2025-03-02 09:00:00+00:00
1740909600,80311.2,2025-03-02 10:00:00+00:00
1740913200,80422.32,2025-03-02 11:00:00+00:00
1740916800,80589.652,2025-03-02 12:00:00+00:00
1740920400,80587.118,2025-03-02 13:00:00+00:00
1740924000,80607.717,2025-03-02 14:00:00+00:00
1740927600,78251.658,2025-03-02 15:00:00+00:00
1740931200,79021.702,2025-03-02 16:00:00+00:00
1740934800,79518.291,2025-03-02 17:00:00+00:00
1740938400,76791.461,2025-03-02 18:00:00+00:00
1740942000,76345.585,2025-03-02 19:00:00+00:00
1740945600,78126.099,2025-03-02 20:00:00+00:00
1740949200,78385.189,2025-03-02 21:00:00+00:00
1740952800,78587.366,2025-03-02 22:00:00+00:00
1740956400,79052.617,2025-03-02 23:00:00+00:00
1740960000,78821.893,2025-03-03 00:00:00+00:00
1740963600,77856.577,2025-03-03 01:00:00+00:00
1740967200,77599.189,2025-03-03 02:00:00+00:00
1740970800,77440.933,2025-03-03 03:00:00+00:00
1740974400,77331.103,2025-03-03 04:00:00+00:00
1740978000,76623.971,2025-03-03 05:00:00+00:00
1740981600,76288.529,2025-03-03 06:00:00+00:00
1740985200,75973.734,2025-03-03 07:00:00+00:00
1740988800,75570.868,2025-03-03 08:00:00+00:00
1740992400,74998.087,2025-03-03 09:00:00+00:00
1740996000,74499.772,2025-03-03 10:00:00+00:00
1740999600,74169.667,2025-03-03 11:00:00+00:00
1741003200,74556.351,2025-03-03 12:00:00+00:00
1741006800,74912.518,2025-03-03 13:00:00+00:00
1741010400,72971.559,2025-03-03 14:00:00+00:00
1741014000,73390.207,2025-03-03 15:00:00+00:00
1741017600,73859.18,2025-03-03 16:00:00+00:00
1741021200,73654.751,2025-03-03 17:00:00+00:00
1741024800,72420.14,2025-03-03 18:00:00+00:00
1741028400,72086.828,2025-03-03 19:00:00+00:00
1741032000,72335.093,2025-03-03 20:00:00+00:00
1741035600,71608.285,2025-03-03 21:00:00+00:00
1741039200,70977.914,2025-03-03 22:00:00+00:00
1741042800,71170.841,2025-03-03 23:00:00+00:00
1741046400,70984.767,2025-03-04 00:00:00+00:00
1741050000,71016.999,2025-03-04 01:00:00+00:00
1741053600,70090.03,2025-03-04 02:00:00+00:00
1741057200,69555.82,2025-03-04 03:00:00+00:00
1741060800,69584.342,2025-03-04 04:00:00+00:00
1741064400,69519.287,2025-03-04 05:00:00+00:00
1741068000,69561.453,2025-03-04 06:00:00+00:00
1741071600,69527.114,2025-03-04 07:00:00+00:00
1741075200,70079.051,2025-03-04 08:00:00+00:00
1741078800,70170.117,2025-03-04 09:00:00+00:00
1741082400,70560.953,2025-03-04 10:00:00+00:00
1741086000,70152.262,2025-03-04 11:00:00+00:00
1741089600,70218.376,2025-03-04 12:00:00+00:00
1741093200,71676.216,2025-03-04 13:00:00+00:00
1741096800,71635.793,2025-03-04 14:00:00+00:00
1741100400,71140.177,2025-03-04 15:00:00+00:00
1741104000,70717.596,2025-03-04 16:00:00+00:00
1741107600,70355.554,2025-03-04 17:00:00+00:00
1741111200,70446.311,2025-03-04 18:00:00+00:00
1741114800,71201.887,2025-03-04 19:00:00+00:00
1741118400,69441.919,2025-03-04 20:00:00+00:00
1741122000,67814.973,2025-03-04 21:00:00+00:00
1741125600,67487.147,2025-03-04 22:00:00+00:00
1741129200,67717.19,2025-03-04 23:00:00+00:00
1741132800,68037.485,2025-03-05 00:00:00+00:00
1741136400,68411.736,2025-03-05 01:00:00+00:00
1741140000,68588.292,2025-03-05 02:00:00+00:00
1741143600,68356.022,2025-03-05 03:00:00+00:00
1741147200,68515.669,2025-03-05 04:00:00+00:00
1741150800,68464.495,2025-03-05 05:00:00+00:00
1741154400,68490.693,2025-03-05 06:00:00+00:00
1741158000,68696.297,2025-03-05 07:00:00+00:00
1741161600,69066.063,2025-03-05 08:00:00+00:00
1741165200,69278.043,2025-03-05 09:00:00+00:00
1741168800,69702.261,2025-03-05 10:00:00+00:00
1741172400,70075.602,2025-03-05 11:00:00+00:00
1741176000,71418.094,2025-03-05 12:00:00+00:00
1741179600,70273.997,2025-03-05 13:00:00+00:00
1741183200,70479.514,2025-03-05 14:00:00+00:00
1741186800,70221.282,2025-03-05 15:00:00+00:00
1741190400,69683.099,2025-03-05 16:00:00+00:00
1741194000,70043.054,2025-03-05 17:00:00+00:00
1741197600,69667.571,2025-03-05 18:00:00+00:00
1741201200,69697.206,2025-03-05 19:00:00+00:00
1741204800,69833.223,2025-03-05 20:00:00+00:00
1741208400,69490.528,2025-03-05 21:00:00+00:00
1741212000,69504.085,2025-03-05 22:00:00+00:00
1741215600,69814.056,2025-03-05 23:00:00+00:00
1741219200,69540.359,2025-03-06 00:00:00+00:00
1741222800,70145.187,2025-03-06 01:00:00+00:00
1741226400,70884.759,2025-03-06 02:00:00+00:00
1741230000,71195.095,2025-03-06 03:00:00+00:00
1741233600,71086.141,2025-03-06 04:00:00+00:00
1741237200,71529.281,2025-03-06 05:00:00+00:00
1741240800,71331.293,2025-03-06 06:00:00+00:00
1741244400,71064.155,2025-03-06 07:00:00+00:00
1741248000,70990.528,2025-03-06 08:00:00+00:00
1741251600,71178.934,2025-03-06 09:00:00+00:00
1741255200,71104.481,2025-03-06 10:00:00+00:00
1741258800,70920.895,2025-03-06 11:00:00+00:00
1741262400,71240.287,2025-03-06 12:00:00+00:00
1741266000,71070.021,2025-03-06 13:00:00+00:00
1741269600,70706.104,2025-03-06 14:00:00+00:00
1741273200,70162.449,2025-03-06 15:00:00+00:00
1741276800,69986.45,2025-03-06 16:00:00+00:00
1741280400,69450.141,2025-03-06 17:00:00+00:00
1741284000,69403.715,2025-03-06 18:00:00+00:00
1741287600,68927.969,2025-03-06 19:00:00+00:00
1741291200,68919.464,2025-03-06 20:00:00+00:00
1741294800,69276.947,2025-03-06 21:00:00+00:00
1741298400,69177.207,2025-03-06 22:00:00+00:00
1741302000,68743.746,2025-03-06 23:00:00+00:00
1741305600,69816.775,2025-03-07 00:00:00+00:00
1741309200,68518.228,2025-03-07 01:00:00+00:00
1741312800,68177.694,2025-03-07 02:00:00+00:00
1741316400,68145.604,2025-03-07 03:00:00+00:00
1741320000,67682.752,2025-03-07 04:00:00+00:00
1741323600,68072.422,2025-03-07 05:00:00+00:00
1741327200,67863.908,2025-03-07 06:00:00+00:00
1741330800,68240.142,2025-03-07 07:00:00+00:00
1741334400,68595.948,2025-03-07 08:00:00+00:00
1741338000,68520.27,2025-03-07 09:00:00+00:00
1741341600,68656.201,2025-03-07 10:00:00+00:00
1741345200,68607.508,2025-03-07 11:00:00+00:00
1741348800,68341.02,2025-03-07 12:00:00+00:00
1741352400,68382.088,2025-03-07 13:00:00+00:00
1741356000,69135.203,2025-03-07 14:00:00+00:00
1741359600,68589.425,2025-03-07 15:00:00+00:00
1741363200,69504.486,2025-03-07 16:00:00+00:00
1741366800,69768.427,2025-03-07 17:00:00+00:00
1741370400,69638.537,2025-03-07 18:00:00+00:00
1741374000,69515.88,2025-03-07 19:00:00+00:00
1741377600,70138.265,2025-03-07 20:00:00+00:00
1741381200,68904.556,2025-03-07 21:00:00+00:00
1741384800,68978.669,2025-03-07 22:00:00+00:00
1741388400,69109.274,2025-03-07 23:00:00+00:00
1741392000,68932.102,2025-03-08 00:00:00+00:00
1741395600,69002.024,2025-03-08 01:00:00+00:00
1741399200,68795.413,2025-03-08 02:00:00+00:00
1741402800,69011.677,2025-03-08 03:00:00+00:00
1741406400,69063.405,2025-03-08 04:00:00+00:00
1741410000,69104.39,2025-03-08 05:00:00+00:00
1741413600,69053.559,2025-03-08 06:00:00+00:00
1741417200,69130.012,2025-03-08 07:00:00+00:00
1741420800,69338.763,2025-03-08 08:00:00+00:00
1741424400,69349.498,2025-03-08 09:00:00+00:00
1741428000,69346.664,2025-03-08 10:00:00+00:00
1741431600,69315.196,2025-03-08 11:00:00+00:00
1741435200,69580.256,2025-03-08 12:00:00+00:00
1741438800,69771.403,2025-03-08 13:00:00+00:00
1741442400,70028.159,2025-03-08 14:00:00+00:00
1741446000,70029.784,2025-03-08 15:00:00+00:00
1741449600,69735.204,2025-03-08 16:00:00+00:00
1741453200,68929.884,2025-03-08 17:00:00+00:00
1741456800,68917.63,2025-03-08 18:00:00+00:00
1741460400,68475.062,2025-03-08 19:00:00+00:00
1741464000,68462.455,2025-03-08 20:00:00+00:00
1741467600,68278.878,2025-03-08 21:00:00+00:00
1741471200,68438.528,2025-03-08 22:00:00+00:00
1741474800,68422.509,2025-03-08 23:00:00+00:00
1741478400,68575.839,2025-03-09 00:00:00+00:00
1741482000,68811.832,2025-03-09 01:00:00+00:00
1741485600,68834.612,2025-03-09 02:00:00+00:00
1741489200,68588.803,2025-03-09 03:00:00+00:00
1741492800,68647.245,2025-03-09 04:00:00+00:00
1741496400,68750.5,2025-03-09 05:00:00+00:00
1741500000,68822.382,2025-03-09 06:00:00+00:00
1741503600,68806.355,2025-03-09 07:00:00+00:00
1741507200,68792.585,2025-03-09 08:00:00+00:00
1741510800,69340.55,2025-03-09 09:00:00+00:00
1741514400,69707.414,2025-03-09 10:00:00+00:00
1741518000,70366.327,2025-03-09 11:00:00+00:00
1741521600,71425.007,2025-03-09 12:00:00+00:00
1741525200,71298.189,2025-03-09 13:00:00+00:00
1741528800,71291.686,2025-03-09 14:00:00+00:00
1741532400,71605.543,2025-03-09 15:00:00+00:00
1741536000,71245.623,2025-03-09 16:00:00+00:00
1741539600,71161.124,2025-03-09 17:00:00+00:00
1741543200,71493.44,2025-03-09 18:00:00+00:00
1741546800,71572.261,2025-03-09 19:00:00+00:00
1741550400,71743.458,2025-03-09 20:00:00+00:00
1741554000,71056.683,2025-03-09 21:00:00+00:00
1741557600,70642.145,2025-03-09 22:00:00+00:00
1741561200,70146.89,2025-03-09 23:00:00+00:00
1741564800,69744.579,2025-03-10 00:00:00+00:00
1741568400,69695.017,2025-03-10 01:00:00+00:00
1741572000,69353.297,2025-03-10 02:00:00+00:00
1741575600,69577.625,2025-03-10 03:00:00+00:00
1741579200,69720.826,2025-03-10 04:00:00+00:00
1741582800,69518.543,2025-03-10 05:00:00+00:00
1741586400,69496.289,2025-03-10 06:00:00+00:00
1741590000,69502.712,2025-03-10 07:00:00+00:00
1741593600,69749.739,2025-03-10 08:00:00+00:00
1741597200,68440.647,2025-03-10 09:00:00+00:00
1741600800,68811.235,2025-03-10 10:00:00+00:00
1741604400,69295.685,2025-03-10 11:00:00+00:00
1741608000,69818.651,2025-03-10 12:00:00+00:00
1741611600,69171.827,2025-03-10 13:00:00+00:00
1741615200,69469.327,2025-03-10 14:00:00+00:00
1741618800,69847.59,2025-03-10 15:00:00+00:00
1741622400,69704.808,2025-03-10 16:00:00+00:00
1741626000,69439.841,2025-03-10 17:00:00+00:00
1741629600,69490.321,2025-03-10 18:00:00+00:00
1741633200,69367.4,2025-03-10 19:00:00+00:00
1741636800,70247.306,2025-03-10 20:00:00+00:00
1741640400,69866.97,2025-03-10 21:00:00+00:00
1741644000,69863.018,2025-03-10 22:00:00+00:00
1741647600,69675.934,2025-03-10 23:00:00+00:00
1741651200,69498.774,2025-03-11 00:00:00+00:00
1741654800,69217.637,2025-03-11 01:00:00+00:00
1741658400,68942.669,2025-03-11 02:00:00+00:00
1741662000,68976.789,2025-03-11 03:00:00+00:00
1741665600,69196.779,2025-03-11 04:00:00+00:00
1741669200,69037.36,2025-03-11 05:00:00+00:00
1741672800,69128.325,2025-03-11 06:00:00+00:00
1741676400,69005.21,2025-03-11 07:00:00+00:00
1741680000,69816.16,2025-03-11 08:00:00+00:00
1741683600,69778.102,2025-03-11 09:00:00+00:00
1741687200,69675.203,2025-03-11 10:00:00+00:00
1741690800,70190.063,2025-03-11 11:00:00+00:00
1741694400,70873.351,2025-03-11 12:00:00+00:00
1741698000,70198.927,2025-03-11 13:00:00+00:00
1741701600,70712.575,2025-03-11 14:00:00+00:00
1741705200,70946.532,2025-03-11 15:00:00+00:00
1741708800,70936.468,2025-03-11 16:00:00+00:00
1741712400,70452.906,2025-03-11 17:00:00+00:00
1741716000,71011.406,2025-03-11 18:00:00+00:00
1741719600,70855.255,2025-03-11 19:00:00+00:00
1741723200,70264.558,2025-03-11 20:00:00+00:00
1741726800,69964.168,2025-03-11 21:00:00+00:00
1741730400,70026.142,2025-03-11 22:00:00+00:00
1741734000,69966.383,2025-03-11 23:00:00+00:00
1741737600,69938.189,2025-03-12 00:00:00+00:00
1741741200,70357.841,2025-03-12 01:00:00+00:00
1741744800,70012.907,2025-03-12 02:00:00+00:00
1741748400,69983.552,2025-03-12 03:00:00+00:00
1741752000,70072.778,2025-03-12 04:00:00+00:00
1741755600,69967.403,2025-03-12 05:00:00+00:00
1741759200,70438.816,2025-03-12 06:00:00+00:00
1741762800,70948.459,2025-03-12 07:00:00+00:00
1741766400,71119.564,2025-03-12 08:00:00+00:00
1741770000,70757.118,2025-03-12 09:00:00+00:00
1741773600,70372.704,2025-03-12 10:00:00+00:00
1741777200,70472.168,2025-03-12 11:00:00+00:00
1741780800,70516.646,2025-03-12 12:00:00+00:00
1741784400,70196.642,2025-03-12 13:00:00+00:00
1741788000,70137.76,2025-03-12 14:00:00+00:00
1741791600,70516.197,2025-03-12 15:00:00+00:00
1741795200,70266.164,2025-03-12 16:00:00+00:00
1741798800,69799.761,2025-03-12 17:00:00+00:00
1741802400,69620.531,2025-03-12 18:00:00+00:00
1741806000,69258.582,2025-03-12 19:00:00+00:00
1741809600,69177.96,2025-03-12 20:00:00+00:00
1741813200,68859.157,2025-03-12 21:00:00+00:00
1741816800,69068.053,2025-03-12 22:00:00+00:00
1741820400,68960.482,2025-03-12 23:00:00+00:00
1741824000,69508.236,2025-03-13 00:00:00+00:00
1741827600,69654.649,2025-03-13 01:00:00+00:00
1741831200,69935.707,2025-03-13 02:00:00+00:00
1741834800,70345.924,2025-03-13 03:00:00+00:00
1741838400,70590.774,2025-03-13 04:00:00+00:00
1741842000,70298.725,2025-03-13 05:00:00+00:00
1741845600,70035.826,2025-03-13 06:00:00+00:00
1741849200,70276.79,2025-03-13 07:00:00+00:00
1741852800,70302.903,2025-03-13 08:00:00+00:00
1741856400,71007.344,2025-03-13 09:00:00+00:00
1741860000,71351.095,2025-03-13 10:00:00+00:00
1741863600,71357.524,2025-03-13 11:00:00+00:00
1741867200,71297.234,2025-03-13 12:00:00+00:00
1741870800,70290.745,2025-03-13 13:00:00+00:00
1741874400,69709.037,2025-03-13 14:00:00+00:00
1741878000,69777.164,2025-03-13 15:00:00+00:00
1741881600,70856.193,2025-03-13 16:00:00+00:00
1741885200,70833.574,2025-03-13 17:00:00+00:00
1741888800,71037.983,2025-03-13 18:00:00+00:00
1741892400,71548.781,2025-03-13 19:00:00+00:00
1741896000,71404.592,2025-03-13 20:00:00+00:00
1741899600,71763.599,2025-03-13 21:00:00+00:00
1741903200,72280.606,2025-03-13 22:00:00+00:00
1741906800,72031.215,2025-03-13 23:00:00+00:00
1741910400,71964.149,2025-03-14 00:00:00+00:00
1741914000,71830.534,2025-03-14 01:00:00+00:00
1741917600,71107.952,2025-03-14 02:00:00+00:00
1741921200,70784.563,2025-03-14 03:00:00+00:00
1741924800,70667.971,2025-03-14 04:00:00+00:00
1741928400,70778.693,2025-03-14 05:00:00+00:00
1741932000,70651.883,2025-03-14 06:00:00+00:00
1741935600,70663.365,2025-03-14 07:00:00+00:00
1741939200,70954.846,2025-03-14 08:00:00+00:00
1741942800,71470.276,2025-03-14 09:00:00+00:00
1741946400,70818.557,2025-03-14 10:00:00+00:00
1741950000,71285.29,2025-03-14 11:00:00+00:00
1741953600,71855.339,2025-03-14 12:00:00+00:00
1741957200,72064.206,2025-03-14 13:00:00+00:00
1741960800,73034.247,2025-03-14 14:00:00+00:00
1741964400,74436.981,2025-03-14 15:00:00+00:00
1741968000,73525.827,2025-03-14 16:00:00+00:00
1741971600,73440.157,2025-03-14 17:00:00+00:00
1741975200,73632.431,2025-03-14 18:00:00+00:00
1741978800,73527.125,2025-03-14 19:00:00+00:00
1741982400,73139.786,2025-03-14 20:00:00+00:00
1741986000,73346.817,2025-03-14 21:00:00+00:00
1741989600,72929.486,2025-03-14 22:00:00+00:00
1741993200,72974.592,2025-03-14 23:00:00+00:00
1741996800,73004.646,2025-03-15 00:00:00+00:00
1742000400,73042.795,2025-03-15 01:00:00+00:00
1742004000,72883.949,2025-03-15 02:00:00+00:00
1742007600,72998.419,2025-03-15 03:00:00+00:00
1742011200,72915.581,2025-03-15 04:00:00+00:00
1742014800,73091.631,2025-03-15 05:00:00+00:00
1742018400,73037.039,2025-03-15 06:00:00+00:00
1742022000,72863.428,2025-03-15 07:00:00+00:00
1742025600,72346.192,2025-03-15 08:00:00+00:00
1742029200,72214.843,2025-03-15 09:00:00+00:00
1742032800,72444.613,2025-03-15 10:00:00+00:00
1742036400,72193.697,2025-03-15 11:00:00+00:00
1742040000,72080.295,2025-03-15 12:00:00+00:00
1742043600,71697.179,2025-03-15 13:00:00+00:00
1742047200,71356.744,2025-03-15 14:00:00+00:00
1742050800,71530.826,2025-03-15 15:00:00+00:00
1742054400,71346.55,2025-03-15 16:00:00+00:00
1742058000,71044.678,2025-03-15 17:00:00+00:00
1742061600,70994.048,2025-03-15 18:00:00+00:00
1742065200,70882.334,2025-03-15 19:00:00+00:00
1742068800,70827.916,2025-03-15 20:00:00+00:00
1742072400,70713.572,2025-03-15 21:00:00+00:00
1742076000,70767.555,2025-03-15 22:00:00+00:00
1742079600,70619.995,2025-03-15 23:00:00+00:00
1742083200,70608.574,2025-03-16 00:00:00+00:00
1742086800,70828.522,2025-03-16 01:00:00+00:00
1742090400,70595.74,2025-03-16 02:00:00+00:00
1742094000,70358.021,2025-03-16 03:00:00+00:00
1742097600,70596.954,2025-03-16 04:00:00+00:00
1742101200,70723.383,2025-03-16 05:00:00+00:00
1742104800,70907.163,2025-03-16 06:00:00+00:00
1742108400,71027.917,2025-03-16 07:00:00+00:00
1742112000,71085.425,2025-03-16 08:00:00+00:00
1742115600,71244.47,2025-03-16 09:00:00+00:00
1742119200,71076.745,2025-03-16 10:00:00+00:00
1742122800,70912.807,2025-03-16 11:00:00+00:00
1742126400,70912.107,2025-03-16 12:00:00+00:00
1742130000,71097.461,2025-03-16 13:00:00+00:00
1742133600,71120.913,2025-03-16 14:00:00+00:00
1742137200,71284.208,2025-03-16 15:00:00+00:00
1742140800,69629.106,2025-03-16 16:00:00+00:00
1742144400,70132.356,2025-03-16 17:00:00+00:00
1742148000,70145.779,2025-03-16 18:00:00+00:00
1742151600,69317.149,2025-03-16 19:00:00+00:00
1742155200,68871.313,2025-03-16 20:00:00+00:00
1742158800,68895.376,2025-03-16 21:00:00+00:00
1742162400,68716.02,2025-03-16 22:00:00+00:00
1742166000,68522.723,2025-03-16 23:00:00+00:00
1742169600,68790.97,2025-03-17 00:00:00+00:00
1742173200,68722.157,2025-03-17 01:00:00+00:00
1742176800,68709.266,2025-03-17 02:00:00+00:00
1742180400,69058.427,2025-03-17 03:00:00+00:00
1742184000,69548.337,2025-03-17 04:00:00+00:00
1742187600,69197.119,2025-03-17 05:00:00+00:00
1742191200,69279.085,2025-03-17 06:00:00+00:00
1742194800,69522.646,2025-03-17 07:00:00+00:00
1742198400,69655.171,2025-03-17 08:00:00+00:00
1742202000,69952.916,2025-03-17 09:00:00+00:00
1742205600,70072.088,2025-03-17 10:00:00+00:00
1742209200,70585.701,2025-03-17 11:00:00+00:00
1742212800,70377.719,2025-03-17 12:00:00+00:00
1742216400,70287.092,2025-03-17 13:00:00+00:00
1742220000,70377.322,2025-03-17 14:00:00+00:00
1742223600,69799.524,2025-03-17 15:00:00+00:00
1742227200,70257.482,2025-03-17 16:00:00+00:00
1742230800,70458.546,2025-03-17 17:00:00+00:00
1742234400,70612.006,2025-03-17 18:00:00+00:00
1742238000,71146.653,2025-03-17 19:00:00+00:00
1742241600,71080.835,2025-03-17 20:00:00+00:00
1742245200,70868.944,2025-03-17 21:00:00+00:00
1742248800,70841.706,2025-03-17 22:00:00+00:00
1742252400,71102.165,2025-03-17 23:00:00+00:00
1742256000,71037.897,2025-03-18 00:00:00+00:00
1742259600,69992.915,2025-03-18 01:00:00+00:00
1742263200,69546.743,2025-03-18 02:00:00+00:00
1742266800,69243.604,2025-03-18 03:00:00+00:00
1742270400,69601.107,2025-03-18 04:00:00+00:00
1742274000,69344.694,2025-03-18 05:00:00+00:00
1742277600,69237.595,2025-03-18 06:00:00+00:00
1742281200,69379.108,2025-03-18 07:00:00+00:00
1742284800,69874.451,2025-03-18 08:00:00+00:00
1742288400,69922.166,2025-03-18 09:00:00+00:00
1742292000,69831.351,2025-03-18 10:00:00+00:00
1742295600,70042.222,2025-03-18 11:00:00+00:00
1742299200,69425.626,2025-03-18 12:00:00+00:00
1742302800,70017.98,2025-03-18 13:00:00+00:00
1742306400,71143.049,2025-03-18 14:00:00+00:00
1742310000,70833.761,2025-03-18 15:00:00+00:00
1742313600,71413.07,2025-03-18 16:00:00+00:00
1742317200,71452.075,2025-03-18 17:00:00+00:00
1742320800,71472.474,2025-03-18 18:00:00+00:00
1742324400,71134.374,2025-03-18 19:00:00+00:00
1742328000,70845.081,2025-03-18 20:00:00+00:00
1742331600,70813.975,2025-03-18 21:00:00+00:00
1742335200,70670.92,2025-03-18 22:00:00+00:00
1742338800,70450.883,2025-03-18 23:00:00+00:00
1742342400,70000.83,2025-03-19 00:00:00+00:00
1742346000,69611.979,2025-03-19 01:00:00+00:00
1742349600,69600.862,2025-03-19 02:00:00+00:00
1742353200,69512.233,2025-03-19 03:00:00+00:00
1742356800,69488.168,2025-03-19 04:00:00+00:00
1742360400,69329.755,2025-03-19 05:00:00+00:00
1742364000,69359.338,2025-03-19 06:00:00+00:00
1742367600,69637.184,2025-03-19 07:00:00+00:00
1742371200,69857.542,2025-03-19 08:00:00+00:00
1742374800,70145.493,2025-03-19 09:00:00+00:00
1742378400,70079.036,2025-03-19 10:00:00+00:00
1742382000,70568.893,2025-03-19 11:00:00+00:00
1742385600,70710.873,2025-03-19 12:00:00+00:00
1742389200,71322.474,2025-03-19 13:00:00+00:00
1742392800,71873.071,2025-03-19 14:00:00+00:00
1742396400,72306.41,2025-03-19 15:00:00+00:00
1742400000,72751.677,2025-03-19 16:00:00+00:00
1742403600,72542.469,2025-03-19 17:00:00+00:00
1742407200,73459.463,2025-03-19 18:00:00+00:00
1742410800,74099.97,2025-03-19 19:00:00+00:00
1742414400,74416.594,2025-03-19 20:00:00+00:00
1742418000,74561.835,2025-03-19 21:00:00+00:00
1742421600,75045.869,2025-03-19 22:00:00+00:00
1742425200,76214.246,2025-03-19 23:00:00+00:00
1742428800,76225.759,2025-03-20 00:00:00+00:00
1742432400,75139.175,2025-03-20 01:00:00+00:00
1742436000,74760.742,2025-03-20 02:00:00+00:00
1742439600,74792.746,2025-03-20 03:00:00+00:00
1742443200,74837.91,2025-03-20 04:00:00+00:00
1742446800,74892.723,2025-03-20 05:00:00+00:00
1742450400,75073.05,2025-03-20 06:00:00+00:00
1742454000,75220.821,2025-03-20 07:00:00+00:00
1742457600,75606.414,2025-03-20 08:00:00+00:00
1742461200,75616.079,2025-03-20 09:00:00+00:00
1742464800,74369.349,2025-03-20 10:00:00+00:00
1742468400,74381.801,2025-03-20 11:00:00+00:00
1742472000,74681.178,2025-03-20 12:00:00+00:00
1742475600,74674.021,2025-03-20 13:00:00+00:00
1742479200,74580.86,2025-03-20 14:00:00+00:00
1742482800,73267.968,2025-03-20 15:00:00+00:00
1742486400,72237.456,2025-03-20 16:00:00+00:00
1742490000,71527.696,2025-03-20 17:00:00+00:00
1742493600,71276.464,2025-03-20 18:00:00+00:00
1742497200,71121.402,2025-03-20 19:00:00+00:00
1742500800,71358.883,2025-03-20 20:00:00+00:00
1742504400,71069.911,2025-03-20 21:00:00+00:00
1742508000,71061.332,2025-03-20 22:00:00+00:00
1742511600,70728.76,2025-03-20 23:00:00+00:00
1742515200,71233.982,2025-03-21 00:00:00+00:00
1742518800,71341.226,2025-03-21 01:00:00+00:00
1742522400,71190.524,2025-03-21 02:00:00+00:00
1742526000,71095.342,2025-03-21 03:00:00+00:00
1742529600,71198.304,2025-03-21 04:00:00+00:00
1742533200,71210.992,2025-03-21 05:00:00+00:00
1742536800,70337.895,2025-03-21 06:00:00+00:00
1742540400,69965.743,2025-03-21 07:00:00+00:00
1742544000,69943.841,2025-03-21 08:00:00+00:00
1742547600,70194.338,2025-03-21 09:00:00+00:00
1742551200,69999.515,2025-03-21 10:00:00+00:00
1742554800,69951.079,2025-03-21 11:00:00+00:00
1742558400,70503.013,2025-03-21 12:00:00+00:00
1742562000,70335.338,2025-03-21 13:00:00+00:00
1742565600,70443.463,2025-03-21 14:00:00+00:00
1742569200,70485.606,2025-03-21 15:00:00+00:00
1742572800,70423.395,2025-03-21 16:00:00+00:00
1742576400,70672.726,2025-03-21 17:00:00+00:00
1742580000,70765.968,2025-03-21 18:00:00+00:00
1742583600,70638.742,2025-03-21 19:00:00+00:00
1742587200,70825.71,2025-03-21 20:00:00+00:00
1742590800,70798.226,2025-03-21 21:00:00+00:00
1742594400,70786.718,2025-03-21 22:00:00+00:00
1742598000,70732.439,2025-03-21 23:00:00+00:00
1742601600,70743.238,2025-03-22 00:00:00+00:00
1742605200,70673.589,2025-03-22 01:00:00+00:00
1742608800,70650.347,2025-03-22 02:00:00+00:00
1742612400,70550.184,2025-03-22 03:00:00+00:00
1742616000,70520.289,2025-03-22 04:00:00+00:00
1742619600,70412.512,2025-03-22 05:00:00+00:00
1742623200,70324.64,2025-03-22 06:00:00+00:00
1742626800,70322.296,2025-03-22 07:00:00+00:00
1742630400,70324.298,2025-03-22 08:00:00+00:00
1742634000,70632.232,2025-03-22 09:00:00+00:00
1742637600,70742.114,2025-03-22 10:00:00+00:00
1742641200,70778.002,2025-03-22 11:00:00+00:00
1742644800,70684.149,2025-03-22 12:00:00+00:00
1742648400,70641.239,2025-03-22 13:00:00+00:00
1742652000,70775.057,2025-03-22 14:00:00+00:00
1742655600,70922.693,2025-03-22 15:00:00+00:00
1742659200,71083.507,2025-03-22 16:00:00+00:00
1742662800,71114.121,2025-03-22 17:00:00+00:00
1742666400,71220.0,2025-03-22 18:00:00+00:00
1742670000,71144.028,2025-03-22 19:00:00+00:00
1742673600,70976.974,2025-03-22 20:00:00+00:00
1742677200,70692.199,2025-03-22 21:00:00+00:00
1742680800,70667.038,2025-03-22 22:00:00+00:00
1742684400,70127.568,2025-03-22 23:00:00+00:00
1742688000,70262.034,2025-03-23 00:00:00+00:00
1742691600,70246.101,2025-03-23 01:00:00+00:00
1742695200,70120.542,2025-03-23 02:00:00+00:00
1742698800,70030.62,2025-03-23 03:00:00+00:00
1742702400,70141.024,2025-03-23 04:00:00+00:00
1742706000,70060.121,2025-03-23 05:00:00+00:00
1742709600,70127.069,2025-03-23 06:00:00+00:00
1742713200,70117.965,2025-03-23 07:00:00+00:00
1742716800,70079.724,2025-03-23 08:00:00+00:00
1742720400,70263.448,2025-03-23 09:00:00+00:00
1742724000,70468.706,2025-03-23 10:00:00+00:00
1742727600,71091.499,2025-03-23 11:00:00+00:00
1742731200,71340.03,2025-03-23 12:00:00+00:00
1742734800,71642.602,2025-03-23 13:00:00+00:00
1742738400,71986.464,2025-03-23 14:00:00+00:00
1742742000,72175.183,2025-03-23 15:00:00+00:00
1742745600,71814.139,2025-03-23 16:00:00+00:00
1742749200,72204.237,2025-03-23 17:00:00+00:00
1742752800,72097.854,2025-03-23 18:00:00+00:00
1742756400,71847.104,2025-03-23 19:00:00+00:00
1742760000,71485.593,2025-03-23 20:00:00+00:00
1742763600,71429.552,2025-03-23 21:00:00+00:00
1742767200,71689.671,2025-03-23 22:00:00+00:00
1742770800,72872.422,2025-03-23 23:00:00+00:00
1742774400,73497.71,2025-03-24 00:00:00+00:00
1742778000,73782.623,2025-03-24 01:00:00+00:00
1742781600,73781.574,2025-03-24 02:00:00+00:00
1742785200,74499.977,2025-03-24 03:00:00+00:00
1742788800,75173.335,2025-03-24 04:00:00+00:00
1742792400,75619.97,2025-03-24 05:00:00+00:00
1742796000,76391.297,2025-03-24 06:00:00+00:00
1742799600,76204.091,2025-03-24 07:00:00+00:00
1742803200,77031.756,2025-03-24 08:00:00+00:00
1742806800,77124.996,2025-03-24 09:00:00+00:00
1742810400,77045.229,2025-03-24 10:00:00+00:00
1742814000,77256.892,2025-03-24 11:00:00+00:00
1742817600,77272.441,2025-03-24 12:00:00+00:00
1742821200,77600.642,2025-03-24 13:00:00+00:00
1742824800,77680.005,2025-03-24 14:00:00+00:00
1742828400,77723.6,2025-03-24 15:00:00+00:00
1742832000,78266.316,2025-03-24 16:00:00+00:00
1742835600,78799.945,2025-03-24 17:00:00+00:00
1742839200,79269.945,2025-03-24 18:00:00+00:00
1742842800,79571.722,2025-03-24 19:00:00+00:00
1742846400,79405.525,2025-03-24 20:00:00+00:00
1742850000,78797.833,2025-03-24 21:00:00+00:00
1742853600,78014.862,2025-03-24 22:00:00+00:00
1742857200,77226.184,2025-03-24 23:00:00+00:00
1742860800,76575.327,2025-03-25 00:00:00+00:00
1742864400,76210.784,2025-03-25 01:00:00+00:00
1742868000,76009.902,2025-03-25 02:00:00+00:00
1742871600,75931.274,2025-03-25 03:00:00+00:00
1742875200,75975.19,2025-03-25 04:00:00+00:00
1742878800,75766.628,2025-03-25 05:00:00+00:00
1742882400,75439.946,2025-03-25 06:00:00+00:00
1742886000,75123.009,2025-03-25 07:00:00+00:00
1742889600,75041.024,2025-03-25 08:00:00+00:00
1742893200,74476.924,2025-03-25 09:00:00+00:00
1742896800,74636.347,2025-03-25 10:00:00+00:00
1742900400,74845.538,2025-03-25 11:00:00+00:00
1742904000,75530.642,2025-03-25 12:00:00+00:00
1742907600,75060.183,2025-03-25 13:00:00+00:00
1742911200,75323.276,2025-03-25 14:00:00+00:00
1742914800,76041.259,2025-03-25 15:00:00+00:00
1742918400,76031.476,2025-03-25 16:00:00+00:00
1742922000,76215.403,2025-03-25 17:00:00+00:00
1742925600,75984.82,2025-03-25 18:00:00+00:00
1742929200,76417.69,2025-03-25 19:00:00+00:00
1742932800,76511.168,2025-03-25 20:00:00+00:00
1742936400,76079.785,2025-03-25 21:00:00+00:00
1742940000,75865.912,2025-03-25 22:00:00+00:00
1742943600,75025.997,2025-03-25 23:00:00+00:00
1742947200,74717.743,2025-03-26 00:00:00+00:00
1742950800,74606.289,2025-03-26 01:00:00+00:00
1742954400,74509.286,2025-03-26 02:00:00+00:00
1742958000,74558.149,2025-03-26 03:00:00+00:00
1742961600,74111.965,2025-03-26 04:00:00+00:00
1742965200,73661.106,2025-03-26 05:00:00+00:00
1742968800,73522.238,2025-03-26 06:00:00+00:00
1742972400,73694.18,2025-03-26 07:00:00+00:00
1742976000,74129.618,2025-03-26 08:00:00+00:00
1742979600,74066.03,2025-03-26 09:00:00+00:00
1742983200,74198.731,2025-03-26 10:00:00+00:00
1742986800,74126.71,2025-03-26 11:00:00+00:00
1742990400,73865.332,2025-03-26 12:00:00+00:00
1742994000,72413.082,2025-03-26 13:00:00+00:00
1742997600,72727.342,2025-03-26 14:00:00+00:00
1743001200,72493.582,2025-03-26 15:00:00+00:00
1743004800,72082.701,2025-03-26 16:00:00+00:00
1743008400,70927.021,2025-03-26 17:00:00+00:00
1743012000,70895.74,2025-03-26 18:00:00+00:00
1743015600,70259.742,2025-03-26 19:00:00+00:00
1743019200,71256.929,2025-03-26 20:00:00+00:00
1743022800,70892.102,2025-03-26 21:00:00+00:00
1743026400,70489.882,2025-03-26 22:00:00+00:00
1743030000,70460.837,2025-03-26 23:00:00+00:00
1743033600,70350.192,2025-03-27 00:00:00+00:00
1743037200,70438.394,2025-03-27 01:00:00+00:00
1743040800,70422.877,2025-03-27 02:00:00+00:00
1743044400,70350.994,2025-03-27 03:00:00+00:00
1743048000,70333.469,2025-03-27 04:00:00+00:00
1743051600,70465.41,2025-03-27 05:00:00+00:00
1743055200,70523.444,2025-03-27 06:00:00+00:00
1743058800,70551.124,2025-03-27 07:00:00+00:00
1743062400,70547.919,2025-03-27 08:00:00+00:00
1743066000,70983.064,2025-03-27 09:00:00+00:00
1743069600,71093.446,2025-03-27 10:00:00+00:00
1743073200,71161.898,2025-03-27 11:00:00+00:00
1743076800,71524.9,2025-03-27 12:00:00+00:00
1743080400,71905.71,2025-03-27 13:00:00+00:00
1743084000,71741.561,2025-03-27 14:00:00+00:00
1743087600,71699.149,2025-03-27 15:00:00+00:00
1743091200,71759.141,2025-03-27 16:00:00+00:00
1743094800,71204.079,2025-03-27 17:00:00+00:00
1743098400,71214.299,2025-03-27 18:00:00+00:00
1743102000,71045.201,2025-03-27 19:00:00+00:00
1743105600,70644.187,2025-03-27 20:00:00+00:00
1743109200,70958.852,2025-03-27 21:00:00+00:00
1743112800,70895.036,2025-03-27 22:00:00+00:00
1743116400,70730.483,2025-03-27 23:00:00+00:00
1743120000,70497.75,2025-03-28 00:00:00+00:00
1743123600,70488.525,2025-03-28 01:00:00+00:00
1743127200,70495.165,2025-03-28 02:00:00+00:00
1743130800,70430.61,2025-03-28 03:00:00+00:00
1743134400,70218.42,2025-03-28 04:00:00+00:00
1743138000,70859.518,2025-03-28 05:00:00+00:00
1743141600,71137.453,2025-03-28 06:00:00+00:00
1743145200,71920.801,2025-03-28 07:00:00+00:00
1743148800,71459.966,2025-03-28 08:00:00+00:00
1743152400,71936.055,2025-03-28 09:00:00+00:00
1743156000,71505.272,2025-03-28 10:00:00+00:00
1743159600,71285.158,2025-03-28 11:00:00+00:00
1743163200,71218.218,2025-03-28 12:00:00+00:00
1743166800,72304.907,2025-03-28 13:00:00+00:00
1743170400,72887.601,2025-03-28 14:00:00+00:00
1743174000,73229.202,2025-03-28 15:00:00+00:00
1743177600,72904.588,2025-03-28 16:00:00+00:00
1743181200,73298.24,2025-03-28 17:00:00+00:00
1743184800,73576.886,2025-03-28 18:00:00+00:00
1743188400,73435.176,2025-03-28 19:00:00+00:00
1743192000,73907.06,2025-03-28 20:00:00+00:00
1743195600,73787.294,2025-03-28 21:00:00+00:00
1743199200,74073.815,2025-03-28 22:00:00+00:00
1743202800,73853.627,2025-03-28 23:00:00+00:00
1743206400,73623.22,2025-03-29 00:00:00+00:00
1743210000,73726.544,2025-03-29 01:00:00+00:00
1743213600,72401.329,2025-03-29 02:00:00+00:00
1743217200,72251.559,2025-03-29 03:00:00+00:00
1743220800,72177.308,2025-03-29 04:00:00+00:00
1743224400,72322.044,2025-03-29 05:00:00+00:00
1743228000,72201.239,2025-03-29 06:00:00+00:00
1743231600,72162.875,2025-03-29 07:00:00+00:00
1743235200,72229.689,2025-03-29 08:00:00+00:00
1743238800,71698.965,2025-03-29 09:00:00+00:00
1743242400,71398.4,2025-03-29 10:00:00+00:00
1743246000,71886.12,2025-03-29 11:00:00+00:00
1743249600,71791.709,2025-03-29 12:00:00+00:00
1743253200,71129.792,2025-03-29 13:00:00+00:00
1743256800,71112.935,2025-03-29 14:00:00+00:00
1743260400,71107.881,2025-03-29 15:00:00+00:00
1743264000,71172.338,2025-03-29 16:00:00+00:00
1743267600,70524.741,2025-03-29 17:00:00+00:00
1743271200,70651.816,2025-03-29 18:00:00+00:00
1743274800,70900.955,2025-03-29 19:00:00+00:00
1743278400,71164.877,2025-03-29 20:00:00+00:00
1743282000,71085.951,2025-03-29 21:00:00+00:00
1743285600,71061.79,2025-03-29 22:00:00+00:00
1743289200,71040.465,2025-03-29 23:00:00+00:00
1743292800,71099.239,2025-03-30 00:00:00+00:00
1743296400,71263.311,2025-03-30 01:00:00+00:00
1743300000,71269.551,2025-03-30 02:00:00+00:00
1743303600,71016.396,2025-03-30 03:00:00+00:00
1743307200,71098.299,2025-03-30 04:00:00+00:00
1743310800,70692.36,2025-03-30 05:00:00+00:00
1743314400,70779.342,2025-03-30 06:00:00+00:00
1743318000,70818.475,2025-03-30 07:00:00+00:00
1743321600,70911.402,2025-03-30 08:00:00+00:00
1743325200,71015.745,2025-03-30 09:00:00+00:00
1743328800,70740.212,2025-03-30 10:00:00+00:00
1743332400,70842.734,2025-03-30 11:00:00+00:00
1743336000,70769.493,2025-03-30 12:00:00+00:00
1743339600,70692.94,2025-03-30 13:00:00+00:00
1743343200,70674.983,2025-03-30 14:00:00+00:00
1743346800,70565.405,2025-03-30 15:00:00+00:00
1743350400,70270.788,2025-03-30 16:00:00+00:00
1743354000,70216.44,2025-03-30 17:00:00+00:00
1743357600,69966.86,2025-03-30 18:00:00+00:00
1743361200,70005.71,2025-03-30 19:00:00+00:00
1743364800,70012.143,2025-03-30 20:00:00+00:00
1743368400,69973.033,2025-03-30 21:00:00+00:00
1743372000,69787.022,2025-03-30 22:00:00+00:00
1743375600,69927.339,2025-03-30 23:00:00+00:00
1743379200,69781.52,2025-03-31 00:00:00+00:00
1743382800,69747.637,2025-03-31 01:00:00+00:00
1743386400,69856.267,2025-03-31 02:00:00+00:00
1743390000,69969.876,2025-03-31 03:00:00+00:00
1743393600,69981.036,2025-03-31 04:00:00+00:00
1743397200,70076.175,2025-03-31 05:00:00+00:00
1743400800,70387.213,2025-03-31 06:00:00+00:00
1743404400,70258.858,2025-03-31 07:00:00+00:00
1743408000,70317.924,2025-03-31 08:00:00+00:00
1743411600,70420.682,2025-03-31 09:00:00+00:00
1743415200,70678.936,2025-03-31 10:00:00+00:00
1743418800,71069.092,2025-03-31 11:00:00+00:00
1743422400,70541.883,2025-03-31 12:00:00+00:00
1743426000,70281.211,2025-03-31 13:00:00+00:00
1743429600,70759.646,2025-03-31 14:00:00+00:00
1743433200,70398.62,2025-03-31 15:00:00+00:00
1743436800,70595.016,2025-03-31 16:00:00+00:00
1743440400,69948.314,2025-03-31 17:00:00+00:00
1743444000,70031.601,2025-03-31 18:00:00+00:00
1743447600,69471.481,2025-03-31 19:00:00+00:00
1743451200,69287.48,2025-03-31 20:00:00+00:00
1743454800,69186.773,2025-03-31 21:00:00+00:00
1743458400,69211.752,2025-03-31 22:00:00+00:00
1743462000,68839.759,2025-03-31 23:00:00+00:00
1743465600,68985.869,2025-04-01 00:00:00+00:00
1743469200,68874.177,2025-04-01 01:00:00+00:00
1743472800,69040.089,2025-04-01 02:00:00+00:00
1743476400,69213.056,2025-04-01 03:00:00+00:00
1743480000,69391.81,2025-04-01 04:00:00+00:00
1743483600,69610.08,2025-04-01 05:00:00+00:00
1743487200,69588.368,2025-04-01 06:00:00+00:00
1743490800,69562.444,2025-04-01 07:00:00+00:00
1743494400,70117.188,2025-04-01 08:00:00+00:00
1743498000,70412.251,2025-04-01 09:00:00+00:00
1743501600,70862.874,2025-04-01 10:00:00+00:00
1743505200,71025.657,2025-04-01 11:00:00+00:00
1743508800,70648.218,2025-04-01 12:00:00+00:00
1743512400,70330.648,2025-04-01 13:00:00+00:00
1743516000,69301.242,2025-04-01 14:00:00+00:00
1743519600,71194.556,2025-04-01 15:00:00+00:00
1743523200,71683.817,2025-04-01 16:00:00+00:00
1743526800,71525.29,2025-04-01 17:00:00+00:00
1743530400,71009.782,2025-04-01 18:00:00+00:00
1743534000,70929.203,2025-04-01 19:00:00+00:00
1743537600,71292.869,2025-04-01 20:00:00+00:00
1743541200,71250.213,2025-04-01 21:00:00+00:00
1743544800,71422.395,2025-04-01 22:00:00+00:00
1743548400,71535.61,2025-04-01 23:00:00+00:00
1743552000,71825.429,2025-04-02 00:00:00+00:00
1743555600,71944.193,2025-04-02 01:00:00+00:00
1743559200,72026.631,2025-04-02 02:00:00+00:00
1743562800,72194.911,2025-04-02 03:00:00+00:00
1743566400,71976.448,2025-04-02 04:00:00+00:00
1743570000,71494.349,2025-04-02 05:00:00+00:00
1743573600,70765.327,2025-04-02 06:00:00+00:00
1743577200,70538.811,2025-04-02 07:00:00+00:00
1743580800,70461.414,2025-04-02 08:00:00+00:00
1743584400,70568.883,2025-04-02 09:00:00+00:00
1743588000,70436.107,2025-04-02 10:00:00+00:00
1743591600,70133.599,2025-04-02 11:00:00+00:00
1743595200,70350.853,2025-04-02 12:00:00+00:00
1743598800,71379.106,2025-04-02 13:00:00+00:00
1743602400,71604.458,2025-04-02 14:00:00+00:00
1743606000,73995.016,2025-04-02 15:00:00+00:00
1743609600,74047.91,2025-04-02 16:00:00+00:00
1743613200,73670.932,2025-04-02 17:00:00+00:00
1743616800,73082.885,2025-04-02 18:00:00+00:00
1743620400,72641.186,2025-04-02 19:00:00+00:00
1743624000,71212.79,2025-04-02 20:00:00+00:00
1743627600,69798.352,2025-04-02 21:00:00+00:00
1743631200,69289.155,2025-04-02 22:00:00+00:00
1743634800,69852.215,2025-04-02 23:00:00+00:00
1743638400,68944.212,2025-04-03 00:00:00+00:00
1743642000,68860.003,2025-04-03 01:00:00+00:00
1743645600,68404.525,2025-04-03 02:00:00+00:00
1743649200,68452.929,2025-04-03 03:00:00+00:00
1743652800,68537.667,2025-04-03 04:00:00+00:00
1743656400,68454.906,2025-04-03 05:00:00+00:00
1743660000,68655.989,2025-04-03 06:00:00+00:00
1743663600,68673.721,2025-04-03 07:00:00+00:00
1743667200,68172.658,2025-04-03 08:00:00+00:00
1743670800,68128.326,2025-04-03 09:00:00+00:00
1743674400,68265.948,2025-04-03 10:00:00+00:00
1743678000,68730.732,2025-04-03 11:00:00+00:00
1743681600,69451.867,2025-04-03 12:00:00+00:00
1743685200,70598.188,2025-04-03 13:00:00+00:00
1743688800,71218.897,2025-04-03 14:00:00+00:00
1743692400,71329.441,2025-04-03 15:00:00+00:00
1743696000,71348.81,2025-04-03 16:00:00+00:00
1743699600,70877.397,2025-04-03 17:00:00+00:00
1743703200,70750.634,2025-04-03 18:00:00+00:00
1743706800,71041.881,2025-04-03 19:00:00+00:00
1743710400,71244.47,2025-04-03 20:00:00+00:00
1743714000,71060.732,2025-04-03 21:00:00+00:00
1743717600,71137.714,2025-04-03 22:00:00+00:00
1743721200,71577.833,2025-04-03 23:00:00+00:00
1743724800,71156.426,2025-04-04 00:00:00+00:00
1743728400,71138.241,2025-04-04 01:00:00+00:00
1743732000,70937.653,2025-04-04 02:00:00+00:00
1743735600,70890.549,2025-04-04 03:00:00+00:00
1743739200,70987.336,2025-04-04 04:00:00+00:00
1743742800,70759.506,2025-04-04 05:00:00+00:00
1743746400,70564.368,2025-04-04 06:00:00+00:00
1743750000,70911.042,2025-04-04 07:00:00+00:00
1743753600,72283.084,2025-04-04 08:00:00+00:00
1743757200,72157.78,2025-04-04 09:00:00+00:00
1743760800,71271.515,2025-04-04 10:00:00+00:00
1743764400,70627.964,2025-04-04 11:00:00+00:00
1743768000,70553.791,2025-04-04 12:00:00+00:00
1743771600,70901.106,2025-04-04 13:00:00+00:00
1743775200,71248.464,2025-04-04 14:00:00+00:00
1743778800,71599.166,2025-04-04 15:00:00+00:00
1743782400,72235.647,2025-04-04 16:00:00+00:00
1743786000,73492.286,2025-04-04 17:00:00+00:00
1743789600,73343.82,2025-04-04 18:00:00+00:00
1743793200,73218.474,2025-04-04 19:00:00+00:00
1743796800,73147.089,2025-04-04 20:00:00+00:00
1743800400,73053.665,2025-04-04 21:00:00+00:00
1743804000,73133.503,2025-04-04 22:00:00+00:00
1743807600,72827.788,2025-04-04 23:00:00+00:00
1743811200,72842.122,2025-04-05 00:00:00+00:00
1743814800,73678.819,2025-04-05 01:00:00+00:00
1743818400,73984.92,2025-04-05 02:00:00+00:00
1743822000,73660.727,2025-04-05 03:00:00+00:00
1743825600,73615.783,2025-04-05 04:00:00+00:00
1743829200,73541.744,2025-04-05 05:00:00+00:00
1743832800,73284.78,2025-04-05 06:00:00+00:00
1743836400,73047.231,2025-04-05 07:00:00+00:00
1743840000,73066.512,2025-04-05 08:00:00+00:00
1743843600,72984.874,2025-04-05 09:00:00+00:00
1743847200,73111.686,2025-04-05 10:00:00+00:00
1743850800,73264.625,2025-04-05 11:00:00+00:00
1743854400,73782.09,2025-04-05 12:00:00+00:00
1743858000,72492.488,2025-04-05 13:00:00+00:00
1743861600,72153.442,2025-04-05 14:00:00+00:00
1743865200,72566.704,2025-04-05 15:00:00+00:00
1743868800,72367.97,2025-04-05 16:00:00+00:00
1743872400,72141.2,2025-04-05 17:00:00+00:00
1743876000,72011.481,2025-04-05 18:00:00+00:00
1743879600,71935.27,2025-04-05 19:00:00+00:00
1743883200,71835.424,2025-04-05 20:00:00+00:00
1743886800,71768.991,2025-04-05 21:00:00+00:00
1743890400,71871.238,2025-04-05 22:00:00+00:00
1743894000,70787.397,2025-04-05 23:00:00+00:00
1743897600,70786.281,2025-04-06 00:00:00+00:00
1743901200,70380.849,2025-04-06 01:00:00+00:00
1743904800,70474.141,2025-04-06 02:00:00+00:00
1743908400,70307.469,2025-04-06 03:00:00+00:00
1743912000,70359.294,2025-04-06 04:00:00+00:00
1743915600,70533.329,2025-04-06 05:00:00+00:00
1743919200,70727.346,2025-04-06 06:00:00+00:00
1743922800,71015.548,2025-04-06 07:00:00+00:00
1743926400,70908.63,2025-04-06 08:00:00+00:00
1743930000,71026.336,2025-04-06 09:00:00+00:00
1743933600,70907.511,2025-04-06 10:00:00+00:00
1743937200,70809.922,2025-04-06 11:00:00+00:00
1743940800,70819.609,2025-04-06 12:00:00+00:00
1743944400,71865.316,2025-04-06 13:00:00+00:00
1743948000,71934.682,2025-04-06 14:00:00+00:00
1743951600,72674.233,2025-04-06 15:00:00+00:00
1743955200,72599.396,2025-04-06 16:00:00+00:00
1743958800,73210.905,2025-04-06 17:00:00+00:00
1743962400,72968.221,2025-04-06 18:00:00+00:00
1743966000,72912.327,2025-04-06 19:00:00+00:00
1743969600,72730.481,2025-04-06 20:00:00+00:00
1743973200,72797.753,2025-04-06 21:00:00+00:00
1743976800,73255.768,2025-04-06 22:00:00+00:00
1743980400,73132.854,2025-04-06 23:00:00+00:00
1743984000,73072.556,2025-04-07 00:00:00+00:00
1743987600,73286.772,2025-04-07 01:00:00+00:00
1743991200,73123.686,2025-04-07 02:00:00+00:00
1743994800,73610.402,2025-04-07 03:00:00+00:00
1743998400,73874.819,2025-04-07 04:00:00+00:00
1744002000,74436.855,2025-04-07 05:00:00+00:00
1744005600,73395.669,2025-04-07 06:00:00+00:00
1744009200,73983.678,2025-04-07 07:00:00+00:00
1744012800,73402.02,2025-04-07 08:00:00+00:00
1744016400,73053.292,2025-04-07 09:00:00+00:00
1744020000,73428.533,2025-04-07 10:00:00+00:00
1744023600,73329.237,2025-04-07 11:00:00+00:00
1744027200,73569.081,2025-04-07 12:00:00+00:00
1744030800,73226.952,2025-04-07 13:00:00+00:00
1744034400,71084.563,2025-04-07 14:00:00+00:00
1744038000,70886.487,2025-04-07 15:00:00+00:00
1744041600,70929.96,2025-04-07 16:00:00+00:00
1744045200,70676.643,2025-04-07 17:00:00+00:00
1744048800,69954.16,2025-04-07 18:00:00+00:00
1744052400,69486.095,2025-04-07 19:00:00+00:00
1744056000,70116.306,2025-04-07 20:00:00+00:00
1744059600,70006.089,2025-04-07 21:00:00+00:00
1744063200,72186.245,2025-04-07 22:00:00+00:00
1744066800,70875.738,2025-04-07 23:00:00+00:00
1744070400,70567.611,2025-04-08 00:00:00+00:00
1744074000,70654.025,2025-04-08 01:00:00+00:00
1744077600,71062.511,2025-04-08 02:00:00+00:00
1744081200,70735.585,2025-04-08 03:00:00+00:00
1744084800,71072.45,2025-04-08 04:00:00+00:00
1744088400,70895.433,2025-04-08 05:00:00+00:00
1744092000,70584.792,2025-04-08 06:00:00+00:00
1744095600,70837.195,2025-04-08 07:00:00+00:00
1744099200,70688.178,2025-04-08 08:00:00+00:00
1744102800,71063.114,2025-04-08 09:00:00+00:00
1744106400,71018.594,2025-04-08 10:00:00+00:00
1744110000,70774.967,2025-04-08 11:00:00+00:00
1744113600,71317.645,2025-04-08 12:00:00+00:00
1744117200,71833.824,2025-04-08 13:00:00+00:00
1744120800,71426.671,2025-04-08 14:00:00+00:00
1744124400,70761.505,2025-04-08 15:00:00+00:00
1744128000,70878.814,2025-04-08 16:00:00+00:00
1744131600,71144.187,2025-04-08 17:00:00+00:00
1744135200,71337.352,2025-04-08 18:00:00+00:00
1744138800,71785.574,2025-04-08 19:00:00+00:00
1744142400,71823.272,2025-04-08 20:00:00+00:00
1744146000,71603.869,2025-04-08 21:00:00+00:00
1744149600,72889.959,2025-04-08 22:00:00+00:00
1744153200,73338.175,2025-04-08 23:00:00+00:00
1744156800,73901.649,2025-04-09 00:00:00+00:00
1744160400,73828.942,2025-04-09 01:00:00+00:00
1744164000,74499.885,2025-04-09 02:00:00+00:00
1744167600,74595.341,2025-04-09 03:00:00+00:00
1744171200,74882.704,2025-04-09 04:00:00+00:00
1744174800,75130.14,2025-04-09 05:00:00+00:00
1744178400,75107.374,2025-04-09 06:00:00+00:00
1744182000,74499.267,2025-04-09 07:00:00+00:00
1744185600,74110.131,2025-04-09 08:00:00+00:00
1744189200,74380.646,2025-04-09 09:00:00+00:00
1744192800,73911.414,2025-04-09 10:00:00+00:00
1744196400,73333.965,2025-04-09 11:00:00+00:00
1744200000,74502.484,2025-04-09 12:00:00+00:00
1744203600,75145.939,2025-04-09 13:00:00+00:00
1744207200,74694.464,2025-04-09 14:00:00+00:00
1744210800,73360.313,2025-04-09 15:00:00+00:00
1744214400,73461.114,2025-04-09 16:00:00+00:00
1744218000,76075.053,2025-04-09 17:00:00+00:00
1744221600,76477.607,2025-04-09 18:00:00+00:00
1744225200,75656.41,2025-04-09 19:00:00+00:00
1744228800,77049.565,2025-04-09 20:00:00+00:00
1744232400,75322.033,2025-04-09 21:00:00+00:00
1744236000,75127.84,2025-04-09 22:00:00+00:00
1744239600,74631.203,2025-04-09 23:00:00+00:00
1744243200,74491.338,2025-04-10 00:00:00+00:00
1744246800,74122.359,2025-04-10 01:00:00+00:00
1744250400,74034.799,2025-04-10 02:00:00+00:00
1744254000,73391.1,2025-04-10 03:00:00+00:00
1744257600,73251.243,2025-04-10 04:00:00+00:00
1744261200,73189.355,2025-04-10 05:00:00+00:00
1744264800,73292.082,2025-04-10 06:00:00+00:00
1744268400,72786.915,2025-04-10 07:00:00+00:00
1744272000,72969.804,2025-04-10 08:00:00+00:00
1744275600,73120.593,2025-04-10 09:00:00+00:00
1744279200,72759.408,2025-04-10 10:00:00+00:00
1744282800,73032.561,2025-04-10 11:00:00+00:00
1744286400,72636.031,2025-04-10 12:00:00+00:00
1744290000,72521.28,2025-04-10 13:00:00+00:00
1744293600,72987.373,2025-04-10 14:00:00+00:00
1744297200,74387.668,2025-04-10 15:00:00+00:00
1744300800,74647.645,2025-04-10 16:00:00+00:00
1744304400,74157.942,2025-04-10 17:00:00+00:00
1744308000,73753.466,2025-04-10 18:00:00+00:00
1744311600,73556.214,2025-04-10 19:00:00+00:00
1744315200,73774.493,2025-04-10 20:00:00+00:00
1744318800,73603.989,2025-04-10 21:00:00+00:00
1744322400,73617.359,2025-04-10 22:00:00+00:00
1744326000,73548.459,2025-04-10 23:00:00+00:00
1744329600,72909.278,2025-04-11 00:00:00+00:00
1744333200,73096.401,2025-04-11 01:00:00+00:00
1744336800,73934.611,2025-04-11 02:00:00+00:00
1744340400,74539.215,2025-04-11 03:00:00+00:00
1744344000,74490.918,2025-04-11 04:00:00+00:00
1744347600,73926.429,2025-04-11 05:00:00+00:00
1744351200,74270.807,2025-04-11 06:00:00+00:00
1744354800,74372.641,2025-04-11 07:00:00+00:00
1744358400,75439.55,2025-04-11 08:00:00+00:00
1744362000,77407.049,2025-04-11 09:00:00+00:00
1744365600,78384.416,2025-04-11 10:00:00+00:00
1744369200,77560.703,2025-04-11 11:00:00+00:00
1744372800,76960.173,2025-04-11 12:00:00+00:00
1744376400,78056.584,2025-04-11 13:00:00+00:00
1744380000,76834.981,2025-04-11 14:00:00+00:00
1744383600,77199.022,2025-04-11 15:00:00+00:00
1744387200,78047.523,2025-04-11 16:00:00+00:00
1744390800,79329.864,2025-04-11 17:00:00+00:00
1744394400,79200.663,2025-04-11 18:00:00+00:00
1744398000,79195.326,2025-04-11 19:00:00+00:00
1744401600,79063.532,2025-04-11 20:00:00+00:00
1744405200,78998.212,2025-04-11 21:00:00+00:00
1744408800,78429.824,2025-04-11 22:00:00+00:00
1744412400,78185.72,2025-04-11 23:00:00+00:00
1744416000,77882.486,2025-04-12 00:00:00+00:00
1744419600,77761.601,2025-04-12 01:00:00+00:00
1744423200,77403.105,2025-04-12 02:00:00+00:00
1744426800,77564.224,2025-04-12 03:00:00+00:00
1744430400,77553.079,2025-04-12 04:00:00+00:00
1744434000,77654.904,2025-04-12 05:00:00+00:00
1744437600,77932.027,2025-04-12 06:00:00+00:00
1744441200,77999.016,2025-04-12 07:00:00+00:00
1744444800,77817.655,2025-04-12 08:00:00+00:00
1744448400,77988.108,2025-04-12 09:00:00+00:00
1744452000,77911.657,2025-04-12 10:00:00+00:00
1744455600,77972.307,2025-04-12 11:00:00+00:00
1744459200,78310.099,2025-04-12 12:00:00+00:00
1744462800,78769.279,2025-04-12 13:00:00+00:00
1744466400,80174.991,2025-04-12 14:00:00+00:00
1744470000,80883.065,2025-04-12 15:00:00+00:00
1744473600,80974.23,2025-04-12 16:00:00+00:00
1744477200,80894.408,2025-04-12 17:00:00+00:00
1744480800,81040.062,2025-04-12 18:00:00+00:00
1744484400,80980.623,2025-04-12 19:00:00+00:00
1744488000,80645.692,2025-04-12 20:00:00+00:00
1744491600,80635.22,2025-04-12 21:00:00+00:00
1744495200,80933.748,2025-04-12 22:00:00+00:00
1744498800,80932.33,2025-04-12 23:00:00+00:00
1744502400,81430.196,2025-04-13 00:00:00+00:00
1744506000,81464.826,2025-04-13 01:00:00+00:00
1744509600,81479.244,2025-04-13 02:00:00+00:00
1744513200,81403.466,2025-04-13 03:00:00+00:00
1744516800,81384.594,2025-04-13 04:00:00+00:00
1744520400,80631.368,2025-04-13 05:00:00+00:00
1744524000,80327.201,2025-04-13 06:00:00+00:00
1744527600,80292.374,2025-04-13 07:00:00+00:00
1744531200,80612.819,2025-04-13 08:00:00+00:00
1744534800,80377.816,2025-04-13 09:00:00+00:00
1744538400,80487.495,2025-04-13 10:00:00+00:00
1744542000,80319.226,2025-04-13 11:00:00+00:00
1744545600,80230.458,2025-04-13 12:00:00+00:00
1744549200,80505.469,2025-04-13 13:00:00+00:00
1744552800,80278.498,2025-04-13 14:00:00+00:00
1744556400,79910.348,2025-04-13 15:00:00+00:00
1744560000,79853.982,2025-04-13 16:00:00+00:00
1744563600,79296.191,2025-04-13 17:00:00+00:00
1744567200,79405.805,2025-04-13 18:00:00+00:00
1744570800,78964.291,2025-04-13 19:00:00+00:00
1744574400,78193.593,2025-04-13 20:00:00+00:00
1744578000,78204.329,2025-04-13 21:00:00+00:00
1744581600,77713.239,2025-04-13 22:00:00+00:00
1744585200,77500.825,2025-04-13 23:00:00+00:00
1744588800,78319.14,2025-04-14 00:00:00+00:00
1744592400,78235.273,2025-04-14 01:00:00+00:00
1744596000,78217.915,2025-04-14 02:00:00+00:00
1744599600,78025.871,2025-04-14 03:00:00+00:00
1744603200,78227.001,2025-04-14 04:00:00+00:00
1744606800,78132.047,2025-04-14 05:00:00+00:00
1744610400,78304.438,2025-04-14 06:00:00+00:00
1744614000,78077.833,2025-04-14 07:00:00+00:00
1744617600,78247.521,2025-04-14 08:00:00+00:00
1744621200,77921.097,2025-04-14 09:00:00+00:00
1744624800,77699.606,2025-04-14 10:00:00+00:00
1744628400,77885.976,2025-04-14 11:00:00+00:00
1744632000,78335.54,2025-04-14 12:00:00+00:00
1744635600,78078.618,2025-04-14 13:00:00+00:00
1744639200,78252.973,2025-04-14 14:00:00+00:00
1744642800,76736.579,2025-04-14 15:00:00+00:00
1744646400,76324.285,2025-04-14 16:00:00+00:00
1744650000,76336.806,2025-04-14 17:00:00+00:00
1744653600,76524.947,2025-04-14 18:00:00+00:00
1744657200,76362.281,2025-04-14 19:00:00+00:00
1744660800,76002.379,2025-04-14 20:00:00+00:00
1744664400,75923.032,2025-04-14 21:00:00+00:00
1744668000,75788.993,2025-04-14 22:00:00+00:00
1744671600,75822.369,2025-04-14 23:00:00+00:00
1744675200,76101.449,2025-04-15 00:00:00+00:00
1744678800,76478.497,2025-04-15 01:00:00+00:00
1744682400,77060.048,2025-04-15 02:00:00+00:00
1744686000,77224.213,2025-04-15 03:00:00+00:00
1744689600,77575.793,2025-04-15 04:00:00+00:00
1744693200,77972.506,2025-04-15 05:00:00+00:00
1744696800,78009.511,2025-04-15 06:00:00+00:00
1744700400,78606.201,2025-04-15 07:00:00+00:00
1744704000,79265.873,2025-04-15 08:00:00+00:00
1744707600,80131.191,2025-04-15 09:00:00+00:00
1744711200,80291.771,2025-04-15 10:00:00+00:00
1744714800,80389.638,2025-04-15 11:00:00+00:00
1744718400,80430.592,2025-04-15 12:00:00+00:00
1744722000,80078.622,2025-04-15 13:00:00+00:00
1744725600,78871.63,2025-04-15 14:00:00+00:00
1744729200,78857.815,2025-04-15 15:00:00+00:00
1744732800,78818.788,2025-04-15 16:00:00+00:00
1744736400,78240.852,2025-04-15 17:00:00+00:00
1744740000,78093.347,2025-04-15 18:00:00+00:00
1744743600,78408.273,2025-04-15 19:00:00+00:00
1744747200,78029.964,2025-04-15 20:00:00+00:00
1744750800,77785.538,2025-04-15 21:00:00+00:00
1744754400,77770.707,2025-04-15 22:00:00+00:00
1744758000,77415.131,2025-04-15 23:00:00+00:00
1744761600,77133.645,2025-04-16 00:00:00+00:00
1744765200,77113.596,2025-04-16 01:00:00+00:00
1744768800,77373.248,2025-04-16 02:00:00+00:00
1744772400,77453.648,2025-04-16 03:00:00+00:00
1744776000,77623.964,2025-04-16 04:00:00+00:00
1744779600,77873.323,2025-04-16 05:00:00+00:00
1744783200,77898.224,2025-04-16 06:00:00+00:00
1744786800,78133.12,2025-04-16 07:00:00+00:00
1744790400,78514.875,2025-04-16 08:00:00+00:00
1744794000,78728.031,2025-04-16 09:00:00+00:00
1744797600,78942.328,2025-04-16 10:00:00+00:00
1744801200,79236.707,2025-04-16 11:00:00+00:00
1744804800,79237.614,2025-04-16 12:00:00+00:00
1744808400,79488.659,2025-04-16 13:00:00+00:00
1744812000,79370.065,2025-04-16 14:00:00+00:00
1744815600,79348.88,2025-04-16 15:00:00+00:00
1744819200,79325.487,2025-04-16 16:00:00+00:00
1744822800,77254.37,2025-04-16 17:00:00+00:00
1744826400,76852.732,2025-04-16 18:00:00+00:00
1744830000,76865.654,2025-04-16 19:00:00+00:00
1744833600,76586.305,2025-04-16 20:00:00+00:00
1744837200,76636.511,2025-04-16 21:00:00+00:00
1744840800,76545.709,2025-04-16 22:00:00+00:00
1744844400,76321.278,2025-04-16 23:00:00+00:00
1744848000,76271.227,2025-04-17 00:00:00+00:00
1744851600,76409.813,2025-04-17 01:00:00+00:00
1744855200,76461.775,2025-04-17 02:00:00+00:00
1744858800,76799.919,2025-04-17 03:00:00+00:00
1744862400,76963.449,2025-04-17 04:00:00+00:00
1744866000,76922.728,2025-04-17 05:00:00+00:00
1744869600,77642.118,2025-04-17 06:00:00+00:00
1744873200,78065.809,2025-04-17 07:00:00+00:00
1744876800,77694.857,2025-04-17 08:00:00+00:00
1744880400,77443.345,2025-04-17 09:00:00+00:00
1744884000,77360.513,2025-04-17 10:00:00+00:00
1744887600,77350.844,2025-04-17 11:00:00+00:00
1744891200,77582.522,2025-04-17 12:00:00+00:00
1744894800,77543.546,2025-04-17 13:00:00+00:00
1744898400,78204.616,2025-04-17 14:00:00+00:00
1744902000,77533.959,2025-04-17 15:00:00+00:00
1744905600,77150.355,2025-04-17 16:00:00+00:00
1744909200,77299.139,2025-04-17 17:00:00+00:00
1744912800,78365.398,2025-04-17 18:00:00+00:00
1744916400,77586.589,2025-04-17 19:00:00+00:00
1744920000,77785.91,2025-04-17 20:00:00+00:00
1744923600,77744.504,2025-04-17 21:00:00+00:00
1744927200,77802.476,2025-04-17 22:00:00+00:00
1744930800,77971.018,2025-04-17 23:00:00+00:00
1744934400,78096.72,2025-04-18 00:00:00+00:00
1744938000,78058.711,2025-04-18 01:00:00+00:00
1744941600,77955.586,2025-04-18 02:00:00+00:00
1744945200,77838.44,2025-04-18 03:00:00+00:00
1744948800,77764.31,2025-04-18 04:00:00+00:00
1744952400,77290.557,2025-04-18 05:00:00+00:00
1744956000,77337.507,2025-04-18 06:00:00+00:00
1744959600,76672.867,2025-04-18 07:00:00+00:00
1744963200,76589.881,2025-04-18 08:00:00+00:00
1744966800,76430.827,2025-04-18 09:00:00+00:00
1744970400,76446.511,2025-04-18 10:00:00+00:00
1744974000,76390.603,2025-04-18 11:00:00+00:00
1744977600,76377.557,2025-04-18 12:00:00+00:00
1744981200,76460.309,2025-04-18 13:00:00+00:00
1744984800,76419.037,2025-04-18 14:00:00+00:00
1744988400,76376.881,2025-04-18 15:00:00+00:00
1744992000,76557.21,2025-04-18 16:00:00+00:00
1744995600,76671.25,2025-04-18 17:00:00+00:00
1744999200,76516.915,2025-04-18 18:00:00+00:00
1745002800,76459.594,2025-04-18 19:00:00+00:00
1745006400,76278.441,2025-04-18 20:00:00+00:00
1745010000,76067.256,2025-04-18 21:00:00+00:00
1745013600,76176.113,2025-04-18 22:00:00+00:00
1745017200,76392.583,2025-04-18 23:00:00+00:00
1745020800,76391.433,2025-04-19 00:00:00+00:00
1745024400,76201.48,2025-04-19 01:00:00+00:00
1745028000,76107.492,2025-04-19 02:00:00+00:00
1745031600,76123.119,2025-04-19 03:00:00+00:00
1745035200,77373.821,2025-04-19 04:00:00+00:00
1745038800,77577.786,2025-04-19 05:00:00+00:00
1745042400,77622.427,2025-04-19 06:00:00+00:00
1745046000,77886.11,2025-04-19 07:00:00+00:00
1745049600,78753.904,2025-04-19 08:00:00+00:00
1745053200,79291.104,2025-04-19 09:00:00+00:00
1745056800,79281.699,2025-04-19 10:00:00+00:00
1745060400,79257.733,2025-04-19 11:00:00+00:00
1745064000,79407.037,2025-04-19 12:00:00+00:00
1745067600,80062.495,2025-04-19 13:00:00+00:00
1745071200,80145.651,2025-04-19 14:00:00+00:00
1745074800,79526.238,2025-04-19 15:00:00+00:00
1745078400,79824.074,2025-04-19 16:00:00+00:00
1745082000,79448.888,2025-04-19 17:00:00+00:00
1745085600,79551.8,2025-04-19 18:00:00+00:00
1745089200,79494.84,2025-04-19 19:00:00+00:00
1745092800,79349.025,2025-04-19 20:00:00+00:00
1745096400,79195.806,2025-04-19 21:00:00+00:00
1745100000,79156.973,2025-04-19 22:00:00+00:00
1745103600,79136.507,2025-04-19 23:00:00+00:00
1745107200,79252.601,2025-04-20 00:00:00+00:00
1745110800,79300.95,2025-04-20 01:00:00+00:00
1745114400,79482.879,2025-04-20 02:00:00+00:00
1745118000,79427.466,2025-04-20 03:00:00+00:00
1745121600,79223.417,2025-04-20 04:00:00+00:00
1745125200,79036.656,2025-04-20 05:00:00+00:00
1745128800,78079.851,2025-04-20 06:00:00+00:00
1745132400,78611.331,2025-04-20 07:00:00+00:00
1745136000,78661.439,2025-04-20 08:00:00+00:00
1745139600,78691.806,2025-04-20 09:00:00+00:00
1745143200,78425.819,2025-04-20 10:00:00+00:00
1745146800,78811.784,2025-04-20 11:00:00+00:00
1745150400,78436.981,2025-04-20 12:00:00+00:00
1745154000,78443.3,2025-04-20 13:00:00+00:00
1745157600,78313.106,2025-04-20 14:00:00+00:00
1745161200,78168.62,2025-04-20 15:00:00+00:00
1745164800,78293.303,2025-04-20 16:00:00+00:00
1745168400,78150.267,2025-04-20 17:00:00+00:00
1745172000,78005.464,2025-04-20 18:00:00+00:00
1745175600,77983.035,2025-04-20 19:00:00+00:00
1745179200,77355.515,2025-04-20 20:00:00+00:00
1745182800,76904.941,2025-04-20 21:00:00+00:00
1745186400,76647.279,2025-04-20 22:00:00+00:00
1745190000,77373.844,2025-04-20 23:00:00+00:00
1745193600,77579.957,2025-04-21 00:00:00+00:00
1745197200,80553.503,2025-04-21 01:00:00+00:00
1745200800,81697.806,2025-04-21 02:00:00+00:00
1745204400,82393.153,2025-04-21 03:00:00+00:00
1745208000,82549.399,2025-04-21 04:00:00+00:00
1745211600,82988.491,2025-04-21 05:00:00+00:00
1745215200,83298.299,2025-04-21 06:00:00+00:00
1745218800,83634.701,2025-04-21 07:00:00+00:00
1745222400,83742.442,2025-04-21 08:00:00+00:00
1745226000,84499.789,2025-04-21 09:00:00+00:00
1745229600,84360.127,2025-04-21 10:00:00+00:00
1745233200,82682.892,2025-04-21 11:00:00+00:00
1745236800,83357.081,2025-04-21 12:00:00+00:00
1745240400,84121.505,2025-04-21 13:00:00+00:00
1745244000,85267.168,2025-04-21 14:00:00+00:00
1745247600,86062.813,2025-04-21 15:00:00+00:00
1745251200,84481.713,2025-04-21 16:00:00+00:00
1745254800,83125.362,2025-04-21 17:00:00+00:00
1745258400,82622.947,2025-04-21 18:00:00+00:00
1745262000,82909.619,2025-04-21 19:00:00+00:00
1745265600,82532.869,2025-04-21 20:00:00+00:00
1745269200,82243.61,2025-04-21 21:00:00+00:00
1745272800,82278.047,2025-04-21 22:00:00+00:00
1745276400,82074.516,2025-04-21 23:00:00+00:00
1745280000,82254.753,2025-04-22 00:00:00+00:00
1745283600,83327.01,2025-04-22 01:00:00+00:00
1745287200,84359.528,2025-04-22 02:00:00+00:00
1745290800,83891.583,2025-04-22 03:00:00+00:00
1745294400,84157.523,2025-04-22 04:00:00+00:00
1745298000,84475.986,2025-04-22 05:00:00+00:00
1745301600,84475.68,2025-04-22 06:00:00+00:00
1745305200,85166.88,2025-04-22 07:00:00+00:00
1745308800,85813.556,2025-04-22 08:00:00+00:00
1745312400,86096.088,2025-04-22 09:00:00+00:00
1745316000,86061.733,2025-04-22 10:00:00+00:00
1745319600,86519.994,2025-04-22 11:00:00+00:00
1745323200,86470.84,2025-04-22 12:00:00+00:00
1745326800,88266.744,2025-04-22 13:00:00+00:00
1745330400,90476.489,2025-04-22 14:00:00+00:00
1745334000,89811.833,2025-04-22 15:00:00+00:00
1745337600,89836.466,2025-04-22 16:00:00+00:00
1745341200,89718.761,2025-04-22 17:00:00+00:00
1745344800,89287.672,2025-04-22 18:00:00+00:00
1745348400,89276.387,2025-04-22 19:00:00+00:00
1745352000,89258.175,2025-04-22 20:00:00+00:00
1745355600,84576.22,2025-04-22 21:00:00+00:00
1745359200,84285.042,2025-04-22 22:00:00+00:00
1745362800,84525.594,2025-04-22 23:00:00+00:00
1745366400,84520.653,2025-04-23 00:00:00+00:00
1745370000,84254.174,2025-04-23 01:00:00+00:00
1745373600,84504.045,2025-04-23 02:00:00+00:00
1745377200,84798.619,2025-04-23 03:00:00+00:00
1745380800,84855.353,2025-04-23 04:00:00+00:00
1745384400,85560.206,2025-04-23 05:00:00+00:00
1745388000,86075.627,2025-04-23 06:00:00+00:00
1745391600,86172.995,2025-04-23 07:00:00+00:00
1745395200,86357.02,2025-04-23 08:00:00+00:00
1745398800,86929.406,2025-04-23 09:00:00+00:00
1745402400,85717.553,2025-04-23 10:00:00+00:00
1745406000,85364.45,2025-04-23 11:00:00+00:00
1745409600,85225.645,2025-04-23 12:00:00+00:00
1745413200,83411.274,2025-04-23 13:00:00+00:00
1745416800,82883.648,2025-04-23 14:00:00+00:00
1745420400,81920.808,2025-04-23 15:00:00+00:00
1745424000,82185.106,2025-04-23 16:00:00+00:00
1745427600,82150.804,2025-04-23 17:00:00+00:00
1745431200,82138.339,2025-04-23 18:00:00+00:00
1745434800,81527.14,2025-04-23 19:00:00+00:00
1745438400,81423.426,2025-04-23 20:00:00+00:00
1745442000,81350.574,2025-04-23 21:00:00+00:00
1745445600,81509.673,2025-04-23 22:00:00+00:00
1745449200,81606.129,2025-04-23 23:00:00+00:00
1745452800,81787.508,2025-04-24 00:00:00+00:00
1745456400,81775.532,2025-04-24 01:00:00+00:00
1745460000,81914.072,2025-04-24 02:00:00+00:00
1745463600,82390.068,2025-04-24 03:00:00+00:00
1745467200,82410.094,2025-04-24 04:00:00+00:00
1745470800,82274.065,2025-04-24 05:00:00+00:00
1745474400,81910.745,2025-04-24 06:00:00+00:00
1745478000,82138.91,2025-04-24 07:00:00+00:00
1745481600,82504.517,2025-04-24 08:00:00+00:00
1745485200,82415.855,2025-04-24 09:00:00+00:00
1745488800,82176.036,2025-04-24 10:00:00+00:00
1745492400,82282.311,2025-04-24 11:00:00+00:00
1745496000,82064.016,2025-04-24 12:00:00+00:00
1745499600,81877.433,2025-04-24 13:00:00+00:00
1745503200,81621.242,2025-04-24 14:00:00+00:00
1745506800,81640.8,2025-04-24 15:00:00+00:00
1745510400,81700.174,2025-04-24 16:00:00+00:00
1745514000,81420.943,2025-04-24 17:00:00+00:00
1745517600,81657.107,2025-04-24 18:00:00+00:00
1745521200,82364.381,2025-04-24 19:00:00+00:00
1745524800,82233.762,2025-04-24 20:00:00+00:00
1745528400,82306.018,2025-04-24 21:00:00+00:00
1745532000,82402.476,2025-04-24 22:00:00+00:00
1745535600,82838.891,2025-04-24 23:00:00+00:00
1745539200,83277.639,2025-04-25 00:00:00+00:00
1745542800,82847.028,2025-04-25 01:00:00+00:00
1745546400,82786.844,2025-04-25 02:00:00+00:00
1745550000,82713.381,2025-04-25 03:00:00+00:00
1745553600,82875.4,2025-04-25 04:00:00+00:00
1745557200,82821.238,2025-04-25 05:00:00+00:00
1745560800,82488.515,2025-04-25 06:00:00+00:00
1745564400,81822.148,2025-04-25 07:00:00+00:00
1745568000,82022.353,2025-04-25 08:00:00+00:00
1745571600,81989.578,2025-04-25 09:00:00+00:00
1745575200,82489.8,2025-04-25 10:00:00+00:00
1745578800,83690.227,2025-04-25 11:00:00+00:00
1745582400,83985.933,2025-04-25 12:00:00+00:00
1745586000,83874.815,2025-04-25 13:00:00+00:00
1745589600,84289.916,2025-04-25 14:00:00+00:00
1745593200,85610.286,2025-04-25 15:00:00+00:00
1745596800,86118.505,2025-04-25 16:00:00+00:00
1745600400,85849.268,2025-04-25 17:00:00+00:00
1745604000,86240.334,2025-04-25 18:00:00+00:00
1745607600,86966.923,2025-04-25 19:00:00+00:00
1745611200,86923.024,2025-04-25 20:00:00+00:00
1745614800,86545.028,2025-04-25 21:00:00+00:00
1745618400,86509.408,2025-04-25 22:00:00+00:00
1745622000,85983.076,2025-04-25 23:00:00+00:00
1745625600,85678.918,2025-04-26 00:00:00+00:00
1745629200,85670.036,2025-04-26 01:00:00+00:00
1745632800,85338.788,2025-04-26 02:00:00+00:00
1745636400,85324.917,2025-04-26 03:00:00+00:00
1745640000,85319.935,2025-04-26 04:00:00+00:00
1745643600,84950.523,2025-04-26 05:00:00+00:00
1745647200,84727.33,2025-04-26 06:00:00+00:00
1745650800,84561.994,2025-04-26 07:00:00+00:00
1745654400,84587.296,2025-04-26 08:00:00+00:00
1745658000,84393.166,2025-04-26 09:00:00+00:00
1745661600,84185.163,2025-04-26 10:00:00+00:00
1745665200,84246.757,2025-04-26 11:00:00+00:00
1745668800,84442.152,2025-04-26 12:00:00+00:00
1745672400,84307.437,2025-04-26 13:00:00+00:00
1745676000,84219.69,2025-04-26 14:00:00+00:00
1745679600,84052.241,2025-04-26 15:00:00+00:00
1745683200,83992.188,2025-04-26 16:00:00+00:00
1745686800,83976.548,2025-04-26 17:00:00+00:00
1745690400,83956.115,2025-04-26 18:00:00+00:00
1745694000,83950.67,2025-04-26 19:00:00+00:00
1745697600,83920.831,2025-04-26 20:00:00+00:00
1745701200,83893.162,2025-04-26 21:00:00+00:00
1745704800,83890.68,2025-04-26 22:00:00+00:00
1745708400,83866.991,2025-04-26 23:00:00+00:00
1745712000,84490.859,2025-04-27 00:00:00+00:00
1745715600,84451.086,2025-04-27 01:00:00+00:00
1745719200,84204.886,2025-04-27 02:00:00+00:00
1745722800,84264.688,2025-04-27 03:00:00+00:00
1745726400,84290.093,2025-04-27 04:00:00+00:00
1745730000,84175.755,2025-04-27 05:00:00+00:00
1745733600,84189.386,2025-04-27 06:00:00+00:00
1745737200,84097.06,2025-04-27 07:00:00+00:00
1745740800,84035.78,2025-04-27 08:00:00+00:00
1745744400,84307.609,2025-04-27 09:00:00+00:00
1745748000,84369.702,2025-04-27 10:00:00+00:00
1745751600,84401.004,2025-04-27 11:00:00+00:00
1745755200,84326.025,2025-04-27 12:00:00+00:00
1745758800,84735.043,2025-04-27 13:00:00+00:00
1745762400,84653.925,2025-04-27 14:00:00+00:00
1745766000,84479.011,2025-04-27 15:00:00+00:00
1745769600,84499.056,2025-04-27 16:00:00+00:00
1745773200,84082.146,2025-04-27 17:00:00+00:00
1745776800,83632.895,2025-04-27 18:00:00+00:00
1745780400,83739.795,2025-04-27 19:00:00+00:00
1745784000,83659.633,2025-04-27 20:00:00+00:00
1745787600,83396.691,2025-04-27 21:00:00+00:00
1745791200,84051.872,2025-04-27 22:00:00+00:00
1745794800,84123.547,2025-04-27 23:00:00+00:00
1745798400,83744.02,2025-04-28 00:00:00+00:00
1745802000,82657.255,2025-04-28 01:00:00+00:00
1745805600,82355.993,2025-04-28 02:00:00+00:00
1745809200,82546.502,2025-04-28 03:00:00+00:00
1745812800,82800.975,2025-04-28 04:00:00+00:00
1745816400,82718.614,2025-04-28 05:00:00+00:00
1745820000,82972.332,2025-04-28 06:00:00+00:00
1745823600,83356.4,2025-04-28 07:00:00+00:00
1745827200,83639.337,2025-04-28 08:00:00+00:00
1745830800,83952.719,2025-04-28 09:00:00+00:00
1745834400,83647.139,2025-04-28 10:00:00+00:00
1745838000,84216.526,2025-04-28 11:00:00+00:00
1745841600,84758.79,2025-04-28 12:00:00+00:00
1745845200,84446.742,2025-04-28 13:00:00+00:00
1745848800,83846.931,2025-04-28 14:00:00+00:00
1745852400,83280.896,2025-04-28 15:00:00+00:00
1745856000,82535.027,2025-04-28 16:00:00+00:00
1745859600,82356.461,2025-04-28 17:00:00+00:00
1745863200,82297.748,2025-04-28 18:00:00+00:00
1745866800,82534.96,2025-04-28 19:00:00+00:00
1745870400,82090.689,2025-04-28 20:00:00+00:00
1745874000,82056.125,2025-04-28 21:00:00+00:00
1745877600,82072.42,2025-04-28 22:00:00+00:00
1745881200,81887.273,2025-04-28 23:00:00+00:00
1745884800,82325.031,2025-04-29 00:00:00+00:00
1745888400,81925.621,2025-04-29 01:00:00+00:00
1745892000,81676.694,2025-04-29 02:00:00+00:00
1745895600,81408.314,2025-04-29 03:00:00+00:00
1745899200,82509.273,2025-04-29 04:00:00+00:00
1745902800,81336.596,2025-04-29 05:00:00+00:00
1745906400,81204.625,2025-04-29 06:00:00+00:00
1745910000,81275.312,2025-04-29 07:00:00+00:00
1745913600,81196.769,2025-04-29 08:00:00+00:00
1745917200,81400.523,2025-04-29 09:00:00+00:00
1745920800,82043.855,2025-04-29 10:00:00+00:00
1745924400,82461.338,2025-04-29 11:00:00+00:00
1745928000,82461.299,2025-04-29 12:00:00+00:00
1745931600,82274.139,2025-04-29 13:00:00+00:00
1745935200,82537.871,2025-04-29 14:00:00+00:00
1745938800,82440.533,2025-04-29 15:00:00+00:00
1745942400,82721.126,2025-04-29 16:00:00+00:00
1745946000,82827.862,2025-04-29 17:00:00+00:00
1745949600,83136.649,2025-04-29 18:00:00+00:00
1745953200,83390.293,2025-04-29 19:00:00+00:00
1745956800,82868.004,2025-04-29 20:00:00+00:00
1745960400,82211.085,2025-04-29 21:00:00+00:00
1745964000,82350.141,2025-04-29 22:00:00+00:00
1745967600,81930.463,2025-04-29 23:00:00+00:00
1745971200,81795.778,2025-04-30 00:00:00+00:00
1745974800,81633.658,2025-04-30 01:00:00+00:00
1745978400,81473.464,2025-04-30 02:00:00+00:00
1745982000,81424.382,2025-04-30 03:00:00+00:00
1745985600,81370.071,2025-04-30 04:00:00+00:00
1745989200,81734.598,2025-04-30 05:00:00+00:00
1745992800,81763.561,2025-04-30 06:00:00+00:00
1745996400,81581.804,2025-04-30 07:00:00+00:00
1746000000,81380.109,2025-04-30 08:00:00+00:00
1746003600,81898.524,2025-04-30 09:00:00+00:00
1746007200,81898.838,2025-04-30 10:00:00+00:00
1746010800,82466.071,2025-04-30 11:00:00+00:00
1746014400,82452.947,2025-04-30 12:00:00+00:00
1746018000,81435.06,2025-04-30 13:00:00+00:00
1746021600,81549.893,2025-04-30 14:00:00+00:00
1746025200,81663.108,2025-04-30 15:00:00+00:00
1746028800,81817.584,2025-04-30 16:00:00+00:00
1746032400,81852.134,2025-04-30 17:00:00+00:00
1746036000,81816.246,2025-04-30 18:00:00+00:00
1746039600,81260.926,2025-04-30 19:00:00+00:00
1746043200,80876.842,2025-04-30 20:00:00+00:00
1746046800,80443.983,2025-04-30 21:00:00+00:00
1746050400,80306.927,2025-04-30 22:00:00+00:00
1746054000,80041.102,2025-04-30 23:00:00+00:00
1746057600,80175.942,2025-05-01 00:00:00+00:00
1746061200,79962.317,2025-05-01 01:00:00+00:00
1746064800,80612.48,2025-05-01 02:00:00+00:00
1746068400,80818.015,2025-05-01 03:00:00+00:00
1746072000,80667.574,2025-05-01 04:00:00+00:00
1746075600,81449.674,2025-05-01 05:00:00+00:00
1746079200,81745.264,2025-05-01 06:00:00+00:00
1746082800,82102.386,2025-05-01 07:00:00+00:00
1746086400,82626.451,2025-05-01 08:00:00+00:00
1746090000,83967.159,2025-05-01 09:00:00+00:00
1746093600,85412.856,2025-05-01 10:00:00+00:00
1746097200,85878.582,2025-05-01 11:00:00+00:00
1746100800,86458.722,2025-05-01 12:00:00+00:00
1746104400,86680.568,2025-05-01 13:00:00+00:00
1746108000,87443.229,2025-05-01 14:00:00+00:00
1746111600,87446.104,2025-05-01 15:00:00+00:00
1746115200,87991.409,2025-05-01 16:00:00+00:00
1746118800,87502.676,2025-05-01 17:00:00+00:00
1746122400,87015.341,2025-05-01 18:00:00+00:00
1746126000,86530.728,2025-05-01 19:00:00+00:00
1746129600,86219.045,2025-05-01 20:00:00+00:00
1746133200,86173.854,2025-05-01 21:00:00+00:00
1746136800,86024.185,2025-05-01 22:00:00+00:00
1746140400,85981.928,2025-05-01 23:00:00+00:00
1746144000,85973.229,2025-05-02 00:00:00+00:00
1746147600,86439.138,2025-05-02 01:00:00+00:00
1746151200,86321.826,2025-05-02 02:00:00+00:00
1746154800,86528.28,2025-05-02 03:00:00+00:00
1746158400,86582.074,2025-05-02 04:00:00+00:00
1746162000,86444.164,2025-05-02 05:00:00+00:00
1746165600,87141.497,2025-05-02 06:00:00+00:00
1746169200,87793.093,2025-05-02 07:00:00+00:00
1746172800,87594.419,2025-05-02 08:00:00+00:00
1746176400,87686.711,2025-05-02 09:00:00+00:00
1746180000,87514.29,2025-05-02 10:00:00+00:00
1746183600,87661.261,2025-05-02 11:00:00+00:00
1746187200,87981.999,2025-05-02 12:00:00+00:00
1746190800,87736.556,2025-05-02 13:00:00+00:00
1746194400,87963.894,2025-05-02 14:00:00+00:00
1746198000,87818.394,2025-05-02 15:00:00+00:00
1746201600,87791.019,2025-05-02 16:00:00+00:00
1746205200,87495.21,2025-05-02 17:00:00+00:00
1746208800,87601.662,2025-05-02 18:00:00+00:00
1746212400,87012.438,2025-05-02 19:00:00+00:00
1746216000,86948.995,2025-05-02 20:00:00+00:00
1746219600,86673.132,2025-05-02 21:00:00+00:00
1746223200,86472.119,2025-05-02 22:00:00+00:00
1746226800,86192.083,2025-05-02 23:00:00+00:00
1746230400,86085.911,2025-05-03 00:00:00+00:00
1746234000,85594.481,2025-05-03 01:00:00+00:00
1746237600,85377.54,2025-05-03 02:00:00+00:00
1746241200,85189.518,2025-05-03 03:00:00+00:00
1746244800,85110.168,2025-05-03 04:00:00+00:00
1746248400,84993.571,2025-05-03 05:00:00+00:00
1746252000,84759.319,2025-05-03 06:00:00+00:00
1746255600,84714.168,2025-05-03 07:00:00+00:00
1746259200,84574.049,2025-05-03 08:00:00+00:00
1746262800,84395.002,2025-05-03 09:00:00+00:00
1746266400,84774.54,2025-05-03 10:00:00+00:00
1746270000,84465.456,2025-05-03 11:00:00+00:00
1746273600,84376.271,2025-05-03 12:00:00+00:00
1746277200,84468.156,2025-05-03 13:00:00+00:00
1746280800,84365.944,2025-05-03 14:00:00+00:00
1746284400,84476.295,2025-05-03 15:00:00+00:00
1746288000,84130.766,2025-05-03 16:00:00+00:00
1746291600,83913.246,2025-05-03 17:00:00+00:00
1746295200,83964.277,2025-05-03 18:00:00+00:00
1746298800,83830.446,2025-05-03 19:00:00+00:00
1746302400,83796.163,2025-05-03 20:00:00+00:00
1746306000,83968.55,2025-05-03 21:00:00+00:00
1746309600,83762.992,2025-05-03 22:00:00+00:00
1746313200,83718.933,2025-05-03 23:00:00+00:00
1746316800,83517.011,2025-05-04 00:00:00+00:00
1746320400,83257.062,2025-05-04 01:00:00+00:00
1746324000,83025.895,2025-05-04 02:00:00+00:00
1746327600,83144.219,2025-05-04 03:00:00+00:00
1746331200,83040.272,2025-05-04 04:00:00+00:00
1746334800,82998.356,2025-05-04 05:00:00+00:00
1746338400,82534.736,2025-05-04 06:00:00+00:00
1746342000,82388.352,2025-05-04 07:00:00+00:00
1746345600,83623.395,2025-05-04 08:00:00+00:00
1746349200,83652.833,2025-05-04 09:00:00+00:00
1746352800,83358.295,2025-05-04 10:00:00+00:00
1746356400,83254.824,2025-05-04 11:00:00+00:00
1746360000,83210.093,2025-05-04 12:00:00+00:00
1746363600,82904.119,2025-05-04 13:00:00+00:00
1746367200,82994.457,2025-05-04 14:00:00+00:00
1746370800,82968.414,2025-05-04 15:00:00+00:00
1746374400,82917.441,2025-05-04 16:00:00+00:00
1746378000,82801.664,2025-05-04 17:00:00+00:00
1746381600,82764.292,2025-05-04 18:00:00+00:00
1746385200,82744.096,2025-05-04 19:00:00+00:00
1746388800,82757.755,2025-05-04 20:00:00+00:00
1746392400,82491.46,2025-05-04 21:00:00+00:00
1746396000,82657.068,2025-05-04 22:00:00+00:00
1746399600,81779.734,2025-05-04 23:00:00+00:00
1746403200,81689.517,2025-05-05 00:00:00+00:00
1746406800,80419.674,2025-05-05 01:00:00+00:00
1746410400,80969.49,2025-05-05 02:00:00+00:00
1746414000,81413.45,2025-05-05 03:00:00+00:00
1746417600,81474.015,2025-05-05 04:00:00+00:00
1746421200,81643.192,2025-05-05 05:00:00+00:00
1746424800,82182.28,2025-05-05 06:00:00+00:00
1746428400,81583.891,2025-05-05 07:00:00+00:00
1746432000,81565.458,2025-05-05 08:00:00+00:00
1746435600,81396.093,2025-05-05 09:00:00+00:00
1746439200,80932.495,2025-05-05 10:00:00+00:00
1746442800,80817.209,2025-05-05 11:00:00+00:00
1746446400,81127.434,2025-05-05 12:00:00+00:00
1746450000,80640.435,2025-05-05 13:00:00+00:00
1746453600,80764.55,2025-05-05 14:00:00+00:00
1746457200,80880.416,2025-05-05 15:00:00+00:00
1746460800,80887.907,2025-05-05 16:00:00+00:00
1746464400,80872.303,2025-05-05 17:00:00+00:00
1746468000,80236.578,2025-05-05 18:00:00+00:00
1746471600,79959.675,2025-05-05 19:00:00+00:00
1746475200,79599.769,2025-05-05 20:00:00+00:00
1746478800,80039.664,2025-05-05 21:00:00+00:00
1746482400,80210.101,2025-05-05 22:00:00+00:00
1746486000,80389.032,2025-05-05 23:00:00+00:00
1746489600,80365.735,2025-05-06 00:00:00+00:00
1746493200,80196.182,2025-05-06 01:00:00+00:00
1746496800,80060.907,2025-05-06 02:00:00+00:00
1746500400,80182.257,2025-05-06 03:00:00+00:00
1746504000,80162.757,2025-05-06 04:00:00+00:00
1746507600,79835.827,2025-05-06 05:00:00+00:00
1746511200,79957.277,2025-05-06 06:00:00+00:00
1746514800,79999.562,2025-05-06 07:00:00+00:00
1746518400,80384.496,2025-05-06 08:00:00+00:00
1746522000,80396.491,2025-05-06 09:00:00+00:00
1746525600,80734.699,2025-05-06 10:00:00+00:00
1746529200,80592.803,2025-05-06 11:00:00+00:00
1746532800,81009.404,2025-05-06 12:00:00+00:00
1746536400,81211.535,2025-05-06 13:00:00+00:00
1746540000,81384.509,2025-05-06 14:00:00+00:00
1746543600,81708.878,2025-05-06 15:00:00+00:00
1746547200,82006.038,2025-05-06 16:00:00+00:00
1746550800,82061.823,2025-05-06 17:00:00+00:00
1746554400,82513.114,2025-05-06 18:00:00+00:00
1746558000,82837.65,2025-05-06 19:00:00+00:00
1746561600,82494.864,2025-05-06 20:00:00+00:00
1746565200,82334.867,2025-05-06 21:00:00+00:00
1746568800,82865.586,2025-05-06 22:00:00+00:00
1746572400,82530.147,2025-05-06 23:00:00+00:00
1746576000,82178.082,2025-05-07 00:00:00+00:00
1746579600,83032.039,2025-05-07 01:00:00+00:00
1746583200,81603.244,2025-05-07 02:00:00+00:00
1746586800,80337.224,2025-05-07 03:00:00+00:00
1746590400,80249.919,2025-05-07 04:00:00+00:00
1746594000,80260.153,2025-05-07 05:00:00+00:00
1746597600,80490.068,2025-05-07 06:00:00+00:00
1746601200,80517.314,2025-05-07 07:00:00+00:00
1746604800,80596.205,2025-05-07 08:00:00+00:00
1746608400,80696.996,2025-05-07 09:00:00+00:00
1746612000,80886.483,2025-05-07 10:00:00+00:00
1746615600,80793.975,2025-05-07 11:00:00+00:00
1746619200,80890.808,2025-05-07 12:00:00+00:00
1746622800,81222.994,2025-05-07 13:00:00+00:00
1746626400,81872.868,2025-05-07 14:00:00+00:00
1746630000,81704.47,2025-05-07 15:00:00+00:00
1746633600,81478.917,2025-05-07 16:00:00+00:00
1746637200,81166.817,2025-05-07 17:00:00+00:00
1746640800,80651.315,2025-05-07 18:00:00+00:00
1746644400,80576.653,2025-05-07 19:00:00+00:00
1746648000,80978.831,2025-05-07 20:00:00+00:00
1746651600,81069.261,2025-05-07 21:00:00+00:00
1746655200,81406.55,2025-05-07 22:00:00+00:00
1746658800,81441.141,2025-05-07 23:00:00+00:00
1746662400,82139.741,2025-05-08 00:00:00+00:00
1746666000,81876.517,2025-05-08 01:00:00+00:00
1746669600,82829.705,2025-05-08 02:00:00+00:00
1746673200,82903.494,2025-05-08 03:00:00+00:00
1746676800,82820.782,2025-05-08 04:00:00+00:00
1746680400,83758.265,2025-05-08 05:00:00+00:00
1746684000,83733.216,2025-05-08 06:00:00+00:00
1746687600,84321.102,2025-05-08 07:00:00+00:00
1746691200,84682.439,2025-05-08 08:00:00+00:00
1746694800,85098.211,2025-05-08 09:00:00+00:00
1746698400,85416.631,2025-05-08 10:00:00+00:00
1746702000,85914.465,2025-05-08 11:00:00+00:00
1746705600,85658.401,2025-05-08 12:00:00+00:00
1746709200,85098.636,2025-05-08 13:00:00+00:00
1746712800,84810.584,2025-05-08 14:00:00+00:00
1746716400,82300.053,2025-05-08 15:00:00+00:00
1746720000,82369.458,2025-05-08 16:00:00+00:00
1746723600,82402.056,2025-05-08 17:00:00+00:00
1746727200,82739.889,2025-05-08 18:00:00+00:00
1746730800,82447.613,2025-05-08 19:00:00+00:00
1746734400,81552.555,2025-05-08 20:00:00+00:00
1746738000,79528.205,2025-05-08 21:00:00+00:00
1746741600,79446.204,2025-05-08 22:00:00+00:00
1746745200,79515.05,2025-05-08 23:00:00+00:00
1746748800,80065.444,2025-05-09 00:00:00+00:00
1746752400,80227.676,2025-05-09 01:00:00+00:00
1746756000,80133.207,2025-05-09 02:00:00+00:00
1746759600,80181.924,2025-05-09 03:00:00+00:00
1746763200,80165.604,2025-05-09 04:00:00+00:00
1746766800,80419.821,2025-05-09 05:00:00+00:00
1746770400,80665.82,2025-05-09 06:00:00+00:00
1746774000,81074.092,2025-05-09 07:00:00+00:00
1746777600,80899.4,2025-05-09 08:00:00+00:00
1746781200,81055.272,2025-05-09 09:00:00+00:00
1746784800,80677.458,2025-05-09 10:00:00+00:00
1746788400,79951.485,2025-05-09 11:00:00+00:00
1746792000,79652.51,2025-05-09 12:00:00+00:00
1746795600,79668.727,2025-05-09 13:00:00+00:00
1746799200,79659.78,2025-05-09 14:00:00+00:00
1746802800,79775.43,2025-05-09 15:00:00+00:00
1746806400,79281.543,2025-05-09 16:00:00+00:00
1746810000,79045.817,2025-05-09 17:00:00+00:00
1746813600,79001.798,2025-05-09 18:00:00+00:00
1746817200,78737.934,2025-05-09 19:00:00+00:00
1746820800,78832.2,2025-05-09 20:00:00+00:00
1746824400,78590.987,2025-05-09 21:00:00+00:00
1746828000,78599.0,2025-05-09 22:00:00+00:00
1746831600,78465.826,2025-05-09 23:00:00+00:00
1746835200,78339.978,2025-05-10 00:00:00+00:00
1746838800,78444.054,2025-05-10 01:00:00+00:00
1746842400,78517.778,2025-05-10 02:00:00+00:00
1746846000,78627.918,2025-05-10 03:00:00+00:00
1746849600,78658.306,2025-05-10 04:00:00+00:00
1746853200,78753.319,2025-05-10 05:00:00+00:00
1746856800,79066.582,2025-05-10 06:00:00+00:00
1746860400,79264.657,2025-05-10 07:00:00+00:00
1746864000,79217.106,2025-05-10 08:00:00+00:00
1746867600,79993.964,2025-05-10 09:00:00+00:00
1746871200,80229.832,2025-05-10 10:00:00+00:00
1746874800,80290.453,2025-05-10 11:00:00+00:00
1746878400,80338.526,2025-05-10 12:00:00+00:00
1746882000,80220.5,2025-05-10 13:00:00+00:00
1746885600,80349.733,2025-05-10 14:00:00+00:00
1746889200,80116.851,2025-05-10 15:00:00+00:00
1746892800,79969.633,2025-05-10 16:00:00+00:00
1746896400,80046.386,2025-05-10 17:00:00+00:00
1746900000,79724.34,2025-05-10 18:00:00+00:00
1746903600,79706.569,2025-05-10 19:00:00+00:00
1746907200,79722.845,2025-05-10 20:00:00+00:00
1746910800,79578.986,2025-05-10 21:00:00+00:00
1746914400,79604.473,2025-05-10 22:00:00+00:00
1746918000,79948.663,2025-05-10 23:00:00+00:00
1746921600,79519.78,2025-05-11 00:00:00+00:00
1746925200,78852.253,2025-05-11 01:00:00+00:00
1746928800,78428.415,2025-05-11 02:00:00+00:00
1746932400,78497.233,2025-05-11 03:00:00+00:00
1746936000,78787.89,2025-05-11 04:00:00+00:00
1746939600,78681.944,2025-05-11 05:00:00+00:00
1746943200,78441.824,2025-05-11 06:00:00+00:00
1746946800,79600.516,2025-05-11 07:00:00+00:00
1746950400,79158.753,2025-05-11 08:00:00+00:00
1746954000,79845.581,2025-05-11 09:00:00+00:00
1746957600,80131.577,2025-05-11 10:00:00+00:00
1746961200,80521.31,2025-05-11 11:00:00+00:00
1746964800,81299.848,2025-05-11 12:00:00+00:00
1746968400,80988.665,2025-05-11 13:00:00+00:00
1746972000,82099.044,2025-05-11 14:00:00+00:00
1746975600,82049.15,2025-05-11 15:00:00+00:00
1746979200,81731.106,2025-05-11 16:00:00+00:00
1746982800,81465.292,2025-05-11 17:00:00+00:00
1746986400,82195.211,2025-05-11 18:00:00+00:00
1746990000,81879.783,2025-05-11 19:00:00+00:00
1746993600,81741.043,2025-05-11 20:00:00+00:00
1746997200,81551.555,2025-05-11 21:00:00+00:00
1747000800,81541.555,2025-05-11 22:00:00+00:00
1747004400,81331.533,2025-05-11 23:00:00+00:00
1747008000,81375.55,2025-05-12 00:00:00+00:00
1747011600,81666.48,2025-05-12 01:00:00+00:00
1747015200,81789.078,2025-05-12 02:00:00+00:00
1747018800,82174.509,2025-05-12 03:00:00+00:00
1747022400,82278.022,2025-05-12 04:00:00+00:00
1747026000,82254.306,2025-05-12 05:00:00+00:00
1747029600,82488.972,2025-05-12 06:00:00+00:00
1747033200,83114.014,2025-05-12 07:00:00+00:00
1747036800,83397.986,2025-05-12 08:00:00+00:00
1747040400,83296.682,2025-05-12 09:00:00+00:00
1747044000,83401.106,2025-05-12 10:00:00+00:00
1747047600,83588.991,2025-05-12 11:00:00+00:00
1747051200,83661.188,2025-05-12 12:00:00+00:00
1747054800,83062.966,2025-05-12 13:00:00+00:00
1747058400,83083.762,2025-05-12 14:00:00+00:00
1747062000,82356.635,2025-05-12 15:00:00+00:00
1747065600,82268.361,2025-05-12 16:00:00+00:00
1747069200,82435.355,2025-05-12 17:00:00+00:00
1747072800,81570.135,2025-05-12 18:00:00+00:00
1747076400,81623.91,2025-05-12 19:00:00+00:00
1747080000,81332.345,2025-05-12 20:00:00+00:00
1747083600,81209.924,2025-05-12 21:00:00+00:00
1747087200,81497.34,2025-05-12 22:00:00+00:00
1747090800,81618.021,2025-05-12 23:00:00+00:00
1747094400,81459.948,2025-05-13 00:00:00+00:00
1747098000,81414.074,2025-05-13 01:00:00+00:00
1747101600,81427.046,2025-05-13 02:00:00+00:00
1747105200,81823.087,2025-05-13 03:00:00+00:00
1747108800,81564.547,2025-05-13 04:00:00+00:00
1747112400,81349.829,2025-05-13 05:00:00+00:00
1747116000,81578.093,2025-05-13 06:00:00+00:00
1747119600,81533.362,2025-05-13 07:00:00+00:00
1747123200,81870.546,2025-05-13 08:00:00+00:00
1747126800,81854.042,2025-05-13 09:00:00+00:00
1747130400,81858.46,2025-05-13 10:00:00+00:00
1747134000,81898.237,2025-05-13 11:00:00+00:00
1747137600,81676.505,2025-05-13 12:00:00+00:00
1747141200,82663.281,2025-05-13 13:00:00+00:00
1747144800,83391.603,2025-05-13 14:00:00+00:00
1747148400,83605.841,2025-05-13 15:00:00+00:00
1747152000,83520.255,2025-05-13 16:00:00+00:00
1747155600,83262.66,2025-05-13 17:00:00+00:00
1747159200,83177.88,2025-05-13 18:00:00+00:00
1747162800,83088.467,2025-05-13 19:00:00+00:00
1747166400,82850.268,2025-05-13 20:00:00+00:00
1747170000,82734.17,2025-05-13 21:00:00+00:00
1747173600,82522.515,2025-05-13 22:00:00+00:00
1747177200,82276.342,2025-05-13 23:00:00+00:00
1747180800,81986.174,2025-05-14 00:00:00+00:00
1747184400,81990.633,2025-05-14 01:00:00+00:00
1747188000,81697.581,2025-05-14 02:00:00+00:00
1747191600,81730.52,2025-05-14 03:00:00+00:00
1747195200,81870.106,2025-05-14 04:00:00+00:00
1747198800,81950.083,2025-05-14 05:00:00+00:00
1747202400,81756.027,2025-05-14 06:00:00+00:00
1747206000,81590.217,2025-05-14 07:00:00+00:00
1747209600,81677.212,2025-05-14 08:00:00+00:00
1747213200,81474.965,2025-05-14 09:00:00+00:00
1747216800,81525.833,2025-05-14 10:00:00+00:00
1747220400,81307.607,2025-05-14 11:00:00+00:00
1747224000,81308.189,2025-05-14 12:00:00+00:00
1747227600,80980.378,2025-05-14 13:00:00+00:00
1747231200,80959.259,2025-05-14 14:00:00+00:00
1747234800,81087.17,2025-05-14 15:00:00+00:00
1747238400,80777.907,2025-05-14 16:00:00+00:00
1747242000,80180.749,2025-05-14 17:00:00+00:00
1747245600,80200.475,2025-05-14 18:00:00+00:00
1747249200,80356.634,2025-05-14 19:00:00+00:00
1747252800,80211.999,2025-05-14 20:00:00+00:00
1747256400,80143.734,2025-05-14 21:00:00+00:00
1747260000,80196.235,2025-05-14 22:00:00+00:00
1747263600,80225.911,2025-05-14 23:00:00+00:00
1747267200,80177.704,2025-05-15 00:00:00+00:00
1747270800,80313.854,2025-05-15 01:00:00+00:00
1747274400,80422.308,2025-05-15 02:00:00+00:00
1747278000,80117.066,2025-05-15 03:00:00+00:00
1747281600,80263.579,2025-05-15 04:00:00+00:00
1747285200,80478.661,2025-05-15 05:00:00+00:00
1747288800,80567.212,2025-05-15 06:00:00+00:00
1747292400,81216.678,2025-05-15 07:00:00+00:00
1747296000,81414.528,2025-05-15 08:00:00+00:00
1747299600,81071.577,2025-05-15 09:00:00+00:00
1747303200,81298.942,2025-05-15 10:00:00+00:00
1747306800,81109.594,2025-05-15 11:00:00+00:00
1747310400,81052.068,2025-05-15 12:00:00+00:00
1747314000,80942.377,2025-05-15 13:00:00+00:00
1747317600,80778.992,2025-05-15 14:00:00+00:00
1747321200,80673.615,2025-05-15 15:00:00+00:00
1747324800,80584.616,2025-05-15 16:00:00+00:00
1747328400,80767.851,2025-05-15 17:00:00+00:00
1747332000,79934.63,2025-05-15 18:00:00+00:00
1747335600,80102.478,2025-05-15 19:00:00+00:00
1747339200,79891.602,2025-05-15 20:00:00+00:00
1747342800,79707.948,2025-05-15 21:00:00+00:00
1747346400,79421.758,2025-05-15 22:00:00+00:00
1747350000,79522.272,2025-05-15 23:00:00+00:00
1747353600,79925.992,2025-05-16 00:00:00+00:00
1747357200,79723.688,2025-05-16 01:00:00+00:00
1747360800,79908.802,2025-05-16 02:00:00+00:00
1747364400,79931.078,2025-05-16 03:00:00+00:00
1747368000,80033.926,2025-05-16 04:00:00+00:00
1747371600,80156.168,2025-05-16 05:00:00+00:00
1747375200,80092.576,2025-05-16 06:00:00+00:00
1747378800,80036.987,2025-05-16 07:00:00+00:00
1747382400,80561.378,2025-05-16 08:00:00+00:00
1747386000,80447.966,2025-05-16 09:00:00+00:00
1747389600,80713.828,2025-05-16 10:00:00+00:00
1747393200,80635.502,2025-05-16 11:00:00+00:00
1747396800,80616.704,2025-05-16 12:00:00+00:00
1747400400,80409.179,2025-05-16 13:00:00+00:00
1747404000,80719.824,2025-05-16 14:00:00+00:00
1747407600,80884.873,2025-05-16 15:00:00+00:00
1747411200,81305.776,2025-05-16 16:00:00+00:00
1747414800,81389.662,2025-05-16 17:00:00+00:00
1747418400,80969.515,2025-05-16 18:00:00+00:00
1747422000,80755.338,2025-05-16 19:00:00+00:00
1747425600,80596.532,2025-05-16 20:00:00+00:00
1747429200,80476.322,2025-05-16 21:00:00+00:00
1747432800,80300.723,2025-05-16 22:00:00+00:00
1747436400,80269.834,2025-05-16 23:00:00+00:00
1747440000,80374.241,2025-05-17 00:00:00+00:00
1747443600,79768.066,2025-05-17 01:00:00+00:00
1747447200,79129.78,2025-05-17 02:00:00+00:00
1747450800,78905.917,2025-05-17 03:00:00+00:00
1747454400,78789.18,2025-05-17 04:00:00+00:00
1747458000,78941.091,2025-05-17 05:00:00+00:00
1747461600,78931.451,2025-05-17 06:00:00+00:00
1747465200,78746.942,2025-05-17 07:00:00+00:00
1747468800,78706.783,2025-05-17 08:00:00+00:00
1747472400,79716.942,2025-05-17 09:00:00+00:00
1747476000,79650.227,2025-05-17 10:00:00+00:00
1747479600,79609.501,2025-05-17 11:00:00+00:00
1747483200,79654.075,2025-05-17 12:00:00+00:00
1747486800,79670.858,2025-05-17 13:00:00+00:00
1747490400,79362.138,2025-05-17 14:00:00+00:00
1747494000,79438.83,2025-05-17 15:00:00+00:00
1747497600,79288.747,2025-05-17 16:00:00+00:00
1747501200,78961.553,2025-05-17 17:00:00+00:00
1747504800,78896.53,2025-05-17 18:00:00+00:00
1747508400,78899.851,2025-05-17 19:00:00+00:00
1747512000,78802.818,2025-05-17 20:00:00+00:00
1747515600,78581.328,2025-05-17 21:00:00+00:00
1747519200,78630.086,2025-05-17 22:00:00+00:00
1747522800,78569.982,2025-05-17 23:00:00+00:00
1747526400,78581.704,2025-05-18 00:00:00+00:00
1747530000,78591.339,2025-05-18 01:00:00+00:00
1747533600,78689.97,2025-05-18 02:00:00+00:00
1747537200,78868.806,2025-05-18 03:00:00+00:00
1747540800,78909.494,2025-05-18 04:00:00+00:00
1747544400,78890.407,2025-05-18 05:00:00+00:00
1747548000,79167.283,2025-05-18 06:00:00+00:00
1747551600,78661.085,2025-05-18 07:00:00+00:00
1747555200,79615.635,2025-05-18 08:00:00+00:00
1747558800,79780.413,2025-05-18 09:00:00+00:00
1747562400,79961.74,2025-05-18 10:00:00+00:00
1747566000,79978.836,2025-05-18 11:00:00+00:00
1747569600,80271.804,2025-05-18 12:00:00+00:00
1747573200,80788.241,2025-05-18 13:00:00+00:00
1747576800,82953.191,2025-05-18 14:00:00+00:00
1747580400,83635.857,2025-05-18 15:00:00+00:00
1747584000,84435.777,2025-05-18 16:00:00+00:00
1747587600,84467.567,2025-05-18 17:00:00+00:00
1747591200,83096.727,2025-05-18 18:00:00+00:00
1747594800,82654.241,2025-05-18 19:00:00+00:00
1747598400,82198.737,2025-05-18 20:00:00+00:00
1747602000,82300.719,2025-05-18 21:00:00+00:00
1747605600,81163.194,2025-05-18 22:00:00+00:00
1747609200,80958.79,2025-05-18 23:00:00+00:00
1747612800,81652.108,2025-05-19 00:00:00+00:00
1747616400,81104.128,2025-05-19 01:00:00+00:00
1747620000,80866.682,2025-05-19 02:00:00+00:00
1747623600,80384.516,2025-05-19 03:00:00+00:00
1747627200,79148.51,2025-05-19 04:00:00+00:00
1747630800,78499.969,2025-05-19 05:00:00+00:00
1747634400,78392.493,2025-05-19 06:00:00+00:00
1747638000,79212.519,2025-05-19 07:00:00+00:00
1747641600,79191.144,2025-05-19 08:00:00+00:00
1747645200,78896.927,2025-05-19 09:00:00+00:00
1747648800,78689.403,2025-05-19 10:00:00+00:00
1747652400,78951.681,2025-05-19 11:00:00+00:00
1747656000,78597.963,2025-05-19 12:00:00+00:00
1747659600,79772.666,2025-05-19 13:00:00+00:00
1747663200,80452.221,2025-05-19 14:00:00+00:00
1747666800,80837.682,2025-05-19 15:00:00+00:00
1747670400,81023.019,2025-05-19 16:00:00+00:00
1747674000,81934.526,2025-05-19 17:00:00+00:00
1747677600,82272.064,2025-05-19 18:00:00+00:00
1747681200,81941.63,2025-05-19 19:00:00+00:00
1747684800,81827.31,2025-05-19 20:00:00+00:00
1747688400,81821.911,2025-05-19 21:00:00+00:00
1747692000,82318.677,2025-05-19 22:00:00+00:00
1747695600,82339.824,2025-05-19 23:00:00+00:00
1747699200,82831.648,2025-05-20 00:00:00+00:00
1747702800,83383.154,2025-05-20 01:00:00+00:00
1747706400,83503.334,2025-05-20 02:00:00+00:00
1747710000,83695.785,2025-05-20 03:00:00+00:00
1747713600,84005.464,2025-05-20 04:00:00+00:00
1747717200,84125.986,2025-05-20 05:00:00+00:00
1747720800,84169.735,2025-05-20 06:00:00+00:00
1747724400,84345.936,2025-05-20 07:00:00+00:00
1747728000,84342.902,2025-05-20 08:00:00+00:00
1747731600,84161.843,2025-05-20 09:00:00+00:00
1747735200,84330.46,2025-05-20 10:00:00+00:00
1747738800,83894.509,2025-05-20 11:00:00+00:00
1747742400,83292.522,2025-05-20 12:00:00+00:00
1747746000,81586.146,2025-05-20 13:00:00+00:00
1747749600,81305.608,2025-05-20 14:00:00+00:00
1747753200,81490.778,2025-05-20 15:00:00+00:00
1747756800,81523.514,2025-05-20 16:00:00+00:00
1747760400,80563.061,2025-05-20 17:00:00+00:00
1747764000,80682.301,2025-05-20 18:00:00+00:00
1747767600,82051.589,2025-05-20 19:00:00+00:00
1747771200,83269.772,2025-05-20 20:00:00+00:00
1747774800,83185.025,2025-05-20 21:00:00+00:00
1747778400,83502.172,2025-05-20 22:00:00+00:00
1747782000,83827.883,2025-05-20 23:00:00+00:00
1747785600,84122.955,2025-05-21 00:00:00+00:00
1747789200,84202.248,2025-05-21 01:00:00+00:00
1747792800,84303.38,2025-05-21 02:00:00+00:00
1747796400,84842.427,2025-05-21 03:00:00+00:00
1747800000,85111.829,2025-05-21 04:00:00+00:00
1747803600,85510.767,2025-05-21 05:00:00+00:00
1747807200,86199.85,2025-05-21 06:00:00+00:00
1747810800,85336.644,2025-05-21 07:00:00+00:00
1747814400,85213.593,2025-05-21 08:00:00+00:00
1747818000,85225.782,2025-05-21 09:00:00+00:00
1747821600,84902.265,2025-05-21 10:00:00+00:00
1747825200,84793.204,2025-05-21 11:00:00+00:00
1747828800,84427.603,2025-05-21 12:00:00+00:00
1747832400,84426.687,2025-05-21 13:00:00+00:00
1747836000,84614.227,2025-05-21 14:00:00+00:00
1747839600,86557.549,2025-05-21 15:00:00+00:00
1747843200,87307.045,2025-05-21 16:00:00+00:00
1747846800,85128.575,2025-05-21 17:00:00+00:00
1747850400,84457.048,2025-05-21 18:00:00+00:00
1747854000,85864.089,2025-05-21 19:00:00+00:00
1747857600,84709.507,2025-05-21 20:00:00+00:00
1747861200,84627.425,2025-05-21 21:00:00+00:00
1747864800,84847.053,2025-05-21 22:00:00+00:00
1747868400,86989.634,2025-05-21 23:00:00+00:00
1747872000,87864.786,2025-05-22 00:00:00+00:00
1747875600,88278.757,2025-05-22 01:00:00+00:00
1747879200,90142.163,2025-05-22 02:00:00+00:00
1747882800,90626.694,2025-05-22 03:00:00+00:00
1747886400,90839.009,2025-05-22 04:00:00+00:00
1747890000,90952.128,2025-05-22 05:00:00+00:00
1747893600,91097.257,2025-05-22 06:00:00+00:00
1747897200,90603.742,2025-05-22 07:00:00+00:00
1747900800,90159.337,2025-05-22 08:00:00+00:00
1747904400,89800.585,2025-05-22 09:00:00+00:00
1747908000,90081.386,2025-05-22 10:00:00+00:00
1747911600,90518.907,2025-05-22 11:00:00+00:00
1747915200,90903.684,2025-05-22 12:00:00+00:00
1747918800,90955.145,2025-05-22 13:00:00+00:00
1747922400,90251.163,2025-05-22 14:00:00+00:00
1747926000,89401.906,2025-05-22 15:00:00+00:00
1747929600,89208.53,2025-05-22 16:00:00+00:00
1747933200,89559.736,2025-05-22 17:00:00+00:00
1747936800,89731.473,2025-05-22 18:00:00+00:00
1747940400,88958.958,2025-05-22 19:00:00+00:00
1747944000,88621.523,2025-05-22 20:00:00+00:00
1747947600,88415.84,2025-05-22 21:00:00+00:00
1747951200,88367.287,2025-05-22 22:00:00+00:00
1747954800,88027.808,2025-05-22 23:00:00+00:00
1747958400,88104.913,2025-05-23 00:00:00+00:00
1747962000,88574.284,2025-05-23 01:00:00+00:00
1747965600,88259.357,2025-05-23 02:00:00+00:00
1747969200,88224.496,2025-05-23 03:00:00+00:00
1747972800,87908.25,2025-05-23 04:00:00+00:00
1747976400,87849.762,2025-05-23 05:00:00+00:00
1747980000,87879.264,2025-05-23 06:00:00+00:00
1747983600,88460.958,2025-05-23 07:00:00+00:00
1747987200,88561.27,2025-05-23 08:00:00+00:00
1747990800,88671.748,2025-05-23 09:00:00+00:00
1747994400,88802.357,2025-05-23 10:00:00+00:00
1747998000,87483.225,2025-05-23 11:00:00+00:00
1748001600,85790.785,2025-05-23 12:00:00+00:00
1748005200,86563.218,2025-05-23 13:00:00+00:00
1748008800,86969.236,2025-05-23 14:00:00+00:00
1748012400,87063.058,2025-05-23 15:00:00+00:00
1748016000,85751.921,2025-05-23 16:00:00+00:00
1748019600,85867.423,2025-05-23 17:00:00+00:00
1748023200,85288.911,2025-05-23 18:00:00+00:00
1748026800,85036.839,2025-05-23 19:00:00+00:00
1748030400,84686.627,2025-05-23 20:00:00+00:00
1748034000,84719.128,2025-05-23 21:00:00+00:00
1748037600,84594.344,2025-05-23 22:00:00+00:00
1748041200,84033.878,2025-05-23 23:00:00+00:00
1748044800,83988.216,2025-05-24 00:00:00+00:00
1748048400,84182.162,2025-05-24 01:00:00+00:00
1748052000,84170.666,2025-05-24 02:00:00+00:00
1748055600,84112.818,2025-05-24 03:00:00+00:00
1748059200,84015.979,2025-05-24 04:00:00+00:00
1748062800,84038.655,2025-05-24 05:00:00+00:00
1748066400,84218.489,2025-05-24 06:00:00+00:00
1748070000,84211.717,2025-05-24 07:00:00+00:00
1748073600,83986.941,2025-05-24 08:00:00+00:00
1748077200,84041.124,2025-05-24 09:00:00+00:00
1748080800,84678.311,2025-05-24 10:00:00+00:00
1748084400,84708.939,2025-05-24 11:00:00+00:00
1748088000,85376.868,2025-05-24 12:00:00+00:00
1748091600,85217.785,2025-05-24 13:00:00+00:00
1748095200,85029.275,2025-05-24 14:00:00+00:00
1748098800,85020.236,2025-05-24 15:00:00+00:00
1748102400,85177.817,2025-05-24 16:00:00+00:00
1748106000,85285.865,2025-05-24 17:00:00+00:00
1748109600,85332.907,2025-05-24 18:00:00+00:00
1748113200,85340.749,2025-05-24 19:00:00+00:00
1748116800,85274.626,2025-05-24 20:00:00+00:00
1748120400,85138.345,2025-05-24 21:00:00+00:00
1748124000,86112.04,2025-05-24 22:00:00+00:00
1748127600,86273.759,2025-05-24 23:00:00+00:00
1748131200,86568.223,2025-05-25 00:00:00+00:00
1748134800,86751.807,2025-05-25 01:00:00+00:00
1748138400,86624.892,2025-05-25 02:00:00+00:00
1748142000,86630.567,2025-05-25 03:00:00+00:00
1748145600,86684.369,2025-05-25 04:00:00+00:00
1748149200,86644.714,2025-05-25 05:00:00+00:00
1748152800,86433.435,2025-05-25 06:00:00+00:00
1748156400,86363.229,2025-05-25 07:00:00+00:00
1748160000,86741.838,2025-05-25 08:00:00+00:00
1748163600,87159.03,2025-05-25 09:00:00+00:00
1748167200,87150.829,2025-05-25 10:00:00+00:00
1748170800,87110.955,2025-05-25 11:00:00+00:00
1748174400,86447.089,2025-05-25 12:00:00+00:00
1748178000,86225.928,2025-05-25 13:00:00+00:00
1748181600,86391.921,2025-05-25 14:00:00+00:00
1748185200,87744.278,2025-05-25 15:00:00+00:00
1748188800,87460.128,2025-05-25 16:00:00+00:00
1748192400,87476.561,2025-05-25 17:00:00+00:00
1748196000,87400.906,2025-05-25 18:00:00+00:00
1748199600,87127.297,2025-05-25 19:00:00+00:00
1748203200,87274.009,2025-05-25 20:00:00+00:00
1748206800,87028.808,2025-05-25 21:00:00+00:00
1748210400,87965.174,2025-05-25 22:00:00+00:00
1748214000,87971.479,2025-05-25 23:00:00+00:00
1748217600,87746.236,2025-05-26 00:00:00+00:00
1748221200,88420.35,2025-05-26 01:00:00+00:00
1748224800,88393.632,2025-05-26 02:00:00+00:00
1748228400,88751.141,2025-05-26 03:00:00+00:00
1748232000,88937.638,2025-05-26 04:00:00+00:00
1748235600,89053.135,2025-05-26 05:00:00+00:00
1748239200,89487.594,2025-05-26 06:00:00+00:00
1748242800,90267.211,2025-05-26 07:00:00+00:00
1748246400,90338.639,2025-05-26 08:00:00+00:00
1748250000,90415.575,2025-05-26 09:00:00+00:00
1748253600,90472.977,2025-05-26 10:00:00+00:00
1748257200,90661.501,2025-05-26 11:00:00+00:00
1748260800,90900.463,2025-05-26 12:00:00+00:00
1748264400,90941.658,2025-05-26 13:00:00+00:00
1748268000,91032.016,2025-05-26 14:00:00+00:00
1748271600,91550.768,2025-05-26 15:00:00+00:00
1748275200,91452.265,2025-05-26 16:00:00+00:00
1748278800,91346.386,2025-05-26 17:00:00+00:00
1748282400,91213.15,2025-05-26 18:00:00+00:00
1748286000,90601.206,2025-05-26 19:00:00+00:00
1748289600,90273.453,2025-05-26 20:00:00+00:00
1748293200,90209.794,2025-05-26 21:00:00+00:00
1748296800,90052.992,2025-05-26 22:00:00+00:00
1748300400,90167.117,2025-05-26 23:00:00+00:00
1748304000,90373.269,2025-05-27 00:00:00+00:00
1748307600,88638.528,2025-05-27 01:00:00+00:00
1748311200,88407.506,2025-05-27 02:00:00+00:00
1748314800,88641.14,2025-05-27 03:00:00+00:00
1748318400,88634.374,2025-05-27 04:00:00+00:00
1748322000,88133.55,2025-05-27 05:00:00+00:00
1748325600,87797.665,2025-05-27 06:00:00+00:00
1748329200,88336.74,2025-05-27 07:00:00+00:00
1748332800,89017.79,2025-05-27 08:00:00+00:00
1748336400,89007.366,2025-05-27 09:00:00+00:00
1748340000,88973.295,2025-05-27 10:00:00+00:00
1748343600,88917.476,2025-05-27 11:00:00+00:00
1748347200,88664.798,2025-05-27 12:00:00+00:00
1748350800,89661.096,2025-05-27 13:00:00+00:00
1748354400,87637.673,2025-05-27 14:00:00+00:00
1748358000,86379.593,2025-05-27 15:00:00+00:00
1748361600,86744.919,2025-05-27 16:00:00+00:00
1748365200,87261.283,2025-05-27 17:00:00+00:00
1748368800,87464.824,2025-05-27 18:00:00+00:00
1748372400,87007.944,2025-05-27 19:00:00+00:00
1748376000,86809.655,2025-05-27 20:00:00+00:00
1748379600,87127.74,2025-05-27 21:00:00+00:00
1748383200,87039.038,2025-05-27 22:00:00+00:00
1748386800,86809.142,2025-05-27 23:00:00+00:00
1748390400,86487.444,2025-05-28 00:00:00+00:00
1748394000,86673.765,2025-05-28 01:00:00+00:00
1748397600,86373.913,2025-05-28 02:00:00+00:00
1748401200,86601.409,2025-05-28 03:00:00+00:00
1748404800,86690.324,2025-05-28 04:00:00+00:00
1748408400,86718.191,2025-05-28 05:00:00+00:00
1748412000,87023.448,2025-05-28 06:00:00+00:00
1748415600,87041.718,2025-05-28 07:00:00+00:00
1748419200,87125.666,2025-05-28 08:00:00+00:00
1748422800,87118.641,2025-05-28 09:00:00+00:00
1748426400,87552.028,2025-05-28 10:00:00+00:00
1748430000,87685.131,2025-05-28 11:00:00+00:00
1748433600,87640.546,2025-05-28 12:00:00+00:00
1748437200,88280.349,2025-05-28 13:00:00+00:00
1748440800,87622.295,2025-05-28 14:00:00+00:00
1748444400,87393.568,2025-05-28 15:00:00+00:00
1748448000,87892.256,2025-05-28 16:00:00+00:00
1748451600,87992.959,2025-05-28 17:00:00+00:00
1748455200,87878.146,2025-05-28 18:00:00+00:00
1748458800,87397.94,2025-05-28 19:00:00+00:00
1748462400,87162.104,2025-05-28 20:00:00+00:00
1748466000,87229.794,2025-05-28 21:00:00+00:00
1748469600,87312.762,2025-05-28 22:00:00+00:00
1748473200,87217.832,2025-05-28 23:00:00+00:00
1748476800,87053.771,2025-05-29 00:00:00+00:00
1748480400,87014.706,2025-05-29 01:00:00+00:00
1748484000,86530.262,2025-05-29 02:00:00+00:00
1748487600,86544.067,2025-05-29 03:00:00+00:00
1748491200,86370.85,2025-05-29 04:00:00+00:00
1748494800,86196.881,2025-05-29 05:00:00+00:00
1748498400,86257.655,2025-05-29 06:00:00+00:00
1748502000,86218.378,2025-05-29 07:00:00+00:00
1748505600,86589.654,2025-05-29 08:00:00+00:00
1748509200,86715.937,2025-05-29 09:00:00+00:00
1748512800,86581.533,2025-05-29 10:00:00+00:00
1748516400,86556.604,2025-05-29 11:00:00+00:00
1748520000,86799.056,2025-05-29 12:00:00+00:00
1748523600,86376.559,2025-05-29 13:00:00+00:00
1748527200,86308.847,2025-05-29 14:00:00+00:00
1748530800,85868.265,2025-05-29 15:00:00+00:00
1748534400,85573.094,2025-05-29 16:00:00+00:00
1748538000,85265.351,2025-05-29 17:00:00+00:00
1748541600,85578.342,2025-05-29 18:00:00+00:00
1748545200,85822.323,2025-05-29 19:00:00+00:00
1748548800,85589.681,2025-05-29 20:00:00+00:00
1748552400,85547.063,2025-05-29 21:00:00+00:00
1748556000,85633.968,2025-05-29 22:00:00+00:00
1748559600,85647.804,2025-05-29 23:00:00+00:00
1748563200,85344.649,2025-05-30 00:00:00+00:00
1748566800,84033.04,2025-05-30 01:00:00+00:00
1748570400,84328.363,2025-05-30 02:00:00+00:00
1748574000,84569.267,2025-05-30 03:00:00+00:00
1748577600,84609.369,2025-05-30 04:00:00+00:00
1748581200,84452.881,2025-05-30 05:00:00+00:00
1748584800,84276.568,2025-05-30 06:00:00+00:00
1748588400,83503.728,2025-05-30 07:00:00+00:00
1748592000,83467.094,2025-05-30 08:00:00+00:00
1748595600,83839.285,2025-05-30 09:00:00+00:00
1748599200,83894.291,2025-05-30 10:00:00+00:00
1748602800,83502.613,2025-05-30 11:00:00+00:00
1748606400,83650.042,2025-05-30 12:00:00+00:00
1748610000,83566.358,2025-05-30 13:00:00+00:00
1748613600,83550.457,2025-05-30 14:00:00+00:00
1748617200,83572.767,2025-05-30 15:00:00+00:00
1748620800,83263.812,2025-05-30 16:00:00+00:00
1748624400,83307.665,2025-05-30 17:00:00+00:00
1748628000,82774.903,2025-05-30 18:00:00+00:00
1748631600,82883.846,2025-05-30 19:00:00+00:00
1748635200,82539.575,2025-05-30 20:00:00+00:00
1748638800,82504.1,2025-05-30 21:00:00+00:00
1748642400,82494.998,2025-05-30 22:00:00+00:00
1748646000,82413.942,2025-05-30 23:00:00+00:00
1748649600,82407.435,2025-05-31 00:00:00+00:00
1748653200,82597.87,2025-05-31 01:00:00+00:00
1748656800,82835.056,2025-05-31 02:00:00+00:00
1748660400,82925.481,2025-05-31 03:00:00+00:00
1748664000,82877.739,2025-05-31 04:00:00+00:00
1748667600,82751.221,2025-05-31 05:00:00+00:00
1748671200,82855.247,2025-05-31 06:00:00+00:00
1748674800,82733.883,2025-05-31 07:00:00+00:00
1748678400,82749.498,2025-05-31 08:00:00+00:00
1748682000,82616.732,2025-05-31 09:00:00+00:00
1748685600,82706.019,2025-05-31 10:00:00+00:00
1748689200,82806.504,2025-05-31 11:00:00+00:00
1748692800,83122.749,2025-05-31 12:00:00+00:00
1748696400,82701.184,2025-05-31 13:00:00+00:00
1748700000,83277.893,2025-05-31 14:00:00+00:00
1748703600,83190.898,2025-05-31 15:00:00+00:00
1748707200,83735.662,2025-05-31 16:00:00+00:00
1748710800,83768.6,2025-05-31 17:00:00+00:00
1748714400,83708.482,2025-05-31 18:00:00+00:00
1748718000,83671.27,2025-05-31 19:00:00+00:00
1748721600,83622.589,2025-05-31 20:00:00+00:00
1748725200,83545.719,2025-05-31 21:00:00+00:00
1748728800,83608.823,2025-05-31 22:00:00+00:00
1748732400,83549.412,2025-05-31 23:00:00+00:00
1748736000,83228.462,2025-06-01 00:00:00+00:00
1748739600,83186.183,2025-06-01 01:00:00+00:00
1748743200,83034.742,2025-06-01 02:00:00+00:00
1748746800,82884.703,2025-06-01 03:00:00+00:00
1748750400,82840.261,2025-06-01 04:00:00+00:00
1748754000,83034.459,2025-06-01 05:00:00+00:00
1748757600,83759.505,2025-06-01 06:00:00+00:00
1748761200,83684.077,2025-06-01 07:00:00+00:00
1748764800,83543.404,2025-06-01 08:00:00+00:00
1748768400,83315.16,2025-06-01 09:00:00+00:00
1748772000,83226.614,2025-06-01 10:00:00+00:00
1748775600,83467.35,2025-06-01 11:00:00+00:00
1748779200,83485.36,2025-06-01 12:00:00+00:00
1748782800,83756.851,2025-06-01 13:00:00+00:00
1748786400,83485.074,2025-06-01 14:00:00+00:00
1748790000,83471.451,2025-06-01 15:00:00+00:00
1748793600,83237.833,2025-06-01 16:00:00+00:00
1748797200,83248.423,2025-06-01 17:00:00+00:00
1748800800,82896.627,2025-06-01 18:00:00+00:00
1748804400,82839.204,2025-06-01 19:00:00+00:00
1748808000,82870.009,2025-06-01 20:00:00+00:00
1748811600,82626.801,2025-06-01 21:00:00+00:00
1748815200,82824.751,2025-06-01 22:00:00+00:00
1748818800,82799.575,2025-06-01 23:00:00+00:00
1748822400,82810.157,2025-06-02 00:00:00+00:00
1748826000,82865.881,2025-06-02 01:00:00+00:00
1748829600,82478.288,2025-06-02 02:00:00+00:00
1748833200,82558.528,2025-06-02 03:00:00+00:00
1748836800,82463.794,2025-06-02 04:00:00+00:00
1748840400,82543.143,2025-06-02 05:00:00+00:00
1748844000,83466.204,2025-06-02 06:00:00+00:00
1748847600,83585.984,2025-06-02 07:00:00+00:00
1748851200,83937.329,2025-06-02 08:00:00+00:00
1748854800,82401.909,2025-06-02 09:00:00+00:00
1748858400,82489.582,2025-06-02 10:00:00+00:00
1748862000,82471.934,2025-06-02 11:00:00+00:00
1748865600,82696.57,2025-06-02 12:00:00+00:00
1748869200,82450.548,2025-06-02 13:00:00+00:00
1748872800,82334.185,2025-06-02 14:00:00+00:00
1748876400,82415.941,2025-06-02 15:00:00+00:00
1748880000,82169.428,2025-06-02 16:00:00+00:00
1748883600,82165.195,2025-06-02 17:00:00+00:00
1748887200,81855.641,2025-06-02 18:00:00+00:00
1748890800,81639.627,2025-06-02 19:00:00+00:00
1748894400,81225.534,2025-06-02 20:00:00+00:00
1748898000,81006.785,2025-06-02 21:00:00+00:00
1748901600,81721.626,2025-06-02 22:00:00+00:00
1748905200,81994.74,2025-06-02 23:00:00+00:00
1748908800,82175.959,2025-06-03 00:00:00+00:00
1748912400,82307.006,2025-06-03 01:00:00+00:00
1748916000,81746.246,2025-06-03 02:00:00+00:00
1748919600,81221.319,2025-06-03 03:00:00+00:00
1748923200,80885.338,2025-06-03 04:00:00+00:00
1748926800,80697.007,2025-06-03 05:00:00+00:00
1748930400,80668.498,2025-06-03 06:00:00+00:00
1748934000,80818.45,2025-06-03 07:00:00+00:00
1748937600,80766.96,2025-06-03 08:00:00+00:00
1748941200,81046.66,2025-06-03 09:00:00+00:00
1748944800,81167.72,2025-06-03 10:00:00+00:00
1748948400,81150.568,2025-06-03 11:00:00+00:00
1748952000,81548.621,2025-06-03 12:00:00+00:00
1748955600,81829.87,2025-06-03 13:00:00+00:00
1748959200,82876.485,2025-06-03 14:00:00+00:00
1748962800,84302.739,2025-06-03 15:00:00+00:00
1748966400,84168.177,2025-06-03 16:00:00+00:00
1748970000,83707.56,2025-06-03 17:00:00+00:00
1748973600,83296.831,2025-06-03 18:00:00+00:00
1748977200,83430.951,2025-06-03 19:00:00+00:00
1748980800,82862.473,2025-06-03 20:00:00+00:00
1748984400,82859.824,2025-06-03 21:00:00+00:00
1748988000,82852.034,2025-06-03 22:00:00+00:00
1748991600,82478.472,2025-06-03 23:00:00+00:00
1748995200,82281.388,2025-06-04 00:00:00+00:00
1748998800,81971.469,2025-06-04 01:00:00+00:00
1749002400,81982.952,2025-06-04 02:00:00+00:00
1749006000,82161.318,2025-06-04 03:00:00+00:00
1749009600,82308.728,2025-06-04 04:00:00+00:00
1749013200,82365.893,2025-06-04 05:00:00+00:00
1749016800,82279.392,2025-06-04 06:00:00+00:00
1749020400,82242.512,2025-06-04 07:00:00+00:00
1749024000,82325.012,2025-06-04 08:00:00+00:00
1749027600,82830.096,2025-06-04 09:00:00+00:00
1749031200,83099.516,2025-06-04 10:00:00+00:00
1749034800,82091.708,2025-06-04 11:00:00+00:00
1749038400,81975.406,2025-06-04 12:00:00+00:00
1749042000,82174.206,2025-06-04 13:00:00+00:00
1749045600,82133.407,2025-06-04 14:00:00+00:00
1749049200,81416.904,2025-06-04 15:00:00+00:00
1749052800,81043.042,2025-06-04 16:00:00+00:00
1749056400,80985.493,2025-06-04 17:00:00+00:00
1749060000,81067.787,2025-06-04 18:00:00+00:00
1749063600,80963.06,2025-06-04 19:00:00+00:00
1749067200,81323.71,2025-06-04 20:00:00+00:00
1749070800,80901.109,2025-06-04 21:00:00+00:00
1749074400,80898.247,2025-06-04 22:00:00+00:00
1749078000,80788.876,2025-06-04 23:00:00+00:00
1749081600,81178.18,2025-06-05 00:00:00+00:00
1749085200,81710.876,2025-06-05 01:00:00+00:00
1749088800,81726.728,2025-06-05 02:00:00+00:00
1749092400,81889.72,2025-06-05 03:00:00+00:00
1749096000,81897.817,2025-06-05 04:00:00+00:00
1749099600,81330.686,2025-06-05 05:00:00+00:00
1749103200,81113.473,2025-06-05 06:00:00+00:00
1749106800,81247.345,2025-06-05 07:00:00+00:00
1749110400,81382.338,2025-06-05 08:00:00+00:00
1749114000,81407.811,2025-06-05 09:00:00+00:00
1749117600,81256.733,2025-06-05 10:00:00+00:00
1749121200,81393.688,2025-06-05 11:00:00+00:00
1749124800,81548.762,2025-06-05 12:00:00+00:00
1749128400,81897.925,2025-06-05 13:00:00+00:00
1749132000,81714.408,2025-06-05 14:00:00+00:00
1749135600,81953.864,2025-06-05 15:00:00+00:00
1749139200,82239.663,2025-06-05 16:00:00+00:00
1749142800,83459.911,2025-06-05 17:00:00+00:00
1749146400,83146.026,2025-06-05 18:00:00+00:00
1749150000,82046.118,2025-06-05 19:00:00+00:00
1749153600,81103.524,2025-06-05 20:00:00+00:00
1749157200,81590.478,2025-06-05 21:00:00+00:00
1749160800,82070.444,2025-06-05 22:00:00+00:00
1749164400,82245.615,2025-06-05 23:00:00+00:00
1749168000,83367.919,2025-06-06 00:00:00+00:00
1749171600,83972.589,2025-06-06 01:00:00+00:00
1749175200,84144.304,2025-06-06 02:00:00+00:00
1749178800,84402.827,2025-06-06 03:00:00+00:00
1749182400,83841.77,2025-06-06 04:00:00+00:00
1749186000,83148.873,2025-06-06 05:00:00+00:00
1749189600,82301.884,2025-06-06 06:00:00+00:00
1749193200,82296.939,2025-06-06 07:00:00+00:00
1749196800,82938.354,2025-06-06 08:00:00+00:00
1749200400,82507.313,2025-06-06 09:00:00+00:00
1749204000,82721.688,2025-06-06 10:00:00+00:00
1749207600,82842.051,2025-06-06 11:00:00+00:00
1749211200,83009.335,2025-06-06 12:00:00+00:00
1749214800,83222.499,2025-06-06 13:00:00+00:00
1749218400,84400.533,2025-06-06 14:00:00+00:00
1749222000,85740.963,2025-06-06 15:00:00+00:00
1749225600,86300.131,2025-06-06 16:00:00+00:00
1749229200,85551.486,2025-06-06 17:00:00+00:00
1749232800,85613.048,2025-06-06 18:00:00+00:00
1749236400,85663.684,2025-06-06 19:00:00+00:00
1749240000,85255.634,2025-06-06 20:00:00+00:00
1749243600,84929.909,2025-06-06 21:00:00+00:00
1749247200,84776.348,2025-06-06 22:00:00+00:00
1749250800,84605.478,2025-06-06 23:00:00+00:00
1749254400,84060.015,2025-06-07 00:00:00+00:00
1749258000,83968.554,2025-06-07 01:00:00+00:00
1749261600,83811.976,2025-06-07 02:00:00+00:00
1749265200,83494.551,2025-06-07 03:00:00+00:00
1749268800,83591.168,2025-06-07 04:00:00+00:00
1749272400,83721.331,2025-06-07 05:00:00+00:00
1749276000,83259.594,2025-06-07 06:00:00+00:00
1749279600,83336.215,2025-06-07 07:00:00+00:00
1749283200,83420.501,2025-06-07 08:00:00+00:00
1749286800,83436.641,2025-06-07 09:00:00+00:00
1749290400,83058.454,2025-06-07 10:00:00+00:00
1749294000,83103.069,2025-06-07 11:00:00+00:00
1749297600,82606.213,2025-06-07 12:00:00+00:00
1749301200,82800.935,2025-06-07 13:00:00+00:00
1749304800,82902.149,2025-06-07 14:00:00+00:00
1749308400,82937.788,2025-06-07 15:00:00+00:00
1749312000,82998.833,2025-06-07 16:00:00+00:00
1749315600,82994.697,2025-06-07 17:00:00+00:00
1749319200,82897.057,2025-06-07 18:00:00+00:00
1749322800,83000.655,2025-06-07 19:00:00+00:00
1749326400,83127.936,2025-06-07 20:00:00+00:00
1749330000,83090.146,2025-06-07 21:00:00+00:00
1749333600,83180.701,2025-06-07 22:00:00+00:00
1749337200,83204.025,2025-06-07 23:00:00+00:00
1749340800,83091.073,2025-06-08 00:00:00+00:00
1749344400,83156.568,2025-06-08 01:00:00+00:00
1749348000,83090.27,2025-06-08 02:00:00+00:00
1749351600,83018.253,2025-06-08 03:00:00+00:00
1749355200,83016.634,2025-06-08 04:00:00+00:00
1749358800,82977.303,2025-06-08 05:00:00+00:00
1749362400,82916.146,2025-06-08 06:00:00+00:00
1749366000,82856.076,2025-06-08 07:00:00+00:00
1749369600,82836.018,2025-06-08 08:00:00+00:00
1749373200,83056.696,2025-06-08 09:00:00+00:00
1749376800,82746.426,2025-06-08 10:00:00+00:00
1749380400,82826.298,2025-06-08 11:00:00+00:00
1749384000,82987.773,2025-06-08 12:00:00+00:00
1749387600,83120.072,2025-06-08 13:00:00+00:00
1749391200,83454.241,2025-06-08 14:00:00+00:00
1749394800,83620.338,2025-06-08 15:00:00+00:00
1749398400,83623.558,2025-06-08 16:00:00+00:00
1749402000,83373.696,2025-06-08 17:00:00+00:00
1749405600,83489.934,2025-06-08 18:00:00+00:00
1749409200,83493.057,2025-06-08 19:00:00+00:00
1749412800,83477.998,2025-06-08 20:00:00+00:00
1749416400,83216.704,2025-06-08 21:00:00+00:00
1749420000,82817.056,2025-06-08 22:00:00+00:00
1749423600,82509.19,2025-06-08 23:00:00+00:00
1749427200,82474.921,2025-06-09 00:00:00+00:00
1749430800,82047.235,2025-06-09 01:00:00+00:00
1749434400,81983.428,2025-06-09 02:00:00+00:00
1749438000,81895.685,2025-06-09 03:00:00+00:00
1749441600,81924.781,2025-06-09 04:00:00+00:00
1749445200,81879.276,2025-06-09 05:00:00+00:00
1749448800,81577.575,2025-06-09 06:00:00+00:00
1749452400,81621.38,2025-06-09 07:00:00+00:00
1749456000,81296.036,2025-06-09 08:00:00+00:00
1749459600,82259.49,2025-06-09 09:00:00+00:00
1749463200,82662.068,2025-06-09 10:00:00+00:00
1749466800,84149.54,2025-06-09 11:00:00+00:00
1749470400,84673.64,2025-06-09 12:00:00+00:00
1749474000,85071.724,2025-06-09 13:00:00+00:00
1749477600,85194.078,2025-06-09 14:00:00+00:00
1749481200,85808.499,2025-06-09 15:00:00+00:00
1749484800,85960.64,2025-06-09 16:00:00+00:00
1749488400,85974.198,2025-06-09 17:00:00+00:00
1749492000,86247.692,2025-06-09 18:00:00+00:00
1749495600,85960.729,2025-06-09 19:00:00+00:00
1749499200,85804.042,2025-06-09 20:00:00+00:00
1749502800,84582.075,2025-06-09 21:00:00+00:00
1749506400,84988.627,2025-06-09 22:00:00+00:00
1749510000,86408.879,2025-06-09 23:00:00+00:00
1749513600,86222.923,2025-06-10 00:00:00+00:00
1749517200,85901.782,2025-06-10 01:00:00+00:00
1749520800,85841.822,2025-06-10 02:00:00+00:00
1749524400,85756.049,2025-06-10 03:00:00+00:00
1749528000,85799.739,2025-06-10 04:00:00+00:00
1749531600,85997.391,2025-06-10 05:00:00+00:00
1749535200,85999.689,2025-06-10 06:00:00+00:00
1749538800,86107.927,2025-06-10 07:00:00+00:00
1749542400,86186.622,2025-06-10 08:00:00+00:00
1749546000,86438.699,2025-06-10 09:00:00+00:00
1749549600,86505.815,2025-06-10 10:00:00+00:00
1749553200,85673.744,2025-06-10 11:00:00+00:00
1749556800,85679.528,2025-06-10 12:00:00+00:00
1749560400,85649.683,2025-06-10 13:00:00+00:00
1749564000,85141.853,2025-06-10 14:00:00+00:00
1749567600,84890.696,2025-06-10 15:00:00+00:00
1749571200,84568.245,2025-06-10 16:00:00+00:00
1749574800,84447.763,2025-06-10 17:00:00+00:00
1749578400,84103.194,2025-06-10 18:00:00+00:00
1749582000,84576.426,2025-06-10 19:00:00+00:00
1749585600,84218.247,2025-06-10 20:00:00+00:00
1749589200,84064.379,2025-06-10 21:00:00+00:00
1749592800,84233.729,2025-06-10 22:00:00+00:00
1749596400,84478.064,2025-06-10 23:00:00+00:00
1749600000,84693.95,2025-06-11 00:00:00+00:00
1749603600,84823.305,2025-06-11 01:00:00+00:00
1749607200,84758.195,2025-06-11 02:00:00+00:00
1749610800,85133.124,2025-06-11 03:00:00+00:00
1749614400,85189.883,2025-06-11 04:00:00+00:00
1749618000,85251.148,2025-06-11 05:00:00+00:00
1749621600,85165.278,2025-06-11 06:00:00+00:00
1749625200,85155.162,2025-06-11 07:00:00+00:00
1749628800,84970.726,2025-06-11 08:00:00+00:00
1749632400,84862.132,2025-06-11 09:00:00+00:00
1749636000,84743.712,2025-06-11 10:00:00+00:00
1749639600,84812.247,2025-06-11 11:00:00+00:00
1749643200,84713.114,2025-06-11 12:00:00+00:00
1749646800,84604.441,2025-06-11 13:00:00+00:00
1749650400,85818.081,2025-06-11 14:00:00+00:00
1749654000,85480.169,2025-06-11 15:00:00+00:00
1749657600,85183.28,2025-06-11 16:00:00+00:00
1749661200,84576.101,2025-06-11 17:00:00+00:00
1749664800,83678.883,2025-06-11 18:00:00+00:00
1749668400,83572.915,2025-06-11 19:00:00+00:00
1749672000,83444.828,2025-06-11 20:00:00+00:00
1749675600,83308.789,2025-06-11 21:00:00+00:00
1749679200,82546.262,2025-06-11 22:00:00+00:00
1749682800,82260.405,2025-06-11 23:00:00+00:00
1749686400,82677.843,2025-06-12 00:00:00+00:00
1749690000,82352.32,2025-06-12 01:00:00+00:00
1749693600,82141.66,2025-06-12 02:00:00+00:00
1749697200,81746.767,2025-06-12 03:00:00+00:00
1749700800,81956.91,2025-06-12 04:00:00+00:00
1749704400,81793.171,2025-06-12 05:00:00+00:00
1749708000,81845.97,2025-06-12 06:00:00+00:00
1749711600,81859.712,2025-06-12 07:00:00+00:00
1749715200,81995.993,2025-06-12 08:00:00+00:00
1749718800,81987.635,2025-06-12 09:00:00+00:00
1749722400,82581.956,2025-06-12 10:00:00+00:00
1749726000,82486.235,2025-06-12 11:00:00+00:00
1749729600,83043.097,2025-06-12 12:00:00+00:00
1749733200,82566.654,2025-06-12 13:00:00+00:00
1749736800,82511.919,2025-06-12 14:00:00+00:00
1749740400,82008.491,2025-06-12 15:00:00+00:00
1749744000,81799.567,2025-06-12 16:00:00+00:00
1749747600,82106.767,2025-06-12 17:00:00+00:00
1749751200,81588.398,2025-06-12 18:00:00+00:00
1749754800,81338.146,2025-06-12 19:00:00+00:00
1749758400,79208.462,2025-06-12 20:00:00+00:00
1749762000,79007.545,2025-06-12 21:00:00+00:00
1749765600,79121.013,2025-06-12 22:00:00+00:00
1749769200,79091.319,2025-06-12 23:00:00+00:00
1749772800,77307.063,2025-06-13 00:00:00+00:00
1749776400,76609.627,2025-06-13 01:00:00+00:00
1749780000,76793.302,2025-06-13 02:00:00+00:00
1749783600,77465.457,2025-06-13 03:00:00+00:00
1749787200,77706.828,2025-06-13 04:00:00+00:00
1749790800,77505.743,2025-06-13 05:00:00+00:00
1749794400,77756.598,2025-06-13 06:00:00+00:00
1749798000,78478.635,2025-06-13 07:00:00+00:00
1749801600,78445.859,2025-06-13 08:00:00+00:00
1749805200,78268.09,2025-06-13 09:00:00+00:00
1749808800,78732.558,2025-06-13 10:00:00+00:00
1749812400,79233.761,2025-06-13 11:00:00+00:00
1749816000,79304.766,2025-06-13 12:00:00+00:00
1749819600,79394.47,2025-06-13 13:00:00+00:00
1749823200,77349.508,2025-06-13 14:00:00+00:00
1749826800,78062.086,2025-06-13 15:00:00+00:00
1749830400,78456.09,2025-06-13 16:00:00+00:00
1749834000,78384.171,2025-06-13 17:00:00+00:00
1749837600,78009.137,2025-06-13 18:00:00+00:00
1749841200,77949.556,2025-06-13 19:00:00+00:00
1749844800,77825.925,2025-06-13 20:00:00+00:00
1749848400,77913.337,2025-06-13 21:00:00+00:00
1749852000,77885.319,2025-06-13 22:00:00+00:00
1749855600,78493.132,2025-06-13 23:00:00+00:00
1749859200,78473.27,2025-06-14 00:00:00+00:00
1749862800,78229.02,2025-06-14 01:00:00+00:00
1749866400,78209.319,2025-06-14 02:00:00+00:00
1749870000,78260.0,2025-06-14 03:00:00+00:00
1749873600,78279.948,2025-06-14 04:00:00+00:00
1749877200,78328.203,2025-06-14 05:00:00+00:00
1749880800,78109.129,2025-06-14 06:00:00+00:00
1749884400,78159.595,2025-06-14 07:00:00+00:00
1749888000,77987.433,2025-06-14 08:00:00+00:00
1749891600,77907.738,2025-06-14 09:00:00+00:00
1749895200,77850.352,2025-06-14 10:00:00+00:00
1749898800,78034.818,2025-06-14 11:00:00+00:00
1749902400,78144.312,2025-06-14 12:00:00+00:00
1749906000,78164.023,2025-06-14 13:00:00+00:00
1749909600,78272.696,2025-06-14 14:00:00+00:00
1749913200,78112.551,2025-06-14 15:00:00+00:00
1749916800,77603.451,2025-06-14 16:00:00+00:00
1749920400,77601.321,2025-06-14 17:00:00+00:00
1749924000,77452.312,2025-06-14 18:00:00+00:00
1749927600,78054.108,2025-06-14 19:00:00+00:00
1749931200,78107.707,2025-06-14 20:00:00+00:00
1749934800,77919.149,2025-06-14 21:00:00+00:00
1749938400,78171.254,2025-06-14 22:00:00+00:00
1749942000,78206.697,2025-06-14 23:00:00+00:00
1749945600,78186.683,2025-06-15 00:00:00+00:00
1749949200,78630.829,2025-06-15 01:00:00+00:00
1749952800,78657.6,2025-06-15 02:00:00+00:00
1749956400,78530.521,2025-06-15 03:00:00+00:00
1749960000,78566.728,2025-06-15 04:00:00+00:00
1749963600,79148.064,2025-06-15 05:00:00+00:00
1749967200,78762.074,2025-06-15 06:00:00+00:00
1749970800,78873.189,2025-06-15 07:00:00+00:00
1749974400,78905.845,2025-06-15 08:00:00+00:00
1749978000,78862.142,2025-06-15 09:00:00+00:00
1749981600,78924.108,2025-06-15 10:00:00+00:00
1749985200,79070.237,2025-06-15 11:00:00+00:00
1749988800,78634.428,2025-06-15 12:00:00+00:00
1749992400,78721.069,2025-06-15 13:00:00+00:00
1749996000,78628.586,2025-06-15 14:00:00+00:00
1749999600,78578.068,2025-06-15 15:00:00+00:00
1750003200,78604.573,2025-06-15 16:00:00+00:00
1750006800,78602.37,2025-06-15 17:00:00+00:00
1750010400,78677.509,2025-06-15 18:00:00+00:00
1750014000,79141.082,2025-06-15 19:00:00+00:00
1750017600,78572.667,2025-06-15 20:00:00+00:00
1750021200,78945.906,2025-06-15 21:00:00+00:00
1750024800,78616.712,2025-06-15 22:00:00+00:00
1750028400,78621.883,2025-06-15 23:00:00+00:00
1750032000,78508.223,2025-06-16 00:00:00+00:00
1750035600,78682.981,2025-06-16 01:00:00+00:00
1750039200,79032.934,2025-06-16 02:00:00+00:00
1750042800,79429.115,2025-06-16 03:00:00+00:00
1750046400,79737.41,2025-06-16 04:00:00+00:00
1750050000,80118.47,2025-06-16 05:00:00+00:00
1750053600,80483.296,2025-06-16 06:00:00+00:00
1750057200,80190.937,2025-06-16 07:00:00+00:00
1750060800,80269.817,2025-06-16 08:00:00+00:00
1750064400,80501.942,2025-06-16 09:00:00+00:00
1750068000,80793.649,2025-06-16 10:00:00+00:00
1750071600,80623.616,2025-06-16 11:00:00+00:00
1750075200,80592.078,2025-06-16 12:00:00+00:00
1750078800,80539.27,2025-06-16 13:00:00+00:00
1750082400,80272.945,2025-06-16 14:00:00+00:00
1750086000,80626.176,2025-06-16 15:00:00+00:00
1750089600,80647.294,2025-06-16 16:00:00+00:00
1750093200,80935.93,2025-06-16 17:00:00+00:00
1750096800,80966.781,2025-06-16 18:00:00+00:00
1750100400,80535.661,2025-06-16 19:00:00+00:00
1750104000,79762.564,2025-06-16 20:00:00+00:00
1750107600,79730.307,2025-06-16 21:00:00+00:00
1750111200,79016.121,2025-06-16 22:00:00+00:00
1750114800,78017.726,2025-06-16 23:00:00+00:00
1750118400,77215.853,2025-06-17 00:00:00+00:00
1750122000,76788.914,2025-06-17 01:00:00+00:00
1750125600,76611.832,2025-06-17 02:00:00+00:00
1750129200,76400.979,2025-06-17 03:00:00+00:00
1750132800,76522.489,2025-06-17 04:00:00+00:00
1750136400,76440.739,2025-06-17 05:00:00+00:00
1750140000,77453.529,2025-06-17 06:00:00+00:00
1750143600,77499.399,2025-06-17 07:00:00+00:00
1750147200,77512.976,2025-06-17 08:00:00+00:00
1750150800,77209.711,2025-06-17 09:00:00+00:00
1750154400,77130.185,2025-06-17 10:00:00+00:00
1750158000,77163.115,2025-06-17 11:00:00+00:00
1750161600,77022.004,2025-06-17 12:00:00+00:00
1750165200,78173.536,2025-06-17 13:00:00+00:00
1750168800,78693.028,2025-06-17 14:00:00+00:00
1750172400,78611.942,2025-06-17 15:00:00+00:00
1750176000,78397.631,2025-06-17 16:00:00+00:00
1750179600,77654.803,2025-06-17 17:00:00+00:00
1750183200,78100.883,2025-06-17 18:00:00+00:00
1750186800,77832.498,2025-06-17 19:00:00+00:00
1750190400,76794.028,2025-06-17 20:00:00+00:00
1750194000,76555.629,2025-06-17 21:00:00+00:00
1750197600,76496.179,2025-06-17 22:00:00+00:00
1750201200,76549.831,2025-06-17 23:00:00+00:00
1750204800,77054.556,2025-06-18 00:00:00+00:00
1750208400,77330.164,2025-06-18 01:00:00+00:00
1750212000,77345.902,2025-06-18 02:00:00+00:00
1750215600,77427.712,2025-06-18 03:00:00+00:00
1750219200,77616.232,2025-06-18 04:00:00+00:00
1750222800,77543.158,2025-06-18 05:00:00+00:00
1750226400,76923.163,2025-06-18 06:00:00+00:00
1750230000,76963.453,2025-06-18 07:00:00+00:00
1750233600,76927.594,2025-06-18 08:00:00+00:00
1750237200,77064.175,2025-06-18 09:00:00+00:00
1750240800,77410.966,2025-06-18 10:00:00+00:00
1750244400,77106.96,2025-06-18 11:00:00+00:00
1750248000,77355.214,2025-06-18 12:00:00+00:00
1750251600,77364.683,2025-06-18 13:00:00+00:00
1750255200,77633.552,2025-06-18 14:00:00+00:00
1750258800,77542.168,2025-06-18 15:00:00+00:00
1750262400,77523.204,2025-06-18 16:00:00+00:00
1750266000,76691.91,2025-06-18 17:00:00+00:00
1750269600,76763.562,2025-06-18 18:00:00+00:00
1750273200,76528.398,2025-06-18 19:00:00+00:00
1750276800,76471.421,2025-06-18 20:00:00+00:00
1750280400,76341.69,2025-06-18 21:00:00+00:00
1750284000,76416.138,2025-06-18 22:00:00+00:00
1750287600,76488.486,2025-06-18 23:00:00+00:00
1750291200,76971.73,2025-06-19 00:00:00+00:00
1750294800,76937.979,2025-06-19 01:00:00+00:00
1750298400,76959.913,2025-06-19 02:00:00+00:00
1750302000,77378.942,2025-06-19 03:00:00+00:00
1750305600,77347.469,2025-06-19 04:00:00+00:00
1750309200,77367.199,2025-06-19 05:00:00+00:00
1750312800,77106.209,2025-06-19 06:00:00+00:00
1750316400,77035.951,2025-06-19 07:00:00+00:00
1750320000,76880.51,2025-06-19 08:00:00+00:00
1750323600,77080.011,2025-06-19 09:00:00+00:00
1750327200,77176.701,2025-06-19 10:00:00+00:00
1750330800,77264.799,2025-06-19 11:00:00+00:00
1750334400,77233.923,2025-06-19 12:00:00+00:00
1750338000,77024.124,2025-06-19 13:00:00+00:00
1750341600,77535.317,2025-06-19 14:00:00+00:00
1750345200,77459.486,2025-06-19 15:00:00+00:00
1750348800,77478.971,2025-06-19 16:00:00+00:00
1750352400,77443.793,2025-06-19 17:00:00+00:00
1750356000,77391.297,2025-06-19 18:00:00+00:00
1750359600,77632.084,2025-06-19 19:00:00+00:00
1750363200,77667.479,2025-06-19 20:00:00+00:00
1750366800,77657.038,2025-06-19 21:00:00+00:00
1750370400,77802.917,2025-06-19 22:00:00+00:00
1750374000,77791.001,2025-06-19 23:00:00+00:00
1750377600,77849.47,2025-06-20 00:00:00+00:00
1750381200,77872.068,2025-06-20 01:00:00+00:00
1750384800,77873.856,2025-06-20 02:00:00+00:00
1750388400,78008.055,2025-06-20 03:00:00+00:00
1750392000,77848.431,2025-06-20 04:00:00+00:00
1750395600,78020.364,2025-06-20 05:00:00+00:00
1750399200,77993.788,2025-06-20 06:00:00+00:00
1750402800,78825.412,2025-06-20 07:00:00+00:00
1750406400,79102.923,2025-06-20 08:00:00+00:00
1750410000,79065.463,2025-06-20 09:00:00+00:00
1750413600,79371.835,2025-06-20 10:00:00+00:00
1750417200,79423.244,2025-06-20 11:00:00+00:00
1750420800,79560.209,2025-06-20 12:00:00+00:00
1750424400,79134.809,2025-06-20 13:00:00+00:00
1750428000,79062.152,2025-06-20 14:00:00+00:00
1750431600,78634.667,2025-06-20 15:00:00+00:00
1750435200,79070.205,2025-06-20 16:00:00+00:00
1750438800,77665.361,2025-06-20 17:00:00+00:00
1750442400,77480.01,2025-06-20 18:00:00+00:00
1750446000,77419.373,2025-06-20 19:00:00+00:00
1750449600,77452.105,2025-06-20 20:00:00+00:00
1750453200,77374.527,2025-06-20 21:00:00+00:00
1750456800,77255.884,2025-06-20 22:00:00+00:00
1750460400,77503.658,2025-06-20 23:00:00+00:00
1750464000,77588.461,2025-06-21 00:00:00+00:00
1750467600,77699.85,2025-06-21 01:00:00+00:00
1750471200,77663.726,2025-06-21 02:00:00+00:00
1750474800,77627.999,2025-06-21 03:00:00+00:00
1750478400,77642.442,2025-06-21 04:00:00+00:00
1750482000,77541.847,2025-06-21 05:00:00+00:00
1750485600,77572.588,2025-06-21 06:00:00+00:00
1750489200,77372.981,2025-06-21 07:00:00+00:00
1750492800,77558.031,2025-06-21 08:00:00+00:00
1750496400,77651.863,2025-06-21 09:00:00+00:00
1750500000,77684.545,2025-06-21 10:00:00+00:00
1750503600,77538.38,2025-06-21 11:00:00+00:00
1750507200,77501.382,2025-06-21 12:00:00+00:00
1750510800,76799.666,2025-06-21 13:00:00+00:00
1750514400,76522.885,2025-06-21 14:00:00+00:00
1750518000,76568.134,2025-06-21 15:00:00+00:00
1750521600,76338.482,2025-06-21 16:00:00+00:00
1750525200,76377.304,2025-06-21 17:00:00+00:00
1750528800,75473.74,2025-06-21 18:00:00+00:00
1750532400,75636.546,2025-06-21 19:00:00+00:00
1750536000,75298.82,2025-06-21 20:00:00+00:00
1750539600,75336.112,2025-06-21 21:00:00+00:00
1750543200,75060.108,2025-06-21 22:00:00+00:00
1750546800,75458.721,2025-06-21 23:00:00+00:00
1750550400,75285.351,2025-06-22 00:00:00+00:00
1750554000,74874.47,2025-06-22 01:00:00+00:00
1750557600,75209.572,2025-06-22 02:00:00+00:00
1750561200,75349.162,2025-06-22 03:00:00+00:00
1750564800,75564.261,2025-06-22 04:00:00+00:00
1750568400,76017.215,2025-06-22 05:00:00+00:00
1750572000,75880.023,2025-06-22 06:00:00+00:00
1750575600,75679.741,2025-06-22 07:00:00+00:00
1750579200,76143.745,2025-06-22 08:00:00+00:00
1750582800,75741.534,2025-06-22 09:00:00+00:00
1750586400,75829.965,2025-06-22 10:00:00+00:00
1750590000,75916.521,2025-06-22 11:00:00+00:00
1750593600,76036.773,2025-06-22 12:00:00+00:00
1750597200,77653.386,2025-06-22 13:00:00+00:00
1750600800,78902.75,2025-06-22 14:00:00+00:00
1750604400,79569.782,2025-06-22 15:00:00+00:00
1750608000,79352.946,2025-06-22 16:00:00+00:00
1750611600,78772.246,2025-06-22 17:00:00+00:00
1750615200,78685.973,2025-06-22 18:00:00+00:00
1750618800,78925.053,2025-06-22 19:00:00+00:00
1750622400,78021.011,2025-06-22 20:00:00+00:00
1750626000,77769.549,2025-06-22 21:00:00+00:00
1750629600,79006.558,2025-06-22 22:00:00+00:00
1750633200,78679.608,2025-06-22 23:00:00+00:00
1750636800,77827.034,2025-06-23 00:00:00+00:00
1750640400,77539.325,2025-06-23 01:00:00+00:00
1750644000,77807.45,2025-06-23 02:00:00+00:00
1750647600,77797.659,2025-06-23 03:00:00+00:00
1750651200,77683.189,2025-06-23 04:00:00+00:00
1750654800,77699.59,2025-06-23 05:00:00+00:00
1750658400,77507.105,2025-06-23 06:00:00+00:00
1750662000,77560.733,2025-06-23 07:00:00+00:00
1750665600,77964.055,2025-06-23 08:00:00+00:00
1750669200,77797.044,2025-06-23 09:00:00+00:00
1750672800,77928.714,2025-06-23 10:00:00+00:00
1750676400,77848.607,2025-06-23 11:00:00+00:00
1750680000,77561.925,2025-06-23 12:00:00+00:00
1750683600,77654.206,2025-06-23 13:00:00+00:00
1750687200,78337.475,2025-06-23 14:00:00+00:00
1750690800,78241.183,2025-06-23 15:00:00+00:00
1750694400,77363.854,2025-06-23 16:00:00+00:00
1750698000,76591.981,2025-06-23 17:00:00+00:00
1750701600,75273.218,2025-06-23 18:00:00+00:00
1750705200,75236.617,2025-06-23 19:00:00+00:00
1750708800,73731.007,2025-06-23 20:00:00+00:00
1750712400,73433.04,2025-06-23 21:00:00+00:00
1750716000,72781.38,2025-06-23 22:00:00+00:00
1750719600,72492.455,2025-06-23 23:00:00+00:00
1750723200,72778.972,2025-06-24 00:00:00+00:00
1750726800,73013.949,2025-06-24 01:00:00+00:00
1750730400,73281.932,2025-06-24 02:00:00+00:00
1750734000,73419.744,2025-06-24 03:00:00+00:00
1750737600,73317.288,2025-06-24 04:00:00+00:00
1750741200,73389.44,2025-06-24 05:00:00+00:00
1750744800,74068.286,2025-06-24 06:00:00+00:00
1750748400,74258.344,2025-06-24 07:00:00+00:00
1750752000,73510.061,2025-06-24 08:00:00+00:00
1750755600,73249.996,2025-06-24 09:00:00+00:00
1750759200,73473.7,2025-06-24 10:00:00+00:00
1750762800,73657.471,2025-06-24 11:00:00+00:00
1750766400,73996.211,2025-06-24 12:00:00+00:00
1750770000,74491.763,2025-06-24 13:00:00+00:00
1750773600,75127.462,2025-06-24 14:00:00+00:00
1750777200,74663.853,2025-06-24 15:00:00+00:00
1750780800,74414.675,2025-06-24 16:00:00+00:00
1750784400,74971.915,2025-06-24 17:00:00+00:00
1750788000,75008.885,2025-06-24 18:00:00+00:00
1750791600,74916.483,2025-06-24 19:00:00+00:00
1750795200,74727.361,2025-06-24 20:00:00+00:00
1750798800,74970.05,2025-06-24 21:00:00+00:00
1750802400,75329.567,2025-06-24 22:00:00+00:00
1750806000,75458.593,2025-06-24 23:00:00+00:00
1750809600,76065.223,2025-06-25 00:00:00+00:00
1750813200,76299.641,2025-06-25 01:00:00+00:00
1750816800,75904.958,2025-06-25 02:00:00+00:00
1750820400,76086.319,2025-06-25 03:00:00+00:00
1750824000,76176.757,2025-06-25 04:00:00+00:00
1750827600,76269.88,2025-06-25 05:00:00+00:00
1750831200,76275.839,2025-06-25 06:00:00+00:00
1750834800,76226.447,2025-06-25 07:00:00+00:00
1750838400,76474.953,2025-06-25 08:00:00+00:00
1750842000,76939.578,2025-06-25 09:00:00+00:00
1750845600,77075.477,2025-06-25 10:00:00+00:00
1750849200,76903.34,2025-06-25 11:00:00+00:00
1750852800,76913.642,2025-06-25 12:00:00+00:00
1750856400,76962.724,2025-06-25 13:00:00+00:00
1750860000,77178.585,2025-06-25 14:00:00+00:00
1750863600,76527.735,2025-06-25 15:00:00+00:00
1750867200,76435.238,2025-06-25 16:00:00+00:00
1750870800,76347.602,2025-06-25 17:00:00+00:00
1750874400,76547.255,2025-06-25 18:00:00+00:00
1750878000,76976.531,2025-06-25 19:00:00+00:00
1750881600,77234.468,2025-06-25 20:00:00+00:00
1750885200,76855.125,2025-06-25 21:00:00+00:00
1750888800,76584.633,2025-06-25 22:00:00+00:00
1750892400,76628.868,2025-06-25 23:00:00+00:00
1750896000,76851.96,2025-06-26 00:00:00+00:00
1750899600,77005.624,2025-06-26 01:00:00+00:00
1750903200,77011.294,2025-06-26 02:00:00+00:00
1750906800,77060.076,2025-06-26 03:00:00+00:00
1750910400,77068.542,2025-06-26 04:00:00+00:00
1750914000,77051.288,2025-06-26 05:00:00+00:00
1750917600,77062.657,2025-06-26 06:00:00+00:00
1750921200,76923.67,2025-06-26 07:00:00+00:00
1750924800,77146.855,2025-06-26 08:00:00+00:00
1750928400,78923.704,2025-06-26 09:00:00+00:00
1750932000,79030.135,2025-06-26 10:00:00+00:00
1750935600,78736.263,2025-06-26 11:00:00+00:00
1750939200,78470.192,2025-06-26 12:00:00+00:00
1750942800,78389.038,2025-06-26 13:00:00+00:00
1750946400,78017.286,2025-06-26 14:00:00+00:00
1750950000,77866.886,2025-06-26 15:00:00+00:00
1750953600,77867.649,2025-06-26 16:00:00+00:00
1750957200,78055.686,2025-06-26 17:00:00+00:00
1750960800,77918.98,2025-06-26 18:00:00+00:00
1750964400,78156.689,2025-06-26 19:00:00+00:00
1750968000,78082.587,2025-06-26 20:00:00+00:00
1750971600,77710.467,2025-06-26 21:00:00+00:00
1750975200,77755.421,2025-06-26 22:00:00+00:00
1750978800,77714.417,2025-06-26 23:00:00+00:00
1750982400,77540.571,2025-06-27 00:00:00+00:00
1750986000,77400.917,2025-06-27 01:00:00+00:00
1750989600,77503.689,2025-06-27 02:00:00+00:00
1750993200,77682.168,2025-06-27 03:00:00+00:00
1750996800,77635.969,2025-06-27 04:00:00+00:00
1751000400,77688.663,2025-06-27 05:00:00+00:00
1751004000,77611.855,2025-06-27 06:00:00+00:00
1751007600,77756.563,2025-06-27 07:00:00+00:00
1751011200,77310.737,2025-06-27 08:00:00+00:00
1751014800,76653.028,2025-06-27 09:00:00+00:00
1751018400,76131.375,2025-06-27 10:00:00+00:00
1751022000,76027.388,2025-06-27 11:00:00+00:00
1751025600,75916.969,2025-06-27 12:00:00+00:00
1751029200,75681.86,2025-06-27 13:00:00+00:00
1751032800,75750.271,2025-06-27 14:00:00+00:00
1751036400,75931.025,2025-06-27 15:00:00+00:00
1751040000,76848.345,2025-06-27 16:00:00+00:00
1751043600,76224.251,2025-06-27 17:00:00+00:00
1751047200,76036.457,2025-06-27 18:00:00+00:00
1751050800,75700.728,2025-06-27 19:00:00+00:00
1751054400,75325.162,2025-06-27 20:00:00+00:00
1751058000,75339.342,2025-06-27 21:00:00+00:00
1751061600,75413.46,2025-06-27 22:00:00+00:00
1751065200,75348.361,2025-06-27 23:00:00+00:00
1751068800,74906.336,2025-06-28 00:00:00+00:00
1751072400,74758.545,2025-06-28 01:00:00+00:00
1751076000,74805.499,2025-06-28 02:00:00+00:00
1751079600,75163.424,2025-06-28 03:00:00+00:00
1751083200,75127.744,2025-06-28 04:00:00+00:00
1751086800,75133.054,2025-06-28 05:00:00+00:00
1751090400,75438.925,2025-06-28 06:00:00+00:00
1751094000,75532.811,2025-06-28 07:00:00+00:00
1751097600,75746.199,2025-06-28 08:00:00+00:00
1751101200,75763.837,2025-06-28 09:00:00+00:00
1751104800,75807.282,2025-06-28 10:00:00+00:00
1751108400,75777.029,2025-06-28 11:00:00+00:00
1751112000,75815.248,2025-06-28 12:00:00+00:00
1751115600,75831.27,2025-06-28 13:00:00+00:00
1751119200,75856.969,2025-06-28 14:00:00+00:00
1751122800,75816.155,2025-06-28 15:00:00+00:00
1751126400,75860.546,2025-06-28 16:00:00+00:00
1751130000,75867.808,2025-06-28 17:00:00+00:00
1751133600,75833.578,2025-06-28 18:00:00+00:00
1751137200,75788.404,2025-06-28 19:00:00+00:00
1751140800,75658.59,2025-06-28 20:00:00+00:00
1751144400,75476.362,2025-06-28 21:00:00+00:00
1751148000,75507.31,2025-06-28 22:00:00+00:00
1751151600,75521.437,2025-06-28 23:00:00+00:00
1751155200,76038.88,2025-06-29 00:00:00+00:00
1751158800,76032.488,2025-06-29 01:00:00+00:00
1751162400,75917.555,2025-06-29 02:00:00+00:00
1751166000,75958.85,2025-06-29 03:00:00+00:00
1751169600,75956.02,2025-06-29 04:00:00+00:00
1751173200,75939.525,2025-06-29 05:00:00+00:00
1751176800,75894.789,2025-06-29 06:00:00+00:00
1751180400,75782.72,2025-06-29 07:00:00+00:00
1751184000,76446.703,2025-06-29 08:00:00+00:00
1751187600,77421.21,2025-06-29 09:00:00+00:00
1751191200,78794.619,2025-06-29 10:00:00+00:00
1751194800,79071.851,2025-06-29 11:00:00+00:00
1751198400,79218.362,2025-06-29 12:00:00+00:00
1751202000,79303.204,2025-06-29 13:00:00+00:00
1751205600,79311.071,2025-06-29 14:00:00+00:00
1751209200,79036.465,2025-06-29 15:00:00+00:00
1751212800,78302.221,2025-06-29 16:00:00+00:00
1751216400,78153.023,2025-06-29 17:00:00+00:00
1751220000,77907.006,2025-06-29 18:00:00+00:00
1751223600,77719.177,2025-06-29 19:00:00+00:00
1751227200,77587.964,2025-06-29 20:00:00+00:00
1751230800,77360.035,2025-06-29 21:00:00+00:00
1751234400,77288.683,2025-06-29 22:00:00+00:00
1751238000,77914.184,2025-06-29 23:00:00+00:00
1751241600,78278.126,2025-06-30 00:00:00+00:00
1751245200,78513.753,2025-06-30 01:00:00+00:00
1751248800,78740.355,2025-06-30 02:00:00+00:00
1751252400,78987.614,2025-06-30 03:00:00+00:00
1751256000,79161.721,2025-06-30 04:00:00+00:00
1751259600,79008.353,2025-06-30 05:00:00+00:00
1751263200,77998.134,2025-06-30 06:00:00+00:00
1751266800,77680.233,2025-06-30 07:00:00+00:00
1751270400,77513.98,2025-06-30 08:00:00+00:00
1751274000,77542.804,2025-06-30 09:00:00+00:00
1751277600,77411.016,2025-06-30 10:00:00+00:00
1751281200,77537.751,2025-06-30 11:00:00+00:00
1751284800,77581.168,2025-06-30 12:00:00+00:00
1751288400,77846.657,2025-06-30 13:00:00+00:00
1751292000,76896.843,2025-06-30 14:00:00+00:00
1751295600,76244.759,2025-06-30 15:00:00+00:00
1751299200,76267.449,2025-06-30 16:00:00+00:00
1751302800,76341.461,2025-06-30 17:00:00+00:00
1751306400,76466.45,2025-06-30 18:00:00+00:00
1751310000,76569.58,2025-06-30 19:00:00+00:00
1751313600,76509.583,2025-06-30 20:00:00+00:00
1751317200,76348.777,2025-06-30 21:00:00+00:00
1751320800,76657.449,2025-06-30 22:00:00+00:00
1751324400,76423.952,2025-06-30 23:00:00+00:00
1751328000,76482.359,2025-07-01 00:00:00+00:00
1751331600,76545.546,2025-07-01 01:00:00+00:00
1751335200,76491.05,2025-07-01 02:00:00+00:00
1751338800,76423.857,2025-07-01 03:00:00+00:00
1751342400,76329.748,2025-07-01 04:00:00+00:00
1751346000,76283.673,2025-07-01 05:00:00+00:00
1751349600,76281.978,2025-07-01 06:00:00+00:00
1751353200,76149.757,2025-07-01 07:00:00+00:00
1751356800,76181.58,2025-07-01 08:00:00+00:00
1751360400,76548.244,2025-07-01 09:00:00+00:00
1751364000,76575.026,2025-07-01 10:00:00+00:00
1751367600,76774.158,2025-07-01 11:00:00+00:00
1751371200,76787.642,2025-07-01 12:00:00+00:00
1751374800,76752.344,2025-07-01 13:00:00+00:00
1751378400,75790.286,2025-07-01 14:00:00+00:00
1751382000,76160.474,2025-07-01 15:00:00+00:00
1751385600,76312.022,2025-07-01 16:00:00+00:00
1751389200,76263.899,2025-07-01 17:00:00+00:00
1751392800,75740.284,2025-07-01 18:00:00+00:00
1751396400,74885.502,2025-07-01 19:00:00+00:00
1751400000,74486.848,2025-07-01 20:00:00+00:00
1751403600,74451.16,2025-07-01 21:00:00+00:00
1751407200,74506.363,2025-07-01 22:00:00+00:00
1751410800,74366.308,2025-07-01 23:00:00+00:00
1751414400,73948.646,2025-07-02 00:00:00+00:00
1751418000,74106.235,2025-07-02 01:00:00+00:00
1751421600,74222.229,2025-07-02 02:00:00+00:00
1751425200,74388.195,2025-07-02 03:00:00+00:00
1751428800,74313.091,2025-07-02 04:00:00+00:00
1751432400,74609.896,2025-07-02 05:00:00+00:00
1751436000,74855.855,2025-07-02 06:00:00+00:00
1751439600,75177.834,2025-07-02 07:00:00+00:00
1751443200,76721.882,2025-07-02 08:00:00+00:00
1751446800,76841.643,2025-07-02 09:00:00+00:00
1751450400,77166.77,2025-07-02 10:00:00+00:00
1751454000,77391.398,2025-07-02 11:00:00+00:00
1751457600,77027.756,2025-07-02 12:00:00+00:00
1751461200,76824.591,2025-07-02 13:00:00+00:00
1751464800,77717.647,2025-07-02 14:00:00+00:00
1751468400,78745.431,2025-07-02 15:00:00+00:00
1751472000,81531.593,2025-07-02 16:00:00+00:00
1751475600,81922.137,2025-07-02 17:00:00+00:00
1751479200,82009.599,2025-07-02 18:00:00+00:00
1751482800,81712.412,2025-07-02 19:00:00+00:00
1751486400,81691.402,2025-07-02 20:00:00+00:00
1751490000,81584.963,2025-07-02 21:00:00+00:00
1751493600,81651.59,2025-07-02 22:00:00+00:00
1751497200,81361.896,2025-07-02 23:00:00+00:00
1751500800,81362.415,2025-07-03 00:00:00+00:00
1751504400,81277.923,2025-07-03 01:00:00+00:00
1751508000,81028.288,2025-07-03 02:00:00+00:00
1751511600,81178.705,2025-07-03 03:00:00+00:00
1751515200,81014.436,2025-07-03 04:00:00+00:00
1751518800,81029.985,2025-07-03 05:00:00+00:00
1751522400,81072.102,2025-07-03 06:00:00+00:00
1751526000,80962.48,2025-07-03 07:00:00+00:00
1751529600,81345.855,2025-07-03 08:00:00+00:00
1751533200,81927.653,2025-07-03 09:00:00+00:00
1751536800,81848.249,2025-07-03 10:00:00+00:00
1751540400,81902.32,2025-07-03 11:00:00+00:00
1751544000,81761.457,2025-07-03 12:00:00+00:00
1751547600,83269.173,2025-07-03 13:00:00+00:00
1751551200,83183.07,2025-07-03 14:00:00+00:00
1751554800,82883.002,2025-07-03 15:00:00+00:00
1751558400,82516.745,2025-07-03 16:00:00+00:00
1751562000,82642.623,2025-07-03 17:00:00+00:00
1751565600,82639.215,2025-07-03 18:00:00+00:00
1751569200,82808.159,2025-07-03 19:00:00+00:00
1751572800,82906.72,2025-07-03 20:00:00+00:00
1751576400,82757.163,2025-07-03 21:00:00+00:00
1751580000,82892.13,2025-07-03 22:00:00+00:00
1751583600,82933.501,2025-07-03 23:00:00+00:00
1751587200,82841.607,2025-07-04 00:00:00+00:00
1751590800,82942.848,2025-07-04 01:00:00+00:00
1751594400,82721.004,2025-07-04 02:00:00+00:00
1751598000,82727.82,2025-07-04 03:00:00+00:00
1751601600,82841.557,2025-07-04 04:00:00+00:00
1751605200,82515.665,2025-07-04 05:00:00+00:00
1751608800,82560.498,2025-07-04 06:00:00+00:00
1751612400,82699.017,2025-07-04 07:00:00+00:00
1751616000,82458.821,2025-07-04 08:00:00+00:00
1751619600,82151.824,2025-07-04 09:00:00+00:00
1751623200,82025.594,2025-07-04 10:00:00+00:00
1751626800,81916.212,2025-07-04 11:00:00+00:00
1751630400,81978.047,2025-07-04 12:00:00+00:00
1751634000,80717.021,2025-07-04 13:00:00+00:00
1751637600,80778.183,2025-07-04 14:00:00+00:00
1751641200,80871.006,2025-07-04 15:00:00+00:00
1751644800,80671.718,2025-07-04 16:00:00+00:00
1751648400,81284.355,2025-07-04 17:00:00+00:00
1751652000,80810.42,2025-07-04 18:00:00+00:00
1751655600,80035.973,2025-07-04 19:00:00+00:00
1751659200,80027.34,2025-07-04 20:00:00+00:00
1751662800,79776.722,2025-07-04 21:00:00+00:00
1751666400,79560.026,2025-07-04 22:00:00+00:00
1751670000,79505.642,2025-07-04 23:00:00+00:00
1751673600,79563.585,2025-07-05 00:00:00+00:00
1751677200,79678.874,2025-07-05 01:00:00+00:00
1751680800,79720.646,2025-07-05 02:00:00+00:00
1751684400,79798.292,2025-07-05 03:00:00+00:00
1751688000,79872.107,2025-07-05 04:00:00+00:00
1751691600,79826.373,2025-07-05 05:00:00+00:00
1751695200,79896.764,2025-07-05 06:00:00+00:00
1751698800,79941.661,2025-07-05 07:00:00+00:00
1751702400,79932.574,2025-07-05 08:00:00+00:00
1751706000,79806.631,2025-07-05 09:00:00+00:00
1751709600,79749.992,2025-07-05 10:00:00+00:00
1751713200,79760.344,2025-07-05 11:00:00+00:00
1751716800,79719.909,2025-07-05 12:00:00+00:00
1751720400,79700.451,2025-07-05 13:00:00+00:00
1751724000,79773.606,2025-07-05 14:00:00+00:00
1751727600,79796.841,2025-07-05 15:00:00+00:00
1751731200,79809.858,2025-07-05 16:00:00+00:00
1751734800,79813.451,2025-07-05 17:00:00+00:00
1751738400,79750.186,2025-07-05 18:00:00+00:00
1751742000,79713.007,2025-07-05 19:00:00+00:00
1751745600,79408.395,2025-07-05 20:00:00+00:00
1751749200,79340.113,2025-07-05 21:00:00+00:00
1751752800,79364.484,2025-07-05 22:00:00+00:00
1751756400,79292.51,2025-07-05 23:00:00+00:00
1751760000,79355.187,2025-07-06 00:00:00+00:00
1751763600,79396.33,2025-07-06 01:00:00+00:00
1751767200,79373.62,2025-07-06 02:00:00+00:00
1751770800,79402.687,2025-07-06 03:00:00+00:00
1751774400,79402.425,2025-07-06 04:00:00+00:00
1751778000,79339.083,2025-07-06 05:00:00+00:00
1751781600,79225.449,2025-07-06 06:00:00+00:00
1751785200,79164.275,2025-07-06 07:00:00+00:00
1751788800,79172.289,2025-07-06 08:00:00+00:00
1751792400,78956.789,2025-07-06 09:00:00+00:00
1751796000,78587.256,2025-07-06 10:00:00+00:00
1751799600,78568.997,2025-07-06 11:00:00+00:00
1751803200,78673.846,2025-07-06 12:00:00+00:00
1751806800,78467.035,2025-07-06 13:00:00+00:00
1751810400,79001.081,2025-07-06 14:00:00+00:00
1751814000,79283.706,2025-07-06 15:00:00+00:00
1751817600,79319.185,2025-07-06 16:00:00+00:00
1751821200,79263.067,2025-07-06 17:00:00+00:00
1751824800,78898.005,2025-07-06 18:00:00+00:00
1751828400,78746.415,2025-07-06 19:00:00+00:00
1751832000,78672.96,2025-07-06 20:00:00+00:00
1751835600,77555.688,2025-07-06 21:00:00+00:00
1751839200,77940.679,2025-07-06 22:00:00+00:00
1751842800,77921.646,2025-07-06 23:00:00+00:00
1751846400,78039.906,2025-07-07 00:00:00+00:00
1751850000,78222.489,2025-07-07 01:00:00+00:00
1751853600,78903.762,2025-07-07 02:00:00+00:00
1751857200,79299.01,2025-07-07 03:00:00+00:00
1751860800,79137.998,2025-07-07 04:00:00+00:00
1751864400,79212.901,2025-07-07 05:00:00+00:00
1751868000,79315.557,2025-07-07 06:00:00+00:00
1751871600,79296.111,2025-07-07 07:00:00+00:00
1751875200,79749.829,2025-07-07 08:00:00+00:00
1751878800,80148.351,2025-07-07 09:00:00+00:00
1751882400,79960.341,2025-07-07 10:00:00+00:00
1751886000,79910.496,2025-07-07 11:00:00+00:00
1751889600,79382.681,2025-07-07 12:00:00+00:00
1751893200,79149.778,2025-07-07 13:00:00+00:00
1751896800,79025.739,2025-07-07 14:00:00+00:00
1751900400,79066.775,2025-07-07 15:00:00+00:00
1751904000,78875.373,2025-07-07 16:00:00+00:00
1751907600,78767.141,2025-07-07 17:00:00+00:00
1751911200,78707.76,2025-07-07 18:00:00+00:00
1751914800,78520.968,2025-07-07 19:00:00+00:00
1751918400,78338.695,2025-07-07 20:00:00+00:00
1751922000,78216.309,2025-07-07 21:00:00+00:00
1751925600,78261.415,2025-07-07 22:00:00+00:00
1751929200,78233.287,2025-07-07 23:00:00+00:00
1751932800,78215.186,2025-07-08 00:00:00+00:00
1751936400,78237.888,2025-07-08 01:00:00+00:00
1751940000,78135.692,2025-07-08 02:00:00+00:00
1751943600,78251.47,2025-07-08 03:00:00+00:00
1751947200,78267.117,2025-07-08 04:00:00+00:00
1751950800,78288.553,2025-07-08 05:00:00+00:00
1751954400,78170.07,2025-07-08 06:00:00+00:00
1751958000,78026.489,2025-07-08 07:00:00+00:00
1751961600,78029.844,2025-07-08 08:00:00+00:00
1751965200,78107.879,2025-07-08 09:00:00+00:00
1751968800,77875.678,2025-07-08 10:00:00+00:00
1751972400,78168.075,2025-07-08 11:00:00+00:00
1751976000,78523.856,2025-07-08 12:00:00+00:00
1751979600,78735.208,2025-07-08 13:00:00+00:00
1751983200,78598.315,2025-07-08 14:00:00+00:00
1751986800,78218.67,2025-07-08 15:00:00+00:00
1751990400,77937.622,2025-07-08 16:00:00+00:00
1751994000,77892.998,2025-07-08 17:00:00+00:00
1751997600,78351.148,2025-07-08 18:00:00+00:00
1752001200,78373.154,2025-07-08 19:00:00+00:00
1752004800,78220.416,2025-07-08 20:00:00+00:00
1752008400,78116.688,2025-07-08 21:00:00+00:00
1752012000,78173.207,2025-07-08 22:00:00+00:00
1752015600,78098.208,2025-07-08 23:00:00+00:00
1752019200,78236.958,2025-07-09 00:00:00+00:00
1752022800,78464.899,2025-07-09 01:00:00+00:00
1752026400,78338.971,2025-07-09 02:00:00+00:00
1752030000,77826.799,2025-07-09 03:00:00+00:00
1752033600,77570.675,2025-07-09 04:00:00+00:00
1752037200,77502.718,2025-07-09 05:00:00+00:00
1752040800,77471.885,2025-07-09 06:00:00+00:00
1752044400,77517.005,2025-07-09 07:00:00+00:00
1752048000,77637.295,2025-07-09 08:00:00+00:00
1752051600,77632.186,2025-07-09 09:00:00+00:00
1752055200,77686.641,2025-07-09 10:00:00+00:00
1752058800,78214.272,2025-07-09 11:00:00+00:00
1752062400,79336.968,2025-07-09 12:00:00+00:00
1752066000,80931.38,2025-07-09 13:00:00+00:00
1752069600,79598.492,2025-07-09 14:00:00+00:00
1752073200,79856.82,2025-07-09 15:00:00+00:00
1752076800,80111.509,2025-07-09 16:00:00+00:00
1752080400,79804.591,2025-07-09 17:00:00+00:00
1752084000,80287.23,2025-07-09 18:00:00+00:00
1752087600,85286.191,2025-07-09 19:00:00+00:00
1752091200,85118.186,2025-07-09 20:00:00+00:00
1752094800,84801.899,2025-07-09 21:00:00+00:00
1752098400,85060.003,2025-07-09 22:00:00+00:00
1752102000,85653.998,2025-07-09 23:00:00+00:00
1752105600,85849.719,2025-07-10 00:00:00+00:00
1752109200,85885.987,2025-07-10 01:00:00+00:00
1752112800,85789.288,2025-07-10 02:00:00+00:00
1752116400,85720.002,2025-07-10 03:00:00+00:00
1752120000,85695.77,2025-07-10 04:00:00+00:00
1752123600,85652.355,2025-07-10 05:00:00+00:00
1752127200,85693.867,2025-07-10 06:00:00+00:00
1752130800,85677.369,2025-07-10 07:00:00+00:00
1752134400,85874.547,2025-07-10 08:00:00+00:00
1752138000,85752.04,2025-07-10 09:00:00+00:00
1752141600,84848.58,2025-07-10 10:00:00+00:00
1752145200,84566.324,2025-07-10 11:00:00+00:00
1752148800,84171.371,2025-07-10 12:00:00+00:00
1752152400,83924.114,2025-07-10 13:00:00+00:00
1752156000,83943.663,2025-07-10 14:00:00+00:00
1752159600,84303.906,2025-07-10 15:00:00+00:00
1752163200,87319.399,2025-07-10 16:00:00+00:00
1752166800,89229.505,2025-07-10 17:00:00+00:00
1752170400,88327.145,2025-07-10 18:00:00+00:00
1752174000,90110.336,2025-07-10 19:00:00+00:00
1752177600,89876.103,2025-07-10 20:00:00+00:00
1752181200,84943.948,2025-07-10 21:00:00+00:00
1752184800,84756.124,2025-07-10 22:00:00+00:00
1752188400,85102.677,2025-07-10 23:00:00+00:00
1752192000,85576.415,2025-07-11 00:00:00+00:00
1752195600,85581.814,2025-07-11 01:00:00+00:00
1752199200,86366.564,2025-07-11 02:00:00+00:00
1752202800,85853.669,2025-07-11 03:00:00+00:00
1752206400,86164.797,2025-07-11 04:00:00+00:00
1752210000,84850.109,2025-07-11 05:00:00+00:00
1752213600,86541.993,2025-07-11 06:00:00+00:00
1752217200,87263.525,2025-07-11 07:00:00+00:00
1752220800,87906.044,2025-07-11 08:00:00+00:00
1752224400,87607.306,2025-07-11 09:00:00+00:00
1752228000,87799.782,2025-07-11 10:00:00+00:00
1752231600,87783.262,2025-07-11 11:00:00+00:00
1752235200,88173.761,2025-07-11 12:00:00+00:00
1752238800,88380.394,2025-07-11 13:00:00+00:00
1752242400,88466.03,2025-07-11 14:00:00+00:00
1752246000,88200.856,2025-07-11 15:00:00+00:00
1752249600,88338.092,2025-07-11 16:00:00+00:00
1752253200,87998.327,2025-07-11 17:00:00+00:00
1752256800,87911.636,2025-07-11 18:00:00+00:00
1752260400,87765.803,2025-07-11 19:00:00+00:00
1752264000,87653.392,2025-07-11 20:00:00+00:00
1752267600,87482.942,2025-07-11 21:00:00+00:00
1752271200,87663.477,2025-07-11 22:00:00+00:00
1752274800,87799.78,2025-07-11 23:00:00+00:00
1752278400,88050.948,2025-07-12 00:00:00+00:00
1752282000,87860.178,2025-07-12 01:00:00+00:00
1752285600,87801.345,2025-07-12 02:00:00+00:00
1752289200,87799.987,2025-07-12 03:00:00+00:00
1752292800,87911.136,2025-07-12 04:00:00+00:00
1752296400,87956.506,2025-07-12 05:00:00+00:00
1752300000,88245.498,2025-07-12 06:00:00+00:00
1752303600,88646.372,2025-07-12 07:00:00+00:00
1752307200,88739.68,2025-07-12 08:00:00+00:00
1752310800,88620.865,2025-07-12 09:00:00+00:00
1752314400,88759.59,2025-07-12 10:00:00+00:00
1752318000,88547.087,2025-07-12 11:00:00+00:00
1752321600,88312.88,2025-07-12 12:00:00+00:00
1752325200,88098.001,2025-07-12 13:00:00+00:00
1752328800,88011.571,2025-07-12 14:00:00+00:00
1752332400,87954.709,2025-07-12 15:00:00+00:00
1752336000,87924.747,2025-07-12 16:00:00+00:00
1752339600,88088.526,2025-07-12 17:00:00+00:00
1752343200,88092.392,2025-07-12 18:00:00+00:00
1752346800,88098.935,2025-07-12 19:00:00+00:00
1752350400,88008.457,2025-07-12 20:00:00+00:00
1752354000,87983.172,2025-07-12 21:00:00+00:00
1752357600,88014.755,2025-07-12 22:00:00+00:00
1752361200,88026.815,2025-07-12 23:00:00+00:00
1752364800,87938.073,2025-07-13 00:00:00+00:00
1752368400,87970.198,2025-07-13 01:00:00+00:00
1752372000,87900.657,2025-07-13 02:00:00+00:00
1752375600,87906.662,2025-07-13 03:00:00+00:00
1752379200,87912.15,2025-07-13 04:00:00+00:00
1752382800,88082.522,2025-07-13 05:00:00+00:00
1752386400,88265.871,2025-07-13 06:00:00+00:00
1752390000,88406.867,2025-07-13 07:00:00+00:00
1752393600,88466.349,2025-07-13 08:00:00+00:00
1752397200,88650.832,2025-07-13 09:00:00+00:00
1752400800,88734.491,2025-07-13 10:00:00+00:00
1752404400,88956.34,2025-07-13 11:00:00+00:00
1752408000,89456.992,2025-07-13 12:00:00+00:00
1752411600,89887.081,2025-07-13 13:00:00+00:00
1752415200,89611.227,2025-07-13 14:00:00+00:00
1752418800,89731.663,2025-07-13 15:00:00+00:00
1752422400,89807.08,2025-07-13 16:00:00+00:00
1752426000,89718.45,2025-07-13 17:00:00+00:00
1752429600,89755.755,2025-07-13 18:00:00+00:00
1752433200,89692.897,2025-07-13 19:00:00+00:00
1752436800,89571.492,2025-07-13 20:00:00+00:00
1752440400,89592.16,2025-07-13 21:00:00+00:00
1752444000,89336.705,2025-07-13 22:00:00+00:00
1752447600,89416.565,2025-07-13 23:00:00+00:00
1752451200,89820.775,2025-07-14 00:00:00+00:00
1752454800,89896.208,2025-07-14 01:00:00+00:00
1752458400,90892.947,2025-07-14 02:00:00+00:00
1752462000,90101.396,2025-07-14 03:00:00+00:00
1752465600,91372.359,2025-07-14 04:00:00+00:00
1752469200,92151.338,2025-07-14 05:00:00+00:00
1752472800,92174.059,2025-07-14 06:00:00+00:00
1752476400,92639.333,2025-07-14 07:00:00+00:00
1752480000,92874.184,2025-07-14 08:00:00+00:00
1752483600,92309.746,2025-07-14 09:00:00+00:00
1752487200,91942.944,2025-07-14 10:00:00+00:00
1752490800,91777.65,2025-07-14 11:00:00+00:00
1752494400,92235.818,2025-07-14 12:00:00+00:00
1752498000,92596.226,2025-07-14 13:00:00+00:00
1752501600,92745.161,2025-07-14 14:00:00+00:00
1752505200,92617.762,2025-07-14 15:00:00+00:00
1752508800,92842.289,2025-07-14 16:00:00+00:00
1752512400,92594.598,2025-07-14 17:00:00+00:00
1752516000,92611.441,2025-07-14 18:00:00+00:00
1752519600,92348.916,2025-07-14 19:00:00+00:00
1752523200,93158.143,2025-07-14 20:00:00+00:00
1752526800,93164.734,2025-07-14 21:00:00+00:00
1752530400,92966.051,2025-07-14 22:00:00+00:00
1752534000,93068.887,2025-07-14 23:00:00+00:00
1752537600,92728.538,2025-07-15 00:00:00+00:00
1752541200,93051.33,2025-07-15 01:00:00+00:00
1752544800,93055.059,2025-07-15 02:00:00+00:00
1752548400,93372.462,2025-07-15 03:00:00+00:00
1752552000,92523.886,2025-07-15 04:00:00+00:00
1752555600,92621.033,2025-07-15 05:00:00+00:00
1752559200,92424.194,2025-07-15 06:00:00+00:00
1752562800,92036.263,2025-07-15 07:00:00+00:00
1752566400,92137.868,2025-07-15 08:00:00+00:00
1752570000,92160.379,2025-07-15 09:00:00+00:00
1752573600,92577.859,2025-07-15 10:00:00+00:00
1752577200,92458.043,2025-07-15 11:00:00+00:00
1752580800,92531.959,2025-07-15 12:00:00+00:00
1752584400,92923.119,2025-07-15 13:00:00+00:00
1752588000,91238.668,2025-07-15 14:00:00+00:00
1752591600,91283.928,2025-07-15 15:00:00+00:00
1752595200,91562.702,2025-07-15 16:00:00+00:00
1752598800,91339.24,2025-07-15 17:00:00+00:00
1752602400,90154.343,2025-07-15 18:00:00+00:00
1752606000,90236.417,2025-07-15 19:00:00+00:00
1752609600,89860.855,2025-07-15 20:00:00+00:00
1752613200,89855.533,2025-07-15 21:00:00+00:00
1752616800,89963.455,2025-07-15 22:00:00+00:00
1752620400,89716.463,2025-07-15 23:00:00+00:00
1752624000,89504.426,2025-07-16 00:00:00+00:00
1752627600,89285.651,2025-07-16 01:00:00+00:00
1752631200,89241.949,2025-07-16 02:00:00+00:00
1752634800,89529.162,2025-07-16 03:00:00+00:00
1752638400,89689.596,2025-07-16 04:00:00+00:00
1752642000,90268.257,2025-07-16 05:00:00+00:00
1752645600,90547.616,2025-07-16 06:00:00+00:00
1752649200,90490.631,2025-07-16 07:00:00+00:00
1752652800,90295.054,2025-07-16 08:00:00+00:00
1752656400,90620.16,2025-07-16 09:00:00+00:00
1752660000,90463.009,2025-07-16 10:00:00+00:00
1752663600,90904.781,2025-07-16 11:00:00+00:00
1752667200,90983.241,2025-07-16 12:00:00+00:00
1752670800,90139.896,2025-07-16 13:00:00+00:00
1752674400,90330.016,2025-07-16 14:00:00+00:00
1752678000,90070.661,2025-07-16 15:00:00+00:00
1752681600,89857.959,2025-07-16 16:00:00+00:00
1752685200,89674.382,2025-07-16 17:00:00+00:00
1752688800,89530.016,2025-07-16 18:00:00+00:00
1752692400,89541.479,2025-07-16 19:00:00+00:00
1752696000,89573.832,2025-07-16 20:00:00+00:00
1752699600,89310.864,2025-07-16 21:00:00+00:00
1752703200,89497.97,2025-07-16 22:00:00+00:00
1752706800,89543.394,2025-07-16 23:00:00+00:00
1752710400,89706.1,2025-07-17 00:00:00+00:00
1752714000,89365.283,2025-07-17 01:00:00+00:00
1752717600,89316.709,2025-07-17 02:00:00+00:00
1752721200,88980.606,2025-07-17 03:00:00+00:00
1752724800,88895.044,2025-07-17 04:00:00+00:00
1752728400,88855.505,2025-07-17 05:00:00+00:00
1752732000,88798.216,2025-07-17 06:00:00+00:00
1752735600,88584.262,2025-07-17 07:00:00+00:00
1752739200,88700.128,2025-07-17 08:00:00+00:00
1752742800,88864.17,2025-07-17 09:00:00+00:00
1752746400,88897.622,2025-07-17 10:00:00+00:00
1752750000,88918.344,2025-07-17 11:00:00+00:00
1752753600,89669.149,2025-07-17 12:00:00+00:00
1752757200,89677.224,2025-07-17 13:00:00+00:00
1752760800,89686.483,2025-07-17 14:00:00+00:00
1752764400,89560.733,2025-07-17 15:00:00+00:00
1752768000,89462.857,2025-07-17 16:00:00+00:00
1752771600,89229.305,2025-07-17 17:00:00+00:00
1752775200,89197.532,2025-07-17 18:00:00+00:00
1752778800,89090.485,2025-07-17 19:00:00+00:00
1752782400,89073.297,2025-07-17 20:00:00+00:00
1752786000,88307.499,2025-07-17 21:00:00+00:00
1752789600,89175.2,2025-07-17 22:00:00+00:00
1752793200,89606.077,2025-07-17 23:00:00+00:00
1752796800,89765.036,2025-07-18 00:00:00+00:00
1752800400,89759.299,2025-07-18 01:00:00+00:00
1752804000,89912.299,2025-07-18 02:00:00+00:00
1752807600,90361.537,2025-07-18 03:00:00+00:00
1752811200,90400.494,2025-07-18 04:00:00+00:00
1752814800,90474.34,2025-07-18 05:00:00+00:00
1752818400,90508.369,2025-07-18 06:00:00+00:00
1752822000,90515.506,2025-07-18 07:00:00+00:00
1752825600,89836.702,2025-07-18 08:00:00+00:00
1752829200,89893.055,2025-07-18 09:00:00+00:00
1752832800,89728.616,2025-07-18 10:00:00+00:00
1752836400,89505.796,2025-07-18 11:00:00+00:00
1752840000,89708.99,2025-07-18 12:00:00+00:00
1752843600,90264.945,2025-07-18 13:00:00+00:00
1752847200,89584.922,2025-07-18 14:00:00+00:00
1752850800,89548.836,2025-07-18 15:00:00+00:00
1752854400,89875.387,2025-07-18 16:00:00+00:00
1752858000,89904.485,2025-07-18 17:00:00+00:00
1752861600,89742.45,2025-07-18 18:00:00+00:00
1752865200,89573.448,2025-07-18 19:00:00+00:00
1752868800,89466.259,2025-07-18 20:00:00+00:00
1752872400,89329.893,2025-07-18 21:00:00+00:00
1752876000,89335.395,2025-07-18 22:00:00+00:00
1752879600,89346.68,2025-07-18 23:00:00+00:00
1752883200,89243.926,2025-07-19 00:00:00+00:00
1752886800,89113.731,2025-07-19 01:00:00+00:00
1752890400,89025.172,2025-07-19 02:00:00+00:00
1752894000,88935.879,2025-07-19 03:00:00+00:00
1752897600,88730.446,2025-07-19 04:00:00+00:00
1752901200,88652.923,2025-07-19 05:00:00+00:00
1752904800,88695.595,2025-07-19 06:00:00+00:00
1752908400,88809.194,2025-07-19 07:00:00+00:00
1752912000,88646.679,2025-07-19 08:00:00+00:00
1752915600,88675.838,2025-07-19 09:00:00+00:00
1752919200,88620.052,2025-07-19 10:00:00+00:00
1752922800,88511.624,2025-07-19 11:00:00+00:00
1752926400,88482.852,2025-07-19 12:00:00+00:00
1752930000,88468.743,2025-07-19 13:00:00+00:00
1752933600,88421.212,2025-07-19 14:00:00+00:00
1752937200,88202.59,2025-07-19 15:00:00+00:00
1752940800,88241.624,2025-07-19 16:00:00+00:00
1752944400,87936.976,2025-07-19 17:00:00+00:00
1752948000,88032.524,2025-07-19 18:00:00+00:00
1752951600,87853.896,2025-07-19 19:00:00+00:00
1752955200,87762.181,2025-07-19 20:00:00+00:00
1752958800,87711.709,2025-07-19 21:00:00+00:00
1752962400,87729.408,2025-07-19 22:00:00+00:00
1752966000,87690.568,2025-07-19 23:00:00+00:00
1752969600,87668.655,2025-07-20 00:00:00+00:00
1752973200,87619.087,2025-07-20 01:00:00+00:00
1752976800,87577.465,2025-07-20 02:00:00+00:00
1752980400,87510.53,2025-07-20 03:00:00+00:00
1752984000,87539.297,2025-07-20 04:00:00+00:00
1752987600,87393.74,2025-07-20 05:00:00+00:00
1752991200,87429.31,2025-07-20 06:00:00+00:00
1752994800,87453.525,2025-07-20 07:00:00+00:00
1752998400,87511.771,2025-07-20 08:00:00+00:00
1753002000,87498.625,2025-07-20 09:00:00+00:00
1753005600,87624.249,2025-07-20 10:00:00+00:00
1753009200,87892.299,2025-07-20 11:00:00+00:00
1753012800,88199.643,2025-07-20 12:00:00+00:00
1753016400,88552.91,2025-07-20 13:00:00+00:00
1753020000,88871.668,2025-07-20 14:00:00+00:00
1753023600,89114.797,2025-07-20 15:00:00+00:00
1753027200,89260.737,2025-07-20 16:00:00+00:00
1753030800,88765.906,2025-07-20 17:00:00+00:00
1753034400,88955.666,2025-07-20 18:00:00+00:00
1753038000,88710.16,2025-07-20 19:00:00+00:00
1753041600,89153.052,2025-07-20 20:00:00+00:00
1753045200,89559.181,2025-07-20 21:00:00+00:00
1753048800,89274.619,2025-07-20 22:00:00+00:00
1753052400,89246.828,2025-07-20 23:00:00+00:00
1753056000,89206.477,2025-07-21 00:00:00+00:00
1753059600,89216.286,2025-07-21 01:00:00+00:00
1753063200,89510.385,2025-07-21 02:00:00+00:00
1753066800,89206.814,2025-07-21 03:00:00+00:00
1753070400,89194.278,2025-07-21 04:00:00+00:00
1753074000,89109.648,2025-07-21 05:00:00+00:00
1753077600,89718.168,2025-07-21 06:00:00+00:00
1753081200,88866.745,2025-07-21 07:00:00+00:00
1753084800,88222.43,2025-07-21 08:00:00+00:00
1753088400,87989.547,2025-07-21 09:00:00+00:00
1753092000,88212.446,2025-07-21 10:00:00+00:00
1753095600,88278.498,2025-07-21 11:00:00+00:00
1753099200,90438.863,2025-07-21 12:00:00+00:00
1753102800,90887.436,2025-07-21 13:00:00+00:00
1753106400,90522.354,2025-07-21 14:00:00+00:00
1753110000,90290.97,2025-07-21 15:00:00+00:00
1753113600,90032.854,2025-07-21 16:00:00+00:00
1753117200,89782.585,2025-07-21 17:00:00+00:00
1753120800,89731.368,2025-07-21 18:00:00+00:00
1753124400,89852.079,2025-07-21 19:00:00+00:00
1753128000,90077.162,2025-07-21 20:00:00+00:00
1753131600,90211.4,2025-07-21 21:00:00+00:00
1753135200,90289.19,2025-07-21 22:00:00+00:00
1753138800,90302.008,2025-07-21 23:00:00+00:00
1753142400,90656.374,2025-07-22 00:00:00+00:00
1753146000,90024.295,2025-07-22 01:00:00+00:00
1753149600,90032.373,2025-07-22 02:00:00+00:00
1753153200,90175.705,2025-07-22 03:00:00+00:00
1753156800,89985.433,2025-07-22 04:00:00+00:00
1753160400,89756.947,2025-07-22 05:00:00+00:00
1753164000,89455.475,2025-07-22 06:00:00+00:00
1753167600,89815.771,2025-07-22 07:00:00+00:00
1753171200,89577.975,2025-07-22 08:00:00+00:00
1753174800,89549.076,2025-07-22 09:00:00+00:00
1753178400,89473.902,2025-07-22 10:00:00+00:00
1753182000,89335.749,2025-07-22 11:00:00+00:00
1753185600,89540.879,2025-07-22 12:00:00+00:00
1753189200,88927.884,2025-07-22 13:00:00+00:00
1753192800,88005.843,2025-07-22 14:00:00+00:00
1753196400,88141.422,2025-07-22 15:00:00+00:00
1753200000,88046.215,2025-07-22 16:00:00+00:00
1753203600,88240.078,2025-07-22 17:00:00+00:00
1753207200,89592.876,2025-07-22 18:00:00+00:00
1753210800,89638.686,2025-07-22 19:00:00+00:00
1753214400,89610.378,2025-07-22 20:00:00+00:00
1753218000,89632.607,2025-07-22 21:00:00+00:00
1753221600,89867.215,2025-07-22 22:00:00+00:00
1753225200,90074.234,2025-07-22 23:00:00+00:00
1753228800,90299.267,2025-07-23 00:00:00+00:00
1753232400,90305.992,2025-07-23 01:00:00+00:00
1753236000,89438.856,2025-07-23 02:00:00+00:00
1753239600,89136.755,2025-07-23 03:00:00+00:00
1753243200,88777.53,2025-07-23 04:00:00+00:00
1753246800,88855.639,2025-07-23 05:00:00+00:00
1753250400,88673.46,2025-07-23 06:00:00+00:00
1753254000,88655.907,2025-07-23 07:00:00+00:00
1753257600,88724.916,2025-07-23 08:00:00+00:00
1753261200,88409.273,2025-07-23 09:00:00+00:00
1753264800,88225.821,2025-07-23 10:00:00+00:00
1753268400,88426.056,2025-07-23 11:00:00+00:00
1753272000,89133.32,2025-07-23 12:00:00+00:00
1753275600,88950.129,2025-07-23 13:00:00+00:00
1753279200,88524.406,2025-07-23 14:00:00+00:00
1753282800,88563.918,2025-07-23 15:00:00+00:00
1753286400,88853.323,2025-07-23 16:00:00+00:00
1753290000,88650.982,2025-07-23 17:00:00+00:00
1753293600,88795.632,2025-07-23 18:00:00+00:00
1753297200,88708.908,2025-07-23 19:00:00+00:00
1753300800,88500.596,2025-07-23 20:00:00+00:00
1753304400,88460.092,2025-07-23 21:00:00+00:00
1753308000,87136.483,2025-07-23 22:00:00+00:00
1753311600,87166.945,2025-07-23 23:00:00+00:00
1753315200,88059.795,2025-07-24 00:00:00+00:00
1753318800,88219.431,2025-07-24 01:00:00+00:00
1753322400,88405.979,2025-07-24 02:00:00+00:00
1753326000,87548.063,2025-07-24 03:00:00+00:00
1753329600,86674.772,2025-07-24 04:00:00+00:00
1753333200,86858.385,2025-07-24 05:00:00+00:00
1753336800,86936.386,2025-07-24 06:00:00+00:00
1753340400,87083.139,2025-07-24 07:00:00+00:00
1753344000,87034.376,2025-07-24 08:00:00+00:00
1753347600,86706.583,2025-07-24 09:00:00+00:00
1753351200,86740.668,2025-07-24 10:00:00+00:00
1753354800,87394.697,2025-07-24 11:00:00+00:00
1753358400,87268.163,2025-07-24 12:00:00+00:00
1753362000,87449.207,2025-07-24 13:00:00+00:00
1753365600,88830.582,2025-07-24 14:00:00+00:00
1753369200,89865.143,2025-07-24 15:00:00+00:00
1753372800,89257.005,2025-07-24 16:00:00+00:00
1753376400,89387.834,2025-07-24 17:00:00+00:00
1753380000,89633.858,2025-07-24 18:00:00+00:00
1753383600,89992.972,2025-07-24 19:00:00+00:00
1753387200,89827.139,2025-07-24 20:00:00+00:00
1753390800,89603.963,2025-07-24 21:00:00+00:00
1753394400,89695.273,2025-07-24 22:00:00+00:00
1753398000,89597.655,2025-07-24 23:00:00+00:00
1753401600,88775.752,2025-07-25 00:00:00+00:00
1753405200,90761.526,2025-07-25 01:00:00+00:00
1753408800,91637.077,2025-07-25 02:00:00+00:00
1753412400,94054.268,2025-07-25 03:00:00+00:00
1753416000,96437.333,2025-07-25 04:00:00+00:00
1753419600,97446.946,2025-07-25 05:00:00+00:00
1753423200,98402.523,2025-07-25 06:00:00+00:00
1753426800,96877.135,2025-07-25 07:00:00+00:00
1753430400,96829.121,2025-07-25 08:00:00+00:00
1753434000,96617.868,2025-07-25 09:00:00+00:00
1753437600,96174.733,2025-07-25 10:00:00+00:00
1753441200,95686.562,2025-07-25 11:00:00+00:00
1753444800,93818.907,2025-07-25 12:00:00+00:00
1753448400,94494.437,2025-07-25 13:00:00+00:00
1753452000,93804.503,2025-07-25 14:00:00+00:00
1753455600,93321.741,2025-07-25 15:00:00+00:00
1753459200,93122.191,2025-07-25 16:00:00+00:00
1753462800,92918.164,2025-07-25 17:00:00+00:00
1753466400,92653.159,2025-07-25 18:00:00+00:00
1753470000,92035.771,2025-07-25 19:00:00+00:00
1753473600,91813.797,2025-07-25 20:00:00+00:00
1753477200,91928.382,2025-07-25 21:00:00+00:00
1753480800,91966.622,2025-07-25 22:00:00+00:00
1753484400,91505.542,2025-07-25 23:00:00+00:00
1753488000,91634.763,2025-07-26 00:00:00+00:00
1753491600,91351.707,2025-07-26 01:00:00+00:00
1753495200,91350.717,2025-07-26 02:00:00+00:00
1753498800,91325.743,2025-07-26 03:00:00+00:00
1753502400,91210.717,2025-07-26 04:00:00+00:00
1753506000,91220.969,2025-07-26 05:00:00+00:00
1753509600,91329.147,2025-07-26 06:00:00+00:00
1753513200,91226.39,2025-07-26 07:00:00+00:00
1753516800,91223.742,2025-07-26 08:00:00+00:00
1753520400,91135.26,2025-07-26 09:00:00+00:00
1753524000,88799.289,2025-07-26 10:00:00+00:00
1753527600,88596.154,2025-07-26 11:00:00+00:00
1753531200,88711.753,2025-07-26 12:00:00+00:00
1753534800,89122.555,2025-07-26 13:00:00+00:00
1753538400,89126.655,2025-07-26 14:00:00+00:00
1753542000,88998.887,2025-07-26 15:00:00+00:00
1753545600,89068.738,2025-07-26 16:00:00+00:00
1753549200,88934.509,2025-07-26 17:00:00+00:00
1753552800,88979.752,2025-07-26 18:00:00+00:00
1753556400,89154.899,2025-07-26 19:00:00+00:00
1753560000,89660.867,2025-07-26 20:00:00+00:00
1753563600,89483.063,2025-07-26 21:00:00+00:00
1753567200,89291.773,2025-07-26 22:00:00+00:00
1753570800,89284.22,2025-07-26 23:00:00+00:00
1753574400,89323.808,2025-07-27 00:00:00+00:00
1753578000,89275.633,2025-07-27 01:00:00+00:00
1753581600,89373.699,2025-07-27 02:00:00+00:00
1753585200,89413.495,2025-07-27 03:00:00+00:00
1753588800,89491.087,2025-07-27 04:00:00+00:00
1753592400,89520.479,2025-07-27 05:00:00+00:00
1753596000,89440.919,2025-07-27 06:00:00+00:00
1753599600,89355.333,2025-07-27 07:00:00+00:00
1753603200,89253.465,2025-07-27 08:00:00+00:00
1753606800,89410.224,2025-07-27 09:00:00+00:00
1753610400,89079.076,2025-07-27 10:00:00+00:00
1753614000,89100.294,2025-07-27 11:00:00+00:00
1753617600,89045.281,2025-07-27 12:00:00+00:00
1753621200,88948.229,2025-07-27 13:00:00+00:00
1753624800,90014.358,2025-07-27 14:00:00+00:00
1753628400,90162.545,2025-07-27 15:00:00+00:00
1753632000,90188.946,2025-07-27 16:00:00+00:00
1753635600,89992.414,2025-07-27 17:00:00+00:00
1753639200,89956.737,2025-07-27 18:00:00+00:00
1753642800,89926.45,2025-07-27 19:00:00+00:00
1753646400,89903.763,2025-07-27 20:00:00+00:00
1753650000,89834.502,2025-07-27 21:00:00+00:00
1753653600,90426.829,2025-07-27 22:00:00+00:00
1753657200,90384.397,2025-07-27 23:00:00+00:00
1753660800,90453.155,2025-07-28 00:00:00+00:00
1753664400,90370.028,2025-07-28 01:00:00+00:00
1753668000,90395.342,2025-07-28 02:00:00+00:00
1753671600,90537.299,2025-07-28 03:00:00+00:00
1753675200,90646.136,2025-07-28 04:00:00+00:00
1753678800,90790.962,2025-07-28 05:00:00+00:00
1753682400,90964.828,2025-07-28 06:00:00+00:00
1753686000,90446.139,2025-07-28 07:00:00+00:00
1753689600,90737.974,2025-07-28 08:00:00+00:00
1753693200,90761.554,2025-07-28 09:00:00+00:00
1753696800,90640.115,2025-07-28 10:00:00+00:00
1753700400,90579.244,2025-07-28 11:00:00+00:00
1753704000,90746.778,2025-07-28 12:00:00+00:00
1753707600,92005.83,2025-07-28 13:00:00+00:00
1753711200,91893.928,2025-07-28 14:00:00+00:00
1753714800,92291.635,2025-07-28 15:00:00+00:00
1753718400,92420.667,2025-07-28 16:00:00+00:00
1753722000,92105.543,2025-07-28 17:00:00+00:00
1753725600,91894.716,2025-07-28 18:00:00+00:00
1753729200,91978.228,2025-07-28 19:00:00+00:00
1753732800,91886.815,2025-07-28 20:00:00+00:00
1753736400,91838.173,2025-07-28 21:00:00+00:00
1753740000,91837.34,2025-07-28 22:00:00+00:00
1753743600,91806.379,2025-07-28 23:00:00+00:00
1753747200,91818.962,2025-07-29 00:00:00+00:00
1753750800,91728.405,2025-07-29 01:00:00+00:00
1753754400,91646.984,2025-07-29 02:00:00+00:00
1753758000,91488.947,2025-07-29 03:00:00+00:00
1753761600,91498.792,2025-07-29 04:00:00+00:00
1753765200,91631.915,2025-07-29 05:00:00+00:00
1753768800,91629.537,2025-07-29 06:00:00+00:00
1753772400,91529.033,2025-07-29 07:00:00+00:00
1753776000,91733.732,2025-07-29 08:00:00+00:00
1753779600,91636.959,2025-07-29 09:00:00+00:00
1753783200,91459.301,2025-07-29 10:00:00+00:00
1753786800,91519.996,2025-07-29 11:00:00+00:00
1753790400,90902.07,2025-07-29 12:00:00+00:00
1753794000,90673.195,2025-07-29 13:00:00+00:00
1753797600,89742.312,2025-07-29 14:00:00+00:00
1753801200,90550.8,2025-07-29 15:00:00+00:00
1753804800,91910.17,2025-07-29 16:00:00+00:00
1753808400,91488.335,2025-07-29 17:00:00+00:00
1753812000,91495.652,2025-07-29 18:00:00+00:00
1753815600,91576.956,2025-07-29 19:00:00+00:00
1753819200,91301.01,2025-07-29 20:00:00+00:00
1753822800,91241.474,2025-07-29 21:00:00+00:00
1753826400,91025.082,2025-07-29 22:00:00+00:00
1753830000,90961.729,2025-07-29 23:00:00+00:00
1753833600,90777.31,2025-07-30 00:00:00+00:00
1753837200,90910.549,2025-07-30 01:00:00+00:00
1753840800,91027.722,2025-07-30 02:00:00+00:00
1753844400,90913.676,2025-07-30 03:00:00+00:00
1753848000,90848.431,2025-07-30 04:00:00+00:00
1753851600,90914.616,2025-07-30 05:00:00+00:00
1753855200,90888.195,2025-07-30 06:00:00+00:00
1753858800,91060.845,2025-07-30 07:00:00+00:00
1753862400,90867.936,2025-07-30 08:00:00+00:00
1753866000,91001.035,2025-07-30 09:00:00+00:00
1753869600,91008.849,2025-07-30 10:00:00+00:00
1753873200,90282.845,2025-07-30 11:00:00+00:00
1753876800,90216.329,2025-07-30 12:00:00+00:00
1753880400,90312.154,2025-07-30 13:00:00+00:00
1753884000,90847.793,2025-07-30 14:00:00+00:00
1753887600,90212.948,2025-07-30 15:00:00+00:00
1753891200,90035.694,2025-07-30 16:00:00+00:00
1753894800,90143.696,2025-07-30 17:00:00+00:00
1753898400,91146.119,2025-07-30 18:00:00+00:00
1753902000,91821.896,2025-07-30 19:00:00+00:00
1753905600,91730.656,2025-07-30 20:00:00+00:00
1753909200,91705.766,2025-07-30 21:00:00+00:00
1753912800,91715.747,2025-07-30 22:00:00+00:00
1753916400,91478.306,2025-07-30 23:00:00+00:00
1753920000,91627.212,2025-07-31 00:00:00+00:00
1753923600,91715.482,2025-07-31 01:00:00+00:00
1753927200,91338.856,2025-07-31 02:00:00+00:00
1753930800,91069.955,2025-07-31 03:00:00+00:00
1753934400,91171.45,2025-07-31 04:00:00+00:00
1753938000,91343.056,2025-07-31 05:00:00+00:00
1753941600,91428.619,2025-07-31 06:00:00+00:00
1753945200,90763.279,2025-07-31 07:00:00+00:00
1753948800,90868.887,2025-07-31 08:00:00+00:00
1753952400,90932.529,2025-07-31 09:00:00+00:00
1753956000,90984.304,2025-07-31 10:00:00+00:00
1753959600,91066.696,2025-07-31 11:00:00+00:00
1753963200,91385.776,2025-07-31 12:00:00+00:00
1753966800,91412.552,2025-07-31 13:00:00+00:00
1753970400,91140.351,2025-07-31 14:00:00+00:00
1753974000,91254.255,2025-07-31 15:00:00+00:00
1753977600,91319.082,2025-07-31 16:00:00+00:00
1753981200,90818.97,2025-07-31 17:00:00+00:00
1753984800,90641.987,2025-07-31 18:00:00+00:00
1753988400,90522.755,2025-07-31 19:00:00+00:00
1753992000,90771.149,2025-07-31 20:00:00+00:00
1753995600,90738.605,2025-07-31 21:00:00+00:00
1753999200,90427.483,2025-07-31 22:00:00+00:00
1754002800,90250.918,2025-07-31 23:00:00+00:00
1754006400,89407.358,2025-08-01 00:00:00+00:00
1754010000,89832.409,2025-08-01 01:00:00+00:00
1754013600,90201.073,2025-08-01 02:00:00+00:00
1754017200,89835.894,2025-08-01 03:00:00+00:00
1754020800,90093.01,2025-08-01 04:00:00+00:00
1754024400,90237.362,2025-08-01 05:00:00+00:00
1754028000,90270.403,2025-08-01 06:00:00+00:00
1754031600,89615.896,2025-08-01 07:00:00+00:00
1754035200,89668.087,2025-08-01 08:00:00+00:00
1754038800,89839.823,2025-08-01 09:00:00+00:00
1754042400,89406.475,2025-08-01 10:00:00+00:00
1754046000,89286.699,2025-08-01 11:00:00+00:00
1754049600,89411.731,2025-08-01 12:00:00+00:00
1754053200,89531.384,2025-08-01 13:00:00+00:00
1754056800,88999.447,2025-08-01 14:00:00+00:00
1754060400,88757.166,2025-08-01 15:00:00+00:00
1754064000,88651.565,2025-08-01 16:00:00+00:00
1754067600,88392.4,2025-08-01 17:00:00+00:00
1754071200,88967.191,2025-08-01 18:00:00+00:00
1754074800,89131.818,2025-08-01 19:00:00+00:00
1754078400,89201.286,2025-08-01 20:00:00+00:00
1754082000,89090.508,2025-08-01 21:00:00+00:00
1754085600,88888.441,2025-08-01 22:00:00+00:00
1754089200,89001.461,2025-08-01 23:00:00+00:00
1754092800,89021.406,2025-08-02 00:00:00+00:00
1754096400,88868.164,2025-08-02 01:00:00+00:00
1754100000,88866.439,2025-08-02 02:00:00+00:00
1754103600,88934.785,2025-08-02 03:00:00+00:00
1754107200,89009.166,2025-08-02 04:00:00+00:00
1754110800,88983.625,2025-08-02 05:00:00+00:00
1754114400,88826.87,2025-08-02 06:00:00+00:00
1754118000,88745.901,2025-08-02 07:00:00+00:00
1754121600,88460.853,2025-08-02 08:00:00+00:00
1754125200,88208.982,2025-08-02 09:00:00+00:00
1754128800,87791.201,2025-08-02 10:00:00+00:00
1754132400,87771.594,2025-08-02 11:00:00+00:00
1754136000,87811.451,2025-08-02 12:00:00+00:00
1754139600,87657.516,2025-08-02 13:00:00+00:00
1754143200,87813.906,2025-08-02 14:00:00+00:00
1754146800,86488.916,2025-08-02 15:00:00+00:00
1754150400,86357.952,2025-08-02 16:00:00+00:00
1754154000,87331.305,2025-08-02 17:00:00+00:00
1754157600,86902.059,2025-08-02 18:00:00+00:00
1754161200,86151.445,2025-08-02 19:00:00+00:00
1754164800,85927.294,2025-08-02 20:00:00+00:00
1754168400,85728.276,2025-08-02 21:00:00+00:00
1754172000,85767.0,2025-08-02 22:00:00+00:00
1754175600,85726.791,2025-08-02 23:00:00+00:00
1754179200,85598.973,2025-08-03 00:00:00+00:00
1754182800,85800.943,2025-08-03 01:00:00+00:00
1754186400,85851.431,2025-08-03 02:00:00+00:00
1754190000,86237.367,2025-08-03 03:00:00+00:00
1754193600,86137.436,2025-08-03 04:00:00+00:00
1754197200,86091.55,2025-08-03 05:00:00+00:00
1754200800,86118.971,2025-08-03 06:00:00+00:00
1754204400,86076.084,2025-08-03 07:00:00+00:00
1754208000,85874.25,2025-08-03 08:00:00+00:00
1754211600,85882.329,2025-08-03 09:00:00+00:00
1754215200,85948.053,2025-08-03 10:00:00+00:00
1754218800,86107.565,2025-08-03 11:00:00+00:00
1754222400,86145.573,2025-08-03 12:00:00+00:00
1754226000,86060.345,2025-08-03 13:00:00+00:00
1754229600,86029.536,2025-08-03 14:00:00+00:00
1754233200,85984.292,2025-08-03 15:00:00+00:00
1754236800,85886.392,2025-08-03 16:00:00+00:00
1754240400,85873.347,2025-08-03 17:00:00+00:00
1754244000,85831.98,2025-08-03 18:00:00+00:00
1754247600,85473.097,2025-08-03 19:00:00+00:00
1754251200,85342.447,2025-08-03 20:00:00+00:00
1754254800,85295.924,2025-08-03 21:00:00+00:00
1754258400,85152.82,2025-08-03 22:00:00+00:00
1754262000,85205.737,2025-08-03 23:00:00+00:00
1754265600,84965.118,2025-08-04 00:00:00+00:00
1754269200,85053.969,2025-08-04 01:00:00+00:00
1754272800,85249.686,2025-08-04 02:00:00+00:00
1754276400,85222.295,2025-08-04 03:00:00+00:00
1754280000,85063.381,2025-08-04 04:00:00+00:00
1754283600,84881.13,2025-08-04 05:00:00+00:00
1754287200,84869.691,2025-08-04 06:00:00+00:00
1754290800,84987.163,2025-08-04 07:00:00+00:00
1754294400,85142.749,2025-08-04 08:00:00+00:00
1754298000,85203.472,2025-08-04 09:00:00+00:00
1754301600,85213.689,2025-08-04 10:00:00+00:00
1754305200,85122.1,2025-08-04 11:00:00+00:00
1754308800,85087.15,2025-08-04 12:00:00+00:00
1754312400,84918.294,2025-08-04 13:00:00+00:00
1754316000,84960.984,2025-08-04 14:00:00+00:00
1754319600,84928.648,2025-08-04 15:00:00+00:00
1754323200,85430.53,2025-08-04 16:00:00+00:00
1754326800,85269.669,2025-08-04 17:00:00+00:00
1754330400,85425.085,2025-08-04 18:00:00+00:00
1754334000,85478.921,2025-08-04 19:00:00+00:00
1754337600,85193.042,2025-08-04 20:00:00+00:00
1754341200,85004.953,2025-08-04 21:00:00+00:00
1754344800,85004.104,2025-08-04 22:00:00+00:00
1754348400,84824.981,2025-08-04 23:00:00+00:00
1754352000,84655.299,2025-08-05 00:00:00+00:00
1754355600,84535.443,2025-08-05 01:00:00+00:00
1754359200,84491.636,2025-08-05 02:00:00+00:00
1754362800,84241.477,2025-08-05 03:00:00+00:00
1754366400,83993.808,2025-08-05 04:00:00+00:00
1754370000,83978.279,2025-08-05 05:00:00+00:00
1754373600,84092.429,2025-08-05 06:00:00+00:00
1754377200,84400.902,2025-08-05 07:00:00+00:00
1754380800,84458.253,2025-08-05 08:00:00+00:00
1754384400,84499.269,2025-08-05 09:00:00+00:00
1754388000,84817.197,2025-08-05 10:00:00+00:00
1754391600,84778.255,2025-08-05 11:00:00+00:00
1754395200,84638.794,2025-08-05 12:00:00+00:00
1754398800,84845.061,2025-08-05 13:00:00+00:00
1754402400,85032.842,2025-08-05 14:00:00+00:00
1754406000,85464.15,2025-08-05 15:00:00+00:00
1754409600,85542.261,2025-08-05 16:00:00+00:00
1754413200,85044.242,2025-08-05 17:00:00+00:00
1754416800,85008.504,2025-08-05 18:00:00+00:00
1754420400,84953.673,2025-08-05 19:00:00+00:00
1754424000,84410.603,2025-08-05 20:00:00+00:00
1754427600,84380.697,2025-08-05 21:00:00+00:00
1754431200,84205.671,2025-08-05 22:00:00+00:00
1754434800,83846.484,2025-08-05 23:00:00+00:00
1754438400,83771.815,2025-08-06 00:00:00+00:00
1754442000,83903.559,2025-08-06 01:00:00+00:00
1754445600,83786.044,2025-08-06 02:00:00+00:00
1754449200,83772.45,2025-08-06 03:00:00+00:00
1754452800,83934.221,2025-08-06 04:00:00+00:00
1754456400,83683.575,2025-08-06 05:00:00+00:00
1754460000,83691.8,2025-08-06 06:00:00+00:00
1754463600,83902.83,2025-08-06 07:00:00+00:00
1754467200,83506.947,2025-08-06 08:00:00+00:00
1754470800,83711.817,2025-08-06 09:00:00+00:00
1754474400,83538.277,2025-08-06 10:00:00+00:00
1754478000,83334.067,2025-08-06 11:00:00+00:00
1754481600,83205.672,2025-08-06 12:00:00+00:00
1754485200,83790.673,2025-08-06 13:00:00+00:00
1754488800,83584.18,2025-08-06 14:00:00+00:00
1754492400,83913.407,2025-08-06 15:00:00+00:00
1754496000,83839.504,2025-08-06 16:00:00+00:00
1754499600,83827.552,2025-08-06 17:00:00+00:00
1754503200,84215.281,2025-08-06 18:00:00+00:00
1754506800,84093.698,2025-08-06 19:00:00+00:00
1754510400,83914.827,2025-08-06 20:00:00+00:00
1754514000,83779.697,2025-08-06 21:00:00+00:00
1754517600,83754.582,2025-08-06 22:00:00+00:00
1754521200,83761.437,2025-08-06 23:00:00+00:00
1754524800,83710.461,2025-08-07 00:00:00+00:00
1754528400,83618.902,2025-08-07 01:00:00+00:00
1754532000,83511.928,2025-08-07 02:00:00+00:00
1754535600,83414.805,2025-08-07 03:00:00+00:00
1754539200,83345.108,2025-08-07 04:00:00+00:00
1754542800,82946.481,2025-08-07 05:00:00+00:00
1754546400,83068.347,2025-08-07 06:00:00+00:00
1754550000,83229.248,2025-08-07 07:00:00+00:00
1754553600,83617.352,2025-08-07 08:00:00+00:00
1754557200,83810.438,2025-08-07 09:00:00+00:00
1754560800,84790.138,2025-08-07 10:00:00+00:00
1754564400,84798.351,2025-08-07 11:00:00+00:00
1754568000,84506.95,2025-08-07 12:00:00+00:00
1754571600,84746.206,2025-08-07 13:00:00+00:00
1754575200,84743.557,2025-08-07 14:00:00+00:00
1754578800,85068.642,2025-08-07 15:00:00+00:00
1754582400,84358.774,2025-08-07 16:00:00+00:00
1754586000,84239.767,2025-08-07 17:00:00+00:00
1754589600,84090.65,2025-08-07 18:00:00+00:00
1754593200,83206.237,2025-08-07 19:00:00+00:00
1754596800,83385.751,2025-08-07 20:00:00+00:00
1754600400,83267.098,2025-08-07 21:00:00+00:00
1754604000,83113.455,2025-08-07 22:00:00+00:00
1754607600,82982.782,2025-08-07 23:00:00+00:00
1754611200,82990.453,2025-08-08 00:00:00+00:00
1754614800,82988.844,2025-08-08 01:00:00+00:00
1754618400,82984.005,2025-08-08 02:00:00+00:00
1754622000,83060.415,2025-08-08 03:00:00+00:00
1754625600,83174.609,2025-08-08 04:00:00+00:00
1754629200,83008.543,2025-08-08 05:00:00+00:00
1754632800,82918.349,2025-08-08 06:00:00+00:00
1754636400,83147.402,2025-08-08 07:00:00+00:00
1754640000,83186.557,2025-08-08 08:00:00+00:00
1754643600,83262.412,2025-08-08 09:00:00+00:00
1754647200,83273.787,2025-08-08 10:00:00+00:00
1754650800,83276.555,2025-08-08 11:00:00+00:00
1754654400,83286.62,2025-08-08 12:00:00+00:00
1754658000,83048.229,2025-08-08 13:00:00+00:00
1754661600,83779.391,2025-08-08 14:00:00+00:00
1754665200,83100.525,2025-08-08 15:00:00+00:00
1754668800,83271.002,2025-08-08 16:00:00+00:00
1754672400,83341.066,2025-08-08 17:00:00+00:00
1754676000,82759.324,2025-08-08 18:00:00+00:00
1754679600,82384.836,2025-08-08 19:00:00+00:00
1754683200,82267.939,2025-08-08 20:00:00+00:00
1754686800,82332.187,2025-08-08 21:00:00+00:00
1754690400,82317.981,2025-08-08 22:00:00+00:00
1754694000,82223.211,2025-08-08 23:00:00+00:00
1754697600,82096.121,2025-08-09 00:00:00+00:00
1754701200,82049.975,2025-08-09 01:00:00+00:00
1754704800,82039.686,2025-08-09 02:00:00+00:00
1754708400,82163.141,2025-08-09 03:00:00+00:00
1754712000,82586.192,2025-08-09 04:00:00+00:00
1754715600,83032.848,2025-08-09 05:00:00+00:00
1754719200,83011.785,2025-08-09 06:00:00+00:00
1754722800,83114.239,2025-08-09 07:00:00+00:00
1754726400,83453.322,2025-08-09 08:00:00+00:00
1754730000,83821.286,2025-08-09 09:00:00+00:00
1754733600,83988.458,2025-08-09 10:00:00+00:00
1754737200,83470.528,2025-08-09 11:00:00+00:00
1754740800,83618.422,2025-08-09 12:00:00+00:00
1754744400,83691.298,2025-08-09 13:00:00+00:00
1754748000,84118.455,2025-08-09 14:00:00+00:00
1754751600,83760.298,2025-08-09 15:00:00+00:00
1754755200,83815.959,2025-08-09 16:00:00+00:00
1754758800,83830.932,2025-08-09 17:00:00+00:00
1754762400,83879.879,2025-08-09 18:00:00+00:00
1754766000,83919.273,2025-08-09 19:00:00+00:00
1754769600,84180.008,2025-08-09 20:00:00+00:00
1754773200,84031.429,2025-08-09 21:00:00+00:00
1754776800,84114.752,2025-08-09 22:00:00+00:00
1754780400,84001.995,2025-08-09 23:00:00+00:00
1754784000,84027.704,2025-08-10 00:00:00+00:00
1754787600,84258.557,2025-08-10 01:00:00+00:00
1754791200,85902.393,2025-08-10 02:00:00+00:00
1754794800,85734.145,2025-08-10 03:00:00+00:00
1754798400,86230.305,2025-08-10 04:00:00+00:00
1754802000,85758.752,2025-08-10 05:00:00+00:00
1754805600,85430.294,2025-08-10 06:00:00+00:00
1754809200,85087.736,2025-08-10 07:00:00+00:00
1754812800,85245.4,2025-08-10 08:00:00+00:00
1754816400,84939.001,2025-08-10 09:00:00+00:00
1754820000,85008.719,2025-08-10 10:00:00+00:00
1754823600,85129.596,2025-08-10 11:00:00+00:00
1754827200,85376.561,2025-08-10 12:00:00+00:00
1754830800,85609.074,2025-08-10 13:00:00+00:00
1754834400,86109.527,2025-08-10 14:00:00+00:00
1754838000,86378.551,2025-08-10 15:00:00+00:00
1754841600,86667.343,2025-08-10 16:00:00+00:00
1754845200,86560.662,2025-08-10 17:00:00+00:00
1754848800,86559.502,2025-08-10 18:00:00+00:00
1754852400,86593.326,2025-08-10 19:00:00+00:00
1754856000,86656.631,2025-08-10 20:00:00+00:00
1754859600,86432.157,2025-08-10 21:00:00+00:00
1754863200,86755.474,2025-08-10 22:00:00+00:00
1754866800,86955.227,2025-08-10 23:00:00+00:00
1754870400,87087.018,2025-08-11 00:00:00+00:00
1754874000,87840.65,2025-08-11 01:00:00+00:00
1754877600,91010.088,2025-08-11 02:00:00+00:00
1754881200,92856.721,2025-08-11 03:00:00+00:00
1754884800,92558.807,2025-08-11 04:00:00+00:00
1754888400,92798.101,2025-08-11 05:00:00+00:00
1754892000,93387.367,2025-08-11 06:00:00+00:00
1754895600,94114.075,2025-08-11 07:00:00+00:00
1754899200,93855.288,2025-08-11 08:00:00+00:00
1754902800,93494.357,2025-08-11 09:00:00+00:00
1754906400,93348.67,2025-08-11 10:00:00+00:00
1754910000,93203.203,2025-08-11 11:00:00+00:00
1754913600,93498.774,2025-08-11 12:00:00+00:00
1754917200,93491.673,2025-08-11 13:00:00+00:00
1754920800,93553.866,2025-08-11 14:00:00+00:00
1754924400,93255.587,2025-08-11 15:00:00+00:00
1754928000,92534.569,2025-08-11 16:00:00+00:00
1754931600,92123.983,2025-08-11 17:00:00+00:00
1754935200,91748.393,2025-08-11 18:00:00+00:00
1754938800,90544.658,2025-08-11 19:00:00+00:00
1754942400,90281.232,2025-08-11 20:00:00+00:00
1754946000,89862.835,2025-08-11 21:00:00+00:00
1754949600,89736.615,2025-08-11 22:00:00+00:00
1754953200,89721.495,2025-08-11 23:00:00+00:00
1754956800,89810.646,2025-08-12 00:00:00+00:00
1754960400,89857.292,2025-08-12 01:00:00+00:00
1754964000,89843.88,2025-08-12 02:00:00+00:00
1754967600,89748.502,2025-08-12 03:00:00+00:00
1754971200,89722.756,2025-08-12 04:00:00+00:00
1754974800,89406.616,2025-08-12 05:00:00+00:00
1754978400,89374.269,2025-08-12 06:00:00+00:00
1754982000,89189.236,2025-08-12 07:00:00+00:00
1754985600,89277.542,2025-08-12 08:00:00+00:00
1754989200,89345.647,2025-08-12 09:00:00+00:00
1754992800,89189.712,2025-08-12 10:00:00+00:00
1754996400,89170.869,2025-08-12 11:00:00+00:00
1755000000,89799.055,2025-08-12 12:00:00+00:00
1755003600,89647.088,2025-08-12 13:00:00+00:00
1755007200,89807.028,2025-08-12 14:00:00+00:00
1755010800,89929.062,2025-08-12 15:00:00+00:00
1755014400,89274.311,2025-08-12 16:00:00+00:00
1755018000,88995.034,2025-08-12 17:00:00+00:00
1755021600,89120.816,2025-08-12 18:00:00+00:00
1755025200,89312.72,2025-08-12 19:00:00+00:00
1755028800,88764.591,2025-08-12 20:00:00+00:00
1755032400,88613.816,2025-08-12 21:00:00+00:00
1755036000,88711.409,2025-08-12 22:00:00+00:00
1755039600,88962.439,2025-08-12 23:00:00+00:00
1755043200,88586.532,2025-08-13 00:00:00+00:00
1755046800,88337.867,2025-08-13 01:00:00+00:00
1755050400,88414.628,2025-08-13 02:00:00+00:00
1755054000,88526.456,2025-08-13 03:00:00+00:00
1755057600,88666.057,2025-08-13 04:00:00+00:00
1755061200,88961.915,2025-08-13 05:00:00+00:00
1755064800,88919.834,2025-08-13 06:00:00+00:00
1755068400,89380.223,2025-08-13 07:00:00+00:00
1755072000,89311.964,2025-08-13 08:00:00+00:00
1755075600,89744.522,2025-08-13 09:00:00+00:00
1755079200,90236.955,2025-08-13 10:00:00+00:00
1755082800,90694.972,2025-08-13 11:00:00+00:00
1755086400,90897.458,2025-08-13 12:00:00+00:00
1755090000,93217.68,2025-08-13 13:00:00+00:00
1755093600,92854.63,2025-08-13 14:00:00+00:00
1755097200,92642.695,2025-08-13 15:00:00+00:00
1755100800,92811.671,2025-08-13 16:00:00+00:00
1755104400,92914.084,2025-08-13 17:00:00+00:00
1755108000,92803.641,2025-08-13 18:00:00+00:00
1755111600,92261.128,2025-08-13 19:00:00+00:00
1755115200,92845.552,2025-08-13 20:00:00+00:00
1755118800,93176.61,2025-08-13 21:00:00+00:00
1755122400,93116.653,2025-08-13 22:00:00+00:00
1755126000,93243.329,2025-08-13 23:00:00+00:00
1755129600,93867.785,2025-08-14 00:00:00+00:00
1755133200,93781.05,2025-08-14 01:00:00+00:00
1755136800,94047.691,2025-08-14 02:00:00+00:00
1755140400,94496.4,2025-08-14 03:00:00+00:00
1755144000,94968.825,2025-08-14 04:00:00+00:00
1755147600,94448.919,2025-08-14 05:00:00+00:00
1755151200,93741.736,2025-08-14 06:00:00+00:00
1755154800,93292.546,2025-08-14 07:00:00+00:00
1755158400,93622.389,2025-08-14 08:00:00+00:00
1755162000,93657.119,2025-08-14 09:00:00+00:00
1755165600,93512.493,2025-08-14 10:00:00+00:00
1755169200,93661.804,2025-08-14 11:00:00+00:00
1755172800,92688.696,2025-08-14 12:00:00+00:00
1755176400,94108.069,2025-08-14 13:00:00+00:00
1755180000,93607.909,2025-08-14 14:00:00+00:00
1755183600,93308.127,2025-08-14 15:00:00+00:00
1755187200,93634.371,2025-08-14 16:00:00+00:00
1755190800,93565.036,2025-08-14 17:00:00+00:00
1755194400,92892.391,2025-08-14 18:00:00+00:00
1755198000,92699.785,2025-08-14 19:00:00+00:00
1755201600,92486.89,2025-08-14 20:00:00+00:00
1755205200,92471.813,2025-08-14 21:00:00+00:00
1755208800,92147.203,2025-08-14 22:00:00+00:00
1755212400,91922.966,2025-08-14 23:00:00+00:00
1755216000,91972.659,2025-08-15 00:00:00+00:00
1755219600,91714.297,2025-08-15 01:00:00+00:00
1755223200,91752.259,2025-08-15 02:00:00+00:00
1755226800,91668.626,2025-08-15 03:00:00+00:00
1755230400,91717.052,2025-08-15 04:00:00+00:00
1755234000,91377.875,2025-08-15 05:00:00+00:00
1755237600,91568.226,2025-08-15 06:00:00+00:00
1755241200,91078.743,2025-08-15 07:00:00+00:00
1755244800,91188.129,2025-08-15 08:00:00+00:00
1755248400,91215.32,2025-08-15 09:00:00+00:00
1755252000,91349.503,2025-08-15 10:00:00+00:00
1755255600,91344.301,2025-08-15 11:00:00+00:00
1755259200,92094.655,2025-08-15 12:00:00+00:00
1755262800,92562.411,2025-08-15 13:00:00+00:00
1755266400,91594.762,2025-08-15 14:00:00+00:00
1755270000,91428.139,2025-08-15 15:00:00+00:00
1755273600,91308.852,2025-08-15 16:00:00+00:00
1755277200,89326.59,2025-08-15 17:00:00+00:00
1755280800,89119.429,2025-08-15 18:00:00+00:00
1755284400,89093.93,2025-08-15 19:00:00+00:00
1755288000,88958.397,2025-08-15 20:00:00+00:00
1755291600,88962.867,2025-08-15 21:00:00+00:00
1755295200,88856.205,2025-08-15 22:00:00+00:00
1755298800,89020.508,2025-08-15 23:00:00+00:00
1755302400,89350.493,2025-08-16 00:00:00+00:00
1755306000,89849.301,2025-08-16 01:00:00+00:00
1755309600,89470.901,2025-08-16 02:00:00+00:00
1755313200,89548.297,2025-08-16 03:00:00+00:00
1755316800,89992.252,2025-08-16 04:00:00+00:00
1755320400,89837.029,2025-08-16 05:00:00+00:00
1755324000,89668.919,2025-08-16 06:00:00+00:00
1755327600,89609.695,2025-08-16 07:00:00+00:00
1755331200,89500.581,2025-08-16 08:00:00+00:00
1755334800,89513.217,2025-08-16 09:00:00+00:00
1755338400,89525.217,2025-08-16 10:00:00+00:00
1755342000,89662.886,2025-08-16 11:00:00+00:00
1755345600,89748.277,2025-08-16 12:00:00+00:00
1755349200,89783.295,2025-08-16 13:00:00+00:00
1755352800,89827.031,2025-08-16 14:00:00+00:00
1755356400,89742.181,2025-08-16 15:00:00+00:00
1755360000,90033.822,2025-08-16 16:00:00+00:00
1755363600,90346.582,2025-08-16 17:00:00+00:00
1755367200,90568.203,2025-08-16 18:00:00+00:00
1755370800,90476.664,2025-08-16 19:00:00+00:00
1755374400,90303.317,2025-08-16 20:00:00+00:00
1755378000,90217.367,2025-08-16 21:00:00+00:00
1755381600,90694.381,2025-08-16 22:00:00+00:00
1755385200,90584.374,2025-08-16 23:00:00+00:00
1755388800,90482.048,2025-08-17 00:00:00+00:00
1755392400,90487.204,2025-08-17 01:00:00+00:00
1755396000,90558.63,2025-08-17 02:00:00+00:00
1755399600,90451.222,2025-08-17 03:00:00+00:00
1755403200,89934.986,2025-08-17 04:00:00+00:00
1755406800,89955.693,2025-08-17 05:00:00+00:00
1755410400,90056.371,2025-08-17 06:00:00+00:00
1755414000,90048.67,2025-08-17 07:00:00+00:00
1755417600,90150.513,2025-08-17 08:00:00+00:00
1755421200,90078.419,2025-08-17 09:00:00+00:00
1755424800,90148.299,2025-08-17 10:00:00+00:00
1755428400,90167.478,2025-08-17 11:00:00+00:00
1755432000,90099.402,2025-08-17 12:00:00+00:00
1755435600,90161.426,2025-08-17 13:00:00+00:00
1755439200,90258.129,2025-08-17 14:00:00+00:00
1755442800,90300.274,2025-08-17 15:00:00+00:00
1755446400,89630.204,2025-08-17 16:00:00+00:00
1755450000,89685.764,2025-08-17 17:00:00+00:00
1755453600,89624.367,2025-08-17 18:00:00+00:00
1755457200,89586.912,2025-08-17 19:00:00+00:00
1755460800,89659.383,2025-08-17 20:00:00+00:00
1755464400,89579.482,2025-08-17 21:00:00+00:00
1755468000,89384.04,2025-08-17 22:00:00+00:00
1755471600,89557.528,2025-08-17 23:00:00+00:00
1755475200,89714.451,2025-08-18 00:00:00+00:00
1755478800,88703.093,2025-08-18 01:00:00+00:00
1755482400,89048.925,2025-08-18 02:00:00+00:00
1755486000,89350.051,2025-08-18 03:00:00+00:00
1755489600,89594.636,2025-08-18 04:00:00+00:00
1755493200,89443.586,2025-08-18 05:00:00+00:00
1755496800,89233.019,2025-08-18 06:00:00+00:00
1755500400,89086.35,2025-08-18 07:00:00+00:00
1755504000,88960.607,2025-08-18 08:00:00+00:00
1755507600,88933.99,2025-08-18 09:00:00+00:00
1755511200,88803.885,2025-08-18 10:00:00+00:00
1755514800,88951.758,2025-08-18 11:00:00+00:00
1755518400,89073.871,2025-08-18 12:00:00+00:00
1755522000,89116.415,2025-08-18 13:00:00+00:00
1755525600,89189.522,2025-08-18 14:00:00+00:00
1755529200,88454.71,2025-08-18 15:00:00+00:00
1755532800,88355.638,2025-08-18 16:00:00+00:00
1755536400,87856.517,2025-08-18 17:00:00+00:00
1755540000,88025.224,2025-08-18 18:00:00+00:00
1755543600,87932.452,2025-08-18 19:00:00+00:00
1755547200,87676.661,2025-08-18 20:00:00+00:00
1755550800,87559.174,2025-08-18 21:00:00+00:00
1755554400,87439.916,2025-08-18 22:00:00+00:00
1755558000,87484.355,2025-08-18 23:00:00+00:00
1755561600,86952.132,2025-08-19 00:00:00+00:00
1755565200,87099.551,2025-08-19 01:00:00+00:00
1755568800,87181.838,2025-08-19 02:00:00+00:00
1755572400,87059.986,2025-08-19 03:00:00+00:00
1755576000,86681.802,2025-08-19 04:00:00+00:00
1755579600,86761.796,2025-08-19 05:00:00+00:00
1755583200,86742.261,2025-08-19 06:00:00+00:00
1755586800,87151.863,2025-08-19 07:00:00+00:00
1755590400,87076.162,2025-08-19 08:00:00+00:00
1755594000,86967.744,2025-08-19 09:00:00+00:00
1755597600,86875.573,2025-08-19 10:00:00+00:00
1755601200,86885.584,2025-08-19 11:00:00+00:00
1755604800,87091.113,2025-08-19 12:00:00+00:00
1755608400,87369.387,2025-08-19 13:00:00+00:00
1755612000,87857.507,2025-08-19 14:00:00+00:00
1755615600,87927.061,2025-08-19 15:00:00+00:00
1755619200,88257.142,2025-08-19 16:00:00+00:00
1755622800,88427.003,2025-08-19 17:00:00+00:00
1755626400,88241.554,2025-08-19 18:00:00+00:00
1755630000,88406.479,2025-08-19 19:00:00+00:00
1755633600,88390.872,2025-08-19 20:00:00+00:00
1755637200,88204.633,2025-08-19 21:00:00+00:00
1755640800,87807.555,2025-08-19 22:00:00+00:00
1755644400,87861.153,2025-08-19 23:00:00+00:00
1755648000,87765.17,2025-08-20 00:00:00+00:00
1755651600,87748.19,2025-08-20 01:00:00+00:00
1755655200,86911.007,2025-08-20 02:00:00+00:00
1755658800,87082.895,2025-08-20 03:00:00+00:00
1755662400,87191.778,2025-08-20 04:00:00+00:00
1755666000,87140.345,2025-08-20 05:00:00+00:00
1755669600,86928.635,2025-08-20 06:00:00+00:00
1755673200,86897.166,2025-08-20 07:00:00+00:00
1755676800,86915.56,2025-08-20 08:00:00+00:00
1755680400,86908.563,2025-08-20 09:00:00+00:00
1755684000,86915.324,2025-08-20 10:00:00+00:00
1755687600,86820.138,2025-08-20 11:00:00+00:00
1755691200,86872.976,2025-08-20 12:00:00+00:00
1755694800,86843.844,2025-08-20 13:00:00+00:00
1755698400,85932.217,2025-08-20 14:00:00+00:00
1755702000,86487.274,2025-08-20 15:00:00+00:00
1755705600,86737.934,2025-08-20 16:00:00+00:00
1755709200,86610.437,2025-08-20 17:00:00+00:00
1755712800,87010.875,2025-08-20 18:00:00+00:00
1755716400,86723.952,2025-08-20 19:00:00+00:00
1755720000,86444.923,2025-08-20 20:00:00+00:00
1755723600,86237.921,2025-08-20 21:00:00+00:00
1755727200,85904.981,2025-08-20 22:00:00+00:00
1755730800,85992.281,2025-08-20 23:00:00+00:00
1755734400,85974.899,2025-08-21 00:00:00+00:00
1755738000,85934.263,2025-08-21 01:00:00+00:00
1755741600,86394.294,2025-08-21 02:00:00+00:00
1755745200,86387.678,2025-08-21 03:00:00+00:00
1755748800,86682.709,2025-08-21 04:00:00+00:00
1755752400,86780.638,2025-08-21 05:00:00+00:00
1755756000,86751.515,2025-08-21 06:00:00+00:00
1755759600,86802.268,2025-08-21 07:00:00+00:00
1755763200,86826.448,2025-08-21 08:00:00+00:00
1755766800,87464.202,2025-08-21 09:00:00+00:00
1755770400,87844.349,2025-08-21 10:00:00+00:00
1755774000,88126.147,2025-08-21 11:00:00+00:00
1755777600,88465.288,2025-08-21 12:00:00+00:00
1755781200,88004.568,2025-08-21 13:00:00+00:00
1755784800,87952.188,2025-08-21 14:00:00+00:00
1755788400,88328.588,2025-08-21 15:00:00+00:00
1755792000,88723.988,2025-08-21 16:00:00+00:00
1755795600,89146.798,2025-08-21 17:00:00+00:00
1755799200,89518.789,2025-08-21 18:00:00+00:00
1755802800,89868.489,2025-08-21 19:00:00+00:00
1755806400,89715.606,2025-08-21 20:00:00+00:00
1755810000,89573.495,2025-08-21 21:00:00+00:00
1755813600,89549.486,2025-08-21 22:00:00+00:00
1755817200,89648.369,2025-08-21 23:00:00+00:00
1755820800,89269.999,2025-08-22 00:00:00+00:00
1755824400,89294.464,2025-08-22 01:00:00+00:00
1755828000,88683.273,2025-08-22 02:00:00+00:00
1755831600,88640.957,2025-08-22 03:00:00+00:00
1755835200,88315.542,2025-08-22 04:00:00+00:00
1755838800,88097.89,2025-08-22 05:00:00+00:00
1755842400,88197.039,2025-08-22 06:00:00+00:00
1755846000,88157.657,2025-08-22 07:00:00+00:00
1755849600,87883.859,2025-08-22 08:00:00+00:00
1755853200,87863.195,2025-08-22 09:00:00+00:00
1755856800,88260.048,2025-08-22 10:00:00+00:00
1755860400,88690.404,2025-08-22 11:00:00+00:00
1755864000,88820.689,2025-08-22 12:00:00+00:00
1755867600,88967.444,2025-08-22 13:00:00+00:00
1755871200,88640.201,2025-08-22 14:00:00+00:00
1755874800,89437.32,2025-08-22 15:00:00+00:00
1755878400,90684.985,2025-08-22 16:00:00+00:00
1755882000,89932.128,2025-08-22 17:00:00+00:00
1755885600,89524.361,2025-08-22 18:00:00+00:00
1755889200,89345.565,2025-08-22 19:00:00+00:00
1755892800,88872.404,2025-08-22 20:00:00+00:00
1755896400,88796.309,2025-08-22 21:00:00+00:00
1755900000,88621.544,2025-08-22 22:00:00+00:00
1755903600,88576.395,2025-08-22 23:00:00+00:00
1755907200,88709.248,2025-08-23 00:00:00+00:00
1755910800,88674.158,2025-08-23 01:00:00+00:00
1755914400,88200.902,2025-08-23 02:00:00+00:00
1755918000,88500.673,2025-08-23 03:00:00+00:00
1755921600,88824.399,2025-08-23 04:00:00+00:00
1755925200,89313.409,2025-08-23 05:00:00+00:00
1755928800,89484.065,2025-08-23 06:00:00+00:00
1755932400,89566.408,2025-08-23 07:00:00+00:00
1755936000,89709.535,2025-08-23 08:00:00+00:00
1755939600,89981.07,2025-08-23 09:00:00+00:00
1755943200,90371.06,2025-08-23 10:00:00+00:00
1755946800,90645.823,2025-08-23 11:00:00+00:00
1755950400,90697.258,2025-08-23 12:00:00+00:00
1755954000,90842.19,2025-08-23 13:00:00+00:00
1755957600,91556.984,2025-08-23 14:00:00+00:00
1755961200,91801.712,2025-08-23 15:00:00+00:00
1755964800,91899.621,2025-08-23 16:00:00+00:00
1755968400,92047.939,2025-08-23 17:00:00+00:00
1755972000,91975.968,2025-08-23 18:00:00+00:00
1755975600,91969.786,2025-08-23 19:00:00+00:00
1755979200,91866.343,2025-08-23 20:00:00+00:00
1755982800,91673.12,2025-08-23 21:00:00+00:00
1755986400,91788.05,2025-08-23 22:00:00+00:00
1755990000,91745.999,2025-08-23 23:00:00+00:00
1755993600,91425.864,2025-08-24 00:00:00+00:00
1755997200,91359.976,2025-08-24 01:00:00+00:00
1756000800,91858.792,2025-08-24 02:00:00+00:00
1756004400,91775.563,2025-08-24 03:00:00+00:00
1756008000,91970.893,2025-08-24 04:00:00+00:00
1756011600,92033.453,2025-08-24 05:00:00+00:00
1756015200,92152.939,2025-08-24 06:00:00+00:00
1756018800,92184.339,2025-08-24 07:00:00+00:00
1756022400,92312.683,2025-08-24 08:00:00+00:00
1756026000,92394.88,2025-08-24 09:00:00+00:00
1756029600,92570.336,2025-08-24 10:00:00+00:00
1756033200,92695.804,2025-08-24 11:00:00+00:00
1756036800,92863.677,2025-08-24 12:00:00+00:00
1756040400,93117.48,2025-08-24 13:00:00+00:00
1756044000,93596.429,2025-08-24 14:00:00+00:00
1756047600,94032.176,2025-08-24 15:00:00+00:00
1756051200,94486.964,2025-08-24 16:00:00+00:00
1756054800,94680.478,2025-08-24 17:00:00+00:00
1756058400,95052.888,2025-08-24 18:00:00+00:00
1756062000,93255.07,2025-08-24 19:00:00+00:00
1756065600,93747.839,2025-08-24 20:00:00+00:00
1756069200,93616.677,2025-08-24 21:00:00+00:00
1756072800,93780.175,2025-08-24 22:00:00+00:00
1756076400,93739.777,2025-08-24 23:00:00+00:00
1756080000,93351.674,2025-08-25 00:00:00+00:00
1756083600,93242.258,2025-08-25 01:00:00+00:00
1756087200,93047.904,2025-08-25 02:00:00+00:00
1756090800,92562.402,2025-08-25 03:00:00+00:00
1756094400,93016.151,2025-08-25 04:00:00+00:00
1756098000,93093.826,2025-08-25 05:00:00+00:00
1756101600,93484.07,2025-08-25 06:00:00+00:00
1756105200,93968.524,2025-08-25 07:00:00+00:00
1756108800,93431.73,2025-08-25 08:00:00+00:00
1756112400,93582.102,2025-08-25 09:00:00+00:00
1756116000,93731.953,2025-08-25 10:00:00+00:00
1756119600,93711.747,2025-08-25 11:00:00+00:00
1756123200,94259.76,2025-08-25 12:00:00+00:00
1756126800,93910.008,2025-08-25 13:00:00+00:00
1756130400,94391.166,2025-08-25 14:00:00+00:00
1756134000,93974.91,2025-08-25 15:00:00+00:00
1756137600,94041.09,2025-08-25 16:00:00+00:00
1756141200,93613.834,2025-08-25 17:00:00+00:00
1756144800,93337.891,2025-08-25 18:00:00+00:00
1756148400,91641.645,2025-08-25 19:00:00+00:00
1756152000,91049.881,2025-08-25 20:00:00+00:00
1756155600,90494.041,2025-08-25 21:00:00+00:00
1756159200,90131.86,2025-08-25 22:00:00+00:00
1756162800,90118.368,2025-08-25 23:00:00+00:00
1756166400,89228.296,2025-08-26 00:00:00+00:00
1756170000,88945.181,2025-08-26 01:00:00+00:00
1756173600,88787.312,2025-08-26 02:00:00+00:00
1756177200,89026.177,2025-08-26 03:00:00+00:00
1756180800,88959.386,2025-08-26 04:00:00+00:00
1756184400,89049.28,2025-08-26 05:00:00+00:00
1756188000,89074.779,2025-08-26 06:00:00+00:00
1756191600,89348.208,2025-08-26 07:00:00+00:00
1756195200,89292.336,2025-08-26 08:00:00+00:00
1756198800,89337.838,2025-08-26 09:00:00+00:00
1756202400,89076.713,2025-08-26 10:00:00+00:00
1756206000,89143.41,2025-08-26 11:00:00+00:00
1756209600,89428.976,2025-08-26 12:00:00+00:00
1756213200,89436.222,2025-08-26 13:00:00+00:00
1756216800,89495.649,2025-08-26 14:00:00+00:00
1756220400,89444.102,2025-08-26 15:00:00+00:00
1756224000,89645.63,2025-08-26 16:00:00+00:00
1756227600,89606.865,2025-08-26 17:00:00+00:00
1756231200,89437.383,2025-08-26 18:00:00+00:00
1756234800,89537.102,2025-08-26 19:00:00+00:00
1756238400,89301.927,2025-08-26 20:00:00+00:00
1756242000,89081.855,2025-08-26 21:00:00+00:00
1756245600,89143.532,2025-08-26 22:00:00+00:00
1756249200,89250.886,2025-08-26 23:00:00+00:00
1756252800,88776.846,2025-08-27 00:00:00+00:00
1756256400,88529.956,2025-08-27 01:00:00+00:00
1756260000,88449.694,2025-08-27 02:00:00+00:00
1756263600,88450.397,2025-08-27 03:00:00+00:00
1756267200,88622.271,2025-08-27 04:00:00+00:00
1756270800,88496.53,2025-08-27 05:00:00+00:00
1756274400,88502.411,2025-08-27 06:00:00+00:00
1756278000,88413.677,2025-08-27 07:00:00+00:00
1756281600,88711.826,2025-08-27 08:00:00+00:00
1756285200,89033.532,2025-08-27 09:00:00+00:00
1756288800,89163.559,2025-08-27 10:00:00+00:00
1756292400,89207.625,2025-08-27 11:00:00+00:00
1756296000,89226.614,2025-08-27 12:00:00+00:00
1756299600,89580.176,2025-08-27 13:00:00+00:00
1756303200,89347.563,2025-08-27 14:00:00+00:00
1756306800,89343.311,2025-08-27 15:00:00+00:00
1756310400,89393.734,2025-08-27 16:00:00+00:00
1756314000,89253.939,2025-08-27 17:00:00+00:00
1756317600,89037.94,2025-08-27 18:00:00+00:00
1756321200,88696.291,2025-08-27 19:00:00+00:00
1756324800,88509.525,2025-08-27 20:00:00+00:00
1756328400,88251.121,2025-08-27 21:00:00+00:00
1756332000,88262.508,2025-08-27 22:00:00+00:00
1756335600,88151.034,2025-08-27 23:00:00+00:00
1756339200,88081.991,2025-08-28 00:00:00+00:00
1756342800,87781.748,2025-08-28 01:00:00+00:00
1756346400,87838.974,2025-08-28 02:00:00+00:00
1756350000,87914.021,2025-08-28 03:00:00+00:00
1756353600,88122.765,2025-08-28 04:00:00+00:00
1756357200,88384.39,2025-08-28 05:00:00+00:00
1756360800,89000.793,2025-08-28 06:00:00+00:00
1756364400,89033.517,2025-08-28 07:00:00+00:00
1756368000,89213.258,2025-08-28 08:00:00+00:00
1756371600,89140.792,2025-08-28 09:00:00+00:00
1756375200,88920.919,2025-08-28 10:00:00+00:00
1756378800,88911.257,2025-08-28 11:00:00+00:00
1756382400,88835.177,2025-08-28 12:00:00+00:00
1756386000,88499.037,2025-08-28 13:00:00+00:00
1756389600,88526.167,2025-08-28 14:00:00+00:00
1756393200,88584.134,2025-08-28 15:00:00+00:00
1756396800,88190.739,2025-08-28 16:00:00+00:00
1756400400,88169.901,2025-08-28 17:00:00+00:00
1756404000,88054.268,2025-08-28 18:00:00+00:00
1756407600,88327.21,2025-08-28 19:00:00+00:00
1756411200,88302.958,2025-08-28 20:00:00+00:00
1756414800,88230.735,2025-08-28 21:00:00+00:00
1756418400,87974.032,2025-08-28 22:00:00+00:00
1756422000,88001.579,2025-08-28 23:00:00+00:00
1756425600,87923.941,2025-08-29 00:00:00+00:00
1756429200,88290.801,2025-08-29 01:00:00+00:00
1756432800,88228.088,2025-08-29 02:00:00+00:00
1756436400,88090.601,2025-08-29 03:00:00+00:00
1756440000,88041.45,2025-08-29 04:00:00+00:00
1756443600,88031.374,2025-08-29 05:00:00+00:00
1756447200,88262.579,2025-08-29 06:00:00+00:00
1756450800,88646.334,2025-08-29 07:00:00+00:00
1756454400,88894.91,2025-08-29 08:00:00+00:00
1756458000,89239.632,2025-08-29 09:00:00+00:00
1756461600,89228.396,2025-08-29 10:00:00+00:00
1756465200,89312.557,2025-08-29 11:00:00+00:00
1756468800,88297.335,2025-08-29 12:00:00+00:00
1756472400,87945.555,2025-08-29 13:00:00+00:00
1756476000,88256.823,2025-08-29 14:00:00+00:00
1756479600,89177.983,2025-08-29 15:00:00+00:00
1756483200,89453.501,2025-08-29 16:00:00+00:00
1756486800,89368.339,2025-08-29 17:00:00+00:00
1756490400,89155.111,2025-08-29 18:00:00+00:00
1756494000,88946.12,2025-08-29 19:00:00+00:00
1756497600,88683.105,2025-08-29 20:00:00+00:00
1756501200,88945.769,2025-08-29 21:00:00+00:00
1756504800,89165.817,2025-08-29 22:00:00+00:00
1756508400,89143.382,2025-08-29 23:00:00+00:00
1756512000,88871.531,2025-08-30 00:00:00+00:00
1756515600,88852.187,2025-08-30 01:00:00+00:00
1756519200,88898.725,2025-08-30 02:00:00+00:00
1756522800,89365.477,2025-08-30 03:00:00+00:00
1756526400,89495.972,2025-08-30 04:00:00+00:00
1756530000,89442.216,2025-08-30 05:00:00+00:00
1756533600,89535.609,2025-08-30 06:00:00+00:00
1756537200,89366.582,2025-08-30 07:00:00+00:00
1756540800,89669.549,2025-08-30 08:00:00+00:00
1756544400,89598.108,2025-08-30 09:00:00+00:00
1756548000,89679.907,2025-08-30 10:00:00+00:00
1756551600,89776.78,2025-08-30 11:00:00+00:00
1756555200,89724.484,2025-08-30 12:00:00+00:00
1756558800,89554.638,2025-08-30 13:00:00+00:00
1756562400,89488.816,2025-08-30 14:00:00+00:00
1756566000,89638.713,2025-08-30 15:00:00+00:00
1756569600,89734.899,2025-08-30 16:00:00+00:00
1756573200,89929.858,2025-08-30 17:00:00+00:00
1756576800,89921.454,2025-08-30 18:00:00+00:00
1756580400,89964.798,2025-08-30 19:00:00+00:00
1756584000,89786.394,2025-08-30 20:00:00+00:00
1756587600,89610.995,2025-08-30 21:00:00+00:00
1756591200,89562.432,2025-08-30 22:00:00+00:00
1756594800,89548.075,2025-08-30 23:00:00+00:00
1756598400,89685.501,2025-08-31 00:00:00+00:00
1756602000,89768.067,2025-08-31 01:00:00+00:00
1756605600,89737.462,2025-08-31 02:00:00+00:00
1756609200,89820.397,2025-08-31 03:00:00+00:00
1756612800,89644.014,2025-08-31 04:00:00+00:00
1756616400,89723.776,2025-08-31 05:00:00+00:00
1756620000,89864.298,2025-08-31 06:00:00+00:00
1756623600,89849.341,2025-08-31 07:00:00+00:00
1756627200,89805.81,2025-08-31 08:00:00+00:00
1756630800,89973.018,2025-08-31 09:00:00+00:00
1756634400,89655.893,2025-08-31 10:00:00+00:00
1756638000,89582.972,2025-08-31 11:00:00+00:00
1756641600,89684.182,2025-08-31 12:00:00+00:00
1756645200,89777.046,2025-08-31 13:00:00+00:00
1756648800,89880.121,2025-08-31 14:00:00+00:00
1756652400,89956.872,2025-08-31 15:00:00+00:00
1756656000,90319.308,2025-08-31 16:00:00+00:00
1756659600,90359.096,2025-08-31 17:00:00+00:00
1756663200,90365.228,2025-08-31 18:00:00+00:00
1756666800,90342.892,2025-08-31 19:00:00+00:00
1756670400,90179.99,2025-08-31 20:00:00+00:00
1756674000,90150.226,2025-08-31 21:00:00+00:00
1756677600,90204.463,2025-08-31 22:00:00+00:00
1756681200,89828.631,2025-08-31 23:00:00+00:00
1756684800,89521.306,2025-09-01 00:00:00+00:00
1756688400,89696.954,2025-09-01 01:00:00+00:00
1756692000,89958.477,2025-09-01 02:00:00+00:00
1756695600,90260.22,2025-09-01 03:00:00+00:00
1756699200,90336.392,2025-09-01 04:00:00+00:00
1756702800,90183.343,2025-09-01 05:00:00+00:00
1756706400,90395.557,2025-09-01 06:00:00+00:00
1756710000,90508.098,2025-09-01 07:00:00+00:00
1756713600,90688.048,2025-09-01 08:00:00+00:00
1756717200,90602.809,2025-09-01 09:00:00+00:00
1756720800,90293.654,2025-09-01 10:00:00+00:00
1756724400,90456.797,2025-09-01 11:00:00+00:00
1756728000,90450.444,2025-09-01 12:00:00+00:00
1756731600,90419.76,2025-09-01 13:00:00+00:00
1756735200,90512.456,2025-09-01 14:00:00+00:00
1756738800,90118.177,2025-09-01 15:00:00+00:00
1756742400,89914.178,2025-09-01 16:00:00+00:00
1756746000,89022.631,2025-09-01 17:00:00+00:00
1756749600,88986.061,2025-09-01 18:00:00+00:00
1756753200,88944.978,2025-09-01 19:00:00+00:00
1756756800,88175.309,2025-09-01 20:00:00+00:00
1756760400,88384.05,2025-09-01 21:00:00+00:00
1756764000,88262.219,2025-09-01 22:00:00+00:00
1756767600,88444.971,2025-09-01 23:00:00+00:00
1756771200,88377.746,2025-09-02 00:00:00+00:00
1756774800,88781.274,2025-09-02 01:00:00+00:00
1756778400,89131.863,2025-09-02 02:00:00+00:00
1756782000,89215.237,2025-09-02 03:00:00+00:00
1756785600,89348.688,2025-09-02 04:00:00+00:00
1756789200,89402.17,2025-09-02 05:00:00+00:00
1756792800,89731.427,2025-09-02 06:00:00+00:00
1756796400,90049.859,2025-09-02 07:00:00+00:00
1756800000,90255.533,2025-09-02 08:00:00+00:00
1756803600,90179.375,2025-09-02 09:00:00+00:00
1756807200,90491.888,2025-09-02 10:00:00+00:00
1756810800,90275.963,2025-09-02 11:00:00+00:00
1756814400,88869.092,2025-09-02 12:00:00+00:00
1756818000,89904.531,2025-09-02 13:00:00+00:00
1756821600,91072.114,2025-09-02 14:00:00+00:00
1756825200,90969.51,2025-09-02 15:00:00+00:00
1756828800,90754.401,2025-09-02 16:00:00+00:00
1756832400,90614.35,2025-09-02 17:00:00+00:00
1756836000,89978.747,2025-09-02 18:00:00+00:00
1756839600,89936.205,2025-09-02 19:00:00+00:00
1756843200,89993.184,2025-09-02 20:00:00+00:00
1756846800,89643.953,2025-09-02 21:00:00+00:00
1756850400,89245.027,2025-09-02 22:00:00+00:00
1756854000,89270.409,2025-09-02 23:00:00+00:00
1756857600,89107.271,2025-09-03 00:00:00+00:00
1756861200,88968.828,2025-09-03 01:00:00+00:00
1756864800,89106.825,2025-09-03 02:00:00+00:00
1756868400,89302.675,2025-09-03 03:00:00+00:00
1756872000,89000.39,2025-09-03 04:00:00+00:00
1756875600,88984.981,2025-09-03 05:00:00+00:00
1756879200,89021.739,2025-09-03 06:00:00+00:00
1756882800,88861.748,2025-09-03 07:00:00+00:00
1756886400,89050.054,2025-09-03 08:00:00+00:00
1756890000,88970.28,2025-09-03 09:00:00+00:00
1756893600,89151.739,2025-09-03 10:00:00+00:00
1756897200,89519.311,2025-09-03 11:00:00+00:00
1756900800,89895.03,2025-09-03 12:00:00+00:00
1756904400,90724.302,2025-09-03 13:00:00+00:00
1756908000,90478.449,2025-09-03 14:00:00+00:00
1756911600,90611.602,2025-09-03 15:00:00+00:00
1756915200,90563.075,2025-09-03 16:00:00+00:00
1756918800,90361.28,2025-09-03 17:00:00+00:00
1756922400,90271.966,2025-09-03 18:00:00+00:00
1756926000,90188.766,2025-09-03 19:00:00+00:00
1756929600,90135.174,2025-09-03 20:00:00+00:00
1756933200,90058.327,2025-09-03 21:00:00+00:00
1756936800,90145.963,2025-09-03 22:00:00+00:00
1756940400,90302.358,2025-09-03 23:00:00+00:00
1756944000,90092.622,2025-09-04 00:00:00+00:00
1756947600,90085.459,2025-09-04 01:00:00+00:00
1756951200,90214.203,2025-09-04 02:00:00+00:00
1756954800,90455.02,2025-09-04 03:00:00+00:00
1756958400,90105.321,2025-09-04 04:00:00+00:00
1756962000,89647.935,2025-09-04 05:00:00+00:00
1756965600,89670.893,2025-09-04 06:00:00+00:00
1756969200,89483.528,2025-09-04 07:00:00+00:00
1756972800,89384.971,2025-09-04 08:00:00+00:00
1756976400,89534.238,2025-09-04 09:00:00+00:00
1756980000,89072.458,2025-09-04 10:00:00+00:00
1756983600,89590.401,2025-09-04 11:00:00+00:00
1756987200,89565.68,2025-09-04 12:00:00+00:00
1756990800,89582.284,2025-09-04 13:00:00+00:00
1756994400,89223.845,2025-09-04 14:00:00+00:00
1756998000,89720.95,2025-09-04 15:00:00+00:00
1757001600,89846.641,2025-09-04 16:00:00+00:00
1757005200,89532.505,2025-09-04 17:00:00+00:00
1757008800,89384.601,2025-09-04 18:00:00+00:00
1757012400,89073.59,2025-09-04 19:00:00+00:00
1757016000,88689.39,2025-09-04 20:00:00+00:00
1757019600,88564.295,2025-09-04 21:00:00+00:00
1757023200,88371.463,2025-09-04 22:00:00+00:00
1757026800,88067.49,2025-09-04 23:00:00+00:00
1757030400,87795.672,2025-09-05 00:00:00+00:00
1757034000,88141.966,2025-09-05 01:00:00+00:00
1757037600,88539.974,2025-09-05 02:00:00+00:00
1757041200,88491.82,2025-09-05 03:00:00+00:00
1757044800,88583.696,2025-09-05 04:00:00+00:00
1757048400,88907.199,2025-09-05 05:00:00+00:00
1757052000,89109.443,2025-09-05 06:00:00+00:00
1757055600,90745.171,2025-09-05 07:00:00+00:00
1757059200,91265.615,2025-09-05 08:00:00+00:00
1757062800,90985.811,2025-09-05 09:00:00+00:00
1757066400,90716.647,2025-09-05 10:00:00+00:00
1757070000,90715.686,2025-09-05 11:00:00+00:00
1757073600,91100.457,2025-09-05 12:00:00+00:00
1757077200,91716.965,2025-09-05 13:00:00+00:00
1757080800,89587.452,2025-09-05 14:00:00+00:00
1757084400,89459.922,2025-09-05 15:00:00+00:00
1757088000,89359.663,2025-09-05 16:00:00+00:00
1757091600,89148.029,2025-09-05 17:00:00+00:00
1757095200,88885.423,2025-09-05 18:00:00+00:00
1757098800,88378.193,2025-09-05 19:00:00+00:00
1757102400,87721.362,2025-09-05 20:00:00+00:00
1757106000,87063.064,2025-09-05 21:00:00+00:00
1757109600,86980.928,2025-09-05 22:00:00+00:00
1757113200,87251.178,2025-09-05 23:00:00+00:00
1757116800,87302.108,2025-09-06 00:00:00+00:00
1757120400,87359.67,2025-09-06 01:00:00+00:00
1757124000,87687.821,2025-09-06 02:00:00+00:00
1757127600,87607.33,2025-09-06 03:00:00+00:00
1757131200,87489.436,2025-09-06 04:00:00+00:00
1757134800,87339.226,2025-09-06 05:00:00+00:00
1757138400,87291.895,2025-09-06 06:00:00+00:00
1757142000,87238.064,2025-09-06 07:00:00+00:00
1757145600,87202.542,2025-09-06 08:00:00+00:00
1757149200,87187.586,2025-09-06 09:00:00+00:00
1757152800,87156.406,2025-09-06 10:00:00+00:00
1757156400,87145.585,2025-09-06 11:00:00+00:00
1757160000,87155.128,2025-09-06 12:00:00+00:00
1757163600,87178.141,2025-09-06 13:00:00+00:00
1757167200,87246.045,2025-09-06 14:00:00+00:00
1757170800,87115.306,2025-09-06 15:00:00+00:00
1757174400,87002.065,2025-09-06 16:00:00+00:00
1757178000,87046.366,2025-09-06 17:00:00+00:00
1757181600,87123.452,2025-09-06 18:00:00+00:00
1757185200,87156.537,2025-09-06 19:00:00+00:00
1757188800,87060.32,2025-09-06 20:00:00+00:00
1757192400,87043.319,2025-09-06 21:00:00+00:00
1757196000,87063.162,2025-09-06 22:00:00+00:00
1757199600,86985.769,2025-09-06 23:00:00+00:00
1757203200,86994.914,2025-09-07 00:00:00+00:00
1757206800,87195.904,2025-09-07 01:00:00+00:00
1757210400,87236.319,2025-09-07 02:00:00+00:00
1757214000,87362.574,2025-09-07 03:00:00+00:00
1757217600,87304.536,2025-09-07 04:00:00+00:00
1757221200,87242.568,2025-09-07 05:00:00+00:00
1757224800,87300.881,2025-09-07 06:00:00+00:00
1757228400,87247.218,2025-09-07 07:00:00+00:00
1757232000,88562.967,2025-09-07 08:00:00+00:00
1757235600,88374.769,2025-09-07 09:00:00+00:00
1757239200,88366.368,2025-09-07 10:00:00+00:00
1757242800,88230.31,2025-09-07 11:00:00+00:00
1757246400,88114.233,2025-09-07 12:00:00+00:00
1757250000,88025.827,2025-09-07 13:00:00+00:00
1757253600,87961.002,2025-09-07 14:00:00+00:00
1757257200,88116.902,2025-09-07 15:00:00+00:00
1757260800,88302.456,2025-09-07 16:00:00+00:00
1757264400,88395.276,2025-09-07 17:00:00+00:00
1757268000,88392.458,2025-09-07 18:00:00+00:00
1757271600,88496.019,2025-09-07 19:00:00+00:00
1757275200,88729.07,2025-09-07 20:00:00+00:00
1757278800,88747.432,2025-09-07 21:00:00+00:00
1757282400,88838.117,2025-09-07 22:00:00+00:00
1757286000,88886.037,2025-09-07 23:00:00+00:00
1757289600,88716.141,2025-09-08 00:00:00+00:00
1757293200,88805.904,2025-09-08 01:00:00+00:00
1757296800,88922.977,2025-09-08 02:00:00+00:00
1757300400,88931.042,2025-09-08 03:00:00+00:00
1757304000,89064.132,2025-09-08 04:00:00+00:00
1757307600,89034.487,2025-09-08 05:00:00+00:00
1757311200,89135.485,2025-09-08 06:00:00+00:00
1757314800,89518.49,2025-09-08 07:00:00+00:00
1757318400,89605.484,2025-09-08 08:00:00+00:00
1757322000,90397.542,2025-09-08 09:00:00+00:00
1757325600,90782.493,2025-09-08 10:00:00+00:00
1757329200,90926.327,2025-09-08 11:00:00+00:00
1757332800,91073.298,2025-09-08 12:00:00+00:00
1757336400,91139.228,2025-09-08 13:00:00+00:00
1757340000,91991.727,2025-09-08 14:00:00+00:00
1757343600,92272.337,2025-09-08 15:00:00+00:00
1757347200,92150.211,2025-09-08 16:00:00+00:00
1757350800,92064.868,2025-09-08 17:00:00+00:00
1757354400,92165.243,2025-09-08 18:00:00+00:00
1757358000,91717.659,2025-09-08 19:00:00+00:00
1757361600,91473.059,2025-09-08 20:00:00+00:00
1757365200,91048.153,2025-09-08 21:00:00+00:00
1757368800,91183.849,2025-09-08 22:00:00+00:00
1757372400,91251.36,2025-09-08 23:00:00+00:00
1757376000,91160.615,2025-09-09 00:00:00+00:00
1757379600,91072.476,2025-09-09 01:00:00+00:00
1757383200,91072.002,2025-09-09 02:00:00+00:00
1757386800,90216.522,2025-09-09 03:00:00+00:00
1757390400,91016.346,2025-09-09 04:00:00+00:00
1757394000,91509.676,2025-09-09 05:00:00+00:00
1757397600,91961.357,2025-09-09 06:00:00+00:00
1757401200,91811.524,2025-09-09 07:00:00+00:00
1757404800,92110.228,2025-09-09 08:00:00+00:00
1757408400,92267.984,2025-09-09 09:00:00+00:00
1757412000,92411.793,2025-09-09 10:00:00+00:00
1757415600,91988.878,2025-09-09 11:00:00+00:00
1757419200,91797.472,2025-09-09 12:00:00+00:00
1757422800,91719.667,2025-09-09 13:00:00+00:00
1757426400,92394.515,2025-09-09 14:00:00+00:00
1757430000,91701.963,2025-09-09 15:00:00+00:00
1757433600,91842.372,2025-09-09 16:00:00+00:00
1757437200,92173.79,2025-09-09 17:00:00+00:00
1757440800,92197.189,2025-09-09 18:00:00+00:00
1757444400,92283.604,2025-09-09 19:00:00+00:00
1757448000,92351.839,2025-09-09 20:00:00+00:00
1757451600,92181.65,2025-09-09 21:00:00+00:00
1757455200,92192.194,2025-09-09 22:00:00+00:00
1757458800,92142.467,2025-09-09 23:00:00+00:00
1757462400,92260.984,2025-09-10 00:00:00+00:00
1757466000,91861.421,2025-09-10 01:00:00+00:00
1757469600,92096.789,2025-09-10 02:00:00+00:00
1757473200,91953.787,2025-09-10 03:00:00+00:00
1757476800,91915.741,2025-09-10 04:00:00+00:00
1757480400,92027.796,2025-09-10 05:00:00+00:00
1757484000,91546.039,2025-09-10 06:00:00+00:00
1757487600,90518.694,2025-09-10 07:00:00+00:00
1757491200,90068.329,2025-09-10 08:00:00+00:00
1757494800,89880.473,2025-09-10 09:00:00+00:00
1757498400,89973.661,2025-09-10 10:00:00+00:00
1757502000,89745.819,2025-09-10 11:00:00+00:00
1757505600,91769.773,2025-09-10 12:00:00+00:00
1757509200,93904.475,2025-09-10 13:00:00+00:00
1757512800,95394.919,2025-09-10 14:00:00+00:00
1757516400,95582.602,2025-09-10 15:00:00+00:00
1757520000,95055.886,2025-09-10 16:00:00+00:00
1757523600,94854.702,2025-09-10 17:00:00+00:00
1757527200,94694.296,2025-09-10 18:00:00+00:00
1757530800,94483.711,2025-09-10 19:00:00+00:00
1757534400,93764.84,2025-09-10 20:00:00+00:00
1757538000,93588.392,2025-09-10 21:00:00+00:00
1757541600,93369.436,2025-09-10 22:00:00+00:00
1757545200,93800.289,2025-09-10 23:00:00+00:00
1757548800,93760.149,2025-09-11 00:00:00+00:00
1757552400,93967.145,2025-09-11 01:00:00+00:00
1757556000,93841.054,2025-09-11 02:00:00+00:00
1757559600,93847.701,2025-09-11 03:00:00+00:00
1757563200,94106.882,2025-09-11 04:00:00+00:00
1757566800,94082.518,2025-09-11 05:00:00+00:00
1757570400,93973.576,2025-09-11 06:00:00+00:00
1757574000,93448.066,2025-09-11 07:00:00+00:00
1757577600,93360.344,2025-09-11 08:00:00+00:00
1757581200,92734.188,2025-09-11 09:00:00+00:00
1757584800,92700.689,2025-09-11 10:00:00+00:00
1757588400,92937.952,2025-09-11 11:00:00+00:00
1757592000,93195.939,2025-09-11 12:00:00+00:00
1757595600,94128.2,2025-09-11 13:00:00+00:00
1757599200,93791.488,2025-09-11 14:00:00+00:00
1757602800,93641.139,2025-09-11 15:00:00+00:00
1757606400,93735.441,2025-09-11 16:00:00+00:00
1757610000,93843.675,2025-09-11 17:00:00+00:00
1757613600,93282.707,2025-09-11 18:00:00+00:00
1757617200,93312.793,2025-09-11 19:00:00+00:00
1757620800,93102.422,2025-09-11 20:00:00+00:00
1757624400,93025.872,2025-09-11 21:00:00+00:00
1757628000,92380.198,2025-09-11 22:00:00+00:00
1757631600,92642.997,2025-09-11 23:00:00+00:00
1757635200,93139.638,2025-09-12 00:00:00+00:00
1757638800,92950.771,2025-09-12 01:00:00+00:00
1757642400,92961.222,2025-09-12 02:00:00+00:00
1757646000,92486.775,2025-09-12 03:00:00+00:00
1757649600,92601.102,2025-09-12 04:00:00+00:00
1757653200,92601.19,2025-09-12 05:00:00+00:00
1757656800,92524.641,2025-09-12 06:00:00+00:00
1757660400,92593.505,2025-09-12 07:00:00+00:00
1757664000,92458.856,2025-09-12 08:00:00+00:00
1757667600,91887.708,2025-09-12 09:00:00+00:00
1757671200,91899.994,2025-09-12 10:00:00+00:00
1757674800,92203.372,2025-09-12 11:00:00+00:00
1757678400,92575.368,2025-09-12 12:00:00+00:00
1757682000,92778.842,2025-09-12 13:00:00+00:00
1757685600,92572.056,2025-09-12 14:00:00+00:00
1757689200,92609.668,2025-09-12 15:00:00+00:00
1757692800,92515.358,2025-09-12 16:00:00+00:00
1757696400,92314.197,2025-09-12 17:00:00+00:00
1757700000,92802.24,2025-09-12 18:00:00+00:00
1757703600,92457.86,2025-09-12 19:00:00+00:00
1757707200,92103.287,2025-09-12 20:00:00+00:00
1757710800,91794.104,2025-09-12 21:00:00+00:00
1757714400,91566.204,2025-09-12 22:00:00+00:00
1757718000,91689.464,2025-09-12 23:00:00+00:00
1757721600,92075.552,2025-09-13 00:00:00+00:00
1757725200,91547.905,2025-09-13 01:00:00+00:00
1757728800,91603.26,2025-09-13 02:00:00+00:00
1757732400,91522.361,2025-09-13 03:00:00+00:00
1757736000,91464.76,2025-09-13 04:00:00+00:00
1757739600,91239.029,2025-09-13 05:00:00+00:00
1757743200,91209.858,2025-09-13 06:00:00+00:00
1757746800,91304.155,2025-09-13 07:00:00+00:00
1757750400,91290.661,2025-09-13 08:00:00+00:00
1757754000,91528.942,2025-09-13 09:00:00+00:00
1757757600,91626.444,2025-09-13 10:00:00+00:00
1757761200,91710.748,2025-09-13 11:00:00+00:00
1757764800,91699.617,2025-09-13 12:00:00+00:00
1757768400,91712.851,2025-09-13 13:00:00+00:00
1757772000,91408.23,2025-09-13 14:00:00+00:00
1757775600,91288.679,2025-09-13 15:00:00+00:00
1757779200,90017.134,2025-09-13 16:00:00+00:00
1757782800,89677.928,2025-09-13 17:00:00+00:00
1757786400,89380.262,2025-09-13 18:00:00+00:00
1757790000,89284.09,2025-09-13 19:00:00+00:00
1757793600,89224.707,2025-09-13 20:00:00+00:00
1757797200,89139.468,2025-09-13 21:00:00+00:00
1757800800,89172.194,2025-09-13 22:00:00+00:00
1757804400,89214.667,2025-09-13 23:00:00+00:00
1757808000,89214.379,2025-09-14 00:00:00+00:00
1757811600,89361.526,2025-09-14 01:00:00+00:00
1757815200,89430.165,2025-09-14 02:00:00+00:00
1757818800,89288.801,2025-09-14 03:00:00+00:00
1757822400,89309.913,2025-09-14 04:00:00+00:00
1757826000,89352.253,2025-09-14 05:00:00+00:00
1757829600,89442.665,2025-09-14 06:00:00+00:00
1757833200,89362.585,2025-09-14 07:00:00+00:00
1757836800,89334.689,2025-09-14 08:00:00+00:00
1757840400,89334.437,2025-09-14 09:00:00+00:00
1757844000,89335.94,2025-09-14 10:00:00+00:00
1757847600,89384.207,2025-09-14 11:00:00+00:00
1757851200,89394.284,2025-09-14 12:00:00+00:00
1757854800,88598.349,2025-09-14 13:00:00+00:00
1757858400,88584.736,2025-09-14 14:00:00+00:00
1757862000,88500.704,2025-09-14 15:00:00+00:00
1757865600,88429.057,2025-09-14 16:00:00+00:00
1757869200,88156.343,2025-09-14 17:00:00+00:00
1757872800,88042.881,2025-09-14 18:00:00+00:00
1757876400,88092.224,2025-09-14 19:00:00+00:00
1757880000,87893.913,2025-09-14 20:00:00+00:00
1757883600,88183.829,2025-09-14 21:00:00+00:00
1757887200,88248.067,2025-09-14 22:00:00+00:00
1757890800,87745.057,2025-09-14 23:00:00+00:00
1757894400,87498.873,2025-09-15 00:00:00+00:00
1757898000,87771.553,2025-09-15 01:00:00+00:00
1757901600,87974.399,2025-09-15 02:00:00+00:00
1757905200,88008.662,2025-09-15 03:00:00+00:00
1757908800,88399.599,2025-09-15 04:00:00+00:00
1757912400,88624.737,2025-09-15 05:00:00+00:00
1757916000,89012.292,2025-09-15 06:00:00+00:00
1757919600,88543.5,2025-09-15 07:00:00+00:00
1757923200,88531.341,2025-09-15 08:00:00+00:00
1757926800,88029.039,2025-09-15 09:00:00+00:00
1757930400,88410.843,2025-09-15 10:00:00+00:00
1757934000,89139.235,2025-09-15 11:00:00+00:00
1757937600,89304.289,2025-09-15 12:00:00+00:00
1757941200,89007.306,2025-09-15 13:00:00+00:00
1757944800,89154.308,2025-09-15 14:00:00+00:00
1757948400,89146.965,2025-09-15 15:00:00+00:00
1757952000,89174.695,2025-09-15 16:00:00+00:00
1757955600,89097.927,2025-09-15 17:00:00+00:00
1757959200,89001.476,2025-09-15 18:00:00+00:00
1757962800,88756.276,2025-09-15 19:00:00+00:00
1757966400,88595.38,2025-09-15 20:00:00+00:00
1757970000,88517.793,2025-09-15 21:00:00+00:00
1757973600,88540.857,2025-09-15 22:00:00+00:00
1757977200,88349.349,2025-09-15 23:00:00+00:00
1757980800,88113.123,2025-09-16 00:00:00+00:00
1757984400,88020.715,2025-09-16 01:00:00+00:00
1757988000,88103.941,2025-09-16 02:00:00+00:00
1757991600,88091.834,2025-09-16 03:00:00+00:00
1757995200,87766.324,2025-09-16 04:00:00+00:00
1757998800,87323.221,2025-09-16 05:00:00+00:00
1758002400,87390.205,2025-09-16 06:00:00+00:00
1758006000,87507.318,2025-09-16 07:00:00+00:00
1758009600,87305.09,2025-09-16 08:00:00+00:00
1758013200,87332.651,2025-09-16 09:00:00+00:00
1758016800,87415.033,2025-09-16 10:00:00+00:00
1758020400,87569.607,2025-09-16 11:00:00+00:00
1758024000,87745.555,2025-09-16 12:00:00+00:00
1758027600,87236.455,2025-09-16 13:00:00+00:00
1758031200,87867.501,2025-09-16 14:00:00+00:00
1758034800,87494.566,2025-09-16 15:00:00+00:00
1758038400,87566.392,2025-09-16 16:00:00+00:00
1758042000,89265.17,2025-09-16 17:00:00+00:00
1758045600,89759.885,2025-09-16 18:00:00+00:00
1758049200,90283.495,2025-09-16 19:00:00+00:00
1758052800,90498.015,2025-09-16 20:00:00+00:00
1758056400,90515.183,2025-09-16 21:00:00+00:00
1758060000,90702.934,2025-09-16 22:00:00+00:00
1758063600,90736.842,2025-09-16 23:00:00+00:00
1758067200,90874.573,2025-09-17 00:00:00+00:00
1758070800,90961.605,2025-09-17 01:00:00+00:00
1758074400,91052.494,2025-09-17 02:00:00+00:00
1758078000,91316.385,2025-09-17 03:00:00+00:00
1758081600,91309.249,2025-09-17 04:00:00+00:00
1758085200,91118.804,2025-09-17 05:00:00+00:00
1758088800,91236.855,2025-09-17 06:00:00+00:00
1758092400,91338.621,2025-09-17 07:00:00+00:00
1758096000,90895.155,2025-09-17 08:00:00+00:00
1758099600,90509.835,2025-09-17 09:00:00+00:00
1758103200,90043.143,2025-09-17 10:00:00+00:00
1758106800,89488.809,2025-09-17 11:00:00+00:00
1758110400,89389.176,2025-09-17 12:00:00+00:00
1758114000,89250.93,2025-09-17 13:00:00+00:00
1758117600,88544.827,2025-09-17 14:00:00+00:00
1758121200,88588.428,2025-09-17 15:00:00+00:00
1758124800,88712.854,2025-09-17 16:00:00+00:00
1758128400,88845.03,2025-09-17 17:00:00+00:00
1758132000,88590.788,2025-09-17 18:00:00+00:00
1758135600,88627.22,2025-09-17 19:00:00+00:00
1758139200,88448.813,2025-09-17 20:00:00+00:00
1758142800,88319.392,2025-09-17 21:00:00+00:00
1758146400,87646.012,2025-09-17 22:00:00+00:00
1758150000,87493.049,2025-09-17 23:00:00+00:00
1758153600,87419.028,2025-09-18 00:00:00+00:00
1758157200,87384.842,2025-09-18 01:00:00+00:00
1758160800,87308.268,2025-09-18 02:00:00+00:00
1758164400,89092.209,2025-09-18 03:00:00+00:00
1758168000,89935.675,2025-09-18 04:00:00+00:00
1758171600,89778.347,2025-09-18 05:00:00+00:00
1758175200,89541.663,2025-09-18 06:00:00+00:00
1758178800,89544.726,2025-09-18 07:00:00+00:00
1758182400,89433.998,2025-09-18 08:00:00+00:00
1758186000,89513.594,2025-09-18 09:00:00+00:00
1758189600,89691.233,2025-09-18 10:00:00+00:00
1758193200,89684.866,2025-09-18 11:00:00+00:00
1758196800,90086.643,2025-09-18 12:00:00+00:00
1758200400,90160.989,2025-09-18 13:00:00+00:00
1758204000,90933.082,2025-09-18 14:00:00+00:00
1758207600,90797.724,2025-09-18 15:00:00+00:00
1758211200,90778.176,2025-09-18 16:00:00+00:00
1758214800,90898.438,2025-09-18 17:00:00+00:00
1758218400,91202.638,2025-09-18 18:00:00+00:00
1758222000,90902.538,2025-09-18 19:00:00+00:00
1758225600,90802.888,2025-09-18 20:00:00+00:00
1758229200,90716.673,2025-09-18 21:00:00+00:00
1758232800,90977.154,2025-09-18 22:00:00+00:00
1758236400,91076.633,2025-09-18 23:00:00+00:00
1758240000,91093.503,2025-09-19 00:00:00+00:00
1758243600,91190.827,2025-09-19 01:00:00+00:00
1758247200,91256.806,2025-09-19 02:00:00+00:00
1758250800,91404.132,2025-09-19 03:00:00+00:00
1758254400,91305.175,2025-09-19 04:00:00+00:00
1758258000,91201.859,2025-09-19 05:00:00+00:00
1758261600,90621.429,2025-09-19 06:00:00+00:00
1758265200,90469.648,2025-09-19 07:00:00+00:00
1758268800,90423.213,2025-09-19 08:00:00+00:00
1758272400,89424.752,2025-09-19 09:00:00+00:00
1758276000,89108.777,2025-09-19 10:00:00+00:00
1758279600,89162.796,2025-09-19 11:00:00+00:00
1758283200,89189.811,2025-09-19 12:00:00+00:00
1758286800,89384.524,2025-09-19 13:00:00+00:00
1758290400,89487.607,2025-09-19 14:00:00+00:00
1758294000,89713.1,2025-09-19 15:00:00+00:00
1758297600,89953.443,2025-09-19 16:00:00+00:00
1758301200,89734.557,2025-09-19 17:00:00+00:00
1758304800,89542.146,2025-09-19 18:00:00+00:00
1758308400,89956.426,2025-09-19 19:00:00+00:00
1758312000,90183.068,2025-09-19 20:00:00+00:00
1758315600,90151.544,2025-09-19 21:00:00+00:00
1758319200,90090.53,2025-09-19 22:00:00+00:00
1758322800,90126.517,2025-09-19 23:00:00+00:00
1758326400,90186.784,2025-09-20 00:00:00+00:00
1758330000,90197.655,2025-09-20 01:00:00+00:00
1758333600,90165.883,2025-09-20 02:00:00+00:00
1758337200,90125.136,2025-09-20 03:00:00+00:00
1758340800,90234.538,2025-09-20 04:00:00+00:00
1758344400,90177.919,2025-09-20 05:00:00+00:00
1758348000,90050.278,2025-09-20 06:00:00+00:00
1758351600,90165.885,2025-09-20 07:00:00+00:00
1758355200,90141.338,2025-09-20 08:00:00+00:00
1758358800,89967.214,2025-09-20 09:00:00+00:00
1758362400,89838.401,2025-09-20 10:00:00+00:00
1758366000,89582.073,2025-09-20 11:00:00+00:00
1758369600,89574.269,2025-09-20 12:00:00+00:00
1758373200,89648.469,2025-09-20 13:00:00+00:00
1758376800,89530.446,2025-09-20 14:00:00+00:00
1758380400,89416.708,2025-09-20 15:00:00+00:00
1758384000,89380.67,2025-09-20 16:00:00+00:00
1758387600,89140.763,2025-09-20 17:00:00+00:00
1758391200,89066.849,2025-09-20 18:00:00+00:00
1758394800,89004.22,2025-09-20 19:00:00+00:00
1758398400,88929.77,2025-09-20 20:00:00+00:00
1758402000,88811.792,2025-09-20 21:00:00+00:00
1758405600,88936.675,2025-09-20 22:00:00+00:00
1758409200,89154.222,2025-09-20 23:00:00+00:00
1758412800,88972.838,2025-09-21 00:00:00+00:00
1758416400,88940.193,2025-09-21 01:00:00+00:00
1758420000,88748.458,2025-09-21 02:00:00+00:00
1758423600,88752.511,2025-09-21 03:00:00+00:00
1758427200,88718.643,2025-09-21 04:00:00+00:00
1758430800,88659.87,2025-09-21 05:00:00+00:00
1758434400,88576.265,2025-09-21 06:00:00+00:00
1758438000,88709.092,2025-09-21 07:00:00+00:00
1758441600,88800.141,2025-09-21 08:00:00+00:00
1758445200,88869.729,2025-09-21 09:00:00+00:00
1758448800,88865.859,2025-09-21 10:00:00+00:00
1758452400,88906.851,2025-09-21 11:00:00+00:00
1758456000,88854.699,2025-09-21 12:00:00+00:00
1758459600,88773.413,2025-09-21 13:00:00+00:00
1758463200,88702.055,2025-09-21 14:00:00+00:00
1758466800,88567.383,2025-09-21 15:00:00+00:00
1758470400,88929.001,2025-09-21 16:00:00+00:00
1758474000,88845.064,2025-09-21 17:00:00+00:00
1758477600,88865.195,2025-09-21 18:00:00+00:00
1758481200,88770.16,2025-09-21 19:00:00+00:00
1758484800,88761.3,2025-09-21 20:00:00+00:00
1758488400,88730.937,2025-09-21 21:00:00+00:00
1758492000,88680.965,2025-09-21 22:00:00+00:00
1758495600,88668.586,2025-09-21 23:00:00+00:00
1758499200,88944.461,2025-09-22 00:00:00+00:00
1758502800,88925.144,2025-09-22 01:00:00+00:00
1758506400,88748.011,2025-09-22 02:00:00+00:00
1758510000,88603.203,2025-09-22 03:00:00+00:00
1758513600,88592.899,2025-09-22 04:00:00+00:00
1758517200,88482.618,2025-09-22 05:00:00+00:00
1758520800,87390.908,2025-09-22 06:00:00+00:00
1758524400,89592.137,2025-09-22 07:00:00+00:00
1758528000,89730.083,2025-09-22 08:00:00+00:00
1758531600,90105.998,2025-09-22 09:00:00+00:00
1758535200,90037.485,2025-09-22 10:00:00+00:00
1758538800,90077.238,2025-09-22 11:00:00+00:00
1758542400,89951.26,2025-09-22 12:00:00+00:00
1758546000,89923.954,2025-09-22 13:00:00+00:00
1758549600,88269.252,2025-09-22 14:00:00+00:00
1758553200,87989.869,2025-09-22 15:00:00+00:00
1758556800,87975.667,2025-09-22 16:00:00+00:00
1758560400,88198.842,2025-09-22 17:00:00+00:00
1758564000,88515.606,2025-09-22 18:00:00+00:00
1758567600,87474.584,2025-09-22 19:00:00+00:00
1758571200,87045.662,2025-09-22 20:00:00+00:00
1758574800,87123.885,2025-09-22 21:00:00+00:00
1758578400,87156.978,2025-09-22 22:00:00+00:00
1758582000,87111.293,2025-09-22 23:00:00+00:00
1758585600,87015.094,2025-09-23 00:00:00+00:00
1758589200,87128.515,2025-09-23 01:00:00+00:00
1758592800,86915.661,2025-09-23 02:00:00+00:00
1758596400,87313.608,2025-09-23 03:00:00+00:00
1758600000,87113.492,2025-09-23 04:00:00+00:00
1758603600,87637.756,2025-09-23 05:00:00+00:00
1758607200,87569.929,2025-09-23 06:00:00+00:00
1758610800,87624.523,2025-09-23 07:00:00+00:00
1758614400,87560.056,2025-09-23 08:00:00+00:00
1758618000,87473.159,2025-09-23 09:00:00+00:00
1758621600,87579.341,2025-09-23 10:00:00+00:00
1758625200,87542.556,2025-09-23 11:00:00+00:00
1758628800,87716.069,2025-09-23 12:00:00+00:00
1758632400,87622.651,2025-09-23 13:00:00+00:00
1758636000,87331.339,2025-09-23 14:00:00+00:00
1758639600,87085.431,2025-09-23 15:00:00+00:00
1758643200,86670.225,2025-09-23 16:00:00+00:00
1758646800,87082.996,2025-09-23 17:00:00+00:00
1758650400,87789.062,2025-09-23 18:00:00+00:00
1758654000,87936.076,2025-09-23 19:00:00+00:00
1758657600,88120.304,2025-09-23 20:00:00+00:00
1758661200,88056.711,2025-09-23 21:00:00+00:00
1758664800,88217.732,2025-09-23 22:00:00+00:00
1758668400,88245.664,2025-09-23 23:00:00+00:00
1758672000,88264.644,2025-09-24 00:00:00+00:00
1758675600,88228.347,2025-09-24 01:00:00+00:00
1758679200,88425.096,2025-09-24 02:00:00+00:00
1758682800,88278.721,2025-09-24 03:00:00+00:00
1758686400,88098.803,2025-09-24 04:00:00+00:00
1758690000,87861.84,2025-09-24 05:00:00+00:00
1758693600,87871.588,2025-09-24 06:00:00+00:00
1758697200,88049.923,2025-09-24 07:00:00+00:00
1758700800,88086.916,2025-09-24 08:00:00+00:00
1758704400,88043.278,2025-09-24 09:00:00+00:00
1758708000,87888.793,2025-09-24 10:00:00+00:00
1758711600,87358.484,2025-09-24 11:00:00+00:00
1758715200,87189.699,2025-09-24 12:00:00+00:00
1758718800,87657.157,2025-09-24 13:00:00+00:00
1758722400,87908.775,2025-09-24 14:00:00+00:00
1758726000,88079.377,2025-09-24 15:00:00+00:00
1758729600,88275.368,2025-09-24 16:00:00+00:00
1758733200,88720.395,2025-09-24 17:00:00+00:00
1758736800,89131.297,2025-09-24 18:00:00+00:00
1758740400,89220.812,2025-09-24 19:00:00+00:00
1758744000,89132.117,2025-09-24 20:00:00+00:00
1758747600,88969.036,2025-09-24 21:00:00+00:00
1758751200,89076.504,2025-09-24 22:00:00+00:00
1758754800,89147.376,2025-09-24 23:00:00+00:00
1758758400,89197.263,2025-09-25 00:00:00+00:00
1758762000,88157.321,2025-09-25 01:00:00+00:00
1758765600,88042.233,2025-09-25 02:00:00+00:00
1758769200,88044.573,2025-09-25 03:00:00+00:00
1758772800,87394.984,2025-09-25 04:00:00+00:00
1758776400,87391.252,2025-09-25 05:00:00+00:00
1758780000,87555.297,2025-09-25 06:00:00+00:00
1758783600,87461.814,2025-09-25 07:00:00+00:00
1758787200,87443.423,2025-09-25 08:00:00+00:00
1758790800,86787.146,2025-09-25 09:00:00+00:00
1758794400,86659.473,2025-09-25 10:00:00+00:00
1758798000,86417.441,2025-09-25 11:00:00+00:00
1758801600,86788.412,2025-09-25 12:00:00+00:00
1758805200,86558.291,2025-09-25 13:00:00+00:00
1758808800,85907.285,2025-09-25 14:00:00+00:00
1758812400,86048.778,2025-09-25 15:00:00+00:00
1758816000,86059.993,2025-09-25 16:00:00+00:00
1758819600,84793.347,2025-09-25 17:00:00+00:00
1758823200,85487.636,2025-09-25 18:00:00+00:00
1758826800,85449.734,2025-09-25 19:00:00+00:00
1758830400,85668.08,2025-09-25 20:00:00+00:00
1758834000,85612.187,2025-09-25 21:00:00+00:00
1758837600,85429.86,2025-09-25 22:00:00+00:00
1758841200,84822.747,2025-09-25 23:00:00+00:00
1758844800,85202.238,2025-09-26 00:00:00+00:00
1758848400,84977.613,2025-09-26 01:00:00+00:00
1758852000,84937.587,2025-09-26 02:00:00+00:00
1758855600,84999.916,2025-09-26 03:00:00+00:00
1758859200,85031.703,2025-09-26 04:00:00+00:00
1758862800,85358.455,2025-09-26 05:00:00+00:00
1758866400,85719.659,2025-09-26 06:00:00+00:00
1758870000,85415.496,2025-09-26 07:00:00+00:00
1758873600,85406.997,2025-09-26 08:00:00+00:00
1758877200,85540.0,2025-09-26 09:00:00+00:00
1758880800,86451.457,2025-09-26 10:00:00+00:00
1758884400,86481.474,2025-09-26 11:00:00+00:00
1758888000,86252.245,2025-09-26 12:00:00+00:00
1758891600,85821.264,2025-09-26 13:00:00+00:00
1758895200,86029.377,2025-09-26 14:00:00+00:00
1758898800,86083.639,2025-09-26 15:00:00+00:00
1758902400,85945.373,2025-09-26 16:00:00+00:00
1758906000,86068.481,2025-09-26 17:00:00+00:00
1758909600,85637.846,2025-09-26 18:00:00+00:00
1758913200,85097.368,2025-09-26 19:00:00+00:00
1758916800,85047.783,2025-09-26 20:00:00+00:00
1758920400,84926.472,2025-09-26 21:00:00+00:00
1758924000,84982.915,2025-09-26 22:00:00+00:00
1758927600,84920.883,2025-09-26 23:00:00+00:00
1758931200,84862.882,2025-09-27 00:00:00+00:00
1758934800,85069.26,2025-09-27 01:00:00+00:00
1758938400,84901.591,2025-09-27 02:00:00+00:00
1758942000,84868.729,2025-09-27 03:00:00+00:00
1758945600,84979.024,2025-09-27 04:00:00+00:00
1758949200,85041.457,2025-09-27 05:00:00+00:00
1758952800,85067.432,2025-09-27 06:00:00+00:00
1758956400,84981.681,2025-09-27 07:00:00+00:00
1758960000,84941.288,2025-09-27 08:00:00+00:00
1758963600,85091.823,2025-09-27 09:00:00+00:00
1758967200,84832.369,2025-09-27 10:00:00+00:00
1758970800,84848.607,2025-09-27 11:00:00+00:00
1758974400,85069.856,2025-09-27 12:00:00+00:00
1758978000,84963.652,2025-09-27 13:00:00+00:00
1758981600,84873.174,2025-09-27 14:00:00+00:00
1758985200,84795.384,2025-09-27 15:00:00+00:00
1758988800,84778.537,2025-09-27 16:00:00+00:00
1758992400,84872.921,2025-09-27 17:00:00+00:00
1758996000,84892.125,2025-09-27 18:00:00+00:00
1758999600,84835.943,2025-09-27 19:00:00+00:00
1759003200,84830.651,2025-09-27 20:00:00+00:00
1759006800,84744.964,2025-09-27 21:00:00+00:00
1759010400,84627.479,2025-09-27 22:00:00+00:00
1759014000,84550.198,2025-09-27 23:00:00+00:00
1759017600,84759.883,2025-09-28 00:00:00+00:00
1759021200,85136.567,2025-09-28 01:00:00+00:00
1759024800,85063.324,2025-09-28 02:00:00+00:00
1759028400,85025.795,2025-09-28 03:00:00+00:00
1759032000,84990.149,2025-09-28 04:00:00+00:00
1759035600,84946.352,2025-09-28 05:00:00+00:00
1759039200,85078.555,2025-09-28 06:00:00+00:00
1759042800,85319.413,2025-09-28 07:00:00+00:00
1759046400,85262.33,2025-09-28 08:00:00+00:00
1759050000,85401.747,2025-09-28 09:00:00+00:00
1759053600,85446.528,2025-09-28 10:00:00+00:00
1759057200,85394.912,2025-09-28 11:00:00+00:00
1759060800,85130.306,2025-09-28 12:00:00+00:00
1759064400,84876.157,2025-09-28 13:00:00+00:00
1759068000,84563.468,2025-09-28 14:00:00+00:00
1759071600,84847.998,2025-09-28 15:00:00+00:00
1759075200,85340.973,2025-09-28 16:00:00+00:00
1759078800,85707.936,2025-09-28 17:00:00+00:00
1759082400,85731.216,2025-09-28 18:00:00+00:00
1759086000,85643.979,2025-09-28 19:00:00+00:00
1759089600,85674.342,2025-09-28 20:00:00+00:00
1759093200,85838.117,2025-09-28 21:00:00+00:00
1759096800,85867.01,2025-09-28 22:00:00+00:00
1759100400,86087.677,2025-09-28 23:00:00+00:00
1759104000,86310.257,2025-09-29 00:00:00+00:00
1759107600,85812.866,2025-09-29 01:00:00+00:00
1759111200,85649.525,2025-09-29 02:00:00+00:00
1759114800,85766.425,2025-09-29 03:00:00+00:00
1759118400,86015.047,2025-09-29 04:00:00+00:00
1759122000,86131.319,2025-09-29 05:00:00+00:00
1759125600,86362.035,2025-09-29 06:00:00+00:00
1759129200,86256.828,2025-09-29 07:00:00+00:00
1759132800,86640.727,2025-09-29 08:00:00+00:00
1759136400,86732.481,2025-09-29 09:00:00+00:00
1759140000,86782.191,2025-09-29 10:00:00+00:00
1759143600,86855.062,2025-09-29 11:00:00+00:00
1759147200,86944.699,2025-09-29 12:00:00+00:00
1759150800,87721.886,2025-09-29 13:00:00+00:00
1759154400,88366.365,2025-09-29 14:00:00+00:00
1759158000,88840.311,2025-09-29 15:00:00+00:00
1759161600,88818.633,2025-09-29 16:00:00+00:00
1759165200,88668.997,2025-09-29 17:00:00+00:00
1759168800,88968.892,2025-09-29 18:00:00+00:00
1759172400,88684.635,2025-09-29 19:00:00+00:00
1759176000,88730.85,2025-09-29 20:00:00+00:00
1759179600,88765.378,2025-09-29 21:00:00+00:00
1759183200,88781.411,2025-09-29 22:00:00+00:00
1759186800,88881.683,2025-09-29 23:00:00+00:00
1759190400,88944.809,2025-09-30 00:00:00+00:00
1759194000,89236.988,2025-09-30 01:00:00+00:00
1759197600,89417.864,2025-09-30 02:00:00+00:00
1759201200,89571.058,2025-09-30 03:00:00+00:00
1759204800,89640.914,2025-09-30 04:00:00+00:00
1759208400,90190.719,2025-09-30 05:00:00+00:00
1759212000,89832.325,2025-09-30 06:00:00+00:00
1759215600,89406.707,2025-09-30 07:00:00+00:00
1759219200,89253.917,2025-09-30 08:00:00+00:00
1759222800,88809.187,2025-09-30 09:00:00+00:00
1759226400,88607.576,2025-09-30 10:00:00+00:00
1759230000,88477.077,2025-09-30 11:00:00+00:00
1759233600,88666.556,2025-09-30 12:00:00+00:00
1759237200,88758.387,2025-09-30 13:00:00+00:00
1759240800,88255.24,2025-09-30 14:00:00+00:00
1759244400,87989.464,2025-09-30 15:00:00+00:00
1759248000,87847.562,2025-09-30 16:00:00+00:00
1759251600,87808.028,2025-09-30 17:00:00+00:00
1759255200,87959.637,2025-09-30 18:00:00+00:00
1759258800,87972.318,2025-09-30 19:00:00+00:00
1759262400,87857.054,2025-09-30 20:00:00+00:00
1759266000,88040.909,2025-09-30 21:00:00+00:00
1759269600,88406.887,2025-09-30 22:00:00+00:00
1759273200,88523.223,2025-09-30 23:00:00+00:00
1759276800,88667.481,2025-10-01 00:00:00+00:00
1759280400,88956.549,2025-10-01 01:00:00+00:00
1759284000,89248.571,2025-10-01 02:00:00+00:00
1759287600,89514.468,2025-10-01 03:00:00+00:00
1759291200,89499.077,2025-10-01 04:00:00+00:00
1759294800,89740.21,2025-10-01 05:00:00+00:00
1759298400,89812.973,2025-10-01 06:00:00+00:00
1759302000,90014.652,2025-10-01 07:00:00+00:00
1759305600,90403.044,2025-10-01 08:00:00+00:00
1759309200,89825.176,2025-10-01 09:00:00+00:00
1759312800,90191.378,2025-10-01 10:00:00+00:00
1759316400,90654.046,2025-10-01 11:00:00+00:00
1759320000,90635.027,2025-10-01 12:00:00+00:00
1759323600,91000.833,2025-10-01 13:00:00+00:00
1759327200,91132.501,2025-10-01 14:00:00+00:00
1759330800,91342.641,2025-10-01 15:00:00+00:00
1759334400,92836.74,2025-10-01 16:00:00+00:00
1759338000,92977.515,2025-10-01 17:00:00+00:00
1759341600,92349.59,2025-10-01 18:00:00+00:00
1759345200,92309.228,2025-10-01 19:00:00+00:00
1759348800,92606.169,2025-10-01 20:00:00+00:00
1759352400,92620.608,2025-10-01 21:00:00+00:00
1759356000,92317.243,2025-10-01 22:00:00+00:00
1759359600,91461.436,2025-10-01 23:00:00+00:00
1759363200,91506.202,2025-10-02 00:00:00+00:00
1759366800,91540.769,2025-10-02 01:00:00+00:00
1759370400,91699.743,2025-10-02 02:00:00+00:00
1759374000,91767.834,2025-10-02 03:00:00+00:00
1759377600,91801.445,2025-10-02 04:00:00+00:00
1759381200,91676.766,2025-10-02 05:00:00+00:00
1759384800,91816.511,2025-10-02 06:00:00+00:00
1759388400,91854.389,2025-10-02 07:00:00+00:00
1759392000,91886.562,2025-10-02 08:00:00+00:00
1759395600,91679.643,2025-10-02 09:00:00+00:00
1759399200,91695.388,2025-10-02 10:00:00+00:00
1759402800,91851.613,2025-10-02 11:00:00+00:00
1759406400,92259.384,2025-10-02 12:00:00+00:00
1759410000,93391.427,2025-10-02 13:00:00+00:00
1759413600,93399.955,2025-10-02 14:00:00+00:00
1759417200,93493.399,2025-10-02 15:00:00+00:00
1759420800,93722.347,2025-10-02 16:00:00+00:00
1759424400,93813.582,2025-10-02 17:00:00+00:00
1759428000,93881.99,2025-10-02 18:00:00+00:00
1759431600,93618.381,2025-10-02 19:00:00+00:00
1759435200,93770.026,2025-10-02 20:00:00+00:00
1759438800,93893.959,2025-10-02 21:00:00+00:00
1759442400,93775.305,2025-10-02 22:00:00+00:00
1759446000,93673.511,2025-10-02 23:00:00+00:00
1759449600,93936.374,2025-10-03 00:00:00+00:00
1759453200,94132.124,2025-10-03 01:00:00+00:00
1759456800,94193.677,2025-10-03 02:00:00+00:00
1759460400,94037.411,2025-10-03 03:00:00+00:00
1759464000,93884.849,2025-10-03 04:00:00+00:00
1759467600,93740.041,2025-10-03 05:00:00+00:00
1759471200,93642.103,2025-10-03 06:00:00+00:00
1759474800,94526.996,2025-10-03 07:00:00+00:00
1759478400,94738.713,2025-10-03 08:00:00+00:00
1759482000,94412.267,2025-10-03 09:00:00+00:00
1759485600,94536.077,2025-10-03 10:00:00+00:00
1759489200,94754.708,2025-10-03 11:00:00+00:00
1759492800,94922.593,2025-10-03 12:00:00+00:00
1759496400,94887.875,2025-10-03 13:00:00+00:00
1759500000,94960.534,2025-10-03 14:00:00+00:00
1759503600,95814.281,2025-10-03 15:00:00+00:00
1759507200,97131.035,2025-10-03 16:00:00+00:00
1759510800,96411.699,2025-10-03 17:00:00+00:00
1759514400,96199.141,2025-10-03 18:00:00+00:00
1759518000,96248.414,2025-10-03 19:00:00+00:00
1759521600,95945.453,2025-10-03 20:00:00+00:00
1759525200,95723.136,2025-10-03 21:00:00+00:00
1759528800,95814.281,2025-10-03 22:00:00+00:00
1759532400,95862.271,2025-10-03 23:00:00+00:00
1759536000,95732.891,2025-10-04 00:00:00+00:00
1759539600,95625.171,2025-10-04 01:00:00+00:00
1759543200,95614.705,2025-10-04 02:00:00+00:00
1759546800,95781.112,2025-10-04 03:00:00+00:00
1759550400,95800.905,2025-10-04 04:00:00+00:00
1759554000,95781.631,2025-10-04 05:00:00+00:00
1759557600,95693.666,2025-10-04 06:00:00+00:00
1759561200,95572.017,2025-10-04 07:00:00+00:00
1759564800,95774.991,2025-10-04 08:00:00+00:00
1759568400,95722.614,2025-10-04 09:00:00+00:00
1759572000,95716.4,2025-10-04 10:00:00+00:00
1759575600,95856.676,2025-10-04 11:00:00+00:00
1759579200,95844.785,2025-10-04 12:00:00+00:00
1759582800,95873.353,2025-10-04 13:00:00+00:00
1759586400,95904.461,2025-10-04 14:00:00+00:00
1759590000,96012.768,2025-10-04 15:00:00+00:00
1759593600,97331.179,2025-10-04 16:00:00+00:00
1759597200,97116.258,2025-10-04 17:00:00+00:00
1759600800,96929.092,2025-10-04 18:00:00+00:00
1759604400,96800.637,2025-10-04 19:00:00+00:00
1759608000,96633.596,2025-10-04 20:00:00+00:00
1759611600,96501.527,2025-10-04 21:00:00+00:00
1759615200,96376.087,2025-10-04 22:00:00+00:00
1759618800,96411.691,2025-10-04 23:00:00+00:00
1759622400,96416.523,2025-10-05 00:00:00+00:00
1759626000,96493.085,2025-10-05 01:00:00+00:00
1759629600,98966.693,2025-10-05 02:00:00+00:00
1759633200,99420.189,2025-10-05 03:00:00+00:00
1759636800,100012.034,2025-10-05 04:00:00+00:00
1759640400,101049.055,2025-10-05 05:00:00+00:00
1759644000,101507.516,2025-10-05 06:00:00+00:00
1759647600,102176.724,2025-10-05 07:00:00+00:00
1759651200,102097.2,2025-10-05 08:00:00+00:00
1759654800,99887.057,2025-10-05 09:00:00+00:00
1759658400,99836.539,2025-10-05 10:00:00+00:00
1759662000,99647.594,2025-10-05 11:00:00+00:00
1759665600,99510.953,2025-10-05 12:00:00+00:00
1759669200,99364.139,2025-10-05 13:00:00+00:00
1759672800,99632.123,2025-10-05 14:00:00+00:00
1759676400,99493.372,2025-10-05 15:00:00+00:00
1759680000,99073.635,2025-10-05 16:00:00+00:00
1759683600,98682.856,2025-10-05 17:00:00+00:00
1759687200,98386.609,2025-10-05 18:00:00+00:00
1759690800,98295.351,2025-10-05 19:00:00+00:00
1759694400,98294.543,2025-10-05 20:00:00+00:00
1759698000,98305.473,2025-10-05 21:00:00+00:00
1759701600,98486.242,2025-10-05 22:00:00+00:00
1759705200,99288.97,2025-10-05 23:00:00+00:00
1759708800,99295.441,2025-10-06 00:00:00+00:00
1759712400,99541.808,2025-10-06 01:00:00+00:00
1759716000,99226.962,2025-10-06 02:00:00+00:00
1759719600,99136.556,2025-10-06 03:00:00+00:00
1759723200,99085.008,2025-10-06 04:00:00+00:00
1759726800,98743.826,2025-10-06 05:00:00+00:00
1759730400,98788.504,2025-10-06 06:00:00+00:00
1759734000,98479.287,2025-10-06 07:00:00+00:00
1759737600,98368.538,2025-10-06 08:00:00+00:00
1759741200,98474.382,2025-10-06 09:00:00+00:00
1759744800,98855.283,2025-10-06 10:00:00+00:00
1759748400,99071.104,2025-10-06 11:00:00+00:00
1759752000,99040.93,2025-10-06 12:00:00+00:00
1759755600,99357.872,2025-10-06 13:00:00+00:00
1759759200,99266.9,2025-10-06 14:00:00+00:00
1759762800,99456.658,2025-10-06 15:00:00+00:00
1759766400,100164.057,2025-10-06 16:00:00+00:00
1759770000,100956.034,2025-10-06 17:00:00+00:00
1759773600,100424.794,2025-10-06 18:00:00+00:00
1759777200,99737.044,2025-10-06 19:00:00+00:00
1759780800,99744.866,2025-10-06 20:00:00+00:00
1759784400,99982.621,2025-10-06 21:00:00+00:00
1759788000,100067.26,2025-10-06 22:00:00+00:00
1759791600,100083.212,2025-10-06 23:00:00+00:00
1759795200,100216.347,2025-10-07 00:00:00+00:00
1759798800,100100.176,2025-10-07 01:00:00+00:00
1759802400,100095.614,2025-10-07 02:00:00+00:00
1759806000,99906.202,2025-10-07 03:00:00+00:00
1759809600,99138.684,2025-10-07 04:00:00+00:00
1759813200,98745.563,2025-10-07 05:00:00+00:00
1759816800,98343.634,2025-10-07 06:00:00+00:00
1759820400,97980.732,2025-10-07 07:00:00+00:00
1759824000,97413.057,2025-10-07 08:00:00+00:00
1759827600,97354.193,2025-10-07 09:00:00+00:00
1759831200,97423.678,2025-10-07 10:00:00+00:00
1759834800,97553.704,2025-10-07 11:00:00+00:00
1759838400,97903.854,2025-10-07 12:00:00+00:00
1759842000,97075.74,2025-10-07 13:00:00+00:00
1759845600,95586.354,2025-10-07 14:00:00+00:00
1759849200,94326.446,2025-10-07 15:00:00+00:00
1759852800,96651.705,2025-10-07 16:00:00+00:00
1759856400,96151.498,2025-10-07 17:00:00+00:00
1759860000,94507.78,2025-10-07 18:00:00+00:00
1759863600,94253.15,2025-10-07 19:00:00+00:00
1759867200,93790.837,2025-10-07 20:00:00+00:00
1759870800,93415.131,2025-10-07 21:00:00+00:00
1759874400,93330.547,2025-10-07 22:00:00+00:00
1759878000,93159.208,2025-10-07 23:00:00+00:00
1759881600,93348.825,2025-10-08 00:00:00+00:00
1759885200,93608.6,2025-10-08 01:00:00+00:00
1759888800,93655.666,2025-10-08 02:00:00+00:00
1759892400,92870.92,2025-10-08 03:00:00+00:00
1759896000,92802.28,2025-10-08 04:00:00+00:00
1759899600,92908.681,2025-10-08 05:00:00+00:00
1759903200,92779.239,2025-10-08 06:00:00+00:00
1759906800,92693.834,2025-10-08 07:00:00+00:00
1759910400,93022.89,2025-10-08 08:00:00+00:00
1759914000,93094.569,2025-10-08 09:00:00+00:00
1759917600,93035.715,2025-10-08 10:00:00+00:00
1759921200,93223.144,2025-10-08 11:00:00+00:00
1759924800,93005.542,2025-10-08 12:00:00+00:00
1759928400,92727.969,2025-10-08 13:00:00+00:00
1759932000,93066.228,2025-10-08 14:00:00+00:00
1759935600,92990.174,2025-10-08 15:00:00+00:00
1759939200,92530.665,2025-10-08 16:00:00+00:00
1759942800,92610.356,2025-10-08 17:00:00+00:00
1759946400,92535.589,2025-10-08 18:00:00+00:00
1759950000,92548.764,2025-10-08 19:00:00+00:00
1759953600,92514.706,2025-10-08 20:00:00+00:00
1759957200,92357.198,2025-10-08 21:00:00+00:00
1759960800,92378.549,2025-10-08 22:00:00+00:00
1759964400,92249.649,2025-10-08 23:00:00+00:00
1759968000,92354.481,2025-10-09 00:00:00+00:00
1759971600,92392.911,2025-10-09 01:00:00+00:00
1759975200,92471.511,2025-10-09 02:00:00+00:00
1759978800,92603.668,2025-10-09 03:00:00+00:00
1759982400,92339.099,2025-10-09 04:00:00+00:00
1759986000,92420.361,2025-10-09 05:00:00+00:00
1759989600,92357.932,2025-10-09 06:00:00+00:00
1759993200,92341.479,2025-10-09 07:00:00+00:00
1759996800,92407.571,2025-10-09 08:00:00+00:00
1760000400,92316.4,2025-10-09 09:00:00+00:00
1760004000,92289.395,2025-10-09 10:00:00+00:00
1760007600,92062.139,2025-10-09 11:00:00+00:00
1760011200,92350.171,2025-10-09 12:00:00+00:00
1760014800,92716.798,2025-10-09 13:00:00+00:00
1760018400,96525.138,2025-10-09 14:00:00+00:00
1760022000,96622.18,2025-10-09 15:00:00+00:00
1760025600,97662.292,2025-10-09 16:00:00+00:00
1760029200,97271.221,2025-10-09 17:00:00+00:00
1760032800,97866.105,2025-10-09 18:00:00+00:00
1760036400,97540.933,2025-10-09 19:00:00+00:00
1760040000,97274.538,2025-10-09 20:00:00+00:00
1760043600,96915.414,2025-10-09 21:00:00+00:00
1760047200,96734.869,2025-10-09 22:00:00+00:00
1760050800,96723.305,2025-10-09 23:00:00+00:00
1760054400,96615.405,2025-10-10 00:00:00+00:00
1760058000,96561.279,2025-10-10 01:00:00+00:00
1760061600,96764.933,2025-10-10 02:00:00+00:00
1760065200,96596.976,2025-10-10 03:00:00+00:00
1760068800,96747.651,2025-10-10 04:00:00+00:00
1760072400,96615.105,2025-10-10 05:00:00+00:00
1760076000,96578.667,2025-10-10 06:00:00+00:00
1760079600,96468.047,2025-10-10 07:00:00+00:00
1760083200,96408.371,2025-10-10 08:00:00+00:00
1760086800,96636.743,2025-10-10 09:00:00+00:00
1760090400,96624.818,2025-10-10 10:00:00+00:00
1760094000,96546.54,2025-10-10 11:00:00+00:00
1760097600,96652.245,2025-10-10 12:00:00+00:00
1760101200,96297.307,2025-10-10 13:00:00+00:00
1760104800,96695.799,2025-10-10 14:00:00+00:00
1760108400,95474.095,2025-10-10 15:00:00+00:00
1760112000,94505.991,2025-10-10 16:00:00+00:00
1760115600,93852.933,2025-10-10 17:00:00+00:00
1760119200,93377.062,2025-10-10 18:00:00+00:00
1760122800,92560.126,2025-10-10 19:00:00+00:00
1760126400,90510.582,2025-10-10 20:00:00+00:00
1760130000,72807.215,2025-10-10 21:00:00+00:00
1760133600,72901.891,2025-10-10 22:00:00+00:00
1760137200,72439.97,2025-10-10 23:00:00+00:00
1760140800,71903.012,2025-10-11 00:00:00+00:00
1760144400,72480.944,2025-10-11 01:00:00+00:00
1760148000,72345.848,2025-10-11 02:00:00+00:00
1760151600,72115.001,2025-10-11 03:00:00+00:00
1760155200,71728.205,2025-10-11 04:00:00+00:00
1760158800,71838.571,2025-10-11 05:00:00+00:00
1760162400,71963.654,2025-10-11 06:00:00+00:00
1760166000,75372.914,2025-10-11 07:00:00+00:00
1760169600,75288.162,2025-10-11 08:00:00+00:00
1760173200,75559.568,2025-10-11 09:00:00+00:00
1760176800,75489.14,2025-10-11 10:00:00+00:00
1760180400,75321.633,2025-10-11 11:00:00+00:00
1760184000,75184.31,2025-10-11 12:00:00+00:00
1760187600,74905.605,2025-10-11 13:00:00+00:00
1760191200,74833.877,2025-10-11 14:00:00+00:00
1760194800,74599.886,2025-10-11 15:00:00+00:00
1760198400,74549.602,2025-10-11 16:00:00+00:00
1760202000,74576.803,2025-10-11 17:00:00+00:00
1760205600,74657.336,2025-10-11 18:00:00+00:00
1760209200,74261.369,2025-10-11 19:00:00+00:00
1760212800,74482.995,2025-10-11 20:00:00+00:00
1760216400,74291.339,2025-10-11 21:00:00+00:00
1760220000,74283.357,2025-10-11 22:00:00+00:00
1760223600,74325.145,2025-10-11 23:00:00+00:00
1760227200,74477.319,2025-10-12 00:00:00+00:00
1760230800,73951.069,2025-10-12 01:00:00+00:00
1760234400,72252.533,2025-10-12 02:00:00+00:00
1760238000,71341.143,2025-10-12 03:00:00+00:00
1760241600,71479.33,2025-10-12 04:00:00+00:00
1760245200,71176.682,2025-10-12 05:00:00+00:00
1760248800,70818.199,2025-10-12 06:00:00+00:00
1760252400,70676.451,2025-10-12 07:00:00+00:00
1760256000,70572.494,2025-10-12 08:00:00+00:00
1760259600,70537.656,2025-10-12 09:00:00+00:00
1760263200,70533.923,2025-10-12 10:00:00+00:00
1760266800,70829.341,2025-10-12 11:00:00+00:00
1760270400,71093.89,2025-10-12 12:00:00+00:00
1760274000,71282.24,2025-10-12 13:00:00+00:00
1760277600,74207.288,2025-10-12 14:00:00+00:00
1760281200,75625.564,2025-10-12 15:00:00+00:00
1760284800,75985.073,2025-10-12 16:00:00+00:00
1760288400,76182.633,2025-10-12 17:00:00+00:00
1760292000,75919.196,2025-10-12 18:00:00+00:00
1760295600,75815.429,2025-10-12 19:00:00+00:00
1760299200,75599.555,2025-10-12 20:00:00+00:00
1760302800,75305.19,2025-10-12 21:00:00+00:00
1760306400,75849.677,2025-10-12 22:00:00+00:00
1760310000,75913.949,2025-10-12 23:00:00+00:00
1760313600,75935.414,2025-10-13 00:00:00+00:00
1760317200,76186.686,2025-10-13 01:00:00+00:00
1760320800,76837.095,2025-10-13 02:00:00+00:00
1760324400,76994.466,2025-10-13 03:00:00+00:00
1760328000,76937.855,2025-10-13 04:00:00+00:00
1760331600,76586.701,2025-10-13 05:00:00+00:00
1760335200,77182.296,2025-10-13 06:00:00+00:00
1760338800,77343.411,2025-10-13 07:00:00+00:00
1760342400,77497.106,2025-10-13 08:00:00+00:00
1760346000,77320.819,2025-10-13 09:00:00+00:00
1760349600,77382.61,2025-10-13 10:00:00+00:00
1760353200,76254.779,2025-10-13 11:00:00+00:00
1760356800,76593.596,2025-10-13 12:00:00+00:00
1760360400,76943.288,2025-10-13 13:00:00+00:00
1760364000,76674.768,2025-10-13 14:00:00+00:00
1760367600,76435.935,2025-10-13 15:00:00+00:00
1760371200,76182.543,2025-10-13 16:00:00+00:00
1760374800,76108.522,2025-10-13 17:00:00+00:00
1760378400,76480.051,2025-10-13 18:00:00+00:00
1760382000,76589.011,2025-10-13 19:00:00+00:00
1760385600,76611.379,2025-10-13 20:00:00+00:00
1760389200,76626.691,2025-10-13 21:00:00+00:00
1760392800,76622.081,2025-10-13 22:00:00+00:00
1760396400,76664.372,2025-10-13 23:00:00+00:00
1760400000,76642.303,2025-10-14 00:00:00+00:00
1760403600,76714.464,2025-10-14 01:00:00+00:00
1760407200,76843.672,2025-10-14 02:00:00+00:00
1760410800,76846.576,2025-10-14 03:00:00+00:00
1760414400,75799.37,2025-10-14 04:00:00+00:00
1760418000,77320.663,2025-10-14 05:00:00+00:00
1760421600,77606.114,2025-10-14 06:00:00+00:00
1760425200,77519.556,2025-10-14 07:00:00+00:00
1760428800,77241.553,2025-10-14 08:00:00+00:00
1760432400,77676.516,2025-10-14 09:00:00+00:00
1760436000,79234.075,2025-10-14 10:00:00+00:00
1760439600,78503.133,2025-10-14 11:00:00+00:00
1760443200,78777.025,2025-10-14 12:00:00+00:00
1760446800,77363.843,2025-10-14 13:00:00+00:00
1760450400,76548.512,2025-10-14 14:00:00+00:00
1760454000,75829.505,2025-10-14 15:00:00+00:00
1760457600,78268.826,2025-10-14 16:00:00+00:00
1760461200,80495.554,2025-10-14 17:00:00+00:00
1760464800,80925.665,2025-10-14 18:00:00+00:00
1760468400,80000.487,2025-10-14 19:00:00+00:00
1760472000,79696.959,2025-10-14 20:00:00+00:00
1760475600,79546.938,2025-10-14 21:00:00+00:00
1760479200,79168.143,2025-10-14 22:00:00+00:00
1760482800,79274.552,2025-10-14 23:00:00+00:00
1760486400,78923.001,2025-10-15 00:00:00+00:00
1760490000,79078.807,2025-10-15 01:00:00+00:00
1760493600,78911.357,2025-10-15 02:00:00+00:00
1760497200,78732.744,2025-10-15 03:00:00+00:00
1760500800,78643.493,2025-10-15 04:00:00+00:00
1760504400,78530.929,2025-10-15 05:00:00+00:00
1760508000,78397.123,2025-10-15 06:00:00+00:00
1760511600,78425.752,2025-10-15 07:00:00+00:00
1760515200,78641.616,2025-10-15 08:00:00+00:00
1760518800,78441.079,2025-10-15 09:00:00+00:00
1760522400,79146.122,2025-10-15 10:00:00+00:00
1760526000,80998.275,2025-10-15 11:00:00+00:00
1760529600,80907.361,2025-10-15 12:00:00+00:00
1760533200,81128.299,2025-10-15 13:00:00+00:00
1760536800,81049.682,2025-10-15 14:00:00+00:00
1760540400,79930.246,2025-10-15 15:00:00+00:00
1760544000,79316.452,2025-10-15 16:00:00+00:00
1760547600,78871.28,2025-10-15 17:00:00+00:00
1760551200,78612.427,2025-10-15 18:00:00+00:00
1760554800,78618.46,2025-10-15 19:00:00+00:00
1760558400,78614.631,2025-10-15 20:00:00+00:00
1760562000,78458.907,2025-10-15 21:00:00+00:00
1760565600,78323.927,2025-10-15 22:00:00+00:00
1760569200,78143.096,2025-10-15 23:00:00+00:00
1760572800,77999.624,2025-10-16 00:00:00+00:00
1760576400,77784.505,2025-10-16 01:00:00+00:00
1760580000,77660.283,2025-10-16 02:00:00+00:00
1760583600,77807.399,2025-10-16 03:00:00+00:00
1760587200,77923.335,2025-10-16 04:00:00+00:00
1760590800,78322.991,2025-10-16 05:00:00+00:00
1760594400,78518.619,2025-10-16 06:00:00+00:00
1760598000,78992.008,2025-10-16 07:00:00+00:00
1760601600,78847.136,2025-10-16 08:00:00+00:00
1760605200,78944.771,2025-10-16 09:00:00+00:00
1760608800,78811.652,2025-10-16 10:00:00+00:00
1760612400,78862.265,2025-10-16 11:00:00+00:00
1760616000,77926.422,2025-10-16 12:00:00+00:00
1760619600,77925.058,2025-10-16 13:00:00+00:00
1760623200,78965.856,2025-10-16 14:00:00+00:00
1760626800,80173.396,2025-10-16 15:00:00+00:00
1760630400,80522.778,2025-10-16 16:00:00+00:00
1760634000,80528.711,2025-10-16 17:00:00+00:00
1760637600,80592.671,2025-10-16 18:00:00+00:00
1760641200,80197.678,2025-10-16 19:00:00+00:00
1760644800,80095.333,2025-10-16 20:00:00+00:00
1760648400,79876.479,2025-10-16 21:00:00+00:00
1760652000,79899.218,2025-10-16 22:00:00+00:00
1760655600,79748.364,2025-10-16 23:00:00+00:00
1760659200,79646.376,2025-10-17 00:00:00+00:00
1760662800,79762.604,2025-10-17 01:00:00+00:00
1760666400,79446.958,2025-10-17 02:00:00+00:00
1760670000,79296.578,2025-10-17 03:00:00+00:00
1760673600,79185.373,2025-10-17 04:00:00+00:00
1760677200,78985.942,2025-10-17 05:00:00+00:00
1760680800,79826.594,2025-10-17 06:00:00+00:00
1760684400,80246.604,2025-10-17 07:00:00+00:00
1760688000,81757.864,2025-10-17 08:00:00+00:00
1760691600,81624.844,2025-10-17 09:00:00+00:00
1760695200,80701.834,2025-10-17 10:00:00+00:00
1760698800,80618.781,2025-10-17 11:00:00+00:00
1760702400,82092.926,2025-10-17 12:00:00+00:00
1760706000,82679.481,2025-10-17 13:00:00+00:00
1760709600,81759.564,2025-10-17 14:00:00+00:00
1760713200,79226.017,2025-10-17 15:00:00+00:00
1760716800,79087.126,2025-10-17 16:00:00+00:00
1760720400,79127.476,2025-10-17 17:00:00+00:00
1760724000,79038.275,2025-10-17 18:00:00+00:00
1760727600,78874.117,2025-10-17 19:00:00+00:00
1760731200,78978.572,2025-10-17 20:00:00+00:00
1760734800,78907.685,2025-10-17 21:00:00+00:00
1760738400,79035.239,2025-10-17 22:00:00+00:00
1760742000,79029.066,2025-10-17 23:00:00+00:00
1760745600,79037.954,2025-10-18 00:00:00+00:00
1760749200,78844.383,2025-10-18 01:00:00+00:00
1760752800,80189.622,2025-10-18 02:00:00+00:00
1760756400,80193.574,2025-10-18 03:00:00+00:00
1760760000,82594.712,2025-10-18 04:00:00+00:00
1760763600,82393.494,2025-10-18 05:00:00+00:00
1760767200,82295.93,2025-10-18 06:00:00+00:00
1760770800,82422.004,2025-10-18 07:00:00+00:00
1760774400,82360.633,2025-10-18 08:00:00+00:00
1760778000,82348.106,2025-10-18 09:00:00+00:00
1760781600,82265.347,2025-10-18 10:00:00+00:00
1760785200,82427.256,2025-10-18 11:00:00+00:00
1760788800,82398.562,2025-10-18 12:00:00+00:00
1760792400,82417.488,2025-10-18 13:00:00+00:00
1760796000,82385.126,2025-10-18 14:00:00+00:00
1760799600,82359.144,2025-10-18 15:00:00+00:00
1760803200,82288.429,2025-10-18 16:00:00+00:00
1760806800,82285.05,2025-10-18 17:00:00+00:00
1760810400,82333.388,2025-10-18 18:00:00+00:00
1760814000,82224.642,2025-10-18 19:00:00+00:00
1760817600,82256.775,2025-10-18 20:00:00+00:00
1760821200,82169.794,2025-10-18 21:00:00+00:00
1760824800,82255.089,2025-10-18 22:00:00+00:00
1760828400,82226.2,2025-10-18 23:00:00+00:00
1760832000,82304.032,2025-10-19 00:00:00+00:00
1760835600,82333.783,2025-10-19 01:00:00+00:00
1760839200,82292.902,2025-10-19 02:00:00+00:00
1760842800,82414.119,2025-10-19 03:00:00+00:00
1760846400,82311.951,2025-10-19 04:00:00+00:00
1760850000,81957.301,2025-10-19 05:00:00+00:00
1760853600,82053.65,2025-10-19 06:00:00+00:00
1760857200,82058.758,2025-10-19 07:00:00+00:00
1760860800,81884.095,2025-10-19 08:00:00+00:00
1760864400,81134.391,2025-10-19 09:00:00+00:00
1760868000,81109.999,2025-10-19 10:00:00+00:00
1760871600,80884.779,2025-10-19 11:00:00+00:00
1760875200,80699.146,2025-10-19 12:00:00+00:00
1760878800,80430.582,2025-10-19 13:00:00+00:00
1760882400,79831.892,2025-10-19 14:00:00+00:00
1760886000,79601.231,2025-10-19 15:00:00+00:00
1760889600,80098.918,2025-10-19 16:00:00+00:00
1760893200,81195.781,2025-10-19 17:00:00+00:00
1760896800,81203.287,2025-10-19 18:00:00+00:00
1760900400,80954.3,2025-10-19 19:00:00+00:00
1760904000,80736.806,2025-10-19 20:00:00+00:00
1760907600,80628.854,2025-10-19 21:00:00+00:00
1760911200,80619.4,2025-10-19 22:00:00+00:00
1760914800,80781.101,2025-10-19 23:00:00+00:00
1760918400,80690.765,2025-10-20 00:00:00+00:00
1760922000,80674.741,2025-10-20 01:00:00+00:00
1760925600,80424.921,2025-10-20 02:00:00+00:00
1760929200,80331.726,2025-10-20 03:00:00+00:00
1760932800,80043.845,2025-10-20 04:00:00+00:00
1760936400,80508.483,2025-10-20 05:00:00+00:00
1760940000,80655.358,2025-10-20 06:00:00+00:00
1760943600,81669.698,2025-10-20 07:00:00+00:00
1760947200,81930.012,2025-10-20 08:00:00+00:00
1760950800,81871.827,2025-10-20 09:00:00+00:00
1760954400,81988.187,2025-10-20 10:00:00+00:00
1760958000,81541.288,2025-10-20 11:00:00+00:00
1760961600,81572.134,2025-10-20 12:00:00+00:00
1760965200,81861.229,2025-10-20 13:00:00+00:00
1760968800,82127.763,2025-10-20 14:00:00+00:00
1760972400,82743.517,2025-10-20 15:00:00+00:00
1760976000,83376.368,2025-10-20 16:00:00+00:00
1760979600,82905.308,2025-10-20 17:00:00+00:00
1760983200,82840.951,2025-10-20 18:00:00+00:00
1760986800,82929.116,2025-10-20 19:00:00+00:00
1760990400,83011.485,2025-10-20 20:00:00+00:00
1760994000,83603.376,2025-10-20 21:00:00+00:00
1760997600,83714.367,2025-10-20 22:00:00+00:00
1761001200,83835.214,2025-10-20 23:00:00+00:00
1761004800,83889.642,2025-10-21 00:00:00+00:00
1761008400,83927.604,2025-10-21 01:00:00+00:00
1761012000,83596.99,2025-10-21 02:00:00+00:00
1761015600,83692.645,2025-10-21 03:00:00+00:00
1761019200,83408.938,2025-10-21 04:00:00+00:00
1761022800,83100.051,2025-10-21 05:00:00+00:00
1761026400,82951.942,2025-10-21 06:00:00+00:00
1761030000,82958.504,2025-10-21 07:00:00+00:00
1761033600,82760.691,2025-10-21 08:00:00+00:00
1761037200,82913.258,2025-10-21 09:00:00+00:00
1761040800,81949.837,2025-10-21 10:00:00+00:00
1761044400,81770.273,2025-10-21 11:00:00+00:00
1761048000,81842.437,2025-10-21 12:00:00+00:00
1761051600,81446.382,2025-10-21 13:00:00+00:00
1761055200,82275.067,2025-10-21 14:00:00+00:00
1761058800,84123.387,2025-10-21 15:00:00+00:00
1761062400,85195.4,2025-10-21 16:00:00+00:00
1761066000,83956.552,2025-10-21 17:00:00+00:00
1761069600,83924.623,2025-10-21 18:00:00+00:00
1761073200,83544.892,2025-10-21 19:00:00+00:00
1761076800,83197.328,2025-10-21 20:00:00+00:00
1761080400,82385.234,2025-10-21 21:00:00+00:00
1761084000,83442.237,2025-10-21 22:00:00+00:00
1761087600,82911.787,2025-10-21 23:00:00+00:00
1761091200,82366.941,2025-10-22 00:00:00+00:00
1761094800,81893.552,2025-10-22 01:00:00+00:00
1761098400,81734.532,2025-10-22 02:00:00+00:00
1761102000,81423.614,2025-10-22 03:00:00+00:00
1761105600,81237.038,2025-10-22 04:00:00+00:00
1761109200,81065.288,2025-10-22 05:00:00+00:00
1761112800,81717.516,2025-10-22 06:00:00+00:00
1761116400,81383.155,2025-10-22 07:00:00+00:00
1761120000,81378.628,2025-10-22 08:00:00+00:00
1761123600,81588.815,2025-10-22 09:00:00+00:00
1761127200,81620.118,2025-10-22 10:00:00+00:00
1761130800,80808.602,2025-10-22 11:00:00+00:00
1761134400,81943.161,2025-10-22 12:00:00+00:00
1761138000,81183.123,2025-10-22 13:00:00+00:00
1761141600,77567.551,2025-10-22 14:00:00+00:00
1761145200,76959.596,2025-10-22 15:00:00+00:00
1761148800,76559.595,2025-10-22 16:00:00+00:00
1761152400,76315.595,2025-10-22 17:00:00+00:00
1761156000,76021.687,2025-10-22 18:00:00+00:00
1761159600,75432.276,2025-10-22 19:00:00+00:00
1761163200,75894.967,2025-10-22 20:00:00+00:00
1761166800,75862.176,2025-10-22 21:00:00+00:00
1761170400,76037.191,2025-10-22 22:00:00+00:00
1761174000,75960.709,2025-10-22 23:00:00+00:00
1761177600,75748.942,2025-10-23 00:00:00+00:00
1761181200,75926.277,2025-10-23 01:00:00+00:00
1761184800,75996.707,2025-10-23 02:00:00+00:00
1761188400,76202.276,2025-10-23 03:00:00+00:00
1761192000,76398.86,2025-10-23 04:00:00+00:00
1761195600,76524.166,2025-10-23 05:00:00+00:00
1761199200,76400.157,2025-10-23 06:00:00+00:00
1761202800,76401.164,2025-10-23 07:00:00+00:00
1761206400,76691.236,2025-10-23 08:00:00+00:00
1761210000,76646.769,2025-10-23 09:00:00+00:00
1761213600,76935.927,2025-10-23 10:00:00+00:00
1761217200,76740.845,2025-10-23 11:00:00+00:00
1761220800,76607.656,2025-10-23 12:00:00+00:00
1761224400,76745.424,2025-10-23 13:00:00+00:00
1761228000,76974.667,2025-10-23 14:00:00+00:00
1761231600,77351.617,2025-10-23 15:00:00+00:00
1761235200,77284.126,2025-10-23 16:00:00+00:00
1761238800,77626.119,2025-10-23 17:00:00+00:00
1761242400,77858.951,2025-10-23 18:00:00+00:00
1761246000,77838.077,2025-10-23 19:00:00+00:00
1761249600,76891.728,2025-10-23 20:00:00+00:00
1761253200,76758.876,2025-10-23 21:00:00+00:00
1761256800,76626.111,2025-10-23 22:00:00+00:00
1761260400,76577.503,2025-10-23 23:00:00+00:00
1761264000,76498.318,2025-10-24 00:00:00+00:00
1761267600,76518.692,2025-10-24 01:00:00+00:00
1761271200,76660.157,2025-10-24 02:00:00+00:00
1761274800,76717.034,2025-10-24 03:00:00+00:00
1761278400,76960.078,2025-10-24 04:00:00+00:00
1761282000,77818.912,2025-10-24 05:00:00+00:00
1761285600,78152.585,2025-10-24 06:00:00+00:00
1761289200,78481.136,2025-10-24 07:00:00+00:00
1761292800,78717.499,2025-10-24 08:00:00+00:00
1761296400,78940.854,2025-10-24 09:00:00+00:00
1761300000,79116.725,2025-10-24 10:00:00+00:00
1761303600,79621.515,2025-10-24 11:00:00+00:00
1761307200,80199.537,2025-10-24 12:00:00+00:00
1761310800,80226.022,2025-10-24 13:00:00+00:00
1761314400,79009.673,2025-10-24 14:00:00+00:00
1761318000,78758.094,2025-10-24 15:00:00+00:00
1761321600,78608.055,2025-10-24 16:00:00+00:00
1761325200,78505.174,2025-10-24 17:00:00+00:00
1761328800,78414.832,2025-10-24 18:00:00+00:00
1761332400,78337.426,2025-10-24 19:00:00+00:00
1761336000,78210.36,2025-10-24 20:00:00+00:00
1761339600,77818.131,2025-10-24 21:00:00+00:00
1761343200,77823.945,2025-10-24 22:00:00+00:00
1761346800,77765.004,2025-10-24 23:00:00+00:00
1761350400,77691.951,2025-10-25 00:00:00+00:00
1761354000,77655.985,2025-10-25 01:00:00+00:00
1761357600,77740.776,2025-10-25 02:00:00+00:00
1761361200,77698.421,2025-10-25 03:00:00+00:00
1761364800,77555.003,2025-10-25 04:00:00+00:00
1761368400,77621.674,2025-10-25 05:00:00+00:00
1761372000,77570.379,2025-10-25 06:00:00+00:00
1761375600,77812.204,2025-10-25 07:00:00+00:00
1761379200,77986.273,2025-10-25 08:00:00+00:00
1761382800,78096.901,2025-10-25 09:00:00+00:00
1761386400,78300.695,2025-10-25 10:00:00+00:00
1761390000,78405.531,2025-10-25 11:00:00+00:00
1761393600,78393.358,2025-10-25 12:00:00+00:00
1761397200,78507.852,2025-10-25 13:00:00+00:00
1761400800,78460.124,2025-10-25 14:00:00+00:00
1761404400,78577.218,2025-10-25 15:00:00+00:00
1761408000,79244.355,2025-10-25 16:00:00+00:00
1761411600,79293.887,2025-10-25 17:00:00+00:00
1761415200,79313.343,2025-10-25 18:00:00+00:00
1761418800,79350.227,2025-10-25 19:00:00+00:00
1761422400,79412.974,2025-10-25 20:00:00+00:00
1761426000,79402.801,2025-10-25 21:00:00+00:00
1761429600,79304.469,2025-10-25 22:00:00+00:00
1761433200,79302.093,2025-10-25 23:00:00+00:00
1761436800,79244.41,2025-10-26 00:00:00+00:00
1761440400,79360.495,2025-10-26 01:00:00+00:00
1761444000,79427.128,2025-10-26 02:00:00+00:00
1761447600,79401.337,2025-10-26 03:00:00+00:00
1761451200,79381.523,2025-10-26 04:00:00+00:00
1761454800,79415.084,2025-10-26 05:00:00+00:00
1761458400,79427.531,2025-10-26 06:00:00+00:00
1761462000,79397.899,2025-10-26 07:00:00+00:00
1761465600,79514.817,2025-10-26 08:00:00+00:00
1761469200,79746.069,2025-10-26 09:00:00+00:00
1761472800,79757.918,2025-10-26 10:00:00+00:00
1761476400,80567.745,2025-10-26 11:00:00+00:00
1761480000,81893.983,2025-10-26 12:00:00+00:00
1761483600,81931.872,2025-10-26 13:00:00+00:00
1761487200,82046.199,2025-10-26 14:00:00+00:00
1761490800,82014.726,2025-10-26 15:00:00+00:00
1761494400,81840.312,2025-10-26 16:00:00+00:00
1761498000,81712.641,2025-10-26 17:00:00+00:00
1761501600,81726.52,2025-10-26 18:00:00+00:00
1761505200,81847.4,2025-10-26 19:00:00+00:00
1761508800,81877.826,2025-10-26 20:00:00+00:00
1761512400,81576.949,2025-10-26 21:00:00+00:00
1761516000,81414.87,2025-10-26 22:00:00+00:00
1761519600,81736.421,2025-10-26 23:00:00+00:00
1761523200,81972.464,2025-10-27 00:00:00+00:00
1761526800,81943.344,2025-10-27 01:00:00+00:00
1761530400,81534.638,2025-10-27 02:00:00+00:00
1761534000,81493.419,2025-10-27 03:00:00+00:00
1761537600,80907.974,2025-10-27 04:00:00+00:00
1761541200,80269.962,2025-10-27 05:00:00+00:00
1761544800,79527.667,2025-10-27 06:00:00+00:00
1761548400,79531.893,2025-10-27 07:00:00+00:00
1761552000,79290.324,2025-10-27 08:00:00+00:00
1761555600,79338.371,2025-10-27 09:00:00+00:00
1761559200,79377.888,2025-10-27 10:00:00+00:00
1761562800,79540.661,2025-10-27 11:00:00+00:00
1761566400,79576.359,2025-10-27 12:00:00+00:00
1761570000,79214.27,2025-10-27 13:00:00+00:00
1761573600,79065.997,2025-10-27 14:00:00+00:00
1761577200,79173.549,2025-10-27 15:00:00+00:00
1761580800,78928.952,2025-10-27 16:00:00+00:00
1761584400,78996.894,2025-10-27 17:00:00+00:00
1761588000,79168.618,2025-10-27 18:00:00+00:00
1761591600,79150.424,2025-10-27 19:00:00+00:00
1761595200,78769.943,2025-10-27 20:00:00+00:00
1761598800,78405.333,2025-10-27 21:00:00+00:00
1761602400,78194.099,2025-10-27 22:00:00+00:00
1761606000,78011.994,2025-10-27 23:00:00+00:00
1761609600,78088.806,2025-10-28 00:00:00+00:00
1761613200,78092.09,2025-10-28 01:00:00+00:00
1761616800,77972.306,2025-10-28 02:00:00+00:00
1761620400,77978.431,2025-10-28 03:00:00+00:00
1761624000,77922.012,2025-10-28 04:00:00+00:00
1761627600,77798.218,2025-10-28 05:00:00+00:00
1761631200,77727.47,2025-10-28 06:00:00+00:00
1761634800,77805.053,2025-10-28 07:00:00+00:00
1761638400,77725.833,2025-10-28 08:00:00+00:00
1761642000,77735.239,2025-10-28 09:00:00+00:00
1761645600,77847.857,2025-10-28 10:00:00+00:00
1761649200,77796.21,2025-10-28 11:00:00+00:00
1761652800,77752.219,2025-10-28 12:00:00+00:00
1761656400,78181.09,2025-10-28 13:00:00+00:00
1761660000,77858.502,2025-10-28 14:00:00+00:00
1761663600,77944.88,2025-10-28 15:00:00+00:00
1761667200,77940.023,2025-10-28 16:00:00+00:00
1761670800,78171.934,2025-10-28 17:00:00+00:00
1761674400,78068.494,2025-10-28 18:00:00+00:00
1761678000,77484.592,2025-10-28 19:00:00+00:00
1761681600,76279.551,2025-10-28 20:00:00+00:00
1761685200,75829.748,2025-10-28 21:00:00+00:00
1761688800,75906.43,2025-10-28 22:00:00+00:00
1761692400,75823.084,2025-10-28 23:00:00+00:00
1761696000,76221.535,2025-10-29 00:00:00+00:00
1761699600,76466.433,2025-10-29 01:00:00+00:00
1761703200,76501.293,2025-10-29 02:00:00+00:00
1761706800,76575.974,2025-10-29 03:00:00+00:00
1761710400,76606.56,2025-10-29 04:00:00+00:00
1761714000,77317.123,2025-10-29 05:00:00+00:00
1761717600,77438.193,2025-10-29 06:00:00+00:00
1761721200,77483.024,2025-10-29 07:00:00+00:00
1761724800,77233.465,2025-10-29 08:00:00+00:00
1761728400,77150.828,2025-10-29 09:00:00+00:00
1761732000,77147.395,2025-10-29 10:00:00+00:00
1761735600,77136.295,2025-10-29 11:00:00+00:00
1761739200,77154.978,2025-10-29 12:00:00+00:00
1761742800,77418.081,2025-10-29 13:00:00+00:00
1761746400,77255.068,2025-10-29 14:00:00+00:00
1761750000,77324.059,2025-10-29 15:00:00+00:00
1761753600,76359.923,2025-10-29 16:00:00+00:00
1761757200,76326.111,2025-10-29 17:00:00+00:00
1761760800,76273.739,2025-10-29 18:00:00+00:00
1761764400,77091.582,2025-10-29 19:00:00+00:00
1761768000,77824.566,2025-10-29 20:00:00+00:00
1761771600,77930.719,2025-10-29 21:00:00+00:00
1761775200,77918.218,2025-10-29 22:00:00+00:00
1761778800,78315.562,2025-10-29 23:00:00+00:00
1761782400,78441.693,2025-10-30 00:00:00+00:00
1761786000,78371.261,2025-10-30 01:00:00+00:00
1761789600,78880.793,2025-10-30 02:00:00+00:00
1761793200,78770.326,2025-10-30 03:00:00+00:00
1761796800,78295.212,2025-10-30 04:00:00+00:00
1761800400,78161.648,2025-10-30 05:00:00+00:00
1761804000,78730.071,2025-10-30 06:00:00+00:00
1761807600,79058.906,2025-10-30 07:00:00+00:00
1761811200,78329.834,2025-10-30 08:00:00+00:00
1761814800,78373.849,2025-10-30 09:00:00+00:00
1761818400,78370.435,2025-10-30 10:00:00+00:00
1761822000,78362.178,2025-10-30 11:00:00+00:00
1761825600,78356.053,2025-10-30 12:00:00+00:00
1761829200,78733.351,2025-10-30 13:00:00+00:00
1761832800,78815.349,2025-10-30 14:00:00+00:00
1761836400,78750.268,2025-10-30 15:00:00+00:00
1761840000,78682.389,2025-10-30 16:00:00+00:00
1761843600,78400.146,2025-10-30 17:00:00+00:00
1761847200,78088.873,2025-10-30 18:00:00+00:00
1761850800,78472.385,2025-10-30 19:00:00+00:00
1761854400,78591.997,2025-10-30 20:00:00+00:00
1761858000,78561.868,2025-10-30 21:00:00+00:00
1761861600,78416.485,2025-10-30 22:00:00+00:00
1761865200,77895.654,2025-10-30 23:00:00+00:00
1761868800,76584.19,2025-10-31 00:00:00+00:00
1761872400,74950.278,2025-10-31 01:00:00+00:00
1761876000,74153.846,2025-10-31 02:00:00+00:00
1761879600,73802.132,2025-10-31 03:00:00+00:00
1761883200,72867.785,2025-10-31 04:00:00+00:00
1761886800,72652.561,2025-10-31 05:00:00+00:00
1761890400,72562.41,2025-10-31 06:00:00+00:00
1761894000,72714.458,2025-10-31 07:00:00+00:00
1761897600,72638.764,2025-10-31 08:00:00+00:00
1761901200,72599.878,2025-10-31 09:00:00+00:00
1761904800,72666.264,2025-10-31 10:00:00+00:00
1761908400,72641.897,2025-10-31 11:00:00+00:00
1761912000,72573.116,2025-10-31 12:00:00+00:00
1761915600,74097.178,2025-10-31 13:00:00+00:00
1761919200,78035.565,2025-10-31 14:00:00+00:00
1761922800,78593.796,2025-10-31 15:00:00+00:00
1761926400,78103.355,2025-10-31 16:00:00+00:00
1761930000,77957.211,2025-10-31 17:00:00+00:00
1761933600,78648.938,2025-10-31 18:00:00+00:00
1761937200,78226.22,2025-10-31 19:00:00+00:00
1761940800,78349.919,2025-10-31 20:00:00+00:00
1761944400,78248.526,2025-10-31 21:00:00+00:00
1761948000,78367.414,2025-10-31 22:00:00+00:00
1761951600,78354.013,2025-10-31 23:00:00+00:00
1761955200,78302.994,2025-11-01 00:00:00+00:00
1761958800,78282.438,2025-11-01 01:00:00+00:00
1761962400,78277.975,2025-11-01 02:00:00+00:00
1761966000,78126.813,2025-11-01 03:00:00+00:00
1761969600,78198.485,2025-11-01 04:00:00+00:00
1761973200,78059.505,2025-11-01 05:00:00+00:00
1761976800,77919.837,2025-11-01 06:00:00+00:00
1761980400,77918.648,2025-11-01 07:00:00+00:00
1761984000,77901.299,2025-11-01 08:00:00+00:00
1761987600,77898.126,2025-11-01 09:00:00+00:00
1761991200,77860.803,2025-11-01 10:00:00+00:00
1761994800,77834.536,2025-11-01 11:00:00+00:00
1761998400,77743.835,2025-11-01 12:00:00+00:00
1762002000,77589.546,2025-11-01 13:00:00+00:00
1762005600,77498.717,2025-11-01 14:00:00+00:00
1762009200,77178.0,2025-11-01 15:00:00+00:00
1762012800,77004.068,2025-11-01 16:00:00+00:00
1762016400,76829.044,2025-11-01 17:00:00+00:00
1762020000,76764.192,2025-11-01 18:00:00+00:00
1762023600,76736.458,2025-11-01 19:00:00+00:00
1762027200,76657.439,2025-11-01 20:00:00+00:00
1762030800,76657.734,2025-11-01 21:00:00+00:00
1762034400,76668.636,2025-11-01 22:00:00+00:00
1762038000,76676.243,2025-11-01 23:00:00+00:00
1762041600,76722.164,2025-11-02 00:00:00+00:00
1762045200,76780.299,2025-11-02 01:00:00+00:00
1762048800,76891.411,2025-11-02 02:00:00+00:00
1762052400,76989.537,2025-11-02 03:00:00+00:00
1762056000,77074.46,2025-11-02 04:00:00+00:00
1762059600,76899.092,2025-11-02 05:00:00+00:00
1762063200,76879.837,2025-11-02 06:00:00+00:00
1762066800,77095.416,2025-11-02 07:00:00+00:00
1762070400,77040.833,2025-11-02 08:00:00+00:00
1762074000,77156.13,2025-11-02 09:00:00+00:00
1762077600,76943.105,2025-11-02 10:00:00+00:00
1762081200,77110.453,2025-11-02 11:00:00+00:00
1762084800,76977.993,2025-11-02 12:00:00+00:00
1762088400,76865.98,2025-11-02 13:00:00+00:00
1762092000,76876.979,2025-11-02 14:00:00+00:00
1762095600,76815.152,2025-11-02 15:00:00+00:00
1762099200,76673.75,2025-11-02 16:00:00+00:00
1762102800,76530.426,2025-11-02 17:00:00+00:00
1762106400,76505.217,2025-11-02 18:00:00+00:00
1762110000,76459.302,2025-11-02 19:00:00+00:00
1762113600,76484.936,2025-11-02 20:00:00+00:00
1762117200,76475.361,2025-11-02 21:00:00+00:00
1762120800,76254.087,2025-11-02 22:00:00+00:00
1762124400,76015.212,2025-11-02 23:00:00+00:00
1762128000,75922.069,2025-11-03 00:00:00+00:00
1762131600,76023.274,2025-11-03 01:00:00+00:00
1762135200,76136.007,2025-11-03 02:00:00+00:00
1762138800,76224.247,2025-11-03 03:00:00+00:00
1762142400,76197.899,2025-11-03 04:00:00+00:00
1762146000,76021.212,2025-11-03 05:00:00+00:00
1762149600,76309.175,2025-11-03 06:00:00+00:00
1762153200,76598.205,2025-11-03 07:00:00+00:00
1762156800,76691.625,2025-11-03 08:00:00+00:00
1762160400,76846.775,2025-11-03 09:00:00+00:00
1762164000,77074.683,2025-11-03 10:00:00+00:00
1762167600,77079.981,2025-11-03 11:00:00+00:00
1762171200,76264.446,2025-11-03 12:00:00+00:00
1762174800,76346.473,2025-11-03 13:00:00+00:00
1762178400,76365.747,2025-11-03 14:00:00+00:00
1762182000,77410.295,2025-11-03 15:00:00+00:00
1762185600,78014.474,2025-11-03 16:00:00+00:00
1762189200,76958.576,2025-11-03 17:00:00+00:00
1762192800,76950.439,2025-11-03 18:00:00+00:00
1762196400,77203.941,2025-11-03 19:00:00+00:00
1762200000,77290.964,2025-11-03 20:00:00+00:00
1762203600,77377.579,2025-11-03 21:00:00+00:00
1762207200,77286.484,2025-11-03 22:00:00+00:00
1762210800,77413.06,2025-11-03 23:00:00+00:00
1762214400,77740.057,2025-11-04 00:00:00+00:00
1762218000,77668.644,2025-11-04 01:00:00+00:00
1762221600,77429.725,2025-11-04 02:00:00+00:00
1762225200,77552.881,2025-11-04 03:00:00+00:00
1762228800,77656.48,2025-11-04 04:00:00+00:00
1762232400,77161.55,2025-11-04 05:00:00+00:00
1762236000,77420.063,2025-11-04 06:00:00+00:00
1762239600,78205.863,2025-11-04 07:00:00+00:00
1762243200,77905.437,2025-11-04 08:00:00+00:00
1762246800,78354.698,2025-11-04 09:00:00+00:00
1762250400,78630.733,2025-11-04 10:00:00+00:00
1762254000,78471.096,2025-11-04 11:00:00+00:00
1762257600,78158.505,2025-11-04 12:00:00+00:00
1762261200,78315.351,2025-11-04 13:00:00+00:00
1762264800,78190.117,2025-11-04 14:00:00+00:00
1762268400,77770.177,2025-11-04 15:00:00+00:00
1762272000,78029.264,2025-11-04 16:00:00+00:00
1762275600,79055.471,2025-11-04 17:00:00+00:00
1762279200,79668.816,2025-11-04 18:00:00+00:00
1762282800,79794.973,2025-11-04 19:00:00+00:00
1762286400,79647.7,2025-11-04 20:00:00+00:00
1762290000,79942.799,2025-11-04 21:00:00+00:00
1762293600,80402.076,2025-11-04 22:00:00+00:00
1762297200,81002.158,2025-11-04 23:00:00+00:00
1762300800,81230.174,2025-11-05 00:00:00+00:00
1762304400,82899.631,2025-11-05 01:00:00+00:00
1762308000,84660.942,2025-11-05 02:00:00+00:00
1762311600,85063.246,2025-11-05 03:00:00+00:00
1762315200,85494.968,2025-11-05 04:00:00+00:00
1762318800,85074.528,2025-11-05 05:00:00+00:00
1762322400,84707.148,2025-11-05 06:00:00+00:00
1762326000,84477.796,2025-11-05 07:00:00+00:00
1762329600,83875.154,2025-11-05 08:00:00+00:00
1762333200,83581.265,2025-11-05 09:00:00+00:00
1762336800,83342.468,2025-11-05 10:00:00+00:00
1762340400,83811.493,2025-11-05 11:00:00+00:00
1762344000,84605.816,2025-11-05 12:00:00+00:00
1762347600,84610.564,2025-11-05 13:00:00+00:00
1762351200,84353.61,2025-11-05 14:00:00+00:00
1762354800,84629.261,2025-11-05 15:00:00+00:00
1762358400,84804.597,2025-11-05 16:00:00+00:00
1762362000,84963.106,2025-11-05 17:00:00+00:00
1762365600,84931.299,2025-11-05 18:00:00+00:00
1762369200,84751.697,2025-11-05 19:00:00+00:00
1762372800,84040.83,2025-11-05 20:00:00+00:00
1762376400,83786.743,2025-11-05 21:00:00+00:00
1762380000,83560.771,2025-11-05 22:00:00+00:00
1762383600,83884.396,2025-11-05 23:00:00+00:00
1762387200,83790.345,2025-11-06 00:00:00+00:00
1762390800,83085.484,2025-11-06 01:00:00+00:00
1762394400,83053.85,2025-11-06 02:00:00+00:00
1762398000,83079.47,2025-11-06 03:00:00+00:00
1762401600,82630.66,2025-11-06 04:00:00+00:00
1762405200,82542.305,2025-11-06 05:00:00+00:00
1762408800,82572.282,2025-11-06 06:00:00+00:00
1762412400,82514.484,2025-11-06 07:00:00+00:00
1762416000,82493.76,2025-11-06 08:00:00+00:00
1762419600,82374.11,2025-11-06 09:00:00+00:00
1762423200,82348.551,2025-11-06 10:00:00+00:00
1762426800,82771.449,2025-11-06 11:00:00+00:00
1762430400,82937.663,2025-11-06 12:00:00+00:00
1762434000,82729.925,2025-11-06 13:00:00+00:00
1762437600,82780.441,2025-11-06 14:00:00+00:00
1762441200,82767.221,2025-11-06 15:00:00+00:00
1762444800,82211.581,2025-11-06 16:00:00+00:00
1762448400,82506.154,2025-11-06 17:00:00+00:00
1762452000,81856.514,2025-11-06 18:00:00+00:00
1762455600,82416.144,2025-11-06 19:00:00+00:00
1762459200,82549.793,2025-11-06 20:00:00+00:00
1762462800,82131.015,2025-11-06 21:00:00+00:00
1762466400,82173.605,2025-11-06 22:00:00+00:00
1762470000,82288.247,2025-11-06 23:00:00+00:00
1762473600,82678.067,2025-11-07 00:00:00+00:00
1762477200,82616.903,2025-11-07 01:00:00+00:00
1762480800,82838.968,2025-11-07 02:00:00+00:00
1762484400,82846.131,2025-11-07 03:00:00+00:00
1762488000,82728.657,2025-11-07 04:00:00+00:00
1762491600,82480.134,2025-11-07 05:00:00+00:00
1762495200,82320.401,2025-11-07 06:00:00+00:00
1762498800,82058.089,2025-11-07 07:00:00+00:00
1762502400,82116.968,2025-11-07 08:00:00+00:00
1762506000,82345.121,2025-11-07 09:00:00+00:00
1762509600,82651.943,2025-11-07 10:00:00+00:00
1762513200,84444.027,2025-11-07 11:00:00+00:00
1762516800,84873.465,2025-11-07 12:00:00+00:00
1762520400,85424.148,2025-11-07 13:00:00+00:00
1762524000,85833.614,2025-11-07 14:00:00+00:00
1762527600,86985.76,2025-11-07 15:00:00+00:00
1762531200,87259.596,2025-11-07 16:00:00+00:00
1762534800,87239.344,2025-11-07 17:00:00+00:00
1762538400,87241.803,2025-11-07 18:00:00+00:00
1762542000,86957.066,2025-11-07 19:00:00+00:00
1762545600,86562.944,2025-11-07 20:00:00+00:00
1762549200,86355.447,2025-11-07 21:00:00+00:00
1762552800,87166.55,2025-11-07 22:00:00+00:00
1762556400,86827.238,2025-11-07 23:00:00+00:00
1762560000,85839.014,2025-11-08 00:00:00+00:00
1762563600,85976.576,2025-11-08 01:00:00+00:00
1762567200,85930.52,2025-11-08 02:00:00+00:00
1762570800,85783.723,2025-11-08 03:00:00+00:00
1762574400,85192.839,2025-11-08 04:00:00+00:00
1762578000,85021.769,2025-11-08 05:00:00+00:00
1762581600,84942.899,2025-11-08 06:00:00+00:00
1762585200,85013.245,2025-11-08 07:00:00+00:00
1762588800,84737.603,2025-11-08 08:00:00+00:00
1762592400,84709.06,2025-11-08 09:00:00+00:00
1762596000,84688.866,2025-11-08 10:00:00+00:00
1762599600,85120.414,2025-11-08 11:00:00+00:00
1762603200,85161.602,2025-11-08 12:00:00+00:00
1762606800,85206.219,2025-11-08 13:00:00+00:00
1762610400,85077.682,2025-11-08 14:00:00+00:00
1762614000,85110.655,2025-11-08 15:00:00+00:00
1762617600,84857.554,2025-11-08 16:00:00+00:00
1762621200,84689.577,2025-11-08 17:00:00+00:00
1762624800,84471.198,2025-11-08 18:00:00+00:00
1762628400,84253.957,2025-11-08 19:00:00+00:00
1762632000,84331.684,2025-11-08 20:00:00+00:00
1762635600,84095.537,2025-11-08 21:00:00+00:00
1762639200,84161.651,2025-11-08 22:00:00+00:00
1762642800,84269.553,2025-11-08 23:00:00+00:00
1762646400,84101.814,2025-11-09 00:00:00+00:00
1762650000,84102.759,2025-11-09 01:00:00+00:00
1762653600,84118.156,2025-11-09 02:00:00+00:00
1762657200,84274.036,2025-11-09 03:00:00+00:00
1762660800,84236.896,2025-11-09 04:00:00+00:00
1762664400,84272.156,2025-11-09 05:00:00+00:00
1762668000,84294.188,2025-11-09 06:00:00+00:00
1762671600,84362.288,2025-11-09 07:00:00+00:00
1762675200,84371.474,2025-11-09 08:00:00+00:00
1762678800,84358.031,2025-11-09 09:00:00+00:00
1762682400,84369.009,2025-11-09 10:00:00+00:00
1762686000,84468.136,2025-11-09 11:00:00+00:00
1762689600,84483.451,2025-11-09 12:00:00+00:00
1762693200,85231.632,2025-11-09 13:00:00+00:00
1762696800,85716.013,2025-11-09 14:00:00+00:00
1762700400,85812.14,2025-11-09 15:00:00+00:00
1762704000,85748.264,2025-11-09 16:00:00+00:00
1762707600,85762.406,2025-11-09 17:00:00+00:00
1762711200,85475.96,2025-11-09 18:00:00+00:00
1762714800,85800.459,2025-11-09 19:00:00+00:00
1762718400,85652.995,2025-11-09 20:00:00+00:00
1762722000,85471.714,2025-11-09 21:00:00+00:00
1762725600,85395.63,2025-11-09 22:00:00+00:00
1762729200,85494.865,2025-11-09 23:00:00+00:00
1762732800,85686.918,2025-11-10 00:00:00+00:00
1762736400,86371.059,2025-11-10 01:00:00+00:00
1762740000,86526.366,2025-11-10 02:00:00+00:00
1762743600,86947.957,2025-11-10 03:00:00+00:00
1762747200,86958.243,2025-11-10 04:00:00+00:00
1762750800,86877.573,2025-11-10 05:00:00+00:00
1762754400,87085.914,2025-11-10 06:00:00+00:00
1762758000,87161.564,2025-11-10 07:00:00+00:00
1762761600,87504.201,2025-11-10 08:00:00+00:00
1762765200,87588.791,2025-11-10 09:00:00+00:00
1762768800,87513.468,2025-11-10 10:00:00+00:00
1762772400,87497.436,2025-11-10 11:00:00+00:00
1762776000,87058.693,2025-11-10 12:00:00+00:00
1762779600,87361.7,2025-11-10 13:00:00+00:00
1762783200,86355.714,2025-11-10 14:00:00+00:00
1762786800,86807.281,2025-11-10 15:00:00+00:00
1762790400,87000.215,2025-11-10 16:00:00+00:00
1762794000,86990.058,2025-11-10 17:00:00+00:00
1762797600,87109.009,2025-11-10 18:00:00+00:00
1762801200,87035.517,2025-11-10 19:00:00+00:00
1762804800,86910.631,2025-11-10 20:00:00+00:00
1762808400,86643.939,2025-11-10 21:00:00+00:00
1762812000,86632.04,2025-11-10 22:00:00+00:00
1762815600,86843.315,2025-11-10 23:00:00+00:00
1762819200,86710.316,2025-11-11 00:00:00+00:00
1762822800,86226.433,2025-11-11 01:00:00+00:00
1762826400,85779.247,2025-11-11 02:00:00+00:00
1762830000,85871.157,2025-11-11 03:00:00+00:00
1762833600,85409.467,2025-11-11 04:00:00+00:00
1762837200,85088.246,2025-11-11 05:00:00+00:00
1762840800,84075.4,2025-11-11 06:00:00+00:00
1762844400,83986.384,2025-11-11 07:00:00+00:00
1762848000,84088.386,2025-11-11 08:00:00+00:00
1762851600,84081.631,2025-11-11 09:00:00+00:00
1762855200,84125.568,2025-11-11 10:00:00+00:00
1762858800,84295.847,2025-11-11 11:00:00+00:00
1762862400,84329.253,2025-11-11 12:00:00+00:00
1762866000,85120.724,2025-11-11 13:00:00+00:00
1762869600,84613.492,2025-11-11 14:00:00+00:00
1762873200,85537.359,2025-11-11 15:00:00+00:00
1762876800,85597.36,2025-11-11 16:00:00+00:00
1762880400,85809.528,2025-11-11 17:00:00+00:00
1762884000,85706.013,2025-11-11 18:00:00+00:00
1762887600,85866.409,2025-11-11 19:00:00+00:00
1762891200,86057.981,2025-11-11 20:00:00+00:00
1762894800,85794.799,2025-11-11 21:00:00+00:00
1762898400,85634.444,2025-11-11 22:00:00+00:00
1762902000,85638.354,2025-11-11 23:00:00+00:00
1762905600,85497.425,2025-11-12 00:00:00+00:00
1762909200,85533.641,2025-11-12 01:00:00+00:00
1762912800,85307.298,2025-11-12 02:00:00+00:00
1762916400,85259.208,2025-11-12 03:00:00+00:00
1762920000,85264.016,2025-11-12 04:00:00+00:00
1762923600,85217.404,2025-11-12 05:00:00+00:00
1762927200,85212.247,2025-11-12 06:00:00+00:00
1762930800,85223.752,2025-11-12 07:00:00+00:00
1762934400,85192.493,2025-11-12 08:00:00+00:00
1762938000,85079.207,2025-11-12 09:00:00+00:00
1762941600,85103.974,2025-11-12 10:00:00+00:00
1762945200,84853.871,2025-11-12 11:00:00+00:00
1762948800,85104.604,2025-11-12 12:00:00+00:00
1762952400,85156.655,2025-11-12 13:00:00+00:00
1762956000,84922.511,2025-11-12 14:00:00+00:00
1762959600,85720.023,2025-11-12 15:00:00+00:00
1762963200,86499.094,2025-11-12 16:00:00+00:00
1762966800,86339.047,2025-11-12 17:00:00+00:00
1762970400,86567.502,2025-11-12 18:00:00+00:00
1762974000,86234.0,2025-11-12 19:00:00+00:00
1762977600,86107.182,2025-11-12 20:00:00+00:00
1762981200,85937.669,2025-11-12 21:00:00+00:00
1762984800,85866.022,2025-11-12 22:00:00+00:00
1762988400,85988.525,2025-11-12 23:00:00+00:00
1762992000,86258.742,2025-11-13 00:00:00+00:00
1762995600,86395.296,2025-11-13 01:00:00+00:00
1762999200,86490.469,2025-11-13 02:00:00+00:00
1763002800,86002.253,2025-11-13 03:00:00+00:00
1763006400,85755.914,2025-11-13 04:00:00+00:00
1763010000,85512.912,2025-11-13 05:00:00+00:00
1763013600,86453.035,2025-11-13 06:00:00+00:00
1763017200,85767.291,2025-11-13 07:00:00+00:00
1763020800,85911.769,2025-11-13 08:00:00+00:00
1763024400,85717.763,2025-11-13 09:00:00+00:00
1763028000,85687.021,2025-11-13 10:00:00+00:00
1763031600,85918.651,2025-11-13 11:00:00+00:00
1763035200,86155.117,2025-11-13 12:00:00+00:00
1763038800,86438.88,2025-11-13 13:00:00+00:00
1763042400,86864.652,2025-11-13 14:00:00+00:00
1763046000,87628.153,2025-11-13 15:00:00+00:00
1763049600,86898.625,2025-11-13 16:00:00+00:00
1763053200,87111.028,2025-11-13 17:00:00+00:00
1763056800,88246.426,2025-11-13 18:00:00+00:00
1763060400,90352.932,2025-11-13 19:00:00+00:00
1763064000,90281.171,2025-11-13 20:00:00+00:00
1763067600,90434.627,2025-11-13 21:00:00+00:00
1763071200,91051.027,2025-11-13 22:00:00+00:00
1763074800,91614.154,2025-11-13 23:00:00+00:00
1763078400,90857.039,2025-11-14 00:00:00+00:00
1763082000,90627.769,2025-11-14 01:00:00+00:00
1763085600,90733.873,2025-11-14 02:00:00+00:00
1763089200,90720.218,2025-11-14 03:00:00+00:00
1763092800,88989.431,2025-11-14 04:00:00+00:00
1763096400,90335.993,2025-11-14 05:00:00+00:00
1763100000,90751.058,2025-11-14 06:00:00+00:00
1763103600,90177.982,2025-11-14 07:00:00+00:00
1763107200,90245.094,2025-11-14 08:00:00+00:00
1763110800,90309.425,2025-11-14 09:00:00+00:00
1763114400,90355.03,2025-11-14 10:00:00+00:00
1763118000,90695.668,2025-11-14 11:00:00+00:00
1763121600,91320.925,2025-11-14 12:00:00+00:00
1763125200,91994.454,2025-11-14 13:00:00+00:00
1763128800,92485.928,2025-11-14 14:00:00+00:00
1763132400,92797.76,2025-11-14 15:00:00+00:00
1763136000,93202.646,2025-11-14 16:00:00+00:00
1763139600,92799.778,2025-11-14 17:00:00+00:00
1763143200,92790.774,2025-11-14 18:00:00+00:00
1763146800,92493.433,2025-11-14 19:00:00+00:00
1763150400,92798.071,2025-11-14 20:00:00+00:00
1763154000,92679.242,2025-11-14 21:00:00+00:00
1763157600,92763.331,2025-11-14 22:00:00+00:00
1763161200,93370.952,2025-11-14 23:00:00+00:00
1763164800,94183.449,2025-11-15 00:00:00+00:00
1763168400,94423.384,2025-11-15 01:00:00+00:00
1763172000,95644.245,2025-11-15 02:00:00+00:00
1763175600,96519.127,2025-11-15 03:00:00+00:00
1763179200,96599.087,2025-11-15 04:00:00+00:00
1763182800,96853.508,2025-11-15 05:00:00+00:00
1763186400,96878.105,2025-11-15 06:00:00+00:00
1763190000,96880.372,2025-11-15 07:00:00+00:00
1763193600,96730.744,2025-11-15 08:00:00+00:00
1763197200,96867.278,2025-11-15 09:00:00+00:00
1763200800,96975.486,2025-11-15 10:00:00+00:00
1763204400,97014.918,2025-11-15 11:00:00+00:00
1763208000,97182.315,2025-11-15 12:00:00+00:00
1763211600,97299.682,2025-11-15 13:00:00+00:00
1763215200,97351.765,2025-11-15 14:00:00+00:00
1763218800,97270.53,2025-11-15 15:00:00+00:00
1763222400,96918.891,2025-11-15 16:00:00+00:00
1763226000,97079.146,2025-11-15 17:00:00+00:00
1763229600,96766.402,2025-11-15 18:00:00+00:00
1763233200,96690.795,2025-11-15 19:00:00+00:00
1763236800,96614.383,2025-11-15 20:00:00+00:00
1763240400,96788.473,2025-11-15 21:00:00+00:00
1763244000,96737.83,2025-11-15 22:00:00+00:00
1763247600,96864.088,2025-11-15 23:00:00+00:00
1763251200,96764.695,2025-11-16 00:00:00+00:00
1763254800,96707.876,2025-11-16 01:00:00+00:00
1763258400,96741.705,2025-11-16 02:00:00+00:00
1763262000,96762.809,2025-11-16 03:00:00+00:00
1763265600,96842.623,2025-11-16 04:00:00+00:00
1763269200,97725.393,2025-11-16 05:00:00+00:00
1763272800,97678.967,2025-11-16 06:00:00+00:00
1763276400,97824.736,2025-11-16 07:00:00+00:00
1763280000,97875.129,2025-11-16 08:00:00+00:00
1763283600,98017.918,2025-11-16 09:00:00+00:00
1763287200,98044.584,2025-11-16 10:00:00+00:00
1763290800,97754.679,2025-11-16 11:00:00+00:00
1763294400,97914.53,2025-11-16 12:00:00+00:00
1763298000,98067.209,2025-11-16 13:00:00+00:00
1763301600,98139.773,2025-11-16 14:00:00+00:00
1763305200,97603.523,2025-11-16 15:00:00+00:00
1763308800,97937.298,2025-11-16 16:00:00+00:00
1763312400,97686.517,2025-11-16 17:00:00+00:00
1763316000,97541.901,2025-11-16 18:00:00+00:00
1763319600,97481.914,2025-11-16 19:00:00+00:00
1763323200,97477.271,2025-11-16 20:00:00+00:00
1763326800,98407.212,2025-11-16 21:00:00+00:00
1763330400,98275.134,2025-11-16 22:00:00+00:00
1763334000,98682.321,2025-11-16 23:00:00+00:00
1763337600,99625.349,2025-11-17 00:00:00+00:00
1763341200,99574.604,2025-11-17 01:00:00+00:00
1763344800,99636.425,2025-11-17 02:00:00+00:00
1763348400,99602.882,2025-11-17 03:00:00+00:00
1763352000,99165.993,2025-11-17 04:00:00+00:00
1763355600,99134.677,2025-11-17 05:00:00+00:00
1763359200,99275.807,2025-11-17 06:00:00+00:00
1763362800,98972.938,2025-11-17 07:00:00+00:00
1763366400,98657.5,2025-11-17 08:00:00+00:00
1763370000,98635.197,2025-11-17 09:00:00+00:00
1763373600,98736.282,2025-11-17 10:00:00+00:00
1763377200,98713.967,2025-11-17 11:00:00+00:00
1763380800,98839.118,2025-11-17 12:00:00+00:00
1763384400,97321.539,2025-11-17 13:00:00+00:00
1763388000,96978.811,2025-11-17 14:00:00+00:00
1763391600,96481.422,2025-11-17 15:00:00+00:00
1763395200,96557.265,2025-11-17 16:00:00+00:00
1763398800,96770.994,2025-11-17 17:00:00+00:00
1763402400,97183.263,2025-11-17 18:00:00+00:00
1763406000,98790.53,2025-11-17 19:00:00+00:00
1763409600,99450.14,2025-11-17 20:00:00+00:00
1763413200,99882.057,2025-11-17 21:00:00+00:00
1763416800,100329.334,2025-11-17 22:00:00+00:00
1763420400,101314.375,2025-11-17 23:00:00+00:00
1763424000,101659.164,2025-11-18 00:00:00+00:00
1763427600,102459.9,2025-11-18 01:00:00+00:00
1763431200,102111.983,2025-11-18 02:00:00+00:00
1763434800,102209.356,2025-11-18 03:00:00+00:00
1763438400,102051.757,2025-11-18 04:00:00+00:00
1763442000,102908.519,2025-11-18 05:00:00+00:00
1763445600,103047.972,2025-11-18 06:00:00+00:00
1763449200,103229.108,2025-11-18 07:00:00+00:00
1763452800,102644.331,2025-11-18 08:00:00+00:00
1763456400,102720.916,2025-11-18 09:00:00+00:00
1763460000,102512.636,2025-11-18 10:00:00+00:00
1763463600,102295.46,2025-11-18 11:00:00+00:00
1763467200,101832.668,2025-11-18 12:00:00+00:00
1763470800,102697.343,2025-11-18 13:00:00+00:00
1763474400,102527.469,2025-11-18 14:00:00+00:00
1763478000,102629.647,2025-11-18 15:00:00+00:00
1763481600,101404.391,2025-11-18 16:00:00+00:00
1763485200,100870.496,2025-11-18 17:00:00+00:00
1763488800,100587.743,2025-11-18 18:00:00+00:00
1763492400,100532.831,2025-11-18 19:00:00+00:00
1763496000,100095.03,2025-11-18 20:00:00+00:00
1763499600,99924.832,2025-11-18 21:00:00+00:00
1763503200,99994.642,2025-11-18 22:00:00+00:00
1763506800,99949.801,2025-11-18 23:00:00+00:00
1763510400,100001.065,2025-11-19 00:00:00+00:00
1763514000,100022.903,2025-11-19 01:00:00+00:00
1763517600,100033.626,2025-11-19 02:00:00+00:00
1763521200,99724.964,2025-11-19 03:00:00+00:00
1763524800,99868.163,2025-11-19 04:00:00+00:00
1763528400,99530.599,2025-11-19 05:00:00+00:00
1763532000,99531.481,2025-11-19 06:00:00+00:00
1763535600,99724.784,2025-11-19 07:00:00+00:00
1763539200,99254.952,2025-11-19 08:00:00+00:00
1763542800,99319.986,2025-11-19 09:00:00+00:00
1763546400,99327.59,2025-11-19 10:00:00+00:00
1763550000,99213.526,2025-11-19 11:00:00+00:00
1763553600,99189.304,2025-11-19 12:00:00+00:00
1763557200,99430.018,2025-11-19 13:00:00+00:00
1763560800,99381.939,2025-11-19 14:00:00+00:00
1763564400,99393.185,2025-11-19 15:00:00+00:00
1763568000,99802.161,2025-11-19 16:00:00+00:00
1763571600,100234.57,2025-11-19 17:00:00+00:00
1763575200,101085.834,2025-11-19 18:00:00+00:00
1763578800,101328.602,2025-11-19 19:00:00+00:00
1763582400,101242.963,2025-11-19 20:00:00+00:00
1763586000,100867.321,2025-11-19 21:00:00+00:00
1763589600,100748.728,2025-11-19 22:00:00+00:00
1763593200,100818.978,2025-11-19 23:00:00+00:00
1763596800,100519.974,2025-11-20 00:00:00+00:00
1763600400,100175.767,2025-11-20 01:00:00+00:00
1763604000,99980.353,2025-11-20 02:00:00+00:00
1763607600,99804.975,2025-11-20 03:00:00+00:00
1763611200,100935.579,2025-11-20 04:00:00+00:00
1763614800,101275.707,2025-11-20 05:00:00+00:00
1763618400,100173.884,2025-11-20 06:00:00+00:00
1763622000,100250.954,2025-11-20 07:00:00+00:00
1763625600,100209.877,2025-11-20 08:00:00+00:00
1763629200,100058.813,2025-11-20 09:00:00+00:00
1763632800,100348.261,2025-11-20 10:00:00+00:00
1763636400,100408.01,2025-11-20 11:00:00+00:00
1763640000,100160.135,2025-11-20 12:00:00+00:00
1763643600,100311.943,2025-11-20 13:00:00+00:00
1763647200,100121.736,2025-11-20 14:00:00+00:00
1763650800,100821.463,2025-11-20 15:00:00+00:00
1763654400,102605.95,2025-11-20 16:00:00+00:00
1763658000,103102.798,2025-11-20 17:00:00+00:00
1763661600,103113.796,2025-11-20 18:00:00+00:00
1763665200,103397.839,2025-11-20 19:00:00+00:00
1763668800,103928.71,2025-11-20 20:00:00+00:00
1763672400,104476.743,2025-11-20 21:00:00+00:00
1763676000,105318.601,2025-11-20 22:00:00+00:00
1763679600,105039.839,2025-11-20 23:00:00+00:00
1763683200,105251.398,2025-11-21 00:00:00+00:00
1763686800,105633.064,2025-11-21 01:00:00+00:00
1763690400,103813.015,2025-11-21 02:00:00+00:00
1763694000,103604.948,2025-11-21 03:00:00+00:00
1763697600,103849.384,2025-11-21 04:00:00+00:00
1763701200,103837.472,2025-11-21 05:00:00+00:00
1763704800,104155.594,2025-11-21 06:00:00+00:00
1763708400,102288.759,2025-11-21 07:00:00+00:00
1763712000,101462.128,2025-11-21 08:00:00+00:00
1763715600,101264.764,2025-11-21 09:00:00+00:00
1763719200,102076.276,2025-11-21 10:00:00+00:00
1763722800,102345.759,2025-11-21 11:00:00+00:00
1763726400,101159.038,2025-11-21 12:00:00+00:00
1763730000,101279.193,2025-11-21 13:00:00+00:00
1763733600,100963.71,2025-11-21 14:00:00+00:00
1763737200,100226.434,2025-11-21 15:00:00+00:00
1763740800,99520.627,2025-11-21 16:00:00+00:00
1763744400,99855.397,2025-11-21 17:00:00+00:00
1763748000,99569.7,2025-11-21 18:00:00+00:00
1763751600,99400.806,2025-11-21 19:00:00+00:00
1763755200,98859.935,2025-11-21 20:00:00+00:00
1763758800,98472.001,2025-11-21 21:00:00+00:00
1763762400,97970.589,2025-11-21 22:00:00+00:00
1763766000,98400.971,2025-11-21 23:00:00+00:00
1763769600,97975.407,2025-11-22 00:00:00+00:00
1763773200,98040.048,2025-11-22 01:00:00+00:00
1763776800,98042.664,2025-11-22 02:00:00+00:00
1763780400,98249.509,2025-11-22 03:00:00+00:00
1763784000,98611.338,2025-11-22 04:00:00+00:00
1763787600,98762.329,2025-11-22 05:00:00+00:00
1763791200,98774.15,2025-11-22 06:00:00+00:00
1763794800,98761.915,2025-11-22 07:00:00+00:00
1763798400,98742.363,2025-11-22 08:00:00+00:00
1763802000,98818.524,2025-11-22 09:00:00+00:00
1763805600,98801.003,2025-11-22 10:00:00+00:00
1763809200,98896.662,2025-11-22 11:00:00+00:00
1763812800,98878.803,2025-11-22 12:00:00+00:00
1763816400,98955.585,2025-11-22 13:00:00+00:00
1763820000,98833.841,2025-11-22 14:00:00+00:00
1763823600,98761.796,2025-11-22 15:00:00+00:00
1763827200,98985.497,2025-11-22 16:00:00+00:00
1763830800,99124.172,2025-11-22 17:00:00+00:00
1763834400,99021.454,2025-11-22 18:00:00+00:00
1763838000,98966.731,2025-11-22 19:00:00+00:00
1763841600,98826.592,2025-11-22 20:00:00+00:00
1763845200,98770.226,2025-11-22 21:00:00+00:00
1763848800,98972.806,2025-11-22 22:00:00+00:00
1763852400,98858.659,2025-11-22 23:00:00+00:00
1763856000,99387.165,2025-11-23 00:00:00+00:00
1763859600,99663.781,2025-11-23 01:00:00+00:00
1763863200,99692.507,2025-11-23 02:00:00+00:00
1763866800,99617.887,2025-11-23 03:00:00+00:00
1763870400,99709.355,2025-11-23 04:00:00+00:00
1763874000,99328.461,2025-11-23 05:00:00+00:00
1763877600,99269.579,2025-11-23 06:00:00+00:00
1763881200,98772.366,2025-11-23 07:00:00+00:00
1763884800,98713.039,2025-11-23 08:00:00+00:00
1763888400,98758.605,2025-11-23 09:00:00+00:00
1763892000,98534.638,2025-11-23 10:00:00+00:00
1763895600,98304.403,2025-11-23 11:00:00+00:00
1763899200,98164.009,2025-11-23 12:00:00+00:00
1763902800,98144.64,2025-11-23 13:00:00+00:00
1763906400,97805.195,2025-11-23 14:00:00+00:00
1763910000,97834.924,2025-11-23 15:00:00+00:00
1763913600,97899.819,2025-11-23 16:00:00+00:00
1763917200,97714.888,2025-11-23 17:00:00+00:00
1763920800,97544.496,2025-11-23 18:00:00+00:00
1763924400,97529.895,2025-11-23 19:00:00+00:00
1763928000,97330.502,2025-11-23 20:00:00+00:00
1763931600,97284.452,2025-11-23 21:00:00+00:00
1763935200,96780.467,2025-11-23 22:00:00+00:00
1763938800,96643.81,2025-11-23 23:00:00+00:00
1763942400,96676.18,2025-11-24 00:00:00+00:00
1763946000,96490.637,2025-11-24 01:00:00+00:00
1763949600,96455.647,2025-11-24 02:00:00+00:00
1763953200,96470.674,2025-11-24 03:00:00+00:00
1763956800,96418.634,2025-11-24 04:00:00+00:00
1763960400,96146.807,2025-11-24 05:00:00+00:00
1763964000,95902.415,2025-11-24 06:00:00+00:00
1763967600,95816.561,2025-11-24 07:00:00+00:00
1763971200,95722.114,2025-11-24 08:00:00+00:00
1763974800,96193.566,2025-11-24 09:00:00+00:00
1763978400,96273.628,2025-11-24 10:00:00+00:00
1763982000,96101.493,2025-11-24 11:00:00+00:00
1763985600,96405.258,2025-11-24 12:00:00+00:00
1763989200,96629.095,2025-11-24 13:00:00+00:00
1763992800,96678.934,2025-11-24 14:00:00+00:00
1763996400,95902.43,2025-11-24 15:00:00+00:00
1764000000,95352.81,2025-11-24 16:00:00+00:00
1764003600,95378.214,2025-11-24 17:00:00+00:00
1764007200,95046.574,2025-11-24 18:00:00+00:00
1764010800,95031.006,2025-11-24 19:00:00+00:00
1764014400,94273.996,2025-11-24 20:00:00+00:00
1764018000,94021.14,2025-11-24 21:00:00+00:00
1764021600,93759.496,2025-11-24 22:00:00+00:00
1764025200,93196.5,2025-11-24 23:00:00+00:00
1764028800,92913.473,2025-11-25 00:00:00+00:00
1764032400,92613.341,2025-11-25 01:00:00+00:00
1764036000,92271.557,2025-11-25 02:00:00+00:00
1764039600,92166.912,2025-11-25 03:00:00+00:00
1764043200,91651.645,2025-11-25 04:00:00+00:00
1764046800,91595.124,2025-11-25 05:00:00+00:00
1764050400,91658.388,2025-11-25 06:00:00+00:00
1764054000,91156.743,2025-11-25 07:00:00+00:00
1764057600,90940.536,2025-11-25 08:00:00+00:00
1764061200,90991.038,2025-11-25 09:00:00+00:00
1764064800,91277.571,2025-11-25 10:00:00+00:00
1764068400,91156.725,2025-11-25 11:00:00+00:00
1764072000,90946.403,2025-11-25 12:00:00+00:00
1764075600,90939.389,2025-11-25 13:00:00+00:00
1764079200,91046.26,2025-11-25 14:00:00+00:00
1764082800,90844.574,2025-11-25 15:00:00+00:00
1764086400,91142.717,2025-11-25 16:00:00+00:00
1764090000,90816.926,2025-11-25 17:00:00+00:00
1764093600,90972.496,2025-11-25 18:00:00+00:00
1764097200,90736.473,2025-11-25 19:00:00+00:00
1764100800,90302.139,2025-11-25 20:00:00+00:00
1764104400,90089.657,2025-11-25 21:00:00+00:00
1764108000,90095.961,2025-11-25 22:00:00+00:00
1764111600,90025.639,2025-11-25 23:00:00+00:00
1764115200,90120.863,2025-11-26 00:00:00+00:00
1764118800,90068.487,2025-11-26 01:00:00+00:00
1764122400,89992.831,2025-11-26 02:00:00+00:00
1764126000,89656.672,2025-11-26 03:00:00+00:00
1764129600,89533.598,2025-11-26 04:00:00+00:00
1764133200,89408.066,2025-11-26 05:00:00+00:00
1764136800,89464.64,2025-11-26 06:00:00+00:00
1764140400,89475.362,2025-11-26 07:00:00+00:00
1764144000,89676.557,2025-11-26 08:00:00+00:00
1764147600,89619.716,2025-11-26 09:00:00+00:00
1764151200,90147.076,2025-11-26 10:00:00+00:00
1764154800,90018.343,2025-11-26 11:00:00+00:00
1764158400,90771.736,2025-11-26 12:00:00+00:00
1764162000,90628.258,2025-11-26 13:00:00+00:00
1764165600,90046.91,2025-11-26 14:00:00+00:00
1764169200,89511.815,2025-11-26 15:00:00+00:00
1764172800,89176.418,2025-11-26 16:00:00+00:00
1764176400,89892.594,2025-11-26 17:00:00+00:00
1764180000,90058.713,2025-11-26 18:00:00+00:00
1764183600,90008.536,2025-11-26 19:00:00+00:00
1764187200,89617.459,2025-11-26 20:00:00+00:00
1764190800,88974.626,2025-11-26 21:00:00+00:00
1764194400,88830.59,2025-11-26 22:00:00+00:00
1764198000,88989.077,2025-11-26 23:00:00+00:00
1764201600,89081.59,2025-11-27 00:00:00+00:00
1764205200,90047.801,2025-11-27 01:00:00+00:00
1764208800,90175.88,2025-11-27 02:00:00+00:00
1764212400,90214.217,2025-11-27 03:00:00+00:00
1764216000,90266.583,2025-11-27 04:00:00+00:00
1764219600,90788.319,2025-11-27 05:00:00+00:00
1764223200,90958.391,2025-11-27 06:00:00+00:00
1764226800,91024.518,2025-11-27 07:00:00+00:00
1764230400,91209.939,2025-11-27 08:00:00+00:00
1764234000,90877.872,2025-11-27 09:00:00+00:00
1764237600,91225.459,2025-11-27 10:00:00+00:00
1764241200,91345.736,2025-11-27 11:00:00+00:00
1764244800,91265.053,2025-11-27 12:00:00+00:00
1764248400,90779.952,2025-11-27 13:00:00+00:00
1764252000,90945.199,2025-11-27 14:00:00+00:00
1764255600,90650.679,2025-11-27 15:00:00+00:00
1764259200,90290.474,2025-11-27 16:00:00+00:00
1764262800,90369.222,2025-11-27 17:00:00+00:00
1764266400,90517.108,2025-11-27 18:00:00+00:00
1764270000,90451.208,2025-11-27 19:00:00+00:00
1764273600,90365.877,2025-11-27 20:00:00+00:00
1764277200,90246.3,2025-11-27 21:00:00+00:00
1764280800,90147.631,2025-11-27 22:00:00+00:00
1764284400,90203.138,2025-11-27 23:00:00+00:00
1764288000,90193.227,2025-11-28 00:00:00+00:00
1764291600,90090.53,2025-11-28 01:00:00+00:00
1764295200,89913.848,2025-11-28 02:00:00+00:00
1764298800,89999.414,2025-11-28 03:00:00+00:00
1764302400,90126.529,2025-11-28 04:00:00+00:00
1764306000,90203.936,2025-11-28 05:00:00+00:00
1764309600,90274.737,2025-11-28 06:00:00+00:00
1764313200,90138.147,2025-11-28 07:00:00+00:00
1764316800,90388.12,2025-11-28 08:00:00+00:00
1764320400,90522.642,2025-11-28 09:00:00+00:00
1764324000,90647.811,2025-11-28 10:00:00+00:00
1764327600,90837.611,2025-11-28 11:00:00+00:00
1764331200,90984.227,2025-11-28 12:00:00+00:00
1764334800,90296.296,2025-11-28 13:00:00+00:00
1764338400,90534.723,2025-11-28 14:00:00+00:00
1764342000,90557.572,2025-11-28 15:00:00+00:00
1764345600,89728.205,2025-11-28 16:00:00+00:00
1764349200,88982.778,2025-11-28 17:00:00+00:00
1764352800,89644.49,2025-11-28 18:00:00+00:00
1764356400,89537.52,2025-11-28 19:00:00+00:00
1764360000,89461.64,2025-11-28 20:00:00+00:00
1764363600,89387.254,2025-11-28 21:00:00+00:00
1764367200,89236.818,2025-11-28 22:00:00+00:00
1764370800,89272.231,2025-11-28 23:00:00+00:00
1764374400,89309.589,2025-11-29 00:00:00+00:00
1764378000,89318.393,2025-11-29 01:00:00+00:00
1764381600,88991.844,2025-11-29 02:00:00+00:00
1764385200,89067.372,2025-11-29 03:00:00+00:00
1764388800,89148.146,2025-11-29 04:00:00+00:00
1764392400,89194.4,2025-11-29 05:00:00+00:00
1764396000,88882.636,2025-11-29 06:00:00+00:00
1764399600,88826.598,2025-11-29 07:00:00+00:00
1764403200,88832.67,2025-11-29 08:00:00+00:00
1764406800,88887.252,2025-11-29 09:00:00+00:00
1764410400,88877.941,2025-11-29 10:00:00+00:00
1764414000,88922.198,2025-11-29 11:00:00+00:00
1764417600,88939.129,2025-11-29 12:00:00+00:00
1764421200,89002.29,2025-11-29 13:00:00+00:00
1764424800,88999.061,2025-11-29 14:00:00+00:00
1764428400,88906.022,2025-11-29 15:00:00+00:00
1764432000,88728.897,2025-11-29 16:00:00+00:00
1764435600,88550.048,2025-11-29 17:00:00+00:00
1764439200,88558.944,2025-11-29 18:00:00+00:00
1764442800,88515.668,2025-11-29 19:00:00+00:00
1764446400,88545.417,2025-11-29 20:00:00+00:00
1764450000,88508.723,2025-11-29 21:00:00+00:00
1764453600,88423.027,2025-11-29 22:00:00+00:00
1764457200,88483.169,2025-11-29 23:00:00+00:00
1764460800,88580.878,2025-11-30 00:00:00+00:00
1764464400,88648.105,2025-11-30 01:00:00+00:00
1764468000,88638.218,2025-11-30 02:00:00+00:00
1764471600,88562.244,2025-11-30 03:00:00+00:00
1764475200,88652.151,2025-11-30 04:00:00+00:00
1764478800,88653.852,2025-11-30 05:00:00+00:00
1764482400,88678.639,2025-11-30 06:00:00+00:00
1764486000,88777.153,2025-11-30 07:00:00+00:00
1764489600,88989.925,2025-11-30 08:00:00+00:00
1764493200,89710.549,2025-11-30 09:00:00+00:00
1764496800,89723.138,2025-11-30 10:00:00+00:00
1764500400,89727.487,2025-11-30 11:00:00+00:00
1764504000,90163.645,2025-11-30 12:00:00+00:00
1764507600,90613.372,2025-11-30 13:00:00+00:00
1764511200,90413.59,2025-11-30 14:00:00+00:00
1764514800,90339.994,2025-11-30 15:00:00+00:00
1764518400,90564.006,2025-11-30 16:00:00+00:00
1764522000,90649.548,2025-11-30 17:00:00+00:00
1764525600,90630.655,2025-11-30 18:00:00+00:00
1764529200,90580.656,2025-11-30 19:00:00+00:00
1764532800,90583.606,2025-11-30 20:00:00+00:00
1764536400,90224.773,2025-11-30 21:00:00+00:00
1764540000,90030.67,2025-11-30 22:00:00+00:00
1764543600,90582.221,2025-11-30 23:00:00+00:00
1764547200,89238.071,2025-12-01 00:00:00+00:00
1764550800,89515.232,2025-12-01 01:00:00+00:00
1764554400,89378.401,2025-12-01 02:00:00+00:00
1764558000,90031.457,2025-12-01 03:00:00+00:00
1764561600,90532.976,2025-12-01 04:00:00+00:00
1764565200,90800.704,2025-12-01 05:00:00+00:00
1764568800,91135.699,2025-12-01 06:00:00+00:00
1764572400,90732.277,2025-12-01 07:00:00+00:00
1764576000,90380.506,2025-12-01 08:00:00+00:00
1764579600,90269.588,2025-12-01 09:00:00+00:00
1764583200,90153.835,2025-12-01 10:00:00+00:00
1764586800,90354.303,2025-12-01 11:00:00+00:00
1764590400,90470.893,2025-12-01 12:00:00+00:00
1764594000,89968.705,2025-12-01 13:00:00+00:00
1764597600,89349.593,2025-12-01 14:00:00+00:00
1764601200,90504.129,2025-12-01 15:00:00+00:00
1764604800,90198.657,2025-12-01 16:00:00+00:00
1764608400,90217.545,2025-12-01 17:00:00+00:00
1764612000,90406.034,2025-12-01 18:00:00+00:00
1764615600,90183.211,2025-12-01 19:00:00+00:00
1764619200,89757.717,2025-12-01 20:00:00+00:00
1764622800,88694.892,2025-12-01 21:00:00+00:00
1764626400,88479.233,2025-12-01 22:00:00+00:00
1764630000,88383.034,2025-12-01 23:00:00+00:00
1764633600,88195.461,2025-12-02 00:00:00+00:00
1764637200,88352.292,2025-12-02 01:00:00+00:00
1764640800,88292.029,2025-12-02 02:00:00+00:00
1764644400,88434.496,2025-12-02 03:00:00+00:00
1764648000,88708.916,2025-12-02 04:00:00+00:00
1764651600,88825.489,2025-12-02 05:00:00+00:00
1764655200,88998.854,2025-12-02 06:00:00+00:00
1764658800,89105.499,2025-12-02 07:00:00+00:00
1764662400,89526.153,2025-12-02 08:00:00+00:00
1764666000,89645.2,2025-12-02 09:00:00+00:00
1764669600,89541.035,2025-12-02 10:00:00+00:00
1764673200,89689.183,2025-12-02 11:00:00+00:00
1764676800,89606.522,2025-12-02 12:00:00+00:00
1764680400,89779.404,2025-12-02 13:00:00+00:00
1764684000,89760.421,2025-12-02 14:00:00+00:00
1764687600,89517.839,2025-12-02 15:00:00+00:00
1764691200,89768.646,2025-12-02 16:00:00+00:00
1764694800,90056.984,2025-12-02 17:00:00+00:00
1764698400,90610.474,2025-12-02 18:00:00+00:00
1764702000,91115.259,2025-12-02 19:00:00+00:00
1764705600,89873.961,2025-12-02 20:00:00+00:00
1764709200,89407.346,2025-12-02 21:00:00+00:00
1764712800,88943.986,2025-12-02 22:00:00+00:00
1764716400,88892.47,2025-12-02 23:00:00+00:00
1764720000,88862.262,2025-12-03 00:00:00+00:00
1764723600,89811.568,2025-12-03 01:00:00+00:00
1764727200,90741.04,2025-12-03 02:00:00+00:00
1764730800,90996.544,2025-12-03 03:00:00+00:00
1764734400,90514.41,2025-12-03 04:00:00+00:00
1764738000,90942.503,2025-12-03 05:00:00+00:00
1764741600,91094.47,2025-12-03 06:00:00+00:00
1764745200,91029.91,2025-12-03 07:00:00+00:00
1764748800,90430.537,2025-12-03 08:00:00+00:00
1764752400,90795.259,2025-12-03 09:00:00+00:00
1764756000,90929.765,2025-12-03 10:00:00+00:00
1764759600,90613.264,2025-12-03 11:00:00+00:00
1764763200,90392.626,2025-12-03 12:00:00+00:00
1764766800,90646.615,2025-12-03 13:00:00+00:00
1764770400,88324.038,2025-12-03 14:00:00+00:00
1764774000,88828.862,2025-12-03 15:00:00+00:00
1764777600,88874.99,2025-12-03 16:00:00+00:00
1764781200,89463.163,2025-12-03 17:00:00+00:00
1764784800,88775.004,2025-12-03 18:00:00+00:00
1764788400,88727.834,2025-12-03 19:00:00+00:00
1764792000,88575.757,2025-12-03 20:00:00+00:00
1764795600,88678.074,2025-12-03 21:00:00+00:00
1764799200,88708.504,2025-12-03 22:00:00+00:00
1764802800,88321.467,2025-12-03 23:00:00+00:00
1764806400,88103.079,2025-12-04 00:00:00+00:00
1764810000,88185.774,2025-12-04 01:00:00+00:00
1764813600,88596.024,2025-12-04 02:00:00+00:00
1764817200,88370.642,2025-12-04 03:00:00+00:00
1764820800,88387.275,2025-12-04 04:00:00+00:00
1764824400,88314.339,2025-12-04 05:00:00+00:00
1764828000,88600.148,2025-12-04 06:00:00+00:00
1764831600,88823.518,2025-12-04 07:00:00+00:00
1764835200,88777.068,2025-12-04 08:00:00+00:00
1764838800,89469.533,2025-12-04 09:00:00+00:00
1764842400,89733.563,2025-12-04 10:00:00+00:00
1764846000,89516.487,2025-12-04 11:00:00+00:00
1764849600,89473.444,2025-12-04 12:00:00+00:00
1764853200,89991.14,2025-12-04 13:00:00+00:00
1764856800,90720.843,2025-12-04 14:00:00+00:00
1764860400,90457.38,2025-12-04 15:00:00+00:00
1764864000,90270.187,2025-12-04 16:00:00+00:00
1764867600,89964.154,2025-12-04 17:00:00+00:00
1764871200,90113.029,2025-12-04 18:00:00+00:00
1764874800,88986.225,2025-12-04 19:00:00+00:00
1764878400,89295.759,2025-12-04 20:00:00+00:00
1764882000,89191.53,2025-12-04 21:00:00+00:00
1764885600,89101.918,2025-12-04 22:00:00+00:00
1764889200,89229.942,2025-12-04 23:00:00+00:00
1764892800,89347.417,2025-12-05 00:00:00+00:00
1764896400,89446.381,2025-12-05 01:00:00+00:00
1764900000,89526.019,2025-12-05 02:00:00+00:00
1764903600,89160.343,2025-12-05 03:00:00+00:00
1764907200,89306.547,2025-12-05 04:00:00+00:00
1764910800,89326.189,2025-12-05 05:00:00+00:00
1764914400,89192.28,2025-12-05 06:00:00+00:00
1764918000,89174.488,2025-12-05 07:00:00+00:00
1764921600,89069.027,2025-12-05 08:00:00+00:00
1764925200,88866.739,2025-12-05 09:00:00+00:00
1764928800,89013.642,2025-12-05 10:00:00+00:00
1764932400,89083.129,2025-12-05 11:00:00+00:00
1764936000,89097.458,2025-12-05 12:00:00+00:00
1764939600,89565.686,2025-12-05 13:00:00+00:00
1764943200,90047.552,2025-12-05 14:00:00+00:00
1764946800,89102.392,2025-12-05 15:00:00+00:00
1764950400,88610.184,2025-12-05 16:00:00+00:00
1764954000,88326.086,2025-12-05 17:00:00+00:00
1764957600,87871.618,2025-12-05 18:00:00+00:00
1764961200,87339.901,2025-12-05 19:00:00+00:00
1764964800,86918.611,2025-12-05 20:00:00+00:00
1764968400,86596.884,2025-12-05 21:00:00+00:00
1764972000,86544.892,2025-12-05 22:00:00+00:00
1764975600,86706.661,2025-12-05 23:00:00+00:00
1764979200,86764.979,2025-12-06 00:00:00+00:00
1764982800,86804.619,2025-12-06 01:00:00+00:00
1764986400,87032.698,2025-12-06 02:00:00+00:00
1764990000,87102.665,2025-12-06 03:00:00+00:00
1764993600,87124.707,2025-12-06 04:00:00+00:00
1764997200,87255.315,2025-12-06 05:00:00+00:00
1765000800,87341.215,2025-12-06 06:00:00+00:00
1765004400,87415.208,2025-12-06 07:00:00+00:00
1765008000,87495.809,2025-12-06 08:00:00+00:00
1765011600,87710.747,2025-12-06 09:00:00+00:00
1765015200,87717.736,2025-12-06 10:00:00+00:00
1765018800,87803.75,2025-12-06 11:00:00+00:00
1765022400,87839.926,2025-12-06 12:00:00+00:00
1765026000,88018.64,2025-12-06 13:00:00+00:00
1765029600,87934.778,2025-12-06 14:00:00+00:00
1765033200,88028.342,2025-12-06 15:00:00+00:00
1765036800,87933.827,2025-12-06 16:00:00+00:00
1765040400,88000.452,2025-12-06 17:00:00+00:00
1765044000,87992.543,2025-12-06 18:00:00+00:00
1765047600,88004.032,2025-12-06 19:00:00+00:00
1765051200,87878.528,2025-12-06 20:00:00+00:00
1765054800,87834.166,2025-12-06 21:00:00+00:00
1765058400,87828.154,2025-12-06 22:00:00+00:00
1765062000,87639.401,2025-12-06 23:00:00+00:00
1765065600,87659.4,2025-12-07 00:00:00+00:00
1765069200,87638.698,2025-12-07 01:00:00+00:00
1765072800,87712.321,2025-12-07 02:00:00+00:00
1765076400,87662.787,2025-12-07 03:00:00+00:00
1765080000,87681.651,2025-12-07 04:00:00+00:00
1765083600,87746.284,2025-12-07 05:00:00+00:00
1765087200,87824.122,2025-12-07 06:00:00+00:00
1765090800,87939.992,2025-12-07 07:00:00+00:00
1765094400,88100.895,2025-12-07 08:00:00+00:00
1765098000,88232.016,2025-12-07 09:00:00+00:00
1765101600,88480.933,2025-12-07 10:00:00+00:00
1765105200,88625.851,2025-12-07 11:00:00+00:00
1765108800,88590.253,2025-12-07 12:00:00+00:00
1765112400,88605.113,2025-12-07 13:00:00+00:00
1765116000,88476.513,2025-12-07 14:00:00+00:00
1765119600,88783.415,2025-12-07 15:00:00+00:00
1765123200,88664.883,2025-12-07 16:00:00+00:00
1765126800,87978.913,2025-12-07 17:00:00+00:00
1765130400,87898.66,2025-12-07 18:00:00+00:00
1765134000,87907.768,2025-12-07 19:00:00+00:00
1765137600,87904.403,2025-12-07 20:00:00+00:00
1765141200,87369.915,2025-12-07 21:00:00+00:00
1765144800,86517.752,2025-12-07 22:00:00+00:00
1765148400,87156.527,2025-12-07 23:00:00+00:00
1765152000,86885.477,2025-12-08 00:00:00+00:00
1765155600,86568.003,2025-12-08 01:00:00+00:00
1765159200,87239.491,2025-12-08 02:00:00+00:00
1765162800,87143.946,2025-12-08 03:00:00+00:00
1765166400,87121.966,2025-12-08 04:00:00+00:00
1765170000,87307.062,2025-12-08 05:00:00+00:00
1765173600,87413.933,2025-12-08 06:00:00+00:00
1765177200,87537.007,2025-12-08 07:00:00+00:00
1765180800,87805.162,2025-12-08 08:00:00+00:00
1765184400,88046.45,2025-12-08 09:00:00+00:00
1765188000,88181.398,2025-12-08 10:00:00+00:00
1765191600,88292.113,2025-12-08 11:00:00+00:00
1765195200,88223.71,2025-12-08 12:00:00+00:00
1765198800,88183.133,2025-12-08 13:00:00+00:00
1765202400,88143.117,2025-12-08 14:00:00+00:00
1765206000,89196.71,2025-12-08 15:00:00+00:00
1765209600,88461.897,2025-12-08 16:00:00+00:00
1765213200,88498.253,2025-12-08 17:00:00+00:00
1765216800,88304.109,2025-12-08 18:00:00+00:00
1765220400,88207.697,2025-12-08 19:00:00+00:00
1765224000,87933.252,2025-12-08 20:00:00+00:00
1765227600,87267.359,2025-12-08 21:00:00+00:00
1765231200,87043.339,2025-12-08 22:00:00+00:00
1765234800,87036.605,2025-12-08 23:00:00+00:00
1765238400,87352.992,2025-12-09 00:00:00+00:00
1765242000,87526.404,2025-12-09 01:00:00+00:00
1765245600,87689.277,2025-12-09 02:00:00+00:00
1765249200,87935.355,2025-12-09 03:00:00+00:00
1765252800,88971.587,2025-12-09 04:00:00+00:00
1765256400,87898.128,2025-12-09 05:00:00+00:00
1765260000,87866.139,2025-12-09 06:00:00+00:00
1765263600,87612.039,2025-12-09 07:00:00+00:00
1765267200,87667.988,2025-12-09 08:00:00+00:00
1765270800,87733.264,2025-12-09 09:00:00+00:00
1765274400,87671.851,2025-12-09 10:00:00+00:00
1765278000,87776.436,2025-12-09 11:00:00+00:00
1765281600,87843.313,2025-12-09 12:00:00+00:00
1765285200,88528.181,2025-12-09 13:00:00+00:00
1765288800,88413.527,2025-12-09 14:00:00+00:00
1765292400,88246.801,2025-12-09 15:00:00+00:00
1765296000,90674.482,2025-12-09 16:00:00+00:00
1765299600,90254.654,2025-12-09 17:00:00+00:00
1765303200,90331.716,2025-12-09 18:00:00+00:00
1765306800,90023.735,2025-12-09 19:00:00+00:00
1765310400,89342.795,2025-12-09 20:00:00+00:00
1765314000,88563.97,2025-12-09 21:00:00+00:00
1765317600,88386.146,2025-12-09 22:00:00+00:00
1765321200,88586.92,2025-12-09 23:00:00+00:00
1765324800,88023.295,2025-12-10 00:00:00+00:00
1765328400,87894.991,2025-12-10 01:00:00+00:00
1765332000,87851.396,2025-12-10 02:00:00+00:00
1765335600,87767.035,2025-12-10 03:00:00+00:00
1765339200,87696.088,2025-12-10 04:00:00+00:00
1765342800,87626.882,2025-12-10 05:00:00+00:00
1765346400,87503.431,2025-12-10 06:00:00+00:00
1765350000,87455.908,2025-12-10 07:00:00+00:00
1765353600,87703.758,2025-12-10 08:00:00+00:00
1765357200,87625.165,2025-12-10 09:00:00+00:00
1765360800,87241.79,2025-12-10 10:00:00+00:00
1765364400,86662.329,2025-12-10 11:00:00+00:00
1765368000,86877.388,2025-12-10 12:00:00+00:00
1765371600,86765.715,2025-12-10 13:00:00+00:00
1765375200,86611.259,2025-12-10 14:00:00+00:00
1765378800,86789.356,2025-12-10 15:00:00+00:00
1765382400,86777.214,2025-12-10 16:00:00+00:00
1765386000,86938.077,2025-12-10 17:00:00+00:00
1765389600,86816.747,2025-12-10 18:00:00+00:00
1765393200,86664.334,2025-12-10 19:00:00+00:00
1765396800,85838.07,2025-12-10 20:00:00+00:00
1765400400,85184.793,2025-12-10 21:00:00+00:00
1765404000,85498.423,2025-12-10 22:00:00+00:00
1765407600,85469.959,2025-12-10 23:00:00+00:00
1765411200,85582.227,2025-12-11 00:00:00+00:00
1765414800,85616.757,2025-12-11 01:00:00+00:00
1765418400,86081.232,2025-12-11 02:00:00+00:00
1765422000,86197.128,2025-12-11 03:00:00+00:00
1765425600,86557.83,2025-12-11 04:00:00+00:00
1765429200,86495.258,2025-12-11 05:00:00+00:00
1765432800,86752.177,2025-12-11 06:00:00+00:00
1765436400,86771.928,2025-12-11 07:00:00+00:00
1765440000,87287.031,2025-12-11 08:00:00+00:00
1765443600,87331.106,2025-12-11 09:00:00+00:00
1765447200,87426.139,2025-12-11 10:00:00+00:00
1765450800,87380.297,2025-12-11 11:00:00+00:00
1765454400,87281.913,2025-12-11 12:00:00+00:00
1765458000,87404.946,2025-12-11 13:00:00+00:00
1765461600,87923.182,2025-12-11 14:00:00+00:00
1765465200,87721.309,2025-12-11 15:00:00+00:00
1765468800,88143.084,2025-12-11 16:00:00+00:00
1765472400,88304.46,2025-12-11 17:00:00+00:00
1765476000,87580.306,2025-12-11 18:00:00+00:00
1765479600,88004.071,2025-12-11 19:00:00+00:00
1765483200,88458.792,2025-12-11 20:00:00+00:00
1765486800,87665.543,2025-12-11 21:00:00+00:00
1765490400,87410.42,2025-12-11 22:00:00+00:00
1765494000,87099.498,2025-12-11 23:00:00+00:00
1765497600,86586.077,2025-12-12 00:00:00+00:00
1765501200,86350.579,2025-12-12 01:00:00+00:00
1765504800,86397.386,2025-12-12 02:00:00+00:00
1765508400,86240.428,2025-12-12 03:00:00+00:00
1765512000,86364.867,2025-12-12 04:00:00+00:00
1765515600,86492.273,2025-12-12 05:00:00+00:00
1765519200,86551.88,2025-12-12 06:00:00+00:00
1765522800,86395.177,2025-12-12 07:00:00+00:00
1765526400,86408.763,2025-12-12 08:00:00+00:00
1765530000,86410.117,2025-12-12 09:00:00+00:00
1765533600,86495.509,2025-12-12 10:00:00+00:00
1765537200,86542.595,2025-12-12 11:00:00+00:00
1765540800,86496.64,2025-12-12 12:00:00+00:00
1765544400,86536.414,2025-12-12 13:00:00+00:00
1765548000,87134.721,2025-12-12 14:00:00+00:00
1765551600,87080.827,2025-12-12 15:00:00+00:00
1765555200,87531.913,2025-12-12 16:00:00+00:00
1765558800,87937.239,2025-12-12 17:00:00+00:00
1765562400,87651.264,2025-12-12 18:00:00+00:00
1765566000,87394.473,2025-12-12 19:00:00+00:00
1765569600,87468.826,2025-12-12 20:00:00+00:00
1765573200,87677.609,2025-12-12 21:00:00+00:00
1765576800,87498.543,2025-12-12 22:00:00+00:00
1765580400,87501.26,2025-12-12 23:00:00+00:00
1765584000,87751.78,2025-12-13 00:00:00+00:00
1765587600,88147.819,2025-12-13 01:00:00+00:00
1765591200,88148.16,2025-12-13 02:00:00+00:00
1765594800,88163.161,2025-12-13 03:00:00+00:00
1765598400,88185.15,2025-12-13 04:00:00+00:00
1765602000,88202.725,2025-12-13 05:00:00+00:00
1765605600,88157.272,2025-12-13 06:00:00+00:00
1765609200,88119.095,2025-12-13 07:00:00+00:00
1765612800,88069.007,2025-12-13 08:00:00+00:00
1765616400,88034.474,2025-12-13 09:00:00+00:00
1765620000,87987.069,2025-12-13 10:00:00+00:00
1765623600,87867.353,2025-12-13 11:00:00+00:00
1765627200,87867.434,2025-12-13 12:00:00+00:00
1765630800,87757.011,2025-12-13 13:00:00+00:00
1765634400,87679.334,2025-12-13 14:00:00+00:00
1765638000,87836.862,2025-12-13 15:00:00+00:00
1765641600,87944.988,2025-12-13 16:00:00+00:00
1765645200,87927.109,2025-12-13 17:00:00+00:00
1765648800,87889.849,2025-12-13 18:00:00+00:00
1765652400,87864.464,2025-12-13 19:00:00+00:00
1765656000,87853.624,2025-12-13 20:00:00+00:00
1765659600,87759.545,2025-12-13 21:00:00+00:00
1765663200,87686.165,2025-12-13 22:00:00+00:00
1765666800,87750.999,2025-12-13 23:00:00+00:00
1765670400,88108.314,2025-12-14 00:00:00+00:00
1765674000,88030.683,2025-12-14 01:00:00+00:00
1765677600,87984.643,2025-12-14 02:00:00+00:00
1765681200,87961.057,2025-12-14 03:00:00+00:00
1765684800,87968.936,2025-12-14 04:00:00+00:00
1765688400,88036.356,2025-12-14 05:00:00+00:00
1765692000,88036.972,2025-12-14 06:00:00+00:00
1765695600,88072.051,2025-12-14 07:00:00+00:00
1765699200,88141.737,2025-12-14 08:00:00+00:00
1765702800,88475.396,2025-12-14 09:00:00+00:00
1765706400,88664.746,2025-12-14 10:00:00+00:00
1765710000,88901.96,2025-12-14 11:00:00+00:00
1765713600,89398.909,2025-12-14 12:00:00+00:00
1765717200,89684.622,2025-12-14 13:00:00+00:00
1765720800,89911.501,2025-12-14 14:00:00+00:00
1765724400,89665.585,2025-12-14 15:00:00+00:00
1765728000,88822.352,2025-12-14 16:00:00+00:00
1765731600,88800.552,2025-12-14 17:00:00+00:00
1765735200,88653.844,2025-12-14 18:00:00+00:00
1765738800,88511.57,2025-12-14 19:00:00+00:00
1765742400,88336.828,2025-12-14 20:00:00+00:00
1765746000,88395.046,2025-12-14 21:00:00+00:00
1765749600,88215.444,2025-12-14 22:00:00+00:00
1765753200,88543.462,2025-12-14 23:00:00+00:00
1765756800,88745.58,2025-12-15 00:00:00+00:00
1765760400,88857.575,2025-12-15 01:00:00+00:00
1765764000,88154.728,2025-12-15 02:00:00+00:00
1765767600,88100.382,2025-12-15 03:00:00+00:00
1765771200,88133.926,2025-12-15 04:00:00+00:00
1765774800,88164.382,2025-12-15 05:00:00+00:00
1765778400,87992.226,2025-12-15 06:00:00+00:00
1765782000,87961.999,2025-12-15 07:00:00+00:00
1765785600,88087.458,2025-12-15 08:00:00+00:00
1765789200,88223.985,2025-12-15 09:00:00+00:00
1765792800,88350.796,2025-12-15 10:00:00+00:00
1765796400,88343.487,2025-12-15 11:00:00+00:00
1765800000,88402.746,2025-12-15 12:00:00+00:00
1765803600,88013.618,2025-12-15 13:00:00+00:00
1765807200,88815.383,2025-12-15 14:00:00+00:00
1765810800,89988.342,2025-12-15 15:00:00+00:00
1765814400,90799.821,2025-12-15 16:00:00+00:00
1765818000,90914.728,2025-12-15 17:00:00+00:00
1765821600,90784.619,2025-12-15 18:00:00+00:00
1765825200,91220.203,2025-12-15 19:00:00+00:00
1765828800,91451.47,2025-12-15 20:00:00+00:00
1765832400,91273.309,2025-12-15 21:00:00+00:00
1765836000,91226.356,2025-12-15 22:00:00+00:00
1765839600,91470.056,2025-12-15 23:00:00+00:00
1765843200,91757.519,2025-12-16 00:00:00+00:00
1765846800,91706.687,2025-12-16 01:00:00+00:00
1765850400,91898.516,2025-12-16 02:00:00+00:00
1765854000,91574.129,2025-12-16 03:00:00+00:00
1765857600,91541.61,2025-12-16 04:00:00+00:00
1765861200,91596.785,2025-12-16 05:00:00+00:00
1765864800,91677.019,2025-12-16 06:00:00+00:00
1765868400,91259.206,2025-12-16 07:00:00+00:00
1765872000,91058.67,2025-12-16 08:00:00+00:00
1765875600,90849.592,2025-12-16 09:00:00+00:00
1765879200,90046.001,2025-12-16 10:00:00+00:00
1765882800,90001.963,2025-12-16 11:00:00+00:00
1765886400,89948.435,2025-12-16 12:00:00+00:00
1765890000,89049.787,2025-12-16 13:00:00+00:00
1765893600,88953.451,2025-12-16 14:00:00+00:00
1765897200,88933.443,2025-12-16 15:00:00+00:00
1765900800,89046.295,2025-12-16 16:00:00+00:00
1765904400,89191.211,2025-12-16 17:00:00+00:00
1765908000,88921.071,2025-12-16 18:00:00+00:00
1765911600,88737.712,2025-12-16 19:00:00+00:00
1765915200,88767.456,2025-12-16 20:00:00+00:00
1765918800,88587.558,2025-12-16 21:00:00+00:00
1765922400,88592.663,2025-12-16 22:00:00+00:00
1765926000,88594.42,2025-12-16 23:00:00+00:00
1765929600,88789.345,2025-12-17 00:00:00+00:00
1765933200,89059.419,2025-12-17 01:00:00+00:00
1765936800,89226.174,2025-12-17 02:00:00+00:00
1765940400,89393.625,2025-12-17 03:00:00+00:00
1765944000,89562.07,2025-12-17 04:00:00+00:00
1765947600,90032.768,2025-12-17 05:00:00+00:00
1765951200,90142.909,2025-12-17 06:00:00+00:00
1765954800,89928.018,2025-12-17 07:00:00+00:00
1765958400,90171.343,2025-12-17 08:00:00+00:00
1765962000,90249.718,2025-12-17 09:00:00+00:00
1765965600,90094.524,2025-12-17 10:00:00+00:00
1765969200,90039.1,2025-12-17 11:00:00+00:00
1765972800,89905.9,2025-12-17 12:00:00+00:00
1765976400,89631.649,2025-12-17 13:00:00+00:00
1765980000,89093.884,2025-12-17 14:00:00+00:00
1765983600,88980.852,2025-12-17 15:00:00+00:00
1765987200,88641.06,2025-12-17 16:00:00+00:00
1765990800,88476.358,2025-12-17 17:00:00+00:00
1765994400,88301.664,2025-12-17 18:00:00+00:00
1765998000,88739.834,2025-12-17 19:00:00+00:00
1766001600,88445.88,2025-12-17 20:00:00+00:00
1766005200,88497.204,2025-12-17 21:00:00+00:00
1766008800,88344.041,2025-12-17 22:00:00+00:00
1766012400,88163.757,2025-12-17 23:00:00+00:00
1766016000,88241.335,2025-12-18 00:00:00+00:00
1766019600,88420.24,2025-12-18 01:00:00+00:00
1766023200,88249.945,2025-12-18 02:00:00+00:00
1766026800,88054.399,2025-12-18 03:00:00+00:00
1766030400,88142.757,2025-12-18 04:00:00+00:00
1766034000,87810.833,2025-12-18 05:00:00+00:00
1766037600,87795.945,2025-12-18 06:00:00+00:00
1766041200,87373.57,2025-12-18 07:00:00+00:00
1766044800,87482.594,2025-12-18 08:00:00+00:00
1766048400,87569.145,2025-12-18 09:00:00+00:00
1766052000,87558.478,2025-12-18 10:00:00+00:00
1766055600,87468.696,2025-12-18 11:00:00+00:00
1766059200,87540.709,2025-12-18 12:00:00+00:00
1766062800,87817.007,2025-12-18 13:00:00+00:00
1766066400,88816.686,2025-12-18 14:00:00+00:00
1766070000,88547.428,2025-12-18 15:00:00+00:00
1766073600,89025.297,2025-12-18 16:00:00+00:00
1766077200,87947.319,2025-12-18 17:00:00+00:00
1766080800,88208.183,2025-12-18 18:00:00+00:00
1766084400,90016.304,2025-12-18 19:00:00+00:00
1766088000,90428.088,2025-12-18 20:00:00+00:00
1766091600,89648.772,2025-12-18 21:00:00+00:00
1766095200,89628.484,2025-12-18 22:00:00+00:00
1766098800,89783.435,2025-12-18 23:00:00+00:00
1766102400,89789.408,2025-12-19 00:00:00+00:00
1766106000,89801.513,2025-12-19 01:00:00+00:00
1766109600,89895.771,2025-12-19 02:00:00+00:00
1766113200,89428.462,2025-12-19 03:00:00+00:00
1766116800,89962.776,2025-12-19 04:00:00+00:00
1766120400,90063.117,2025-12-19 05:00:00+00:00
1766124000,90114.137,2025-12-19 06:00:00+00:00
1766127600,90267.909,2025-12-19 07:00:00+00:00
1766131200,90445.732,2025-12-19 08:00:00+00:00
1766134800,90760.818,2025-12-19 09:00:00+00:00
1766138400,91042.703,2025-12-19 10:00:00+00:00
1766142000,91147.03,2025-12-19 11:00:00+00:00
1766145600,91632.79,2025-12-19 12:00:00+00:00
1766149200,91925.329,2025-12-19 13:00:00+00:00
1766152800,92450.204,2025-12-19 14:00:00+00:00
1766156400,92721.541,2025-12-19 15:00:00+00:00
1766160000,92595.55,2025-12-19 16:00:00+00:00
1766163600,92863.637,2025-12-19 17:00:00+00:00
1766167200,92973.012,2025-12-19 18:00:00+00:00
1766170800,92698.597,2025-12-19 19:00:00+00:00
1766174400,92338.697,2025-12-19 20:00:00+00:00
1766178000,92144.124,2025-12-19 21:00:00+00:00
1766181600,91948.841,2025-12-19 22:00:00+00:00
1766185200,91991.341,2025-12-19 23:00:00+00:00
1766188800,91816.272,2025-12-20 00:00:00+00:00
1766192400,91789.462,2025-12-20 01:00:00+00:00
1766196000,91691.815,2025-12-20 02:00:00+00:00
1766199600,91812.319,2025-12-20 03:00:00+00:00
1766203200,91942.67,2025-12-20 04:00:00+00:00
1766206800,92150.999,2025-12-20 05:00:00+00:00
1766210400,92152.572,2025-12-20 06:00:00+00:00
1766214000,92078.605,2025-12-20 07:00:00+00:00
1766217600,92087.363,2025-12-20 08:00:00+00:00
1766221200,92113.532,2025-12-20 09:00:00+00:00
1766224800,92095.485,2025-12-20 10:00:00+00:00
1766228400,92317.9,2025-12-20 11:00:00+00:00
1766232000,92344.793,2025-12-20 12:00:00+00:00
1766235600,91750.845,2025-12-20 13:00:00+00:00
1766239200,91640.849,2025-12-20 14:00:00+00:00
1766242800,91392.694,2025-12-20 15:00:00+00:00
1766246400,91342.02,2025-12-20 16:00:00+00:00
1766250000,91340.998,2025-12-20 17:00:00+00:00
1766253600,91447.153,2025-12-20 18:00:00+00:00
1766257200,91394.058,2025-12-20 19:00:00+00:00
1766260800,91369.743,2025-12-20 20:00:00+00:00
1766264400,91212.645,2025-12-20 21:00:00+00:00
1766268000,91176.833,2025-12-20 22:00:00+00:00
1766271600,91219.093,2025-12-20 23:00:00+00:00
1766275200,91151.473,2025-12-21 00:00:00+00:00
1766278800,90935.93,2025-12-21 01:00:00+00:00
1766282400,90823.765,2025-12-21 02:00:00+00:00
1766286000,90836.906,2025-12-21 03:00:00+00:00
1766289600,90840.721,2025-12-21 04:00:00+00:00
1766293200,90844.913,2025-12-21 05:00:00+00:00
1766296800,90865.614,2025-12-21 06:00:00+00:00
1766300400,90815.033,2025-12-21 07:00:00+00:00
1766304000,91348.089,2025-12-21 08:00:00+00:00
1766307600,92125.103,2025-12-21 09:00:00+00:00
1766311200,92284.305,2025-12-21 10:00:00+00:00
1766314800,92252.017,2025-12-21 11:00:00+00:00
1766318400,92270.033,2025-12-21 12:00:00+00:00
1766322000,91278.038,2025-12-21 13:00:00+00:00
1766325600,90819.618,2025-12-21 14:00:00+00:00
1766329200,90605.031,2025-12-21 15:00:00+00:00
1766332800,90352.44,2025-12-21 16:00:00+00:00
1766336400,90076.672,2025-12-21 17:00:00+00:00
1766340000,90061.105,2025-12-21 18:00:00+00:00
1766343600,90090.455,2025-12-21 19:00:00+00:00
1766347200,89959.627,2025-12-21 20:00:00+00:00
1766350800,89804.645,2025-12-21 21:00:00+00:00
1766354400,89783.472,2025-12-21 22:00:00+00:00
1766358000,89861.108,2025-12-21 23:00:00+00:00
1766361600,89908.587,2025-12-22 00:00:00+00:00
1766365200,90136.961,2025-12-22 01:00:00+00:00
1766368800,89282.983,2025-12-22 02:00:00+00:00
1766372400,89349.878,2025-12-22 03:00:00+00:00
1766376000,89591.138,2025-12-22 04:00:00+00:00
1766379600,89648.427,2025-12-22 05:00:00+00:00
1766383200,89765.631,2025-12-22 06:00:00+00:00
1766386800,90066.026,2025-12-22 07:00:00+00:00
1766390400,90361.348,2025-12-22 08:00:00+00:00
1766394000,90749.12,2025-12-22 09:00:00+00:00
1766397600,91121.398,2025-12-22 10:00:00+00:00
1766401200,91616.583,2025-12-22 11:00:00+00:00
1766404800,91806.707,2025-12-22 12:00:00+00:00
1766408400,92030.688,2025-12-22 13:00:00+00:00
1766412000,92052.002,2025-12-22 14:00:00+00:00
1766415600,91293.197,2025-12-22 15:00:00+00:00
1766419200,91238.327,2025-12-22 16:00:00+00:00
1766422800,91090.288,2025-12-22 17:00:00+00:00
1766426400,91030.892,2025-12-22 18:00:00+00:00
1766430000,90378.885,2025-12-22 19:00:00+00:00
1766433600,89835.708,2025-12-22 20:00:00+00:00
1766437200,89568.647,2025-12-22 21:00:00+00:00
1766440800,89958.729,2025-12-22 22:00:00+00:00
1766444400,91094.438,2025-12-22 23:00:00+00:00
1766448000,91148.233,2025-12-23 00:00:00+00:00
1766451600,91114.172,2025-12-23 01:00:00+00:00
1766455200,91140.478,2025-12-23 02:00:00+00:00
1766458800,91282.935,2025-12-23 03:00:00+00:00
1766462400,91427.094,2025-12-23 04:00:00+00:00
1766466000,91592.428,2025-12-23 05:00:00+00:00
1766469600,91291.123,2025-12-23 06:00:00+00:00
1766473200,91716.378,2025-12-23 07:00:00+00:00
1766476800,91922.961,2025-12-23 08:00:00+00:00
1766480400,92209.48,2025-12-23 09:00:00+00:00
1766484000,92295.577,2025-12-23 10:00:00+00:00
1766487600,92548.935,2025-12-23 11:00:00+00:00
1766491200,92408.646,2025-12-23 12:00:00+00:00
1766494800,92060.947,2025-12-23 13:00:00+00:00
1766498400,91775.066,2025-12-23 14:00:00+00:00
1766502000,92191.193,2025-12-23 15:00:00+00:00
1766505600,91836.963,2025-12-23 16:00:00+00:00
1766509200,91932.819,2025-12-23 17:00:00+00:00
1766512800,93840.353,2025-12-23 18:00:00+00:00
1766516400,94031.98,2025-12-23 19:00:00+00:00
1766520000,94018.809,2025-12-23 20:00:00+00:00
1766523600,94069.863,2025-12-23 21:00:00+00:00
1766527200,93999.262,2025-12-23 22:00:00+00:00
1766530800,95125.275,2025-12-23 23:00:00+00:00
1766534400,95472.094,2025-12-24 00:00:00+00:00
1766538000,95558.881,2025-12-24 01:00:00+00:00
1766541600,94807.167,2025-12-24 02:00:00+00:00
1766545200,94645.869,2025-12-24 03:00:00+00:00
1766548800,94736.083,2025-12-24 04:00:00+00:00
1766552400,94573.304,2025-12-24 05:00:00+00:00
1766556000,94647.777,2025-12-24 06:00:00+00:00
1766559600,94635.835,2025-12-24 07:00:00+00:00
1766563200,94564.641,2025-12-24 08:00:00+00:00
1766566800,94627.656,2025-12-24 09:00:00+00:00
1766570400,94468.64,2025-12-24 10:00:00+00:00
1766574000,94173.895,2025-12-24 11:00:00+00:00
1766577600,94062.827,2025-12-24 12:00:00+00:00
1766581200,93965.334,2025-12-24 13:00:00+00:00
1766584800,93615.745,2025-12-24 14:00:00+00:00
1766588400,93883.17,2025-12-24 15:00:00+00:00
1766592000,93860.477,2025-12-24 16:00:00+00:00
1766595600,93640.15,2025-12-24 17:00:00+00:00
1766599200,93424.51,2025-12-24 18:00:00+00:00
1766602800,93164.405,2025-12-24 19:00:00+00:00
1766606400,93101.498,2025-12-24 20:00:00+00:00
1766610000,92962.759,2025-12-24 21:00:00+00:00
1766613600,92701.363,2025-12-24 22:00:00+00:00
1766617200,92603.732,2025-12-24 23:00:00+00:00
1766620800,92553.554,2025-12-25 00:00:00+00:00
1766624400,92479.475,2025-12-25 01:00:00+00:00
1766628000,92486.737,2025-12-25 02:00:00+00:00
1766631600,92565.459,2025-12-25 03:00:00+00:00
1766635200,92548.157,2025-12-25 04:00:00+00:00
1766638800,92657.824,2025-12-25 05:00:00+00:00
1766642400,92737.592,2025-12-25 06:00:00+00:00
1766646000,92778.229,2025-12-25 07:00:00+00:00
1766649600,92869.986,2025-12-25 08:00:00+00:00
1766653200,92917.047,2025-12-25 09:00:00+00:00
1766656800,93090.557,2025-12-25 10:00:00+00:00
1766660400,93136.467,2025-12-25 11:00:00+00:00
1766664000,93185.97,2025-12-25 12:00:00+00:00
1766667600,93087.454,2025-12-25 13:00:00+00:00
1766671200,93147.91,2025-12-25 14:00:00+00:00
1766674800,93663.95,2025-12-25 15:00:00+00:00
1766678400,93688.431,2025-12-25 16:00:00+00:00
1766682000,93670.224,2025-12-25 17:00:00+00:00
1766685600,93671.846,2025-12-25 18:00:00+00:00
1766689200,93589.936,2025-12-25 19:00:00+00:00
1766692800,93307.226,2025-12-25 20:00:00+00:00
1766696400,93342.416,2025-12-25 21:00:00+00:00
1766700000,93164.419,2025-12-25 22:00:00+00:00
1766703600,93173.634,2025-12-25 23:00:00+00:00
1766707200,93307.572,2025-12-26 00:00:00+00:00
1766710800,93229.469,2025-12-26 01:00:00+00:00
1766714400,95284.137,2025-12-26 02:00:00+00:00
1766718000,94578.051,2025-12-26 03:00:00+00:00
1766721600,94197.752,2025-12-26 04:00:00+00:00
1766725200,94283.923,2025-12-26 05:00:00+00:00
1766728800,94390.823,2025-12-26 06:00:00+00:00
1766732400,94002.447,2025-12-26 07:00:00+00:00
1766736000,94155.21,2025-12-26 08:00:00+00:00
1766739600,94264.545,2025-12-26 09:00:00+00:00
1766743200,94137.094,2025-12-26 10:00:00+00:00
1766746800,94244.513,2025-12-26 11:00:00+00:00
1766750400,94340.069,2025-12-26 12:00:00+00:00
1766754000,94561.959,2025-12-26 13:00:00+00:00
1766757600,94461.871,2025-12-26 14:00:00+00:00
1766761200,94166.504,2025-12-26 15:00:00+00:00
1766764800,93974.271,2025-12-26 16:00:00+00:00
1766768400,93710.039,2025-12-26 17:00:00+00:00
1766772000,93515.138,2025-12-26 18:00:00+00:00
1766775600,93202.175,2025-12-26 19:00:00+00:00
1766779200,92748.591,2025-12-26 20:00:00+00:00
1766782800,92529.711,2025-12-26 21:00:00+00:00
1766786400,92373.174,2025-12-26 22:00:00+00:00
1766790000,92489.105,2025-12-26 23:00:00+00:00
1766793600,92517.961,2025-12-27 00:00:00+00:00
1766797200,92514.499,2025-12-27 01:00:00+00:00
1766800800,92526.986,2025-12-27 02:00:00+00:00
1766804400,92408.22,2025-12-27 03:00:00+00:00
1766808000,92386.398,2025-12-27 04:00:00+00:00
1766811600,92326.057,2025-12-27 05:00:00+00:00
1766815200,92223.779,2025-12-27 06:00:00+00:00
1766818800,92248.752,2025-12-27 07:00:00+00:00
1766822400,92342.506,2025-12-27 08:00:00+00:00
1766826000,92241.251,2025-12-27 09:00:00+00:00
1766829600,91974.574,2025-12-27 10:00:00+00:00
1766833200,91910.395,2025-12-27 11:00:00+00:00
1766836800,91791.994,2025-12-27 12:00:00+00:00
1766840400,91644.562,2025-12-27 13:00:00+00:00
1766844000,91607.314,2025-12-27 14:00:00+00:00
1766847600,91596.317,2025-12-27 15:00:00+00:00
1766851200,91583.963,2025-12-27 16:00:00+00:00
1766854800,91596.975,2025-12-27 17:00:00+00:00
1766858400,91559.931,2025-12-27 18:00:00+00:00
1766862000,91563.317,2025-12-27 19:00:00+00:00
1766865600,91572.257,2025-12-27 20:00:00+00:00
1766869200,91553.141,2025-12-27 21:00:00+00:00
1766872800,91362.36,2025-12-27 22:00:00+00:00
1766876400,91507.992,2025-12-27 23:00:00+00:00
1766880000,91789.591,2025-12-28 00:00:00+00:00
1766883600,91836.975,2025-12-28 01:00:00+00:00
1766887200,91853.319,2025-12-28 02:00:00+00:00
1766890800,91885.536,2025-12-28 03:00:00+00:00
1766894400,91813.665,2025-12-28 04:00:00+00:00
1766898000,91778.123,2025-12-28 05:00:00+00:00
1766901600,91927.17,2025-12-28 06:00:00+00:00
1766905200,91955.104,2025-12-28 07:00:00+00:00
1766908800,92013.47,2025-12-28 08:00:00+00:00
1766912400,92145.451,2025-12-28 09:00:00+00:00
1766916000,92353.483,2025-12-28 10:00:00+00:00
1766919600,92481.73,2025-12-28 11:00:00+00:00
1766923200,92512.114,2025-12-28 12:00:00+00:00
1766926800,92741.878,2025-12-28 13:00:00+00:00
1766930400,92939.563,2025-12-28 14:00:00+00:00
1766934000,93026.589,2025-12-28 15:00:00+00:00
1766937600,93076.972,2025-12-28 16:00:00+00:00
1766941200,93133.514,2025-12-28 17:00:00+00:00
1766944800,92918.087,2025-12-28 18:00:00+00:00
1766948400,93074.756,2025-12-28 19:00:00+00:00
1766952000,93054.536,2025-12-28 20:00:00+00:00
1766955600,93090.233,2025-12-28 21:00:00+00:00
1766959200,93092.736,2025-12-28 22:00:00+00:00
1766962800,93047.607,2025-12-28 23:00:00+00:00
1766966400,92948.199,2025-12-29 00:00:00+00:00
1766970000,93540.022,2025-12-29 01:00:00+00:00
1766973600,95813.074,2025-12-29 02:00:00+00:00
1766977200,96927.379,2025-12-29 03:00:00+00:00
1766980800,97431.429,2025-12-29 04:00:00+00:00
1766984400,98136.56,2025-12-29 05:00:00+00:00
1766988000,98641.223,2025-12-29 06:00:00+00:00
1766991600,98581.108,2025-12-29 07:00:00+00:00
1766995200,98622.636,2025-12-29 08:00:00+00:00
1766998800,96172.761,2025-12-29 09:00:00+00:00
1767002400,95533.409,2025-12-29 10:00:00+00:00
1767006000,95622.465,2025-12-29 11:00:00+00:00
1767009600,95852.48,2025-12-29 12:00:00+00:00
1767013200,95144.261,2025-12-29 13:00:00+00:00
1767016800,93811.091,2025-12-29 14:00:00+00:00
1767020400,94069.394,2025-12-29 15:00:00+00:00
1767024000,93771.401,2025-12-29 16:00:00+00:00
1767027600,94064.025,2025-12-29 17:00:00+00:00
1767031200,94135.272,2025-12-29 18:00:00+00:00
1767034800,94188.573,2025-12-29 19:00:00+00:00
1767038400,94779.721,2025-12-29 20:00:00+00:00
1767042000,94755.204,2025-12-29 21:00:00+00:00
1767045600,94795.603,2025-12-29 22:00:00+00:00
1767049200,94896.195,2025-12-29 23:00:00+00:00
1767052800,94981.854,2025-12-30 00:00:00+00:00
1767056400,95091.313,2025-12-30 01:00:00+00:00
1767060000,95323.92,2025-12-30 02:00:00+00:00
1767063600,95746.094,2025-12-30 03:00:00+00:00
1767067200,95839.165,2025-12-30 04:00:00+00:00
1767070800,95871.804,2025-12-30 05:00:00+00:00
1767074400,95826.236,2025-12-30 06:00:00+00:00
1767078000,95959.812,2025-12-30 07:00:00+00:00
1767081600,95922.408,2025-12-30 08:00:00+00:00
1767085200,95605.499,2025-12-30 09:00:00+00:00
1767088800,95658.576,2025-12-30 10:00:00+00:00
1767092400,95602.009,2025-12-30 11:00:00+00:00
1767096000,95644.638,2025-12-30 12:00:00+00:00
1767099600,95597.893,2025-12-30 13:00:00+00:00
1767103200,94810.157,2025-12-30 14:00:00+00:00
1767106800,94442.676,2025-12-30 15:00:00+00:00
1767110400,95792.71,2025-12-30 16:00:00+00:00
1767114000,95874.203,2025-12-30 17:00:00+00:00
1767117600,95616.376,2025-12-30 18:00:00+00:00
1767121200,95285.472,2025-12-30 19:00:00+00:00
1767124800,95124.976,2025-12-30 20:00:00+00:00
1767128400,94931.61,2025-12-30 21:00:00+00:00
1767132000,94864.429,2025-12-30 22:00:00+00:00
1767135600,94705.464,2025-12-30 23:00:00+00:00
1767139200,94521.269,2025-12-31 00:00:00+00:00
1767142800,94634.563,2025-12-31 01:00:00+00:00
1767146400,94790.788,2025-12-31 02:00:00+00:00
1767150000,94673.76,2025-12-31 03:00:00+00:00
1767153600,94840.37,2025-12-31 04:00:00+00:00
1767157200,94804.628,2025-12-31 05:00:00+00:00
1767160800,94736.934,2025-12-31 06:00:00+00:00
1767164400,94635.172,2025-12-31 07:00:00+00:00
1767168000,94675.577,2025-12-31 08:00:00+00:00
1767171600,94742.189,2025-12-31 09:00:00+00:00
1767175200,94628.27,2025-12-31 10:00:00+00:00
1767178800,94606.312,2025-12-31 11:00:00+00:00
1767182400,95019.058,2025-12-31 12:00:00+00:00
1767186000,94927.05,2025-12-31 13:00:00+00:00
1767189600,94632.408,2025-12-31 14:00:00+00:00
1767193200,94521.776,2025-12-31 15:00:00+00:00
1767196800,94875.589,2025-12-31 16:00:00+00:00
1767200400,94731.865,2025-12-31 17:00:00+00:00
1767204000,94891.026,2025-12-31 18:00:00+00:00
1767207600,94593.601,2025-12-31 19:00:00+00:00
1767211200,94337.506,2025-12-31 20:00:00+00:00
1767214800,94237.181,2025-12-31 21:00:00+00:00
1767218400,94166.034,2025-12-31 22:00:00+00:00
1767222000,94199.12,2025-12-31 23:00:00+00:00
1767225600,94405.557,2026-01-01 00:00:00+00:00
1767229200,94664.358,2026-01-01 01:00:00+00:00
1767232800,94635.911,2026-01-01 02:00:00+00:00
1767236400,94548.686,2026-01-01 03:00:00+00:00
1767240000,94730.051,2026-01-01 04:00:00+00:00
1767243600,94821.971,2026-01-01 05:00:00+00:00
1767247200,94787.542,2026-01-01 06:00:00+00:00
1767250800,94800.738,2026-01-01 07:00:00+00:00
1767254400,94786.787,2026-01-01 08:00:00+00:00
1767258000,94847.214,2026-01-01 09:00:00+00:00
1767261600,94934.729,2026-01-01 10:00:00+00:00
1767265200,95015.202,2026-01-01 11:00:00+00:00
1767268800,95013.542,2026-01-01 12:00:00+00:00
1767272400,94965.755,2026-01-01 13:00:00+00:00
1767276000,94896.883,2026-01-01 14:00:00+00:00
1767279600,94778.342,2026-01-01 15:00:00+00:00
1767283200,94675.725,2026-01-01 16:00:00+00:00
1767286800,94545.516,2026-01-01 17:00:00+00:00
1767290400,94305.739,2026-01-01 18:00:00+00:00
1767294000,94240.498,2026-01-01 19:00:00+00:00
1767297600,94119.308,2026-01-01 20:00:00+00:00
1767301200,94089.412,2026-01-01 21:00:00+00:00
1767304800,93879.056,2026-01-01 22:00:00+00:00
1767308400,93937.75,2026-01-01 23:00:00+00:00
1767312000,93877.984,2026-01-02 00:00:00+00:00
1767315600,94273.967,2026-01-02 01:00:00+00:00
1767319200,94353.565,2026-01-02 02:00:00+00:00
1767322800,95363.746,2026-01-02 03:00:00+00:00
1767326400,95477.669,2026-01-02 04:00:00+00:00
1767330000,95485.8,2026-01-02 05:00:00+00:00
1767333600,96052.043,2026-01-02 06:00:00+00:00
1767337200,96203.975,2026-01-02 07:00:00+00:00
1767340800,96421.909,2026-01-02 08:00:00+00:00
1767344400,96522.648,2026-01-02 09:00:00+00:00
1767348000,97265.806,2026-01-02 10:00:00+00:00
1767351600,97480.739,2026-01-02 11:00:00+00:00
1767355200,97241.176,2026-01-02 12:00:00+00:00
1767358800,97262.188,2026-01-02 13:00:00+00:00
1767362400,96651.234,2026-01-02 14:00:00+00:00
1767366000,96394.946,2026-01-02 15:00:00+00:00
1767369600,97554.363,2026-01-02 16:00:00+00:00
1767373200,97655.511,2026-01-02 17:00:00+00:00
1767376800,97261.48,2026-01-02 18:00:00+00:00
1767380400,97258.811,2026-01-02 19:00:00+00:00
1767384000,96967.199,2026-01-02 20:00:00+00:00
1767387600,97237.203,2026-01-02 21:00:00+00:00
1767391200,96949.179,2026-01-02 22:00:00+00:00
1767394800,96734.249,2026-01-02 23:00:00+00:00
1767398400,96508.7,2026-01-03 00:00:00+00:00
1767402000,96471.575,2026-01-03 01:00:00+00:00
1767405600,96495.734,2026-01-03 02:00:00+00:00
1767409200,96552.581,2026-01-03 03:00:00+00:00
1767412800,96162.109,2026-01-03 04:00:00+00:00
1767416400,95998.136,2026-01-03 05:00:00+00:00
1767420000,95991.258,2026-01-03 06:00:00+00:00
1767423600,95398.524,2026-01-03 07:00:00+00:00
1767427200,95253.416,2026-01-03 08:00:00+00:00
1767430800,95555.329,2026-01-03 09:00:00+00:00
1767434400,95455.313,2026-01-03 10:00:00+00:00
1767438000,95551.134,2026-01-03 11:00:00+00:00
1767441600,95979.137,2026-01-03 12:00:00+00:00
1767445200,96014.224,2026-01-03 13:00:00+00:00
1767448800,95929.898,2026-01-03 14:00:00+00:00
1767452400,95991.922,2026-01-03 15:00:00+00:00
1767456000,95917.562,2026-01-03 16:00:00+00:00
1767459600,95894.253,2026-01-03 17:00:00+00:00
1767463200,95887.305,2026-01-03 18:00:00+00:00
1767466800,95937.417,2026-01-03 19:00:00+00:00
1767470400,96247.817,2026-01-03 20:00:00+00:00
1767474000,96701.146,2026-01-03 21:00:00+00:00
1767477600,96800.857,2026-01-03 22:00:00+00:00
1767481200,97118.609,2026-01-03 23:00:00+00:00
1767484800,97330.773,2026-01-04 00:00:00+00:00
1767488400,97418.817,2026-01-04 01:00:00+00:00
1767492000,97523.465,2026-01-04 02:00:00+00:00
1767495600,97542.514,2026-01-04 03:00:00+00:00
1767499200,97548.339,2026-01-04 04:00:00+00:00
1767502800,97544.159,2026-01-04 05:00:00+00:00
1767506400,97570.737,2026-01-04 06:00:00+00:00
1767510000,97576.504,2026-01-04 07:00:00+00:00
1767513600,97755.362,2026-01-04 08:00:00+00:00
1767517200,97830.66,2026-01-04 09:00:00+00:00
1767520800,97829.091,2026-01-04 10:00:00+00:00
1767524400,97548.844,2026-01-04 11:00:00+00:00
1767528000,97584.923,2026-01-04 12:00:00+00:00
1767531600,97569.797,2026-01-04 13:00:00+00:00
1767535200,97490.816,2026-01-04 14:00:00+00:00
1767538800,97482.539,2026-01-04 15:00:00+00:00
1767542400,97624.574,2026-01-04 16:00:00+00:00
1767546000,97682.122,2026-01-04 17:00:00+00:00
1767549600,97685.313,2026-01-04 18:00:00+00:00
1767553200,97606.86,2026-01-04 19:00:00+00:00
1767556800,97640.038,2026-01-04 20:00:00+00:00
1767560400,97607.644,2026-01-04 21:00:00+00:00
1767564000,97536.341,2026-01-04 22:00:00+00:00
1767567600,97711.937,2026-01-04 23:00:00+00:00
1767571200,98332.003,2026-01-05 00:00:00+00:00
1767574800,98637.195,2026-01-05 01:00:00+00:00
1767578400,98189.536,2026-01-05 02:00:00+00:00
1767582000,96922.995,2026-01-05 03:00:00+00:00
1767585600,96525.457,2026-01-05 04:00:00+00:00
1767589200,96441.495,2026-01-05 05:00:00+00:00
1767592800,96085.238,2026-01-05 06:00:00+00:00
1767596400,96301.77,2026-01-05 07:00:00+00:00
1767600000,96429.698,2026-01-05 08:00:00+00:00
1767603600,95741.005,2026-01-05 09:00:00+00:00
1767607200,96051.873,2026-01-05 10:00:00+00:00
1767610800,96260.13,2026-01-05 11:00:00+00:00
1767614400,96495.399,2026-01-05 12:00:00+00:00
1767618000,96346.511,2026-01-05 13:00:00+00:00
1767621600,97087.972,2026-01-05 14:00:00+00:00
1767625200,97567.475,2026-01-05 15:00:00+00:00
1767628800,97709.473,2026-01-05 16:00:00+00:00
1767632400,97851.67,2026-01-05 17:00:00+00:00
1767636000,98118.145,2026-01-05 18:00:00+00:00
1767639600,98053.417,2026-01-05 19:00:00+00:00
1767643200,97092.751,2026-01-05 20:00:00+00:00
1767646800,96858.709,2026-01-05 21:00:00+00:00
1767650400,96609.947,2026-01-05 22:00:00+00:00
1767654000,96542.556,2026-01-05 23:00:00+00:00
1767657600,96468.601,2026-01-06 00:00:00+00:00
1767661200,96371.688,2026-01-06 01:00:00+00:00
1767664800,96311.126,2026-01-06 02:00:00+00:00
1767668400,96119.191,2026-01-06 03:00:00+00:00
1767672000,96025.79,2026-01-06 04:00:00+00:00
1767675600,95869.669,2026-01-06 05:00:00+00:00
1767679200,95463.699,2026-01-06 06:00:00+00:00
1767682800,94956.555,2026-01-06 07:00:00+00:00
1767686400,95034.377,2026-01-06 08:00:00+00:00
1767690000,95034.139,2026-01-06 09:00:00+00:00
1767693600,95089.922,2026-01-06 10:00:00+00:00
1767697200,95006.336,2026-01-06 11:00:00+00:00
1767700800,95255.245,2026-01-06 12:00:00+00:00
1767704400,95117.862,2026-01-06 13:00:00+00:00
1767708000,95664.485,2026-01-06 14:00:00+00:00
1767711600,95345.261,2026-01-06 15:00:00+00:00
1767715200,94144.852,2026-01-06 16:00:00+00:00
1767718800,93943.441,2026-01-06 17:00:00+00:00
1767722400,93615.643,2026-01-06 18:00:00+00:00
1767726000,93227.353,2026-01-06 19:00:00+00:00
1767729600,92859.241,2026-01-06 20:00:00+00:00
1767733200,92868.597,2026-01-06 21:00:00+00:00
1767736800,92953.145,2026-01-06 22:00:00+00:00
1767740400,92973.88,2026-01-06 23:00:00+00:00
1767744000,92947.18,2026-01-07 00:00:00+00:00
1767747600,93440.162,2026-01-07 01:00:00+00:00
1767751200,93990.256,2026-01-07 02:00:00+00:00
1767754800,94184.096,2026-01-07 03:00:00+00:00
1767758400,94467.414,2026-01-07 04:00:00+00:00
1767762000,94477.671,2026-01-07 05:00:00+00:00
1767765600,94849.707,2026-01-07 06:00:00+00:00
1767769200,95039.716,2026-01-07 07:00:00+00:00
1767772800,95684.328,2026-01-07 08:00:00+00:00
1767776400,94748.434,2026-01-07 09:00:00+00:00
1767780000,94918.896,2026-01-07 10:00:00+00:00
1767783600,94705.468,2026-01-07 11:00:00+00:00
1767787200,94630.617,2026-01-07 12:00:00+00:00
1767790800,94686.604,2026-01-07 13:00:00+00:00
1767794400,95244.443,2026-01-07 14:00:00+00:00
1767798000,95450.816,2026-01-07 15:00:00+00:00
1767801600,95312.03,2026-01-07 16:00:00+00:00
1767805200,95408.895,2026-01-07 17:00:00+00:00
1767808800,94884.195,2026-01-07 18:00:00+00:00
1767812400,94514.483,2026-01-07 19:00:00+00:00
1767816000,94278.239,2026-01-07 20:00:00+00:00
1767819600,94283.987,2026-01-07 21:00:00+00:00
1767823200,94533.313,2026-01-07 22:00:00+00:00
1767826800,95921.982,2026-01-07 23:00:00+00:00
1767830400,95740.179,2026-01-08 00:00:00+00:00
1767834000,96372.76,2026-01-08 01:00:00+00:00
1767837600,96406.082,2026-01-08 02:00:00+00:00
1767841200,96616.76,2026-01-08 03:00:00+00:00
1767844800,96869.07,2026-01-08 04:00:00+00:00
1767848400,96866.322,2026-01-08 05:00:00+00:00
1767852000,97360.375,2026-01-08 06:00:00+00:00
1767855600,98354.204,2026-01-08 07:00:00+00:00
1767859200,99285.598,2026-01-08 08:00:00+00:00
1767862800,100053.463,2026-01-08 09:00:00+00:00
1767866400,100439.972,2026-01-08 10:00:00+00:00
1767870000,100307.932,2026-01-08 11:00:00+00:00
1767873600,100269.886,2026-01-08 12:00:00+00:00
1767877200,100569.473,2026-01-08 13:00:00+00:00
1767880800,101614.715,2026-01-08 14:00:00+00:00
1767884400,100407.408,2026-01-08 15:00:00+00:00
1767888000,100011.154,2026-01-08 16:00:00+00:00
1767891600,99524.119,2026-01-08 17:00:00+00:00
1767895200,98952.902,2026-01-08 18:00:00+00:00
1767898800,98606.16,2026-01-08 19:00:00+00:00
1767902400,98139.791,2026-01-08 20:00:00+00:00
1767906000,97730.255,2026-01-08 21:00:00+00:00
1767909600,97423.461,2026-01-08 22:00:00+00:00
1767913200,97472.22,2026-01-08 23:00:00+00:00
1767916800,97486.0,2026-01-09 00:00:00+00:00
1767920400,97192.008,2026-01-09 01:00:00+00:00
1767924000,97162.213,2026-01-09 02:00:00+00:00
1767927600,97135.827,2026-01-09 03:00:00+00:00
1767931200,97266.687,2026-01-09 04:00:00+00:00
1767934800,97283.359,2026-01-09 05:00:00+00:00
1767938400,97496.59,2026-01-09 06:00:00+00:00
1767942000,97530.158,2026-01-09 07:00:00+00:00
1767945600,96915.96,2026-01-09 08:00:00+00:00
1767949200,96518.45,2026-01-09 09:00:00+00:00
1767952800,96412.296,2026-01-09 10:00:00+00:00
1767956400,96342.389,2026-01-09 11:00:00+00:00
1767960000,96156.49,2026-01-09 12:00:00+00:00
1767963600,96051.061,2026-01-09 13:00:00+00:00
1767967200,96686.658,2026-01-09 14:00:00+00:00
1767970800,96999.212,2026-01-09 15:00:00+00:00
1767974400,96641.886,2026-01-09 16:00:00+00:00
1767978000,96112.276,2026-01-09 17:00:00+00:00
1767981600,95407.179,2026-01-09 18:00:00+00:00
1767985200,95652.868,2026-01-09 19:00:00+00:00
1767988800,96047.569,2026-01-09 20:00:00+00:00
1767992400,96139.651,2026-01-09 21:00:00+00:00
1767996000,96064.071,2026-01-09 22:00:00+00:00
1767999600,95973.504,2026-01-09 23:00:00+00:00
1768003200,95906.432,2026-01-10 00:00:00+00:00
1768006800,95941.271,2026-01-10 01:00:00+00:00
1768010400,95852.727,2026-01-10 02:00:00+00:00
1768014000,95850.802,2026-01-10 03:00:00+00:00
1768017600,95954.013,2026-01-10 04:00:00+00:00
1768021200,96009.001,2026-01-10 05:00:00+00:00
1768024800,95995.222,2026-01-10 06:00:00+00:00
1768028400,95984.22,2026-01-10 07:00:00+00:00
1768032000,95836.818,2026-01-10 08:00:00+00:00
1768035600,95976.62,2026-01-10 09:00:00+00:00
1768039200,96021.476,2026-01-10 10:00:00+00:00
1768042800,96034.869,2026-01-10 11:00:00+00:00
1768046400,96126.2,2026-01-10 12:00:00+00:00
1768050000,96148.261,2026-01-10 13:00:00+00:00
1768053600,96174.574,2026-01-10 14:00:00+00:00
1768057200,96166.53,2026-01-10 15:00:00+00:00
1768060800,96125.317,2026-01-10 16:00:00+00:00
1768064400,96122.645,2026-01-10 17:00:00+00:00
1768068000,96204.431,2026-01-10 18:00:00+00:00
1768071600,96217.144,2026-01-10 19:00:00+00:00
1768075200,96261.483,2026-01-10 20:00:00+00:00
1768078800,96219.18,2026-01-10 21:00:00+00:00
1768082400,96021.155,2026-01-10 22:00:00+00:00
1768086000,95963.174,2026-01-10 23:00:00+00:00
1768089600,96058.779,2026-01-11 00:00:00+00:00
1768093200,96035.953,2026-01-11 01:00:00+00:00
1768096800,95955.753,2026-01-11 02:00:00+00:00
1768100400,96032.364,2026-01-11 03:00:00+00:00
1768104000,96037.555,2026-01-11 04:00:00+00:00
1768107600,95991.315,2026-01-11 05:00:00+00:00
1768111200,95998.091,2026-01-11 06:00:00+00:00
1768114800,95986.141,2026-01-11 07:00:00+00:00
1768118400,96042.135,2026-01-11 08:00:00+00:00
1768122000,96307.731,2026-01-11 09:00:00+00:00
1768125600,96338.873,2026-01-11 10:00:00+00:00
1768129200,96275.199,2026-01-11 11:00:00+00:00
1768132800,96552.003,2026-01-11 12:00:00+00:00
1768136400,96629.045,2026-01-11 13:00:00+00:00
1768140000,96940.939,2026-01-11 14:00:00+00:00
1768143600,96698.377,2026-01-11 15:00:00+00:00
1768147200,96685.372,2026-01-11 16:00:00+00:00
1768150800,96622.76,2026-01-11 17:00:00+00:00
1768154400,96562.026,2026-01-11 18:00:00+00:00
1768158000,96511.01,2026-01-11 19:00:00+00:00
1768161600,96674.18,2026-01-11 20:00:00+00:00
1768165200,96692.588,2026-01-11 21:00:00+00:00
1768168800,96732.56,2026-01-11 22:00:00+00:00
1768172400,96492.273,2026-01-11 23:00:00+00:00
1768176000,96362.877,2026-01-12 00:00:00+00:00
1768179600,95946.334,2026-01-12 01:00:00+00:00
1768183200,96031.182,2026-01-12 02:00:00+00:00
1768186800,95140.448,2026-01-12 03:00:00+00:00
1768190400,94907.684,2026-01-12 04:00:00+00:00
1768194000,94819.965,2026-01-12 05:00:00+00:00
1768197600,95016.269,2026-01-12 06:00:00+00:00
1768201200,94499.022,2026-01-12 07:00:00+00:00
1768204800,94790.822,2026-01-12 08:00:00+00:00
1768208400,94696.866,2026-01-12 09:00:00+00:00
1768212000,94866.776,2026-01-12 10:00:00+00:00
1768215600,95196.063,2026-01-12 11:00:00+00:00
1768219200,95261.526,2026-01-12 12:00:00+00:00
1768222800,95611.123,2026-01-12 13:00:00+00:00
1768226400,95800.212,2026-01-12 14:00:00+00:00
1768230000,95518.538,2026-01-12 15:00:00+00:00
1768233600,94832.6,2026-01-12 16:00:00+00:00
1768237200,94194.844,2026-01-12 17:00:00+00:00
1768240800,94007.164,2026-01-12 18:00:00+00:00
1768244400,93998.024,2026-01-12 19:00:00+00:00
1768248000,93810.208,2026-01-12 20:00:00+00:00
1768251600,93654.362,2026-01-12 21:00:00+00:00
1768255200,93476.405,2026-01-12 22:00:00+00:00
1768258800,93401.622,2026-01-12 23:00:00+00:00
1768262400,92860.315,2026-01-13 00:00:00+00:00
1768266000,92710.231,2026-01-13 01:00:00+00:00
1768269600,92725.535,2026-01-13 02:00:00+00:00
1768273200,92821.44,2026-01-13 03:00:00+00:00
1768276800,92920.814,2026-01-13 04:00:00+00:00
1768280400,93272.544,2026-01-13 05:00:00+00:00
1768284000,93981.63,2026-01-13 06:00:00+00:00
1768287600,93994.193,2026-01-13 07:00:00+00:00
1768291200,93841.67,2026-01-13 08:00:00+00:00
1768294800,93488.258,2026-01-13 09:00:00+00:00
1768298400,93292.503,2026-01-13 10:00:00+00:00
1768302000,93180.514,2026-01-13 11:00:00+00:00
1768305600,93044.631,2026-01-13 12:00:00+00:00
1768309200,92738.796,2026-01-13 13:00:00+00:00
1768312800,93332.641,2026-01-13 14:00:00+00:00
1768316400,93590.871,2026-01-13 15:00:00+00:00
1768320000,94382.8,2026-01-13 16:00:00+00:00
1768323600,94357.807,2026-01-13 17:00:00+00:00
1768327200,94605.762,2026-01-13 18:00:00+00:00
1768330800,94596.787,2026-01-13 19:00:00+00:00
1768334400,96596.639,2026-01-13 20:00:00+00:00
1768338000,97355.328,2026-01-13 21:00:00+00:00
1768341600,94952.05,2026-01-13 22:00:00+00:00
1768345200,95150.686,2026-01-13 23:00:00+00:00
1768348800,95350.136,2026-01-14 00:00:00+00:00
1768352400,95416.36,2026-01-14 01:00:00+00:00
1768356000,95305.857,2026-01-14 02:00:00+00:00
1768359600,95423.954,2026-01-14 03:00:00+00:00
1768363200,95300.893,2026-01-14 04:00:00+00:00
1768366800,94880.223,2026-01-14 05:00:00+00:00
1768370400,94476.124,2026-01-14 06:00:00+00:00
1768374000,94464.752,2026-01-14 07:00:00+00:00
1768377600,94260.118,2026-01-14 08:00:00+00:00
1768381200,94233.189,2026-01-14 09:00:00+00:00
1768384800,94118.498,2026-01-14 10:00:00+00:00
1768388400,94055.375,2026-01-14 11:00:00+00:00
1768392000,94090.747,2026-01-14 12:00:00+00:00
1768395600,94193.705,2026-01-14 13:00:00+00:00
1768399200,95421.834,2026-01-14 14:00:00+00:00
1768402800,96032.603,2026-01-14 15:00:00+00:00
1768406400,96585.933,2026-01-14 16:00:00+00:00
1768410000,95791.105,2026-01-14 17:00:00+00:00
1768413600,94914.426,2026-01-14 18:00:00+00:00
1768417200,96721.466,2026-01-14 19:00:00+00:00
1768420800,96843.782,2026-01-14 20:00:00+00:00
1768424400,96915.987,2026-01-14 21:00:00+00:00
1768428000,96647.043,2026-01-14 22:00:00+00:00
1768431600,96367.781,2026-01-14 23:00:00+00:00
1768435200,96390.106,2026-01-15 00:00:00+00:00
1768438800,96206.49,2026-01-15 01:00:00+00:00
1768442400,96015.251,2026-01-15 02:00:00+00:00
1768446000,95453.02,2026-01-15 03:00:00+00:00
1768449600,95299.334,2026-01-15 04:00:00+00:00
1768453200,94797.323,2026-01-15 05:00:00+00:00
1768456800,94496.051,2026-01-15 06:00:00+00:00
1768460400,94424.804,2026-01-15 07:00:00+00:00
1768464000,94244.35,2026-01-15 08:00:00+00:00
1768467600,94336.524,2026-01-15 09:00:00+00:00
1768471200,94371.23,2026-01-15 10:00:00+00:00
1768474800,94434.213,2026-01-15 11:00:00+00:00
1768478400,94525.412,2026-01-15 12:00:00+00:00
1768482000,94487.477,2026-01-15 13:00:00+00:00
1768485600,94403.85,2026-01-15 14:00:00+00:00
1768489200,96846.767,2026-01-15 15:00:00+00:00
1768492800,97471.573,2026-01-15 16:00:00+00:00
1768496400,97158.068,2026-01-15 17:00:00+00:00
1768500000,97435.438,2026-01-15 18:00:00+00:00
1768503600,97117.789,2026-01-15 19:00:00+00:00
1768507200,97047.131,2026-01-15 20:00:00+00:00
1768510800,96975.549,2026-01-15 21:00:00+00:00
1768514400,96769.666,2026-01-15 22:00:00+00:00
1768518000,96590.639,2026-01-15 23:00:00+00:00
1768521600,96498.531,2026-01-16 00:00:00+00:00
1768525200,96480.166,2026-01-16 01:00:00+00:00
1768528800,96384.835,2026-01-16 02:00:00+00:00
1768532400,96390.985,2026-01-16 03:00:00+00:00
1768536000,96423.263,2026-01-16 04:00:00+00:00
1768539600,96502.616,2026-01-16 05:00:00+00:00
1768543200,96519.014,2026-01-16 06:00:00+00:00
1768546800,96753.528,2026-01-16 07:00:00+00:00
1768550400,96622.74,2026-01-16 08:00:00+00:00
1768554000,96477.405,2026-01-16 09:00:00+00:00
1768557600,96486.884,2026-01-16 10:00:00+00:00
1768561200,96562.365,2026-01-16 11:00:00+00:00
1768564800,96667.435,2026-01-16 12:00:00+00:00
1768568400,96719.468,2026-01-16 13:00:00+00:00
1768572000,96785.403,2026-01-16 14:00:00+00:00
1768575600,97328.94,2026-01-16 15:00:00+00:00
1768579200,96792.541,2026-01-16 16:00:00+00:00
1768582800,96887.101,2026-01-16 17:00:00+00:00
1768586400,96712.539,2026-01-16 18:00:00+00:00
1768590000,96801.628,2026-01-16 19:00:00+00:00
1768593600,95928.645,2026-01-16 20:00:00+00:00
1768597200,95616.446,2026-01-16 21:00:00+00:00
1768600800,95330.394,2026-01-16 22:00:00+00:00
1768604400,95253.69,2026-01-16 23:00:00+00:00
1768608000,95185.197,2026-01-17 00:00:00+00:00
1768611600,95183.09,2026-01-17 01:00:00+00:00
1768615200,95447.438,2026-01-17 02:00:00+00:00
1768618800,95495.907,2026-01-17 03:00:00+00:00
1768622400,95554.02,2026-01-17 04:00:00+00:00
1768626000,95483.963,2026-01-17 05:00:00+00:00
1768629600,95436.277,2026-01-17 06:00:00+00:00
1768633200,95440.373,2026-01-17 07:00:00+00:00
1768636800,95442.415,2026-01-17 08:00:00+00:00
1768640400,95439.873,2026-01-17 09:00:00+00:00
1768644000,95452.951,2026-01-17 10:00:00+00:00
1768647600,95450.721,2026-01-17 11:00:00+00:00
1768651200,95356.67,2026-01-17 12:00:00+00:00
1768654800,95363.302,2026-01-17 13:00:00+00:00
1768658400,95426.825,2026-01-17 14:00:00+00:00
1768662000,94997.616,2026-01-17 15:00:00+00:00
1768665600,94905.008,2026-01-17 16:00:00+00:00
1768669200,95167.589,2026-01-17 17:00:00+00:00
1768672800,95302.81,2026-01-17 18:00:00+00:00
1768676400,95518.804,2026-01-17 19:00:00+00:00
1768680000,95542.248,2026-01-17 20:00:00+00:00
1768683600,95577.228,2026-01-17 21:00:00+00:00
1768687200,95814.086,2026-01-17 22:00:00+00:00
1768690800,95955.129,2026-01-17 23:00:00+00:00
1768694400,95924.637,2026-01-18 00:00:00+00:00
1768698000,96024.929,2026-01-18 01:00:00+00:00
1768701600,96125.748,2026-01-18 02:00:00+00:00
1768705200,96005.543,2026-01-18 03:00:00+00:00
1768708800,96039.686,2026-01-18 04:00:00+00:00
1768712400,95933.377,2026-01-18 05:00:00+00:00
1768716000,95878.17,2026-01-18 06:00:00+00:00
1768719600,96010.814,2026-01-18 07:00:00+00:00
1768723200,96118.413,2026-01-18 08:00:00+00:00
1768726800,96163.617,2026-01-18 09:00:00+00:00
1768730400,96219.494,2026-01-18 10:00:00+00:00
1768734000,96303.815,2026-01-18 11:00:00+00:00
1768737600,96425.045,2026-01-18 12:00:00+00:00
1768741200,96670.939,2026-01-18 13:00:00+00:00
1768744800,97213.011,2026-01-18 14:00:00+00:00
1768748400,97364.051,2026-01-18 15:00:00+00:00
1768752000,97513.243,2026-01-18 16:00:00+00:00
1768755600,97563.814,2026-01-18 17:00:00+00:00
1768759200,97635.224,2026-01-18 18:00:00+00:00
1768762800,97617.809,2026-01-18 19:00:00+00:00
1768766400,97669.076,2026-01-18 20:00:00+00:00
1768770000,97671.142,2026-01-18 21:00:00+00:00
1768773600,97583.969,2026-01-18 22:00:00+00:00
1768777200,95763.178,2026-01-18 23:00:00+00:00
1768780800,93988.94,2026-01-19 00:00:00+00:00
1768784400,94364.096,2026-01-19 01:00:00+00:00
1768788000,94827.283,2026-01-19 02:00:00+00:00
1768791600,95127.398,2026-01-19 03:00:00+00:00
1768795200,95340.607,2026-01-19 04:00:00+00:00
1768798800,95297.794,2026-01-19 05:00:00+00:00
1768802400,95316.648,2026-01-19 06:00:00+00:00
1768806000,95315.634,2026-01-19 07:00:00+00:00
1768809600,95006.038,2026-01-19 08:00:00+00:00
1768813200,94806.826,2026-01-19 09:00:00+00:00
1768816800,94784.033,2026-01-19 10:00:00+00:00
1768820400,94809.968,2026-01-19 11:00:00+00:00
1768824000,94694.525,2026-01-19 12:00:00+00:00
1768827600,94629.435,2026-01-19 13:00:00+00:00
1768831200,94562.846,2026-01-19 14:00:00+00:00
1768834800,94393.274,2026-01-19 15:00:00+00:00
1768838400,94337.647,2026-01-19 16:00:00+00:00
1768842000,94204.009,2026-01-19 17:00:00+00:00
1768845600,94136.29,2026-01-19 18:00:00+00:00
1768849200,94068.727,2026-01-19 19:00:00+00:00
1768852800,93911.773,2026-01-19 20:00:00+00:00
1768856400,93841.769,2026-01-19 21:00:00+00:00
1768860000,93817.252,2026-01-19 22:00:00+00:00
1768863600,94014.25,2026-01-19 23:00:00+00:00
1768867200,94341.816,2026-01-20 00:00:00+00:00
1768870800,94371.772,2026-01-20 01:00:00+00:00
1768874400,94689.03,2026-01-20 02:00:00+00:00
1768878000,95102.654,2026-01-20 03:00:00+00:00
1768881600,95487.152,2026-01-20 04:00:00+00:00
1768885200,96995.617,2026-01-20 05:00:00+00:00
1768888800,97568.863,2026-01-20 06:00:00+00:00
1768892400,98011.653,2026-01-20 07:00:00+00:00
1768896000,97851.309,2026-01-20 08:00:00+00:00
1768899600,97936.64,2026-01-20 09:00:00+00:00
1768903200,97924.481,2026-01-20 10:00:00+00:00
1768906800,98179.341,2026-01-20 11:00:00+00:00
1768910400,98130.635,2026-01-20 12:00:00+00:00
1768914000,98199.643,2026-01-20 13:00:00+00:00
1768917600,99133.184,2026-01-20 14:00:00+00:00
1768921200,99492.772,2026-01-20 15:00:00+00:00
1768924800,99415.487,2026-01-20 16:00:00+00:00
1768928400,99197.146,2026-01-20 17:00:00+00:00
1768932000,99402.166,2026-01-20 18:00:00+00:00
1768935600,99873.006,2026-01-20 19:00:00+00:00
1768939200,100090.57,2026-01-20 20:00:00+00:00
1768942800,99971.367,2026-01-20 21:00:00+00:00
1768946400,98073.089,2026-01-20 22:00:00+00:00
1768950000,98891.522,2026-01-20 23:00:00+00:00
1768953600,98799.294,2026-01-21 00:00:00+00:00
1768957200,99013.329,2026-01-21 01:00:00+00:00
1768960800,99394.627,2026-01-21 02:00:00+00:00
1768964400,99762.296,2026-01-21 03:00:00+00:00
1768968000,100141.027,2026-01-21 04:00:00+00:00
1768971600,99254.354,2026-01-21 05:00:00+00:00
1768975200,99251.337,2026-01-21 06:00:00+00:00
1768978800,100029.085,2026-01-21 07:00:00+00:00
1768982400,100070.082,2026-01-21 08:00:00+00:00
1768986000,100028.579,2026-01-21 09:00:00+00:00
1768989600,100020.32,2026-01-21 10:00:00+00:00
1768993200,99798.605,2026-01-21 11:00:00+00:00
1768996800,99977.937,2026-01-21 12:00:00+00:00
1769000400,100480.455,2026-01-21 13:00:00+00:00
1769004000,99494.427,2026-01-21 14:00:00+00:00
1769007600,99114.014,2026-01-21 15:00:00+00:00
1769011200,99535.022,2026-01-21 16:00:00+00:00
1769014800,99876.709,2026-01-21 17:00:00+00:00
1769018400,99583.285,2026-01-21 18:00:00+00:00
1769022000,98852.56,2026-01-21 19:00:00+00:00
1769025600,98470.821,2026-01-21 20:00:00+00:00
1769029200,98368.799,2026-01-21 21:00:00+00:00
1769032800,98460.322,2026-01-21 22:00:00+00:00
1769036400,99073.96,2026-01-21 23:00:00+00:00
1769040000,99026.418,2026-01-22 00:00:00+00:00
1769043600,99042.696,2026-01-22 01:00:00+00:00
1769047200,99468.865,2026-01-22 02:00:00+00:00
1769050800,99255.336,2026-01-22 03:00:00+00:00
1769054400,99175.716,2026-01-22 04:00:00+00:00
1769058000,99182.05,2026-01-22 05:00:00+00:00
1769061600,99350.345,2026-01-22 06:00:00+00:00
1769065200,99473.95,2026-01-22 07:00:00+00:00
1769068800,99383.678,2026-01-22 08:00:00+00:00
1769072400,99496.803,2026-01-22 09:00:00+00:00
1769076000,99759.701,2026-01-22 10:00:00+00:00
1769079600,100246.477,2026-01-22 11:00:00+00:00
1769083200,100748.282,2026-01-22 12:00:00+00:00
1769086800,101127.364,2026-01-22 13:00:00+00:00
1769090400,101307.409,2026-01-22 14:00:00+00:00
1769094000,100782.966,2026-01-22 15:00:00+00:00
1769097600,100841.584,2026-01-22 16:00:00+00:00
1769101200,100591.311,2026-01-22 17:00:00+00:00
1769104800,100306.708,2026-01-22 18:00:00+00:00
1769108400,100088.628,2026-01-22 19:00:00+00:00
1769112000,99870.581,2026-01-22 20:00:00+00:00
1769115600,99769.296,2026-01-22 21:00:00+00:00
1769119200,99522.494,2026-01-22 22:00:00+00:00
1769122800,99626.395,2026-01-22 23:00:00+00:00
1769126400,99726.14,2026-01-23 00:00:00+00:00
1769130000,99671.762,2026-01-23 01:00:00+00:00
1769133600,99628.206,2026-01-23 02:00:00+00:00
1769137200,99652.843,2026-01-23 03:00:00+00:00
1769140800,99708.449,2026-01-23 04:00:00+00:00
1769144400,99665.664,2026-01-23 05:00:00+00:00
1769148000,99675.044,2026-01-23 06:00:00+00:00
1769151600,99645.185,2026-01-23 07:00:00+00:00
1769155200,99845.397,2026-01-23 08:00:00+00:00
1769158800,100097.093,2026-01-23 09:00:00+00:00
1769162400,100363.807,2026-01-23 10:00:00+00:00
1769166000,100555.413,2026-01-23 11:00:00+00:00
1769169600,100638.924,2026-01-23 12:00:00+00:00
1769173200,100667.592,2026-01-23 13:00:00+00:00
1769176800,101184.414,2026-01-23 14:00:00+00:00
1769180400,100925.062,2026-01-23 15:00:00+00:00
1769184000,100753.229,2026-01-23 16:00:00+00:00
1769187600,100792.171,2026-01-23 17:00:00+00:00
1769191200,100579.719,2026-01-23 18:00:00+00:00
1769194800,98981.38,2026-01-23 19:00:00+00:00
1769198400,98233.032,2026-01-23 20:00:00+00:00
1769202000,98419.25,2026-01-23 21:00:00+00:00
1769205600,98390.035,2026-01-23 22:00:00+00:00
1769209200,98287.06,2026-01-23 23:00:00+00:00
1769212800,98239.076,2026-01-24 00:00:00+00:00
1769216400,98322.021,2026-01-24 01:00:00+00:00
1769220000,98257.87,2026-01-24 02:00:00+00:00
1769223600,98660.466,2026-01-24 03:00:00+00:00
1769227200,98647.956,2026-01-24 04:00:00+00:00
1769230800,98664.465,2026-01-24 05:00:00+00:00
1769234400,98593.455,2026-01-24 06:00:00+00:00
1769238000,98662.98,2026-01-24 07:00:00+00:00
1769241600,98642.85,2026-01-24 08:00:00+00:00
1769245200,98811.12,2026-01-24 09:00:00+00:00
1769248800,98862.114,2026-01-24 10:00:00+00:00
1769252400,98919.932,2026-01-24 11:00:00+00:00
1769256000,99022.481,2026-01-24 12:00:00+00:00
1769259600,99239.844,2026-01-24 13:00:00+00:00
1769263200,99306.269,2026-01-24 14:00:00+00:00
1769266800,99247.317,2026-01-24 15:00:00+00:00
1769270400,99267.653,2026-01-24 16:00:00+00:00
1769274000,99303.207,2026-01-24 17:00:00+00:00
1769277600,99329.189,2026-01-24 18:00:00+00:00
1769281200,99469.817,2026-01-24 19:00:00+00:00
1769284800,99500.359,2026-01-24 20:00:00+00:00
1769288400,99510.004,2026-01-24 21:00:00+00:00
1769292000,99520.354,2026-01-24 22:00:00+00:00
1769295600,99578.822,2026-01-24 23:00:00+00:00
1769299200,99638.312,2026-01-25 00:00:00+00:00
1769302800,99704.926,2026-01-25 01:00:00+00:00
1769306400,99738.135,2026-01-25 02:00:00+00:00
1769310000,99863.54,2026-01-25 03:00:00+00:00
1769313600,99872.946,2026-01-25 04:00:00+00:00
1769317200,99873.765,2026-01-25 05:00:00+00:00
1769320800,99947.772,2026-01-25 06:00:00+00:00
1769324400,100055.267,2026-01-25 07:00:00+00:00
1769328000,100062.413,2026-01-25 08:00:00+00:00
1769331600,100144.261,2026-01-25 09:00:00+00:00
1769335200,100284.726,2026-01-25 10:00:00+00:00
1769338800,100322.902,2026-01-25 11:00:00+00:00
1769342400,101103.742,2026-01-25 12:00:00+00:00
1769346000,101601.528,2026-01-25 13:00:00+00:00
1769349600,102087.301,2026-01-25 14:00:00+00:00
1769353200,102136.288,2026-01-25 15:00:00+00:00
1769356800,103157.513,2026-01-25 16:00:00+00:00
1769360400,103414.105,2026-01-25 17:00:00+00:00
1769364000,103942.032,2026-01-25 18:00:00+00:00
1769367600,103403.387,2026-01-25 19:00:00+00:00
1769371200,103778.8,2026-01-25 20:00:00+00:00
1769374800,103490.057,2026-01-25 21:00:00+00:00
1769378400,102837.617,2026-01-25 22:00:00+00:00
1769382000,102171.444,2026-01-25 23:00:00+00:00
1769385600,102834.723,2026-01-26 00:00:00+00:00
1769389200,104409.242,2026-01-26 01:00:00+00:00
1769392800,103637.824,2026-01-26 02:00:00+00:00
1769396400,103397.212,2026-01-26 03:00:00+00:00
1769400000,103324.256,2026-01-26 04:00:00+00:00
1769403600,103018.833,2026-01-26 05:00:00+00:00
1769407200,102585.694,2026-01-26 06:00:00+00:00
1769410800,102429.102,2026-01-26 07:00:00+00:00
1769414400,102236.025,2026-01-26 08:00:00+00:00
1769418000,102470.412,2026-01-26 09:00:00+00:00
1769421600,102375.734,2026-01-26 10:00:00+00:00
1769425200,102294.932,2026-01-26 11:00:00+00:00
1769428800,102179.078,2026-01-26 12:00:00+00:00
1769432400,101969.03,2026-01-26 13:00:00+00:00
1769436000,102451.756,2026-01-26 14:00:00+00:00
1769439600,101772.461,2026-01-26 15:00:00+00:00
1769443200,102190.69,2026-01-26 16:00:00+00:00
1769446800,101638.27,2026-01-26 17:00:00+00:00
1769450400,102364.074,2026-01-26 18:00:00+00:00
1769454000,101732.875,2026-01-26 19:00:00+00:00
1769457600,101441.953,2026-01-26 20:00:00+00:00
1769461200,101199.88,2026-01-26 21:00:00+00:00
1769464800,101289.797,2026-01-26 22:00:00+00:00
1769468400,100905.07,2026-01-26 23:00:00+00:00
1769472000,100426.493,2026-01-27 00:00:00+00:00
1769475600,100248.008,2026-01-27 01:00:00+00:00
1769479200,100307.06,2026-01-27 02:00:00+00:00
1769482800,100218.195,2026-01-27 03:00:00+00:00
1769486400,100549.517,2026-01-27 04:00:00+00:00
1769490000,100538.322,2026-01-27 05:00:00+00:00
1769493600,100530.955,2026-01-27 06:00:00+00:00
1769497200,100490.707,2026-01-27 07:00:00+00:00
1769500800,100603.55,2026-01-27 08:00:00+00:00
1769504400,100795.092,2026-01-27 09:00:00+00:00
1769508000,101020.819,2026-01-27 10:00:00+00:00
1769511600,101132.715,2026-01-27 11:00:00+00:00
1769515200,101277.622,2026-01-27 12:00:00+00:00
1769518800,101444.502,2026-01-27 13:00:00+00:00
1769522400,102520.603,2026-01-27 14:00:00+00:00
1769526000,102988.069,2026-01-27 15:00:00+00:00
1769529600,103409.982,2026-01-27 16:00:00+00:00
1769533200,103353.9,2026-01-27 17:00:00+00:00
1769536800,103619.844,2026-01-27 18:00:00+00:00
1769540400,103350.345,2026-01-27 19:00:00+00:00
1769544000,102493.476,2026-01-27 20:00:00+00:00
1769547600,102125.62,2026-01-27 21:00:00+00:00
1769551200,101827.889,2026-01-27 22:00:00+00:00
1769554800,101894.546,2026-01-27 23:00:00+00:00
1769558400,101781.912,2026-01-28 00:00:00+00:00
1769562000,101690.118,2026-01-28 01:00:00+00:00
1769565600,101788.558,2026-01-28 02:00:00+00:00
1769569200,101860.739,2026-01-28 03:00:00+00:00
1769572800,101944.755,2026-01-28 04:00:00+00:00
1769576400,101806.74,2026-01-28 05:00:00+00:00
1769580000,101814.447,2026-01-28 06:00:00+00:00
1769583600,101881.191,2026-01-28 07:00:00+00:00
1769587200,102048.803,2026-01-28 08:00:00+00:00
1769590800,102257.071,2026-01-28 09:00:00+00:00
1769594400,102343.343,2026-01-28 10:00:00+00:00
1769598000,102009.199,2026-01-28 11:00:00+00:00
1769601600,101860.819,2026-01-28 12:00:00+00:00
1769605200,101455.785,2026-01-28 13:00:00+00:00
1769608800,101351.586,2026-01-28 14:00:00+00:00
1769612400,101248.57,2026-01-28 15:00:00+00:00
1769616000,101114.905,2026-01-28 16:00:00+00:00
1769619600,102045.37,2026-01-28 17:00:00+00:00
1769623200,101173.534,2026-01-28 18:00:00+00:00
1769626800,101325.131,2026-01-28 19:00:00+00:00
1769630400,101525.798,2026-01-28 20:00:00+00:00
1769634000,101452.131,2026-01-28 21:00:00+00:00
1769637600,101412.878,2026-01-28 22:00:00+00:00
1769641200,101531.173,2026-01-28 23:00:00+00:00
1769644800,101852.924,2026-01-29 00:00:00+00:00
1769648400,101918.778,2026-01-29 01:00:00+00:00
1769652000,102100.128,2026-01-29 02:00:00+00:00
1769655600,102136.967,2026-01-29 03:00:00+00:00
1769659200,102193.578,2026-01-29 04:00:00+00:00
1769662800,102317.7,2026-01-29 05:00:00+00:00
1769666400,102579.114,2026-01-29 06:00:00+00:00
1769670000,102596.298,2026-01-29 07:00:00+00:00
1769673600,102985.305,2026-01-29 08:00:00+00:00
1769677200,103042.468,2026-01-29 09:00:00+00:00
1769680800,103215.467,2026-01-29 10:00:00+00:00
1769684400,103643.004,2026-01-29 11:00:00+00:00
1769688000,103613.481,2026-01-29 12:00:00+00:00
1769691600,103803.208,2026-01-29 13:00:00+00:00
1769695200,104046.909,2026-01-29 14:00:00+00:00
1769698800,104490.323,2026-01-29 15:00:00+00:00
1769702400,105819.681,2026-01-29 16:00:00+00:00
1769706000,105261.069,2026-01-29 17:00:00+00:00
1769709600,105101.547,2026-01-29 18:00:00+00:00
1769713200,106324.474,2026-01-29 19:00:00+00:00
1769716800,106535.174,2026-01-29 20:00:00+00:00
1769720400,106374.218,2026-01-29 21:00:00+00:00
1769724000,106264.166,2026-01-29 22:00:00+00:00
1769727600,106500.952,2026-01-29 23:00:00+00:00
1769731200,106474.514,2026-01-30 00:00:00+00:00
1769734800,104521.35,2026-01-30 01:00:00+00:00
1769738400,103907.694,2026-01-30 02:00:00+00:00
1769742000,104331.654,2026-01-30 03:00:00+00:00
1769745600,104471.935,2026-01-30 04:00:00+00:00
1769749200,104544.551,2026-01-30 05:00:00+00:00
1769752800,104027.221,2026-01-30 06:00:00+00:00
1769756400,103786.24,2026-01-30 07:00:00+00:00
1769760000,103833.383,2026-01-30 08:00:00+00:00
1769763600,103350.665,2026-01-30 09:00:00+00:00
1769767200,103184.957,2026-01-30 10:00:00+00:00
1769770800,103493.045,2026-01-30 11:00:00+00:00
1769774400,103248.436,2026-01-30 12:00:00+00:00
1769778000,103182.421,2026-01-30 13:00:00+00:00
1769781600,103117.154,2026-01-30 14:00:00+00:00
1769785200,102464.82,2026-01-30 15:00:00+00:00
1769788800,102209.611,2026-01-30 16:00:00+00:00
1769792400,102292.66,2026-01-30 17:00:00+00:00
1769796000,101491.002,2026-01-30 18:00:00+00:00
1769799600,101163.886,2026-01-30 19:00:00+00:00
1769803200,102206.505,2026-01-30 20:00:00+00:00
1769806800,102545.411,2026-01-30 21:00:00+00:00
1769810400,102391.864,2026-01-30 22:00:00+00:00
1769814000,102162.416,2026-01-30 23:00:00+00:00
1769817600,101917.15,2026-01-31 00:00:00+00:00
1769821200,101787.702,2026-01-31 01:00:00+00:00
1769824800,102127.116,2026-01-31 02:00:00+00:00
1769828400,101989.921,2026-01-31 03:00:00+00:00
1769832000,101954.185,2026-01-31 04:00:00+00:00
1769835600,102022.371,2026-01-31 05:00:00+00:00
1769839200,101765.552,2026-01-31 06:00:00+00:00
1769842800,101266.814,2026-01-31 07:00:00+00:00
1769846400,100066.05,2026-01-31 08:00:00+00:00
1769850000,100085.07,2026-01-31 09:00:00+00:00
1769853600,100059.329,2026-01-31 10:00:00+00:00
1769857200,99951.099,2026-01-31 11:00:00+00:00
1769860800,100030.157,2026-01-31 12:00:00+00:00
1769864400,99889.859,2026-01-31 13:00:00+00:00
1769868000,100547.522,2026-01-31 14:00:00+00:00
1769871600,100963.756,2026-01-31 15:00:00+00:00
1769875200,99778.371,2026-01-31 16:00:00+00:00
1769878800,98202.916,2026-01-31 17:00:00+00:00
1769882400,95369.656,2026-01-31 18:00:00+00:00
1769886000,94495.498,2026-01-31 19:00:00+00:00
1769889600,94127.292,2026-01-31 20:00:00+00:00
1769893200,94036.308,2026-01-31 21:00:00+00:00
1769896800,93779.862,2026-01-31 22:00:00+00:00
1769900400,93549.176,2026-01-31 23:00:00+00:00
1769904000,93453.692,2026-02-01 00:00:00+00:00
1769907600,93291.642,2026-02-01 01:00:00+00:00
1769911200,93538.852,2026-02-01 02:00:00+00:00
1769914800,93478.694,2026-02-01 03:00:00+00:00
1769918400,93743.499,2026-02-01 04:00:00+00:00
1769922000,93642.262,2026-02-01 05:00:00+00:00
1769925600,93282.995,2026-02-01 06:00:00+00:00
1769929200,93206.701,2026-02-01 07:00:00+00:00
1769932800,93079.271,2026-02-01 08:00:00+00:00
1769936400,93108.177,2026-02-01 09:00:00+00:00
1769940000,92233.261,2026-02-01 10:00:00+00:00
1769943600,91903.762,2026-02-01 11:00:00+00:00
1769947200,91727.911,2026-02-01 12:00:00+00:00
1769950800,91340.36,2026-02-01 13:00:00+00:00
1769954400,92008.241,2026-02-01 14:00:00+00:00
1769958000,92197.28,2026-02-01 15:00:00+00:00
1769961600,92599.505,2026-02-01 16:00:00+00:00
1769965200,92404.609,2026-02-01 17:00:00+00:00
1769968800,92012.892,2026-02-01 18:00:00+00:00
1769972400,91729.301,2026-02-01 19:00:00+00:00
1769976000,91368.464,2026-02-01 20:00:00+00:00
1769979600,90823.801,2026-02-01 21:00:00+00:00
1769983200,90285.548,2026-02-01 22:00:00+00:00
1769986800,89517.687,2026-02-01 23:00:00+00:00
1769990400,89632.428,2026-02-02 00:00:00+00:00
1769994000,89561.373,2026-02-02 01:00:00+00:00
1769997600,89604.613,2026-02-02 02:00:00+00:00
1770001200,89033.036,2026-02-02 03:00:00+00:00
1770004800,89325.226,2026-02-02 04:00:00+00:00
1770008400,89395.878,2026-02-02 05:00:00+00:00
1770012000,88793.64,2026-02-02 06:00:00+00:00
1770015600,88721.571,2026-02-02 07:00:00+00:00
1770019200,88617.407,2026-02-02 08:00:00+00:00
1770022800,89201.356,2026-02-02 09:00:00+00:00
1770026400,89732.536,2026-02-02 10:00:00+00:00
1770030000,89915.727,2026-02-02 11:00:00+00:00
1770033600,89585.824,2026-02-02 12:00:00+00:00
1770037200,90256.09,2026-02-02 13:00:00+00:00
1770040800,90233.325,2026-02-02 14:00:00+00:00
1770044400,90348.101,2026-02-02 15:00:00+00:00
1770048000,90220.047,2026-02-02 16:00:00+00:00
1770051600,90158.333,2026-02-02 17:00:00+00:00
1770055200,90178.604,2026-02-02 18:00:00+00:00
1770058800,90110.85,2026-02-02 19:00:00+00:00
1770062400,89630.164,2026-02-02 20:00:00+00:00
1770066000,89341.782,2026-02-02 21:00:00+00:00
1770069600,89145.399,2026-02-02 22:00:00+00:00
1770073200,88896.251,2026-02-02 23:00:00+00:00
1770076800,88830.911,2026-02-03 00:00:00+00:00
1770080400,88499.053,2026-02-03 01:00:00+00:00
1770084000,88276.512,2026-02-03 02:00:00+00:00
1770087600,88506.134,2026-02-03 03:00:00+00:00
1770091200,88923.046,2026-02-03 04:00:00+00:00
1770094800,88580.431,2026-02-03 05:00:00+00:00
1770098400,88425.512,2026-02-03 06:00:00+00:00
1770102000,88540.398,2026-02-03 07:00:00+00:00
1770105600,88963.616,2026-02-03 08:00:00+00:00
1770109200,88940.389,2026-02-03 09:00:00+00:00
1770112800,88834.776,2026-02-03 10:00:00+00:00
1770116400,89131.685,2026-02-03 11:00:00+00:00
1770120000,89395.052,2026-02-03 12:00:00+00:00
1770123600,89607.838,2026-02-03 13:00:00+00:00
1770127200,90130.094,2026-02-03 14:00:00+00:00
1770130800,91150.03,2026-02-03 15:00:00+00:00
1770134400,89452.317,2026-02-03 16:00:00+00:00
1770138000,90420.119,2026-02-03 17:00:00+00:00
1770141600,89414.233,2026-02-03 18:00:00+00:00
1770145200,89631.437,2026-02-03 19:00:00+00:00
1770148800,89736.526,2026-02-03 20:00:00+00:00
1770152400,88934.998,2026-02-03 21:00:00+00:00
1770156000,89469.287,2026-02-03 22:00:00+00:00
1770159600,88989.458,2026-02-03 23:00:00+00:00
1770163200,89026.45,2026-02-04 00:00:00+00:00
1770166800,89264.346,2026-02-04 01:00:00+00:00
1770170400,89124.421,2026-02-04 02:00:00+00:00
1770174000,89281.519,2026-02-04 03:00:00+00:00
1770177600,89403.058,2026-02-04 04:00:00+00:00
1770181200,89473.122,2026-02-04 05:00:00+00:00
1770184800,89347.197,2026-02-04 06:00:00+00:00
1770188400,89644.215,2026-02-04 07:00:00+00:00
1770192000,89356.244,2026-02-04 08:00:00+00:00
1770195600,89319.178,2026-02-04 09:00:00+00:00
1770199200,89392.439,2026-02-04 10:00:00+00:00
1770202800,90642.211,2026-02-04 11:00:00+00:00
1770206400,90541.744,2026-02-04 12:00:00+00:00
1770210000,91877.366,2026-02-04 13:00:00+00:00
1770213600,93072.965,2026-02-04 14:00:00+00:00
1770217200,93321.859,2026-02-04 15:00:00+00:00
1770220800,93608.53,2026-02-04 16:00:00+00:00
1770224400,94057.097,2026-02-04 17:00:00+00:00
1770228000,93990.145,2026-02-04 18:00:00+00:00
1770231600,93928.411,2026-02-04 19:00:00+00:00
1770235200,94573.889,2026-02-04 20:00:00+00:00
1770238800,94466.949,2026-02-04 21:00:00+00:00
1770242400,94128.114,2026-02-04 22:00:00+00:00
1770246000,93810.911,2026-02-04 23:00:00+00:00
1770249600,93872.763,2026-02-05 00:00:00+00:00
1770253200,94438.234,2026-02-05 01:00:00+00:00
1770256800,94234.941,2026-02-05 02:00:00+00:00
1770260400,95082.86,2026-02-05 03:00:00+00:00
1770264000,96985.589,2026-02-05 04:00:00+00:00
1770267600,96105.596,2026-02-05 05:00:00+00:00
1770271200,95427.301,2026-02-05 06:00:00+00:00
1770274800,94921.034,2026-02-05 07:00:00+00:00
1770278400,95096.58,2026-02-05 08:00:00+00:00
1770282000,95443.192,2026-02-05 09:00:00+00:00
1770285600,94848.231,2026-02-05 10:00:00+00:00
1770289200,93786.853,2026-02-05 11:00:00+00:00
1770292800,92904.794,2026-02-05 12:00:00+00:00
1770296400,93092.621,2026-02-05 13:00:00+00:00
1770300000,92605.945,2026-02-05 14:00:00+00:00
1770303600,93540.395,2026-02-05 15:00:00+00:00
1770307200,94023.127,2026-02-05 16:00:00+00:00
1770310800,94459.061,2026-02-05 17:00:00+00:00
1770314400,94240.259,2026-02-05 18:00:00+00:00
1770318000,94220.563,2026-02-05 19:00:00+00:00
1770321600,94197.078,2026-02-05 20:00:00+00:00
1770325200,93323.97,2026-02-05 21:00:00+00:00
1770328800,94165.973,2026-02-05 22:00:00+00:00
1770332400,92718.609,2026-02-05 23:00:00+00:00
1770336000,89949.531,2026-02-06 00:00:00+00:00
1770339600,88415.79,2026-02-06 01:00:00+00:00
1770343200,86877.13,2026-02-06 02:00:00+00:00
1770346800,86486.399,2026-02-06 03:00:00+00:00
1770350400,86576.857,2026-02-06 04:00:00+00:00
1770354000,87301.666,2026-02-06 05:00:00+00:00
1770357600,86317.067,2026-02-06 06:00:00+00:00
1770361200,86304.929,2026-02-06 07:00:00+00:00
1770364800,85549.612,2026-02-06 08:00:00+00:00
1770368400,86305.829,2026-02-06 09:00:00+00:00
1770372000,86986.316,2026-02-06 10:00:00+00:00
1770375600,87185.76,2026-02-06 11:00:00+00:00
1770379200,87137.761,2026-02-06 12:00:00+00:00
1770382800,86330.813,2026-02-06 13:00:00+00:00
1770386400,86901.469,2026-02-06 14:00:00+00:00
1770390000,87651.705,2026-02-06 15:00:00+00:00
1770393600,88208.731,2026-02-06 16:00:00+00:00
1770397200,86770.173,2026-02-06 17:00:00+00:00
1770400800,85196.075,2026-02-06 18:00:00+00:00
1770404400,84792.341,2026-02-06 19:00:00+00:00
1770408000,84535.949,2026-02-06 20:00:00+00:00
1770411600,83995.605,2026-02-06 21:00:00+00:00
1770415200,85237.286,2026-02-06 22:00:00+00:00
1770418800,85121.643,2026-02-06 23:00:00+00:00
1770422400,84906.555,2026-02-07 00:00:00+00:00
1770426000,85099.955,2026-02-07 01:00:00+00:00
1770429600,85004.135,2026-02-07 02:00:00+00:00
1770433200,85730.928,2026-02-07 03:00:00+00:00
1770436800,86255.636,2026-02-07 04:00:00+00:00
1770440400,85043.753,2026-02-07 05:00:00+00:00
1770444000,86834.06,2026-02-07 06:00:00+00:00
1770447600,85701.457,2026-02-07 07:00:00+00:00
1770451200,83301.556,2026-02-07 08:00:00+00:00
1770454800,83006.424,2026-02-07 09:00:00+00:00
1770458400,82944.523,2026-02-07 10:00:00+00:00
1770462000,83456.993,2026-02-07 11:00:00+00:00
1770465600,83605.52,2026-02-07 12:00:00+00:00
1770469200,83876.294,2026-02-07 13:00:00+00:00
1770472800,83807.894,2026-02-07 14:00:00+00:00
1770476400,82954.027,2026-02-07 15:00:00+00:00
1770480000,82155.08,2026-02-07 16:00:00+00:00
1770483600,81675.851,2026-02-07 17:00:00+00:00
1770487200,81679.697,2026-02-07 18:00:00+00:00
1770490800,81628.794,2026-02-07 19:00:00+00:00
1770494400,81710.589,2026-02-07 20:00:00+00:00
1770498000,81508.649,2026-02-07 21:00:00+00:00
1770501600,81359.377,2026-02-07 22:00:00+00:00
1770505200,81363.921,2026-02-07 23:00:00+00:00
1770508800,81599.085,2026-02-08 00:00:00+00:00
1770512400,81551.94,2026-02-08 01:00:00+00:00
1770516000,81448.504,2026-02-08 02:00:00+00:00
1770519600,81716.743,2026-02-08 03:00:00+00:00
1770523200,81699.161,2026-02-08 04:00:00+00:00
1770526800,81647.889,2026-02-08 05:00:00+00:00
1770530400,81658.685,2026-02-08 06:00:00+00:00
1770534000,81952.724,2026-02-08 07:00:00+00:00
1770537600,82041.896,2026-02-08 08:00:00+00:00
1770541200,81900.19,2026-02-08 09:00:00+00:00
1770544800,80254.896,2026-02-08 10:00:00+00:00
1770548400,81115.217,2026-02-08 11:00:00+00:00
1770552000,81921.962,2026-02-08 12:00:00+00:00
1770555600,82035.39,2026-02-08 13:00:00+00:00
1770559200,82156.963,2026-02-08 14:00:00+00:00
1770562800,81947.908,2026-02-08 15:00:00+00:00
1770566400,81714.098,2026-02-08 16:00:00+00:00
1770570000,81819.917,2026-02-08 17:00:00+00:00
1770573600,81835.935,2026-02-08 18:00:00+00:00
1770577200,81892.983,2026-02-08 19:00:00+00:00
1770580800,81755.487,2026-02-08 20:00:00+00:00
1770584400,81575.874,2026-02-08 21:00:00+00:00
1770588000,81380.865,2026-02-08 22:00:00+00:00
1770591600,80503.295,2026-02-08 23:00:00+00:00
1770595200,79829.15,2026-02-09 00:00:00+00:00
1770598800,79681.034,2026-02-09 01:00:00+00:00
1770602400,79557.894,2026-02-09 02:00:00+00:00
1770606000,79606.336,2026-02-09 03:00:00+00:00
1770609600,79491.201,2026-02-09 04:00:00+00:00
1770613200,79744.344,2026-02-09 05:00:00+00:00
1770616800,79357.544,2026-02-09 06:00:00+00:00
1770620400,79349.339,2026-02-09 07:00:00+00:00
1770624000,79332.759,2026-02-09 08:00:00+00:00
1770627600,79976.228,2026-02-09 09:00:00+00:00
1770631200,80673.923,2026-02-09 10:00:00+00:00
1770634800,80820.644,2026-02-09 11:00:00+00:00
1770638400,80372.955,2026-02-09 12:00:00+00:00
1770642000,81002.011,2026-02-09 13:00:00+00:00
1770645600,81307.613,2026-02-09 14:00:00+00:00
1770649200,81038.747,2026-02-09 15:00:00+00:00
1770652800,80899.749,2026-02-09 16:00:00+00:00
1770656400,80086.748,2026-02-09 17:00:00+00:00
1770660000,80012.564,2026-02-09 18:00:00+00:00
1770663600,80237.696,2026-02-09 19:00:00+00:00
1770667200,80017.875,2026-02-09 20:00:00+00:00
1770670800,78874.294,2026-02-09 21:00:00+00:00
1770674400,78743.664,2026-02-09 22:00:00+00:00
1770678000,78780.995,2026-02-09 23:00:00+00:00
1770681600,79018.641,2026-02-10 00:00:00+00:00
1770685200,79033.35,2026-02-10 01:00:00+00:00
1770688800,79049.301,2026-02-10 02:00:00+00:00
1770692400,78960.687,2026-02-10 03:00:00+00:00
1770696000,79265.469,2026-02-10 04:00:00+00:00
1770699600,79322.801,2026-02-10 05:00:00+00:00
1770703200,79852.517,2026-02-10 06:00:00+00:00
1770706800,80055.903,2026-02-10 07:00:00+00:00
1770710400,80078.29,2026-02-10 08:00:00+00:00
1770714000,80263.42,2026-02-10 09:00:00+00:00
1770717600,80281.769,2026-02-10 10:00:00+00:00
1770721200,81136.246,2026-02-10 11:00:00+00:00
1770724800,81694.386,2026-02-10 12:00:00+00:00
1770728400,81242.762,2026-02-10 13:00:00+00:00
1770732000,80443.109,2026-02-10 14:00:00+00:00
1770735600,79950.823,2026-02-10 15:00:00+00:00
1770739200,80065.953,2026-02-10 16:00:00+00:00
1770742800,79780.066,2026-02-10 17:00:00+00:00
1770746400,79512.582,2026-02-10 18:00:00+00:00
1770750000,79431.585,2026-02-10 19:00:00+00:00
1770753600,79502.917,2026-02-10 20:00:00+00:00
1770757200,79280.58,2026-02-10 21:00:00+00:00
1770760800,79165.233,2026-02-10 22:00:00+00:00
1770764400,79250.731,2026-02-10 23:00:00+00:00
1770768000,79402.675,2026-02-11 00:00:00+00:00
1770771600,79506.078,2026-02-11 01:00:00+00:00
1770775200,79900.564,2026-02-11 02:00:00+00:00
1770778800,80797.912,2026-02-11 03:00:00+00:00
1770782400,81693.708,2026-02-11 04:00:00+00:00
1770786000,81950.497,2026-02-11 05:00:00+00:00
1770789600,81984.513,2026-02-11 06:00:00+00:00
1770793200,82247.527,2026-02-11 07:00:00+00:00
1770796800,82198.407,2026-02-11 08:00:00+00:00
1770800400,82464.711,2026-02-11 09:00:00+00:00
1770804000,82732.137,2026-02-11 10:00:00+00:00
1770807600,82680.281,2026-02-11 11:00:00+00:00
1770811200,82374.05,2026-02-11 12:00:00+00:00
1770814800,82648.818,2026-02-11 13:00:00+00:00
1770818400,80642.059,2026-02-11 14:00:00+00:00
1770822000,81267.157,2026-02-11 15:00:00+00:00
1770825600,81355.093,2026-02-11 16:00:00+00:00
1770829200,82072.876,2026-02-11 17:00:00+00:00
1770832800,81846.714,2026-02-11 18:00:00+00:00
1770836400,81505.811,2026-02-11 19:00:00+00:00
1770840000,81467.696,2026-02-11 20:00:00+00:00
1770843600,81476.669,2026-02-11 21:00:00+00:00
1770847200,81332.158,2026-02-11 22:00:00+00:00
1770850800,80878.406,2026-02-11 23:00:00+00:00
1770854400,80667.725,2026-02-12 00:00:00+00:00
1770858000,80637.296,2026-02-12 01:00:00+00:00
1770861600,80978.386,2026-02-12 02:00:00+00:00
1770865200,81119.124,2026-02-12 03:00:00+00:00
1770868800,81941.77,2026-02-12 04:00:00+00:00
1770872400,81871.701,2026-02-12 05:00:00+00:00
1770876000,81847.184,2026-02-12 06:00:00+00:00
1770879600,82012.29,2026-02-12 07:00:00+00:00
1770883200,81923.045,2026-02-12 08:00:00+00:00
1770886800,81997.443,2026-02-12 09:00:00+00:00
1770890400,81999.233,2026-02-12 10:00:00+00:00
1770894000,81742.508,2026-02-12 11:00:00+00:00
1770897600,82019.193,2026-02-12 12:00:00+00:00
1770901200,81712.831,2026-02-12 13:00:00+00:00
1770904800,81872.442,2026-02-12 14:00:00+00:00
1770908400,81004.365,2026-02-12 15:00:00+00:00
1770912000,80656.647,2026-02-12 16:00:00+00:00
1770915600,80806.935,2026-02-12 17:00:00+00:00
1770919200,80750.766,2026-02-12 18:00:00+00:00
1770922800,80293.203,2026-02-12 19:00:00+00:00
1770926400,80331.264,2026-02-12 20:00:00+00:00
1770930000,80021.943,2026-02-12 21:00:00+00:00
1770933600,79814.799,2026-02-12 22:00:00+00:00
1770937200,79781.448,2026-02-12 23:00:00+00:00
1770940800,79829.833,2026-02-13 00:00:00+00:00
1770944400,79409.97,2026-02-13 01:00:00+00:00
1770948000,79415.044,2026-02-13 02:00:00+00:00
1770951600,79345.818,2026-02-13 03:00:00+00:00
1770955200,79329.997,2026-02-13 04:00:00+00:00
1770958800,79368.507,2026-02-13 05:00:00+00:00
1770962400,79494.272,2026-02-13 06:00:00+00:00
1770966000,79731.803,2026-02-13 07:00:00+00:00
1770969600,79740.101,2026-02-13 08:00:00+00:00
1770973200,79835.839,2026-02-13 09:00:00+00:00
1770976800,79718.642,2026-02-13 10:00:00+00:00
1770980400,80070.053,2026-02-13 11:00:00+00:00
1770984000,80024.775,2026-02-13 12:00:00+00:00
1770987600,79952.595,2026-02-13 13:00:00+00:00
1770991200,80764.817,2026-02-13 14:00:00+00:00
1770994800,78611.404,2026-02-13 15:00:00+00:00
1770998400,79025.706,2026-02-13 16:00:00+00:00
1771002000,79029.211,2026-02-13 17:00:00+00:00
1771005600,79191.509,2026-02-13 18:00:00+00:00
1771009200,79449.117,2026-02-13 19:00:00+00:00
1771012800,79429.643,2026-02-13 20:00:00+00:00
1771016400,79243.294,2026-02-13 21:00:00+00:00
1771020000,79212.16,2026-02-13 22:00:00+00:00
1771023600,79256.188,2026-02-13 23:00:00+00:00
1771027200,79211.29,2026-02-14 00:00:00+00:00
1771030800,79342.656,2026-02-14 01:00:00+00:00
1771034400,79266.625,2026-02-14 02:00:00+00:00
1771038000,79188.231,2026-02-14 03:00:00+00:00
1771041600,79129.687,2026-02-14 04:00:00+00:00
1771045200,79036.212,2026-02-14 05:00:00+00:00
1771048800,79097.766,2026-02-14 06:00:00+00:00
1771052400,79485.586,2026-02-14 07:00:00+00:00
1771056000,79922.084,2026-02-14 08:00:00+00:00
1771059600,79828.932,2026-02-14 09:00:00+00:00
1771063200,79661.307,2026-02-14 10:00:00+00:00
1771066800,78606.916,2026-02-14 11:00:00+00:00
1771070400,80353.207,2026-02-14 12:00:00+00:00
1771074000,80245.427,2026-02-14 13:00:00+00:00
1771077600,80479.447,2026-02-14 14:00:00+00:00
1771081200,80373.521,2026-02-14 15:00:00+00:00
1771084800,79495.762,2026-02-14 16:00:00+00:00
1771088400,79198.058,2026-02-14 17:00:00+00:00
1771092000,78879.369,2026-02-14 18:00:00+00:00
1771095600,78833.024,2026-02-14 19:00:00+00:00
1771099200,78568.721,2026-02-14 20:00:00+00:00
1771102800,77846.011,2026-02-14 21:00:00+00:00
1771106400,77820.406,2026-02-14 22:00:00+00:00
1771110000,77736.846,2026-02-14 23:00:00+00:00
1771113600,78003.802,2026-02-15 00:00:00+00:00
1771117200,78056.457,2026-02-15 01:00:00+00:00
1771120800,78154.921,2026-02-15 02:00:00+00:00
1771124400,77401.795,2026-02-15 03:00:00+00:00
1771128000,78526.452,2026-02-15 04:00:00+00:00
1771131600,78704.222,2026-02-15 05:00:00+00:00
1771135200,78653.089,2026-02-15 06:00:00+00:00
1771138800,79308.977,2026-02-15 07:00:00+00:00
1771142400,78428.429,2026-02-15 08:00:00+00:00
1771146000,78453.735,2026-02-15 09:00:00+00:00
1771149600,78379.674,2026-02-15 10:00:00+00:00
1771153200,78941.625,2026-02-15 11:00:00+00:00
1771156800,77903.068,2026-02-15 12:00:00+00:00
1771160400,77570.559,2026-02-15 13:00:00+00:00
1771164000,77565.63,2026-02-15 14:00:00+00:00
1771167600,77088.935,2026-02-15 15:00:00+00:00
1771171200,77160.713,2026-02-15 16:00:00+00:00
1771174800,76569.442,2026-02-15 17:00:00+00:00
1771178400,76791.171,2026-02-15 18:00:00+00:00
1771182000,77667.773,2026-02-15 19:00:00+00:00
1771185600,77564.675,2026-02-15 20:00:00+00:00
1771189200,76996.238,2026-02-15 21:00:00+00:00
1771192800,76840.482,2026-02-15 22:00:00+00:00
1771196400,77128.011,2026-02-15 23:00:00+00:00
1771200000,77179.865,2026-02-16 00:00:00+00:00
1771203600,77115.449,2026-02-16 01:00:00+00:00
1771207200,77380.668,2026-02-16 02:00:00+00:00
1771210800,77502.35,2026-02-16 03:00:00+00:00
1771214400,77471.797,2026-02-16 04:00:00+00:00
1771218000,77481.087,2026-02-16 05:00:00+00:00
1771221600,77834.165,2026-02-16 06:00:00+00:00
1771225200,77662.302,2026-02-16 07:00:00+00:00
1771228800,77502.803,2026-02-16 08:00:00+00:00
1771232400,77616.954,2026-02-16 09:00:00+00:00
1771236000,77685.277,2026-02-16 10:00:00+00:00
1771239600,77390.651,2026-02-16 11:00:00+00:00
1771243200,75949.939,2026-02-16 12:00:00+00:00
1771246800,76551.201,2026-02-16 13:00:00+00:00
1771250400,76370.098,2026-02-16 14:00:00+00:00
1771254000,76593.698,2026-02-16 15:00:00+00:00
1771257600,76694.05,2026-02-16 16:00:00+00:00
1771261200,76482.61,2026-02-16 17:00:00+00:00
1771264800,75735.076,2026-02-16 18:00:00+00:00
1771268400,75698.993,2026-02-16 19:00:00+00:00
1771272000,75591.752,2026-02-16 20:00:00+00:00
1771275600,75633.104,2026-02-16 21:00:00+00:00
1771279200,75712.842,2026-02-16 22:00:00+00:00
1771282800,75728.14,2026-02-16 23:00:00+00:00
1771286400,75666.002,2026-02-17 00:00:00+00:00
1771290000,75745.452,2026-02-17 01:00:00+00:00
1771293600,75786.756,2026-02-17 02:00:00+00:00
1771297200,75923.527,2026-02-17 03:00:00+00:00
1771300800,76237.325,2026-02-17 04:00:00+00:00
1771304400,76650.036,2026-02-17 05:00:00+00:00
1771308000,76484.534,2026-02-17 06:00:00+00:00
1771311600,76610.769,2026-02-17 07:00:00+00:00
1771315200,76718.477,2026-02-17 08:00:00+00:00
1771318800,76813.075,2026-02-17 09:00:00+00:00
1771322400,77102.181,2026-02-17 10:00:00+00:00
1771326000,77415.008,2026-02-17 11:00:00+00:00
1771329600,77735.099,2026-02-17 12:00:00+00:00
1771333200,77866.473,2026-02-17 13:00:00+00:00
1771336800,78844.918,2026-02-17 14:00:00+00:00
1771340400,79600.238,2026-02-17 15:00:00+00:00
1771344000,78568.465,2026-02-17 16:00:00+00:00
1771347600,78639.319,2026-02-17 17:00:00+00:00
1771351200,78987.192,2026-02-17 18:00:00+00:00
1771354800,79040.856,2026-02-17 19:00:00+00:00
1771358400,78921.063,2026-02-17 20:00:00+00:00
1771362000,78891.704,2026-02-17 21:00:00+00:00
1771365600,78924.494,2026-02-17 22:00:00+00:00
1771369200,79065.526,2026-02-17 23:00:00+00:00
1771372800,79270.096,2026-02-18 00:00:00+00:00
1771376400,79195.19,2026-02-18 01:00:00+00:00
1771380000,79478.856,2026-02-18 02:00:00+00:00
1771383600,79398.348,2026-02-18 03:00:00+00:00
1771387200,79473.064,2026-02-18 04:00:00+00:00
1771390800,79715.062,2026-02-18 05:00:00+00:00
1771394400,79764.437,2026-02-18 06:00:00+00:00
1771398000,79660.848,2026-02-18 07:00:00+00:00
1771401600,79875.335,2026-02-18 08:00:00+00:00
1771405200,79954.048,2026-02-18 09:00:00+00:00
1771408800,80012.955,2026-02-18 10:00:00+00:00
1771412400,79167.773,2026-02-18 11:00:00+00:00
1771416000,79396.182,2026-02-18 12:00:00+00:00
1771419600,79347.703,2026-02-18 13:00:00+00:00
1771423200,79704.187,2026-02-18 14:00:00+00:00
1771426800,80489.642,2026-02-18 15:00:00+00:00
1771430400,80046.198,2026-02-18 16:00:00+00:00
1771434000,80215.616,2026-02-18 17:00:00+00:00
1771437600,81001.124,2026-02-18 18:00:00+00:00
1771441200,81274.485,2026-02-18 19:00:00+00:00
1771444800,80693.377,2026-02-18 20:00:00+00:00
1771448400,80205.973,2026-02-18 21:00:00+00:00
1771452000,80161.345,2026-02-18 22:00:00+00:00
1771455600,80178.318,2026-02-18 23:00:00+00:00
1771459200,80249.439,2026-02-19 00:00:00+00:00
1771462800,79765.721,2026-02-19 01:00:00+00:00
1771466400,79553.226,2026-02-19 02:00:00+00:00
1771470000,79647.657,2026-02-19 03:00:00+00:00
1771473600,79545.151,2026-02-19 04:00:00+00:00
1771477200,79558.148,2026-02-19 05:00:00+00:00
1771480800,79509.935,2026-02-19 06:00:00+00:00
1771484400,79366.154,2026-02-19 07:00:00+00:00
1771488000,79790.127,2026-02-19 08:00:00+00:00
1771491600,80113.3,2026-02-19 09:00:00+00:00
1771495200,80182.452,2026-02-19 10:00:00+00:00
1771498800,80186.955,2026-02-19 11:00:00+00:00
1771502400,80073.415,2026-02-19 12:00:00+00:00
1771506000,79416.195,2026-02-19 13:00:00+00:00
1771509600,79633.281,2026-02-19 14:00:00+00:00
1771513200,79297.343,2026-02-19 15:00:00+00:00
1771516800,79493.729,2026-02-19 16:00:00+00:00
1771520400,80070.507,2026-02-19 17:00:00+00:00
1771524000,80850.949,2026-02-19 18:00:00+00:00
1771527600,80678.607,2026-02-19 19:00:00+00:00
1771531200,80670.998,2026-02-19 20:00:00+00:00
1771534800,80831.825,2026-02-19 21:00:00+00:00
1771538400,80658.903,2026-02-19 22:00:00+00:00
1771542000,80777.3,2026-02-19 23:00:00+00:00
1771545600,80468.558,2026-02-20 00:00:00+00:00
1771549200,80467.278,2026-02-20 01:00:00+00:00
1771552800,80636.398,2026-02-20 02:00:00+00:00
1771556400,80463.104,2026-02-20 03:00:00+00:00
1771560000,80605.67,2026-02-20 04:00:00+00:00
1771563600,80821.187,2026-02-20 05:00:00+00:00
1771567200,81502.99,2026-02-20 06:00:00+00:00
1771570800,81714.764,2026-02-20 07:00:00+00:00
1771574400,81728.711,2026-02-20 08:00:00+00:00
1771578000,81842.463,2026-02-20 09:00:00+00:00
1771581600,81414.069,2026-02-20 10:00:00+00:00
1771585200,81228.576,2026-02-20 11:00:00+00:00
1771588800,81252.27,2026-02-20 12:00:00+00:00
1771592400,79872.578,2026-02-20 13:00:00+00:00
1771596000,80496.058,2026-02-20 14:00:00+00:00
1771599600,81290.993,2026-02-20 15:00:00+00:00
1771603200,81132.167,2026-02-20 16:00:00+00:00
1771606800,79933.305,2026-02-20 17:00:00+00:00
1771610400,80204.221,2026-02-20 18:00:00+00:00
1771614000,80125.351,2026-02-20 19:00:00+00:00
1771617600,79883.99,2026-02-20 20:00:00+00:00
1771621200,79791.669,2026-02-20 21:00:00+00:00
1771624800,79896.231,2026-02-20 22:00:00+00:00
1771628400,80197.615,2026-02-20 23:00:00+00:00
1771632000,80485.465,2026-02-21 00:00:00+00:00
1771635600,80463.543,2026-02-21 01:00:00+00:00
1771639200,80640.042,2026-02-21 02:00:00+00:00
1771642800,79321.013,2026-02-21 03:00:00+00:00
1771646400,79051.921,2026-02-21 04:00:00+00:00
1771650000,79042.905,2026-02-21 05:00:00+00:00
1771653600,79091.999,2026-02-21 06:00:00+00:00
1771657200,79050.17,2026-02-21 07:00:00+00:00
1771660800,79572.764,2026-02-21 08:00:00+00:00
1771664400,80745.188,2026-02-21 09:00:00+00:00
1771668000,80915.898,2026-02-21 10:00:00+00:00
1771671600,81051.593,2026-02-21 11:00:00+00:00
1771675200,80742.968,2026-02-21 12:00:00+00:00
1771678800,80788.024,2026-02-21 13:00:00+00:00
1771682400,81260.068,2026-02-21 14:00:00+00:00
1771686000,81578.836,2026-02-21 15:00:00+00:00
1771689600,81524.414,2026-02-21 16:00:00+00:00
1771693200,81707.289,2026-02-21 17:00:00+00:00
1771696800,81808.936,2026-02-21 18:00:00+00:00
1771700400,81844.603,2026-02-21 19:00:00+00:00
1771704000,81532.32,2026-02-21 20:00:00+00:00
1771707600,81457.745,2026-02-21 21:00:00+00:00
1771711200,80952.12,2026-02-21 22:00:00+00:00
1771714800,80819.682,2026-02-21 23:00:00+00:00
1771718400,80534.814,2026-02-22 00:00:00+00:00
1771722000,80735.094,2026-02-22 01:00:00+00:00
1771725600,80590.914,2026-02-22 02:00:00+00:00
1771729200,80429.623,2026-02-22 03:00:00+00:00
1771732800,80576.965,2026-02-22 04:00:00+00:00
1771736400,80622.324,2026-02-22 05:00:00+00:00
1771740000,80036.509,2026-02-22 06:00:00+00:00
1771743600,80069.649,2026-02-22 07:00:00+00:00
1771747200,79831.703,2026-02-22 08:00:00+00:00
1771750800,79600.759,2026-02-22 09:00:00+00:00
1771754400,79690.797,2026-02-22 10:00:00+00:00
1771758000,79953.05,2026-02-22 11:00:00+00:00
1771761600,79717.297,2026-02-22 12:00:00+00:00
1771765200,79289.979,2026-02-22 13:00:00+00:00
1771768800,79779.872,2026-02-22 14:00:00+00:00
1771772400,79707.653,2026-02-22 15:00:00+00:00
1771776000,79550.365,2026-02-22 16:00:00+00:00
1771779600,79255.717,2026-02-22 17:00:00+00:00
1771783200,79336.05,2026-02-22 18:00:00+00:00
1771786800,79409.758,2026-02-22 19:00:00+00:00
1771790400,79299.698,2026-02-22 20:00:00+00:00
1771794000,79063.58,2026-02-22 21:00:00+00:00
1771797600,78932.982,2026-02-22 22:00:00+00:00
1771801200,78623.882,2026-02-22 23:00:00+00:00
1771804800,78210.242,2026-02-23 00:00:00+00:00
1771808400,79313.623,2026-02-23 01:00:00+00:00
1771812000,80500.462,2026-02-23 02:00:00+00:00
1771815600,80799.402,2026-02-23 03:00:00+00:00
1771819200,81137.164,2026-02-23 04:00:00+00:00
1771822800,80946.228,2026-02-23 05:00:00+00:00
1771826400,80036.228,2026-02-23 06:00:00+00:00
1771830000,79485.968,2026-02-23 07:00:00+00:00
1771833600,79446.69,2026-02-23 08:00:00+00:00
1771837200,78423.015,2026-02-23 09:00:00+00:00
1771840800,78323.121,2026-02-23 10:00:00+00:00
1771844400,78459.798,2026-02-23 11:00:00+00:00
1771848000,78091.919,2026-02-23 12:00:00+00:00
1771851600,77493.072,2026-02-23 13:00:00+00:00
1771855200,78813.384,2026-02-23 14:00:00+00:00
1771858800,79410.934,2026-02-23 15:00:00+00:00
1771862400,79119.8,2026-02-23 16:00:00+00:00
1771866000,78713.602,2026-02-23 17:00:00+00:00
1771869600,78503.002,2026-02-23 18:00:00+00:00
1771873200,79166.698,2026-02-23 19:00:00+00:00
1771876800,79381.717,2026-02-23 20:00:00+00:00
1771880400,79397.64,2026-02-23 21:00:00+00:00
1771884000,79186.341,2026-02-23 22:00:00+00:00
1771887600,79621.461,2026-02-23 23:00:00+00:00
1771891200,79919.42,2026-02-24 00:00:00+00:00
1771894800,79711.667,2026-02-24 01:00:00+00:00
1771898400,80185.144,2026-02-24 02:00:00+00:00
1771902000,80820.509,2026-02-24 03:00:00+00:00
1771905600,80953.516,2026-02-24 04:00:00+00:00
1771909200,81863.415,2026-02-24 05:00:00+00:00
1771912800,81832.15,2026-02-24 06:00:00+00:00
1771916400,81504.377,2026-02-24 07:00:00+00:00
1771920000,81635.359,2026-02-24 08:00:00+00:00
1771923600,81784.576,2026-02-24 09:00:00+00:00
1771927200,81713.007,2026-02-24 10:00:00+00:00
1771930800,81806.066,2026-02-24 11:00:00+00:00
1771934400,82402.08,2026-02-24 12:00:00+00:00
1771938000,82841.619,2026-02-24 13:00:00+00:00
1771941600,82487.992,2026-02-24 14:00:00+00:00
1771945200,82813.525,2026-02-24 15:00:00+00:00
1771948800,81968.823,2026-02-24 16:00:00+00:00
1771952400,81251.69,2026-02-24 17:00:00+00:00
1771956000,80292.708,2026-02-24 18:00:00+00:00
1771959600,79581.551,2026-02-24 19:00:00+00:00
1771963200,79454.097,2026-02-24 20:00:00+00:00
1771966800,79583.474,2026-02-24 21:00:00+00:00
1771970400,79693.036,2026-02-24 22:00:00+00:00
1771974000,79795.223,2026-02-24 23:00:00+00:00
1771977600,79788.902,2026-02-25 00:00:00+00:00
1771981200,77482.667,2026-02-25 01:00:00+00:00
1771984800,77470.218,2026-02-25 02:00:00+00:00
1771988400,78302.336,2026-02-25 03:00:00+00:00
1771992000,78581.379,2026-02-25 04:00:00+00:00
1771995600,78755.821,2026-02-25 05:00:00+00:00
1771999200,78764.657,2026-02-25 06:00:00+00:00
1772002800,78941.274,2026-02-25 07:00:00+00:00
1772006400,78895.976,2026-02-25 08:00:00+00:00
1772010000,78811.6,2026-02-25 09:00:00+00:00
1772013600,78830.24,2026-02-25 10:00:00+00:00
1772017200,78903.994,2026-02-25 11:00:00+00:00
1772020800,79325.89,2026-02-25 12:00:00+00:00
1772024400,78972.985,2026-02-25 13:00:00+00:00
1772028000,78975.374,2026-02-25 14:00:00+00:00
1772031600,79324.12,2026-02-25 15:00:00+00:00
1772035200,79909.148,2026-02-25 16:00:00+00:00
1772038800,80720.746,2026-02-25 17:00:00+00:00
1772042400,80145.736,2026-02-25 18:00:00+00:00
1772046000,79710.197,2026-02-25 19:00:00+00:00
1772049600,80102.256,2026-02-25 20:00:00+00:00
1772053200,80272.357,2026-02-25 21:00:00+00:00
1772056800,79834.714,2026-02-25 22:00:00+00:00
1772060400,80114.095,2026-02-25 23:00:00+00:00
1772064000,79858.353,2026-02-26 00:00:00+00:00
1772067600,80086.35,2026-02-26 01:00:00+00:00
1772071200,80002.338,2026-02-26 02:00:00+00:00
1772074800,79999.038,2026-02-26 03:00:00+00:00
1772078400,79869.753,2026-02-26 04:00:00+00:00
1772082000,79589.848,2026-02-26 05:00:00+00:00
1772085600,79601.218,2026-02-26 06:00:00+00:00
1772089200,79741.134,2026-02-26 07:00:00+00:00
1772092800,79768.405,2026-02-26 08:00:00+00:00
1772096400,79804.954,2026-02-26 09:00:00+00:00
1772100000,79403.61,2026-02-26 10:00:00+00:00
1772103600,79510.093,2026-02-26 11:00:00+00:00
1772107200,79471.961,2026-02-26 12:00:00+00:00
1772110800,79693.904,2026-02-26 13:00:00+00:00
1772114400,79129.114,2026-02-26 14:00:00+00:00
1772118000,79578.494,2026-02-26 15:00:00+00:00
1772121600,79890.384,2026-02-26 16:00:00+00:00
1772125200,79849.234,2026-02-26 17:00:00+00:00
1772128800,79939.3,2026-02-26 18:00:00+00:00
1772132400,79251.607,2026-02-26 19:00:00+00:00
1772136000,79265.083,2026-02-26 20:00:00+00:00
1772139600,79205.761,2026-02-26 21:00:00+00:00
1772143200,79003.302,2026-02-26 22:00:00+00:00
1772146800,79065.137,2026-02-26 23:00:00+00:00
1772150400,79414.802,2026-02-27 00:00:00+00:00
1772154000,79702.112,2026-02-27 01:00:00+00:00
1772157600,79650.838,2026-02-27 02:00:00+00:00
1772161200,79157.853,2026-02-27 03:00:00+00:00
1772164800,79205.226,2026-02-27 04:00:00+00:00
1772168400,79311.446,2026-02-27 05:00:00+00:00
1772172000,79320.52,2026-02-27 06:00:00+00:00
1772175600,79435.753,2026-02-27 07:00:00+00:00
1772179200,79735.626,2026-02-27 08:00:00+00:00
1772182800,79251.456,2026-02-27 09:00:00+00:00
1772186400,77371.665,2026-02-27 10:00:00+00:00
1772190000,77283.715,2026-02-27 11:00:00+00:00
1772193600,77502.606,2026-02-27 12:00:00+00:00
1772197200,76866.973,2026-02-27 13:00:00+00:00
1772200800,78092.257,2026-02-27 14:00:00+00:00
1772204400,78429.632,2026-02-27 15:00:00+00:00
1772208000,79115.422,2026-02-27 16:00:00+00:00
1772211600,79675.947,2026-02-27 17:00:00+00:00
1772215200,79746.344,2026-02-27 18:00:00+00:00
1772218800,79997.789,2026-02-27 19:00:00+00:00
1772222400,79994.464,2026-02-27 20:00:00+00:00
1772226000,79537.428,2026-02-27 21:00:00+00:00
1772229600,79279.828,2026-02-27 22:00:00+00:00
1772233200,79177.822,2026-02-27 23:00:00+00:00
1772236800,79073.166,2026-02-28 00:00:00+00:00
1772240400,79159.743,2026-02-28 01:00:00+00:00
1772244000,79322.427,2026-02-28 02:00:00+00:00
1772247600,79389.701,2026-02-28 03:00:00+00:00
1772251200,79566.527,2026-02-28 04:00:00+00:00
1772254800,79745.014,2026-02-28 05:00:00+00:00
1772258400,81192.118,2026-02-28 06:00:00+00:00
1772262000,80300.972,2026-02-28 07:00:00+00:00
1772265600,80615.498,2026-02-28 08:00:00+00:00
1772269200,80724.2,2026-02-28 09:00:00+00:00
1772272800,80990.274,2026-02-28 10:00:00+00:00
1772276400,80478.174,2026-02-28 11:00:00+00:00
1772280000,80306.981,2026-02-28 12:00:00+00:00
1772283600,79865.415,2026-02-28 13:00:00+00:00
1772287200,79716.399,2026-02-28 14:00:00+00:00
1772290800,79008.546,2026-02-28 15:00:00+00:00
1772294400,79472.074,2026-02-28 16:00:00+00:00
1772298000,79419.427,2026-02-28 17:00:00+00:00
1772301600,78136.987,2026-02-28 18:00:00+00:00
1772305200,77817.478,2026-02-28 19:00:00+00:00
1772308800,77330.109,2026-02-28 20:00:00+00:00
1772312400,77044.142,2026-02-28 21:00:00+00:00
1772316000,77206.013,2026-02-28 22:00:00+00:00
1772319600,77364.476,2026-02-28 23:00:00+00:00
1772323200,77494.84,2026-03-01 00:00:00+00:00
1772326800,77613.972,2026-03-01 01:00:00+00:00
1772330400,77690.258,2026-03-01 02:00:00+00:00
1772334000,78274.557,2026-03-01 03:00:00+00:00
1772337600,78155.819,2026-03-01 04:00:00+00:00
1772341200,78315.615,2026-03-01 05:00:00+00:00
1772344800,77800.533,2026-03-01 06:00:00+00:00
1772348400,77517.735,2026-03-01 07:00:00+00:00
1772352000,78011.098,2026-03-01 08:00:00+00:00
1772355600,78390.095,2026-03-01 09:00:00+00:00
1772359200,78342.042,2026-03-01 10:00:00+00:00
1772362800,78509.412,2026-03-01 11:00:00+00:00
1772366400,78653.786,2026-03-01 12:00:00+00:00
1772370000,78256.675,2026-03-01 13:00:00+00:00
1772373600,79097.565,2026-03-01 14:00:00+00:00
1772377200,79238.938,2026-03-01 15:00:00+00:00
1772380800,79091.042,2026-03-01 16:00:00+00:00
1772384400,79341.525,2026-03-01 17:00:00+00:00
1772388000,78633.33,2026-03-01 18:00:00+00:00
1772391600,78970.859,2026-03-01 19:00:00+00:00
1772395200,78412.355,2026-03-01 20:00:00+00:00
1772398800,78272.718,2026-03-01 21:00:00+00:00
1772402400,77903.284,2026-03-01 22:00:00+00:00
1772406000,77830.739,2026-03-01 23:00:00+00:00
1772409600,77417.855,2026-03-02 00:00:00+00:00
1772413200,77084.431,2026-03-02 01:00:00+00:00
1772416800,77155.534,2026-03-02 02:00:00+00:00
1772420400,77593.157,2026-03-02 03:00:00+00:00
1772424000,77694.24,2026-03-02 04:00:00+00:00
1772427600,77788.858,2026-03-02 05:00:00+00:00
1772431200,77748.591,2026-03-02 06:00:00+00:00
1772434800,77512.661,2026-03-02 07:00:00+00:00
1772438400,78368.152,2026-03-02 08:00:00+00:00
1772442000,78754.913,2026-03-02 09:00:00+00:00
1772445600,78955.886,2026-03-02 10:00:00+00:00
1772449200,78912.824,2026-03-02 11:00:00+00:00
1772452800,79144.441,2026-03-02 12:00:00+00:00
1772456400,79214.275,2026-03-02 13:00:00+00:00
1772460000,79630.831,2026-03-02 14:00:00+00:00
1772463600,81477.675,2026-03-02 15:00:00+00:00
1772467200,82310.017,2026-03-02 16:00:00+00:00
1772470800,82871.769,2026-03-02 17:00:00+00:00
1772474400,83305.137,2026-03-02 18:00:00+00:00
1772478000,83152.132,2026-03-02 19:00:00+00:00
1772481600,82650.128,2026-03-02 20:00:00+00:00
1772485200,82604.443,2026-03-02 21:00:00+00:00
1772488800,82275.276,2026-03-02 22:00:00+00:00
1772492400,82206.286,2026-03-02 23:00:00+00:00
1772496000,82250.868,2026-03-03 00:00:00+00:00
1772499600,82287.458,2026-03-03 01:00:00+00:00
1772503200,81488.161,2026-03-03 02:00:00+00:00
1772506800,81582.978,2026-03-03 03:00:00+00:00
1772510400,81409.852,2026-03-03 04:00:00+00:00
1772514000,80995.603,2026-03-03 05:00:00+00:00
1772517600,80459.385,2026-03-03 06:00:00+00:00
1772521200,79835.229,2026-03-03 07:00:00+00:00
1772524800,79775.841,2026-03-03 08:00:00+00:00
1772528400,79495.408,2026-03-03 09:00:00+00:00
1772532000,78699.984,2026-03-03 10:00:00+00:00
1772535600,78557.919,2026-03-03 11:00:00+00:00
1772539200,77525.357,2026-03-03 12:00:00+00:00
1772542800,77660.715,2026-03-03 13:00:00+00:00
1772546400,77853.967,2026-03-03 14:00:00+00:00
1772550000,78936.685,2026-03-03 15:00:00+00:00
1772553600,79023.196,2026-03-03 16:00:00+00:00
1772557200,78474.463,2026-03-03 17:00:00+00:00
1772560800,78627.873,2026-03-03 18:00:00+00:00
1772564400,78721.474,2026-03-03 19:00:00+00:00
1772568000,78709.505,2026-03-03 20:00:00+00:00
1772571600,78700.916,2026-03-03 21:00:00+00:00
1772575200,78723.929,2026-03-03 22:00:00+00:00
1772578800,79133.683,2026-03-03 23:00:00+00:00
1772582400,79366.455,2026-03-04 00:00:00+00:00
1772586000,80034.107,2026-03-04 01:00:00+00:00
1772589600,80028.546,2026-03-04 02:00:00+00:00
1772593200,79841.167,2026-03-04 03:00:00+00:00
1772596800,79834.466,2026-03-04 04:00:00+00:00
1772600400,79795.667,2026-03-04 05:00:00+00:00
1772604000,80455.162,2026-03-04 06:00:00+00:00
1772607600,82155.833,2026-03-04 07:00:00+00:00
1772611200,83136.646,2026-03-04 08:00:00+00:00
1772614800,87999.256,2026-03-04 09:00:00+00:00
1772618400,89620.509,2026-03-04 10:00:00+00:00
1772622000,89856.765,2026-03-04 11:00:00+00:00
1772625600,87952.831,2026-03-04 12:00:00+00:00
1772629200,88784.509,2026-03-04 13:00:00+00:00
1772632800,90780.317,2026-03-04 14:00:00+00:00
1772636400,91508.046,2026-03-04 15:00:00+00:00
1772640000,91876.283,2026-03-04 16:00:00+00:00
1772643600,92710.906,2026-03-04 17:00:00+00:00
1772647200,93196.032,2026-03-04 18:00:00+00:00
1772650800,91525.701,2026-03-04 19:00:00+00:00
1772654400,91713.163,2026-03-04 20:00:00+00:00
1772658000,91995.563,2026-03-04 21:00:00+00:00
1772661600,91679.854,2026-03-04 22:00:00+00:00
1772665200,91422.185,2026-03-04 23:00:00+00:00
1772668800,91443.782,2026-03-05 00:00:00+00:00
1772672400,91196.089,2026-03-05 01:00:00+00:00
1772676000,91334.348,2026-03-05 02:00:00+00:00
1772679600,91400.135,2026-03-05 03:00:00+00:00
1772683200,91570.268,2026-03-05 04:00:00+00:00
1772686800,91596.007,2026-03-05 05:00:00+00:00
1772690400,91633.799,2026-03-05 06:00:00+00:00
1772694000,91135.055,2026-03-05 07:00:00+00:00
1772697600,90879.811,2026-03-05 08:00:00+00:00
1772701200,91006.071,2026-03-05 09:00:00+00:00
1772704800,90275.131,2026-03-05 10:00:00+00:00
1772708400,89865.14,2026-03-05 11:00:00+00:00
1772712000,89848.216,2026-03-05 12:00:00+00:00
1772715600,89218.571,2026-03-05 13:00:00+00:00
1772719200,88959.263,2026-03-05 14:00:00+00:00
1772722800,86569.513,2026-03-05 15:00:00+00:00
1772726400,85943.073,2026-03-05 16:00:00+00:00
1772730000,84875.629,2026-03-05 17:00:00+00:00
1772733600,84746.205,2026-03-05 18:00:00+00:00
1772737200,84297.579,2026-03-05 19:00:00+00:00
1772740800,84014.741,2026-03-05 20:00:00+00:00
1772744400,83396.343,2026-03-05 21:00:00+00:00
1772748000,83446.11,2026-03-05 22:00:00+00:00
1772751600,83430.92,2026-03-05 23:00:00+00:00
1772755200,83568.637,2026-03-06 00:00:00+00:00
1772758800,83483.489,2026-03-06 01:00:00+00:00
1772762400,83087.246,2026-03-06 02:00:00+00:00
1772766000,82995.178,2026-03-06 03:00:00+00:00
1772769600,82366.465,2026-03-06 04:00:00+00:00
1772773200,82287.582,2026-03-06 05:00:00+00:00
1772776800,81934.565,2026-03-06 06:00:00+00:00
1772780400,81881.539,2026-03-06 07:00:00+00:00
1772784000,82034.604,2026-03-06 08:00:00+00:00
1772787600,81890.242,2026-03-06 09:00:00+00:00
1772791200,81867.864,2026-03-06 10:00:00+00:00
1772794800,82040.231,2026-03-06 11:00:00+00:00
1772798400,82379.434,2026-03-06 12:00:00+00:00
1772802000,83311.555,2026-03-06 13:00:00+00:00
1772805600,83876.819,2026-03-06 14:00:00+00:00
1772809200,83446.835,2026-03-06 15:00:00+00:00
1772812800,83391.74,2026-03-06 16:00:00+00:00
1772816400,83385.96,2026-03-06 17:00:00+00:00
1772820000,83615.222,2026-03-06 18:00:00+00:00
1772823600,83460.306,2026-03-06 19:00:00+00:00
1772827200,83486.251,2026-03-06 20:00:00+00:00
1772830800,83569.867,2026-03-06 21:00:00+00:00
1772834400,83363.014,2026-03-06 22:00:00+00:00
1772838000,83332.862,2026-03-06 23:00:00+00:00
1772841600,83547.958,2026-03-07 00:00:00+00:00
1772845200,83724.206,2026-03-07 01:00:00+00:00
1772848800,84022.468,2026-03-07 02:00:00+00:00
1772852400,83785.085,2026-03-07 03:00:00+00:00
1772856000,84227.548,2026-03-07 04:00:00+00:00
1772859600,84387.192,2026-03-07 05:00:00+00:00
1772863200,84530.877,2026-03-07 06:00:00+00:00
1772866800,84659.786,2026-03-07 07:00:00+00:00
1772870400,84501.616,2026-03-07 08:00:00+00:00
1772874000,84550.415,2026-03-07 09:00:00+00:00
1772877600,84368.949,2026-03-07 10:00:00+00:00
1772881200,84465.077,2026-03-07 11:00:00+00:00
1772884800,84428.616,2026-03-07 12:00:00+00:00
1772888400,84084.684,2026-03-07 13:00:00+00:00
1772892000,83988.264,2026-03-07 14:00:00+00:00
1772895600,83977.941,2026-03-07 15:00:00+00:00
1772899200,83955.259,2026-03-07 16:00:00+00:00
1772902800,83897.113,2026-03-07 17:00:00+00:00
1772906400,83838.382,2026-03-07 18:00:00+00:00
1772910000,83794.853,2026-03-07 19:00:00+00:00
1772913600,83773.231,2026-03-07 20:00:00+00:00
1772917200,83534.743,2026-03-07 21:00:00+00:00
1772920800,83648.817,2026-03-07 22:00:00+00:00
1772924400,83748.643,2026-03-07 23:00:00+00:00
1772928000,83986.245,2026-03-08 00:00:00+00:00
1772931600,84266.614,2026-03-08 01:00:00+00:00
1772935200,83988.864,2026-03-08 02:00:00+00:00
1772938800,84331.193,2026-03-08 03:00:00+00:00
1772942400,84297.038,2026-03-08 04:00:00+00:00
1772946000,84620.084,2026-03-08 05:00:00+00:00
1772949600,84906.533,2026-03-08 06:00:00+00:00
1772953200,84596.845,2026-03-08 07:00:00+00:00
1772956800,84219.331,2026-03-08 08:00:00+00:00
1772960400,83450.119,2026-03-08 09:00:00+00:00
1772964000,82947.849,2026-03-08 10:00:00+00:00
1772967600,82601.362,2026-03-08 11:00:00+00:00
1772971200,82532.593,2026-03-08 12:00:00+00:00
1772974800,82443.796,2026-03-08 13:00:00+00:00
1772978400,82497.654,2026-03-08 14:00:00+00:00
1772982000,82702.654,2026-03-08 15:00:00+00:00
1772985600,82950.183,2026-03-08 16:00:00+00:00
1772989200,82676.737,2026-03-08 17:00:00+00:00
1772992800,82631.95,2026-03-08 18:00:00+00:00
1772996400,82465.157,2026-03-08 19:00:00+00:00
1773000000,82645.215,2026-03-08 20:00:00+00:00
1773003600,82450.382,2026-03-08 21:00:00+00:00
1773007200,82220.818,2026-03-08 22:00:00+00:00
1773010800,82090.283,2026-03-08 23:00:00+00:00
1773014400,81929.453,2026-03-09 00:00:00+00:00
1773018000,82582.307,2026-03-09 01:00:00+00:00
1773021600,82075.153,2026-03-09 02:00:00+00:00
1773025200,81292.06,2026-03-09 03:00:00+00:00
1773028800,81055.262,2026-03-09 04:00:00+00:00
1773032400,81624.604,2026-03-09 05:00:00+00:00
1773036000,81226.089,2026-03-09 06:00:00+00:00
1773039600,81055.725,2026-03-09 07:00:00+00:00
1773043200,81200.051,2026-03-09 08:00:00+00:00
1773046800,81637.883,2026-03-09 09:00:00+00:00
1773050400,81600.386,2026-03-09 10:00:00+00:00
1773054000,81479.122,2026-03-09 11:00:00+00:00
1773057600,81183.905,2026-03-09 12:00:00+00:00
1773061200,82189.622,2026-03-09 13:00:00+00:00
1773064800,82986.691,2026-03-09 14:00:00+00:00
1773068400,83095.842,2026-03-09 15:00:00+00:00
1773072000,82493.81,2026-03-09 16:00:00+00:00
1773075600,82230.659,2026-03-09 17:00:00+00:00
1773079200,82066.685,2026-03-09 18:00:00+00:00
1773082800,82187.797,2026-03-09 19:00:00+00:00
1773086400,81988.724,2026-03-09 20:00:00+00:00
1773090000,81901.964,2026-03-09 21:00:00+00:00
1773093600,81786.829,2026-03-09 22:00:00+00:00
1773097200,81592.234,2026-03-09 23:00:00+00:00
1773100800,82447.034,2026-03-10 00:00:00+00:00
1773104400,82467.145,2026-03-10 01:00:00+00:00
1773108000,83151.884,2026-03-10 02:00:00+00:00
1773111600,82149.92,2026-03-10 03:00:00+00:00
1773115200,81992.608,2026-03-10 04:00:00+00:00
1773118800,82214.287,2026-03-10 05:00:00+00:00
1773122400,82451.871,2026-03-10 06:00:00+00:00
1773126000,82061.06,2026-03-10 07:00:00+00:00
1773129600,82692.905,2026-03-10 08:00:00+00:00
1773133200,83080.991,2026-03-10 09:00:00+00:00
1773136800,83250.233,2026-03-10 10:00:00+00:00
1773140400,83209.703,2026-03-10 11:00:00+00:00
1773144000,83368.955,2026-03-10 12:00:00+00:00
1773147600,82879.574,2026-03-10 13:00:00+00:00
1773151200,83200.058,2026-03-10 14:00:00+00:00
1773154800,83001.329,2026-03-10 15:00:00+00:00
1773158400,83426.922,2026-03-10 16:00:00+00:00
1773162000,82875.784,2026-03-10 17:00:00+00:00
1773165600,82158.318,2026-03-10 18:00:00+00:00
1773169200,81699.352,2026-03-10 19:00:00+00:00
1773172800,81501.067,2026-03-10 20:00:00+00:00
1773176400,81004.781,2026-03-10 21:00:00+00:00
1773180000,80639.876,2026-03-10 22:00:00+00:00
1773183600,80588.402,2026-03-10 23:00:00+00:00
1773187200,80798.977,2026-03-11 00:00:00+00:00
1773190800,80904.108,2026-03-11 01:00:00+00:00
1773194400,80756.797,2026-03-11 02:00:00+00:00
1773198000,81013.328,2026-03-11 03:00:00+00:00
1773201600,81124.826,2026-03-11 04:00:00+00:00
1773205200,81092.491,2026-03-11 05:00:00+00:00
1773208800,81451.11,2026-03-11 06:00:00+00:00
1773212400,81442.67,2026-03-11 07:00:00+00:00
1773216000,81347.666,2026-03-11 08:00:00+00:00
1773219600,81561.311,2026-03-11 09:00:00+00:00
1773223200,81525.528,2026-03-11 10:00:00+00:00
1773226800,81292.23,2026-03-11 11:00:00+00:00
1773230400,81174.054,2026-03-11 12:00:00+00:00
1773234000,81304.544,2026-03-11 13:00:00+00:00
1773237600,82073.657,2026-03-11 14:00:00+00:00
1773241200,81948.703,2026-03-11 15:00:00+00:00
1773244800,82514.048,2026-03-11 16:00:00+00:00
1773248400,83088.527,2026-03-11 17:00:00+00:00
1773252000,83004.981,2026-03-11 18:00:00+00:00
1773255600,82718.412,2026-03-11 19:00:00+00:00
1773259200,82332.147,2026-03-11 20:00:00+00:00
1773262800,82368.989,2026-03-11 21:00:00+00:00
1773266400,82464.998,2026-03-11 22:00:00+00:00
1773270000,82657.744,2026-03-11 23:00:00+00:00
1773273600,82618.998,2026-03-12 00:00:00+00:00
1773277200,82044.006,2026-03-12 01:00:00+00:00
1773280800,81548.697,2026-03-12 02:00:00+00:00
1773284400,81564.462,2026-03-12 03:00:00+00:00
1773288000,81673.663,2026-03-12 04:00:00+00:00
1773291600,81449.817,2026-03-12 05:00:00+00:00
1773295200,81365.158,2026-03-12 06:00:00+00:00
1773298800,81841.618,2026-03-12 07:00:00+00:00
1773302400,82114.514,2026-03-12 08:00:00+00:00
1773306000,81063.717,2026-03-12 09:00:00+00:00
1773309600,81372.104,2026-03-12 10:00:00+00:00
1773313200,81963.46,2026-03-12 11:00:00+00:00
1773316800,82251.091,2026-03-12 12:00:00+00:00
1773320400,82993.481,2026-03-12 13:00:00+00:00
1773324000,83303.989,2026-03-12 14:00:00+00:00
1773327600,83391.306,2026-03-12 15:00:00+00:00
1773331200,84272.444,2026-03-12 16:00:00+00:00
1773334800,84132.906,2026-03-12 17:00:00+00:00
1773338400,83768.922,2026-03-12 18:00:00+00:00
1773342000,83859.62,2026-03-12 19:00:00+00:00
1773345600,83939.005,2026-03-12 20:00:00+00:00
1773349200,83742.878,2026-03-12 21:00:00+00:00
1773352800,83900.493,2026-03-12 22:00:00+00:00
1773356400,84275.516,2026-03-12 23:00:00+00:00
1773360000,85959.938,2026-03-13 00:00:00+00:00
1773363600,86373.967,2026-03-13 01:00:00+00:00
1773367200,86229.064,2026-03-13 02:00:00+00:00
1773370800,85626.51,2026-03-13 03:00:00+00:00
1773374400,85753.665,2026-03-13 04:00:00+00:00
1773378000,85864.029,2026-03-13 05:00:00+00:00
1773381600,85355.156,2026-03-13 06:00:00+00:00
1773385200,86634.601,2026-03-13 07:00:00+00:00
1773388800,88165.943,2026-03-13 08:00:00+00:00
1773392400,88194.052,2026-03-13 09:00:00+00:00
1773396000,88839.302,2026-03-13 10:00:00+00:00
1773399600,88818.192,2026-03-13 11:00:00+00:00
1773403200,89331.829,2026-03-13 12:00:00+00:00
1773406800,88992.647,2026-03-13 13:00:00+00:00
1773410400,91472.023,2026-03-13 14:00:00+00:00
1773414000,88750.354,2026-03-13 15:00:00+00:00
1773417600,85653.662,2026-03-13 16:00:00+00:00
1773421200,86601.704,2026-03-13 17:00:00+00:00
1773424800,85114.774,2026-03-13 18:00:00+00:00
1773428400,85235.909,2026-03-13 19:00:00+00:00
1773432000,84872.394,2026-03-13 20:00:00+00:00
1773435600,84575.311,2026-03-13 21:00:00+00:00
1773439200,83491.859,2026-03-13 22:00:00+00:00
1773442800,83152.445,2026-03-13 23:00:00+00:00
1773446400,82842.649,2026-03-14 00:00:00+00:00
1773450000,83384.985,2026-03-14 01:00:00+00:00
1773453600,83518.975,2026-03-14 02:00:00+00:00
1773457200,83352.151,2026-03-14 03:00:00+00:00
1773460800,83343.834,2026-03-14 04:00:00+00:00
1773464400,83557.945,2026-03-14 05:00:00+00:00
1773468000,83940.723,2026-03-14 06:00:00+00:00
1773471600,83798.195,2026-03-14 07:00:00+00:00
1773475200,84007.856,2026-03-14 08:00:00+00:00
1773478800,84465.132,2026-03-14 09:00:00+00:00
1773482400,84783.292,2026-03-14 10:00:00+00:00
1773486000,84654.997,2026-03-14 11:00:00+00:00
1773489600,84564.927,2026-03-14 12:00:00+00:00
1773493200,84424.49,2026-03-14 13:00:00+00:00
1773496800,84433.017,2026-03-14 14:00:00+00:00
1773500400,84388.032,2026-03-14 15:00:00+00:00
1773504000,84151.127,2026-03-14 16:00:00+00:00
1773507600,84137.21,2026-03-14 17:00:00+00:00
1773511200,84154.778,2026-03-14 18:00:00+00:00
1773514800,84135.988,2026-03-14 19:00:00+00:00
1773518400,84033.695,2026-03-14 20:00:00+00:00
1773522000,83773.718,2026-03-14 21:00:00+00:00
1773525600,83880.453,2026-03-14 22:00:00+00:00
1773529200,83491.388,2026-03-14 23:00:00+00:00
1773532800,83486.966,2026-03-15 00:00:00+00:00
1773536400,83420.983,2026-03-15 01:00:00+00:00
1773540000,83009.752,2026-03-15 02:00:00+00:00
1773543600,83198.14,2026-03-15 03:00:00+00:00
1773547200,83009.938,2026-03-15 04:00:00+00:00
1773550800,83039.114,2026-03-15 05:00:00+00:00
1773554400,82614.522,2026-03-15 06:00:00+00:00
1773558000,82031.058,2026-03-15 07:00:00+00:00
1773561600,81685.8,2026-03-15 08:00:00+00:00
1773565200,82076.923,2026-03-15 09:00:00+00:00
1773568800,82233.919,2026-03-15 10:00:00+00:00
1773572400,82113.587,2026-03-15 11:00:00+00:00
1773576000,81989.476,2026-03-15 12:00:00+00:00
1773579600,82448.291,2026-03-15 13:00:00+00:00
1773583200,82680.011,2026-03-15 14:00:00+00:00
1773586800,82392.542,2026-03-15 15:00:00+00:00
1773590400,82488.516,2026-03-15 16:00:00+00:00
1773594000,82443.646,2026-03-15 17:00:00+00:00
1773597600,82112.555,2026-03-15 18:00:00+00:00
1773601200,82040.402,2026-03-15 19:00:00+00:00
1773604800,82151.446,2026-03-15 20:00:00+00:00
1773608400,82314.293,2026-03-15 21:00:00+00:00
1773612000,83489.725,2026-03-15 22:00:00+00:00
1773615600,83088.676,2026-03-15 23:00:00+00:00
1773619200,83149.442,2026-03-16 00:00:00+00:00
1773622800,83221.417,2026-03-16 01:00:00+00:00
1773626400,83537.151,2026-03-16 02:00:00+00:00
1773630000,84115.996,2026-03-16 03:00:00+00:00
1773633600,86950.741,2026-03-16 04:00:00+00:00
1773637200,87451.509,2026-03-16 05:00:00+00:00
1773640800,87521.907,2026-03-16 06:00:00+00:00
1773644400,87468.318,2026-03-16 07:00:00+00:00
1773648000,86055.883,2026-03-16 08:00:00+00:00
1773651600,86118.353,2026-03-16 09:00:00+00:00
1773655200,86250.435,2026-03-16 10:00:00+00:00
1773658800,86572.531,2026-03-16 11:00:00+00:00
1773662400,87648.756,2026-03-16 12:00:00+00:00
1773666000,88241.561,2026-03-16 13:00:00+00:00
1773669600,86459.184,2026-03-16 14:00:00+00:00
1773673200,87019.511,2026-03-16 15:00:00+00:00
1773676800,88085.04,2026-03-16 16:00:00+00:00
1773680400,88613.054,2026-03-16 17:00:00+00:00
1773684000,89112.814,2026-03-16 18:00:00+00:00
1773687600,89069.019,2026-03-16 19:00:00+00:00
1773691200,89125.443,2026-03-16 20:00:00+00:00
1773694800,88908.123,2026-03-16 21:00:00+00:00
1773698400,88738.664,2026-03-16 22:00:00+00:00
1773702000,88357.174,2026-03-16 23:00:00+00:00
1773705600,89241.542,2026-03-17 00:00:00+00:00
1773709200,90361.669,2026-03-17 01:00:00+00:00
1773712800,89854.658,2026-03-17 02:00:00+00:00
1773716400,88820.801,2026-03-17 03:00:00+00:00
1773720000,87720.889,2026-03-17 04:00:00+00:00
1773723600,88923.07,2026-03-17 05:00:00+00:00
1773727200,88463.011,2026-03-17 06:00:00+00:00
1773730800,88152.411,2026-03-17 07:00:00+00:00
1773734400,88276.2,2026-03-17 08:00:00+00:00
1773738000,87946.022,2026-03-17 09:00:00+00:00
1773741600,86105.92,2026-03-17 10:00:00+00:00
1773745200,86675.661,2026-03-17 11:00:00+00:00
1773748800,86813.287,2026-03-17 12:00:00+00:00
1773752400,89097.171,2026-03-17 13:00:00+00:00
1773756000,89455.212,2026-03-17 14:00:00+00:00
1773759600,89182.19,2026-03-17 15:00:00+00:00
1773763200,89984.091,2026-03-17 16:00:00+00:00
1773766800,91911.087,2026-03-17 17:00:00+00:00
1773770400,92444.945,2026-03-17 18:00:00+00:00
1773774000,92870.879,2026-03-17 19:00:00+00:00
1773777600,92645.115,2026-03-17 20:00:00+00:00
1773781200,92813.807,2026-03-17 21:00:00+00:00
1773784800,93085.703,2026-03-17 22:00:00+00:00
1773788400,93209.562,2026-03-17 23:00:00+00:00
1773792000,92908.843,2026-03-18 00:00:00+00:00
1773795600,92862.565,2026-03-18 01:00:00+00:00
1773799200,93034.095,2026-03-18 02:00:00+00:00
1773802800,93428.192,2026-03-18 03:00:00+00:00
1773806400,93427.119,2026-03-18 04:00:00+00:00
1773810000,93576.733,2026-03-18 05:00:00+00:00
1773813600,93503.278,2026-03-18 06:00:00+00:00
1773817200,93429.361,2026-03-18 07:00:00+00:00
1773820800,93748.542,2026-03-18 08:00:00+00:00
1773824400,93567.709,2026-03-18 09:00:00+00:00
1773828000,93594.153,2026-03-18 10:00:00+00:00
1773831600,92841.686,2026-03-18 11:00:00+00:00
1773835200,91814.628,2026-03-18 12:00:00+00:00
1773838800,91227.257,2026-03-18 13:00:00+00:00
1773842400,90279.34,2026-03-18 14:00:00+00:00
1773846000,87159.713,2026-03-18 15:00:00+00:00
1773849600,87300.241,2026-03-18 16:00:00+00:00
1773853200,86846.692,2026-03-18 17:00:00+00:00
1773856800,86407.608,2026-03-18 18:00:00+00:00
1773860400,86867.841,2026-03-18 19:00:00+00:00
1773864000,86176.415,2026-03-18 20:00:00+00:00
1773867600,86009.917,2026-03-18 21:00:00+00:00
1773871200,85944.3,2026-03-18 22:00:00+00:00
1773874800,85933.341,2026-03-18 23:00:00+00:00
1773878400,86057.619,2026-03-19 00:00:00+00:00
1773882000,86173.367,2026-03-19 01:00:00+00:00
1773885600,86263.604,2026-03-19 02:00:00+00:00
1773889200,86461.033,2026-03-19 03:00:00+00:00
1773892800,86491.668,2026-03-19 04:00:00+00:00
1773896400,86683.817,2026-03-19 05:00:00+00:00
1773900000,87047.092,2026-03-19 06:00:00+00:00
1773903600,87324.887,2026-03-19 07:00:00+00:00
1773907200,89200.272,2026-03-19 08:00:00+00:00
1773910800,88780.834,2026-03-19 09:00:00+00:00
1773914400,88907.817,2026-03-19 10:00:00+00:00
1773918000,89209.312,2026-03-19 11:00:00+00:00
1773921600,88223.341,2026-03-19 12:00:00+00:00
1773925200,88640.854,2026-03-19 13:00:00+00:00
1773928800,88588.727,2026-03-19 14:00:00+00:00
1773932400,86933.563,2026-03-19 15:00:00+00:00
1773936000,87777.778,2026-03-19 16:00:00+00:00
1773939600,87501.6,2026-03-19 17:00:00+00:00
1773943200,87450.894,2026-03-19 18:00:00+00:00
1773946800,87139.086,2026-03-19 19:00:00+00:00
1773950400,87096.895,2026-03-19 20:00:00+00:00
1773954000,87000.491,2026-03-19 21:00:00+00:00
1773957600,87080.812,2026-03-19 22:00:00+00:00
1773961200,86870.61,2026-03-19 23:00:00+00:00
1773964800,86896.772,2026-03-20 00:00:00+00:00
1773968400,86928.615,2026-03-20 01:00:00+00:00
1773972000,86766.05,2026-03-20 02:00:00+00:00
1773975600,86897.927,2026-03-20 03:00:00+00:00
1773979200,87219.074,2026-03-20 04:00:00+00:00
1773982800,87471.016,2026-03-20 05:00:00+00:00
1773986400,87444.986,2026-03-20 06:00:00+00:00
1773990000,87616.252,2026-03-20 07:00:00+00:00
1773993600,87421.623,2026-03-20 08:00:00+00:00
1773997200,87557.474,2026-03-20 09:00:00+00:00
1774000800,87074.243,2026-03-20 10:00:00+00:00
1774004400,86590.639,2026-03-20 11:00:00+00:00
1774008000,86959.061,2026-03-20 12:00:00+00:00
1774011600,87458.616,2026-03-20 13:00:00+00:00
1774015200,86856.043,2026-03-20 14:00:00+00:00
1774018800,86790.415,2026-03-20 15:00:00+00:00
1774022400,86911.15,2026-03-20 16:00:00+00:00
1774026000,87160.854,2026-03-20 17:00:00+00:00
1774029600,87033.529,2026-03-20 18:00:00+00:00
1774033200,87130.598,2026-03-20 19:00:00+00:00
1774036800,86883.487,2026-03-20 20:00:00+00:00
1774040400,87088.424,2026-03-20 21:00:00+00:00
1774044000,86882.709,2026-03-20 22:00:00+00:00
1774047600,86773.998,2026-03-20 23:00:00+00:00
1774051200,87126.148,2026-03-21 00:00:00+00:00
1774054800,87255.855,2026-03-21 01:00:00+00:00
1774058400,87264.545,2026-03-21 02:00:00+00:00
1774062000,87379.933,2026-03-21 03:00:00+00:00
1774065600,87367.715,2026-03-21 04:00:00+00:00
1774069200,87297.738,2026-03-21 05:00:00+00:00
1774072800,87306.506,2026-03-21 06:00:00+00:00
1774076400,87141.133,2026-03-21 07:00:00+00:00
1774080000,87416.506,2026-03-21 08:00:00+00:00
1774083600,87341.81,2026-03-21 09:00:00+00:00
1774087200,87486.928,2026-03-21 10:00:00+00:00
1774090800,87356.3,2026-03-21 11:00:00+00:00
1774094400,87365.859,2026-03-21 12:00:00+00:00
1774098000,87367.268,2026-03-21 13:00:00+00:00
1774101600,87325.656,2026-03-21 14:00:00+00:00
1774105200,87306.937,2026-03-21 15:00:00+00:00
1774108800,87469.052,2026-03-21 16:00:00+00:00
1774112400,87426.352,2026-03-21 17:00:00+00:00
1774116000,87292.536,2026-03-21 18:00:00+00:00
1774119600,87399.315,2026-03-21 19:00:00+00:00
1774123200,87289.315,2026-03-21 20:00:00+00:00
1774126800,87139.229,2026-03-21 21:00:00+00:00
1774130400,87193.995,2026-03-21 22:00:00+00:00
1774134000,86416.049,2026-03-21 23:00:00+00:00
1774137600,86937.607,2026-03-22 00:00:00+00:00
1774141200,87153.788,2026-03-22 01:00:00+00:00
1774144800,87317.663,2026-03-22 02:00:00+00:00
1774148400,87414.837,2026-03-22 03:00:00+00:00
1774152000,87650.648,2026-03-22 04:00:00+00:00
1774155600,87776.501,2026-03-22 05:00:00+00:00
1774159200,87771.707,2026-03-22 06:00:00+00:00
1774162800,87797.358,2026-03-22 07:00:00+00:00
1774166400,88221.66,2026-03-22 08:00:00+00:00
1774170000,88191.018,2026-03-22 09:00:00+00:00
1774173600,88303.643,2026-03-22 10:00:00+00:00
1774177200,88530.794,2026-03-22 11:00:00+00:00
1774180800,88059.186,2026-03-22 12:00:00+00:00
1774184400,88002.083,2026-03-22 13:00:00+00:00
1774188000,87913.779,2026-03-22 14:00:00+00:00
1774191600,87795.355,2026-03-22 15:00:00+00:00
1774195200,87701.459,2026-03-22 16:00:00+00:00
1774198800,87525.155,2026-03-22 17:00:00+00:00
1774202400,87337.765,2026-03-22 18:00:00+00:00
1774206000,87569.553,2026-03-22 19:00:00+00:00
1774209600,87619.805,2026-03-22 20:00:00+00:00
1774213200,86400.518,2026-03-22 21:00:00+00:00
1774216800,86525.543,2026-03-22 22:00:00+00:00
1774220400,86663.857,2026-03-22 23:00:00+00:00
1774224000,87264.983,2026-03-23 00:00:00+00:00
1774227600,87544.997,2026-03-23 01:00:00+00:00
1774231200,87741.38,2026-03-23 02:00:00+00:00
1774234800,87641.446,2026-03-23 03:00:00+00:00
1774238400,87918.219,2026-03-23 04:00:00+00:00
1774242000,87762.086,2026-03-23 05:00:00+00:00
1774245600,88131.559,2026-03-23 06:00:00+00:00
1774249200,87789.369,2026-03-23 07:00:00+00:00
1774252800,87719.37,2026-03-23 08:00:00+00:00
1774256400,87465.884,2026-03-23 09:00:00+00:00
1774260000,87767.29,2026-03-23 10:00:00+00:00
1774263600,87061.096,2026-03-23 11:00:00+00:00
1774267200,86600.365,2026-03-23 12:00:00+00:00
1774270800,86637.22,2026-03-23 13:00:00+00:00
1774274400,87449.677,2026-03-23 14:00:00+00:00
1774278000,87316.269,2026-03-23 15:00:00+00:00
1774281600,85928.394,2026-03-23 16:00:00+00:00
1774285200,85642.914,2026-03-23 17:00:00+00:00
1774288800,85771.425,2026-03-23 18:00:00+00:00
1774292400,85760.591,2026-03-23 19:00:00+00:00
1774296000,85320.612,2026-03-23 20:00:00+00:00
1774299600,85322.324,2026-03-23 21:00:00+00:00
1774303200,85386.038,2026-03-23 22:00:00+00:00
1774306800,85430.946,2026-03-23 23:00:00+00:00
1774310400,85517.287,2026-03-24 00:00:00+00:00
1774314000,85267.934,2026-03-24 01:00:00+00:00
1774317600,85357.701,2026-03-24 02:00:00+00:00
1774321200,85405.367,2026-03-24 03:00:00+00:00
1774324800,85664.01,2026-03-24 04:00:00+00:00
1774328400,85454.738,2026-03-24 05:00:00+00:00
1774332000,85525.53,2026-03-24 06:00:00+00:00
1774335600,85598.568,2026-03-24 07:00:00+00:00
1774339200,85690.394,2026-03-24 08:00:00+00:00
1774342800,85948.095,2026-03-24 09:00:00+00:00
1774346400,85960.343,2026-03-24 10:00:00+00:00
1774350000,85780.791,2026-03-24 11:00:00+00:00
1774353600,86048.418,2026-03-24 12:00:00+00:00
1774357200,86292.182,2026-03-24 13:00:00+00:00
1774360800,86294.869,2026-03-24 14:00:00+00:00
1774364400,85597.895,2026-03-24 15:00:00+00:00
1774368000,85822.923,2026-03-24 16:00:00+00:00
1774371600,85668.382,2026-03-24 17:00:00+00:00
1774375200,85605.446,2026-03-24 18:00:00+00:00
1774378800,85548.188,2026-03-24 19:00:00+00:00
1774382400,85840.691,2026-03-24 20:00:00+00:00
1774386000,85498.606,2026-03-24 21:00:00+00:00
1774389600,85404.689,2026-03-24 22:00:00+00:00
1774393200,86158.095,2026-03-24 23:00:00+00:00
1774396800,86152.615,2026-03-25 00:00:00+00:00
1774400400,85900.425,2026-03-25 01:00:00+00:00
1774404000,85934.737,2026-03-25 02:00:00+00:00
1774407600,85971.72,2026-03-25 03:00:00+00:00
1774411200,85867.761,2026-03-25 04:00:00+00:00
1774414800,86444.57,2026-03-25 05:00:00+00:00
1774418400,86778.696,2026-03-25 06:00:00+00:00
1774422000,86916.424,2026-03-25 07:00:00+00:00
1774425600,87171.018,2026-03-25 08:00:00+00:00
1774429200,87255.201,2026-03-25 09:00:00+00:00
1774432800,87413.961,2026-03-25 10:00:00+00:00
1774436400,87678.179,2026-03-25 11:00:00+00:00
1774440000,87601.497,2026-03-25 12:00:00+00:00
1774443600,87882.495,2026-03-25 13:00:00+00:00
1774447200,87965.473,2026-03-25 14:00:00+00:00
1774450800,87085.395,2026-03-25 15:00:00+00:00
1774454400,87530.835,2026-03-25 16:00:00+00:00
1774458000,87373.405,2026-03-25 17:00:00+00:00
1774461600,86970.485,2026-03-25 18:00:00+00:00
1774465200,86845.251,2026-03-25 19:00:00+00:00
1774468800,86505.653,2026-03-25 20:00:00+00:00
1774472400,86315.256,2026-03-25 21:00:00+00:00
1774476000,86307.873,2026-03-25 22:00:00+00:00
1774479600,86305.147,2026-03-25 23:00:00+00:00
1774483200,86388.056,2026-03-26 00:00:00+00:00
1774486800,86524.637,2026-03-26 01:00:00+00:00
1774490400,86638.568,2026-03-26 02:00:00+00:00
1774494000,86799.447,2026-03-26 03:00:00+00:00
1774497600,86805.294,2026-03-26 04:00:00+00:00
1774501200,86181.309,2026-03-26 05:00:00+00:00
1774504800,86614.161,2026-03-26 06:00:00+00:00
1774508400,86771.758,2026-03-26 07:00:00+00:00
1774512000,86966.147,2026-03-26 08:00:00+00:00
1774515600,86978.031,2026-03-26 09:00:00+00:00
1774519200,87165.229,2026-03-26 10:00:00+00:00
1774522800,86866.892,2026-03-26 11:00:00+00:00
1774526400,87078.534,2026-03-26 12:00:00+00:00
1774530000,86990.619,2026-03-26 13:00:00+00:00
1774533600,87540.47,2026-03-26 14:00:00+00:00
1774537200,86629.3,2026-03-26 15:00:00+00:00
1774540800,87018.818,2026-03-26 16:00:00+00:00
1774544400,86535.324,2026-03-26 17:00:00+00:00
1774548000,86664.1,2026-03-26 18:00:00+00:00
1774551600,86638.697,2026-03-26 19:00:00+00:00
1774555200,87024.817,2026-03-26 20:00:00+00:00
1774558800,87342.274,2026-03-26 21:00:00+00:00
1774562400,87513.585,2026-03-26 22:00:00+00:00
1774566000,87402.555,2026-03-26 23:00:00+00:00
1774569600,88082.322,2026-03-27 00:00:00+00:00
1774573200,88240.377,2026-03-27 01:00:00+00:00
1774576800,88165.984,2026-03-27 02:00:00+00:00
1774580400,88365.058,2026-03-27 03:00:00+00:00
1774584000,88417.851,2026-03-27 04:00:00+00:00
1774587600,88570.209,2026-03-27 05:00:00+00:00
1774591200,88760.736,2026-03-27 06:00:00+00:00
1774594800,89032.303,2026-03-27 07:00:00+00:00
1774598400,89333.347,2026-03-27 08:00:00+00:00
1774602000,90098.057,2026-03-27 09:00:00+00:00
1774605600,91313.614,2026-03-27 10:00:00+00:00
1774609200,91748.496,2026-03-27 11:00:00+00:00
1774612800,92232.378,2026-03-27 12:00:00+00:00
1774616400,93122.771,2026-03-27 13:00:00+00:00
1774620000,93628.324,2026-03-27 14:00:00+00:00
1774623600,93968.872,2026-03-27 15:00:00+00:00
1774627200,94415.693,2026-03-27 16:00:00+00:00
1774630800,94735.557,2026-03-27 17:00:00+00:00
1774634400,94583.086,2026-03-27 18:00:00+00:00
1774638000,94911.248,2026-03-27 19:00:00+00:00
1774641600,95031.713,2026-03-27 20:00:00+00:00
1774645200,95111.772,2026-03-27 21:00:00+00:00
1774648800,95222.441,2026-03-27 22:00:00+00:00
1774652400,95175.747,2026-03-27 23:00:00+00:00
1774656000,95242.317,2026-03-28 00:00:00+00:00
1774659600,94992.231,2026-03-28 01:00:00+00:00
1774663200,95123.518,2026-03-28 02:00:00+00:00
1774666800,95212.876,2026-03-28 03:00:00+00:00
1774670400,95125.139,2026-03-28 04:00:00+00:00
1774674000,95263.488,2026-03-28 05:00:00+00:00
1774677600,95413.766,2026-03-28 06:00:00+00:00
1774681200,95324.919,2026-03-28 07:00:00+00:00
1774684800,95499.961,2026-03-28 08:00:00+00:00
1774688400,95495.532,2026-03-28 09:00:00+00:00
1774692000,95335.555,2026-03-28 10:00:00+00:00
1774695600,95333.187,2026-03-28 11:00:00+00:00
1774699200,95587.162,2026-03-28 12:00:00+00:00
1774702800,94626.538,2026-03-28 13:00:00+00:00
1774706400,94962.728,2026-03-28 14:00:00+00:00
1774710000,94858.582,2026-03-28 15:00:00+00:00
1774713600,94772.249,2026-03-28 16:00:00+00:00
1774717200,94771.185,2026-03-28 17:00:00+00:00
1774720800,95162.505,2026-03-28 18:00:00+00:00
1774724400,95147.448,2026-03-28 19:00:00+00:00
1774728000,95085.238,2026-03-28 20:00:00+00:00
1774731600,94824.882,2026-03-28 21:00:00+00:00
1774735200,94814.868,2026-03-28 22:00:00+00:00
1774738800,93836.139,2026-03-28 23:00:00+00:00
1774742400,93867.559,2026-03-29 00:00:00+00:00
1774746000,94085.486,2026-03-29 01:00:00+00:00
1774749600,94228.452,2026-03-29 02:00:00+00:00
1774753200,94784.937,2026-03-29 03:00:00+00:00
1774756800,94554.409,2026-03-29 04:00:00+00:00
1774760400,94595.247,2026-03-29 05:00:00+00:00
1774764000,94736.107,2026-03-29 06:00:00+00:00
1774767600,95251.914,2026-03-29 07:00:00+00:00
1774771200,95348.334,2026-03-29 08:00:00+00:00
1774774800,95271.677,2026-03-29 09:00:00+00:00
1774778400,95277.635,2026-03-29 10:00:00+00:00
1774782000,95103.775,2026-03-29 11:00:00+00:00
1774785600,95361.51,2026-03-29 12:00:00+00:00
1774789200,95279.725,2026-03-29 13:00:00+00:00
1774792800,95516.388,2026-03-29 14:00:00+00:00
1774796400,95443.638,2026-03-29 15:00:00+00:00
1774800000,95538.916,2026-03-29 16:00:00+00:00
1774803600,95875.644,2026-03-29 17:00:00+00:00
1774807200,95854.652,2026-03-29 18:00:00+00:00
1774810800,96038.477,2026-03-29 19:00:00+00:00
1774814400,95418.459,2026-03-29 20:00:00+00:00
1774818000,95567.287,2026-03-29 21:00:00+00:00
1774821600,93863.122,2026-03-29 22:00:00+00:00
1774825200,94221.464,2026-03-29 23:00:00+00:00
1774828800,93115.093,2026-03-30 00:00:00+00:00
1774832400,92569.43,2026-03-30 01:00:00+00:00
1774836000,92320.635,2026-03-30 02:00:00+00:00
1774839600,92466.205,2026-03-30 03:00:00+00:00
1774843200,92411.385,2026-03-30 04:00:00+00:00
1774846800,92389.294,2026-03-30 05:00:00+00:00
1774850400,92282.038,2026-03-30 06:00:00+00:00
1774854000,91999.429,2026-03-30 07:00:00+00:00
1774857600,91086.192,2026-03-30 08:00:00+00:00
1774861200,91400.381,2026-03-30 09:00:00+00:00
1774864800,91509.793,2026-03-30 10:00:00+00:00
1774868400,91669.792,2026-03-30 11:00:00+00:00
1774872000,91848.367,2026-03-30 12:00:00+00:00
1774875600,92089.425,2026-03-30 13:00:00+00:00
1774879200,91662.478,2026-03-30 14:00:00+00:00
1774882800,91916.917,2026-03-30 15:00:00+00:00
1774886400,91972.562,2026-03-30 16:00:00+00:00
1774890000,91314.439,2026-03-30 17:00:00+00:00
1774893600,90207.077,2026-03-30 18:00:00+00:00
1774897200,89760.117,2026-03-30 19:00:00+00:00
1774900800,89448.024,2026-03-30 20:00:00+00:00
1774904400,89245.457,2026-03-30 21:00:00+00:00
1774908000,89138.709,2026-03-30 22:00:00+00:00
1774911600,89923.407,2026-03-30 23:00:00+00:00
1774915200,89820.501,2026-03-31 00:00:00+00:00
1774918800,90069.665,2026-03-31 01:00:00+00:00
1774922400,90409.754,2026-03-31 02:00:00+00:00
1774926000,90573.12,2026-03-31 03:00:00+00:00
1774929600,90612.145,2026-03-31 04:00:00+00:00
1774933200,90111.29,2026-03-31 05:00:00+00:00
1774936800,90357.08,2026-03-31 06:00:00+00:00
1774940400,90713.568,2026-03-31 07:00:00+00:00
1774944000,90654.029,2026-03-31 08:00:00+00:00
1774947600,90563.722,2026-03-31 09:00:00+00:00
1774951200,90783.557,2026-03-31 10:00:00+00:00
1774954800,91269.14,2026-03-31 11:00:00+00:00
1774958400,91147.393,2026-03-31 12:00:00+00:00
1774962000,91315.057,2026-03-31 13:00:00+00:00
1774965600,91178.96,2026-03-31 14:00:00+00:00
1774969200,91546.44,2026-03-31 15:00:00+00:00
1774972800,91166.67,2026-03-31 16:00:00+00:00
1774976400,89451.348,2026-03-31 17:00:00+00:00
1774980000,89342.965,2026-03-31 18:00:00+00:00
1774983600,89168.962,2026-03-31 19:00:00+00:00
1774987200,88992.946,2026-03-31 20:00:00+00:00
1774990800,88742.298,2026-03-31 21:00:00+00:00
1774994400,89109.162,2026-03-31 22:00:00+00:00
1774998000,89211.199,2026-03-31 23:00:00+00:00
1775001600,89552.819,2026-04-01 00:00:00+00:00
1775005200,90022.128,2026-04-01 01:00:00+00:00
1775008800,89973.766,2026-04-01 02:00:00+00:00
1775012400,90020.2,2026-04-01 03:00:00+00:00
1775016000,90559.597,2026-04-01 04:00:00+00:00
1775019600,90501.164,2026-04-01 05:00:00+00:00
1775023200,90903.697,2026-04-01 06:00:00+00:00
1775026800,91237.879,2026-04-01 07:00:00+00:00
1775030400,90805.246,2026-04-01 08:00:00+00:00
1775034000,91214.898,2026-04-01 09:00:00+00:00
1775037600,91227.451,2026-04-01 10:00:00+00:00
1775041200,91249.043,2026-04-01 11:00:00+00:00
1775044800,90895.613,2026-04-01 12:00:00+00:00
1775048400,90535.81,2026-04-01 13:00:00+00:00
1775052000,90376.468,2026-04-01 14:00:00+00:00
1775055600,90624.147,2026-04-01 15:00:00+00:00
1775059200,90582.83,2026-04-01 16:00:00+00:00
1775062800,90312.384,2026-04-01 17:00:00+00:00
1775066400,89937.02,2026-04-01 18:00:00+00:00
1775070000,89765.967,2026-04-01 19:00:00+00:00
1775073600,89615.774,2026-04-01 20:00:00+00:00
1775077200,89261.163,2026-04-01 21:00:00+00:00
1775080800,89307.854,2026-04-01 22:00:00+00:00
1775084400,89175.33,2026-04-01 23:00:00+00:00
1775088000,89049.407,2026-04-02 00:00:00+00:00
1775091600,88402.051,2026-04-02 01:00:00+00:00
1775095200,88327.198,2026-04-02 02:00:00+00:00
1775098800,88496.414,2026-04-02 03:00:00+00:00
1775102400,88593.721,2026-04-02 04:00:00+00:00
1775106000,88206.953,2026-04-02 05:00:00+00:00
1775109600,88010.433,2026-04-02 06:00:00+00:00
1775113200,88012.517,2026-04-02 07:00:00+00:00
1775116800,88333.147,2026-04-02 08:00:00+00:00
1775120400,88516.679,2026-04-02 09:00:00+00:00
1775124000,88725.745,2026-04-02 10:00:00+00:00
1775127600,88715.927,2026-04-02 11:00:00+00:00
1775131200,89111.435,2026-04-02 12:00:00+00:00
1775134800,89888.428,2026-04-02 13:00:00+00:00
1775138400,89854.525,2026-04-02 14:00:00+00:00
1775142000,90568.571,2026-04-02 15:00:00+00:00
1775145600,91238.777,2026-04-02 16:00:00+00:00
1775149200,90803.047,2026-04-02 17:00:00+00:00
1775152800,90351.558,2026-04-02 18:00:00+00:00
1775156400,90249.71,2026-04-02 19:00:00+00:00
1775160000,90140.565,2026-04-02 20:00:00+00:00
1775163600,90146.836,2026-04-02 21:00:00+00:00
1775167200,90166.043,2026-04-02 22:00:00+00:00
1775170800,90117.214,2026-04-02 23:00:00+00:00
1775174400,90454.497,2026-04-03 00:00:00+00:00
1775178000,90491.439,2026-04-03 01:00:00+00:00
1775181600,90695.389,2026-04-03 02:00:00+00:00
1775185200,90850.888,2026-04-03 03:00:00+00:00
1775188800,90892.615,2026-04-03 04:00:00+00:00
1775192400,90607.02,2026-04-03 05:00:00+00:00
1775196000,90568.371,2026-04-03 06:00:00+00:00
1775199600,90159.056,2026-04-03 07:00:00+00:00
1775203200,90347.899,2026-04-03 08:00:00+00:00
1775206800,90303.153,2026-04-03 09:00:00+00:00
1775210400,90208.253,2026-04-03 10:00:00+00:00
1775214000,90066.916,2026-04-03 11:00:00+00:00
1775217600,90102.78,2026-04-03 12:00:00+00:00
1775221200,90463.092,2026-04-03 13:00:00+00:00
1775224800,90454.019,2026-04-03 14:00:00+00:00
1775228400,90484.512,2026-04-03 15:00:00+00:00
1775232000,90448.432,2026-04-03 16:00:00+00:00
1775235600,90412.916,2026-04-03 17:00:00+00:00
1775239200,90336.952,2026-04-03 18:00:00+00:00
1775242800,90241.354,2026-04-03 19:00:00+00:00
1775246400,90242.911,2026-04-03 20:00:00+00:00
1775250000,90313.703,2026-04-03 21:00:00+00:00
1775253600,90344.218,2026-04-03 22:00:00+00:00
1775257200,90275.495,2026-04-03 23:00:00+00:00
1775260800,90401.387,2026-04-04 00:00:00+00:00
1775264400,90432.826,2026-04-04 01:00:00+00:00
1775268000,90446.297,2026-04-04 02:00:00+00:00
1775271600,90394.978,2026-04-04 03:00:00+00:00
1775275200,90392.434,2026-04-04 04:00:00+00:00
1775278800,90326.938,2026-04-04 05:00:00+00:00
1775282400,90108.464,2026-04-04 06:00:00+00:00
1775286000,90173.78,2026-04-04 07:00:00+00:00
1775289600,90135.953,2026-04-04 08:00:00+00:00
1775293200,90165.687,2026-04-04 09:00:00+00:00
1775296800,90309.333,2026-04-04 10:00:00+00:00
1775300400,90475.692,2026-04-04 11:00:00+00:00
1775304000,90610.458,2026-04-04 12:00:00+00:00
1775307600,90541.397,2026-04-04 13:00:00+00:00
1775311200,91546.884,2026-04-04 14:00:00+00:00
1775314800,91722.564,2026-04-04 15:00:00+00:00
1775318400,92349.633,2026-04-04 16:00:00+00:00
1775322000,92009.952,2026-04-04 17:00:00+00:00
1775325600,91994.024,2026-04-04 18:00:00+00:00
1775329200,91894.853,2026-04-04 19:00:00+00:00
1775332800,91753.637,2026-04-04 20:00:00+00:00
1775336400,91536.128,2026-04-04 21:00:00+00:00
1775340000,91491.291,2026-04-04 22:00:00+00:00
1775343600,91400.975,2026-04-04 23:00:00+00:00
1775347200,91397.945,2026-04-05 00:00:00+00:00
1775350800,91378.786,2026-04-05 01:00:00+00:00
1775354400,91284.188,2026-04-05 02:00:00+00:00
1775358000,91324.66,2026-04-05 03:00:00+00:00
1775361600,91414.492,2026-04-05 04:00:00+00:00
1775365200,91203.866,2026-04-05 05:00:00+00:00
1775368800,89935.13,2026-04-05 06:00:00+00:00
1775372400,89843.713,2026-04-05 07:00:00+00:00
1775376000,89886.017,2026-04-05 08:00:00+00:00
1775379600,89835.932,2026-04-05 09:00:00+00:00
1775383200,89870.668,2026-04-05 10:00:00+00:00
1775386800,89966.302,2026-04-05 11:00:00+00:00
1775390400,89959.503,2026-04-05 12:00:00+00:00
1775394000,90059.219,2026-04-05 13:00:00+00:00
1775397600,90140.923,2026-04-05 14:00:00+00:00
1775401200,89754.58,2026-04-05 15:00:00+00:00
1775404800,90035.541,2026-04-05 16:00:00+00:00
1775408400,90091.999,2026-04-05 17:00:00+00:00
1775412000,90142.632,2026-04-05 18:00:00+00:00
1775415600,90195.974,2026-04-05 19:00:00+00:00
1775419200,89942.513,2026-04-05 20:00:00+00:00
1775422800,89630.32,2026-04-05 21:00:00+00:00
1775426400,90053.434,2026-04-05 22:00:00+00:00
1775430000,91027.461,2026-04-05 23:00:00+00:00
1775433600,91476.7,2026-04-06 00:00:00+00:00
1775437200,91662.454,2026-04-06 01:00:00+00:00
1775440800,92065.161,2026-04-06 02:00:00+00:00
1775444400,92697.451,2026-04-06 03:00:00+00:00
1775448000,93144.553,2026-04-06 04:00:00+00:00
1775451600,93321.647,2026-04-06 05:00:00+00:00
1775455200,93180.071,2026-04-06 06:00:00+00:00
1775458800,94184.34,2026-04-06 07:00:00+00:00
1775462400,94716.593,2026-04-06 08:00:00+00:00
1775466000,94888.773,2026-04-06 09:00:00+00:00
1775469600,94776.548,2026-04-06 10:00:00+00:00
1775473200,94755.839,2026-04-06 11:00:00+00:00
1775476800,94742.649,2026-04-06 12:00:00+00:00
1775480400,94571.746,2026-04-06 13:00:00+00:00
1775484000,93779.34,2026-04-06 14:00:00+00:00
1775487600,94068.026,2026-04-06 15:00:00+00:00
1775491200,94846.553,2026-04-06 16:00:00+00:00
1775494800,95150.471,2026-04-06 17:00:00+00:00
1775498400,95084.168,2026-04-06 18:00:00+00:00
1775502000,94913.071,2026-04-06 19:00:00+00:00
1775505600,95033.178,2026-04-06 20:00:00+00:00
1775509200,94873.368,2026-04-06 21:00:00+00:00
1775512800,93995.66,2026-04-06 22:00:00+00:00
1775516400,91587.589,2026-04-06 23:00:00+00:00
1775520000,91647.934,2026-04-07 00:00:00+00:00
1775523600,91272.187,2026-04-07 01:00:00+00:00
1775527200,91331.702,2026-04-07 02:00:00+00:00
1775530800,91174.041,2026-04-07 03:00:00+00:00
1775534400,91427.023,2026-04-07 04:00:00+00:00
1775538000,91427.025,2026-04-07 05:00:00+00:00
1775541600,91219.229,2026-04-07 06:00:00+00:00
1775545200,91062.388,2026-04-07 07:00:00+00:00
1775548800,91446.702,2026-04-07 08:00:00+00:00
1775552400,91507.517,2026-04-07 09:00:00+00:00
1775556000,91693.468,2026-04-07 10:00:00+00:00
1775559600,91055.708,2026-04-07 11:00:00+00:00
1775563200,90912.697,2026-04-07 12:00:00+00:00
1775566800,90201.922,2026-04-07 13:00:00+00:00
1775570400,89478.777,2026-04-07 14:00:00+00:00
1775574000,89371.233,2026-04-07 15:00:00+00:00
1775577600,89350.854,2026-04-07 16:00:00+00:00
1775581200,89147.067,2026-04-07 17:00:00+00:00
1775584800,88639.894,2026-04-07 18:00:00+00:00
1775588400,88708.462,2026-04-07 19:00:00+00:00
1775592000,88232.515,2026-04-07 20:00:00+00:00
1775595600,88415.881,2026-04-07 21:00:00+00:00
1775599200,88241.568,2026-04-07 22:00:00+00:00
1775602800,87993.19,2026-04-07 23:00:00+00:00
1775606400,88061.015,2026-04-08 00:00:00+00:00
1775610000,88346.599,2026-04-08 01:00:00+00:00
1775613600,88015.623,2026-04-08 02:00:00+00:00
1775617200,87927.275,2026-04-08 03:00:00+00:00
1775620800,87924.137,2026-04-08 04:00:00+00:00
1775624400,88172.755,2026-04-08 05:00:00+00:00
1775628000,88389.828,2026-04-08 06:00:00+00:00
1775631600,88623.566,2026-04-08 07:00:00+00:00
1775635200,88858.798,2026-04-08 08:00:00+00:00
1775638800,88986.473,2026-04-08 09:00:00+00:00
1775642400,89443.4,2026-04-08 10:00:00+00:00
1775646000,89595.484,2026-04-08 11:00:00+00:00
1775649600,91320.286,2026-04-08 12:00:00+00:00
1775653200,94563.074,2026-04-08 13:00:00+00:00
1775656800,93129.914,2026-04-08 14:00:00+00:00
1775660400,92270.515,2026-04-08 15:00:00+00:00
1775664000,92221.498,2026-04-08 16:00:00+00:00
1775667600,91770.072,2026-04-08 17:00:00+00:00
1775671200,92029.529,2026-04-08 18:00:00+00:00
1775674800,91359.321,2026-04-08 19:00:00+00:00
1775678400,91238.569,2026-04-08 20:00:00+00:00
1775682000,90780.226,2026-04-08 21:00:00+00:00
1775685600,91099.355,2026-04-08 22:00:00+00:00
1775689200,90969.614,2026-04-08 23:00:00+00:00
1775692800,91283.009,2026-04-09 00:00:00+00:00
1775696400,91466.539,2026-04-09 01:00:00+00:00
1775700000,91529.457,2026-04-09 02:00:00+00:00
1775703600,91643.138,2026-04-09 03:00:00+00:00
1775707200,91252.141,2026-04-09 04:00:00+00:00
1775710800,91143.7,2026-04-09 05:00:00+00:00
1775714400,91343.812,2026-04-09 06:00:00+00:00
1775718000,91387.952,2026-04-09 07:00:00+00:00
1775721600,91326.226,2026-04-09 08:00:00+00:00
1775725200,91300.016,2026-04-09 09:00:00+00:00
1775728800,91263.579,2026-04-09 10:00:00+00:00
1775732400,91446.933,2026-04-09 11:00:00+00:00
1775736000,91470.847,2026-04-09 12:00:00+00:00
1775739600,91097.835,2026-04-09 13:00:00+00:00
1775743200,90151.317,2026-04-09 14:00:00+00:00
1775746800,92214.43,2026-04-09 15:00:00+00:00
1775750400,93101.809,2026-04-09 16:00:00+00:00
1775754000,93516.409,2026-04-09 17:00:00+00:00
1775757600,93281.737,2026-04-09 18:00:00+00:00
1775761200,93223.818,2026-04-09 19:00:00+00:00
1775764800,93515.756,2026-04-09 20:00:00+00:00
1775768400,93391.869,2026-04-09 21:00:00+00:00
1775772000,94021.977,2026-04-09 22:00:00+00:00
1775775600,92970.103,2026-04-09 23:00:00+00:00
1775779200,93060.653,2026-04-10 00:00:00+00:00
1775782800,94200.038,2026-04-10 01:00:00+00:00
1775786400,94481.738,2026-04-10 02:00:00+00:00
1775790000,94334.992,2026-04-10 03:00:00+00:00
1775793600,94261.249,2026-04-10 04:00:00+00:00
1775797200,94229.877,2026-04-10 05:00:00+00:00
1775800800,94427.935,2026-04-10 06:00:00+00:00
1775804400,93865.605,2026-04-10 07:00:00+00:00
1775808000,93864.899,2026-04-10 08:00:00+00:00
1775811600,93658.093,2026-04-10 09:00:00+00:00
1775815200,93350.891,2026-04-10 10:00:00+00:00
1775818800,93175.404,2026-04-10 11:00:00+00:00
1775822400,93834.882,2026-04-10 12:00:00+00:00
1775826000,93982.521,2026-04-10 13:00:00+00:00
1775829600,96895.078,2026-04-10 14:00:00+00:00
1775833200,96922.745,2026-04-10 15:00:00+00:00
1775836800,96610.429,2026-04-10 16:00:00+00:00
1775840400,96604.893,2026-04-10 17:00:00+00:00
1775844000,96515.451,2026-04-10 18:00:00+00:00
1775847600,96543.469,2026-04-10 19:00:00+00:00
1775851200,97224.558,2026-04-10 20:00:00+00:00
1775854800,97279.502,2026-04-10 21:00:00+00:00
1775858400,97016.629,2026-04-10 22:00:00+00:00
1775862000,97122.91,2026-04-10 23:00:00+00:00
1775865600,97067.89,2026-04-11 00:00:00+00:00
1775869200,96807.736,2026-04-11 01:00:00+00:00
1775872800,96718.461,2026-04-11 02:00:00+00:00
1775876400,96556.836,2026-04-11 03:00:00+00:00
1775880000,96189.379,2026-04-11 04:00:00+00:00
1775883600,96093.655,2026-04-11 05:00:00+00:00
1775887200,96419.868,2026-04-11 06:00:00+00:00
1775890800,96819.197,2026-04-11 07:00:00+00:00
1775894400,96742.675,2026-04-11 08:00:00+00:00
1775898000,96704.545,2026-04-11 09:00:00+00:00
1775901600,96715.026,2026-04-11 10:00:00+00:00
1775905200,96784.147,2026-04-11 11:00:00+00:00
1775908800,97031.284,2026-04-11 12:00:00+00:00
1775912400,97493.958,2026-04-11 13:00:00+00:00
1775916000,97558.37,2026-04-11 14:00:00+00:00
1775919600,97566.266,2026-04-11 15:00:00+00:00
1775923200,98100.896,2026-04-11 16:00:00+00:00
1775926800,98224.846,2026-04-11 17:00:00+00:00
1775930400,98537.284,2026-04-11 18:00:00+00:00
1775934000,98389.776,2026-04-11 19:00:00+00:00
1775937600,98396.282,2026-04-11 20:00:00+00:00
1775941200,98331.457,2026-04-11 21:00:00+00:00
1775944800,98455.994,2026-04-11 22:00:00+00:00
1775948400,98723.908,2026-04-11 23:00:00+00:00
1775952000,98792.94,2026-04-12 00:00:00+00:00
1775955600,97121.424,2026-04-12 01:00:00+00:00
1775959200,96244.273,2026-04-12 02:00:00+00:00
1775962800,96136.479,2026-04-12 03:00:00+00:00
1775966400,95617.748,2026-04-12 04:00:00+00:00
1775970000,95246.005,2026-04-12 05:00:00+00:00
1775973600,95210.895,2026-04-12 06:00:00+00:00
1775977200,95136.519,2026-04-12 07:00:00+00:00
1775980800,95214.732,2026-04-12 08:00:00+00:00
1775984400,95144.287,2026-04-12 09:00:00+00:00
1775988000,94943.715,2026-04-12 10:00:00+00:00
1775991600,94895.908,2026-04-12 11:00:00+00:00
1775995200,94024.626,2026-04-12 12:00:00+00:00
1775998800,91978.54,2026-04-12 13:00:00+00:00
1776002400,92179.434,2026-04-12 14:00:00+00:00
1776006000,92000.382,2026-04-12 15:00:00+00:00
1776009600,92011.34,2026-04-12 16:00:00+00:00
1776013200,91587.592,2026-04-12 17:00:00+00:00
1776016800,91766.433,2026-04-12 18:00:00+00:00
1776020400,91622.774,2026-04-12 19:00:00+00:00
1776024000,91264.86,2026-04-12 20:00:00+00:00
1776027600,91146.144,2026-04-12 21:00:00+00:00
1776031200,90728.447,2026-04-12 22:00:00+00:00
1776034800,90770.038,2026-04-12 23:00:00+00:00
1776038400,90649.663,2026-04-13 00:00:00+00:00
1776042000,91074.261,2026-04-13 01:00:00+00:00
1776045600,91002.445,2026-04-13 02:00:00+00:00
1776049200,91335.45,2026-04-13 03:00:00+00:00
1776052800,91309.789,2026-04-13 04:00:00+00:00
1776056400,91432.107,2026-04-13 05:00:00+00:00
1776060000,91515.644,2026-04-13 06:00:00+00:00
1776063600,91647.19,2026-04-13 07:00:00+00:00
1776067200,91731.28,2026-04-13 08:00:00+00:00
1776070800,91849.859,2026-04-13 09:00:00+00:00
1776074400,91969.016,2026-04-13 10:00:00+00:00
1776078000,92246.719,2026-04-13 11:00:00+00:00
1776081600,92629.109,2026-04-13 12:00:00+00:00
1776085200,92615.698,2026-04-13 13:00:00+00:00
1776088800,93125.293,2026-04-13 14:00:00+00:00
1776092400,93585.922,2026-04-13 15:00:00+00:00
1776096000,93365.413,2026-04-13 16:00:00+00:00
1776099600,93526.155,2026-04-13 17:00:00+00:00
1776103200,93473.251,2026-04-13 18:00:00+00:00
1776106800,92596.577,2026-04-13 19:00:00+00:00
1776110400,93383.632,2026-04-13 20:00:00+00:00
1776114000,93250.002,2026-04-13 21:00:00+00:00
1776117600,92563.849,2026-04-13 22:00:00+00:00
1776121200,93640.862,2026-04-13 23:00:00+00:00
1776124800,93701.404,2026-04-14 00:00:00+00:00
1776128400,93762.38,2026-04-14 01:00:00+00:00
1776132000,94046.468,2026-04-14 02:00:00+00:00
1776135600,94305.331,2026-04-14 03:00:00+00:00
1776139200,94526.124,2026-04-14 04:00:00+00:00
1776142800,94458.338,2026-04-14 05:00:00+00:00
1776146400,94823.439,2026-04-14 06:00:00+00:00
1776150000,94853.738,2026-04-14 07:00:00+00:00
1776153600,95487.287,2026-04-14 08:00:00+00:00
1776157200,95722.677,2026-04-14 09:00:00+00:00
1776160800,95793.838,2026-04-14 10:00:00+00:00
1776164400,95749.538,2026-04-14 11:00:00+00:00
1776168000,95793.727,2026-04-14 12:00:00+00:00
1776171600,98195.086,2026-04-14 13:00:00+00:00
1776175200,100499.872,2026-04-14 14:00:00+00:00
1776178800,100680.127,2026-04-14 15:00:00+00:00
1776182400,101341.73,2026-04-14 16:00:00+00:00
1776186000,100916.854,2026-04-14 17:00:00+00:00
1776189600,100605.897,2026-04-14 18:00:00+00:00
1776193200,100356.38,2026-04-14 19:00:00+00:00
1776196800,100175.191,2026-04-14 20:00:00+00:00
1776200400,99811.345,2026-04-14 21:00:00+00:00
1776204000,99798.551,2026-04-14 22:00:00+00:00
1776207600,99504.6,2026-04-14 23:00:00+00:00
1776211200,99009.921,2026-04-15 00:00:00+00:00
1776214800,98949.423,2026-04-15 01:00:00+00:00
1776218400,98778.504,2026-04-15 02:00:00+00:00
1776222000,98906.419,2026-04-15 03:00:00+00:00
1776225600,98845.671,2026-04-15 04:00:00+00:00
1776229200,99026.634,2026-04-15 05:00:00+00:00
1776232800,99136.163,2026-04-15 06:00:00+00:00
1776236400,98144.56,2026-04-15 07:00:00+00:00
1776240000,97649.1,2026-04-15 08:00:00+00:00
1776243600,97615.387,2026-04-15 09:00:00+00:00
1776247200,97563.437,2026-04-15 10:00:00+00:00
1776250800,97464.76,2026-04-15 11:00:00+00:00
1776254400,97417.283,2026-04-15 12:00:00+00:00
1776258000,97449.035,2026-04-15 13:00:00+00:00
1776261600,97098.463,2026-04-15 14:00:00+00:00
1776265200,97491.824,2026-04-15 15:00:00+00:00
1776268800,97391.925,2026-04-15 16:00:00+00:00
1776272400,97248.539,2026-04-15 17:00:00+00:00
1776276000,97357.583,2026-04-15 18:00:00+00:00
1776279600,97153.516,2026-04-15 19:00:00+00:00
1776283200,97144.806,2026-04-15 20:00:00+00:00
1776286800,97239.076,2026-04-15 21:00:00+00:00
1776290400,98210.328,2026-04-15 22:00:00+00:00
1776294000,98123.821,2026-04-15 23:00:00+00:00
1776297600,98263.492,2026-04-16 00:00:00+00:00
1776301200,98238.731,2026-04-16 01:00:00+00:00
1776304800,98619.881,2026-04-16 02:00:00+00:00
1776308400,98805.878,2026-04-16 03:00:00+00:00
1776312000,99508.132,2026-04-16 04:00:00+00:00
1776315600,99491.106,2026-04-16 05:00:00+00:00
1776319200,99453.769,2026-04-16 06:00:00+00:00
1776322800,99682.326,2026-04-16 07:00:00+00:00
1776326400,99423.559,2026-04-16 08:00:00+00:00
1776330000,99247.976,2026-04-16 09:00:00+00:00
1776333600,98935.051,2026-04-16 10:00:00+00:00
1776337200,99140.535,2026-04-16 11:00:00+00:00
1776340800,99656.311,2026-04-16 12:00:00+00:00
1776344400,97927.786,2026-04-16 13:00:00+00:00
1776348000,97940.513,2026-04-16 14:00:00+00:00
1776351600,97568.886,2026-04-16 15:00:00+00:00
1776355200,97202.31,2026-04-16 16:00:00+00:00
1776358800,97053.577,2026-04-16 17:00:00+00:00
1776362400,97298.299,2026-04-16 18:00:00+00:00
1776366000,97861.028,2026-04-16 19:00:00+00:00
1776369600,97911.828,2026-04-16 20:00:00+00:00
1776373200,97762.076,2026-04-16 21:00:00+00:00
1776376800,97866.171,2026-04-16 22:00:00+00:00
1776380400,97935.155,2026-04-16 23:00:00+00:00
1776384000,98340.145,2026-04-17 00:00:00+00:00
1776387600,97783.124,2026-04-17 01:00:00+00:00
1776391200,97754.611,2026-04-17 02:00:00+00:00
1776394800,97465.621,2026-04-17 03:00:00+00:00
1776398400,97553.774,2026-04-17 04:00:00+00:00
1776402000,97741.742,2026-04-17 05:00:00+00:00
1776405600,97922.982,2026-04-17 06:00:00+00:00
1776409200,98286.119,2026-04-17 07:00:00+00:00
1776412800,99349.532,2026-04-17 08:00:00+00:00
1776416400,99765.32,2026-04-17 09:00:00+00:00
1776420000,99147.556,2026-04-17 10:00:00+00:00
1776423600,99076.936,2026-04-17 11:00:00+00:00
1776427200,100023.015,2026-04-17 12:00:00+00:00
1776430800,103334.495,2026-04-17 13:00:00+00:00
1776434400,107727.454,2026-04-17 14:00:00+00:00
1776438000,109165.435,2026-04-17 15:00:00+00:00
1776441600,108607.496,2026-04-17 16:00:00+00:00
1776445200,108638.635,2026-04-17 17:00:00+00:00
1776448800,108426.431,2026-04-17 18:00:00+00:00
1776452400,107774.417,2026-04-17 19:00:00+00:00
1776456000,107395.548,2026-04-17 20:00:00+00:00
1776459600,107260.761,2026-04-17 21:00:00+00:00
1776463200,107201.717,2026-04-17 22:00:00+00:00
1776466800,106820.799,2026-04-17 23:00:00+00:00
1776470400,106638.575,2026-04-18 00:00:00+00:00
1776474000,106668.399,2026-04-18 01:00:00+00:00
1776477600,106714.614,2026-04-18 02:00:00+00:00
1776481200,106448.519,2026-04-18 03:00:00+00:00
1776484800,106211.278,2026-04-18 04:00:00+00:00
1776488400,106182.419,2026-04-18 05:00:00+00:00
1776492000,106349.343,2026-04-18 06:00:00+00:00
1776495600,105922.209,2026-04-18 07:00:00+00:00
1776499200,105315.399,2026-04-18 08:00:00+00:00
1776502800,104326.686,2026-04-18 09:00:00+00:00
1776506400,103781.476,2026-04-18 10:00:00+00:00
1776510000,102673.838,2026-04-18 11:00:00+00:00
1776513600,102142.653,2026-04-18 12:00:00+00:00
1776517200,101839.955,2026-04-18 13:00:00+00:00
1776520800,101822.847,2026-04-18 14:00:00+00:00
1776524400,101308.062,2026-04-18 15:00:00+00:00
1776528000,100163.089,2026-04-18 16:00:00+00:00
1776531600,99759.382,2026-04-18 17:00:00+00:00
1776535200,98998.951,2026-04-18 18:00:00+00:00
1776538800,98888.101,2026-04-18 19:00:00+00:00
1776542400,98740.15,2026-04-18 20:00:00+00:00
1776546000,98680.734,2026-04-18 21:00:00+00:00
1776549600,98496.902,2026-04-18 22:00:00+00:00
1776553200,98257.96,2026-04-18 23:00:00+00:00
1776556800,98261.898,2026-04-19 00:00:00+00:00
1776560400,98015.727,2026-04-19 01:00:00+00:00
1776564000,97816.925,2026-04-19 02:00:00+00:00
1776567600,97624.765,2026-04-19 03:00:00+00:00
1776571200,97425.478,2026-04-19 04:00:00+00:00
1776574800,97024.406,2026-04-19 05:00:00+00:00
1776578400,97061.967,2026-04-19 06:00:00+00:00
1776582000,97147.098,2026-04-19 07:00:00+00:00
1776585600,97369.423,2026-04-19 08:00:00+00:00
1776589200,97376.317,2026-04-19 09:00:00+00:00
1776592800,97413.501,2026-04-19 10:00:00+00:00
1776596400,97521.643,2026-04-19 11:00:00+00:00
1776600000,97468.097,2026-04-19 12:00:00+00:00
1776603600,97591.59,2026-04-19 13:00:00+00:00
1776607200,97773.065,2026-04-19 14:00:00+00:00
1776610800,97570.895,2026-04-19 15:00:00+00:00
1776614400,97576.93,2026-04-19 16:00:00+00:00
1776618000,97079.28,2026-04-19 17:00:00+00:00
1776621600,97149.765,2026-04-19 18:00:00+00:00
1776625200,97110.505,2026-04-19 19:00:00+00:00
1776628800,96994.8,2026-04-19 20:00:00+00:00
1776632400,97352.927,2026-04-19 21:00:00+00:00
1776636000,96175.096,2026-04-19 22:00:00+00:00
1776639600,95678.281,2026-04-19 23:00:00+00:00
1776643200,95353.252,2026-04-20 00:00:00+00:00
1776646800,95229.056,2026-04-20 01:00:00+00:00
1776650400,95212.641,2026-04-20 02:00:00+00:00
1776654000,95281.929,2026-04-20 03:00:00+00:00
1776657600,95360.26,2026-04-20 04:00:00+00:00
1776661200,95387.077,2026-04-20 05:00:00+00:00
1776664800,95619.092,2026-04-20 06:00:00+00:00
1776668400,95159.376,2026-04-20 07:00:00+00:00
1776672000,94952.872,2026-04-20 08:00:00+00:00
1776675600,95018.716,2026-04-20 09:00:00+00:00
1776679200,94817.193,2026-04-20 10:00:00+00:00
1776682800,94743.2,2026-04-20 11:00:00+00:00
1776686400,94534.297,2026-04-20 12:00:00+00:00
1776690000,94987.42,2026-04-20 13:00:00+00:00
1776693600,95205.234,2026-04-20 14:00:00+00:00
1776697200,95321.816,2026-04-20 15:00:00+00:00
1776700800,95228.343,2026-04-20 16:00:00+00:00
1776704400,94225.552,2026-04-20 17:00:00+00:00
1776708000,94165.987,2026-04-20 18:00:00+00:00
1776711600,94736.501,2026-04-20 19:00:00+00:00
1776715200,93533.882,2026-04-20 20:00:00+00:00
1776718800,93390.392,2026-04-20 21:00:00+00:00
1776722400,93445.62,2026-04-20 22:00:00+00:00
1776726000,93249.055,2026-04-20 23:00:00+00:00
1776729600,93325.528,2026-04-21 00:00:00+00:00
1776733200,93521.856,2026-04-21 01:00:00+00:00
1776736800,93496.267,2026-04-21 02:00:00+00:00
1776740400,93478.019,2026-04-21 03:00:00+00:00
1776744000,93501.991,2026-04-21 04:00:00+00:00
1776747600,93977.317,2026-04-21 05:00:00+00:00
1776751200,94148.122,2026-04-21 06:00:00+00:00
1776754800,94182.039,2026-04-21 07:00:00+00:00
1776758400,94093.612,2026-04-21 08:00:00+00:00
1776762000,94761.501,2026-04-21 09:00:00+00:00
1776765600,95281.314,2026-04-21 10:00:00+00:00
1776769200,95889.477,2026-04-21 11:00:00+00:00
1776772800,95884.267,2026-04-21 12:00:00+00:00
1776776400,96157.511,2026-04-21 13:00:00+00:00
1776780000,98370.452,2026-04-21 14:00:00+00:00
1776783600,97724.025,2026-04-21 15:00:00+00:00
1776787200,97414.677,2026-04-21 16:00:00+00:00
1776790800,96560.388,2026-04-21 17:00:00+00:00
1776794400,96364.555,2026-04-21 18:00:00+00:00
1776798000,95751.175,2026-04-21 19:00:00+00:00
1776801600,95727.391,2026-04-21 20:00:00+00:00
1776805200,95703.638,2026-04-21 21:00:00+00:00
1776808800,95435.018,2026-04-21 22:00:00+00:00
1776812400,94845.537,2026-04-21 23:00:00+00:00
1776816000,95426.894,2026-04-22 00:00:00+00:00
1776819600,95671.941,2026-04-22 01:00:00+00:00
1776823200,97512.65,2026-04-22 02:00:00+00:00
1776826800,98583.803,2026-04-22 03:00:00+00:00
1776830400,99093.14,2026-04-22 04:00:00+00:00
1776834000,99756.485,2026-04-22 05:00:00+00:00
1776837600,99931.344,2026-04-22 06:00:00+00:00
1776841200,99806.906,2026-04-22 07:00:00+00:00
1776844800,100131.858,2026-04-22 08:00:00+00:00
1776848400,100400.584,2026-04-22 09:00:00+00:00
1776852000,100568.639,2026-04-22 10:00:00+00:00
1776855600,100761.77,2026-04-22 11:00:00+00:00
1776859200,100918.372,2026-04-22 12:00:00+00:00
1776862800,101807.088,2026-04-22 13:00:00+00:00
1776866400,103694.23,2026-04-22 14:00:00+00:00
1776870000,105959.312,2026-04-22 15:00:00+00:00
1776873600,105677.278,2026-04-22 16:00:00+00:00
1776877200,105422.622,2026-04-22 17:00:00+00:00
1776880800,105457.199,2026-04-22 18:00:00+00:00
1776884400,104342.998,2026-04-22 19:00:00+00:00
1776888000,104265.243,2026-04-22 20:00:00+00:00
1776891600,104240.099,2026-04-22 21:00:00+00:00
1776895200,104272.675,2026-04-22 22:00:00+00:00
1776898800,103868.744,2026-04-22 23:00:00+00:00
1776902400,102585.59,2026-04-23 00:00:00+00:00
1776906000,102528.615,2026-04-23 01:00:00+00:00
1776909600,102430.148,2026-04-23 02:00:00+00:00
1776913200,102397.844,2026-04-23 03:00:00+00:00
1776916800,102220.53,2026-04-23 04:00:00+00:00
1776920400,102340.311,2026-04-23 05:00:00+00:00
1776924000,102110.194,2026-04-23 06:00:00+00:00
1776927600,101898.95,2026-04-23 07:00:00+00:00
1776931200,101221.131,2026-04-23 08:00:00+00:00
1776934800,100281.698,2026-04-23 09:00:00+00:00
1776938400,97771.686,2026-04-23 10:00:00+00:00
1776942000,97557.997,2026-04-23 11:00:00+00:00
1776945600,98055.066,2026-04-23 12:00:00+00:00
1776949200,98005.553,2026-04-23 13:00:00+00:00
1776952800,98215.655,2026-04-23 14:00:00+00:00
1776956400,98354.648,2026-04-23 15:00:00+00:00
1776960000,98928.664,2026-04-23 16:00:00+00:00
1776963600,98148.64,2026-04-23 17:00:00+00:00
1776967200,98457.772,2026-04-23 18:00:00+00:00
1776970800,98666.328,2026-04-23 19:00:00+00:00
1776974400,98493.265,2026-04-23 20:00:00+00:00
1776978000,98595.282,2026-04-23 21:00:00+00:00
1776981600,99108.017,2026-04-23 22:00:00+00:00
1776985200,99154.672,2026-04-23 23:00:00+00:00
1776988800,99301.162,2026-04-24 00:00:00+00:00
1776992400,98857.91,2026-04-24 01:00:00+00:00
1776996000,98879.043,2026-04-24 02:00:00+00:00
1776999600,98007.78,2026-04-24 03:00:00+00:00
1777003200,97664.026,2026-04-24 04:00:00+00:00
1777006800,98348.024,2026-04-24 05:00:00+00:00
1777010400,98358.1,2026-04-24 06:00:00+00:00
1777014000,97353.785,2026-04-24 07:00:00+00:00
1777017600,97038.133,2026-04-24 08:00:00+00:00
1777021200,96436.702,2026-04-24 09:00:00+00:00
1777024800,96119.17,2026-04-24 10:00:00+00:00
1777028400,96329.4,2026-04-24 11:00:00+00:00
1777032000,96894.182,2026-04-24 12:00:00+00:00
1777035600,97261.014,2026-04-24 13:00:00+00:00
1777039200,96916.466,2026-04-24 14:00:00+00:00
1777042800,96809.379,2026-04-24 15:00:00+00:00
1777046400,96783.147,2026-04-24 16:00:00+00:00
1777050000,97514.152,2026-04-24 17:00:00+00:00
1777053600,96907.971,2026-04-24 18:00:00+00:00
1777057200,96879.8,2026-04-24 19:00:00+00:00
1777060800,96577.762,2026-04-24 20:00:00+00:00
1777064400,96428.525,2026-04-24 21:00:00+00:00
1777068000,96354.447,2026-04-24 22:00:00+00:00
1777071600,96170.248,2026-04-24 23:00:00+00:00
1777075200,96210.687,2026-04-25 00:00:00+00:00
1777078800,96239.523,2026-04-25 01:00:00+00:00
1777082400,96175.145,2026-04-25 02:00:00+00:00
1777086000,96139.678,2026-04-25 03:00:00+00:00
1777089600,96100.33,2026-04-25 04:00:00+00:00
1777093200,96172.28,2026-04-25 05:00:00+00:00
1777096800,96260.219,2026-04-25 06:00:00+00:00
1777100400,96095.164,2026-04-25 07:00:00+00:00
1777104000,96193.94,2026-04-25 08:00:00+00:00
1777107600,96222.339,2026-04-25 09:00:00+00:00
1777111200,96101.233,2026-04-25 10:00:00+00:00
1777114800,96179.137,2026-04-25 11:00:00+00:00
1777118400,95962.218,2026-04-25 12:00:00+00:00
1777122000,95862.633,2026-04-25 13:00:00+00:00
1777125600,95788.657,2026-04-25 14:00:00+00:00
1777129200,95789.134,2026-04-25 15:00:00+00:00
1777132800,95849.642,2026-04-25 16:00:00+00:00
1777136400,95869.42,2026-04-25 17:00:00+00:00
1777140000,95997.915,2026-04-25 18:00:00+00:00
1777143600,96267.804,2026-04-25 19:00:00+00:00
1777147200,95999.249,2026-04-25 20:00:00+00:00
1777150800,95829.773,2026-04-25 21:00:00+00:00
1777154400,95885.955,2026-04-25 22:00:00+00:00
1777158000,95899.434,2026-04-25 23:00:00+00:00
1777161600,95721.961,2026-04-26 00:00:00+00:00
1777165200,95731.573,2026-04-26 01:00:00+00:00
1777168800,95773.867,2026-04-26 02:00:00+00:00
1777172400,95666.917,2026-04-26 03:00:00+00:00
1777176000,95339.127,2026-04-26 04:00:00+00:00
1777179600,95726.543,2026-04-26 05:00:00+00:00
1777183200,95724.09,2026-04-26 06:00:00+00:00
1777186800,95832.968,2026-04-26 07:00:00+00:00
1777190400,95935.05,2026-04-26 08:00:00+00:00
1777194000,95925.662,2026-04-26 09:00:00+00:00
1777197600,96043.434,2026-04-26 10:00:00+00:00
1777201200,96070.885,2026-04-26 11:00:00+00:00
1777204800,96089.746,2026-04-26 12:00:00+00:00
1777208400,96152.973,2026-04-26 13:00:00+00:00
1777212000,96148.334,2026-04-26 14:00:00+00:00
1777215600,95843.176,2026-04-26 15:00:00+00:00
1777219200,95877.283,2026-04-26 16:00:00+00:00
1777222800,95691.83,2026-04-26 17:00:00+00:00
1777226400,96081.086,2026-04-26 18:00:00+00:00
1777230000,96235.987,2026-04-26 19:00:00+00:00
1777233600,96238.795,2026-04-26 20:00:00+00:00
1777237200,95559.527,2026-04-26 21:00:00+00:00
1777240800,95979.961,2026-04-26 22:00:00+00:00
1777244400,96211.792,2026-04-26 23:00:00+00:00
1777248000,96431.194,2026-04-27 00:00:00+00:00
1777251600,97288.975,2026-04-27 01:00:00+00:00
1777255200,97673.49,2026-04-27 02:00:00+00:00
1777258800,97941.994,2026-04-27 03:00:00+00:00
1777262400,97879.688,2026-04-27 04:00:00+00:00
1777266000,94948.593,2026-04-27 05:00:00+00:00
1777269600,96576.059,2026-04-27 06:00:00+00:00
1777273200,96637.848,2026-04-27 07:00:00+00:00
1777276800,96600.389,2026-04-27 08:00:00+00:00
1777280400,96824.658,2026-04-27 09:00:00+00:00
1777284000,97097.058,2026-04-27 10:00:00+00:00
1777287600,97266.719,2026-04-27 11:00:00+00:00
1777291200,97121.507,2026-04-27 12:00:00+00:00
1777294800,98107.168,2026-04-27 13:00:00+00:00
1777298400,98418.867,2026-04-27 14:00:00+00:00
1777302000,96568.178,2026-04-27 15:00:00+00:00
1777305600,97073.669,2026-04-27 16:00:00+00:00
1777309200,97182.963,2026-04-27 17:00:00+00:00
1777312800,97155.575,2026-04-27 18:00:00+00:00
1777316400,97194.607,2026-04-27 19:00:00+00:00
1777320000,97038.059,2026-04-27 20:00:00+00:00
1777323600,96928.017,2026-04-27 21:00:00+00:00
1777327200,97277.916,2026-04-27 22:00:00+00:00
1777330800,97554.304,2026-04-27 23:00:00+00:00
1777334400,97957.004,2026-04-28 00:00:00+00:00
1777338000,97906.976,2026-04-28 01:00:00+00:00
1777341600,97822.83,2026-04-28 02:00:00+00:00
1777345200,97981.043,2026-04-28 03:00:00+00:00
1777348800,98073.434,2026-04-28 04:00:00+00:00
1777352400,98853.924,2026-04-28 05:00:00+00:00
1777356000,98886.08,2026-04-28 06:00:00+00:00
1777359600,98623.999,2026-04-28 07:00:00+00:00
1777363200,98803.31,2026-04-28 08:00:00+00:00
1777366800,98768.942,2026-04-28 09:00:00+00:00
1777370400,98921.067,2026-04-28 10:00:00+00:00
1777374000,98942.47,2026-04-28 11:00:00+00:00
1777377600,99131.237,2026-04-28 12:00:00+00:00
1777381200,98388.669,2026-04-28 13:00:00+00:00
1777384800,98640.038,2026-04-28 14:00:00+00:00
1777388400,98299.146,2026-04-28 15:00:00+00:00
1777392000,98307.685,2026-04-28 16:00:00+00:00
1777395600,98319.915,2026-04-28 17:00:00+00:00
1777399200,98051.589,2026-04-28 18:00:00+00:00
1777402800,97755.528,2026-04-28 19:00:00+00:00
1777406400,97787.871,2026-04-28 20:00:00+00:00
1777410000,97494.137,2026-04-28 21:00:00+00:00
1777413600,97682.368,2026-04-28 22:00:00+00:00
1777417200,97633.235,2026-04-28 23:00:00+00:00
1777420800,97508.285,2026-04-29 00:00:00+00:00
1777424400,97438.462,2026-04-29 01:00:00+00:00
1777428000,97392.015,2026-04-29 02:00:00+00:00
1777431600,97827.258,2026-04-29 03:00:00+00:00
1777435200,99075.653,2026-04-29 04:00:00+00:00
1777438800,99197.937,2026-04-29 05:00:00+00:00
1777442400,98478.825,2026-04-29 06:00:00+00:00
1777446000,98081.091,2026-04-29 07:00:00+00:00
1777449600,98054.247,2026-04-29 08:00:00+00:00
1777453200,98494.587,2026-04-29 09:00:00+00:00
1777456800,99156.043,2026-04-29 10:00:00+00:00
1777460400,99232.631,2026-04-29 11:00:00+00:00
1777464000,98744.297,2026-04-29 12:00:00+00:00
1777467600,98020.961,2026-04-29 13:00:00+00:00
1777471200,97932.022,2026-04-29 14:00:00+00:00
1777474800,97512.637,2026-04-29 15:00:00+00:00
1777478400,97544.538,2026-04-29 16:00:00+00:00
1777482000,97686.577,2026-04-29 17:00:00+00:00
1777485600,94947.997,2026-04-29 18:00:00+00:00
1777489200,95155.054,2026-04-29 19:00:00+00:00
1777492800,95077.006,2026-04-29 20:00:00+00:00
1777496400,94900.842,2026-04-29 21:00:00+00:00
1777500000,95152.52,2026-04-29 22:00:00+00:00
1777503600,95490.962,2026-04-29 23:00:00+00:00
1777507200,95083.651,2026-04-30 00:00:00+00:00
1777510800,95028.463,2026-04-30 01:00:00+00:00
1777514400,95064.693,2026-04-30 02:00:00+00:00
1777518000,95202.043,2026-04-30 03:00:00+00:00
1777521600,95357.771,2026-04-30 04:00:00+00:00
1777525200,95473.056,2026-04-30 05:00:00+00:00
1777528800,95456.997,2026-04-30 06:00:00+00:00
1777532400,95057.411,2026-04-30 07:00:00+00:00
1777536000,95545.938,2026-04-30 08:00:00+00:00
1777539600,95693.861,2026-04-30 09:00:00+00:00
1777543200,95830.266,2026-04-30 10:00:00+00:00
1777546800,95542.647,2026-04-30 11:00:00+00:00
1777550400,95541.503,2026-04-30 12:00:00+00:00
1777554000,95390.33,2026-04-30 13:00:00+00:00
1777557600,95670.674,2026-04-30 14:00:00+00:00
1777561200,96097.372,2026-04-30 15:00:00+00:00
1777564800,96156.872,2026-04-30 16:00:00+00:00
1777568400,96087.733,2026-04-30 17:00:00+00:00
1777572000,96018.708,2026-04-30 18:00:00+00:00
1777575600,95741.415,2026-04-30 19:00:00+00:00
1777579200,95403.929,2026-04-30 20:00:00+00:00
1777582800,95435.185,2026-04-30 21:00:00+00:00
1777586400,95370.655,2026-04-30 22:00:00+00:00
1777590000,95322.643,2026-04-30 23:00:00+00:00
1777593600,95312.865,2026-05-01 00:00:00+00:00
1777597200,95569.194,2026-05-01 01:00:00+00:00
1777600800,95630.388,2026-05-01 02:00:00+00:00
1777604400,95820.371,2026-05-01 03:00:00+00:00
1777608000,96070.446,2026-05-01 04:00:00+00:00
1777611600,96098.47,2026-05-01 05:00:00+00:00
1777615200,96252.54,2026-05-01 06:00:00+00:00
1777618800,96871.024,2026-05-01 07:00:00+00:00
1777622400,97469.315,2026-05-01 08:00:00+00:00
1777626000,97859.476,2026-05-01 09:00:00+00:00
1777629600,98344.343,2026-05-01 10:00:00+00:00
1777633200,98745.172,2026-05-01 11:00:00+00:00
1777636800,100525.504,2026-05-01 12:00:00+00:00
1777640400,102798.456,2026-05-01 13:00:00+00:00
1777644000,102758.719,2026-05-01 14:00:00+00:00
1777647600,104419.789,2026-05-01 15:00:00+00:00
1777651200,105067.648,2026-05-01 16:00:00+00:00
1777654800,105222.612,2026-05-01 17:00:00+00:00
1777658400,105083.368,2026-05-01 18:00:00+00:00
1777662000,104962.038,2026-05-01 19:00:00+00:00
1777665600,104315.19,2026-05-01 20:00:00+00:00
1777669200,103963.855,2026-05-01 21:00:00+00:00
1777672800,104021.726,2026-05-01 22:00:00+00:00
1777676400,103865.507,2026-05-01 23:00:00+00:00
1777680000,103731.021,2026-05-02 00:00:00+00:00
1777683600,103865.428,2026-05-02 01:00:00+00:00
1777687200,103827.443,2026-05-02 02:00:00+00:00
1777690800,104084.205,2026-05-02 03:00:00+00:00
1777694400,103269.081,2026-05-02 04:00:00+00:00
1777698000,102658.752,2026-05-02 05:00:00+00:00
1777701600,102732.986,2026-05-02 06:00:00+00:00
1777705200,102514.363,2026-05-02 07:00:00+00:00
1777708800,102473.538,2026-05-02 08:00:00+00:00
1777712400,102515.686,2026-05-02 09:00:00+00:00
1777716000,102417.432,2026-05-02 10:00:00+00:00
1777719600,102136.627,2026-05-02 11:00:00+00:00
1777723200,102126.949,2026-05-02 12:00:00+00:00
1777726800,102297.897,2026-05-02 13:00:00+00:00
1777730400,102071.441,2026-05-02 14:00:00+00:00
1777734000,102065.819,2026-05-02 15:00:00+00:00
1777737600,102000.135,2026-05-02 16:00:00+00:00
1777741200,101921.494,2026-05-02 17:00:00+00:00
1777744800,101948.341,2026-05-02 18:00:00+00:00
1777748400,102003.204,2026-05-02 19:00:00+00:00
1777752000,102028.478,2026-05-02 20:00:00+00:00
1777755600,101942.925,2026-05-02 21:00:00+00:00
1777759200,102026.438,2026-05-02 22:00:00+00:00
1777762800,102087.178,2026-05-02 23:00:00+00:00
1777766400,102570.694,2026-05-03 00:00:00+00:00
1777770000,102414.985,2026-05-03 01:00:00+00:00
1777773600,102900.615,2026-05-03 02:00:00+00:00
1777777200,102863.493,2026-05-03 03:00:00+00:00
1777780800,102931.102,2026-05-03 04:00:00+00:00
1777784400,102996.986,2026-05-03 05:00:00+00:00
1777788000,102984.005,2026-05-03 06:00:00+00:00
1777791600,102983.024,2026-05-03 07:00:00+00:00
1777795200,103073.06,2026-05-03 08:00:00+00:00
1777798800,103109.028,2026-05-03 09:00:00+00:00
1777802400,103125.875,2026-05-03 10:00:00+00:00
1777806000,103085.778,2026-05-03 11:00:00+00:00
1777809600,103144.187,2026-05-03 12:00:00+00:00
1777813200,103409.467,2026-05-03 13:00:00+00:00
1777816800,103504.823,2026-05-03 14:00:00+00:00
1777820400,103572.721,2026-05-03 15:00:00+00:00
1777824000,103639.321,2026-05-03 16:00:00+00:00
1777827600,103635.533,2026-05-03 17:00:00+00:00
1777831200,103588.841,2026-05-03 18:00:00+00:00
1777834800,103508.284,2026-05-03 19:00:00+00:00
1777838400,103417.379,2026-05-03 20:00:00+00:00
1777842000,103226.467,2026-05-03 21:00:00+00:00
1777845600,104004.395,2026-05-03 22:00:00+00:00
1777849200,103387.583,2026-05-03 23:00:00+00:00
1777852800,102812.605,2026-05-04 00:00:00+00:00
1777856400,103966.91,2026-05-04 01:00:00+00:00
1777860000,107192.437,2026-05-04 02:00:00+00:00
1777863600,108199.505,2026-05-04 03:00:00+00:00
1777867200,108791.632,2026-05-04 04:00:00+00:00
1777870800,109066.757,2026-05-04 05:00:00+00:00
1777874400,107965.881,2026-05-04 06:00:00+00:00
1777878000,108047.824,2026-05-04 07:00:00+00:00
1777881600,108084.658,2026-05-04 08:00:00+00:00
1777885200,108037.773,2026-05-04 09:00:00+00:00
1777888800,100303.552,2026-05-04 10:00:00+00:00
1777892400,101168.858,2026-05-04 11:00:00+00:00
1777896000,100803.982,2026-05-04 12:00:00+00:00
1777899600,101545.996,2026-05-04 13:00:00+00:00
1777903200,105476.555,2026-05-04 14:00:00+00:00
1777906800,107310.258,2026-05-04 15:00:00+00:00
1777910400,108097.537,2026-05-04 16:00:00+00:00
1777914000,108734.789,2026-05-04 17:00:00+00:00
1777917600,109441.253,2026-05-04 18:00:00+00:00
1777921200,109211.691,2026-05-04 19:00:00+00:00
1777924800,108906.59,2026-05-04 20:00:00+00:00
1777928400,108835.113,2026-05-04 21:00:00+00:00
1777932000,108792.471,2026-05-04 22:00:00+00:00
1777935600,108669.738,2026-05-04 23:00:00+00:00
1777939200,108522.432,2026-05-05 00:00:00+00:00
1777942800,108785.067,2026-05-05 01:00:00+00:00
1777946400,109791.943,2026-05-05 02:00:00+00:00
1777950000,111450.864,2026-05-05 03:00:00+00:00
1777953600,112080.223,2026-05-05 04:00:00+00:00
1777957200,111209.647,2026-05-05 05:00:00+00:00
1777960800,111368.918,2026-05-05 06:00:00+00:00
1777964400,111109.245,2026-05-05 07:00:00+00:00
1777968000,111921.412,2026-05-05 08:00:00+00:00
1777971600,111732.992,2026-05-05 09:00:00+00:00
1777975200,111659.438,2026-05-05 10:00:00+00:00
1777978800,113642.219,2026-05-05 11:00:00+00:00
1777982400,114375.273,2026-05-05 12:00:00+00:00
1777986000,114066.667,2026-05-05 13:00:00+00:00
1777989600,114242.313,2026-05-05 14:00:00+00:00
1777993200,115072.375,2026-05-05 15:00:00+00:00
1777996800,114322.61,2026-05-05 16:00:00+00:00
1778000400,114241.364,2026-05-05 17:00:00+00:00
1778004000,114319.867,2026-05-05 18:00:00+00:00
1778007600,113859.802,2026-05-05 19:00:00+00:00
1778011200,113305.268,2026-05-05 20:00:00+00:00
1778014800,112778.813,2026-05-05 21:00:00+00:00
1778018400,113699.793,2026-05-05 22:00:00+00:00
1778022000,113250.641,2026-05-05 23:00:00+00:00
1778025600,113839.069,2026-05-06 00:00:00+00:00
1778029200,113918.292,2026-05-06 01:00:00+00:00
1778032800,113977.347,2026-05-06 02:00:00+00:00
1778036400,114095.692,2026-05-06 03:00:00+00:00
1778040000,114169.384,2026-05-06 04:00:00+00:00
1778043600,113807.514,2026-05-06 05:00:00+00:00
1778047200,113877.75,2026-05-06 06:00:00+00:00
1778050800,113847.595,2026-05-06 07:00:00+00:00
1778054400,113438.149,2026-05-06 08:00:00+00:00
1778058000,111698.386,2026-05-06 09:00:00+00:00
1778061600,111061.134,2026-05-06 10:00:00+00:00
1778065200,110644.0,2026-05-06 11:00:00+00:00
1778068800,109636.232,2026-05-06 12:00:00+00:00
1778072400,108501.124,2026-05-06 13:00:00+00:00
1778076000,107827.643,2026-05-06 14:00:00+00:00
1778079600,107721.433,2026-05-06 15:00:00+00:00
1778083200,107462.731,2026-05-06 16:00:00+00:00
1778086800,107656.648,2026-05-06 17:00:00+00:00
1778090400,107367.091,2026-05-06 18:00:00+00:00
1778094000,107091.42,2026-05-06 19:00:00+00:00
1778097600,107019.53,2026-05-06 20:00:00+00:00
1778101200,106442.89,2026-05-06 21:00:00+00:00
1778104800,106386.893,2026-05-06 22:00:00+00:00
1778108400,106377.694,2026-05-06 23:00:00+00:00
1778112000,107228.388,2026-05-07 00:00:00+00:00
1778115600,107571.59,2026-05-07 01:00:00+00:00
1778119200,107238.0,2026-05-07 02:00:00+00:00
1778122800,107150.158,2026-05-07 03:00:00+00:00
1778126400,106796.779,2026-05-07 04:00:00+00:00
1778130000,106348.269,2026-05-07 05:00:00+00:00
1778133600,106163.303,2026-05-07 06:00:00+00:00
1778137200,107058.28,2026-05-07 07:00:00+00:00
1778140800,106442.813,2026-05-07 08:00:00+00:00
1778144400,105845.155,2026-05-07 09:00:00+00:00
1778148000,105668.493,2026-05-07 10:00:00+00:00
1778151600,105511.235,2026-05-07 11:00:00+00:00
1778155200,105731.414,2026-05-07 12:00:00+00:00
1778158800,106204.376,2026-05-07 13:00:00+00:00
1778162400,105011.42,2026-05-07 14:00:00+00:00
1778166000,104604.587,2026-05-07 15:00:00+00:00
1778169600,104533.57,2026-05-07 16:00:00+00:00
1778173200,104007.463,2026-05-07 17:00:00+00:00
1778176800,103861.879,2026-05-07 18:00:00+00:00
1778180400,103997.602,2026-05-07 19:00:00+00:00
1778184000,103777.641,2026-05-07 20:00:00+00:00
1778187600,103934.727,2026-05-07 21:00:00+00:00
1778191200,103877.648,2026-05-07 22:00:00+00:00
1778194800,103896.247,2026-05-07 23:00:00+00:00
1778198400,104122.445,2026-05-08 00:00:00+00:00
1778202000,104107.35,2026-05-08 01:00:00+00:00
1778205600,104027.69,2026-05-08 02:00:00+00:00
1778209200,103532.418,2026-05-08 03:00:00+00:00
1778212800,103546.722,2026-05-08 04:00:00+00:00
1778216400,103683.349,2026-05-08 05:00:00+00:00
1778220000,103569.818,2026-05-08 06:00:00+00:00
1778223600,103193.055,2026-05-08 07:00:00+00:00
1778227200,103086.31,2026-05-08 08:00:00+00:00
1778230800,102924.626,2026-05-08 09:00:00+00:00
1778234400,103057.929,2026-05-08 10:00:00+00:00
1778238000,103145.311,2026-05-08 11:00:00+00:00
1778241600,102999.52,2026-05-08 12:00:00+00:00
1778245200,102449.065,2026-05-08 13:00:00+00:00
1778248800,101999.106,2026-05-08 14:00:00+00:00
1778252400,101859.235,2026-05-08 15:00:00+00:00
1778256000,101514.62,2026-05-08 16:00:00+00:00
1778259600,100988.591,2026-05-08 17:00:00+00:00
1778263200,100982.308,2026-05-08 18:00:00+00:00
1778266800,101130.392,2026-05-08 19:00:00+00:00
1778270400,100942.203,2026-05-08 20:00:00+00:00
1778274000,100835.752,2026-05-08 21:00:00+00:00
1778277600,100739.381,2026-05-08 22:00:00+00:00
1778281200,100840.249,2026-05-08 23:00:00+00:00
1778284800,100842.355,2026-05-09 00:00:00+00:00
1778288400,101040.431,2026-05-09 01:00:00+00:00
1778292000,101110.823,2026-05-09 02:00:00+00:00
1778295600,101210.072,2026-05-09 03:00:00+00:00
1778299200,101314.897,2026-05-09 04:00:00+00:00
1778302800,101322.802,2026-05-09 05:00:00+00:00
1778306400,101257.664,2026-05-09 06:00:00+00:00
1778310000,100969.787,2026-05-09 07:00:00+00:00
1778313600,100822.518,2026-05-09 08:00:00+00:00
1778317200,100623.064,2026-05-09 09:00:00+00:00
1778320800,100757.523,2026-05-09 10:00:00+00:00
1778324400,100788.915,2026-05-09 11:00:00+00:00
1778328000,100809.003,2026-05-09 12:00:00+00:00
1778331600,100844.532,2026-05-09 13:00:00+00:00
1778335200,100398.228,2026-05-09 14:00:00+00:00
1778338800,100390.855,2026-05-09 15:00:00+00:00
1778342400,100123.274,2026-05-09 16:00:00+00:00
1778346000,100341.389,2026-05-09 17:00:00+00:00
1778349600,100432.469,2026-05-09 18:00:00+00:00
1778353200,100405.878,2026-05-09 19:00:00+00:00
1778356800,100494.356,2026-05-09 20:00:00+00:00
1778360400,100431.42,2026-05-09 21:00:00+00:00
1778364000,100345.697,2026-05-09 22:00:00+00:00
1778367600,100224.763,2026-05-09 23:00:00+00:00
1778371200,100237.034,2026-05-10 00:00:00+00:00
1778374800,99946.885,2026-05-10 01:00:00+00:00
1778378400,99917.676,2026-05-10 02:00:00+00:00
1778382000,99983.038,2026-05-10 03:00:00+00:00
1778385600,99961.498,2026-05-10 04:00:00+00:00
1778389200,100034.057,2026-05-10 05:00:00+00:00
1778392800,99989.208,2026-05-10 06:00:00+00:00
1778396400,99950.629,2026-05-10 07:00:00+00:00
1778400000,99956.382,2026-05-10 08:00:00+00:00
1778403600,100029.344,2026-05-10 09:00:00+00:00
1778407200,99284.443,2026-05-10 10:00:00+00:00
1778410800,99292.422,2026-05-10 11:00:00+00:00
1778414400,99257.839,2026-05-10 12:00:00+00:00
1778418000,99263.551,2026-05-10 13:00:00+00:00
1778421600,99170.911,2026-05-10 14:00:00+00:00
1778425200,99644.491,2026-05-10 15:00:00+00:00
1778428800,100187.865,2026-05-10 16:00:00+00:00
1778432400,100260.897,2026-05-10 17:00:00+00:00
1778436000,100433.718,2026-05-10 18:00:00+00:00
1778439600,100532.689,2026-05-10 19:00:00+00:00
1778443200,98807.021,2026-05-10 20:00:00+00:00
1778446800,98406.023,2026-05-10 21:00:00+00:00
1778450400,99183.947,2026-05-10 22:00:00+00:00
1778454000,100430.269,2026-05-10 23:00:00+00:00
1778457600,98970.671,2026-05-11 00:00:00+00:00
1778461200,98492.759,2026-05-11 01:00:00+00:00
1778464800,97888.932,2026-05-11 02:00:00+00:00
1778468400,96344.696,2026-05-11 03:00:00+00:00
1778472000,96228.508,2026-05-11 04:00:00+00:00
1778475600,96172.749,2026-05-11 05:00:00+00:00
1778479200,96248.676,2026-05-11 06:00:00+00:00
1778482800,96170.684,2026-05-11 07:00:00+00:00
1778486400,96211.846,2026-05-11 08:00:00+00:00
1778490000,96325.185,2026-05-11 09:00:00+00:00
1778493600,96240.609,2026-05-11 10:00:00+00:00
1778497200,96594.026,2026-05-11 11:00:00+00:00
1778500800,97062.546,2026-05-11 12:00:00+00:00
1778504400,96938.226,2026-05-11 13:00:00+00:00
1778508000,97682.537,2026-05-11 14:00:00+00:00
1778511600,98029.396,2026-05-11 15:00:00+00:00
1778515200,98790.38,2026-05-11 16:00:00+00:00
1778518800,99317.556,2026-05-11 17:00:00+00:00
1778522400,99736.705,2026-05-11 18:00:00+00:00
1778526000,100357.939,2026-05-11 19:00:00+00:00
1778529600,100473.256,2026-05-11 20:00:00+00:00
1778533200,100387.43,2026-05-11 21:00:00+00:00
1778536800,100604.726,2026-05-11 22:00:00+00:00
1778540400,100524.438,2026-05-11 23:00:00+00:00
1778544000,100570.592,2026-05-12 00:00:00+00:00
1778547600,100650.021,2026-05-12 01:00:00+00:00
1778551200,100885.676,2026-05-12 02:00:00+00:00
1778554800,101327.607,2026-05-12 03:00:00+00:00
1778558400,101606.927,2026-05-12 04:00:00+00:00
1778562000,101750.785,2026-05-12 05:00:00+00:00
1778565600,102165.678,2026-05-12 06:00:00+00:00
1778569200,101555.369,2026-05-12 07:00:00+00:00
1778572800,101641.791,2026-05-12 08:00:00+00:00
1778576400,101495.682,2026-05-12 09:00:00+00:00
1778580000,101339.123,2026-05-12 10:00:00+00:00
1778583600,101279.728,2026-05-12 11:00:00+00:00
1778587200,101914.204,2026-05-12 12:00:00+00:00
1778590800,102360.749,2026-05-12 13:00:00+00:00
1778594400,102953.292,2026-05-12 14:00:00+00:00
1778598000,104272.775,2026-05-12 15:00:00+00:00
1778601600,105149.885,2026-05-12 16:00:00+00:00
1778605200,105745.022,2026-05-12 17:00:00+00:00
1778608800,106089.811,2026-05-12 18:00:00+00:00
1778612400,106027.224,2026-05-12 19:00:00+00:00
1778616000,105954.083,2026-05-12 20:00:00+00:00
1778619600,105683.055,2026-05-12 21:00:00+00:00
1778623200,105642.897,2026-05-12 22:00:00+00:00
1778626800,105487.619,2026-05-12 23:00:00+00:00
1778630400,105268.174,2026-05-13 00:00:00+00:00
1778634000,105158.172,2026-05-13 01:00:00+00:00
1778637600,105420.738,2026-05-13 02:00:00+00:00
1778641200,105598.835,2026-05-13 03:00:00+00:00
1778644800,105695.157,2026-05-13 04:00:00+00:00
1778648400,105655.726,2026-05-13 05:00:00+00:00
1778652000,105833.179,2026-05-13 06:00:00+00:00
1778655600,105525.112,2026-05-13 07:00:00+00:00
1778659200,105497.588,2026-05-13 08:00:00+00:00
1778662800,106106.545,2026-05-13 09:00:00+00:00
1778666400,105214.361,2026-05-13 10:00:00+00:00
1778670000,104730.448,2026-05-13 11:00:00+00:00
1778673600,104135.084,2026-05-13 12:00:00+00:00
1778677200,103936.671,2026-05-13 13:00:00+00:00
1778680800,103924.489,2026-05-13 14:00:00+00:00
1778684400,103768.971,2026-05-13 15:00:00+00:00
1778688000,104678.284,2026-05-13 16:00:00+00:00
1778691600,104986.592,2026-05-13 17:00:00+00:00
1778695200,104465.957,2026-05-13 18:00:00+00:00
1778698800,104360.242,2026-05-13 19:00:00+00:00
1778702400,104429.125,2026-05-13 20:00:00+00:00
1778706000,104059.734,2026-05-13 21:00:00+00:00
1778709600,104061.904,2026-05-13 22:00:00+00:00
1778713200,104288.39,2026-05-13 23:00:00+00:00
1778716800,104232.01,2026-05-14 00:00:00+00:00
1778720400,104169.319,2026-05-14 01:00:00+00:00
1778724000,104255.443,2026-05-14 02:00:00+00:00
1778727600,104077.385,2026-05-14 03:00:00+00:00
1778731200,104147.573,2026-05-14 04:00:00+00:00
1778734800,103842.189,2026-05-14 05:00:00+00:00
1778738400,103778.341,2026-05-14 06:00:00+00:00
1778742000,103912.659,2026-05-14 07:00:00+00:00
1778745600,104155.585,2026-05-14 08:00:00+00:00
1778749200,104067.184,2026-05-14 09:00:00+00:00
1778752800,104022.812,2026-05-14 10:00:00+00:00
1778756400,104052.404,2026-05-14 11:00:00+00:00
1778760000,103548.946,2026-05-14 12:00:00+00:00
1778763600,105108.765,2026-05-14 13:00:00+00:00
1778767200,105775.494,2026-05-14 14:00:00+00:00
1778770800,107382.374,2026-05-14 15:00:00+00:00
1778774400,108917.212,2026-05-14 16:00:00+00:00
1778778000,110025.268,2026-05-14 17:00:00+00:00
1778781600,110588.975,2026-05-14 18:00:00+00:00
1778785200,110730.984,2026-05-14 19:00:00+00:00
1778788800,110626.929,2026-05-14 20:00:00+00:00
1778792400,110575.68,2026-05-14 21:00:00+00:00
1778796000,110594.62,2026-05-14 22:00:00+00:00
1778799600,110461.106,2026-05-14 23:00:00+00:00
1778803200,110756.913,2026-05-15 00:00:00+00:00
1778806800,110821.591,2026-05-15 01:00:00+00:00
1778810400,110248.763,2026-05-15 02:00:00+00:00
1778814000,109899.295,2026-05-15 03:00:00+00:00
1778817600,109925.57,2026-05-15 04:00:00+00:00
1778821200,108318.124,2026-05-15 05:00:00+00:00
1778824800,108152.979,2026-05-15 06:00:00+00:00
1778828400,107927.452,2026-05-15 07:00:00+00:00
1778832000,107941.93,2026-05-15 08:00:00+00:00
1778835600,107911.836,2026-05-15 09:00:00+00:00
1778839200,107797.888,2026-05-15 10:00:00+00:00
1778842800,107790.243,2026-05-15 11:00:00+00:00
1778846400,106506.554,2026-05-15 12:00:00+00:00
1778850000,102900.307,2026-05-15 13:00:00+00:00
1778853600,102393.553,2026-05-15 14:00:00+00:00
1778857200,102410.412,2026-05-15 15:00:00+00:00
1778860800,102326.819,2026-05-15 16:00:00+00:00
1778864400,102224.949,2026-05-15 17:00:00+00:00
1778868000,102145.983,2026-05-15 18:00:00+00:00
1778871600,102057.01,2026-05-15 19:00:00+00:00
1778875200,102043.066,2026-05-15 20:00:00+00:00
1778878800,101972.992,2026-05-15 21:00:00+00:00
1778882400,101947.391,2026-05-15 22:00:00+00:00
1778886000,101880.231,2026-05-15 23:00:00+00:00
1778889600,101666.844,2026-05-16 00:00:00+00:00
1778893200,101726.232,2026-05-16 01:00:00+00:00
1778896800,101895.025,2026-05-16 02:00:00+00:00
1778900400,101967.126,2026-05-16 03:00:00+00:00
1778904000,102050.555,2026-05-16 04:00:00+00:00
1778907600,102186.237,2026-05-16 05:00:00+00:00
1778911200,101566.251,2026-05-16 06:00:00+00:00
1778914800,101108.099,2026-05-16 07:00:00+00:00
1778918400,101313.13,2026-05-16 08:00:00+00:00
1778922000,100932.394,2026-05-16 09:00:00+00:00
1778925600,101124.184,2026-05-16 10:00:00+00:00
1778929200,101094.136,2026-05-16 11:00:00+00:00
1778932800,101232.302,2026-05-16 12:00:00+00:00
1778936400,101579.057,2026-05-16 13:00:00+00:00
1778940000,101724.576,2026-05-16 14:00:00+00:00
1778943600,101926.551,2026-05-16 15:00:00+00:00
1778947200,101882.298,2026-05-16 16:00:00+00:00
1778950800,101890.096,2026-05-16 17:00:00+00:00
1778954400,101877.686,2026-05-16 18:00:00+00:00
1778958000,101904.894,2026-05-16 19:00:00+00:00
1778961600,101915.833,2026-05-16 20:00:00+00:00
1778965200,101894.755,2026-05-16 21:00:00+00:00
1778968800,101953.697,2026-05-16 22:00:00+00:00
1778972400,101882.113,2026-05-16 23:00:00+00:00
1778976000,102319.635,2026-05-17 00:00:00+00:00
1778979600,102676.829,2026-05-17 01:00:00+00:00
1778983200,102624.583,2026-05-17 02:00:00+00:00
1778986800,102523.605,2026-05-17 03:00:00+00:00
1778990400,102452.865,2026-05-17 04:00:00+00:00
1778994000,102479.423,2026-05-17 05:00:00+00:00
1778997600,102440.762,2026-05-17 06:00:00+00:00
1779001200,102407.214,2026-05-17 07:00:00+00:00
1779004800,102484.056,2026-05-17 08:00:00+00:00
1779008400,102338.365,2026-05-17 09:00:00+00:00
1779012000,102125.715,2026-05-17 10:00:00+00:00
1779015600,102094.431,2026-05-17 11:00:00+00:00
1779019200,102090.728,2026-05-17 12:00:00+00:00
1779022800,102081.962,2026-05-17 13:00:00+00:00
1779026400,102021.235,2026-05-17 14:00:00+00:00
1779030000,102474.711,2026-05-17 15:00:00+00:00
1779033600,102638.031,2026-05-17 16:00:00+00:00
1779037200,102527.302,2026-05-17 17:00:00+00:00
1779040800,102605.581,2026-05-17 18:00:00+00:00
1779044400,102495.095,2026-05-17 19:00:00+00:00
1779048000,102423.004,2026-05-17 20:00:00+00:00
1779051600,102353.639,2026-05-17 21:00:00+00:00
1779055200,102517.767,2026-05-17 22:00:00+00:00
1779058800,100860.991,2026-05-17 23:00:00+00:00
1779062400,100546.014,2026-05-18 00:00:00+00:00
1779066000,101273.751,2026-05-18 01:00:00+00:00
1779069600,101414.338,2026-05-18 02:00:00+00:00
1779073200,101417.849,2026-05-18 03:00:00+00:00
1779076800,101637.55,2026-05-18 04:00:00+00:00
1779080400,101828.114,2026-05-18 05:00:00+00:00
1779084000,102209.293,2026-05-18 06:00:00+00:00
1779087600,102224.479,2026-05-18 07:00:00+00:00
1779091200,102301.736,2026-05-18 08:00:00+00:00
1779094800,102503.102,2026-05-18 09:00:00+00:00
1779098400,102663.695,2026-05-18 10:00:00+00:00
1779102000,102318.832,2026-05-18 11:00:00+00:00
1779105600,102732.954,2026-05-18 12:00:00+00:00
1779109200,103144.493,2026-05-18 13:00:00+00:00
1779112800,104267.367,2026-05-18 14:00:00+00:00
1779116400,106050.794,2026-05-18 15:00:00+00:00
1779120000,105689.617,2026-05-18 16:00:00+00:00
1779123600,105371.852,2026-05-18 17:00:00+00:00
1779127200,105707.295,2026-05-18 18:00:00+00:00
1779130800,104675.722,2026-05-18 19:00:00+00:00
1779134400,104673.08,2026-05-18 20:00:00+00:00
1779138000,104325.679,2026-05-18 21:00:00+00:00
1779141600,104499.392,2026-05-18 22:00:00+00:00
1779145200,104457.75,2026-05-18 23:00:00+00:00
1779148800,104555.529,2026-05-19 00:00:00+00:00
1779152400,104654.323,2026-05-19 01:00:00+00:00
1779156000,104687.309,2026-05-19 02:00:00+00:00
1779159600,104783.083,2026-05-19 03:00:00+00:00
1779163200,104729.855,2026-05-19 04:00:00+00:00
1779166800,104635.119,2026-05-19 05:00:00+00:00
1779170400,104664.837,2026-05-19 06:00:00+00:00
1779174000,104552.677,2026-05-19 07:00:00+00:00
1779177600,104638.789,2026-05-19 08:00:00+00:00
1779181200,104729.48,2026-05-19 09:00:00+00:00
1779184800,104612.296,2026-05-19 10:00:00+00:00
1779188400,104627.506,2026-05-19 11:00:00+00:00
1779192000,104671.722,2026-05-19 12:00:00+00:00
1779195600,104778.401,2026-05-19 13:00:00+00:00
1779199200,106414.853,2026-05-19 14:00:00+00:00
1779202800,106054.604,2026-05-19 15:00:00+00:00
1779206400,104850.036,2026-05-19 16:00:00+00:00
1779210000,104358.178,2026-05-19 17:00:00+00:00
1779213600,104167.81,2026-05-19 18:00:00+00:00
1779217200,104076.304,2026-05-19 19:00:00+00:00
1779220800,104041.117,2026-05-19 20:00:00+00:00
1779224400,103935.317,2026-05-19 21:00:00+00:00
1779228000,103910.106,2026-05-19 22:00:00+00:00
1779231600,103835.403,2026-05-19 23:00:00+00:00
1779235200,103850.636,2026-05-20 00:00:00+00:00
1779238800,103295.958,2026-05-20 01:00:00+00:00
1779242400,102983.267,2026-05-20 02:00:00+00:00
1779246000,103089.933,2026-05-20 03:00:00+00:00
1779249600,102947.959,2026-05-20 04:00:00+00:00
1779253200,102950.867,2026-05-20 05:00:00+00:00
1779256800,102949.017,2026-05-20 06:00:00+00:00
1779260400,102749.799,2026-05-20 07:00:00+00:00
1779264000,103447.194,2026-05-20 08:00:00+00:00
1779267600,103045.045,2026-05-20 09:00:00+00:00
1779271200,103146.609,2026-05-20 10:00:00+00:00
1779274800,103157.467,2026-05-20 11:00:00+00:00
1779278400,102841.478,2026-05-20 12:00:00+00:00
1779282000,101601.115,2026-05-20 13:00:00+00:00
1779285600,101859.851,2026-05-20 14:00:00+00:00
1779289200,102387.343,2026-05-20 15:00:00+00:00
1779292800,101857.566,2026-05-20 16:00:00+00:00
1779296400,101988.207,2026-05-20 17:00:00+00:00
1779300000,101856.666,2026-05-20 18:00:00+00:00
1779303600,102070.892,2026-05-20 19:00:00+00:00
1779307200,101989.778,2026-05-20 20:00:00+00:00
1779310800,101770.08,2026-05-20 21:00:00+00:00
1779314400,101676.276,2026-05-20 22:00:00+00:00
1779318000,101588.897,2026-05-20 23:00:00+00:00
1779321600,101955.488,2026-05-21 00:00:00+00:00
1779325200,102038.141,2026-05-21 01:00:00+00:00
1779328800,102040.848,2026-05-21 02:00:00+00:00
1779332400,101962.286,2026-05-21 03:00:00+00:00
1779336000,101689.45,2026-05-21 04:00:00+00:00
1779339600,101615.865,2026-05-21 05:00:00+00:00
1779343200,101477.978,2026-05-21 06:00:00+00:00
1779346800,101416.605,2026-05-21 07:00:00+00:00
1779350400,101459.701,2026-05-21 08:00:00+00:00
1779354000,101549.984,2026-05-21 09:00:00+00:00
1779357600,101064.868,2026-05-21 10:00:00+00:00
1779361200,101214.598,2026-05-21 11:00:00+00:00
1779364800,101212.14,2026-05-21 12:00:00+00:00
1779368400,101338.278,2026-05-21 13:00:00+00:00
1779372000,101552.655,2026-05-21 14:00:00+00:00
1779375600,101673.749,2026-05-21 15:00:00+00:00
1779379200,101803.864,2026-05-21 16:00:00+00:00
1779382800,102177.796,2026-05-21 17:00:00+00:00
1779386400,101026.748,2026-05-21 18:00:00+00:00
1779390000,100751.074,2026-05-21 19:00:00+00:00
1779393600,100676.05,2026-05-21 20:00:00+00:00
1779397200,100748.4,2026-05-21 21:00:00+00:00
1779400800,100812.107,2026-05-21 22:00:00+00:00
1779404400,100695.676,2026-05-21 23:00:00+00:00
1779408000,100769.117,2026-05-22 00:00:00+00:00
1779411600,100730.964,2026-05-22 01:00:00+00:00
1779415200,100854.174,2026-05-22 02:00:00+00:00
1779418800,100908.986,2026-05-22 03:00:00+00:00
1779422400,100915.224,2026-05-22 04:00:00+00:00
1779426000,100747.411,2026-05-22 05:00:00+00:00
1779429600,100555.488,2026-05-22 06:00:00+00:00
1779433200,100669.921,2026-05-22 07:00:00+00:00
1779436800,100648.105,2026-05-22 08:00:00+00:00
1779440400,100737.88,2026-05-22 09:00:00+00:00
1779444000,100845.621,2026-05-22 10:00:00+00:00
1779447600,100847.522,2026-05-22 11:00:00+00:00
1779451200,100824.528,2026-05-22 12:00:00+00:00
1779454800,101302.206,2026-05-22 13:00:00+00:00
1779458400,103849.708,2026-05-22 14:00:00+00:00
1779462000,104420.12,2026-05-22 15:00:00+00:00
1779465600,104456.822,2026-05-22 16:00:00+00:00
1779469200,104390.977,2026-05-22 17:00:00+00:00
1779472800,104126.183,2026-05-22 18:00:00+00:00
1779476400,104794.295,2026-05-22 19:00:00+00:00
1779480000,104811.899,2026-05-22 20:00:00+00:00
1779483600,104755.214,2026-05-22 21:00:00+00:00
1779487200,104993.653,2026-05-22 22:00:00+00:00
1779490800,104873.642,2026-05-22 23:00:00+00:00
1779494400,105382.472,2026-05-23 00:00:00+00:00
1779498000,105585.705,2026-05-23 01:00:00+00:00
1779501600,105403.55,2026-05-23 02:00:00+00:00
1779505200,105518.06,2026-05-23 03:00:00+00:00
1779508800,105423.589,2026-05-23 04:00:00+00:00
1779512400,105495.179,2026-05-23 05:00:00+00:00
1779516000,105217.49,2026-05-23 06:00:00+00:00
1779519600,104096.343,2026-05-23 07:00:00+00:00
1779523200,104896.912,2026-05-23 08:00:00+00:00
1779526800,105258.538,2026-05-23 09:00:00+00:00
1779530400,105226.037,2026-05-23 10:00:00+00:00
1779534000,105150.365,2026-05-23 11:00:00+00:00
1779537600,104813.505,2026-05-23 12:00:00+00:00
1779541200,103344.701,2026-05-23 13:00:00+00:00
1779544800,104272.263,2026-05-23 14:00:00+00:00
1779548400,104333.146,2026-05-23 15:00:00+00:00
1779552000,104486.735,2026-05-23 16:00:00+00:00
1779555600,104473.491,2026-05-23 17:00:00+00:00
1779559200,104573.674,2026-05-23 18:00:00+00:00
1779562800,104391.617,2026-05-23 19:00:00+00:00
1779566400,103439.113,2026-05-23 20:00:00+00:00
1779570000,103024.747,2026-05-23 21:00:00+00:00
1779573600,103092.335,2026-05-23 22:00:00+00:00
1779577200,102943.367,2026-05-23 23:00:00+00:00
1779580800,102933.256,2026-05-24 00:00:00+00:00
1779584400,102799.776,2026-05-24 01:00:00+00:00
1779588000,102848.521,2026-05-24 02:00:00+00:00
1779591600,102623.456,2026-05-24 03:00:00+00:00
1779595200,102542.556,2026-05-24 04:00:00+00:00
1779598800,102658.41,2026-05-24 05:00:00+00:00
1779602400,102477.029,2026-05-24 06:00:00+00:00
1779606000,102386.369,2026-05-24 07:00:00+00:00
1779609600,102043.95,2026-05-24 08:00:00+00:00
1779613200,102253.211,2026-05-24 09:00:00+00:00
1779616800,101285.743,2026-05-24 10:00:00+00:00
1779620400,101410.602,2026-05-24 11:00:00+00:00
1779624000,100943.919,2026-05-24 12:00:00+00:00
1779627600,100974.819,2026-05-24 13:00:00+00:00
1779631200,100612.439,2026-05-24 14:00:00+00:00
1779634800,100644.528,2026-05-24 15:00:00+00:00
1779638400,100288.216,2026-05-24 16:00:00+00:00
1779642000,100165.329,2026-05-24 17:00:00+00:00
1779645600,100056.957,2026-05-24 18:00:00+00:00
1779649200,100097.221,2026-05-24 19:00:00+00:00
1779652800,100135.374,2026-05-24 20:00:00+00:00
1779656400,99537.529,2026-05-24 21:00:00+00:00
1779660000,99325.725,2026-05-24 22:00:00+00:00
1779663600,99127.591,2026-05-24 23:00:00+00:00
1779667200,99003.324,2026-05-25 00:00:00+00:00
1779670800,99264.29,2026-05-25 01:00:00+00:00
1779674400,99337.171,2026-05-25 02:00:00+00:00
1779678000,99348.357,2026-05-25 03:00:00+00:00
1779681600,99667.469,2026-05-25 04:00:00+00:00
1779685200,99779.121,2026-05-25 05:00:00+00:00
1779688800,100128.414,2026-05-25 06:00:00+00:00
1779692400,100097.255,2026-05-25 07:00:00+00:00
1779696000,100057.699,2026-05-25 08:00:00+00:00
1779699600,99541.019,2026-05-25 09:00:00+00:00
1779703200,99481.881,2026-05-25 10:00:00+00:00
1779706800,99529.226,2026-05-25 11:00:00+00:00
1779710400,99642.591,2026-05-25 12:00:00+00:00
1779714000,99553.572,2026-05-25 13:00:00+00:00
1779717600,99510.183,2026-05-25 14:00:00+00:00
1779721200,99501.223,2026-05-25 15:00:00+00:00
1779724800,99532.019,2026-05-25 16:00:00+00:00
1779728400,99921.122,2026-05-25 17:00:00+00:00
1779732000,99864.162,2026-05-25 18:00:00+00:00
1779735600,99752.546,2026-05-25 19:00:00+00:00
1779739200,99626.437,2026-05-25 20:00:00+00:00
1779742800,99738.373,2026-05-25 21:00:00+00:00
1779746400,99849.407,2026-05-25 22:00:00+00:00
1779750000,99829.525,2026-05-25 23:00:00+00:00
1779753600,99704.669,2026-05-26 00:00:00+00:00
1779757200,99763.463,2026-05-26 01:00:00+00:00
1779760800,99756.044,2026-05-26 02:00:00+00:00
1779764400,99838.09,2026-05-26 03:00:00+00:00
1779768000,99491.447,2026-05-26 04:00:00+00:00
1779771600,99254.222,2026-05-26 05:00:00+00:00
1779775200,99067.633,2026-05-26 06:00:00+00:00
1779778800,99058.9,2026-05-26 07:00:00+00:00
1779782400,99144.428,2026-05-26 08:00:00+00:00
1779786000,99043.421,2026-05-26 09:00:00+00:00
1779789600,98703.423,2026-05-26 10:00:00+00:00
1779793200,98467.392,2026-05-26 11:00:00+00:00
1779796800,98133.904,2026-05-26 12:00:00+00:00
1779800400,98397.685,2026-05-26 13:00:00+00:00
1779804000,97219.668,2026-05-26 14:00:00+00:00
1779807600,99391.321,2026-05-26 15:00:00+00:00
1779811200,98616.089,2026-05-26 16:00:00+00:00
1779814800,98658.365,2026-05-26 17:00:00+00:00
1779818400,98693.265,2026-05-26 18:00:00+00:00
1779822000,98932.875,2026-05-26 19:00:00+00:00
1779825600,98808.307,2026-05-26 20:00:00+00:00
1779829200,98916.273,2026-05-26 21:00:00+00:00
1779832800,99178.486,2026-05-26 22:00:00+00:00
1779836400,99127.457,2026-05-26 23:00:00+00:00
1779840000,99357.344,2026-05-27 00:00:00+00:00
1779843600,99453.273,2026-05-27 01:00:00+00:00
1779847200,99717.658,2026-05-27 02:00:00+00:00
1779850800,99644.471,2026-05-27 03:00:00+00:00
1779854400,100386.442,2026-05-27 04:00:00+00:00
1779858000,100460.198,2026-05-27 05:00:00+00:00
1779861600,100589.521,2026-05-27 06:00:00+00:00
1779865200,100872.649,2026-05-27 07:00:00+00:00
1779868800,100972.217,2026-05-27 08:00:00+00:00
1779872400,100999.13,2026-05-27 09:00:00+00:00
1779876000,101081.521,2026-05-27 10:00:00+00:00
1779879600,100952.138,2026-05-27 11:00:00+00:00
1779883200,100860.522,2026-05-27 12:00:00+00:00
1779886800,102308.301,2026-05-27 13:00:00+00:00
1779890400,102976.146,2026-05-27 14:00:00+00:00
1779894000,103099.855,2026-05-27 15:00:00+00:00
1779897600,102736.841,2026-05-27 16:00:00+00:00
1779901200,102357.451,2026-05-27 17:00:00+00:00
1779904800,102484.23,2026-05-27 18:00:00+00:00
1779908400,102559.25,2026-05-27 19:00:00+00:00
1779912000,102223.542,2026-05-27 20:00:00+00:00
1779915600,101372.681,2026-05-27 21:00:00+00:00
1779919200,100960.152,2026-05-27 22:00:00+00:00
1779922800,101122.306,2026-05-27 23:00:00+00:00
1779926400,101213.573,2026-05-28 00:00:00+00:00
1779930000,101181.855,2026-05-28 01:00:00+00:00
1779933600,101295.251,2026-05-28 02:00:00+00:00
1779937200,102782.131,2026-05-28 03:00:00+00:00
1779940800,103464.95,2026-05-28 04:00:00+00:00
1779944400,103793.479,2026-05-28 05:00:00+00:00
1779948000,104334.23,2026-05-28 06:00:00+00:00
1779951600,104005.63,2026-05-28 07:00:00+00:00
1779955200,103909.279,2026-05-28 08:00:00+00:00
1779958800,104017.346,2026-05-28 09:00:00+00:00
1779962400,104637.528,2026-05-28 10:00:00+00:00
1779966000,104747.84,2026-05-28 11:00:00+00:00
1779969600,104889.518,2026-05-28 12:00:00+00:00
1779973200,104717.387,2026-05-28 13:00:00+00:00
1779976800,106627.902,2026-05-28 14:00:00+00:00
1779980400,107158.298,2026-05-28 15:00:00+00:00
1779984000,106819.368,2026-05-28 16:00:00+00:00
1779987600,106485.235,2026-05-28 17:00:00+00:00
1779991200,106256.783,2026-05-28 18:00:00+00:00
1779994800,105871.434,2026-05-28 19:00:00+00:00
1779998400,105915.149,2026-05-28 20:00:00+00:00
1780002000,106472.877,2026-05-28 21:00:00+00:00
1780005600,106694.875,2026-05-28 22:00:00+00:00
1780009200,106586.045,2026-05-28 23:00:00+00:00
1780012800,106440.982,2026-05-29 00:00:00+00:00
1780016400,106333.168,2026-05-29 01:00:00+00:00
1780020000,106093.83,2026-05-29 02:00:00+00:00
1780023600,106003.726,2026-05-29 03:00:00+00:00
1780027200,105853.414,2026-05-29 04:00:00+00:00
1780030800,105928.477,2026-05-29 05:00:00+00:00
1780034400,106011.367,2026-05-29 06:00:00+00:00
1780038000,105362.185,2026-05-29 07:00:00+00:00
1780041600,105199.803,2026-05-29 08:00:00+00:00
1780045200,105513.049,2026-05-29 09:00:00+00:00
1780048800,105449.804,2026-05-29 10:00:00+00:00
1780052400,105374.349,2026-05-29 11:00:00+00:00
1780056000,105430.654,2026-05-29 12:00:00+00:00
1780059600,105586.08,2026-05-29 13:00:00+00:00
1780063200,106747.855,2026-05-29 14:00:00+00:00
1780066800,105627.593,2026-05-29 15:00:00+00:00
1780070400,105952.831,2026-05-29 16:00:00+00:00
1780074000,105917.115,2026-05-29 17:00:00+00:00
1780077600,104516.285,2026-05-29 18:00:00+00:00
1780081200,103867.474,2026-05-29 19:00:00+00:00
1780084800,104208.199,2026-05-29 20:00:00+00:00
1780088400,103883.568,2026-05-29 21:00:00+00:00
1780092000,104250.38,2026-05-29 22:00:00+00:00
1780095600,104362.809,2026-05-29 23:00:00+00:00
1780099200,104357.042,2026-05-30 00:00:00+00:00
1780102800,104444.82,2026-05-30 01:00:00+00:00
1780106400,104373.559,2026-05-30 02:00:00+00:00
1780110000,104393.974,2026-05-30 03:00:00+00:00
1780113600,104497.97,2026-05-30 04:00:00+00:00
1780117200,104023.861,2026-05-30 05:00:00+00:00
1780120800,103846.118,2026-05-30 06:00:00+00:00
1780124400,103801.597,2026-05-30 07:00:00+00:00
1780128000,103789.249,2026-05-30 08:00:00+00:00
1780131600,103757.529,2026-05-30 09:00:00+00:00
1780135200,103662.859,2026-05-30 10:00:00+00:00
1780138800,103657.153,2026-05-30 11:00:00+00:00
1780142400,103664.557,2026-05-30 12:00:00+00:00
1780146000,104113.389,2026-05-30 13:00:00+00:00
1780149600,104602.703,2026-05-30 14:00:00+00:00
1780153200,104428.263,2026-05-30 15:00:00+00:00
1780156800,104250.682,2026-05-30 16:00:00+00:00
1780160400,103791.938,2026-05-30 17:00:00+00:00
1780164000,103777.221,2026-05-30 18:00:00+00:00
1780167600,103915.001,2026-05-30 19:00:00+00:00
1780171200,103881.089,2026-05-30 20:00:00+00:00
1780174800,103755.822,2026-05-30 21:00:00+00:00
1780178400,103753.899,2026-05-30 22:00:00+00:00
1780182000,103983.607,2026-05-30 23:00:00+00:00
1780185600,104092.472,2026-05-31 00:00:00+00:00
1780189200,103895.65,2026-05-31 01:00:00+00:00
1780192800,104327.334,2026-05-31 02:00:00+00:00
1780196400,104436.155,2026-05-31 03:00:00+00:00
1780200000,104700.665,2026-05-31 04:00:00+00:00
1780203600,104742.239,2026-05-31 05:00:00+00:00
1780207200,104838.623,2026-05-31 06:00:00+00:00
1780210800,104945.6,2026-05-31 07:00:00+00:00
1780214400,105111.091,2026-05-31 08:00:00+00:00
1780218000,105133.586,2026-05-31 09:00:00+00:00
1780221600,105181.739,2026-05-31 10:00:00+00:00
1780225200,105199.587,2026-05-31 11:00:00+00:00
1780228800,105196.156,2026-05-31 12:00:00+00:00
1780232400,105239.899,2026-05-31 13:00:00+00:00
1780236000,104754.474,2026-05-31 14:00:00+00:00
1780239600,104871.516,2026-05-31 15:00:00+00:00
1780243200,105013.017,2026-05-31 16:00:00+00:00
1780246800,104950.075,2026-05-31 17:00:00+00:00
1780250400,104903.345,2026-05-31 18:00:00+00:00
1780254000,104810.015,2026-05-31 19:00:00+00:00
1780257600,104978.443,2026-05-31 20:00:00+00:00
1780261200,105002.733,2026-05-31 21:00:00+00:00
1780264800,104968.127,2026-05-31 22:00:00+00:00
1780268400,105047.033,2026-05-31 23:00:00+00:00
1780272000,104991.348,2026-06-01 00:00:00+00:00
1780275600,104834.063,2026-06-01 01:00:00+00:00
1780279200,104886.438,2026-06-01 02:00:00+00:00
1780282800,105165.792,2026-06-01 03:00:00+00:00
1780286400,104967.296,2026-06-01 04:00:00+00:00
1780290000,105091.653,2026-06-01 05:00:00+00:00
1780293600,105022.618,2026-06-01 06:00:00+00:00
1780297200,105443.863,2026-06-01 07:00:00+00:00
1780300800,105263.987,2026-06-01 08:00:00+00:00
1780304400,105761.181,2026-06-01 09:00:00+00:00
1780308000,106407.468,2026-06-01 10:00:00+00:00
1780311600,106214.821,2026-06-01 11:00:00+00:00
1780315200,106497.31,2026-06-01 12:00:00+00:00
1780318800,105652.245,2026-06-01 13:00:00+00:00
1780322400,106023.169,2026-06-01 14:00:00+00:00
1780326000,105679.627,2026-06-01 15:00:00+00:00
1780329600,106065.841,2026-06-01 16:00:00+00:00
1780333200,105873.606,2026-06-01 17:00:00+00:00
1780336800,105166.261,2026-06-01 18:00:00+00:00
1780340400,105086.095,2026-06-01 19:00:00+00:00
1780344000,104918.215,2026-06-01 20:00:00+00:00
1780347600,105060.997,2026-06-01 21:00:00+00:00
1780351200,105010.803,2026-06-01 22:00:00+00:00
1780354800,105289.598,2026-06-01 23:00:00+00:00
1780358400,105693.688,2026-06-02 00:00:00+00:00
1780362000,106143.044,2026-06-02 01:00:00+00:00
1780365600,105725.048,2026-06-02 02:00:00+00:00
1780369200,105715.663,2026-06-02 03:00:00+00:00
1780372800,105664.746,2026-06-02 04:00:00+00:00
1780376400,105589.082,2026-06-02 05:00:00+00:00
1780380000,105730.685,2026-06-02 06:00:00+00:00
1780383600,105175.371,2026-06-02 07:00:00+00:00
1780387200,105649.437,2026-06-02 08:00:00+00:00
1780390800,106135.371,2026-06-02 09:00:00+00:00
1780394400,106182.151,2026-06-02 10:00:00+00:00
1780398000,106164.278,2026-06-02 11:00:00+00:00
1780401600,107486.432,2026-06-02 12:00:00+00:00
1780405200,109885.728,2026-06-02 13:00:00+00:00
1780408800,109522.008,2026-06-02 14:00:00+00:00
1780412400,109552.803,2026-06-02 15:00:00+00:00
1780416000,110440.908,2026-06-02 16:00:00+00:00
1780419600,110643.183,2026-06-02 17:00:00+00:00
1780423200,110615.782,2026-06-02 18:00:00+00:00
1780426800,108617.159,2026-06-02 19:00:00+00:00
1780430400,107667.977,2026-06-02 20:00:00+00:00
1780434000,107295.119,2026-06-02 21:00:00+00:00
1780437600,106969.976,2026-06-02 22:00:00+00:00
1780441200,107545.588,2026-06-02 23:00:00+00:00
1780444800,106431.618,2026-06-03 00:00:00+00:00
1780448400,108264.481,2026-06-03 01:00:00+00:00
1780452000,108441.094,2026-06-03 02:00:00+00:00
1780455600,108315.886,2026-06-03 03:00:00+00:00
1780459200,109467.532,2026-06-03 04:00:00+00:00
1780462800,106916.573,2026-06-03 05:00:00+00:00
1780466400,106344.396,2026-06-03 06:00:00+00:00
1780470000,105771.874,2026-06-03 07:00:00+00:00
1780473600,104400.485,2026-06-03 08:00:00+00:00
1780477200,108033.69,2026-06-03 09:00:00+00:00
1780480800,107742.871,2026-06-03 10:00:00+00:00
1780484400,107591.123,2026-06-03 11:00:00+00:00
1780488000,108281.442,2026-06-03 12:00:00+00:00
1780491600,108901.26,2026-06-03 13:00:00+00:00
1780495200,108976.653,2026-06-03 14:00:00+00:00
1780498800,107239.296,2026-06-03 15:00:00+00:00
1780502400,105589.541,2026-06-03 16:00:00+00:00
1780506000,105377.759,2026-06-03 17:00:00+00:00
1780509600,105242.307,2026-06-03 18:00:00+00:00
1780513200,105140.828,2026-06-03 19:00:00+00:00
1780516800,104008.37,2026-06-03 20:00:00+00:00
1780520400,104340.132,2026-06-03 21:00:00+00:00
1780524000,104287.533,2026-06-03 22:00:00+00:00
1780527600,104735.937,2026-06-03 23:00:00+00:00
1780531200,103684.566,2026-06-04 00:00:00+00:00
1780534800,103277.34,2026-06-04 01:00:00+00:00
1780538400,101595.452,2026-06-04 02:00:00+00:00
1780542000,100747.32,2026-06-04 03:00:00+00:00
1780545600,100629.942,2026-06-04 04:00:00+00:00
1780549200,100781.41,2026-06-04 05:00:00+00:00
1780552800,100532.399,2026-06-04 06:00:00+00:00
1780556400,101747.96,2026-06-04 07:00:00+00:00
1780560000,101412.358,2026-06-04 08:00:00+00:00
1780563600,102625.082,2026-06-04 09:00:00+00:00
1780567200,102982.426,2026-06-04 10:00:00+00:00
1780570800,103813.712,2026-06-04 11:00:00+00:00
1780574400,101578.773,2026-06-04 12:00:00+00:00
1780578000,101104.311,2026-06-04 13:00:00+00:00
1780581600,101086.111,2026-06-04 14:00:00+00:00
1780585200,100853.802,2026-06-04 15:00:00+00:00
1780588800,100647.634,2026-06-04 16:00:00+00:00
1780592400,99819.912,2026-06-04 17:00:00+00:00
1780596000,102314.874,2026-06-04 18:00:00+00:00
1780599600,101657.643,2026-06-04 19:00:00+00:00
1780603200,99533.285,2026-06-04 20:00:00+00:00
1780606800,99578.908,2026-06-04 21:00:00+00:00
1780610400,99357.701,2026-06-04 22:00:00+00:00
1780614000,98687.523,2026-06-04 23:00:00+00:00
1780617600,98168.954,2026-06-05 00:00:00+00:00
1780621200,97944.491,2026-06-05 01:00:00+00:00
1780624800,99183.476,2026-06-05 02:00:00+00:00
1780628400,100067.417,2026-06-05 03:00:00+00:00
1780632000,99725.475,2026-06-05 04:00:00+00:00
1780635600,98737.019,2026-06-05 05:00:00+00:00
1780639200,100104.145,2026-06-05 06:00:00+00:00
1780642800,98250.511,2026-06-05 07:00:00+00:00
1780646400,98260.962,2026-06-05 08:00:00+00:00
1780650000,98097.303,2026-06-05 09:00:00+00:00
1780653600,97969.452,2026-06-05 10:00:00+00:00
1780657200,97896.929,2026-06-05 11:00:00+00:00
1780660800,97822.441,2026-06-05 12:00:00+00:00
1780664400,98880.639,2026-06-05 13:00:00+00:00
1780668000,100578.945,2026-06-05 14:00:00+00:00
