timestamp,value,datetime
1735689600,0.0,2025-01-01 00:00:00+00:00
1735718400,0.0,2025-01-01 08:00:00+00:00
1735747200,0.0,2025-01-01 16:00:00+00:00
1735758000,-3.84e-06,2025-01-01 19:00:00+00:00
1735761600,-8.447e-05,2025-01-01 20:00:00+00:00
1735765200,-0.00016705,2025-01-01 21:00:00+00:00
1735768800,-0.00018793,2025-01-01 22:00:00+00:00
1735772400,-0.00017095,2025-01-01 23:00:00+00:00
1735776000,-0.0001032,2025-01-02 00:00:00+00:00
1735779600,0.0,2025-01-02 01:00:00+00:00
1735804800,0.0,2025-01-02 08:00:00+00:00
1735833600,0.0,2025-01-02 16:00:00+00:00
1735862400,0.0,2025-01-03 00:00:00+00:00
1735891200,0.0,2025-01-03 08:00:00+00:00
1735905600,0.0,2025-01-03 12:00:00+00:00
1735920000,0.0,2025-01-03 16:00:00+00:00
1735948800,0.0,2025-01-04 00:00:00+00:00
1735977600,0.0,2025-01-04 08:00:00+00:00
1736006400,0.0,2025-01-04 16:00:00+00:00
1736035200,0.0,2025-01-05 00:00:00+00:00
1736064000,0.0,2025-01-05 08:00:00+00:00
1736092800,0.0,2025-01-05 16:00:00+00:00
1736121600,0.0,2025-01-06 00:00:00+00:00
1736150400,0.0,2025-01-06 08:00:00+00:00
1736179200,0.0,2025-01-06 16:00:00+00:00
1736197200,1.871e-05,2025-01-06 21:00:00+00:00
1736200800,9.462e-05,2025-01-06 22:00:00+00:00
1736204400,9.183e-05,2025-01-06 23:00:00+00:00
1736208000,5.195e-05,2025-01-07 00:00:00+00:00
1736211600,3.446e-05,2025-01-07 01:00:00+00:00
1736215200,0.0,2025-01-07 02:00:00+00:00
1736236800,0.0,2025-01-07 08:00:00+00:00
1736247600,-6.16e-06,2025-01-07 11:00:00+00:00
1736251200,-1.569e-05,2025-01-07 12:00:00+00:00
1736254800,-1.347e-05,2025-01-07 13:00:00+00:00
1736258400,-1.233e-05,2025-01-07 14:00:00+00:00
1736262000,-6.949e-05,2025-01-07 15:00:00+00:00
1736265600,-0.00024989,2025-01-07 16:00:00+00:00
1736269200,-0.00027834,2025-01-07 17:00:00+00:00
1736272800,-0.00030823,2025-01-07 18:00:00+00:00
1736276400,-0.00052225,2025-01-07 19:00:00+00:00
1736280000,-0.00072193,2025-01-07 20:00:00+00:00
1736283600,-0.00088028,2025-01-07 21:00:00+00:00
1736287200,-0.00095738,2025-01-07 22:00:00+00:00
1736290800,-0.00097361,2025-01-07 23:00:00+00:00
1736294400,-0.00087425,2025-01-08 00:00:00+00:00
1736298000,-0.00074468,2025-01-08 01:00:00+00:00
1736301600,-0.00058022,2025-01-08 02:00:00+00:00
1736305200,-0.00041179,2025-01-08 03:00:00+00:00
1736308800,-0.00027999,2025-01-08 04:00:00+00:00
1736312400,-0.00025482,2025-01-08 05:00:00+00:00
1736316000,-0.00028662,2025-01-08 06:00:00+00:00
1736319600,-0.00038843,2025-01-08 07:00:00+00:00
1736323200,-0.0005101,2025-01-08 08:00:00+00:00
1736326800,-0.00054155,2025-01-08 09:00:00+00:00
1736330400,-0.00050179,2025-01-08 10:00:00+00:00
1736334000,-0.00044079,2025-01-08 11:00:00+00:00
1736337600,-0.00033547,2025-01-08 12:00:00+00:00
1736341200,-0.00023125,2025-01-08 13:00:00+00:00
1736344800,-0.00013945,2025-01-08 14:00:00+00:00
1736348400,-5.489e-05,2025-01-08 15:00:00+00:00
1736352000,-3.27e-05,2025-01-08 16:00:00+00:00
1736355600,-0.00011079,2025-01-08 17:00:00+00:00
1736359200,-0.00017796,2025-01-08 18:00:00+00:00
1736362800,-0.0002231,2025-01-08 19:00:00+00:00
1736366400,-0.00022891,2025-01-08 20:00:00+00:00
1736370000,-0.00024567,2025-01-08 21:00:00+00:00
1736373600,-0.0002363,2025-01-08 22:00:00+00:00
1736377200,-0.00020263,2025-01-08 23:00:00+00:00
1736380800,-0.00015803,2025-01-09 00:00:00+00:00
1736384400,-0.00011091,2025-01-09 01:00:00+00:00
1736388000,-0.00010754,2025-01-09 02:00:00+00:00
1736391600,-9.725e-05,2025-01-09 03:00:00+00:00
1736395200,-5.986e-05,2025-01-09 04:00:00+00:00
1736398800,-2.466e-05,2025-01-09 05:00:00+00:00
1736402400,-2.12e-05,2025-01-09 06:00:00+00:00
1736406000,-2.644e-05,2025-01-09 07:00:00+00:00
1736409600,0.0,2025-01-09 08:00:00+00:00
1736413200,-2.13e-06,2025-01-09 09:00:00+00:00
1736416800,-9.67e-06,2025-01-09 10:00:00+00:00
1736420400,-1.132e-05,2025-01-09 11:00:00+00:00
1736424000,-2.082e-05,2025-01-09 12:00:00+00:00
1736427600,-2.473e-05,2025-01-09 13:00:00+00:00
1736431200,-5.715e-05,2025-01-09 14:00:00+00:00
1736434800,-5.941e-05,2025-01-09 15:00:00+00:00
1736438400,-7.237e-05,2025-01-09 16:00:00+00:00
1736442000,-0.00013176,2025-01-09 17:00:00+00:00
1736445600,-0.00017532,2025-01-09 18:00:00+00:00
1736449200,-0.00027829,2025-01-09 19:00:00+00:00
1736452800,-0.0004487,2025-01-09 20:00:00+00:00
1736456400,-0.00050594,2025-01-09 21:00:00+00:00
1736460000,-0.00049495,2025-01-09 22:00:00+00:00
1736463600,-0.00046477,2025-01-09 23:00:00+00:00
1736467200,-0.00039874,2025-01-10 00:00:00+00:00
1736470800,-0.00033074,2025-01-10 01:00:00+00:00
1736474400,-0.00030851,2025-01-10 02:00:00+00:00
1736478000,-0.00028322,2025-01-10 03:00:00+00:00
1736481600,-0.00028751,2025-01-10 04:00:00+00:00
1736485200,-0.00031164,2025-01-10 05:00:00+00:00
1736488800,-0.00030853,2025-01-10 06:00:00+00:00
1736492400,-0.00028153,2025-01-10 07:00:00+00:00
1736496000,-0.00025714,2025-01-10 08:00:00+00:00
1736499600,-0.00021624,2025-01-10 09:00:00+00:00
1736503200,-0.00017211,2025-01-10 10:00:00+00:00
1736506800,-0.00010353,2025-01-10 11:00:00+00:00
1736510400,-3.956e-05,2025-01-10 12:00:00+00:00
1736514000,0.0,2025-01-10 13:00:00+00:00
1736524800,0.0,2025-01-10 16:00:00+00:00
1736553600,0.0,2025-01-11 00:00:00+00:00
1736582400,0.0,2025-01-11 08:00:00+00:00
1736611200,0.0,2025-01-11 16:00:00+00:00
1736640000,0.0,2025-01-12 00:00:00+00:00
1736668800,-2.39e-06,2025-01-12 08:00:00+00:00
1736672400,-1.638e-05,2025-01-12 09:00:00+00:00
1736676000,-5.17e-06,2025-01-12 10:00:00+00:00
1736679600,-8.5e-06,2025-01-12 11:00:00+00:00
1736683200,-3.391e-05,2025-01-12 12:00:00+00:00
1736686800,-3.338e-05,2025-01-12 13:00:00+00:00
1736690400,-4.331e-05,2025-01-12 14:00:00+00:00
1736694000,-5.644e-05,2025-01-12 15:00:00+00:00
1736697600,-6.292e-05,2025-01-12 16:00:00+00:00
1736701200,-4.947e-05,2025-01-12 17:00:00+00:00
1736704800,-2.958e-05,2025-01-12 18:00:00+00:00
1736708400,0.0,2025-01-12 19:00:00+00:00
1736726400,0.0,2025-01-13 00:00:00+00:00
1736737200,-5.208e-05,2025-01-13 03:00:00+00:00
1736740800,-0.00011208,2025-01-13 04:00:00+00:00
1736744400,-0.00018301,2025-01-13 05:00:00+00:00
1736748000,-0.00030959,2025-01-13 06:00:00+00:00
1736751600,-0.00038994,2025-01-13 07:00:00+00:00
1736755200,-0.00045963,2025-01-13 08:00:00+00:00
1736758800,-0.00051496,2025-01-13 09:00:00+00:00
1736762400,-0.00062115,2025-01-13 10:00:00+00:00
1736766000,-0.00071641,2025-01-13 11:00:00+00:00
1736769600,-0.00072881,2025-01-13 12:00:00+00:00
1736773200,-0.0007089,2025-01-13 13:00:00+00:00
1736776800,-0.00063581,2025-01-13 14:00:00+00:00
1736780400,-0.00056407,2025-01-13 15:00:00+00:00
1736784000,-0.00050012,2025-01-13 16:00:00+00:00
1736787600,-0.00042423,2025-01-13 17:00:00+00:00
1736791200,-0.0003303,2025-01-13 18:00:00+00:00
1736794800,-0.00026621,2025-01-13 19:00:00+00:00
1736798400,-0.00016314,2025-01-13 20:00:00+00:00
1736802000,-6.937e-05,2025-01-13 21:00:00+00:00
1736805600,0.0,2025-01-13 22:00:00+00:00
1736812800,0.0,2025-01-14 00:00:00+00:00
1736841600,0.0,2025-01-14 08:00:00+00:00
1736870400,0.0,2025-01-14 16:00:00+00:00
1736899200,0.0,2025-01-15 00:00:00+00:00
1736928000,0.0,2025-01-15 08:00:00+00:00
1736956800,0.0,2025-01-15 16:00:00+00:00
1736985600,0.0,2025-01-16 00:00:00+00:00
1737014400,0.0,2025-01-16 08:00:00+00:00
1737043200,0.0,2025-01-16 16:00:00+00:00
1737072000,0.0,2025-01-17 00:00:00+00:00
1737097200,3.508e-05,2025-01-17 07:00:00+00:00
1737100800,5.594e-05,2025-01-17 08:00:00+00:00
1737104400,4.426e-05,2025-01-17 09:00:00+00:00
1737108000,0.0,2025-01-17 10:00:00+00:00
1737111600,0.0,2025-01-17 11:00:00+00:00
1737115200,2.572e-05,2025-01-17 12:00:00+00:00
1737118800,2.623e-05,2025-01-17 13:00:00+00:00
1737122400,1.99e-06,2025-01-17 14:00:00+00:00
1737126000,0.0,2025-01-17 15:00:00+00:00
1737129600,0.0,2025-01-17 16:00:00+00:00
1737158400,0.0,2025-01-18 00:00:00+00:00
1737187200,0.0,2025-01-18 08:00:00+00:00
1737216000,0.0,2025-01-18 16:00:00+00:00
1737244800,0.0,2025-01-19 00:00:00+00:00
1737252000,5.642e-05,2025-01-19 02:00:00+00:00
1737255600,0.00011379,2025-01-19 03:00:00+00:00
1737259200,0.00012893,2025-01-19 04:00:00+00:00
1737262800,0.00013182,2025-01-19 05:00:00+00:00
1737266400,0.00014547,2025-01-19 06:00:00+00:00
1737270000,0.00013984,2025-01-19 07:00:00+00:00
1737273600,0.00010504,2025-01-19 08:00:00+00:00
1737277200,0.00011224,2025-01-19 09:00:00+00:00
1737280800,0.00010599,2025-01-19 10:00:00+00:00
1737284400,9.033e-05,2025-01-19 11:00:00+00:00
1737288000,7.41e-05,2025-01-19 12:00:00+00:00
1737291600,7.824e-05,2025-01-19 13:00:00+00:00
1737295200,8.921e-05,2025-01-19 14:00:00+00:00
1737298800,7.851e-05,2025-01-19 15:00:00+00:00
1737302400,7.644e-05,2025-01-19 16:00:00+00:00
1737306000,9.599e-05,2025-01-19 17:00:00+00:00
1737309600,0.00014326,2025-01-19 18:00:00+00:00
1737313200,0.00017813,2025-01-19 19:00:00+00:00
1737316800,0.00019505,2025-01-19 20:00:00+00:00
1737320400,0.00017552,2025-01-19 21:00:00+00:00
1737324000,0.00012298,2025-01-19 22:00:00+00:00
1737327600,3.32e-05,2025-01-19 23:00:00+00:00
1737331200,0.0,2025-01-20 00:00:00+00:00
1737345600,1.764e-05,2025-01-20 04:00:00+00:00
1737349200,3.275e-05,2025-01-20 05:00:00+00:00
1737352800,9.461e-05,2025-01-20 06:00:00+00:00
1737356400,0.00012033,2025-01-20 07:00:00+00:00
1737360000,0.00015787,2025-01-20 08:00:00+00:00
1737363600,0.00015229,2025-01-20 09:00:00+00:00
1737367200,0.0001153,2025-01-20 10:00:00+00:00
1737370800,0.0001027,2025-01-20 11:00:00+00:00
1737374400,6.79e-05,2025-01-20 12:00:00+00:00
1737378000,1.971e-05,2025-01-20 13:00:00+00:00
1737381600,0.00010449,2025-01-20 14:00:00+00:00
1737385200,0.00010734,2025-01-20 15:00:00+00:00
1737388800,0.00011259,2025-01-20 16:00:00+00:00
1737392400,7.038e-05,2025-01-20 17:00:00+00:00
1737396000,5.705e-05,2025-01-20 18:00:00+00:00
1737399600,3.023e-05,2025-01-20 19:00:00+00:00
1737403200,4.029e-05,2025-01-20 20:00:00+00:00
1737406800,0.0,2025-01-20 21:00:00+00:00
1737410400,3.35e-06,2025-01-20 22:00:00+00:00
1737414000,8.49e-06,2025-01-20 23:00:00+00:00
1737417600,3.344e-05,2025-01-21 00:00:00+00:00
1737421200,4.37e-05,2025-01-21 01:00:00+00:00
1737424800,7.392e-05,2025-01-21 02:00:00+00:00
1737428400,9.66e-05,2025-01-21 03:00:00+00:00
1737432000,0.00010056,2025-01-21 04:00:00+00:00
1737435600,0.00010254,2025-01-21 05:00:00+00:00
1737439200,8.405e-05,2025-01-21 06:00:00+00:00
1737442800,5.412e-05,2025-01-21 07:00:00+00:00
1737446400,6.537e-05,2025-01-21 08:00:00+00:00
1737450000,6.341e-05,2025-01-21 09:00:00+00:00
1737453600,7.921e-05,2025-01-21 10:00:00+00:00
1737457200,5.658e-05,2025-01-21 11:00:00+00:00
1737460800,8.917e-05,2025-01-21 12:00:00+00:00
1737464400,0.00011334,2025-01-21 13:00:00+00:00
1737468000,0.00011423,2025-01-21 14:00:00+00:00
1737471600,9.61e-05,2025-01-21 15:00:00+00:00
1737475200,7.408e-05,2025-01-21 16:00:00+00:00
1737478800,6.652e-05,2025-01-21 17:00:00+00:00
1737482400,6.228e-05,2025-01-21 18:00:00+00:00
1737486000,6.711e-05,2025-01-21 19:00:00+00:00
1737489600,7.371e-05,2025-01-21 20:00:00+00:00
1737493200,0.00010218,2025-01-21 21:00:00+00:00
1737496800,0.0001123,2025-01-21 22:00:00+00:00
1737500400,0.00011414,2025-01-21 23:00:00+00:00
1737504000,7.828e-05,2025-01-22 00:00:00+00:00
1737507600,6.977e-05,2025-01-22 01:00:00+00:00
1737511200,6.653e-05,2025-01-22 02:00:00+00:00
1737514800,6.476e-05,2025-01-22 03:00:00+00:00
1737518400,4.387e-05,2025-01-22 04:00:00+00:00
1737522000,0.0,2025-01-22 05:00:00+00:00
1737532800,0.0,2025-01-22 08:00:00+00:00
1737536400,0.0,2025-01-22 09:00:00+00:00
1737547200,3.588e-05,2025-01-22 12:00:00+00:00
1737550800,5.389e-05,2025-01-22 13:00:00+00:00
1737554400,3.523e-05,2025-01-22 14:00:00+00:00
1737558000,0.0,2025-01-22 15:00:00+00:00
1737561600,3.152e-05,2025-01-22 16:00:00+00:00
1737565200,4.341e-05,2025-01-22 17:00:00+00:00
1737568800,4.844e-05,2025-01-22 18:00:00+00:00
1737572400,5.803e-05,2025-01-22 19:00:00+00:00
1737576000,7.179e-05,2025-01-22 20:00:00+00:00
1737579600,8.274e-05,2025-01-22 21:00:00+00:00
1737583200,8.459e-05,2025-01-22 22:00:00+00:00
1737586800,7.196e-05,2025-01-22 23:00:00+00:00
1737590400,7.505e-05,2025-01-23 00:00:00+00:00
1737594000,6.376e-05,2025-01-23 01:00:00+00:00
1737597600,3.913e-05,2025-01-23 02:00:00+00:00
1737601200,1.006e-05,2025-01-23 03:00:00+00:00
1737604800,0.0,2025-01-23 04:00:00+00:00
1737612000,8e-07,2025-01-23 06:00:00+00:00
1737615600,3.72e-06,2025-01-23 07:00:00+00:00
1737619200,0.0,2025-01-23 08:00:00+00:00
1737648000,0.0,2025-01-23 16:00:00+00:00
1737676800,0.0,2025-01-24 00:00:00+00:00
1737691200,3.75e-06,2025-01-24 04:00:00+00:00
1737694800,4.269e-05,2025-01-24 05:00:00+00:00
1737698400,6.219e-05,2025-01-24 06:00:00+00:00
1737702000,8.377e-05,2025-01-24 07:00:00+00:00
1737705600,8.786e-05,2025-01-24 08:00:00+00:00
1737709200,8.372e-05,2025-01-24 09:00:00+00:00
1737712800,6.856e-05,2025-01-24 10:00:00+00:00
1737716400,6.989e-05,2025-01-24 11:00:00+00:00
1737720000,5.671e-05,2025-01-24 12:00:00+00:00
1737723600,3.734e-05,2025-01-24 13:00:00+00:00
1737727200,2.94e-05,2025-01-24 14:00:00+00:00
1737730800,0.0,2025-01-24 15:00:00+00:00
1737734400,0.0,2025-01-24 16:00:00+00:00
1737763200,0.0,2025-01-25 00:00:00+00:00
1737792000,0.0,2025-01-25 08:00:00+00:00
1737795600,9.61e-06,2025-01-25 09:00:00+00:00
1737799200,0.0,2025-01-25 10:00:00+00:00
1737802800,1.972e-05,2025-01-25 11:00:00+00:00
1737806400,3.072e-05,2025-01-25 12:00:00+00:00
1737810000,5.255e-05,2025-01-25 13:00:00+00:00
1737813600,6.947e-05,2025-01-25 14:00:00+00:00
1737817200,8.603e-05,2025-01-25 15:00:00+00:00
1737820800,0.0001045,2025-01-25 16:00:00+00:00
1737824400,9.835e-05,2025-01-25 17:00:00+00:00
1737828000,8.911e-05,2025-01-25 18:00:00+00:00
1737831600,0.00010302,2025-01-25 19:00:00+00:00
1737835200,0.00010738,2025-01-25 20:00:00+00:00
1737838800,0.00011329,2025-01-25 21:00:00+00:00
1737842400,0.00010195,2025-01-25 22:00:00+00:00
1737846000,7.465e-05,2025-01-25 23:00:00+00:00
1737849600,6.811e-05,2025-01-26 00:00:00+00:00
1737853200,6.542e-05,2025-01-26 01:00:00+00:00
1737856800,7.509e-05,2025-01-26 02:00:00+00:00
1737860400,9.147e-05,2025-01-26 03:00:00+00:00
1737864000,7.89e-05,2025-01-26 04:00:00+00:00
1737867600,2.539e-05,2025-01-26 05:00:00+00:00
1737871200,0.0,2025-01-26 06:00:00+00:00
1737878400,0.0,2025-01-26 08:00:00+00:00
1737907200,0.0,2025-01-26 16:00:00+00:00
1737936000,0.0,2025-01-27 00:00:00+00:00
1737939600,-5.249e-05,2025-01-27 01:00:00+00:00
1737943200,-0.00018953,2025-01-27 02:00:00+00:00
1737946800,-0.00021376,2025-01-27 03:00:00+00:00
1737950400,-0.00016947,2025-01-27 04:00:00+00:00
1737954000,-9.607e-05,2025-01-27 05:00:00+00:00
1737957600,-8.682e-05,2025-01-27 06:00:00+00:00
1737961200,-0.00011759,2025-01-27 07:00:00+00:00
1737964800,-0.00014187,2025-01-27 08:00:00+00:00
1737968400,-0.00013268,2025-01-27 09:00:00+00:00
1737972000,-0.00012065,2025-01-27 10:00:00+00:00
1737975600,-8.185e-05,2025-01-27 11:00:00+00:00
1737979200,-2.901e-05,2025-01-27 12:00:00+00:00
1737982800,0.0,2025-01-27 13:00:00+00:00
1737993600,0.0,2025-01-27 16:00:00+00:00
1738022400,0.0,2025-01-28 00:00:00+00:00
1738051200,0.0,2025-01-28 08:00:00+00:00
1738080000,0.0,2025-01-28 16:00:00+00:00
1738108800,0.0,2025-01-29 00:00:00+00:00
1738137600,0.0,2025-01-29 08:00:00+00:00
1738166400,0.0,2025-01-29 16:00:00+00:00
1738195200,0.0,2025-01-30 00:00:00+00:00
1738224000,0.0,2025-01-30 08:00:00+00:00
1738252800,0.0,2025-01-30 16:00:00+00:00
1738281600,0.0,2025-01-31 00:00:00+00:00
1738310400,0.0,2025-01-31 08:00:00+00:00
1738314000,8.99e-06,2025-01-31 09:00:00+00:00
1738317600,2.227e-05,2025-01-31 10:00:00+00:00
1738321200,2.257e-05,2025-01-31 11:00:00+00:00
1738324800,0.0,2025-01-31 12:00:00+00:00
1738339200,0.0,2025-01-31 16:00:00+00:00
1738368000,0.0,2025-02-01 00:00:00+00:00
1738382400,4.06e-06,2025-02-01 04:00:00+00:00
1738386000,3.686e-05,2025-02-01 05:00:00+00:00
1738389600,5.359e-05,2025-02-01 06:00:00+00:00
1738393200,6.065e-05,2025-02-01 07:00:00+00:00
1738396800,4.078e-05,2025-02-01 08:00:00+00:00
1738400400,1.692e-05,2025-02-01 09:00:00+00:00
1738404000,0.0,2025-02-01 10:00:00+00:00
1738425600,0.0,2025-02-01 16:00:00+00:00
1738454400,0.0,2025-02-02 00:00:00+00:00
1738483200,0.0,2025-02-02 08:00:00+00:00
1738512000,0.0,2025-02-02 16:00:00+00:00
1738540800,0.0,2025-02-03 00:00:00+00:00
1738544400,-1e-07,2025-02-03 01:00:00+00:00
1738548000,0.0,2025-02-03 02:00:00+00:00
1738569600,0.0,2025-02-03 08:00:00+00:00
1738598400,0.0,2025-02-03 16:00:00+00:00
1738627200,0.0,2025-02-04 00:00:00+00:00
1738656000,0.0,2025-02-04 08:00:00+00:00
1738684800,0.0,2025-02-04 16:00:00+00:00
1738713600,0.0,2025-02-05 00:00:00+00:00
1738742400,0.0,2025-02-05 08:00:00+00:00
1738771200,0.0,2025-02-05 16:00:00+00:00
1738800000,0.0,2025-02-06 00:00:00+00:00
1738828800,0.0,2025-02-06 08:00:00+00:00
1738854000,-1.062e-05,2025-02-06 15:00:00+00:00
1738857600,-6.228e-05,2025-02-06 16:00:00+00:00
1738861200,-8.583e-05,2025-02-06 17:00:00+00:00
1738864800,-9.612e-05,2025-02-06 18:00:00+00:00
1738868400,-0.00010579,2025-02-06 19:00:00+00:00
1738872000,-7.706e-05,2025-02-06 20:00:00+00:00
1738875600,-6.099e-05,2025-02-06 21:00:00+00:00
1738879200,-7.586e-05,2025-02-06 22:00:00+00:00
1738882800,-7.629e-05,2025-02-06 23:00:00+00:00
1738886400,-5.233e-05,2025-02-07 00:00:00+00:00
1738890000,-3.173e-05,2025-02-07 01:00:00+00:00
1738893600,-2.682e-05,2025-02-07 02:00:00+00:00
1738897200,-5.93e-05,2025-02-07 03:00:00+00:00
1738900800,-6.704e-05,2025-02-07 04:00:00+00:00
1738904400,-6.806e-05,2025-02-07 05:00:00+00:00
1738908000,-6.884e-05,2025-02-07 06:00:00+00:00
1738911600,-9.634e-05,2025-02-07 07:00:00+00:00
1738915200,-0.00010094,2025-02-07 08:00:00+00:00
1738918800,-9.984e-05,2025-02-07 09:00:00+00:00
1738922400,-7.557e-05,2025-02-07 10:00:00+00:00
1738926000,-3.141e-05,2025-02-07 11:00:00+00:00
1738929600,0.0,2025-02-07 12:00:00+00:00
1738944000,0.0,2025-02-07 16:00:00+00:00
1738965600,-9.97e-06,2025-02-07 22:00:00+00:00
1738969200,0.0,2025-02-07 23:00:00+00:00
1738972800,0.0,2025-02-08 00:00:00+00:00
1739001600,0.0,2025-02-08 08:00:00+00:00
1739030400,0.0,2025-02-08 16:00:00+00:00
1739034000,-0.00012756,2025-02-08 17:00:00+00:00
1739037600,-0.00025298,2025-02-08 18:00:00+00:00
1739041200,-0.00030366,2025-02-08 19:00:00+00:00
1739044800,-0.00038603,2025-02-08 20:00:00+00:00
1739048400,-0.00030856,2025-02-08 21:00:00+00:00
1739052000,-0.00018399,2025-02-08 22:00:00+00:00
1739055600,-5.13e-05,2025-02-08 23:00:00+00:00
1739059200,0.0,2025-02-09 00:00:00+00:00
1739070000,-2.69e-05,2025-02-09 03:00:00+00:00
1739073600,-8.514e-05,2025-02-09 04:00:00+00:00
1739077200,-9.683e-05,2025-02-09 05:00:00+00:00
1739080800,-9.988e-05,2025-02-09 06:00:00+00:00
1739084400,-0.00034436,2025-02-09 07:00:00+00:00
1739088000,-0.0006175,2025-02-09 08:00:00+00:00
1739091600,-0.00071194,2025-02-09 09:00:00+00:00
1739095200,-0.00063651,2025-02-09 10:00:00+00:00
1739098800,-0.00055094,2025-02-09 11:00:00+00:00
1739102400,-0.00043315,2025-02-09 12:00:00+00:00
1739106000,-0.0002868,2025-02-09 13:00:00+00:00
1739109600,-0.0001327,2025-02-09 14:00:00+00:00
1739113200,-4.202e-05,2025-02-09 15:00:00+00:00
1739116800,-4.508e-05,2025-02-09 16:00:00+00:00
1739120400,-5.679e-05,2025-02-09 17:00:00+00:00
1739124000,-7.493e-05,2025-02-09 18:00:00+00:00
1739127600,-4.676e-05,2025-02-09 19:00:00+00:00
1739131200,-1.11e-06,2025-02-09 20:00:00+00:00
1739134800,0.0,2025-02-09 21:00:00+00:00
1739145600,0.0,2025-02-10 00:00:00+00:00
1739174400,0.0,2025-02-10 08:00:00+00:00
1739203200,0.0,2025-02-10 16:00:00+00:00
1739232000,0.0,2025-02-11 00:00:00+00:00
1739260800,0.0,2025-02-11 08:00:00+00:00
1739286000,0.0,2025-02-11 15:00:00+00:00
1739289600,0.0,2025-02-11 16:00:00+00:00
1739307600,-1.014e-05,2025-02-11 21:00:00+00:00
1739311200,-0.00010565,2025-02-11 22:00:00+00:00
1739314800,-0.00014794,2025-02-11 23:00:00+00:00
1739318400,-0.00015653,2025-02-12 00:00:00+00:00
1739322000,-0.00016263,2025-02-12 01:00:00+00:00
1739325600,-0.00013831,2025-02-12 02:00:00+00:00
1739329200,-0.00011102,2025-02-12 03:00:00+00:00
1739332800,-6.807e-05,2025-02-12 04:00:00+00:00
1739336400,0.0,2025-02-12 05:00:00+00:00
1739347200,0.0,2025-02-12 08:00:00+00:00
1739376000,0.0,2025-02-12 16:00:00+00:00
1739383200,-1.66e-05,2025-02-12 18:00:00+00:00
1739386800,-0.00021613,2025-02-12 19:00:00+00:00
1739390400,-0.00024695,2025-02-12 20:00:00+00:00
1739394000,-0.00016525,2025-02-12 21:00:00+00:00
1739397600,-4.372e-05,2025-02-12 22:00:00+00:00
1739401200,0.0,2025-02-12 23:00:00+00:00
1739404800,0.0,2025-02-13 00:00:00+00:00
1739433600,0.0,2025-02-13 08:00:00+00:00
1739444400,-1.459e-05,2025-02-13 11:00:00+00:00
1739448000,-0.00012002,2025-02-13 12:00:00+00:00
1739451600,-0.00032327,2025-02-13 13:00:00+00:00
1739455200,-0.00037175,2025-02-13 14:00:00+00:00
1739458800,-0.00054322,2025-02-13 15:00:00+00:00
1739462400,-0.00068126,2025-02-13 16:00:00+00:00
1739466000,-0.00039225,2025-02-13 17:00:00+00:00
1739469600,-0.00019749,2025-02-13 18:00:00+00:00
1739473200,-8.961e-05,2025-02-13 19:00:00+00:00
1739476800,0.0,2025-02-13 20:00:00+00:00
1739480400,-4.64e-06,2025-02-13 21:00:00+00:00
1739484000,-4.86e-06,2025-02-13 22:00:00+00:00
1739487600,0.0,2025-02-13 23:00:00+00:00
1739491200,0.0,2025-02-14 00:00:00+00:00
1739494800,-1.786e-05,2025-02-14 01:00:00+00:00
1739498400,-3.019e-05,2025-02-14 02:00:00+00:00
1739502000,-3.185e-05,2025-02-14 03:00:00+00:00
1739505600,-0.00011143,2025-02-14 04:00:00+00:00
1739509200,-0.00016282,2025-02-14 05:00:00+00:00
1739512800,-6.402e-05,2025-02-14 06:00:00+00:00
1739516400,0.0,2025-02-14 07:00:00+00:00
1739520000,0.0,2025-02-14 08:00:00+00:00
1739541600,-2.875e-05,2025-02-14 14:00:00+00:00
1739545200,-5.231e-05,2025-02-14 15:00:00+00:00
1739548800,-2.492e-05,2025-02-14 16:00:00+00:00
1739552400,-2.485e-05,2025-02-14 17:00:00+00:00
1739556000,-2.348e-05,2025-02-14 18:00:00+00:00
1739559600,-4.748e-05,2025-02-14 19:00:00+00:00
1739563200,-9.317e-05,2025-02-14 20:00:00+00:00
1739566800,-0.00014118,2025-02-14 21:00:00+00:00
1739570400,-0.00018727,2025-02-14 22:00:00+00:00
1739574000,-0.00010645,2025-02-14 23:00:00+00:00
1739577600,-2.555e-05,2025-02-15 00:00:00+00:00
1739581200,0.0,2025-02-15 01:00:00+00:00
1739606400,0.0,2025-02-15 08:00:00+00:00
1739624400,-3.664e-05,2025-02-15 13:00:00+00:00
1739628000,-6.759e-05,2025-02-15 14:00:00+00:00
1739631600,-8.37e-05,2025-02-15 15:00:00+00:00
1739635200,-8.997e-05,2025-02-15 16:00:00+00:00
1739638800,-8.01e-05,2025-02-15 17:00:00+00:00
1739642400,-3.89e-05,2025-02-15 18:00:00+00:00
1739646000,0.0,2025-02-15 19:00:00+00:00
1739664000,0.0,2025-02-16 00:00:00+00:00
1739671200,-1.389e-05,2025-02-16 02:00:00+00:00
1739674800,-3.415e-05,2025-02-16 03:00:00+00:00
1739678400,-3.27e-05,2025-02-16 04:00:00+00:00
1739682000,-3.96e-05,2025-02-16 05:00:00+00:00
1739685600,-2.983e-05,2025-02-16 06:00:00+00:00
1739689200,-4.157e-05,2025-02-16 07:00:00+00:00
1739692800,-4.049e-05,2025-02-16 08:00:00+00:00
1739696400,-3.103e-05,2025-02-16 09:00:00+00:00
1739700000,-8.159e-05,2025-02-16 10:00:00+00:00
1739703600,-0.00016878,2025-02-16 11:00:00+00:00
1739707200,-0.00024664,2025-02-16 12:00:00+00:00
1739710800,-0.00025848,2025-02-16 13:00:00+00:00
1739714400,-0.00024285,2025-02-16 14:00:00+00:00
1739718000,-0.00035334,2025-02-16 15:00:00+00:00
1739721600,-0.00036326,2025-02-16 16:00:00+00:00
1739725200,-0.00033255,2025-02-16 17:00:00+00:00
1739728800,-0.00027173,2025-02-16 18:00:00+00:00
1739732400,-0.00020541,2025-02-16 19:00:00+00:00
1739736000,-0.00018061,2025-02-16 20:00:00+00:00
1739739600,-0.00019753,2025-02-16 21:00:00+00:00
1739743200,-0.00017673,2025-02-16 22:00:00+00:00
1739746800,-0.00014489,2025-02-16 23:00:00+00:00
1739750400,-0.00014902,2025-02-17 00:00:00+00:00
1739754000,-0.00014653,2025-02-17 01:00:00+00:00
1739757600,-0.00010014,2025-02-17 02:00:00+00:00
1739761200,-4.834e-05,2025-02-17 03:00:00+00:00
1739764800,-2.357e-05,2025-02-17 04:00:00+00:00
1739768400,0.0,2025-02-17 05:00:00+00:00
1739779200,0.0,2025-02-17 08:00:00+00:00
1739790000,-2.045e-05,2025-02-17 11:00:00+00:00
1739793600,-0.00010772,2025-02-17 12:00:00+00:00
1739797200,-0.00015282,2025-02-17 13:00:00+00:00
1739800800,-0.00013813,2025-02-17 14:00:00+00:00
1739804400,-0.00017994,2025-02-17 15:00:00+00:00
1739808000,-0.00021659,2025-02-17 16:00:00+00:00
1739811600,-0.00019972,2025-02-17 17:00:00+00:00
1739815200,-0.00021967,2025-02-17 18:00:00+00:00
1739818800,-0.00021119,2025-02-17 19:00:00+00:00
1739822400,-0.0001648,2025-02-17 20:00:00+00:00
1739826000,-0.00011605,2025-02-17 21:00:00+00:00
1739829600,-7.9e-05,2025-02-17 22:00:00+00:00
1739833200,-4.785e-05,2025-02-17 23:00:00+00:00
1739836800,-3.053e-05,2025-02-18 00:00:00+00:00
1739840400,-1.267e-05,2025-02-18 01:00:00+00:00
1739844000,0.0,2025-02-18 02:00:00+00:00
1739854800,-7.542e-05,2025-02-18 05:00:00+00:00
1739858400,-9.511e-05,2025-02-18 06:00:00+00:00
1739862000,-7.162e-05,2025-02-18 07:00:00+00:00
1739865600,-8.638e-05,2025-02-18 08:00:00+00:00
1739869200,-5.349e-05,2025-02-18 09:00:00+00:00
1739872800,-5.342e-05,2025-02-18 10:00:00+00:00
1739876400,-6.548e-05,2025-02-18 11:00:00+00:00
1739880000,-4.464e-05,2025-02-18 12:00:00+00:00
1739883600,-4.703e-05,2025-02-18 13:00:00+00:00
1739887200,-6.923e-05,2025-02-18 14:00:00+00:00
1739890800,-7.663e-05,2025-02-18 15:00:00+00:00
1739894400,-3.442e-05,2025-02-18 16:00:00+00:00
1739898000,0.0,2025-02-18 17:00:00+00:00
1739923200,0.0,2025-02-19 00:00:00+00:00
1739952000,0.0,2025-02-19 08:00:00+00:00
1739959200,-0.00011576,2025-02-19 10:00:00+00:00
1739962800,-0.0002442,2025-02-19 11:00:00+00:00
1739966400,-0.00027554,2025-02-19 12:00:00+00:00
1739970000,-0.00024204,2025-02-19 13:00:00+00:00
1739973600,-0.00022492,2025-02-19 14:00:00+00:00
1739977200,-0.00018511,2025-02-19 15:00:00+00:00
1739980800,-0.00014027,2025-02-19 16:00:00+00:00
1739984400,-9.223e-05,2025-02-19 17:00:00+00:00
1739988000,-6.82e-05,2025-02-19 18:00:00+00:00
1739991600,-5.073e-05,2025-02-19 19:00:00+00:00
1739995200,-2.159e-05,2025-02-19 20:00:00+00:00
1739998800,-1.146e-05,2025-02-19 21:00:00+00:00
1740002400,-1.361e-05,2025-02-19 22:00:00+00:00
1740006000,0.0,2025-02-19 23:00:00+00:00
1740009600,0.0,2025-02-20 00:00:00+00:00
1740034800,-2.058e-05,2025-02-20 07:00:00+00:00
1740038400,-3.436e-05,2025-02-20 08:00:00+00:00
1740042000,-5.145e-05,2025-02-20 09:00:00+00:00
1740045600,-4.809e-05,2025-02-20 10:00:00+00:00
1740049200,-5.25e-05,2025-02-20 11:00:00+00:00
1740052800,-6.043e-05,2025-02-20 12:00:00+00:00
1740056400,-0.0001063,2025-02-20 13:00:00+00:00
1740060000,-0.00010776,2025-02-20 14:00:00+00:00
1740063600,-0.00010898,2025-02-20 15:00:00+00:00
1740067200,-7.154e-05,2025-02-20 16:00:00+00:00
1740070800,-4.944e-05,2025-02-20 17:00:00+00:00
1740074400,-2.288e-05,2025-02-20 18:00:00+00:00
1740078000,0.0,2025-02-20 19:00:00+00:00
1740096000,0.0,2025-02-21 00:00:00+00:00
1740103200,-4.19e-06,2025-02-21 02:00:00+00:00
1740106800,-1.824e-05,2025-02-21 03:00:00+00:00
1740110400,-2.453e-05,2025-02-21 04:00:00+00:00
1740114000,-7.823e-05,2025-02-21 05:00:00+00:00
1740117600,-0.00010633,2025-02-21 06:00:00+00:00
1740121200,-0.00011692,2025-02-21 07:00:00+00:00
1740124800,-0.00016762,2025-02-21 08:00:00+00:00
1740128400,-0.00015151,2025-02-21 09:00:00+00:00
1740132000,-0.00017971,2025-02-21 10:00:00+00:00
1740135600,-0.00021847,2025-02-21 11:00:00+00:00
1740139200,-0.00024227,2025-02-21 12:00:00+00:00
1740142800,-0.00027813,2025-02-21 13:00:00+00:00
1740146400,-0.00036322,2025-02-21 14:00:00+00:00
1740150000,-0.00040529,2025-02-21 15:00:00+00:00
1740153600,-0.00036127,2025-02-21 16:00:00+00:00
1740157200,-0.00039305,2025-02-21 17:00:00+00:00
1740160800,-0.00048167,2025-02-21 18:00:00+00:00
1740164400,-0.00058098,2025-02-21 19:00:00+00:00
1740168000,-0.00060452,2025-02-21 20:00:00+00:00
1740171600,-0.00059559,2025-02-21 21:00:00+00:00
1740175200,-0.00049252,2025-02-21 22:00:00+00:00
1740178800,-0.00036429,2025-02-21 23:00:00+00:00
1740182400,-0.00031675,2025-02-22 00:00:00+00:00
1740186000,-0.00030185,2025-02-22 01:00:00+00:00
1740189600,-0.00027195,2025-02-22 02:00:00+00:00
1740193200,-0.0002518,2025-02-22 03:00:00+00:00
1740196800,-0.00023277,2025-02-22 04:00:00+00:00
1740200400,-0.00021146,2025-02-22 05:00:00+00:00
1740204000,-0.00014469,2025-02-22 06:00:00+00:00
1740207600,-9.293e-05,2025-02-22 07:00:00+00:00
1740211200,-4.719e-05,2025-02-22 08:00:00+00:00
1740214800,-4.034e-05,2025-02-22 09:00:00+00:00
1740218400,-4.976e-05,2025-02-22 10:00:00+00:00
1740222000,-5.252e-05,2025-02-22 11:00:00+00:00
1740225600,-5.56e-05,2025-02-22 12:00:00+00:00
1740229200,-7.485e-05,2025-02-22 13:00:00+00:00
1740232800,-8.406e-05,2025-02-22 14:00:00+00:00
1740236400,-8.452e-05,2025-02-22 15:00:00+00:00
1740240000,-9.26e-05,2025-02-22 16:00:00+00:00
1740243600,-3.196e-05,2025-02-22 17:00:00+00:00
1740247200,0.0,2025-02-22 18:00:00+00:00
1740254400,-2.234e-05,2025-02-22 20:00:00+00:00
1740258000,-3.614e-05,2025-02-22 21:00:00+00:00
1740261600,-6.517e-05,2025-02-22 22:00:00+00:00
1740265200,-7.341e-05,2025-02-22 23:00:00+00:00
1740268800,-8.669e-05,2025-02-23 00:00:00+00:00
1740272400,-9.109e-05,2025-02-23 01:00:00+00:00
1740276000,-8.989e-05,2025-02-23 02:00:00+00:00
1740279600,-9.606e-05,2025-02-23 03:00:00+00:00
1740283200,-0.00012659,2025-02-23 04:00:00+00:00
1740286800,-0.0001646,2025-02-23 05:00:00+00:00
1740290400,-0.00018893,2025-02-23 06:00:00+00:00
1740294000,-0.00020698,2025-02-23 07:00:00+00:00
1740297600,-0.00024621,2025-02-23 08:00:00+00:00
1740301200,-0.00025977,2025-02-23 09:00:00+00:00
1740304800,-0.00027491,2025-02-23 10:00:00+00:00
1740308400,-0.00027844,2025-02-23 11:00:00+00:00
1740312000,-0.00022657,2025-02-23 12:00:00+00:00
1740315600,-0.00016049,2025-02-23 13:00:00+00:00
1740319200,-0.00011805,2025-02-23 14:00:00+00:00
1740322800,-8.488e-05,2025-02-23 15:00:00+00:00
1740326400,-0.00014672,2025-02-23 16:00:00+00:00
1740330000,-0.00022964,2025-02-23 17:00:00+00:00
1740333600,-0.00032105,2025-02-23 18:00:00+00:00
1740337200,-0.0004245,2025-02-23 19:00:00+00:00
1740340800,-0.00048566,2025-02-23 20:00:00+00:00
1740344400,-0.00052803,2025-02-23 21:00:00+00:00
1740348000,-0.00056289,2025-02-23 22:00:00+00:00
1740351600,-0.00052406,2025-02-23 23:00:00+00:00
1740355200,-0.00049057,2025-02-24 00:00:00+00:00
1740358800,-0.00040792,2025-02-24 01:00:00+00:00
1740362400,-0.00033526,2025-02-24 02:00:00+00:00
1740366000,-0.00028641,2025-02-24 03:00:00+00:00
1740369600,-0.00024375,2025-02-24 04:00:00+00:00
1740373200,-0.00018189,2025-02-24 05:00:00+00:00
1740376800,-0.00013654,2025-02-24 06:00:00+00:00
1740380400,-0.0001076,2025-02-24 07:00:00+00:00
1740384000,-0.00010813,2025-02-24 08:00:00+00:00
1740387600,-0.00013303,2025-02-24 09:00:00+00:00
1740391200,-0.00010434,2025-02-24 10:00:00+00:00
1740394800,-4.234e-05,2025-02-24 11:00:00+00:00
1740398400,-1.591e-05,2025-02-24 12:00:00+00:00
1740402000,0.0,2025-02-24 13:00:00+00:00
1740412800,0.0,2025-02-24 16:00:00+00:00
1740420000,-2.146e-05,2025-02-24 18:00:00+00:00
1740423600,-6.977e-05,2025-02-24 19:00:00+00:00
1740427200,-9.422e-05,2025-02-24 20:00:00+00:00
1740430800,-9.675e-05,2025-02-24 21:00:00+00:00
1740434400,-8.018e-05,2025-02-24 22:00:00+00:00
1740438000,-1.622e-05,2025-02-24 23:00:00+00:00
1740441600,0.0,2025-02-25 00:00:00+00:00
1740459600,-3.36e-06,2025-02-25 05:00:00+00:00
1740463200,-5.76e-06,2025-02-25 06:00:00+00:00
1740466800,0.0,2025-02-25 07:00:00+00:00
1740470400,0.0,2025-02-25 08:00:00+00:00
1740488400,-5.75e-06,2025-02-25 13:00:00+00:00
1740492000,-4.057e-05,2025-02-25 14:00:00+00:00
1740495600,-2.882e-05,2025-02-25 15:00:00+00:00
1740499200,-2.695e-05,2025-02-25 16:00:00+00:00
1740502800,-9.043e-05,2025-02-25 17:00:00+00:00
1740506400,-0.00011511,2025-02-25 18:00:00+00:00
1740510000,-0.00010906,2025-02-25 19:00:00+00:00
1740513600,-0.00013389,2025-02-25 20:00:00+00:00
1740517200,-0.00019609,2025-02-25 21:00:00+00:00
1740520800,-0.00025152,2025-02-25 22:00:00+00:00
1740524400,-0.00033841,2025-02-25 23:00:00+00:00
1740528000,-0.00039577,2025-02-26 00:00:00+00:00
1740531600,-0.00047135,2025-02-26 01:00:00+00:00
1740535200,-0.00047713,2025-02-26 02:00:00+00:00
1740538800,-0.00047652,2025-02-26 03:00:00+00:00
1740542400,-0.00044568,2025-02-26 04:00:00+00:00
1740546000,-0.00032473,2025-02-26 05:00:00+00:00
1740549600,-0.00020077,2025-02-26 06:00:00+00:00
1740553200,-0.00017811,2025-02-26 07:00:00+00:00
1740556800,-0.00018111,2025-02-26 08:00:00+00:00
1740560400,-0.00023798,2025-02-26 09:00:00+00:00
1740564000,-0.0002845,2025-02-26 10:00:00+00:00
1740567600,-0.000339,2025-02-26 11:00:00+00:00
1740571200,-0.00035199,2025-02-26 12:00:00+00:00
1740574800,-0.0002854,2025-02-26 13:00:00+00:00
1740578400,-0.000145,2025-02-26 14:00:00+00:00
1740582000,-3.69e-05,2025-02-26 15:00:00+00:00
1740585600,0.0,2025-02-26 16:00:00+00:00
1740614400,0.0,2025-02-27 00:00:00+00:00
1740643200,0.0,2025-02-27 08:00:00+00:00
1740672000,-4.633e-05,2025-02-27 16:00:00+00:00
1740675600,-4.996e-05,2025-02-27 17:00:00+00:00
1740679200,-4.799e-05,2025-02-27 18:00:00+00:00
1740682800,-5.916e-05,2025-02-27 19:00:00+00:00
1740686400,-8.078e-05,2025-02-27 20:00:00+00:00
1740690000,-8.383e-05,2025-02-27 21:00:00+00:00
1740693600,-8.467e-05,2025-02-27 22:00:00+00:00
1740697200,-4.567e-05,2025-02-27 23:00:00+00:00
1740700800,-1.011e-05,2025-02-28 00:00:00+00:00
1740704400,-1.736e-05,2025-02-28 01:00:00+00:00
1740708000,-1.781e-05,2025-02-28 02:00:00+00:00
1740711600,-6.606e-05,2025-02-28 03:00:00+00:00
1740715200,-5.948e-05,2025-02-28 04:00:00+00:00
1740718800,-4.179e-05,2025-02-28 05:00:00+00:00
1740722400,-8.26e-06,2025-02-28 06:00:00+00:00
1740726000,-6.51e-06,2025-02-28 07:00:00+00:00
1740729600,0.0,2025-02-28 08:00:00+00:00
1740740400,-1.239e-05,2025-02-28 11:00:00+00:00
1740744000,-3.355e-05,2025-02-28 12:00:00+00:00
1740747600,-4.269e-05,2025-02-28 13:00:00+00:00
1740751200,-7.63e-05,2025-02-28 14:00:00+00:00
1740754800,-0.00010603,2025-02-28 15:00:00+00:00
1740758400,-0.00010037,2025-02-28 16:00:00+00:00
1740762000,-0.00010657,2025-02-28 17:00:00+00:00
1740765600,-0.00011513,2025-02-28 18:00:00+00:00
1740769200,-0.00013178,2025-02-28 19:00:00+00:00
1740772800,-0.00012518,2025-02-28 20:00:00+00:00
1740776400,-6.456e-05,2025-02-28 21:00:00+00:00
1740780000,0.0,2025-02-28 22:00:00+00:00
1740787200,0.0,2025-03-01 00:00:00+00:00
1740808800,-9.451e-05,2025-03-01 06:00:00+00:00
1740812400,-0.00018016,2025-03-01 07:00:00+00:00
1740816000,-0.00018442,2025-03-01 08:00:00+00:00
1740819600,-0.00017026,2025-03-01 09:00:00+00:00
1740823200,-0.0002033,2025-03-01 10:00:00+00:00
1740826800,-0.00029553,2025-03-01 11:00:00+00:00
1740830400,-0.0003043,2025-03-01 12:00:00+00:00
1740834000,-0.00032863,2025-03-01 13:00:00+00:00
1740837600,-0.00036395,2025-03-01 14:00:00+00:00
1740841200,-0.00036417,2025-03-01 15:00:00+00:00
1740844800,-0.00040721,2025-03-01 16:00:00+00:00
1740848400,-0.00044245,2025-03-01 17:00:00+00:00
1740852000,-0.00042079,2025-03-01 18:00:00+00:00
1740855600,-0.0003829,2025-03-01 19:00:00+00:00
1740859200,-0.00035352,2025-03-01 20:00:00+00:00
1740862800,-0.00030368,2025-03-01 21:00:00+00:00
1740866400,-0.00026231,2025-03-01 22:00:00+00:00
1740870000,-0.00025444,2025-03-01 23:00:00+00:00
1740873600,-0.0002738,2025-03-02 00:00:00+00:00
1740877200,-0.00026122,2025-03-02 01:00:00+00:00
1740880800,-0.00023309,2025-03-02 02:00:00+00:00
1740884400,-0.00020418,2025-03-02 03:00:00+00:00
1740888000,-0.00016175,2025-03-02 04:00:00+00:00
1740891600,-0.00011831,2025-03-02 05:00:00+00:00
1740895200,-7.513e-05,2025-03-02 06:00:00+00:00
1740898800,-1.869e-05,2025-03-02 07:00:00+00:00
1740902400,0.0,2025-03-02 08:00:00+00:00
1740931200,0.0,2025-03-02 16:00:00+00:00
1740960000,0.0,2025-03-03 00:00:00+00:00
1740988800,-6.3e-05,2025-03-03 08:00:00+00:00
1740992400,-7.988e-05,2025-03-03 09:00:00+00:00
1740996000,-0.00017506,2025-03-03 10:00:00+00:00
1740999600,-0.00024092,2025-03-03 11:00:00+00:00
1741003200,-0.00027511,2025-03-03 12:00:00+00:00
1741006800,-0.00030134,2025-03-03 13:00:00+00:00
1741010400,-0.00026851,2025-03-03 14:00:00+00:00
1741014000,-0.00027563,2025-03-03 15:00:00+00:00
1741017600,-0.00024329,2025-03-03 16:00:00+00:00
1741021200,-0.00020392,2025-03-03 17:00:00+00:00
1741024800,-0.00020605,2025-03-03 18:00:00+00:00
1741028400,-0.00023904,2025-03-03 19:00:00+00:00
1741032000,-0.00024887,2025-03-03 20:00:00+00:00
1741035600,-0.00026371,2025-03-03 21:00:00+00:00
1741039200,-0.00021764,2025-03-03 22:00:00+00:00
1741042800,-0.00018927,2025-03-03 23:00:00+00:00
1741046400,-0.00018568,2025-03-04 00:00:00+00:00
1741050000,-0.00017669,2025-03-04 01:00:00+00:00
1741053600,-0.00022934,2025-03-04 02:00:00+00:00
1741057200,-0.00024678,2025-03-04 03:00:00+00:00
1741060800,-0.00020974,2025-03-04 04:00:00+00:00
1741064400,-0.00020857,2025-03-04 05:00:00+00:00
1741068000,-0.00014475,2025-03-04 06:00:00+00:00
1741071600,-5.688e-05,2025-03-04 07:00:00+00:00
1741075200,-8.12e-06,2025-03-04 08:00:00+00:00
1741078800,0.0,2025-03-04 09:00:00+00:00
1741082400,0.0,2025-03-04 10:00:00+00:00
1741086000,-1.72e-05,2025-03-04 11:00:00+00:00
1741089600,-1.483e-05,2025-03-04 12:00:00+00:00
1741093200,0.0,2025-03-04 13:00:00+00:00
1741104000,0.0,2025-03-04 16:00:00+00:00
1741132800,0.0,2025-03-05 00:00:00+00:00
1741143600,-2.795e-05,2025-03-05 03:00:00+00:00
1741147200,-4.423e-05,2025-03-05 04:00:00+00:00
1741150800,-6.866e-05,2025-03-05 05:00:00+00:00
1741154400,-7.672e-05,2025-03-05 06:00:00+00:00
1741158000,-9.91e-05,2025-03-05 07:00:00+00:00
1741161600,-0.00018701,2025-03-05 08:00:00+00:00
1741165200,-0.00026363,2025-03-05 09:00:00+00:00
1741168800,-0.00026927,2025-03-05 10:00:00+00:00
1741172400,-0.00021472,2025-03-05 11:00:00+00:00
1741176000,-0.00014493,2025-03-05 12:00:00+00:00
1741179600,-6.19e-05,2025-03-05 13:00:00+00:00
1741183200,0.0,2025-03-05 14:00:00+00:00
1741190400,0.0,2025-03-05 16:00:00+00:00
1741219200,0.0,2025-03-06 00:00:00+00:00
1741240800,0.0,2025-03-06 06:00:00+00:00
1741248000,0.0,2025-03-06 08:00:00+00:00
1741276800,0.0,2025-03-06 16:00:00+00:00
1741305600,0.0,2025-03-07 00:00:00+00:00
1741334400,0.0,2025-03-07 08:00:00+00:00
1741363200,0.0,2025-03-07 16:00:00+00:00
1741392000,0.0,2025-03-08 00:00:00+00:00
1741420800,0.0,2025-03-08 08:00:00+00:00
1741449600,0.0,2025-03-08 16:00:00+00:00
1741478400,0.0,2025-03-09 00:00:00+00:00
1741485600,-9.28e-06,2025-03-09 02:00:00+00:00
1741489200,-3.789e-05,2025-03-09 03:00:00+00:00
1741492800,-5.693e-05,2025-03-09 04:00:00+00:00
1741496400,-9.171e-05,2025-03-09 05:00:00+00:00
1741500000,-0.00010571,2025-03-09 06:00:00+00:00
1741503600,-0.00010029,2025-03-09 07:00:00+00:00
1741507200,-9.933e-05,2025-03-09 08:00:00+00:00
1741510800,-9.904e-05,2025-03-09 09:00:00+00:00
1741514400,-9.026e-05,2025-03-09 10:00:00+00:00
1741518000,-5.042e-05,2025-03-09 11:00:00+00:00
1741521600,-2.073e-05,2025-03-09 12:00:00+00:00
1741525200,-1.4e-06,2025-03-09 13:00:00+00:00
1741528800,-1.298e-05,2025-03-09 14:00:00+00:00
1741532400,-3.136e-05,2025-03-09 15:00:00+00:00
1741536000,-4.616e-05,2025-03-09 16:00:00+00:00
1741539600,-6.917e-05,2025-03-09 17:00:00+00:00
1741543200,-9.121e-05,2025-03-09 18:00:00+00:00
1741546800,-0.00011213,2025-03-09 19:00:00+00:00
1741550400,-0.00013154,2025-03-09 20:00:00+00:00
1741554000,-0.00013232,2025-03-09 21:00:00+00:00
1741557600,-0.00011747,2025-03-09 22:00:00+00:00
1741561200,-0.00010788,2025-03-09 23:00:00+00:00
1741564800,-9.393e-05,2025-03-10 00:00:00+00:00
1741568400,-7.24e-05,2025-03-10 01:00:00+00:00
1741572000,0.0,2025-03-10 02:00:00+00:00
1741593600,0.0,2025-03-10 08:00:00+00:00
1741622400,0.0,2025-03-10 16:00:00+00:00
1741640400,-4.54e-05,2025-03-10 21:00:00+00:00
1741644000,-9.096e-05,2025-03-10 22:00:00+00:00
1741647600,-6.362e-05,2025-03-10 23:00:00+00:00
1741651200,-8.244e-05,2025-03-11 00:00:00+00:00
1741654800,-0.00011031,2025-03-11 01:00:00+00:00
1741658400,-9.939e-05,2025-03-11 02:00:00+00:00
1741662000,-4.928e-05,2025-03-11 03:00:00+00:00
1741665600,-2.64e-06,2025-03-11 04:00:00+00:00
1741669200,0.0,2025-03-11 05:00:00+00:00
1741676400,-5.77e-05,2025-03-11 07:00:00+00:00
1741680000,-0.00029754,2025-03-11 08:00:00+00:00
1741683600,-0.00056709,2025-03-11 09:00:00+00:00
1741687200,-0.00080454,2025-03-11 10:00:00+00:00
1741690800,-0.00058325,2025-03-11 11:00:00+00:00
1741694400,-0.00030431,2025-03-11 12:00:00+00:00
1741698000,-6.159e-05,2025-03-11 13:00:00+00:00
1741701600,0.0,2025-03-11 14:00:00+00:00
1741708800,0.0,2025-03-11 16:00:00+00:00
1741737600,0.0,2025-03-12 00:00:00+00:00
1741752000,-1.084e-05,2025-03-12 04:00:00+00:00
1741755600,-5.693e-05,2025-03-12 05:00:00+00:00
1741759200,-4.627e-05,2025-03-12 06:00:00+00:00
1741762800,-1.423e-05,2025-03-12 07:00:00+00:00
1741766400,0.0,2025-03-12 08:00:00+00:00
1741795200,0.0,2025-03-12 16:00:00+00:00
1741824000,0.0,2025-03-13 00:00:00+00:00
1741852800,0.0,2025-03-13 08:00:00+00:00
1741881600,0.0,2025-03-13 16:00:00+00:00
1741910400,-1.565e-05,2025-03-14 00:00:00+00:00
1741914000,-8.667e-05,2025-03-14 01:00:00+00:00
1741917600,-0.00012525,2025-03-14 02:00:00+00:00
1741921200,-0.00013737,2025-03-14 03:00:00+00:00
1741924800,-0.00010915,2025-03-14 04:00:00+00:00
1741928400,-8.338e-05,2025-03-14 05:00:00+00:00
1741932000,-6.578e-05,2025-03-14 06:00:00+00:00
1741935600,-4.749e-05,2025-03-14 07:00:00+00:00
1741939200,-4.714e-05,2025-03-14 08:00:00+00:00
1741942800,-8.162e-05,2025-03-14 09:00:00+00:00
1741946400,-8.657e-05,2025-03-14 10:00:00+00:00
1741950000,-9.317e-05,2025-03-14 11:00:00+00:00
1741953600,-0.0001046,2025-03-14 12:00:00+00:00
1741957200,-0.00010357,2025-03-14 13:00:00+00:00
1741960800,-5.565e-05,2025-03-14 14:00:00+00:00
1741964400,-1.536e-05,2025-03-14 15:00:00+00:00
1741968000,0.0,2025-03-14 16:00:00+00:00
1741978800,-4.9e-05,2025-03-14 19:00:00+00:00
1741982400,-3.488e-05,2025-03-14 20:00:00+00:00
1741986000,-3.832e-05,2025-03-14 21:00:00+00:00
1741989600,-5.021e-05,2025-03-14 22:00:00+00:00
1741993200,-2.952e-05,2025-03-14 23:00:00+00:00
1741996800,-5.69e-06,2025-03-15 00:00:00+00:00
1742000400,-1.755e-05,2025-03-15 01:00:00+00:00
1742004000,-1.15e-05,2025-03-15 02:00:00+00:00
1742007600,-1.154e-05,2025-03-15 03:00:00+00:00
1742011200,-2.387e-05,2025-03-15 04:00:00+00:00
1742014800,-3.944e-05,2025-03-15 05:00:00+00:00
1742018400,-2.315e-05,2025-03-15 06:00:00+00:00
1742022000,-8.47e-06,2025-03-15 07:00:00+00:00
1742025600,0.0,2025-03-15 08:00:00+00:00
1742054400,0.0,2025-03-15 16:00:00+00:00
1742083200,0.0,2025-03-16 00:00:00+00:00
1742112000,0.0,2025-03-16 08:00:00+00:00
1742140800,0.0,2025-03-16 16:00:00+00:00
1742144400,-1.926e-05,2025-03-16 17:00:00+00:00
1742148000,-3.419e-05,2025-03-16 18:00:00+00:00
1742151600,0.0,2025-03-16 19:00:00+00:00
1742169600,0.0,2025-03-17 00:00:00+00:00
1742198400,0.0,2025-03-17 08:00:00+00:00
1742227200,0.0,2025-03-17 16:00:00+00:00
1742248800,-1.68e-05,2025-03-17 22:00:00+00:00
1742252400,-3.764e-05,2025-03-17 23:00:00+00:00
1742256000,-6.571e-05,2025-03-18 00:00:00+00:00
1742259600,-1.848e-05,2025-03-18 01:00:00+00:00
1742263200,0.0,2025-03-18 02:00:00+00:00
1742284800,0.0,2025-03-18 08:00:00+00:00
1742313600,0.0,2025-03-18 16:00:00+00:00
1742328000,-1.96e-06,2025-03-18 20:00:00+00:00
1742331600,-5.526e-05,2025-03-18 21:00:00+00:00
1742335200,-7.634e-05,2025-03-18 22:00:00+00:00
1742338800,-0.00010585,2025-03-18 23:00:00+00:00
1742342400,-0.00012109,2025-03-19 00:00:00+00:00
1742346000,-0.00011771,2025-03-19 01:00:00+00:00
1742349600,-0.00010352,2025-03-19 02:00:00+00:00
1742353200,-0.00010232,2025-03-19 03:00:00+00:00
1742356800,-0.00010337,2025-03-19 04:00:00+00:00
1742360400,-0.00011186,2025-03-19 05:00:00+00:00
1742364000,-0.00012223,2025-03-19 06:00:00+00:00
1742367600,-0.00010292,2025-03-19 07:00:00+00:00
1742371200,-0.00012505,2025-03-19 08:00:00+00:00
1742374800,-0.00014042,2025-03-19 09:00:00+00:00
1742378400,-0.00013231,2025-03-19 10:00:00+00:00
1742382000,-0.00016618,2025-03-19 11:00:00+00:00
1742385600,-0.00014461,2025-03-19 12:00:00+00:00
1742389200,-0.00010345,2025-03-19 13:00:00+00:00
1742392800,-0.00012978,2025-03-19 14:00:00+00:00
1742396400,-0.00015182,2025-03-19 15:00:00+00:00
1742400000,-0.00017592,2025-03-19 16:00:00+00:00
1742403600,-0.00022581,2025-03-19 17:00:00+00:00
1742407200,-0.00026402,2025-03-19 18:00:00+00:00
1742410800,-0.00028705,2025-03-19 19:00:00+00:00
1742414400,-0.00036823,2025-03-19 20:00:00+00:00
1742418000,-0.00043786,2025-03-19 21:00:00+00:00
1742421600,-0.00046285,2025-03-19 22:00:00+00:00
1742425200,-0.0004731,2025-03-19 23:00:00+00:00
1742428800,-0.00048805,2025-03-20 00:00:00+00:00
1742432400,-0.00043538,2025-03-20 01:00:00+00:00
1742436000,-0.00040074,2025-03-20 02:00:00+00:00
1742439600,-0.00029565,2025-03-20 03:00:00+00:00
1742443200,-0.00019518,2025-03-20 04:00:00+00:00
1742446800,-0.00011757,2025-03-20 05:00:00+00:00
1742450400,-5.779e-05,2025-03-20 06:00:00+00:00
1742454000,-5.86e-06,2025-03-20 07:00:00+00:00
1742457600,-3.434e-05,2025-03-20 08:00:00+00:00
1742461200,-0.00011645,2025-03-20 09:00:00+00:00
1742464800,-0.00037879,2025-03-20 10:00:00+00:00
1742468400,-0.00077367,2025-03-20 11:00:00+00:00
1742472000,-0.00063759,2025-03-20 12:00:00+00:00
1742475600,-0.00042874,2025-03-20 13:00:00+00:00
1742479200,-0.00027839,2025-03-20 14:00:00+00:00
1742482800,-0.00012553,2025-03-20 15:00:00+00:00
1742486400,-8.94e-06,2025-03-20 16:00:00+00:00
1742490000,0.0,2025-03-20 17:00:00+00:00
1742497200,-6.44e-05,2025-03-20 19:00:00+00:00
1742500800,-0.00017266,2025-03-20 20:00:00+00:00
1742504400,-0.0002667,2025-03-20 21:00:00+00:00
1742508000,-0.0003134,2025-03-20 22:00:00+00:00
1742511600,-0.00031228,2025-03-20 23:00:00+00:00
1742515200,-0.00034876,2025-03-21 00:00:00+00:00
1742518800,-0.00037517,2025-03-21 01:00:00+00:00
1742522400,-0.00043098,2025-03-21 02:00:00+00:00
1742526000,-0.00048514,2025-03-21 03:00:00+00:00
1742529600,-0.00050873,2025-03-21 04:00:00+00:00
1742533200,-0.00052241,2025-03-21 05:00:00+00:00
1742536800,-0.00058463,2025-03-21 06:00:00+00:00
1742540400,-0.0005532,2025-03-21 07:00:00+00:00
1742544000,-0.00048433,2025-03-21 08:00:00+00:00
1742547600,-0.00043679,2025-03-21 09:00:00+00:00
1742551200,-0.00038137,2025-03-21 10:00:00+00:00
1742554800,-0.0003295,2025-03-21 11:00:00+00:00
1742558400,-0.00028123,2025-03-21 12:00:00+00:00
1742562000,-0.00026909,2025-03-21 13:00:00+00:00
1742565600,-0.00031268,2025-03-21 14:00:00+00:00
1742569200,-0.00034252,2025-03-21 15:00:00+00:00
1742572800,-0.0003406,2025-03-21 16:00:00+00:00
1742576400,-0.00030344,2025-03-21 17:00:00+00:00
1742580000,-0.00027157,2025-03-21 18:00:00+00:00
1742583600,-0.00025458,2025-03-21 19:00:00+00:00
1742587200,-0.00027553,2025-03-21 20:00:00+00:00
1742590800,-0.00030386,2025-03-21 21:00:00+00:00
1742594400,-0.00031837,2025-03-21 22:00:00+00:00
1742598000,-0.00033621,2025-03-21 23:00:00+00:00
1742601600,-0.00035466,2025-03-22 00:00:00+00:00
1742605200,-0.00037677,2025-03-22 01:00:00+00:00
1742608800,-0.0003857,2025-03-22 02:00:00+00:00
1742612400,-0.00039142,2025-03-22 03:00:00+00:00
1742616000,-0.00040041,2025-03-22 04:00:00+00:00
1742619600,-0.00038591,2025-03-22 05:00:00+00:00
1742623200,-0.00034587,2025-03-22 06:00:00+00:00
1742626800,-0.00033117,2025-03-22 07:00:00+00:00
1742630400,-0.00036755,2025-03-22 08:00:00+00:00
1742634000,-0.00039642,2025-03-22 09:00:00+00:00
1742637600,-0.00042479,2025-03-22 10:00:00+00:00
1742641200,-0.00043785,2025-03-22 11:00:00+00:00
1742644800,-0.00046249,2025-03-22 12:00:00+00:00
1742648400,-0.00048275,2025-03-22 13:00:00+00:00
1742652000,-0.00045526,2025-03-22 14:00:00+00:00
1742655600,-0.00037541,2025-03-22 15:00:00+00:00
1742659200,-0.00034697,2025-03-22 16:00:00+00:00
1742662800,-0.00035724,2025-03-22 17:00:00+00:00
1742666400,-0.00035742,2025-03-22 18:00:00+00:00
1742670000,-0.00035782,2025-03-22 19:00:00+00:00
1742673600,-0.00033774,2025-03-22 20:00:00+00:00
1742677200,-0.00031769,2025-03-22 21:00:00+00:00
1742680800,-0.00031004,2025-03-22 22:00:00+00:00
1742684400,-0.00030003,2025-03-22 23:00:00+00:00
1742688000,-0.00030825,2025-03-23 00:00:00+00:00
1742691600,-0.00030895,2025-03-23 01:00:00+00:00
1742695200,-0.00030871,2025-03-23 02:00:00+00:00
1742698800,-0.0003401,2025-03-23 03:00:00+00:00
1742702400,-0.00040272,2025-03-23 04:00:00+00:00
1742706000,-0.00042217,2025-03-23 05:00:00+00:00
1742709600,-0.00038709,2025-03-23 06:00:00+00:00
1742713200,-0.00032589,2025-03-23 07:00:00+00:00
1742716800,-0.00030949,2025-03-23 08:00:00+00:00
1742720400,-0.00036555,2025-03-23 09:00:00+00:00
1742724000,-0.00040199,2025-03-23 10:00:00+00:00
1742727600,-0.00044469,2025-03-23 11:00:00+00:00
1742731200,-0.00051846,2025-03-23 12:00:00+00:00
1742734800,-0.00055967,2025-03-23 13:00:00+00:00
1742738400,-0.00054312,2025-03-23 14:00:00+00:00
1742742000,-0.00048738,2025-03-23 15:00:00+00:00
1742745600,-0.00047107,2025-03-23 16:00:00+00:00
1742749200,-0.00048182,2025-03-23 17:00:00+00:00
1742752800,-0.00045135,2025-03-23 18:00:00+00:00
1742756400,-0.00037965,2025-03-23 19:00:00+00:00
1742760000,-0.00032795,2025-03-23 20:00:00+00:00
1742763600,-0.0002804,2025-03-23 21:00:00+00:00
1742767200,-0.00022859,2025-03-23 22:00:00+00:00
1742770800,-0.00019082,2025-03-23 23:00:00+00:00
1742774400,-0.00017596,2025-03-24 00:00:00+00:00
1742778000,-0.00016397,2025-03-24 01:00:00+00:00
1742781600,-0.00017294,2025-03-24 02:00:00+00:00
1742785200,-0.00018377,2025-03-24 03:00:00+00:00
1742788800,-0.00021995,2025-03-24 04:00:00+00:00
1742792400,-0.00025169,2025-03-24 05:00:00+00:00
1742796000,-0.00026499,2025-03-24 06:00:00+00:00
1742799600,-0.00027576,2025-03-24 07:00:00+00:00
1742803200,-0.00031667,2025-03-24 08:00:00+00:00
1742806800,-0.00032128,2025-03-24 09:00:00+00:00
1742810400,-0.00032566,2025-03-24 10:00:00+00:00
1742814000,-0.00029788,2025-03-24 11:00:00+00:00
1742817600,-0.00024807,2025-03-24 12:00:00+00:00
1742821200,-0.00022686,2025-03-24 13:00:00+00:00
1742824800,-0.00020744,2025-03-24 14:00:00+00:00
1742828400,-0.00018687,2025-03-24 15:00:00+00:00
1742832000,-0.00016719,2025-03-24 16:00:00+00:00
1742835600,-0.00016065,2025-03-24 17:00:00+00:00
1742839200,-0.00012216,2025-03-24 18:00:00+00:00
1742842800,-0.00010712,2025-03-24 19:00:00+00:00
1742846400,-6.568e-05,2025-03-24 20:00:00+00:00
1742850000,-7.403e-05,2025-03-24 21:00:00+00:00
1742853600,-0.00012365,2025-03-24 22:00:00+00:00
1742857200,-0.00013999,2025-03-24 23:00:00+00:00
1742860800,-9.943e-05,2025-03-25 00:00:00+00:00
1742864400,-6.333e-05,2025-03-25 01:00:00+00:00
1742868000,-5.735e-05,2025-03-25 02:00:00+00:00
1742871600,-6.414e-05,2025-03-25 03:00:00+00:00
1742875200,-7.729e-05,2025-03-25 04:00:00+00:00
1742878800,-0.00011628,2025-03-25 05:00:00+00:00
1742882400,-0.00015627,2025-03-25 06:00:00+00:00
1742886000,-0.0003232,2025-03-25 07:00:00+00:00
1742889600,-0.00057917,2025-03-25 08:00:00+00:00
1742893200,-0.00085435,2025-03-25 09:00:00+00:00
1742896800,-0.00121114,2025-03-25 10:00:00+00:00
1742900400,-0.00090879,2025-03-25 11:00:00+00:00
1742904000,-0.000484,2025-03-25 12:00:00+00:00
1742907600,-0.00016437,2025-03-25 13:00:00+00:00
1742911200,0.0,2025-03-25 14:00:00+00:00
1742918400,0.0,2025-03-25 16:00:00+00:00
1742947200,0.0,2025-03-26 00:00:00+00:00
1742976000,0.0,2025-03-26 08:00:00+00:00
1743004800,0.0,2025-03-26 16:00:00+00:00
1743033600,-9.77e-06,2025-03-27 00:00:00+00:00
1743037200,-3.721e-05,2025-03-27 01:00:00+00:00
1743040800,-6.036e-05,2025-03-27 02:00:00+00:00
1743044400,-7.944e-05,2025-03-27 03:00:00+00:00
1743048000,-9.101e-05,2025-03-27 04:00:00+00:00
1743051600,-7.781e-05,2025-03-27 05:00:00+00:00
1743055200,-4.5e-06,2025-03-27 06:00:00+00:00
1743058800,0.0,2025-03-27 07:00:00+00:00
1743062400,0.0,2025-03-27 08:00:00+00:00
1743066000,-0.00041843,2025-03-27 09:00:00+00:00
1743069600,-0.00094703,2025-03-27 10:00:00+00:00
1743073200,-0.00120855,2025-03-27 11:00:00+00:00
1743076800,-0.0008388,2025-03-27 12:00:00+00:00
1743080400,-0.000468,2025-03-27 13:00:00+00:00
1743084000,-0.00022768,2025-03-27 14:00:00+00:00
1743087600,-2.714e-05,2025-03-27 15:00:00+00:00
1743091200,0.0,2025-03-27 16:00:00+00:00
1743105600,-4.477e-05,2025-03-27 20:00:00+00:00
1743109200,-0.00012066,2025-03-27 21:00:00+00:00
1743112800,-0.00017384,2025-03-27 22:00:00+00:00
1743116400,-0.00022929,2025-03-27 23:00:00+00:00
1743120000,-0.00032187,2025-03-28 00:00:00+00:00
1743123600,-0.0003574,2025-03-28 01:00:00+00:00
1743127200,-0.00032885,2025-03-28 02:00:00+00:00
1743130800,-0.00026217,2025-03-28 03:00:00+00:00
1743134400,-0.00021022,2025-03-28 04:00:00+00:00
1743138000,-0.00017707,2025-03-28 05:00:00+00:00
1743141600,-0.00018729,2025-03-28 06:00:00+00:00
1743145200,-0.0001936,2025-03-28 07:00:00+00:00
1743148800,-0.00018984,2025-03-28 08:00:00+00:00
1743152400,-0.00019425,2025-03-28 09:00:00+00:00
1743156000,-0.00019318,2025-03-28 10:00:00+00:00
1743159600,-0.00013089,2025-03-28 11:00:00+00:00
1743163200,-0.00011431,2025-03-28 12:00:00+00:00
1743166800,-9.816e-05,2025-03-28 13:00:00+00:00
1743170400,-6.235e-05,2025-03-28 14:00:00+00:00
1743174000,-3.693e-05,2025-03-28 15:00:00+00:00
1743177600,-1.028e-05,2025-03-28 16:00:00+00:00
1743181200,-1.362e-05,2025-03-28 17:00:00+00:00
1743184800,-3.683e-05,2025-03-28 18:00:00+00:00
1743188400,-6.39e-05,2025-03-28 19:00:00+00:00
1743192000,-0.00011338,2025-03-28 20:00:00+00:00
1743195600,-0.00016327,2025-03-28 21:00:00+00:00
1743199200,-0.00021561,2025-03-28 22:00:00+00:00
1743202800,-0.00026077,2025-03-28 23:00:00+00:00
1743206400,-0.00032952,2025-03-29 00:00:00+00:00
1743210000,-0.000406,2025-03-29 01:00:00+00:00
1743213600,-0.0004002,2025-03-29 02:00:00+00:00
1743217200,-0.00036267,2025-03-29 03:00:00+00:00
1743220800,-0.00032652,2025-03-29 04:00:00+00:00
1743224400,-0.00029912,2025-03-29 05:00:00+00:00
1743228000,-0.00025354,2025-03-29 06:00:00+00:00
1743231600,-0.00022179,2025-03-29 07:00:00+00:00
1743235200,-0.00023544,2025-03-29 08:00:00+00:00
1743238800,-0.00026635,2025-03-29 09:00:00+00:00
1743242400,-0.00026034,2025-03-29 10:00:00+00:00
1743246000,-0.00023852,2025-03-29 11:00:00+00:00
1743249600,-0.00021571,2025-03-29 12:00:00+00:00
1743253200,-0.00023726,2025-03-29 13:00:00+00:00
1743256800,-0.0002503,2025-03-29 14:00:00+00:00
1743260400,-0.00026951,2025-03-29 15:00:00+00:00
1743264000,-0.00030656,2025-03-29 16:00:00+00:00
1743267600,-0.00032927,2025-03-29 17:00:00+00:00
1743271200,-0.00030719,2025-03-29 18:00:00+00:00
1743274800,-0.00032828,2025-03-29 19:00:00+00:00
1743278400,-0.00033439,2025-03-29 20:00:00+00:00
1743282000,-0.00033912,2025-03-29 21:00:00+00:00
1743285600,-0.00032227,2025-03-29 22:00:00+00:00
1743289200,-0.00025844,2025-03-29 23:00:00+00:00
1743292800,-0.00024839,2025-03-30 00:00:00+00:00
1743296400,-0.00028303,2025-03-30 01:00:00+00:00
1743300000,-0.00031721,2025-03-30 02:00:00+00:00
1743303600,-0.00033058,2025-03-30 03:00:00+00:00
1743307200,-0.0003466,2025-03-30 04:00:00+00:00
1743310800,-0.00038284,2025-03-30 05:00:00+00:00
1743314400,-0.00043051,2025-03-30 06:00:00+00:00
1743318000,-0.00045082,2025-03-30 07:00:00+00:00
1743321600,-0.00047231,2025-03-30 08:00:00+00:00
1743325200,-0.00047928,2025-03-30 09:00:00+00:00
1743328800,-0.00049811,2025-03-30 10:00:00+00:00
1743332400,-0.00048239,2025-03-30 11:00:00+00:00
1743336000,-0.00045752,2025-03-30 12:00:00+00:00
1743339600,-0.00042573,2025-03-30 13:00:00+00:00
1743343200,-0.00038818,2025-03-30 14:00:00+00:00
1743346800,-0.00033423,2025-03-30 15:00:00+00:00
1743350400,-0.00028832,2025-03-30 16:00:00+00:00
1743354000,-0.00027849,2025-03-30 17:00:00+00:00
1743357600,-0.00027412,2025-03-30 18:00:00+00:00
1743361200,-0.00029357,2025-03-30 19:00:00+00:00
1743364800,-0.00029544,2025-03-30 20:00:00+00:00
1743368400,-0.00030379,2025-03-30 21:00:00+00:00
1743372000,-0.00029361,2025-03-30 22:00:00+00:00
1743375600,-0.00022995,2025-03-30 23:00:00+00:00
1743379200,-0.00018549,2025-03-31 00:00:00+00:00
1743382800,-0.0001035,2025-03-31 01:00:00+00:00
1743386400,-1.913e-05,2025-03-31 02:00:00+00:00
1743390000,0.0,2025-03-31 03:00:00+00:00
1743400800,-1.03e-06,2025-03-31 06:00:00+00:00
1743404400,-4.927e-05,2025-03-31 07:00:00+00:00
1743408000,-9.546e-05,2025-03-31 08:00:00+00:00
1743411600,-0.00019789,2025-03-31 09:00:00+00:00
1743415200,-0.00027633,2025-03-31 10:00:00+00:00
1743418800,-0.00028308,2025-03-31 11:00:00+00:00
1743422400,-0.00026059,2025-03-31 12:00:00+00:00
1743426000,-0.0002334,2025-03-31 13:00:00+00:00
1743429600,-0.0001273,2025-03-31 14:00:00+00:00
1743433200,-4.453e-05,2025-03-31 15:00:00+00:00
1743436800,-1.144e-05,2025-03-31 16:00:00+00:00
1743440400,0.0,2025-03-31 17:00:00+00:00
1743465600,0.0,2025-04-01 00:00:00+00:00
1743494400,0.0,2025-04-01 08:00:00+00:00
1743498000,-1.761e-05,2025-04-01 09:00:00+00:00
1743501600,-9.354e-05,2025-04-01 10:00:00+00:00
1743505200,-0.00011454,2025-04-01 11:00:00+00:00
1743508800,-0.0001031,2025-04-01 12:00:00+00:00
1743512400,-0.00011925,2025-04-01 13:00:00+00:00
1743516000,-0.00045453,2025-04-01 14:00:00+00:00
1743519600,-0.00079191,2025-04-01 15:00:00+00:00
1743523200,-0.00100284,2025-04-01 16:00:00+00:00
1743526800,-0.00069165,2025-04-01 17:00:00+00:00
1743530400,-0.00047067,2025-04-01 18:00:00+00:00
1743534000,-0.00025892,2025-04-01 19:00:00+00:00
1743537600,-7.799e-05,2025-04-01 20:00:00+00:00
1743541200,0.0,2025-04-01 21:00:00+00:00
1743552000,0.0,2025-04-02 00:00:00+00:00
1743580800,0.0,2025-04-02 08:00:00+00:00
1743598800,-2.234e-05,2025-04-02 13:00:00+00:00
1743602400,-7.982e-05,2025-04-02 14:00:00+00:00
1743606000,-8.386e-05,2025-04-02 15:00:00+00:00
1743609600,-9.95e-05,2025-04-02 16:00:00+00:00
1743613200,-0.00010802,2025-04-02 17:00:00+00:00
1743616800,-0.00012706,2025-04-02 18:00:00+00:00
1743620400,-0.00012799,2025-04-02 19:00:00+00:00
1743624000,-0.00011864,2025-04-02 20:00:00+00:00
1743627600,-0.00014072,2025-04-02 21:00:00+00:00
1743631200,-0.00020408,2025-04-02 22:00:00+00:00
1743634800,-0.0002478,2025-04-02 23:00:00+00:00
1743638400,-0.00026912,2025-04-03 00:00:00+00:00
1743642000,-0.00024218,2025-04-03 01:00:00+00:00
1743645600,-0.00018624,2025-04-03 02:00:00+00:00
1743649200,-2.868e-05,2025-04-03 03:00:00+00:00
1743652800,0.0,2025-04-03 04:00:00+00:00
1743656400,-2.832e-05,2025-04-03 05:00:00+00:00
1743660000,-0.00024178,2025-04-03 06:00:00+00:00
1743663600,-0.00044535,2025-04-03 07:00:00+00:00
1743667200,-0.0005211,2025-04-03 08:00:00+00:00
1743670800,-0.00034902,2025-04-03 09:00:00+00:00
1743674400,-0.00017031,2025-04-03 10:00:00+00:00
1743678000,-2.427e-05,2025-04-03 11:00:00+00:00
1743681600,0.0,2025-04-03 12:00:00+00:00
1743696000,0.0,2025-04-03 16:00:00+00:00
1743724800,0.0,2025-04-04 00:00:00+00:00
1743753600,0.0,2025-04-04 08:00:00+00:00
1743782400,0.0,2025-04-04 16:00:00+00:00
1743811200,0.0,2025-04-05 00:00:00+00:00
1743840000,0.0,2025-04-05 08:00:00+00:00
1743868800,0.0,2025-04-05 16:00:00+00:00
1743897600,0.0,2025-04-06 00:00:00+00:00
1743926400,0.0,2025-04-06 08:00:00+00:00
1743955200,0.0,2025-04-06 16:00:00+00:00
1743984000,0.0,2025-04-07 00:00:00+00:00
1744012800,0.0,2025-04-07 08:00:00+00:00
1744041600,0.0,2025-04-07 16:00:00+00:00
1744070400,0.0,2025-04-08 00:00:00+00:00
1744099200,0.0,2025-04-08 08:00:00+00:00
1744128000,0.0,2025-04-08 16:00:00+00:00
1744156800,0.0,2025-04-09 00:00:00+00:00
1744185600,0.0,2025-04-09 08:00:00+00:00
1744214400,0.0,2025-04-09 16:00:00+00:00
1744243200,0.0,2025-04-10 00:00:00+00:00
1744272000,-6.908e-05,2025-04-10 08:00:00+00:00
1744275600,-0.00020653,2025-04-10 09:00:00+00:00
1744279200,-0.00036424,2025-04-10 10:00:00+00:00
1744282800,-0.00052067,2025-04-10 11:00:00+00:00
1744286400,-0.00037952,2025-04-10 12:00:00+00:00
1744290000,-0.000251,2025-04-10 13:00:00+00:00
1744293600,-0.00010408,2025-04-10 14:00:00+00:00
1744297200,0.0,2025-04-10 15:00:00+00:00
1744300800,0.0,2025-04-10 16:00:00+00:00
1744329600,0.0,2025-04-11 00:00:00+00:00
1744351200,0.0,2025-04-11 06:00:00+00:00
1744358400,0.0,2025-04-11 08:00:00+00:00
1744387200,-5.22e-06,2025-04-11 16:00:00+00:00
1744390800,-8.865e-05,2025-04-11 17:00:00+00:00
1744394400,-0.00013455,2025-04-11 18:00:00+00:00
1744398000,-0.00010959,2025-04-11 19:00:00+00:00
1744401600,-8.889e-05,2025-04-11 20:00:00+00:00
1744405200,-6.965e-05,2025-04-11 21:00:00+00:00
1744408800,-3.976e-05,2025-04-11 22:00:00+00:00
1744412400,0.0,2025-04-11 23:00:00+00:00
1744416000,0.0,2025-04-12 00:00:00+00:00
1744430400,-2.84e-05,2025-04-12 04:00:00+00:00
1744434000,-8.014e-05,2025-04-12 05:00:00+00:00
1744437600,-0.00011771,2025-04-12 06:00:00+00:00
1744441200,-0.00015552,2025-04-12 07:00:00+00:00
1744444800,-0.00022724,2025-04-12 08:00:00+00:00
1744448400,-0.00031031,2025-04-12 09:00:00+00:00
1744452000,-0.00038031,2025-04-12 10:00:00+00:00
1744455600,-0.00034502,2025-04-12 11:00:00+00:00
1744459200,-0.00027395,2025-04-12 12:00:00+00:00
1744462800,-0.00025405,2025-04-12 13:00:00+00:00
1744466400,-0.0002018,2025-04-12 14:00:00+00:00
1744470000,-0.00018116,2025-04-12 15:00:00+00:00
1744473600,-0.00012177,2025-04-12 16:00:00+00:00
1744477200,-4.605e-05,2025-04-12 17:00:00+00:00
1744480800,-5.98e-06,2025-04-12 18:00:00+00:00
1744484400,0.0,2025-04-12 19:00:00+00:00
1744502400,0.0,2025-04-13 00:00:00+00:00
1744531200,0.0,2025-04-13 08:00:00+00:00
1744549200,-2.788e-05,2025-04-13 13:00:00+00:00
1744552800,-3.058e-05,2025-04-13 14:00:00+00:00
1744556400,-5.726e-05,2025-04-13 15:00:00+00:00
1744560000,-5.514e-05,2025-04-13 16:00:00+00:00
1744563600,-4.254e-05,2025-04-13 17:00:00+00:00
1744567200,-7.995e-05,2025-04-13 18:00:00+00:00
1744570800,-0.00014851,2025-04-13 19:00:00+00:00
1744574400,-0.00012913,2025-04-13 20:00:00+00:00
1744578000,-0.00013397,2025-04-13 21:00:00+00:00
1744581600,-9.775e-05,2025-04-13 22:00:00+00:00
1744585200,-4.86e-05,2025-04-13 23:00:00+00:00
1744588800,0.0,2025-04-14 00:00:00+00:00
1744617600,0.0,2025-04-14 08:00:00+00:00
1744628400,-1.386e-05,2025-04-14 11:00:00+00:00
1744632000,-5.094e-05,2025-04-14 12:00:00+00:00
1744635600,-9.275e-05,2025-04-14 13:00:00+00:00
1744639200,-0.00010063,2025-04-14 14:00:00+00:00
1744642800,-0.00013697,2025-04-14 15:00:00+00:00
1744646400,-0.00013654,2025-04-14 16:00:00+00:00
1744650000,-0.00011362,2025-04-14 17:00:00+00:00
1744653600,-0.00012301,2025-04-14 18:00:00+00:00
1744657200,-6.921e-05,2025-04-14 19:00:00+00:00
1744660800,-1.7e-05,2025-04-14 20:00:00+00:00
1744664400,-3.449e-05,2025-04-14 21:00:00+00:00
1744668000,-6.033e-05,2025-04-14 22:00:00+00:00
1744671600,-8.929e-05,2025-04-14 23:00:00+00:00
1744675200,-0.00010207,2025-04-15 00:00:00+00:00
1744678800,-7.401e-05,2025-04-15 01:00:00+00:00
1744682400,-5.768e-05,2025-04-15 02:00:00+00:00
1744686000,-2.832e-05,2025-04-15 03:00:00+00:00
1744689600,0.0,2025-04-15 04:00:00+00:00
1744700400,0.0,2025-04-15 07:00:00+00:00
1744704000,0.0,2025-04-15 08:00:00+00:00
1744732800,0.0,2025-04-15 16:00:00+00:00
1744740000,-2.799e-05,2025-04-15 18:00:00+00:00
1744743600,-9.293e-05,2025-04-15 19:00:00+00:00
1744747200,-0.00014674,2025-04-15 20:00:00+00:00
1744750800,-0.00018121,2025-04-15 21:00:00+00:00
1744754400,-0.00021298,2025-04-15 22:00:00+00:00
1744758000,-0.00022809,2025-04-15 23:00:00+00:00
1744761600,-0.00021746,2025-04-16 00:00:00+00:00
1744765200,-0.00018328,2025-04-16 01:00:00+00:00
1744768800,-0.0001693,2025-04-16 02:00:00+00:00
1744772400,-0.00013512,2025-04-16 03:00:00+00:00
1744776000,-9.177e-05,2025-04-16 04:00:00+00:00
1744779600,-3.013e-05,2025-04-16 05:00:00+00:00
1744783200,0.0,2025-04-16 06:00:00+00:00
1744790400,0.0,2025-04-16 08:00:00+00:00
1744819200,0.0,2025-04-16 16:00:00+00:00
1744848000,0.0,2025-04-17 00:00:00+00:00
1744866000,-1.123e-05,2025-04-17 05:00:00+00:00
1744869600,-1.869e-05,2025-04-17 06:00:00+00:00
1744873200,0.0,2025-04-17 07:00:00+00:00
1744876800,0.0,2025-04-17 08:00:00+00:00
1744880400,-7.49e-06,2025-04-17 09:00:00+00:00
1744884000,-1.015e-05,2025-04-17 10:00:00+00:00
1744887600,0.0,2025-04-17 11:00:00+00:00
1744905600,0.0,2025-04-17 16:00:00+00:00
1744934400,0.0,2025-04-18 00:00:00+00:00
1744945200,-3.61e-06,2025-04-18 03:00:00+00:00
1744948800,-7.086e-05,2025-04-18 04:00:00+00:00
1744952400,-0.00012459,2025-04-18 05:00:00+00:00
1744956000,-0.00016853,2025-04-18 06:00:00+00:00
1744959600,-0.00022216,2025-04-18 07:00:00+00:00
1744963200,-0.00033187,2025-04-18 08:00:00+00:00
1744966800,-0.00042475,2025-04-18 09:00:00+00:00
1744970400,-0.00048642,2025-04-18 10:00:00+00:00
1744974000,-0.00041683,2025-04-18 11:00:00+00:00
1744977600,-0.00032761,2025-04-18 12:00:00+00:00
1744981200,-0.00024905,2025-04-18 13:00:00+00:00
1744984800,-0.0001493,2025-04-18 14:00:00+00:00
1744988400,-5.807e-05,2025-04-18 15:00:00+00:00
1744992000,0.0,2025-04-18 16:00:00+00:00
1745020800,0.0,2025-04-19 00:00:00+00:00
1745035200,-5.549e-05,2025-04-19 04:00:00+00:00
1745038800,-0.00016328,2025-04-19 05:00:00+00:00
1745042400,-0.00026361,2025-04-19 06:00:00+00:00
1745046000,-0.000347,2025-04-19 07:00:00+00:00
1745049600,-0.00041339,2025-04-19 08:00:00+00:00
1745053200,-0.00050807,2025-04-19 09:00:00+00:00
1745056800,-0.00052751,2025-04-19 10:00:00+00:00
1745060400,-0.00052882,2025-04-19 11:00:00+00:00
1745064000,-0.00051465,2025-04-19 12:00:00+00:00
1745067600,-0.00050188,2025-04-19 13:00:00+00:00
1745071200,-0.00046686,2025-04-19 14:00:00+00:00
1745074800,-0.00041281,2025-04-19 15:00:00+00:00
1745078400,-0.00036692,2025-04-19 16:00:00+00:00
1745082000,-0.00030065,2025-04-19 17:00:00+00:00
1745085600,-0.00022863,2025-04-19 18:00:00+00:00
1745089200,-0.00013457,2025-04-19 19:00:00+00:00
1745092800,-5.312e-05,2025-04-19 20:00:00+00:00
1745096400,0.0,2025-04-19 21:00:00+00:00
1745107200,0.0,2025-04-20 00:00:00+00:00
1745136000,0.0,2025-04-20 08:00:00+00:00
1745164800,-6.933e-05,2025-04-20 16:00:00+00:00
1745168400,-0.00018467,2025-04-20 17:00:00+00:00
1745172000,-0.00026982,2025-04-20 18:00:00+00:00
1745175600,-0.00032049,2025-04-20 19:00:00+00:00
1745179200,-0.00036245,2025-04-20 20:00:00+00:00
1745182800,-0.00035765,2025-04-20 21:00:00+00:00
1745186400,-0.00031227,2025-04-20 22:00:00+00:00
1745190000,-0.00021758,2025-04-20 23:00:00+00:00
1745193600,-0.00013746,2025-04-21 00:00:00+00:00
1745197200,-3.376e-05,2025-04-21 01:00:00+00:00
1745200800,0.0,2025-04-21 02:00:00+00:00
1745222400,0.0,2025-04-21 08:00:00+00:00
1745251200,0.0,2025-04-21 16:00:00+00:00
1745265600,-0.000105,2025-04-21 20:00:00+00:00
1745269200,-0.00017514,2025-04-21 21:00:00+00:00
1745272800,-0.00021952,2025-04-21 22:00:00+00:00
1745276400,-0.00023365,2025-04-21 23:00:00+00:00
1745280000,-0.00023582,2025-04-22 00:00:00+00:00
1745283600,-0.00022624,2025-04-22 01:00:00+00:00
1745287200,-0.00024922,2025-04-22 02:00:00+00:00
1745290800,-0.00025546,2025-04-22 03:00:00+00:00
1745294400,-0.0002901,2025-04-22 04:00:00+00:00
1745298000,-0.0002893,2025-04-22 05:00:00+00:00
1745301600,-0.00021606,2025-04-22 06:00:00+00:00
1745305200,-0.00010548,2025-04-22 07:00:00+00:00
1745308800,-0.00011133,2025-04-22 08:00:00+00:00
1745312400,-0.00010864,2025-04-22 09:00:00+00:00
1745316000,-0.00018305,2025-04-22 10:00:00+00:00
1745319600,-8.568e-05,2025-04-22 11:00:00+00:00
1745323200,0.0,2025-04-22 12:00:00+00:00
1745337600,0.0,2025-04-22 16:00:00+00:00
1745366400,0.0,2025-04-23 00:00:00+00:00
1745395200,0.0,2025-04-23 08:00:00+00:00
1745424000,0.0,2025-04-23 16:00:00+00:00
1745452800,0.0,2025-04-24 00:00:00+00:00
1745481600,0.0,2025-04-24 08:00:00+00:00
1745510400,0.0,2025-04-24 16:00:00+00:00
1745539200,0.0,2025-04-25 00:00:00+00:00
1745550000,-1.95e-06,2025-04-25 03:00:00+00:00
1745553600,0.0,2025-04-25 04:00:00+00:00
1745568000,-4.236e-05,2025-04-25 08:00:00+00:00
1745571600,-0.00010743,2025-04-25 09:00:00+00:00
1745575200,0.0,2025-04-25 10:00:00+00:00
1745596800,0.0,2025-04-25 16:00:00+00:00
1745625600,0.0,2025-04-26 00:00:00+00:00
1745632800,-6.334e-05,2025-04-26 02:00:00+00:00
1745636400,-0.00010717,2025-04-26 03:00:00+00:00
1745640000,-0.00013738,2025-04-26 04:00:00+00:00
1745643600,-0.00013642,2025-04-26 05:00:00+00:00
1745647200,-0.00010243,2025-04-26 06:00:00+00:00
1745650800,-5.234e-05,2025-04-26 07:00:00+00:00
1745654400,0.0,2025-04-26 08:00:00+00:00
1745683200,0.0,2025-04-26 16:00:00+00:00
1745712000,0.0,2025-04-27 00:00:00+00:00
1745733600,-3.191e-05,2025-04-27 06:00:00+00:00
1745737200,-7.246e-05,2025-04-27 07:00:00+00:00
1745740800,-0.00010426,2025-04-27 08:00:00+00:00
1745744400,-0.00012482,2025-04-27 09:00:00+00:00
1745748000,-0.00011969,2025-04-27 10:00:00+00:00
1745751600,-0.00012415,2025-04-27 11:00:00+00:00
1745755200,-0.00013036,2025-04-27 12:00:00+00:00
1745758800,-0.00010231,2025-04-27 13:00:00+00:00
1745762400,-8.38e-05,2025-04-27 14:00:00+00:00
1745766000,-8.618e-05,2025-04-27 15:00:00+00:00
1745769600,-7.821e-05,2025-04-27 16:00:00+00:00
1745773200,-1.717e-05,2025-04-27 17:00:00+00:00
1745776800,0.0,2025-04-27 18:00:00+00:00
1745798400,0.0,2025-04-28 00:00:00+00:00
1745827200,0.0,2025-04-28 08:00:00+00:00
1745856000,-8.663e-05,2025-04-28 16:00:00+00:00
1745859600,-0.00016223,2025-04-28 17:00:00+00:00
1745863200,-0.00020816,2025-04-28 18:00:00+00:00
1745866800,-0.00016776,2025-04-28 19:00:00+00:00
1745870400,-8.371e-05,2025-04-28 20:00:00+00:00
1745874000,-2.733e-05,2025-04-28 21:00:00+00:00
1745877600,0.0,2025-04-28 22:00:00+00:00
1745884800,0.0,2025-04-29 00:00:00+00:00
1745892000,-4.39e-06,2025-04-29 02:00:00+00:00
1745895600,-2.967e-05,2025-04-29 03:00:00+00:00
1745899200,-4.62e-06,2025-04-29 04:00:00+00:00
1745902800,0.0,2025-04-29 05:00:00+00:00
1745913600,0.0,2025-04-29 08:00:00+00:00
1745938800,-4.247e-05,2025-04-29 15:00:00+00:00
1745942400,-0.00014006,2025-04-29 16:00:00+00:00
1745946000,-0.00021417,2025-04-29 17:00:00+00:00
1745949600,-0.00029529,2025-04-29 18:00:00+00:00
1745953200,-0.00034533,2025-04-29 19:00:00+00:00
1745956800,-0.0003686,2025-04-29 20:00:00+00:00
1745960400,-0.0003707,2025-04-29 21:00:00+00:00
1745964000,-0.00030843,2025-04-29 22:00:00+00:00
1745967600,-0.00022628,2025-04-29 23:00:00+00:00
1745971200,-0.000154,2025-04-30 00:00:00+00:00
1745974800,-7.725e-05,2025-04-30 01:00:00+00:00
1745978400,0.0,2025-04-30 02:00:00+00:00
1746000000,-5.338e-05,2025-04-30 08:00:00+00:00
1746003600,-8.977e-05,2025-04-30 09:00:00+00:00
1746007200,-2.46e-06,2025-04-30 10:00:00+00:00
1746010800,0.0,2025-04-30 11:00:00+00:00
1746025200,-1.315e-05,2025-04-30 15:00:00+00:00
1746028800,-0.00011033,2025-04-30 16:00:00+00:00
1746032400,-0.00019781,2025-04-30 17:00:00+00:00
1746036000,-0.00027387,2025-04-30 18:00:00+00:00
1746039600,-0.00035432,2025-04-30 19:00:00+00:00
1746043200,-0.00040895,2025-04-30 20:00:00+00:00
1746046800,-0.00046735,2025-04-30 21:00:00+00:00
1746050400,-0.00049248,2025-04-30 22:00:00+00:00
1746054000,-0.00049785,2025-04-30 23:00:00+00:00
1746057600,-0.00046549,2025-05-01 00:00:00+00:00
1746061200,-0.0003708,2025-05-01 01:00:00+00:00
1746064800,-0.00022771,2025-05-01 02:00:00+00:00
1746068400,-8.155e-05,2025-05-01 03:00:00+00:00
1746072000,0.0,2025-05-01 04:00:00+00:00
1746086400,0.0,2025-05-01 08:00:00+00:00
1746115200,0.0,2025-05-01 16:00:00+00:00
1746129600,-1.347e-05,2025-05-01 20:00:00+00:00
1746133200,-9.525e-05,2025-05-01 21:00:00+00:00
1746136800,-0.00015353,2025-05-01 22:00:00+00:00
1746140400,-0.00020007,2025-05-01 23:00:00+00:00
1746144000,-0.00024045,2025-05-02 00:00:00+00:00
1746147600,-0.00026417,2025-05-02 01:00:00+00:00
1746151200,-0.00021822,2025-05-02 02:00:00+00:00
1746154800,-0.00010652,2025-05-02 03:00:00+00:00
1746158400,0.0,2025-05-02 04:00:00+00:00
1746172800,0.0,2025-05-02 08:00:00+00:00
1746180000,-5.772e-05,2025-05-02 10:00:00+00:00
1746183600,-7.022e-05,2025-05-02 11:00:00+00:00
1746187200,-2.207e-05,2025-05-02 12:00:00+00:00
1746190800,0.0,2025-05-02 13:00:00+00:00
1746201600,0.0,2025-05-02 16:00:00+00:00
1746208800,-2.31e-05,2025-05-02 18:00:00+00:00
1746212400,-6.141e-05,2025-05-02 19:00:00+00:00
1746216000,-6.737e-05,2025-05-02 20:00:00+00:00
1746219600,-6.827e-05,2025-05-02 21:00:00+00:00
1746223200,-5.247e-05,2025-05-02 22:00:00+00:00
1746226800,-7.91e-06,2025-05-02 23:00:00+00:00
1746230400,0.0,2025-05-03 00:00:00+00:00
1746259200,0.0,2025-05-03 08:00:00+00:00
1746277200,-2.218e-05,2025-05-03 13:00:00+00:00
1746280800,-3.354e-05,2025-05-03 14:00:00+00:00
1746284400,-3.547e-05,2025-05-03 15:00:00+00:00
1746288000,-3.765e-05,2025-05-03 16:00:00+00:00
1746291600,-8.776e-05,2025-05-03 17:00:00+00:00
1746295200,-0.00010429,2025-05-03 18:00:00+00:00
1746298800,-9.532e-05,2025-05-03 19:00:00+00:00
1746302400,-7.37e-05,2025-05-03 20:00:00+00:00
1746306000,-6.323e-05,2025-05-03 21:00:00+00:00
1746309600,-4.563e-05,2025-05-03 22:00:00+00:00
1746313200,-1.776e-05,2025-05-03 23:00:00+00:00
1746316800,0.0,2025-05-04 00:00:00+00:00
1746342000,-3.025e-05,2025-05-04 07:00:00+00:00
1746345600,-0.00012347,2025-05-04 08:00:00+00:00
1746349200,-0.00025638,2025-05-04 09:00:00+00:00
1746352800,-0.00036005,2025-05-04 10:00:00+00:00
1746356400,-0.00043724,2025-05-04 11:00:00+00:00
1746360000,-0.0004578,2025-05-04 12:00:00+00:00
1746363600,-0.00050567,2025-05-04 13:00:00+00:00
1746367200,-0.00054456,2025-05-04 14:00:00+00:00
1746370800,-0.00049739,2025-05-04 15:00:00+00:00
1746374400,-0.00045232,2025-05-04 16:00:00+00:00
1746378000,-0.00041273,2025-05-04 17:00:00+00:00
1746381600,-0.00038833,2025-05-04 18:00:00+00:00
1746385200,-0.00037931,2025-05-04 19:00:00+00:00
1746388800,-0.00036739,2025-05-04 20:00:00+00:00
1746392400,-0.00035279,2025-05-04 21:00:00+00:00
1746396000,-0.00033939,2025-05-04 22:00:00+00:00
1746399600,-0.00030375,2025-05-04 23:00:00+00:00
1746403200,-0.00024389,2025-05-05 00:00:00+00:00
1746406800,-0.000209,2025-05-05 01:00:00+00:00
1746410400,-0.00013258,2025-05-05 02:00:00+00:00
1746414000,-3.647e-05,2025-05-05 03:00:00+00:00
1746417600,0.0,2025-05-05 04:00:00+00:00
1746432000,0.0,2025-05-05 08:00:00+00:00
1746460800,0.0,2025-05-05 16:00:00+00:00
1746486000,-1.764e-05,2025-05-05 23:00:00+00:00
1746489600,-9.932e-05,2025-05-06 00:00:00+00:00
1746493200,-0.00018212,2025-05-06 01:00:00+00:00
1746496800,-0.00026697,2025-05-06 02:00:00+00:00
1746500400,-0.00034331,2025-05-06 03:00:00+00:00
1746504000,-0.00039962,2025-05-06 04:00:00+00:00
1746507600,-0.00043258,2025-05-06 05:00:00+00:00
1746511200,-0.00041827,2025-05-06 06:00:00+00:00
1746514800,-0.00046111,2025-05-06 07:00:00+00:00
1746518400,-0.00054952,2025-05-06 08:00:00+00:00
1746522000,-0.00058464,2025-05-06 09:00:00+00:00
1746525600,-0.00046606,2025-05-06 10:00:00+00:00
1746529200,-0.00030557,2025-05-06 11:00:00+00:00
1746532800,-0.00017169,2025-05-06 12:00:00+00:00
1746536400,-8.019e-05,2025-05-06 13:00:00+00:00
1746540000,0.0,2025-05-06 14:00:00+00:00
1746547200,0.0,2025-05-06 16:00:00+00:00
1746576000,0.0,2025-05-07 00:00:00+00:00
1746604800,0.0,2025-05-07 08:00:00+00:00
1746633600,0.0,2025-05-07 16:00:00+00:00
1746655200,-2.762e-05,2025-05-07 22:00:00+00:00
1746658800,-6.306e-05,2025-05-07 23:00:00+00:00
1746662400,-4.66e-05,2025-05-08 00:00:00+00:00
1746666000,0.0,2025-05-08 01:00:00+00:00
1746691200,0.0,2025-05-08 08:00:00+00:00
1746705600,2.97e-06,2025-05-08 12:00:00+00:00
1746709200,0.0,2025-05-08 13:00:00+00:00
1746720000,0.0,2025-05-08 16:00:00+00:00
1746748800,0.0,2025-05-09 00:00:00+00:00
1746777600,0.0,2025-05-09 08:00:00+00:00
1746806400,0.0,2025-05-09 16:00:00+00:00
1746835200,0.0,2025-05-10 00:00:00+00:00
1746838800,5.77e-06,2025-05-10 01:00:00+00:00
1746842400,5.266e-05,2025-05-10 02:00:00+00:00
1746846000,6.121e-05,2025-05-10 03:00:00+00:00
1746849600,5.063e-05,2025-05-10 04:00:00+00:00
1746853200,3.089e-05,2025-05-10 05:00:00+00:00
1746856800,0.0,2025-05-10 06:00:00+00:00
1746864000,0.0,2025-05-10 08:00:00+00:00
1746892800,0.0,2025-05-10 16:00:00+00:00
1746921600,0.0,2025-05-11 00:00:00+00:00
1746946800,2.799e-05,2025-05-11 07:00:00+00:00
1746950400,7.193e-05,2025-05-11 08:00:00+00:00
1746954000,8.899e-05,2025-05-11 09:00:00+00:00
1746957600,5.883e-05,2025-05-11 10:00:00+00:00
1746961200,7.5e-06,2025-05-11 11:00:00+00:00
1746964800,0.0,2025-05-11 12:00:00+00:00
1746972000,8.03e-06,2025-05-11 14:00:00+00:00
1746975600,6.49e-06,2025-05-11 15:00:00+00:00
1746979200,1.095e-05,2025-05-11 16:00:00+00:00
1746982800,1.404e-05,2025-05-11 17:00:00+00:00
1746986400,1.441e-05,2025-05-11 18:00:00+00:00
1746990000,2.11e-06,2025-05-11 19:00:00+00:00
1746993600,0.0,2025-05-11 20:00:00+00:00
1747008000,0.0,2025-05-12 00:00:00+00:00
1747036800,0.0,2025-05-12 08:00:00+00:00
1747047600,3.165e-05,2025-05-12 11:00:00+00:00
1747051200,5.109e-05,2025-05-12 12:00:00+00:00
1747054800,5.966e-05,2025-05-12 13:00:00+00:00
1747058400,4.553e-05,2025-05-12 14:00:00+00:00
1747062000,6.111e-05,2025-05-12 15:00:00+00:00
1747065600,4.855e-05,2025-05-12 16:00:00+00:00
1747069200,3.401e-05,2025-05-12 17:00:00+00:00
1747072800,3.455e-05,2025-05-12 18:00:00+00:00
1747076400,2.589e-05,2025-05-12 19:00:00+00:00
1747080000,1.393e-05,2025-05-12 20:00:00+00:00
1747083600,0.0,2025-05-12 21:00:00+00:00
1747094400,0.0,2025-05-13 00:00:00+00:00
1747123200,0.0,2025-05-13 08:00:00+00:00
1747152000,0.0,2025-05-13 16:00:00+00:00
1747155600,6.79e-06,2025-05-13 17:00:00+00:00
1747159200,3.165e-05,2025-05-13 18:00:00+00:00
1747162800,3.303e-05,2025-05-13 19:00:00+00:00
1747166400,5.411e-05,2025-05-13 20:00:00+00:00
1747170000,6.012e-05,2025-05-13 21:00:00+00:00
1747173600,5.112e-05,2025-05-13 22:00:00+00:00
1747177200,5.112e-05,2025-05-13 23:00:00+00:00
1747180800,2.414e-05,2025-05-14 00:00:00+00:00
1747184400,0.0,2025-05-14 01:00:00+00:00
1747209600,0.0,2025-05-14 08:00:00+00:00
1747238400,0.0,2025-05-14 16:00:00+00:00
1747242000,2.871e-05,2025-05-14 17:00:00+00:00
1747245600,3.732e-05,2025-05-14 18:00:00+00:00
1747249200,4.077e-05,2025-05-14 19:00:00+00:00
1747252800,4.102e-05,2025-05-14 20:00:00+00:00
1747256400,2.443e-05,2025-05-14 21:00:00+00:00
1747260000,1.8e-06,2025-05-14 22:00:00+00:00
1747263600,0.0,2025-05-14 23:00:00+00:00
1747267200,0.0,2025-05-15 00:00:00+00:00
1747296000,0.0,2025-05-15 08:00:00+00:00
1747324800,1.352e-05,2025-05-15 16:00:00+00:00
1747328400,5.59e-05,2025-05-15 17:00:00+00:00
1747332000,6.679e-05,2025-05-15 18:00:00+00:00
1747335600,6.644e-05,2025-05-15 19:00:00+00:00
1747339200,5.883e-05,2025-05-15 20:00:00+00:00
1747342800,3.59e-05,2025-05-15 21:00:00+00:00
1747346400,1.629e-05,2025-05-15 22:00:00+00:00
1747350000,0.0,2025-05-15 23:00:00+00:00
1747353600,0.0,2025-05-16 00:00:00+00:00
1747382400,0.0,2025-05-16 08:00:00+00:00
1747411200,0.0,2025-05-16 16:00:00+00:00
1747440000,0.0,2025-05-17 00:00:00+00:00
1747468800,0.0,2025-05-17 08:00:00+00:00
1747497600,0.0,2025-05-17 16:00:00+00:00
1747526400,0.0,2025-05-18 00:00:00+00:00
1747555200,0.0,2025-05-18 08:00:00+00:00
1747584000,0.0,2025-05-18 16:00:00+00:00
1747612800,0.0,2025-05-19 00:00:00+00:00
1747641600,-4.89e-06,2025-05-19 08:00:00+00:00
1747645200,0.0,2025-05-19 09:00:00+00:00
1747670400,0.0,2025-05-19 16:00:00+00:00
1747699200,0.0,2025-05-20 00:00:00+00:00
1747728000,0.0,2025-05-20 08:00:00+00:00
1747756800,0.0,2025-05-20 16:00:00+00:00
1747785600,0.0,2025-05-21 00:00:00+00:00
1747814400,0.0,2025-05-21 08:00:00+00:00
1747843200,0.0,2025-05-21 16:00:00+00:00
1747872000,0.0,2025-05-22 00:00:00+00:00
1747900800,0.0,2025-05-22 08:00:00+00:00
1747929600,0.0,2025-05-22 16:00:00+00:00
1747958400,0.0,2025-05-23 00:00:00+00:00
1747987200,0.0,2025-05-23 08:00:00+00:00
1748016000,0.0,2025-05-23 16:00:00+00:00
1748044800,0.0,2025-05-24 00:00:00+00:00
1748073600,0.0,2025-05-24 08:00:00+00:00
1748102400,0.0,2025-05-24 16:00:00+00:00
1748131200,0.0,2025-05-25 00:00:00+00:00
1748160000,0.0,2025-05-25 08:00:00+00:00
1748163600,-1.855e-05,2025-05-25 09:00:00+00:00
1748167200,-5.06e-05,2025-05-25 10:00:00+00:00
1748170800,-6.319e-05,2025-05-25 11:00:00+00:00
1748174400,-6.366e-05,2025-05-25 12:00:00+00:00
1748178000,-4.813e-05,2025-05-25 13:00:00+00:00
1748181600,-1.866e-05,2025-05-25 14:00:00+00:00
1748185200,0.0,2025-05-25 15:00:00+00:00
1748188800,0.0,2025-05-25 16:00:00+00:00
1748217600,0.0,2025-05-26 00:00:00+00:00
1748246400,0.0,2025-05-26 08:00:00+00:00
1748275200,0.0,2025-05-26 16:00:00+00:00
1748304000,0.0,2025-05-27 00:00:00+00:00
1748332800,0.0,2025-05-27 08:00:00+00:00
1748361600,0.0,2025-05-27 16:00:00+00:00
1748390400,0.0,2025-05-28 00:00:00+00:00
1748419200,0.0,2025-05-28 08:00:00+00:00
1748422800,-4.22e-06,2025-05-28 09:00:00+00:00
1748426400,-1.116e-05,2025-05-28 10:00:00+00:00
1748430000,-4.419e-05,2025-05-28 11:00:00+00:00
1748433600,-5.606e-05,2025-05-28 12:00:00+00:00
1748437200,-6.745e-05,2025-05-28 13:00:00+00:00
1748440800,-4.226e-05,2025-05-28 14:00:00+00:00
1748444400,0.0,2025-05-28 15:00:00+00:00
1748448000,0.0,2025-05-28 16:00:00+00:00
1748476800,0.0,2025-05-29 00:00:00+00:00
1748505600,0.0,2025-05-29 08:00:00+00:00
1748509200,-1.048e-05,2025-05-29 09:00:00+00:00
1748512800,0.0,2025-05-29 10:00:00+00:00
1748534400,0.0,2025-05-29 16:00:00+00:00
1748563200,0.0,2025-05-30 00:00:00+00:00
1748592000,0.0,2025-05-30 08:00:00+00:00
1748620800,0.0,2025-05-30 16:00:00+00:00
1748649600,0.0,2025-05-31 00:00:00+00:00
1748664000,-7.62e-06,2025-05-31 04:00:00+00:00
1748667600,-2.187e-05,2025-05-31 05:00:00+00:00
1748671200,-3.199e-05,2025-05-31 06:00:00+00:00
1748674800,-3.519e-05,2025-05-31 07:00:00+00:00
1748678400,-2.993e-05,2025-05-31 08:00:00+00:00
1748682000,-1.233e-05,2025-05-31 09:00:00+00:00
1748685600,0.0,2025-05-31 10:00:00+00:00
1748707200,0.0,2025-05-31 16:00:00+00:00
1748736000,0.0,2025-06-01 00:00:00+00:00
1748761200,-2.338e-05,2025-06-01 07:00:00+00:00
1748764800,-7.602e-05,2025-06-01 08:00:00+00:00
1748768400,-0.00010281,2025-06-01 09:00:00+00:00
1748772000,-7.916e-05,2025-06-01 10:00:00+00:00
1748775600,-5.535e-05,2025-06-01 11:00:00+00:00
1748779200,-4.004e-05,2025-06-01 12:00:00+00:00
1748782800,-2.027e-05,2025-06-01 13:00:00+00:00
1748786400,-1.619e-05,2025-06-01 14:00:00+00:00
1748790000,-1.641e-05,2025-06-01 15:00:00+00:00
1748793600,-2.183e-05,2025-06-01 16:00:00+00:00
1748797200,-3.547e-05,2025-06-01 17:00:00+00:00
1748800800,-5.369e-05,2025-06-01 18:00:00+00:00
1748804400,-4.203e-05,2025-06-01 19:00:00+00:00
1748808000,0.0,2025-06-01 20:00:00+00:00
1748822400,0.0,2025-06-02 00:00:00+00:00
1748851200,0.0,2025-06-02 08:00:00+00:00
1748880000,0.0,2025-06-02 16:00:00+00:00
1748908800,0.0,2025-06-03 00:00:00+00:00
1748937600,0.0,2025-06-03 08:00:00+00:00
1748966400,0.0,2025-06-03 16:00:00+00:00
1748995200,0.0,2025-06-04 00:00:00+00:00
1749024000,0.0,2025-06-04 08:00:00+00:00
1749052800,0.0,2025-06-04 16:00:00+00:00
1749081600,0.0,2025-06-05 00:00:00+00:00
1749110400,0.0,2025-06-05 08:00:00+00:00
1749139200,0.0,2025-06-05 16:00:00+00:00
1749150000,-3.318e-05,2025-06-05 19:00:00+00:00
1749153600,-0.00010925,2025-06-05 20:00:00+00:00
1749157200,-0.00014466,2025-06-05 21:00:00+00:00
1749160800,-0.00017457,2025-06-05 22:00:00+00:00
1749164400,-0.00017895,2025-06-05 23:00:00+00:00
1749168000,-0.00018781,2025-06-06 00:00:00+00:00
1749171600,-0.00020066,2025-06-06 01:00:00+00:00
1749175200,-0.00019254,2025-06-06 02:00:00+00:00
1749178800,-0.00018311,2025-06-06 03:00:00+00:00
1749182400,-0.00017334,2025-06-06 04:00:00+00:00
1749186000,-0.00013166,2025-06-06 05:00:00+00:00
1749189600,-0.00013308,2025-06-06 06:00:00+00:00
1749193200,-0.00016454,2025-06-06 07:00:00+00:00
1749196800,-0.00018715,2025-06-06 08:00:00+00:00
1749200400,-0.00018275,2025-06-06 09:00:00+00:00
1749204000,-0.00016806,2025-06-06 10:00:00+00:00
1749207600,-0.00012288,2025-06-06 11:00:00+00:00
1749211200,-4.453e-05,2025-06-06 12:00:00+00:00
1749214800,0.0,2025-06-06 13:00:00+00:00
1749225600,0.0,2025-06-06 16:00:00+00:00
1749254400,0.0,2025-06-07 00:00:00+00:00
1749258000,-1.807e-05,2025-06-07 01:00:00+00:00
1749261600,-3.603e-05,2025-06-07 02:00:00+00:00
1749265200,-3.697e-05,2025-06-07 03:00:00+00:00
1749268800,-3.99e-05,2025-06-07 04:00:00+00:00
1749272400,-4.374e-05,2025-06-07 05:00:00+00:00
1749276000,-4.084e-05,2025-06-07 06:00:00+00:00
1749279600,-2.95e-05,2025-06-07 07:00:00+00:00
1749283200,-3.331e-05,2025-06-07 08:00:00+00:00
1749286800,-3.988e-05,2025-06-07 09:00:00+00:00
1749290400,-4.931e-05,2025-06-07 10:00:00+00:00
1749294000,-5.914e-05,2025-06-07 11:00:00+00:00
1749297600,-5.908e-05,2025-06-07 12:00:00+00:00
1749301200,-5.302e-05,2025-06-07 13:00:00+00:00
1749304800,-4.158e-05,2025-06-07 14:00:00+00:00
1749308400,-3.353e-05,2025-06-07 15:00:00+00:00
1749312000,-2.5e-06,2025-06-07 16:00:00+00:00
1749315600,0.0,2025-06-07 17:00:00+00:00
1749340800,0.0,2025-06-08 00:00:00+00:00
1749344400,-5e-08,2025-06-08 01:00:00+00:00
1749348000,-4.812e-05,2025-06-08 02:00:00+00:00
1749351600,-7.434e-05,2025-06-08 03:00:00+00:00
1749355200,-8.06e-05,2025-06-08 04:00:00+00:00
1749358800,-7.377e-05,2025-06-08 05:00:00+00:00
1749362400,-6.469e-05,2025-06-08 06:00:00+00:00
1749366000,-5.168e-05,2025-06-08 07:00:00+00:00
1749369600,-4.07e-05,2025-06-08 08:00:00+00:00
1749373200,-4.594e-05,2025-06-08 09:00:00+00:00
1749376800,-2.873e-05,2025-06-08 10:00:00+00:00
1749380400,-3.785e-05,2025-06-08 11:00:00+00:00
1749384000,-4.114e-05,2025-06-08 12:00:00+00:00
1749387600,-3.237e-05,2025-06-08 13:00:00+00:00
1749391200,-1.073e-05,2025-06-08 14:00:00+00:00
1749394800,0.0,2025-06-08 15:00:00+00:00
1749398400,0.0,2025-06-08 16:00:00+00:00
1749427200,0.0,2025-06-09 00:00:00+00:00
1749441600,-5.667e-05,2025-06-09 04:00:00+00:00
1749445200,-0.00010725,2025-06-09 05:00:00+00:00
1749448800,-0.00012195,2025-06-09 06:00:00+00:00
1749452400,-0.00013999,2025-06-09 07:00:00+00:00
1749456000,-0.000149,2025-06-09 08:00:00+00:00
1749459600,-0.00014356,2025-06-09 09:00:00+00:00
1749463200,-0.00012414,2025-06-09 10:00:00+00:00
1749466800,-9.3e-05,2025-06-09 11:00:00+00:00
1749470400,-6.94e-05,2025-06-09 12:00:00+00:00
1749474000,-4.378e-05,2025-06-09 13:00:00+00:00
1749477600,-3.887e-05,2025-06-09 14:00:00+00:00
1749481200,-2.762e-05,2025-06-09 15:00:00+00:00
1749484800,-1.121e-05,2025-06-09 16:00:00+00:00
1749488400,0.0,2025-06-09 17:00:00+00:00
1749513600,0.0,2025-06-10 00:00:00+00:00
1749542400,0.0,2025-06-10 08:00:00+00:00
1749556800,-1.378e-05,2025-06-10 12:00:00+00:00
1749560400,-2.143e-05,2025-06-10 13:00:00+00:00
1749564000,-2.636e-05,2025-06-10 14:00:00+00:00
1749567600,-2.863e-05,2025-06-10 15:00:00+00:00
1749571200,-1.298e-05,2025-06-10 16:00:00+00:00
1749574800,0.0,2025-06-10 17:00:00+00:00
1749600000,0.0,2025-06-11 00:00:00+00:00
1749628800,0.0,2025-06-11 08:00:00+00:00
1749657600,0.0,2025-06-11 16:00:00+00:00
1749686400,0.0,2025-06-12 00:00:00+00:00
1749715200,0.0,2025-06-12 08:00:00+00:00
1749744000,0.0,2025-06-12 16:00:00+00:00
1749762000,-7.24e-06,2025-06-12 21:00:00+00:00
1749765600,-7.037e-05,2025-06-12 22:00:00+00:00
1749769200,-8.626e-05,2025-06-12 23:00:00+00:00
1749772800,-0.00012169,2025-06-13 00:00:00+00:00
1749776400,-0.00011429,2025-06-13 01:00:00+00:00
1749780000,-0.00011779,2025-06-13 02:00:00+00:00
1749783600,-8.411e-05,2025-06-13 03:00:00+00:00
1749787200,-3.611e-05,2025-06-13 04:00:00+00:00
1749790800,0.0,2025-06-13 05:00:00+00:00
1749801600,0.0,2025-06-13 08:00:00+00:00
1749830400,0.0,2025-06-13 16:00:00+00:00
1749859200,0.0,2025-06-14 00:00:00+00:00
1749866400,-5.39e-06,2025-06-14 02:00:00+00:00
1749870000,-5.257e-05,2025-06-14 03:00:00+00:00
1749873600,-9.682e-05,2025-06-14 04:00:00+00:00
1749877200,-0.0001262,2025-06-14 05:00:00+00:00
1749880800,-0.0001215,2025-06-14 06:00:00+00:00
1749884400,-9.688e-05,2025-06-14 07:00:00+00:00
1749888000,-8.326e-05,2025-06-14 08:00:00+00:00
1749891600,-9.88e-05,2025-06-14 09:00:00+00:00
1749895200,-0.00010839,2025-06-14 10:00:00+00:00
1749898800,-0.00011546,2025-06-14 11:00:00+00:00
1749902400,-0.00012703,2025-06-14 12:00:00+00:00
1749906000,-0.00013627,2025-06-14 13:00:00+00:00
1749909600,-0.0001418,2025-06-14 14:00:00+00:00
1749913200,-0.0001502,2025-06-14 15:00:00+00:00
1749916800,-0.00015687,2025-06-14 16:00:00+00:00
1749920400,-0.00015829,2025-06-14 17:00:00+00:00
1749924000,-0.00018227,2025-06-14 18:00:00+00:00
1749927600,-0.00018591,2025-06-14 19:00:00+00:00
1749931200,-0.00017277,2025-06-14 20:00:00+00:00
1749934800,-0.00016059,2025-06-14 21:00:00+00:00
1749938400,-0.00016403,2025-06-14 22:00:00+00:00
1749942000,-0.00015388,2025-06-14 23:00:00+00:00
1749945600,-0.00014539,2025-06-15 00:00:00+00:00
1749949200,-0.00012524,2025-06-15 01:00:00+00:00
1749952800,-8.856e-05,2025-06-15 02:00:00+00:00
1749956400,-6.016e-05,2025-06-15 03:00:00+00:00
1749960000,-1.639e-05,2025-06-15 04:00:00+00:00
1749963600,0.0,2025-06-15 05:00:00+00:00
1749974400,0.0,2025-06-15 08:00:00+00:00
1750003200,0.0,2025-06-15 16:00:00+00:00
1750032000,0.0,2025-06-16 00:00:00+00:00
1750060800,0.0,2025-06-16 08:00:00+00:00
1750089600,0.0,2025-06-16 16:00:00+00:00
1750118400,0.0,2025-06-17 00:00:00+00:00
1750147200,0.0,2025-06-17 08:00:00+00:00
1750176000,0.0,2025-06-17 16:00:00+00:00
1750204800,0.0,2025-06-18 00:00:00+00:00
1750233600,0.0,2025-06-18 08:00:00+00:00
1750255200,-7.45e-05,2025-06-18 14:00:00+00:00
1750258800,-0.00017374,2025-06-18 15:00:00+00:00
1750262400,-0.0002701,2025-06-18 16:00:00+00:00
1750266000,-0.00032416,2025-06-18 17:00:00+00:00
1750269600,-0.00032209,2025-06-18 18:00:00+00:00
1750273200,-0.00030497,2025-06-18 19:00:00+00:00
1750276800,-0.00025893,2025-06-18 20:00:00+00:00
1750280400,-0.00017716,2025-06-18 21:00:00+00:00
1750284000,-0.00011116,2025-06-18 22:00:00+00:00
1750287600,-6.917e-05,2025-06-18 23:00:00+00:00
1750291200,-3.268e-05,2025-06-19 00:00:00+00:00
1750294800,-1.542e-05,2025-06-19 01:00:00+00:00
1750298400,0.0,2025-06-19 02:00:00+00:00
1750320000,0.0,2025-06-19 08:00:00+00:00
1750348800,0.0,2025-06-19 16:00:00+00:00
1750377600,0.0,2025-06-20 00:00:00+00:00
1750406400,0.0,2025-06-20 08:00:00+00:00
1750410000,-7.085e-05,2025-06-20 09:00:00+00:00
1750413600,-3.836e-05,2025-06-20 10:00:00+00:00
1750417200,0.0,2025-06-20 11:00:00+00:00
1750435200,0.0,2025-06-20 16:00:00+00:00
1750464000,0.0,2025-06-21 00:00:00+00:00
1750492800,0.0,2025-06-21 08:00:00+00:00
1750514400,-1.585e-05,2025-06-21 14:00:00+00:00
1750518000,-0.00014758,2025-06-21 15:00:00+00:00
1750521600,-0.00027014,2025-06-21 16:00:00+00:00
1750525200,-0.00035727,2025-06-21 17:00:00+00:00
1750528800,-0.00040947,2025-06-21 18:00:00+00:00
1750532400,-0.00038618,2025-06-21 19:00:00+00:00
1750536000,-0.00034319,2025-06-21 20:00:00+00:00
1750539600,-0.00031491,2025-06-21 21:00:00+00:00
1750543200,-0.00023053,2025-06-21 22:00:00+00:00
1750546800,-0.00012744,2025-06-21 23:00:00+00:00
1750550400,-5.048e-05,2025-06-22 00:00:00+00:00
1750554000,0.0,2025-06-22 01:00:00+00:00
1750579200,0.0,2025-06-22 08:00:00+00:00
1750608000,0.0,2025-06-22 16:00:00+00:00
1750636800,0.0,2025-06-23 00:00:00+00:00
1750665600,0.0,2025-06-23 08:00:00+00:00
1750694400,-7.84e-06,2025-06-23 16:00:00+00:00
1750698000,-5.631e-05,2025-06-23 17:00:00+00:00
1750701600,-1.08e-05,2025-06-23 18:00:00+00:00
1750705200,0.0,2025-06-23 19:00:00+00:00
1750719600,-6.2e-06,2025-06-23 23:00:00+00:00
1750723200,-3.79e-05,2025-06-24 00:00:00+00:00
1750726800,-9.708e-05,2025-06-24 01:00:00+00:00
1750730400,-0.00017205,2025-06-24 02:00:00+00:00
1750734000,-0.00023116,2025-06-24 03:00:00+00:00
1750737600,-0.00026161,2025-06-24 04:00:00+00:00
1750741200,-0.00023881,2025-06-24 05:00:00+00:00
1750744800,-0.00019102,2025-06-24 06:00:00+00:00
1750748400,-0.000165,2025-06-24 07:00:00+00:00
1750752000,-0.00015437,2025-06-24 08:00:00+00:00
1750755600,-0.0001553,2025-06-24 09:00:00+00:00
1750759200,-0.00011658,2025-06-24 10:00:00+00:00
1750762800,-9.509e-05,2025-06-24 11:00:00+00:00
1750766400,-8.254e-05,2025-06-24 12:00:00+00:00
1750770000,-6.673e-05,2025-06-24 13:00:00+00:00
1750773600,-8.561e-05,2025-06-24 14:00:00+00:00
1750777200,-0.00012043,2025-06-24 15:00:00+00:00
1750780800,-9.952e-05,2025-06-24 16:00:00+00:00
1750784400,-6.488e-05,2025-06-24 17:00:00+00:00
1750788000,-3.887e-05,2025-06-24 18:00:00+00:00
1750791600,-9.49e-06,2025-06-24 19:00:00+00:00
1750795200,0.0,2025-06-24 20:00:00+00:00
1750809600,0.0,2025-06-25 00:00:00+00:00
1750838400,0.0,2025-06-25 08:00:00+00:00
1750852800,-8.021e-05,2025-06-25 12:00:00+00:00
1750856400,-3.916e-05,2025-06-25 13:00:00+00:00
1750860000,0.0,2025-06-25 14:00:00+00:00
1750867200,0.0,2025-06-25 16:00:00+00:00
1750896000,0.0,2025-06-26 00:00:00+00:00
1750924800,0.0,2025-06-26 08:00:00+00:00
1750953600,0.0,2025-06-26 16:00:00+00:00
1750982400,0.0,2025-06-27 00:00:00+00:00
1751011200,0.0,2025-06-27 08:00:00+00:00
1751040000,0.0,2025-06-27 16:00:00+00:00
1751068800,0.0,2025-06-28 00:00:00+00:00
1751097600,0.0,2025-06-28 08:00:00+00:00
1751126400,0.0,2025-06-28 16:00:00+00:00
1751140800,-1.022e-05,2025-06-28 20:00:00+00:00
1751144400,0.0,2025-06-28 21:00:00+00:00
1751155200,0.0,2025-06-29 00:00:00+00:00
1751184000,0.0,2025-06-29 08:00:00+00:00
1751212800,0.0,2025-06-29 16:00:00+00:00
1751230800,-6e-08,2025-06-29 21:00:00+00:00
1751234400,0.0,2025-06-29 22:00:00+00:00
1751241600,0.0,2025-06-30 00:00:00+00:00
1751270400,0.0,2025-06-30 08:00:00+00:00
1751299200,0.0,2025-06-30 16:00:00+00:00
1751328000,0.0,2025-07-01 00:00:00+00:00
1751356800,0.0,2025-07-01 08:00:00+00:00
1751385600,0.0,2025-07-01 16:00:00+00:00
1751414400,0.0,2025-07-02 00:00:00+00:00
1751443200,0.0,2025-07-02 08:00:00+00:00
1751472000,0.0,2025-07-02 16:00:00+00:00
1751500800,0.0,2025-07-03 00:00:00+00:00
1751529600,0.0,2025-07-03 08:00:00+00:00
1751558400,0.0,2025-07-03 16:00:00+00:00
1751587200,0.0,2025-07-04 00:00:00+00:00
1751616000,0.0,2025-07-04 08:00:00+00:00
1751644800,0.0,2025-07-04 16:00:00+00:00
1751673600,0.0,2025-07-05 00:00:00+00:00
1751702400,0.0,2025-07-05 08:00:00+00:00
1751731200,0.0,2025-07-05 16:00:00+00:00
1751760000,0.0,2025-07-06 00:00:00+00:00
1751788800,0.0,2025-07-06 08:00:00+00:00
1751817600,0.0,2025-07-06 16:00:00+00:00
1751846400,0.0,2025-07-07 00:00:00+00:00
1751875200,0.0,2025-07-07 08:00:00+00:00
1751904000,0.0,2025-07-07 16:00:00+00:00
1751932800,0.0,2025-07-08 00:00:00+00:00
1751961600,0.0,2025-07-08 08:00:00+00:00
1751990400,0.0,2025-07-08 16:00:00+00:00
1752019200,0.0,2025-07-09 00:00:00+00:00
1752048000,0.0,2025-07-09 08:00:00+00:00
1752076800,0.0,2025-07-09 16:00:00+00:00
1752105600,0.0,2025-07-10 00:00:00+00:00
1752134400,0.0,2025-07-10 08:00:00+00:00
1752163200,0.0,2025-07-10 16:00:00+00:00
1752192000,0.0,2025-07-11 00:00:00+00:00
1752195600,2.073e-05,2025-07-11 01:00:00+00:00
1752199200,4.498e-05,2025-07-11 02:00:00+00:00
1752202800,3.342e-05,2025-07-11 03:00:00+00:00
1752206400,4.49e-06,2025-07-11 04:00:00+00:00
1752210000,0.0,2025-07-11 05:00:00+00:00
1752220800,0.0,2025-07-11 08:00:00+00:00
1752249600,0.0,2025-07-11 16:00:00+00:00
1752253200,1.595e-05,2025-07-11 17:00:00+00:00
1752256800,1.527e-05,2025-07-11 18:00:00+00:00
1752260400,7.8e-07,2025-07-11 19:00:00+00:00
1752264000,0.0,2025-07-11 20:00:00+00:00
1752278400,0.0,2025-07-12 00:00:00+00:00
1752285600,1.141e-05,2025-07-12 02:00:00+00:00
1752289200,1.872e-05,2025-07-12 03:00:00+00:00
1752292800,1.044e-05,2025-07-12 04:00:00+00:00
1752296400,6.62e-06,2025-07-12 05:00:00+00:00
1752300000,9.27e-06,2025-07-12 06:00:00+00:00
1752303600,2.057e-05,2025-07-12 07:00:00+00:00
1752307200,5.737e-05,2025-07-12 08:00:00+00:00
1752310800,8.847e-05,2025-07-12 09:00:00+00:00
1752314400,6.481e-05,2025-07-12 10:00:00+00:00
1752318000,3.425e-05,2025-07-12 11:00:00+00:00
1752321600,8.88e-06,2025-07-12 12:00:00+00:00
1752325200,7.31e-06,2025-07-12 13:00:00+00:00
1752328800,0.0,2025-07-12 14:00:00+00:00
1752336000,0.0,2025-07-12 16:00:00+00:00
1752364800,0.0,2025-07-13 00:00:00+00:00
1752393600,0.0,2025-07-13 08:00:00+00:00
1752422400,0.0,2025-07-13 16:00:00+00:00
1752451200,0.0,2025-07-14 00:00:00+00:00
1752465600,1.437e-05,2025-07-14 04:00:00+00:00
1752469200,4.381e-05,2025-07-14 05:00:00+00:00
1752472800,6.824e-05,2025-07-14 06:00:00+00:00
1752476400,9.445e-05,2025-07-14 07:00:00+00:00
1752480000,0.00011294,2025-07-14 08:00:00+00:00
1752483600,0.0001074,2025-07-14 09:00:00+00:00
1752487200,9.404e-05,2025-07-14 10:00:00+00:00
1752490800,7.406e-05,2025-07-14 11:00:00+00:00
1752494400,5.785e-05,2025-07-14 12:00:00+00:00
1752498000,3.333e-05,2025-07-14 13:00:00+00:00
1752501600,2.98e-06,2025-07-14 14:00:00+00:00
1752505200,0.0,2025-07-14 15:00:00+00:00
1752508800,0.0,2025-07-14 16:00:00+00:00
1752537600,0.0,2025-07-15 00:00:00+00:00
1752566400,0.0,2025-07-15 08:00:00+00:00
1752595200,0.0,2025-07-15 16:00:00+00:00
1752624000,0.0,2025-07-16 00:00:00+00:00
1752634800,1.553e-05,2025-07-16 03:00:00+00:00
1752638400,1.55e-06,2025-07-16 04:00:00+00:00
1752642000,0.0,2025-07-16 05:00:00+00:00
1752652800,0.0,2025-07-16 08:00:00+00:00
1752681600,2.738e-05,2025-07-16 16:00:00+00:00
1752685200,6.662e-05,2025-07-16 17:00:00+00:00
1752688800,8.337e-05,2025-07-16 18:00:00+00:00
1752692400,4.044e-05,2025-07-16 19:00:00+00:00
1752696000,0.0,2025-07-16 20:00:00+00:00
1752710400,1.65e-06,2025-07-17 00:00:00+00:00
1752714000,0.0,2025-07-17 01:00:00+00:00
1752717600,2.63e-06,2025-07-17 02:00:00+00:00
1752721200,0.0,2025-07-17 03:00:00+00:00
1752739200,0.0,2025-07-17 08:00:00+00:00
1752760800,2.497e-05,2025-07-17 14:00:00+00:00
1752764400,4.719e-05,2025-07-17 15:00:00+00:00
1752768000,0.0,2025-07-17 16:00:00+00:00
1752789600,1.387e-05,2025-07-17 22:00:00+00:00
1752793200,5.505e-05,2025-07-17 23:00:00+00:00
1752796800,8.138e-05,2025-07-18 00:00:00+00:00
1752800400,0.00014336,2025-07-18 01:00:00+00:00
1752804000,0.00021677,2025-07-18 02:00:00+00:00
1752807600,0.00025679,2025-07-18 03:00:00+00:00
1752811200,0.00025585,2025-07-18 04:00:00+00:00
1752814800,0.00022763,2025-07-18 05:00:00+00:00
1752818400,0.00017479,2025-07-18 06:00:00+00:00
1752822000,0.00013265,2025-07-18 07:00:00+00:00
1752825600,0.00016116,2025-07-18 08:00:00+00:00
1752829200,0.00019671,2025-07-18 09:00:00+00:00
1752832800,0.00017598,2025-07-18 10:00:00+00:00
1752836400,0.00013118,2025-07-18 11:00:00+00:00
1752840000,0.0001208,2025-07-18 12:00:00+00:00
1752843600,0.00015828,2025-07-18 13:00:00+00:00
1752847200,0.00013187,2025-07-18 14:00:00+00:00
1752850800,4.356e-05,2025-07-18 15:00:00+00:00
1752854400,3.19e-06,2025-07-18 16:00:00+00:00
1752858000,1.044e-05,2025-07-18 17:00:00+00:00
1752861600,1.017e-05,2025-07-18 18:00:00+00:00
1752865200,0.0,2025-07-18 19:00:00+00:00
1752883200,0.0,2025-07-19 00:00:00+00:00
1752912000,0.0,2025-07-19 08:00:00+00:00
1752940800,0.0,2025-07-19 16:00:00+00:00
1752969600,0.0,2025-07-20 00:00:00+00:00
1752987600,1.277e-05,2025-07-20 05:00:00+00:00
1752991200,1.306e-05,2025-07-20 06:00:00+00:00
1752994800,1.236e-05,2025-07-20 07:00:00+00:00
1752998400,8.56e-06,2025-07-20 08:00:00+00:00
1753002000,2.5e-07,2025-07-20 09:00:00+00:00
1753005600,0.0,2025-07-20 10:00:00+00:00
1753009200,1.816e-05,2025-07-20 11:00:00+00:00
1753012800,2.206e-05,2025-07-20 12:00:00+00:00
1753016400,1.223e-05,2025-07-20 13:00:00+00:00
1753020000,0.0,2025-07-20 14:00:00+00:00
1753027200,2.36e-06,2025-07-20 16:00:00+00:00
1753030800,4.54e-06,2025-07-20 17:00:00+00:00
1753034400,0.0,2025-07-20 18:00:00+00:00
1753048800,1.053e-05,2025-07-20 22:00:00+00:00
1753052400,3.139e-05,2025-07-20 23:00:00+00:00
1753056000,3.599e-05,2025-07-21 00:00:00+00:00
1753059600,2.139e-05,2025-07-21 01:00:00+00:00
1753063200,3.472e-05,2025-07-21 02:00:00+00:00
1753066800,5.843e-05,2025-07-21 03:00:00+00:00
1753070400,5.681e-05,2025-07-21 04:00:00+00:00
1753074000,3.215e-05,2025-07-21 05:00:00+00:00
1753077600,2.864e-05,2025-07-21 06:00:00+00:00
1753081200,1.157e-05,2025-07-21 07:00:00+00:00
1753084800,0.0,2025-07-21 08:00:00+00:00
1753092000,5.394e-05,2025-07-21 10:00:00+00:00
1753095600,0.00016562,2025-07-21 11:00:00+00:00
1753099200,0.00019543,2025-07-21 12:00:00+00:00
1753102800,0.00016619,2025-07-21 13:00:00+00:00
1753106400,0.00015858,2025-07-21 14:00:00+00:00
1753110000,0.00012206,2025-07-21 15:00:00+00:00
1753113600,3.748e-05,2025-07-21 16:00:00+00:00
1753117200,0.0,2025-07-21 17:00:00+00:00
1753142400,0.0,2025-07-22 00:00:00+00:00
1753171200,0.0,2025-07-22 08:00:00+00:00
1753189200,1.976e-05,2025-07-22 13:00:00+00:00
1753192800,4.812e-05,2025-07-22 14:00:00+00:00
1753196400,0.00010551,2025-07-22 15:00:00+00:00
1753200000,0.00019704,2025-07-22 16:00:00+00:00
1753203600,0.00025835,2025-07-22 17:00:00+00:00
1753207200,0.00032334,2025-07-22 18:00:00+00:00
1753210800,0.0003576,2025-07-22 19:00:00+00:00
1753214400,0.00035198,2025-07-22 20:00:00+00:00
1753218000,0.00027195,2025-07-22 21:00:00+00:00
1753221600,0.00021447,2025-07-22 22:00:00+00:00
1753225200,0.00024297,2025-07-22 23:00:00+00:00
1753228800,0.00039626,2025-07-23 00:00:00+00:00
1753232400,0.00051154,2025-07-23 01:00:00+00:00
1753236000,0.00054631,2025-07-23 02:00:00+00:00
1753239600,0.00056451,2025-07-23 03:00:00+00:00
1753243200,0.00053444,2025-07-23 04:00:00+00:00
1753246800,0.00046804,2025-07-23 05:00:00+00:00
1753250400,0.00035804,2025-07-23 06:00:00+00:00
1753254000,0.00024276,2025-07-23 07:00:00+00:00
1753257600,0.00016237,2025-07-23 08:00:00+00:00
1753261200,7.854e-05,2025-07-23 09:00:00+00:00
1753264800,2.032e-05,2025-07-23 10:00:00+00:00
1753268400,4.536e-05,2025-07-23 11:00:00+00:00
1753272000,6.475e-05,2025-07-23 12:00:00+00:00
1753275600,4.395e-05,2025-07-23 13:00:00+00:00
1753279200,2.822e-05,2025-07-23 14:00:00+00:00
1753282800,3.203e-05,2025-07-23 15:00:00+00:00
1753286400,1.06e-06,2025-07-23 16:00:00+00:00
1753290000,0.0,2025-07-23 17:00:00+00:00
1753315200,0.0,2025-07-24 00:00:00+00:00
1753344000,0.0,2025-07-24 08:00:00+00:00
1753369200,3.758e-05,2025-07-24 15:00:00+00:00
1753372800,6.873e-05,2025-07-24 16:00:00+00:00
1753376400,8.841e-05,2025-07-24 17:00:00+00:00
1753380000,7.913e-05,2025-07-24 18:00:00+00:00
1753383600,5.035e-05,2025-07-24 19:00:00+00:00
1753387200,4.218e-05,2025-07-24 20:00:00+00:00
1753390800,1.38e-05,2025-07-24 21:00:00+00:00
1753394400,0.0,2025-07-24 22:00:00+00:00
1753401600,0.0,2025-07-25 00:00:00+00:00
1753430400,0.0,2025-07-25 08:00:00+00:00
1753448400,5.81e-06,2025-07-25 13:00:00+00:00
1753452000,9.76e-06,2025-07-25 14:00:00+00:00
1753455600,1.794e-05,2025-07-25 15:00:00+00:00
1753459200,5.257e-05,2025-07-25 16:00:00+00:00
1753462800,0.00010055,2025-07-25 17:00:00+00:00
1753466400,0.00011756,2025-07-25 18:00:00+00:00
1753470000,0.0001151,2025-07-25 19:00:00+00:00
1753473600,0.00011145,2025-07-25 20:00:00+00:00
1753477200,0.00011175,2025-07-25 21:00:00+00:00
1753480800,0.00012532,2025-07-25 22:00:00+00:00
1753484400,0.00013733,2025-07-25 23:00:00+00:00
1753488000,0.0001377,2025-07-26 00:00:00+00:00
1753491600,0.00011866,2025-07-26 01:00:00+00:00
1753495200,0.00011324,2025-07-26 02:00:00+00:00
1753498800,9.795e-05,2025-07-26 03:00:00+00:00
1753502400,6.39e-05,2025-07-26 04:00:00+00:00
1753506000,3.334e-05,2025-07-26 05:00:00+00:00
1753509600,1.97e-05,2025-07-26 06:00:00+00:00
1753513200,6.29e-06,2025-07-26 07:00:00+00:00
1753516800,2.1e-06,2025-07-26 08:00:00+00:00
1753520400,0.0,2025-07-26 09:00:00+00:00
1753524000,0.0,2025-07-26 10:00:00+00:00
1753531200,1.216e-05,2025-07-26 12:00:00+00:00
1753534800,1.238e-05,2025-07-26 13:00:00+00:00
1753538400,8.52e-06,2025-07-26 14:00:00+00:00
1753542000,1.57e-06,2025-07-26 15:00:00+00:00
1753545600,1.56e-06,2025-07-26 16:00:00+00:00
1753549200,6.39e-06,2025-07-26 17:00:00+00:00
1753552800,2.816e-05,2025-07-26 18:00:00+00:00
1753556400,5.351e-05,2025-07-26 19:00:00+00:00
1753560000,8.654e-05,2025-07-26 20:00:00+00:00
1753563600,0.00013135,2025-07-26 21:00:00+00:00
1753567200,0.00015692,2025-07-26 22:00:00+00:00
1753570800,0.00012703,2025-07-26 23:00:00+00:00
1753574400,7.678e-05,2025-07-27 00:00:00+00:00
1753578000,4.088e-05,2025-07-27 01:00:00+00:00
1753581600,2.254e-05,2025-07-27 02:00:00+00:00
1753585200,1.007e-05,2025-07-27 03:00:00+00:00
1753588800,1.1e-06,2025-07-27 04:00:00+00:00
1753592400,0.0,2025-07-27 05:00:00+00:00
1753603200,1.97e-05,2025-07-27 08:00:00+00:00
1753606800,4.514e-05,2025-07-27 09:00:00+00:00
1753610400,5.68e-05,2025-07-27 10:00:00+00:00
1753614000,4.066e-05,2025-07-27 11:00:00+00:00
1753617600,4.12e-05,2025-07-27 12:00:00+00:00
1753621200,3.906e-05,2025-07-27 13:00:00+00:00
1753624800,6.691e-05,2025-07-27 14:00:00+00:00
1753628400,9.469e-05,2025-07-27 15:00:00+00:00
1753632000,0.00012777,2025-07-27 16:00:00+00:00
1753635600,0.00014746,2025-07-27 17:00:00+00:00
1753639200,0.00013164,2025-07-27 18:00:00+00:00
1753642800,0.00013675,2025-07-27 19:00:00+00:00
1753646400,0.00012182,2025-07-27 20:00:00+00:00
1753650000,0.00013434,2025-07-27 21:00:00+00:00
1753653600,0.00014161,2025-07-27 22:00:00+00:00
1753657200,0.00013302,2025-07-27 23:00:00+00:00
1753660800,0.00012892,2025-07-28 00:00:00+00:00
1753664400,0.00013198,2025-07-28 01:00:00+00:00
1753668000,0.0001277,2025-07-28 02:00:00+00:00
1753671600,0.00010745,2025-07-28 03:00:00+00:00
1753675200,8.833e-05,2025-07-28 04:00:00+00:00
1753678800,8.952e-05,2025-07-28 05:00:00+00:00
1753682400,0.00011195,2025-07-28 06:00:00+00:00
1753686000,0.00010719,2025-07-28 07:00:00+00:00
1753689600,7.471e-05,2025-07-28 08:00:00+00:00
1753693200,5.475e-05,2025-07-28 09:00:00+00:00
1753696800,8.61e-05,2025-07-28 10:00:00+00:00
1753700400,0.00011279,2025-07-28 11:00:00+00:00
1753704000,9.728e-05,2025-07-28 12:00:00+00:00
1753707600,0.00010405,2025-07-28 13:00:00+00:00
1753711200,0.00011694,2025-07-28 14:00:00+00:00
1753714800,0.00011022,2025-07-28 15:00:00+00:00
1753718400,8.927e-05,2025-07-28 16:00:00+00:00
1753722000,7.701e-05,2025-07-28 17:00:00+00:00
1753725600,0.00010723,2025-07-28 18:00:00+00:00
1753729200,0.00010325,2025-07-28 19:00:00+00:00
1753732800,9.272e-05,2025-07-28 20:00:00+00:00
1753736400,8.669e-05,2025-07-28 21:00:00+00:00
1753740000,6.544e-05,2025-07-28 22:00:00+00:00
1753743600,5.822e-05,2025-07-28 23:00:00+00:00
1753747200,5.117e-05,2025-07-29 00:00:00+00:00
1753750800,3.584e-05,2025-07-29 01:00:00+00:00
1753754400,2.002e-05,2025-07-29 02:00:00+00:00
1753758000,1.806e-05,2025-07-29 03:00:00+00:00
1753761600,2.85e-06,2025-07-29 04:00:00+00:00
1753765200,2.05e-06,2025-07-29 05:00:00+00:00
1753768800,0.0,2025-07-29 06:00:00+00:00
1753772400,6.93e-06,2025-07-29 07:00:00+00:00
1753776000,3.27e-06,2025-07-29 08:00:00+00:00
1753779600,2.768e-05,2025-07-29 09:00:00+00:00
1753783200,2.782e-05,2025-07-29 10:00:00+00:00
1753786800,7.285e-05,2025-07-29 11:00:00+00:00
1753790400,8.023e-05,2025-07-29 12:00:00+00:00
1753794000,7.766e-05,2025-07-29 13:00:00+00:00
1753797600,7.318e-05,2025-07-29 14:00:00+00:00
1753801200,7.183e-05,2025-07-29 15:00:00+00:00
1753804800,4.915e-05,2025-07-29 16:00:00+00:00
1753808400,3.236e-05,2025-07-29 17:00:00+00:00
1753812000,3.459e-05,2025-07-29 18:00:00+00:00
1753815600,3.565e-05,2025-07-29 19:00:00+00:00
1753819200,5.129e-05,2025-07-29 20:00:00+00:00
1753822800,7.212e-05,2025-07-29 21:00:00+00:00
1753826400,9.031e-05,2025-07-29 22:00:00+00:00
1753830000,0.00010428,2025-07-29 23:00:00+00:00
1753833600,0.00010536,2025-07-30 00:00:00+00:00
1753837200,0.00010397,2025-07-30 01:00:00+00:00
1753840800,9.102e-05,2025-07-30 02:00:00+00:00
1753844400,7.123e-05,2025-07-30 03:00:00+00:00
1753848000,3.743e-05,2025-07-30 04:00:00+00:00
1753851600,3.366e-05,2025-07-30 05:00:00+00:00
1753855200,3.989e-05,2025-07-30 06:00:00+00:00
1753858800,3.355e-05,2025-07-30 07:00:00+00:00
1753862400,2.787e-05,2025-07-30 08:00:00+00:00
1753866000,3.415e-05,2025-07-30 09:00:00+00:00
1753869600,4.624e-05,2025-07-30 10:00:00+00:00
1753873200,3.983e-05,2025-07-30 11:00:00+00:00
1753876800,4.312e-05,2025-07-30 12:00:00+00:00
1753880400,5.655e-05,2025-07-30 13:00:00+00:00
1753884000,5.161e-05,2025-07-30 14:00:00+00:00
1753887600,3.062e-05,2025-07-30 15:00:00+00:00
1753891200,1.876e-05,2025-07-30 16:00:00+00:00
1753894800,1.506e-05,2025-07-30 17:00:00+00:00
1753898400,0.0,2025-07-30 18:00:00+00:00
1753905600,1.103e-05,2025-07-30 20:00:00+00:00
1753909200,4.764e-05,2025-07-30 21:00:00+00:00
1753912800,5.277e-05,2025-07-30 22:00:00+00:00
1753916400,7.918e-05,2025-07-30 23:00:00+00:00
1753920000,9.047e-05,2025-07-31 00:00:00+00:00
1753923600,7.407e-05,2025-07-31 01:00:00+00:00
1753927200,4.299e-05,2025-07-31 02:00:00+00:00
1753930800,1.287e-05,2025-07-31 03:00:00+00:00
1753934400,0.0,2025-07-31 04:00:00+00:00
1753948800,0.0,2025-07-31 08:00:00+00:00
1753977600,0.0,2025-07-31 16:00:00+00:00
1754006400,0.0,2025-08-01 00:00:00+00:00
1754017200,5.52e-06,2025-08-01 03:00:00+00:00
1754020800,4.44e-05,2025-08-01 04:00:00+00:00
1754024400,5.758e-05,2025-08-01 05:00:00+00:00
1754028000,6.27e-05,2025-08-01 06:00:00+00:00
1754031600,2.694e-05,2025-08-01 07:00:00+00:00
1754035200,1.982e-05,2025-08-01 08:00:00+00:00
1754038800,8.04e-06,2025-08-01 09:00:00+00:00
1754042400,1.661e-05,2025-08-01 10:00:00+00:00
1754046000,2.666e-05,2025-08-01 11:00:00+00:00
1754049600,0.0,2025-08-01 12:00:00+00:00
1754056800,5.56e-06,2025-08-01 14:00:00+00:00
1754060400,3.03e-05,2025-08-01 15:00:00+00:00
1754064000,2.309e-05,2025-08-01 16:00:00+00:00
1754067600,1.608e-05,2025-08-01 17:00:00+00:00
1754071200,2.442e-05,2025-08-01 18:00:00+00:00
1754074800,5.387e-05,2025-08-01 19:00:00+00:00
1754078400,3.69e-05,2025-08-01 20:00:00+00:00
1754082000,4.025e-05,2025-08-01 21:00:00+00:00
1754085600,0.0,2025-08-01 22:00:00+00:00
1754089200,9.39e-06,2025-08-01 23:00:00+00:00
1754092800,2.639e-05,2025-08-02 00:00:00+00:00
1754096400,3.061e-05,2025-08-02 01:00:00+00:00
1754100000,2.752e-05,2025-08-02 02:00:00+00:00
1754103600,1.83e-05,2025-08-02 03:00:00+00:00
1754107200,0.0,2025-08-02 04:00:00+00:00
1754121600,0.0,2025-08-02 08:00:00+00:00
1754136000,8.4e-07,2025-08-02 12:00:00+00:00
1754139600,5.87e-06,2025-08-02 13:00:00+00:00
1754143200,0.0,2025-08-02 14:00:00+00:00
1754150400,0.0,2025-08-02 16:00:00+00:00
1754172000,1.136e-05,2025-08-02 22:00:00+00:00
1754175600,3.6e-05,2025-08-02 23:00:00+00:00
1754179200,6.261e-05,2025-08-03 00:00:00+00:00
1754182800,6.389e-05,2025-08-03 01:00:00+00:00
1754186400,3.423e-05,2025-08-03 02:00:00+00:00
1754190000,0.0,2025-08-03 03:00:00+00:00
1754208000,0.0,2025-08-03 08:00:00+00:00
1754236800,0.0,2025-08-03 16:00:00+00:00
1754265600,0.0,2025-08-04 00:00:00+00:00
1754294400,0.0,2025-08-04 08:00:00+00:00
1754323200,0.0,2025-08-04 16:00:00+00:00
1754352000,0.0,2025-08-05 00:00:00+00:00
1754380800,0.0,2025-08-05 08:00:00+00:00
1754409600,0.0,2025-08-05 16:00:00+00:00
1754420400,2.262e-05,2025-08-05 19:00:00+00:00
1754424000,3.769e-05,2025-08-05 20:00:00+00:00
1754427600,1.644e-05,2025-08-05 21:00:00+00:00
1754431200,0.0,2025-08-05 22:00:00+00:00
1754434800,0.0,2025-08-05 23:00:00+00:00
1754438400,0.0,2025-08-06 00:00:00+00:00
1754467200,0.0,2025-08-06 08:00:00+00:00
1754481600,8.96e-06,2025-08-06 12:00:00+00:00
1754485200,2.037e-05,2025-08-06 13:00:00+00:00
1754488800,3.05e-05,2025-08-06 14:00:00+00:00
1754492400,3.202e-05,2025-08-06 15:00:00+00:00
1754496000,4.141e-05,2025-08-06 16:00:00+00:00
1754499600,5.796e-05,2025-08-06 17:00:00+00:00
1754503200,5.711e-05,2025-08-06 18:00:00+00:00
1754506800,3.358e-05,2025-08-06 19:00:00+00:00
1754510400,2.684e-05,2025-08-06 20:00:00+00:00
1754514000,2.858e-05,2025-08-06 21:00:00+00:00
1754517600,4.192e-05,2025-08-06 22:00:00+00:00
1754521200,4.245e-05,2025-08-06 23:00:00+00:00
1754524800,4.34e-05,2025-08-07 00:00:00+00:00
1754528400,3.629e-05,2025-08-07 01:00:00+00:00
1754532000,1.569e-05,2025-08-07 02:00:00+00:00
1754535600,0.0,2025-08-07 03:00:00+00:00
1754553600,0.0,2025-08-07 08:00:00+00:00
1754582400,0.0,2025-08-07 16:00:00+00:00
1754611200,0.0,2025-08-08 00:00:00+00:00
1754640000,0.0,2025-08-08 08:00:00+00:00
1754650800,1.961e-05,2025-08-08 11:00:00+00:00
1754654400,1.233e-05,2025-08-08 12:00:00+00:00
1754658000,2.064e-05,2025-08-08 13:00:00+00:00
1754661600,1.011e-05,2025-08-08 14:00:00+00:00
1754665200,0.0,2025-08-08 15:00:00+00:00
1754668800,0.0,2025-08-08 16:00:00+00:00
1754679600,3.85e-06,2025-08-08 19:00:00+00:00
1754683200,0.0,2025-08-08 20:00:00+00:00
1754697600,0.0,2025-08-09 00:00:00+00:00
1754726400,0.0,2025-08-09 08:00:00+00:00
1754730000,3.876e-05,2025-08-09 09:00:00+00:00
1754733600,6.903e-05,2025-08-09 10:00:00+00:00
1754737200,7.435e-05,2025-08-09 11:00:00+00:00
1754740800,7.154e-05,2025-08-09 12:00:00+00:00
1754744400,6.109e-05,2025-08-09 13:00:00+00:00
1754748000,7.23e-05,2025-08-09 14:00:00+00:00
1754751600,5.583e-05,2025-08-09 15:00:00+00:00
1754755200,4.42e-05,2025-08-09 16:00:00+00:00
1754758800,3.952e-05,2025-08-09 17:00:00+00:00
1754762400,1.584e-05,2025-08-09 18:00:00+00:00
1754766000,0.0,2025-08-09 19:00:00+00:00
1754784000,0.0,2025-08-10 00:00:00+00:00
1754794800,2.172e-05,2025-08-10 03:00:00+00:00
1754798400,5.475e-05,2025-08-10 04:00:00+00:00
1754802000,6.674e-05,2025-08-10 05:00:00+00:00
1754805600,4.794e-05,2025-08-10 06:00:00+00:00
1754809200,3.278e-05,2025-08-10 07:00:00+00:00
1754812800,5.473e-05,2025-08-10 08:00:00+00:00
1754816400,6.805e-05,2025-08-10 09:00:00+00:00
1754820000,7.021e-05,2025-08-10 10:00:00+00:00
1754823600,8.024e-05,2025-08-10 11:00:00+00:00
1754827200,8.411e-05,2025-08-10 12:00:00+00:00
1754830800,5.905e-05,2025-08-10 13:00:00+00:00
1754834400,2.459e-05,2025-08-10 14:00:00+00:00
1754838000,0.0,2025-08-10 15:00:00+00:00
1754841600,0.0,2025-08-10 16:00:00+00:00
1754870400,0.0,2025-08-11 00:00:00+00:00
1754877600,3.464e-05,2025-08-11 02:00:00+00:00
1754881200,7.605e-05,2025-08-11 03:00:00+00:00
1754884800,0.00010863,2025-08-11 04:00:00+00:00
1754888400,0.00014177,2025-08-11 05:00:00+00:00
1754892000,0.00014732,2025-08-11 06:00:00+00:00
1754895600,0.00014374,2025-08-11 07:00:00+00:00
1754899200,0.00010525,2025-08-11 08:00:00+00:00
1754902800,5.244e-05,2025-08-11 09:00:00+00:00
1754906400,1.366e-05,2025-08-11 10:00:00+00:00
1754910000,0.0,2025-08-11 11:00:00+00:00
1754928000,0.0,2025-08-11 16:00:00+00:00
1754956800,0.0,2025-08-12 00:00:00+00:00
1754985600,0.0,2025-08-12 08:00:00+00:00
1755014400,0.0,2025-08-12 16:00:00+00:00
1755025200,3.451e-05,2025-08-12 19:00:00+00:00
1755028800,9.995e-05,2025-08-12 20:00:00+00:00
1755032400,0.00014138,2025-08-12 21:00:00+00:00
1755036000,0.00016291,2025-08-12 22:00:00+00:00
1755039600,0.00014488,2025-08-12 23:00:00+00:00
1755043200,0.00012883,2025-08-13 00:00:00+00:00
1755046800,8.822e-05,2025-08-13 01:00:00+00:00
1755050400,7.497e-05,2025-08-13 02:00:00+00:00
1755054000,6.562e-05,2025-08-13 03:00:00+00:00
1755057600,4.328e-05,2025-08-13 04:00:00+00:00
1755061200,2.24e-05,2025-08-13 05:00:00+00:00
1755064800,4.787e-05,2025-08-13 06:00:00+00:00
1755068400,7.427e-05,2025-08-13 07:00:00+00:00
1755072000,0.00010478,2025-08-13 08:00:00+00:00
1755075600,0.00013163,2025-08-13 09:00:00+00:00
1755079200,0.0001636,2025-08-13 10:00:00+00:00
1755082800,0.00019347,2025-08-13 11:00:00+00:00
1755086400,0.00020955,2025-08-13 12:00:00+00:00
1755090000,0.00021637,2025-08-13 13:00:00+00:00
1755093600,0.00021196,2025-08-13 14:00:00+00:00
1755097200,0.00022725,2025-08-13 15:00:00+00:00
1755100800,0.00024351,2025-08-13 16:00:00+00:00
1755104400,0.00023975,2025-08-13 17:00:00+00:00
1755108000,0.00021035,2025-08-13 18:00:00+00:00
1755111600,0.00016538,2025-08-13 19:00:00+00:00
1755115200,0.00012414,2025-08-13 20:00:00+00:00
1755118800,7.77e-05,2025-08-13 21:00:00+00:00
1755122400,4.933e-05,2025-08-13 22:00:00+00:00
1755126000,2.459e-05,2025-08-13 23:00:00+00:00
1755129600,9.88e-06,2025-08-14 00:00:00+00:00
1755133200,3.61e-05,2025-08-14 01:00:00+00:00
1755136800,6.267e-05,2025-08-14 02:00:00+00:00
1755140400,0.00010455,2025-08-14 03:00:00+00:00
1755144000,0.00012468,2025-08-14 04:00:00+00:00
1755147600,0.00014671,2025-08-14 05:00:00+00:00
1755151200,0.00021735,2025-08-14 06:00:00+00:00
1755154800,0.00019652,2025-08-14 07:00:00+00:00
1755158400,0.00014709,2025-08-14 08:00:00+00:00
1755162000,0.00014097,2025-08-14 09:00:00+00:00
1755165600,0.00013723,2025-08-14 10:00:00+00:00
1755169200,0.00011385,2025-08-14 11:00:00+00:00
1755172800,4.836e-05,2025-08-14 12:00:00+00:00
1755176400,6.854e-05,2025-08-14 13:00:00+00:00
1755180000,7.852e-05,2025-08-14 14:00:00+00:00
1755183600,8.701e-05,2025-08-14 15:00:00+00:00
1755187200,9.757e-05,2025-08-14 16:00:00+00:00
1755190800,8.882e-05,2025-08-14 17:00:00+00:00
1755194400,6.899e-05,2025-08-14 18:00:00+00:00
1755198000,4.778e-05,2025-08-14 19:00:00+00:00
1755201600,2.658e-05,2025-08-14 20:00:00+00:00
1755205200,8.95e-06,2025-08-14 21:00:00+00:00
1755208800,1.04e-06,2025-08-14 22:00:00+00:00
1755212400,0.0,2025-08-14 23:00:00+00:00
1755216000,0.0,2025-08-15 00:00:00+00:00
1755244800,0.0,2025-08-15 08:00:00+00:00
1755273600,0.0,2025-08-15 16:00:00+00:00
1755302400,0.0,2025-08-16 00:00:00+00:00
1755331200,0.0,2025-08-16 08:00:00+00:00
1755360000,0.0,2025-08-16 16:00:00+00:00
1755388800,0.0,2025-08-17 00:00:00+00:00
1755396000,7.57e-06,2025-08-17 02:00:00+00:00
1755399600,3.44e-05,2025-08-17 03:00:00+00:00
1755403200,5.028e-05,2025-08-17 04:00:00+00:00
1755406800,3.541e-05,2025-08-17 05:00:00+00:00
1755410400,1.221e-05,2025-08-17 06:00:00+00:00
1755414000,3.58e-06,2025-08-17 07:00:00+00:00
1755417600,0.0,2025-08-17 08:00:00+00:00
1755446400,0.0,2025-08-17 16:00:00+00:00
1755453600,1.35e-05,2025-08-17 18:00:00+00:00
1755457200,4.821e-05,2025-08-17 19:00:00+00:00
1755460800,6.14e-05,2025-08-17 20:00:00+00:00
1755464400,6.117e-05,2025-08-17 21:00:00+00:00
1755468000,4.92e-05,2025-08-17 22:00:00+00:00
1755471600,3.272e-05,2025-08-17 23:00:00+00:00
1755475200,3.444e-05,2025-08-18 00:00:00+00:00
1755478800,3.772e-05,2025-08-18 01:00:00+00:00
1755482400,9.49e-06,2025-08-18 02:00:00+00:00
1755486000,0.0,2025-08-18 03:00:00+00:00
1755504000,0.0,2025-08-18 08:00:00+00:00
1755532800,0.0,2025-08-18 16:00:00+00:00
1755561600,0.0,2025-08-19 00:00:00+00:00
1755572400,1.474e-05,2025-08-19 03:00:00+00:00
1755576000,3.052e-05,2025-08-19 04:00:00+00:00
1755579600,2.636e-05,2025-08-19 05:00:00+00:00
1755583200,0.0,2025-08-19 06:00:00+00:00
1755590400,0.0,2025-08-19 08:00:00+00:00
1755619200,0.0,2025-08-19 16:00:00+00:00
1755648000,0.0,2025-08-20 00:00:00+00:00
1755676800,0.0,2025-08-20 08:00:00+00:00
1755705600,2.864e-05,2025-08-20 16:00:00+00:00
1755709200,4.726e-05,2025-08-20 17:00:00+00:00
1755712800,7.804e-05,2025-08-20 18:00:00+00:00
1755716400,0.00010351,2025-08-20 19:00:00+00:00
1755720000,0.00010589,2025-08-20 20:00:00+00:00
1755723600,0.00010246,2025-08-20 21:00:00+00:00
1755727200,9.501e-05,2025-08-20 22:00:00+00:00
1755730800,9.016e-05,2025-08-20 23:00:00+00:00
1755734400,9.16e-05,2025-08-21 00:00:00+00:00
1755738000,8.441e-05,2025-08-21 01:00:00+00:00
1755741600,7.542e-05,2025-08-21 02:00:00+00:00
1755745200,6.11e-05,2025-08-21 03:00:00+00:00
1755748800,5.048e-05,2025-08-21 04:00:00+00:00
1755752400,4.098e-05,2025-08-21 05:00:00+00:00
1755756000,3.862e-05,2025-08-21 06:00:00+00:00
1755759600,3.812e-05,2025-08-21 07:00:00+00:00
1755763200,6.322e-05,2025-08-21 08:00:00+00:00
1755766800,8.82e-05,2025-08-21 09:00:00+00:00
1755770400,9.958e-05,2025-08-21 10:00:00+00:00
1755774000,9.104e-05,2025-08-21 11:00:00+00:00
1755777600,7.442e-05,2025-08-21 12:00:00+00:00
1755781200,5.747e-05,2025-08-21 13:00:00+00:00
1755784800,6.97e-06,2025-08-21 14:00:00+00:00
1755788400,0.0,2025-08-21 15:00:00+00:00
1755792000,0.0,2025-08-21 16:00:00+00:00
1755795600,3.74e-06,2025-08-21 17:00:00+00:00
1755799200,0.0,2025-08-21 18:00:00+00:00
1755820800,0.0,2025-08-22 00:00:00+00:00
1755849600,0.0,2025-08-22 08:00:00+00:00
1755871200,3.09e-06,2025-08-22 14:00:00+00:00
1755874800,4.734e-05,2025-08-22 15:00:00+00:00
1755878400,9.364e-05,2025-08-22 16:00:00+00:00
1755882000,0.000134,2025-08-22 17:00:00+00:00
1755885600,0.00018675,2025-08-22 18:00:00+00:00
1755889200,0.00022835,2025-08-22 19:00:00+00:00
1755892800,0.00026477,2025-08-22 20:00:00+00:00
1755896400,0.00029105,2025-08-22 21:00:00+00:00
1755900000,0.0003144,2025-08-22 22:00:00+00:00
1755903600,0.00032837,2025-08-22 23:00:00+00:00
1755907200,0.00033717,2025-08-23 00:00:00+00:00
1755910800,0.00034541,2025-08-23 01:00:00+00:00
1755914400,0.00034578,2025-08-23 02:00:00+00:00
1755918000,0.00033155,2025-08-23 03:00:00+00:00
1755921600,0.00029119,2025-08-23 04:00:00+00:00
1755925200,0.00024017,2025-08-23 05:00:00+00:00
1755928800,0.00019695,2025-08-23 06:00:00+00:00
1755932400,0.00018069,2025-08-23 07:00:00+00:00
1755936000,0.0001814,2025-08-23 08:00:00+00:00
1755939600,0.00016061,2025-08-23 09:00:00+00:00
1755943200,0.00013307,2025-08-23 10:00:00+00:00
1755946800,0.00011815,2025-08-23 11:00:00+00:00
1755950400,0.00011441,2025-08-23 12:00:00+00:00
1755954000,0.00011753,2025-08-23 13:00:00+00:00
1755957600,0.00011495,2025-08-23 14:00:00+00:00
1755961200,0.00012132,2025-08-23 15:00:00+00:00
1755964800,0.00012934,2025-08-23 16:00:00+00:00
1755968400,0.00013377,2025-08-23 17:00:00+00:00
1755972000,0.0001296,2025-08-23 18:00:00+00:00
1755975600,0.00012422,2025-08-23 19:00:00+00:00
1755979200,0.00012056,2025-08-23 20:00:00+00:00
1755982800,0.00011968,2025-08-23 21:00:00+00:00
1755986400,0.0001185,2025-08-23 22:00:00+00:00
1755990000,0.00011059,2025-08-23 23:00:00+00:00
1755993600,0.00011023,2025-08-24 00:00:00+00:00
1755997200,0.00010364,2025-08-24 01:00:00+00:00
1756000800,8.901e-05,2025-08-24 02:00:00+00:00
1756004400,0.00010482,2025-08-24 03:00:00+00:00
1756008000,0.00011751,2025-08-24 04:00:00+00:00
1756011600,0.00012485,2025-08-24 05:00:00+00:00
1756015200,0.00012858,2025-08-24 06:00:00+00:00
1756018800,0.00011761,2025-08-24 07:00:00+00:00
1756022400,0.00011972,2025-08-24 08:00:00+00:00
1756026000,0.00012177,2025-08-24 09:00:00+00:00
1756029600,0.00011946,2025-08-24 10:00:00+00:00
1756033200,0.00011553,2025-08-24 11:00:00+00:00
1756036800,0.00010569,2025-08-24 12:00:00+00:00
1756040400,6.06e-05,2025-08-24 13:00:00+00:00
1756044000,9.83e-06,2025-08-24 14:00:00+00:00
1756047600,0.0,2025-08-24 15:00:00+00:00
1756051200,0.0,2025-08-24 16:00:00+00:00
1756080000,3.758e-05,2025-08-25 00:00:00+00:00
1756083600,7.364e-05,2025-08-25 01:00:00+00:00
1756087200,8.992e-05,2025-08-25 02:00:00+00:00
1756090800,0.00010566,2025-08-25 03:00:00+00:00
1756094400,0.00012232,2025-08-25 04:00:00+00:00
1756098000,0.00012223,2025-08-25 05:00:00+00:00
1756101600,0.00010689,2025-08-25 06:00:00+00:00
1756105200,6.813e-05,2025-08-25 07:00:00+00:00
1756108800,5.109e-05,2025-08-25 08:00:00+00:00
1756112400,2.113e-05,2025-08-25 09:00:00+00:00
1756116000,5.7e-07,2025-08-25 10:00:00+00:00
1756119600,2.16e-06,2025-08-25 11:00:00+00:00
1756123200,0.0,2025-08-25 12:00:00+00:00
1756137600,0.0,2025-08-25 16:00:00+00:00
1756166400,0.0,2025-08-26 00:00:00+00:00
1756177200,9.26e-06,2025-08-26 03:00:00+00:00
1756180800,3.721e-05,2025-08-26 04:00:00+00:00
1756184400,4.124e-05,2025-08-26 05:00:00+00:00
1756188000,2.31e-05,2025-08-26 06:00:00+00:00
1756191600,3.67e-06,2025-08-26 07:00:00+00:00
1756195200,0.0,2025-08-26 08:00:00+00:00
1756216800,5.68e-06,2025-08-26 14:00:00+00:00
1756220400,0.0,2025-08-26 15:00:00+00:00
1756224000,1.096e-05,2025-08-26 16:00:00+00:00
1756227600,2.018e-05,2025-08-26 17:00:00+00:00
1756231200,2.914e-05,2025-08-26 18:00:00+00:00
1756234800,3.774e-05,2025-08-26 19:00:00+00:00
1756238400,5.053e-05,2025-08-26 20:00:00+00:00
1756242000,6.207e-05,2025-08-26 21:00:00+00:00
1756245600,6.655e-05,2025-08-26 22:00:00+00:00
1756249200,4.937e-05,2025-08-26 23:00:00+00:00
1756252800,3.904e-05,2025-08-27 00:00:00+00:00
1756256400,4.159e-05,2025-08-27 01:00:00+00:00
1756260000,4.698e-05,2025-08-27 02:00:00+00:00
1756263600,4.124e-05,2025-08-27 03:00:00+00:00
1756267200,2.181e-05,2025-08-27 04:00:00+00:00
1756270800,6.29e-06,2025-08-27 05:00:00+00:00
1756274400,0.0,2025-08-27 06:00:00+00:00
1756281600,0.0,2025-08-27 08:00:00+00:00
1756310400,0.0,2025-08-27 16:00:00+00:00
1756332000,1.094e-05,2025-08-27 22:00:00+00:00
1756335600,2.704e-05,2025-08-27 23:00:00+00:00
1756339200,6.12e-05,2025-08-28 00:00:00+00:00
1756342800,8.346e-05,2025-08-28 01:00:00+00:00
1756346400,8.128e-05,2025-08-28 02:00:00+00:00
1756350000,9.243e-05,2025-08-28 03:00:00+00:00
1756353600,8.48e-05,2025-08-28 04:00:00+00:00
1756357200,9.562e-05,2025-08-28 05:00:00+00:00
1756360800,9.373e-05,2025-08-28 06:00:00+00:00
1756364400,9.142e-05,2025-08-28 07:00:00+00:00
1756368000,9.277e-05,2025-08-28 08:00:00+00:00
1756371600,9.05e-05,2025-08-28 09:00:00+00:00
1756375200,9.178e-05,2025-08-28 10:00:00+00:00
1756378800,8.358e-05,2025-08-28 11:00:00+00:00
1756382400,6.483e-05,2025-08-28 12:00:00+00:00
1756386000,2.512e-05,2025-08-28 13:00:00+00:00
1756389600,5.187e-05,2025-08-28 14:00:00+00:00
1756393200,6.867e-05,2025-08-28 15:00:00+00:00
1756396800,7.997e-05,2025-08-28 16:00:00+00:00
1756400400,9.985e-05,2025-08-28 17:00:00+00:00
1756404000,0.00010092,2025-08-28 18:00:00+00:00
1756407600,8.942e-05,2025-08-28 19:00:00+00:00
1756411200,6.892e-05,2025-08-28 20:00:00+00:00
1756414800,5.777e-05,2025-08-28 21:00:00+00:00
1756418400,4.253e-05,2025-08-28 22:00:00+00:00
1756422000,3.288e-05,2025-08-28 23:00:00+00:00
1756425600,2.95e-05,2025-08-29 00:00:00+00:00
1756429200,1.894e-05,2025-08-29 01:00:00+00:00
1756432800,1.206e-05,2025-08-29 02:00:00+00:00
1756436400,2.385e-05,2025-08-29 03:00:00+00:00
1756440000,2.105e-05,2025-08-29 04:00:00+00:00
1756443600,1.841e-05,2025-08-29 05:00:00+00:00
1756447200,2.139e-05,2025-08-29 06:00:00+00:00
1756450800,1.057e-05,2025-08-29 07:00:00+00:00
1756454400,3.45e-06,2025-08-29 08:00:00+00:00
1756458000,0.0,2025-08-29 09:00:00+00:00
1756461600,0.0,2025-08-29 10:00:00+00:00
1756476000,1.239e-05,2025-08-29 14:00:00+00:00
1756479600,2.557e-05,2025-08-29 15:00:00+00:00
1756483200,3.223e-05,2025-08-29 16:00:00+00:00
1756486800,2.322e-05,2025-08-29 17:00:00+00:00
1756490400,1.99e-05,2025-08-29 18:00:00+00:00
1756494000,3.416e-05,2025-08-29 19:00:00+00:00
1756497600,2.166e-05,2025-08-29 20:00:00+00:00
1756501200,1.542e-05,2025-08-29 21:00:00+00:00
1756504800,7.23e-06,2025-08-29 22:00:00+00:00
1756508400,1.16e-05,2025-08-29 23:00:00+00:00
1756512000,1.869e-05,2025-08-30 00:00:00+00:00
1756515600,1.92e-05,2025-08-30 01:00:00+00:00
1756519200,3.051e-05,2025-08-30 02:00:00+00:00
1756522800,4.222e-05,2025-08-30 03:00:00+00:00
1756526400,5.338e-05,2025-08-30 04:00:00+00:00
1756530000,6.446e-05,2025-08-30 05:00:00+00:00
1756533600,5.588e-05,2025-08-30 06:00:00+00:00
1756537200,4.451e-05,2025-08-30 07:00:00+00:00
1756540800,4.217e-05,2025-08-30 08:00:00+00:00
1756544400,3.635e-05,2025-08-30 09:00:00+00:00
1756548000,3.749e-05,2025-08-30 10:00:00+00:00
1756551600,3.059e-05,2025-08-30 11:00:00+00:00
1756555200,1.216e-05,2025-08-30 12:00:00+00:00
1756558800,0.0,2025-08-30 13:00:00+00:00
1756569600,0.0,2025-08-30 16:00:00+00:00
1756594800,3.889e-05,2025-08-30 23:00:00+00:00
1756598400,6.504e-05,2025-08-31 00:00:00+00:00
1756602000,7.334e-05,2025-08-31 01:00:00+00:00
1756605600,7.155e-05,2025-08-31 02:00:00+00:00
1756609200,5.901e-05,2025-08-31 03:00:00+00:00
1756612800,3.733e-05,2025-08-31 04:00:00+00:00
1756616400,9.3e-06,2025-08-31 05:00:00+00:00
1756620000,0.0,2025-08-31 06:00:00+00:00
1756627200,0.0,2025-08-31 08:00:00+00:00
1756656000,1.62e-06,2025-08-31 16:00:00+00:00
1756659600,3.83e-06,2025-08-31 17:00:00+00:00
1756663200,8.4e-07,2025-08-31 18:00:00+00:00
1756666800,7e-08,2025-08-31 19:00:00+00:00
1756670400,3.88e-06,2025-08-31 20:00:00+00:00
1756674000,8.81e-06,2025-08-31 21:00:00+00:00
1756677600,4.08e-06,2025-08-31 22:00:00+00:00
1756681200,0.0,2025-08-31 23:00:00+00:00
1756684800,0.0,2025-09-01 00:00:00+00:00
1756713600,0.0,2025-09-01 08:00:00+00:00
1756742400,0.0,2025-09-01 16:00:00+00:00
1756771200,0.0,2025-09-02 00:00:00+00:00
1756800000,0.0,2025-09-02 08:00:00+00:00
1756821600,1.757e-05,2025-09-02 14:00:00+00:00
1756825200,2.108e-05,2025-09-02 15:00:00+00:00
1756828800,1.088e-05,2025-09-02 16:00:00+00:00
1756832400,9e-06,2025-09-02 17:00:00+00:00
1756836000,0.0,2025-09-02 18:00:00+00:00
1756843200,1.501e-05,2025-09-02 20:00:00+00:00
1756846800,1.575e-05,2025-09-02 21:00:00+00:00
1756850400,7.14e-06,2025-09-02 22:00:00+00:00
1756854000,0.0,2025-09-02 23:00:00+00:00
1756857600,0.0,2025-09-03 00:00:00+00:00
1756886400,0.0,2025-09-03 08:00:00+00:00
1756915200,0.0,2025-09-03 16:00:00+00:00
1756926000,1.154e-05,2025-09-03 19:00:00+00:00
1756929600,3.269e-05,2025-09-03 20:00:00+00:00
1756933200,3.824e-05,2025-09-03 21:00:00+00:00
1756936800,2.865e-05,2025-09-03 22:00:00+00:00
1756940400,2.745e-05,2025-09-03 23:00:00+00:00
1756944000,2.75e-05,2025-09-04 00:00:00+00:00
1756947600,2.685e-05,2025-09-04 01:00:00+00:00
1756951200,2.549e-05,2025-09-04 02:00:00+00:00
1756954800,4.01e-06,2025-09-04 03:00:00+00:00
1756958400,0.0,2025-09-04 04:00:00+00:00
1756972800,0.0,2025-09-04 08:00:00+00:00
1757001600,0.0,2025-09-04 16:00:00+00:00
1757030400,0.0,2025-09-05 00:00:00+00:00
1757059200,0.0,2025-09-05 08:00:00+00:00
1757088000,0.0,2025-09-05 16:00:00+00:00
1757116800,0.0,2025-09-06 00:00:00+00:00
1757145600,0.0,2025-09-06 08:00:00+00:00
1757163600,1.056e-05,2025-09-06 13:00:00+00:00
1757167200,6.32e-06,2025-09-06 14:00:00+00:00
1757170800,1.388e-05,2025-09-06 15:00:00+00:00
1757174400,2.315e-05,2025-09-06 16:00:00+00:00
1757178000,2.384e-05,2025-09-06 17:00:00+00:00
1757181600,1.853e-05,2025-09-06 18:00:00+00:00
1757185200,9.9e-07,2025-09-06 19:00:00+00:00
1757188800,0.0,2025-09-06 20:00:00+00:00
1757203200,0.0,2025-09-07 00:00:00+00:00
1757210400,5.05e-06,2025-09-07 02:00:00+00:00
1757214000,2.494e-05,2025-09-07 03:00:00+00:00
1757217600,1.369e-05,2025-09-07 04:00:00+00:00
1757221200,8.2e-07,2025-09-07 05:00:00+00:00
1757224800,0.0,2025-09-07 06:00:00+00:00
1757232000,0.0,2025-09-07 08:00:00+00:00
1757239200,2.243e-05,2025-09-07 10:00:00+00:00
1757242800,4.202e-05,2025-09-07 11:00:00+00:00
1757246400,6.272e-05,2025-09-07 12:00:00+00:00
1757250000,7.181e-05,2025-09-07 13:00:00+00:00
1757253600,6.245e-05,2025-09-07 14:00:00+00:00
1757257200,5.222e-05,2025-09-07 15:00:00+00:00
1757260800,6.419e-05,2025-09-07 16:00:00+00:00
1757264400,6.771e-05,2025-09-07 17:00:00+00:00
1757268000,6.575e-05,2025-09-07 18:00:00+00:00
1757271600,6.846e-05,2025-09-07 19:00:00+00:00
1757275200,7.063e-05,2025-09-07 20:00:00+00:00
1757278800,6.546e-05,2025-09-07 21:00:00+00:00
1757282400,6.005e-05,2025-09-07 22:00:00+00:00
1757286000,7.389e-05,2025-09-07 23:00:00+00:00
1757289600,9.911e-05,2025-09-08 00:00:00+00:00
1757293200,0.00011329,2025-09-08 01:00:00+00:00
1757296800,0.0001247,2025-09-08 02:00:00+00:00
1757300400,0.00010703,2025-09-08 03:00:00+00:00
1757304000,5.982e-05,2025-09-08 04:00:00+00:00
1757307600,1.607e-05,2025-09-08 05:00:00+00:00
1757311200,0.0,2025-09-08 06:00:00+00:00
1757318400,0.0,2025-09-08 08:00:00+00:00
1757347200,0.0,2025-09-08 16:00:00+00:00
1757365200,5.752e-05,2025-09-08 21:00:00+00:00
1757368800,0.00010716,2025-09-08 22:00:00+00:00
1757372400,0.00012454,2025-09-08 23:00:00+00:00
1757376000,0.00011736,2025-09-09 00:00:00+00:00
1757379600,0.00010448,2025-09-09 01:00:00+00:00
1757383200,8.497e-05,2025-09-09 02:00:00+00:00
1757386800,7.132e-05,2025-09-09 03:00:00+00:00
1757390400,5.575e-05,2025-09-09 04:00:00+00:00
1757394000,3.68e-05,2025-09-09 05:00:00+00:00
1757397600,5.568e-05,2025-09-09 06:00:00+00:00
1757401200,9.626e-05,2025-09-09 07:00:00+00:00
1757404800,0.00011038,2025-09-09 08:00:00+00:00
1757408400,0.00010481,2025-09-09 09:00:00+00:00
1757412000,0.00010971,2025-09-09 10:00:00+00:00
1757415600,0.0001103,2025-09-09 11:00:00+00:00
1757419200,8.554e-05,2025-09-09 12:00:00+00:00
1757422800,5.338e-05,2025-09-09 13:00:00+00:00
1757426400,1.017e-05,2025-09-09 14:00:00+00:00
1757430000,0.0,2025-09-09 15:00:00+00:00
1757433600,6.85e-06,2025-09-09 16:00:00+00:00
1757437200,1.76e-06,2025-09-09 17:00:00+00:00
1757440800,0.0,2025-09-09 18:00:00+00:00
1757462400,0.0,2025-09-10 00:00:00+00:00
1757476800,7.39e-06,2025-09-10 04:00:00+00:00
1757480400,8.48e-06,2025-09-10 05:00:00+00:00
1757484000,2.11e-05,2025-09-10 06:00:00+00:00
1757487600,5.312e-05,2025-09-10 07:00:00+00:00
1757491200,6.85e-05,2025-09-10 08:00:00+00:00
1757494800,7.775e-05,2025-09-10 09:00:00+00:00
1757498400,7.825e-05,2025-09-10 10:00:00+00:00
1757502000,5.927e-05,2025-09-10 11:00:00+00:00
1757505600,4.982e-05,2025-09-10 12:00:00+00:00
1757509200,9.13e-05,2025-09-10 13:00:00+00:00
1757512800,0.00010753,2025-09-10 14:00:00+00:00
1757516400,0.00010856,2025-09-10 15:00:00+00:00
1757520000,0.00010462,2025-09-10 16:00:00+00:00
1757523600,8.603e-05,2025-09-10 17:00:00+00:00
1757527200,7.59e-05,2025-09-10 18:00:00+00:00
1757530800,4.663e-05,2025-09-10 19:00:00+00:00
1757534400,5.44e-06,2025-09-10 20:00:00+00:00
1757538000,0.0,2025-09-10 21:00:00+00:00
1757548800,0.0,2025-09-11 00:00:00+00:00
1757559600,2.54e-06,2025-09-11 03:00:00+00:00
1757563200,4.58e-06,2025-09-11 04:00:00+00:00
1757566800,8.64e-06,2025-09-11 05:00:00+00:00
1757570400,0.0,2025-09-11 06:00:00+00:00
1757577600,0.0,2025-09-11 08:00:00+00:00
1757595600,1.169e-05,2025-09-11 13:00:00+00:00
1757599200,3.383e-05,2025-09-11 14:00:00+00:00
1757602800,2.308e-05,2025-09-11 15:00:00+00:00
1757606400,0.0,2025-09-11 16:00:00+00:00
1757635200,0.0,2025-09-12 00:00:00+00:00
1757638800,8.06e-06,2025-09-12 01:00:00+00:00
1757642400,2.653e-05,2025-09-12 02:00:00+00:00
1757646000,4.015e-05,2025-09-12 03:00:00+00:00
1757649600,4.283e-05,2025-09-12 04:00:00+00:00
1757653200,4.752e-05,2025-09-12 05:00:00+00:00
1757656800,3.805e-05,2025-09-12 06:00:00+00:00
1757660400,3.159e-05,2025-09-12 07:00:00+00:00
1757664000,3.05e-05,2025-09-12 08:00:00+00:00
1757667600,5.443e-05,2025-09-12 09:00:00+00:00
1757671200,7.436e-05,2025-09-12 10:00:00+00:00
1757674800,7.306e-05,2025-09-12 11:00:00+00:00
1757678400,8.924e-05,2025-09-12 12:00:00+00:00
1757682000,0.00010397,2025-09-12 13:00:00+00:00
1757685600,0.00011233,2025-09-12 14:00:00+00:00
1757689200,0.0001089,2025-09-12 15:00:00+00:00
1757692800,0.00011732,2025-09-12 16:00:00+00:00
1757696400,0.00012465,2025-09-12 17:00:00+00:00
1757700000,0.00014034,2025-09-12 18:00:00+00:00
1757703600,0.00014058,2025-09-12 19:00:00+00:00
1757707200,0.0001458,2025-09-12 20:00:00+00:00
1757710800,0.00014582,2025-09-12 21:00:00+00:00
1757714400,0.0001535,2025-09-12 22:00:00+00:00
1757718000,0.00016042,2025-09-12 23:00:00+00:00
1757721600,0.00017826,2025-09-13 00:00:00+00:00
1757725200,0.00018083,2025-09-13 01:00:00+00:00
1757728800,0.00018071,2025-09-13 02:00:00+00:00
1757732400,0.00017422,2025-09-13 03:00:00+00:00
1757736000,0.00015444,2025-09-13 04:00:00+00:00
1757739600,0.0001488,2025-09-13 05:00:00+00:00
1757743200,0.00013599,2025-09-13 06:00:00+00:00
1757746800,0.00012178,2025-09-13 07:00:00+00:00
1757750400,0.0001173,2025-09-13 08:00:00+00:00
1757754000,0.00015106,2025-09-13 09:00:00+00:00
1757757600,0.00016707,2025-09-13 10:00:00+00:00
1757761200,0.00015775,2025-09-13 11:00:00+00:00
1757764800,0.00014626,2025-09-13 12:00:00+00:00
1757768400,0.0001379,2025-09-13 13:00:00+00:00
1757772000,0.00013785,2025-09-13 14:00:00+00:00
1757775600,0.00012215,2025-09-13 15:00:00+00:00
1757779200,9.741e-05,2025-09-13 16:00:00+00:00
1757782800,7.32e-05,2025-09-13 17:00:00+00:00
1757786400,4.055e-05,2025-09-13 18:00:00+00:00
1757790000,2.568e-05,2025-09-13 19:00:00+00:00
1757793600,9.75e-06,2025-09-13 20:00:00+00:00
1757797200,0.0,2025-09-13 21:00:00+00:00
1757808000,0.0,2025-09-14 00:00:00+00:00
1757818800,3.16e-06,2025-09-14 03:00:00+00:00
1757822400,1.378e-05,2025-09-14 04:00:00+00:00
1757826000,5.381e-05,2025-09-14 05:00:00+00:00
1757829600,8.688e-05,2025-09-14 06:00:00+00:00
1757833200,0.00010431,2025-09-14 07:00:00+00:00
1757836800,0.00012112,2025-09-14 08:00:00+00:00
1757840400,0.0001237,2025-09-14 09:00:00+00:00
1757844000,0.00011249,2025-09-14 10:00:00+00:00
1757847600,7.877e-05,2025-09-14 11:00:00+00:00
1757851200,5.039e-05,2025-09-14 12:00:00+00:00
1757854800,4.214e-05,2025-09-14 13:00:00+00:00
1757858400,6.58e-06,2025-09-14 14:00:00+00:00
1757862000,0.0,2025-09-14 15:00:00+00:00
1757865600,0.0,2025-09-14 16:00:00+00:00
1757894400,0.0,2025-09-15 00:00:00+00:00
1757923200,0.0,2025-09-15 08:00:00+00:00
1757952000,0.0,2025-09-15 16:00:00+00:00
1757962800,4.96e-06,2025-09-15 19:00:00+00:00
1757966400,1.64e-05,2025-09-15 20:00:00+00:00
1757970000,2.321e-05,2025-09-15 21:00:00+00:00
1757973600,1.605e-05,2025-09-15 22:00:00+00:00
1757977200,2.28e-06,2025-09-15 23:00:00+00:00
1757980800,0.0,2025-09-16 00:00:00+00:00
1757988000,0.0,2025-09-16 02:00:00+00:00
1757995200,2.22e-06,2025-09-16 04:00:00+00:00
1757998800,3.3e-07,2025-09-16 05:00:00+00:00
1758002400,0.0,2025-09-16 06:00:00+00:00
1758009600,0.0,2025-09-16 08:00:00+00:00
1758038400,0.0,2025-09-16 16:00:00+00:00
1758045600,3.57e-06,2025-09-16 18:00:00+00:00
1758049200,4.608e-05,2025-09-16 19:00:00+00:00
1758052800,8.536e-05,2025-09-16 20:00:00+00:00
1758056400,0.00012155,2025-09-16 21:00:00+00:00
1758060000,0.00014131,2025-09-16 22:00:00+00:00
1758063600,0.00015512,2025-09-16 23:00:00+00:00
1758067200,0.00013492,2025-09-17 00:00:00+00:00
1758070800,0.00011691,2025-09-17 01:00:00+00:00
1758074400,0.00012147,2025-09-17 02:00:00+00:00
1758078000,0.00012114,2025-09-17 03:00:00+00:00
1758081600,0.00011159,2025-09-17 04:00:00+00:00
1758085200,9.871e-05,2025-09-17 05:00:00+00:00
1758088800,7.503e-05,2025-09-17 06:00:00+00:00
1758092400,5.798e-05,2025-09-17 07:00:00+00:00
1758096000,6.951e-05,2025-09-17 08:00:00+00:00
1758099600,8.513e-05,2025-09-17 09:00:00+00:00
1758103200,0.00010186,2025-09-17 10:00:00+00:00
1758106800,0.00011074,2025-09-17 11:00:00+00:00
1758110400,0.00010907,2025-09-17 12:00:00+00:00
1758114000,0.00010467,2025-09-17 13:00:00+00:00
1758117600,8.145e-05,2025-09-17 14:00:00+00:00
1758121200,6.234e-05,2025-09-17 15:00:00+00:00
1758124800,2.856e-05,2025-09-17 16:00:00+00:00
1758128400,8.1e-07,2025-09-17 17:00:00+00:00
1758132000,0.0,2025-09-17 18:00:00+00:00
1758146400,5.159e-05,2025-09-17 22:00:00+00:00
1758150000,0.00011087,2025-09-17 23:00:00+00:00
1758153600,0.00013099,2025-09-18 00:00:00+00:00
1758157200,0.0001565,2025-09-18 01:00:00+00:00
1758160800,0.00015421,2025-09-18 02:00:00+00:00
1758164400,0.00016587,2025-09-18 03:00:00+00:00
1758168000,0.00016243,2025-09-18 04:00:00+00:00
1758171600,0.00014282,2025-09-18 05:00:00+00:00
1758175200,0.00014704,2025-09-18 06:00:00+00:00
1758178800,0.00014943,2025-09-18 07:00:00+00:00
1758182400,0.00014824,2025-09-18 08:00:00+00:00
1758186000,0.00014041,2025-09-18 09:00:00+00:00
1758189600,0.00012499,2025-09-18 10:00:00+00:00
1758193200,0.00011096,2025-09-18 11:00:00+00:00
1758196800,0.00010805,2025-09-18 12:00:00+00:00
1758200400,9.351e-05,2025-09-18 13:00:00+00:00
1758204000,7.981e-05,2025-09-18 14:00:00+00:00
1758207600,7.826e-05,2025-09-18 15:00:00+00:00
1758211200,6.005e-05,2025-09-18 16:00:00+00:00
1758214800,4.744e-05,2025-09-18 17:00:00+00:00
1758218400,3.814e-05,2025-09-18 18:00:00+00:00
1758222000,3.515e-05,2025-09-18 19:00:00+00:00
1758225600,2.914e-05,2025-09-18 20:00:00+00:00
1758229200,3.019e-05,2025-09-18 21:00:00+00:00
1758232800,3.116e-05,2025-09-18 22:00:00+00:00
1758236400,3.442e-05,2025-09-18 23:00:00+00:00
1758240000,2.701e-05,2025-09-19 00:00:00+00:00
1758243600,0.0,2025-09-19 01:00:00+00:00
1758268800,0.0,2025-09-19 08:00:00+00:00
1758279600,5.061e-05,2025-09-19 11:00:00+00:00
1758283200,9.925e-05,2025-09-19 12:00:00+00:00
1758286800,0.0001088,2025-09-19 13:00:00+00:00
1758290400,0.00010261,2025-09-19 14:00:00+00:00
1758294000,8.365e-05,2025-09-19 15:00:00+00:00
1758297600,6.493e-05,2025-09-19 16:00:00+00:00
1758301200,6.473e-05,2025-09-19 17:00:00+00:00
1758304800,5.795e-05,2025-09-19 18:00:00+00:00
1758308400,5.984e-05,2025-09-19 19:00:00+00:00
1758312000,5.006e-05,2025-09-19 20:00:00+00:00
1758315600,4.076e-05,2025-09-19 21:00:00+00:00
1758319200,2.465e-05,2025-09-19 22:00:00+00:00
1758322800,0.0,2025-09-19 23:00:00+00:00
1758326400,0.0,2025-09-20 00:00:00+00:00
1758355200,0.0,2025-09-20 08:00:00+00:00
1758384000,0.0,2025-09-20 16:00:00+00:00
1758412800,0.0,2025-09-21 00:00:00+00:00
1758441600,0.0,2025-09-21 08:00:00+00:00
1758448800,2.49e-06,2025-09-21 10:00:00+00:00
1758452400,5.67e-06,2025-09-21 11:00:00+00:00
1758456000,3.45e-06,2025-09-21 12:00:00+00:00
1758459600,4.1e-06,2025-09-21 13:00:00+00:00
1758463200,0.0,2025-09-21 14:00:00+00:00
1758470400,0.0,2025-09-21 16:00:00+00:00
1758499200,0.0,2025-09-22 00:00:00+00:00
1758520800,1.962e-05,2025-09-22 06:00:00+00:00
1758524400,4.139e-05,2025-09-22 07:00:00+00:00
1758528000,3.439e-05,2025-09-22 08:00:00+00:00
1758531600,3.478e-05,2025-09-22 09:00:00+00:00
1758535200,5.784e-05,2025-09-22 10:00:00+00:00
1758538800,4.862e-05,2025-09-22 11:00:00+00:00
1758542400,5.353e-05,2025-09-22 12:00:00+00:00
1758546000,4.45e-05,2025-09-22 13:00:00+00:00
1758549600,5.218e-05,2025-09-22 14:00:00+00:00
1758553200,7.543e-05,2025-09-22 15:00:00+00:00
1758556800,9.581e-05,2025-09-22 16:00:00+00:00
1758560400,0.00012662,2025-09-22 17:00:00+00:00
1758564000,0.00012807,2025-09-22 18:00:00+00:00
1758567600,0.00012273,2025-09-22 19:00:00+00:00
1758571200,9.698e-05,2025-09-22 20:00:00+00:00
1758574800,8.884e-05,2025-09-22 21:00:00+00:00
1758578400,6.821e-05,2025-09-22 22:00:00+00:00
1758582000,4.293e-05,2025-09-22 23:00:00+00:00
1758585600,1.781e-05,2025-09-23 00:00:00+00:00
1758589200,0.0,2025-09-23 01:00:00+00:00
1758596400,6.32e-06,2025-09-23 03:00:00+00:00
1758600000,0.0,2025-09-23 04:00:00+00:00
1758614400,0.0,2025-09-23 08:00:00+00:00
1758643200,0.0,2025-09-23 16:00:00+00:00
1758657600,1.27e-05,2025-09-23 20:00:00+00:00
1758661200,2.97e-05,2025-09-23 21:00:00+00:00
1758664800,5.064e-05,2025-09-23 22:00:00+00:00
1758668400,6.217e-05,2025-09-23 23:00:00+00:00
1758672000,6.423e-05,2025-09-24 00:00:00+00:00
1758675600,3.456e-05,2025-09-24 01:00:00+00:00
1758679200,0.0,2025-09-24 02:00:00+00:00
1758693600,2.55e-06,2025-09-24 06:00:00+00:00
1758697200,0.0,2025-09-24 07:00:00+00:00
1758700800,0.0,2025-09-24 08:00:00+00:00
1758711600,3.315e-05,2025-09-24 11:00:00+00:00
1758715200,2.154e-05,2025-09-24 12:00:00+00:00
1758718800,2.16e-05,2025-09-24 13:00:00+00:00
1758722400,3.916e-05,2025-09-24 14:00:00+00:00
1758726000,9.76e-06,2025-09-24 15:00:00+00:00
1758729600,0.0,2025-09-24 16:00:00+00:00
1758758400,0.0,2025-09-25 00:00:00+00:00
1758769200,2.364e-05,2025-09-25 03:00:00+00:00
1758772800,5.786e-05,2025-09-25 04:00:00+00:00
1758776400,0.00010093,2025-09-25 05:00:00+00:00
1758780000,0.00011633,2025-09-25 06:00:00+00:00
1758783600,0.00011254,2025-09-25 07:00:00+00:00
1758787200,9.726e-05,2025-09-25 08:00:00+00:00
1758790800,6.459e-05,2025-09-25 09:00:00+00:00
1758794400,4.277e-05,2025-09-25 10:00:00+00:00
1758798000,2.88e-05,2025-09-25 11:00:00+00:00
1758801600,8.67e-06,2025-09-25 12:00:00+00:00
1758805200,3e-08,2025-09-25 13:00:00+00:00
1758812400,4.5e-06,2025-09-25 15:00:00+00:00
1758816000,1.49e-05,2025-09-25 16:00:00+00:00
1758819600,7.104e-05,2025-09-25 17:00:00+00:00
1758823200,9.417e-05,2025-09-25 18:00:00+00:00
1758826800,7.743e-05,2025-09-25 19:00:00+00:00
1758830400,6.794e-05,2025-09-25 20:00:00+00:00
1758834000,8.084e-05,2025-09-25 21:00:00+00:00
1758837600,6.445e-05,2025-09-25 22:00:00+00:00
1758841200,5.135e-05,2025-09-25 23:00:00+00:00
1758844800,4.739e-05,2025-09-26 00:00:00+00:00
1758848400,4.524e-05,2025-09-26 01:00:00+00:00
1758852000,3.694e-05,2025-09-26 02:00:00+00:00
1758855600,2.807e-05,2025-09-26 03:00:00+00:00
1758859200,1.636e-05,2025-09-26 04:00:00+00:00
1758862800,9.92e-06,2025-09-26 05:00:00+00:00
1758866400,9.82e-06,2025-09-26 06:00:00+00:00
1758870000,9.24e-06,2025-09-26 07:00:00+00:00
1758873600,1.239e-05,2025-09-26 08:00:00+00:00
1758877200,1.248e-05,2025-09-26 09:00:00+00:00
1758880800,2.022e-05,2025-09-26 10:00:00+00:00
1758884400,4.069e-05,2025-09-26 11:00:00+00:00
1758888000,4.043e-05,2025-09-26 12:00:00+00:00
1758891600,9.14e-06,2025-09-26 13:00:00+00:00
1758895200,2e-08,2025-09-26 14:00:00+00:00
1758988800,5.01e-06,2025-09-27 16:00:00+00:00
1758992400,1.704e-05,2025-09-27 17:00:00+00:00
1758996000,1.057e-05,2025-09-27 18:00:00+00:00
1758999600,2.5e-07,2025-09-27 19:00:00+00:00
1759122000,1.416e-05,2025-09-29 05:00:00+00:00
1759125600,8.925e-05,2025-09-29 06:00:00+00:00
1759129200,0.00016081,2025-09-29 07:00:00+00:00
1759132800,0.00019611,2025-09-29 08:00:00+00:00
1759136400,0.0002259,2025-09-29 09:00:00+00:00
1759140000,0.00021237,2025-09-29 10:00:00+00:00
1759143600,0.00018121,2025-09-29 11:00:00+00:00
1759147200,0.00011572,2025-09-29 12:00:00+00:00
1759150800,4.42e-05,2025-09-29 13:00:00+00:00
1759154400,1.49e-06,2025-09-29 14:00:00+00:00
1759190400,9e-07,2025-09-30 00:00:00+00:00
1759197600,7.37e-06,2025-09-30 02:00:00+00:00
1759201200,3.094e-05,2025-09-30 03:00:00+00:00
1759204800,5.008e-05,2025-09-30 04:00:00+00:00
1759208400,7.307e-05,2025-09-30 05:00:00+00:00
1759212000,6.907e-05,2025-09-30 06:00:00+00:00
1759215600,3.817e-05,2025-09-30 07:00:00+00:00
1759219200,2.42e-05,2025-09-30 08:00:00+00:00
1759222800,4.75e-05,2025-09-30 09:00:00+00:00
1759226400,9.602e-05,2025-09-30 10:00:00+00:00
1759230000,0.00010911,2025-09-30 11:00:00+00:00
1759233600,0.00011559,2025-09-30 12:00:00+00:00
1759237200,0.00010276,2025-09-30 13:00:00+00:00
1759240800,9.865e-05,2025-09-30 14:00:00+00:00
1759244400,7.416e-05,2025-09-30 15:00:00+00:00
1759248000,3.81e-05,2025-09-30 16:00:00+00:00
1759251600,3.8e-07,2025-09-30 17:00:00+00:00
1759431600,2.132e-05,2025-10-02 19:00:00+00:00
1759435200,9.332e-05,2025-10-02 20:00:00+00:00
1759438800,0.00014884,2025-10-02 21:00:00+00:00
1759442400,0.00020083,2025-10-02 22:00:00+00:00
1759446000,0.00021092,2025-10-02 23:00:00+00:00
1759449600,0.00021405,2025-10-03 00:00:00+00:00
1759453200,0.00021064,2025-10-03 01:00:00+00:00
1759456800,0.00018836,2025-10-03 02:00:00+00:00
1759460400,0.00016889,2025-10-03 03:00:00+00:00
1759464000,0.00012517,2025-10-03 04:00:00+00:00
1759467600,9.117e-05,2025-10-03 05:00:00+00:00
1759471200,8.376e-05,2025-10-03 06:00:00+00:00
1759474800,9.948e-05,2025-10-03 07:00:00+00:00
1759478400,9.816e-05,2025-10-03 08:00:00+00:00
1759482000,8.997e-05,2025-10-03 09:00:00+00:00
1759485600,8.753e-05,2025-10-03 10:00:00+00:00
1759489200,8.143e-05,2025-10-03 11:00:00+00:00
1759492800,5.945e-05,2025-10-03 12:00:00+00:00
1759496400,5.876e-05,2025-10-03 13:00:00+00:00
1759500000,3.195e-05,2025-10-03 14:00:00+00:00
1759503600,2.968e-05,2025-10-03 15:00:00+00:00
1759507200,3.971e-05,2025-10-03 16:00:00+00:00
1759510800,5.816e-05,2025-10-03 17:00:00+00:00
1759514400,0.00010758,2025-10-03 18:00:00+00:00
1759518000,0.00013715,2025-10-03 19:00:00+00:00
1759521600,0.0001318,2025-10-03 20:00:00+00:00
1759525200,0.00011809,2025-10-03 21:00:00+00:00
1759528800,0.00011734,2025-10-03 22:00:00+00:00
1759532400,9.545e-05,2025-10-03 23:00:00+00:00
1759536000,8.491e-05,2025-10-04 00:00:00+00:00
1759539600,0.00012048,2025-10-04 01:00:00+00:00
1759543200,0.00016305,2025-10-04 02:00:00+00:00
1759546800,0.00016966,2025-10-04 03:00:00+00:00
1759550400,0.0001408,2025-10-04 04:00:00+00:00
1759554000,0.00011005,2025-10-04 05:00:00+00:00
1759557600,6.8e-05,2025-10-04 06:00:00+00:00
1759561200,3.489e-05,2025-10-04 07:00:00+00:00
1759564800,2.765e-05,2025-10-04 08:00:00+00:00
1759568400,3.108e-05,2025-10-04 09:00:00+00:00
1759572000,7.372e-05,2025-10-04 10:00:00+00:00
1759575600,0.00012557,2025-10-04 11:00:00+00:00
1759579200,0.00012569,2025-10-04 12:00:00+00:00
1759582800,9.935e-05,2025-10-04 13:00:00+00:00
1759586400,4.519e-05,2025-10-04 14:00:00+00:00
1759590000,3.987e-05,2025-10-04 15:00:00+00:00
1759593600,8.587e-05,2025-10-04 16:00:00+00:00
1759597200,9.773e-05,2025-10-04 17:00:00+00:00
1759600800,9.872e-05,2025-10-04 18:00:00+00:00
1759604400,0.0001077,2025-10-04 19:00:00+00:00
1759608000,8.562e-05,2025-10-04 20:00:00+00:00
1759611600,7.491e-05,2025-10-04 21:00:00+00:00
1759615200,5.522e-05,2025-10-04 22:00:00+00:00
1759618800,4.643e-05,2025-10-04 23:00:00+00:00
1759622400,2.931e-05,2025-10-05 00:00:00+00:00
1759626000,2.531e-05,2025-10-05 01:00:00+00:00
1759629600,2.114e-05,2025-10-05 02:00:00+00:00
1759633200,1.02e-06,2025-10-05 03:00:00+00:00
1759723200,2.61e-05,2025-10-06 04:00:00+00:00
1759726800,4.269e-05,2025-10-06 05:00:00+00:00
1759730400,6.556e-05,2025-10-06 06:00:00+00:00
1759734000,6.815e-05,2025-10-06 07:00:00+00:00
1759737600,7.48e-05,2025-10-06 08:00:00+00:00
1759741200,5.959e-05,2025-10-06 09:00:00+00:00
1759744800,4.327e-05,2025-10-06 10:00:00+00:00
1759748400,4.197e-05,2025-10-06 11:00:00+00:00
1759752000,3.195e-05,2025-10-06 12:00:00+00:00
1759755600,3.662e-05,2025-10-06 13:00:00+00:00
1759759200,4.635e-05,2025-10-06 14:00:00+00:00
1759762800,3.86e-05,2025-10-06 15:00:00+00:00
1759766400,3.121e-05,2025-10-06 16:00:00+00:00
1759770000,5.96e-06,2025-10-06 17:00:00+00:00
1759773600,6.6e-07,2025-10-06 18:00:00+00:00
1759849200,6.251e-05,2025-10-07 15:00:00+00:00
1759852800,6.731e-05,2025-10-07 16:00:00+00:00
1759856400,4.117e-05,2025-10-07 17:00:00+00:00
1759860000,2.742e-05,2025-10-07 18:00:00+00:00
1759863600,9.2e-07,2025-10-07 19:00:00+00:00
1760032800,2.974e-05,2025-10-09 18:00:00+00:00
1760036400,5.681e-05,2025-10-09 19:00:00+00:00
1760040000,6.154e-05,2025-10-09 20:00:00+00:00
1760043600,4.888e-05,2025-10-09 21:00:00+00:00
1760047200,2.057e-05,2025-10-09 22:00:00+00:00
1760050800,3.4e-07,2025-10-09 23:00:00+00:00
1760061600,1.034e-05,2025-10-10 02:00:00+00:00
1760065200,3.625e-05,2025-10-10 03:00:00+00:00
1760068800,2.795e-05,2025-10-10 04:00:00+00:00
1760072400,3.43e-06,2025-10-10 05:00:00+00:00
1760076000,2.2e-07,2025-10-10 06:00:00+00:00
1760122800,6.76e-06,2025-10-10 19:00:00+00:00
1760126400,8.58e-06,2025-10-10 20:00:00+00:00
1760130000,0.00023775,2025-10-10 21:00:00+00:00
1760133600,0.00017622,2025-10-10 22:00:00+00:00
1760137200,5.15e-06,2025-10-10 23:00:00+00:00
1760140800,7.6e-07,2025-10-11 00:00:00+00:00
1760263200,-9.065e-05,2025-10-12 10:00:00+00:00
1760266800,-0.00021888,2025-10-12 11:00:00+00:00
1760270400,-0.00029494,2025-10-12 12:00:00+00:00
1760274000,-0.00019404,2025-10-12 13:00:00+00:00
1760277600,-5.53e-05,2025-10-12 14:00:00+00:00
1760281200,-5.479e-05,2025-10-12 15:00:00+00:00
1760284800,-1.62e-06,2025-10-12 16:00:00+00:00
1760335200,-9.519e-05,2025-10-13 06:00:00+00:00
1760338800,-0.00030245,2025-10-13 07:00:00+00:00
1760342400,-0.00041448,2025-10-13 08:00:00+00:00
1760346000,-0.00075427,2025-10-13 09:00:00+00:00
1760349600,-0.00047754,2025-10-13 10:00:00+00:00
1760353200,-0.00018021,2025-10-13 11:00:00+00:00
1760356800,-2.93e-06,2025-10-13 12:00:00+00:00
1760374800,-5.14e-06,2025-10-13 17:00:00+00:00
1760378400,-8.278e-05,2025-10-13 18:00:00+00:00
1760382000,-0.00011926,2025-10-13 19:00:00+00:00
1760385600,-0.00013251,2025-10-13 20:00:00+00:00
1760389200,-0.00016104,2025-10-13 21:00:00+00:00
1760392800,-0.00025336,2025-10-13 22:00:00+00:00
1760396400,-0.00027719,2025-10-13 23:00:00+00:00
1760400000,-0.00026911,2025-10-14 00:00:00+00:00
1760403600,-0.000233,2025-10-14 01:00:00+00:00
1760407200,-0.0001663,2025-10-14 02:00:00+00:00
1760410800,-9.107e-05,2025-10-14 03:00:00+00:00
1760414400,-5.54e-06,2025-10-14 04:00:00+00:00
1760418000,-1.83e-06,2025-10-14 05:00:00+00:00
1760428800,0.0,2025-10-14 08:00:00+00:00
1760450400,-2.651e-05,2025-10-14 14:00:00+00:00
1760454000,-0.00016416,2025-10-14 15:00:00+00:00
1760457600,-0.00033176,2025-10-14 16:00:00+00:00
1760461200,-0.00042252,2025-10-14 17:00:00+00:00
1760464800,-0.00049184,2025-10-14 18:00:00+00:00
1760468400,-0.00050317,2025-10-14 19:00:00+00:00
1760472000,-0.00044278,2025-10-14 20:00:00+00:00
1760475600,-0.00039051,2025-10-14 21:00:00+00:00
1760479200,-0.00030435,2025-10-14 22:00:00+00:00
1760482800,-0.00020586,2025-10-14 23:00:00+00:00
1760486400,-0.00012326,2025-10-15 00:00:00+00:00
1760490000,-4.286e-05,2025-10-15 01:00:00+00:00
1760493600,-1.9e-07,2025-10-15 02:00:00+00:00
1760515200,0.0,2025-10-15 08:00:00+00:00
1760544000,0.0,2025-10-15 16:00:00+00:00
1760572800,0.0,2025-10-16 00:00:00+00:00
1760601600,0.0,2025-10-16 08:00:00+00:00
1760630400,0.0,2025-10-16 16:00:00+00:00
1760659200,0.0,2025-10-17 00:00:00+00:00
1760688000,0.0,2025-10-17 08:00:00+00:00
1760698800,-9.421e-05,2025-10-17 11:00:00+00:00
1760702400,-0.00020247,2025-10-17 12:00:00+00:00
1760706000,-0.00026456,2025-10-17 13:00:00+00:00
1760709600,-0.00027285,2025-10-17 14:00:00+00:00
1760713200,-0.00017113,2025-10-17 15:00:00+00:00
1760716800,-9.902e-05,2025-10-17 16:00:00+00:00
1760720400,-5.253e-05,2025-10-17 17:00:00+00:00
1760724000,-9.7e-06,2025-10-17 18:00:00+00:00
1760727600,-2.8e-07,2025-10-17 19:00:00+00:00
1760745600,-1.882e-05,2025-10-18 00:00:00+00:00
1760749200,-8.549e-05,2025-10-18 01:00:00+00:00
1760752800,-0.00015156,2025-10-18 02:00:00+00:00
1760756400,-0.00018782,2025-10-18 03:00:00+00:00
1760760000,-0.00019937,2025-10-18 04:00:00+00:00
1760763600,-0.00015204,2025-10-18 05:00:00+00:00
1760767200,-0.00010841,2025-10-18 06:00:00+00:00
1760770800,-0.00012809,2025-10-18 07:00:00+00:00
1760774400,-0.00022663,2025-10-18 08:00:00+00:00
1760778000,-0.0002701,2025-10-18 09:00:00+00:00
1760781600,-0.00031528,2025-10-18 10:00:00+00:00
1760785200,-0.00032818,2025-10-18 11:00:00+00:00
1760788800,-0.00031359,2025-10-18 12:00:00+00:00
1760792400,-0.00024898,2025-10-18 13:00:00+00:00
1760796000,-0.0001463,2025-10-18 14:00:00+00:00
1760799600,-8.672e-05,2025-10-18 15:00:00+00:00
1760803200,-5.697e-05,2025-10-18 16:00:00+00:00
1760806800,-4.501e-05,2025-10-18 17:00:00+00:00
1760810400,-4.729e-05,2025-10-18 18:00:00+00:00
1760814000,-7.674e-05,2025-10-18 19:00:00+00:00
1760817600,-0.00011277,2025-10-18 20:00:00+00:00
1760821200,-8.215e-05,2025-10-18 21:00:00+00:00
1760824800,-5.57e-05,2025-10-18 22:00:00+00:00
1760828400,-1.193e-05,2025-10-18 23:00:00+00:00
1760832000,-3.3e-07,2025-10-19 00:00:00+00:00
1760853600,-3.2e-06,2025-10-19 06:00:00+00:00
1760857200,-4e-08,2025-10-19 07:00:00+00:00
1760860800,0.0,2025-10-19 08:00:00+00:00
1760886000,-8.065e-05,2025-10-19 15:00:00+00:00
1760889600,-0.0001523,2025-10-19 16:00:00+00:00
1760893200,-0.00022909,2025-10-19 17:00:00+00:00
1760896800,-0.00028745,2025-10-19 18:00:00+00:00
1760900400,-0.00030381,2025-10-19 19:00:00+00:00
1760904000,-0.0002847,2025-10-19 20:00:00+00:00
1760907600,-0.00026992,2025-10-19 21:00:00+00:00
1760911200,-0.00023816,2025-10-19 22:00:00+00:00
1760914800,-0.00021841,2025-10-19 23:00:00+00:00
1760918400,-0.00018665,2025-10-20 00:00:00+00:00
1760922000,-0.00017462,2025-10-20 01:00:00+00:00
1760925600,-0.00016613,2025-10-20 02:00:00+00:00
1760929200,-0.00012366,2025-10-20 03:00:00+00:00
1760932800,-3.73e-05,2025-10-20 04:00:00+00:00
1760936400,-3.8e-07,2025-10-20 05:00:00+00:00
1760943600,-3.382e-05,2025-10-20 07:00:00+00:00
1760947200,-8.989e-05,2025-10-20 08:00:00+00:00
1760950800,-0.00014056,2025-10-20 09:00:00+00:00
1760954400,-0.00018321,2025-10-20 10:00:00+00:00
1760958000,-0.0002196,2025-10-20 11:00:00+00:00
1760961600,-0.00028663,2025-10-20 12:00:00+00:00
1760965200,-0.000333,2025-10-20 13:00:00+00:00
1760968800,-0.00035714,2025-10-20 14:00:00+00:00
1760972400,-0.00035241,2025-10-20 15:00:00+00:00
1760976000,-0.00033461,2025-10-20 16:00:00+00:00
1760979600,-0.00028343,2025-10-20 17:00:00+00:00
1760983200,-0.0002134,2025-10-20 18:00:00+00:00
1760986800,-0.0001468,2025-10-20 19:00:00+00:00
1760990400,-8.695e-05,2025-10-20 20:00:00+00:00
1760994000,-4.204e-05,2025-10-20 21:00:00+00:00
1760997600,-2.558e-05,2025-10-20 22:00:00+00:00
1761001200,-2.888e-05,2025-10-20 23:00:00+00:00
1761004800,-2.683e-05,2025-10-21 00:00:00+00:00
1761008400,-1.903e-05,2025-10-21 01:00:00+00:00
1761012000,-6.8e-07,2025-10-21 02:00:00+00:00
1761033600,0.0,2025-10-21 08:00:00+00:00
1761062400,0.0,2025-10-21 16:00:00+00:00
1761091200,0.0,2025-10-22 00:00:00+00:00
1761098400,-3.282e-05,2025-10-22 02:00:00+00:00
1761102000,-0.00012831,2025-10-22 03:00:00+00:00
1761105600,-0.00019567,2025-10-22 04:00:00+00:00
1761109200,-0.00022161,2025-10-22 05:00:00+00:00
1761112800,-0.00019996,2025-10-22 06:00:00+00:00
1761116400,-0.00014985,2025-10-22 07:00:00+00:00
1761120000,-9.076e-05,2025-10-22 08:00:00+00:00
1761123600,-6.661e-05,2025-10-22 09:00:00+00:00
1761127200,-9.621e-05,2025-10-22 10:00:00+00:00
1761130800,-0.00011198,2025-10-22 11:00:00+00:00
1761134400,-0.00012006,2025-10-22 12:00:00+00:00
1761138000,-0.00010118,2025-10-22 13:00:00+00:00
1761141600,-9.409e-05,2025-10-22 14:00:00+00:00
1761145200,-7.842e-05,2025-10-22 15:00:00+00:00
1761148800,-4.128e-05,2025-10-22 16:00:00+00:00
1761152400,-3.382e-05,2025-10-22 17:00:00+00:00
1761156000,-1.726e-05,2025-10-22 18:00:00+00:00
1761159600,-1.8e-07,2025-10-22 19:00:00+00:00
1761163200,-1.806e-05,2025-10-22 20:00:00+00:00
1761166800,-7.523e-05,2025-10-22 21:00:00+00:00
1761170400,-9.655e-05,2025-10-22 22:00:00+00:00
1761174000,-6.968e-05,2025-10-22 23:00:00+00:00
1761177600,-8.54e-06,2025-10-23 00:00:00+00:00
1761181200,-1.64e-06,2025-10-23 01:00:00+00:00
1761206400,-8.846e-05,2025-10-23 08:00:00+00:00
1761210000,-0.00024887,2025-10-23 09:00:00+00:00
1761213600,-0.00027462,2025-10-23 10:00:00+00:00
1761217200,-0.00020746,2025-10-23 11:00:00+00:00
1761220800,-0.00012418,2025-10-23 12:00:00+00:00
1761224400,-4.954e-05,2025-10-23 13:00:00+00:00
1761228000,-3.479e-05,2025-10-23 14:00:00+00:00
1761231600,-1.56e-06,2025-10-23 15:00:00+00:00
1761235200,0.0,2025-10-23 16:00:00+00:00
1761246000,-4.208e-05,2025-10-23 19:00:00+00:00
1761249600,-0.00011458,2025-10-23 20:00:00+00:00
1761253200,-0.00015367,2025-10-23 21:00:00+00:00
1761256800,-0.0001692,2025-10-23 22:00:00+00:00
1761260400,-0.0002008,2025-10-23 23:00:00+00:00
1761264000,-0.00029922,2025-10-24 00:00:00+00:00
1761267600,-0.0003424,2025-10-24 01:00:00+00:00
1761271200,-0.00036499,2025-10-24 02:00:00+00:00
1761274800,-0.00037613,2025-10-24 03:00:00+00:00
1761278400,-0.00030417,2025-10-24 04:00:00+00:00
1761282000,-0.00022041,2025-10-24 05:00:00+00:00
1761285600,-0.00012688,2025-10-24 06:00:00+00:00
1761289200,-3.656e-05,2025-10-24 07:00:00+00:00
1761292800,-2.7e-07,2025-10-24 08:00:00+00:00
1761296400,-2.006e-05,2025-10-24 09:00:00+00:00
1761300000,-2.893e-05,2025-10-24 10:00:00+00:00
1761303600,-3.39e-05,2025-10-24 11:00:00+00:00
1761307200,-7.471e-05,2025-10-24 12:00:00+00:00
1761310800,-0.0001533,2025-10-24 13:00:00+00:00
1761314400,-0.00020901,2025-10-24 14:00:00+00:00
1761318000,-0.00021636,2025-10-24 15:00:00+00:00
1761321600,-0.00020476,2025-10-24 16:00:00+00:00
1761325200,-0.00020523,2025-10-24 17:00:00+00:00
1761328800,-0.00023086,2025-10-24 18:00:00+00:00
1761332400,-0.000239,2025-10-24 19:00:00+00:00
1761336000,-0.0002224,2025-10-24 20:00:00+00:00
1761339600,-0.00018989,2025-10-24 21:00:00+00:00
1761343200,-0.00017084,2025-10-24 22:00:00+00:00
1761346800,-0.00015562,2025-10-24 23:00:00+00:00
1761350400,-0.00014455,2025-10-25 00:00:00+00:00
1761354000,-0.00012775,2025-10-25 01:00:00+00:00
1761357600,-0.00012584,2025-10-25 02:00:00+00:00
1761361200,-0.00013336,2025-10-25 03:00:00+00:00
1761364800,-0.0001333,2025-10-25 04:00:00+00:00
1761368400,-0.00012895,2025-10-25 05:00:00+00:00
1761372000,-0.00012192,2025-10-25 06:00:00+00:00
1761375600,-9.142e-05,2025-10-25 07:00:00+00:00
1761379200,-8.707e-05,2025-10-25 08:00:00+00:00
1761382800,-9.12e-05,2025-10-25 09:00:00+00:00
1761386400,-0.00010014,2025-10-25 10:00:00+00:00
1761390000,-0.00010964,2025-10-25 11:00:00+00:00
1761393600,-0.00012618,2025-10-25 12:00:00+00:00
1761397200,-0.00011574,2025-10-25 13:00:00+00:00
1761400800,-7.282e-05,2025-10-25 14:00:00+00:00
1761404400,-2.425e-05,2025-10-25 15:00:00+00:00
1761408000,-1.478e-05,2025-10-25 16:00:00+00:00
1761411600,-7.83e-06,2025-10-25 17:00:00+00:00
1761415200,-1.31e-05,2025-10-25 18:00:00+00:00
1761418800,-7.56e-06,2025-10-25 19:00:00+00:00
1761422400,-1.1e-07,2025-10-25 20:00:00+00:00
1761436800,0.0,2025-10-26 00:00:00+00:00
1761465600,0.0,2025-10-26 08:00:00+00:00
1761494400,0.0,2025-10-26 16:00:00+00:00
1761523200,0.0,2025-10-27 00:00:00+00:00
1761552000,0.0,2025-10-27 08:00:00+00:00
1761580800,0.0,2025-10-27 16:00:00+00:00
1761588000,-6.355e-05,2025-10-27 18:00:00+00:00
1761591600,-0.00010036,2025-10-27 19:00:00+00:00
1761595200,-8.596e-05,2025-10-27 20:00:00+00:00
1761598800,-3.345e-05,2025-10-27 21:00:00+00:00
1761602400,-7.2e-07,2025-10-27 22:00:00+00:00
1761609600,0.0,2025-10-28 00:00:00+00:00
1761627600,-2.736e-05,2025-10-28 05:00:00+00:00
1761631200,-7.129e-05,2025-10-28 06:00:00+00:00
1761634800,-0.00011334,2025-10-28 07:00:00+00:00
1761638400,-0.00014241,2025-10-28 08:00:00+00:00
1761642000,-0.00016534,2025-10-28 09:00:00+00:00
1761645600,-0.00017799,2025-10-28 10:00:00+00:00
1761649200,-0.00018858,2025-10-28 11:00:00+00:00
1761652800,-0.00014914,2025-10-28 12:00:00+00:00
1761656400,-9.363e-05,2025-10-28 13:00:00+00:00
1761660000,-4.128e-05,2025-10-28 14:00:00+00:00
1761663600,-8.1e-07,2025-10-28 15:00:00+00:00
1761667200,0.0,2025-10-28 16:00:00+00:00
1761685200,-0.00010592,2025-10-28 21:00:00+00:00
1761688800,-0.00022428,2025-10-28 22:00:00+00:00
1761692400,-0.00029663,2025-10-28 23:00:00+00:00
1761696000,-0.00034673,2025-10-29 00:00:00+00:00
1761699600,-0.00034379,2025-10-29 01:00:00+00:00
1761703200,-0.00032127,2025-10-29 02:00:00+00:00
1761706800,-0.00027776,2025-10-29 03:00:00+00:00
1761710400,-0.0002199,2025-10-29 04:00:00+00:00
1761714000,-0.00018671,2025-10-29 05:00:00+00:00
1761717600,-0.00018677,2025-10-29 06:00:00+00:00
1761721200,-0.00023289,2025-10-29 07:00:00+00:00
1761724800,-0.00040464,2025-10-29 08:00:00+00:00
1761728400,-0.0005595,2025-10-29 09:00:00+00:00
1761732000,-0.00039705,2025-10-29 10:00:00+00:00
1761735600,-0.00019842,2025-10-29 11:00:00+00:00
1761739200,-3.358e-05,2025-10-29 12:00:00+00:00
1761742800,-1.55e-06,2025-10-29 13:00:00+00:00
1761753600,0.0,2025-10-29 16:00:00+00:00
1761782400,0.0,2025-10-30 00:00:00+00:00
1761796800,-4.785e-05,2025-10-30 04:00:00+00:00
1761800400,-9.316e-05,2025-10-30 05:00:00+00:00
1761804000,-4.988e-05,2025-10-30 06:00:00+00:00
1761807600,-1.63e-06,2025-10-30 07:00:00+00:00
1761811200,0.0,2025-10-30 08:00:00+00:00
1761836400,-9.328e-05,2025-10-30 15:00:00+00:00
1761840000,-0.00016484,2025-10-30 16:00:00+00:00
1761843600,-0.00014598,2025-10-30 17:00:00+00:00
1761847200,-0.00012195,2025-10-30 18:00:00+00:00
1761850800,-6.841e-05,2025-10-30 19:00:00+00:00
1761854400,-0.00018634,2025-10-30 20:00:00+00:00
1761858000,-0.0002372,2025-10-30 21:00:00+00:00
1761861600,-0.00028106,2025-10-30 22:00:00+00:00
1761865200,-0.00030398,2025-10-30 23:00:00+00:00
1761868800,-0.00032201,2025-10-31 00:00:00+00:00
1761872400,-0.00030578,2025-10-31 01:00:00+00:00
1761876000,-0.00025511,2025-10-31 02:00:00+00:00
1761879600,-0.00021436,2025-10-31 03:00:00+00:00
1761883200,-0.00016481,2025-10-31 04:00:00+00:00
1761886800,-6.316e-05,2025-10-31 05:00:00+00:00
1761890400,-2.648e-05,2025-10-31 06:00:00+00:00
1761894000,-0.00010132,2025-10-31 07:00:00+00:00
1761897600,-0.00025677,2025-10-31 08:00:00+00:00
1761901200,-0.00046597,2025-10-31 09:00:00+00:00
1761904800,-0.00080723,2025-10-31 10:00:00+00:00
1761908400,-0.00056482,2025-10-31 11:00:00+00:00
1761912000,-0.00030658,2025-10-31 12:00:00+00:00
1761915600,-9.331e-05,2025-10-31 13:00:00+00:00
1761919200,-2e-06,2025-10-31 14:00:00+00:00
1761926400,0.0,2025-10-31 16:00:00+00:00
1761948000,-4.786e-05,2025-10-31 22:00:00+00:00
1761951600,-9.019e-05,2025-10-31 23:00:00+00:00
1761955200,-0.00019987,2025-11-01 00:00:00+00:00
1761958800,-0.00026776,2025-11-01 01:00:00+00:00
1761962400,-0.00021384,2025-11-01 02:00:00+00:00
1761966000,-0.0001955,2025-11-01 03:00:00+00:00
1761969600,-0.00017266,2025-11-01 04:00:00+00:00
1761973200,-0.00011686,2025-11-01 05:00:00+00:00
1761976800,-6.325e-05,2025-11-01 06:00:00+00:00
1761980400,-8.92e-06,2025-11-01 07:00:00+00:00
1761984000,-7e-08,2025-11-01 08:00:00+00:00
1761987600,-4.81e-06,2025-11-01 09:00:00+00:00
1761991200,-3.549e-05,2025-11-01 10:00:00+00:00
1761994800,-6.112e-05,2025-11-01 11:00:00+00:00
1761998400,-8.176e-05,2025-11-01 12:00:00+00:00
1762002000,-9.284e-05,2025-11-01 13:00:00+00:00
1762005600,-8.874e-05,2025-11-01 14:00:00+00:00
1762009200,-0.00014682,2025-11-01 15:00:00+00:00
1762012800,-0.00018549,2025-11-01 16:00:00+00:00
1762016400,-0.00018802,2025-11-01 17:00:00+00:00
1762020000,-0.00015088,2025-11-01 18:00:00+00:00
1762023600,-9.338e-05,2025-11-01 19:00:00+00:00
1762027200,-2.614e-05,2025-11-01 20:00:00+00:00
1762030800,-9.1e-07,2025-11-01 21:00:00+00:00
1762041600,0.0,2025-11-02 00:00:00+00:00
1762070400,0.0,2025-11-02 08:00:00+00:00
1762074000,-5.454e-05,2025-11-02 09:00:00+00:00
1762077600,-9.381e-05,2025-11-02 10:00:00+00:00
1762081200,-9.626e-05,2025-11-02 11:00:00+00:00
1762084800,-5.018e-05,2025-11-02 12:00:00+00:00
1762088400,-1.976e-05,2025-11-02 13:00:00+00:00
1762092000,-2.54e-06,2025-11-02 14:00:00+00:00
1762095600,-6.4e-07,2025-11-02 15:00:00+00:00
1762099200,0.0,2025-11-02 16:00:00+00:00
1762128000,0.0,2025-11-03 00:00:00+00:00
1762156800,0.0,2025-11-03 08:00:00+00:00
1762185600,0.0,2025-11-03 16:00:00+00:00
1762192800,-3.677e-05,2025-11-03 18:00:00+00:00
1762196400,-6.21e-05,2025-11-03 19:00:00+00:00
1762200000,-5.706e-05,2025-11-03 20:00:00+00:00
1762203600,-3.554e-05,2025-11-03 21:00:00+00:00
1762207200,-4.7e-07,2025-11-03 22:00:00+00:00
1762210800,-2.7e-07,2025-11-03 23:00:00+00:00
1762214400,0.0,2025-11-04 00:00:00+00:00
1762243200,0.0,2025-11-04 08:00:00+00:00
1762272000,0.0,2025-11-04 16:00:00+00:00
1762300800,0.0,2025-11-05 00:00:00+00:00
1762329600,0.0,2025-11-05 08:00:00+00:00
1762358400,0.0,2025-11-05 16:00:00+00:00
1762365600,-3.4e-07,2025-11-05 18:00:00+00:00
1762369200,-7.065e-05,2025-11-05 19:00:00+00:00
1762372800,-8.869e-05,2025-11-05 20:00:00+00:00
1762376400,-4.791e-05,2025-11-05 21:00:00+00:00
1762380000,-8.82e-06,2025-11-05 22:00:00+00:00
1762383600,-5e-08,2025-11-05 23:00:00+00:00
1762387200,0.0,2025-11-06 00:00:00+00:00
1762416000,0.0,2025-11-06 08:00:00+00:00
1762444800,0.0,2025-11-06 16:00:00+00:00
1762473600,0.0,2025-11-07 00:00:00+00:00
1762502400,0.0,2025-11-07 08:00:00+00:00
1762531200,0.0,2025-11-07 16:00:00+00:00
1762560000,0.0,2025-11-08 00:00:00+00:00
1762588800,0.0,2025-11-08 08:00:00+00:00
1762617600,0.0,2025-11-08 16:00:00+00:00
1762646400,0.0,2025-11-09 00:00:00+00:00
1762675200,0.0,2025-11-09 08:00:00+00:00
1762704000,-4.665e-05,2025-11-09 16:00:00+00:00
1762707600,-8.628e-05,2025-11-09 17:00:00+00:00
1762711200,-9.638e-05,2025-11-09 18:00:00+00:00
1762714800,-6.124e-05,2025-11-09 19:00:00+00:00
1762718400,-1.46e-05,2025-11-09 20:00:00+00:00
1762722000,-7.8e-07,2025-11-09 21:00:00+00:00
1762732800,0.0,2025-11-10 00:00:00+00:00
1762740000,-3.424e-05,2025-11-10 02:00:00+00:00
1762743600,-4.543e-05,2025-11-10 03:00:00+00:00
1762747200,-3.352e-05,2025-11-10 04:00:00+00:00
1762750800,-1.76e-05,2025-11-10 05:00:00+00:00
1762754400,-1.378e-05,2025-11-10 06:00:00+00:00
1762758000,-1.9e-07,2025-11-10 07:00:00+00:00
1762761600,-5.277e-05,2025-11-10 08:00:00+00:00
1762765200,-0.0001061,2025-11-10 09:00:00+00:00
1762768800,-0.00017498,2025-11-10 10:00:00+00:00
1762772400,-0.00020789,2025-11-10 11:00:00+00:00
1762776000,-0.00023026,2025-11-10 12:00:00+00:00
1762779600,-0.00024452,2025-11-10 13:00:00+00:00
1762783200,-0.00024424,2025-11-10 14:00:00+00:00
1762786800,-0.00021867,2025-11-10 15:00:00+00:00
1762790400,-0.00021597,2025-11-10 16:00:00+00:00
1762794000,-0.0001939,2025-11-10 17:00:00+00:00
1762797600,-0.00020259,2025-11-10 18:00:00+00:00
1762801200,-0.00020646,2025-11-10 19:00:00+00:00
1762804800,-0.00020285,2025-11-10 20:00:00+00:00
1762808400,-0.00021466,2025-11-10 21:00:00+00:00
1762812000,-0.00020507,2025-11-10 22:00:00+00:00
1762815600,-0.00015473,2025-11-10 23:00:00+00:00
1762819200,-0.00010787,2025-11-11 00:00:00+00:00
1762822800,-1.39e-06,2025-11-11 01:00:00+00:00
1762848000,0.0,2025-11-11 08:00:00+00:00
1762851600,-8.309e-05,2025-11-11 09:00:00+00:00
1762855200,-0.00014395,2025-11-11 10:00:00+00:00
1762858800,-0.00017221,2025-11-11 11:00:00+00:00
1762862400,-0.00015941,2025-11-11 12:00:00+00:00
1762866000,-8.879e-05,2025-11-11 13:00:00+00:00
1762869600,-1.446e-05,2025-11-11 14:00:00+00:00
1762873200,-7.8e-07,2025-11-11 15:00:00+00:00
1762876800,0.0,2025-11-11 16:00:00+00:00
1762905600,0.0,2025-11-12 00:00:00+00:00
1762934400,0.0,2025-11-12 08:00:00+00:00
1762963200,0.0,2025-11-12 16:00:00+00:00
1762981200,-1.456e-05,2025-11-12 21:00:00+00:00
1762984800,-2.989e-05,2025-11-12 22:00:00+00:00
1762988400,-2.88e-05,2025-11-12 23:00:00+00:00
1762992000,-1.943e-05,2025-11-13 00:00:00+00:00
1762995600,-3.639e-05,2025-11-13 01:00:00+00:00
1762999200,-5.421e-05,2025-11-13 02:00:00+00:00
1763002800,-4.995e-05,2025-11-13 03:00:00+00:00
1763006400,-3.54e-05,2025-11-13 04:00:00+00:00
1763010000,-7.5e-07,2025-11-13 05:00:00+00:00
1763020800,0.0,2025-11-13 08:00:00+00:00
1763049600,0.0,2025-11-13 16:00:00+00:00
1763078400,0.0,2025-11-14 00:00:00+00:00
1763107200,0.0,2025-11-14 08:00:00+00:00
1763136000,0.0,2025-11-14 16:00:00+00:00
1763154000,1.21e-06,2025-11-14 21:00:00+00:00
1763157600,5.4e-06,2025-11-14 22:00:00+00:00
1763161200,2.3e-07,2025-11-14 23:00:00+00:00
1763164800,0.0,2025-11-15 00:00:00+00:00
1763193600,0.0,2025-11-15 08:00:00+00:00
1763222400,0.0,2025-11-15 16:00:00+00:00
1763251200,0.0,2025-11-16 00:00:00+00:00
1763272800,2.685e-05,2025-11-16 06:00:00+00:00
1763276400,4.982e-05,2025-11-16 07:00:00+00:00
1763280000,6.087e-05,2025-11-16 08:00:00+00:00
1763283600,4.871e-05,2025-11-16 09:00:00+00:00
1763287200,2.155e-05,2025-11-16 10:00:00+00:00
1763290800,1.8e-07,2025-11-16 11:00:00+00:00
1763308800,0.0,2025-11-16 16:00:00+00:00
1763337600,0.0,2025-11-17 00:00:00+00:00
1763352000,1.772e-05,2025-11-17 04:00:00+00:00
1763355600,5.025e-05,2025-11-17 05:00:00+00:00
1763359200,7.188e-05,2025-11-17 06:00:00+00:00
1763362800,6.82e-05,2025-11-17 07:00:00+00:00
1763366400,4.649e-05,2025-11-17 08:00:00+00:00
1763370000,4.394e-05,2025-11-17 09:00:00+00:00
1763373600,5.317e-05,2025-11-17 10:00:00+00:00
1763377200,4.618e-05,2025-11-17 11:00:00+00:00
1763380800,2.474e-05,2025-11-17 12:00:00+00:00
1763384400,4.5e-07,2025-11-17 13:00:00+00:00
1763395200,0.0,2025-11-17 16:00:00+00:00
1763424000,0.0,2025-11-18 00:00:00+00:00
1763449200,4.928e-05,2025-11-18 07:00:00+00:00
1763452800,0.00010621,2025-11-18 08:00:00+00:00
1763456400,0.0001439,2025-11-18 09:00:00+00:00
1763460000,0.00014851,2025-11-18 10:00:00+00:00
1763463600,0.00014147,2025-11-18 11:00:00+00:00
1763467200,0.00012008,2025-11-18 12:00:00+00:00
1763470800,0.00011087,2025-11-18 13:00:00+00:00
1763474400,9.423e-05,2025-11-18 14:00:00+00:00
1763478000,6.524e-05,2025-11-18 15:00:00+00:00
1763481600,6.446e-05,2025-11-18 16:00:00+00:00
1763485200,5.503e-05,2025-11-18 17:00:00+00:00
1763488800,5.61e-05,2025-11-18 18:00:00+00:00
1763492400,6.748e-05,2025-11-18 19:00:00+00:00
1763496000,7.171e-05,2025-11-18 20:00:00+00:00
1763499600,7.809e-05,2025-11-18 21:00:00+00:00
1763503200,9.415e-05,2025-11-18 22:00:00+00:00
1763506800,9.957e-05,2025-11-18 23:00:00+00:00
1763510400,9.682e-05,2025-11-19 00:00:00+00:00
1763514000,0.00010273,2025-11-19 01:00:00+00:00
1763517600,0.00010951,2025-11-19 02:00:00+00:00
1763521200,9.724e-05,2025-11-19 03:00:00+00:00
1763524800,9.994e-05,2025-11-19 04:00:00+00:00
1763528400,0.00010457,2025-11-19 05:00:00+00:00
1763532000,0.00010076,2025-11-19 06:00:00+00:00
1763535600,8.977e-05,2025-11-19 07:00:00+00:00
1763539200,9.789e-05,2025-11-19 08:00:00+00:00
1763542800,7.899e-05,2025-11-19 09:00:00+00:00
1763546400,5.775e-05,2025-11-19 10:00:00+00:00
1763550000,6.192e-05,2025-11-19 11:00:00+00:00
1763553600,6.638e-05,2025-11-19 12:00:00+00:00
1763557200,6.18e-05,2025-11-19 13:00:00+00:00
1763560800,4.73e-05,2025-11-19 14:00:00+00:00
1763564400,6.13e-06,2025-11-19 15:00:00+00:00
1763568000,6.3e-07,2025-11-19 16:00:00+00:00
1763596800,0.0,2025-11-20 00:00:00+00:00
1763618400,1.27e-05,2025-11-20 06:00:00+00:00
1763622000,8.689e-05,2025-11-20 07:00:00+00:00
1763625600,0.00013799,2025-11-20 08:00:00+00:00
1763629200,0.00016387,2025-11-20 09:00:00+00:00
1763632800,0.00017283,2025-11-20 10:00:00+00:00
1763636400,0.00016629,2025-11-20 11:00:00+00:00
1763640000,0.00013973,2025-11-20 12:00:00+00:00
1763643600,8.885e-05,2025-11-20 13:00:00+00:00
1763647200,6.398e-05,2025-11-20 14:00:00+00:00
1763650800,5.937e-05,2025-11-20 15:00:00+00:00
1763654400,1.953e-05,2025-11-20 16:00:00+00:00
1763658000,2.7e-07,2025-11-20 17:00:00+00:00
1763683200,0.0,2025-11-21 00:00:00+00:00
1763697600,2.287e-05,2025-11-21 04:00:00+00:00
1763701200,5.143e-05,2025-11-21 05:00:00+00:00
1763704800,6.733e-05,2025-11-21 06:00:00+00:00
1763708400,2.824e-05,2025-11-21 07:00:00+00:00
1763712000,8.11e-06,2025-11-21 08:00:00+00:00
1763715600,1.712e-05,2025-11-21 09:00:00+00:00
1763719200,2.472e-05,2025-11-21 10:00:00+00:00
1763722800,3.533e-05,2025-11-21 11:00:00+00:00
1763726400,4.313e-05,2025-11-21 12:00:00+00:00
1763730000,2.143e-05,2025-11-21 13:00:00+00:00
1763733600,1.185e-05,2025-11-21 14:00:00+00:00
1763737200,1.027e-05,2025-11-21 15:00:00+00:00
1763740800,4e-06,2025-11-21 16:00:00+00:00
1763744400,6.41e-06,2025-11-21 17:00:00+00:00
1763748000,2.277e-05,2025-11-21 18:00:00+00:00
1763751600,3.392e-05,2025-11-21 19:00:00+00:00
1763755200,3.343e-05,2025-11-21 20:00:00+00:00
1763758800,3.298e-05,2025-11-21 21:00:00+00:00
1763762400,3.95e-05,2025-11-21 22:00:00+00:00
1763766000,5.07e-05,2025-11-21 23:00:00+00:00
1763769600,7.791e-05,2025-11-22 00:00:00+00:00
1763773200,8.696e-05,2025-11-22 01:00:00+00:00
1763776800,9.072e-05,2025-11-22 02:00:00+00:00
1763780400,8.589e-05,2025-11-22 03:00:00+00:00
1763784000,6.861e-05,2025-11-22 04:00:00+00:00
1763787600,6.248e-05,2025-11-22 05:00:00+00:00
1763791200,6.529e-05,2025-11-22 06:00:00+00:00
1763794800,6.614e-05,2025-11-22 07:00:00+00:00
1763798400,4.452e-05,2025-11-22 08:00:00+00:00
1763802000,2.509e-05,2025-11-22 09:00:00+00:00
1763805600,7.98e-06,2025-11-22 10:00:00+00:00
1763809200,3.668e-05,2025-11-22 11:00:00+00:00
1763812800,3.37e-05,2025-11-22 12:00:00+00:00
1763816400,1.8e-05,2025-11-22 13:00:00+00:00
1763820000,1.694e-05,2025-11-22 14:00:00+00:00
1763823600,1.562e-05,2025-11-22 15:00:00+00:00
1763827200,3.838e-05,2025-11-22 16:00:00+00:00
1763830800,6.574e-05,2025-11-22 17:00:00+00:00
1763834400,9.164e-05,2025-11-22 18:00:00+00:00
1763838000,0.00010994,2025-11-22 19:00:00+00:00
1763841600,0.00010384,2025-11-22 20:00:00+00:00
1763845200,9.552e-05,2025-11-22 21:00:00+00:00
1763848800,8.961e-05,2025-11-22 22:00:00+00:00
1763852400,7.793e-05,2025-11-22 23:00:00+00:00
1763856000,6.516e-05,2025-11-23 00:00:00+00:00
1763859600,4.957e-05,2025-11-23 01:00:00+00:00
1763863200,2.086e-05,2025-11-23 02:00:00+00:00
1763866800,6.81e-06,2025-11-23 03:00:00+00:00
1763870400,2.8e-07,2025-11-23 04:00:00+00:00
1763884800,0.0,2025-11-23 08:00:00+00:00
1763888400,2.03e-06,2025-11-23 09:00:00+00:00
1763892000,2.35e-06,2025-11-23 10:00:00+00:00
1763895600,2.3e-07,2025-11-23 11:00:00+00:00
1763913600,0.0,2025-11-23 16:00:00+00:00
1763942400,0.0,2025-11-24 00:00:00+00:00
1763960400,2.79e-05,2025-11-24 05:00:00+00:00
1763964000,7.099e-05,2025-11-24 06:00:00+00:00
1763967600,0.00011431,2025-11-24 07:00:00+00:00
1763971200,0.00011055,2025-11-24 08:00:00+00:00
1763974800,0.00010786,2025-11-24 09:00:00+00:00
1763978400,8.879e-05,2025-11-24 10:00:00+00:00
1763982000,7.603e-05,2025-11-24 11:00:00+00:00
1763985600,5.646e-05,2025-11-24 12:00:00+00:00
1763989200,2.688e-05,2025-11-24 13:00:00+00:00
1763992800,9.47e-06,2025-11-24 14:00:00+00:00
1763996400,9.58e-06,2025-11-24 15:00:00+00:00
1764000000,0.0,2025-11-24 16:00:00+00:00
1764003600,2.819e-05,2025-11-24 17:00:00+00:00
1764007200,3.446e-05,2025-11-24 18:00:00+00:00
1764010800,5.785e-05,2025-11-24 19:00:00+00:00
1764014400,9.457e-05,2025-11-24 20:00:00+00:00
1764018000,0.00012167,2025-11-24 21:00:00+00:00
1764021600,0.00013438,2025-11-24 22:00:00+00:00
1764025200,0.00014378,2025-11-24 23:00:00+00:00
1764028800,0.00012512,2025-11-25 00:00:00+00:00
1764032400,0.00010611,2025-11-25 01:00:00+00:00
1764036000,8.992e-05,2025-11-25 02:00:00+00:00
1764039600,6.241e-05,2025-11-25 03:00:00+00:00
1764043200,3.015e-05,2025-11-25 04:00:00+00:00
1764046800,6.97e-06,2025-11-25 05:00:00+00:00
1764050400,5.6e-07,2025-11-25 06:00:00+00:00
1764057600,0.0,2025-11-25 08:00:00+00:00
1764086400,0.0,2025-11-25 16:00:00+00:00
1764115200,0.0,2025-11-26 00:00:00+00:00
1764140400,8.49e-06,2025-11-26 07:00:00+00:00
1764144000,5.88e-06,2025-11-26 08:00:00+00:00
1764147600,3.48e-06,2025-11-26 09:00:00+00:00
1764151200,1.64e-06,2025-11-26 10:00:00+00:00
1764154800,1.7e-07,2025-11-26 11:00:00+00:00
1764172800,0.0,2025-11-26 16:00:00+00:00
1764176400,3.482e-05,2025-11-26 17:00:00+00:00
1764180000,8.269e-05,2025-11-26 18:00:00+00:00
1764183600,0.00012052,2025-11-26 19:00:00+00:00
1764187200,0.00013241,2025-11-26 20:00:00+00:00
1764190800,0.00012149,2025-11-26 21:00:00+00:00
1764194400,0.000106,2025-11-26 22:00:00+00:00
1764198000,5.775e-05,2025-11-26 23:00:00+00:00
1764201600,8.11e-06,2025-11-27 00:00:00+00:00
1764205200,3.5e-07,2025-11-27 01:00:00+00:00
1764230400,0.0,2025-11-27 08:00:00+00:00
1764259200,0.0,2025-11-27 16:00:00+00:00
1764288000,0.0,2025-11-28 00:00:00+00:00
1764298800,3.1e-06,2025-11-28 03:00:00+00:00
1764302400,2.023e-05,2025-11-28 04:00:00+00:00
1764306000,2.681e-05,2025-11-28 05:00:00+00:00
1764309600,9.41e-06,2025-11-28 06:00:00+00:00
1764313200,4.3e-07,2025-11-28 07:00:00+00:00
1764316800,0.0,2025-11-28 08:00:00+00:00
1764345600,0.0,2025-11-28 16:00:00+00:00
1764374400,0.0,2025-11-29 00:00:00+00:00
1764403200,0.0,2025-11-29 08:00:00+00:00
1764432000,0.0,2025-11-29 16:00:00+00:00
1764460800,0.0,2025-11-30 00:00:00+00:00
1764489600,0.0,2025-11-30 08:00:00+00:00
1764518400,0.0,2025-11-30 16:00:00+00:00
1764547200,0.0,2025-12-01 00:00:00+00:00
1764576000,0.0,2025-12-01 08:00:00+00:00
1764604800,0.0,2025-12-01 16:00:00+00:00
1764633600,0.0,2025-12-02 00:00:00+00:00
1764662400,0.0,2025-12-02 08:00:00+00:00
1764691200,0.0,2025-12-02 16:00:00+00:00
1764720000,0.0,2025-12-03 00:00:00+00:00
1764748800,0.0,2025-12-03 08:00:00+00:00
1764777600,6.53e-06,2025-12-03 16:00:00+00:00
1764781200,2.337e-05,2025-12-03 17:00:00+00:00
1764784800,2.189e-05,2025-12-03 18:00:00+00:00
1764788400,3.295e-05,2025-12-03 19:00:00+00:00
1764792000,3.872e-05,2025-12-03 20:00:00+00:00
1764795600,4.83e-05,2025-12-03 21:00:00+00:00
1764799200,5.015e-05,2025-12-03 22:00:00+00:00
1764802800,3.513e-05,2025-12-03 23:00:00+00:00
1764806400,2.443e-05,2025-12-04 00:00:00+00:00
1764810000,4e-07,2025-12-04 01:00:00+00:00
1764824400,5.9e-07,2025-12-04 05:00:00+00:00
1764828000,3.197e-05,2025-12-04 06:00:00+00:00
1764831600,5.53e-05,2025-12-04 07:00:00+00:00
1764835200,6.624e-05,2025-12-04 08:00:00+00:00
1764838800,6.508e-05,2025-12-04 09:00:00+00:00
1764842400,5.449e-05,2025-12-04 10:00:00+00:00
1764846000,3.928e-05,2025-12-04 11:00:00+00:00
1764849600,2.563e-05,2025-12-04 12:00:00+00:00
1764853200,3.599e-05,2025-12-04 13:00:00+00:00
1764856800,4.872e-05,2025-12-04 14:00:00+00:00
1764860400,5.791e-05,2025-12-04 15:00:00+00:00
1764864000,3.435e-05,2025-12-04 16:00:00+00:00
1764867600,1.646e-05,2025-12-04 17:00:00+00:00
1764871200,1.124e-05,2025-12-04 18:00:00+00:00
1764874800,1.662e-05,2025-12-04 19:00:00+00:00
1764878400,1.161e-05,2025-12-04 20:00:00+00:00
1764882000,8.24e-06,2025-12-04 21:00:00+00:00
1764885600,1.553e-05,2025-12-04 22:00:00+00:00
1764889200,2.223e-05,2025-12-04 23:00:00+00:00
1764892800,3.054e-05,2025-12-05 00:00:00+00:00
1764896400,3.029e-05,2025-12-05 01:00:00+00:00
1764900000,1.588e-05,2025-12-05 02:00:00+00:00
1764903600,1.69e-06,2025-12-05 03:00:00+00:00
1764907200,3e-08,2025-12-05 04:00:00+00:00
1764914400,3e-07,2025-12-05 06:00:00+00:00
1764918000,1.496e-05,2025-12-05 07:00:00+00:00
1764921600,2.898e-05,2025-12-05 08:00:00+00:00
1764925200,4.612e-05,2025-12-05 09:00:00+00:00
1764928800,5.844e-05,2025-12-05 10:00:00+00:00
1764932400,4.97e-05,2025-12-05 11:00:00+00:00
1764936000,3.605e-05,2025-12-05 12:00:00+00:00
1764939600,2.003e-05,2025-12-05 13:00:00+00:00
1764943200,2.271e-05,2025-12-05 14:00:00+00:00
1764946800,2.314e-05,2025-12-05 15:00:00+00:00
1764950400,3.219e-05,2025-12-05 16:00:00+00:00
1764954000,4.97e-05,2025-12-05 17:00:00+00:00
1764957600,5.135e-05,2025-12-05 18:00:00+00:00
1764961200,4.999e-05,2025-12-05 19:00:00+00:00
1764964800,3.823e-05,2025-12-05 20:00:00+00:00
1764968400,1.348e-05,2025-12-05 21:00:00+00:00
1764972000,2.9e-06,2025-12-05 22:00:00+00:00
1764975600,5e-08,2025-12-05 23:00:00+00:00
1764979200,0.0,2025-12-06 00:00:00+00:00
1765008000,0.0,2025-12-06 08:00:00+00:00
1765036800,0.0,2025-12-06 16:00:00+00:00
1765065600,0.0,2025-12-07 00:00:00+00:00
1765094400,0.0,2025-12-07 08:00:00+00:00
1765123200,0.0,2025-12-07 16:00:00+00:00
1765152000,0.0,2025-12-08 00:00:00+00:00
1765155600,1.82e-06,2025-12-08 01:00:00+00:00
1765159200,2.627e-05,2025-12-08 02:00:00+00:00
1765162800,4.287e-05,2025-12-08 03:00:00+00:00
1765166400,5.2e-05,2025-12-08 04:00:00+00:00
1765170000,5.521e-05,2025-12-08 05:00:00+00:00
1765173600,5.167e-05,2025-12-08 06:00:00+00:00
1765177200,2.87e-05,2025-12-08 07:00:00+00:00
1765180800,3.09e-06,2025-12-08 08:00:00+00:00
1765184400,4.94e-06,2025-12-08 09:00:00+00:00
1765188000,1.998e-05,2025-12-08 10:00:00+00:00
1765191600,3.348e-05,2025-12-08 11:00:00+00:00
1765195200,5.071e-05,2025-12-08 12:00:00+00:00
1765198800,5.845e-05,2025-12-08 13:00:00+00:00
1765202400,5.914e-05,2025-12-08 14:00:00+00:00
1765206000,3.338e-05,2025-12-08 15:00:00+00:00
1765209600,4.7e-07,2025-12-08 16:00:00+00:00
1765238400,0.0,2025-12-09 00:00:00+00:00
1765267200,0.0,2025-12-09 08:00:00+00:00
1765296000,0.0,2025-12-09 16:00:00+00:00
1765306800,6.116e-05,2025-12-09 19:00:00+00:00
1765310400,9.034e-05,2025-12-09 20:00:00+00:00
1765314000,9.284e-05,2025-12-09 21:00:00+00:00
1765317600,6.467e-05,2025-12-09 22:00:00+00:00
1765321200,1.106e-05,2025-12-09 23:00:00+00:00
1765324800,1.47e-06,2025-12-10 00:00:00+00:00
1765353600,0.0,2025-12-10 08:00:00+00:00
1765382400,0.0,2025-12-10 16:00:00+00:00
1765404000,1.68e-06,2025-12-10 22:00:00+00:00
1765407600,3.882e-05,2025-12-10 23:00:00+00:00
1765411200,2.248e-05,2025-12-11 00:00:00+00:00
1765414800,1.9e-07,2025-12-11 01:00:00+00:00
1765440000,0.0,2025-12-11 08:00:00+00:00
1765468800,0.0,2025-12-11 16:00:00+00:00
1765497600,0.0,2025-12-12 00:00:00+00:00
1765526400,0.0,2025-12-12 08:00:00+00:00
1765555200,0.0,2025-12-12 16:00:00+00:00
1765584000,0.0,2025-12-13 00:00:00+00:00
1765612800,0.0,2025-12-13 08:00:00+00:00
1765620000,2.5e-06,2025-12-13 10:00:00+00:00
1765623600,1.401e-05,2025-12-13 11:00:00+00:00
1765627200,3.526e-05,2025-12-13 12:00:00+00:00
1765630800,5.348e-05,2025-12-13 13:00:00+00:00
1765634400,5.287e-05,2025-12-13 14:00:00+00:00
1765638000,6.194e-05,2025-12-13 15:00:00+00:00
1765641600,7.104e-05,2025-12-13 16:00:00+00:00
1765645200,7.274e-05,2025-12-13 17:00:00+00:00
1765648800,6.661e-05,2025-12-13 18:00:00+00:00
1765652400,5.339e-05,2025-12-13 19:00:00+00:00
1765656000,4.274e-05,2025-12-13 20:00:00+00:00
1765659600,2.887e-05,2025-12-13 21:00:00+00:00
1765663200,3.534e-05,2025-12-13 22:00:00+00:00
1765666800,3.611e-05,2025-12-13 23:00:00+00:00
1765670400,4.123e-05,2025-12-14 00:00:00+00:00
1765674000,2.354e-05,2025-12-14 01:00:00+00:00
1765677600,1.795e-05,2025-12-14 02:00:00+00:00
1765681200,1.351e-05,2025-12-14 03:00:00+00:00
1765684800,8.88e-06,2025-12-14 04:00:00+00:00
1765688400,1.5e-07,2025-12-14 05:00:00+00:00
1765699200,0.0,2025-12-14 08:00:00+00:00
1765706400,1.7e-07,2025-12-14 10:00:00+00:00
1765720800,6.08e-06,2025-12-14 14:00:00+00:00
1765724400,1.563e-05,2025-12-14 15:00:00+00:00
1765728000,3e-05,2025-12-14 16:00:00+00:00
1765731600,2.58e-05,2025-12-14 17:00:00+00:00
1765735200,1.018e-05,2025-12-14 18:00:00+00:00
1765738800,9e-08,2025-12-14 19:00:00+00:00
1765756800,0.0,2025-12-15 00:00:00+00:00
1765785600,1.87e-06,2025-12-15 08:00:00+00:00
1765789200,1.657e-05,2025-12-15 09:00:00+00:00
1765792800,3.53e-05,2025-12-15 10:00:00+00:00
1765796400,4.316e-05,2025-12-15 11:00:00+00:00
1765800000,4.051e-05,2025-12-15 12:00:00+00:00
1765803600,4.025e-05,2025-12-15 13:00:00+00:00
1765807200,3.275e-05,2025-12-15 14:00:00+00:00
1765810800,1.93e-06,2025-12-15 15:00:00+00:00
1765814400,0.0,2025-12-15 16:00:00+00:00
1765843200,0.0,2025-12-16 00:00:00+00:00
1765872000,0.0,2025-12-16 08:00:00+00:00
1765900800,0.0,2025-12-16 16:00:00+00:00
1765929600,0.0,2025-12-17 00:00:00+00:00
1765936800,1.659e-05,2025-12-17 02:00:00+00:00
1765940400,2.548e-05,2025-12-17 03:00:00+00:00
1765944000,2.349e-05,2025-12-17 04:00:00+00:00
1765947600,2.491e-05,2025-12-17 05:00:00+00:00
1765951200,8.44e-06,2025-12-17 06:00:00+00:00
1765954800,9e-07,2025-12-17 07:00:00+00:00
1765958400,0.0,2025-12-17 08:00:00+00:00
1765987200,0.0,2025-12-17 16:00:00+00:00
1766016000,0.0,2025-12-18 00:00:00+00:00
1766044800,0.0,2025-12-18 08:00:00+00:00
1766073600,0.0,2025-12-18 16:00:00+00:00
1766102400,0.0,2025-12-19 00:00:00+00:00
1766131200,0.0,2025-12-19 08:00:00+00:00
1766160000,0.0,2025-12-19 16:00:00+00:00
1766178000,2.23e-05,2025-12-19 21:00:00+00:00
1766181600,6.191e-05,2025-12-19 22:00:00+00:00
1766185200,6.564e-05,2025-12-19 23:00:00+00:00
1766188800,6.478e-05,2025-12-20 00:00:00+00:00
1766192400,5.289e-05,2025-12-20 01:00:00+00:00
1766196000,4.262e-05,2025-12-20 02:00:00+00:00
1766199600,2.499e-05,2025-12-20 03:00:00+00:00
1766203200,7.13e-06,2025-12-20 04:00:00+00:00
1766206800,1.664e-05,2025-12-20 05:00:00+00:00
1766210400,3.327e-05,2025-12-20 06:00:00+00:00
1766214000,4.864e-05,2025-12-20 07:00:00+00:00
1766217600,5.398e-05,2025-12-20 08:00:00+00:00
1766221200,4.511e-05,2025-12-20 09:00:00+00:00
1766224800,5.108e-05,2025-12-20 10:00:00+00:00
1766228400,5.745e-05,2025-12-20 11:00:00+00:00
1766232000,5.854e-05,2025-12-20 12:00:00+00:00
1766235600,6.176e-05,2025-12-20 13:00:00+00:00
1766239200,6.398e-05,2025-12-20 14:00:00+00:00
1766242800,5.884e-05,2025-12-20 15:00:00+00:00
1766246400,6.291e-05,2025-12-20 16:00:00+00:00
1766250000,6.404e-05,2025-12-20 17:00:00+00:00
1766253600,6.06e-05,2025-12-20 18:00:00+00:00
1766257200,4.395e-05,2025-12-20 19:00:00+00:00
1766260800,3.402e-05,2025-12-20 20:00:00+00:00
1766264400,1.648e-05,2025-12-20 21:00:00+00:00
1766268000,1.403e-05,2025-12-20 22:00:00+00:00
1766271600,1.112e-05,2025-12-20 23:00:00+00:00
1766275200,1.8e-07,2025-12-21 00:00:00+00:00
1766304000,0.0,2025-12-21 08:00:00+00:00
1766307600,4.84e-06,2025-12-21 09:00:00+00:00
1766311200,5.97e-06,2025-12-21 10:00:00+00:00
1766314800,1.623e-05,2025-12-21 11:00:00+00:00
1766318400,3.414e-05,2025-12-21 12:00:00+00:00
1766322000,2.675e-05,2025-12-21 13:00:00+00:00
1766325600,1.007e-05,2025-12-21 14:00:00+00:00
1766329200,5.45e-06,2025-12-21 15:00:00+00:00
1766332800,1.7e-07,2025-12-21 16:00:00+00:00
1766340000,1.7e-07,2025-12-21 18:00:00+00:00
1766347200,4.03e-06,2025-12-21 20:00:00+00:00
1766350800,3.59e-06,2025-12-21 21:00:00+00:00
1766354400,5.88e-06,2025-12-21 22:00:00+00:00
1766358000,1.529e-05,2025-12-21 23:00:00+00:00
1766361600,4.015e-05,2025-12-22 00:00:00+00:00
1766365200,4.395e-05,2025-12-22 01:00:00+00:00
1766368800,2.503e-05,2025-12-22 02:00:00+00:00
1766372400,8.58e-06,2025-12-22 03:00:00+00:00
1766376000,1.8e-07,2025-12-22 04:00:00+00:00
1766379600,4.23e-06,2025-12-22 05:00:00+00:00
1766383200,1.497e-05,2025-12-22 06:00:00+00:00
1766386800,4.3e-07,2025-12-22 07:00:00+00:00
1766390400,0.0,2025-12-22 08:00:00+00:00
1766397600,1.068e-05,2025-12-22 10:00:00+00:00
1766401200,4.838e-05,2025-12-22 11:00:00+00:00
1766404800,7.154e-05,2025-12-22 12:00:00+00:00
1766408400,8.341e-05,2025-12-22 13:00:00+00:00
1766412000,8.216e-05,2025-12-22 14:00:00+00:00
1766415600,8.112e-05,2025-12-22 15:00:00+00:00
1766419200,9.427e-05,2025-12-22 16:00:00+00:00
1766422800,0.0001152,2025-12-22 17:00:00+00:00
1766426400,0.00012943,2025-12-22 18:00:00+00:00
1766430000,0.0001265,2025-12-22 19:00:00+00:00
1766433600,0.00010563,2025-12-22 20:00:00+00:00
1766437200,7.632e-05,2025-12-22 21:00:00+00:00
1766440800,4.344e-05,2025-12-22 22:00:00+00:00
1766444400,1.937e-05,2025-12-22 23:00:00+00:00
1766448000,2.7e-07,2025-12-23 00:00:00+00:00
1766476800,0.0,2025-12-23 08:00:00+00:00
1766505600,0.0,2025-12-23 16:00:00+00:00
1766534400,0.0,2025-12-24 00:00:00+00:00
1766563200,0.0,2025-12-24 08:00:00+00:00
1766592000,0.0,2025-12-24 16:00:00+00:00
1766620800,0.0,2025-12-25 00:00:00+00:00
1766649600,0.0,2025-12-25 08:00:00+00:00
1766678400,0.0,2025-12-25 16:00:00+00:00
1766707200,0.0,2025-12-26 00:00:00+00:00
1766736000,0.0,2025-12-26 08:00:00+00:00
1766764800,0.0,2025-12-26 16:00:00+00:00
1766793600,0.0,2025-12-27 00:00:00+00:00
1766822400,0.0,2025-12-27 08:00:00+00:00
1766844000,3.34e-06,2025-12-27 14:00:00+00:00
1766847600,4.83e-05,2025-12-27 15:00:00+00:00
1766851200,8.049e-05,2025-12-27 16:00:00+00:00
1766854800,9.092e-05,2025-12-27 17:00:00+00:00
1766858400,8.168e-05,2025-12-27 18:00:00+00:00
1766862000,7.718e-05,2025-12-27 19:00:00+00:00
1766865600,6.093e-05,2025-12-27 20:00:00+00:00
1766869200,5.219e-05,2025-12-27 21:00:00+00:00
1766872800,4.851e-05,2025-12-27 22:00:00+00:00
1766876400,4.513e-05,2025-12-27 23:00:00+00:00
1766880000,4.368e-05,2025-12-28 00:00:00+00:00
1766883600,4.853e-05,2025-12-28 01:00:00+00:00
1766887200,5.134e-05,2025-12-28 02:00:00+00:00
1766890800,4.039e-05,2025-12-28 03:00:00+00:00
1766894400,4.439e-05,2025-12-28 04:00:00+00:00
1766898000,4.627e-05,2025-12-28 05:00:00+00:00
1766901600,3.539e-05,2025-12-28 06:00:00+00:00
1766905200,1.979e-05,2025-12-28 07:00:00+00:00
1766908800,1.36e-05,2025-12-28 08:00:00+00:00
1766912400,1.161e-05,2025-12-28 09:00:00+00:00
1766916000,2.463e-05,2025-12-28 10:00:00+00:00
1766919600,6.483e-05,2025-12-28 11:00:00+00:00
1766923200,9.984e-05,2025-12-28 12:00:00+00:00
1766926800,0.00010937,2025-12-28 13:00:00+00:00
1766930400,0.00010939,2025-12-28 14:00:00+00:00
1766934000,0.00010976,2025-12-28 15:00:00+00:00
1766937600,0.00011357,2025-12-28 16:00:00+00:00
1766941200,0.00011284,2025-12-28 17:00:00+00:00
1766944800,0.00011862,2025-12-28 18:00:00+00:00
1766948400,0.00012798,2025-12-28 19:00:00+00:00
1766952000,0.00013173,2025-12-28 20:00:00+00:00
1766955600,0.00013085,2025-12-28 21:00:00+00:00
1766959200,0.00012796,2025-12-28 22:00:00+00:00
1766962800,0.00011598,2025-12-28 23:00:00+00:00
1766966400,0.00010366,2025-12-29 00:00:00+00:00
1766970000,9.037e-05,2025-12-29 01:00:00+00:00
1766973600,7.272e-05,2025-12-29 02:00:00+00:00
1766977200,4.284e-05,2025-12-29 03:00:00+00:00
1766980800,9.74e-06,2025-12-29 04:00:00+00:00
1766984400,4.5e-07,2025-12-29 05:00:00+00:00
1766995200,0.0,2025-12-29 08:00:00+00:00
1766998800,1.3e-07,2025-12-29 09:00:00+00:00
1767024000,0.0,2025-12-29 16:00:00+00:00
1767052800,0.0,2025-12-30 00:00:00+00:00
1767074400,2.2e-07,2025-12-30 06:00:00+00:00
1767081600,0.0,2025-12-30 08:00:00+00:00
1767103200,3.42e-06,2025-12-30 14:00:00+00:00
1767106800,2.055e-05,2025-12-30 15:00:00+00:00
1767110400,5.073e-05,2025-12-30 16:00:00+00:00
1767114000,8.012e-05,2025-12-30 17:00:00+00:00
1767117600,0.00011363,2025-12-30 18:00:00+00:00
1767121200,0.00012401,2025-12-30 19:00:00+00:00
1767124800,0.00012171,2025-12-30 20:00:00+00:00
1767128400,0.00011359,2025-12-30 21:00:00+00:00
1767132000,9.945e-05,2025-12-30 22:00:00+00:00
1767135600,7.063e-05,2025-12-30 23:00:00+00:00
1767139200,5.744e-05,2025-12-31 00:00:00+00:00
1767142800,5.364e-05,2025-12-31 01:00:00+00:00
1767146400,3.112e-05,2025-12-31 02:00:00+00:00
1767150000,1.634e-05,2025-12-31 03:00:00+00:00
1767153600,7e-08,2025-12-31 04:00:00+00:00
1767168000,2.34e-06,2025-12-31 08:00:00+00:00
1767171600,5.005e-05,2025-12-31 09:00:00+00:00
1767175200,7.754e-05,2025-12-31 10:00:00+00:00
1767178800,9.757e-05,2025-12-31 11:00:00+00:00
1767182400,9.271e-05,2025-12-31 12:00:00+00:00
1767186000,8.49e-05,2025-12-31 13:00:00+00:00
1767189600,0.00010147,2025-12-31 14:00:00+00:00
1767193200,7.346e-05,2025-12-31 15:00:00+00:00
1767196800,5.443e-05,2025-12-31 16:00:00+00:00
1767200400,4.126e-05,2025-12-31 17:00:00+00:00
1767204000,2.886e-05,2025-12-31 18:00:00+00:00
1767207600,9.53e-06,2025-12-31 19:00:00+00:00
1767211200,3.85e-06,2025-12-31 20:00:00+00:00
1767214800,1.814e-05,2025-12-31 21:00:00+00:00
1767218400,4.191e-05,2025-12-31 22:00:00+00:00
1767222000,6.521e-05,2025-12-31 23:00:00+00:00
1767225600,7.469e-05,2026-01-01 00:00:00+00:00
1767229200,8.661e-05,2026-01-01 01:00:00+00:00
1767232800,9.621e-05,2026-01-01 02:00:00+00:00
1767236400,0.00010168,2026-01-01 03:00:00+00:00
1767240000,9.48e-05,2026-01-01 04:00:00+00:00
1767243600,9.501e-05,2026-01-01 05:00:00+00:00
1767247200,9.501e-05,2026-01-01 06:00:00+00:00
1767250800,7.173e-05,2026-01-01 07:00:00+00:00
1767254400,3.919e-05,2026-01-01 08:00:00+00:00
1767258000,8.5e-06,2026-01-01 09:00:00+00:00
1767261600,3e-07,2026-01-01 10:00:00+00:00
1767283200,0.0,2026-01-01 16:00:00+00:00
1767312000,0.0,2026-01-02 00:00:00+00:00
1767340800,0.0,2026-01-02 08:00:00+00:00
1767366000,5.323e-05,2026-01-02 15:00:00+00:00
1767369600,0.00011241,2026-01-02 16:00:00+00:00
1767373200,0.00015602,2026-01-02 17:00:00+00:00
1767376800,0.00018111,2026-01-02 18:00:00+00:00
1767380400,0.00018245,2026-01-02 19:00:00+00:00
1767384000,0.00017512,2026-01-02 20:00:00+00:00
1767387600,0.00015152,2026-01-02 21:00:00+00:00
1767391200,0.00012433,2026-01-02 22:00:00+00:00
1767394800,0.00010055,2026-01-02 23:00:00+00:00
1767398400,9.686e-05,2026-01-03 00:00:00+00:00
1767402000,9.69e-05,2026-01-03 01:00:00+00:00
1767405600,8.205e-05,2026-01-03 02:00:00+00:00
1767409200,6.621e-05,2026-01-03 03:00:00+00:00
1767412800,5.708e-05,2026-01-03 04:00:00+00:00
1767416400,4.198e-05,2026-01-03 05:00:00+00:00
1767420000,2.944e-05,2026-01-03 06:00:00+00:00
1767423600,3.998e-05,2026-01-03 07:00:00+00:00
1767427200,5.071e-05,2026-01-03 08:00:00+00:00
1767430800,5.352e-05,2026-01-03 09:00:00+00:00
1767434400,5.252e-05,2026-01-03 10:00:00+00:00
1767438000,4.925e-05,2026-01-03 11:00:00+00:00
1767441600,4.506e-05,2026-01-03 12:00:00+00:00
1767445200,3.048e-05,2026-01-03 13:00:00+00:00
1767448800,1e-06,2026-01-03 14:00:00+00:00
1767456000,0.0,2026-01-03 16:00:00+00:00
1767474000,1.126e-05,2026-01-03 21:00:00+00:00
1767477600,1.756e-05,2026-01-03 22:00:00+00:00
1767481200,2.164e-05,2026-01-03 23:00:00+00:00
1767484800,2.439e-05,2026-01-04 00:00:00+00:00
1767488400,3.638e-05,2026-01-04 01:00:00+00:00
1767492000,4.775e-05,2026-01-04 02:00:00+00:00
1767495600,5.426e-05,2026-01-04 03:00:00+00:00
1767499200,6.758e-05,2026-01-04 04:00:00+00:00
1767502800,6.294e-05,2026-01-04 05:00:00+00:00
1767506400,5.46e-05,2026-01-04 06:00:00+00:00
1767510000,4.64e-05,2026-01-04 07:00:00+00:00
1767513600,3.346e-05,2026-01-04 08:00:00+00:00
1767517200,4.167e-05,2026-01-04 09:00:00+00:00
1767520800,5.818e-05,2026-01-04 10:00:00+00:00
1767524400,6.168e-05,2026-01-04 11:00:00+00:00
1767528000,6.706e-05,2026-01-04 12:00:00+00:00
1767531600,9.239e-05,2026-01-04 13:00:00+00:00
1767535200,0.00010561,2026-01-04 14:00:00+00:00
1767538800,0.00010035,2026-01-04 15:00:00+00:00
1767542400,0.0001333,2026-01-04 16:00:00+00:00
1767546000,0.00015692,2026-01-04 17:00:00+00:00
1767549600,0.00017174,2026-01-04 18:00:00+00:00
1767553200,0.00017981,2026-01-04 19:00:00+00:00
1767556800,0.00018376,2026-01-04 20:00:00+00:00
1767560400,0.00017149,2026-01-04 21:00:00+00:00
1767564000,0.00013938,2026-01-04 22:00:00+00:00
1767567600,0.00010532,2026-01-04 23:00:00+00:00
1767571200,9.12e-05,2026-01-05 00:00:00+00:00
1767574800,8.772e-05,2026-01-05 01:00:00+00:00
1767578400,8.975e-05,2026-01-05 02:00:00+00:00
1767582000,8.444e-05,2026-01-05 03:00:00+00:00
1767585600,6.494e-05,2026-01-05 04:00:00+00:00
1767589200,4.168e-05,2026-01-05 05:00:00+00:00
1767592800,2.513e-05,2026-01-05 06:00:00+00:00
1767596400,9.19e-06,2026-01-05 07:00:00+00:00
1767600000,1.5e-07,2026-01-05 08:00:00+00:00
1767607200,2.11e-05,2026-01-05 10:00:00+00:00
1767610800,4.758e-05,2026-01-05 11:00:00+00:00
1767614400,7.208e-05,2026-01-05 12:00:00+00:00
1767618000,8.282e-05,2026-01-05 13:00:00+00:00
1767621600,8.44e-05,2026-01-05 14:00:00+00:00
1767625200,5.987e-05,2026-01-05 15:00:00+00:00
1767628800,4.145e-05,2026-01-05 16:00:00+00:00
1767632400,3.86e-05,2026-01-05 17:00:00+00:00
1767636000,4.756e-05,2026-01-05 18:00:00+00:00
1767639600,5.46e-05,2026-01-05 19:00:00+00:00
1767643200,7.333e-05,2026-01-05 20:00:00+00:00
1767646800,8.343e-05,2026-01-05 21:00:00+00:00
1767650400,9.731e-05,2026-01-05 22:00:00+00:00
1767654000,0.00010224,2026-01-05 23:00:00+00:00
1767657600,9.496e-05,2026-01-06 00:00:00+00:00
1767661200,9.482e-05,2026-01-06 01:00:00+00:00
1767664800,9.478e-05,2026-01-06 02:00:00+00:00
1767668400,8.502e-05,2026-01-06 03:00:00+00:00
1767672000,6.888e-05,2026-01-06 04:00:00+00:00
1767675600,3.388e-05,2026-01-06 05:00:00+00:00
1767679200,7.8e-07,2026-01-06 06:00:00+00:00
1767686400,0.0,2026-01-06 08:00:00+00:00
1767704400,5.95e-06,2026-01-06 13:00:00+00:00
1767708000,3.972e-05,2026-01-06 14:00:00+00:00
1767711600,5.142e-05,2026-01-06 15:00:00+00:00
1767715200,6.312e-05,2026-01-06 16:00:00+00:00
1767718800,4.942e-05,2026-01-06 17:00:00+00:00
1767722400,1.355e-05,2026-01-06 18:00:00+00:00
1767726000,5e-08,2026-01-06 19:00:00+00:00
1767740400,4.058e-05,2026-01-06 23:00:00+00:00
1767744000,7.371e-05,2026-01-07 00:00:00+00:00
1767747600,9.292e-05,2026-01-07 01:00:00+00:00
1767751200,0.00010269,2026-01-07 02:00:00+00:00
1767754800,9.433e-05,2026-01-07 03:00:00+00:00
1767758400,8.053e-05,2026-01-07 04:00:00+00:00
1767762000,8.524e-05,2026-01-07 05:00:00+00:00
1767765600,8.642e-05,2026-01-07 06:00:00+00:00
1767769200,6.57e-05,2026-01-07 07:00:00+00:00
1767772800,3.617e-05,2026-01-07 08:00:00+00:00
1767776400,1.65e-06,2026-01-07 09:00:00+00:00
1767780000,3.595e-05,2026-01-07 10:00:00+00:00
1767783600,6.718e-05,2026-01-07 11:00:00+00:00
1767787200,7.004e-05,2026-01-07 12:00:00+00:00
1767790800,5.728e-05,2026-01-07 13:00:00+00:00
1767794400,3.09e-05,2026-01-07 14:00:00+00:00
1767798000,3.93e-06,2026-01-07 15:00:00+00:00
1767801600,4.4e-07,2026-01-07 16:00:00+00:00
1767823200,1.397e-05,2026-01-07 22:00:00+00:00
1767826800,4.515e-05,2026-01-07 23:00:00+00:00
1767830400,6.252e-05,2026-01-08 00:00:00+00:00
1767834000,6.087e-05,2026-01-08 01:00:00+00:00
1767837600,5.87e-06,2026-01-08 02:00:00+00:00
1767841200,2.6e-07,2026-01-08 03:00:00+00:00
1767859200,0.0,2026-01-08 08:00:00+00:00
1767888000,0.0,2026-01-08 16:00:00+00:00
1767916800,0.0,2026-01-09 00:00:00+00:00
1767945600,0.0,2026-01-09 08:00:00+00:00
1767974400,0.0,2026-01-09 16:00:00+00:00
1767996000,5.64e-06,2026-01-09 22:00:00+00:00
1767999600,1.099e-05,2026-01-09 23:00:00+00:00
1768003200,1.986e-05,2026-01-10 00:00:00+00:00
1768006800,2.426e-05,2026-01-10 01:00:00+00:00
1768010400,1.548e-05,2026-01-10 02:00:00+00:00
1768014000,6.55e-06,2026-01-10 03:00:00+00:00
1768017600,3.798e-05,2026-01-10 04:00:00+00:00
1768021200,7.374e-05,2026-01-10 05:00:00+00:00
1768024800,0.00010712,2026-01-10 06:00:00+00:00
1768028400,0.00012643,2026-01-10 07:00:00+00:00
1768032000,0.00013696,2026-01-10 08:00:00+00:00
1768035600,0.00012312,2026-01-10 09:00:00+00:00
1768039200,9.743e-05,2026-01-10 10:00:00+00:00
1768042800,7.926e-05,2026-01-10 11:00:00+00:00
1768046400,5.426e-05,2026-01-10 12:00:00+00:00
1768050000,1.992e-05,2026-01-10 13:00:00+00:00
1768053600,2.1e-06,2026-01-10 14:00:00+00:00
1768057200,5.42e-06,2026-01-10 15:00:00+00:00
1768060800,2.895e-05,2026-01-10 16:00:00+00:00
1768064400,6.653e-05,2026-01-10 17:00:00+00:00
1768068000,8.896e-05,2026-01-10 18:00:00+00:00
1768071600,0.00012824,2026-01-10 19:00:00+00:00
1768075200,0.00016168,2026-01-10 20:00:00+00:00
1768078800,0.00016312,2026-01-10 21:00:00+00:00
1768082400,0.00014781,2026-01-10 22:00:00+00:00
1768086000,0.00013474,2026-01-10 23:00:00+00:00
1768089600,0.00012522,2026-01-11 00:00:00+00:00
1768093200,0.00010792,2026-01-11 01:00:00+00:00
1768096800,9.908e-05,2026-01-11 02:00:00+00:00
1768100400,9.463e-05,2026-01-11 03:00:00+00:00
1768104000,0.00010148,2026-01-11 04:00:00+00:00
1768107600,0.00010197,2026-01-11 05:00:00+00:00
1768111200,9.945e-05,2026-01-11 06:00:00+00:00
1768114800,9.446e-05,2026-01-11 07:00:00+00:00
1768118400,9.476e-05,2026-01-11 08:00:00+00:00
1768122000,9.361e-05,2026-01-11 09:00:00+00:00
1768125600,8.016e-05,2026-01-11 10:00:00+00:00
1768129200,7.612e-05,2026-01-11 11:00:00+00:00
1768132800,6.725e-05,2026-01-11 12:00:00+00:00
1768136400,4.693e-05,2026-01-11 13:00:00+00:00
1768140000,4.538e-05,2026-01-11 14:00:00+00:00
1768143600,3.344e-05,2026-01-11 15:00:00+00:00
1768147200,1.852e-05,2026-01-11 16:00:00+00:00
1768150800,5.53e-06,2026-01-11 17:00:00+00:00
1768154400,7.13e-06,2026-01-11 18:00:00+00:00
1768158000,1.174e-05,2026-01-11 19:00:00+00:00
1768161600,1.854e-05,2026-01-11 20:00:00+00:00
1768165200,1.049e-05,2026-01-11 21:00:00+00:00
1768168800,8.37e-06,2026-01-11 22:00:00+00:00
1768172400,4e-07,2026-01-11 23:00:00+00:00
1768176000,1.8e-07,2026-01-12 00:00:00+00:00
1768204800,0.0,2026-01-12 08:00:00+00:00
1768230000,7.6e-07,2026-01-12 15:00:00+00:00
1768233600,2.864e-05,2026-01-12 16:00:00+00:00
1768237200,5.839e-05,2026-01-12 17:00:00+00:00
1768240800,9.351e-05,2026-01-12 18:00:00+00:00
1768244400,0.00010977,2026-01-12 19:00:00+00:00
1768248000,0.00011857,2026-01-12 20:00:00+00:00
1768251600,0.0001056,2026-01-12 21:00:00+00:00
1768255200,9.942e-05,2026-01-12 22:00:00+00:00
1768258800,8.825e-05,2026-01-12 23:00:00+00:00
1768262400,8.73e-05,2026-01-13 00:00:00+00:00
1768266000,8.517e-05,2026-01-13 01:00:00+00:00
1768269600,7.855e-05,2026-01-13 02:00:00+00:00
1768273200,7.741e-05,2026-01-13 03:00:00+00:00
1768276800,8.629e-05,2026-01-13 04:00:00+00:00
1768280400,0.00010144,2026-01-13 05:00:00+00:00
1768284000,0.00010464,2026-01-13 06:00:00+00:00
1768287600,4.761e-05,2026-01-13 07:00:00+00:00
1768291200,8.6e-07,2026-01-13 08:00:00+00:00
1768309200,7.259e-05,2026-01-13 13:00:00+00:00
1768312800,0.00010683,2026-01-13 14:00:00+00:00
1768316400,0.0001387,2026-01-13 15:00:00+00:00
1768320000,0.00019095,2026-01-13 16:00:00+00:00
1768323600,0.00020152,2026-01-13 17:00:00+00:00
1768327200,0.00020558,2026-01-13 18:00:00+00:00
1768330800,0.0002018,2026-01-13 19:00:00+00:00
1768334400,0.00020608,2026-01-13 20:00:00+00:00
1768338000,0.00020139,2026-01-13 21:00:00+00:00
1768341600,0.00017341,2026-01-13 22:00:00+00:00
1768345200,0.00014648,2026-01-13 23:00:00+00:00
1768348800,0.00012566,2026-01-14 00:00:00+00:00
1768352400,0.00010331,2026-01-14 01:00:00+00:00
1768356000,0.00011611,2026-01-14 02:00:00+00:00
1768359600,0.00011989,2026-01-14 03:00:00+00:00
1768363200,0.00011462,2026-01-14 04:00:00+00:00
1768366800,0.00011529,2026-01-14 05:00:00+00:00
1768370400,0.00012745,2026-01-14 06:00:00+00:00
1768374000,0.00011357,2026-01-14 07:00:00+00:00
1768377600,9.719e-05,2026-01-14 08:00:00+00:00
1768381200,7.565e-05,2026-01-14 09:00:00+00:00
1768384800,6.017e-05,2026-01-14 10:00:00+00:00
1768388400,5.248e-05,2026-01-14 11:00:00+00:00
1768392000,4.803e-05,2026-01-14 12:00:00+00:00
1768395600,4.79e-05,2026-01-14 13:00:00+00:00
1768399200,5.187e-05,2026-01-14 14:00:00+00:00
1768402800,5.183e-05,2026-01-14 15:00:00+00:00
1768406400,5.029e-05,2026-01-14 16:00:00+00:00
1768410000,5.373e-05,2026-01-14 17:00:00+00:00
1768413600,6.812e-05,2026-01-14 18:00:00+00:00
1768417200,7.961e-05,2026-01-14 19:00:00+00:00
1768420800,8.688e-05,2026-01-14 20:00:00+00:00
1768424400,9.733e-05,2026-01-14 21:00:00+00:00
1768428000,0.00010556,2026-01-14 22:00:00+00:00
1768431600,0.00011011,2026-01-14 23:00:00+00:00
1768435200,0.00011239,2026-01-15 00:00:00+00:00
1768438800,0.00010184,2026-01-15 01:00:00+00:00
1768442400,9.869e-05,2026-01-15 02:00:00+00:00
1768446000,9.358e-05,2026-01-15 03:00:00+00:00
1768449600,7.269e-05,2026-01-15 04:00:00+00:00
1768453200,4.532e-05,2026-01-15 05:00:00+00:00
1768456800,2.331e-05,2026-01-15 06:00:00+00:00
1768460400,4.85e-06,2026-01-15 07:00:00+00:00
1768464000,5.09e-06,2026-01-15 08:00:00+00:00
1768467600,1.132e-05,2026-01-15 09:00:00+00:00
1768471200,1.543e-05,2026-01-15 10:00:00+00:00
1768474800,3.228e-05,2026-01-15 11:00:00+00:00
1768478400,4.552e-05,2026-01-15 12:00:00+00:00
1768482000,6.462e-05,2026-01-15 13:00:00+00:00
1768485600,6.584e-05,2026-01-15 14:00:00+00:00
1768489200,4.633e-05,2026-01-15 15:00:00+00:00
1768492800,3.113e-05,2026-01-15 16:00:00+00:00
1768496400,2.694e-05,2026-01-15 17:00:00+00:00
1768500000,4e-08,2026-01-15 18:00:00+00:00
1768521600,0.0,2026-01-16 00:00:00+00:00
1768550400,0.0,2026-01-16 08:00:00+00:00
1768579200,0.0,2026-01-16 16:00:00+00:00
1768608000,0.0,2026-01-17 00:00:00+00:00
1768636800,0.0,2026-01-17 08:00:00+00:00
1768665600,2.009e-05,2026-01-17 16:00:00+00:00
1768669200,3.759e-05,2026-01-17 17:00:00+00:00
1768672800,6.995e-05,2026-01-17 18:00:00+00:00
1768676400,8.646e-05,2026-01-17 19:00:00+00:00
1768680000,0.00010685,2026-01-17 20:00:00+00:00
1768683600,0.00011682,2026-01-17 21:00:00+00:00
1768687200,0.00010574,2026-01-17 22:00:00+00:00
1768690800,4.874e-05,2026-01-17 23:00:00+00:00
1768694400,1.58e-05,2026-01-18 00:00:00+00:00
1768698000,1.5e-07,2026-01-18 01:00:00+00:00
1768723200,0.0,2026-01-18 08:00:00+00:00
1768752000,0.0,2026-01-18 16:00:00+00:00
1768780800,0.0,2026-01-19 00:00:00+00:00
1768809600,0.0,2026-01-19 08:00:00+00:00
1768838400,0.0,2026-01-19 16:00:00+00:00
1768856400,1.21e-06,2026-01-19 21:00:00+00:00
1768860000,1.22e-05,2026-01-19 22:00:00+00:00
1768863600,1.319e-05,2026-01-19 23:00:00+00:00
1768867200,1.16e-06,2026-01-20 00:00:00+00:00
1768896000,0.0,2026-01-20 08:00:00+00:00
1768924800,0.0,2026-01-20 16:00:00+00:00
1768953600,2.03e-06,2026-01-21 00:00:00+00:00
1768957200,5.474e-05,2026-01-21 01:00:00+00:00
1768960800,7.469e-05,2026-01-21 02:00:00+00:00
1768964400,7.475e-05,2026-01-21 03:00:00+00:00
1768968000,7.469e-05,2026-01-21 04:00:00+00:00
1768971600,5.895e-05,2026-01-21 05:00:00+00:00
1768975200,2.622e-05,2026-01-21 06:00:00+00:00
1768978800,3.4e-07,2026-01-21 07:00:00+00:00
1768982400,0.0,2026-01-21 08:00:00+00:00
1769011200,0.0,2026-01-21 16:00:00+00:00
1769040000,0.0,2026-01-22 00:00:00+00:00
1769068800,0.0,2026-01-22 08:00:00+00:00
1769097600,0.0,2026-01-22 16:00:00+00:00
1769126400,0.0,2026-01-23 00:00:00+00:00
1769155200,0.0,2026-01-23 08:00:00+00:00
1769173200,3.3e-06,2026-01-23 13:00:00+00:00
1769176800,8.44e-06,2026-01-23 14:00:00+00:00
1769180400,1.437e-05,2026-01-23 15:00:00+00:00
1769184000,3.49e-05,2026-01-23 16:00:00+00:00
1769187600,4.88e-05,2026-01-23 17:00:00+00:00
1769191200,7.422e-05,2026-01-23 18:00:00+00:00
1769194800,9.433e-05,2026-01-23 19:00:00+00:00
1769198400,9.634e-05,2026-01-23 20:00:00+00:00
1769202000,7.994e-05,2026-01-23 21:00:00+00:00
1769205600,6.466e-05,2026-01-23 22:00:00+00:00
1769209200,4.718e-05,2026-01-23 23:00:00+00:00
1769212800,4.693e-05,2026-01-24 00:00:00+00:00
1769216400,4.637e-05,2026-01-24 01:00:00+00:00
1769220000,4.379e-05,2026-01-24 02:00:00+00:00
1769223600,3.445e-05,2026-01-24 03:00:00+00:00
1769227200,3.168e-05,2026-01-24 04:00:00+00:00
1769230800,2.201e-05,2026-01-24 05:00:00+00:00
1769234400,7.4e-06,2026-01-24 06:00:00+00:00
1769238000,3.6e-07,2026-01-24 07:00:00+00:00
1769241600,4.38e-06,2026-01-24 08:00:00+00:00
1769245200,1.97e-06,2026-01-24 09:00:00+00:00
1769248800,3.4e-06,2026-01-24 10:00:00+00:00
1769252400,2.2e-07,2026-01-24 11:00:00+00:00
1769259600,2.61e-06,2026-01-24 13:00:00+00:00
1769263200,7.44e-06,2026-01-24 14:00:00+00:00
1769266800,6.5e-07,2026-01-24 15:00:00+00:00
1769270400,1.2e-07,2026-01-24 16:00:00+00:00
1769274000,1.2e-07,2026-01-24 17:00:00+00:00
1769277600,3.52e-06,2026-01-24 18:00:00+00:00
1769281200,9.4e-07,2026-01-24 19:00:00+00:00
1769284800,3e-08,2026-01-24 20:00:00+00:00
1769292000,6.6e-07,2026-01-24 22:00:00+00:00
1769295600,5.1e-07,2026-01-24 23:00:00+00:00
1769299200,0.0,2026-01-25 00:00:00+00:00
1769306400,2.3e-06,2026-01-25 02:00:00+00:00
1769310000,7.98e-06,2026-01-25 03:00:00+00:00
1769313600,1.431e-05,2026-01-25 04:00:00+00:00
1769317200,3.338e-05,2026-01-25 05:00:00+00:00
1769320800,3.391e-05,2026-01-25 06:00:00+00:00
1769324400,3.694e-05,2026-01-25 07:00:00+00:00
1769328000,4.032e-05,2026-01-25 08:00:00+00:00
1769331600,2.848e-05,2026-01-25 09:00:00+00:00
1769335200,3.073e-05,2026-01-25 10:00:00+00:00
1769338800,1.715e-05,2026-01-25 11:00:00+00:00
1769342400,1.25e-06,2026-01-25 12:00:00+00:00
1769346000,1e-08,2026-01-25 13:00:00+00:00
1769356800,0.0,2026-01-25 16:00:00+00:00
1769385600,2.824e-05,2026-01-26 00:00:00+00:00
1769389200,6.076e-05,2026-01-26 01:00:00+00:00
1769392800,6.364e-05,2026-01-26 02:00:00+00:00
1769396400,5.505e-05,2026-01-26 03:00:00+00:00
1769400000,5.473e-05,2026-01-26 04:00:00+00:00
1769403600,3.593e-05,2026-01-26 05:00:00+00:00
1769407200,1.84e-05,2026-01-26 06:00:00+00:00
1769410800,1.338e-05,2026-01-26 07:00:00+00:00
1769414400,2.494e-05,2026-01-26 08:00:00+00:00
1769418000,3.178e-05,2026-01-26 09:00:00+00:00
1769421600,5.189e-05,2026-01-26 10:00:00+00:00
1769425200,5.71e-05,2026-01-26 11:00:00+00:00
1769428800,6.02e-05,2026-01-26 12:00:00+00:00
1769432400,6.256e-05,2026-01-26 13:00:00+00:00
1769436000,5.721e-05,2026-01-26 14:00:00+00:00
1769439600,5.324e-05,2026-01-26 15:00:00+00:00
1769443200,6.243e-05,2026-01-26 16:00:00+00:00
1769446800,5.869e-05,2026-01-26 17:00:00+00:00
1769450400,6.703e-05,2026-01-26 18:00:00+00:00
1769454000,5.456e-05,2026-01-26 19:00:00+00:00
1769457600,5.882e-05,2026-01-26 20:00:00+00:00
1769461200,5.967e-05,2026-01-26 21:00:00+00:00
1769464800,6.117e-05,2026-01-26 22:00:00+00:00
1769468400,4.9e-05,2026-01-26 23:00:00+00:00
1769472000,5.086e-05,2026-01-27 00:00:00+00:00
1769475600,4.113e-05,2026-01-27 01:00:00+00:00
1769479200,1.835e-05,2026-01-27 02:00:00+00:00
1769482800,1e-08,2026-01-27 03:00:00+00:00
1769500800,3.5e-07,2026-01-27 08:00:00+00:00
1769504400,1.2e-07,2026-01-27 09:00:00+00:00
1769508000,1.523e-05,2026-01-27 10:00:00+00:00
1769511600,2.001e-05,2026-01-27 11:00:00+00:00
1769515200,2.337e-05,2026-01-27 12:00:00+00:00
1769518800,4.284e-05,2026-01-27 13:00:00+00:00
1769522400,6.49e-05,2026-01-27 14:00:00+00:00
1769526000,6.31e-05,2026-01-27 15:00:00+00:00
1769529600,7.302e-05,2026-01-27 16:00:00+00:00
1769533200,6.705e-05,2026-01-27 17:00:00+00:00
1769536800,5.843e-05,2026-01-27 18:00:00+00:00
1769540400,5.598e-05,2026-01-27 19:00:00+00:00
1769544000,6.045e-05,2026-01-27 20:00:00+00:00
1769547600,6.375e-05,2026-01-27 21:00:00+00:00
1769551200,7.381e-05,2026-01-27 22:00:00+00:00
1769554800,7.224e-05,2026-01-27 23:00:00+00:00
1769558400,7.373e-05,2026-01-28 00:00:00+00:00
1769562000,8.25e-05,2026-01-28 01:00:00+00:00
1769565600,9.179e-05,2026-01-28 02:00:00+00:00
1769569200,8.708e-05,2026-01-28 03:00:00+00:00
1769572800,7.057e-05,2026-01-28 04:00:00+00:00
1769576400,6.348e-05,2026-01-28 05:00:00+00:00
1769580000,4.502e-05,2026-01-28 06:00:00+00:00
1769583600,2.537e-05,2026-01-28 07:00:00+00:00
1769587200,1.057e-05,2026-01-28 08:00:00+00:00
1769590800,8.7e-07,2026-01-28 09:00:00+00:00
1769594400,1e-08,2026-01-28 10:00:00+00:00
1769616000,0.0,2026-01-28 16:00:00+00:00
1769626800,2.83e-06,2026-01-28 19:00:00+00:00
1769630400,2.191e-05,2026-01-28 20:00:00+00:00
1769634000,2.999e-05,2026-01-28 21:00:00+00:00
1769637600,3.736e-05,2026-01-28 22:00:00+00:00
1769641200,3.327e-05,2026-01-28 23:00:00+00:00
1769644800,3.46e-05,2026-01-29 00:00:00+00:00
1769648400,4.706e-05,2026-01-29 01:00:00+00:00
1769652000,5.751e-05,2026-01-29 02:00:00+00:00
1769655600,6.886e-05,2026-01-29 03:00:00+00:00
1769659200,8.007e-05,2026-01-29 04:00:00+00:00
1769662800,8.7e-05,2026-01-29 05:00:00+00:00
1769666400,7.615e-05,2026-01-29 06:00:00+00:00
1769670000,3.783e-05,2026-01-29 07:00:00+00:00
1769673600,1.09e-06,2026-01-29 08:00:00+00:00
1769688000,4.7e-07,2026-01-29 12:00:00+00:00
1769691600,3.107e-05,2026-01-29 13:00:00+00:00
1769695200,5.853e-05,2026-01-29 14:00:00+00:00
1769698800,2.444e-05,2026-01-29 15:00:00+00:00
1769702400,2.1e-07,2026-01-29 16:00:00+00:00
1769731200,0.0,2026-01-30 00:00:00+00:00
1769760000,0.0,2026-01-30 08:00:00+00:00
1769788800,0.0,2026-01-30 16:00:00+00:00
1769817600,0.0,2026-01-31 00:00:00+00:00
1769846400,0.0,2026-01-31 08:00:00+00:00
1769875200,0.0,2026-01-31 16:00:00+00:00
1769904000,0.0,2026-02-01 00:00:00+00:00
1769932800,0.0,2026-02-01 08:00:00+00:00
1769961600,0.0,2026-02-01 16:00:00+00:00
1769990400,0.0,2026-02-02 00:00:00+00:00
1770019200,0.0,2026-02-02 08:00:00+00:00
1770048000,0.0,2026-02-02 16:00:00+00:00
1770076800,0.0,2026-02-03 00:00:00+00:00
1770105600,0.0,2026-02-03 08:00:00+00:00
1770134400,0.0,2026-02-03 16:00:00+00:00
1770163200,0.0,2026-02-04 00:00:00+00:00
1770192000,0.0,2026-02-04 08:00:00+00:00
1770220800,0.0,2026-02-04 16:00:00+00:00
1770249600,0.0,2026-02-05 00:00:00+00:00
1770278400,0.0,2026-02-05 08:00:00+00:00
1770307200,0.0,2026-02-05 16:00:00+00:00
1770332400,1.795e-05,2026-02-05 23:00:00+00:00
1770336000,3.945e-05,2026-02-06 00:00:00+00:00
1770339600,4.482e-05,2026-02-06 01:00:00+00:00
1770343200,4.19e-05,2026-02-06 02:00:00+00:00
1770346800,4.774e-05,2026-02-06 03:00:00+00:00
1770350400,3.327e-05,2026-02-06 04:00:00+00:00
1770354000,1.91e-06,2026-02-06 05:00:00+00:00
1770364800,0.0,2026-02-06 08:00:00+00:00
1770393600,0.0,2026-02-06 16:00:00+00:00
1770422400,0.0,2026-02-07 00:00:00+00:00
1770451200,0.0,2026-02-07 08:00:00+00:00
1770480000,0.0,2026-02-07 16:00:00+00:00
1770508800,0.0,2026-02-08 00:00:00+00:00
1770537600,0.0,2026-02-08 08:00:00+00:00
1770566400,0.0,2026-02-08 16:00:00+00:00
1770595200,0.0,2026-02-09 00:00:00+00:00
1770624000,0.0,2026-02-09 08:00:00+00:00
1770652800,0.0,2026-02-09 16:00:00+00:00
1770681600,0.0,2026-02-10 00:00:00+00:00
1770710400,0.0,2026-02-10 08:00:00+00:00
1770739200,0.0,2026-02-10 16:00:00+00:00
1770753600,-9.07e-06,2026-02-10 20:00:00+00:00
1770757200,-1.527e-05,2026-02-10 21:00:00+00:00
1770760800,-6.5e-07,2026-02-10 22:00:00+00:00
1770768000,0.0,2026-02-11 00:00:00+00:00
1770796800,0.0,2026-02-11 08:00:00+00:00
1770825600,0.0,2026-02-11 16:00:00+00:00
1770854400,0.0,2026-02-12 00:00:00+00:00
1770883200,0.0,2026-02-12 08:00:00+00:00
1770912000,0.0,2026-02-12 16:00:00+00:00
1770940800,0.0,2026-02-13 00:00:00+00:00
1770969600,0.0,2026-02-13 08:00:00+00:00
1770998400,0.0,2026-02-13 16:00:00+00:00
1771027200,0.0,2026-02-14 00:00:00+00:00
1771056000,0.0,2026-02-14 08:00:00+00:00
1771084800,0.0,2026-02-14 16:00:00+00:00
1771113600,0.0,2026-02-15 00:00:00+00:00
1771142400,0.0,2026-02-15 08:00:00+00:00
1771171200,0.0,2026-02-15 16:00:00+00:00
1771200000,0.0,2026-02-16 00:00:00+00:00
1771228800,0.0,2026-02-16 08:00:00+00:00
1771257600,0.0,2026-02-16 16:00:00+00:00
1771286400,0.0,2026-02-17 00:00:00+00:00
1771315200,0.0,2026-02-17 08:00:00+00:00
1771344000,0.0,2026-02-17 16:00:00+00:00
1771372800,0.0,2026-02-18 00:00:00+00:00
1771401600,0.0,2026-02-18 08:00:00+00:00
1771430400,0.0,2026-02-18 16:00:00+00:00
1771459200,0.0,2026-02-19 00:00:00+00:00
1771488000,0.0,2026-02-19 08:00:00+00:00
1771502400,-8.74e-06,2026-02-19 12:00:00+00:00
1771506000,-4.964e-05,2026-02-19 13:00:00+00:00
1771509600,-8.04e-05,2026-02-19 14:00:00+00:00
1771513200,-7.139e-05,2026-02-19 15:00:00+00:00
1771516800,-5.59e-05,2026-02-19 16:00:00+00:00
1771520400,-3.46e-05,2026-02-19 17:00:00+00:00
1771524000,-2.74e-06,2026-02-19 18:00:00+00:00
1771527600,-1.18e-06,2026-02-19 19:00:00+00:00
1771545600,0.0,2026-02-20 00:00:00+00:00
1771574400,0.0,2026-02-20 08:00:00+00:00
1771603200,0.0,2026-02-20 16:00:00+00:00
1771632000,0.0,2026-02-21 00:00:00+00:00
1771660800,0.0,2026-02-21 08:00:00+00:00
1771689600,0.0,2026-02-21 16:00:00+00:00
1771718400,0.0,2026-02-22 00:00:00+00:00
1771747200,0.0,2026-02-22 08:00:00+00:00
1771776000,0.0,2026-02-22 16:00:00+00:00
1771804800,0.0,2026-02-23 00:00:00+00:00
1771833600,0.0,2026-02-23 08:00:00+00:00
1771862400,0.0,2026-02-23 16:00:00+00:00
1771891200,0.0,2026-02-24 00:00:00+00:00
1771920000,0.0,2026-02-24 08:00:00+00:00
1771948800,0.0,2026-02-24 16:00:00+00:00
1771977600,0.0,2026-02-25 00:00:00+00:00
1772006400,0.0,2026-02-25 08:00:00+00:00
1772035200,0.0,2026-02-25 16:00:00+00:00
1772064000,0.0,2026-02-26 00:00:00+00:00
1772074800,2.119e-05,2026-02-26 03:00:00+00:00
1772078400,1.882e-05,2026-02-26 04:00:00+00:00
1772082000,4.6e-07,2026-02-26 05:00:00+00:00
1772092800,0.0,2026-02-26 08:00:00+00:00
1772121600,0.0,2026-02-26 16:00:00+00:00
1772150400,0.0,2026-02-27 00:00:00+00:00
1772179200,0.0,2026-02-27 08:00:00+00:00
1772208000,0.0,2026-02-27 16:00:00+00:00
1772236800,0.0,2026-02-28 00:00:00+00:00
1772265600,0.0,2026-02-28 08:00:00+00:00
1772294400,0.0,2026-02-28 16:00:00+00:00
1772323200,0.0,2026-03-01 00:00:00+00:00
1772352000,0.0,2026-03-01 08:00:00+00:00
1772380800,0.0,2026-03-01 16:00:00+00:00
1772409600,0.0,2026-03-02 00:00:00+00:00
1772438400,0.0,2026-03-02 08:00:00+00:00
1772467200,0.0,2026-03-02 16:00:00+00:00
1772496000,0.0,2026-03-03 00:00:00+00:00
1772524800,0.0,2026-03-03 08:00:00+00:00
1772553600,0.0,2026-03-03 16:00:00+00:00
1772582400,0.0,2026-03-04 00:00:00+00:00
1772611200,0.0,2026-03-04 08:00:00+00:00
1772640000,0.0,2026-03-04 16:00:00+00:00
1772668800,0.0,2026-03-05 00:00:00+00:00
1772697600,0.0,2026-03-05 08:00:00+00:00
1772726400,0.0,2026-03-05 16:00:00+00:00
1772755200,0.0,2026-03-06 00:00:00+00:00
1772784000,0.0,2026-03-06 08:00:00+00:00
1772812800,0.0,2026-03-06 16:00:00+00:00
1772841600,0.0,2026-03-07 00:00:00+00:00
1772870400,0.0,2026-03-07 08:00:00+00:00
1772899200,0.0,2026-03-07 16:00:00+00:00
1772928000,0.0,2026-03-08 00:00:00+00:00
1772956800,0.0,2026-03-08 08:00:00+00:00
1772985600,0.0,2026-03-08 16:00:00+00:00
1773014400,0.0,2026-03-09 00:00:00+00:00
1773043200,0.0,2026-03-09 08:00:00+00:00
1773072000,0.0,2026-03-09 16:00:00+00:00
1773100800,0.0,2026-03-10 00:00:00+00:00
1773129600,0.0,2026-03-10 08:00:00+00:00
1773158400,0.0,2026-03-10 16:00:00+00:00
1773187200,0.0,2026-03-11 00:00:00+00:00
1773216000,0.0,2026-03-11 08:00:00+00:00
1773244800,0.0,2026-03-11 16:00:00+00:00
1773273600,0.0,2026-03-12 00:00:00+00:00
1773302400,0.0,2026-03-12 08:00:00+00:00
1773331200,0.0,2026-03-12 16:00:00+00:00
1773360000,0.0,2026-03-13 00:00:00+00:00
1773388800,0.0,2026-03-13 08:00:00+00:00
1773417600,0.0,2026-03-13 16:00:00+00:00
1773446400,0.0,2026-03-14 00:00:00+00:00
1773475200,0.0,2026-03-14 08:00:00+00:00
1773504000,0.0,2026-03-14 16:00:00+00:00
1773532800,0.0,2026-03-15 00:00:00+00:00
1773561600,0.0,2026-03-15 08:00:00+00:00
1773590400,0.0,2026-03-15 16:00:00+00:00
1773619200,0.0,2026-03-16 00:00:00+00:00
1773648000,0.0,2026-03-16 08:00:00+00:00
1773676800,0.0,2026-03-16 16:00:00+00:00
1773705600,0.0,2026-03-17 00:00:00+00:00
1773734400,0.0,2026-03-17 08:00:00+00:00
1773763200,0.0,2026-03-17 16:00:00+00:00
1773792000,0.0,2026-03-18 00:00:00+00:00
1773820800,0.0,2026-03-18 08:00:00+00:00
1773849600,-5.393e-05,2026-03-18 16:00:00+00:00
1773853200,-9.282e-05,2026-03-18 17:00:00+00:00
1773856800,-0.00010625,2026-03-18 18:00:00+00:00
1773860400,-0.00010222,2026-03-18 19:00:00+00:00
1773864000,-0.00010728,2026-03-18 20:00:00+00:00
1773867600,-9.492e-05,2026-03-18 21:00:00+00:00
1773871200,-6.98e-05,2026-03-18 22:00:00+00:00
1773874800,-5.21e-05,2026-03-18 23:00:00+00:00
1773878400,-5.087e-05,2026-03-19 00:00:00+00:00
1773882000,-3.426e-05,2026-03-19 01:00:00+00:00
1773885600,-1.993e-05,2026-03-19 02:00:00+00:00
1773889200,-8.9e-07,2026-03-19 03:00:00+00:00
1773896400,-3.61e-06,2026-03-19 05:00:00+00:00
1773900000,-1.478e-05,2026-03-19 06:00:00+00:00
1773903600,-4.944e-05,2026-03-19 07:00:00+00:00
1773907200,-7.811e-05,2026-03-19 08:00:00+00:00
1773910800,-7.245e-05,2026-03-19 09:00:00+00:00
1773914400,-6.268e-05,2026-03-19 10:00:00+00:00
1773918000,-4.574e-05,2026-03-19 11:00:00+00:00
1773921600,-1.274e-05,2026-03-19 12:00:00+00:00
1773925200,-1.5e-07,2026-03-19 13:00:00+00:00
1773936000,0.0,2026-03-19 16:00:00+00:00
1773964800,0.0,2026-03-20 00:00:00+00:00
1773968400,-8.63e-06,2026-03-20 01:00:00+00:00
1773972000,-5.723e-05,2026-03-20 02:00:00+00:00
1773975600,-0.00010293,2026-03-20 03:00:00+00:00
1773979200,-0.00013684,2026-03-20 04:00:00+00:00
1773982800,-0.00016389,2026-03-20 05:00:00+00:00
1773986400,-0.0001493,2026-03-20 06:00:00+00:00
1773990000,-0.00012728,2026-03-20 07:00:00+00:00
1773993600,-0.00011312,2026-03-20 08:00:00+00:00
1773997200,-9.837e-05,2026-03-20 09:00:00+00:00
1774000800,-6.879e-05,2026-03-20 10:00:00+00:00
1774004400,-4.935e-05,2026-03-20 11:00:00+00:00
1774008000,-4.306e-05,2026-03-20 12:00:00+00:00
1774011600,-2.216e-05,2026-03-20 13:00:00+00:00
1774015200,-3.7e-07,2026-03-20 14:00:00+00:00
1774022400,0.0,2026-03-20 16:00:00+00:00
1774051200,0.0,2026-03-21 00:00:00+00:00
1774080000,0.0,2026-03-21 08:00:00+00:00
1774108800,0.0,2026-03-21 16:00:00+00:00
1774137600,0.0,2026-03-22 00:00:00+00:00
1774166400,0.0,2026-03-22 08:00:00+00:00
1774173600,-2.881e-05,2026-03-22 10:00:00+00:00
1774177200,-4.386e-05,2026-03-22 11:00:00+00:00
1774180800,-5.749e-05,2026-03-22 12:00:00+00:00
1774184400,-5.907e-05,2026-03-22 13:00:00+00:00
1774188000,-7.367e-05,2026-03-22 14:00:00+00:00
1774191600,-7.345e-05,2026-03-22 15:00:00+00:00
1774195200,-6.948e-05,2026-03-22 16:00:00+00:00
1774198800,-3.011e-05,2026-03-22 17:00:00+00:00
1774202400,-8e-08,2026-03-22 18:00:00+00:00
1774213200,-4.7e-06,2026-03-22 21:00:00+00:00
1774216800,-1.635e-05,2026-03-22 22:00:00+00:00
1774220400,-4.358e-05,2026-03-22 23:00:00+00:00
1774224000,-5.452e-05,2026-03-23 00:00:00+00:00
1774227600,-3.468e-05,2026-03-23 01:00:00+00:00
1774231200,-7.21e-06,2026-03-23 02:00:00+00:00
1774234800,-2e-08,2026-03-23 03:00:00+00:00
1774252800,0.0,2026-03-23 08:00:00+00:00
1774256400,-1.655e-05,2026-03-23 09:00:00+00:00
1774260000,-4.508e-05,2026-03-23 10:00:00+00:00
1774263600,-9.84e-06,2026-03-23 11:00:00+00:00
1774267200,-1.13e-06,2026-03-23 12:00:00+00:00
1774281600,0.0,2026-03-23 16:00:00+00:00
1774310400,0.0,2026-03-24 00:00:00+00:00
1774339200,0.0,2026-03-24 08:00:00+00:00
1774368000,0.0,2026-03-24 16:00:00+00:00
1774396800,0.0,2026-03-25 00:00:00+00:00
1774425600,0.0,2026-03-25 08:00:00+00:00
1774454400,0.0,2026-03-25 16:00:00+00:00
1774483200,0.0,2026-03-26 00:00:00+00:00
1774512000,0.0,2026-03-26 08:00:00+00:00
1774540800,0.0,2026-03-26 16:00:00+00:00
1774569600,0.0,2026-03-27 00:00:00+00:00
1774598400,0.0,2026-03-27 08:00:00+00:00
1774612800,-4.49e-06,2026-03-27 12:00:00+00:00
1774616400,-4.081e-05,2026-03-27 13:00:00+00:00
1774620000,-3.277e-05,2026-03-27 14:00:00+00:00
1774623600,-2.719e-05,2026-03-27 15:00:00+00:00
1774627200,-5.32e-06,2026-03-27 16:00:00+00:00
1774630800,-2.7e-07,2026-03-27 17:00:00+00:00
1774656000,0.0,2026-03-28 00:00:00+00:00
1774684800,0.0,2026-03-28 08:00:00+00:00
1774713600,0.0,2026-03-28 16:00:00+00:00
1774742400,0.0,2026-03-29 00:00:00+00:00
1774771200,0.0,2026-03-29 08:00:00+00:00
1774800000,0.0,2026-03-29 16:00:00+00:00
1774828800,0.0,2026-03-30 00:00:00+00:00
1774857600,0.0,2026-03-30 08:00:00+00:00
1774886400,0.0,2026-03-30 16:00:00+00:00
1774915200,0.0,2026-03-31 00:00:00+00:00
1774944000,0.0,2026-03-31 08:00:00+00:00
1774972800,0.0,2026-03-31 16:00:00+00:00
1775001600,0.0,2026-04-01 00:00:00+00:00
1775023200,9.74e-06,2026-04-01 06:00:00+00:00
1775026800,4.761e-05,2026-04-01 07:00:00+00:00
1775030400,5.089e-05,2026-04-01 08:00:00+00:00
1775034000,5.196e-05,2026-04-01 09:00:00+00:00
1775037600,5.388e-05,2026-04-01 10:00:00+00:00
1775041200,5.494e-05,2026-04-01 11:00:00+00:00
1775044800,5.352e-05,2026-04-01 12:00:00+00:00
1775048400,5.495e-05,2026-04-01 13:00:00+00:00
1775052000,4.793e-05,2026-04-01 14:00:00+00:00
1775055600,3.684e-05,2026-04-01 15:00:00+00:00
1775059200,3.849e-05,2026-04-01 16:00:00+00:00
1775062800,5.19e-05,2026-04-01 17:00:00+00:00
1775066400,5.162e-05,2026-04-01 18:00:00+00:00
1775070000,4.838e-05,2026-04-01 19:00:00+00:00
1775073600,3.586e-05,2026-04-01 20:00:00+00:00
1775077200,3.996e-05,2026-04-01 21:00:00+00:00
1775080800,1.991e-05,2026-04-01 22:00:00+00:00
1775084400,7.43e-06,2026-04-01 23:00:00+00:00
1775088000,3.2e-07,2026-04-02 00:00:00+00:00
1775116800,0.0,2026-04-02 08:00:00+00:00
1775145600,0.0,2026-04-02 16:00:00+00:00
1775174400,0.0,2026-04-03 00:00:00+00:00
1775203200,0.0,2026-04-03 08:00:00+00:00
1775232000,0.0,2026-04-03 16:00:00+00:00
1775260800,0.0,2026-04-04 00:00:00+00:00
1775289600,0.0,2026-04-04 08:00:00+00:00
1775318400,0.0,2026-04-04 16:00:00+00:00
1775347200,0.0,2026-04-05 00:00:00+00:00
1775376000,0.0,2026-04-05 08:00:00+00:00
1775404800,0.0,2026-04-05 16:00:00+00:00
1775433600,0.0,2026-04-06 00:00:00+00:00
1775462400,0.0,2026-04-06 08:00:00+00:00
1775473200,2.952e-05,2026-04-06 11:00:00+00:00
1775476800,5.005e-05,2026-04-06 12:00:00+00:00
1775480400,5.434e-05,2026-04-06 13:00:00+00:00
1775484000,4.254e-05,2026-04-06 14:00:00+00:00
1775487600,3.249e-05,2026-04-06 15:00:00+00:00
1775491200,2.488e-05,2026-04-06 16:00:00+00:00
1775494800,2.345e-05,2026-04-06 17:00:00+00:00
1775498400,1.425e-05,2026-04-06 18:00:00+00:00
1775502000,1.502e-05,2026-04-06 19:00:00+00:00
1775505600,3.008e-05,2026-04-06 20:00:00+00:00
1775509200,2.151e-05,2026-04-06 21:00:00+00:00
1775512800,2.303e-05,2026-04-06 22:00:00+00:00
1775516400,5.09e-06,2026-04-06 23:00:00+00:00
1775520000,9.5e-07,2026-04-07 00:00:00+00:00
1775548800,0.0,2026-04-07 08:00:00+00:00
1775577600,0.0,2026-04-07 16:00:00+00:00
1775588400,6.94e-06,2026-04-07 19:00:00+00:00
1775592000,4.361e-05,2026-04-07 20:00:00+00:00
1775595600,6.193e-05,2026-04-07 21:00:00+00:00
1775599200,7.623e-05,2026-04-07 22:00:00+00:00
1775602800,0.00010317,2026-04-07 23:00:00+00:00
1775606400,0.00014283,2026-04-08 00:00:00+00:00
1775610000,0.00016996,2026-04-08 01:00:00+00:00
1775613600,0.00018559,2026-04-08 02:00:00+00:00
1775617200,0.00018279,2026-04-08 03:00:00+00:00
1775620800,0.00016132,2026-04-08 04:00:00+00:00
1775624400,0.00011652,2026-04-08 05:00:00+00:00
1775628000,7.852e-05,2026-04-08 06:00:00+00:00
1775631600,5.182e-05,2026-04-08 07:00:00+00:00
1775635200,5.209e-05,2026-04-08 08:00:00+00:00
1775638800,5.679e-05,2026-04-08 09:00:00+00:00
1775642400,6.996e-05,2026-04-08 10:00:00+00:00
1775646000,7.344e-05,2026-04-08 11:00:00+00:00
1775649600,6.691e-05,2026-04-08 12:00:00+00:00
1775653200,5.942e-05,2026-04-08 13:00:00+00:00
1775656800,5.453e-05,2026-04-08 14:00:00+00:00
1775660400,4.222e-05,2026-04-08 15:00:00+00:00
1775664000,3.984e-05,2026-04-08 16:00:00+00:00
1775667600,4.379e-05,2026-04-08 17:00:00+00:00
1775671200,4.789e-05,2026-04-08 18:00:00+00:00
1775674800,4.611e-05,2026-04-08 19:00:00+00:00
1775678400,3.893e-05,2026-04-08 20:00:00+00:00
1775682000,3.356e-05,2026-04-08 21:00:00+00:00
1775685600,3.169e-05,2026-04-08 22:00:00+00:00
1775689200,2.6e-05,2026-04-08 23:00:00+00:00
1775692800,3.326e-05,2026-04-09 00:00:00+00:00
1775696400,4.308e-05,2026-04-09 01:00:00+00:00
1775700000,4.731e-05,2026-04-09 02:00:00+00:00
1775703600,5.415e-05,2026-04-09 03:00:00+00:00
1775707200,4.544e-05,2026-04-09 04:00:00+00:00
1775710800,3.85e-05,2026-04-09 05:00:00+00:00
1775714400,2.212e-05,2026-04-09 06:00:00+00:00
1775718000,6.9e-07,2026-04-09 07:00:00+00:00
1775721600,1.1e-07,2026-04-09 08:00:00+00:00
1775739600,9.29e-06,2026-04-09 13:00:00+00:00
1775743200,2.636e-05,2026-04-09 14:00:00+00:00
1775746800,3.313e-05,2026-04-09 15:00:00+00:00
1775750400,3.823e-05,2026-04-09 16:00:00+00:00
1775754000,3.988e-05,2026-04-09 17:00:00+00:00
1775757600,4.383e-05,2026-04-09 18:00:00+00:00
1775761200,3.419e-05,2026-04-09 19:00:00+00:00
1775764800,1.875e-05,2026-04-09 20:00:00+00:00
1775768400,1.995e-05,2026-04-09 21:00:00+00:00
1775772000,4.259e-05,2026-04-09 22:00:00+00:00
1775775600,5.586e-05,2026-04-09 23:00:00+00:00
1775779200,4.757e-05,2026-04-10 00:00:00+00:00
1775782800,2.451e-05,2026-04-10 01:00:00+00:00
1775786400,3.05e-05,2026-04-10 02:00:00+00:00
1775790000,3.125e-05,2026-04-10 03:00:00+00:00
1775793600,1.7e-05,2026-04-10 04:00:00+00:00
1775797200,1.68e-06,2026-04-10 05:00:00+00:00
1775800800,3.9e-07,2026-04-10 06:00:00+00:00
1775808000,0.0,2026-04-10 08:00:00+00:00
1775836800,1.39e-05,2026-04-10 16:00:00+00:00
1775840400,5.211e-05,2026-04-10 17:00:00+00:00
1775844000,8.016e-05,2026-04-10 18:00:00+00:00
1775847600,9.787e-05,2026-04-10 19:00:00+00:00
1775851200,0.00010875,2026-04-10 20:00:00+00:00
1775854800,0.0001091,2026-04-10 21:00:00+00:00
1775858400,0.00010754,2026-04-10 22:00:00+00:00
1775862000,9.157e-05,2026-04-10 23:00:00+00:00
1775865600,9.706e-05,2026-04-11 00:00:00+00:00
1775869200,9.848e-05,2026-04-11 01:00:00+00:00
1775872800,8.159e-05,2026-04-11 02:00:00+00:00
1775876400,8.3e-05,2026-04-11 03:00:00+00:00
1775880000,6.09e-05,2026-04-11 04:00:00+00:00
1775883600,4.847e-05,2026-04-11 05:00:00+00:00
1775887200,2.395e-05,2026-04-11 06:00:00+00:00
1775890800,6.9e-07,2026-04-11 07:00:00+00:00
1775894400,0.0,2026-04-11 08:00:00+00:00
1775916000,5.87e-06,2026-04-11 14:00:00+00:00
1775919600,1.84e-06,2026-04-11 15:00:00+00:00
1775923200,4.34e-06,2026-04-11 16:00:00+00:00
1775926800,1.206e-05,2026-04-11 17:00:00+00:00
1775930400,3.253e-05,2026-04-11 18:00:00+00:00
1775934000,6.365e-05,2026-04-11 19:00:00+00:00
1775937600,8.18e-05,2026-04-11 20:00:00+00:00
1775941200,9.465e-05,2026-04-11 21:00:00+00:00
1775944800,8.762e-05,2026-04-11 22:00:00+00:00
1775948400,6.566e-05,2026-04-11 23:00:00+00:00
1775952000,3.993e-05,2026-04-12 00:00:00+00:00
1775955600,1.6e-06,2026-04-12 01:00:00+00:00
1775980800,0.0,2026-04-12 08:00:00+00:00
1776009600,0.0,2026-04-12 16:00:00+00:00
1776038400,0.0,2026-04-13 00:00:00+00:00
1776067200,0.0,2026-04-13 08:00:00+00:00
1776096000,0.0,2026-04-13 16:00:00+00:00
1776099600,5.369e-05,2026-04-13 17:00:00+00:00
1776103200,8.046e-05,2026-04-13 18:00:00+00:00
1776106800,9.395e-05,2026-04-13 19:00:00+00:00
1776110400,0.00011346,2026-04-13 20:00:00+00:00
1776114000,0.00012712,2026-04-13 21:00:00+00:00
1776117600,0.00015814,2026-04-13 22:00:00+00:00
1776121200,0.0001541,2026-04-13 23:00:00+00:00
1776124800,0.00015332,2026-04-14 00:00:00+00:00
1776128400,0.00014467,2026-04-14 01:00:00+00:00
1776132000,0.00013094,2026-04-14 02:00:00+00:00
1776135600,0.00010952,2026-04-14 03:00:00+00:00
1776139200,6.948e-05,2026-04-14 04:00:00+00:00
1776142800,6.164e-05,2026-04-14 05:00:00+00:00
1776146400,6.818e-05,2026-04-14 06:00:00+00:00
1776150000,5.824e-05,2026-04-14 07:00:00+00:00
1776153600,7.298e-05,2026-04-14 08:00:00+00:00
1776157200,6.454e-05,2026-04-14 09:00:00+00:00
1776160800,6.908e-05,2026-04-14 10:00:00+00:00
1776164400,6.383e-05,2026-04-14 11:00:00+00:00
1776168000,5.561e-05,2026-04-14 12:00:00+00:00
1776171600,2.917e-05,2026-04-14 13:00:00+00:00
1776175200,1.796e-05,2026-04-14 14:00:00+00:00
1776178800,2.996e-05,2026-04-14 15:00:00+00:00
1776182400,4.232e-05,2026-04-14 16:00:00+00:00
1776186000,8.215e-05,2026-04-14 17:00:00+00:00
1776189600,9.581e-05,2026-04-14 18:00:00+00:00
1776193200,9.128e-05,2026-04-14 19:00:00+00:00
1776196800,8.793e-05,2026-04-14 20:00:00+00:00
1776200400,8.427e-05,2026-04-14 21:00:00+00:00
1776204000,6.212e-05,2026-04-14 22:00:00+00:00
1776207600,3.81e-05,2026-04-14 23:00:00+00:00
1776211200,2.631e-05,2026-04-15 00:00:00+00:00
1776214800,2.125e-05,2026-04-15 01:00:00+00:00
1776218400,1.295e-05,2026-04-15 02:00:00+00:00
1776222000,5.64e-06,2026-04-15 03:00:00+00:00
1776225600,4.9e-07,2026-04-15 04:00:00+00:00
1776240000,0.0,2026-04-15 08:00:00+00:00
1776247200,9.1e-07,2026-04-15 10:00:00+00:00
1776250800,2.923e-05,2026-04-15 11:00:00+00:00
1776254400,3.996e-05,2026-04-15 12:00:00+00:00
1776258000,5e-05,2026-04-15 13:00:00+00:00
1776261600,5.109e-05,2026-04-15 14:00:00+00:00
1776265200,4.407e-05,2026-04-15 15:00:00+00:00
1776268800,5.017e-05,2026-04-15 16:00:00+00:00
1776272400,5.304e-05,2026-04-15 17:00:00+00:00
1776276000,4.729e-05,2026-04-15 18:00:00+00:00
1776279600,4.086e-05,2026-04-15 19:00:00+00:00
1776283200,4.228e-05,2026-04-15 20:00:00+00:00
1776286800,6.524e-05,2026-04-15 21:00:00+00:00
1776290400,9.037e-05,2026-04-15 22:00:00+00:00
1776294000,0.00010918,2026-04-15 23:00:00+00:00
1776297600,0.00013304,2026-04-16 00:00:00+00:00
1776301200,0.00013806,2026-04-16 01:00:00+00:00
1776304800,0.00013873,2026-04-16 02:00:00+00:00
1776308400,0.00011895,2026-04-16 03:00:00+00:00
1776312000,8.559e-05,2026-04-16 04:00:00+00:00
1776315600,5.913e-05,2026-04-16 05:00:00+00:00
1776319200,2.991e-05,2026-04-16 06:00:00+00:00
1776322800,2.7e-07,2026-04-16 07:00:00+00:00
1776326400,0.0,2026-04-16 08:00:00+00:00
1776355200,0.0,2026-04-16 16:00:00+00:00
1776366000,4.096e-05,2026-04-16 19:00:00+00:00
1776369600,6.713e-05,2026-04-16 20:00:00+00:00
1776373200,9.92e-05,2026-04-16 21:00:00+00:00
1776376800,0.00010773,2026-04-16 22:00:00+00:00
1776380400,9.785e-05,2026-04-16 23:00:00+00:00
1776384000,9.267e-05,2026-04-17 00:00:00+00:00
1776387600,9.114e-05,2026-04-17 01:00:00+00:00
1776391200,7.469e-05,2026-04-17 02:00:00+00:00
1776394800,7.611e-05,2026-04-17 03:00:00+00:00
1776398400,7.287e-05,2026-04-17 04:00:00+00:00
1776402000,4.491e-05,2026-04-17 05:00:00+00:00
1776405600,1.552e-05,2026-04-17 06:00:00+00:00
1776409200,1.83e-06,2026-04-17 07:00:00+00:00
1776412800,1.9e-07,2026-04-17 08:00:00+00:00
1776441600,0.0,2026-04-17 16:00:00+00:00
1776448800,1.053e-05,2026-04-17 18:00:00+00:00
1776452400,3.009e-05,2026-04-17 19:00:00+00:00
1776456000,4.606e-05,2026-04-17 20:00:00+00:00
1776459600,2.525e-05,2026-04-17 21:00:00+00:00
1776463200,1.71e-05,2026-04-17 22:00:00+00:00
1776466800,1.53e-05,2026-04-17 23:00:00+00:00
1776470400,2.746e-05,2026-04-18 00:00:00+00:00
1776474000,3.511e-05,2026-04-18 01:00:00+00:00
1776477600,3.275e-05,2026-04-18 02:00:00+00:00
1776481200,1.882e-05,2026-04-18 03:00:00+00:00
1776484800,9.24e-06,2026-04-18 04:00:00+00:00
1776488400,8.76e-06,2026-04-18 05:00:00+00:00
1776492000,1.223e-05,2026-04-18 06:00:00+00:00
1776495600,1.38e-06,2026-04-18 07:00:00+00:00
1776499200,5.8e-07,2026-04-18 08:00:00+00:00
1776528000,0.0,2026-04-18 16:00:00+00:00
1776535200,3.03e-06,2026-04-18 18:00:00+00:00
1776538800,4.5e-07,2026-04-18 19:00:00+00:00
1776546000,1.003e-05,2026-04-18 21:00:00+00:00
1776549600,2.662e-05,2026-04-18 22:00:00+00:00
1776553200,1.261e-05,2026-04-18 23:00:00+00:00
1776556800,2.03e-06,2026-04-19 00:00:00+00:00
1776560400,9.78e-06,2026-04-19 01:00:00+00:00
1776564000,2.55e-05,2026-04-19 02:00:00+00:00
1776567600,2.104e-05,2026-04-19 03:00:00+00:00
1776571200,1.9e-07,2026-04-19 04:00:00+00:00
1776585600,0.0,2026-04-19 08:00:00+00:00
1776614400,0.0,2026-04-19 16:00:00+00:00
1776643200,0.0,2026-04-20 00:00:00+00:00
1776657600,1.084e-05,2026-04-20 04:00:00+00:00
1776661200,1.595e-05,2026-04-20 05:00:00+00:00
1776664800,2.169e-05,2026-04-20 06:00:00+00:00
1776668400,3.601e-05,2026-04-20 07:00:00+00:00
1776672000,3.076e-05,2026-04-20 08:00:00+00:00
1776675600,1.855e-05,2026-04-20 09:00:00+00:00
1776679200,2.555e-05,2026-04-20 10:00:00+00:00
1776682800,2.774e-05,2026-04-20 11:00:00+00:00
1776686400,2.292e-05,2026-04-20 12:00:00+00:00
1776690000,1.268e-05,2026-04-20 13:00:00+00:00
1776693600,1.2e-05,2026-04-20 14:00:00+00:00
1776697200,1.888e-05,2026-04-20 15:00:00+00:00
1776700800,2.883e-05,2026-04-20 16:00:00+00:00
1776704400,3.243e-05,2026-04-20 17:00:00+00:00
1776708000,4.197e-05,2026-04-20 18:00:00+00:00
1776711600,4.947e-05,2026-04-20 19:00:00+00:00
1776715200,4.82e-05,2026-04-20 20:00:00+00:00
1776718800,5.595e-05,2026-04-20 21:00:00+00:00
1776722400,5.778e-05,2026-04-20 22:00:00+00:00
1776726000,5.534e-05,2026-04-20 23:00:00+00:00
1776729600,4.651e-05,2026-04-21 00:00:00+00:00
1776733200,3.308e-05,2026-04-21 01:00:00+00:00
1776736800,2.667e-05,2026-04-21 02:00:00+00:00
1776740400,1.039e-05,2026-04-21 03:00:00+00:00
1776744000,6.6e-07,2026-04-21 04:00:00+00:00
1776758400,0.0,2026-04-21 08:00:00+00:00
1776787200,0.0,2026-04-21 16:00:00+00:00
1776816000,0.0,2026-04-22 00:00:00+00:00
1776826800,2.305e-05,2026-04-22 03:00:00+00:00
1776830400,3.221e-05,2026-04-22 04:00:00+00:00
1776834000,3.528e-05,2026-04-22 05:00:00+00:00
1776837600,4.986e-05,2026-04-22 06:00:00+00:00
1776841200,5.716e-05,2026-04-22 07:00:00+00:00
1776844800,6.337e-05,2026-04-22 08:00:00+00:00
1776848400,6.096e-05,2026-04-22 09:00:00+00:00
1776852000,5.171e-05,2026-04-22 10:00:00+00:00
1776855600,4.376e-05,2026-04-22 11:00:00+00:00
1776859200,2.358e-05,2026-04-22 12:00:00+00:00
1776862800,2.696e-05,2026-04-22 13:00:00+00:00
1776866400,6.084e-05,2026-04-22 14:00:00+00:00
1776870000,7.678e-05,2026-04-22 15:00:00+00:00
1776873600,9.965e-05,2026-04-22 16:00:00+00:00
1776877200,0.00011873,2026-04-22 17:00:00+00:00
1776880800,0.00011332,2026-04-22 18:00:00+00:00
1776884400,9.917e-05,2026-04-22 19:00:00+00:00
1776888000,8.196e-05,2026-04-22 20:00:00+00:00
1776891600,5.86e-05,2026-04-22 21:00:00+00:00
1776895200,3.227e-05,2026-04-22 22:00:00+00:00
1776898800,1.259e-05,2026-04-22 23:00:00+00:00
1776902400,2.8e-07,2026-04-23 00:00:00+00:00
1776931200,0.0,2026-04-23 08:00:00+00:00
1776960000,0.0,2026-04-23 16:00:00+00:00
1776981600,2.488e-05,2026-04-23 22:00:00+00:00
1776985200,3.356e-05,2026-04-23 23:00:00+00:00
1776988800,2.384e-05,2026-04-24 00:00:00+00:00
1776992400,1.874e-05,2026-04-24 01:00:00+00:00
1776996000,2e-08,2026-04-24 02:00:00+00:00
1777017600,0.0,2026-04-24 08:00:00+00:00
1777024800,2.85e-05,2026-04-24 10:00:00+00:00
1777028400,4.708e-05,2026-04-24 11:00:00+00:00
1777032000,7.086e-05,2026-04-24 12:00:00+00:00
1777035600,8.399e-05,2026-04-24 13:00:00+00:00
1777039200,8.25e-05,2026-04-24 14:00:00+00:00
1777042800,7.37e-05,2026-04-24 15:00:00+00:00
1777046400,6.581e-05,2026-04-24 16:00:00+00:00
1777050000,5.094e-05,2026-04-24 17:00:00+00:00
1777053600,2.405e-05,2026-04-24 18:00:00+00:00
1777057200,1.408e-05,2026-04-24 19:00:00+00:00
1777060800,1.968e-05,2026-04-24 20:00:00+00:00
1777064400,3.002e-05,2026-04-24 21:00:00+00:00
1777068000,3.504e-05,2026-04-24 22:00:00+00:00
1777071600,3.157e-05,2026-04-24 23:00:00+00:00
1777075200,3.288e-05,2026-04-25 00:00:00+00:00
1777078800,4.491e-05,2026-04-25 01:00:00+00:00
1777082400,5.53e-05,2026-04-25 02:00:00+00:00
1777086000,4.531e-05,2026-04-25 03:00:00+00:00
1777089600,3.25e-05,2026-04-25 04:00:00+00:00
1777093200,1.429e-05,2026-04-25 05:00:00+00:00
1777096800,7.5e-07,2026-04-25 06:00:00+00:00
1777100400,4.6e-07,2026-04-25 07:00:00+00:00
1777104000,0.0,2026-04-25 08:00:00+00:00
1777132800,1.69e-06,2026-04-25 16:00:00+00:00
1777136400,2.713e-05,2026-04-25 17:00:00+00:00
1777140000,4.31e-05,2026-04-25 18:00:00+00:00
1777143600,3.825e-05,2026-04-25 19:00:00+00:00
1777147200,3.453e-05,2026-04-25 20:00:00+00:00
1777150800,1.156e-05,2026-04-25 21:00:00+00:00
1777154400,3.8e-07,2026-04-25 22:00:00+00:00
1777161600,0.0,2026-04-26 00:00:00+00:00
1777168800,1.121e-05,2026-04-26 02:00:00+00:00
1777172400,2.552e-05,2026-04-26 03:00:00+00:00
1777176000,3.805e-05,2026-04-26 04:00:00+00:00
1777179600,4.202e-05,2026-04-26 05:00:00+00:00
1777183200,3.72e-05,2026-04-26 06:00:00+00:00
1777186800,3.256e-05,2026-04-26 07:00:00+00:00
1777190400,3.542e-05,2026-04-26 08:00:00+00:00
1777194000,3.411e-05,2026-04-26 09:00:00+00:00
1777197600,1.622e-05,2026-04-26 10:00:00+00:00
1777201200,1.15e-06,2026-04-26 11:00:00+00:00
1777204800,5.5e-07,2026-04-26 12:00:00+00:00
1777215600,5.94e-06,2026-04-26 15:00:00+00:00
1777219200,9.74e-06,2026-04-26 16:00:00+00:00
1777222800,6.42e-06,2026-04-26 17:00:00+00:00
1777226400,4.23e-06,2026-04-26 18:00:00+00:00
1777230000,1.462e-05,2026-04-26 19:00:00+00:00
1777233600,1.93e-05,2026-04-26 20:00:00+00:00
1777237200,2.287e-05,2026-04-26 21:00:00+00:00
1777240800,2.138e-05,2026-04-26 22:00:00+00:00
1777244400,2.096e-05,2026-04-26 23:00:00+00:00
1777248000,2.481e-05,2026-04-27 00:00:00+00:00
1777251600,2.017e-05,2026-04-27 01:00:00+00:00
1777255200,3.183e-05,2026-04-27 02:00:00+00:00
1777258800,4.68e-05,2026-04-27 03:00:00+00:00
1777262400,5.893e-05,2026-04-27 04:00:00+00:00
1777266000,4.415e-05,2026-04-27 05:00:00+00:00
1777269600,2.548e-05,2026-04-27 06:00:00+00:00
1777273200,1.6e-07,2026-04-27 07:00:00+00:00
1777276800,0.0,2026-04-27 08:00:00+00:00
1777305600,0.0,2026-04-27 16:00:00+00:00
1777334400,0.0,2026-04-28 00:00:00+00:00
1777341600,1.678e-05,2026-04-28 02:00:00+00:00
1777345200,3.819e-05,2026-04-28 03:00:00+00:00
1777348800,3.384e-05,2026-04-28 04:00:00+00:00
1777352400,2.831e-05,2026-04-28 05:00:00+00:00
1777356000,8.82e-06,2026-04-28 06:00:00+00:00
1777359600,3.5e-07,2026-04-28 07:00:00+00:00
1777363200,3.29e-06,2026-04-28 08:00:00+00:00
1777366800,1.079e-05,2026-04-28 09:00:00+00:00
1777370400,2.615e-05,2026-04-28 10:00:00+00:00
1777374000,3.913e-05,2026-04-28 11:00:00+00:00
1777377600,4.545e-05,2026-04-28 12:00:00+00:00
1777381200,5.008e-05,2026-04-28 13:00:00+00:00
1777384800,4.854e-05,2026-04-28 14:00:00+00:00
1777388400,4.163e-05,2026-04-28 15:00:00+00:00
1777392000,3.497e-05,2026-04-28 16:00:00+00:00
1777395600,3.375e-05,2026-04-28 17:00:00+00:00
1777399200,3.735e-05,2026-04-28 18:00:00+00:00
1777402800,3.378e-05,2026-04-28 19:00:00+00:00
1777406400,3.763e-05,2026-04-28 20:00:00+00:00
1777410000,6.036e-05,2026-04-28 21:00:00+00:00
1777413600,5.826e-05,2026-04-28 22:00:00+00:00
1777417200,4.604e-05,2026-04-28 23:00:00+00:00
1777420800,3.609e-05,2026-04-29 00:00:00+00:00
1777424400,2.283e-05,2026-04-29 01:00:00+00:00
1777428000,1.423e-05,2026-04-29 02:00:00+00:00
1777431600,4.79e-06,2026-04-29 03:00:00+00:00
1777435200,2e-08,2026-04-29 04:00:00+00:00
1777449600,0.0,2026-04-29 08:00:00+00:00
1777478400,0.0,2026-04-29 16:00:00+00:00
1777507200,0.0,2026-04-30 00:00:00+00:00
1777536000,0.0,2026-04-30 08:00:00+00:00
1777539600,6.74e-06,2026-04-30 09:00:00+00:00
1777543200,3.474e-05,2026-04-30 10:00:00+00:00
1777546800,6.273e-05,2026-04-30 11:00:00+00:00
1777550400,7.361e-05,2026-04-30 12:00:00+00:00
1777554000,6.553e-05,2026-04-30 13:00:00+00:00
1777557600,3.442e-05,2026-04-30 14:00:00+00:00
1777561200,6.97e-06,2026-04-30 15:00:00+00:00
1777564800,6.8e-07,2026-04-30 16:00:00+00:00
1777579200,2.01e-06,2026-04-30 20:00:00+00:00
1777582800,9.18e-06,2026-04-30 21:00:00+00:00
1777586400,1.856e-05,2026-04-30 22:00:00+00:00
1777590000,1.465e-05,2026-04-30 23:00:00+00:00
1777593600,4e-08,2026-05-01 00:00:00+00:00
1777622400,0.0,2026-05-01 08:00:00+00:00
1777636800,1.894e-05,2026-05-01 12:00:00+00:00
1777640400,2.513e-05,2026-05-01 13:00:00+00:00
1777644000,1.228e-05,2026-05-01 14:00:00+00:00
1777647600,1.905e-05,2026-05-01 15:00:00+00:00
1777651200,3.381e-05,2026-05-01 16:00:00+00:00
1777654800,4.186e-05,2026-05-01 17:00:00+00:00
1777658400,4.815e-05,2026-05-01 18:00:00+00:00
1777662000,6.134e-05,2026-05-01 19:00:00+00:00
1777665600,7.177e-05,2026-05-01 20:00:00+00:00
1777669200,8.519e-05,2026-05-01 21:00:00+00:00
1777672800,8.449e-05,2026-05-01 22:00:00+00:00
1777676400,6.706e-05,2026-05-01 23:00:00+00:00
1777680000,4.761e-05,2026-05-02 00:00:00+00:00
1777683600,2.571e-05,2026-05-02 01:00:00+00:00
1777687200,8.4e-07,2026-05-02 02:00:00+00:00
1777708800,0.0,2026-05-02 08:00:00+00:00
1777734000,3.98e-06,2026-05-02 15:00:00+00:00
1777737600,3.501e-05,2026-05-02 16:00:00+00:00
1777741200,5.811e-05,2026-05-02 17:00:00+00:00
1777744800,7.426e-05,2026-05-02 18:00:00+00:00
1777748400,8.195e-05,2026-05-02 19:00:00+00:00
1777752000,7.574e-05,2026-05-02 20:00:00+00:00
1777755600,6.405e-05,2026-05-02 21:00:00+00:00
1777759200,5.528e-05,2026-05-02 22:00:00+00:00
1777762800,2.314e-05,2026-05-02 23:00:00+00:00
1777766400,9.3e-06,2026-05-03 00:00:00+00:00
1777770000,1.2e-07,2026-05-03 01:00:00+00:00
1777795200,0.0,2026-05-03 08:00:00+00:00
1777806000,1.023e-05,2026-05-03 11:00:00+00:00
1777809600,2.61e-05,2026-05-03 12:00:00+00:00
1777813200,3.429e-05,2026-05-03 13:00:00+00:00
1777816800,5.032e-05,2026-05-03 14:00:00+00:00
1777820400,5.308e-05,2026-05-03 15:00:00+00:00
1777824000,7.094e-05,2026-05-03 16:00:00+00:00
1777827600,7.174e-05,2026-05-03 17:00:00+00:00
1777831200,7.146e-05,2026-05-03 18:00:00+00:00
1777834800,7.849e-05,2026-05-03 19:00:00+00:00
1777838400,7.485e-05,2026-05-03 20:00:00+00:00
1777842000,6.498e-05,2026-05-03 21:00:00+00:00
1777845600,5.123e-05,2026-05-03 22:00:00+00:00
1777849200,1.732e-05,2026-05-03 23:00:00+00:00
1777852800,8.2e-07,2026-05-04 00:00:00+00:00
1777867200,4.239e-05,2026-05-04 04:00:00+00:00
1777870800,8.211e-05,2026-05-04 05:00:00+00:00
1777874400,0.0001048,2026-05-04 06:00:00+00:00
1777878000,0.00011345,2026-05-04 07:00:00+00:00
1777881600,0.00011388,2026-05-04 08:00:00+00:00
1777885200,0.00011193,2026-05-04 09:00:00+00:00
1777888800,0.0001043,2026-05-04 10:00:00+00:00
1777892400,9.038e-05,2026-05-04 11:00:00+00:00
1777896000,7.65e-05,2026-05-04 12:00:00+00:00
1777899600,5.424e-05,2026-05-04 13:00:00+00:00
1777903200,4.187e-05,2026-05-04 14:00:00+00:00
1777906800,2.752e-05,2026-05-04 15:00:00+00:00
1777910400,2.056e-05,2026-05-04 16:00:00+00:00
1777914000,2.685e-05,2026-05-04 17:00:00+00:00
1777917600,4.45e-05,2026-05-04 18:00:00+00:00
1777921200,5.806e-05,2026-05-04 19:00:00+00:00
1777924800,7.099e-05,2026-05-04 20:00:00+00:00
1777928400,6.435e-05,2026-05-04 21:00:00+00:00
1777932000,5.761e-05,2026-05-04 22:00:00+00:00
1777935600,5.378e-05,2026-05-04 23:00:00+00:00
1777939200,2.309e-05,2026-05-05 00:00:00+00:00
1777942800,1.28e-05,2026-05-05 01:00:00+00:00
1777946400,1.672e-05,2026-05-05 02:00:00+00:00
1777950000,1.615e-05,2026-05-05 03:00:00+00:00
1777953600,8e-08,2026-05-05 04:00:00+00:00
1777957200,5.59e-06,2026-05-05 05:00:00+00:00
1777960800,1.042e-05,2026-05-05 06:00:00+00:00
1777964400,3.102e-05,2026-05-05 07:00:00+00:00
1777968000,5.392e-05,2026-05-05 08:00:00+00:00
1777971600,8.382e-05,2026-05-05 09:00:00+00:00
1777975200,9.78e-05,2026-05-05 10:00:00+00:00
1777978800,0.00012205,2026-05-05 11:00:00+00:00
1777982400,0.00012997,2026-05-05 12:00:00+00:00
1777986000,0.00012624,2026-05-05 13:00:00+00:00
1777989600,0.00012396,2026-05-05 14:00:00+00:00
1777993200,0.00010769,2026-05-05 15:00:00+00:00
1777996800,9.791e-05,2026-05-05 16:00:00+00:00
1778000400,8.52e-05,2026-05-05 17:00:00+00:00
1778004000,9.471e-05,2026-05-05 18:00:00+00:00
1778007600,0.00011308,2026-05-05 19:00:00+00:00
1778011200,0.00012704,2026-05-05 20:00:00+00:00
1778014800,0.00014017,2026-05-05 21:00:00+00:00
1778018400,0.00013038,2026-05-05 22:00:00+00:00
1778022000,0.00011317,2026-05-05 23:00:00+00:00
1778025600,0.00010321,2026-05-06 00:00:00+00:00
1778029200,9.788e-05,2026-05-06 01:00:00+00:00
1778032800,9.191e-05,2026-05-06 02:00:00+00:00
1778036400,8.115e-05,2026-05-06 03:00:00+00:00
1778040000,5.237e-05,2026-05-06 04:00:00+00:00
1778043600,3.324e-05,2026-05-06 05:00:00+00:00
1778047200,1.978e-05,2026-05-06 06:00:00+00:00
1778050800,1.467e-05,2026-05-06 07:00:00+00:00
1778054400,3.34e-05,2026-05-06 08:00:00+00:00
1778058000,5.298e-05,2026-05-06 09:00:00+00:00
1778061600,5.665e-05,2026-05-06 10:00:00+00:00
1778065200,5.45e-05,2026-05-06 11:00:00+00:00
1778068800,4.797e-05,2026-05-06 12:00:00+00:00
1778072400,6.712e-05,2026-05-06 13:00:00+00:00
1778076000,8.488e-05,2026-05-06 14:00:00+00:00
1778079600,9.359e-05,2026-05-06 15:00:00+00:00
1778083200,0.00011726,2026-05-06 16:00:00+00:00
1778086800,0.00013619,2026-05-06 17:00:00+00:00
1778090400,0.00014892,2026-05-06 18:00:00+00:00
1778094000,0.00016479,2026-05-06 19:00:00+00:00
1778097600,0.00015457,2026-05-06 20:00:00+00:00
1778101200,0.00014311,2026-05-06 21:00:00+00:00
1778104800,0.00012282,2026-05-06 22:00:00+00:00
1778108400,9.984e-05,2026-05-06 23:00:00+00:00
1778112000,8.661e-05,2026-05-07 00:00:00+00:00
1778115600,7.669e-05,2026-05-07 01:00:00+00:00
1778119200,6.149e-05,2026-05-07 02:00:00+00:00
1778122800,5.996e-05,2026-05-07 03:00:00+00:00
1778126400,7.262e-05,2026-05-07 04:00:00+00:00
1778130000,6.926e-05,2026-05-07 05:00:00+00:00
1778133600,4.573e-05,2026-05-07 06:00:00+00:00
1778137200,4.522e-05,2026-05-07 07:00:00+00:00
1778140800,4.237e-05,2026-05-07 08:00:00+00:00
1778144400,3.927e-05,2026-05-07 09:00:00+00:00
1778148000,4.018e-05,2026-05-07 10:00:00+00:00
1778151600,4.843e-05,2026-05-07 11:00:00+00:00
1778155200,5.954e-05,2026-05-07 12:00:00+00:00
1778158800,6.933e-05,2026-05-07 13:00:00+00:00
1778162400,6.887e-05,2026-05-07 14:00:00+00:00
1778166000,5.946e-05,2026-05-07 15:00:00+00:00
1778169600,6.979e-05,2026-05-07 16:00:00+00:00
1778173200,9.544e-05,2026-05-07 17:00:00+00:00
1778176800,0.00010787,2026-05-07 18:00:00+00:00
1778180400,0.00010508,2026-05-07 19:00:00+00:00
1778184000,9.218e-05,2026-05-07 20:00:00+00:00
1778187600,9.793e-05,2026-05-07 21:00:00+00:00
1778191200,4.893e-05,2026-05-07 22:00:00+00:00
1778194800,8.91e-06,2026-05-07 23:00:00+00:00
1778198400,8e-08,2026-05-08 00:00:00+00:00
1778227200,0.0,2026-05-08 08:00:00+00:00
1778256000,0.0,2026-05-08 16:00:00+00:00
1778270400,5.03e-06,2026-05-08 20:00:00+00:00
1778274000,1.955e-05,2026-05-08 21:00:00+00:00
1778277600,2.443e-05,2026-05-08 22:00:00+00:00
1778281200,2.196e-05,2026-05-08 23:00:00+00:00
1778284800,3.043e-05,2026-05-09 00:00:00+00:00
1778288400,2.439e-05,2026-05-09 01:00:00+00:00
1778292000,3.221e-05,2026-05-09 02:00:00+00:00
1778295600,3.705e-05,2026-05-09 03:00:00+00:00
1778299200,3.35e-05,2026-05-09 04:00:00+00:00
1778302800,8.095e-05,2026-05-09 05:00:00+00:00
1778306400,0.0001067,2026-05-09 06:00:00+00:00
1778310000,0.00010651,2026-05-09 07:00:00+00:00
1778313600,0.00011547,2026-05-09 08:00:00+00:00
1778317200,0.00010869,2026-05-09 09:00:00+00:00
1778320800,0.00011084,2026-05-09 10:00:00+00:00
1778324400,8.76e-05,2026-05-09 11:00:00+00:00
1778328000,6.673e-05,2026-05-09 12:00:00+00:00
1778331600,6.08e-05,2026-05-09 13:00:00+00:00
1778335200,6.286e-05,2026-05-09 14:00:00+00:00
1778338800,7.473e-05,2026-05-09 15:00:00+00:00
1778342400,7.985e-05,2026-05-09 16:00:00+00:00
1778346000,0.00010024,2026-05-09 17:00:00+00:00
1778349600,0.00010677,2026-05-09 18:00:00+00:00
1778353200,0.00010986,2026-05-09 19:00:00+00:00
1778356800,9.265e-05,2026-05-09 20:00:00+00:00
1778360400,6.796e-05,2026-05-09 21:00:00+00:00
1778364000,4.478e-05,2026-05-09 22:00:00+00:00
1778367600,2.289e-05,2026-05-09 23:00:00+00:00
1778371200,2.526e-05,2026-05-10 00:00:00+00:00
1778374800,3.881e-05,2026-05-10 01:00:00+00:00
1778378400,4.761e-05,2026-05-10 02:00:00+00:00
1778382000,3.417e-05,2026-05-10 03:00:00+00:00
1778385600,2.154e-05,2026-05-10 04:00:00+00:00
1778389200,7.85e-06,2026-05-10 05:00:00+00:00
1778392800,9.68e-06,2026-05-10 06:00:00+00:00
1778396400,3.11e-06,2026-05-10 07:00:00+00:00
1778400000,6.57e-06,2026-05-10 08:00:00+00:00
1778403600,2.041e-05,2026-05-10 09:00:00+00:00
1778407200,3.727e-05,2026-05-10 10:00:00+00:00
1778410800,4.663e-05,2026-05-10 11:00:00+00:00
1778414400,4.796e-05,2026-05-10 12:00:00+00:00
1778418000,6.182e-05,2026-05-10 13:00:00+00:00
1778421600,7.581e-05,2026-05-10 14:00:00+00:00
1778425200,7.96e-05,2026-05-10 15:00:00+00:00
1778428800,8.289e-05,2026-05-10 16:00:00+00:00
1778432400,0.00010277,2026-05-10 17:00:00+00:00
1778436000,0.00011446,2026-05-10 18:00:00+00:00
1778439600,0.000123,2026-05-10 19:00:00+00:00
1778443200,0.00010882,2026-05-10 20:00:00+00:00
1778446800,7.334e-05,2026-05-10 21:00:00+00:00
1778450400,8.387e-05,2026-05-10 22:00:00+00:00
1778454000,9.23e-05,2026-05-10 23:00:00+00:00
1778457600,0.00010193,2026-05-11 00:00:00+00:00
1778461200,8.118e-05,2026-05-11 01:00:00+00:00
1778464800,5.441e-05,2026-05-11 02:00:00+00:00
1778468400,3.302e-05,2026-05-11 03:00:00+00:00
1778472000,9.69e-06,2026-05-11 04:00:00+00:00
1778475600,2.33e-06,2026-05-11 05:00:00+00:00
1778479200,7.4e-07,2026-05-11 06:00:00+00:00
1778482800,7.77e-06,2026-05-11 07:00:00+00:00
1778486400,5.55e-06,2026-05-11 08:00:00+00:00
1778490000,1.3e-07,2026-05-11 09:00:00+00:00
1778515200,2.322e-05,2026-05-11 16:00:00+00:00
1778518800,6.046e-05,2026-05-11 17:00:00+00:00
1778522400,8.472e-05,2026-05-11 18:00:00+00:00
1778526000,7.955e-05,2026-05-11 19:00:00+00:00
1778529600,6.79e-05,2026-05-11 20:00:00+00:00
1778533200,5.212e-05,2026-05-11 21:00:00+00:00
1778536800,4.581e-05,2026-05-11 22:00:00+00:00
1778540400,6.625e-05,2026-05-11 23:00:00+00:00
1778544000,6.895e-05,2026-05-12 00:00:00+00:00
1778547600,6.03e-05,2026-05-12 01:00:00+00:00
1778551200,4.347e-05,2026-05-12 02:00:00+00:00
1778554800,2.226e-05,2026-05-12 03:00:00+00:00
1778558400,8.5e-07,2026-05-12 04:00:00+00:00
1778572800,0.0,2026-05-12 08:00:00+00:00
1778580000,3.653e-05,2026-05-12 10:00:00+00:00
1778583600,0.00010384,2026-05-12 11:00:00+00:00
1778587200,0.00014731,2026-05-12 12:00:00+00:00
1778590800,0.00016829,2026-05-12 13:00:00+00:00
1778594400,0.00015225,2026-05-12 14:00:00+00:00
1778598000,0.00015726,2026-05-12 15:00:00+00:00
1778601600,0.00016253,2026-05-12 16:00:00+00:00
1778605200,0.00017613,2026-05-12 17:00:00+00:00
1778608800,0.00018748,2026-05-12 18:00:00+00:00
1778612400,0.00018595,2026-05-12 19:00:00+00:00
1778616000,0.00018388,2026-05-12 20:00:00+00:00
1778619600,0.00017635,2026-05-12 21:00:00+00:00
1778623200,0.00016033,2026-05-12 22:00:00+00:00
1778626800,0.00013064,2026-05-12 23:00:00+00:00
1778630400,0.00010561,2026-05-13 00:00:00+00:00
1778634000,9.723e-05,2026-05-13 01:00:00+00:00
1778637600,8.823e-05,2026-05-13 02:00:00+00:00
1778641200,9.208e-05,2026-05-13 03:00:00+00:00
1778644800,8.513e-05,2026-05-13 04:00:00+00:00
1778648400,7.228e-05,2026-05-13 05:00:00+00:00
1778652000,7.036e-05,2026-05-13 06:00:00+00:00
1778655600,6.61e-05,2026-05-13 07:00:00+00:00
1778659200,7.331e-05,2026-05-13 08:00:00+00:00
1778662800,4.703e-05,2026-05-13 09:00:00+00:00
1778666400,3.125e-05,2026-05-13 10:00:00+00:00
1778670000,2.132e-05,2026-05-13 11:00:00+00:00
1778673600,5.41e-06,2026-05-13 12:00:00+00:00
1778677200,4.1e-07,2026-05-13 13:00:00+00:00
1778688000,0.0,2026-05-13 16:00:00+00:00
1778716800,0.0,2026-05-14 00:00:00+00:00
1778745600,0.0,2026-05-14 08:00:00+00:00
1778774400,0.0,2026-05-14 16:00:00+00:00
1778785200,2.05e-06,2026-05-14 19:00:00+00:00
1778788800,5.45e-05,2026-05-14 20:00:00+00:00
1778792400,0.00010582,2026-05-14 21:00:00+00:00
1778796000,0.00012168,2026-05-14 22:00:00+00:00
1778799600,0.00012366,2026-05-14 23:00:00+00:00
1778803200,0.00010617,2026-05-15 00:00:00+00:00
1778806800,5.578e-05,2026-05-15 01:00:00+00:00
1778810400,1.767e-05,2026-05-15 02:00:00+00:00
1778814000,1.22e-06,2026-05-15 03:00:00+00:00
1778832000,2.78e-05,2026-05-15 08:00:00+00:00
1778835600,5.815e-05,2026-05-15 09:00:00+00:00
1778839200,7.412e-05,2026-05-15 10:00:00+00:00
1778842800,6.56e-05,2026-05-15 11:00:00+00:00
1778846400,4.512e-05,2026-05-15 12:00:00+00:00
1778850000,9.58e-06,2026-05-15 13:00:00+00:00
1778853600,2.7e-07,2026-05-15 14:00:00+00:00
1778860800,0.0,2026-05-15 16:00:00+00:00
1778889600,0.0,2026-05-16 00:00:00+00:00
1778918400,0.0,2026-05-16 08:00:00+00:00
1778947200,0.0,2026-05-16 16:00:00+00:00
1778976000,2.539e-05,2026-05-17 00:00:00+00:00
1778979600,5.514e-05,2026-05-17 01:00:00+00:00
1778983200,6.557e-05,2026-05-17 02:00:00+00:00
1778986800,7.329e-05,2026-05-17 03:00:00+00:00
1778990400,5.377e-05,2026-05-17 04:00:00+00:00
1778994000,4.461e-05,2026-05-17 05:00:00+00:00
1778997600,4.065e-05,2026-05-17 06:00:00+00:00
1779001200,3.291e-05,2026-05-17 07:00:00+00:00
1779004800,2.282e-05,2026-05-17 08:00:00+00:00
1779008400,5.654e-05,2026-05-17 09:00:00+00:00
1779012000,5.819e-05,2026-05-17 10:00:00+00:00
1779015600,3.531e-05,2026-05-17 11:00:00+00:00
1779019200,1.838e-05,2026-05-17 12:00:00+00:00
1779022800,4e-08,2026-05-17 13:00:00+00:00
1779033600,0.0,2026-05-17 16:00:00+00:00
1779062400,0.0,2026-05-18 00:00:00+00:00
1779066000,1.502e-05,2026-05-18 01:00:00+00:00
1779069600,5.547e-05,2026-05-18 02:00:00+00:00
1779073200,7.214e-05,2026-05-18 03:00:00+00:00
1779076800,8.045e-05,2026-05-18 04:00:00+00:00
1779080400,7.157e-05,2026-05-18 05:00:00+00:00
1779084000,6.173e-05,2026-05-18 06:00:00+00:00
1779087600,4.347e-05,2026-05-18 07:00:00+00:00
1779091200,2.214e-05,2026-05-18 08:00:00+00:00
1779094800,6.79e-06,2026-05-18 09:00:00+00:00
1779098400,6e-08,2026-05-18 10:00:00+00:00
1779120000,0.0,2026-05-18 16:00:00+00:00
1779148800,0.0,2026-05-19 00:00:00+00:00
1779177600,0.0,2026-05-19 08:00:00+00:00
1779202800,1.483e-05,2026-05-19 15:00:00+00:00
1779206400,5.334e-05,2026-05-19 16:00:00+00:00
1779210000,7.335e-05,2026-05-19 17:00:00+00:00
1779213600,8.88e-05,2026-05-19 18:00:00+00:00
1779217200,9.152e-05,2026-05-19 19:00:00+00:00
1779220800,9.049e-05,2026-05-19 20:00:00+00:00
1779224400,8.372e-05,2026-05-19 21:00:00+00:00
1779228000,8.285e-05,2026-05-19 22:00:00+00:00
1779231600,7.67e-05,2026-05-19 23:00:00+00:00
1779235200,6.449e-05,2026-05-20 00:00:00+00:00
1779238800,3.518e-05,2026-05-20 01:00:00+00:00
1779242400,2.663e-05,2026-05-20 02:00:00+00:00
1779246000,3.485e-05,2026-05-20 03:00:00+00:00
1779249600,3.846e-05,2026-05-20 04:00:00+00:00
1779253200,3.828e-05,2026-05-20 05:00:00+00:00
1779256800,2.753e-05,2026-05-20 06:00:00+00:00
1779260400,8.89e-06,2026-05-20 07:00:00+00:00
1779264000,8.3e-06,2026-05-20 08:00:00+00:00
1779267600,1.255e-05,2026-05-20 09:00:00+00:00
1779271200,1.401e-05,2026-05-20 10:00:00+00:00
1779274800,3.146e-05,2026-05-20 11:00:00+00:00
1779278400,5.613e-05,2026-05-20 12:00:00+00:00
1779282000,5.713e-05,2026-05-20 13:00:00+00:00
1779285600,6.566e-05,2026-05-20 14:00:00+00:00
1779289200,6.235e-05,2026-05-20 15:00:00+00:00
1779292800,5.929e-05,2026-05-20 16:00:00+00:00
1779296400,6.645e-05,2026-05-20 17:00:00+00:00
1779300000,7.927e-05,2026-05-20 18:00:00+00:00
1779303600,8.434e-05,2026-05-20 19:00:00+00:00
1779307200,8.44e-05,2026-05-20 20:00:00+00:00
1779310800,7.146e-05,2026-05-20 21:00:00+00:00
1779314400,4.087e-05,2026-05-20 22:00:00+00:00
1779318000,2.375e-05,2026-05-20 23:00:00+00:00
1779321600,1.507e-05,2026-05-21 00:00:00+00:00
1779325200,2.87e-06,2026-05-21 01:00:00+00:00
1779328800,9.45e-06,2026-05-21 02:00:00+00:00
1779332400,9.8e-06,2026-05-21 03:00:00+00:00
1779336000,4.6e-07,2026-05-21 04:00:00+00:00
1779339600,2.78e-05,2026-05-21 05:00:00+00:00
1779343200,6.24e-05,2026-05-21 06:00:00+00:00
1779346800,8.131e-05,2026-05-21 07:00:00+00:00
1779350400,9.621e-05,2026-05-21 08:00:00+00:00
1779354000,8.91e-05,2026-05-21 09:00:00+00:00
1779357600,7.958e-05,2026-05-21 10:00:00+00:00
1779361200,7.182e-05,2026-05-21 11:00:00+00:00
1779364800,5.655e-05,2026-05-21 12:00:00+00:00
1779368400,3.902e-05,2026-05-21 13:00:00+00:00
1779372000,3.223e-05,2026-05-21 14:00:00+00:00
1779375600,5.624e-05,2026-05-21 15:00:00+00:00
1779379200,8.085e-05,2026-05-21 16:00:00+00:00
1779382800,9.874e-05,2026-05-21 17:00:00+00:00
1779386400,0.00010365,2026-05-21 18:00:00+00:00
1779390000,0.00010234,2026-05-21 19:00:00+00:00
1779393600,9.154e-05,2026-05-21 20:00:00+00:00
1779397200,7.605e-05,2026-05-21 21:00:00+00:00
1779400800,5.473e-05,2026-05-21 22:00:00+00:00
1779404400,4.038e-05,2026-05-21 23:00:00+00:00
1779408000,1.857e-05,2026-05-22 00:00:00+00:00
1779411600,1.207e-05,2026-05-22 01:00:00+00:00
1779415200,1.36e-05,2026-05-22 02:00:00+00:00
1779418800,6.65e-06,2026-05-22 03:00:00+00:00
1779422400,5.6e-07,2026-05-22 04:00:00+00:00
1779429600,6.42e-06,2026-05-22 06:00:00+00:00
1779433200,2.096e-05,2026-05-22 07:00:00+00:00
1779436800,2.329e-05,2026-05-22 08:00:00+00:00
1779440400,2.933e-05,2026-05-22 09:00:00+00:00
1779444000,3.659e-05,2026-05-22 10:00:00+00:00
1779447600,3.549e-05,2026-05-22 11:00:00+00:00
1779451200,4.32e-05,2026-05-22 12:00:00+00:00
1779454800,3.22e-05,2026-05-22 13:00:00+00:00
1779458400,5.3e-07,2026-05-22 14:00:00+00:00
1779465600,0.0,2026-05-22 16:00:00+00:00
1779490800,1.28e-06,2026-05-22 23:00:00+00:00
1779494400,1.6e-05,2026-05-23 00:00:00+00:00
1779498000,2.956e-05,2026-05-23 01:00:00+00:00
1779501600,3.138e-05,2026-05-23 02:00:00+00:00
1779505200,3.832e-05,2026-05-23 03:00:00+00:00
1779508800,2.389e-05,2026-05-23 04:00:00+00:00
1779512400,1.06e-06,2026-05-23 05:00:00+00:00
1779523200,0.0,2026-05-23 08:00:00+00:00
1779552000,0.0,2026-05-23 16:00:00+00:00
1779555600,1.09e-06,2026-05-23 17:00:00+00:00
1779559200,4.023e-05,2026-05-23 18:00:00+00:00
1779562800,6.405e-05,2026-05-23 19:00:00+00:00
1779566400,6.675e-05,2026-05-23 20:00:00+00:00
1779570000,7.603e-05,2026-05-23 21:00:00+00:00
1779573600,7.322e-05,2026-05-23 22:00:00+00:00
1779577200,5.06e-05,2026-05-23 23:00:00+00:00
1779580800,4.265e-05,2026-05-24 00:00:00+00:00
1779584400,3.748e-05,2026-05-24 01:00:00+00:00
1779588000,4.258e-05,2026-05-24 02:00:00+00:00
1779591600,5.391e-05,2026-05-24 03:00:00+00:00
1779595200,6.117e-05,2026-05-24 04:00:00+00:00
1779598800,5.529e-05,2026-05-24 05:00:00+00:00
1779602400,5.317e-05,2026-05-24 06:00:00+00:00
1779606000,4.424e-05,2026-05-24 07:00:00+00:00
1779609600,3.561e-05,2026-05-24 08:00:00+00:00
1779613200,4.9e-06,2026-05-24 09:00:00+00:00
1779616800,9.2e-07,2026-05-24 10:00:00+00:00
1779624000,2.46e-05,2026-05-24 12:00:00+00:00
1779627600,5.298e-05,2026-05-24 13:00:00+00:00
1779631200,7.767e-05,2026-05-24 14:00:00+00:00
1779634800,9.4e-05,2026-05-24 15:00:00+00:00
1779638400,0.00010141,2026-05-24 16:00:00+00:00
1779642000,9.375e-05,2026-05-24 17:00:00+00:00
1779645600,6.553e-05,2026-05-24 18:00:00+00:00
1779649200,4.286e-05,2026-05-24 19:00:00+00:00
1779652800,2.654e-05,2026-05-24 20:00:00+00:00
1779656400,8.46e-06,2026-05-24 21:00:00+00:00
1779660000,5e-08,2026-05-24 22:00:00+00:00
1779667200,0.0,2026-05-25 00:00:00+00:00
1779685200,1.92e-05,2026-05-25 05:00:00+00:00
1779688800,4.464e-05,2026-05-25 06:00:00+00:00
1779692400,6.671e-05,2026-05-25 07:00:00+00:00
1779696000,8.136e-05,2026-05-25 08:00:00+00:00
1779699600,9.178e-05,2026-05-25 09:00:00+00:00
1779703200,0.0001106,2026-05-25 10:00:00+00:00
1779706800,0.00011366,2026-05-25 11:00:00+00:00
1779710400,0.00010616,2026-05-25 12:00:00+00:00
1779714000,9.032e-05,2026-05-25 13:00:00+00:00
1779717600,7.214e-05,2026-05-25 14:00:00+00:00
1779721200,4.691e-05,2026-05-25 15:00:00+00:00
1779724800,3.285e-05,2026-05-25 16:00:00+00:00
1779728400,1.731e-05,2026-05-25 17:00:00+00:00
1779732000,2.335e-05,2026-05-25 18:00:00+00:00
1779735600,3.531e-05,2026-05-25 19:00:00+00:00
1779739200,5.036e-05,2026-05-25 20:00:00+00:00
1779742800,4.829e-05,2026-05-25 21:00:00+00:00
1779746400,5.199e-05,2026-05-25 22:00:00+00:00
1779750000,5.348e-05,2026-05-25 23:00:00+00:00
1779753600,3.865e-05,2026-05-26 00:00:00+00:00
1779757200,1.518e-05,2026-05-26 01:00:00+00:00
1779760800,3e-07,2026-05-26 02:00:00+00:00
1779782400,0.0,2026-05-26 08:00:00+00:00
1779804000,2.318e-05,2026-05-26 14:00:00+00:00
1779807600,2.772e-05,2026-05-26 15:00:00+00:00
1779811200,2.244e-05,2026-05-26 16:00:00+00:00
1779814800,1.723e-05,2026-05-26 17:00:00+00:00
1779818400,1.563e-05,2026-05-26 18:00:00+00:00
1779822000,8.54e-06,2026-05-26 19:00:00+00:00
1779825600,4.51e-06,2026-05-26 20:00:00+00:00
1779829200,1.399e-05,2026-05-26 21:00:00+00:00
1779832800,1.583e-05,2026-05-26 22:00:00+00:00
1779836400,3.134e-05,2026-05-26 23:00:00+00:00
1779840000,3.729e-05,2026-05-27 00:00:00+00:00
1779843600,3.318e-05,2026-05-27 01:00:00+00:00
1779847200,2.973e-05,2026-05-27 02:00:00+00:00
1779850800,3.765e-05,2026-05-27 03:00:00+00:00
1779854400,4.727e-05,2026-05-27 04:00:00+00:00
1779858000,5.979e-05,2026-05-27 05:00:00+00:00
1779861600,6.663e-05,2026-05-27 06:00:00+00:00
1779865200,7.432e-05,2026-05-27 07:00:00+00:00
1779868800,5.958e-05,2026-05-27 08:00:00+00:00
1779872400,3.062e-05,2026-05-27 09:00:00+00:00
1779876000,3.097e-05,2026-05-27 10:00:00+00:00
1779879600,4.104e-05,2026-05-27 11:00:00+00:00
1779883200,4.706e-05,2026-05-27 12:00:00+00:00
1779886800,3.583e-05,2026-05-27 13:00:00+00:00
1779890400,4.108e-05,2026-05-27 14:00:00+00:00
1779894000,6.759e-05,2026-05-27 15:00:00+00:00
1779897600,8.614e-05,2026-05-27 16:00:00+00:00
1779901200,9.097e-05,2026-05-27 17:00:00+00:00
1779904800,9.304e-05,2026-05-27 18:00:00+00:00
1779908400,9.964e-05,2026-05-27 19:00:00+00:00
1779912000,0.00011321,2026-05-27 20:00:00+00:00
1779915600,0.00010202,2026-05-27 21:00:00+00:00
1779919200,7.61e-05,2026-05-27 22:00:00+00:00
1779922800,5.788e-05,2026-05-27 23:00:00+00:00
1779926400,4.497e-05,2026-05-28 00:00:00+00:00
1779930000,2.769e-05,2026-05-28 01:00:00+00:00
1779933600,9e-08,2026-05-28 02:00:00+00:00
1779955200,0.0,2026-05-28 08:00:00+00:00
1779984000,0.0,2026-05-28 16:00:00+00:00
1780002000,1.85e-06,2026-05-28 21:00:00+00:00
1780005600,3.294e-05,2026-05-28 22:00:00+00:00
1780009200,7.032e-05,2026-05-28 23:00:00+00:00
1780012800,9.672e-05,2026-05-29 00:00:00+00:00
1780016400,0.00010704,2026-05-29 01:00:00+00:00
1780020000,0.00010459,2026-05-29 02:00:00+00:00
1780023600,8.391e-05,2026-05-29 03:00:00+00:00
1780027200,3.909e-05,2026-05-29 04:00:00+00:00
1780030800,1.4e-07,2026-05-29 05:00:00+00:00
1780041600,0.0,2026-05-29 08:00:00+00:00
1780066800,9.1e-06,2026-05-29 15:00:00+00:00
1780070400,3.57e-05,2026-05-29 16:00:00+00:00
1780074000,4.144e-05,2026-05-29 17:00:00+00:00
1780077600,5.217e-05,2026-05-29 18:00:00+00:00
1780081200,6.224e-05,2026-05-29 19:00:00+00:00
1780084800,6.657e-05,2026-05-29 20:00:00+00:00
1780088400,5.364e-05,2026-05-29 21:00:00+00:00
1780092000,4.132e-05,2026-05-29 22:00:00+00:00
1780095600,3.823e-05,2026-05-29 23:00:00+00:00
1780099200,4.507e-05,2026-05-30 00:00:00+00:00
1780102800,5.431e-05,2026-05-30 01:00:00+00:00
1780106400,7.448e-05,2026-05-30 02:00:00+00:00
1780110000,8.443e-05,2026-05-30 03:00:00+00:00
1780113600,8.928e-05,2026-05-30 04:00:00+00:00
1780117200,9.854e-05,2026-05-30 05:00:00+00:00
1780120800,0.00010653,2026-05-30 06:00:00+00:00
1780124400,0.00010904,2026-05-30 07:00:00+00:00
1780128000,0.0001372,2026-05-30 08:00:00+00:00
1780131600,0.0001513,2026-05-30 09:00:00+00:00
1780135200,0.00013615,2026-05-30 10:00:00+00:00
1780138800,0.00013784,2026-05-30 11:00:00+00:00
1780142400,0.00013983,2026-05-30 12:00:00+00:00
1780146000,0.00013758,2026-05-30 13:00:00+00:00
1780149600,0.00012471,2026-05-30 14:00:00+00:00
1780153200,0.00011921,2026-05-30 15:00:00+00:00
1780156800,0.00012939,2026-05-30 16:00:00+00:00
1780160400,0.00014674,2026-05-30 17:00:00+00:00
1780164000,0.00012307,2026-05-30 18:00:00+00:00
1780167600,0.00013424,2026-05-30 19:00:00+00:00
1780171200,8.042e-05,2026-05-30 20:00:00+00:00
1780174800,1.96e-06,2026-05-30 21:00:00+00:00
1780185600,0.0,2026-05-31 00:00:00+00:00
1780214400,0.0,2026-05-31 08:00:00+00:00
1780225200,2.971e-05,2026-05-31 11:00:00+00:00
1780228800,2.929e-05,2026-05-31 12:00:00+00:00
1780232400,1.825e-05,2026-05-31 13:00:00+00:00
1780236000,1.281e-05,2026-05-31 14:00:00+00:00
1780239600,1.73e-06,2026-05-31 15:00:00+00:00
1780243200,6e-08,2026-05-31 16:00:00+00:00
1780272000,0.0,2026-06-01 00:00:00+00:00
1780290000,4.043e-05,2026-06-01 05:00:00+00:00
1780293600,8.162e-05,2026-06-01 06:00:00+00:00
1780297200,9.172e-05,2026-06-01 07:00:00+00:00
1780300800,0.00010122,2026-06-01 08:00:00+00:00
1780304400,0.00011649,2026-06-01 09:00:00+00:00
1780308000,8.906e-05,2026-06-01 10:00:00+00:00
1780311600,7.545e-05,2026-06-01 11:00:00+00:00
1780315200,6.26e-05,2026-06-01 12:00:00+00:00
1780318800,4.539e-05,2026-06-01 13:00:00+00:00
1780322400,2.189e-05,2026-06-01 14:00:00+00:00
1780326000,1.9e-07,2026-06-01 15:00:00+00:00
1780329600,0.0,2026-06-01 16:00:00+00:00
1780358400,0.0,2026-06-02 00:00:00+00:00
1780369200,7.17e-06,2026-06-02 03:00:00+00:00
1780372800,2.771e-05,2026-06-02 04:00:00+00:00
1780376400,4.159e-05,2026-06-02 05:00:00+00:00
1780380000,3.243e-05,2026-06-02 06:00:00+00:00
1780383600,3.771e-05,2026-06-02 07:00:00+00:00
1780387200,5.347e-05,2026-06-02 08:00:00+00:00
1780390800,6.106e-05,2026-06-02 09:00:00+00:00
1780394400,7.312e-05,2026-06-02 10:00:00+00:00
1780398000,8.415e-05,2026-06-02 11:00:00+00:00
1780401600,0.00010026,2026-06-02 12:00:00+00:00
1780405200,0.00012141,2026-06-02 13:00:00+00:00
1780408800,0.00013738,2026-06-02 14:00:00+00:00
1780412400,0.0001285,2026-06-02 15:00:00+00:00
1780416000,0.00014001,2026-06-02 16:00:00+00:00
1780419600,0.00013532,2026-06-02 17:00:00+00:00
1780423200,0.00012786,2026-06-02 18:00:00+00:00
1780426800,0.00010454,2026-06-02 19:00:00+00:00
1780430400,8.47e-05,2026-06-02 20:00:00+00:00
1780434000,6.925e-05,2026-06-02 21:00:00+00:00
1780437600,4.441e-05,2026-06-02 22:00:00+00:00
1780441200,3.437e-05,2026-06-02 23:00:00+00:00
1780444800,3.88e-05,2026-06-03 00:00:00+00:00
1780448400,5.633e-05,2026-06-03 01:00:00+00:00
1780452000,8.005e-05,2026-06-03 02:00:00+00:00
1780455600,8.642e-05,2026-06-03 03:00:00+00:00
1780459200,9.019e-05,2026-06-03 04:00:00+00:00
1780462800,0.00010069,2026-06-03 05:00:00+00:00
1780466400,7.613e-05,2026-06-03 06:00:00+00:00
1780470000,6.17e-05,2026-06-03 07:00:00+00:00
1780473600,4.048e-05,2026-06-03 08:00:00+00:00
1780477200,1.932e-05,2026-06-03 09:00:00+00:00
1780480800,9.95e-06,2026-06-03 10:00:00+00:00
1780484400,1.25e-05,2026-06-03 11:00:00+00:00
1780488000,1.751e-05,2026-06-03 12:00:00+00:00
1780491600,1.722e-05,2026-06-03 13:00:00+00:00
1780495200,2.379e-05,2026-06-03 14:00:00+00:00
1780498800,3.568e-05,2026-06-03 15:00:00+00:00
1780502400,3.189e-05,2026-06-03 16:00:00+00:00
1780506000,3.537e-05,2026-06-03 17:00:00+00:00
1780509600,3.676e-05,2026-06-03 18:00:00+00:00
1780513200,2.837e-05,2026-06-03 19:00:00+00:00
1780516800,1.631e-05,2026-06-03 20:00:00+00:00
1780520400,6.52e-06,2026-06-03 21:00:00+00:00
1780524000,1.08e-06,2026-06-03 22:00:00+00:00
1780531200,0.0,2026-06-04 00:00:00+00:00
1780549200,1.189e-05,2026-06-04 05:00:00+00:00
1780552800,4.325e-05,2026-06-04 06:00:00+00:00
1780556400,5.166e-05,2026-06-04 07:00:00+00:00
1780560000,4.656e-05,2026-06-04 08:00:00+00:00
1780563600,3.881e-05,2026-06-04 09:00:00+00:00
1780567200,2.97e-05,2026-06-04 10:00:00+00:00
1780570800,1.767e-05,2026-06-04 11:00:00+00:00
1780574400,6.39e-06,2026-06-04 12:00:00+00:00
1780578000,5.1e-07,2026-06-04 13:00:00+00:00
1780588800,0.0,2026-06-04 16:00:00+00:00
1780596000,5.5e-06,2026-06-04 18:00:00+00:00
1780599600,2.536e-05,2026-06-04 19:00:00+00:00
1780603200,4.047e-05,2026-06-04 20:00:00+00:00
1780606800,3.246e-05,2026-06-04 21:00:00+00:00
1780610400,1.018e-05,2026-06-04 22:00:00+00:00
1780614000,4.5e-07,2026-06-04 23:00:00+00:00
1780617600,0.0,2026-06-05 00:00:00+00:00
1780646400,0.0,2026-06-05 08:00:00+00:00
