timestamp,open,high,low,close,volume,datetime
1775001600,704874175427.0,705966970082.0,703918640895.0,705787187797.0,448150379286.24536,2026-04-01 00:00:00+00:00
1775005200,705795300429.0,705886909108.0,703133000049.0,703133000049.0,448150379286.24536,2026-04-01 01:00:00+00:00
1775008800,703126885484.0,703715118128.0,702407564986.0,702661502062.0,448150379286.24536,2026-04-01 02:00:00+00:00
1775012400,702659968460.0,705560376094.0,702659406544.0,705393185290.0,448150379286.24536,2026-04-01 03:00:00+00:00
1775016000,705392577753.0,705730155288.0,704617547039.0,705109266243.0,448150379286.24536,2026-04-01 04:00:00+00:00
1775019600,705104950783.0,707437753491.0,704496778351.0,707114529762.0,448150379286.24536,2026-04-01 05:00:00+00:00
1775023200,707116889127.0,710779525318.0,707111807374.0,710102972070.0,448150379286.24536,2026-04-01 06:00:00+00:00
1775026800,710096628498.0,710961539490.0,707959438018.0,708017463834.0,448150379286.24536,2026-04-01 07:00:00+00:00
1775030400,708034455143.0,708570534386.0,706955675166.0,707214114437.0,448150379286.24536,2026-04-01 08:00:00+00:00
1775034000,707215424612.0,707473843944.0,706164972361.0,706810218842.0,448150379286.24536,2026-04-01 09:00:00+00:00
1775037600,706804073460.0,707231582957.0,706114092817.0,706928912102.0,448150379286.24536,2026-04-01 10:00:00+00:00
1775041200,706922600471.0,707524617459.0,706434837274.0,707329779584.0,448150379286.24536,2026-04-01 11:00:00+00:00
1775044800,707313134749.0,709111521441.0,706617259694.0,706848099041.0,448150379286.24536,2026-04-01 12:00:00+00:00
1775048400,706862297187.0,707858417891.0,704718543792.0,705270068512.0,448150379286.24536,2026-04-01 13:00:00+00:00
1775052000,705285762999.0,707939858653.0,705279976555.0,707486773046.0,448150379286.24536,2026-04-01 14:00:00+00:00
1775055600,707489467698.0,708120711700.0,706261468294.0,708094012338.0,448150379286.24536,2026-04-01 15:00:00+00:00
1775059200,708081813154.0,709882738082.0,706517298813.0,709388565057.0,448150379286.24536,2026-04-01 16:00:00+00:00
1775062800,709384893439.0,711885833074.0,707537493164.0,707568685026.0,448150379286.24536,2026-04-01 17:00:00+00:00
1775066400,707573888868.0,707705448497.0,706104329620.0,706214075280.0,448150379286.24536,2026-04-01 18:00:00+00:00
1775070000,706226851800.0,707671921457.0,706226851800.0,706930959906.0,448150379286.24536,2026-04-01 19:00:00+00:00
1775073600,706988566948.0,707152711391.0,704567637325.0,705667443557.0,448150379286.24536,2026-04-01 20:00:00+00:00
1775077200,705668831619.0,707359429052.0,705538022143.0,706304675371.0,448150379286.24536,2026-04-01 21:00:00+00:00
1775080800,706298278630.0,706298278630.0,703797283425.0,704109877900.0,448150379286.24536,2026-04-01 22:00:00+00:00
1775084400,704113886561.0,705728004467.0,703857653482.0,705527499754.0,448150379286.24536,2026-04-01 23:00:00+00:00
1775088000,705521174086.0,708235303958.0,705521174086.0,708170447923.0,469138347779.5597,2026-04-02 00:00:00+00:00
1775091600,708181355484.0,708182699746.0,699737643567.0,700633640020.0,469138347779.5597,2026-04-02 01:00:00+00:00
1775095200,700630489912.0,700637171065.0,695127548090.0,696041952433.0,469138347779.5597,2026-04-02 02:00:00+00:00
1775098800,696041521794.0,696131958514.0,693463066671.0,694274809892.0,469138347779.5597,2026-04-02 03:00:00+00:00
1775102400,694274835399.0,694690643703.0,692508709685.0,692615349631.0,469138347779.5597,2026-04-02 04:00:00+00:00
1775106000,692609468254.0,694478224470.0,692401677038.0,694270278340.0,469138347779.5597,2026-04-02 05:00:00+00:00
1775109600,694268863679.0,695214310232.0,693766955415.0,694224431479.0,469138347779.5597,2026-04-02 06:00:00+00:00
1775113200,694231262477.0,695344501680.0,693766932094.0,695344501680.0,469138347779.5597,2026-04-02 07:00:00+00:00
1775116800,695344643352.0,695350188592.0,693600020715.0,693600020715.0,469138347779.5597,2026-04-02 08:00:00+00:00
1775120400,693603965504.0,693710236187.0,692770387302.0,693322945968.0,469138347779.5597,2026-04-02 09:00:00+00:00
1775124000,693312988114.0,693432191778.0,691784188753.0,691784188753.0,469138347779.5597,2026-04-02 10:00:00+00:00
1775127600,691786233560.0,691962245985.0,689805218194.0,690689092194.0,469138347779.5597,2026-04-02 11:00:00+00:00
1775131200,690690980806.0,690690980806.0,688699030797.0,688751268356.0,469138347779.5597,2026-04-02 12:00:00+00:00
1775134800,688749769838.0,689785511490.0,687491335827.0,689704711941.0,469138347779.5597,2026-04-02 13:00:00+00:00
1775138400,689707797970.0,694259505061.0,689137647119.0,693277967461.0,469138347779.5597,2026-04-02 14:00:00+00:00
1775142000,693255543267.0,693255543267.0,690894439774.0,692270012967.0,469138347779.5597,2026-04-02 15:00:00+00:00
1775145600,692276531369.0,694863317915.0,691997110742.0,693848267136.0,469138347779.5597,2026-04-02 16:00:00+00:00
1775149200,693842871121.0,695379761555.0,691690061037.0,691712564621.0,469138347779.5597,2026-04-02 17:00:00+00:00
1775152800,691712215971.0,694190245414.0,691573208908.0,693788776058.0,469138347779.5597,2026-04-02 18:00:00+00:00
1775156400,693790433656.0,694317273914.0,692666261286.0,694317273914.0,469138347779.5597,2026-04-02 19:00:00+00:00
1775160000,694314540981.0,696168419622.0,693722663210.0,695432424439.0,469138347779.5597,2026-04-02 20:00:00+00:00
1775163600,695432868099.0,695667475815.0,694083136689.0,695080155645.0,469138347779.5597,2026-04-02 21:00:00+00:00
1775167200,695082288489.0,695558528607.0,694269586410.0,695246457233.0,469138347779.5597,2026-04-02 22:00:00+00:00
1775170800,695235129072.0,695566266363.0,693908991277.0,694182064188.0,469138347779.5597,2026-04-02 23:00:00+00:00
1775174400,694174286258.0,695006251411.0,694174286258.0,694457843537.0,283580802453.9367,2026-04-03 00:00:00+00:00
1775178000,694452084123.0,695825750059.0,693783743585.0,694224280392.0,283580802453.9367,2026-04-03 01:00:00+00:00
1775181600,694233506879.0,695805088510.0,693247444230.0,695681064140.0,283580802453.9367,2026-04-03 02:00:00+00:00
1775185200,695684690547.0,697107559743.0,695458248545.0,696988936295.0,283580802453.9367,2026-04-03 03:00:00+00:00
1775188800,696976524083.0,697586588607.0,696371853480.0,697586588607.0,283580802453.9367,2026-04-03 04:00:00+00:00
1775192400,697588210938.0,699140882758.0,696685254000.0,697920924668.0,283580802453.9367,2026-04-03 05:00:00+00:00
1775196000,697913959978.0,698845210724.0,697411978826.0,698474244103.0,283580802453.9367,2026-04-03 06:00:00+00:00
1775199600,698467840435.0,699671362622.0,697965238732.0,698381087817.0,283580802453.9367,2026-04-03 07:00:00+00:00
1775203200,698386921999.0,699172873548.0,697948121390.0,698319379633.0,283580802453.9367,2026-04-03 08:00:00+00:00
1775206800,698317565930.0,698552496932.0,697358431754.0,697930720634.0,283580802453.9367,2026-04-03 09:00:00+00:00
1775210400,697935703794.0,698493748548.0,697255565965.0,698493748548.0,283580802453.9367,2026-04-03 10:00:00+00:00
1775214000,698496211176.0,699090745487.0,698258443309.0,699049336386.0,283580802453.9367,2026-04-03 11:00:00+00:00
1775217600,699054692672.0,701558347707.0,697452206848.0,697781229661.0,283580802453.9367,2026-04-03 12:00:00+00:00
1775221200,697793676843.0,697999826507.0,697001604899.0,697999826507.0,283580802453.9367,2026-04-03 13:00:00+00:00
1775224800,697996997314.0,699078146015.0,697449524602.0,699066228088.0,283580802453.9367,2026-04-03 14:00:00+00:00
1775228400,699038025913.0,699700249271.0,698330718095.0,698462517533.0,283580802453.9367,2026-04-03 15:00:00+00:00
1775232000,698456911081.0,699801442052.0,698456911081.0,699766431076.0,283580802453.9367,2026-04-03 16:00:00+00:00
1775235600,699756156165.0,699905702725.0,698437738172.0,699041470129.0,283580802453.9367,2026-04-03 17:00:00+00:00
1775239200,699036117742.0,699485000870.0,698205050158.0,698236105898.0,283580802453.9367,2026-04-03 18:00:00+00:00
1775242800,698234303330.0,698659515507.0,697248729882.0,698595945539.0,283580802453.9367,2026-04-03 19:00:00+00:00
1775246400,698593927530.0,698973892104.0,698571812699.0,698649315855.0,283580802453.9367,2026-04-03 20:00:00+00:00
1775250000,698648427569.0,699357793121.0,698624017936.0,699034314423.0,283580802453.9367,2026-04-03 21:00:00+00:00
1775253600,699034717286.0,699034717286.0,697792177742.0,698070041525.0,283580802453.9367,2026-04-03 22:00:00+00:00
1775257200,698070246068.0,698150979648.0,696923020660.0,697401314001.0,283580802453.9367,2026-04-03 23:00:00+00:00
1775260800,697399066531.0,697399066531.0,696775118874.0,696937099259.0,210957306874.59528,2026-04-04 00:00:00+00:00
1775264400,696930494289.0,697254305391.0,696535134553.0,696672386945.0,210957306874.59528,2026-04-04 01:00:00+00:00
1775268000,696670059290.0,698293706990.0,696307863331.0,698059245239.0,210957306874.59528,2026-04-04 02:00:00+00:00
1775271600,698061369546.0,698701761686.0,698061369546.0,698562106044.0,210957306874.59528,2026-04-04 03:00:00+00:00
1775275200,698564616389.0,698894316078.0,698480850997.0,698599923407.0,210957306874.59528,2026-04-04 04:00:00+00:00
1775278800,698599341712.0,698913639510.0,698274356470.0,698509047633.0,210957306874.59528,2026-04-04 05:00:00+00:00
1775282400,698507250647.0,699923966141.0,698507250647.0,699737671506.0,210957306874.59528,2026-04-04 06:00:00+00:00
1775286000,699735493066.0,699740687874.0,698766609842.0,698973083841.0,210957306874.59528,2026-04-04 07:00:00+00:00
1775289600,698975047223.0,699327424065.0,698312346943.0,698312346943.0,210957306874.59528,2026-04-04 08:00:00+00:00
1775293200,698315272833.0,698590791117.0,698257217959.0,698303458481.0,210957306874.59528,2026-04-04 09:00:00+00:00
1775296800,698301879125.0,698960882387.0,698056562350.0,698960882387.0,210957306874.59528,2026-04-04 10:00:00+00:00
1775300400,698979044421.0,699202990234.0,698474843723.0,698721279937.0,210957306874.59528,2026-04-04 11:00:00+00:00
1775304000,698724535137.0,698812497866.0,698224873383.0,698487646932.0,210957306874.59528,2026-04-04 12:00:00+00:00
1775307600,698488316069.0,698525089903.0,696749828777.0,696922442582.0,210957306874.59528,2026-04-04 13:00:00+00:00
1775311200,696918334086.0,697458949357.0,695895092248.0,697451200335.0,210957306874.59528,2026-04-04 14:00:00+00:00
1775314800,697465473446.0,699014147367.0,697306193748.0,698235437130.0,210957306874.59528,2026-04-04 15:00:00+00:00
1775318400,698237461369.0,699124483123.0,697937488668.0,697939358087.0,210957306874.59528,2026-04-04 16:00:00+00:00
1775322000,697943867353.0,699296563794.0,697727827860.0,699150989667.0,210957306874.59528,2026-04-04 17:00:00+00:00
1775325600,699144806452.0,699338632883.0,698923225698.0,699018460830.0,210957306874.59528,2026-04-04 18:00:00+00:00
1775329200,699023646015.0,701121546816.0,698977204690.0,699345913940.0,210957306874.59528,2026-04-04 19:00:00+00:00
1775332800,699344286933.0,699399317163.0,698910240149.0,699100923844.0,210957306874.59528,2026-04-04 20:00:00+00:00
1775336400,699099793866.0,699707934928.0,698813080088.0,699394383968.0,210957306874.59528,2026-04-04 21:00:00+00:00
1775340000,699395187216.0,699757279431.0,699246600151.0,699457567175.0,210957306874.59528,2026-04-04 22:00:00+00:00
1775343600,699456487952.0,700417232620.0,698799315420.0,700417232620.0,210957306874.59528,2026-04-04 23:00:00+00:00
1775347200,700419940182.0,700419940182.0,699596059475.0,699766688458.0,245870095706.53033,2026-04-05 00:00:00+00:00
1775350800,699782280943.0,699948513278.0,699225859076.0,699225859076.0,245870095706.53033,2026-04-05 01:00:00+00:00
1775354400,699225333563.0,699225333563.0,698073275625.0,698415528996.0,245870095706.53033,2026-04-05 02:00:00+00:00
1775358000,698420653015.0,698433097427.0,697835641690.0,698036826407.0,245870095706.53033,2026-04-05 03:00:00+00:00
1775361600,698040771308.0,698134325844.0,697395820310.0,697395820310.0,245870095706.53033,2026-04-05 04:00:00+00:00
1775365200,697393514822.0,697428178840.0,695814672338.0,695980087711.0,245870095706.53033,2026-04-05 05:00:00+00:00
1775368800,695981824350.0,695981824350.0,693778089763.0,695098687605.0,245870095706.53033,2026-04-05 06:00:00+00:00
1775372400,695044622264.0,695210375733.0,694112953012.0,694374234127.0,245870095706.53033,2026-04-05 07:00:00+00:00
1775376000,694374350606.0,694919861503.0,694201029135.0,694877886111.0,245870095706.53033,2026-04-05 08:00:00+00:00
1775379600,694871893998.0,695529428916.0,694871893998.0,695430876188.0,245870095706.53033,2026-04-05 09:00:00+00:00
1775383200,695441924350.0,696310540932.0,694960953239.0,694987097472.0,245870095706.53033,2026-04-05 10:00:00+00:00
1775386800,694987791429.0,695208721991.0,694792101083.0,695193639027.0,245870095706.53033,2026-04-05 11:00:00+00:00
1775390400,695195277275.0,695195277275.0,691583398308.0,692269664818.0,245870095706.53033,2026-04-05 12:00:00+00:00
1775394000,692267672535.0,693060254385.0,691355134609.0,693060254385.0,245870095706.53033,2026-04-05 13:00:00+00:00
1775397600,693053854030.0,693640248836.0,692547407658.0,692839363277.0,245870095706.53033,2026-04-05 14:00:00+00:00
1775401200,692837742161.0,696967209105.0,692080255053.0,694627035056.0,245870095706.53033,2026-04-05 15:00:00+00:00
1775404800,694626464830.0,695311635833.0,694349405739.0,694463386520.0,245870095706.53033,2026-04-05 16:00:00+00:00
1775408400,694465042573.0,695347417503.0,694197184285.0,695347417503.0,245870095706.53033,2026-04-05 17:00:00+00:00
1775412000,695360674969.0,695827897074.0,694735221923.0,695297307344.0,245870095706.53033,2026-04-05 18:00:00+00:00
1775415600,695306687988.0,696212352960.0,694656218111.0,695331834806.0,245870095706.53033,2026-04-05 19:00:00+00:00
1775419200,695340117698.0,696124738231.0,695058983092.0,696053080805.0,245870095706.53033,2026-04-05 20:00:00+00:00
1775422800,696054412369.0,696054412369.0,694420807253.0,695033707459.0,245870095706.53033,2026-04-05 21:00:00+00:00
1775426400,695039248379.0,698510853713.0,694060076775.0,698436829246.0,245870095706.53033,2026-04-05 22:00:00+00:00
1775430000,698436258175.0,703498145018.0,698340482458.0,703466107326.0,245870095706.53033,2026-04-05 23:00:00+00:00
1775433600,703464523727.0,706735530735.0,703463137977.0,704984027681.0,437381592727.0536,2026-04-06 00:00:00+00:00
1775437200,704990038862.0,705115050790.0,703424882084.0,703978001321.0,437381592727.0536,2026-04-06 01:00:00+00:00
1775440800,703994296227.0,707829685597.0,703982466983.0,706500903023.0,437381592727.0536,2026-04-06 02:00:00+00:00
1775444400,706477354661.0,706702475594.0,705263408617.0,705557983555.0,437381592727.0536,2026-04-06 03:00:00+00:00
1775448000,705562036539.0,706230962650.0,705178249362.0,705635824679.0,437381592727.0536,2026-04-06 04:00:00+00:00
1775451600,705630157331.0,705994147049.0,705261499844.0,705889640063.0,437381592727.0536,2026-04-06 05:00:00+00:00
1775455200,705890623750.0,706781849121.0,704483322421.0,705347745212.0,437381592727.0536,2026-04-06 06:00:00+00:00
1775458800,705349456232.0,706337464432.0,704578890735.0,706211202144.0,437381592727.0536,2026-04-06 07:00:00+00:00
1775462400,706211897219.0,707490238178.0,706114035234.0,706392006001.0,437381592727.0536,2026-04-06 08:00:00+00:00
1775466000,706387482409.0,710338736160.0,706379831101.0,708748808852.0,437381592727.0536,2026-04-06 09:00:00+00:00
1775469600,708751942724.0,709974960792.0,708751942724.0,709223821392.0,437381592727.0536,2026-04-06 10:00:00+00:00
1775473200,709216954731.0,709216954731.0,708202188510.0,708358969885.0,437381592727.0536,2026-04-06 11:00:00+00:00
1775476800,708361493608.0,708477964495.0,707280707897.0,707320119813.0,437381592727.0536,2026-04-06 12:00:00+00:00
1775480400,707325698727.0,707562713663.0,705650633103.0,706232482701.0,437381592727.0536,2026-04-06 13:00:00+00:00
1775484000,706229638058.0,707673706414.0,705288837869.0,706787635181.0,437381592727.0536,2026-04-06 14:00:00+00:00
1775487600,706786277872.0,707114720816.0,706160623836.0,707114720816.0,437381592727.0536,2026-04-06 15:00:00+00:00
1775491200,707109577769.0,707314976914.0,705148342523.0,705149568133.0,437381592727.0536,2026-04-06 16:00:00+00:00
1775494800,705142404020.0,705142404020.0,703153763960.0,704310812964.0,437381592727.0536,2026-04-06 17:00:00+00:00
1775498400,704308956046.0,705464162721.0,704075305578.0,705121716967.0,437381592727.0536,2026-04-06 18:00:00+00:00
1775502000,705117079164.0,705123384065.0,704039191042.0,704875336987.0,437381592727.0536,2026-04-06 19:00:00+00:00
1775505600,704858476592.0,705350566968.0,704726252277.0,704867414764.0,437381592727.0536,2026-04-06 20:00:00+00:00
1775509200,704856993706.0,704857883724.0,703361039253.0,703396867544.0,437381592727.0536,2026-04-06 21:00:00+00:00
1775512800,703398332027.0,703473500389.0,699223329549.0,699225379136.0,437381592727.0536,2026-04-06 22:00:00+00:00
1775516400,699226259482.0,699796103120.0,697185887016.0,699496979427.0,437381592727.0536,2026-04-06 23:00:00+00:00
1775520000,699486672555.0,700595171111.0,699364846287.0,699574193396.0,480836645827.4126,2026-04-07 00:00:00+00:00
1775523600,699563489630.0,700318860040.0,697821627449.0,698026612758.0,480836645827.4126,2026-04-07 01:00:00+00:00
1775527200,698000243885.0,700667121265.0,697344926017.0,700194622971.0,480836645827.4126,2026-04-07 02:00:00+00:00
1775530800,700186084434.0,700713361415.0,700150413574.0,700556989914.0,480836645827.4126,2026-04-07 03:00:00+00:00
1775534400,700559565335.0,702022958255.0,699931012571.0,701232274099.0,480836645827.4126,2026-04-07 04:00:00+00:00
1775538000,701241212418.0,701271764075.0,699698549306.0,700013460359.0,480836645827.4126,2026-04-07 05:00:00+00:00
1775541600,700025031416.0,700042032471.0,698603711903.0,699680728038.0,480836645827.4126,2026-04-07 06:00:00+00:00
1775545200,699680365609.0,700642127487.0,699550350261.0,700150368035.0,480836645827.4126,2026-04-07 07:00:00+00:00
1775548800,700161145006.0,702129998219.0,700110209791.0,701738087784.0,480836645827.4126,2026-04-07 08:00:00+00:00
1775552400,701740968244.0,703289266170.0,701716422177.0,702689582612.0,480836645827.4126,2026-04-07 09:00:00+00:00
1775556000,702695405021.0,702944272566.0,698784240683.0,698784240683.0,480836645827.4126,2026-04-07 10:00:00+00:00
1775559600,698781071624.0,699070260293.0,697891214754.0,698414149743.0,480836645827.4126,2026-04-07 11:00:00+00:00
1775563200,698410558170.0,698903459207.0,696373617824.0,698496501669.0,480836645827.4126,2026-04-07 12:00:00+00:00
1775566800,698499068452.0,699264737284.0,696279633703.0,696279633703.0,480836645827.4126,2026-04-07 13:00:00+00:00
1775570400,696247279500.0,696342604246.0,694382577423.0,694879722122.0,480836645827.4126,2026-04-07 14:00:00+00:00
1775574000,694871946822.0,696569308250.0,694480306478.0,695906734659.0,480836645827.4126,2026-04-07 15:00:00+00:00
1775577600,695909267654.0,697297046082.0,695850989761.0,696587894100.0,480836645827.4126,2026-04-07 16:00:00+00:00
1775581200,696596031701.0,700780010689.0,696480428667.0,699157164325.0,480836645827.4126,2026-04-07 17:00:00+00:00
1775584800,699161809896.0,699330256196.0,697422468479.0,697988160104.0,480836645827.4126,2026-04-07 18:00:00+00:00
1775588400,697992234707.0,702084882139.0,697992234707.0,702084882139.0,480836645827.4126,2026-04-07 19:00:00+00:00
1775592000,702085408921.0,703421051552.0,702085408921.0,702708418973.0,480836645827.4126,2026-04-07 20:00:00+00:00
1775595600,702709389503.0,708476104008.0,702709389503.0,708069941772.0,480836645827.4126,2026-04-07 21:00:00+00:00
1775599200,708072470618.0,716278047440.0,708072199755.0,716278047440.0,480836645827.4126,2026-04-07 22:00:00+00:00
1775602800,716333201609.0,721406002647.0,715847770954.0,717902638375.0,480836645827.4126,2026-04-07 23:00:00+00:00
1775606400,717863802602.0,718774698958.0,714314349283.0,714851130513.0,521381635264.4569,2026-04-08 00:00:00+00:00
1775610000,714850778702.0,715647607551.0,714061669700.0,715163782113.0,521381635264.4569,2026-04-08 01:00:00+00:00
1775613600,715163066457.0,716643745242.0,714911686482.0,715331939172.0,521381635264.4569,2026-04-08 02:00:00+00:00
1775617200,715353420133.0,715811735114.0,714649425787.0,714649425787.0,521381635264.4569,2026-04-08 03:00:00+00:00
1775620800,714651077736.0,716363462415.0,714651077736.0,715931105002.0,521381635264.4569,2026-04-08 04:00:00+00:00
1775624400,715899331827.0,717466269090.0,715810394395.0,716722019024.0,521381635264.4569,2026-04-08 05:00:00+00:00
1775628000,716724974728.0,717224967314.0,716018115853.0,716070048619.0,521381635264.4569,2026-04-08 06:00:00+00:00
1775631600,716069432155.0,716809533905.0,715512654135.0,716085590464.0,521381635264.4569,2026-04-08 07:00:00+00:00
1775635200,716082005213.0,716798851420.0,715607270943.0,716498421998.0,521381635264.4569,2026-04-08 08:00:00+00:00
1775638800,716500598543.0,717077842123.0,715502114752.0,716090506848.0,521381635264.4569,2026-04-08 09:00:00+00:00
1775642400,716096631900.0,716831498035.0,715725877081.0,715891617498.0,521381635264.4569,2026-04-08 10:00:00+00:00
1775646000,715879614420.0,716358572287.0,714074625467.0,715632208427.0,521381635264.4569,2026-04-08 11:00:00+00:00
1775649600,715645231121.0,716591495056.0,714678193501.0,716252931528.0,521381635264.4569,2026-04-08 12:00:00+00:00
1775653200,716252337655.0,718938360807.0,715872237570.0,716170116245.0,521381635264.4569,2026-04-08 13:00:00+00:00
1775656800,716178539217.0,716486810692.0,709617959908.0,710487616193.0,521381635264.4569,2026-04-08 14:00:00+00:00
1775660400,710492602142.0,712435210278.0,710492602142.0,712406895232.0,521381635264.4569,2026-04-08 15:00:00+00:00
1775664000,712405772740.0,712942013036.0,711851993916.0,712624308149.0,521381635264.4569,2026-04-08 16:00:00+00:00
1775667600,712615641908.0,714173036919.0,711970813944.0,713759061239.0,521381635264.4569,2026-04-08 17:00:00+00:00
1775671200,713760670919.0,713760670919.0,709742459722.0,709742459722.0,521381635264.4569,2026-04-08 18:00:00+00:00
1775674800,709743579152.0,710379806641.0,709103786373.0,710379806641.0,521381635264.4569,2026-04-08 19:00:00+00:00
1775678400,710395263142.0,710783328602.0,709422584355.0,710040876082.0,521381635264.4569,2026-04-08 20:00:00+00:00
1775682000,710040737651.0,712246551227.0,710040737651.0,711744332651.0,521381635264.4569,2026-04-08 21:00:00+00:00
1775685600,711743409572.0,711755044040.0,709111102591.0,709152548734.0,521381635264.4569,2026-04-08 22:00:00+00:00
1775689200,709150022956.0,709396976711.0,707320382476.0,708440080272.0,521381635264.4569,2026-04-08 23:00:00+00:00
1775692800,708438400608.0,708472335749.0,706544364364.0,707189032448.0,450186192240.192,2026-04-09 00:00:00+00:00
1775696400,707182863988.0,707307567056.0,704946285031.0,706872266103.0,450186192240.192,2026-04-09 01:00:00+00:00
1775700000,706878028863.0,707180381299.0,705428880019.0,705719556127.0,450186192240.192,2026-04-09 02:00:00+00:00
1775703600,705727332640.0,705802823936.0,704805788565.0,705110915201.0,450186192240.192,2026-04-09 03:00:00+00:00
1775707200,705101165961.0,705297513173.0,704628001539.0,704651354477.0,450186192240.192,2026-04-09 04:00:00+00:00
1775710800,704654771094.0,706132130723.0,704427849305.0,705386332442.0,450186192240.192,2026-04-09 05:00:00+00:00
1775714400,705388361225.0,705965486267.0,704536617903.0,705843238801.0,450186192240.192,2026-04-09 06:00:00+00:00
1775718000,705847254593.0,706286371848.0,705561517648.0,705561517648.0,450186192240.192,2026-04-09 07:00:00+00:00
1775721600,705562110652.0,706658436200.0,705242112063.0,706389734727.0,450186192240.192,2026-04-09 08:00:00+00:00
1775725200,706394994120.0,707390838401.0,705680592628.0,707225565117.0,450186192240.192,2026-04-09 09:00:00+00:00
1775728800,707222283892.0,707222283892.0,706479135051.0,706641466119.0,450186192240.192,2026-04-09 10:00:00+00:00
1775732400,706642064587.0,706907809589.0,705529106181.0,705649961452.0,450186192240.192,2026-04-09 11:00:00+00:00
1775736000,705644485554.0,706547034214.0,705137536545.0,706474449392.0,450186192240.192,2026-04-09 12:00:00+00:00
1775739600,706474336070.0,707938961926.0,706076999547.0,706794014258.0,450186192240.192,2026-04-09 13:00:00+00:00
1775743200,706788443128.0,708125086663.0,705426456918.0,707917587665.0,450186192240.192,2026-04-09 14:00:00+00:00
1775746800,707928754684.0,713725179580.0,707164992946.0,712979139154.0,450186192240.192,2026-04-09 15:00:00+00:00
1775750400,712984069647.0,714416847733.0,710962706417.0,712629605572.0,450186192240.192,2026-04-09 16:00:00+00:00
1775754000,712630861165.0,715224149190.0,712630861165.0,715224149190.0,450186192240.192,2026-04-09 17:00:00+00:00
1775757600,715225043136.0,715354749629.0,712992023244.0,714242398440.0,450186192240.192,2026-04-09 18:00:00+00:00
1775761200,714219536615.0,715859812529.0,713690007695.0,715360772530.0,450186192240.192,2026-04-09 19:00:00+00:00
1775764800,715352426355.0,716783208764.0,715250795058.0,716232407479.0,450186192240.192,2026-04-09 20:00:00+00:00
1775768400,716221678189.0,717632744110.0,715370736407.0,715523610133.0,450186192240.192,2026-04-09 21:00:00+00:00
1775772000,715523640683.0,720115171179.0,714815287373.0,714822913200.0,450186192240.192,2026-04-09 22:00:00+00:00
1775775600,714825138506.0,714825138506.0,711938314139.0,712207545273.0,450186192240.192,2026-04-09 23:00:00+00:00
1775779200,712194999382.0,712260353956.0,710782355666.0,712010309401.0,507180396272.3861,2026-04-10 00:00:00+00:00
1775782800,712018853412.0,713651166647.0,710697384065.0,712247919504.0,507180396272.3861,2026-04-10 01:00:00+00:00
1775786400,712249472293.0,713003455026.0,710526349437.0,710628133862.0,507180396272.3861,2026-04-10 02:00:00+00:00
1775790000,710630302009.0,711025600144.0,709467548229.0,709650979434.0,507180396272.3861,2026-04-10 03:00:00+00:00
1775793600,709671494642.0,711596011011.0,709644010520.0,711069903237.0,507180396272.3861,2026-04-10 04:00:00+00:00
1775797200,711050148444.0,711746199290.0,710436863221.0,711057458181.0,507180396272.3861,2026-04-10 05:00:00+00:00
1775800800,711058493978.0,711547583432.0,709670126415.0,709901478149.0,507180396272.3861,2026-04-10 06:00:00+00:00
1775804400,709900040314.0,710132634122.0,708619773987.0,708856558195.0,507180396272.3861,2026-04-10 07:00:00+00:00
1775808000,708857163467.0,710101635109.0,708335046223.0,709211306839.0,507180396272.3861,2026-04-10 08:00:00+00:00
1775811600,709210070373.0,710720511646.0,709210070373.0,710720511646.0,507180396272.3861,2026-04-10 09:00:00+00:00
1775815200,710712254832.0,710712254832.0,709703669684.0,709942023603.0,507180396272.3861,2026-04-10 10:00:00+00:00
1775818800,709928798079.0,711345263602.0,709875201160.0,710752025662.0,507180396272.3861,2026-04-10 11:00:00+00:00
1775822400,710756413959.0,712102188602.0,710343906931.0,711389493712.0,507180396272.3861,2026-04-10 12:00:00+00:00
1775826000,711388118614.0,711973132728.0,710433193356.0,711809003813.0,507180396272.3861,2026-04-10 13:00:00+00:00
1775829600,711810272210.0,715050041637.0,711665873421.0,715050041637.0,507180396272.3861,2026-04-10 14:00:00+00:00
1775833200,715050439746.0,716134118790.0,712182045886.0,712450738975.0,507180396272.3861,2026-04-10 15:00:00+00:00
1775836800,712488323176.0,714030027157.0,712488323176.0,713920723840.0,507180396272.3861,2026-04-10 16:00:00+00:00
1775840400,713928496286.0,714288172787.0,712982784906.0,714288172787.0,507180396272.3861,2026-04-10 17:00:00+00:00
1775844000,714282743444.0,715512922950.0,713714505635.0,715512922950.0,507180396272.3861,2026-04-10 18:00:00+00:00
1775847600,715518758316.0,716472355032.0,715518758316.0,716407979419.0,507180396272.3861,2026-04-10 19:00:00+00:00
1775851200,716389553797.0,716868264351.0,715333891389.0,716662864133.0,507180396272.3861,2026-04-10 20:00:00+00:00
1775854800,716665610886.0,716665610886.0,714840410161.0,715446104368.0,507180396272.3861,2026-04-10 21:00:00+00:00
1775858400,715448885879.0,715665598349.0,714039361428.0,714497701052.0,507180396272.3861,2026-04-10 22:00:00+00:00
1775862000,714494412917.0,715936224467.0,713962272192.0,715920487102.0,507180396272.3861,2026-04-10 23:00:00+00:00
1775865600,715921454981.0,716138638095.0,715188626338.0,715408025281.0,373369721838.7892,2026-04-11 00:00:00+00:00
1775869200,715405921883.0,715405921883.0,714414774307.0,715304941664.0,373369721838.7892,2026-04-11 01:00:00+00:00
1775872800,715328566610.0,716529001143.0,715178365048.0,715847583151.0,373369721838.7892,2026-04-11 02:00:00+00:00
1775876400,715860875582.0,716553169217.0,715044035916.0,715173545634.0,373369721838.7892,2026-04-11 03:00:00+00:00
1775880000,715175103315.0,715705065759.0,714718841343.0,715073056880.0,373369721838.7892,2026-04-11 04:00:00+00:00
1775883600,715079717755.0,715206751042.0,713873303610.0,714159234596.0,373369721838.7892,2026-04-11 05:00:00+00:00
1775887200,714161816090.0,714230069989.0,713461129085.0,714170817462.0,373369721838.7892,2026-04-11 06:00:00+00:00
1775890800,714169464346.0,714589171834.0,714040387618.0,714459430355.0,373369721838.7892,2026-04-11 07:00:00+00:00
1775894400,714463838883.0,714898681167.0,714258951676.0,714459842673.0,373369721838.7892,2026-04-11 08:00:00+00:00
1775898000,714455607713.0,715594777378.0,714286772267.0,715317630118.0,373369721838.7892,2026-04-11 09:00:00+00:00
1775901600,715321718159.0,715380046962.0,714347360385.0,714614745750.0,373369721838.7892,2026-04-11 10:00:00+00:00
1775905200,714612844053.0,714830901356.0,714259959853.0,714717692399.0,373369721838.7892,2026-04-11 11:00:00+00:00
1775908800,714738713273.0,715109183295.0,714192489704.0,714598301148.0,373369721838.7892,2026-04-11 12:00:00+00:00
1775912400,714601572458.0,714607448730.0,711727718909.0,712486395939.0,373369721838.7892,2026-04-11 13:00:00+00:00
1775916000,712487526586.0,713077116090.0,711952157616.0,712296317295.0,373369721838.7892,2026-04-11 14:00:00+00:00
1775919600,712272002317.0,713556317339.0,712146128757.0,713277787478.0,373369721838.7892,2026-04-11 15:00:00+00:00
1775923200,713278038769.0,715817756780.0,713278038769.0,715124640029.0,373369721838.7892,2026-04-11 16:00:00+00:00
1775926800,715122480730.0,715344307762.0,714397026647.0,714974670649.0,373369721838.7892,2026-04-11 17:00:00+00:00
1775930400,714972602980.0,718272799282.0,714513235809.0,717685190779.0,373369721838.7892,2026-04-11 18:00:00+00:00
1775934000,717707563790.0,720275402712.0,717707563790.0,719557944746.0,373369721838.7892,2026-04-11 19:00:00+00:00
1775937600,719564555820.0,719751084777.0,716413873742.0,717118343715.0,373369721838.7892,2026-04-11 20:00:00+00:00
1775941200,717115271042.0,717586352702.0,716575029355.0,717176346148.0,373369721838.7892,2026-04-11 21:00:00+00:00
1775944800,717179735239.0,718977568031.0,716465972511.0,716881842834.0,373369721838.7892,2026-04-11 22:00:00+00:00
1775948400,716884104475.0,716900749857.0,714034053811.0,715033363571.0,373369721838.7892,2026-04-11 23:00:00+00:00
1775952000,715023272972.0,715173365058.0,714250780982.0,715102623925.0,357837433105.8531,2026-04-12 00:00:00+00:00
1775955600,715104871596.0,715560754979.0,705442491369.0,706394337164.0,357837433105.8531,2026-04-12 01:00:00+00:00
1775959200,706384557840.0,708313525211.0,705128459752.0,708083446232.0,357837433105.8531,2026-04-12 02:00:00+00:00
1775962800,708083530450.0,708198061731.0,706864808538.0,706864808538.0,357837433105.8531,2026-04-12 03:00:00+00:00
1775966400,706872547678.0,707060831331.0,706177695385.0,706323542177.0,357837433105.8531,2026-04-12 04:00:00+00:00
1775970000,706314146854.0,707198015946.0,705902623390.0,707169773617.0,357837433105.8531,2026-04-12 05:00:00+00:00
1775973600,707170975382.0,707416651007.0,706577918303.0,706577918303.0,357837433105.8531,2026-04-12 06:00:00+00:00
1775977200,706578212322.0,706726863448.0,706047529348.0,706509063132.0,357837433105.8531,2026-04-12 07:00:00+00:00
1775980800,706509420825.0,706852479823.0,706323151391.0,706478436807.0,357837433105.8531,2026-04-12 08:00:00+00:00
1775984400,706481060694.0,706790341337.0,706288984814.0,706500003153.0,357837433105.8531,2026-04-12 09:00:00+00:00
1775988000,706502435362.0,707097313739.0,705777268146.0,705958264523.0,357837433105.8531,2026-04-12 10:00:00+00:00
1775991600,705958625282.0,706898355335.0,705851558987.0,706862691351.0,357837433105.8531,2026-04-12 11:00:00+00:00
1775995200,706852585982.0,707231460304.0,705776171105.0,705776171105.0,357837433105.8531,2026-04-12 12:00:00+00:00
1775998800,705761454874.0,707531873594.0,704994744414.0,705956113133.0,357837433105.8531,2026-04-12 13:00:00+00:00
1776002400,705955589025.0,706949862156.0,705287736687.0,705449217057.0,357837433105.8531,2026-04-12 14:00:00+00:00
1776006000,705449532476.0,706239954810.0,704746474525.0,705889992152.0,357837433105.8531,2026-04-12 15:00:00+00:00
1776009600,705889422171.0,706491143748.0,705796287299.0,706487041053.0,357837433105.8531,2026-04-12 16:00:00+00:00
1776013200,706488789320.0,708144744950.0,706407517975.0,707942562982.0,357837433105.8531,2026-04-12 17:00:00+00:00
1776016800,707957046925.0,708395755234.0,707491271222.0,707627228339.0,357837433105.8531,2026-04-12 18:00:00+00:00
1776020400,707633939855.0,708045817728.0,707349307107.0,707498142630.0,357837433105.8531,2026-04-12 19:00:00+00:00
1776024000,707499988214.0,709971615502.0,707157937395.0,709261289316.0,357837433105.8531,2026-04-12 20:00:00+00:00
1776027600,709266866789.0,709822915327.0,708250588442.0,708812831527.0,357837433105.8531,2026-04-12 21:00:00+00:00
1776031200,708816147828.0,708816147828.0,705124995493.0,706723597849.0,357837433105.8531,2026-04-12 22:00:00+00:00
1776034800,706726855248.0,706730770101.0,704991721917.0,705554437623.0,357837433105.8531,2026-04-12 23:00:00+00:00
1776038400,705561019196.0,708125636063.0,705520673640.0,707846911725.0,531391160876.50916,2026-04-13 00:00:00+00:00
1776042000,707846070574.0,708650620769.0,707342568666.0,708650620769.0,531391160876.50916,2026-04-13 01:00:00+00:00
1776045600,708654109047.0,708898154386.0,707296855143.0,707428269578.0,531391160876.50916,2026-04-13 02:00:00+00:00
1776049200,707426413420.0,707742188784.0,706973874357.0,707275929192.0,531391160876.50916,2026-04-13 03:00:00+00:00
1776052800,707275807914.0,707950965533.0,706864352866.0,706889430255.0,531391160876.50916,2026-04-13 04:00:00+00:00
1776056400,706887425878.0,707921844392.0,706383138597.0,707921844392.0,531391160876.50916,2026-04-13 05:00:00+00:00
1776060000,707932519973.0,709757012991.0,707932519973.0,709093383039.0,531391160876.50916,2026-04-13 06:00:00+00:00
1776063600,709112994307.0,709257428925.0,707333953162.0,707537255126.0,531391160876.50916,2026-04-13 07:00:00+00:00
1776067200,707539323285.0,707821084780.0,706522039122.0,707185437512.0,531391160876.50916,2026-04-13 08:00:00+00:00
1776070800,707190408284.0,708385340094.0,707190396533.0,707544120281.0,531391160876.50916,2026-04-13 09:00:00+00:00
1776074400,707544915500.0,707560383175.0,706735326253.0,707023993782.0,531391160876.50916,2026-04-13 10:00:00+00:00
1776078000,707036691860.0,707930405800.0,707036691860.0,707514835078.0,531391160876.50916,2026-04-13 11:00:00+00:00
1776081600,707517477143.0,709603981444.0,707097137238.0,709130625399.0,531391160876.50916,2026-04-13 12:00:00+00:00
1776085200,709128928391.0,709907925248.0,706494412194.0,709907925248.0,531391160876.50916,2026-04-13 13:00:00+00:00
1776088800,709901117821.0,711383958662.0,708058442585.0,711383958662.0,531391160876.50916,2026-04-13 14:00:00+00:00
1776092400,711400063598.0,711539121554.0,707237994028.0,708396597202.0,531391160876.50916,2026-04-13 15:00:00+00:00
1776096000,708396168118.0,710714409557.0,707185809620.0,710049760428.0,531391160876.50916,2026-04-13 16:00:00+00:00
1776099600,710042135833.0,711513668826.0,709301517282.0,709301517282.0,531391160876.50916,2026-04-13 17:00:00+00:00
1776103200,709313134607.0,710047601428.0,708391675790.0,710047601428.0,531391160876.50916,2026-04-13 18:00:00+00:00
1776106800,710049055031.0,713482868570.0,709683438232.0,713408512832.0,531391160876.50916,2026-04-13 19:00:00+00:00
1776110400,713379400926.0,713379400926.0,711768569387.0,711935134229.0,531391160876.50916,2026-04-13 20:00:00+00:00
1776114000,711931356922.0,713350011048.0,711713955462.0,713065031608.0,531391160876.50916,2026-04-13 21:00:00+00:00
1776117600,713061962514.0,720088400690.0,712986542236.0,719680311021.0,531391160876.50916,2026-04-13 22:00:00+00:00
1776121200,719674920868.0,721196025727.0,718847161665.0,720252956725.0,531391160876.50916,2026-04-13 23:00:00+00:00
1776124800,720252389327.0,720321661950.0,717671181820.0,717735424137.0,870675743560.6992,2026-04-14 00:00:00+00:00
1776128400,717734377342.0,718976084566.0,716960529420.0,718564611264.0,870675743560.6992,2026-04-14 01:00:00+00:00
1776132000,718564453687.0,720950931707.0,718479736557.0,720631417684.0,870675743560.6992,2026-04-14 02:00:00+00:00
1776135600,720616664144.0,720768120069.0,720171508841.0,720502644486.0,870675743560.6992,2026-04-14 03:00:00+00:00
1776139200,720513437970.0,720666852848.0,719621391193.0,719855090710.0,870675743560.6992,2026-04-14 04:00:00+00:00
1776142800,719855621853.0,720208301477.0,718625520239.0,718837101489.0,870675743560.6992,2026-04-14 05:00:00+00:00
1776146400,718839096755.0,720595899761.0,718837684322.0,720537796102.0,870675743560.6992,2026-04-14 06:00:00+00:00
1776150000,720536884613.0,721556786312.0,719864647456.0,719908517427.0,870675743560.6992,2026-04-14 07:00:00+00:00
1776153600,719928630796.0,722220170335.0,719711011774.0,721868881062.0,870675743560.6992,2026-04-14 08:00:00+00:00
1776157200,721872155191.0,722189737900.0,721516129187.0,721860308973.0,870675743560.6992,2026-04-14 09:00:00+00:00
1776160800,721868642705.0,722049543272.0,721400453757.0,721577673938.0,870675743560.6992,2026-04-14 10:00:00+00:00
1776164400,721573623172.0,721876532557.0,720573920329.0,720958416213.0,870675743560.6992,2026-04-14 11:00:00+00:00
1776168000,720961487621.0,721173742369.0,720203520597.0,720674537046.0,870675743560.6992,2026-04-14 12:00:00+00:00
1776171600,720677448723.0,725573502281.0,720633049046.0,725573502281.0,870675743560.6992,2026-04-14 13:00:00+00:00
1776175200,725591113233.0,725901318115.0,721947160181.0,721947204140.0,870675743560.6992,2026-04-14 14:00:00+00:00
1776178800,721826468241.0,722873109057.0,720158052713.0,721830013253.0,870675743560.6992,2026-04-14 15:00:00+00:00
1776182400,721833291265.0,722982982305.0,718648469439.0,719185288133.0,870675743560.6992,2026-04-14 16:00:00+00:00
1776186000,719185381997.0,720244502054.0,717849334976.0,719166613109.0,870675743560.6992,2026-04-14 17:00:00+00:00
1776189600,719181039090.0,719400967856.0,714951360468.0,715491821331.0,870675743560.6992,2026-04-14 18:00:00+00:00
1776193200,715487488798.0,716463251022.0,714392642378.0,715945279426.0,870675743560.6992,2026-04-14 19:00:00+00:00
1776196800,715947500708.0,716335072793.0,714932206064.0,715085175223.0,870675743560.6992,2026-04-14 20:00:00+00:00
1776200400,715090574365.0,716555624873.0,715088304983.0,716403825901.0,870675743560.6992,2026-04-14 21:00:00+00:00
1776204000,716400260081.0,717024733813.0,715167765372.0,715431913814.0,870675743560.6992,2026-04-14 22:00:00+00:00
1776207600,715428793847.0,716872757112.0,715321411285.0,716249452768.0,870675743560.6992,2026-04-14 23:00:00+00:00
1776211200,716250109000.0,717766118358.0,716250109000.0,717477718314.0,756745537096.2798,2026-04-15 00:00:00+00:00
1776214800,717480482789.0,718843174321.0,717242987481.0,718547915264.0,756745537096.2798,2026-04-15 01:00:00+00:00
1776218400,718568242605.0,718811424768.0,715595427458.0,716238685465.0,756745537096.2798,2026-04-15 02:00:00+00:00
1776222000,716240917934.0,716647180113.0,715990674705.0,716362152449.0,756745537096.2798,2026-04-15 03:00:00+00:00
1776225600,716342606886.0,717078078016.0,716029893380.0,716693694724.0,756745537096.2798,2026-04-15 04:00:00+00:00
1776229200,716709438298.0,717391918432.0,715083087697.0,715496107646.0,756745537096.2798,2026-04-15 05:00:00+00:00
1776232800,715495731570.0,715495731570.0,714799173501.0,714939298558.0,756745537096.2798,2026-04-15 06:00:00+00:00
1776236400,714922883807.0,715406910835.0,713607423918.0,713914434352.0,756745537096.2798,2026-04-15 07:00:00+00:00
1776240000,713894943188.0,715709498544.0,713566347705.0,715491284780.0,756745537096.2798,2026-04-15 08:00:00+00:00
1776243600,715482554232.0,715777280737.0,714685219930.0,715407938831.0,756745537096.2798,2026-04-15 09:00:00+00:00
1776247200,715405812816.0,717072764992.0,715013752890.0,715832263195.0,756745537096.2798,2026-04-15 10:00:00+00:00
1776250800,715835826835.0,717622930559.0,715831874526.0,717622930559.0,756745537096.2798,2026-04-15 11:00:00+00:00
1776254400,717619077464.0,718910328021.0,717086268795.0,718745041487.0,756745537096.2798,2026-04-15 12:00:00+00:00
1776258000,718742439524.0,718904499009.0,716390915103.0,717600219591.0,756745537096.2798,2026-04-15 13:00:00+00:00
1776261600,717620759671.0,719659576318.0,717046830279.0,719358447612.0,756745537096.2798,2026-04-15 14:00:00+00:00
1776265200,719376661915.0,719901241897.0,717127915191.0,718482526086.0,756745537096.2798,2026-04-15 15:00:00+00:00
1776268800,718478911073.0,720642187890.0,718212954071.0,720137753396.0,756745537096.2798,2026-04-15 16:00:00+00:00
1776272400,720129075687.0,721584870652.0,719714328270.0,720589713855.0,756745537096.2798,2026-04-15 17:00:00+00:00
1776276000,720585791907.0,721994289962.0,720352684710.0,721994289962.0,756745537096.2798,2026-04-15 18:00:00+00:00
1776279600,721991183857.0,725475129654.0,721782508289.0,724210825388.0,756745537096.2798,2026-04-15 19:00:00+00:00
1776283200,724219017987.0,724270625407.0,721400686678.0,721973456743.0,756745537096.2798,2026-04-15 20:00:00+00:00
1776286800,721954866617.0,722350986914.0,720501717321.0,722142838102.0,756745537096.2798,2026-04-15 21:00:00+00:00
1776290400,722138804529.0,724641759985.0,722138804529.0,722589938803.0,756745537096.2798,2026-04-15 22:00:00+00:00
1776294000,722579029434.0,722579029434.0,720849065656.0,721924004055.0,756745537096.2798,2026-04-15 23:00:00+00:00
1776297600,721930842962.0,722271169310.0,720584242369.0,722244687802.0,880583355052.52,2026-04-16 00:00:00+00:00
1776301200,722246013950.0,722500327697.0,720579081403.0,721987810522.0,880583355052.52,2026-04-16 01:00:00+00:00
1776304800,721998393458.0,725036111038.0,721998393458.0,723805735991.0,880583355052.52,2026-04-16 02:00:00+00:00
1776308400,723797929443.0,725443558171.0,723711618373.0,724442984117.0,880583355052.52,2026-04-16 03:00:00+00:00
1776312000,724445333686.0,725856854622.0,723633897805.0,724323830744.0,880583355052.52,2026-04-16 04:00:00+00:00
1776315600,724322159185.0,725101594605.0,723490808631.0,724877713858.0,880583355052.52,2026-04-16 05:00:00+00:00
1776319200,724891863932.0,725483653810.0,724471741620.0,725483653810.0,880583355052.52,2026-04-16 06:00:00+00:00
1776322800,725491056053.0,726105862214.0,723996734773.0,724484275672.0,880583355052.52,2026-04-16 07:00:00+00:00
1776326400,724478699649.0,724661316861.0,723589039858.0,723903765585.0,880583355052.52,2026-04-16 08:00:00+00:00
1776330000,723903349368.0,725741406637.0,723684869760.0,724810024242.0,880583355052.52,2026-04-16 09:00:00+00:00
1776333600,724811801586.0,725026693529.0,723226328957.0,723502982285.0,880583355052.52,2026-04-16 10:00:00+00:00
1776337200,723524958090.0,723928935078.0,722747838808.0,723921489703.0,880583355052.52,2026-04-16 11:00:00+00:00
1776340800,723925633983.0,729058158894.0,723925633983.0,729058158894.0,880583355052.52,2026-04-16 12:00:00+00:00
1776344400,729054140295.0,733082990472.0,725632841840.0,728164075568.0,880583355052.52,2026-04-16 13:00:00+00:00
1776348000,728162609492.0,729719526085.0,726014245007.0,728497573360.0,880583355052.52,2026-04-16 14:00:00+00:00
1776351600,728489008735.0,734235154235.0,728258309673.0,734050542998.0,880583355052.52,2026-04-16 15:00:00+00:00
1776355200,734049439239.0,735775282443.0,730765582556.0,731700416017.0,880583355052.52,2026-04-16 16:00:00+00:00
1776358800,731706051656.0,733898743685.0,730878783321.0,733794185694.0,880583355052.52,2026-04-16 17:00:00+00:00
1776362400,733789838845.0,739885908236.0,733269679523.0,739858700916.0,880583355052.52,2026-04-16 18:00:00+00:00
1776366000,739865351756.0,743020692369.0,739096365037.0,742839756296.0,880583355052.52,2026-04-16 19:00:00+00:00
1776369600,742842898018.0,743313438938.0,739202040173.0,740505860603.0,880583355052.52,2026-04-16 20:00:00+00:00
1776373200,740494657683.0,741160699277.0,738715102045.0,739221920874.0,880583355052.52,2026-04-16 21:00:00+00:00
1776376800,739221580251.0,740713992289.0,739219433320.0,739887867489.0,880583355052.52,2026-04-16 22:00:00+00:00
1776380400,739888372945.0,743767724431.0,739661582559.0,743302870106.0,880583355052.52,2026-04-16 23:00:00+00:00
1776384000,743303505779.0,743781721579.0,742007445131.0,742007445131.0,984233716239.529,2026-04-17 00:00:00+00:00
1776387600,742015888278.0,742360032057.0,738316345986.0,739586513942.0,984233716239.529,2026-04-17 01:00:00+00:00
1776391200,739579735040.0,739786426757.0,737182924315.0,738363822403.0,984233716239.529,2026-04-17 02:00:00+00:00
1776394800,738371339991.0,739665157229.0,737815968333.0,738404604496.0,984233716239.529,2026-04-17 03:00:00+00:00
1776398400,738389947345.0,739473529585.0,738389947345.0,738654155173.0,984233716239.529,2026-04-17 04:00:00+00:00
1776402000,738659193572.0,738659193572.0,736766061209.0,736767611522.0,984233716239.529,2026-04-17 05:00:00+00:00
1776405600,736768194436.0,739389889332.0,736610896198.0,738931296652.0,984233716239.529,2026-04-17 06:00:00+00:00
1776409200,738936935171.0,740134021956.0,738930497105.0,739863112443.0,984233716239.529,2026-04-17 07:00:00+00:00
1776412800,739899015423.0,741251078212.0,739577894842.0,740754948265.0,984233716239.529,2026-04-17 08:00:00+00:00
1776416400,740756660889.0,743662821441.0,740020793857.0,741900774847.0,984233716239.529,2026-04-17 09:00:00+00:00
1776420000,741896287897.0,742170664400.0,737504195240.0,738601345305.0,984233716239.529,2026-04-17 10:00:00+00:00
1776423600,738593533776.0,741171495018.0,738517062981.0,740866707903.0,984233716239.529,2026-04-17 11:00:00+00:00
1776427200,740880514880.0,744199515040.0,740303086057.0,744199515040.0,984233716239.529,2026-04-17 12:00:00+00:00
1776430800,744168217030.0,748583899729.0,743506785499.0,748357113901.0,984233716239.529,2026-04-17 13:00:00+00:00
1776434400,748371906287.0,750067045202.0,747015290864.0,748839643931.0,984233716239.529,2026-04-17 14:00:00+00:00
1776438000,748835781131.0,748835781131.0,745871219651.0,747524656683.0,984233716239.529,2026-04-17 15:00:00+00:00
1776441600,747535046381.0,750738820854.0,747535046381.0,750738820854.0,984233716239.529,2026-04-17 16:00:00+00:00
1776445200,750739543872.0,750739543872.0,745934036971.0,747416302753.0,984233716239.529,2026-04-17 17:00:00+00:00
1776448800,747418835035.0,747661263280.0,744685131839.0,745622903123.0,984233716239.529,2026-04-17 18:00:00+00:00
1776452400,745623634514.0,747581105417.0,745073247468.0,747044614676.0,984233716239.529,2026-04-17 19:00:00+00:00
1776456000,746963023188.0,747235108300.0,744559863380.0,746143040716.0,984233716239.529,2026-04-17 20:00:00+00:00
1776459600,746144348375.0,747138217456.0,745363107657.0,746254458539.0,984233716239.529,2026-04-17 21:00:00+00:00
1776463200,746251801364.0,747686300453.0,746004203030.0,747151029652.0,984233716239.529,2026-04-17 22:00:00+00:00
1776466800,747144317072.0,747144317072.0,744504944838.0,745472584933.0,984233716239.529,2026-04-17 23:00:00+00:00
1776470400,745445955116.0,746979020172.0,745425698780.0,746937553059.0,737111676444.4539,2026-04-18 00:00:00+00:00
1776474000,747000091828.0,748763256488.0,746668808660.0,747449730027.0,737111676444.4539,2026-04-18 01:00:00+00:00
1776477600,747452456349.0,750626217289.0,746704473941.0,749889603516.0,737111676444.4539,2026-04-18 02:00:00+00:00
1776481200,749882678956.0,749882678956.0,747649759022.0,747873542304.0,737111676444.4539,2026-04-18 03:00:00+00:00
1776484800,747889753943.0,749208373809.0,747559779819.0,748900693256.0,737111676444.4539,2026-04-18 04:00:00+00:00
1776488400,748899119376.0,750395718529.0,748891613974.0,749665414595.0,737111676444.4539,2026-04-18 05:00:00+00:00
1776492000,749665550563.0,750166869317.0,748677338777.0,749828493451.0,737111676444.4539,2026-04-18 06:00:00+00:00
1776495600,749829882399.0,749951320683.0,749349788291.0,749532460086.0,737111676444.4539,2026-04-18 07:00:00+00:00
1776499200,749511304950.0,749694886980.0,743911831008.0,745417478308.0,737111676444.4539,2026-04-18 08:00:00+00:00
1776502800,745421381753.0,745421582877.0,743111721818.0,743955840798.0,737111676444.4539,2026-04-18 09:00:00+00:00
1776506400,743953286369.0,743969055743.0,741291928022.0,742015308683.0,737111676444.4539,2026-04-18 10:00:00+00:00
1776510000,741995150243.0,741995150243.0,737800715301.0,738781397569.0,737111676444.4539,2026-04-18 11:00:00+00:00
1776513600,738773973841.0,739859183948.0,736305186658.0,738094400845.0,737111676444.4539,2026-04-18 12:00:00+00:00
1776517200,738092462396.0,738320045027.0,736152587574.0,737507619192.0,737111676444.4539,2026-04-18 13:00:00+00:00
1776520800,737507452275.0,737737360036.0,735664486866.0,736785253743.0,737111676444.4539,2026-04-18 14:00:00+00:00
1776524400,736790207556.0,737320170027.0,736094841242.0,736618371181.0,737111676444.4539,2026-04-18 15:00:00+00:00
1776528000,736619320559.0,737034101793.0,734740678582.0,735162272255.0,737111676444.4539,2026-04-18 16:00:00+00:00
1776531600,735155325235.0,735615431464.0,733779934945.0,734960337933.0,737111676444.4539,2026-04-18 17:00:00+00:00
1776535200,734964443673.0,734964443673.0,730948944356.0,730948944356.0,737111676444.4539,2026-04-18 18:00:00+00:00
1776538800,730957866839.0,732180337268.0,730556300005.0,731353558074.0,737111676444.4539,2026-04-18 19:00:00+00:00
1776542400,731355814920.0,732197283019.0,730945122820.0,731726014711.0,737111676444.4539,2026-04-18 20:00:00+00:00
1776546000,731727147024.0,732844002943.0,731528733125.0,732844002943.0,737111676444.4539,2026-04-18 21:00:00+00:00
1776549600,732845903280.0,732845903280.0,731651113889.0,732574682475.0,737111676444.4539,2026-04-18 22:00:00+00:00
1776553200,732579536475.0,733123851626.0,729863665403.0,729863665403.0,737111676444.4539,2026-04-18 23:00:00+00:00
1776556800,729867266161.0,730566821714.0,728806435935.0,729440055386.0,713934866697.4205,2026-04-19 00:00:00+00:00
1776560400,729439196134.0,730152523474.0,728323399692.0,728727403969.0,713934866697.4205,2026-04-19 01:00:00+00:00
1776564000,728720376810.0,728720376810.0,726209759480.0,727179691250.0,713934866697.4205,2026-04-19 02:00:00+00:00
1776567600,727180215165.0,728089460896.0,725823835105.0,727130815664.0,713934866697.4205,2026-04-19 03:00:00+00:00
1776571200,727133343004.0,728219572515.0,725437997800.0,726768118911.0,713934866697.4205,2026-04-19 04:00:00+00:00
1776574800,726783968550.0,728287906531.0,726548238474.0,726656364491.0,713934866697.4205,2026-04-19 05:00:00+00:00
1776578400,726669158199.0,727194688493.0,725021277017.0,726919956652.0,713934866697.4205,2026-04-19 06:00:00+00:00
1776582000,726966167163.0,726984047804.0,723533033534.0,725080102800.0,713934866697.4205,2026-04-19 07:00:00+00:00
1776585600,725077495628.0,726070402620.0,724622782092.0,725773341894.0,713934866697.4205,2026-04-19 08:00:00+00:00
1776589200,725775464545.0,725972912157.0,724130476972.0,724721123014.0,713934866697.4205,2026-04-19 09:00:00+00:00
1776592800,724723554354.0,725163759061.0,724311504041.0,725107667479.0,713934866697.4205,2026-04-19 10:00:00+00:00
1776596400,725129784799.0,726950466693.0,725043177524.0,726846229951.0,713934866697.4205,2026-04-19 11:00:00+00:00
1776600000,726848794498.0,728296792406.0,726848794498.0,727865481211.0,713934866697.4205,2026-04-19 12:00:00+00:00
1776603600,727860618143.0,733504227491.0,727763675127.0,731606927462.0,713934866697.4205,2026-04-19 13:00:00+00:00
1776607200,731604898842.0,733037927680.0,730370026319.0,731892435254.0,713934866697.4205,2026-04-19 14:00:00+00:00
1776610800,731876520677.0,731961383705.0,728512044817.0,731082164937.0,713934866697.4205,2026-04-19 15:00:00+00:00
1776614400,731078612497.0,731240475625.0,728776523592.0,728979545701.0,713934866697.4205,2026-04-19 16:00:00+00:00
1776618000,728981363822.0,728989767788.0,725530395151.0,725569229272.0,713934866697.4205,2026-04-19 17:00:00+00:00
1776621600,725579157736.0,726646740923.0,725157780269.0,726063249273.0,713934866697.4205,2026-04-19 18:00:00+00:00
1776625200,726020038466.0,727762180998.0,726019956616.0,726934090416.0,713934866697.4205,2026-04-19 19:00:00+00:00
1776628800,726934448985.0,726934448985.0,724686176224.0,725074720402.0,713934866697.4205,2026-04-19 20:00:00+00:00
1776632400,725082154473.0,726188453533.0,724207554005.0,724396617733.0,713934866697.4205,2026-04-19 21:00:00+00:00
1776636000,724346263588.0,724347363411.0,719926953428.0,721630657506.0,713934866697.4205,2026-04-19 22:00:00+00:00
1776639600,721608735592.0,721624319242.0,718701877060.0,718701877060.0,713934866697.4205,2026-04-19 23:00:00+00:00
1776643200,718777674435.0,722005228466.0,718637104164.0,721663982101.0,830055518568.8905,2026-04-20 00:00:00+00:00
1776646800,721624439240.0,723308624211.0,721624439240.0,722875551733.0,830055518568.8905,2026-04-20 01:00:00+00:00
1776650400,722872844543.0,724294175842.0,721545186341.0,724154043140.0,830055518568.8905,2026-04-20 02:00:00+00:00
1776654000,724154293063.0,725105382345.0,724120379706.0,725058468323.0,830055518568.8905,2026-04-20 03:00:00+00:00
1776657600,725058726532.0,725058726532.0,723643590522.0,724671043530.0,830055518568.8905,2026-04-20 04:00:00+00:00
1776661200,724670263011.0,724673883008.0,721736577443.0,722629762917.0,830055518568.8905,2026-04-20 05:00:00+00:00
1776664800,722637927024.0,725970760238.0,722593863303.0,725424540769.0,830055518568.8905,2026-04-20 06:00:00+00:00
1776668400,725427247156.0,729893241938.0,725044185808.0,726041246953.0,830055518568.8905,2026-04-20 07:00:00+00:00
1776672000,726032491878.0,726423384565.0,724792250907.0,725306057248.0,830055518568.8905,2026-04-20 08:00:00+00:00
1776675600,725308440594.0,727488232384.0,725025325764.0,726945025057.0,830055518568.8905,2026-04-20 09:00:00+00:00
1776679200,726944929339.0,728553230872.0,726576068999.0,726576068999.0,830055518568.8905,2026-04-20 10:00:00+00:00
1776682800,726569554177.0,727439620171.0,726273920341.0,726659475316.0,830055518568.8905,2026-04-20 11:00:00+00:00
1776686400,726660473822.0,728304780101.0,726323775682.0,727423303163.0,830055518568.8905,2026-04-20 12:00:00+00:00
1776690000,727418657485.0,728074988908.0,725910730540.0,727711689705.0,830055518568.8905,2026-04-20 13:00:00+00:00
1776693600,727712642806.0,729452761450.0,725328969347.0,725829997184.0,830055518568.8905,2026-04-20 14:00:00+00:00
1776697200,725838794182.0,729270767395.0,724274102517.0,728994141434.0,830055518568.8905,2026-04-20 15:00:00+00:00
1776700800,729008388173.0,729032798375.0,727497775721.0,727597407782.0,830055518568.8905,2026-04-20 16:00:00+00:00
1776704400,727600544486.0,730067256299.0,727446152281.0,729537105940.0,830055518568.8905,2026-04-20 17:00:00+00:00
1776708000,729536515658.0,731430503761.0,729536515658.0,731033582361.0,830055518568.8905,2026-04-20 18:00:00+00:00
1776711600,731045652831.0,731082803682.0,729932155521.0,730251444264.0,830055518568.8905,2026-04-20 19:00:00+00:00
1776715200,730249468013.0,731049307661.0,729692361065.0,730926722178.0,830055518568.8905,2026-04-20 20:00:00+00:00
1776718800,730915639686.0,730915639686.0,729658374141.0,730461156627.0,830055518568.8905,2026-04-20 21:00:00+00:00
1776722400,730483887176.0,731072692987.0,729258096675.0,729484078351.0,830055518568.8905,2026-04-20 22:00:00+00:00
1776726000,729484098707.0,729491803317.0,726676220714.0,727027449922.0,830055518568.8905,2026-04-20 23:00:00+00:00
1776729600,727024607611.0,728291796625.0,727024607611.0,728291796625.0,774852707703.5756,2026-04-21 00:00:00+00:00
1776733200,728299963624.0,729036537925.0,727394847626.0,727553779400.0,774852707703.5756,2026-04-21 01:00:00+00:00
1776736800,727545645051.0,727865882213.0,726786850509.0,727153016227.0,774852707703.5756,2026-04-21 02:00:00+00:00
1776740400,727151961614.0,727851850165.0,726439232495.0,727785011116.0,774852707703.5756,2026-04-21 03:00:00+00:00
1776744000,727768294612.0,728451449976.0,727260770979.0,728428702902.0,774852707703.5756,2026-04-21 04:00:00+00:00
1776747600,728447599818.0,729705878586.0,728447599818.0,729371845098.0,774852707703.5756,2026-04-21 05:00:00+00:00
1776751200,729380511462.0,730757118184.0,728494025228.0,730036730339.0,774852707703.5756,2026-04-21 06:00:00+00:00
1776754800,730033361001.0,731027060077.0,729308960513.0,730450041499.0,774852707703.5756,2026-04-21 07:00:00+00:00
1776758400,730454826692.0,732923124588.0,730227849575.0,731224753265.0,774852707703.5756,2026-04-21 08:00:00+00:00
1776762000,731223205348.0,732107433040.0,730825349648.0,732107433040.0,774852707703.5756,2026-04-21 09:00:00+00:00
1776765600,732148616410.0,734299764193.0,732148616410.0,733877874760.0,774852707703.5756,2026-04-21 10:00:00+00:00
1776769200,733869505442.0,733876939058.0,732144386085.0,732498444599.0,774852707703.5756,2026-04-21 11:00:00+00:00
1776772800,732488911755.0,732841064172.0,729195204758.0,730806514289.0,774852707703.5756,2026-04-21 12:00:00+00:00
1776776400,730795576274.0,730921248428.0,729240455819.0,730522615822.0,774852707703.5756,2026-04-21 13:00:00+00:00
1776780000,730531193622.0,733209858784.0,729614916373.0,729831482585.0,774852707703.5756,2026-04-21 14:00:00+00:00
1776783600,729806043564.0,731300448978.0,728816557862.0,730397239130.0,774852707703.5756,2026-04-21 15:00:00+00:00
1776787200,730401522017.0,731335702069.0,729391442861.0,729512894497.0,774852707703.5756,2026-04-21 16:00:00+00:00
1776790800,729508274395.0,730067026934.0,726237913813.0,728552969241.0,774852707703.5756,2026-04-21 17:00:00+00:00
1776794400,728552956539.0,728948596582.0,727157682535.0,728735098116.0,774852707703.5756,2026-04-21 18:00:00+00:00
1776798000,728747127880.0,730036059737.0,724914156463.0,725745458034.0,774852707703.5756,2026-04-21 19:00:00+00:00
1776801600,725744113239.0,729741458775.0,725694338497.0,728912643081.0,774852707703.5756,2026-04-21 20:00:00+00:00
1776805200,728875324872.0,729062726583.0,728071417990.0,728515738337.0,774852707703.5756,2026-04-21 21:00:00+00:00
1776808800,728514609334.0,729126523867.0,727501357730.0,728821221388.0,774852707703.5756,2026-04-21 22:00:00+00:00
1776812400,728829088383.0,730697483809.0,728804234039.0,730655115017.0,774852707703.5756,2026-04-21 23:00:00+00:00
1776816000,730660620296.0,731478420990.0,730301655648.0,730859797792.0,862294598099.6451,2026-04-22 00:00:00+00:00
1776819600,730858714126.0,730948863521.0,729775502422.0,730498477123.0,862294598099.6451,2026-04-22 01:00:00+00:00
1776823200,730496248837.0,737622919667.0,730201105118.0,737622919667.0,862294598099.6451,2026-04-22 02:00:00+00:00
1776826800,737598358147.0,737960754314.0,735973865291.0,736535713608.0,862294598099.6451,2026-04-22 03:00:00+00:00
1776830400,736553405786.0,737544899346.0,736123404944.0,736918732220.0,862294598099.6451,2026-04-22 04:00:00+00:00
1776834000,736996321648.0,740492008501.0,736832871871.0,739740376111.0,862294598099.6451,2026-04-22 05:00:00+00:00
1776837600,739755484766.0,739755484766.0,739141441226.0,739624929297.0,862294598099.6451,2026-04-22 06:00:00+00:00
1776841200,739638677454.0,739939814999.0,738780201504.0,739375615321.0,862294598099.6451,2026-04-22 07:00:00+00:00
1776844800,739393056810.0,739738318691.0,739059829898.0,739603467185.0,862294598099.6451,2026-04-22 08:00:00+00:00
1776848400,739581951579.0,740597845182.0,739245893297.0,739419398754.0,862294598099.6451,2026-04-22 09:00:00+00:00
1776852000,739412650989.0,739994245869.0,738911720338.0,739849044711.0,862294598099.6451,2026-04-22 10:00:00+00:00
1776855600,739849578154.0,740074583877.0,739422984043.0,740047051330.0,862294598099.6451,2026-04-22 11:00:00+00:00
1776859200,740029387584.0,740497657448.0,739099185868.0,739577942971.0,862294598099.6451,2026-04-22 12:00:00+00:00
1776862800,739574844662.0,741747697217.0,739029152546.0,741282889856.0,862294598099.6451,2026-04-22 13:00:00+00:00
1776866400,741282595693.0,741961889898.0,739619613671.0,740742515804.0,862294598099.6451,2026-04-22 14:00:00+00:00
1776870000,740704286339.0,741072465874.0,739503872442.0,740047883408.0,862294598099.6451,2026-04-22 15:00:00+00:00
1776873600,740066071040.0,740959001179.0,737967069093.0,737967069093.0,862294598099.6451,2026-04-22 16:00:00+00:00
1776877200,737970082579.0,739311118698.0,737967871088.0,738826295589.0,862294598099.6451,2026-04-22 17:00:00+00:00
1776880800,738801785611.0,739636534514.0,738469318533.0,738469318533.0,862294598099.6451,2026-04-22 18:00:00+00:00
1776884400,738477390399.0,738497135710.0,735931844785.0,737044098642.0,862294598099.6451,2026-04-22 19:00:00+00:00
1776888000,737067892744.0,737067892744.0,735679526365.0,735766490803.0,862294598099.6451,2026-04-22 20:00:00+00:00
1776891600,735774675386.0,737145150498.0,735771421251.0,737145150498.0,862294598099.6451,2026-04-22 21:00:00+00:00
1776895200,737144004286.0,737144004286.0,735440126878.0,735926923704.0,862294598099.6451,2026-04-22 22:00:00+00:00
1776898800,735928947019.0,735928947019.0,733674659868.0,733674659868.0,862294598099.6451,2026-04-22 23:00:00+00:00
1776902400,733675327457.0,734639721390.0,730931836516.0,734183333380.0,838048404070.5997,2026-04-23 00:00:00+00:00
1776906000,734196591455.0,734196591455.0,732573079559.0,733611952458.0,838048404070.5997,2026-04-23 01:00:00+00:00
1776909600,733611981383.0,733622698503.0,729359725936.0,730232934865.0,838048404070.5997,2026-04-23 02:00:00+00:00
1776913200,730232134925.0,730717903842.0,728491908808.0,729665517372.0,838048404070.5997,2026-04-23 03:00:00+00:00
1776916800,729671927592.0,730298120818.0,729417556156.0,730298120818.0,838048404070.5997,2026-04-23 04:00:00+00:00
1776920400,730292777717.0,730917977010.0,729948555518.0,730564265842.0,838048404070.5997,2026-04-23 05:00:00+00:00
1776924000,730602754144.0,731873176137.0,730600628457.0,731509886478.0,838048404070.5997,2026-04-23 06:00:00+00:00
1776927600,731508710407.0,731596755364.0,730511617654.0,730597273024.0,838048404070.5997,2026-04-23 07:00:00+00:00
1776931200,730603737542.0,730904853939.0,729689146974.0,730523826148.0,838048404070.5997,2026-04-23 08:00:00+00:00
1776934800,730517711910.0,730517711910.0,728660616289.0,729331099596.0,838048404070.5997,2026-04-23 09:00:00+00:00
1776938400,729330243303.0,729576475632.0,727868108420.0,728415643512.0,838048404070.5997,2026-04-23 10:00:00+00:00
1776942000,728431929980.0,730493613401.0,728431929980.0,730301666531.0,838048404070.5997,2026-04-23 11:00:00+00:00
1776945600,730293092759.0,731251694910.0,730059767434.0,730950712885.0,838048404070.5997,2026-04-23 12:00:00+00:00
1776949200,730953292205.0,731272954143.0,729874187341.0,730461793238.0,838048404070.5997,2026-04-23 13:00:00+00:00
1776952800,730453899938.0,732497323147.0,729876493301.0,732332454276.0,838048404070.5997,2026-04-23 14:00:00+00:00
1776956400,732339049933.0,734066519332.0,731632241195.0,733369620262.0,838048404070.5997,2026-04-23 15:00:00+00:00
1776960000,733377556268.0,733574466651.0,732001038930.0,732184677943.0,838048404070.5997,2026-04-23 16:00:00+00:00
1776963600,732185196398.0,732425312016.0,727699192087.0,730697344163.0,838048404070.5997,2026-04-23 17:00:00+00:00
1776967200,730698738191.0,731793280681.0,730178879627.0,730178879627.0,838048404070.5997,2026-04-23 18:00:00+00:00
1776970800,730130250326.0,731147915461.0,729615091091.0,730667571194.0,838048404070.5997,2026-04-23 19:00:00+00:00
1776974400,730656241055.0,732770824801.0,730656241055.0,731990539044.0,838048404070.5997,2026-04-23 20:00:00+00:00
1776978000,731991095649.0,733300432885.0,731569227612.0,732610503040.0,838048404070.5997,2026-04-23 21:00:00+00:00
1776981600,732584780725.0,733975755857.0,732584780725.0,733347915204.0,838048404070.5997,2026-04-23 22:00:00+00:00
1776985200,733334757271.0,735737714706.0,732720628483.0,735521078132.0,838048404070.5997,2026-04-23 23:00:00+00:00
1776988800,735522512361.0,736780104585.0,735317076337.0,736578145244.0,796113753487.2683,2026-04-24 00:00:00+00:00
1776992400,736579268683.0,736735997540.0,734728272431.0,736735997540.0,796113753487.2683,2026-04-24 01:00:00+00:00
1776996000,736743958903.0,736743958903.0,734027511593.0,734327455134.0,796113753487.2683,2026-04-24 02:00:00+00:00
1776999600,734311622950.0,734421676507.0,732132710072.0,732911112153.0,796113753487.2683,2026-04-24 03:00:00+00:00
1777003200,732910986128.0,732910986128.0,731736475254.0,732367247045.0,796113753487.2683,2026-04-24 04:00:00+00:00
1777006800,732357388291.0,733737690097.0,731769896047.0,733379342698.0,796113753487.2683,2026-04-24 05:00:00+00:00
1777010400,733373999230.0,733622801475.0,732687478059.0,732891281874.0,796113753487.2683,2026-04-24 06:00:00+00:00
1777014000,732891734201.0,733493948620.0,732714938812.0,733215828960.0,796113753487.2683,2026-04-24 07:00:00+00:00
1777017600,733212533383.0,734410433785.0,732913848284.0,733506758011.0,796113753487.2683,2026-04-24 08:00:00+00:00
1777021200,733506175924.0,733585787543.0,731971311365.0,732271355015.0,796113753487.2683,2026-04-24 09:00:00+00:00
1777024800,732268824725.0,734041580716.0,731899014004.0,733826673971.0,796113753487.2683,2026-04-24 10:00:00+00:00
1777028400,733813137588.0,735708928576.0,733810177738.0,735258431096.0,796113753487.2683,2026-04-24 11:00:00+00:00
1777032000,735260347658.0,735964936760.0,733947943407.0,734677481992.0,796113753487.2683,2026-04-24 12:00:00+00:00
1777035600,734677954380.0,737336527178.0,734677954380.0,735794549100.0,796113753487.2683,2026-04-24 13:00:00+00:00
1777039200,735806264581.0,735816692134.0,734176785923.0,735225768478.0,796113753487.2683,2026-04-24 14:00:00+00:00
1777042800,735222865526.0,737258549870.0,733863000446.0,737258549870.0,796113753487.2683,2026-04-24 15:00:00+00:00
1777046400,737243470308.0,737409802151.0,734961429357.0,735757670684.0,796113753487.2683,2026-04-24 16:00:00+00:00
1777050000,735757396525.0,736377179946.0,734962762006.0,736128313067.0,796113753487.2683,2026-04-24 17:00:00+00:00
1777053600,736129769005.0,736198697071.0,734467389209.0,735706529845.0,796113753487.2683,2026-04-24 18:00:00+00:00
1777057200,735704555316.0,736165441816.0,735489154286.0,735945706432.0,796113753487.2683,2026-04-24 19:00:00+00:00
1777060800,735954573026.0,736813049024.0,734942320337.0,736658151797.0,796113753487.2683,2026-04-24 20:00:00+00:00
1777064400,736646991017.0,736761247563.0,735511868174.0,735747542901.0,796113753487.2683,2026-04-24 21:00:00+00:00
1777068000,735742789715.0,735742789715.0,734034743475.0,734436753356.0,796113753487.2683,2026-04-24 22:00:00+00:00
1777071600,734458130399.0,734896285005.0,734448743460.0,734757106579.0,796113753487.2683,2026-04-24 23:00:00+00:00
1777075200,734762378962.0,734853894381.0,734276968217.0,734853894381.0,636692657737.012,2026-04-25 00:00:00+00:00
1777078800,734857976845.0,735956630792.0,734847342878.0,735603296333.0,636692657737.012,2026-04-25 01:00:00+00:00
1777082400,735597795597.0,735787843941.0,733752660845.0,733816710357.0,636692657737.012,2026-04-25 02:00:00+00:00
1777086000,733837583351.0,734460440500.0,733561492660.0,734424277722.0,636692657737.012,2026-04-25 03:00:00+00:00
1777089600,734436504966.0,734834605523.0,734110584429.0,734110584429.0,636692657737.012,2026-04-25 04:00:00+00:00
1777093200,734083865736.0,734091053851.0,733107356909.0,733436612106.0,636692657737.012,2026-04-25 05:00:00+00:00
1777096800,733439829400.0,734716222809.0,733439829400.0,734097449806.0,636692657737.012,2026-04-25 06:00:00+00:00
1777100400,734068355140.0,734625079857.0,733694666021.0,734214897028.0,636692657737.012,2026-04-25 07:00:00+00:00
1777104000,734204748088.0,734848478155.0,734072956402.0,734604214966.0,636692657737.012,2026-04-25 08:00:00+00:00
1777107600,734622211002.0,735072709401.0,734079736597.0,734709993982.0,636692657737.012,2026-04-25 09:00:00+00:00
1777111200,734709210895.0,735064737095.0,734643803603.0,734866201585.0,636692657737.012,2026-04-25 10:00:00+00:00
1777114800,734885155993.0,734888308995.0,732897632952.0,733231950994.0,636692657737.012,2026-04-25 11:00:00+00:00
1777118400,733244418057.0,733244418057.0,732485452710.0,732648808774.0,636692657737.012,2026-04-25 12:00:00+00:00
1777122000,732648727211.0,735225525444.0,732648455909.0,734915903249.0,636692657737.012,2026-04-25 13:00:00+00:00
1777125600,734897218006.0,735098543776.0,734242457762.0,734242457762.0,636692657737.012,2026-04-25 14:00:00+00:00
1777129200,734232939180.0,734678398981.0,733231215582.0,733296534242.0,636692657737.012,2026-04-25 15:00:00+00:00
1777132800,733298585539.0,733729804620.0,731664191831.0,732677500196.0,636692657737.012,2026-04-25 16:00:00+00:00
1777136400,732680119441.0,732724464606.0,731582945620.0,731621823868.0,636692657737.012,2026-04-25 17:00:00+00:00
1777140000,731623601871.0,732619713651.0,731559437585.0,732152370073.0,636692657737.012,2026-04-25 18:00:00+00:00
1777143600,732146333403.0,732179787794.0,731642981219.0,731931324928.0,636692657737.012,2026-04-25 19:00:00+00:00
1777147200,731928187442.0,732746065372.0,731624011790.0,732729553782.0,636692657737.012,2026-04-25 20:00:00+00:00
1777150800,732726684475.0,732877258877.0,732512266714.0,732695077756.0,636692657737.012,2026-04-25 21:00:00+00:00
1777154400,732695685453.0,733660870050.0,732616425176.0,733199244847.0,636692657737.012,2026-04-25 22:00:00+00:00
1777158000,733205841249.0,733354559252.0,731588475183.0,731621686872.0,636692657737.012,2026-04-25 23:00:00+00:00
1777161600,731623943989.0,731623943989.0,730666891027.0,730914694577.0,634243533213.1997,2026-04-26 00:00:00+00:00
1777165200,730912796005.0,731153759441.0,730706942534.0,730745253213.0,634243533213.1997,2026-04-26 01:00:00+00:00
1777168800,730768996936.0,731606522171.0,730722500258.0,731501026447.0,634243533213.1997,2026-04-26 02:00:00+00:00
1777172400,731519150612.0,731769406256.0,730222888489.0,730785282225.0,634243533213.1997,2026-04-26 03:00:00+00:00
1777176000,730790624627.0,732315248772.0,730600581397.0,731898162832.0,634243533213.1997,2026-04-26 04:00:00+00:00
1777179600,731888375743.0,733488362884.0,731764517043.0,732651272733.0,634243533213.1997,2026-04-26 05:00:00+00:00
1777183200,732650136336.0,733376172788.0,732649896650.0,733030383052.0,634243533213.1997,2026-04-26 06:00:00+00:00
1777186800,733031329162.0,733690919477.0,732966571659.0,733690919477.0,634243533213.1997,2026-04-26 07:00:00+00:00
1777190400,733698108442.0,733754555348.0,732928247940.0,733333865543.0,634243533213.1997,2026-04-26 08:00:00+00:00
1777194000,733337969234.0,733903788514.0,733098729542.0,733774181606.0,634243533213.1997,2026-04-26 09:00:00+00:00
1777197600,733772224969.0,733796515397.0,733447805927.0,733652909746.0,634243533213.1997,2026-04-26 10:00:00+00:00
1777201200,733654172580.0,734614416146.0,733649263953.0,734401532729.0,634243533213.1997,2026-04-26 11:00:00+00:00
1777204800,734397419131.0,734516272058.0,732742728560.0,732920675448.0,634243533213.1997,2026-04-26 12:00:00+00:00
1777208400,732929094416.0,733087541292.0,732472322631.0,732677632867.0,634243533213.1997,2026-04-26 13:00:00+00:00
1777212000,732678721729.0,734148751801.0,732523587087.0,733707347595.0,634243533213.1997,2026-04-26 14:00:00+00:00
1777215600,733708061286.0,734395938091.0,733531002565.0,734362391752.0,634243533213.1997,2026-04-26 15:00:00+00:00
1777219200,734363590506.0,734389952707.0,733501487408.0,733501658145.0,634243533213.1997,2026-04-26 16:00:00+00:00
1777222800,733499343456.0,733893484642.0,732883503030.0,733778397895.0,634243533213.1997,2026-04-26 17:00:00+00:00
1777226400,733774986698.0,735255711441.0,733408404589.0,734932380540.0,634243533213.1997,2026-04-26 18:00:00+00:00
1777230000,734934167279.0,736125211266.0,734931613670.0,735363317826.0,634243533213.1997,2026-04-26 19:00:00+00:00
1777233600,735366579169.0,735630457381.0,734822711563.0,734822711563.0,634243533213.1997,2026-04-26 20:00:00+00:00
1777237200,734819622663.0,735513652112.0,733186408893.0,735321284600.0,634243533213.1997,2026-04-26 21:00:00+00:00
1777240800,735354456259.0,736675464321.0,733859133847.0,734874118208.0,634243533213.1997,2026-04-26 22:00:00+00:00
1777244400,734869874583.0,737940279991.0,734277120003.0,737019099547.0,634243533213.1997,2026-04-26 23:00:00+00:00
1777248000,737018604808.0,739371478945.0,736017267074.0,739168295791.0,837485643875.2548,2026-04-27 00:00:00+00:00
1777251600,739174671802.0,740455915483.0,738185368483.0,740455915483.0,837485643875.2548,2026-04-27 01:00:00+00:00
1777255200,740463475705.0,740659369254.0,737813148828.0,738777877384.0,837485643875.2548,2026-04-27 02:00:00+00:00
1777258800,738784391308.0,739542185352.0,738526020978.0,738526020978.0,837485643875.2548,2026-04-27 03:00:00+00:00
1777262400,738523266831.0,738585329938.0,737473570518.0,737732858071.0,837485643875.2548,2026-04-27 04:00:00+00:00
1777266000,737733660476.0,737810407239.0,731536312612.0,731838756352.0,837485643875.2548,2026-04-27 05:00:00+00:00
1777269600,731774289857.0,731838256191.0,729454618798.0,730754211494.0,837485643875.2548,2026-04-27 06:00:00+00:00
1777273200,730746026609.0,730784626360.0,729591330542.0,729593682307.0,837485643875.2548,2026-04-27 07:00:00+00:00
1777276800,729611583831.0,730840888681.0,729444027706.0,730821618734.0,837485643875.2548,2026-04-27 08:00:00+00:00
1777280400,730833518167.0,731257870041.0,730258404021.0,730895332454.0,837485643875.2548,2026-04-27 09:00:00+00:00
1777284000,730904035005.0,731032021713.0,730301412841.0,730301412841.0,837485643875.2548,2026-04-27 10:00:00+00:00
1777287600,730300622504.0,730511282656.0,729654186006.0,730482037855.0,837485643875.2548,2026-04-27 11:00:00+00:00
1777291200,730481428381.0,730481428381.0,729479141400.0,729747393625.0,837485643875.2548,2026-04-27 12:00:00+00:00
1777294800,729745545859.0,730039384816.0,727974744825.0,728986539569.0,837485643875.2548,2026-04-27 13:00:00+00:00
1777298400,728994612178.0,731520176286.0,728760805231.0,729897795451.0,837485643875.2548,2026-04-27 14:00:00+00:00
1777302000,729926180529.0,729953438229.0,724205820916.0,725160755854.0,837485643875.2548,2026-04-27 15:00:00+00:00
1777305600,725140283780.0,726055256651.0,725140283780.0,725667635154.0,837485643875.2548,2026-04-27 16:00:00+00:00
1777309200,725691999483.0,727134215994.0,725691784843.0,726536698679.0,837485643875.2548,2026-04-27 17:00:00+00:00
1777312800,726535757354.0,727106694644.0,726320329676.0,726919121637.0,837485643875.2548,2026-04-27 18:00:00+00:00
1777316400,726914470886.0,726914470886.0,724814200553.0,726206772219.0,837485643875.2548,2026-04-27 19:00:00+00:00
1777320000,726215264629.0,726871206572.0,726215264629.0,726326792177.0,837485643875.2548,2026-04-27 20:00:00+00:00
1777323600,726328399200.0,726837066978.0,725961631145.0,725966453237.0,837485643875.2548,2026-04-27 21:00:00+00:00
1777327200,725971677104.0,727418417068.0,725971677104.0,727359213711.0,837485643875.2548,2026-04-27 22:00:00+00:00
1777330800,727373049231.0,730411690527.0,727235420673.0,730135147142.0,837485643875.2548,2026-04-27 23:00:00+00:00
1777334400,730134551940.0,730134551940.0,729075273629.0,729681487242.0,716142079104.4999,2026-04-28 00:00:00+00:00
1777338000,729672652296.0,729745851877.0,728864540460.0,728864540460.0,716142079104.4999,2026-04-28 01:00:00+00:00
1777341600,728856973667.0,729438450651.0,727125643659.0,727813343317.0,716142079104.4999,2026-04-28 02:00:00+00:00
1777345200,727810845917.0,727822642346.0,727043772770.0,727724867073.0,716142079104.4999,2026-04-28 03:00:00+00:00
1777348800,727726185435.0,728786423181.0,727198783284.0,727685448615.0,716142079104.4999,2026-04-28 04:00:00+00:00
1777352400,727695236831.0,728975357352.0,727694813730.0,727828237455.0,716142079104.4999,2026-04-28 05:00:00+00:00
1777356000,727831488307.0,728528024794.0,725822568477.0,726322015947.0,716142079104.4999,2026-04-28 06:00:00+00:00
1777359600,726312939656.0,727010187510.0,725241636058.0,726991289502.0,716142079104.4999,2026-04-28 07:00:00+00:00
1777363200,726990861734.0,727622599331.0,726391057569.0,726849702566.0,716142079104.4999,2026-04-28 08:00:00+00:00
1777366800,726845478590.0,726903683975.0,725298546357.0,725822499191.0,716142079104.4999,2026-04-28 09:00:00+00:00
1777370400,725825864209.0,726512283742.0,725713207313.0,726485110869.0,716142079104.4999,2026-04-28 10:00:00+00:00
1777374000,726465695292.0,726581373862.0,724487355001.0,724663047254.0,716142079104.4999,2026-04-28 11:00:00+00:00
1777377600,724669987130.0,725690534270.0,724153559320.0,725561409437.0,716142079104.4999,2026-04-28 12:00:00+00:00
1777381200,725568006677.0,725568016308.0,722741559512.0,723333496334.0,716142079104.4999,2026-04-28 13:00:00+00:00
1777384800,723332036050.0,723332036050.0,721317276162.0,722416854902.0,716142079104.4999,2026-04-28 14:00:00+00:00
1777388400,722427922313.0,723216556545.0,722075479599.0,723216556545.0,716142079104.4999,2026-04-28 15:00:00+00:00
1777392000,723214807676.0,723703055131.0,722507394594.0,723546424859.0,716142079104.4999,2026-04-28 16:00:00+00:00
1777395600,723535499160.0,723939373060.0,722560492688.0,723432412256.0,716142079104.4999,2026-04-28 17:00:00+00:00
1777399200,723428192426.0,724226925238.0,723428192426.0,724167871482.0,716142079104.4999,2026-04-28 18:00:00+00:00
1777402800,724160891531.0,724593699750.0,723523558137.0,724416100423.0,716142079104.4999,2026-04-28 19:00:00+00:00
1777406400,724409756349.0,724816250042.0,724150857801.0,724283891059.0,716142079104.4999,2026-04-28 20:00:00+00:00
1777410000,724274856965.0,724726238180.0,723615760678.0,723919837481.0,716142079104.4999,2026-04-28 21:00:00+00:00
1777413600,723924332692.0,724670961259.0,723538787660.0,723728379715.0,716142079104.4999,2026-04-28 22:00:00+00:00
1777417200,723733353883.0,725773458522.0,723440530848.0,725768417743.0,716142079104.4999,2026-04-28 23:00:00+00:00
1777420800,725767099319.0,726477687299.0,725393919886.0,726286757817.0,796065945716.6096,2026-04-29 00:00:00+00:00
1777424400,726297318538.0,726447227549.0,724909243451.0,726192898408.0,796065945716.6096,2026-04-29 01:00:00+00:00
1777428000,726193494605.0,726629688138.0,723857406839.0,724273124816.0,796065945716.6096,2026-04-29 02:00:00+00:00
1777431600,724293208224.0,726797017191.0,724293208224.0,726600554872.0,796065945716.6096,2026-04-29 03:00:00+00:00
1777435200,726593510841.0,728498538620.0,726215533799.0,728192335206.0,796065945716.6096,2026-04-29 04:00:00+00:00
1777438800,728193043908.0,728353937127.0,727770020551.0,728066946927.0,796065945716.6096,2026-04-29 05:00:00+00:00
1777442400,728064908205.0,728189766299.0,726759683361.0,726946201461.0,796065945716.6096,2026-04-29 06:00:00+00:00
1777446000,726942041109.0,728082565682.0,726881994578.0,727368526571.0,796065945716.6096,2026-04-29 07:00:00+00:00
1777449600,727364114808.0,727500978486.0,726747364661.0,727188232871.0,796065945716.6096,2026-04-29 08:00:00+00:00
1777453200,727193944786.0,730946075896.0,727023157390.0,730742455264.0,796065945716.6096,2026-04-29 09:00:00+00:00
1777456800,730736593936.0,731392467534.0,729861541810.0,730045491088.0,796065945716.6096,2026-04-29 10:00:00+00:00
1777460400,730042900911.0,730042900911.0,728932441685.0,728932441685.0,796065945716.6096,2026-04-29 11:00:00+00:00
1777464000,728930062638.0,728937048448.0,725186359263.0,726191483118.0,796065945716.6096,2026-04-29 12:00:00+00:00
1777467600,726187908697.0,726350324746.0,722970258980.0,724465821329.0,796065945716.6096,2026-04-29 13:00:00+00:00
1777471200,724463922973.0,724801263216.0,723194752880.0,723363998274.0,796065945716.6096,2026-04-29 14:00:00+00:00
1777474800,723361868475.0,723524728410.0,719053587051.0,719517217329.0,796065945716.6096,2026-04-29 15:00:00+00:00
1777478400,719532858193.0,720669425506.0,718966966911.0,719384621149.0,796065945716.6096,2026-04-29 16:00:00+00:00
1777482000,719392470627.0,721214703187.0,719392470627.0,721214703187.0,796065945716.6096,2026-04-29 17:00:00+00:00
1777485600,721288487176.0,721599802699.0,714523687113.0,717560735404.0,796065945716.6096,2026-04-29 18:00:00+00:00
1777489200,717569242668.0,717889432100.0,716410852004.0,716974525110.0,796065945716.6096,2026-04-29 19:00:00+00:00
1777492800,716981961126.0,719284665116.0,716981961126.0,718821901330.0,796065945716.6096,2026-04-29 20:00:00+00:00
1777496400,718811576904.0,721222242479.0,718541028376.0,720500316107.0,796065945716.6096,2026-04-29 21:00:00+00:00
1777500000,720497067090.0,720945458669.0,720180340476.0,720766102506.0,796065945716.6096,2026-04-29 22:00:00+00:00
1777503600,720764125283.0,722350566748.0,720282936843.0,722148976169.0,796065945716.6096,2026-04-29 23:00:00+00:00
1777507200,722151095783.0,725507898838.0,722107864580.0,725310516563.0,737665914989.9034,2026-04-30 00:00:00+00:00
1777510800,725308414543.0,725676021192.0,724551771920.0,724782791456.0,737665914989.9034,2026-04-30 01:00:00+00:00
1777514400,724781781475.0,725372140498.0,721297010881.0,722155530017.0,737665914989.9034,2026-04-30 02:00:00+00:00
1777518000,722144549911.0,723275600328.0,721762247120.0,722866489002.0,737665914989.9034,2026-04-30 03:00:00+00:00
1777521600,722854363466.0,722854363466.0,719825784567.0,720000523038.0,737665914989.9034,2026-04-30 04:00:00+00:00
1777525200,719994670143.0,721274335636.0,719091476814.0,720683775302.0,737665914989.9034,2026-04-30 05:00:00+00:00
1777528800,720685679972.0,722125368832.0,720494549251.0,721642746694.0,737665914989.9034,2026-04-30 06:00:00+00:00
1777532400,721642239808.0,723193157933.0,721525647650.0,723118834963.0,737665914989.9034,2026-04-30 07:00:00+00:00
1777536000,723123157518.0,723558222368.0,722525069414.0,722578922087.0,737665914989.9034,2026-04-30 08:00:00+00:00
1777539600,722584257414.0,724188383484.0,722446947856.0,722879513100.0,737665914989.9034,2026-04-30 09:00:00+00:00
1777543200,722863719198.0,723228858014.0,721668885710.0,721918448759.0,737665914989.9034,2026-04-30 10:00:00+00:00
1777546800,721914265869.0,723139856689.0,721294082629.0,721816528981.0,737665914989.9034,2026-04-30 11:00:00+00:00
1777550400,721817707496.0,723120402080.0,721817707496.0,722014360477.0,737665914989.9034,2026-04-30 12:00:00+00:00
1777554000,722018358684.0,723234116675.0,721098460791.0,722107897596.0,737665914989.9034,2026-04-30 13:00:00+00:00
1777557600,722104439928.0,722668116304.0,720685052490.0,721911479634.0,737665914989.9034,2026-04-30 14:00:00+00:00
1777561200,721903316734.0,723678427229.0,721246505270.0,722538528837.0,737665914989.9034,2026-04-30 15:00:00+00:00
1777564800,722541312380.0,722541312380.0,721421020722.0,721576672406.0,737665914989.9034,2026-04-30 16:00:00+00:00
1777568400,721573911787.0,721961101496.0,720864066046.0,721763421491.0,737665914989.9034,2026-04-30 17:00:00+00:00
1777572000,721756422654.0,722675523590.0,721669780875.0,722064209880.0,737665914989.9034,2026-04-30 18:00:00+00:00
1777575600,722065302588.0,722846407384.0,721917249696.0,722360560422.0,737665914989.9034,2026-04-30 19:00:00+00:00
1777579200,722342276165.0,722840283772.0,721974912336.0,722474529153.0,737665914989.9034,2026-04-30 20:00:00+00:00
1777582800,722478494994.0,722791105954.0,721498747548.0,721498747548.0,737665914989.9034,2026-04-30 21:00:00+00:00
1777586400,721496752030.0,721894934431.0,721027121437.0,721201893846.0,737665914989.9034,2026-04-30 22:00:00+00:00
1777590000,721211718659.0,721970969846.0,721211718659.0,721903527441.0,737665914989.9034,2026-04-30 23:00:00+00:00
1777593600,721910175178.0,723326469309.0,721910175178.0,722469914924.0,781567333118.043,2026-05-01 00:00:00+00:00
1777597200,722486549919.0,723991853757.0,722486299175.0,723823900703.0,781567333118.043,2026-05-01 01:00:00+00:00
1777600800,723825613301.0,723992380744.0,723084959550.0,723450190637.0,781567333118.043,2026-05-01 02:00:00+00:00
1777604400,723450984238.0,726366207843.0,723260273957.0,724931830952.0,781567333118.043,2026-05-01 03:00:00+00:00
1777608000,724934666675.0,725395226331.0,724164415222.0,724557533607.0,781567333118.043,2026-05-01 04:00:00+00:00
1777611600,724552862727.0,725345917817.0,724399156039.0,724884455280.0,781567333118.043,2026-05-01 05:00:00+00:00
1777615200,724885730186.0,725260822336.0,723504395099.0,723930942488.0,781567333118.043,2026-05-01 06:00:00+00:00
1777618800,723923074453.0,724333231488.0,723369303526.0,724179097449.0,781567333118.043,2026-05-01 07:00:00+00:00
1777622400,724174718145.0,725458385102.0,724053269754.0,725167330853.0,781567333118.043,2026-05-01 08:00:00+00:00
1777626000,725170042697.0,725170042697.0,723793662488.0,724083777962.0,781567333118.043,2026-05-01 09:00:00+00:00
1777629600,724081494613.0,724370900370.0,723113084823.0,724317568247.0,781567333118.043,2026-05-01 10:00:00+00:00
1777633200,724316677866.0,725237708186.0,724130156248.0,724742970139.0,781567333118.043,2026-05-01 11:00:00+00:00
1777636800,724736163247.0,726638824667.0,724517560955.0,725607877942.0,781567333118.043,2026-05-01 12:00:00+00:00
1777640400,725606961222.0,728789752438.0,725599653940.0,728299356606.0,781567333118.043,2026-05-01 13:00:00+00:00
1777644000,728303441653.0,728591197213.0,726083284586.0,727143834335.0,781567333118.043,2026-05-01 14:00:00+00:00
1777647600,727144922528.0,728142290111.0,726436950749.0,727494077961.0,781567333118.043,2026-05-01 15:00:00+00:00
1777651200,727488147004.0,727786510087.0,726382897049.0,726606108731.0,781567333118.043,2026-05-01 16:00:00+00:00
1777654800,726604905531.0,727514856425.0,726080342830.0,727464116354.0,781567333118.043,2026-05-01 17:00:00+00:00
1777658400,727452549860.0,727651460507.0,726946449635.0,726968796567.0,781567333118.043,2026-05-01 18:00:00+00:00
1777662000,726974399613.0,727384871486.0,726615749136.0,726835894567.0,781567333118.043,2026-05-01 19:00:00+00:00
1777665600,726824439674.0,726936459928.0,724787418132.0,725045662008.0,781567333118.043,2026-05-01 20:00:00+00:00
1777669200,725039072539.0,725979796343.0,725024651562.0,725979796343.0,781567333118.043,2026-05-01 21:00:00+00:00
1777672800,725981330318.0,726473481115.0,724832520196.0,724985765902.0,781567333118.043,2026-05-01 22:00:00+00:00
1777676400,724983550850.0,724983550850.0,723549750144.0,723858020895.0,781567333118.043,2026-05-01 23:00:00+00:00
1777680000,723849365138.0,724672664094.0,723794472660.0,724404886256.0,570801799026.7975,2026-05-02 00:00:00+00:00
1777683600,724403149679.0,724957442778.0,724224209739.0,724500673078.0,570801799026.7975,2026-05-02 01:00:00+00:00
1777687200,724499752201.0,724970627950.0,724035986237.0,724477123292.0,570801799026.7975,2026-05-02 02:00:00+00:00
1777690800,724479139665.0,724957768200.0,723866408794.0,724453467512.0,570801799026.7975,2026-05-02 03:00:00+00:00
1777694400,724456722594.0,724456722594.0,723525148689.0,723700094508.0,570801799026.7975,2026-05-02 04:00:00+00:00
1777698000,723693492069.0,723925917625.0,723204643547.0,723679297784.0,570801799026.7975,2026-05-02 05:00:00+00:00
1777701600,723676297417.0,724470510312.0,723338845432.0,724433826833.0,570801799026.7975,2026-05-02 06:00:00+00:00
1777705200,724437261451.0,724526256709.0,723988186609.0,724148880152.0,570801799026.7975,2026-05-02 07:00:00+00:00
1777708800,724152358012.0,724415139138.0,723874766164.0,724298220492.0,570801799026.7975,2026-05-02 08:00:00+00:00
1777712400,724297340304.0,725063612053.0,724297340304.0,724837531418.0,570801799026.7975,2026-05-02 09:00:00+00:00
1777716000,724831058124.0,725079643662.0,724673172117.0,724728184105.0,570801799026.7975,2026-05-02 10:00:00+00:00
1777719600,724724895141.0,724738264155.0,723710418723.0,723965955798.0,570801799026.7975,2026-05-02 11:00:00+00:00
1777723200,723955969294.0,724797449822.0,723955969294.0,724321327443.0,570801799026.7975,2026-05-02 12:00:00+00:00
1777726800,724323393428.0,725423937937.0,724322784471.0,725348461435.0,570801799026.7975,2026-05-02 13:00:00+00:00
1777730400,725350933324.0,725876775658.0,725306909317.0,725670635604.0,570801799026.7975,2026-05-02 14:00:00+00:00
1777734000,725666862196.0,726568455086.0,725637063657.0,726568455086.0,570801799026.7975,2026-05-02 15:00:00+00:00
1777737600,726565011015.0,727114436765.0,726296303045.0,726673076141.0,570801799026.7975,2026-05-02 16:00:00+00:00
1777741200,726676843472.0,726796035969.0,726218117778.0,726294150674.0,570801799026.7975,2026-05-02 17:00:00+00:00
1777744800,726292366105.0,726875817140.0,725849432337.0,726642381935.0,570801799026.7975,2026-05-02 18:00:00+00:00
1777748400,726651090463.0,727210018221.0,726610687416.0,727081630840.0,570801799026.7975,2026-05-02 19:00:00+00:00
1777752000,727089629673.0,727304836520.0,726923544231.0,727206482927.0,570801799026.7975,2026-05-02 20:00:00+00:00
1777755600,727197147661.0,729165733015.0,726838173040.0,727626713914.0,570801799026.7975,2026-05-02 21:00:00+00:00
1777759200,727624727222.0,728182332330.0,726941474609.0,727789108393.0,570801799026.7975,2026-05-02 22:00:00+00:00
1777762800,727793412984.0,727801494543.0,726829274559.0,726992271187.0,570801799026.7975,2026-05-02 23:00:00+00:00
1777766400,727006586485.0,727235773591.0,725938247506.0,726334240579.0,563558148796.6381,2026-05-03 00:00:00+00:00
1777770000,726339383026.0,726345802695.0,724666342087.0,724713232380.0,563558148796.6381,2026-05-03 01:00:00+00:00
1777773600,724704966281.0,726218412986.0,724054299866.0,726076772913.0,563558148796.6381,2026-05-03 02:00:00+00:00
1777777200,726075879321.0,726399254512.0,725734250709.0,726275354977.0,563558148796.6381,2026-05-03 03:00:00+00:00
1777780800,726272229781.0,726421768864.0,725857346314.0,726190546671.0,563558148796.6381,2026-05-03 04:00:00+00:00
1777784400,726201250478.0,727801421216.0,726201250478.0,727690438419.0,563558148796.6381,2026-05-03 05:00:00+00:00
1777788000,727684387244.0,727704224894.0,726683802155.0,727392156287.0,563558148796.6381,2026-05-03 06:00:00+00:00
1777791600,727392287692.0,728268581943.0,727392287692.0,727661079614.0,563558148796.6381,2026-05-03 07:00:00+00:00
1777795200,727662520584.0,728285214112.0,727657817538.0,728148514899.0,563558148796.6381,2026-05-03 08:00:00+00:00
1777798800,728157999594.0,729051741545.0,728023507112.0,728827767931.0,563558148796.6381,2026-05-03 09:00:00+00:00
1777802400,728840027634.0,728850096081.0,727948548937.0,727948548937.0,563558148796.6381,2026-05-03 10:00:00+00:00
1777806000,727947719213.0,729960984904.0,727609140195.0,729114058028.0,563558148796.6381,2026-05-03 11:00:00+00:00
1777809600,729111669129.0,730114115299.0,729111551967.0,729736118055.0,563558148796.6381,2026-05-03 12:00:00+00:00
1777813200,729731138242.0,729999379918.0,729239513941.0,729401424717.0,563558148796.6381,2026-05-03 13:00:00+00:00
1777816800,729402405516.0,729970618863.0,729133944419.0,729835792818.0,563558148796.6381,2026-05-03 14:00:00+00:00
1777820400,729838585250.0,730491364566.0,729683285503.0,729866011716.0,563558148796.6381,2026-05-03 15:00:00+00:00
1777824000,729864260344.0,730156440266.0,729266308083.0,729664146499.0,563558148796.6381,2026-05-03 16:00:00+00:00
1777827600,729665451167.0,730103334141.0,729054117182.0,729723557210.0,563558148796.6381,2026-05-03 17:00:00+00:00
1777831200,729727102068.0,730215478451.0,729531089832.0,729973053143.0,563558148796.6381,2026-05-03 18:00:00+00:00
1777834800,729966668468.0,730653447192.0,729852168811.0,730202168005.0,563558148796.6381,2026-05-03 19:00:00+00:00
1777838400,730202404479.0,731650162126.0,730166436132.0,730318269375.0,563558148796.6381,2026-05-03 20:00:00+00:00
1777842000,730321688210.0,730772924034.0,728752395516.0,729464346740.0,563558148796.6381,2026-05-03 21:00:00+00:00
1777845600,729465432273.0,732305731312.0,729465432273.0,731280291974.0,563558148796.6381,2026-05-03 22:00:00+00:00
1777849200,731279977216.0,731813684232.0,728956932577.0,728956932577.0,563558148796.6381,2026-05-03 23:00:00+00:00
1777852800,728955629982.0,729534102078.0,727436342417.0,729394159120.0,967514541150.627,2026-05-04 00:00:00+00:00
1777856400,729392603135.0,733886591622.0,728277231598.0,733387115576.0,967514541150.627,2026-05-04 01:00:00+00:00
1777860000,733401433120.0,736417153050.0,733103085423.0,735639060774.0,967514541150.627,2026-05-04 02:00:00+00:00
1777863600,735639477636.0,736486282821.0,734970529810.0,736440488420.0,967514541150.627,2026-05-04 03:00:00+00:00
1777867200,736449225258.0,738803700817.0,736449225258.0,737904111065.0,967514541150.627,2026-05-04 04:00:00+00:00
1777870800,737905660979.0,737965546510.0,736677399440.0,737302236507.0,967514541150.627,2026-05-04 05:00:00+00:00
1777874400,737291901800.0,737366487307.0,734087057076.0,735814751079.0,967514541150.627,2026-05-04 06:00:00+00:00
1777878000,735807753699.0,736246497659.0,735224387564.0,735358063599.0,967514541150.627,2026-05-04 07:00:00+00:00
1777881600,735356936040.0,735539209560.0,734599548529.0,735020511763.0,967514541150.627,2026-05-04 08:00:00+00:00
1777885200,735022074425.0,736932401586.0,734894188470.0,736568928735.0,967514541150.627,2026-05-04 09:00:00+00:00
1777888800,736559478182.0,736653221190.0,728331131905.0,731122659027.0,967514541150.627,2026-05-04 10:00:00+00:00
1777892400,731113995808.0,731530953415.0,730210445994.0,730909269999.0,967514541150.627,2026-05-04 11:00:00+00:00
1777896000,730908507483.0,731396446777.0,730654504394.0,730798213280.0,967514541150.627,2026-05-04 12:00:00+00:00
1777899600,730750394222.0,731062674025.0,729383940815.0,729577029248.0,967514541150.627,2026-05-04 13:00:00+00:00
1777903200,729582824714.0,734422046755.0,728609338294.0,733512250074.0,967514541150.627,2026-05-04 14:00:00+00:00
1777906800,733493970981.0,733493970981.0,729827646081.0,731385816619.0,967514541150.627,2026-05-04 15:00:00+00:00
1777910400,731378367317.0,732690685897.0,729923457167.0,731424000791.0,967514541150.627,2026-05-04 16:00:00+00:00
1777914000,731427475339.0,734396367108.0,731427475339.0,733636995154.0,967514541150.627,2026-05-04 17:00:00+00:00
1777917600,733635605689.0,733803426597.0,732355945057.0,732737121552.0,967514541150.627,2026-05-04 18:00:00+00:00
1777921200,732737598170.0,732737598170.0,731461618037.0,731658586406.0,967514541150.627,2026-05-04 19:00:00+00:00
1777924800,731659412597.0,731659412597.0,730491022113.0,730856375270.0,967514541150.627,2026-05-04 20:00:00+00:00
1777928400,730865586688.0,733050862136.0,730865586688.0,732940557024.0,967514541150.627,2026-05-04 21:00:00+00:00
1777932000,732951136051.0,733645610931.0,732047403281.0,732174765619.0,967514541150.627,2026-05-04 22:00:00+00:00
1777935600,732181902984.0,733854002901.0,731397954410.0,733743212581.0,967514541150.627,2026-05-04 23:00:00+00:00
1777939200,733752911665.0,735305443408.0,733455286389.0,735305443408.0,865135965869.7025,2026-05-05 00:00:00+00:00
1777942800,735315697221.0,735874674425.0,734814480899.0,735597240591.0,865135965869.7025,2026-05-05 01:00:00+00:00
1777946400,735597189050.0,736337064150.0,733964393867.0,734084270982.0,865135965869.7025,2026-05-05 02:00:00+00:00
1777950000,734088497348.0,735827347655.0,733766130364.0,735179593230.0,865135965869.7025,2026-05-05 03:00:00+00:00
1777953600,735174706551.0,735296660211.0,734294159164.0,734576425362.0,865135965869.7025,2026-05-05 04:00:00+00:00
1777957200,734578443435.0,736824738401.0,734537183575.0,736303991267.0,865135965869.7025,2026-05-05 05:00:00+00:00
1777960800,736307957764.0,737149738074.0,735268328273.0,737149738074.0,865135965869.7025,2026-05-05 06:00:00+00:00
1777964400,737148535169.0,738349998475.0,736880967084.0,737822617254.0,865135965869.7025,2026-05-05 07:00:00+00:00
1777968000,737815564148.0,738329361031.0,737506382765.0,737663763270.0,865135965869.7025,2026-05-05 08:00:00+00:00
1777971600,737661618182.0,737692664334.0,736551550134.0,736776028789.0,865135965869.7025,2026-05-05 09:00:00+00:00
1777975200,736779391485.0,738537462006.0,736502198214.0,738537462006.0,865135965869.7025,2026-05-05 10:00:00+00:00
1777978800,738546101386.0,738882183781.0,737932191766.0,738882183781.0,865135965869.7025,2026-05-05 11:00:00+00:00
1777982400,738894208371.0,740079083473.0,738675656818.0,740071018369.0,865135965869.7025,2026-05-05 12:00:00+00:00
1777986000,740065687780.0,743649526868.0,740065687780.0,742586742545.0,865135965869.7025,2026-05-05 13:00:00+00:00
1777989600,742594301846.0,742799365398.0,740701617483.0,741876610944.0,865135965869.7025,2026-05-05 14:00:00+00:00
1777993200,741875955904.0,743023979114.0,741660849594.0,742108467828.0,865135965869.7025,2026-05-05 15:00:00+00:00
1777996800,742111949941.0,743043444461.0,740868499420.0,741462238279.0,865135965869.7025,2026-05-05 16:00:00+00:00
1778000400,741467544349.0,742207818530.0,740836046821.0,742207818530.0,865135965869.7025,2026-05-05 17:00:00+00:00
1778004000,742205622511.0,743176668253.0,742201593293.0,742870233409.0,865135965869.7025,2026-05-05 18:00:00+00:00
1778007600,742863974874.0,744570525175.0,742863974874.0,744307302788.0,865135965869.7025,2026-05-05 19:00:00+00:00
1778011200,744314650689.0,747016955823.0,744157987409.0,747016955823.0,865135965869.7025,2026-05-05 20:00:00+00:00
1778014800,747018668039.0,749291352189.0,746628495521.0,747939669552.0,865135965869.7025,2026-05-05 21:00:00+00:00
1778018400,747947115751.0,749256897010.0,745859048909.0,747296347839.0,865135965869.7025,2026-05-05 22:00:00+00:00
1778022000,747300119271.0,747796069282.0,744438700099.0,744731241206.0,865135965869.7025,2026-05-05 23:00:00+00:00
1778025600,744731097178.0,745553434574.0,743774337026.0,745138460285.0,912756167219.8936,2026-05-06 00:00:00+00:00
1778029200,745140554660.0,747560403022.0,744796628096.0,747273333919.0,912756167219.8936,2026-05-06 01:00:00+00:00
1778032800,747270478956.0,748942984631.0,746563431015.0,748859244612.0,912756167219.8936,2026-05-06 02:00:00+00:00
1778036400,748864551954.0,750508340763.0,748403926442.0,750187701942.0,912756167219.8936,2026-05-06 03:00:00+00:00
1778040000,750181148998.0,750708236692.0,749254837962.0,750027991800.0,912756167219.8936,2026-05-06 04:00:00+00:00
1778043600,750025854250.0,751014566472.0,749224684385.0,750890751026.0,912756167219.8936,2026-05-06 05:00:00+00:00
1778047200,750886883461.0,751705646299.0,750411881819.0,751604365405.0,912756167219.8936,2026-05-06 06:00:00+00:00
1778050800,751596320298.0,754634178791.0,751596320298.0,753773483753.0,912756167219.8936,2026-05-06 07:00:00+00:00
1778054400,753774823590.0,758660970874.0,753525053249.0,758299931188.0,912756167219.8936,2026-05-06 08:00:00+00:00
1778058000,758299744886.0,759389017883.0,756915329513.0,759389017883.0,912756167219.8936,2026-05-06 09:00:00+00:00
1778061600,759386224695.0,760629450500.0,758975372245.0,760257099166.0,912756167219.8936,2026-05-06 10:00:00+00:00
1778065200,760256422416.0,761451859602.0,760154602848.0,761451859602.0,912756167219.8936,2026-05-06 11:00:00+00:00
1778068800,761458159508.0,762694355129.0,760370867094.0,761651990355.0,912756167219.8936,2026-05-06 12:00:00+00:00
1778072400,761651421693.0,761656885696.0,752707670223.0,753339486004.0,912756167219.8936,2026-05-06 13:00:00+00:00
1778076000,753308314066.0,755178166347.0,750040335623.0,753295525537.0,912756167219.8936,2026-05-06 14:00:00+00:00
1778079600,753291537261.0,755392194573.0,752869910961.0,755269867543.0,912756167219.8936,2026-05-06 15:00:00+00:00
1778083200,755262475357.0,756437119934.0,753599673561.0,755641547575.0,912756167219.8936,2026-05-06 16:00:00+00:00
1778086800,755639733659.0,755916137655.0,754121566003.0,754311299921.0,912756167219.8936,2026-05-06 17:00:00+00:00
1778090400,754309320053.0,754859607855.0,753228255265.0,754057165847.0,912756167219.8936,2026-05-06 18:00:00+00:00
1778094000,754057884980.0,754913947933.0,753677444663.0,754830159491.0,912756167219.8936,2026-05-06 19:00:00+00:00
1778097600,754825561847.0,755787514896.0,753550547856.0,754206375410.0,912756167219.8936,2026-05-06 20:00:00+00:00
1778101200,754216065417.0,755837654034.0,753429010863.0,755425199217.0,912756167219.8936,2026-05-06 21:00:00+00:00
1778104800,755429365816.0,755429365816.0,753509728644.0,753634948293.0,912756167219.8936,2026-05-06 22:00:00+00:00
1778108400,753634927074.0,756706161603.0,752035846302.0,756706161603.0,912756167219.8936,2026-05-06 23:00:00+00:00
1778112000,756705786745.0,756974511304.0,753875964642.0,754159499865.0,1752704153591.7834,2026-05-07 00:00:00+00:00
1778115600,754153933692.0,754221046560.0,752247524566.0,753504108018.0,1752704153591.7834,2026-05-07 01:00:00+00:00
1778119200,753504693975.0,753750287937.0,751964294779.0,753143907175.0,1752704153591.7834,2026-05-07 02:00:00+00:00
1778122800,753121917294.0,753158766117.0,751782281995.0,751814741670.0,1752704153591.7834,2026-05-07 03:00:00+00:00
1778126400,751820753729.0,754026194230.0,751756943336.0,754026194230.0,1752704153591.7834,2026-05-07 04:00:00+00:00
1778130000,754037186215.0,755836491278.0,754019895132.0,755325766476.0,1752704153591.7834,2026-05-07 05:00:00+00:00
1778133600,755335134768.0,757850870302.0,753639263760.0,757850870302.0,1752704153591.7834,2026-05-07 06:00:00+00:00
1778137200,757862333210.0,759539433364.0,757598597770.0,759225660685.0,1752704153591.7834,2026-05-07 07:00:00+00:00
1778140800,759216556114.0,759250687971.0,757737207121.0,757906967838.0,1752704153591.7834,2026-05-07 08:00:00+00:00
1778144400,757929065693.0,757929065693.0,756220305044.0,756910870372.0,1752704153591.7834,2026-05-07 09:00:00+00:00
1778148000,756913125298.0,757428324252.0,755174518336.0,756385872158.0,1752704153591.7834,2026-05-07 10:00:00+00:00
1778151600,756388207267.0,757924379030.0,755863583844.0,756583585775.0,1752704153591.7834,2026-05-07 11:00:00+00:00
1778155200,756580641159.0,758474662488.0,756448543925.0,758193217695.0,1752704153591.7834,2026-05-07 12:00:00+00:00
1778158800,758192162267.0,758202998805.0,752204042867.0,753103799301.0,1752704153591.7834,2026-05-07 13:00:00+00:00
1778162400,753107164980.0,753406628573.0,749161508592.0,750237453843.0,1752704153591.7834,2026-05-07 14:00:00+00:00
1778166000,750235332445.0,750878318866.0,747464161854.0,749198863094.0,1752704153591.7834,2026-05-07 15:00:00+00:00
1778169600,749217236123.0,750532884561.0,748459099178.0,749409736658.0,1752704153591.7834,2026-05-07 16:00:00+00:00
1778173200,749410983865.0,751352653641.0,748379553702.0,751281492323.0,1752704153591.7834,2026-05-07 17:00:00+00:00
1778176800,751297133936.0,752669161891.0,750189966969.0,751185851612.0,1752704153591.7834,2026-05-07 18:00:00+00:00
1778180400,751172925566.0,751286753318.0,749710579336.0,750166896168.0,1752704153591.7834,2026-05-07 19:00:00+00:00
1778184000,750205161213.0,751696966818.0,748849850364.0,748849850364.0,1752704153591.7834,2026-05-07 20:00:00+00:00
1778187600,748852744096.0,749556774803.0,747718281971.0,748804638518.0,1752704153591.7834,2026-05-07 21:00:00+00:00
1778191200,748788717939.0,748788717939.0,747155694270.0,748334064335.0,1752704153591.7834,2026-05-07 22:00:00+00:00
1778194800,748335880492.0,751575841856.0,748043013048.0,751481101671.0,1752704153591.7834,2026-05-07 23:00:00+00:00
1778198400,751479393609.0,752335667402.0,750580108570.0,751116972783.0,482599533459.8184,2026-05-08 00:00:00+00:00
1778202000,751132456904.0,751570772609.0,749657615874.0,750587523057.0,482599533459.8184,2026-05-08 01:00:00+00:00
1778205600,750601490205.0,751394010166.0,748549356525.0,750700080535.0,482599533459.8184,2026-05-08 02:00:00+00:00
1778209200,750692818391.0,751908907011.0,749293979419.0,751185461964.0,482599533459.8184,2026-05-08 03:00:00+00:00
1778212800,751180521666.0,752198853466.0,750869946274.0,751491990353.0,482599533459.8184,2026-05-08 04:00:00+00:00
1778216400,751491803059.0,752356538193.0,751090160559.0,751090160559.0,482599533459.8184,2026-05-08 05:00:00+00:00
1778220000,751069714629.0,751380726069.0,750219503327.0,751100870458.0,482599533459.8184,2026-05-08 06:00:00+00:00
1778223600,751102369027.0,751888520757.0,749992239252.0,751888520757.0,482599533459.8184,2026-05-08 07:00:00+00:00
1778227200,751884004352.0,753439978253.0,751785711167.0,752546199607.0,482599533459.8184,2026-05-08 08:00:00+00:00
1778230800,752554840863.0,753676392705.0,751756781452.0,752194873503.0,482599533459.8184,2026-05-08 09:00:00+00:00
1778234400,752186342666.0,753031387004.0,751509516763.0,752720610791.0,482599533459.8184,2026-05-08 10:00:00+00:00
1778238000,752707530855.0,753303021745.0,752531490392.0,753303021745.0,482599533459.8184,2026-05-08 11:00:00+00:00
1778241600,753306471965.0,753795177921.0,752189866223.0,752376402663.0,482599533459.8184,2026-05-08 12:00:00+00:00
1778245200,752375030722.0,752705914828.0,751021153218.0,751905740298.0,482599533459.8184,2026-05-08 13:00:00+00:00
1778248800,752019828754.0,755756451121.0,752019828754.0,755151204399.0,482599533459.8184,2026-05-08 14:00:00+00:00
1778252400,755157049425.0,756751451267.0,752911727816.0,756652952212.0,482599533459.8184,2026-05-08 15:00:00+00:00
1778256000,756661875727.0,756832883441.0,755884027511.0,756260545169.0,482599533459.8184,2026-05-08 16:00:00+00:00
1778259600,756259245831.0,760593960052.0,756259245831.0,759791110316.0,482599533459.8184,2026-05-08 17:00:00+00:00
1778263200,759795348430.0,763262550070.0,759795337353.0,762181001947.0,482599533459.8184,2026-05-08 18:00:00+00:00
1778266800,762146353641.0,763295668712.0,761424000030.0,761882027296.0,482599533459.8184,2026-05-08 19:00:00+00:00
1778270400,761883470030.0,761953252648.0,760489036439.0,760875128334.0,482599533459.8184,2026-05-08 20:00:00+00:00
1778274000,760870717122.0,763318933858.0,760813236060.0,763312741798.0,482599533459.8184,2026-05-08 21:00:00+00:00
1778277600,763314049978.0,764002795318.0,763283847847.0,763429541877.0,482599533459.8184,2026-05-08 22:00:00+00:00
1778281200,763429494227.0,763546272388.0,760023865411.0,761013073887.0,482599533459.8184,2026-05-08 23:00:00+00:00
1778284800,761012226799.0,763325128952.0,761012226799.0,763283744617.0,319703467077.74866,2026-05-09 00:00:00+00:00
1778288400,763283327188.0,766937304097.0,763257490188.0,766150219558.0,319703467077.74866,2026-05-09 01:00:00+00:00
1778292000,766143125724.0,768235221772.0,766003938629.0,768178432401.0,319703467077.74866,2026-05-09 02:00:00+00:00
1778295600,768183939537.0,768759310061.0,767196249819.0,767847086223.0,319703467077.74866,2026-05-09 03:00:00+00:00
1778299200,767838825645.0,769285449097.0,767368382894.0,767522219924.0,319703467077.74866,2026-05-09 04:00:00+00:00
1778302800,767519466866.0,768496098383.0,767062659643.0,767938773786.0,319703467077.74866,2026-05-09 05:00:00+00:00
1778306400,767933521967.0,768328697474.0,766099027648.0,766544676376.0,319703467077.74866,2026-05-09 06:00:00+00:00
1778310000,766569209174.0,766789258815.0,765674794674.0,765895721473.0,319703467077.74866,2026-05-09 07:00:00+00:00
1778313600,765895498248.0,766461084821.0,765859013976.0,766222721649.0,319703467077.74866,2026-05-09 08:00:00+00:00
1778317200,766218131857.0,766248352260.0,764033768347.0,764142100149.0,319703467077.74866,2026-05-09 09:00:00+00:00
1778320800,764148318992.0,764529923459.0,763474548319.0,763974036891.0,319703467077.74866,2026-05-09 10:00:00+00:00
1778324400,763969160348.0,765000000298.0,763812785909.0,764858230937.0,319703467077.74866,2026-05-09 11:00:00+00:00
1778328000,764836763686.0,765386034261.0,763877172325.0,764194254580.0,319703467077.74866,2026-05-09 12:00:00+00:00
1778331600,764194782273.0,764194782273.0,760809151020.0,761702638486.0,319703467077.74866,2026-05-09 13:00:00+00:00
1778335200,761697772573.0,761697772573.0,759756947178.0,759883010380.0,319703467077.74866,2026-05-09 14:00:00+00:00
1778338800,759881082028.0,760189147349.0,758875314785.0,759893941988.0,319703467077.74866,2026-05-09 15:00:00+00:00
1778342400,759888578576.0,761241038824.0,759385629586.0,760047328887.0,319703467077.74866,2026-05-09 16:00:00+00:00
1778346000,760047665829.0,762110421252.0,760047561504.0,761518894590.0,319703467077.74866,2026-05-09 17:00:00+00:00
1778349600,761521100615.0,762702995303.0,761521100615.0,762126104754.0,319703467077.74866,2026-05-09 18:00:00+00:00
1778353200,762123567145.0,762645316258.0,761703084903.0,762645217880.0,319703467077.74866,2026-05-09 19:00:00+00:00
1778356800,762650269773.0,762716450385.0,761499886508.0,761833475990.0,319703467077.74866,2026-05-09 20:00:00+00:00
1778360400,761838106560.0,762619417428.0,761838106560.0,762516824407.0,319703467077.74866,2026-05-09 21:00:00+00:00
1778364000,762516282279.0,762745328194.0,761818362204.0,762184065669.0,319703467077.74866,2026-05-09 22:00:00+00:00
1778367600,762216187228.0,762724534616.0,760879050662.0,761147081707.0,319703467077.74866,2026-05-09 23:00:00+00:00
1778371200,761142478763.0,761860387709.0,759693432961.0,759841149590.0,432966963032.3108,2026-05-10 00:00:00+00:00
1778374800,759839422197.0,759862560366.0,758406405995.0,759327364181.0,432966963032.3108,2026-05-10 01:00:00+00:00
1778378400,759339727861.0,760964864356.0,759091168125.0,760320349413.0,432966963032.3108,2026-05-10 02:00:00+00:00
1778382000,760322574176.0,761458480432.0,760294757430.0,760831480744.0,432966963032.3108,2026-05-10 03:00:00+00:00
1778385600,760818635988.0,761073367804.0,760364907183.0,760741018624.0,432966963032.3108,2026-05-10 04:00:00+00:00
1778389200,760723175220.0,761020655085.0,760159625410.0,760665363205.0,432966963032.3108,2026-05-10 05:00:00+00:00
1778392800,760658512342.0,761057457029.0,760248633580.0,761057457029.0,432966963032.3108,2026-05-10 06:00:00+00:00
1778396400,761065212946.0,761947228172.0,760804841524.0,761216044675.0,432966963032.3108,2026-05-10 07:00:00+00:00
1778400000,761212762708.0,762959375717.0,761177472315.0,762900044172.0,432966963032.3108,2026-05-10 08:00:00+00:00
1778403600,762902761617.0,763757858637.0,762546374613.0,762814503560.0,432966963032.3108,2026-05-10 09:00:00+00:00
1778407200,762816482738.0,762823818646.0,761502985682.0,762526929080.0,432966963032.3108,2026-05-10 10:00:00+00:00
1778410800,762527450037.0,762680180014.0,760309525357.0,761883617838.0,432966963032.3108,2026-05-10 11:00:00+00:00
1778414400,761880539872.0,761880539872.0,761084817802.0,761798185307.0,432966963032.3108,2026-05-10 12:00:00+00:00
1778418000,761798388008.0,765513102535.0,761798388008.0,765513102535.0,432966963032.3108,2026-05-10 13:00:00+00:00
1778421600,765513869334.0,766385536171.0,764623267837.0,765901608714.0,432966963032.3108,2026-05-10 14:00:00+00:00
1778425200,765912436494.0,768804868282.0,765912436494.0,768804868282.0,432966963032.3108,2026-05-10 15:00:00+00:00
1778428800,768816471882.0,772144538859.0,768716971966.0,772068323943.0,432966963032.3108,2026-05-10 16:00:00+00:00
1778432400,772053424635.0,777291704039.0,772053424635.0,777291704039.0,432966963032.3108,2026-05-10 17:00:00+00:00
1778436000,777292932480.0,777543046503.0,775483276815.0,776358797668.0,432966963032.3108,2026-05-10 18:00:00+00:00
1778439600,776341620224.0,777318879156.0,774160183108.0,776123900184.0,432966963032.3108,2026-05-10 19:00:00+00:00
1778443200,776123489396.0,777103604351.0,763529187210.0,766601157352.0,432966963032.3108,2026-05-10 20:00:00+00:00
1778446800,766601687212.0,769778543166.0,765414532012.0,767912625246.0,432966963032.3108,2026-05-10 21:00:00+00:00
1778450400,767902216782.0,774867745010.0,767406704789.0,774724986027.0,432966963032.3108,2026-05-10 22:00:00+00:00
1778454000,774739801576.0,775999340417.0,773836588451.0,774762424539.0,432966963032.3108,2026-05-10 23:00:00+00:00
1778457600,774767453387.0,775422501708.0,769881914817.0,771007957363.0,477207247286.1831,2026-05-11 00:00:00+00:00
1778461200,770997417166.0,773420712913.0,769596399773.0,771670715683.0,477207247286.1831,2026-05-11 01:00:00+00:00
1778464800,771666695813.0,771976200011.0,766838948754.0,767520180004.0,477207247286.1831,2026-05-11 02:00:00+00:00
1778468400,767524802877.0,767604401292.0,763123287297.0,765187930036.0,477207247286.1831,2026-05-11 03:00:00+00:00
1778472000,765189430170.0,765748590627.0,763747290892.0,765355641957.0,477207247286.1831,2026-05-11 04:00:00+00:00
1778475600,765360313493.0,767501701975.0,765230885345.0,766897816261.0,477207247286.1831,2026-05-11 05:00:00+00:00
1778479200,766899418611.0,767936261950.0,765633659997.0,766186192786.0,477207247286.1831,2026-05-11 06:00:00+00:00
1778482800,766180552067.0,766180552067.0,764579384291.0,765540531667.0,477207247286.1831,2026-05-11 07:00:00+00:00
1778486400,765532627315.0,765676224467.0,763866610889.0,765031846748.0,477207247286.1831,2026-05-11 08:00:00+00:00
1778490000,765013389943.0,766784963862.0,764979657424.0,766739085562.0,477207247286.1831,2026-05-11 09:00:00+00:00
1778493600,766745989629.0,767914965408.0,766356964002.0,766363519657.0,477207247286.1831,2026-05-11 10:00:00+00:00
1778497200,766359972942.0,767919001818.0,765865252280.0,767512004285.0,477207247286.1831,2026-05-11 11:00:00+00:00
1778500800,767525352688.0,768265808689.0,766076867003.0,766449704764.0,477207247286.1831,2026-05-11 12:00:00+00:00
1778504400,766455743744.0,768796187734.0,766344092850.0,768115559938.0,477207247286.1831,2026-05-11 13:00:00+00:00
1778508000,768108984406.0,769848463136.0,765764152422.0,768438958923.0,477207247286.1831,2026-05-11 14:00:00+00:00
1778511600,768445792734.0,772675486781.0,767675332140.0,772649228814.0,477207247286.1831,2026-05-11 15:00:00+00:00
1778515200,772654436030.0,774064782148.0,771356403281.0,772218298328.0,477207247286.1831,2026-05-11 16:00:00+00:00
1778518800,772215370039.0,773985292377.0,770954397914.0,773692981673.0,477207247286.1831,2026-05-11 17:00:00+00:00
1778522400,773698092638.0,774293401902.0,772761222615.0,772848455714.0,477207247286.1831,2026-05-11 18:00:00+00:00
1778526000,772851747529.0,775097456561.0,772208101062.0,775033529596.0,477207247286.1831,2026-05-11 19:00:00+00:00
1778529600,775042952960.0,775916101913.0,773350685465.0,773680025353.0,477207247286.1831,2026-05-11 20:00:00+00:00
1778533200,773684918451.0,774109725831.0,773250544325.0,773250544325.0,477207247286.1831,2026-05-11 21:00:00+00:00
1778536800,773248198372.0,775429025115.0,773168162432.0,774974629568.0,477207247286.1831,2026-05-11 22:00:00+00:00
1778540400,774977562205.0,774993311523.0,773120473978.0,773178746653.0,477207247286.1831,2026-05-11 23:00:00+00:00
1778544000,773191120805.0,773485084543.0,772408394454.0,773181362383.0,432211481665.8856,2026-05-12 00:00:00+00:00
1778547600,773180727411.0,773662905592.0,766354600134.0,768978705635.0,432211481665.8856,2026-05-12 01:00:00+00:00
1778551200,768972037104.0,770395137874.0,768550263040.0,769604692957.0,432211481665.8856,2026-05-12 02:00:00+00:00
1778554800,769593897964.0,769890324766.0,768068825809.0,768318116895.0,432211481665.8856,2026-05-12 03:00:00+00:00
1778558400,768319494206.0,769625665676.0,767812587663.0,769096180763.0,432211481665.8856,2026-05-12 04:00:00+00:00
1778562000,769094805617.0,770467051977.0,769094805617.0,770005997944.0,432211481665.8856,2026-05-12 05:00:00+00:00
1778565600,769998613944.0,770645486207.0,768783362446.0,768783362446.0,432211481665.8856,2026-05-12 06:00:00+00:00
1778569200,768783590498.0,769502365146.0,767352749875.0,768567978524.0,432211481665.8856,2026-05-12 07:00:00+00:00
1778572800,768547187736.0,768805904599.0,766859616650.0,767877546702.0,432211481665.8856,2026-05-12 08:00:00+00:00
1778576400,767869735038.0,767869735038.0,766305931208.0,767358259414.0,432211481665.8856,2026-05-12 09:00:00+00:00
1778580000,767347943062.0,767574416879.0,764818733795.0,765412365729.0,432211481665.8856,2026-05-12 10:00:00+00:00
1778583600,765429622910.0,765698320858.0,764144821556.0,765470133032.0,432211481665.8856,2026-05-12 11:00:00+00:00
1778587200,765468582582.0,766838619654.0,763843583633.0,765697074609.0,432211481665.8856,2026-05-12 12:00:00+00:00
1778590800,765684282079.0,766155274646.0,761625154460.0,761901753689.0,432211481665.8856,2026-05-12 13:00:00+00:00
1778594400,761930300284.0,763259182318.0,759734654785.0,760326773299.0,432211481665.8856,2026-05-12 14:00:00+00:00
1778598000,760330070380.0,761252130833.0,757804926811.0,758728818616.0,432211481665.8856,2026-05-12 15:00:00+00:00
1778601600,758716083260.0,759806357916.0,757085635568.0,757778513745.0,432211481665.8856,2026-05-12 16:00:00+00:00
1778605200,757783992926.0,761281071518.0,757783992926.0,761015236898.0,432211481665.8856,2026-05-12 17:00:00+00:00
1778608800,761018049522.0,762658730092.0,760839391788.0,762285215850.0,432211481665.8856,2026-05-12 18:00:00+00:00
1778612400,762287358895.0,764456834668.0,762287358895.0,764002158177.0,432211481665.8856,2026-05-12 19:00:00+00:00
1778616000,764002751898.0,764503708731.0,763235121476.0,763929910329.0,432211481665.8856,2026-05-12 20:00:00+00:00
1778619600,763940257596.0,764348100097.0,763610043899.0,763930044289.0,432211481665.8856,2026-05-12 21:00:00+00:00
1778623200,763954299918.0,765344065505.0,763953476285.0,764146247774.0,432211481665.8856,2026-05-12 22:00:00+00:00
1778626800,764151368015.0,764526696275.0,762628537616.0,763039599215.0,432211481665.8856,2026-05-12 23:00:00+00:00
1778630400,763040156670.0,764760006744.0,762613233552.0,764583988451.0,468430277954.97076,2026-05-13 00:00:00+00:00
1778634000,764588242299.0,768556342839.0,764588242299.0,767982294018.0,468430277954.97076,2026-05-13 01:00:00+00:00
1778637600,767977638566.0,769232420131.0,767604114691.0,768574877761.0,468430277954.97076,2026-05-13 02:00:00+00:00
1778641200,768573719499.0,769559146152.0,768235230135.0,769559146152.0,468430277954.97076,2026-05-13 03:00:00+00:00
1778644800,769572845554.0,770181900749.0,768629081949.0,769551965276.0,468430277954.97076,2026-05-13 04:00:00+00:00
1778648400,769553766126.0,769621975547.0,767508663427.0,767724889031.0,468430277954.97076,2026-05-13 05:00:00+00:00
1778652000,767726938232.0,768786120982.0,767442003639.0,767442003639.0,468430277954.97076,2026-05-13 06:00:00+00:00
1778655600,767446346015.0,768533159390.0,767170268203.0,768533159390.0,468430277954.97076,2026-05-13 07:00:00+00:00
1778659200,768536894706.0,769883623820.0,767965718437.0,769824094201.0,468430277954.97076,2026-05-13 08:00:00+00:00
1778662800,769818469850.0,771782797045.0,769702143106.0,771782797045.0,468430277954.97076,2026-05-13 09:00:00+00:00
1778666400,771782905422.0,771936160004.0,768303341355.0,768526726029.0,468430277954.97076,2026-05-13 10:00:00+00:00
1778670000,768537012226.0,768686717564.0,765947791760.0,765947791760.0,468430277954.97076,2026-05-13 11:00:00+00:00
1778673600,765948469265.0,766725535547.0,759541035925.0,761710216102.0,468430277954.97076,2026-05-13 12:00:00+00:00
1778677200,761714167454.0,763034156424.0,757960133422.0,758388409803.0,468430277954.97076,2026-05-13 13:00:00+00:00
1778680800,758372047148.0,760313297654.0,756453798154.0,759365783363.0,468430277954.97076,2026-05-13 14:00:00+00:00
1778684400,759369807927.0,760148775666.0,753548012056.0,753834534697.0,468430277954.97076,2026-05-13 15:00:00+00:00
1778688000,753831537761.0,757816501971.0,753831537761.0,757265598796.0,468430277954.97076,2026-05-13 16:00:00+00:00
1778691600,757267015993.0,758453132460.0,757263193430.0,758341003836.0,468430277954.97076,2026-05-13 17:00:00+00:00
1778695200,758342365244.0,760113934207.0,758234259042.0,758510816735.0,468430277954.97076,2026-05-13 18:00:00+00:00
1778698800,758509800806.0,758683416402.0,756676879376.0,757099193338.0,468430277954.97076,2026-05-13 19:00:00+00:00
1778702400,757104999745.0,758315067357.0,757104999745.0,758196817276.0,468430277954.97076,2026-05-13 20:00:00+00:00
1778706000,758200846716.0,758249546124.0,755855825310.0,755937376015.0,468430277954.97076,2026-05-13 21:00:00+00:00
1778709600,755944049212.0,757611258035.0,755208862452.0,757611258035.0,468430277954.97076,2026-05-13 22:00:00+00:00
1778713200,757613164097.0,758285542910.0,756949850134.0,757229531516.0,468430277954.97076,2026-05-13 23:00:00+00:00
1778716800,757224099436.0,759087282706.0,757126165158.0,758639138197.0,521209956941.3154,2026-05-14 00:00:00+00:00
1778720400,758623473618.0,759051133325.0,757958407754.0,758824705151.0,521209956941.3154,2026-05-14 01:00:00+00:00
1778724000,758828222042.0,761000886446.0,757960194660.0,758278136110.0,521209956941.3154,2026-05-14 02:00:00+00:00
1778727600,758280267266.0,759006008067.0,755235885972.0,755444252285.0,521209956941.3154,2026-05-14 03:00:00+00:00
1778731200,755442706016.0,758112957163.0,755132228108.0,757865723299.0,521209956941.3154,2026-05-14 04:00:00+00:00
1778734800,757862103280.0,760836365675.0,757818633843.0,760105127860.0,521209956941.3154,2026-05-14 05:00:00+00:00
1778738400,760106284830.0,760342152441.0,759148226077.0,759494094144.0,521209956941.3154,2026-05-14 06:00:00+00:00
1778742000,759511960408.0,759852406674.0,758302130752.0,758370189523.0,521209956941.3154,2026-05-14 07:00:00+00:00
1778745600,758372734045.0,760069540526.0,757735977946.0,759459532906.0,521209956941.3154,2026-05-14 08:00:00+00:00
1778749200,759459191337.0,759536127668.0,757713192924.0,758567214626.0,521209956941.3154,2026-05-14 09:00:00+00:00
1778752800,758562974659.0,760597382064.0,758284740432.0,760362199368.0,521209956941.3154,2026-05-14 10:00:00+00:00
1778756400,760364559548.0,760529835457.0,758666718192.0,758666718192.0,521209956941.3154,2026-05-14 11:00:00+00:00
1778760000,758663607899.0,762887414726.0,758560141497.0,762871493490.0,521209956941.3154,2026-05-14 12:00:00+00:00
1778763600,762860131708.0,764265046710.0,761974507989.0,762097841804.0,521209956941.3154,2026-05-14 13:00:00+00:00
1778767200,762098558601.0,768476143559.0,761462631160.0,768135818063.0,521209956941.3154,2026-05-14 14:00:00+00:00
1778770800,768140182356.0,768761256777.0,766817322810.0,768731827494.0,521209956941.3154,2026-05-14 15:00:00+00:00
1778774400,768737935976.0,770567032699.0,767028477498.0,770567032699.0,521209956941.3154,2026-05-14 16:00:00+00:00
1778778000,770576767453.0,772078558635.0,768108563405.0,770796934326.0,521209956941.3154,2026-05-14 17:00:00+00:00
1778781600,770795052257.0,776045081066.0,769936588008.0,775135209728.0,521209956941.3154,2026-05-14 18:00:00+00:00
1778785200,775137906053.0,775627513581.0,772194408100.0,772447487206.0,521209956941.3154,2026-05-14 19:00:00+00:00
1778788800,772449297616.0,772449297616.0,769723496895.0,771336646655.0,521209956941.3154,2026-05-14 20:00:00+00:00
1778792400,771340044566.0,771797011734.0,769907211673.0,770980634638.0,521209956941.3154,2026-05-14 21:00:00+00:00
1778796000,770975959457.0,771852155633.0,770643217305.0,771092026149.0,521209956941.3154,2026-05-14 22:00:00+00:00
1778799600,771097009820.0,771097009820.0,768406994699.0,768540907358.0,521209956941.3154,2026-05-14 23:00:00+00:00
1778803200,768552795580.0,772222502893.0,768552795580.0,771350109087.0,478372089821.3883,2026-05-15 00:00:00+00:00
1778806800,771343207622.0,772006921075.0,768746056570.0,768806260788.0,478372089821.3883,2026-05-15 01:00:00+00:00
1778810400,768811604086.0,769628748021.0,765056089234.0,768156596545.0,478372089821.3883,2026-05-15 02:00:00+00:00
1778814000,768160167451.0,768633135247.0,766707766468.0,767819592678.0,478372089821.3883,2026-05-15 03:00:00+00:00
1778817600,767823075041.0,767823075041.0,764591138067.0,764598538841.0,478372089821.3883,2026-05-15 04:00:00+00:00
1778821200,764607345994.0,765107666997.0,760283065252.0,761155418738.0,478372089821.3883,2026-05-15 05:00:00+00:00
1778824800,761143607064.0,764051798606.0,761041503775.0,763965545111.0,478372089821.3883,2026-05-15 06:00:00+00:00
1778828400,763964382479.0,766283565196.0,763379166274.0,765069570455.0,478372089821.3883,2026-05-15 07:00:00+00:00
1778832000,765082347523.0,765085803435.0,762383712757.0,764041462839.0,478372089821.3883,2026-05-15 08:00:00+00:00
1778835600,764051483377.0,764391303574.0,762186732947.0,762788644867.0,478372089821.3883,2026-05-15 09:00:00+00:00
1778839200,762790350054.0,765485623206.0,762790350054.0,765089591186.0,478372089821.3883,2026-05-15 10:00:00+00:00
1778842800,765081609467.0,765330247473.0,763275314160.0,763542537721.0,478372089821.3883,2026-05-15 11:00:00+00:00
1778846400,763538982754.0,763658800023.0,760595605831.0,760761059012.0,478372089821.3883,2026-05-15 12:00:00+00:00
1778850000,760759808509.0,760763250973.0,751773086812.0,752218405135.0,478372089821.3883,2026-05-15 13:00:00+00:00
1778853600,752216487696.0,754704156735.0,751121268966.0,753812951649.0,478372089821.3883,2026-05-15 14:00:00+00:00
1778857200,753805792711.0,754242401175.0,751356944503.0,752923864365.0,478372089821.3883,2026-05-15 15:00:00+00:00
1778860800,752926014499.0,755823686180.0,752803182413.0,755670674671.0,478372089821.3883,2026-05-15 16:00:00+00:00
1778864400,755673924491.0,756995384994.0,755673924491.0,756532426730.0,478372089821.3883,2026-05-15 17:00:00+00:00
1778868000,756540607257.0,757142134380.0,755040590056.0,755830183779.0,478372089821.3883,2026-05-15 18:00:00+00:00
1778871600,755816285604.0,755816285604.0,754371811602.0,754382674174.0,478372089821.3883,2026-05-15 19:00:00+00:00
1778875200,754386059346.0,754621823870.0,753045143916.0,753701595692.0,478372089821.3883,2026-05-15 20:00:00+00:00
1778878800,753711176478.0,754238556667.0,752647363698.0,752647363698.0,478372089821.3883,2026-05-15 21:00:00+00:00
1778882400,752637370568.0,753837949741.0,752634249016.0,753837949741.0,478372089821.3883,2026-05-15 22:00:00+00:00
1778886000,753840447797.0,754088152335.0,753339653258.0,753865225021.0,478372089821.3883,2026-05-15 23:00:00+00:00
1778889600,753868980346.0,754626438470.0,753399413929.0,753595587582.0,319854762164.73956,2026-05-16 00:00:00+00:00
1778893200,753605373201.0,753792309619.0,752394124886.0,753378652321.0,319854762164.73956,2026-05-16 01:00:00+00:00
1778896800,753379350778.0,754629366155.0,753139184278.0,754480817407.0,319854762164.73956,2026-05-16 02:00:00+00:00
1778900400,754483172450.0,754702461344.0,753391319473.0,753723242196.0,319854762164.73956,2026-05-16 03:00:00+00:00
1778904000,753712804614.0,753712804614.0,750444293445.0,751425678514.0,319854762164.73956,2026-05-16 04:00:00+00:00
1778907600,751424148064.0,751711461219.0,750465658706.0,751028826139.0,319854762164.73956,2026-05-16 05:00:00+00:00
1778911200,751036236397.0,751215410927.0,747219139570.0,748111281562.0,319854762164.73956,2026-05-16 06:00:00+00:00
1778914800,748113944246.0,748118561274.0,743712946500.0,746786318748.0,319854762164.73956,2026-05-16 07:00:00+00:00
1778918400,746774860874.0,747300853891.0,746521498104.0,746716588887.0,319854762164.73956,2026-05-16 08:00:00+00:00
1778922000,746700962726.0,746802638973.0,741988012377.0,742062647122.0,319854762164.73956,2026-05-16 09:00:00+00:00
1778925600,742050647077.0,742410617271.0,740198003561.0,742287491951.0,319854762164.73956,2026-05-16 10:00:00+00:00
1778929200,742281473913.0,743793091857.0,742278229743.0,743078250372.0,319854762164.73956,2026-05-16 11:00:00+00:00
1778932800,743077945783.0,743669785412.0,742458969906.0,743148903230.0,319854762164.73956,2026-05-16 12:00:00+00:00
1778936400,743145391639.0,743217724904.0,741306857651.0,741564210802.0,319854762164.73956,2026-05-16 13:00:00+00:00
1778940000,741572237995.0,743227801923.0,741056999793.0,742100343346.0,319854762164.73956,2026-05-16 14:00:00+00:00
1778943600,742102449508.0,743745356112.0,742102449508.0,743455479941.0,319854762164.73956,2026-05-16 15:00:00+00:00
1778947200,743454659383.0,744581951458.0,743454659383.0,744242330856.0,319854762164.73956,2026-05-16 16:00:00+00:00
1778950800,744255416104.0,744973921282.0,743923408483.0,744440662520.0,319854762164.73956,2026-05-16 17:00:00+00:00
1778954400,744434604295.0,745045200492.0,744139598395.0,744681017015.0,319854762164.73956,2026-05-16 18:00:00+00:00
1778958000,744675871559.0,744872770988.0,744315524056.0,744429739886.0,319854762164.73956,2026-05-16 19:00:00+00:00
1778961600,744431651083.0,745098954237.0,744378647064.0,744539104380.0,319854762164.73956,2026-05-16 20:00:00+00:00
1778965200,744516689807.0,744680646610.0,744339267859.0,744597936232.0,319854762164.73956,2026-05-16 21:00:00+00:00
1778968800,744588482193.0,744588482193.0,743853191166.0,743967331140.0,319854762164.73956,2026-05-16 22:00:00+00:00
1778972400,743969841157.0,744576235269.0,743786766107.0,744049325740.0,319854762164.73956,2026-05-16 23:00:00+00:00
1778976000,744050541969.0,744865176920.0,742087243345.0,742468259938.0,244467797311.5263,2026-05-17 00:00:00+00:00
1778979600,742494346258.0,743070616440.0,740414786172.0,740582199512.0,244467797311.5263,2026-05-17 01:00:00+00:00
1778983200,740575058598.0,743580398423.0,740559425022.0,743040132700.0,244467797311.5263,2026-05-17 02:00:00+00:00
1778986800,743034516538.0,745519250697.0,743034516538.0,745161591615.0,244467797311.5263,2026-05-17 03:00:00+00:00
1778990400,745152674185.0,746925519068.0,744987575382.0,746631310843.0,244467797311.5263,2026-05-17 04:00:00+00:00
1778994000,746630193265.0,748302041467.0,746630193265.0,747039736889.0,244467797311.5263,2026-05-17 05:00:00+00:00
1778997600,747042750291.0,747401712341.0,746479400375.0,746998134573.0,244467797311.5263,2026-05-17 06:00:00+00:00
1779001200,746997012321.0,747891520255.0,746756095704.0,747682581794.0,244467797311.5263,2026-05-17 07:00:00+00:00
1779004800,747686385486.0,747834207523.0,746779662264.0,746879582869.0,244467797311.5263,2026-05-17 08:00:00+00:00
1779008400,746874308388.0,748121401607.0,746853975737.0,748029147081.0,244467797311.5263,2026-05-17 09:00:00+00:00
1779012000,748027091412.0,749779366786.0,748017841069.0,749014447050.0,244467797311.5263,2026-05-17 10:00:00+00:00
1779015600,749044555685.0,749044555685.0,747886510184.0,748476010881.0,244467797311.5263,2026-05-17 11:00:00+00:00
1779019200,748472311637.0,749527617043.0,748472311637.0,748709884240.0,244467797311.5263,2026-05-17 12:00:00+00:00
1779022800,748711968815.0,748711968815.0,745381566462.0,745607059977.0,244467797311.5263,2026-05-17 13:00:00+00:00
1779026400,745603728994.0,745628515763.0,743507506599.0,744661760484.0,244467797311.5263,2026-05-17 14:00:00+00:00
1779030000,744670210449.0,745254430716.0,744047541592.0,744832281798.0,244467797311.5263,2026-05-17 15:00:00+00:00
1779033600,744833982376.0,745372896893.0,743989124915.0,744025159521.0,244467797311.5263,2026-05-17 16:00:00+00:00
1779037200,744026871054.0,744117836811.0,742998328857.0,743970968446.0,244467797311.5263,2026-05-17 17:00:00+00:00
1779040800,743967779690.0,745303751650.0,743087125156.0,745291889724.0,244467797311.5263,2026-05-17 18:00:00+00:00
1779044400,745288674933.0,747485197314.0,745288674933.0,747323126876.0,244467797311.5263,2026-05-17 19:00:00+00:00
1779048000,747321086473.0,747637947679.0,746104795892.0,746762445467.0,244467797311.5263,2026-05-17 20:00:00+00:00
1779051600,746759636201.0,748645779868.0,746530423614.0,748569784709.0,244467797311.5263,2026-05-17 21:00:00+00:00
1779055200,748570158230.0,748570158230.0,744483478078.0,745126684021.0,244467797311.5263,2026-05-17 22:00:00+00:00
1779058800,745129827398.0,745135026083.0,734280809749.0,741288549923.0,244467797311.5263,2026-05-17 23:00:00+00:00
1779062400,741284811767.0,741284811767.0,737848644511.0,740087164462.0,516457116591.3834,2026-05-18 00:00:00+00:00
1779066000,740095578423.0,740332403105.0,736681365941.0,739155660786.0,516457116591.3834,2026-05-18 01:00:00+00:00
1779069600,739160307577.0,741784378014.0,738856644246.0,740560668435.0,516457116591.3834,2026-05-18 02:00:00+00:00
1779073200,740563239970.0,742098614075.0,739841975120.0,740386863752.0,516457116591.3834,2026-05-18 03:00:00+00:00
1779076800,740378725346.0,741905276779.0,739367169033.0,741745194519.0,516457116591.3834,2026-05-18 04:00:00+00:00
1779080400,741740574611.0,741740574611.0,739164950254.0,739337338923.0,516457116591.3834,2026-05-18 05:00:00+00:00
1779084000,739357392022.0,739900165369.0,736472113565.0,738409257401.0,516457116591.3834,2026-05-18 06:00:00+00:00
1779087600,738410554391.0,738984024265.0,736517301786.0,738212290551.0,516457116591.3834,2026-05-18 07:00:00+00:00
1779091200,738208140671.0,738970700725.0,737385599845.0,738690954290.0,516457116591.3834,2026-05-18 08:00:00+00:00
1779094800,738687433719.0,738747549198.0,737064960147.0,737064960147.0,516457116591.3834,2026-05-18 09:00:00+00:00
1779098400,737065862526.0,737127857883.0,735771660949.0,736243564777.0,516457116591.3834,2026-05-18 10:00:00+00:00
1779102000,736256492906.0,740340222456.0,735621672329.0,738970212867.0,516457116591.3834,2026-05-18 11:00:00+00:00
1779105600,738981144798.0,742636292532.0,738981144798.0,741894498568.0,516457116591.3834,2026-05-18 12:00:00+00:00
1779109200,741902272283.0,741905973235.0,737090365641.0,739044724843.0,516457116591.3834,2026-05-18 13:00:00+00:00
1779112800,739048173763.0,739048173763.0,734925394465.0,735654912705.0,516457116591.3834,2026-05-18 14:00:00+00:00
1779116400,735665353035.0,736520569115.0,733635058153.0,735924512113.0,516457116591.3834,2026-05-18 15:00:00+00:00
1779120000,735952380521.0,736949238111.0,734766179325.0,736681501748.0,516457116591.3834,2026-05-18 16:00:00+00:00
1779123600,736673626381.0,737926040194.0,736323353849.0,737603194195.0,516457116591.3834,2026-05-18 17:00:00+00:00
1779127200,737594948588.0,737594948588.0,733888680980.0,734226892676.0,516457116591.3834,2026-05-18 18:00:00+00:00
1779130800,734224557605.0,741193845681.0,734146100652.0,740660633669.0,516457116591.3834,2026-05-18 19:00:00+00:00
1779134400,740666395827.0,741580946871.0,739314443296.0,739572924615.0,516457116591.3834,2026-05-18 20:00:00+00:00
1779138000,739568689845.0,742905270819.0,738997974960.0,742722675244.0,516457116591.3834,2026-05-18 21:00:00+00:00
1779141600,742723039757.0,743718524992.0,741689128288.0,742631065255.0,516457116591.3834,2026-05-18 22:00:00+00:00
1779145200,742634714865.0,743334863750.0,741847677596.0,742481644467.0,516457116591.3834,2026-05-18 23:00:00+00:00
1779148800,742467171053.0,744849725415.0,742438021173.0,743763387485.0,351882572512.53564,2026-05-19 00:00:00+00:00
1779152400,743759141510.0,743759141510.0,741224229205.0,741225905990.0,351882572512.53564,2026-05-19 01:00:00+00:00
1779156000,741218742947.0,741289199565.0,739049580913.0,739049580913.0,351882572512.53564,2026-05-19 02:00:00+00:00
1779159600,739046121221.0,741126851581.0,738630870902.0,740418171321.0,351882572512.53564,2026-05-19 03:00:00+00:00
1779163200,740412046710.0,741785529283.0,739862434882.0,741198099489.0,351882572512.53564,2026-05-19 04:00:00+00:00
1779166800,741198738558.0,741512476396.0,739132912632.0,740900911352.0,351882572512.53564,2026-05-19 05:00:00+00:00
1779170400,740897244622.0,742080421576.0,740770219853.0,741581845937.0,351882572512.53564,2026-05-19 06:00:00+00:00
1779174000,741586726628.0,742797698933.0,740980149524.0,742486597465.0,351882572512.53564,2026-05-19 07:00:00+00:00
1779177600,742485615156.0,742485615156.0,740268294856.0,740578754854.0,351882572512.53564,2026-05-19 08:00:00+00:00
1779181200,740576215000.0,740720346905.0,737790490378.0,738766386824.0,351882572512.53564,2026-05-19 09:00:00+00:00
1779184800,738769399012.0,739003672913.0,736929860688.0,738508037951.0,351882572512.53564,2026-05-19 10:00:00+00:00
1779188400,738510155668.0,738615856685.0,736807008697.0,737361066718.0,351882572512.53564,2026-05-19 11:00:00+00:00
1779192000,737365413754.0,738971196167.0,736867724238.0,738971196167.0,351882572512.53564,2026-05-19 12:00:00+00:00
1779195600,738970242906.0,741927696850.0,738114685473.0,740964552735.0,351882572512.53564,2026-05-19 13:00:00+00:00
1779199200,740964652140.0,741558273801.0,735805175846.0,737350014902.0,351882572512.53564,2026-05-19 14:00:00+00:00
1779202800,737340344872.0,738919533639.0,737053902107.0,737950433040.0,351882572512.53564,2026-05-19 15:00:00+00:00
1779206400,737961254333.0,740377483751.0,737372531287.0,740228749773.0,351882572512.53564,2026-05-19 16:00:00+00:00
1779210000,740227305726.0,740609865134.0,738525440913.0,739421118502.0,351882572512.53564,2026-05-19 17:00:00+00:00
1779213600,739420131834.0,739911131395.0,738146426889.0,738602523386.0,351882572512.53564,2026-05-19 18:00:00+00:00
1779217200,738600056272.0,740045252796.0,737792433036.0,738125840598.0,351882572512.53564,2026-05-19 19:00:00+00:00
1779220800,738125912952.0,738896613417.0,738125912952.0,738785521515.0,351882572512.53564,2026-05-19 20:00:00+00:00
1779224400,738785035048.0,739376202259.0,738467972962.0,738467972962.0,351882572512.53564,2026-05-19 21:00:00+00:00
1779228000,738469211715.0,738469211715.0,736576620828.0,737273100067.0,351882572512.53564,2026-05-19 22:00:00+00:00
1779231600,737272568449.0,739232290723.0,736993499259.0,738105510720.0,351882572512.53564,2026-05-19 23:00:00+00:00
1779235200,738108923555.0,738308813464.0,735779048936.0,736999076686.0,390347163729.9495,2026-05-20 00:00:00+00:00
1779238800,737016200023.0,737892195881.0,735567264021.0,737679501964.0,390347163729.9495,2026-05-20 01:00:00+00:00
1779242400,737670528120.0,737670528120.0,734678748248.0,734833230017.0,390347163729.9495,2026-05-20 02:00:00+00:00
1779246000,734845176776.0,736157289128.0,734421501693.0,735524938560.0,390347163729.9495,2026-05-20 03:00:00+00:00
1779249600,735527000566.0,736094193423.0,734777652372.0,736094193423.0,390347163729.9495,2026-05-20 04:00:00+00:00
1779253200,736095997960.0,738923137146.0,736092031136.0,738619741873.0,390347163729.9495,2026-05-20 05:00:00+00:00
1779256800,738616495295.0,739654741995.0,738370837768.0,739654741995.0,390347163729.9495,2026-05-20 06:00:00+00:00
1779260400,739654386894.0,740228708419.0,738690493687.0,738867966725.0,390347163729.9495,2026-05-20 07:00:00+00:00
1779264000,738869877326.0,740178194258.0,738659769963.0,739380222399.0,390347163729.9495,2026-05-20 08:00:00+00:00
1779267600,739378291783.0,739909412616.0,738891778210.0,739365726369.0,390347163729.9495,2026-05-20 09:00:00+00:00
1779271200,739370535596.0,740780460242.0,739362824523.0,739891972119.0,390347163729.9495,2026-05-20 10:00:00+00:00
1779274800,739887991296.0,740119797833.0,738384572602.0,738939061637.0,390347163729.9495,2026-05-20 11:00:00+00:00
1779278400,738933558417.0,741443384621.0,738622016872.0,740808711599.0,390347163729.9495,2026-05-20 12:00:00+00:00
1779282000,740810292699.0,740848230624.0,737497706518.0,739195719271.0,390347163729.9495,2026-05-20 13:00:00+00:00
1779285600,739203238044.0,743615555906.0,738092863704.0,743151250329.0,390347163729.9495,2026-05-20 14:00:00+00:00
1779289200,743144482883.0,744849880007.0,741846103489.0,744101960544.0,390347163729.9495,2026-05-20 15:00:00+00:00
1779292800,744101972168.0,745208308063.0,742122481936.0,744610758928.0,390347163729.9495,2026-05-20 16:00:00+00:00
1779296400,744597405843.0,747108170739.0,743982308513.0,745681693275.0,390347163729.9495,2026-05-20 17:00:00+00:00
1779300000,745680367897.0,745822288268.0,743545144393.0,743650365361.0,390347163729.9495,2026-05-20 18:00:00+00:00
1779303600,743651834896.0,746178188630.0,743192209448.0,746080336494.0,390347163729.9495,2026-05-20 19:00:00+00:00
1779307200,746075292571.0,746075292571.0,743735404532.0,745746607130.0,390347163729.9495,2026-05-20 20:00:00+00:00
1779310800,745746195529.0,746232515552.0,744847397789.0,744847397789.0,390347163729.9495,2026-05-20 21:00:00+00:00
1779314400,744846684117.0,745102001480.0,743227778855.0,744652717797.0,390347163729.9495,2026-05-20 22:00:00+00:00
1779318000,744647256315.0,746711604965.0,743635451902.0,746711604965.0,390347163729.9495,2026-05-20 23:00:00+00:00
1779321600,746706713509.0,749907109843.0,746484759847.0,749552387764.0,415640046971.94196,2026-05-21 00:00:00+00:00
1779325200,749588666167.0,750786347211.0,749054551392.0,749694281239.0,415640046971.94196,2026-05-21 01:00:00+00:00
1779328800,749703245938.0,750869965570.0,749189331676.0,749935479194.0,415640046971.94196,2026-05-21 02:00:00+00:00
1779332400,749931382347.0,751567015518.0,749675350184.0,751343722548.0,415640046971.94196,2026-05-21 03:00:00+00:00
1779336000,751343810480.0,751706635594.0,750273015817.0,750968497600.0,415640046971.94196,2026-05-21 04:00:00+00:00
1779339600,750956569989.0,751297693402.0,748556353457.0,749188010839.0,415640046971.94196,2026-05-21 05:00:00+00:00
1779343200,749190323905.0,749615529702.0,747808698419.0,748178363932.0,415640046971.94196,2026-05-21 06:00:00+00:00
1779346800,748195251710.0,750130947098.0,747982880820.0,749878174839.0,415640046971.94196,2026-05-21 07:00:00+00:00
1779350400,749870694999.0,752065422277.0,749856295156.0,750935950701.0,415640046971.94196,2026-05-21 08:00:00+00:00
1779354000,750931601473.0,751473439624.0,749248732344.0,749248732344.0,415640046971.94196,2026-05-21 09:00:00+00:00
1779357600,749247876653.0,749597466137.0,745931120401.0,745931120401.0,415640046971.94196,2026-05-21 10:00:00+00:00
1779361200,745958845695.0,746757888333.0,745534261993.0,745534261993.0,415640046971.94196,2026-05-21 11:00:00+00:00
1779364800,745539169060.0,747378196879.0,745307435900.0,746877697092.0,415640046971.94196,2026-05-21 12:00:00+00:00
1779368400,746879992528.0,748007226468.0,744893482411.0,747621306189.0,415640046971.94196,2026-05-21 13:00:00+00:00
1779372000,747625246297.0,748407222283.0,745537685156.0,746992515236.0,415640046971.94196,2026-05-21 14:00:00+00:00
1779375600,746994081564.0,750210686878.0,746994081564.0,748991108178.0,415640046971.94196,2026-05-21 15:00:00+00:00
1779379200,748994686415.0,749371911401.0,747072589897.0,748116404323.0,415640046971.94196,2026-05-21 16:00:00+00:00
1779382800,748115666697.0,754819985547.0,748115666697.0,753736084369.0,415640046971.94196,2026-05-21 17:00:00+00:00
1779386400,753736014175.0,754187961029.0,750581924222.0,751504167669.0,415640046971.94196,2026-05-21 18:00:00+00:00
1779390000,751528651931.0,753341813491.0,751528651931.0,753258989652.0,415640046971.94196,2026-05-21 19:00:00+00:00
1779393600,753258449418.0,753994384827.0,752458847509.0,752849280568.0,415640046971.94196,2026-05-21 20:00:00+00:00
1779397200,752847214106.0,753362004523.0,752432837536.0,752478098040.0,415640046971.94196,2026-05-21 21:00:00+00:00
1779400800,752481080307.0,752736428315.0,751328137333.0,751807534285.0,415640046971.94196,2026-05-21 22:00:00+00:00
1779404400,751804455986.0,752351277786.0,750961557529.0,751258394334.0,415640046971.94196,2026-05-21 23:00:00+00:00
1779408000,751267059406.0,751484399231.0,749362043957.0,749362043957.0,401853861871.53503,2026-05-22 00:00:00+00:00
1779411600,749359083885.0,750598578374.0,748658582403.0,750417098083.0,401853861871.53503,2026-05-22 01:00:00+00:00
1779415200,750417346824.0,753287658224.0,750407900365.0,752991783662.0,401853861871.53503,2026-05-22 02:00:00+00:00
1779418800,752990402890.0,753498553791.0,752153855714.0,752711302555.0,401853861871.53503,2026-05-22 03:00:00+00:00
1779422400,752711698679.0,753896481186.0,752231543916.0,752626429761.0,401853861871.53503,2026-05-22 04:00:00+00:00
1779426000,752642747820.0,753364696603.0,751807657225.0,752079769699.0,401853861871.53503,2026-05-22 05:00:00+00:00
1779429600,752087035393.0,752442200116.0,750612270301.0,750720740719.0,401853861871.53503,2026-05-22 06:00:00+00:00
1779433200,750717958790.0,752558034438.0,749937339103.0,752282342868.0,401853861871.53503,2026-05-22 07:00:00+00:00
1779436800,752274349637.0,753773863788.0,751688899111.0,752656469232.0,401853861871.53503,2026-05-22 08:00:00+00:00
1779440400,752653632010.0,753381521006.0,751533869509.0,751855416630.0,401853861871.53503,2026-05-22 09:00:00+00:00
1779444000,751857202388.0,752073423857.0,750890289175.0,751540131699.0,401853861871.53503,2026-05-22 10:00:00+00:00
1779447600,751522190373.0,753525648742.0,750904320240.0,753525648742.0,401853861871.53503,2026-05-22 11:00:00+00:00
1779451200,753516696370.0,755368579492.0,753238162530.0,755351701143.0,401853861871.53503,2026-05-22 12:00:00+00:00
1779454800,755397366454.0,755977627293.0,753658603835.0,754316574300.0,401853861871.53503,2026-05-22 13:00:00+00:00
1779458400,754372799009.0,754372799009.0,749541556394.0,749839837890.0,401853861871.53503,2026-05-22 14:00:00+00:00
1779462000,749830310084.0,751429177288.0,748592209569.0,749993308371.0,401853861871.53503,2026-05-22 15:00:00+00:00
1779465600,749985515774.0,750740171794.0,749446022368.0,750656913180.0,401853861871.53503,2026-05-22 16:00:00+00:00
1779469200,750660941084.0,751688823574.0,749423716159.0,749682457179.0,401853861871.53503,2026-05-22 17:00:00+00:00
1779472800,749678533466.0,749722157168.0,742235802224.0,745512217711.0,401853861871.53503,2026-05-22 18:00:00+00:00
1779476400,745509512787.0,746026477060.0,740284685781.0,742101700777.0,401853861871.53503,2026-05-22 19:00:00+00:00
1779480000,742102317319.0,743107798084.0,741378623328.0,743107798084.0,401853861871.53503,2026-05-22 20:00:00+00:00
1779483600,743100719144.0,744305216788.0,743083285853.0,743695035937.0,401853861871.53503,2026-05-22 21:00:00+00:00
1779487200,743696815603.0,743773969737.0,741683038620.0,742396965726.0,401853861871.53503,2026-05-22 22:00:00+00:00
1779490800,742399923292.0,743108637224.0,737871090656.0,739123667882.0,401853861871.53503,2026-05-22 23:00:00+00:00
1779494400,739128667273.0,739206076597.0,737285406603.0,739206076597.0,405929822560.38385,2026-05-23 00:00:00+00:00
1779498000,739201133097.0,740285200843.0,738504828581.0,739846696622.0,405929822560.38385,2026-05-23 01:00:00+00:00
1779501600,739855098253.0,740700217317.0,739545226175.0,740672970275.0,405929822560.38385,2026-05-23 02:00:00+00:00
1779505200,740653564183.0,741388775384.0,740540189523.0,741102576566.0,405929822560.38385,2026-05-23 03:00:00+00:00
1779508800,741103768788.0,741103768788.0,739375200886.0,739385009013.0,405929822560.38385,2026-05-23 04:00:00+00:00
1779512400,739386081461.0,739474931342.0,738023564012.0,738470145810.0,405929822560.38385,2026-05-23 05:00:00+00:00
1779516000,738470532843.0,738788683822.0,737638403930.0,737907079783.0,405929822560.38385,2026-05-23 06:00:00+00:00
1779519600,737911202037.0,738158801646.0,728917882061.0,731029935490.0,405929822560.38385,2026-05-23 07:00:00+00:00
1779523200,731026306179.0,732286565627.0,730359178046.0,732286565627.0,405929822560.38385,2026-05-23 08:00:00+00:00
1779526800,732285997767.0,732471539153.0,731701088934.0,731806939327.0,405929822560.38385,2026-05-23 09:00:00+00:00
1779530400,731809109023.0,733204025737.0,731809109023.0,732734662449.0,405929822560.38385,2026-05-23 10:00:00+00:00
1779534000,732737993571.0,733276760829.0,732518046454.0,732518046454.0,405929822560.38385,2026-05-23 11:00:00+00:00
1779537600,732513129073.0,733082650110.0,731892116173.0,733082650110.0,405929822560.38385,2026-05-23 12:00:00+00:00
1779541200,733086521792.0,735329894275.0,732984304663.0,733963105066.0,405929822560.38385,2026-05-23 13:00:00+00:00
1779544800,733971555754.0,737555479702.0,733501915349.0,737386051014.0,405929822560.38385,2026-05-23 14:00:00+00:00
1779548400,737389606436.0,738804040049.0,737214109432.0,737906512180.0,405929822560.38385,2026-05-23 15:00:00+00:00
1779552000,737911989941.0,738924905265.0,737348093577.0,738427660102.0,405929822560.38385,2026-05-23 16:00:00+00:00
1779555600,738421319293.0,739139414985.0,738008878736.0,738842208837.0,405929822560.38385,2026-05-23 17:00:00+00:00
1779559200,738844595026.0,743070117320.0,738844595026.0,741554729297.0,405929822560.38385,2026-05-23 18:00:00+00:00
1779562800,741555131599.0,742319757549.0,741051400379.0,742256729595.0,405929822560.38385,2026-05-23 19:00:00+00:00
1779566400,742253891335.0,750427869124.0,741743424797.0,750427869124.0,405929822560.38385,2026-05-23 20:00:00+00:00
1779570000,750443870454.0,751160896806.0,745376761209.0,746676262660.0,405929822560.38385,2026-05-23 21:00:00+00:00
1779573600,746677411073.0,747582455425.0,743803048776.0,745530841974.0,405929822560.38385,2026-05-23 22:00:00+00:00
1779577200,745534359640.0,746369756419.0,745326222947.0,745747933162.0,405929822560.38385,2026-05-23 23:00:00+00:00
1779580800,745750719007.0,746736208515.0,745097285484.0,746629744560.0,298337490519.3313,2026-05-24 00:00:00+00:00
1779584400,746642914220.0,747458699204.0,746642914220.0,746828726570.0,298337490519.3313,2026-05-24 01:00:00+00:00
1779588000,746832056809.0,748909525855.0,746320044361.0,748305077091.0,298337490519.3313,2026-05-24 02:00:00+00:00
1779591600,748301276328.0,748930929988.0,747278681492.0,748029059696.0,298337490519.3313,2026-05-24 03:00:00+00:00
1779595200,747866768948.0,748379153966.0,747663285379.0,747957400003.0,298337490519.3313,2026-05-24 04:00:00+00:00
1779598800,747960922111.0,747960922111.0,746441276468.0,747909260062.0,298337490519.3313,2026-05-24 05:00:00+00:00
1779602400,747911067941.0,749380888200.0,747229492501.0,749244825913.0,298337490519.3313,2026-05-24 06:00:00+00:00
1779606000,749246432454.0,749642285221.0,747949995217.0,748098642668.0,298337490519.3313,2026-05-24 07:00:00+00:00
1779609600,748108885839.0,749409280250.0,747621743150.0,749384369865.0,298337490519.3313,2026-05-24 08:00:00+00:00
1779613200,749380637775.0,750779361355.0,749193354884.0,750712745722.0,298337490519.3313,2026-05-24 09:00:00+00:00
1779616800,750712119860.0,751568904919.0,749701106868.0,750173124907.0,298337490519.3313,2026-05-24 10:00:00+00:00
1779620400,750173792796.0,751208618348.0,750173792796.0,750836306427.0,298337490519.3313,2026-05-24 11:00:00+00:00
1779624000,750844125209.0,750944820433.0,749159951784.0,750420699048.0,298337490519.3313,2026-05-24 12:00:00+00:00
1779627600,750427454887.0,750930862546.0,747809929689.0,748529950176.0,298337490519.3313,2026-05-24 13:00:00+00:00
1779631200,748544857938.0,749041838216.0,743267506812.0,746611912721.0,298337490519.3313,2026-05-24 14:00:00+00:00
1779634800,746607273746.0,747583717831.0,746396641623.0,747124924310.0,298337490519.3313,2026-05-24 15:00:00+00:00
1779638400,747131350237.0,748632771959.0,746725621877.0,748311346935.0,298337490519.3313,2026-05-24 16:00:00+00:00
1779642000,748310225320.0,748885059898.0,748037857341.0,748245161265.0,298337490519.3313,2026-05-24 17:00:00+00:00
1779645600,748248003294.0,748248003294.0,747109394229.0,747749864573.0,298337490519.3313,2026-05-24 18:00:00+00:00
1779649200,747750958820.0,748459515749.0,746935074780.0,747389166654.0,298337490519.3313,2026-05-24 19:00:00+00:00
1779652800,747403710580.0,747562499150.0,745817321711.0,745888778244.0,298337490519.3313,2026-05-24 20:00:00+00:00
1779656400,745890494442.0,746584392014.0,741460836465.0,741777208902.0,298337490519.3313,2026-05-24 21:00:00+00:00
1779660000,741779795072.0,746804392780.0,741764099825.0,745594351847.0,298337490519.3313,2026-05-24 22:00:00+00:00
1779663600,745600402024.0,746757074962.0,745509180457.0,745516250247.0,298337490519.3313,2026-05-24 23:00:00+00:00
1779667200,745525942787.0,746667768031.0,745515527664.0,745984501515.0,333401497822.70844,2026-05-25 00:00:00+00:00
1779670800,745990852072.0,746339408248.0,743633789875.0,743633789875.0,333401497822.70844,2026-05-25 01:00:00+00:00
1779674400,743628701499.0,746485807181.0,743627771614.0,744265889037.0,333401497822.70844,2026-05-25 02:00:00+00:00
1779678000,744267566440.0,744576790747.0,743540557234.0,744279408442.0,333401497822.70844,2026-05-25 03:00:00+00:00
1779681600,744274117669.0,747547065372.0,743995894886.0,747462117914.0,333401497822.70844,2026-05-25 04:00:00+00:00
1779685200,747466717523.0,748592077371.0,747325754719.0,748429291954.0,333401497822.70844,2026-05-25 05:00:00+00:00
1779688800,748431514889.0,749155891822.0,747078689059.0,748452066476.0,333401497822.70844,2026-05-25 06:00:00+00:00
1779692400,748451832411.0,749284774586.0,747411631578.0,749123318809.0,333401497822.70844,2026-05-25 07:00:00+00:00
1779696000,749136088967.0,749653188502.0,748732802666.0,749556364268.0,333401497822.70844,2026-05-25 08:00:00+00:00
1779699600,749555364553.0,750158244495.0,748809771278.0,749285156710.0,333401497822.70844,2026-05-25 09:00:00+00:00
1779703200,749284139696.0,750670581325.0,748658220125.0,749897637191.0,333401497822.70844,2026-05-25 10:00:00+00:00
1779706800,749893629212.0,749932726012.0,748808389718.0,748930979647.0,333401497822.70844,2026-05-25 11:00:00+00:00
1779710400,748931704040.0,750793167264.0,748562534453.0,750191100607.0,333401497822.70844,2026-05-25 12:00:00+00:00
1779714000,750184127060.0,753203118597.0,750184127060.0,753203118597.0,333401497822.70844,2026-05-25 13:00:00+00:00
1779717600,753192076079.0,754598850744.0,753192076079.0,754299425004.0,333401497822.70844,2026-05-25 14:00:00+00:00
1779721200,754296674837.0,755291956623.0,752998772104.0,753307844520.0,333401497822.70844,2026-05-25 15:00:00+00:00
1779724800,753303270299.0,755138218468.0,752847549150.0,754414393045.0,333401497822.70844,2026-05-25 16:00:00+00:00
1779728400,754424529203.0,754673395987.0,752677904823.0,752923970265.0,333401497822.70844,2026-05-25 17:00:00+00:00
1779732000,752889013018.0,753784954656.0,752341495390.0,752377458591.0,333401497822.70844,2026-05-25 18:00:00+00:00
1779735600,752370536530.0,752563050914.0,750958124991.0,751662638806.0,333401497822.70844,2026-05-25 19:00:00+00:00
1779739200,751655962490.0,752148017627.0,749720069429.0,750230179288.0,333401497822.70844,2026-05-25 20:00:00+00:00
1779742800,750233662380.0,751080561312.0,750222119085.0,750801387449.0,333401497822.70844,2026-05-25 21:00:00+00:00
1779746400,750804862956.0,751059991001.0,748432222484.0,748781284665.0,333401497822.70844,2026-05-25 22:00:00+00:00
1779750000,748768726857.0,750299244674.0,748102269126.0,748396266041.0,333401497822.70844,2026-05-25 23:00:00+00:00
1779753600,748396619267.0,748750282752.0,743549243441.0,745412619049.0,491885303503.09186,2026-05-26 00:00:00+00:00
1779757200,745411544349.0,745451144280.0,742931208466.0,743866502642.0,491885303503.09186,2026-05-26 01:00:00+00:00
1779760800,743867089438.0,744236994791.0,743228585291.0,743836264540.0,491885303503.09186,2026-05-26 02:00:00+00:00
1779764400,743848453498.0,744276188524.0,742693339862.0,744180454548.0,491885303503.09186,2026-05-26 03:00:00+00:00
1779768000,744175694046.0,746112213843.0,743910072280.0,745905543057.0,491885303503.09186,2026-05-26 04:00:00+00:00
1779771600,745907977670.0,747718923063.0,745487217115.0,746656159517.0,491885303503.09186,2026-05-26 05:00:00+00:00
1779775200,746660680226.0,747037306091.0,745506832875.0,746469537821.0,491885303503.09186,2026-05-26 06:00:00+00:00
1779778800,746469769499.0,746559895119.0,744131382785.0,744974021284.0,491885303503.09186,2026-05-26 07:00:00+00:00
1779782400,744965276897.0,745708342815.0,744635300794.0,745064245653.0,491885303503.09186,2026-05-26 08:00:00+00:00
1779786000,745070877024.0,745786880773.0,744361480268.0,744765354287.0,491885303503.09186,2026-05-26 09:00:00+00:00
1779789600,744770016017.0,750631283727.0,744275495963.0,750158234892.0,491885303503.09186,2026-05-26 10:00:00+00:00
1779793200,750160557602.0,750563555945.0,749001542413.0,749406473385.0,491885303503.09186,2026-05-26 11:00:00+00:00
1779796800,749405343753.0,750138693291.0,748189461786.0,750097103233.0,491885303503.09186,2026-05-26 12:00:00+00:00
1779800400,750095574153.0,751668695285.0,747957723412.0,750719586349.0,491885303503.09186,2026-05-26 13:00:00+00:00
1779804000,750740745753.0,753366405823.0,748460868188.0,749607203836.0,491885303503.09186,2026-05-26 14:00:00+00:00
1779807600,749592735533.0,749751734506.0,745407785792.0,747072320434.0,491885303503.09186,2026-05-26 15:00:00+00:00
1779811200,747066170705.0,747066170705.0,744895156123.0,745996406085.0,491885303503.09186,2026-05-26 16:00:00+00:00
1779814800,746005568938.0,746526758342.0,740946000751.0,742405008143.0,491885303503.09186,2026-05-26 17:00:00+00:00
1779818400,742405478463.0,744108147091.0,741266471798.0,741835911188.0,491885303503.09186,2026-05-26 18:00:00+00:00
1779822000,741848050986.0,743157966871.0,740728187426.0,742584519801.0,491885303503.09186,2026-05-26 19:00:00+00:00
1779825600,742596295153.0,743012705939.0,742108068602.0,742738214317.0,491885303503.09186,2026-05-26 20:00:00+00:00
1779829200,742743057005.0,742902850527.0,740894551719.0,741248995490.0,491885303503.09186,2026-05-26 21:00:00+00:00
1779832800,741249806957.0,742107175529.0,740906172359.0,741393975597.0,491885303503.09186,2026-05-26 22:00:00+00:00
1779836400,741393674612.0,742270383273.0,741392712363.0,741436936342.0,491885303503.09186,2026-05-26 23:00:00+00:00
1779840000,741442781342.0,743639785425.0,741283967360.0,743632310015.0,444418700255.4873,2026-05-27 00:00:00+00:00
1779843600,743630927271.0,743694576658.0,741902138153.0,742059091769.0,444418700255.4873,2026-05-27 01:00:00+00:00
1779847200,742059991586.0,743310441771.0,740443885104.0,743310441771.0,444418700255.4873,2026-05-27 02:00:00+00:00
1779850800,743381845534.0,743946096507.0,741812983932.0,742110506324.0,444418700255.4873,2026-05-27 03:00:00+00:00
1779854400,742105820917.0,742931476448.0,739871027345.0,742857718190.0,444418700255.4873,2026-05-27 04:00:00+00:00
1779858000,742853117318.0,743897288721.0,742504426544.0,743758257229.0,444418700255.4873,2026-05-27 05:00:00+00:00
1779861600,743757784025.0,744559837948.0,743083516064.0,744559837948.0,444418700255.4873,2026-05-27 06:00:00+00:00
1779865200,744554092849.0,744720852443.0,743732256714.0,744345113521.0,444418700255.4873,2026-05-27 07:00:00+00:00
1779868800,744357250069.0,745509002653.0,744117094888.0,744233225892.0,444418700255.4873,2026-05-27 08:00:00+00:00
1779872400,744229498066.0,744333982642.0,743191345478.0,743443556940.0,444418700255.4873,2026-05-27 09:00:00+00:00
1779876000,743438131343.0,744612907432.0,743336500237.0,744006864182.0,444418700255.4873,2026-05-27 10:00:00+00:00
1779879600,743985325586.0,744954863397.0,743687507482.0,743733660042.0,444418700255.4873,2026-05-27 11:00:00+00:00
1779883200,743752378401.0,747011183846.0,743008478776.0,744555943468.0,444418700255.4873,2026-05-27 12:00:00+00:00
1779886800,744556445683.0,744737844695.0,738660389932.0,740544180152.0,444418700255.4873,2026-05-27 13:00:00+00:00
1779890400,740544584233.0,741805111941.0,739004485326.0,741421605860.0,444418700255.4873,2026-05-27 14:00:00+00:00
1779894000,741406770646.0,744948594662.0,741309892170.0,743725509761.0,444418700255.4873,2026-05-27 15:00:00+00:00
1779897600,743741813790.0,744511676453.0,740882163444.0,742159640918.0,444418700255.4873,2026-05-27 16:00:00+00:00
1779901200,742156835187.0,742156835187.0,737729298050.0,738409883566.0,444418700255.4873,2026-05-27 17:00:00+00:00
1779904800,738404309666.0,740504670685.0,737430875264.0,740504670685.0,444418700255.4873,2026-05-27 18:00:00+00:00
1779908400,740495173117.0,741718387006.0,740495173117.0,741028614021.0,444418700255.4873,2026-05-27 19:00:00+00:00
1779912000,741039089852.0,741961806640.0,740273134272.0,741360643415.0,444418700255.4873,2026-05-27 20:00:00+00:00
1779915600,741363656367.0,741368820962.0,734884032452.0,736022438627.0,444418700255.4873,2026-05-27 21:00:00+00:00
1779919200,736034399998.0,737486723742.0,734507191408.0,734507191408.0,444418700255.4873,2026-05-27 22:00:00+00:00
1779922800,734509244563.0,736191273849.0,733266188757.0,735855432464.0,444418700255.4873,2026-05-27 23:00:00+00:00
1779926400,735852180307.0,736576948147.0,735406072781.0,736419283784.0,519962755033.6774,2026-05-28 00:00:00+00:00
1779930000,736410261973.0,736569986593.0,733451537611.0,734757616790.0,519962755033.6774,2026-05-28 01:00:00+00:00
1779933600,734781323595.0,735182460129.0,733773751625.0,734488230034.0,519962755033.6774,2026-05-28 02:00:00+00:00
1779937200,734491729682.0,734790607572.0,727221853415.0,727855674856.0,519962755033.6774,2026-05-28 03:00:00+00:00
1779940800,727844215113.0,728136672892.0,724790430223.0,728126514216.0,519962755033.6774,2026-05-28 04:00:00+00:00
1779944400,728129075083.0,728129075083.0,725381979433.0,726327431134.0,519962755033.6774,2026-05-28 05:00:00+00:00
1779948000,726326379553.0,726768991472.0,724823547346.0,726677661118.0,519962755033.6774,2026-05-28 06:00:00+00:00
1779951600,726671290647.0,728430672418.0,726404693555.0,728284646488.0,519962755033.6774,2026-05-28 07:00:00+00:00
1779955200,728293206054.0,728350206804.0,726408601008.0,726713037598.0,519962755033.6774,2026-05-28 08:00:00+00:00
1779958800,726721338476.0,727602930173.0,725937838777.0,727602848704.0,519962755033.6774,2026-05-28 09:00:00+00:00
1779962400,727613054292.0,727991893984.0,725036383097.0,725036383097.0,519962755033.6774,2026-05-28 10:00:00+00:00
1779966000,725035533898.0,725634583043.0,724037829385.0,724722146746.0,519962755033.6774,2026-05-28 11:00:00+00:00
1779969600,724718336635.0,726267811369.0,723449263810.0,726237651217.0,519962755033.6774,2026-05-28 12:00:00+00:00
1779973200,726232339461.0,727042708044.0,723974326777.0,724852538754.0,508723953387.7897,2026-05-28 13:00:00+00:00
1779976800,724849897343.0,728402924613.0,722283191243.0,726494260731.0,504977686172.4938,2026-05-28 14:00:00+00:00
1779980400,726496276532.0,728238543182.0,724360559128.0,727332519416.0,504977686172.4938,2026-05-28 15:00:00+00:00
1779984000,727305638963.0,731880470235.0,726253870809.0,731669635834.0,504977686172.4938,2026-05-28 16:00:00+00:00
1779987600,731670803548.0,733897295944.0,730850102686.0,733069101505.0,504977686172.4938,2026-05-28 17:00:00+00:00
1779991200,733064954785.0,735915043867.0,732988018965.0,734968390223.0,504977686172.4938,2026-05-28 18:00:00+00:00
1779994800,734980130266.0,734992096644.0,731730990862.0,731769780692.0,504977686172.4938,2026-05-28 19:00:00+00:00
1779998400,731771099769.0,734138286635.0,730245001903.0,733038623390.0,504977686172.4938,2026-05-28 20:00:00+00:00
1780002000,733039184068.0,734661589505.0,732548542536.0,734074167103.0,504977686172.4938,2026-05-28 21:00:00+00:00
1780005600,734081856833.0,734603516718.0,731056888356.0,731746872638.0,504977686172.4938,2026-05-28 22:00:00+00:00
1780009200,731737592421.0,732867616818.0,729997886520.0,730475916725.0,509185852286.0403,2026-05-28 23:00:00+00:00
1780012800,730471708594.0,732006156818.0,730471708594.0,731371625895.0,407836479563.1572,2026-05-29 00:00:00+00:00
1780016400,731371829786.0,732249875834.0,729801558511.0,730420447104.0,407836479563.1572,2026-05-29 01:00:00+00:00
1780020000,730415437955.0,730835160564.0,727815761934.0,727815761934.0,414175533334.3695,2026-05-29 02:00:00+00:00
1780023600,727817207170.0,730048221873.0,727814930935.0,728846148047.0,416288551258.1069,2026-05-29 03:00:00+00:00
1780027200,728852431449.0,729723235654.0,727210699644.0,729686879531.0,416288551258.1069,2026-05-29 04:00:00+00:00
1780030800,729687465694.0,730974868187.0,729571003447.0,730974868187.0,416288551258.1069,2026-05-29 05:00:00+00:00
1780034400,730972888110.0,732525496203.0,730917038104.0,731943344133.0,416288551258.1069,2026-05-29 06:00:00+00:00
1780038000,731941122759.0,733032985462.0,730158524749.0,731519737801.0,416288551258.1069,2026-05-29 07:00:00+00:00
1780041600,731527117936.0,732580083023.0,731229162900.0,731513724969.0,416288551258.1069,2026-05-29 08:00:00+00:00
1780045200,731514986148.0,733198125339.0,731508522440.0,732569970907.0,416288551258.1069,2026-05-29 09:00:00+00:00
1780048800,732564271038.0,732564271038.0,730928859096.0,731144681510.0,416288551258.1069,2026-05-29 10:00:00+00:00
1780052400,731131871608.0,731131871608.0,727944889228.0,728938660894.0,416288551258.1069,2026-05-29 11:00:00+00:00
1780056000,728938952632.0,728951550554.0,726602400541.0,727421790981.0,416288551258.1069,2026-05-29 12:00:00+00:00
1780059600,727420107583.0,728473554100.0,726006936457.0,727827654711.0,449465038331.0355,2026-05-29 13:00:00+00:00
1780063200,727834105812.0,728658869850.0,724257206129.0,728025238638.0,460523867355.3451,2026-05-29 14:00:00+00:00
1780066800,728030092672.0,736288451343.0,727526436554.0,733922656618.0,460523867355.3451,2026-05-29 15:00:00+00:00
1780070400,733932019211.0,735629340466.0,731877093117.0,735213299693.0,460523867355.3451,2026-05-29 16:00:00+00:00
1780074000,735217085770.0,736437293265.0,734123619877.0,734486973932.0,460523867355.3451,2026-05-29 17:00:00+00:00
1780077600,734488351975.0,735280189661.0,731066086983.0,731496767430.0,460523867355.3451,2026-05-29 18:00:00+00:00
1780081200,731508017705.0,733932172953.0,729969250952.0,733131627463.0,460523867355.3451,2026-05-29 19:00:00+00:00
1780084800,733131083768.0,734094937671.0,732725381952.0,733419824720.0,460523867355.3451,2026-05-29 20:00:00+00:00
1780088400,733436094505.0,734811262331.0,731524329084.0,731524329084.0,460523867355.3451,2026-05-29 21:00:00+00:00
1780092000,731538549399.0,733533275491.0,731439211690.0,733533275491.0,460523867355.3451,2026-05-29 22:00:00+00:00
1780095600,733532318362.0,734721485540.0,733383619635.0,734531911768.0,454261242622.94025,2026-05-29 23:00:00+00:00
1780099200,734536873197.0,738016597588.0,734197663112.0,738016597588.0,232352155725.46048,2026-05-30 00:00:00+00:00
1780102800,738010055784.0,741397655567.0,737475341562.0,741397655567.0,232352155725.46048,2026-05-30 01:00:00+00:00
1780106400,741395327073.0,742531572901.0,740441985472.0,741942459620.0,233912968164.61816,2026-05-30 02:00:00+00:00
1780110000,741942354877.0,742104458395.0,739843277454.0,739887588075.0,234433238977.67072,2026-05-30 03:00:00+00:00
1780113600,739885533537.0,740405925638.0,735539486709.0,737011872299.0,234433238977.67072,2026-05-30 04:00:00+00:00
1780117200,737004899285.0,739431728726.0,736486612797.0,739431728726.0,234433238977.67072,2026-05-30 05:00:00+00:00
1780120800,739437006088.0,739560892839.0,738786048189.0,739130940811.0,234433238977.67072,2026-05-30 06:00:00+00:00
1780124400,739116486902.0,739927556622.0,738421896247.0,739234190463.0,234433238977.67072,2026-05-30 07:00:00+00:00
1780128000,739238952700.0,739238952700.0,738445155828.0,738759761418.0,234433238977.67072,2026-05-30 08:00:00+00:00
1780131600,738765813550.0,739817395063.0,738336700477.0,739504373158.0,234433238977.67072,2026-05-30 09:00:00+00:00
1780135200,739506171549.0,739992350572.0,739280164051.0,739924579613.0,234433238977.67072,2026-05-30 10:00:00+00:00
1780138800,739923751018.0,740427520767.0,738660946442.0,740215694553.0,234433238977.67072,2026-05-30 11:00:00+00:00
1780142400,740219274560.0,740351541186.0,739579390034.0,740194997173.0,234433238977.67072,2026-05-30 12:00:00+00:00
1780146000,740191699427.0,740628618104.0,739293892660.0,740628618104.0,248610652459.5045,2026-05-30 13:00:00+00:00
1780149600,740630138220.0,742951846287.0,740504067490.0,742951846287.0,253336456953.4491,2026-05-30 14:00:00+00:00
1780153200,742953630360.0,744072903362.0,742656909959.0,743940589996.0,253336456953.4491,2026-05-30 15:00:00+00:00
1780156800,743956816783.0,746756386706.0,743830799544.0,746756386706.0,253336456953.4491,2026-05-30 16:00:00+00:00
1780160400,746757941962.0,748254554071.0,745233061922.0,747986080414.0,253336456953.4491,2026-05-30 17:00:00+00:00
1780164000,747987578858.0,748813765171.0,747016225626.0,748813765171.0,253336456953.4491,2026-05-30 18:00:00+00:00
1780167600,748813989018.0,749140524094.0,747102483919.0,748611387049.0,253336456953.4491,2026-05-30 19:00:00+00:00
1780171200,748610453162.0,749114901347.0,748232700987.0,748500343367.0,253336456953.4491,2026-05-30 20:00:00+00:00
1780174800,748499953768.0,749856516508.0,748315094177.0,748315094177.0,253336456953.4491,2026-05-30 21:00:00+00:00
1780178400,748325684857.0,748329363391.0,744416832923.0,745717808091.0,253336456953.4491,2026-05-30 22:00:00+00:00
1780182000,745721284173.0,746634246439.0,745408198107.0,746431599445.0,286636430851.17035,2026-05-30 23:00:00+00:00
1780185600,746458565168.0,747974188491.0,746344364578.0,747699331811.0,291618502662.59515,2026-05-31 00:00:00+00:00
1780189200,747692959213.0,749551916621.0,747642040038.0,748993883698.0,291618502662.59515,2026-05-31 01:00:00+00:00
1780192800,748992982774.0,751582399873.0,748893878282.0,750832182907.0,292122672129.98627,2026-05-31 02:00:00+00:00
1780196400,750834701257.0,751874890803.0,750161919647.0,751468777899.0,292290728619.11664,2026-05-31 03:00:00+00:00
1780200000,751463498490.0,752213008356.0,750864386026.0,751542003329.0,292290728619.11664,2026-05-31 04:00:00+00:00
1780203600,751545622138.0,752351863180.0,751085954872.0,751459150926.0,292290728619.11664,2026-05-31 05:00:00+00:00
1780207200,751461912948.0,751468183171.0,750482670773.0,750778554790.0,292290728619.11664,2026-05-31 06:00:00+00:00
1780210800,750761166832.0,750763916367.0,746683330381.0,747316231890.0,292290728619.11664,2026-05-31 07:00:00+00:00
1780214400,747321698449.0,748929119405.0,747321698449.0,748424326430.0,292290728619.11664,2026-05-31 08:00:00+00:00
1780218000,748428175658.0,750367939417.0,747925100053.0,748272236669.0,292290728619.11664,2026-05-31 09:00:00+00:00
1780221600,748277517056.0,748907897706.0,747442289909.0,748293168283.0,292290728619.11664,2026-05-31 10:00:00+00:00
1780225200,748290897591.0,749544353749.0,748284618265.0,749479952983.0,292290728619.11664,2026-05-31 11:00:00+00:00
1780228800,749473145414.0,750416318987.0,748489438098.0,749875498598.0,292290728619.11664,2026-05-31 12:00:00+00:00
1780232400,749876522852.0,753400257856.0,749670968184.0,751438348442.0,299245054906.1824,2026-05-31 13:00:00+00:00
1780236000,751438084317.0,751617607254.0,747285098107.0,747443031613.0,301563163668.5376,2026-05-31 14:00:00+00:00
1780239600,747442856306.0,749512585746.0,747355713347.0,747482509378.0,301563163668.5376,2026-05-31 15:00:00+00:00
1780243200,747492779841.0,747999896613.0,743512794214.0,744245412117.0,301563163668.5376,2026-05-31 16:00:00+00:00
1780246800,744250966993.0,746904285224.0,744250966993.0,746384122590.0,301563163668.5376,2026-05-31 17:00:00+00:00
1780250400,746404509334.0,746435757012.0,744909766904.0,745425176785.0,301563163668.5376,2026-05-31 18:00:00+00:00
1780254000,745427646842.0,745615762902.0,743577066052.0,745082142567.0,301563163668.5376,2026-05-31 19:00:00+00:00
1780257600,745081843158.0,747163945197.0,745075560169.0,747148975660.0,301563163668.5376,2026-05-31 20:00:00+00:00
1780261200,747154088311.0,749208462084.0,746787365708.0,749125901239.0,301563163668.5376,2026-05-31 21:00:00+00:00
1780264800,749123441779.0,751227811923.0,747743398148.0,750798573181.0,301563163668.5376,2026-05-31 22:00:00+00:00
1780268400,750799814274.0,752095124684.0,747801023645.0,750018809434.0,298597190453.41254,2026-05-31 23:00:00+00:00
1780272000,750022326450.0,753039250412.0,749951253208.0,752157049700.0,705965125293.0239,2026-06-01 00:00:00+00:00
1780275600,752149667866.0,752271985709.0,745810581661.0,745810581661.0,705965125293.0239,2026-06-01 01:00:00+00:00
1780279200,745811109735.0,750208956041.0,745342604947.0,749232368971.0,699994142304.8687,2026-06-01 02:00:00+00:00
1780282800,749231273594.0,750513905919.0,748620250275.0,748945307336.0,698003814642.1501,2026-06-01 03:00:00+00:00
1780286400,748943675215.0,749953751918.0,744555027794.0,746406114782.0,698003814642.1501,2026-06-01 04:00:00+00:00
1780290000,746401442479.0,746529439354.0,744210005880.0,744849373268.0,698003814642.1501,2026-06-01 05:00:00+00:00
1780293600,744851291435.0,745113581812.0,742346064383.0,743749739334.0,698003814642.1501,2026-06-01 06:00:00+00:00
1780297200,743748260830.0,744265714093.0,739773424707.0,739773424707.0,698003814642.1501,2026-06-01 07:00:00+00:00
1780300800,739774669597.0,741117789383.0,738981242970.0,740631241038.0,698003814642.1501,2026-06-01 08:00:00+00:00
1780304400,740633105922.0,747155422331.0,740633105922.0,744130062994.0,698003814642.1501,2026-06-01 09:00:00+00:00
1780308000,744143509333.0,744586378393.0,742242783886.0,743559951967.0,698003814642.1501,2026-06-01 10:00:00+00:00
1780311600,743564980549.0,744779580365.0,741136182295.0,741786315996.0,698003814642.1501,2026-06-01 11:00:00+00:00
1780315200,741805263724.0,742992508899.0,739642353957.0,741912918254.0,698003814642.1501,2026-06-01 12:00:00+00:00
1780318800,741914115303.0,742060519101.0,737454537093.0,739431102913.0,656807925358.8348,2026-06-01 13:00:00+00:00
1780322400,739448368554.0,739955376718.0,736050709468.0,736613623389.0,643075962264.3964,2026-06-01 14:00:00+00:00
1780326000,736615830566.0,739061103644.0,735315379755.0,736375620612.0,643075962264.3964,2026-06-01 15:00:00+00:00
1780329600,736371140991.0,741268374827.0,735190675344.0,741268374827.0,643075962264.3964,2026-06-01 16:00:00+00:00
1780333200,741266181695.0,744196318812.0,740857838541.0,743687462605.0,643075962264.3964,2026-06-01 17:00:00+00:00
1780336800,743673727693.0,745324550654.0,742338380226.0,743620594135.0,643075962264.3964,2026-06-01 18:00:00+00:00
1780340400,743619144395.0,745453246313.0,743297417079.0,745376692501.0,643075962264.3964,2026-06-01 19:00:00+00:00
1780344000,745387717319.0,745950336139.0,744244181895.0,744620076757.0,643075962264.3964,2026-06-01 20:00:00+00:00
1780347600,744625127811.0,744625127811.0,741474965557.0,741703183588.0,643075962264.3964,2026-06-01 21:00:00+00:00
1780351200,741700226568.0,744281258144.0,740556880058.0,744270462753.0,643075962264.3964,2026-06-01 22:00:00+00:00
1780354800,744273565144.0,745081838123.0,742349027593.0,743479927664.0,601584772144.0406,2026-06-01 23:00:00+00:00
1780358400,743474178205.0,743509851101.0,741610202400.0,741610202400.0,681943279098.4261,2026-06-02 00:00:00+00:00
1780362000,741625084784.0,741767417538.0,738047065464.0,738047065464.0,681943279098.4261,2026-06-02 01:00:00+00:00
1780365600,738034216989.0,741692010958.0,735884824034.0,741690352412.0,681056110192.5992,2026-06-02 02:00:00+00:00
1780369200,741745311127.0,743726879815.0,741521121821.0,743199614806.0,680760387223.9904,2026-06-02 03:00:00+00:00
1780372800,743200991493.0,743588770668.0,740413352993.0,740444252703.0,680760387223.9904,2026-06-02 04:00:00+00:00
1780376400,740444110158.0,740642283624.0,737213060581.0,737235852618.0,680760387223.9904,2026-06-02 05:00:00+00:00
1780380000,737244332717.0,737968131001.0,736189129471.0,736641158786.0,680760387223.9904,2026-06-02 06:00:00+00:00
1780383600,736652910292.0,738285595246.0,734859041646.0,736648102516.0,680760387223.9904,2026-06-02 07:00:00+00:00
1780387200,736649549288.0,737065715570.0,735755988349.0,736084512530.0,680760387223.9904,2026-06-02 08:00:00+00:00
1780390800,736082987026.0,736225665180.0,733280169238.0,733874107729.0,680760387223.9904,2026-06-02 09:00:00+00:00
1780394400,733875788404.0,736478323614.0,733022527127.0,736478323614.0,680760387223.9904,2026-06-02 10:00:00+00:00
1780398000,736458596415.0,736458596415.0,734651039175.0,734861060676.0,680760387223.9904,2026-06-02 11:00:00+00:00
1780401600,734846162058.0,735977234574.0,734053046258.0,735334451890.0,680760387223.9904,2026-06-02 12:00:00+00:00
1780405200,735284936724.0,736142568862.0,734528174964.0,734594011662.0,677567790395.354,2026-06-02 13:00:00+00:00
1780408800,734590737317.0,734627742769.0,726298009036.0,728718741941.0,676503591452.4752,2026-06-02 14:00:00+00:00
1780412400,728720587364.0,728720587364.0,720973302972.0,723810821183.0,676503591452.4752,2026-06-02 15:00:00+00:00
1780416000,723808034839.0,729925296309.0,722620741497.0,726421197944.0,676503591452.4752,2026-06-02 16:00:00+00:00
1780419600,726429105630.0,729446255253.0,726405007042.0,728295955943.0,676503591452.4752,2026-06-02 17:00:00+00:00
1780423200,728293185516.0,728447125856.0,722645114991.0,723546641742.0,676503591452.4752,2026-06-02 18:00:00+00:00
1780426800,723549382142.0,724582272639.0,717734756556.0,722792586431.0,676503591452.4752,2026-06-02 19:00:00+00:00
1780430400,722818966548.0,724403427032.0,720133799915.0,723795951180.0,676503591452.4752,2026-06-02 20:00:00+00:00
1780434000,723794070038.0,726007139683.0,722564648070.0,723726316634.0,676503591452.4752,2026-06-02 21:00:00+00:00
1780437600,723726062168.0,723728828477.0,715219592898.0,715659832390.0,676503591452.4752,2026-06-02 22:00:00+00:00
1780441200,715733136180.0,717606319602.0,713174715884.0,716835133160.0,648085039194.6777,2026-06-02 23:00:00+00:00
1780444800,716839210461.0,721381446692.0,716839210461.0,720220020802.0,608625366270.1428,2026-06-03 00:00:00+00:00
1780448400,720224764880.0,720948555437.0,717186496549.0,719482417993.0,608625366270.1428,2026-06-03 01:00:00+00:00
1780452000,719475326257.0,719475326257.0,717209862060.0,717948734745.0,597917393879.6055,2026-06-03 02:00:00+00:00
1780455600,717947185526.0,718516133124.0,709485908498.0,711168219078.0,594348069749.4263,2026-06-03 03:00:00+00:00
1780459200,711171684006.0,716798101230.0,711154113869.0,716798101230.0,594348069749.4263,2026-06-03 04:00:00+00:00
1780462800,716800929558.0,721584285642.0,716800929558.0,721290104463.0,594348069749.4263,2026-06-03 05:00:00+00:00
1780466400,721285838533.0,723343453671.0,720846653509.0,721240976447.0,594348069749.4263,2026-06-03 06:00:00+00:00
1780470000,721253739242.0,723927698075.0,720866663503.0,723109447752.0,594348069749.4263,2026-06-03 07:00:00+00:00
1780473600,723092389275.0,723576701239.0,721510498026.0,722745875884.0,594348069749.4263,2026-06-03 08:00:00+00:00
1780477200,722741660794.0,723143644244.0,719807242468.0,721004184287.0,594348069749.4263,2026-06-03 09:00:00+00:00
1780480800,721013450934.0,723334080774.0,720972782013.0,722999676670.0,594348069749.4263,2026-06-03 10:00:00+00:00
1780484400,723010753488.0,724245424488.0,720718410576.0,721300493753.0,594348069749.4263,2026-06-03 11:00:00+00:00
1780488000,721269944559.0,722201722564.0,720109407611.0,721901811285.0,594348069749.4263,2026-06-03 12:00:00+00:00
1780491600,721921352924.0,724780004564.0,721272057442.0,723053181740.0,584310183917.1794,2026-06-03 13:00:00+00:00
1780495200,723056159732.0,723535357662.0,720136174263.0,723535357662.0,580964221973.0972,2026-06-03 14:00:00+00:00
1780498800,723556737434.0,723789340166.0,719885602979.0,719905469114.0,580964221973.0972,2026-06-03 15:00:00+00:00
1780502400,719921741992.0,720287604296.0,714186411037.0,718118110450.0,580964221973.0972,2026-06-03 16:00:00+00:00
1780506000,718128307561.0,719667685027.0,715881433584.0,718062333875.0,580964221973.0972,2026-06-03 17:00:00+00:00
1780509600,718075599249.0,718793992117.0,715662871979.0,718777022532.0,580964221973.0972,2026-06-03 18:00:00+00:00
1780513200,718793488874.0,719001180944.0,713433504099.0,714170225494.0,580964221973.0972,2026-06-03 19:00:00+00:00
1780516800,714171839670.0,715968595790.0,709665153594.0,710963932624.0,580964221973.0972,2026-06-03 20:00:00+00:00
1780520400,710951565478.0,719154127054.0,710455276750.0,719154127054.0,580964221973.0972,2026-06-03 21:00:00+00:00
1780524000,719160008124.0,719908653272.0,715368038732.0,716206896480.0,580964221973.0972,2026-06-03 22:00:00+00:00
1780527600,716210264417.0,716344542337.0,713321900869.0,713321900869.0,604817218678.6826,2026-06-03 23:00:00+00:00
1780531200,713316847832.0,715603268097.0,708647002046.0,710408438290.0,854584662757.933,2026-06-04 00:00:00+00:00
1780534800,710383121413.0,710865519653.0,700076183738.0,700339364155.0,854584662757.933,2026-06-04 01:00:00+00:00
1780538400,700341929350.0,703509681321.0,691664618551.0,702481043796.0,836648019748.2588,2026-06-04 02:00:00+00:00
1780542000,702490546053.0,710362060220.0,702478863423.0,709756266928.0,830669138745.034,2026-06-04 03:00:00+00:00
1780545600,709753482445.0,710965134682.0,706695242827.0,706750827145.0,830669138745.034,2026-06-04 04:00:00+00:00
1780549200,706764864946.0,706768715521.0,701397578633.0,702818008105.0,830669138745.034,2026-06-04 05:00:00+00:00
1780552800,702810057632.0,706853207282.0,702522538363.0,702600029078.0,830669138745.034,2026-06-04 06:00:00+00:00
1780556400,702604622236.0,702855304509.0,697338830670.0,697349864671.0,830669138745.034,2026-06-04 07:00:00+00:00
1780560000,697350984465.0,698896405057.0,694812763148.0,697210426004.0,830669138745.034,2026-06-04 08:00:00+00:00
1780563600,697205912459.0,697252310302.0,689602293404.0,693780841249.0,830669138745.034,2026-06-04 09:00:00+00:00
1780567200,693788781508.0,693788781508.0,688210885207.0,689330599890.0,830669138745.034,2026-06-04 10:00:00+00:00
1780570800,689298145301.0,692414443348.0,687852479188.0,692414443348.0,830669138745.034,2026-06-04 11:00:00+00:00
1780574400,692417769988.0,698856539335.0,690705694123.0,698574582803.0,830669138745.034,2026-06-04 12:00:00+00:00
1780578000,698578806884.0,699182719785.0,692955744784.0,698249271083.0,777927913691.5149,2026-06-04 13:00:00+00:00
1780581600,698281075234.0,699444775551.0,696193703919.0,697571331823.0,760347505340.342,2026-06-04 14:00:00+00:00
1780585200,697554594990.0,701017134549.0,696990751307.0,698602122357.0,760347505340.342,2026-06-04 15:00:00+00:00
1780588800,698599821174.0,699321694878.0,696804795056.0,698332120961.0,760347505340.342,2026-06-04 16:00:00+00:00
1780592400,698326117214.0,699426148514.0,694162304055.0,696833383930.0,760347505340.342,2026-06-04 17:00:00+00:00
1780596000,696827234436.0,699604075920.0,694636410881.0,699030351833.0,760347505340.342,2026-06-04 18:00:00+00:00
1780599600,698907241671.0,700098494724.0,696797287214.0,697728231883.0,760347505340.342,2026-06-04 19:00:00+00:00
1780603200,697309914903.0,697443675551.0,694895642097.0,696612936141.0,760347505340.342,2026-06-04 20:00:00+00:00
1780606800,696623958303.0,697834883310.0,690024695053.0,690442179389.0,760347505340.342,2026-06-04 21:00:00+00:00
1780610400,690330868533.0,692613448483.0,688706825544.0,692494596750.0,760347505340.342,2026-06-04 22:00:00+00:00
1780614000,692388846666.0,693863030185.0,689745158995.0,692630529634.0,738321795003.0106,2026-06-04 23:00:00+00:00
1780617600,692628937553.0,693916888613.0,689321768726.0,689321768726.0,716296084665.6792,2026-06-05 00:00:00+00:00
1780621200,689464349636.0,690752287822.0,686347905030.0,690140109728.0,716296084665.6792,2026-06-05 01:00:00+00:00
1780624800,689762206943.0,689929486547.0,683816899208.0,684249069384.0,674870224733.2587,2026-06-05 02:00:00+00:00
1780628400,684048341748.0,685895395219.0,682141265650.0,682528816286.0,661061604755.7852,2026-06-05 03:00:00+00:00
1780632000,682636927035.0,687595338879.0,681882082232.0,687114823338.0,661061604755.7852,2026-06-05 04:00:00+00:00
1780635600,687424193321.0,687855741357.0,678227520092.0,678652142697.0,661061604755.7852,2026-06-05 05:00:00+00:00
1780639200,678399448664.0,678801199305.0,667716294687.0,673011395229.0,661061604755.7852,2026-06-05 06:00:00+00:00
1780642800,673035443315.0,678666925391.0,667186690219.0,678666925391.0,661061604755.7852,2026-06-05 07:00:00+00:00
1780646400,678992353281.0,679029707508.0,673416570774.0,674153552474.0,661061604755.7852,2026-06-05 08:00:00+00:00
1780650000,674265384092.0,680637690785.0,674265384092.0,680637690785.0,661061604755.7852,2026-06-05 09:00:00+00:00
1780653600,680630556691.0,681292732652.0,677731078471.0,678381554609.0,661061604755.7852,2026-06-05 10:00:00+00:00
1780657200,678381993454.0,678990203629.0,675076177897.0,675207007838.0,661061604755.7852,2026-06-05 11:00:00+00:00
1780660800,675138086447.0,677206070358.0,672902494144.0,674759927589.0,330530802377.8926,2026-06-05 12:00:00+00:00
